line_id,bias_code,elo,model,rank,move_uci,move_san,policy_probability,topk_policy_mass,normalized_response_entropy_topk,wdl_win_permille,wdl_draw_permille,wdl_loss_permille,fen,status,device,amp_mode,torch_version,torch_cuda_version,gpu_name,elapsed_seconds,peak_vram_bytes,legal_policy_mass
ORD-01,B1,1100,maia3-79m,1,f1e2,Be2,0.2540830373764038,0.9924696809612215,0.8341761723183707,542,25,433,r2qkbnr/pp2pppp/2n5/2pp4/3P1Bb1/4PN2/PPP2PPP/RN1QKB1R w KQkq -,MODEL_PREDICTION_NOT_EMPIRICAL,cuda,on,2.11.0+cu128,12.8,NVIDIA GeForce RTX 3090,7.55442660022527,632516608,0.9924696809612215
ORD-01,B1,1100,maia3-79m,2,c2c3,c3,0.19481222331523895,0.9924696809612215,0.8341761723183707,531,25,444,r2qkbnr/pp2pppp/2n5/2pp4/3P1Bb1/4PN2/PPP2PPP/RN1QKB1R w KQkq -,MODEL_PREDICTION_NOT_EMPIRICAL,cuda,on,2.11.0+cu128,12.8,NVIDIA GeForce RTX 3090,7.55442660022527,632516608,0.9924696809612215
ORD-01,B1,1100,maia3-79m,3,b1d2,Nbd2,0.18300914764404297,0.9924696809612215,0.8341761723183707,515,24,461,r2qkbnr/pp2pppp/2n5/2pp4/3P1Bb1/4PN2/PPP2PPP/RN1QKB1R w KQkq -,MODEL_PREDICTION_NOT_EMPIRICAL,cuda,on,2.11.0+cu128,12.8,NVIDIA GeForce RTX 3090,7.55442660022527,632516608,0.9924696809612215
ORD-01,B1,1100,maia3-79m,4,h2h3,h3,0.14252765476703644,0.9924696809612215,0.8341761723183707,506,26,468,r2qkbnr/pp2pppp/2n5/2pp4/3P1Bb1/4PN2/PPP2PPP/RN1QKB1R w KQkq -,MODEL_PREDICTION_NOT_EMPIRICAL,cuda,on,2.11.0+cu128,12.8,NVIDIA GeForce RTX 3090,7.55442660022527,632516608,0.9924696809612215
ORD-01,B1,1100,maia3-79m,5,f1b5,Bb5,0.07394237071275711,0.9924696809612215,0.8341761723183707,528,22,450,r2qkbnr/pp2pppp/2n5/2pp4/3P1Bb1/4PN2/PPP2PPP/RN1QKB1R w KQkq -,MODEL_PREDICTION_NOT_EMPIRICAL,cuda,on,2.11.0+cu128,12.8,NVIDIA GeForce RTX 3090,7.55442660022527,632516608,0.9924696809612215
ORD-01,B1,1100,maia3-79m,6,f1d3,Bd3,0.05081980302929878,0.9924696809612215,0.8341761723183707,501,23,476,r2qkbnr/pp2pppp/2n5/2pp4/3P1Bb1/4PN2/PPP2PPP/RN1QKB1R w KQkq -,MODEL_PREDICTION_NOT_EMPIRICAL,cuda,on,2.11.0+cu128,12.8,NVIDIA GeForce RTX 3090,7.55442660022527,632516608,0.9924696809612215
ORD-01,B1,1100,maia3-79m,7,c2c4,c4,0.05081980302929878,0.9924696809612215,0.8341761723183707,513,23,464,r2qkbnr/pp2pppp/2n5/2pp4/3P1Bb1/4PN2/PPP2PPP/RN1QKB1R w KQkq -,MODEL_PREDICTION_NOT_EMPIRICAL,cuda,on,2.11.0+cu128,12.8,NVIDIA GeForce RTX 3090,7.55442660022527,632516608,0.9924696809612215
ORD-01,B1,1100,maia3-79m,8,d4c5,dxc5,0.022551149129867554,0.9924696809612215,0.8341761723183707,447,21,532,r2qkbnr/pp2pppp/2n5/2pp4/3P1Bb1/4PN2/PPP2PPP/RN1QKB1R w KQkq -,MODEL_PREDICTION_NOT_EMPIRICAL,cuda,on,2.11.0+cu128,12.8,NVIDIA GeForce RTX 3090,7.55442660022527,632516608,0.9924696809612215
ORD-01,B1,1100,maia3-79m,9,b1c3,Nc3,0.017839428037405014,0.9924696809612215,0.8341761723183707,517,24,459,r2qkbnr/pp2pppp/2n5/2pp4/3P1Bb1/4PN2/PPP2PPP/RN1QKB1R w KQkq -,MODEL_PREDICTION_NOT_EMPIRICAL,cuda,on,2.11.0+cu128,12.8,NVIDIA GeForce RTX 3090,7.55442660022527,632516608,0.9924696809612215
ORD-01,B1,1100,maia3-79m,10,b2b3,b3,0.0020650639198720455,0.9924696809612215,0.8341761723183707,498,24,478,r2qkbnr/pp2pppp/2n5/2pp4/3P1Bb1/4PN2/PPP2PPP/RN1QKB1R w KQkq -,MODEL_PREDICTION_NOT_EMPIRICAL,cuda,on,2.11.0+cu128,12.8,NVIDIA GeForce RTX 3090,7.55442660022527,632516608,0.9924696809612215
ORD-01,B1,1300,maia3-79m,1,f1e2,Be2,0.2772483229637146,0.9942962869536132,0.7971697204113644,534,25,441,r2qkbnr/pp2pppp/2n5/2pp4/3P1Bb1/4PN2/PPP2PPP/RN1QKB1R w KQkq -,MODEL_PREDICTION_NOT_EMPIRICAL,cuda,on,2.11.0+cu128,12.8,NVIDIA GeForce RTX 3090,7.55442660022527,632516608,0.9942962869536132
ORD-01,B1,1300,maia3-79m,2,b1d2,Nbd2,0.21257367730140686,0.9942962869536132,0.7971697204113644,517,24,459,r2qkbnr/pp2pppp/2n5/2pp4/3P1Bb1/4PN2/PPP2PPP/RN1QKB1R w KQkq -,MODEL_PREDICTION_NOT_EMPIRICAL,cuda,on,2.11.0+cu128,12.8,NVIDIA GeForce RTX 3090,7.55442660022527,632516608,0.9942962869536132
ORD-01,B1,1300,maia3-79m,3,c2c3,c3,0.19659850001335144,0.9942962869536132,0.7971697204113644,529,25,446,r2qkbnr/pp2pppp/2n5/2pp4/3P1Bb1/4PN2/PPP2PPP/RN1QKB1R w KQkq -,MODEL_PREDICTION_NOT_EMPIRICAL,cuda,on,2.11.0+cu128,12.8,NVIDIA GeForce RTX 3090,7.55442660022527,632516608,0.9942962869536132
ORD-01,B1,1300,maia3-79m,4,h2h3,h3,0.13096284866333008,0.9942962869536132,0.7971697204113644,509,26,465,r2qkbnr/pp2pppp/2n5/2pp4/3P1Bb1/4PN2/PPP2PPP/RN1QKB1R w KQkq -,MODEL_PREDICTION_NOT_EMPIRICAL,cuda,on,2.11.0+cu128,12.8,NVIDIA GeForce RTX 3090,7.55442660022527,632516608,0.9942962869536132
ORD-01,B1,1300,maia3-79m,5,f1b5,Bb5,0.0700993537902832,0.9942962869536132,0.7971697204113644,524,23,453,r2qkbnr/pp2pppp/2n5/2pp4/3P1Bb1/4PN2/PPP2PPP/RN1QKB1R w KQkq -,MODEL_PREDICTION_NOT_EMPIRICAL,cuda,on,2.11.0+cu128,12.8,NVIDIA GeForce RTX 3090,7.55442660022527,632516608,0.9942962869536132
ORD-01,B1,1300,maia3-79m,6,c2c4,c4,0.04893723875284195,0.9942962869536132,0.7971697204113644,512,23,465,r2qkbnr/pp2pppp/2n5/2pp4/3P1Bb1/4PN2/PPP2PPP/RN1QKB1R w KQkq -,MODEL_PREDICTION_NOT_EMPIRICAL,cuda,on,2.11.0+cu128,12.8,NVIDIA GeForce RTX 3090,7.55442660022527,632516608,0.9942962869536132
ORD-01,B1,1300,maia3-79m,7,f1d3,Bd3,0.02788359858095646,0.9942962869536132,0.7971697204113644,504,23,473,r2qkbnr/pp2pppp/2n5/2pp4/3P1Bb1/4PN2/PPP2PPP/RN1QKB1R w KQkq -,MODEL_PREDICTION_NOT_EMPIRICAL,cuda,on,2.11.0+cu128,12.8,NVIDIA GeForce RTX 3090,7.55442660022527,632516608,0.9942962869536132
ORD-01,B1,1300,maia3-79m,8,d4c5,dxc5,0.015641281381249428,0.9942962869536132,0.7971697204113644,445,21,534,r2qkbnr/pp2pppp/2n5/2pp4/3P1Bb1/4PN2/PPP2PPP/RN1QKB1R w KQkq -,MODEL_PREDICTION_NOT_EMPIRICAL,cuda,on,2.11.0+cu128,12.8,NVIDIA GeForce RTX 3090,7.55442660022527,632516608,0.9942962869536132
ORD-01,B1,1300,maia3-79m,9,b1c3,Nc3,0.012766042724251747,0.9942962869536132,0.7971697204113644,517,24,459,r2qkbnr/pp2pppp/2n5/2pp4/3P1Bb1/4PN2/PPP2PPP/RN1QKB1R w KQkq -,MODEL_PREDICTION_NOT_EMPIRICAL,cuda,on,2.11.0+cu128,12.8,NVIDIA GeForce RTX 3090,7.55442660022527,632516608,0.9942962869536132
ORD-01,B1,1300,maia3-79m,10,a2a3,a3,0.001585422782227397,0.9942962869536132,0.7971697204113644,518,24,458,r2qkbnr/pp2pppp/2n5/2pp4/3P1Bb1/4PN2/PPP2PPP/RN1QKB1R w KQkq -,MODEL_PREDICTION_NOT_EMPIRICAL,cuda,on,2.11.0+cu128,12.8,NVIDIA GeForce RTX 3090,7.55442660022527,632516608,0.9942962869536132
ORD-01,B1,1500,maia3-79m,1,f1e2,Be2,0.3134729564189911,0.9956604701001197,0.7654344190870215,527,27,446,r2qkbnr/pp2pppp/2n5/2pp4/3P1Bb1/4PN2/PPP2PPP/RN1QKB1R w KQkq -,MODEL_PREDICTION_NOT_EMPIRICAL,cuda,on,2.11.0+cu128,12.8,NVIDIA GeForce RTX 3090,7.55442660022527,632516608,0.9956604701001197
ORD-01,B1,1500,maia3-79m,2,b1d2,Nbd2,0.2188393920660019,0.9956604701001197,0.7654344190870215,517,26,457,r2qkbnr/pp2pppp/2n5/2pp4/3P1Bb1/4PN2/PPP2PPP/RN1QKB1R w KQkq -,MODEL_PREDICTION_NOT_EMPIRICAL,cuda,on,2.11.0+cu128,12.8,NVIDIA GeForce RTX 3090,7.55442660022527,632516608,0.9956604701001197
ORD-01,B1,1500,maia3-79m,3,c2c3,c3,0.19312509894371033,0.9956604701001197,0.7654344190870215,529,27,444,r2qkbnr/pp2pppp/2n5/2pp4/3P1Bb1/4PN2/PPP2PPP/RN1QKB1R w KQkq -,MODEL_PREDICTION_NOT_EMPIRICAL,cuda,on,2.11.0+cu128,12.8,NVIDIA GeForce RTX 3090,7.55442660022527,632516608,0.9956604701001197
ORD-01,B1,1500,maia3-79m,4,h2h3,h3,0.12275777012109756,0.9956604701001197,0.7654344190870215,508,28,464,r2qkbnr/pp2pppp/2n5/2pp4/3P1Bb1/4PN2/PPP2PPP/RN1QKB1R w KQkq -,MODEL_PREDICTION_NOT_EMPIRICAL,cuda,on,2.11.0+cu128,12.8,NVIDIA GeForce RTX 3090,7.55442660022527,632516608,0.9956604701001197
ORD-01,B1,1500,maia3-79m,5,f1b5,Bb5,0.06269853562116623,0.9956604701001197,0.7654344190870215,517,24,459,r2qkbnr/pp2pppp/2n5/2pp4/3P1Bb1/4PN2/PPP2PPP/RN1QKB1R w KQkq -,MODEL_PREDICTION_NOT_EMPIRICAL,cuda,on,2.11.0+cu128,12.8,NVIDIA GeForce RTX 3090,7.55442660022527,632516608,0.9956604701001197
ORD-01,B1,1500,maia3-79m,6,c2c4,c4,0.04445992037653923,0.9956604701001197,0.7654344190870215,514,24,462,r2qkbnr/pp2pppp/2n5/2pp4/3P1Bb1/4PN2/PPP2PPP/RN1QKB1R w KQkq -,MODEL_PREDICTION_NOT_EMPIRICAL,cuda,on,2.11.0+cu128,12.8,NVIDIA GeForce RTX 3090,7.55442660022527,632516608,0.9956604701001197
ORD-01,B1,1500,maia3-79m,7,f1d3,Bd3,0.015126725658774376,0.9956604701001197,0.7654344190870215,505,24,471,r2qkbnr/pp2pppp/2n5/2pp4/3P1Bb1/4PN2/PPP2PPP/RN1QKB1R w KQkq -,MODEL_PREDICTION_NOT_EMPIRICAL,cuda,on,2.11.0+cu128,12.8,NVIDIA GeForce RTX 3090,7.55442660022527,632516608,0.9956604701001197
ORD-01,B1,1500,maia3-79m,8,d4c5,dxc5,0.01254049688577652,0.9956604701001197,0.7654344190870215,441,22,537,r2qkbnr/pp2pppp/2n5/2pp4/3P1Bb1/4PN2/PPP2PPP/RN1QKB1R w KQkq -,MODEL_PREDICTION_NOT_EMPIRICAL,cuda,on,2.11.0+cu128,12.8,NVIDIA GeForce RTX 3090,7.55442660022527,632516608,0.9956604701001197
ORD-01,B1,1500,maia3-79m,9,b1c3,Nc3,0.010560155846178532,0.9956604701001197,0.7654344190870215,516,26,458,r2qkbnr/pp2pppp/2n5/2pp4/3P1Bb1/4PN2/PPP2PPP/RN1QKB1R w KQkq -,MODEL_PREDICTION_NOT_EMPIRICAL,cuda,on,2.11.0+cu128,12.8,NVIDIA GeForce RTX 3090,7.55442660022527,632516608,0.9956604701001197
ORD-01,B1,1500,maia3-79m,10,a2a3,a3,0.0020794181618839502,0.9956604701001197,0.7654344190870215,515,26,459,r2qkbnr/pp2pppp/2n5/2pp4/3P1Bb1/4PN2/PPP2PPP/RN1QKB1R w KQkq -,MODEL_PREDICTION_NOT_EMPIRICAL,cuda,on,2.11.0+cu128,12.8,NVIDIA GeForce RTX 3090,7.55442660022527,632516608,0.9956604701001197
ORD-01,B1,1700,maia3-79m,1,f1e2,Be2,0.35018694400787354,0.996352823683992,0.7381082942540363,522,30,448,r2qkbnr/pp2pppp/2n5/2pp4/3P1Bb1/4PN2/PPP2PPP/RN1QKB1R w KQkq -,MODEL_PREDICTION_NOT_EMPIRICAL,cuda,on,2.11.0+cu128,12.8,NVIDIA GeForce RTX 3090,7.55442660022527,632516608,0.996352823683992
ORD-01,B1,1700,maia3-79m,2,b1d2,Nbd2,0.2091061770915985,0.996352823683992,0.7381082942540363,522,29,449,r2qkbnr/pp2pppp/2n5/2pp4/3P1Bb1/4PN2/PPP2PPP/RN1QKB1R w KQkq -,MODEL_PREDICTION_NOT_EMPIRICAL,cuda,on,2.11.0+cu128,12.8,NVIDIA GeForce RTX 3090,7.55442660022527,632516608,0.996352823683992
ORD-01,B1,1700,maia3-79m,3,c2c3,c3,0.20586428046226501,0.996352823683992,0.7381082942540363,531,31,438,r2qkbnr/pp2pppp/2n5/2pp4/3P1Bb1/4PN2/PPP2PPP/RN1QKB1R w KQkq -,MODEL_PREDICTION_NOT_EMPIRICAL,cuda,on,2.11.0+cu128,12.8,NVIDIA GeForce RTX 3090,7.55442660022527,632516608,0.996352823683992
ORD-01,B1,1700,maia3-79m,4,h2h3,h3,0.10191021114587784,0.996352823683992,0.7381082942540363,508,31,461,r2qkbnr/pp2pppp/2n5/2pp4/3P1Bb1/4PN2/PPP2PPP/RN1QKB1R w KQkq -,MODEL_PREDICTION_NOT_EMPIRICAL,cuda,on,2.11.0+cu128,12.8,NVIDIA GeForce RTX 3090,7.55442660022527,632516608,0.996352823683992
ORD-01,B1,1700,maia3-79m,5,f1b5,Bb5,0.056280165910720825,0.996352823683992,0.7381082942540363,511,27,462,r2qkbnr/pp2pppp/2n5/2pp4/3P1Bb1/4PN2/PPP2PPP/RN1QKB1R w KQkq -,MODEL_PREDICTION_NOT_EMPIRICAL,cuda,on,2.11.0+cu128,12.8,NVIDIA GeForce RTX 3090,7.55442660022527,632516608,0.996352823683992
ORD-01,B1,1700,maia3-79m,6,c2c4,c4,0.038680750876665115,0.996352823683992,0.7381082942540363,519,28,453,r2qkbnr/pp2pppp/2n5/2pp4/3P1Bb1/4PN2/PPP2PPP/RN1QKB1R w KQkq -,MODEL_PREDICTION_NOT_EMPIRICAL,cuda,on,2.11.0+cu128,12.8,NVIDIA GeForce RTX 3090,7.55442660022527,632516608,0.996352823683992
ORD-01,B1,1700,maia3-79m,7,d4c5,dxc5,0.012557802721858025,0.996352823683992,0.7381082942540363,431,24,545,r2qkbnr/pp2pppp/2n5/2pp4/3P1Bb1/4PN2/PPP2PPP/RN1QKB1R w KQkq -,MODEL_PREDICTION_NOT_EMPIRICAL,cuda,on,2.11.0+cu128,12.8,NVIDIA GeForce RTX 3090,7.55442660022527,632516608,0.996352823683992
ORD-01,B1,1700,maia3-79m,8,b1c3,Nc3,0.01057473011314869,0.996352823683992,0.7381082942540363,522,29,449,r2qkbnr/pp2pppp/2n5/2pp4/3P1Bb1/4PN2/PPP2PPP/RN1QKB1R w KQkq -,MODEL_PREDICTION_NOT_EMPIRICAL,cuda,on,2.11.0+cu128,12.8,NVIDIA GeForce RTX 3090,7.55442660022527,632516608,0.996352823683992
ORD-01,B1,1700,maia3-79m,9,f1d3,Bd3,0.008904815651476383,0.996352823683992,0.7381082942540363,505,27,468,r2qkbnr/pp2pppp/2n5/2pp4/3P1Bb1/4PN2/PPP2PPP/RN1QKB1R w KQkq -,MODEL_PREDICTION_NOT_EMPIRICAL,cuda,on,2.11.0+cu128,12.8,NVIDIA GeForce RTX 3090,7.55442660022527,632516608,0.996352823683992
ORD-01,B1,1700,maia3-79m,10,a2a3,a3,0.002286945702508092,0.996352823683992,0.7381082942540363,514,29,457,r2qkbnr/pp2pppp/2n5/2pp4/3P1Bb1/4PN2/PPP2PPP/RN1QKB1R w KQkq -,MODEL_PREDICTION_NOT_EMPIRICAL,cuda,on,2.11.0+cu128,12.8,NVIDIA GeForce RTX 3090,7.55442660022527,632516608,0.996352823683992
ORD-01,B1,1900,maia3-79m,1,f1e2,Be2,0.3707115352153778,0.996956764953211,0.7094610069909659,521,35,444,r2qkbnr/pp2pppp/2n5/2pp4/3P1Bb1/4PN2/PPP2PPP/RN1QKB1R w KQkq -,MODEL_PREDICTION_NOT_EMPIRICAL,cuda,on,2.11.0+cu128,12.8,NVIDIA GeForce RTX 3090,7.55442660022527,632516608,0.996956764953211
ORD-01,B1,1900,maia3-79m,2,c2c3,c3,0.24694713950157166,0.996956764953211,0.7094610069909659,530,36,434,r2qkbnr/pp2pppp/2n5/2pp4/3P1Bb1/4PN2/PPP2PPP/RN1QKB1R w KQkq -,MODEL_PREDICTION_NOT_EMPIRICAL,cuda,on,2.11.0+cu128,12.8,NVIDIA GeForce RTX 3090,7.55442660022527,632516608,0.996956764953211
ORD-01,B1,1900,maia3-79m,3,b1d2,Nbd2,0.1953512579202652,0.996956764953211,0.7094610069909659,525,34,441,r2qkbnr/pp2pppp/2n5/2pp4/3P1Bb1/4PN2/PPP2PPP/RN1QKB1R w KQkq -,MODEL_PREDICTION_NOT_EMPIRICAL,cuda,on,2.11.0+cu128,12.8,NVIDIA GeForce RTX 3090,7.55442660022527,632516608,0.996956764953211
ORD-01,B1,1900,maia3-79m,4,h2h3,h3,0.06543447077274323,0.996956764953211,0.7094610069909659,507,36,457,r2qkbnr/pp2pppp/2n5/2pp4/3P1Bb1/4PN2/PPP2PPP/RN1QKB1R w KQkq -,MODEL_PREDICTION_NOT_EMPIRICAL,cuda,on,2.11.0+cu128,12.8,NVIDIA GeForce RTX 3090,7.55442660022527,632516608,0.996956764953211
ORD-01,B1,1900,maia3-79m,5,f1b5,Bb5,0.05176292732357979,0.996956764953211,0.7094610069909659,509,31,460,r2qkbnr/pp2pppp/2n5/2pp4/3P1Bb1/4PN2/PPP2PPP/RN1QKB1R w KQkq -,MODEL_PREDICTION_NOT_EMPIRICAL,cuda,on,2.11.0+cu128,12.8,NVIDIA GeForce RTX 3090,7.55442660022527,632516608,0.996956764953211
ORD-01,B1,1900,maia3-79m,6,c2c4,c4,0.03042985498905182,0.996956764953211,0.7094610069909659,524,32,444,r2qkbnr/pp2pppp/2n5/2pp4/3P1Bb1/4PN2/PPP2PPP/RN1QKB1R w KQkq -,MODEL_PREDICTION_NOT_EMPIRICAL,cuda,on,2.11.0+cu128,12.8,NVIDIA GeForce RTX 3090,7.55442660022527,632516608,0.996956764953211
ORD-01,B1,1900,maia3-79m,7,b1c3,Nc3,0.015301092527806759,0.996956764953211,0.7094610069909659,530,33,437,r2qkbnr/pp2pppp/2n5/2pp4/3P1Bb1/4PN2/PPP2PPP/RN1QKB1R w KQkq -,MODEL_PREDICTION_NOT_EMPIRICAL,cuda,on,2.11.0+cu128,12.8,NVIDIA GeForce RTX 3090,7.55442660022527,632516608,0.996956764953211
ORD-01,B1,1900,maia3-79m,8,d4c5,dxc5,0.01329381950199604,0.996956764953211,0.7094610069909659,418,27,555,r2qkbnr/pp2pppp/2n5/2pp4/3P1Bb1/4PN2/PPP2PPP/RN1QKB1R w KQkq -,MODEL_PREDICTION_NOT_EMPIRICAL,cuda,on,2.11.0+cu128,12.8,NVIDIA GeForce RTX 3090,7.55442660022527,632516608,0.996956764953211
ORD-01,B1,1900,maia3-79m,9,f1d3,Bd3,0.00571760069578886,0.996956764953211,0.7094610069909659,505,32,463,r2qkbnr/pp2pppp/2n5/2pp4/3P1Bb1/4PN2/PPP2PPP/RN1QKB1R w KQkq -,MODEL_PREDICTION_NOT_EMPIRICAL,cuda,on,2.11.0+cu128,12.8,NVIDIA GeForce RTX 3090,7.55442660022527,632516608,0.996956764953211
ORD-01,B1,1900,maia3-79m,10,a2a3,a3,0.0020070665050297976,0.996956764953211,0.7094610069909659,513,34,453,r2qkbnr/pp2pppp/2n5/2pp4/3P1Bb1/4PN2/PPP2PPP/RN1QKB1R w KQkq -,MODEL_PREDICTION_NOT_EMPIRICAL,cuda,on,2.11.0+cu128,12.8,NVIDIA GeForce RTX 3090,7.55442660022527,632516608,0.996956764953211
ORD-01,B1,2100,maia3-79m,1,c2c3,c3,0.32683438062667847,0.9976350498618558,0.6923173645280326,519,46,435,r2qkbnr/pp2pppp/2n5/2pp4/3P1Bb1/4PN2/PPP2PPP/RN1QKB1R w KQkq -,MODEL_PREDICTION_NOT_EMPIRICAL,cuda,on,2.11.0+cu128,12.8,NVIDIA GeForce RTX 3090,7.55442660022527,632516608,0.9976350498618558
ORD-01,B1,2100,maia3-79m,2,f1e2,Be2,0.32176730036735535,0.9976350498618558,0.6923173645280326,515,45,440,r2qkbnr/pp2pppp/2n5/2pp4/3P1Bb1/4PN2/PPP2PPP/RN1QKB1R w KQkq -,MODEL_PREDICTION_NOT_EMPIRICAL,cuda,on,2.11.0+cu128,12.8,NVIDIA GeForce RTX 3090,7.55442660022527,632516608,0.9976350498618558
ORD-01,B1,2100,maia3-79m,3,b1d2,Nbd2,0.1921360194683075,0.9976350498618558,0.6923173645280326,526,43,431,r2qkbnr/pp2pppp/2n5/2pp4/3P1Bb1/4PN2/PPP2PPP/RN1QKB1R w KQkq -,MODEL_PREDICTION_NOT_EMPIRICAL,cuda,on,2.11.0+cu128,12.8,NVIDIA GeForce RTX 3090,7.55442660022527,632516608,0.9976350498618558
ORD-01,B1,2100,maia3-79m,4,f1b5,Bb5,0.05171271413564682,0.9976350498618558,0.6923173645280326,502,39,459,r2qkbnr/pp2pppp/2n5/2pp4/3P1Bb1/4PN2/PPP2PPP/RN1QKB1R w KQkq -,MODEL_PREDICTION_NOT_EMPIRICAL,cuda,on,2.11.0+cu128,12.8,NVIDIA GeForce RTX 3090,7.55442660022527,632516608,0.9976350498618558
ORD-01,B1,2100,maia3-79m,5,b1c3,Nc3,0.031859274953603745,0.9976350498618558,0.6923173645280326,533,41,426,r2qkbnr/pp2pppp/2n5/2pp4/3P1Bb1/4PN2/PPP2PPP/RN1QKB1R w KQkq -,MODEL_PREDICTION_NOT_EMPIRICAL,cuda,on,2.11.0+cu128,12.8,NVIDIA GeForce RTX 3090,7.55442660022527,632516608,0.9976350498618558
ORD-01,B1,2100,maia3-79m,6,h2h3,h3,0.02992902137339115,0.9976350498618558,0.6923173645280326,499,44,457,r2qkbnr/pp2pppp/2n5/2pp4/3P1Bb1/4PN2/PPP2PPP/RN1QKB1R w KQkq -,MODEL_PREDICTION_NOT_EMPIRICAL,cuda,on,2.11.0+cu128,12.8,NVIDIA GeForce RTX 3090,7.55442660022527,632516608,0.9976350498618558
ORD-01,B1,2100,maia3-79m,7,c2c4,c4,0.024427354335784912,0.9976350498618558,0.6923173645280326,524,40,436,r2qkbnr/pp2pppp/2n5/2pp4/3P1Bb1/4PN2/PPP2PPP/RN1QKB1R w KQkq -,MODEL_PREDICTION_NOT_EMPIRICAL,cuda,on,2.11.0+cu128,12.8,NVIDIA GeForce RTX 3090,7.55442660022527,632516608,0.9976350498618558
ORD-01,B1,2100,maia3-79m,8,d4c5,dxc5,0.01458624005317688,0.9976350498618558,0.6923173645280326,420,32,548,r2qkbnr/pp2pppp/2n5/2pp4/3P1Bb1/4PN2/PPP2PPP/RN1QKB1R w KQkq -,MODEL_PREDICTION_NOT_EMPIRICAL,cuda,on,2.11.0+cu128,12.8,NVIDIA GeForce RTX 3090,7.55442660022527,632516608,0.9976350498618558
ORD-01,B1,2100,maia3-79m,9,f1d3,Bd3,0.0030574416741728783,0.9976350498618558,0.6923173645280326,497,40,463,r2qkbnr/pp2pppp/2n5/2pp4/3P1Bb1/4PN2/PPP2PPP/RN1QKB1R w KQkq -,MODEL_PREDICTION_NOT_EMPIRICAL,cuda,on,2.11.0+cu128,12.8,NVIDIA GeForce RTX 3090,7.55442660022527,632516608,0.9976350498618558
ORD-01,B1,2100,maia3-79m,10,a2a3,a3,0.00132530287373811,0.9976350498618558,0.6923173645280326,504,42,454,r2qkbnr/pp2pppp/2n5/2pp4/3P1Bb1/4PN2/PPP2PPP/RN1QKB1R w KQkq -,MODEL_PREDICTION_NOT_EMPIRICAL,cuda,on,2.11.0+cu128,12.8,NVIDIA GeForce RTX 3090,7.55442660022527,632516608,0.9976350498618558
ORD-02,B1,1100,maia3-79m,1,d1c2,Qc2,0.31912291049957275,0.9632475692778826,0.7687376128873888,524,20,456,r1b1kb1r/pp2pppp/1qn2n2/2pp4/3P1B2/2P1PN2/PP3PPP/RN1QKB1R w KQkq -,MODEL_PREDICTION_NOT_EMPIRICAL,cuda,on,2.11.0+cu128,12.8,NVIDIA GeForce RTX 3090,7.55442660022527,632516608,0.9632475692778826
ORD-02,B1,1100,maia3-79m,2,b2b3,b3,0.2408866137266159,0.9632475692778826,0.7687376128873888,527,19,454,r1b1kb1r/pp2pppp/1qn2n2/2pp4/3P1B2/2P1PN2/PP3PPP/RN1QKB1R w KQkq -,MODEL_PREDICTION_NOT_EMPIRICAL,cuda,on,2.11.0+cu128,12.8,NVIDIA GeForce RTX 3090,7.55442660022527,632516608,0.9632475692778826
ORD-02,B1,1100,maia3-79m,3,d1b3,Qb3,0.1531168520450592,0.9632475692778826,0.7687376128873888,545,31,424,r1b1kb1r/pp2pppp/1qn2n2/2pp4/3P1B2/2P1PN2/PP3PPP/RN1QKB1R w KQkq -,MODEL_PREDICTION_NOT_EMPIRICAL,cuda,on,2.11.0+cu128,12.8,NVIDIA GeForce RTX 3090,7.55442660022527,632516608,0.9632475692778826
ORD-02,B1,1100,maia3-79m,4,b1d2,Nbd2,0.07579834014177322,0.9632475692778826,0.7687376128873888,478,19,503,r1b1kb1r/pp2pppp/1qn2n2/2pp4/3P1B2/2P1PN2/PP3PPP/RN1QKB1R w KQkq -,MODEL_PREDICTION_NOT_EMPIRICAL,cuda,on,2.11.0+cu128,12.8,NVIDIA GeForce RTX 3090,7.55442660022527,632516608,0.9632475692778826
ORD-02,B1,1100,maia3-79m,5,f1d3,Bd3,0.07120595127344131,0.9632475692778826,0.7687376128873888,460,17,523,r1b1kb1r/pp2pppp/1qn2n2/2pp4/3P1B2/2P1PN2/PP3PPP/RN1QKB1R w KQkq -,MODEL_PREDICTION_NOT_EMPIRICAL,cuda,on,2.11.0+cu128,12.8,NVIDIA GeForce RTX 3090,7.55442660022527,632516608,0.9632475692778826
ORD-02,B1,1100,maia3-79m,6,d1d2,Qd2,0.031597450375556946,0.9632475692778826,0.7687376128873888,461,21,518,r1b1kb1r/pp2pppp/1qn2n2/2pp4/3P1B2/2P1PN2/PP3PPP/RN1QKB1R w KQkq -,MODEL_PREDICTION_NOT_EMPIRICAL,cuda,on,2.11.0+cu128,12.8,NVIDIA GeForce RTX 3090,7.55442660022527,632516608,0.9632475692778826
ORD-02,B1,1100,maia3-79m,7,b1a3,Na3,0.02660772018134594,0.9632475692778826,0.7687376128873888,420,18,562,r1b1kb1r/pp2pppp/1qn2n2/2pp4/3P1B2/2P1PN2/PP3PPP/RN1QKB1R w KQkq -,MODEL_PREDICTION_NOT_EMPIRICAL,cuda,on,2.11.0+cu128,12.8,NVIDIA GeForce RTX 3090,7.55442660022527,632516608,0.9632475692778826
ORD-02,B1,1100,maia3-79m,8,f3e5,Ne5,0.020400844514369965,0.9632475692778826,0.7687376128873888,422,19,559,r1b1kb1r/pp2pppp/1qn2n2/2pp4/3P1B2/2P1PN2/PP3PPP/RN1QKB1R w KQkq -,MODEL_PREDICTION_NOT_EMPIRICAL,cuda,on,2.11.0+cu128,12.8,NVIDIA GeForce RTX 3090,7.55442660022527,632516608,0.9632475692778826
ORD-02,B1,1100,maia3-79m,9,d1c1,Qc1,0.01613839715719223,0.9632475692778826,0.7687376128873888,512,20,468,r1b1kb1r/pp2pppp/1qn2n2/2pp4/3P1B2/2P1PN2/PP3PPP/RN1QKB1R w KQkq -,MODEL_PREDICTION_NOT_EMPIRICAL,cuda,on,2.11.0+cu128,12.8,NVIDIA GeForce RTX 3090,7.55442660022527,632516608,0.9632475692778826
ORD-02,B1,1100,maia3-79m,10,d4c5,dxc5,0.008372489362955093,0.9632475692778826,0.7687376128873888,420,17,563,r1b1kb1r/pp2pppp/1qn2n2/2pp4/3P1B2/2P1PN2/PP3PPP/RN1QKB1R w KQkq -,MODEL_PREDICTION_NOT_EMPIRICAL,cuda,on,2.11.0+cu128,12.8,NVIDIA GeForce RTX 3090,7.55442660022527,632516608,0.9632475692778826
ORD-02,B1,1300,maia3-79m,1,d1c2,Qc2,0.42118531465530396,0.9811134114861488,0.67793601586062,497,22,481,r1b1kb1r/pp2pppp/1qn2n2/2pp4/3P1B2/2P1PN2/PP3PPP/RN1QKB1R w KQkq -,MODEL_PREDICTION_NOT_EMPIRICAL,cuda,on,2.11.0+cu128,12.8,NVIDIA GeForce RTX 3090,7.55442660022527,632516608,0.9811134114861488
ORD-02,B1,1300,maia3-79m,2,d1b3,Qb3,0.21512041985988617,0.9811134114861488,0.67793601586062,528,33,439,r1b1kb1r/pp2pppp/1qn2n2/2pp4/3P1B2/2P1PN2/PP3PPP/RN1QKB1R w KQkq -,MODEL_PREDICTION_NOT_EMPIRICAL,cuda,on,2.11.0+cu128,12.8,NVIDIA GeForce RTX 3090,7.55442660022527,632516608,0.9811134114861488
ORD-02,B1,1300,maia3-79m,3,b2b3,b3,0.19895386695861816,0.9811134114861488,0.67793601586062,511,20,469,r1b1kb1r/pp2pppp/1qn2n2/2pp4/3P1B2/2P1PN2/PP3PPP/RN1QKB1R w KQkq -,MODEL_PREDICTION_NOT_EMPIRICAL,cuda,on,2.11.0+cu128,12.8,NVIDIA GeForce RTX 3090,7.55442660022527,632516608,0.9811134114861488
ORD-02,B1,1300,maia3-79m,4,b1d2,Nbd2,0.03623218834400177,0.9811134114861488,0.67793601586062,463,20,517,r1b1kb1r/pp2pppp/1qn2n2/2pp4/3P1B2/2P1PN2/PP3PPP/RN1QKB1R w KQkq -,MODEL_PREDICTION_NOT_EMPIRICAL,cuda,on,2.11.0+cu128,12.8,NVIDIA GeForce RTX 3090,7.55442660022527,632516608,0.9811134114861488
ORD-02,B1,1300,maia3-79m,5,f1d3,Bd3,0.02911338210105896,0.9811134114861488,0.67793601586062,463,18,519,r1b1kb1r/pp2pppp/1qn2n2/2pp4/3P1B2/2P1PN2/PP3PPP/RN1QKB1R w KQkq -,MODEL_PREDICTION_NOT_EMPIRICAL,cuda,on,2.11.0+cu128,12.8,NVIDIA GeForce RTX 3090,7.55442660022527,632516608,0.9811134114861488
ORD-02,B1,1300,maia3-79m,6,d1c1,Qc1,0.026925474405288696,0.9811134114861488,0.67793601586062,495,22,483,r1b1kb1r/pp2pppp/1qn2n2/2pp4/3P1B2/2P1PN2/PP3PPP/RN1QKB1R w KQkq -,MODEL_PREDICTION_NOT_EMPIRICAL,cuda,on,2.11.0+cu128,12.8,NVIDIA GeForce RTX 3090,7.55442660022527,632516608,0.9811134114861488
ORD-02,B1,1300,maia3-79m,7,b1a3,Na3,0.020644478499889374,0.9811134114861488,0.67793601586062,401,18,581,r1b1kb1r/pp2pppp/1qn2n2/2pp4/3P1B2/2P1PN2/PP3PPP/RN1QKB1R w KQkq -,MODEL_PREDICTION_NOT_EMPIRICAL,cuda,on,2.11.0+cu128,12.8,NVIDIA GeForce RTX 3090,7.55442660022527,632516608,0.9811134114861488
ORD-02,B1,1300,maia3-79m,8,d1d2,Qd2,0.019093021750450134,0.9811134114861488,0.67793601586062,449,22,529,r1b1kb1r/pp2pppp/1qn2n2/2pp4/3P1B2/2P1PN2/PP3PPP/RN1QKB1R w KQkq -,MODEL_PREDICTION_NOT_EMPIRICAL,cuda,on,2.11.0+cu128,12.8,NVIDIA GeForce RTX 3090,7.55442660022527,632516608,0.9811134114861488
ORD-02,B1,1300,maia3-79m,9,d4c5,dxc5,0.007246893364936113,0.9811134114861488,0.67793601586062,401,18,581,r1b1kb1r/pp2pppp/1qn2n2/2pp4/3P1B2/2P1PN2/PP3PPP/RN1QKB1R w KQkq -,MODEL_PREDICTION_NOT_EMPIRICAL,cuda,on,2.11.0+cu128,12.8,NVIDIA GeForce RTX 3090,7.55442660022527,632516608,0.9811134114861488
ORD-02,B1,1300,maia3-79m,10,f3e5,Ne5,0.006598371546715498,0.9811134114861488,0.67793601586062,408,20,572,r1b1kb1r/pp2pppp/1qn2n2/2pp4/3P1B2/2P1PN2/PP3PPP/RN1QKB1R w KQkq -,MODEL_PREDICTION_NOT_EMPIRICAL,cuda,on,2.11.0+cu128,12.8,NVIDIA GeForce RTX 3090,7.55442660022527,632516608,0.9811134114861488
ORD-02,B1,1500,maia3-79m,1,d1c2,Qc2,0.44207531213760376,0.9907176357228309,0.6373445754651543,477,24,499,r1b1kb1r/pp2pppp/1qn2n2/2pp4/3P1B2/2P1PN2/PP3PPP/RN1QKB1R w KQkq -,MODEL_PREDICTION_NOT_EMPIRICAL,cuda,on,2.11.0+cu128,12.8,NVIDIA GeForce RTX 3090,7.55442660022527,632516608,0.9907176357228309
ORD-02,B1,1500,maia3-79m,2,d1b3,Qb3,0.2681322395801544,0.9907176357228309,0.6373445754651543,506,35,459,r1b1kb1r/pp2pppp/1qn2n2/2pp4/3P1B2/2P1PN2/PP3PPP/RN1QKB1R w KQkq -,MODEL_PREDICTION_NOT_EMPIRICAL,cuda,on,2.11.0+cu128,12.8,NVIDIA GeForce RTX 3090,7.55442660022527,632516608,0.9907176357228309
ORD-02,B1,1500,maia3-79m,3,b2b3,b3,0.16010907292366028,0.9907176357228309,0.6373445754651543,497,23,480,r1b1kb1r/pp2pppp/1qn2n2/2pp4/3P1B2/2P1PN2/PP3PPP/RN1QKB1R w KQkq -,MODEL_PREDICTION_NOT_EMPIRICAL,cuda,on,2.11.0+cu128,12.8,NVIDIA GeForce RTX 3090,7.55442660022527,632516608,0.9907176357228309
ORD-02,B1,1500,maia3-79m,4,d1c1,Qc1,0.044460684061050415,0.9907176357228309,0.6373445754651543,484,24,492,r1b1kb1r/pp2pppp/1qn2n2/2pp4/3P1B2/2P1PN2/PP3PPP/RN1QKB1R w KQkq -,MODEL_PREDICTION_NOT_EMPIRICAL,cuda,on,2.11.0+cu128,12.8,NVIDIA GeForce RTX 3090,7.55442660022527,632516608,0.9907176357228309
ORD-02,B1,1500,maia3-79m,5,b1d2,Nbd2,0.020676137879490852,0.9907176357228309,0.6373445754651543,454,22,524,r1b1kb1r/pp2pppp/1qn2n2/2pp4/3P1B2/2P1PN2/PP3PPP/RN1QKB1R w KQkq -,MODEL_PREDICTION_NOT_EMPIRICAL,cuda,on,2.11.0+cu128,12.8,NVIDIA GeForce RTX 3090,7.55442660022527,632516608,0.9907176357228309
ORD-02,B1,1500,maia3-79m,6,b1a3,Na3,0.019423434510827065,0.9907176357228309,0.6373445754651543,409,20,571,r1b1kb1r/pp2pppp/1qn2n2/2pp4/3P1B2/2P1PN2/PP3PPP/RN1QKB1R w KQkq -,MODEL_PREDICTION_NOT_EMPIRICAL,cuda,on,2.11.0+cu128,12.8,NVIDIA GeForce RTX 3090,7.55442660022527,632516608,0.9907176357228309
ORD-02,B1,1500,maia3-79m,7,f1d3,Bd3,0.013559741899371147,0.9907176357228309,0.6373445754651543,459,21,520,r1b1kb1r/pp2pppp/1qn2n2/2pp4/3P1B2/2P1PN2/PP3PPP/RN1QKB1R w KQkq -,MODEL_PREDICTION_NOT_EMPIRICAL,cuda,on,2.11.0+cu128,12.8,NVIDIA GeForce RTX 3090,7.55442660022527,632516608,0.9907176357228309
ORD-02,B1,1500,maia3-79m,8,d1d2,Qd2,0.011598261073231697,0.9907176357228309,0.6373445754651543,449,24,527,r1b1kb1r/pp2pppp/1qn2n2/2pp4/3P1B2/2P1PN2/PP3PPP/RN1QKB1R w KQkq -,MODEL_PREDICTION_NOT_EMPIRICAL,cuda,on,2.11.0+cu128,12.8,NVIDIA GeForce RTX 3090,7.55442660022527,632516608,0.9907176357228309
ORD-02,B1,1500,maia3-79m,9,d4c5,dxc5,0.007145481649786234,0.9907176357228309,0.6373445754651543,390,21,589,r1b1kb1r/pp2pppp/1qn2n2/2pp4/3P1B2/2P1PN2/PP3PPP/RN1QKB1R w KQkq -,MODEL_PREDICTION_NOT_EMPIRICAL,cuda,on,2.11.0+cu128,12.8,NVIDIA GeForce RTX 3090,7.55442660022527,632516608,0.9907176357228309
ORD-02,B1,1500,maia3-79m,10,f1e2,Be2,0.0035372700076550245,0.9907176357228309,0.6373445754651543,446,21,533,r1b1kb1r/pp2pppp/1qn2n2/2pp4/3P1B2/2P1PN2/PP3PPP/RN1QKB1R w KQkq -,MODEL_PREDICTION_NOT_EMPIRICAL,cuda,on,2.11.0+cu128,12.8,NVIDIA GeForce RTX 3090,7.55442660022527,632516608,0.9907176357228309
ORD-02,B1,1700,maia3-79m,1,d1c2,Qc2,0.38084548711776733,0.9943147220183164,0.6479205941797264,475,27,498,r1b1kb1r/pp2pppp/1qn2n2/2pp4/3P1B2/2P1PN2/PP3PPP/RN1QKB1R w KQkq -,MODEL_PREDICTION_NOT_EMPIRICAL,cuda,on,2.11.0+cu128,12.8,NVIDIA GeForce RTX 3090,7.55442660022527,632516608,0.9943147220183164
ORD-02,B1,1700,maia3-79m,2,d1b3,Qb3,0.32575443387031555,0.9943147220183164,0.6479205941797264,493,39,468,r1b1kb1r/pp2pppp/1qn2n2/2pp4/3P1B2/2P1PN2/PP3PPP/RN1QKB1R w KQkq -,MODEL_PREDICTION_NOT_EMPIRICAL,cuda,on,2.11.0+cu128,12.8,NVIDIA GeForce RTX 3090,7.55442660022527,632516608,0.9943147220183164
ORD-02,B1,1700,maia3-79m,3,b2b3,b3,0.14914123713970184,0.9943147220183164,0.6479205941797264,491,27,482,r1b1kb1r/pp2pppp/1qn2n2/2pp4/3P1B2/2P1PN2/PP3PPP/RN1QKB1R w KQkq -,MODEL_PREDICTION_NOT_EMPIRICAL,cuda,on,2.11.0+cu128,12.8,NVIDIA GeForce RTX 3090,7.55442660022527,632516608,0.9943147220183164
ORD-02,B1,1700,maia3-79m,4,d1c1,Qc1,0.0738302618265152,0.9943147220183164,0.6479205941797264,480,29,491,r1b1kb1r/pp2pppp/1qn2n2/2pp4/3P1B2/2P1PN2/PP3PPP/RN1QKB1R w KQkq -,MODEL_PREDICTION_NOT_EMPIRICAL,cuda,on,2.11.0+cu128,12.8,NVIDIA GeForce RTX 3090,7.55442660022527,632516608,0.9943147220183164
ORD-02,B1,1700,maia3-79m,5,b1a3,Na3,0.022167865186929703,0.9943147220183164,0.6479205941797264,446,23,531,r1b1kb1r/pp2pppp/1qn2n2/2pp4/3P1B2/2P1PN2/PP3PPP/RN1QKB1R w KQkq -,MODEL_PREDICTION_NOT_EMPIRICAL,cuda,on,2.11.0+cu128,12.8,NVIDIA GeForce RTX 3090,7.55442660022527,632516608,0.9943147220183164
ORD-02,B1,1700,maia3-79m,6,b1d2,Nbd2,0.014538041315972805,0.9943147220183164,0.6479205941797264,458,26,516,r1b1kb1r/pp2pppp/1qn2n2/2pp4/3P1B2/2P1PN2/PP3PPP/RN1QKB1R w KQkq -,MODEL_PREDICTION_NOT_EMPIRICAL,cuda,on,2.11.0+cu128,12.8,NVIDIA GeForce RTX 3090,7.55442660022527,632516608,0.9943147220183164
ORD-02,B1,1700,maia3-79m,7,d1d2,Qd2,0.008681061677634716,0.9943147220183164,0.6479205941797264,457,27,516,r1b1kb1r/pp2pppp/1qn2n2/2pp4/3P1B2/2P1PN2/PP3PPP/RN1QKB1R w KQkq -,MODEL_PREDICTION_NOT_EMPIRICAL,cuda,on,2.11.0+cu128,12.8,NVIDIA GeForce RTX 3090,7.55442660022527,632516608,0.9943147220183164
ORD-02,B1,1700,maia3-79m,8,d4c5,dxc5,0.008546474389731884,0.9943147220183164,0.6479205941797264,393,24,583,r1b1kb1r/pp2pppp/1qn2n2/2pp4/3P1B2/2P1PN2/PP3PPP/RN1QKB1R w KQkq -,MODEL_PREDICTION_NOT_EMPIRICAL,cuda,on,2.11.0+cu128,12.8,NVIDIA GeForce RTX 3090,7.55442660022527,632516608,0.9943147220183164
ORD-02,B1,1700,maia3-79m,9,f1d3,Bd3,0.008283526636660099,0.9943147220183164,0.6479205941797264,458,24,518,r1b1kb1r/pp2pppp/1qn2n2/2pp4/3P1B2/2P1PN2/PP3PPP/RN1QKB1R w KQkq -,MODEL_PREDICTION_NOT_EMPIRICAL,cuda,on,2.11.0+cu128,12.8,NVIDIA GeForce RTX 3090,7.55442660022527,632516608,0.9943147220183164
ORD-02,B1,1700,maia3-79m,10,f1e2,Be2,0.0025263328570872545,0.9943147220183164,0.6479205941797264,439,25,536,r1b1kb1r/pp2pppp/1qn2n2/2pp4/3P1B2/2P1PN2/PP3PPP/RN1QKB1R w KQkq -,MODEL_PREDICTION_NOT_EMPIRICAL,cuda,on,2.11.0+cu128,12.8,NVIDIA GeForce RTX 3090,7.55442660022527,632516608,0.9943147220183164
ORD-02,B1,1900,maia3-79m,1,d1b3,Qb3,0.4086969494819641,0.9960791694466025,0.6587505088377812,488,45,467,r1b1kb1r/pp2pppp/1qn2n2/2pp4/3P1B2/2P1PN2/PP3PPP/RN1QKB1R w KQkq -,MODEL_PREDICTION_NOT_EMPIRICAL,cuda,on,2.11.0+cu128,12.8,NVIDIA GeForce RTX 3090,7.55442660022527,632516608,0.9960791694466025
ORD-02,B1,1900,maia3-79m,2,d1c2,Qc2,0.2597835958003998,0.9960791694466025,0.6587505088377812,483,33,484,r1b1kb1r/pp2pppp/1qn2n2/2pp4/3P1B2/2P1PN2/PP3PPP/RN1QKB1R w KQkq -,MODEL_PREDICTION_NOT_EMPIRICAL,cuda,on,2.11.0+cu128,12.8,NVIDIA GeForce RTX 3090,7.55442660022527,632516608,0.9960791694466025
ORD-02,B1,1900,maia3-79m,3,b2b3,b3,0.16004802286624908,0.9960791694466025,0.6587505088377812,483,32,485,r1b1kb1r/pp2pppp/1qn2n2/2pp4/3P1B2/2P1PN2/PP3PPP/RN1QKB1R w KQkq -,MODEL_PREDICTION_NOT_EMPIRICAL,cuda,on,2.11.0+cu128,12.8,NVIDIA GeForce RTX 3090,7.55442660022527,632516608,0.9960791694466025
ORD-02,B1,1900,maia3-79m,4,d1c1,Qc1,0.104962058365345,0.9960791694466025,0.6587505088377812,477,35,488,r1b1kb1r/pp2pppp/1qn2n2/2pp4/3P1B2/2P1PN2/PP3PPP/RN1QKB1R w KQkq -,MODEL_PREDICTION_NOT_EMPIRICAL,cuda,on,2.11.0+cu128,12.8,NVIDIA GeForce RTX 3090,7.55442660022527,632516608,0.9960791694466025
ORD-02,B1,1900,maia3-79m,5,b1a3,Na3,0.025323275476694107,0.9960791694466025,0.6587505088377812,501,28,471,r1b1kb1r/pp2pppp/1qn2n2/2pp4/3P1B2/2P1PN2/PP3PPP/RN1QKB1R w KQkq -,MODEL_PREDICTION_NOT_EMPIRICAL,cuda,on,2.11.0+cu128,12.8,NVIDIA GeForce RTX 3090,7.55442660022527,632516608,0.9960791694466025
ORD-02,B1,1900,maia3-79m,6,b1d2,Nbd2,0.011776416562497616,0.9960791694466025,0.6587505088377812,473,31,496,r1b1kb1r/pp2pppp/1qn2n2/2pp4/3P1B2/2P1PN2/PP3PPP/RN1QKB1R w KQkq -,MODEL_PREDICTION_NOT_EMPIRICAL,cuda,on,2.11.0+cu128,12.8,NVIDIA GeForce RTX 3090,7.55442660022527,632516608,0.9960791694466025
ORD-02,B1,1900,maia3-79m,7,d4c5,dxc5,0.01039265189319849,0.9960791694466025,0.6587505088377812,401,28,571,r1b1kb1r/pp2pppp/1qn2n2/2pp4/3P1B2/2P1PN2/PP3PPP/RN1QKB1R w KQkq -,MODEL_PREDICTION_NOT_EMPIRICAL,cuda,on,2.11.0+cu128,12.8,NVIDIA GeForce RTX 3090,7.55442660022527,632516608,0.9960791694466025
ORD-02,B1,1900,maia3-79m,8,d1d2,Qd2,0.006709999870508909,0.9960791694466025,0.6587505088377812,464,33,503,r1b1kb1r/pp2pppp/1qn2n2/2pp4/3P1B2/2P1PN2/PP3PPP/RN1QKB1R w KQkq -,MODEL_PREDICTION_NOT_EMPIRICAL,cuda,on,2.11.0+cu128,12.8,NVIDIA GeForce RTX 3090,7.55442660022527,632516608,0.9960791694466025
ORD-02,B1,1900,maia3-79m,9,f1d3,Bd3,0.006402726750820875,0.9960791694466025,0.6587505088377812,467,29,504,r1b1kb1r/pp2pppp/1qn2n2/2pp4/3P1B2/2P1PN2/PP3PPP/RN1QKB1R w KQkq -,MODEL_PREDICTION_NOT_EMPIRICAL,cuda,on,2.11.0+cu128,12.8,NVIDIA GeForce RTX 3090,7.55442660022527,632516608,0.9960791694466025
ORD-02,B1,1900,maia3-79m,10,f1e2,Be2,0.001983472378924489,0.9960791694466025,0.6587505088377812,449,31,520,r1b1kb1r/pp2pppp/1qn2n2/2pp4/3P1B2/2P1PN2/PP3PPP/RN1QKB1R w KQkq -,MODEL_PREDICTION_NOT_EMPIRICAL,cuda,on,2.11.0+cu128,12.8,NVIDIA GeForce RTX 3090,7.55442660022527,632516608,0.9960791694466025
ORD-02,B1,2100,maia3-79m,1,d1b3,Qb3,0.5012516379356384,0.9974063824629411,0.6198381279928891,484,54,462,r1b1kb1r/pp2pppp/1qn2n2/2pp4/3P1B2/2P1PN2/PP3PPP/RN1QKB1R w KQkq -,MODEL_PREDICTION_NOT_EMPIRICAL,cuda,on,2.11.0+cu128,12.8,NVIDIA GeForce RTX 3090,7.55442660022527,632516608,0.9974063824629411
ORD-02,B1,2100,maia3-79m,2,d1c2,Qc2,0.16529527306556702,0.9974063824629411,0.6198381279928891,495,44,461,r1b1kb1r/pp2pppp/1qn2n2/2pp4/3P1B2/2P1PN2/PP3PPP/RN1QKB1R w KQkq -,MODEL_PREDICTION_NOT_EMPIRICAL,cuda,on,2.11.0+cu128,12.8,NVIDIA GeForce RTX 3090,7.55442660022527,632516608,0.9974063824629411
ORD-02,B1,2100,maia3-79m,3,b2b3,b3,0.16020965576171875,0.9974063824629411,0.6198381279928891,473,41,486,r1b1kb1r/pp2pppp/1qn2n2/2pp4/3P1B2/2P1PN2/PP3PPP/RN1QKB1R w KQkq -,MODEL_PREDICTION_NOT_EMPIRICAL,cuda,on,2.11.0+cu128,12.8,NVIDIA GeForce RTX 3090,7.55442660022527,632516608,0.9974063824629411
ORD-02,B1,2100,maia3-79m,4,d1c1,Qc1,0.11539468914270401,0.9974063824629411,0.6198381279928891,479,45,476,r1b1kb1r/pp2pppp/1qn2n2/2pp4/3P1B2/2P1PN2/PP3PPP/RN1QKB1R w KQkq -,MODEL_PREDICTION_NOT_EMPIRICAL,cuda,on,2.11.0+cu128,12.8,NVIDIA GeForce RTX 3090,7.55442660022527,632516608,0.9974063824629411
ORD-02,B1,2100,maia3-79m,5,b1a3,Na3,0.0253488477319479,0.9974063824629411,0.6198381279928891,548,34,418,r1b1kb1r/pp2pppp/1qn2n2/2pp4/3P1B2/2P1PN2/PP3PPP/RN1QKB1R w KQkq -,MODEL_PREDICTION_NOT_EMPIRICAL,cuda,on,2.11.0+cu128,12.8,NVIDIA GeForce RTX 3090,7.55442660022527,632516608,0.9974063824629411
ORD-02,B1,2100,maia3-79m,6,b1d2,Nbd2,0.010241860523819923,0.9974063824629411,0.6198381279928891,490,41,469,r1b1kb1r/pp2pppp/1qn2n2/2pp4/3P1B2/2P1PN2/PP3PPP/RN1QKB1R w KQkq -,MODEL_PREDICTION_NOT_EMPIRICAL,cuda,on,2.11.0+cu128,12.8,NVIDIA GeForce RTX 3090,7.55442660022527,632516608,0.9974063824629411
ORD-02,B1,2100,maia3-79m,7,d4c5,dxc5,0.00947217270731926,0.9974063824629411,0.6198381279928891,420,36,544,r1b1kb1r/pp2pppp/1qn2n2/2pp4/3P1B2/2P1PN2/PP3PPP/RN1QKB1R w KQkq -,MODEL_PREDICTION_NOT_EMPIRICAL,cuda,on,2.11.0+cu128,12.8,NVIDIA GeForce RTX 3090,7.55442660022527,632516608,0.9974063824629411
ORD-02,B1,2100,maia3-79m,8,d1d2,Qd2,0.004544797819107771,0.9974063824629411,0.6198381279928891,465,43,492,r1b1kb1r/pp2pppp/1qn2n2/2pp4/3P1B2/2P1PN2/PP3PPP/RN1QKB1R w KQkq -,MODEL_PREDICTION_NOT_EMPIRICAL,cuda,on,2.11.0+cu128,12.8,NVIDIA GeForce RTX 3090,7.55442660022527,632516608,0.9974063824629411
ORD-02,B1,2100,maia3-79m,9,f1d3,Bd3,0.004404969047755003,0.9974063824629411,0.6198381279928891,480,36,484,r1b1kb1r/pp2pppp/1qn2n2/2pp4/3P1B2/2P1PN2/PP3PPP/RN1QKB1R w KQkq -,MODEL_PREDICTION_NOT_EMPIRICAL,cuda,on,2.11.0+cu128,12.8,NVIDIA GeForce RTX 3090,7.55442660022527,632516608,0.9974063824629411
ORD-02,B1,2100,maia3-79m,10,f1e2,Be2,0.00124247872736305,0.9974063824629411,0.6198381279928891,469,40,491,r1b1kb1r/pp2pppp/1qn2n2/2pp4/3P1B2/2P1PN2/PP3PPP/RN1QKB1R w KQkq -,MODEL_PREDICTION_NOT_EMPIRICAL,cuda,on,2.11.0+cu128,12.8,NVIDIA GeForce RTX 3090,7.55442660022527,632516608,0.9974063824629411
COL-01,B1,1100,maia3-79m,1,d3f5,Bxf5,0.44341450929641724,0.9765885975211859,0.7355681717489898,521,33,446,rn1qkb1r/ppp2ppp/4pn2/3p1b2/3P4/3BPN2/PPP2PPP/RNBQK2R w KQkq -,MODEL_PREDICTION_NOT_EMPIRICAL,cuda,on,2.11.0+cu128,12.8,NVIDIA GeForce RTX 3090,7.55442660022527,632516608,0.9765885975211859
COL-01,B1,1100,maia3-79m,2,e1g1,O-O,0.17095153033733368,0.9765885975211859,0.7355681717489898,511,29,460,rn1qkb1r/ppp2ppp/4pn2/3p1b2/3P4/3BPN2/PPP2PPP/RNBQK2R w KQkq -,MODEL_PREDICTION_NOT_EMPIRICAL,cuda,on,2.11.0+cu128,12.8,NVIDIA GeForce RTX 3090,7.55442660022527,632516608,0.9765885975211859
COL-01,B1,1100,maia3-79m,3,b1d2,Nbd2,0.09294473379850388,0.9765885975211859,0.7355681717489898,494,31,475,rn1qkb1r/ppp2ppp/4pn2/3p1b2/3P4/3BPN2/PPP2PPP/RNBQK2R w KQkq -,MODEL_PREDICTION_NOT_EMPIRICAL,cuda,on,2.11.0+cu128,12.8,NVIDIA GeForce RTX 3090,7.55442660022527,632516608,0.9765885975211859
COL-01,B1,1100,maia3-79m,4,d1e2,Qe2,0.07949984818696976,0.9765885975211859,0.7355681717489898,507,28,465,rn1qkb1r/ppp2ppp/4pn2/3p1b2/3P4/3BPN2/PPP2PPP/RNBQK2R w KQkq -,MODEL_PREDICTION_NOT_EMPIRICAL,cuda,on,2.11.0+cu128,12.8,NVIDIA GeForce RTX 3090,7.55442660022527,632516608,0.9765885975211859
COL-01,B1,1100,maia3-79m,5,c2c3,c3,0.07705388218164444,0.9765885975211859,0.7355681717489898,509,31,460,rn1qkb1r/ppp2ppp/4pn2/3p1b2/3P4/3BPN2/PPP2PPP/RNBQK2R w KQkq -,MODEL_PREDICTION_NOT_EMPIRICAL,cuda,on,2.11.0+cu128,12.8,NVIDIA GeForce RTX 3090,7.55442660022527,632516608,0.9765885975211859
COL-01,B1,1100,maia3-79m,6,b1c3,Nc3,0.040604546666145325,0.9765885975211859,0.7355681717489898,505,31,464,rn1qkb1r/ppp2ppp/4pn2/3p1b2/3P4/3BPN2/PPP2PPP/RNBQK2R w KQkq -,MODEL_PREDICTION_NOT_EMPIRICAL,cuda,on,2.11.0+cu128,12.8,NVIDIA GeForce RTX 3090,7.55442660022527,632516608,0.9765885975211859
COL-01,B1,1100,maia3-79m,7,f3e5,Ne5,0.03064992092549801,0.9765885975211859,0.7355681717489898,510,28,462,rn1qkb1r/ppp2ppp/4pn2/3p1b2/3P4/3BPN2/PPP2PPP/RNBQK2R w KQkq -,MODEL_PREDICTION_NOT_EMPIRICAL,cuda,on,2.11.0+cu128,12.8,NVIDIA GeForce RTX 3090,7.55442660022527,632516608,0.9765885975211859
COL-01,B1,1100,maia3-79m,8,b2b3,b3,0.021397091448307037,0.9765885975211859,0.7355681717489898,496,31,473,rn1qkb1r/ppp2ppp/4pn2/3p1b2/3P4/3BPN2/PPP2PPP/RNBQK2R w KQkq -,MODEL_PREDICTION_NOT_EMPIRICAL,cuda,on,2.11.0+cu128,12.8,NVIDIA GeForce RTX 3090,7.55442660022527,632516608,0.9765885975211859
COL-01,B1,1100,maia3-79m,9,c2c4,c4,0.010428110137581825,0.9765885975211859,0.7355681717489898,508,30,462,rn1qkb1r/ppp2ppp/4pn2/3p1b2/3P4/3BPN2/PPP2PPP/RNBQK2R w KQkq -,MODEL_PREDICTION_NOT_EMPIRICAL,cuda,on,2.11.0+cu128,12.8,NVIDIA GeForce RTX 3090,7.55442660022527,632516608,0.9765885975211859
COL-01,B1,1100,maia3-79m,10,h2h3,h3,0.00964442454278469,0.9765885975211859,0.7355681717489898,511,29,460,rn1qkb1r/ppp2ppp/4pn2/3p1b2/3P4/3BPN2/PPP2PPP/RNBQK2R w KQkq -,MODEL_PREDICTION_NOT_EMPIRICAL,cuda,on,2.11.0+cu128,12.8,NVIDIA GeForce RTX 3090,7.55442660022527,632516608,0.9765885975211859
COL-01,B1,1300,maia3-79m,1,d3f5,Bxf5,0.5238268971443176,0.9795609628781676,0.667573130069726,518,34,448,rn1qkb1r/ppp2ppp/4pn2/3p1b2/3P4/3BPN2/PPP2PPP/RNBQK2R w KQkq -,MODEL_PREDICTION_NOT_EMPIRICAL,cuda,on,2.11.0+cu128,12.8,NVIDIA GeForce RTX 3090,7.55442660022527,632516608,0.9795609628781676
COL-01,B1,1300,maia3-79m,2,e1g1,O-O,0.14775216579437256,0.9795609628781676,0.667573130069726,512,29,459,rn1qkb1r/ppp2ppp/4pn2/3p1b2/3P4/3BPN2/PPP2PPP/RNBQK2R w KQkq -,MODEL_PREDICTION_NOT_EMPIRICAL,cuda,on,2.11.0+cu128,12.8,NVIDIA GeForce RTX 3090,7.55442660022527,632516608,0.9795609628781676
COL-01,B1,1300,maia3-79m,3,d1e2,Qe2,0.0803314596414566,0.9795609628781676,0.667573130069726,508,28,464,rn1qkb1r/ppp2ppp/4pn2/3p1b2/3P4/3BPN2/PPP2PPP/RNBQK2R w KQkq -,MODEL_PREDICTION_NOT_EMPIRICAL,cuda,on,2.11.0+cu128,12.8,NVIDIA GeForce RTX 3090,7.55442660022527,632516608,0.9795609628781676
COL-01,B1,1300,maia3-79m,4,c2c3,c3,0.07089225947856903,0.9795609628781676,0.667573130069726,508,31,461,rn1qkb1r/ppp2ppp/4pn2/3p1b2/3P4/3BPN2/PPP2PPP/RNBQK2R w KQkq -,MODEL_PREDICTION_NOT_EMPIRICAL,cuda,on,2.11.0+cu128,12.8,NVIDIA GeForce RTX 3090,7.55442660022527,632516608,0.9795609628781676
COL-01,B1,1300,maia3-79m,5,b1d2,Nbd2,0.07089225947856903,0.9795609628781676,0.667573130069726,494,31,475,rn1qkb1r/ppp2ppp/4pn2/3p1b2/3P4/3BPN2/PPP2PPP/RNBQK2R w KQkq -,MODEL_PREDICTION_NOT_EMPIRICAL,cuda,on,2.11.0+cu128,12.8,NVIDIA GeForce RTX 3090,7.55442660022527,632516608,0.9795609628781676
COL-01,B1,1300,maia3-79m,6,b1c3,Nc3,0.03145825117826462,0.9795609628781676,0.667573130069726,505,31,464,rn1qkb1r/ppp2ppp/4pn2/3p1b2/3P4/3BPN2/PPP2PPP/RNBQK2R w KQkq -,MODEL_PREDICTION_NOT_EMPIRICAL,cuda,on,2.11.0+cu128,12.8,NVIDIA GeForce RTX 3090,7.55442660022527,632516608,0.9795609628781676
COL-01,B1,1300,maia3-79m,7,b2b3,b3,0.02128571644425392,0.9795609628781676,0.667573130069726,498,30,472,rn1qkb1r/ppp2ppp/4pn2/3p1b2/3P4/3BPN2/PPP2PPP/RNBQK2R w KQkq -,MODEL_PREDICTION_NOT_EMPIRICAL,cuda,on,2.11.0+cu128,12.8,NVIDIA GeForce RTX 3090,7.55442660022527,632516608,0.9795609628781676
COL-01,B1,1300,maia3-79m,8,f3e5,Ne5,0.016320327296853065,0.9795609628781676,0.667573130069726,513,29,458,rn1qkb1r/ppp2ppp/4pn2/3p1b2/3P4/3BPN2/PPP2PPP/RNBQK2R w KQkq -,MODEL_PREDICTION_NOT_EMPIRICAL,cuda,on,2.11.0+cu128,12.8,NVIDIA GeForce RTX 3090,7.55442660022527,632516608,0.9795609628781676
COL-01,B1,1300,maia3-79m,9,c2c4,c4,0.00944547913968563,0.9795609628781676,0.667573130069726,508,29,463,rn1qkb1r/ppp2ppp/4pn2/3p1b2/3P4/3BPN2/PPP2PPP/RNBQK2R w KQkq -,MODEL_PREDICTION_NOT_EMPIRICAL,cuda,on,2.11.0+cu128,12.8,NVIDIA GeForce RTX 3090,7.55442660022527,632516608,0.9795609628781676
COL-01,B1,1300,maia3-79m,10,h2h3,h3,0.0073561472818255424,0.9795609628781676,0.667573130069726,509,29,462,rn1qkb1r/ppp2ppp/4pn2/3p1b2/3P4/3BPN2/PPP2PPP/RNBQK2R w KQkq -,MODEL_PREDICTION_NOT_EMPIRICAL,cuda,on,2.11.0+cu128,12.8,NVIDIA GeForce RTX 3090,7.55442660022527,632516608,0.9795609628781676
COL-01,B1,1500,maia3-79m,1,d3f5,Bxf5,0.5520616173744202,0.9822934903204441,0.6427090713859472,512,36,452,rn1qkb1r/ppp2ppp/4pn2/3p1b2/3P4/3BPN2/PPP2PPP/RNBQK2R w KQkq -,MODEL_PREDICTION_NOT_EMPIRICAL,cuda,on,2.11.0+cu128,12.8,NVIDIA GeForce RTX 3090,7.55442660022527,632516608,0.9822934903204441
COL-01,B1,1500,maia3-79m,2,e1g1,O-O,0.1440138816833496,0.9822934903204441,0.6427090713859472,507,32,461,rn1qkb1r/ppp2ppp/4pn2/3p1b2/3P4/3BPN2/PPP2PPP/RNBQK2R w KQkq -,MODEL_PREDICTION_NOT_EMPIRICAL,cuda,on,2.11.0+cu128,12.8,NVIDIA GeForce RTX 3090,7.55442660022527,632516608,0.9822934903204441
COL-01,B1,1500,maia3-79m,3,d1e2,Qe2,0.0735550969839096,0.9822934903204441,0.6427090713859472,508,29,463,rn1qkb1r/ppp2ppp/4pn2/3p1b2/3P4/3BPN2/PPP2PPP/RNBQK2R w KQkq -,MODEL_PREDICTION_NOT_EMPIRICAL,cuda,on,2.11.0+cu128,12.8,NVIDIA GeForce RTX 3090,7.55442660022527,632516608,0.9822934903204441
COL-01,B1,1500,maia3-79m,4,c2c3,c3,0.06802733987569809,0.9822934903204441,0.6427090713859472,505,33,462,rn1qkb1r/ppp2ppp/4pn2/3p1b2/3P4/3BPN2/PPP2PPP/RNBQK2R w KQkq -,MODEL_PREDICTION_NOT_EMPIRICAL,cuda,on,2.11.0+cu128,12.8,NVIDIA GeForce RTX 3090,7.55442660022527,632516608,0.9822934903204441
COL-01,B1,1500,maia3-79m,5,b1d2,Nbd2,0.06491214036941528,0.9822934903204441,0.6427090713859472,490,34,476,rn1qkb1r/ppp2ppp/4pn2/3p1b2/3P4/3BPN2/PPP2PPP/RNBQK2R w KQkq -,MODEL_PREDICTION_NOT_EMPIRICAL,cuda,on,2.11.0+cu128,12.8,NVIDIA GeForce RTX 3090,7.55442660022527,632516608,0.9822934903204441
COL-01,B1,1500,maia3-79m,6,b1c3,Nc3,0.026639888063073158,0.9822934903204441,0.6427090713859472,502,32,466,rn1qkb1r/ppp2ppp/4pn2/3p1b2/3P4/3BPN2/PPP2PPP/RNBQK2R w KQkq -,MODEL_PREDICTION_NOT_EMPIRICAL,cuda,on,2.11.0+cu128,12.8,NVIDIA GeForce RTX 3090,7.55442660022527,632516608,0.9822934903204441
COL-01,B1,1500,maia3-79m,7,b2b3,b3,0.024255895987153053,0.9822934903204441,0.6427090713859472,499,32,469,rn1qkb1r/ppp2ppp/4pn2/3p1b2/3P4/3BPN2/PPP2PPP/RNBQK2R w KQkq -,MODEL_PREDICTION_NOT_EMPIRICAL,cuda,on,2.11.0+cu128,12.8,NVIDIA GeForce RTX 3090,7.55442660022527,632516608,0.9822934903204441
COL-01,B1,1500,maia3-79m,8,f3e5,Ne5,0.010432330891489983,0.9822934903204441,0.6427090713859472,511,32,457,rn1qkb1r/ppp2ppp/4pn2/3p1b2/3P4/3BPN2/PPP2PPP/RNBQK2R w KQkq -,MODEL_PREDICTION_NOT_EMPIRICAL,cuda,on,2.11.0+cu128,12.8,NVIDIA GeForce RTX 3090,7.55442660022527,632516608,0.9822934903204441
COL-01,B1,1500,maia3-79m,9,c2c4,c4,0.010270591825246811,0.9822934903204441,0.6427090713859472,506,31,463,rn1qkb1r/ppp2ppp/4pn2/3p1b2/3P4/3BPN2/PPP2PPP/RNBQK2R w KQkq -,MODEL_PREDICTION_NOT_EMPIRICAL,cuda,on,2.11.0+cu128,12.8,NVIDIA GeForce RTX 3090,7.55442660022527,632516608,0.9822934903204441
COL-01,B1,1500,maia3-79m,10,a2a3,a3,0.008124707266688347,0.9822934903204441,0.6427090713859472,509,32,459,rn1qkb1r/ppp2ppp/4pn2/3p1b2/3P4/3BPN2/PPP2PPP/RNBQK2R w KQkq -,MODEL_PREDICTION_NOT_EMPIRICAL,cuda,on,2.11.0+cu128,12.8,NVIDIA GeForce RTX 3090,7.55442660022527,632516608,0.9822934903204441
COL-01,B1,1700,maia3-79m,1,d3f5,Bxf5,0.5492711663246155,0.9847077568992972,0.6426834842577425,506,39,455,rn1qkb1r/ppp2ppp/4pn2/3p1b2/3P4/3BPN2/PPP2PPP/RNBQK2R w KQkq -,MODEL_PREDICTION_NOT_EMPIRICAL,cuda,on,2.11.0+cu128,12.8,NVIDIA GeForce RTX 3090,7.55442660022527,632516608,0.9847077568992972
COL-01,B1,1700,maia3-79m,2,e1g1,O-O,0.1649211049079895,0.9847077568992972,0.6426834842577425,501,38,461,rn1qkb1r/ppp2ppp/4pn2/3p1b2/3P4/3BPN2/PPP2PPP/RNBQK2R w KQkq -,MODEL_PREDICTION_NOT_EMPIRICAL,cuda,on,2.11.0+cu128,12.8,NVIDIA GeForce RTX 3090,7.55442660022527,632516608,0.9847077568992972
COL-01,B1,1700,maia3-79m,3,c2c3,c3,0.06358275562524796,0.9847077568992972,0.6426834842577425,499,38,463,rn1qkb1r/ppp2ppp/4pn2/3p1b2/3P4/3BPN2/PPP2PPP/RNBQK2R w KQkq -,MODEL_PREDICTION_NOT_EMPIRICAL,cuda,on,2.11.0+cu128,12.8,NVIDIA GeForce RTX 3090,7.55442660022527,632516608,0.9847077568992972
COL-01,B1,1700,maia3-79m,4,b1d2,Nbd2,0.06259699165821075,0.9847077568992972,0.6426834842577425,490,38,472,rn1qkb1r/ppp2ppp/4pn2/3p1b2/3P4/3BPN2/PPP2PPP/RNBQK2R w KQkq -,MODEL_PREDICTION_NOT_EMPIRICAL,cuda,on,2.11.0+cu128,12.8,NVIDIA GeForce RTX 3090,7.55442660022527,632516608,0.9847077568992972
COL-01,B1,1700,maia3-79m,5,d1e2,Qe2,0.058804430067539215,0.9847077568992972,0.6426834842577425,505,34,461,rn1qkb1r/ppp2ppp/4pn2/3p1b2/3P4/3BPN2/PPP2PPP/RNBQK2R w KQkq -,MODEL_PREDICTION_NOT_EMPIRICAL,cuda,on,2.11.0+cu128,12.8,NVIDIA GeForce RTX 3090,7.55442660022527,632516608,0.9847077568992972
COL-01,B1,1700,maia3-79m,6,b2b3,b3,0.030507337301969528,0.9847077568992972,0.6426834842577425,496,37,467,rn1qkb1r/ppp2ppp/4pn2/3p1b2/3P4/3BPN2/PPP2PPP/RNBQK2R w KQkq -,MODEL_PREDICTION_NOT_EMPIRICAL,cuda,on,2.11.0+cu128,12.8,NVIDIA GeForce RTX 3090,7.55442660022527,632516608,0.9847077568992972
COL-01,B1,1700,maia3-79m,7,b1c3,Nc3,0.023028146475553513,0.9847077568992972,0.6426834842577425,497,37,466,rn1qkb1r/ppp2ppp/4pn2/3p1b2/3P4/3BPN2/PPP2PPP/RNBQK2R w KQkq -,MODEL_PREDICTION_NOT_EMPIRICAL,cuda,on,2.11.0+cu128,12.8,NVIDIA GeForce RTX 3090,7.55442660022527,632516608,0.9847077568992972
COL-01,B1,1700,maia3-79m,8,c2c4,c4,0.01291762012988329,0.9847077568992972,0.6426834842577425,509,35,456,rn1qkb1r/ppp2ppp/4pn2/3p1b2/3P4/3BPN2/PPP2PPP/RNBQK2R w KQkq -,MODEL_PREDICTION_NOT_EMPIRICAL,cuda,on,2.11.0+cu128,12.8,NVIDIA GeForce RTX 3090,7.55442660022527,632516608,0.9847077568992972
COL-01,B1,1700,maia3-79m,9,f3e5,Ne5,0.010060252621769905,0.9847077568992972,0.6426834842577425,506,37,457,rn1qkb1r/ppp2ppp/4pn2/3p1b2/3P4/3BPN2/PPP2PPP/RNBQK2R w KQkq -,MODEL_PREDICTION_NOT_EMPIRICAL,cuda,on,2.11.0+cu128,12.8,NVIDIA GeForce RTX 3090,7.55442660022527,632516608,0.9847077568992972
COL-01,B1,1700,maia3-79m,10,a2a3,a3,0.009017951786518097,0.9847077568992972,0.6426834842577425,504,37,459,rn1qkb1r/ppp2ppp/4pn2/3p1b2/3P4/3BPN2/PPP2PPP/RNBQK2R w KQkq -,MODEL_PREDICTION_NOT_EMPIRICAL,cuda,on,2.11.0+cu128,12.8,NVIDIA GeForce RTX 3090,7.55442660022527,632516608,0.9847077568992972
COL-01,B1,1900,maia3-79m,1,d3f5,Bxf5,0.5188465118408203,0.9864237802103162,0.6504496275024894,504,43,453,rn1qkb1r/ppp2ppp/4pn2/3p1b2/3P4/3BPN2/PPP2PPP/RNBQK2R w KQkq -,MODEL_PREDICTION_NOT_EMPIRICAL,cuda,on,2.11.0+cu128,12.8,NVIDIA GeForce RTX 3090,7.55442660022527,632516608,0.9864237802103162
COL-01,B1,1900,maia3-79m,2,e1g1,O-O,0.21628738939762115,0.9864237802103162,0.6504496275024894,497,46,457,rn1qkb1r/ppp2ppp/4pn2/3p1b2/3P4/3BPN2/PPP2PPP/RNBQK2R w KQkq -,MODEL_PREDICTION_NOT_EMPIRICAL,cuda,on,2.11.0+cu128,12.8,NVIDIA GeForce RTX 3090,7.55442660022527,632516608,0.9864237802103162
COL-01,B1,1900,maia3-79m,3,b1d2,Nbd2,0.06006084382534027,0.9864237802103162,0.6504496275024894,492,45,463,rn1qkb1r/ppp2ppp/4pn2/3p1b2/3P4/3BPN2/PPP2PPP/RNBQK2R w KQkq -,MODEL_PREDICTION_NOT_EMPIRICAL,cuda,on,2.11.0+cu128,12.8,NVIDIA GeForce RTX 3090,7.55442660022527,632516608,0.9864237802103162
COL-01,B1,1900,maia3-79m,4,c2c3,c3,0.05057629942893982,0.9864237802103162,0.6504496275024894,491,47,462,rn1qkb1r/ppp2ppp/4pn2/3p1b2/3P4/3BPN2/PPP2PPP/RNBQK2R w KQkq -,MODEL_PREDICTION_NOT_EMPIRICAL,cuda,on,2.11.0+cu128,12.8,NVIDIA GeForce RTX 3090,7.55442660022527,632516608,0.9864237802103162
COL-01,B1,1900,maia3-79m,5,d1e2,Qe2,0.043260201811790466,0.9864237802103162,0.6504496275024894,503,41,456,rn1qkb1r/ppp2ppp/4pn2/3p1b2/3P4/3BPN2/PPP2PPP/RNBQK2R w KQkq -,MODEL_PREDICTION_NOT_EMPIRICAL,cuda,on,2.11.0+cu128,12.8,NVIDIA GeForce RTX 3090,7.55442660022527,632516608,0.9864237802103162
COL-01,B1,1900,maia3-79m,6,b2b3,b3,0.03938886150717735,0.9864237802103162,0.6504496275024894,492,44,464,rn1qkb1r/ppp2ppp/4pn2/3p1b2/3P4/3BPN2/PPP2PPP/RNBQK2R w KQkq -,MODEL_PREDICTION_NOT_EMPIRICAL,cuda,on,2.11.0+cu128,12.8,NVIDIA GeForce RTX 3090,7.55442660022527,632516608,0.9864237802103162
COL-01,B1,1900,maia3-79m,7,c2c4,c4,0.01803353615105152,0.9864237802103162,0.6504496275024894,508,42,450,rn1qkb1r/ppp2ppp/4pn2/3p1b2/3P4/3BPN2/PPP2PPP/RNBQK2R w KQkq -,MODEL_PREDICTION_NOT_EMPIRICAL,cuda,on,2.11.0+cu128,12.8,NVIDIA GeForce RTX 3090,7.55442660022527,632516608,0.9864237802103162
COL-01,B1,1900,maia3-79m,8,b1c3,Nc3,0.01641971804201603,0.9864237802103162,0.6504496275024894,496,43,461,rn1qkb1r/ppp2ppp/4pn2/3p1b2/3P4/3BPN2/PPP2PPP/RNBQK2R w KQkq -,MODEL_PREDICTION_NOT_EMPIRICAL,cuda,on,2.11.0+cu128,12.8,NVIDIA GeForce RTX 3090,7.55442660022527,632516608,0.9864237802103162
COL-01,B1,1900,maia3-79m,9,f3e5,Ne5,0.015914538875222206,0.9864237802103162,0.6504496275024894,503,44,453,rn1qkb1r/ppp2ppp/4pn2/3p1b2/3P4/3BPN2/PPP2PPP/RNBQK2R w KQkq -,MODEL_PREDICTION_NOT_EMPIRICAL,cuda,on,2.11.0+cu128,12.8,NVIDIA GeForce RTX 3090,7.55442660022527,632516608,0.9864237802103162
COL-01,B1,1900,maia3-79m,10,a2a3,a3,0.007635879330337048,0.9864237802103162,0.6504496275024894,495,45,460,rn1qkb1r/ppp2ppp/4pn2/3p1b2/3P4/3BPN2/PPP2PPP/RNBQK2R w KQkq -,MODEL_PREDICTION_NOT_EMPIRICAL,cuda,on,2.11.0+cu128,12.8,NVIDIA GeForce RTX 3090,7.55442660022527,632516608,0.9864237802103162
COL-01,B1,2100,maia3-79m,1,d3f5,Bxf5,0.468563973903656,0.9920501997694373,0.645551362072844,503,50,447,rn1qkb1r/ppp2ppp/4pn2/3p1b2/3P4/3BPN2/PPP2PPP/RNBQK2R w KQkq -,MODEL_PREDICTION_NOT_EMPIRICAL,cuda,on,2.11.0+cu128,12.8,NVIDIA GeForce RTX 3090,7.55442660022527,632516608,0.9920501997694373
COL-01,B1,2100,maia3-79m,2,e1g1,O-O,0.29783737659454346,0.9920501997694373,0.645551362072844,488,57,455,rn1qkb1r/ppp2ppp/4pn2/3p1b2/3P4/3BPN2/PPP2PPP/RNBQK2R w KQkq -,MODEL_PREDICTION_NOT_EMPIRICAL,cuda,on,2.11.0+cu128,12.8,NVIDIA GeForce RTX 3090,7.55442660022527,632516608,0.9920501997694373
COL-01,B1,2100,maia3-79m,3,b1d2,Nbd2,0.05257141962647438,0.9920501997694373,0.645551362072844,486,56,458,rn1qkb1r/ppp2ppp/4pn2/3p1b2/3P4/3BPN2/PPP2PPP/RNBQK2R w KQkq -,MODEL_PREDICTION_NOT_EMPIRICAL,cuda,on,2.11.0+cu128,12.8,NVIDIA GeForce RTX 3090,7.55442660022527,632516608,0.9920501997694373
COL-01,B1,2100,maia3-79m,4,b2b3,b3,0.046394117176532745,0.9920501997694373,0.645551362072844,480,55,465,rn1qkb1r/ppp2ppp/4pn2/3p1b2/3P4/3BPN2/PPP2PPP/RNBQK2R w KQkq -,MODEL_PREDICTION_NOT_EMPIRICAL,cuda,on,2.11.0+cu128,12.8,NVIDIA GeForce RTX 3090,7.55442660022527,632516608,0.9920501997694373
COL-01,B1,2100,maia3-79m,5,f3e5,Ne5,0.030905144289135933,0.9920501997694373,0.645551362072844,496,55,449,rn1qkb1r/ppp2ppp/4pn2/3p1b2/3P4/3BPN2/PPP2PPP/RNBQK2R w KQkq -,MODEL_PREDICTION_NOT_EMPIRICAL,cuda,on,2.11.0+cu128,12.8,NVIDIA GeForce RTX 3090,7.55442660022527,632516608,0.9920501997694373
COL-01,B1,2100,maia3-79m,6,d1e2,Qe2,0.029032696038484573,0.9920501997694373,0.645551362072844,495,51,454,rn1qkb1r/ppp2ppp/4pn2/3p1b2/3P4/3BPN2/PPP2PPP/RNBQK2R w KQkq -,MODEL_PREDICTION_NOT_EMPIRICAL,cuda,on,2.11.0+cu128,12.8,NVIDIA GeForce RTX 3090,7.55442660022527,632516608,0.9920501997694373
COL-01,B1,2100,maia3-79m,7,c2c3,c3,0.02643457241356373,0.9920501997694373,0.645551362072844,480,57,463,rn1qkb1r/ppp2ppp/4pn2/3p1b2/3P4/3BPN2/PPP2PPP/RNBQK2R w KQkq -,MODEL_PREDICTION_NOT_EMPIRICAL,cuda,on,2.11.0+cu128,12.8,NVIDIA GeForce RTX 3090,7.55442660022527,632516608,0.9920501997694373
COL-01,B1,2100,maia3-79m,8,c2c4,c4,0.02483298070728779,0.9920501997694373,0.645551362072844,503,51,446,rn1qkb1r/ppp2ppp/4pn2/3p1b2/3P4/3BPN2/PPP2PPP/RNBQK2R w KQkq -,MODEL_PREDICTION_NOT_EMPIRICAL,cuda,on,2.11.0+cu128,12.8,NVIDIA GeForce RTX 3090,7.55442660022527,632516608,0.9920501997694373
COL-01,B1,2100,maia3-79m,9,b1c3,Nc3,0.008582049049437046,0.9920501997694373,0.645551362072844,488,53,459,rn1qkb1r/ppp2ppp/4pn2/3p1b2/3P4/3BPN2/PPP2PPP/RNBQK2R w KQkq -,MODEL_PREDICTION_NOT_EMPIRICAL,cuda,on,2.11.0+cu128,12.8,NVIDIA GeForce RTX 3090,7.55442660022527,632516608,0.9920501997694373
COL-01,B1,2100,maia3-79m,10,h2h3,h3,0.006895869970321655,0.9920501997694373,0.645551362072844,481,55,464,rn1qkb1r/ppp2ppp/4pn2/3p1b2/3P4/3BPN2/PPP2PPP/RNBQK2R w KQkq -,MODEL_PREDICTION_NOT_EMPIRICAL,cuda,on,2.11.0+cu128,12.8,NVIDIA GeForce RTX 3090,7.55442660022527,632516608,0.9920501997694373
COL-10,B1,1100,maia3-79m,1,b1d2,Nbd2,0.22638501226902008,0.9781389310956001,0.8903587721198808,532,25,443,r1bqkb1r/pp3ppp/2n1pn2/2pp4/3P4/1P2PN2/PBP2PPP/RN1QKB1R w KQkq -,MODEL_PREDICTION_NOT_EMPIRICAL,cuda,on,2.11.0+cu128,12.8,NVIDIA GeForce RTX 3090,7.55442660022527,632516608,0.9781389310956001
COL-10,B1,1100,maia3-79m,2,f1d3,Bd3,0.20293021202087402,0.9781389310956001,0.8903587721198808,530,24,446,r1bqkb1r/pp3ppp/2n1pn2/2pp4/3P4/1P2PN2/PBP2PPP/RN1QKB1R w KQkq -,MODEL_PREDICTION_NOT_EMPIRICAL,cuda,on,2.11.0+cu128,12.8,NVIDIA GeForce RTX 3090,7.55442660022527,632516608,0.9781389310956001
COL-10,B1,1100,maia3-79m,3,f1b5,Bb5,0.14166812598705292,0.9781389310956001,0.8903587721198808,499,24,477,r1bqkb1r/pp3ppp/2n1pn2/2pp4/3P4/1P2PN2/PBP2PPP/RN1QKB1R w KQkq -,MODEL_PREDICTION_NOT_EMPIRICAL,cuda,on,2.11.0+cu128,12.8,NVIDIA GeForce RTX 3090,7.55442660022527,632516608,0.9781389310956001
COL-10,B1,1100,maia3-79m,4,a2a3,a3,0.11206870526075363,0.9781389310956001,0.8903587721198808,527,25,448,r1bqkb1r/pp3ppp/2n1pn2/2pp4/3P4/1P2PN2/PBP2PPP/RN1QKB1R w KQkq -,MODEL_PREDICTION_NOT_EMPIRICAL,cuda,on,2.11.0+cu128,12.8,NVIDIA GeForce RTX 3090,7.55442660022527,632516608,0.9781389310956001
COL-10,B1,1100,maia3-79m,5,d4c5,dxc5,0.07349645346403122,0.9781389310956001,0.8903587721198808,468,25,507,r1bqkb1r/pp3ppp/2n1pn2/2pp4/3P4/1P2PN2/PBP2PPP/RN1QKB1R w KQkq -,MODEL_PREDICTION_NOT_EMPIRICAL,cuda,on,2.11.0+cu128,12.8,NVIDIA GeForce RTX 3090,7.55442660022527,632516608,0.9781389310956001
COL-10,B1,1100,maia3-79m,6,c2c4,c4,0.07235699892044067,0.9781389310956001,0.8903587721198808,521,25,454,r1bqkb1r/pp3ppp/2n1pn2/2pp4/3P4/1P2PN2/PBP2PPP/RN1QKB1R w KQkq -,MODEL_PREDICTION_NOT_EMPIRICAL,cuda,on,2.11.0+cu128,12.8,NVIDIA GeForce RTX 3090,7.55442660022527,632516608,0.9781389310956001
COL-10,B1,1100,maia3-79m,7,c2c3,c3,0.05377115681767464,0.9781389310956001,0.8903587721198808,534,25,441,r1bqkb1r/pp3ppp/2n1pn2/2pp4/3P4/1P2PN2/PBP2PPP/RN1QKB1R w KQkq -,MODEL_PREDICTION_NOT_EMPIRICAL,cuda,on,2.11.0+cu128,12.8,NVIDIA GeForce RTX 3090,7.55442660022527,632516608,0.9781389310956001
COL-10,B1,1100,maia3-79m,8,b1c3,Nc3,0.034179024398326874,0.9781389310956001,0.8903587721198808,512,26,462,r1bqkb1r/pp3ppp/2n1pn2/2pp4/3P4/1P2PN2/PBP2PPP/RN1QKB1R w KQkq -,MODEL_PREDICTION_NOT_EMPIRICAL,cuda,on,2.11.0+cu128,12.8,NVIDIA GeForce RTX 3090,7.55442660022527,632516608,0.9781389310956001
COL-10,B1,1100,maia3-79m,9,f1e2,Be2,0.031120356172323227,0.9781389310956001,0.8903587721198808,527,25,448,r1bqkb1r/pp3ppp/2n1pn2/2pp4/3P4/1P2PN2/PBP2PPP/RN1QKB1R w KQkq -,MODEL_PREDICTION_NOT_EMPIRICAL,cuda,on,2.11.0+cu128,12.8,NVIDIA GeForce RTX 3090,7.55442660022527,632516608,0.9781389310956001
COL-10,B1,1100,maia3-79m,10,f3e5,Ne5,0.030162885785102844,0.9781389310956001,0.8903587721198808,508,26,466,r1bqkb1r/pp3ppp/2n1pn2/2pp4/3P4/1P2PN2/PBP2PPP/RN1QKB1R w KQkq -,MODEL_PREDICTION_NOT_EMPIRICAL,cuda,on,2.11.0+cu128,12.8,NVIDIA GeForce RTX 3090,7.55442660022527,632516608,0.9781389310956001
COL-10,B1,1300,maia3-79m,1,b1d2,Nbd2,0.2522546052932739,0.9870488904416561,0.8559108740716709,531,25,444,r1bqkb1r/pp3ppp/2n1pn2/2pp4/3P4/1P2PN2/PBP2PPP/RN1QKB1R w KQkq -,MODEL_PREDICTION_NOT_EMPIRICAL,cuda,on,2.11.0+cu128,12.8,NVIDIA GeForce RTX 3090,7.55442660022527,632516608,0.9870488904416561
COL-10,B1,1300,maia3-79m,2,f1d3,Bd3,0.22261390089988708,0.9870488904416561,0.8559108740716709,534,24,442,r1bqkb1r/pp3ppp/2n1pn2/2pp4/3P4/1P2PN2/PBP2PPP/RN1QKB1R w KQkq -,MODEL_PREDICTION_NOT_EMPIRICAL,cuda,on,2.11.0+cu128,12.8,NVIDIA GeForce RTX 3090,7.55442660022527,632516608,0.9870488904416561
COL-10,B1,1300,maia3-79m,3,a2a3,a3,0.153000146150589,0.9870488904416561,0.8559108740716709,525,25,450,r1bqkb1r/pp3ppp/2n1pn2/2pp4/3P4/1P2PN2/PBP2PPP/RN1QKB1R w KQkq -,MODEL_PREDICTION_NOT_EMPIRICAL,cuda,on,2.11.0+cu128,12.8,NVIDIA GeForce RTX 3090,7.55442660022527,632516608,0.9870488904416561
COL-10,B1,1300,maia3-79m,4,f1b5,Bb5,0.12293907254934311,0.9870488904416561,0.8559108740716709,499,25,476,r1bqkb1r/pp3ppp/2n1pn2/2pp4/3P4/1P2PN2/PBP2PPP/RN1QKB1R w KQkq -,MODEL_PREDICTION_NOT_EMPIRICAL,cuda,on,2.11.0+cu128,12.8,NVIDIA GeForce RTX 3090,7.55442660022527,632516608,0.9870488904416561
COL-10,B1,1300,maia3-79m,5,c2c4,c4,0.06377995014190674,0.9870488904416561,0.8559108740716709,517,25,458,r1bqkb1r/pp3ppp/2n1pn2/2pp4/3P4/1P2PN2/PBP2PPP/RN1QKB1R w KQkq -,MODEL_PREDICTION_NOT_EMPIRICAL,cuda,on,2.11.0+cu128,12.8,NVIDIA GeForce RTX 3090,7.55442660022527,632516608,0.9870488904416561
COL-10,B1,1300,maia3-79m,6,d4c5,dxc5,0.05205567553639412,0.9870488904416561,0.8559108740716709,472,25,503,r1bqkb1r/pp3ppp/2n1pn2/2pp4/3P4/1P2PN2/PBP2PPP/RN1QKB1R w KQkq -,MODEL_PREDICTION_NOT_EMPIRICAL,cuda,on,2.11.0+cu128,12.8,NVIDIA GeForce RTX 3090,7.55442660022527,632516608,0.9870488904416561
COL-10,B1,1300,maia3-79m,7,c2c3,c3,0.04739723354578018,0.9870488904416561,0.8559108740716709,533,25,442,r1bqkb1r/pp3ppp/2n1pn2/2pp4/3P4/1P2PN2/PBP2PPP/RN1QKB1R w KQkq -,MODEL_PREDICTION_NOT_EMPIRICAL,cuda,on,2.11.0+cu128,12.8,NVIDIA GeForce RTX 3090,7.55442660022527,632516608,0.9870488904416561
COL-10,B1,1300,maia3-79m,8,f1e2,Be2,0.030601954087615013,0.9870488904416561,0.8559108740716709,529,25,446,r1bqkb1r/pp3ppp/2n1pn2/2pp4/3P4/1P2PN2/PBP2PPP/RN1QKB1R w KQkq -,MODEL_PREDICTION_NOT_EMPIRICAL,cuda,on,2.11.0+cu128,12.8,NVIDIA GeForce RTX 3090,7.55442660022527,632516608,0.9870488904416561
COL-10,B1,1300,maia3-79m,9,f3e5,Ne5,0.02170003391802311,0.9870488904416561,0.8559108740716709,506,26,468,r1bqkb1r/pp3ppp/2n1pn2/2pp4/3P4/1P2PN2/PBP2PPP/RN1QKB1R w KQkq -,MODEL_PREDICTION_NOT_EMPIRICAL,cuda,on,2.11.0+cu128,12.8,NVIDIA GeForce RTX 3090,7.55442660022527,632516608,0.9870488904416561
COL-10,B1,1300,maia3-79m,10,b1c3,Nc3,0.02070631831884384,0.9870488904416561,0.8559108740716709,510,26,464,r1bqkb1r/pp3ppp/2n1pn2/2pp4/3P4/1P2PN2/PBP2PPP/RN1QKB1R w KQkq -,MODEL_PREDICTION_NOT_EMPIRICAL,cuda,on,2.11.0+cu128,12.8,NVIDIA GeForce RTX 3090,7.55442660022527,632516608,0.9870488904416561
COL-10,B1,1500,maia3-79m,1,b1d2,Nbd2,0.2852810323238373,0.9908223282545805,0.8189583353135242,537,27,436,r1bqkb1r/pp3ppp/2n1pn2/2pp4/3P4/1P2PN2/PBP2PPP/RN1QKB1R w KQkq -,MODEL_PREDICTION_NOT_EMPIRICAL,cuda,on,2.11.0+cu128,12.8,NVIDIA GeForce RTX 3090,7.55442660022527,632516608,0.9908223282545805
COL-10,B1,1500,maia3-79m,2,f1d3,Bd3,0.22922974824905396,0.9908223282545805,0.8189583353135242,541,26,433,r1bqkb1r/pp3ppp/2n1pn2/2pp4/3P4/1P2PN2/PBP2PPP/RN1QKB1R w KQkq -,MODEL_PREDICTION_NOT_EMPIRICAL,cuda,on,2.11.0+cu128,12.8,NVIDIA GeForce RTX 3090,7.55442660022527,632516608,0.9908223282545805
COL-10,B1,1500,maia3-79m,3,a2a3,a3,0.1841912716627121,0.9908223282545805,0.8189583353135242,527,27,446,r1bqkb1r/pp3ppp/2n1pn2/2pp4/3P4/1P2PN2/PBP2PPP/RN1QKB1R w KQkq -,MODEL_PREDICTION_NOT_EMPIRICAL,cuda,on,2.11.0+cu128,12.8,NVIDIA GeForce RTX 3090,7.55442660022527,632516608,0.9908223282545805
COL-10,B1,1500,maia3-79m,4,f1b5,Bb5,0.09118129312992096,0.9908223282545805,0.8189583353135242,507,27,466,r1bqkb1r/pp3ppp/2n1pn2/2pp4/3P4/1P2PN2/PBP2PPP/RN1QKB1R w KQkq -,MODEL_PREDICTION_NOT_EMPIRICAL,cuda,on,2.11.0+cu128,12.8,NVIDIA GeForce RTX 3090,7.55442660022527,632516608,0.9908223282545805
COL-10,B1,1500,maia3-79m,5,c2c4,c4,0.05360271781682968,0.9908223282545805,0.8189583353135242,519,28,453,r1bqkb1r/pp3ppp/2n1pn2/2pp4/3P4/1P2PN2/PBP2PPP/RN1QKB1R w KQkq -,MODEL_PREDICTION_NOT_EMPIRICAL,cuda,on,2.11.0+cu128,12.8,NVIDIA GeForce RTX 3090,7.55442660022527,632516608,0.9908223282545805
COL-10,B1,1500,maia3-79m,6,d4c5,dxc5,0.04307099059224129,0.9908223282545805,0.8189583353135242,478,28,494,r1bqkb1r/pp3ppp/2n1pn2/2pp4/3P4/1P2PN2/PBP2PPP/RN1QKB1R w KQkq -,MODEL_PREDICTION_NOT_EMPIRICAL,cuda,on,2.11.0+cu128,12.8,NVIDIA GeForce RTX 3090,7.55442660022527,632516608,0.9908223282545805
COL-10,B1,1500,maia3-79m,7,c2c3,c3,0.04240323603153229,0.9908223282545805,0.8189583353135242,537,27,436,r1bqkb1r/pp3ppp/2n1pn2/2pp4/3P4/1P2PN2/PBP2PPP/RN1QKB1R w KQkq -,MODEL_PREDICTION_NOT_EMPIRICAL,cuda,on,2.11.0+cu128,12.8,NVIDIA GeForce RTX 3090,7.55442660022527,632516608,0.9908223282545805
COL-10,B1,1500,maia3-79m,8,f1e2,Be2,0.03407195955514908,0.9908223282545805,0.8189583353135242,536,27,437,r1bqkb1r/pp3ppp/2n1pn2/2pp4/3P4/1P2PN2/PBP2PPP/RN1QKB1R w KQkq -,MODEL_PREDICTION_NOT_EMPIRICAL,cuda,on,2.11.0+cu128,12.8,NVIDIA GeForce RTX 3090,7.55442660022527,632516608,0.9908223282545805
COL-10,B1,1500,maia3-79m,9,f3e5,Ne5,0.014654166996479034,0.9908223282545805,0.8189583353135242,511,28,461,r1bqkb1r/pp3ppp/2n1pn2/2pp4/3P4/1P2PN2/PBP2PPP/RN1QKB1R w KQkq -,MODEL_PREDICTION_NOT_EMPIRICAL,cuda,on,2.11.0+cu128,12.8,NVIDIA GeForce RTX 3090,7.55442660022527,632516608,0.9908223282545805
COL-10,B1,1500,maia3-79m,10,b1c3,Nc3,0.013135911896824837,0.9908223282545805,0.8189583353135242,513,27,460,r1bqkb1r/pp3ppp/2n1pn2/2pp4/3P4/1P2PN2/PBP2PPP/RN1QKB1R w KQkq -,MODEL_PREDICTION_NOT_EMPIRICAL,cuda,on,2.11.0+cu128,12.8,NVIDIA GeForce RTX 3090,7.55442660022527,632516608,0.9908223282545805
COL-10,B1,1700,maia3-79m,1,b1d2,Nbd2,0.32385683059692383,0.9926656014285982,0.7734166125411606,544,31,425,r1bqkb1r/pp3ppp/2n1pn2/2pp4/3P4/1P2PN2/PBP2PPP/RN1QKB1R w KQkq -,MODEL_PREDICTION_NOT_EMPIRICAL,cuda,on,2.11.0+cu128,12.8,NVIDIA GeForce RTX 3090,7.55442660022527,632516608,0.9926656014285982
COL-10,B1,1700,maia3-79m,2,f1d3,Bd3,0.24066995084285736,0.9926656014285982,0.7734166125411606,550,29,421,r1bqkb1r/pp3ppp/2n1pn2/2pp4/3P4/1P2PN2/PBP2PPP/RN1QKB1R w KQkq -,MODEL_PREDICTION_NOT_EMPIRICAL,cuda,on,2.11.0+cu128,12.8,NVIDIA GeForce RTX 3090,7.55442660022527,632516608,0.9926656014285982
COL-10,B1,1700,maia3-79m,3,a2a3,a3,0.1964290887117386,0.9926656014285982,0.7734166125411606,535,31,434,r1bqkb1r/pp3ppp/2n1pn2/2pp4/3P4/1P2PN2/PBP2PPP/RN1QKB1R w KQkq -,MODEL_PREDICTION_NOT_EMPIRICAL,cuda,on,2.11.0+cu128,12.8,NVIDIA GeForce RTX 3090,7.55442660022527,632516608,0.9926656014285982
COL-10,B1,1700,maia3-79m,4,f1b5,Bb5,0.06085089221596718,0.9926656014285982,0.7734166125411606,520,31,449,r1bqkb1r/pp3ppp/2n1pn2/2pp4/3P4/1P2PN2/PBP2PPP/RN1QKB1R w KQkq -,MODEL_PREDICTION_NOT_EMPIRICAL,cuda,on,2.11.0+cu128,12.8,NVIDIA GeForce RTX 3090,7.55442660022527,632516608,0.9926656014285982
COL-10,B1,1700,maia3-79m,5,f1e2,Be2,0.041173771023750305,0.9926656014285982,0.7734166125411606,543,31,426,r1bqkb1r/pp3ppp/2n1pn2/2pp4/3P4/1P2PN2/PBP2PPP/RN1QKB1R w KQkq -,MODEL_PREDICTION_NOT_EMPIRICAL,cuda,on,2.11.0+cu128,12.8,NVIDIA GeForce RTX 3090,7.55442660022527,632516608,0.9926656014285982
COL-10,B1,1700,maia3-79m,6,c2c4,c4,0.03990698978304863,0.9926656014285982,0.7734166125411606,525,32,443,r1bqkb1r/pp3ppp/2n1pn2/2pp4/3P4/1P2PN2/PBP2PPP/RN1QKB1R w KQkq -,MODEL_PREDICTION_NOT_EMPIRICAL,cuda,on,2.11.0+cu128,12.8,NVIDIA GeForce RTX 3090,7.55442660022527,632516608,0.9926656014285982
COL-10,B1,1700,maia3-79m,7,d4c5,dxc5,0.03633572533726692,0.9926656014285982,0.7734166125411606,484,32,484,r1bqkb1r/pp3ppp/2n1pn2/2pp4/3P4/1P2PN2/PBP2PPP/RN1QKB1R w KQkq -,MODEL_PREDICTION_NOT_EMPIRICAL,cuda,on,2.11.0+cu128,12.8,NVIDIA GeForce RTX 3090,7.55442660022527,632516608,0.9926656014285982
COL-10,B1,1700,maia3-79m,8,c2c3,c3,0.03577239438891411,0.9926656014285982,0.7734166125411606,542,31,427,r1bqkb1r/pp3ppp/2n1pn2/2pp4/3P4/1P2PN2/PBP2PPP/RN1QKB1R w KQkq -,MODEL_PREDICTION_NOT_EMPIRICAL,cuda,on,2.11.0+cu128,12.8,NVIDIA GeForce RTX 3090,7.55442660022527,632516608,0.9926656014285982
COL-10,B1,1700,maia3-79m,9,f3e5,Ne5,0.009933635592460632,0.9926656014285982,0.7734166125411606,518,32,450,r1bqkb1r/pp3ppp/2n1pn2/2pp4/3P4/1P2PN2/PBP2PPP/RN1QKB1R w KQkq -,MODEL_PREDICTION_NOT_EMPIRICAL,cuda,on,2.11.0+cu128,12.8,NVIDIA GeForce RTX 3090,7.55442660022527,632516608,0.9926656014285982
COL-10,B1,1700,maia3-79m,10,b1c3,Nc3,0.007736322935670614,0.9926656014285982,0.7734166125411606,522,31,447,r1bqkb1r/pp3ppp/2n1pn2/2pp4/3P4/1P2PN2/PBP2PPP/RN1QKB1R w KQkq -,MODEL_PREDICTION_NOT_EMPIRICAL,cuda,on,2.11.0+cu128,12.8,NVIDIA GeForce RTX 3090,7.55442660022527,632516608,0.9926656014285982
COL-10,B1,1900,maia3-79m,1,b1d2,Nbd2,0.3803517520427704,0.9943722188472748,0.7090929522212234,550,37,413,r1bqkb1r/pp3ppp/2n1pn2/2pp4/3P4/1P2PN2/PBP2PPP/RN1QKB1R w KQkq -,MODEL_PREDICTION_NOT_EMPIRICAL,cuda,on,2.11.0+cu128,12.8,NVIDIA GeForce RTX 3090,7.55442660022527,632516608,0.9943722188472748
COL-10,B1,1900,maia3-79m,2,f1d3,Bd3,0.2655283212661743,0.9943722188472748,0.7090929522212234,552,35,413,r1bqkb1r/pp3ppp/2n1pn2/2pp4/3P4/1P2PN2/PBP2PPP/RN1QKB1R w KQkq -,MODEL_PREDICTION_NOT_EMPIRICAL,cuda,on,2.11.0+cu128,12.8,NVIDIA GeForce RTX 3090,7.55442660022527,632516608,0.9943722188472748
COL-10,B1,1900,maia3-79m,3,a2a3,a3,0.17413774132728577,0.9943722188472748,0.7090929522212234,537,37,426,r1bqkb1r/pp3ppp/2n1pn2/2pp4/3P4/1P2PN2/PBP2PPP/RN1QKB1R w KQkq -,MODEL_PREDICTION_NOT_EMPIRICAL,cuda,on,2.11.0+cu128,12.8,NVIDIA GeForce RTX 3090,7.55442660022527,632516608,0.9943722188472748
COL-10,B1,1900,maia3-79m,4,f1e2,Be2,0.04989129304885864,0.9943722188472748,0.7090929522212234,545,37,418,r1bqkb1r/pp3ppp/2n1pn2/2pp4/3P4/1P2PN2/PBP2PPP/RN1QKB1R w KQkq -,MODEL_PREDICTION_NOT_EMPIRICAL,cuda,on,2.11.0+cu128,12.8,NVIDIA GeForce RTX 3090,7.55442660022527,632516608,0.9943722188472748
COL-10,B1,1900,maia3-79m,5,f1b5,Bb5,0.03946726396679878,0.9943722188472748,0.7090929522212234,528,38,434,r1bqkb1r/pp3ppp/2n1pn2/2pp4/3P4/1P2PN2/PBP2PPP/RN1QKB1R w KQkq -,MODEL_PREDICTION_NOT_EMPIRICAL,cuda,on,2.11.0+cu128,12.8,NVIDIA GeForce RTX 3090,7.55442660022527,632516608,0.9943722188472748
COL-10,B1,1900,maia3-79m,6,d4c5,dxc5,0.025086918845772743,0.9943722188472748,0.7090929522212234,489,39,472,r1bqkb1r/pp3ppp/2n1pn2/2pp4/3P4/1P2PN2/PBP2PPP/RN1QKB1R w KQkq -,MODEL_PREDICTION_NOT_EMPIRICAL,cuda,on,2.11.0+cu128,12.8,NVIDIA GeForce RTX 3090,7.55442660022527,632516608,0.9943722188472748
COL-10,B1,1900,maia3-79m,7,c2c4,c4,0.025086918845772743,0.9943722188472748,0.7090929522212234,528,39,433,r1bqkb1r/pp3ppp/2n1pn2/2pp4/3P4/1P2PN2/PBP2PPP/RN1QKB1R w KQkq -,MODEL_PREDICTION_NOT_EMPIRICAL,cuda,on,2.11.0+cu128,12.8,NVIDIA GeForce RTX 3090,7.55442660022527,632516608,0.9943722188472748
COL-10,B1,1900,maia3-79m,8,c2c3,c3,0.023201605305075645,0.9943722188472748,0.7090929522212234,542,38,420,r1bqkb1r/pp3ppp/2n1pn2/2pp4/3P4/1P2PN2/PBP2PPP/RN1QKB1R w KQkq -,MODEL_PREDICTION_NOT_EMPIRICAL,cuda,on,2.11.0+cu128,12.8,NVIDIA GeForce RTX 3090,7.55442660022527,632516608,0.9943722188472748
COL-10,B1,1900,maia3-79m,9,f3e5,Ne5,0.00765107711777091,0.9943722188472748,0.7090929522212234,522,39,439,r1bqkb1r/pp3ppp/2n1pn2/2pp4/3P4/1P2PN2/PBP2PPP/RN1QKB1R w KQkq -,MODEL_PREDICTION_NOT_EMPIRICAL,cuda,on,2.11.0+cu128,12.8,NVIDIA GeForce RTX 3090,7.55442660022527,632516608,0.9943722188472748
COL-10,B1,1900,maia3-79m,10,g2g3,g3,0.0039693270809948444,0.9943722188472748,0.7090929522212234,534,38,428,r1bqkb1r/pp3ppp/2n1pn2/2pp4/3P4/1P2PN2/PBP2PPP/RN1QKB1R w KQkq -,MODEL_PREDICTION_NOT_EMPIRICAL,cuda,on,2.11.0+cu128,12.8,NVIDIA GeForce RTX 3090,7.55442660022527,632516608,0.9943722188472748
COL-10,B1,2100,maia3-79m,1,b1d2,Nbd2,0.44186437129974365,0.9974060405511409,0.6361042916768416,546,47,407,r1bqkb1r/pp3ppp/2n1pn2/2pp4/3P4/1P2PN2/PBP2PPP/RN1QKB1R w KQkq -,MODEL_PREDICTION_NOT_EMPIRICAL,cuda,on,2.11.0+cu128,12.8,NVIDIA GeForce RTX 3090,7.55442660022527,632516608,0.9974060405511409
COL-10,B1,2100,maia3-79m,2,f1d3,Bd3,0.2943451702594757,0.9974060405511409,0.6361042916768416,545,45,410,r1bqkb1r/pp3ppp/2n1pn2/2pp4/3P4/1P2PN2/PBP2PPP/RN1QKB1R w KQkq -,MODEL_PREDICTION_NOT_EMPIRICAL,cuda,on,2.11.0+cu128,12.8,NVIDIA GeForce RTX 3090,7.55442660022527,632516608,0.9974060405511409
COL-10,B1,2100,maia3-79m,3,a2a3,a3,0.13061486184597015,0.9974060405511409,0.6361042916768416,532,47,421,r1bqkb1r/pp3ppp/2n1pn2/2pp4/3P4/1P2PN2/PBP2PPP/RN1QKB1R w KQkq -,MODEL_PREDICTION_NOT_EMPIRICAL,cuda,on,2.11.0+cu128,12.8,NVIDIA GeForce RTX 3090,7.55442660022527,632516608,0.9974060405511409
COL-10,B1,2100,maia3-79m,4,f1e2,Be2,0.05444837361574173,0.9974060405511409,0.6361042916768416,537,48,415,r1bqkb1r/pp3ppp/2n1pn2/2pp4/3P4/1P2PN2/PBP2PPP/RN1QKB1R w KQkq -,MODEL_PREDICTION_NOT_EMPIRICAL,cuda,on,2.11.0+cu128,12.8,NVIDIA GeForce RTX 3090,7.55442660022527,632516608,0.9974060405511409
COL-10,B1,2100,maia3-79m,5,f1b5,Bb5,0.026536019518971443,0.9974060405511409,0.6361042916768416,523,47,430,r1bqkb1r/pp3ppp/2n1pn2/2pp4/3P4/1P2PN2/PBP2PPP/RN1QKB1R w KQkq -,MODEL_PREDICTION_NOT_EMPIRICAL,cuda,on,2.11.0+cu128,12.8,NVIDIA GeForce RTX 3090,7.55442660022527,632516608,0.9974060405511409
COL-10,B1,2100,maia3-79m,6,d4c5,dxc5,0.014885356649756432,0.9974060405511409,0.6361042916768416,493,48,459,r1bqkb1r/pp3ppp/2n1pn2/2pp4/3P4/1P2PN2/PBP2PPP/RN1QKB1R w KQkq -,MODEL_PREDICTION_NOT_EMPIRICAL,cuda,on,2.11.0+cu128,12.8,NVIDIA GeForce RTX 3090,7.55442660022527,632516608,0.9974060405511409
COL-10,B1,2100,maia3-79m,7,c2c4,c4,0.014654582366347313,0.9974060405511409,0.6361042916768416,517,50,433,r1bqkb1r/pp3ppp/2n1pn2/2pp4/3P4/1P2PN2/PBP2PPP/RN1QKB1R w KQkq -,MODEL_PREDICTION_NOT_EMPIRICAL,cuda,on,2.11.0+cu128,12.8,NVIDIA GeForce RTX 3090,7.55442660022527,632516608,0.9974060405511409
COL-10,B1,2100,maia3-79m,8,c2c3,c3,0.009915786795318127,0.9974060405511409,0.6361042916768416,534,48,418,r1bqkb1r/pp3ppp/2n1pn2/2pp4/3P4/1P2PN2/PBP2PPP/RN1QKB1R w KQkq -,MODEL_PREDICTION_NOT_EMPIRICAL,cuda,on,2.11.0+cu128,12.8,NVIDIA GeForce RTX 3090,7.55442660022527,632516608,0.9974060405511409
COL-10,B1,2100,maia3-79m,9,f3e5,Ne5,0.006922333966940641,0.9974060405511409,0.6361042916768416,522,49,429,r1bqkb1r/pp3ppp/2n1pn2/2pp4/3P4/1P2PN2/PBP2PPP/RN1QKB1R w KQkq -,MODEL_PREDICTION_NOT_EMPIRICAL,cuda,on,2.11.0+cu128,12.8,NVIDIA GeForce RTX 3090,7.55442660022527,632516608,0.9974060405511409
COL-10,B1,2100,maia3-79m,10,g2g3,g3,0.0032191842328757048,0.9974060405511409,0.6361042916768416,531,49,420,r1bqkb1r/pp3ppp/2n1pn2/2pp4/3P4/1P2PN2/PBP2PPP/RN1QKB1R w KQkq -,MODEL_PREDICTION_NOT_EMPIRICAL,cuda,on,2.11.0+cu128,12.8,NVIDIA GeForce RTX 3090,7.55442660022527,632516608,0.9974060405511409
VER-01,B1,1100,maia3-79m,1,f1b5,Bb5+,0.32844364643096924,0.9120295448228717,0.7063382928617533,504,26,470,rnbqkb1r/pp3ppp/4pn2/2pp2B1/3P4/2N1P3/PPP2PPP/R2QKBNR w KQkq -,MODEL_PREDICTION_NOT_EMPIRICAL,cuda,on,2.11.0+cu128,12.8,NVIDIA GeForce RTX 3090,7.55442660022527,632516608,0.9120295448228717
VER-01,B1,1100,maia3-79m,2,g1f3,Nf3,0.2853567898273468,0.9120295448228717,0.7063382928617533,527,24,449,rnbqkb1r/pp3ppp/4pn2/2pp2B1/3P4/2N1P3/PPP2PPP/R2QKBNR w KQkq -,MODEL_PREDICTION_NOT_EMPIRICAL,cuda,on,2.11.0+cu128,12.8,NVIDIA GeForce RTX 3090,7.55442660022527,632516608,0.9120295448228717
VER-01,B1,1100,maia3-79m,3,g5f6,Bxf6,0.08979149907827377,0.9120295448228717,0.7063382928617533,496,27,477,rnbqkb1r/pp3ppp/4pn2/2pp2B1/3P4/2N1P3/PPP2PPP/R2QKBNR w KQkq -,MODEL_PREDICTION_NOT_EMPIRICAL,cuda,on,2.11.0+cu128,12.8,NVIDIA GeForce RTX 3090,7.55442660022527,632516608,0.9120295448228717
VER-01,B1,1100,maia3-79m,4,d4c5,dxc5,0.06884553283452988,0.9120295448228717,0.7063382928617533,479,23,498,rnbqkb1r/pp3ppp/4pn2/2pp2B1/3P4/2N1P3/PPP2PPP/R2QKBNR w KQkq -,MODEL_PREDICTION_NOT_EMPIRICAL,cuda,on,2.11.0+cu128,12.8,NVIDIA GeForce RTX 3090,7.55442660022527,632516608,0.9120295448228717
VER-01,B1,1100,maia3-79m,5,d1f3,Qf3,0.04445001482963562,0.9120295448228717,0.7063382928617533,508,21,471,rnbqkb1r/pp3ppp/4pn2/2pp2B1/3P4/2N1P3/PPP2PPP/R2QKBNR w KQkq -,MODEL_PREDICTION_NOT_EMPIRICAL,cuda,on,2.11.0+cu128,12.8,NVIDIA GeForce RTX 3090,7.55442660022527,632516608,0.9120295448228717
VER-01,B1,1100,maia3-79m,6,f1d3,Bd3,0.04047219827771187,0.9120295448228717,0.7063382928617533,501,23,476,rnbqkb1r/pp3ppp/4pn2/2pp2B1/3P4/2N1P3/PPP2PPP/R2QKBNR w KQkq -,MODEL_PREDICTION_NOT_EMPIRICAL,cuda,on,2.11.0+cu128,12.8,NVIDIA GeForce RTX 3090,7.55442660022527,632516608,0.9120295448228717
VER-01,B1,1100,maia3-79m,7,g5f4,Bf4,0.015849141404032707,0.9120295448228717,0.7063382928617533,505,24,471,rnbqkb1r/pp3ppp/4pn2/2pp2B1/3P4/2N1P3/PPP2PPP/R2QKBNR w KQkq -,MODEL_PREDICTION_NOT_EMPIRICAL,cuda,on,2.11.0+cu128,12.8,NVIDIA GeForce RTX 3090,7.55442660022527,632516608,0.9120295448228717
VER-01,B1,1100,maia3-79m,8,e3e4,e4,0.015361514873802662,0.9120295448228717,0.7063382928617533,539,21,440,rnbqkb1r/pp3ppp/4pn2/2pp2B1/3P4/2N1P3/PPP2PPP/R2QKBNR w KQkq -,MODEL_PREDICTION_NOT_EMPIRICAL,cuda,on,2.11.0+cu128,12.8,NVIDIA GeForce RTX 3090,7.55442660022527,632516608,0.9120295448228717
VER-01,B1,1100,maia3-79m,9,a2a3,a3,0.01273514237254858,0.9120295448228717,0.7063382928617533,517,24,459,rnbqkb1r/pp3ppp/4pn2/2pp2B1/3P4/2N1P3/PPP2PPP/R2QKBNR w KQkq -,MODEL_PREDICTION_NOT_EMPIRICAL,cuda,on,2.11.0+cu128,12.8,NVIDIA GeForce RTX 3090,7.55442660022527,632516608,0.9120295448228717
VER-01,B1,1100,maia3-79m,10,f2f4,f4,0.010724064894020557,0.9120295448228717,0.7063382928617533,506,24,470,rnbqkb1r/pp3ppp/4pn2/2pp2B1/3P4/2N1P3/PPP2PPP/R2QKBNR w KQkq -,MODEL_PREDICTION_NOT_EMPIRICAL,cuda,on,2.11.0+cu128,12.8,NVIDIA GeForce RTX 3090,7.55442660022527,632516608,0.9120295448228717
VER-01,B1,1300,maia3-79m,1,g1f3,Nf3,0.3535768389701843,0.9154002023860812,0.6869463907397496,521,25,454,rnbqkb1r/pp3ppp/4pn2/2pp2B1/3P4/2N1P3/PPP2PPP/R2QKBNR w KQkq -,MODEL_PREDICTION_NOT_EMPIRICAL,cuda,on,2.11.0+cu128,12.8,NVIDIA GeForce RTX 3090,7.55442660022527,632516608,0.9154002023860812
VER-01,B1,1300,maia3-79m,2,f1b5,Bb5+,0.30243033170700073,0.9154002023860812,0.6869463907397496,501,27,472,rnbqkb1r/pp3ppp/4pn2/2pp2B1/3P4/2N1P3/PPP2PPP/R2QKBNR w KQkq -,MODEL_PREDICTION_NOT_EMPIRICAL,cuda,on,2.11.0+cu128,12.8,NVIDIA GeForce RTX 3090,7.55442660022527,632516608,0.9154002023860812
VER-01,B1,1300,maia3-79m,3,g5f6,Bxf6,0.05507665127515793,0.9154002023860812,0.6869463907397496,502,27,471,rnbqkb1r/pp3ppp/4pn2/2pp2B1/3P4/2N1P3/PPP2PPP/R2QKBNR w KQkq -,MODEL_PREDICTION_NOT_EMPIRICAL,cuda,on,2.11.0+cu128,12.8,NVIDIA GeForce RTX 3090,7.55442660022527,632516608,0.9154002023860812
VER-01,B1,1300,maia3-79m,4,d4c5,dxc5,0.04937038943171501,0.9154002023860812,0.6869463907397496,479,23,498,rnbqkb1r/pp3ppp/4pn2/2pp2B1/3P4/2N1P3/PPP2PPP/R2QKBNR w KQkq -,MODEL_PREDICTION_NOT_EMPIRICAL,cuda,on,2.11.0+cu128,12.8,NVIDIA GeForce RTX 3090,7.55442660022527,632516608,0.9154002023860812
VER-01,B1,1300,maia3-79m,5,d1f3,Qf3,0.04637918993830681,0.9154002023860812,0.6869463907397496,493,22,485,rnbqkb1r/pp3ppp/4pn2/2pp2B1/3P4/2N1P3/PPP2PPP/R2QKBNR w KQkq -,MODEL_PREDICTION_NOT_EMPIRICAL,cuda,on,2.11.0+cu128,12.8,NVIDIA GeForce RTX 3090,7.55442660022527,632516608,0.9154002023860812
VER-01,B1,1300,maia3-79m,6,f1d3,Bd3,0.0442553348839283,0.9154002023860812,0.6869463907397496,499,23,478,rnbqkb1r/pp3ppp/4pn2/2pp2B1/3P4/2N1P3/PPP2PPP/R2QKBNR w KQkq -,MODEL_PREDICTION_NOT_EMPIRICAL,cuda,on,2.11.0+cu128,12.8,NVIDIA GeForce RTX 3090,7.55442660022527,632516608,0.9154002023860812
VER-01,B1,1300,maia3-79m,7,a2a3,a3,0.02225297875702381,0.9154002023860812,0.6869463907397496,515,25,460,rnbqkb1r/pp3ppp/4pn2/2pp2B1/3P4/2N1P3/PPP2PPP/R2QKBNR w KQkq -,MODEL_PREDICTION_NOT_EMPIRICAL,cuda,on,2.11.0+cu128,12.8,NVIDIA GeForce RTX 3090,7.55442660022527,632516608,0.9154002023860812
VER-01,B1,1300,maia3-79m,8,g5f4,Bf4,0.015779724344611168,0.9154002023860812,0.6869463907397496,503,24,473,rnbqkb1r/pp3ppp/4pn2/2pp2B1/3P4/2N1P3/PPP2PPP/R2QKBNR w KQkq -,MODEL_PREDICTION_NOT_EMPIRICAL,cuda,on,2.11.0+cu128,12.8,NVIDIA GeForce RTX 3090,7.55442660022527,632516608,0.9154002023860812
VER-01,B1,1300,maia3-79m,9,e3e4,e4,0.01436760276556015,0.9154002023860812,0.6869463907397496,530,21,449,rnbqkb1r/pp3ppp/4pn2/2pp2B1/3P4/2N1P3/PPP2PPP/R2QKBNR w KQkq -,MODEL_PREDICTION_NOT_EMPIRICAL,cuda,on,2.11.0+cu128,12.8,NVIDIA GeForce RTX 3090,7.55442660022527,632516608,0.9154002023860812
VER-01,B1,1300,maia3-79m,10,d1d2,Qd2,0.011911160312592983,0.9154002023860812,0.6869463907397496,494,22,484,rnbqkb1r/pp3ppp/4pn2/2pp2B1/3P4/2N1P3/PPP2PPP/R2QKBNR w KQkq -,MODEL_PREDICTION_NOT_EMPIRICAL,cuda,on,2.11.0+cu128,12.8,NVIDIA GeForce RTX 3090,7.55442660022527,632516608,0.9154002023860812
VER-01,B1,1500,maia3-79m,1,g1f3,Nf3,0.3916333019733429,0.9168108506128192,0.6803556682696378,517,27,456,rnbqkb1r/pp3ppp/4pn2/2pp2B1/3P4/2N1P3/PPP2PPP/R2QKBNR w KQkq -,MODEL_PREDICTION_NOT_EMPIRICAL,cuda,on,2.11.0+cu128,12.8,NVIDIA GeForce RTX 3090,7.55442660022527,632516608,0.9168108506128192
VER-01,B1,1500,maia3-79m,2,f1b5,Bb5+,0.2734040915966034,0.9168108506128192,0.6803556682696378,506,29,465,rnbqkb1r/pp3ppp/4pn2/2pp2B1/3P4/2N1P3/PPP2PPP/R2QKBNR w KQkq -,MODEL_PREDICTION_NOT_EMPIRICAL,cuda,on,2.11.0+cu128,12.8,NVIDIA GeForce RTX 3090,7.55442660022527,632516608,0.9168108506128192
VER-01,B1,1500,maia3-79m,3,d4c5,dxc5,0.04901865869760513,0.9168108506128192,0.6803556682696378,478,26,496,rnbqkb1r/pp3ppp/4pn2/2pp2B1/3P4/2N1P3/PPP2PPP/R2QKBNR w KQkq -,MODEL_PREDICTION_NOT_EMPIRICAL,cuda,on,2.11.0+cu128,12.8,NVIDIA GeForce RTX 3090,7.55442660022527,632516608,0.9168108506128192
VER-01,B1,1500,maia3-79m,4,f1d3,Bd3,0.04325880855321884,0.9168108506128192,0.6803556682696378,505,25,470,rnbqkb1r/pp3ppp/4pn2/2pp2B1/3P4/2N1P3/PPP2PPP/R2QKBNR w KQkq -,MODEL_PREDICTION_NOT_EMPIRICAL,cuda,on,2.11.0+cu128,12.8,NVIDIA GeForce RTX 3090,7.55442660022527,632516608,0.9168108506128192
VER-01,B1,1500,maia3-79m,5,d1f3,Qf3,0.04063789173960686,0.9168108506128192,0.6803556682696378,487,24,489,rnbqkb1r/pp3ppp/4pn2/2pp2B1/3P4/2N1P3/PPP2PPP/R2QKBNR w KQkq -,MODEL_PREDICTION_NOT_EMPIRICAL,cuda,on,2.11.0+cu128,12.8,NVIDIA GeForce RTX 3090,7.55442660022527,632516608,0.9168108506128192
VER-01,B1,1500,maia3-79m,6,g5f6,Bxf6,0.04000785946846008,0.9168108506128192,0.6803556682696378,504,29,467,rnbqkb1r/pp3ppp/4pn2/2pp2B1/3P4/2N1P3/PPP2PPP/R2QKBNR w KQkq -,MODEL_PREDICTION_NOT_EMPIRICAL,cuda,on,2.11.0+cu128,12.8,NVIDIA GeForce RTX 3090,7.55442660022527,632516608,0.9168108506128192
VER-01,B1,1500,maia3-79m,7,a2a3,a3,0.03530681133270264,0.9168108506128192,0.6803556682696378,515,27,458,rnbqkb1r/pp3ppp/4pn2/2pp2B1/3P4/2N1P3/PPP2PPP/R2QKBNR w KQkq -,MODEL_PREDICTION_NOT_EMPIRICAL,cuda,on,2.11.0+cu128,12.8,NVIDIA GeForce RTX 3090,7.55442660022527,632516608,0.9168108506128192
VER-01,B1,1500,maia3-79m,8,f1e2,Be2,0.015424403361976147,0.9168108506128192,0.6803556682696378,498,26,476,rnbqkb1r/pp3ppp/4pn2/2pp2B1/3P4/2N1P3/PPP2PPP/R2QKBNR w KQkq -,MODEL_PREDICTION_NOT_EMPIRICAL,cuda,on,2.11.0+cu128,12.8,NVIDIA GeForce RTX 3090,7.55442660022527,632516608,0.9168108506128192
VER-01,B1,1500,maia3-79m,9,d1d2,Qd2,0.014718069694936275,0.9168108506128192,0.6803556682696378,497,24,479,rnbqkb1r/pp3ppp/4pn2/2pp2B1/3P4/2N1P3/PPP2PPP/R2QKBNR w KQkq -,MODEL_PREDICTION_NOT_EMPIRICAL,cuda,on,2.11.0+cu128,12.8,NVIDIA GeForce RTX 3090,7.55442660022527,632516608,0.9168108506128192
VER-01,B1,1500,maia3-79m,10,g5f4,Bf4,0.013400954194366932,0.9168108506128192,0.6803556682696378,505,26,469,rnbqkb1r/pp3ppp/4pn2/2pp2B1/3P4/2N1P3/PPP2PPP/R2QKBNR w KQkq -,MODEL_PREDICTION_NOT_EMPIRICAL,cuda,on,2.11.0+cu128,12.8,NVIDIA GeForce RTX 3090,7.55442660022527,632516608,0.9168108506128192
VER-01,B1,1700,maia3-79m,1,g1f3,Nf3,0.43198803067207336,0.9217640869319439,0.6720703132848342,515,31,454,rnbqkb1r/pp3ppp/4pn2/2pp2B1/3P4/2N1P3/PPP2PPP/R2QKBNR w KQkq -,MODEL_PREDICTION_NOT_EMPIRICAL,cuda,on,2.11.0+cu128,12.8,NVIDIA GeForce RTX 3090,7.55442660022527,632516608,0.9217640869319439
VER-01,B1,1700,maia3-79m,2,f1b5,Bb5+,0.23856642842292786,0.9217640869319439,0.6720703132848342,510,33,457,rnbqkb1r/pp3ppp/4pn2/2pp2B1/3P4/2N1P3/PPP2PPP/R2QKBNR w KQkq -,MODEL_PREDICTION_NOT_EMPIRICAL,cuda,on,2.11.0+cu128,12.8,NVIDIA GeForce RTX 3090,7.55442660022527,632516608,0.9217640869319439
VER-01,B1,1700,maia3-79m,3,d4c5,dxc5,0.056664496660232544,0.9217640869319439,0.6720703132848342,480,29,491,rnbqkb1r/pp3ppp/4pn2/2pp2B1/3P4/2N1P3/PPP2PPP/R2QKBNR w KQkq -,MODEL_PREDICTION_NOT_EMPIRICAL,cuda,on,2.11.0+cu128,12.8,NVIDIA GeForce RTX 3090,7.55442660022527,632516608,0.9217640869319439
VER-01,B1,1700,maia3-79m,4,a2a3,a3,0.0441303551197052,0.9217640869319439,0.6720703132848342,514,30,456,rnbqkb1r/pp3ppp/4pn2/2pp2B1/3P4/2N1P3/PPP2PPP/R2QKBNR w KQkq -,MODEL_PREDICTION_NOT_EMPIRICAL,cuda,on,2.11.0+cu128,12.8,NVIDIA GeForce RTX 3090,7.55442660022527,632516608,0.9217640869319439
VER-01,B1,1700,maia3-79m,5,f1d3,Bd3,0.03834111616015434,0.9217640869319439,0.6720703132848342,517,28,455,rnbqkb1r/pp3ppp/4pn2/2pp2B1/3P4/2N1P3/PPP2PPP/R2QKBNR w KQkq -,MODEL_PREDICTION_NOT_EMPIRICAL,cuda,on,2.11.0+cu128,12.8,NVIDIA GeForce RTX 3090,7.55442660022527,632516608,0.9217640869319439
VER-01,B1,1700,maia3-79m,6,g5f6,Bxf6,0.03436875715851784,0.9217640869319439,0.6720703132848342,506,33,461,rnbqkb1r/pp3ppp/4pn2/2pp2B1/3P4/2N1P3/PPP2PPP/R2QKBNR w KQkq -,MODEL_PREDICTION_NOT_EMPIRICAL,cuda,on,2.11.0+cu128,12.8,NVIDIA GeForce RTX 3090,7.55442660022527,632516608,0.9217640869319439
VER-01,B1,1700,maia3-79m,7,d1f3,Qf3,0.02986009232699871,0.9217640869319439,0.6720703132848342,486,27,487,rnbqkb1r/pp3ppp/4pn2/2pp2B1/3P4/2N1P3/PPP2PPP/R2QKBNR w KQkq -,MODEL_PREDICTION_NOT_EMPIRICAL,cuda,on,2.11.0+cu128,12.8,NVIDIA GeForce RTX 3090,7.55442660022527,632516608,0.9217640869319439
VER-01,B1,1700,maia3-79m,8,d1d2,Qd2,0.019582726061344147,0.9217640869319439,0.6720703132848342,503,28,469,rnbqkb1r/pp3ppp/4pn2/2pp2B1/3P4/2N1P3/PPP2PPP/R2QKBNR w KQkq -,MODEL_PREDICTION_NOT_EMPIRICAL,cuda,on,2.11.0+cu128,12.8,NVIDIA GeForce RTX 3090,7.55442660022527,632516608,0.9217640869319439
VER-01,B1,1700,maia3-79m,9,f1e2,Be2,0.016749992966651917,0.9217640869319439,0.6720703132848342,504,30,466,rnbqkb1r/pp3ppp/4pn2/2pp2B1/3P4/2N1P3/PPP2PPP/R2QKBNR w KQkq -,MODEL_PREDICTION_NOT_EMPIRICAL,cuda,on,2.11.0+cu128,12.8,NVIDIA GeForce RTX 3090,7.55442660022527,632516608,0.9217640869319439
VER-01,B1,1700,maia3-79m,10,f2f3,f3,0.011512091383337975,0.9217640869319439,0.6720703132848342,492,29,479,rnbqkb1r/pp3ppp/4pn2/2pp2B1/3P4/2N1P3/PPP2PPP/R2QKBNR w KQkq -,MODEL_PREDICTION_NOT_EMPIRICAL,cuda,on,2.11.0+cu128,12.8,NVIDIA GeForce RTX 3090,7.55442660022527,632516608,0.9217640869319439
VER-01,B1,1900,maia3-79m,1,g1f3,Nf3,0.47921738028526306,0.9353605248034,0.6638935159594602,508,38,454,rnbqkb1r/pp3ppp/4pn2/2pp2B1/3P4/2N1P3/PPP2PPP/R2QKBNR w KQkq -,MODEL_PREDICTION_NOT_EMPIRICAL,cuda,on,2.11.0+cu128,12.8,NVIDIA GeForce RTX 3090,7.55442660022527,632516608,0.9353605248034
VER-01,B1,1900,maia3-79m,2,f1b5,Bb5+,0.20291340351104736,0.9353605248034,0.6638935159594602,511,40,449,rnbqkb1r/pp3ppp/4pn2/2pp2B1/3P4/2N1P3/PPP2PPP/R2QKBNR w KQkq -,MODEL_PREDICTION_NOT_EMPIRICAL,cuda,on,2.11.0+cu128,12.8,NVIDIA GeForce RTX 3090,7.55442660022527,632516608,0.9353605248034
VER-01,B1,1900,maia3-79m,3,d4c5,dxc5,0.05905116721987724,0.9353605248034,0.6638935159594602,482,35,483,rnbqkb1r/pp3ppp/4pn2/2pp2B1/3P4/2N1P3/PPP2PPP/R2QKBNR w KQkq -,MODEL_PREDICTION_NOT_EMPIRICAL,cuda,on,2.11.0+cu128,12.8,NVIDIA GeForce RTX 3090,7.55442660022527,632516608,0.9353605248034
VER-01,B1,1900,maia3-79m,4,a2a3,a3,0.04253295809030533,0.9353605248034,0.6638935159594602,510,36,454,rnbqkb1r/pp3ppp/4pn2/2pp2B1/3P4/2N1P3/PPP2PPP/R2QKBNR w KQkq -,MODEL_PREDICTION_NOT_EMPIRICAL,cuda,on,2.11.0+cu128,12.8,NVIDIA GeForce RTX 3090,7.55442660022527,632516608,0.9353605248034
VER-01,B1,1900,maia3-79m,5,g5f6,Bxf6,0.035261061042547226,0.9353605248034,0.6638935159594602,510,38,452,rnbqkb1r/pp3ppp/4pn2/2pp2B1/3P4/2N1P3/PPP2PPP/R2QKBNR w KQkq -,MODEL_PREDICTION_NOT_EMPIRICAL,cuda,on,2.11.0+cu128,12.8,NVIDIA GeForce RTX 3090,7.55442660022527,632516608,0.9353605248034
VER-01,B1,1900,maia3-79m,6,f1d3,Bd3,0.03364633768796921,0.9353605248034,0.6638935159594602,521,34,445,rnbqkb1r/pp3ppp/4pn2/2pp2B1/3P4/2N1P3/PPP2PPP/R2QKBNR w KQkq -,MODEL_PREDICTION_NOT_EMPIRICAL,cuda,on,2.11.0+cu128,12.8,NVIDIA GeForce RTX 3090,7.55442660022527,632516608,0.9353605248034
VER-01,B1,1900,maia3-79m,7,d1d2,Qd2,0.0278937928378582,0.9353605248034,0.6638935159594602,504,33,463,rnbqkb1r/pp3ppp/4pn2/2pp2B1/3P4/2N1P3/PPP2PPP/R2QKBNR w KQkq -,MODEL_PREDICTION_NOT_EMPIRICAL,cuda,on,2.11.0+cu128,12.8,NVIDIA GeForce RTX 3090,7.55442660022527,632516608,0.9353605248034
VER-01,B1,1900,maia3-79m,8,f2f4,f4,0.02040753699839115,0.9353605248034,0.6638935159594602,501,33,466,rnbqkb1r/pp3ppp/4pn2/2pp2B1/3P4/2N1P3/PPP2PPP/R2QKBNR w KQkq -,MODEL_PREDICTION_NOT_EMPIRICAL,cuda,on,2.11.0+cu128,12.8,NVIDIA GeForce RTX 3090,7.55442660022527,632516608,0.9353605248034
VER-01,B1,1900,maia3-79m,9,d1f3,Qf3,0.018293198198080063,0.9353605248034,0.6638935159594602,487,31,482,rnbqkb1r/pp3ppp/4pn2/2pp2B1/3P4/2N1P3/PPP2PPP/R2QKBNR w KQkq -,MODEL_PREDICTION_NOT_EMPIRICAL,cuda,on,2.11.0+cu128,12.8,NVIDIA GeForce RTX 3090,7.55442660022527,632516608,0.9353605248034
VER-01,B1,1900,maia3-79m,10,f2f3,f3,0.016143688932061195,0.9353605248034,0.6638935159594602,491,34,475,rnbqkb1r/pp3ppp/4pn2/2pp2B1/3P4/2N1P3/PPP2PPP/R2QKBNR w KQkq -,MODEL_PREDICTION_NOT_EMPIRICAL,cuda,on,2.11.0+cu128,12.8,NVIDIA GeForce RTX 3090,7.55442660022527,632516608,0.9353605248034
VER-01,B1,2100,maia3-79m,1,g1f3,Nf3,0.5471399426460266,0.9540749648585916,0.6439631760546668,496,47,457,rnbqkb1r/pp3ppp/4pn2/2pp2B1/3P4/2N1P3/PPP2PPP/R2QKBNR w KQkq -,MODEL_PREDICTION_NOT_EMPIRICAL,cuda,on,2.11.0+cu128,12.8,NVIDIA GeForce RTX 3090,7.55442660022527,632516608,0.9540749648585916
VER-01,B1,2100,maia3-79m,2,f1b5,Bb5+,0.149579718708992,0.9540749648585916,0.6439631760546668,507,49,444,rnbqkb1r/pp3ppp/4pn2/2pp2B1/3P4/2N1P3/PPP2PPP/R2QKBNR w KQkq -,MODEL_PREDICTION_NOT_EMPIRICAL,cuda,on,2.11.0+cu128,12.8,NVIDIA GeForce RTX 3090,7.55442660022527,632516608,0.9540749648585916
VER-01,B1,2100,maia3-79m,3,d4c5,dxc5,0.048561424016952515,0.9540749648585916,0.6439631760546668,483,45,472,rnbqkb1r/pp3ppp/4pn2/2pp2B1/3P4/2N1P3/PPP2PPP/R2QKBNR w KQkq -,MODEL_PREDICTION_NOT_EMPIRICAL,cuda,on,2.11.0+cu128,12.8,NVIDIA GeForce RTX 3090,7.55442660022527,632516608,0.9540749648585916
VER-01,B1,2100,maia3-79m,4,d1d2,Qd2,0.047067347913980484,0.9540749648585916,0.6439631760546668,499,41,460,rnbqkb1r/pp3ppp/4pn2/2pp2B1/3P4/2N1P3/PPP2PPP/R2QKBNR w KQkq -,MODEL_PREDICTION_NOT_EMPIRICAL,cuda,on,2.11.0+cu128,12.8,NVIDIA GeForce RTX 3090,7.55442660022527,632516608,0.9540749648585916
VER-01,B1,2100,maia3-79m,5,f2f4,f4,0.03665608912706375,0.9540749648585916,0.6439631760546668,491,41,468,rnbqkb1r/pp3ppp/4pn2/2pp2B1/3P4/2N1P3/PPP2PPP/R2QKBNR w KQkq -,MODEL_PREDICTION_NOT_EMPIRICAL,cuda,on,2.11.0+cu128,12.8,NVIDIA GeForce RTX 3090,7.55442660022527,632516608,0.9540749648585916
VER-01,B1,2100,maia3-79m,6,g5f6,Bxf6,0.03285830467939377,0.9540749648585916,0.6439631760546668,513,45,442,rnbqkb1r/pp3ppp/4pn2/2pp2B1/3P4/2N1P3/PPP2PPP/R2QKBNR w KQkq -,MODEL_PREDICTION_NOT_EMPIRICAL,cuda,on,2.11.0+cu128,12.8,NVIDIA GeForce RTX 3090,7.55442660022527,632516608,0.9540749648585916
VER-01,B1,2100,maia3-79m,7,a2a3,a3,0.029917828738689423,0.9540749648585916,0.6439631760546668,498,46,456,rnbqkb1r/pp3ppp/4pn2/2pp2B1/3P4/2N1P3/PPP2PPP/R2QKBNR w KQkq -,MODEL_PREDICTION_NOT_EMPIRICAL,cuda,on,2.11.0+cu128,12.8,NVIDIA GeForce RTX 3090,7.55442660022527,632516608,0.9540749648585916
VER-01,B1,2100,maia3-79m,8,f1d3,Bd3,0.027240492403507233,0.9540749648585916,0.6439631760546668,513,42,445,rnbqkb1r/pp3ppp/4pn2/2pp2B1/3P4/2N1P3/PPP2PPP/R2QKBNR w KQkq -,MODEL_PREDICTION_NOT_EMPIRICAL,cuda,on,2.11.0+cu128,12.8,NVIDIA GeForce RTX 3090,7.55442660022527,632516608,0.9540749648585916
VER-01,B1,2100,maia3-79m,9,f2f3,f3,0.020243417471647263,0.9540749648585916,0.6439631760546668,480,42,478,rnbqkb1r/pp3ppp/4pn2/2pp2B1/3P4/2N1P3/PPP2PPP/R2QKBNR w KQkq -,MODEL_PREDICTION_NOT_EMPIRICAL,cuda,on,2.11.0+cu128,12.8,NVIDIA GeForce RTX 3090,7.55442660022527,632516608,0.9540749648585916
VER-01,B1,2100,maia3-79m,10,d1f3,Qf3,0.014810399152338505,0.9540749648585916,0.6439631760546668,478,38,484,rnbqkb1r/pp3ppp/4pn2/2pp2B1/3P4/2N1P3/PPP2PPP/R2QKBNR w KQkq -,MODEL_PREDICTION_NOT_EMPIRICAL,cuda,on,2.11.0+cu128,12.8,NVIDIA GeForce RTX 3090,7.55442660022527,632516608,0.9540749648585916
LON-02,B2,1100,maia3-79m,1,c2f5,Qxf5,0.3963913321495056,0.9922160480637103,0.6357346598498305,418,19,563,r3kb1r/pp2pppp/1qn2n2/3p1b2/2pP1B2/2P1PN2/PPQ2PPP/RN2KB1R w KQkq -,MODEL_PREDICTION_NOT_EMPIRICAL,cuda,on,2.11.0+cu128,12.8,NVIDIA GeForce RTX 3090,7.55442660022527,632516608,0.9922160480637103
LON-02,B2,1100,maia3-79m,2,c2d2,Qd2,0.2724355161190033,0.9922160480637103,0.6357346598498305,348,24,628,r3kb1r/pp2pppp/1qn2n2/3p1b2/2pP1B2/2P1PN2/PPQ2PPP/RN2KB1R w KQkq -,MODEL_PREDICTION_NOT_EMPIRICAL,cuda,on,2.11.0+cu128,12.8,NVIDIA GeForce RTX 3090,7.55442660022527,632516608,0.9922160480637103
LON-02,B2,1100,maia3-79m,3,c2c1,Qc1,0.22235538065433502,0.9922160480637103,0.6357346598498305,473,21,506,r3kb1r/pp2pppp/1qn2n2/3p1b2/2pP1B2/2P1PN2/PPQ2PPP/RN2KB1R w KQkq -,MODEL_PREDICTION_NOT_EMPIRICAL,cuda,on,2.11.0+cu128,12.8,NVIDIA GeForce RTX 3090,7.55442660022527,632516608,0.9922160480637103
LON-02,B2,1100,maia3-79m,4,c2e2,Qe2,0.03305017948150635,0.9922160480637103,0.6357346598498305,346,23,631,r3kb1r/pp2pppp/1qn2n2/3p1b2/2pP1B2/2P1PN2/PPQ2PPP/RN2KB1R w KQkq -,MODEL_PREDICTION_NOT_EMPIRICAL,cuda,on,2.11.0+cu128,12.8,NVIDIA GeForce RTX 3090,7.55442660022527,632516608,0.9922160480637103
LON-02,B2,1100,maia3-79m,5,c2d1,Qd1,0.016880379989743233,0.9922160480637103,0.6357346598498305,245,15,740,r3kb1r/pp2pppp/1qn2n2/3p1b2/2pP1B2/2P1PN2/PPQ2PPP/RN2KB1R w KQkq -,MODEL_PREDICTION_NOT_EMPIRICAL,cuda,on,2.11.0+cu128,12.8,NVIDIA GeForce RTX 3090,7.55442660022527,632516608,0.9922160480637103
LON-02,B2,1100,maia3-79m,6,f1d3,Bd3,0.016361026093363762,0.9922160480637103,0.6357346598498305,140,12,848,r3kb1r/pp2pppp/1qn2n2/3p1b2/2pP1B2/2P1PN2/PPQ2PPP/RN2KB1R w KQkq -,MODEL_PREDICTION_NOT_EMPIRICAL,cuda,on,2.11.0+cu128,12.8,NVIDIA GeForce RTX 3090,7.55442660022527,632516608,0.9922160480637103
LON-02,B2,1100,maia3-79m,7,c2a4,Qa4,0.014214704744517803,0.9922160480637103,0.6357346598498305,275,14,711,r3kb1r/pp2pppp/1qn2n2/3p1b2/2pP1B2/2P1PN2/PPQ2PPP/RN2KB1R w KQkq -,MODEL_PREDICTION_NOT_EMPIRICAL,cuda,on,2.11.0+cu128,12.8,NVIDIA GeForce RTX 3090,7.55442660022527,632516608,0.9922160480637103
LON-02,B2,1100,maia3-79m,8,e3e4,e4,0.011784404516220093,0.9922160480637103,0.6357346598498305,238,14,748,r3kb1r/pp2pppp/1qn2n2/3p1b2/2pP1B2/2P1PN2/PPQ2PPP/RN2KB1R w KQkq -,MODEL_PREDICTION_NOT_EMPIRICAL,cuda,on,2.11.0+cu128,12.8,NVIDIA GeForce RTX 3090,7.55442660022527,632516608,0.9922160480637103
LON-02,B2,1100,maia3-79m,9,b1d2,Nbd2,0.006113668438047171,0.9922160480637103,0.6357346598498305,36,4,960,r3kb1r/pp2pppp/1qn2n2/3p1b2/2pP1B2/2P1PN2/PPQ2PPP/RN2KB1R w KQkq -,MODEL_PREDICTION_NOT_EMPIRICAL,cuda,on,2.11.0+cu128,12.8,NVIDIA GeForce RTX 3090,7.55442660022527,632516608,0.9922160480637103
LON-02,B2,1100,maia3-79m,10,f3e5,Ne5,0.00262945587746799,0.9922160480637103,0.6357346598498305,22,3,975,r3kb1r/pp2pppp/1qn2n2/3p1b2/2pP1B2/2P1PN2/PPQ2PPP/RN2KB1R w KQkq -,MODEL_PREDICTION_NOT_EMPIRICAL,cuda,on,2.11.0+cu128,12.8,NVIDIA GeForce RTX 3090,7.55442660022527,632516608,0.9922160480637103
LON-02,B2,1300,maia3-79m,1,c2d2,Qd2,0.3155406713485718,0.9959380485815927,0.6016071232025094,307,26,667,r3kb1r/pp2pppp/1qn2n2/3p1b2/2pP1B2/2P1PN2/PPQ2PPP/RN2KB1R w KQkq -,MODEL_PREDICTION_NOT_EMPIRICAL,cuda,on,2.11.0+cu128,12.8,NVIDIA GeForce RTX 3090,7.55442660022527,632516608,0.9959380485815927
LON-02,B2,1300,maia3-79m,2,c2c1,Qc1,0.3155406713485718,0.9959380485815927,0.6016071232025094,466,24,510,r3kb1r/pp2pppp/1qn2n2/3p1b2/2pP1B2/2P1PN2/PPQ2PPP/RN2KB1R w KQkq -,MODEL_PREDICTION_NOT_EMPIRICAL,cuda,on,2.11.0+cu128,12.8,NVIDIA GeForce RTX 3090,7.55442660022527,632516608,0.9959380485815927
LON-02,B2,1300,maia3-79m,3,c2f5,Qxf5,0.2964230477809906,0.9959380485815927,0.6016071232025094,404,19,577,r3kb1r/pp2pppp/1qn2n2/3p1b2/2pP1B2/2P1PN2/PPQ2PPP/RN2KB1R w KQkq -,MODEL_PREDICTION_NOT_EMPIRICAL,cuda,on,2.11.0+cu128,12.8,NVIDIA GeForce RTX 3090,7.55442660022527,632516608,0.9959380485815927
LON-02,B2,1300,maia3-79m,4,c2e2,Qe2,0.025104261934757233,0.9959380485815927,0.6016071232025094,305,27,668,r3kb1r/pp2pppp/1qn2n2/3p1b2/2pP1B2/2P1PN2/PPQ2PPP/RN2KB1R w KQkq -,MODEL_PREDICTION_NOT_EMPIRICAL,cuda,on,2.11.0+cu128,12.8,NVIDIA GeForce RTX 3090,7.55442660022527,632516608,0.9959380485815927
LON-02,B2,1300,maia3-79m,5,c2d1,Qd1,0.016208529472351074,0.9959380485815927,0.6016071232025094,214,15,771,r3kb1r/pp2pppp/1qn2n2/3p1b2/2pP1B2/2P1PN2/PPQ2PPP/RN2KB1R w KQkq -,MODEL_PREDICTION_NOT_EMPIRICAL,cuda,on,2.11.0+cu128,12.8,NVIDIA GeForce RTX 3090,7.55442660022527,632516608,0.9959380485815927
LON-02,B2,1300,maia3-79m,6,c2a4,Qa4,0.01014303881675005,0.9959380485815927,0.6016071232025094,233,13,754,r3kb1r/pp2pppp/1qn2n2/3p1b2/2pP1B2/2P1PN2/PPQ2PPP/RN2KB1R w KQkq -,MODEL_PREDICTION_NOT_EMPIRICAL,cuda,on,2.11.0+cu128,12.8,NVIDIA GeForce RTX 3090,7.55442660022527,632516608,0.9959380485815927
LON-02,B2,1300,maia3-79m,7,f1d3,Bd3,0.005870340391993523,0.9959380485815927,0.6016071232025094,119,10,871,r3kb1r/pp2pppp/1qn2n2/3p1b2/2pP1B2/2P1PN2/PPQ2PPP/RN2KB1R w KQkq -,MODEL_PREDICTION_NOT_EMPIRICAL,cuda,on,2.11.0+cu128,12.8,NVIDIA GeForce RTX 3090,7.55442660022527,632516608,0.9959380485815927
LON-02,B2,1300,maia3-79m,8,e3e4,e4,0.005429177079349756,0.9959380485815927,0.6016071232025094,210,13,777,r3kb1r/pp2pppp/1qn2n2/3p1b2/2pP1B2/2P1PN2/PPQ2PPP/RN2KB1R w KQkq -,MODEL_PREDICTION_NOT_EMPIRICAL,cuda,on,2.11.0+cu128,12.8,NVIDIA GeForce RTX 3090,7.55442660022527,632516608,0.9959380485815927
LON-02,B2,1300,maia3-79m,9,b1d2,Nbd2,0.004294833168387413,0.9959380485815927,0.6016071232025094,24,3,973,r3kb1r/pp2pppp/1qn2n2/3p1b2/2pP1B2/2P1PN2/PPQ2PPP/RN2KB1R w KQkq -,MODEL_PREDICTION_NOT_EMPIRICAL,cuda,on,2.11.0+cu128,12.8,NVIDIA GeForce RTX 3090,7.55442660022527,632516608,0.9959380485815927
LON-02,B2,1300,maia3-79m,10,b2b3,b3,0.001383477239869535,0.9959380485815927,0.6016071232025094,27,3,970,r3kb1r/pp2pppp/1qn2n2/3p1b2/2pP1B2/2P1PN2/PPQ2PPP/RN2KB1R w KQkq -,MODEL_PREDICTION_NOT_EMPIRICAL,cuda,on,2.11.0+cu128,12.8,NVIDIA GeForce RTX 3090,7.55442660022527,632516608,0.9959380485815927
LON-02,B2,1500,maia3-79m,1,c2c1,Qc1,0.43437692523002625,0.9975862777791917,0.5529234097016154,462,28,510,r3kb1r/pp2pppp/1qn2n2/3p1b2/2pP1B2/2P1PN2/PPQ2PPP/RN2KB1R w KQkq -,MODEL_PREDICTION_NOT_EMPIRICAL,cuda,on,2.11.0+cu128,12.8,NVIDIA GeForce RTX 3090,7.55442660022527,632516608,0.9975862777791917
LON-02,B2,1500,maia3-79m,2,c2d2,Qd2,0.28487133979797363,0.9975862777791917,0.5529234097016154,297,27,676,r3kb1r/pp2pppp/1qn2n2/3p1b2/2pP1B2/2P1PN2/PPQ2PPP/RN2KB1R w KQkq -,MODEL_PREDICTION_NOT_EMPIRICAL,cuda,on,2.11.0+cu128,12.8,NVIDIA GeForce RTX 3090,7.55442660022527,632516608,0.9975862777791917
LON-02,B2,1500,maia3-79m,3,c2f5,Qxf5,0.2325052171945572,0.9975862777791917,0.5529234097016154,387,20,593,r3kb1r/pp2pppp/1qn2n2/3p1b2/2pP1B2/2P1PN2/PPQ2PPP/RN2KB1R w KQkq -,MODEL_PREDICTION_NOT_EMPIRICAL,cuda,on,2.11.0+cu128,12.8,NVIDIA GeForce RTX 3090,7.55442660022527,632516608,0.9975862777791917
LON-02,B2,1500,maia3-79m,4,c2e2,Qe2,0.01737726479768753,0.9975862777791917,0.5529234097016154,288,30,682,r3kb1r/pp2pppp/1qn2n2/3p1b2/2pP1B2/2P1PN2/PPQ2PPP/RN2KB1R w KQkq -,MODEL_PREDICTION_NOT_EMPIRICAL,cuda,on,2.11.0+cu128,12.8,NVIDIA GeForce RTX 3090,7.55442660022527,632516608,0.9975862777791917
LON-02,B2,1500,maia3-79m,5,c2d1,Qd1,0.012322325259447098,0.9975862777791917,0.5529234097016154,199,16,785,r3kb1r/pp2pppp/1qn2n2/3p1b2/2pP1B2/2P1PN2/PPQ2PPP/RN2KB1R w KQkq -,MODEL_PREDICTION_NOT_EMPIRICAL,cuda,on,2.11.0+cu128,12.8,NVIDIA GeForce RTX 3090,7.55442660022527,632516608,0.9975862777791917
LON-02,B2,1500,maia3-79m,6,c2a4,Qa4,0.006912197917699814,0.9975862777791917,0.5529234097016154,209,14,777,r3kb1r/pp2pppp/1qn2n2/3p1b2/2pP1B2/2P1PN2/PPQ2PPP/RN2KB1R w KQkq -,MODEL_PREDICTION_NOT_EMPIRICAL,cuda,on,2.11.0+cu128,12.8,NVIDIA GeForce RTX 3090,7.55442660022527,632516608,0.9975862777791917
LON-02,B2,1500,maia3-79m,7,b1d2,Nbd2,0.0033687360119074583,0.9975862777791917,0.5529234097016154,19,3,978,r3kb1r/pp2pppp/1qn2n2/3p1b2/2pP1B2/2P1PN2/PPQ2PPP/RN2KB1R w KQkq -,MODEL_PREDICTION_NOT_EMPIRICAL,cuda,on,2.11.0+cu128,12.8,NVIDIA GeForce RTX 3090,7.55442660022527,632516608,0.9975862777791917
LON-02,B2,1500,maia3-79m,8,e3e4,e4,0.0028814326506108046,0.9975862777791917,0.5529234097016154,196,13,791,r3kb1r/pp2pppp/1qn2n2/3p1b2/2pP1B2/2P1PN2/PPQ2PPP/RN2KB1R w KQkq -,MODEL_PREDICTION_NOT_EMPIRICAL,cuda,on,2.11.0+cu128,12.8,NVIDIA GeForce RTX 3090,7.55442660022527,632516608,0.9975862777791917
LON-02,B2,1500,maia3-79m,9,f1d3,Bd3,0.002158093499019742,0.9975862777791917,0.5529234097016154,100,9,891,r3kb1r/pp2pppp/1qn2n2/3p1b2/2pP1B2/2P1PN2/PPQ2PPP/RN2KB1R w KQkq -,MODEL_PREDICTION_NOT_EMPIRICAL,cuda,on,2.11.0+cu128,12.8,NVIDIA GeForce RTX 3090,7.55442660022527,632516608,0.9975862777791917
LON-02,B2,1500,maia3-79m,10,b2b3,b3,0.0008127454202622175,0.9975862777791917,0.5529234097016154,19,2,979,r3kb1r/pp2pppp/1qn2n2/3p1b2/2pP1B2/2P1PN2/PPQ2PPP/RN2KB1R w KQkq -,MODEL_PREDICTION_NOT_EMPIRICAL,cuda,on,2.11.0+cu128,12.8,NVIDIA GeForce RTX 3090,7.55442660022527,632516608,0.9975862777791917
LON-02,B2,1700,maia3-79m,1,c2c1,Qc1,0.5824384689331055,0.998405397956958,0.4722178844282461,468,32,500,r3kb1r/pp2pppp/1qn2n2/3p1b2/2pP1B2/2P1PN2/PPQ2PPP/RN2KB1R w KQkq -,MODEL_PREDICTION_NOT_EMPIRICAL,cuda,on,2.11.0+cu128,12.8,NVIDIA GeForce RTX 3090,7.55442660022527,632516608,0.998405397956958
LON-02,B2,1700,maia3-79m,2,c2d2,Qd2,0.19816471636295319,0.998405397956958,0.4722178844282461,307,31,662,r3kb1r/pp2pppp/1qn2n2/3p1b2/2pP1B2/2P1PN2/PPQ2PPP/RN2KB1R w KQkq -,MODEL_PREDICTION_NOT_EMPIRICAL,cuda,on,2.11.0+cu128,12.8,NVIDIA GeForce RTX 3090,7.55442660022527,632516608,0.998405397956958
LON-02,B2,1700,maia3-79m,3,c2f5,Qxf5,0.19206783175468445,0.998405397956958,0.4722178844282461,390,21,589,r3kb1r/pp2pppp/1qn2n2/3p1b2/2pP1B2/2P1PN2/PPQ2PPP/RN2KB1R w KQkq -,MODEL_PREDICTION_NOT_EMPIRICAL,cuda,on,2.11.0+cu128,12.8,NVIDIA GeForce RTX 3090,7.55442660022527,632516608,0.998405397956958
LON-02,B2,1700,maia3-79m,4,c2e2,Qe2,0.00971308071166277,0.998405397956958,0.4722178844282461,287,31,682,r3kb1r/pp2pppp/1qn2n2/3p1b2/2pP1B2/2P1PN2/PPQ2PPP/RN2KB1R w KQkq -,MODEL_PREDICTION_NOT_EMPIRICAL,cuda,on,2.11.0+cu128,12.8,NVIDIA GeForce RTX 3090,7.55442660022527,632516608,0.998405397956958
LON-02,B2,1700,maia3-79m,5,c2d1,Qd1,0.00699607003480196,0.998405397956958,0.4722178844282461,197,18,785,r3kb1r/pp2pppp/1qn2n2/3p1b2/2pP1B2/2P1PN2/PPQ2PPP/RN2KB1R w KQkq -,MODEL_PREDICTION_NOT_EMPIRICAL,cuda,on,2.11.0+cu128,12.8,NVIDIA GeForce RTX 3090,7.55442660022527,632516608,0.998405397956958
LON-02,B2,1700,maia3-79m,6,c2a4,Qa4,0.003744726302102208,0.998405397956958,0.4722178844282461,208,16,776,r3kb1r/pp2pppp/1qn2n2/3p1b2/2pP1B2/2P1PN2/PPQ2PPP/RN2KB1R w KQkq -,MODEL_PREDICTION_NOT_EMPIRICAL,cuda,on,2.11.0+cu128,12.8,NVIDIA GeForce RTX 3090,7.55442660022527,632516608,0.998405397956958
LON-02,B2,1700,maia3-79m,7,b1d2,Nbd2,0.0023251536767929792,0.998405397956958,0.4722178844282461,16,3,981,r3kb1r/pp2pppp/1qn2n2/3p1b2/2pP1B2/2P1PN2/PPQ2PPP/RN2KB1R w KQkq -,MODEL_PREDICTION_NOT_EMPIRICAL,cuda,on,2.11.0+cu128,12.8,NVIDIA GeForce RTX 3090,7.55442660022527,632516608,0.998405397956958
LON-02,B2,1700,maia3-79m,8,e3e4,e4,0.0016487807733938098,0.998405397956958,0.4722178844282461,192,14,794,r3kb1r/pp2pppp/1qn2n2/3p1b2/2pP1B2/2P1PN2/PPQ2PPP/RN2KB1R w KQkq -,MODEL_PREDICTION_NOT_EMPIRICAL,cuda,on,2.11.0+cu128,12.8,NVIDIA GeForce RTX 3090,7.55442660022527,632516608,0.998405397956958
LON-02,B2,1700,maia3-79m,9,f1d3,Bd3,0.0008487195591442287,0.998405397956958,0.4722178844282461,79,8,913,r3kb1r/pp2pppp/1qn2n2/3p1b2/2pP1B2/2P1PN2/PPQ2PPP/RN2KB1R w KQkq -,MODEL_PREDICTION_NOT_EMPIRICAL,cuda,on,2.11.0+cu128,12.8,NVIDIA GeForce RTX 3090,7.55442660022527,632516608,0.998405397956958
LON-02,B2,1700,maia3-79m,10,f1e2,Be2,0.0004578498483169824,0.998405397956958,0.4722178844282461,13,2,985,r3kb1r/pp2pppp/1qn2n2/3p1b2/2pP1B2/2P1PN2/PPQ2PPP/RN2KB1R w KQkq -,MODEL_PREDICTION_NOT_EMPIRICAL,cuda,on,2.11.0+cu128,12.8,NVIDIA GeForce RTX 3090,7.55442660022527,632516608,0.998405397956958
LON-02,B2,1900,maia3-79m,1,c2c1,Qc1,0.7568590044975281,0.9990439181274269,0.3350209039220921,472,39,489,r3kb1r/pp2pppp/1qn2n2/3p1b2/2pP1B2/2P1PN2/PPQ2PPP/RN2KB1R w KQkq -,MODEL_PREDICTION_NOT_EMPIRICAL,cuda,on,2.11.0+cu128,12.8,NVIDIA GeForce RTX 3090,7.55442660022527,632516608,0.9990439181274269
LON-02,B2,1900,maia3-79m,2,c2f5,Qxf5,0.14444907009601593,0.9990439181274269,0.3350209039220921,410,25,565,r3kb1r/pp2pppp/1qn2n2/3p1b2/2pP1B2/2P1PN2/PPQ2PPP/RN2KB1R w KQkq -,MODEL_PREDICTION_NOT_EMPIRICAL,cuda,on,2.11.0+cu128,12.8,NVIDIA GeForce RTX 3090,7.55442660022527,632516608,0.9990439181274269
LON-02,B2,1900,maia3-79m,3,c2d2,Qd2,0.08625447750091553,0.9990439181274269,0.3350209039220921,327,37,636,r3kb1r/pp2pppp/1qn2n2/3p1b2/2pP1B2/2P1PN2/PPQ2PPP/RN2KB1R w KQkq -,MODEL_PREDICTION_NOT_EMPIRICAL,cuda,on,2.11.0+cu128,12.8,NVIDIA GeForce RTX 3090,7.55442660022527,632516608,0.9990439181274269
LON-02,B2,1900,maia3-79m,4,c2e2,Qe2,0.004294357728213072,0.9990439181274269,0.3350209039220921,298,34,668,r3kb1r/pp2pppp/1qn2n2/3p1b2/2pP1B2/2P1PN2/PPQ2PPP/RN2KB1R w KQkq -,MODEL_PREDICTION_NOT_EMPIRICAL,cuda,on,2.11.0+cu128,12.8,NVIDIA GeForce RTX 3090,7.55442660022527,632516608,0.9990439181274269
LON-02,B2,1900,maia3-79m,5,c2d1,Qd1,0.0030451554339379072,0.9990439181274269,0.3350209039220921,209,22,769,r3kb1r/pp2pppp/1qn2n2/3p1b2/2pP1B2/2P1PN2/PPQ2PPP/RN2KB1R w KQkq -,MODEL_PREDICTION_NOT_EMPIRICAL,cuda,on,2.11.0+cu128,12.8,NVIDIA GeForce RTX 3090,7.55442660022527,632516608,0.9990439181274269
LON-02,B2,1900,maia3-79m,6,c2a4,Qa4,0.001461081556044519,0.9990439181274269,0.3350209039220921,220,19,761,r3kb1r/pp2pppp/1qn2n2/3p1b2/2pP1B2/2P1PN2/PPQ2PPP/RN2KB1R w KQkq -,MODEL_PREDICTION_NOT_EMPIRICAL,cuda,on,2.11.0+cu128,12.8,NVIDIA GeForce RTX 3090,7.55442660022527,632516608,0.9990439181274269
LON-02,B2,1900,maia3-79m,7,b1d2,Nbd2,0.001279365736991167,0.9990439181274269,0.3350209039220921,13,3,984,r3kb1r/pp2pppp/1qn2n2/3p1b2/2pP1B2/2P1PN2/PPQ2PPP/RN2KB1R w KQkq -,MODEL_PREDICTION_NOT_EMPIRICAL,cuda,on,2.11.0+cu128,12.8,NVIDIA GeForce RTX 3090,7.55442660022527,632516608,0.9990439181274269
LON-02,B2,1900,maia3-79m,8,e3e4,e4,0.0007579991943202913,0.9990439181274269,0.3350209039220921,199,16,785,r3kb1r/pp2pppp/1qn2n2/3p1b2/2pP1B2/2P1PN2/PPQ2PPP/RN2KB1R w KQkq -,MODEL_PREDICTION_NOT_EMPIRICAL,cuda,on,2.11.0+cu128,12.8,NVIDIA GeForce RTX 3090,7.55442660022527,632516608,0.9990439181274269
LON-02,B2,1900,maia3-79m,9,f1d3,Bd3,0.00037523676292039454,0.9990439181274269,0.3350209039220921,59,7,934,r3kb1r/pp2pppp/1qn2n2/3p1b2/2pP1B2/2P1PN2/PPQ2PPP/RN2KB1R w KQkq -,MODEL_PREDICTION_NOT_EMPIRICAL,cuda,on,2.11.0+cu128,12.8,NVIDIA GeForce RTX 3090,7.55442660022527,632516608,0.9990439181274269
LON-02,B2,1900,maia3-79m,10,f1e2,Be2,0.00026816962053999305,0.9990439181274269,0.3350209039220921,12,3,985,r3kb1r/pp2pppp/1qn2n2/3p1b2/2pP1B2/2P1PN2/PPQ2PPP/RN2KB1R w KQkq -,MODEL_PREDICTION_NOT_EMPIRICAL,cuda,on,2.11.0+cu128,12.8,NVIDIA GeForce RTX 3090,7.55442660022527,632516608,0.9990439181274269
LON-02,B2,2100,maia3-79m,1,c2c1,Qc1,0.8811459541320801,0.9994947540253634,0.1904841551063786,476,48,476,r3kb1r/pp2pppp/1qn2n2/3p1b2/2pP1B2/2P1PN2/PPQ2PPP/RN2KB1R w KQkq -,MODEL_PREDICTION_NOT_EMPIRICAL,cuda,on,2.11.0+cu128,12.8,NVIDIA GeForce RTX 3090,7.55442660022527,632516608,0.9994947540253634
LON-02,B2,2100,maia3-79m,2,c2f5,Qxf5,0.09582017362117767,0.9994947540253634,0.1904841551063786,439,33,528,r3kb1r/pp2pppp/1qn2n2/3p1b2/2pP1B2/2P1PN2/PPQ2PPP/RN2KB1R w KQkq -,MODEL_PREDICTION_NOT_EMPIRICAL,cuda,on,2.11.0+cu128,12.8,NVIDIA GeForce RTX 3090,7.55442660022527,632516608,0.9994947540253634
LON-02,B2,2100,maia3-79m,3,c2d2,Qd2,0.01857558824121952,0.9994947540253634,0.1904841551063786,363,46,591,r3kb1r/pp2pppp/1qn2n2/3p1b2/2pP1B2/2P1PN2/PPQ2PPP/RN2KB1R w KQkq -,MODEL_PREDICTION_NOT_EMPIRICAL,cuda,on,2.11.0+cu128,12.8,NVIDIA GeForce RTX 3090,7.55442660022527,632516608,0.9994947540253634
LON-02,B2,2100,maia3-79m,4,c2e2,Qe2,0.001356164924800396,0.9994947540253634,0.1904841551063786,324,42,634,r3kb1r/pp2pppp/1qn2n2/3p1b2/2pP1B2/2P1PN2/PPQ2PPP/RN2KB1R w KQkq -,MODEL_PREDICTION_NOT_EMPIRICAL,cuda,on,2.11.0+cu128,12.8,NVIDIA GeForce RTX 3090,7.55442660022527,632516608,0.9994947540253634
LON-02,B2,2100,maia3-79m,5,c2d1,Qd1,0.0010728146880865097,0.9994947540253634,0.1904841551063786,221,28,751,r3kb1r/pp2pppp/1qn2n2/3p1b2/2pP1B2/2P1PN2/PPQ2PPP/RN2KB1R w KQkq -,MODEL_PREDICTION_NOT_EMPIRICAL,cuda,on,2.11.0+cu128,12.8,NVIDIA GeForce RTX 3090,7.55442660022527,632516608,0.9994947540253634
LON-02,B2,2100,maia3-79m,6,b1d2,Nbd2,0.0006819225382059813,0.9994947540253634,0.1904841551063786,11,2,987,r3kb1r/pp2pppp/1qn2n2/3p1b2/2pP1B2/2P1PN2/PPQ2PPP/RN2KB1R w KQkq -,MODEL_PREDICTION_NOT_EMPIRICAL,cuda,on,2.11.0+cu128,12.8,NVIDIA GeForce RTX 3090,7.55442660022527,632516608,0.9994947540253634
LON-02,B2,2100,maia3-79m,7,e3e4,e4,0.0002864971465896815,0.9994947540253634,0.1904841551063786,212,20,768,r3kb1r/pp2pppp/1qn2n2/3p1b2/2pP1B2/2P1PN2/PPQ2PPP/RN2KB1R w KQkq -,MODEL_PREDICTION_NOT_EMPIRICAL,cuda,on,2.11.0+cu128,12.8,NVIDIA GeForce RTX 3090,7.55442660022527,632516608,0.9994947540253634
LON-02,B2,2100,maia3-79m,8,c2a4,Qa4,0.0002670446992851794,0.9994947540253634,0.1904841551063786,231,23,746,r3kb1r/pp2pppp/1qn2n2/3p1b2/2pP1B2/2P1PN2/PPQ2PPP/RN2KB1R w KQkq -,MODEL_PREDICTION_NOT_EMPIRICAL,cuda,on,2.11.0+cu128,12.8,NVIDIA GeForce RTX 3090,7.55442660022527,632516608,0.9994947540253634
LON-02,B2,2100,maia3-79m,9,f1d3,Bd3,0.00015945966879371554,0.9994947540253634,0.1904841551063786,46,7,947,r3kb1r/pp2pppp/1qn2n2/3p1b2/2pP1B2/2P1PN2/PPQ2PPP/RN2KB1R w KQkq -,MODEL_PREDICTION_NOT_EMPIRICAL,cuda,on,2.11.0+cu128,12.8,NVIDIA GeForce RTX 3090,7.55442660022527,632516608,0.9994947540253634
LON-02,B2,2100,maia3-79m,10,f1e2,Be2,0.00012913436512462795,0.9994947540253634,0.1904841551063786,11,3,986,r3kb1r/pp2pppp/1qn2n2/3p1b2/2pP1B2/2P1PN2/PPQ2PPP/RN2KB1R w KQkq -,MODEL_PREDICTION_NOT_EMPIRICAL,cuda,on,2.11.0+cu128,12.8,NVIDIA GeForce RTX 3090,7.55442660022527,632516608,0.9994947540253634
LON-04,B2,1100,maia3-79m,1,b1d2,Nbd2,0.6042046546936035,0.9674103152938187,0.5636921113147384,480,22,498,r3kb1r/pp2pppp/1qn2n2/3p1b2/3P1B2/2P2N2/PP3PPP/RNQ1KB1R w KQkq -,MODEL_PREDICTION_NOT_EMPIRICAL,cuda,on,2.11.0+cu128,12.8,NVIDIA GeForce RTX 3090,7.55442660022527,632516608,0.9674103152938187
LON-04,B2,1100,maia3-79m,2,f1e2,Be2,0.14806672930717468,0.9674103152938187,0.5636921113147384,501,22,477,r3kb1r/pp2pppp/1qn2n2/3p1b2/3P1B2/2P2N2/PP3PPP/RNQ1KB1R w KQkq -,MODEL_PREDICTION_NOT_EMPIRICAL,cuda,on,2.11.0+cu128,12.8,NVIDIA GeForce RTX 3090,7.55442660022527,632516608,0.9674103152938187
LON-04,B2,1100,maia3-79m,3,f3e5,Ne5,0.06368270516395569,0.9674103152938187,0.5636921113147384,443,22,535,r3kb1r/pp2pppp/1qn2n2/3p1b2/3P1B2/2P2N2/PP3PPP/RNQ1KB1R w KQkq -,MODEL_PREDICTION_NOT_EMPIRICAL,cuda,on,2.11.0+cu128,12.8,NVIDIA GeForce RTX 3090,7.55442660022527,632516608,0.9674103152938187
LON-04,B2,1100,maia3-79m,4,b1a3,Na3,0.06076646223664284,0.9674103152938187,0.5636921113147384,449,21,530,r3kb1r/pp2pppp/1qn2n2/3p1b2/3P1B2/2P2N2/PP3PPP/RNQ1KB1R w KQkq -,MODEL_PREDICTION_NOT_EMPIRICAL,cuda,on,2.11.0+cu128,12.8,NVIDIA GeForce RTX 3090,7.55442660022527,632516608,0.9674103152938187
LON-04,B2,1100,maia3-79m,5,f3h4,Nh4,0.029615206643939018,0.9674103152938187,0.5636921113147384,491,21,488,r3kb1r/pp2pppp/1qn2n2/3p1b2/3P1B2/2P2N2/PP3PPP/RNQ1KB1R w KQkq -,MODEL_PREDICTION_NOT_EMPIRICAL,cuda,on,2.11.0+cu128,12.8,NVIDIA GeForce RTX 3090,7.55442660022527,632516608,0.9674103152938187
LON-04,B2,1100,maia3-79m,6,h2h3,h3,0.020038653165102005,0.9674103152938187,0.5636921113147384,477,21,502,r3kb1r/pp2pppp/1qn2n2/3p1b2/3P1B2/2P2N2/PP3PPP/RNQ1KB1R w KQkq -,MODEL_PREDICTION_NOT_EMPIRICAL,cuda,on,2.11.0+cu128,12.8,NVIDIA GeForce RTX 3090,7.55442660022527,632516608,0.9674103152938187
LON-04,B2,1100,maia3-79m,7,c1d2,Qd2,0.019727980718016624,0.9674103152938187,0.5636921113147384,404,19,577,r3kb1r/pp2pppp/1qn2n2/3p1b2/3P1B2/2P2N2/PP3PPP/RNQ1KB1R w KQkq -,MODEL_PREDICTION_NOT_EMPIRICAL,cuda,on,2.11.0+cu128,12.8,NVIDIA GeForce RTX 3090,7.55442660022527,632516608,0.9674103152938187
LON-04,B2,1100,maia3-79m,8,a2a4,a4,0.008223846554756165,0.9674103152938187,0.5636921113147384,499,20,481,r3kb1r/pp2pppp/1qn2n2/3p1b2/3P1B2/2P2N2/PP3PPP/RNQ1KB1R w KQkq -,MODEL_PREDICTION_NOT_EMPIRICAL,cuda,on,2.11.0+cu128,12.8,NVIDIA GeForce RTX 3090,7.55442660022527,632516608,0.9674103152938187
LON-04,B2,1100,maia3-79m,9,f1d3,Bd3,0.007605814374983311,0.9674103152938187,0.5636921113147384,245,15,740,r3kb1r/pp2pppp/1qn2n2/3p1b2/3P1B2/2P2N2/PP3PPP/RNQ1KB1R w KQkq -,MODEL_PREDICTION_NOT_EMPIRICAL,cuda,on,2.11.0+cu128,12.8,NVIDIA GeForce RTX 3090,7.55442660022527,632516608,0.9674103152938187
LON-04,B2,1100,maia3-79m,10,f4e3,Be3,0.005478262435644865,0.9674103152938187,0.5636921113147384,478,21,501,r3kb1r/pp2pppp/1qn2n2/3p1b2/3P1B2/2P2N2/PP3PPP/RNQ1KB1R w KQkq -,MODEL_PREDICTION_NOT_EMPIRICAL,cuda,on,2.11.0+cu128,12.8,NVIDIA GeForce RTX 3090,7.55442660022527,632516608,0.9674103152938187
LON-04,B2,1300,maia3-79m,1,b1d2,Nbd2,0.6391274333000183,0.980909701436758,0.5199605216779382,472,23,505,r3kb1r/pp2pppp/1qn2n2/3p1b2/3P1B2/2P2N2/PP3PPP/RNQ1KB1R w KQkq -,MODEL_PREDICTION_NOT_EMPIRICAL,cuda,on,2.11.0+cu128,12.8,NVIDIA GeForce RTX 3090,7.55442660022527,632516608,0.980909701436758
LON-04,B2,1300,maia3-79m,2,f1e2,Be2,0.17201881110668182,0.980909701436758,0.5199605216779382,495,24,481,r3kb1r/pp2pppp/1qn2n2/3p1b2/3P1B2/2P2N2/PP3PPP/RNQ1KB1R w KQkq -,MODEL_PREDICTION_NOT_EMPIRICAL,cuda,on,2.11.0+cu128,12.8,NVIDIA GeForce RTX 3090,7.55442660022527,632516608,0.980909701436758
LON-04,B2,1300,maia3-79m,3,b1a3,Na3,0.047767896205186844,0.980909701436758,0.5199605216779382,431,22,547,r3kb1r/pp2pppp/1qn2n2/3p1b2/3P1B2/2P2N2/PP3PPP/RNQ1KB1R w KQkq -,MODEL_PREDICTION_NOT_EMPIRICAL,cuda,on,2.11.0+cu128,12.8,NVIDIA GeForce RTX 3090,7.55442660022527,632516608,0.980909701436758
LON-04,B2,1300,maia3-79m,4,f3e5,Ne5,0.04085804894566536,0.980909701436758,0.5199605216779382,439,23,538,r3kb1r/pp2pppp/1qn2n2/3p1b2/3P1B2/2P2N2/PP3PPP/RNQ1KB1R w KQkq -,MODEL_PREDICTION_NOT_EMPIRICAL,cuda,on,2.11.0+cu128,12.8,NVIDIA GeForce RTX 3090,7.55442660022527,632516608,0.980909701436758
LON-04,B2,1300,maia3-79m,5,f3h4,Nh4,0.029892388731241226,0.980909701436758,0.5199605216779382,489,22,489,r3kb1r/pp2pppp/1qn2n2/3p1b2/3P1B2/2P2N2/PP3PPP/RNQ1KB1R w KQkq -,MODEL_PREDICTION_NOT_EMPIRICAL,cuda,on,2.11.0+cu128,12.8,NVIDIA GeForce RTX 3090,7.55442660022527,632516608,0.980909701436758
LON-04,B2,1300,maia3-79m,6,h2h3,h3,0.018706178292632103,0.980909701436758,0.5199605216779382,468,22,510,r3kb1r/pp2pppp/1qn2n2/3p1b2/3P1B2/2P2N2/PP3PPP/RNQ1KB1R w KQkq -,MODEL_PREDICTION_NOT_EMPIRICAL,cuda,on,2.11.0+cu128,12.8,NVIDIA GeForce RTX 3090,7.55442660022527,632516608,0.980909701436758
LON-04,B2,1300,maia3-79m,7,c1d2,Qd2,0.013901250436902046,0.980909701436758,0.5199605216779382,384,20,596,r3kb1r/pp2pppp/1qn2n2/3p1b2/3P1B2/2P2N2/PP3PPP/RNQ1KB1R w KQkq -,MODEL_PREDICTION_NOT_EMPIRICAL,cuda,on,2.11.0+cu128,12.8,NVIDIA GeForce RTX 3090,7.55442660022527,632516608,0.980909701436758
LON-04,B2,1300,maia3-79m,8,a2a4,a4,0.009116662666201591,0.980909701436758,0.5199605216779382,504,20,476,r3kb1r/pp2pppp/1qn2n2/3p1b2/3P1B2/2P2N2/PP3PPP/RNQ1KB1R w KQkq -,MODEL_PREDICTION_NOT_EMPIRICAL,cuda,on,2.11.0+cu128,12.8,NVIDIA GeForce RTX 3090,7.55442660022527,632516608,0.980909701436758
LON-04,B2,1300,maia3-79m,9,f1d3,Bd3,0.005443808156996965,0.980909701436758,0.5199605216779382,221,14,765,r3kb1r/pp2pppp/1qn2n2/3p1b2/3P1B2/2P2N2/PP3PPP/RNQ1KB1R w KQkq -,MODEL_PREDICTION_NOT_EMPIRICAL,cuda,on,2.11.0+cu128,12.8,NVIDIA GeForce RTX 3090,7.55442660022527,632516608,0.980909701436758
LON-04,B2,1300,maia3-79m,10,f4e3,Be3,0.0040772235952317715,0.980909701436758,0.5199605216779382,467,23,510,r3kb1r/pp2pppp/1qn2n2/3p1b2/3P1B2/2P2N2/PP3PPP/RNQ1KB1R w KQkq -,MODEL_PREDICTION_NOT_EMPIRICAL,cuda,on,2.11.0+cu128,12.8,NVIDIA GeForce RTX 3090,7.55442660022527,632516608,0.980909701436758
LON-04,B2,1500,maia3-79m,1,b1d2,Nbd2,0.6657436490058899,0.9889785880222917,0.4758665381001182,464,26,510,r3kb1r/pp2pppp/1qn2n2/3p1b2/3P1B2/2P2N2/PP3PPP/RNQ1KB1R w KQkq -,MODEL_PREDICTION_NOT_EMPIRICAL,cuda,on,2.11.0+cu128,12.8,NVIDIA GeForce RTX 3090,7.55442660022527,632516608,0.9889785880222917
LON-04,B2,1500,maia3-79m,2,f1e2,Be2,0.1907387673854828,0.9889785880222917,0.4758665381001182,486,26,488,r3kb1r/pp2pppp/1qn2n2/3p1b2/3P1B2/2P2N2/PP3PPP/RNQ1KB1R w KQkq -,MODEL_PREDICTION_NOT_EMPIRICAL,cuda,on,2.11.0+cu128,12.8,NVIDIA GeForce RTX 3090,7.55442660022527,632516608,0.9889785880222917
LON-04,B2,1500,maia3-79m,3,b1a3,Na3,0.036976397037506104,0.9889785880222917,0.4758665381001182,422,24,554,r3kb1r/pp2pppp/1qn2n2/3p1b2/3P1B2/2P2N2/PP3PPP/RNQ1KB1R w KQkq -,MODEL_PREDICTION_NOT_EMPIRICAL,cuda,on,2.11.0+cu128,12.8,NVIDIA GeForce RTX 3090,7.55442660022527,632516608,0.9889785880222917
LON-04,B2,1500,maia3-79m,4,f3h4,Nh4,0.027911247685551643,0.9889785880222917,0.4758665381001182,484,24,492,r3kb1r/pp2pppp/1qn2n2/3p1b2/3P1B2/2P2N2/PP3PPP/RNQ1KB1R w KQkq -,MODEL_PREDICTION_NOT_EMPIRICAL,cuda,on,2.11.0+cu128,12.8,NVIDIA GeForce RTX 3090,7.55442660022527,632516608,0.9889785880222917
LON-04,B2,1500,maia3-79m,5,f3e5,Ne5,0.025019481778144836,0.9889785880222917,0.4758665381001182,435,25,540,r3kb1r/pp2pppp/1qn2n2/3p1b2/3P1B2/2P2N2/PP3PPP/RNQ1KB1R w KQkq -,MODEL_PREDICTION_NOT_EMPIRICAL,cuda,on,2.11.0+cu128,12.8,NVIDIA GeForce RTX 3090,7.55442660022527,632516608,0.9889785880222917
LON-04,B2,1500,maia3-79m,6,h2h3,h3,0.018592899665236473,0.9889785880222917,0.4758665381001182,459,25,516,r3kb1r/pp2pppp/1qn2n2/3p1b2/3P1B2/2P2N2/PP3PPP/RNQ1KB1R w KQkq -,MODEL_PREDICTION_NOT_EMPIRICAL,cuda,on,2.11.0+cu128,12.8,NVIDIA GeForce RTX 3090,7.55442660022527,632516608,0.9889785880222917
LON-04,B2,1500,maia3-79m,7,c1d2,Qd2,0.008512449450790882,0.9889785880222917,0.4758665381001182,379,22,599,r3kb1r/pp2pppp/1qn2n2/3p1b2/3P1B2/2P2N2/PP3PPP/RNQ1KB1R w KQkq -,MODEL_PREDICTION_NOT_EMPIRICAL,cuda,on,2.11.0+cu128,12.8,NVIDIA GeForce RTX 3090,7.55442660022527,632516608,0.9889785880222917
LON-04,B2,1500,maia3-79m,8,a2a4,a4,0.00825054943561554,0.9889785880222917,0.4758665381001182,505,22,473,r3kb1r/pp2pppp/1qn2n2/3p1b2/3P1B2/2P2N2/PP3PPP/RNQ1KB1R w KQkq -,MODEL_PREDICTION_NOT_EMPIRICAL,cuda,on,2.11.0+cu128,12.8,NVIDIA GeForce RTX 3090,7.55442660022527,632516608,0.9889785880222917
LON-04,B2,1500,maia3-79m,9,f1d3,Bd3,0.004381833132356405,0.9889785880222917,0.4758665381001182,204,14,782,r3kb1r/pp2pppp/1qn2n2/3p1b2/3P1B2/2P2N2/PP3PPP/RNQ1KB1R w KQkq -,MODEL_PREDICTION_NOT_EMPIRICAL,cuda,on,2.11.0+cu128,12.8,NVIDIA GeForce RTX 3090,7.55442660022527,632516608,0.9889785880222917
LON-04,B2,1500,maia3-79m,10,f4e3,Be3,0.0028513134457170963,0.9889785880222917,0.4758665381001182,459,25,516,r3kb1r/pp2pppp/1qn2n2/3p1b2/3P1B2/2P2N2/PP3PPP/RNQ1KB1R w KQkq -,MODEL_PREDICTION_NOT_EMPIRICAL,cuda,on,2.11.0+cu128,12.8,NVIDIA GeForce RTX 3090,7.55442660022527,632516608,0.9889785880222917
LON-04,B2,1700,maia3-79m,1,b1d2,Nbd2,0.6899746060371399,0.9932058072881773,0.43845783284252743,456,30,514,r3kb1r/pp2pppp/1qn2n2/3p1b2/3P1B2/2P2N2/PP3PPP/RNQ1KB1R w KQkq -,MODEL_PREDICTION_NOT_EMPIRICAL,cuda,on,2.11.0+cu128,12.8,NVIDIA GeForce RTX 3090,7.55442660022527,632516608,0.9932058072881773
LON-04,B2,1700,maia3-79m,2,f1e2,Be2,0.19461627304553986,0.9932058072881773,0.43845783284252743,473,31,496,r3kb1r/pp2pppp/1qn2n2/3p1b2/3P1B2/2P2N2/PP3PPP/RNQ1KB1R w KQkq -,MODEL_PREDICTION_NOT_EMPIRICAL,cuda,on,2.11.0+cu128,12.8,NVIDIA GeForce RTX 3090,7.55442660022527,632516608,0.9932058072881773
LON-04,B2,1700,maia3-79m,3,b1a3,Na3,0.030315369367599487,0.9932058072881773,0.43845783284252743,417,26,557,r3kb1r/pp2pppp/1qn2n2/3p1b2/3P1B2/2P2N2/PP3PPP/RNQ1KB1R w KQkq -,MODEL_PREDICTION_NOT_EMPIRICAL,cuda,on,2.11.0+cu128,12.8,NVIDIA GeForce RTX 3090,7.55442660022527,632516608,0.9932058072881773
LON-04,B2,1700,maia3-79m,4,f3h4,Nh4,0.025132324546575546,0.9932058072881773,0.43845783284252743,481,27,492,r3kb1r/pp2pppp/1qn2n2/3p1b2/3P1B2/2P2N2/PP3PPP/RNQ1KB1R w KQkq -,MODEL_PREDICTION_NOT_EMPIRICAL,cuda,on,2.11.0+cu128,12.8,NVIDIA GeForce RTX 3090,7.55442660022527,632516608,0.9932058072881773
LON-04,B2,1700,maia3-79m,5,h2h3,h3,0.020835429430007935,0.9932058072881773,0.43845783284252743,449,30,521,r3kb1r/pp2pppp/1qn2n2/3p1b2/3P1B2/2P2N2/PP3PPP/RNQ1KB1R w KQkq -,MODEL_PREDICTION_NOT_EMPIRICAL,cuda,on,2.11.0+cu128,12.8,NVIDIA GeForce RTX 3090,7.55442660022527,632516608,0.9932058072881773
LON-04,B2,1700,maia3-79m,6,f3e5,Ne5,0.015007195994257927,0.9932058072881773,0.43845783284252743,427,30,543,r3kb1r/pp2pppp/1qn2n2/3p1b2/3P1B2/2P2N2/PP3PPP/RNQ1KB1R w KQkq -,MODEL_PREDICTION_NOT_EMPIRICAL,cuda,on,2.11.0+cu128,12.8,NVIDIA GeForce RTX 3090,7.55442660022527,632516608,0.9932058072881773
LON-04,B2,1700,maia3-79m,7,a2a4,a4,0.006556158419698477,0.9932058072881773,0.43845783284252743,498,25,477,r3kb1r/pp2pppp/1qn2n2/3p1b2/3P1B2/2P2N2/PP3PPP/RNQ1KB1R w KQkq -,MODEL_PREDICTION_NOT_EMPIRICAL,cuda,on,2.11.0+cu128,12.8,NVIDIA GeForce RTX 3090,7.55442660022527,632516608,0.9932058072881773
LON-04,B2,1700,maia3-79m,8,c1d2,Qd2,0.005268021021038294,0.9932058072881773,0.43845783284252743,386,27,587,r3kb1r/pp2pppp/1qn2n2/3p1b2/3P1B2/2P2N2/PP3PPP/RNQ1KB1R w KQkq -,MODEL_PREDICTION_NOT_EMPIRICAL,cuda,on,2.11.0+cu128,12.8,NVIDIA GeForce RTX 3090,7.55442660022527,632516608,0.9932058072881773
LON-04,B2,1700,maia3-79m,9,f1d3,Bd3,0.0035924785770475864,0.9932058072881773,0.43845783284252743,183,15,802,r3kb1r/pp2pppp/1qn2n2/3p1b2/3P1B2/2P2N2/PP3PPP/RNQ1KB1R w KQkq -,MODEL_PREDICTION_NOT_EMPIRICAL,cuda,on,2.11.0+cu128,12.8,NVIDIA GeForce RTX 3090,7.55442660022527,632516608,0.9932058072881773
LON-04,B2,1700,maia3-79m,10,f4e3,Be3,0.0019079508492723107,0.9932058072881773,0.43845783284252743,448,29,523,r3kb1r/pp2pppp/1qn2n2/3p1b2/3P1B2/2P2N2/PP3PPP/RNQ1KB1R w KQkq -,MODEL_PREDICTION_NOT_EMPIRICAL,cuda,on,2.11.0+cu128,12.8,NVIDIA GeForce RTX 3090,7.55442660022527,632516608,0.9932058072881773
LON-04,B2,1900,maia3-79m,1,b1d2,Nbd2,0.7019058465957642,0.9952218917896971,0.4192767544795551,442,38,520,r3kb1r/pp2pppp/1qn2n2/3p1b2/3P1B2/2P2N2/PP3PPP/RNQ1KB1R w KQkq -,MODEL_PREDICTION_NOT_EMPIRICAL,cuda,on,2.11.0+cu128,12.8,NVIDIA GeForce RTX 3090,7.55442660022527,632516608,0.9952218917896971
LON-04,B2,1900,maia3-79m,2,f1e2,Be2,0.19491221010684967,0.9952218917896971,0.4192767544795551,458,38,504,r3kb1r/pp2pppp/1qn2n2/3p1b2/3P1B2/2P2N2/PP3PPP/RNQ1KB1R w KQkq -,MODEL_PREDICTION_NOT_EMPIRICAL,cuda,on,2.11.0+cu128,12.8,NVIDIA GeForce RTX 3090,7.55442660022527,632516608,0.9952218917896971
LON-04,B2,1900,maia3-79m,3,b1a3,Na3,0.02721584215760231,0.9952218917896971,0.4192767544795551,417,31,552,r3kb1r/pp2pppp/1qn2n2/3p1b2/3P1B2/2P2N2/PP3PPP/RNQ1KB1R w KQkq -,MODEL_PREDICTION_NOT_EMPIRICAL,cuda,on,2.11.0+cu128,12.8,NVIDIA GeForce RTX 3090,7.55442660022527,632516608,0.9952218917896971
LON-04,B2,1900,maia3-79m,4,f3h4,Nh4,0.024017896503210068,0.9952218917896971,0.4192767544795551,474,33,493,r3kb1r/pp2pppp/1qn2n2/3p1b2/3P1B2/2P2N2/PP3PPP/RNQ1KB1R w KQkq -,MODEL_PREDICTION_NOT_EMPIRICAL,cuda,on,2.11.0+cu128,12.8,NVIDIA GeForce RTX 3090,7.55442660022527,632516608,0.9952218917896971
LON-04,B2,1900,maia3-79m,5,h2h3,h3,0.023278946056962013,0.9952218917896971,0.4192767544795551,436,37,527,r3kb1r/pp2pppp/1qn2n2/3p1b2/3P1B2/2P2N2/PP3PPP/RNQ1KB1R w KQkq -,MODEL_PREDICTION_NOT_EMPIRICAL,cuda,on,2.11.0+cu128,12.8,NVIDIA GeForce RTX 3090,7.55442660022527,632516608,0.9952218917896971
LON-04,B2,1900,maia3-79m,6,f3e5,Ne5,0.010169817134737968,0.9952218917896971,0.4192767544795551,420,36,544,r3kb1r/pp2pppp/1qn2n2/3p1b2/3P1B2/2P2N2/PP3PPP/RNQ1KB1R w KQkq -,MODEL_PREDICTION_NOT_EMPIRICAL,cuda,on,2.11.0+cu128,12.8,NVIDIA GeForce RTX 3090,7.55442660022527,632516608,0.9952218917896971
LON-04,B2,1900,maia3-79m,7,a2a4,a4,0.00561630679294467,0.9952218917896971,0.4192767544795551,490,31,479,r3kb1r/pp2pppp/1qn2n2/3p1b2/3P1B2/2P2N2/PP3PPP/RNQ1KB1R w KQkq -,MODEL_PREDICTION_NOT_EMPIRICAL,cuda,on,2.11.0+cu128,12.8,NVIDIA GeForce RTX 3090,7.55442660022527,632516608,0.9952218917896971
LON-04,B2,1900,maia3-79m,8,c1d2,Qd2,0.0037412666715681553,0.9952218917896971,0.4192767544795551,398,33,569,r3kb1r/pp2pppp/1qn2n2/3p1b2/3P1B2/2P2N2/PP3PPP/RNQ1KB1R w KQkq -,MODEL_PREDICTION_NOT_EMPIRICAL,cuda,on,2.11.0+cu128,12.8,NVIDIA GeForce RTX 3090,7.55442660022527,632516608,0.9952218917896971
LON-04,B2,1900,maia3-79m,9,f1d3,Bd3,0.0030297699850052595,0.9952218917896971,0.4192767544795551,160,15,825,r3kb1r/pp2pppp/1qn2n2/3p1b2/3P1B2/2P2N2/PP3PPP/RNQ1KB1R w KQkq -,MODEL_PREDICTION_NOT_EMPIRICAL,cuda,on,2.11.0+cu128,12.8,NVIDIA GeForce RTX 3090,7.55442660022527,632516608,0.9952218917896971
LON-04,B2,1900,maia3-79m,10,b2b3,b3,0.001333989785052836,0.9952218917896971,0.4192767544795551,411,34,555,r3kb1r/pp2pppp/1qn2n2/3p1b2/3P1B2/2P2N2/PP3PPP/RNQ1KB1R w KQkq -,MODEL_PREDICTION_NOT_EMPIRICAL,cuda,on,2.11.0+cu128,12.8,NVIDIA GeForce RTX 3090,7.55442660022527,632516608,0.9952218917896971
LON-04,B2,2100,maia3-79m,1,b1d2,Nbd2,0.7066255807876587,0.9966272852616385,0.41517187484068574,433,48,519,r3kb1r/pp2pppp/1qn2n2/3p1b2/3P1B2/2P2N2/PP3PPP/RNQ1KB1R w KQkq -,MODEL_PREDICTION_NOT_EMPIRICAL,cuda,on,2.11.0+cu128,12.8,NVIDIA GeForce RTX 3090,7.55442660022527,632516608,0.9966272852616385
LON-04,B2,2100,maia3-79m,2,f1e2,Be2,0.19018569588661194,0.9966272852616385,0.41517187484068574,445,50,505,r3kb1r/pp2pppp/1qn2n2/3p1b2/3P1B2/2P2N2/PP3PPP/RNQ1KB1R w KQkq -,MODEL_PREDICTION_NOT_EMPIRICAL,cuda,on,2.11.0+cu128,12.8,NVIDIA GeForce RTX 3090,7.55442660022527,632516608,0.9966272852616385
LON-04,B2,2100,maia3-79m,3,b1a3,Na3,0.03104696236550808,0.9966272852616385,0.41517187484068574,428,39,533,r3kb1r/pp2pppp/1qn2n2/3p1b2/3P1B2/2P2N2/PP3PPP/RNQ1KB1R w KQkq -,MODEL_PREDICTION_NOT_EMPIRICAL,cuda,on,2.11.0+cu128,12.8,NVIDIA GeForce RTX 3090,7.55442660022527,632516608,0.9966272852616385
LON-04,B2,2100,maia3-79m,4,f3h4,Nh4,0.02826858125627041,0.9966272852616385,0.41517187484068574,471,43,486,r3kb1r/pp2pppp/1qn2n2/3p1b2/3P1B2/2P2N2/PP3PPP/RNQ1KB1R w KQkq -,MODEL_PREDICTION_NOT_EMPIRICAL,cuda,on,2.11.0+cu128,12.8,NVIDIA GeForce RTX 3090,7.55442660022527,632516608,0.9966272852616385
LON-04,B2,2100,maia3-79m,5,h2h3,h3,0.020361093804240227,0.9966272852616385,0.41517187484068574,423,48,529,r3kb1r/pp2pppp/1qn2n2/3p1b2/3P1B2/2P2N2/PP3PPP/RNQ1KB1R w KQkq -,MODEL_PREDICTION_NOT_EMPIRICAL,cuda,on,2.11.0+cu128,12.8,NVIDIA GeForce RTX 3090,7.55442660022527,632516608,0.9966272852616385
LON-04,B2,2100,maia3-79m,6,f3e5,Ne5,0.008226626552641392,0.9966272852616385,0.41517187484068574,414,47,539,r3kb1r/pp2pppp/1qn2n2/3p1b2/3P1B2/2P2N2/PP3PPP/RNQ1KB1R w KQkq -,MODEL_PREDICTION_NOT_EMPIRICAL,cuda,on,2.11.0+cu128,12.8,NVIDIA GeForce RTX 3090,7.55442660022527,632516608,0.9966272852616385
LON-04,B2,2100,maia3-79m,7,a2a4,a4,0.005566413979977369,0.9966272852616385,0.41517187484068574,495,41,464,r3kb1r/pp2pppp/1qn2n2/3p1b2/3P1B2/2P2N2/PP3PPP/RNQ1KB1R w KQkq -,MODEL_PREDICTION_NOT_EMPIRICAL,cuda,on,2.11.0+cu128,12.8,NVIDIA GeForce RTX 3090,7.55442660022527,632516608,0.9966272852616385
LON-04,B2,2100,maia3-79m,8,c1d2,Qd2,0.003074065549299121,0.9966272852616385,0.41517187484068574,410,43,547,r3kb1r/pp2pppp/1qn2n2/3p1b2/3P1B2/2P2N2/PP3PPP/RNQ1KB1R w KQkq -,MODEL_PREDICTION_NOT_EMPIRICAL,cuda,on,2.11.0+cu128,12.8,NVIDIA GeForce RTX 3090,7.55442660022527,632516608,0.9966272852616385
LON-04,B2,2100,maia3-79m,9,f1d3,Bd3,0.0020963302813470364,0.9966272852616385,0.41517187484068574,130,15,855,r3kb1r/pp2pppp/1qn2n2/3p1b2/3P1B2/2P2N2/PP3PPP/RNQ1KB1R w KQkq -,MODEL_PREDICTION_NOT_EMPIRICAL,cuda,on,2.11.0+cu128,12.8,NVIDIA GeForce RTX 3090,7.55442660022527,632516608,0.9966272852616385
LON-04,B2,2100,maia3-79m,10,a2a3,a3,0.0011759347980841994,0.9966272852616385,0.41517187484068574,415,45,540,r3kb1r/pp2pppp/1qn2n2/3p1b2/3P1B2/2P2N2/PP3PPP/RNQ1KB1R w KQkq -,MODEL_PREDICTION_NOT_EMPIRICAL,cuda,on,2.11.0+cu128,12.8,NVIDIA GeForce RTX 3090,7.55442660022527,632516608,0.9966272852616385
LON-09,B2,1100,maia3-79m,1,f1e2,Be2,0.3501664400100708,0.9945169318234548,0.6470504531208557,525,22,453,r3kb1r/pp2pppp/1qn2n2/2pp4/3P1Bb1/1PP1PN2/P4PPP/RN1QKB1R w KQkq -,MODEL_PREDICTION_NOT_EMPIRICAL,cuda,on,2.11.0+cu128,12.8,NVIDIA GeForce RTX 3090,7.55442660022527,632516608,0.9945169318234548
LON-09,B2,1100,maia3-79m,2,b1d2,Nbd2,0.2902981638908386,0.9945169318234548,0.6470504531208557,496,21,483,r3kb1r/pp2pppp/1qn2n2/2pp4/3P1Bb1/1PP1PN2/P4PPP/RN1QKB1R w KQkq -,MODEL_PREDICTION_NOT_EMPIRICAL,cuda,on,2.11.0+cu128,12.8,NVIDIA GeForce RTX 3090,7.55442660022527,632516608,0.9945169318234548
LON-09,B2,1100,maia3-79m,3,h2h3,h3,0.17607474327087402,0.9945169318234548,0.6470504531208557,468,23,509,r3kb1r/pp2pppp/1qn2n2/2pp4/3P1Bb1/1PP1PN2/P4PPP/RN1QKB1R w KQkq -,MODEL_PREDICTION_NOT_EMPIRICAL,cuda,on,2.11.0+cu128,12.8,NVIDIA GeForce RTX 3090,7.55442660022527,632516608,0.9945169318234548
LON-09,B2,1100,maia3-79m,4,f1d3,Bd3,0.14148002862930298,0.9945169318234548,0.6470504531208557,494,20,486,r3kb1r/pp2pppp/1qn2n2/2pp4/3P1Bb1/1PP1PN2/P4PPP/RN1QKB1R w KQkq -,MODEL_PREDICTION_NOT_EMPIRICAL,cuda,on,2.11.0+cu128,12.8,NVIDIA GeForce RTX 3090,7.55442660022527,632516608,0.9945169318234548
LON-09,B2,1100,maia3-79m,5,c3c4,c4,0.010410173796117306,0.9945169318234548,0.6470504531208557,402,18,580,r3kb1r/pp2pppp/1qn2n2/2pp4/3P1Bb1/1PP1PN2/P4PPP/RN1QKB1R w KQkq -,MODEL_PREDICTION_NOT_EMPIRICAL,cuda,on,2.11.0+cu128,12.8,NVIDIA GeForce RTX 3090,7.55442660022527,632516608,0.9945169318234548
LON-09,B2,1100,maia3-79m,6,a2a4,a4,0.008630337193608284,0.9945169318234548,0.6470504531208557,511,19,470,r3kb1r/pp2pppp/1qn2n2/2pp4/3P1Bb1/1PP1PN2/P4PPP/RN1QKB1R w KQkq -,MODEL_PREDICTION_NOT_EMPIRICAL,cuda,on,2.11.0+cu128,12.8,NVIDIA GeForce RTX 3090,7.55442660022527,632516608,0.9945169318234548
LON-09,B2,1100,maia3-79m,7,b1a3,Na3,0.007154800463467836,0.9945169318234548,0.6470504531208557,443,19,538,r3kb1r/pp2pppp/1qn2n2/2pp4/3P1Bb1/1PP1PN2/P4PPP/RN1QKB1R w KQkq -,MODEL_PREDICTION_NOT_EMPIRICAL,cuda,on,2.11.0+cu128,12.8,NVIDIA GeForce RTX 3090,7.55442660022527,632516608,0.9945169318234548
LON-09,B2,1100,maia3-79m,8,d4c5,dxc5,0.006024945992976427,0.9945169318234548,0.6470504531208557,460,19,521,r3kb1r/pp2pppp/1qn2n2/2pp4/3P1Bb1/1PP1PN2/P4PPP/RN1QKB1R w KQkq -,MODEL_PREDICTION_NOT_EMPIRICAL,cuda,on,2.11.0+cu128,12.8,NVIDIA GeForce RTX 3090,7.55442660022527,632516608,0.9945169318234548
LON-09,B2,1100,maia3-79m,9,f3e5,Ne5,0.0025511225685477257,0.9945169318234548,0.6470504531208557,120,8,872,r3kb1r/pp2pppp/1qn2n2/2pp4/3P1Bb1/1PP1PN2/P4PPP/RN1QKB1R w KQkq -,MODEL_PREDICTION_NOT_EMPIRICAL,cuda,on,2.11.0+cu128,12.8,NVIDIA GeForce RTX 3090,7.55442660022527,632516608,0.9945169318234548
LON-09,B2,1100,maia3-79m,10,d1c2,Qc2,0.0017261760076507926,0.9945169318234548,0.6470504531208557,477,20,503,r3kb1r/pp2pppp/1qn2n2/2pp4/3P1Bb1/1PP1PN2/P4PPP/RN1QKB1R w KQkq -,MODEL_PREDICTION_NOT_EMPIRICAL,cuda,on,2.11.0+cu128,12.8,NVIDIA GeForce RTX 3090,7.55442660022527,632516608,0.9945169318234548
LON-09,B2,1300,maia3-79m,1,f1e2,Be2,0.38305744528770447,0.997030965401791,0.6018942954422284,514,23,463,r3kb1r/pp2pppp/1qn2n2/2pp4/3P1Bb1/1PP1PN2/P4PPP/RN1QKB1R w KQkq -,MODEL_PREDICTION_NOT_EMPIRICAL,cuda,on,2.11.0+cu128,12.8,NVIDIA GeForce RTX 3090,7.55442660022527,632516608,0.997030965401791
LON-09,B2,1300,maia3-79m,2,b1d2,Nbd2,0.33804699778556824,0.997030965401791,0.6018942954422284,490,23,487,r3kb1r/pp2pppp/1qn2n2/2pp4/3P1Bb1/1PP1PN2/P4PPP/RN1QKB1R w KQkq -,MODEL_PREDICTION_NOT_EMPIRICAL,cuda,on,2.11.0+cu128,12.8,NVIDIA GeForce RTX 3090,7.55442660022527,632516608,0.997030965401791
LON-09,B2,1300,maia3-79m,3,h2h3,h3,0.143138125538826,0.997030965401791,0.6018942954422284,465,24,511,r3kb1r/pp2pppp/1qn2n2/2pp4/3P1Bb1/1PP1PN2/P4PPP/RN1QKB1R w KQkq -,MODEL_PREDICTION_NOT_EMPIRICAL,cuda,on,2.11.0+cu128,12.8,NVIDIA GeForce RTX 3090,7.55442660022527,632516608,0.997030965401791
LON-09,B2,1300,maia3-79m,4,f1d3,Bd3,0.10804631561040878,0.997030965401791,0.6018942954422284,491,22,487,r3kb1r/pp2pppp/1qn2n2/2pp4/3P1Bb1/1PP1PN2/P4PPP/RN1QKB1R w KQkq -,MODEL_PREDICTION_NOT_EMPIRICAL,cuda,on,2.11.0+cu128,12.8,NVIDIA GeForce RTX 3090,7.55442660022527,632516608,0.997030965401791
LON-09,B2,1300,maia3-79m,5,a2a4,a4,0.006800083909183741,0.997030965401791,0.6018942954422284,504,20,476,r3kb1r/pp2pppp/1qn2n2/2pp4/3P1Bb1/1PP1PN2/P4PPP/RN1QKB1R w KQkq -,MODEL_PREDICTION_NOT_EMPIRICAL,cuda,on,2.11.0+cu128,12.8,NVIDIA GeForce RTX 3090,7.55442660022527,632516608,0.997030965401791
LON-09,B2,1300,maia3-79m,6,d4c5,dxc5,0.005213805474340916,0.997030965401791,0.6018942954422284,457,19,524,r3kb1r/pp2pppp/1qn2n2/2pp4/3P1Bb1/1PP1PN2/P4PPP/RN1QKB1R w KQkq -,MODEL_PREDICTION_NOT_EMPIRICAL,cuda,on,2.11.0+cu128,12.8,NVIDIA GeForce RTX 3090,7.55442660022527,632516608,0.997030965401791
LON-09,B2,1300,maia3-79m,7,c3c4,c4,0.004747224040329456,0.997030965401791,0.6018942954422284,388,19,593,r3kb1r/pp2pppp/1qn2n2/2pp4/3P1Bb1/1PP1PN2/P4PPP/RN1QKB1R w KQkq -,MODEL_PREDICTION_NOT_EMPIRICAL,cuda,on,2.11.0+cu128,12.8,NVIDIA GeForce RTX 3090,7.55442660022527,632516608,0.997030965401791
LON-09,B2,1300,maia3-79m,8,b1a3,Na3,0.004529832396656275,0.997030965401791,0.6018942954422284,422,20,558,r3kb1r/pp2pppp/1qn2n2/2pp4/3P1Bb1/1PP1PN2/P4PPP/RN1QKB1R w KQkq -,MODEL_PREDICTION_NOT_EMPIRICAL,cuda,on,2.11.0+cu128,12.8,NVIDIA GeForce RTX 3090,7.55442660022527,632516608,0.997030965401791
LON-09,B2,1300,maia3-79m,9,d1c2,Qc2,0.0021734375040978193,0.997030965401791,0.6018942954422284,466,21,513,r3kb1r/pp2pppp/1qn2n2/2pp4/3P1Bb1/1PP1PN2/P4PPP/RN1QKB1R w KQkq -,MODEL_PREDICTION_NOT_EMPIRICAL,cuda,on,2.11.0+cu128,12.8,NVIDIA GeForce RTX 3090,7.55442660022527,632516608,0.997030965401791
LON-09,B2,1300,maia3-79m,10,f3e5,Ne5,0.0012776978546753526,0.997030965401791,0.6018942954422284,92,7,901,r3kb1r/pp2pppp/1qn2n2/2pp4/3P1Bb1/1PP1PN2/P4PPP/RN1QKB1R w KQkq -,MODEL_PREDICTION_NOT_EMPIRICAL,cuda,on,2.11.0+cu128,12.8,NVIDIA GeForce RTX 3090,7.55442660022527,632516608,0.997030965401791
LON-09,B2,1500,maia3-79m,1,f1e2,Be2,0.4235572814941406,0.9981554821133614,0.5649437607272388,503,26,471,r3kb1r/pp2pppp/1qn2n2/2pp4/3P1Bb1/1PP1PN2/P4PPP/RN1QKB1R w KQkq -,MODEL_PREDICTION_NOT_EMPIRICAL,cuda,on,2.11.0+cu128,12.8,NVIDIA GeForce RTX 3090,7.55442660022527,632516608,0.9981554821133614
LON-09,B2,1500,maia3-79m,2,b1d2,Nbd2,0.3511413335800171,0.9981554821133614,0.5649437607272388,490,25,485,r3kb1r/pp2pppp/1qn2n2/2pp4/3P1Bb1/1PP1PN2/P4PPP/RN1QKB1R w KQkq -,MODEL_PREDICTION_NOT_EMPIRICAL,cuda,on,2.11.0+cu128,12.8,NVIDIA GeForce RTX 3090,7.55442660022527,632516608,0.9981554821133614
LON-09,B2,1500,maia3-79m,3,h2h3,h3,0.11223151534795761,0.9981554821133614,0.5649437607272388,469,26,505,r3kb1r/pp2pppp/1qn2n2/2pp4/3P1Bb1/1PP1PN2/P4PPP/RN1QKB1R w KQkq -,MODEL_PREDICTION_NOT_EMPIRICAL,cuda,on,2.11.0+cu128,12.8,NVIDIA GeForce RTX 3090,7.55442660022527,632516608,0.9981554821133614
LON-09,B2,1500,maia3-79m,4,f1d3,Bd3,0.09304318577051163,0.9981554821133614,0.5649437607272388,488,25,487,r3kb1r/pp2pppp/1qn2n2/2pp4/3P1Bb1/1PP1PN2/P4PPP/RN1QKB1R w KQkq -,MODEL_PREDICTION_NOT_EMPIRICAL,cuda,on,2.11.0+cu128,12.8,NVIDIA GeForce RTX 3090,7.55442660022527,632516608,0.9981554821133614
LON-09,B2,1500,maia3-79m,5,d4c5,dxc5,0.005331799387931824,0.9981554821133614,0.5649437607272388,457,22,521,r3kb1r/pp2pppp/1qn2n2/2pp4/3P1Bb1/1PP1PN2/P4PPP/RN1QKB1R w KQkq -,MODEL_PREDICTION_NOT_EMPIRICAL,cuda,on,2.11.0+cu128,12.8,NVIDIA GeForce RTX 3090,7.55442660022527,632516608,0.9981554821133614
LON-09,B2,1500,maia3-79m,6,a2a4,a4,0.004217800218611956,0.9981554821133614,0.5649437607272388,501,22,477,r3kb1r/pp2pppp/1qn2n2/2pp4/3P1Bb1/1PP1PN2/P4PPP/RN1QKB1R w KQkq -,MODEL_PREDICTION_NOT_EMPIRICAL,cuda,on,2.11.0+cu128,12.8,NVIDIA GeForce RTX 3090,7.55442660022527,632516608,0.9981554821133614
LON-09,B2,1500,maia3-79m,7,d1c2,Qc2,0.0032338995952159166,0.9981554821133614,0.5649437607272388,463,23,514,r3kb1r/pp2pppp/1qn2n2/2pp4/3P1Bb1/1PP1PN2/P4PPP/RN1QKB1R w KQkq -,MODEL_PREDICTION_NOT_EMPIRICAL,cuda,on,2.11.0+cu128,12.8,NVIDIA GeForce RTX 3090,7.55442660022527,632516608,0.9981554821133614
LON-09,B2,1500,maia3-79m,8,b1a3,Na3,0.0026809971313923597,0.9981554821133614,0.5649437607272388,412,22,566,r3kb1r/pp2pppp/1qn2n2/2pp4/3P1Bb1/1PP1PN2/P4PPP/RN1QKB1R w KQkq -,MODEL_PREDICTION_NOT_EMPIRICAL,cuda,on,2.11.0+cu128,12.8,NVIDIA GeForce RTX 3090,7.55442660022527,632516608,0.9981554821133614
LON-09,B2,1500,maia3-79m,9,c3c4,c4,0.0019614596385508776,0.9981554821133614,0.5649437607272388,382,21,597,r3kb1r/pp2pppp/1qn2n2/2pp4/3P1Bb1/1PP1PN2/P4PPP/RN1QKB1R w KQkq -,MODEL_PREDICTION_NOT_EMPIRICAL,cuda,on,2.11.0+cu128,12.8,NVIDIA GeForce RTX 3090,7.55442660022527,632516608,0.9981554821133614
LON-09,B2,1500,maia3-79m,10,f3e5,Ne5,0.0007562099490314722,0.9981554821133614,0.5649437607272388,77,6,917,r3kb1r/pp2pppp/1qn2n2/2pp4/3P1Bb1/1PP1PN2/P4PPP/RN1QKB1R w KQkq -,MODEL_PREDICTION_NOT_EMPIRICAL,cuda,on,2.11.0+cu128,12.8,NVIDIA GeForce RTX 3090,7.55442660022527,632516608,0.9981554821133614
LON-09,B2,1700,maia3-79m,1,f1e2,Be2,0.4815114140510559,0.998592239280697,0.5329273137016713,494,31,475,r3kb1r/pp2pppp/1qn2n2/2pp4/3P1Bb1/1PP1PN2/P4PPP/RN1QKB1R w KQkq -,MODEL_PREDICTION_NOT_EMPIRICAL,cuda,on,2.11.0+cu128,12.8,NVIDIA GeForce RTX 3090,7.55442660022527,632516608,0.998592239280697
LON-09,B2,1700,maia3-79m,2,b1d2,Nbd2,0.3309376537799835,0.998592239280697,0.5329273137016713,487,29,484,r3kb1r/pp2pppp/1qn2n2/2pp4/3P1Bb1/1PP1PN2/P4PPP/RN1QKB1R w KQkq -,MODEL_PREDICTION_NOT_EMPIRICAL,cuda,on,2.11.0+cu128,12.8,NVIDIA GeForce RTX 3090,7.55442660022527,632516608,0.998592239280697
LON-09,B2,1700,maia3-79m,3,f1d3,Bd3,0.08768974244594574,0.998592239280697,0.5329273137016713,483,29,488,r3kb1r/pp2pppp/1qn2n2/2pp4/3P1Bb1/1PP1PN2/P4PPP/RN1QKB1R w KQkq -,MODEL_PREDICTION_NOT_EMPIRICAL,cuda,on,2.11.0+cu128,12.8,NVIDIA GeForce RTX 3090,7.55442660022527,632516608,0.998592239280697
LON-09,B2,1700,maia3-79m,4,h2h3,h3,0.0823768898844719,0.998592239280697,0.5329273137016713,469,30,501,r3kb1r/pp2pppp/1qn2n2/2pp4/3P1Bb1/1PP1PN2/P4PPP/RN1QKB1R w KQkq -,MODEL_PREDICTION_NOT_EMPIRICAL,cuda,on,2.11.0+cu128,12.8,NVIDIA GeForce RTX 3090,7.55442660022527,632516608,0.998592239280697
LON-09,B2,1700,maia3-79m,5,d4c5,dxc5,0.006452256813645363,0.998592239280697,0.5329273137016713,455,25,520,r3kb1r/pp2pppp/1qn2n2/2pp4/3P1Bb1/1PP1PN2/P4PPP/RN1QKB1R w KQkq -,MODEL_PREDICTION_NOT_EMPIRICAL,cuda,on,2.11.0+cu128,12.8,NVIDIA GeForce RTX 3090,7.55442660022527,632516608,0.998592239280697
LON-09,B2,1700,maia3-79m,6,d1c2,Qc2,0.00450440077111125,0.998592239280697,0.5329273137016713,458,27,515,r3kb1r/pp2pppp/1qn2n2/2pp4/3P1Bb1/1PP1PN2/P4PPP/RN1QKB1R w KQkq -,MODEL_PREDICTION_NOT_EMPIRICAL,cuda,on,2.11.0+cu128,12.8,NVIDIA GeForce RTX 3090,7.55442660022527,632516608,0.998592239280697
LON-09,B2,1700,maia3-79m,7,a2a4,a4,0.002373652532696724,0.998592239280697,0.5329273137016713,499,26,475,r3kb1r/pp2pppp/1qn2n2/2pp4/3P1Bb1/1PP1PN2/P4PPP/RN1QKB1R w KQkq -,MODEL_PREDICTION_NOT_EMPIRICAL,cuda,on,2.11.0+cu128,12.8,NVIDIA GeForce RTX 3090,7.55442660022527,632516608,0.998592239280697
LON-09,B2,1700,maia3-79m,8,b1a3,Na3,0.0014853938482701778,0.998592239280697,0.5329273137016713,412,25,563,r3kb1r/pp2pppp/1qn2n2/2pp4/3P1Bb1/1PP1PN2/P4PPP/RN1QKB1R w KQkq -,MODEL_PREDICTION_NOT_EMPIRICAL,cuda,on,2.11.0+cu128,12.8,NVIDIA GeForce RTX 3090,7.55442660022527,632516608,0.998592239280697
LON-09,B2,1700,maia3-79m,9,c3c4,c4,0.0007353232940658927,0.998592239280697,0.5329273137016713,382,24,594,r3kb1r/pp2pppp/1qn2n2/2pp4/3P1Bb1/1PP1PN2/P4PPP/RN1QKB1R w KQkq -,MODEL_PREDICTION_NOT_EMPIRICAL,cuda,on,2.11.0+cu128,12.8,NVIDIA GeForce RTX 3090,7.55442660022527,632516608,0.998592239280697
LON-09,B2,1700,maia3-79m,10,f3e5,Ne5,0.0005255118594504893,0.998592239280697,0.5329273137016713,65,6,929,r3kb1r/pp2pppp/1qn2n2/2pp4/3P1Bb1/1PP1PN2/P4PPP/RN1QKB1R w KQkq -,MODEL_PREDICTION_NOT_EMPIRICAL,cuda,on,2.11.0+cu128,12.8,NVIDIA GeForce RTX 3090,7.55442660022527,632516608,0.998592239280697
LON-09,B2,1900,maia3-79m,1,f1e2,Be2,0.5385334491729736,0.9988521868508542,0.4971207477644792,485,39,476,r3kb1r/pp2pppp/1qn2n2/2pp4/3P1Bb1/1PP1PN2/P4PPP/RN1QKB1R w KQkq -,MODEL_PREDICTION_NOT_EMPIRICAL,cuda,on,2.11.0+cu128,12.8,NVIDIA GeForce RTX 3090,7.55442660022527,632516608,0.9988521868508542
LON-09,B2,1900,maia3-79m,2,b1d2,Nbd2,0.3020898699760437,0.9988521868508542,0.4971207477644792,482,36,482,r3kb1r/pp2pppp/1qn2n2/2pp4/3P1Bb1/1PP1PN2/P4PPP/RN1QKB1R w KQkq -,MODEL_PREDICTION_NOT_EMPIRICAL,cuda,on,2.11.0+cu128,12.8,NVIDIA GeForce RTX 3090,7.55442660022527,632516608,0.9988521868508542
LON-09,B2,1900,maia3-79m,3,f1d3,Bd3,0.09213221073150635,0.9988521868508542,0.4971207477644792,475,35,490,r3kb1r/pp2pppp/1qn2n2/2pp4/3P1Bb1/1PP1PN2/P4PPP/RN1QKB1R w KQkq -,MODEL_PREDICTION_NOT_EMPIRICAL,cuda,on,2.11.0+cu128,12.8,NVIDIA GeForce RTX 3090,7.55442660022527,632516608,0.9988521868508542
LON-09,B2,1900,maia3-79m,4,h2h3,h3,0.05249534919857979,0.9988521868508542,0.4971207477644792,468,36,496,r3kb1r/pp2pppp/1qn2n2/2pp4/3P1Bb1/1PP1PN2/P4PPP/RN1QKB1R w KQkq -,MODEL_PREDICTION_NOT_EMPIRICAL,cuda,on,2.11.0+cu128,12.8,NVIDIA GeForce RTX 3090,7.55442660022527,632516608,0.9988521868508542
LON-09,B2,1900,maia3-79m,5,d4c5,dxc5,0.006674035452306271,0.9988521868508542,0.4971207477644792,443,31,526,r3kb1r/pp2pppp/1qn2n2/2pp4/3P1Bb1/1PP1PN2/P4PPP/RN1QKB1R w KQkq -,MODEL_PREDICTION_NOT_EMPIRICAL,cuda,on,2.11.0+cu128,12.8,NVIDIA GeForce RTX 3090,7.55442660022527,632516608,0.9988521868508542
LON-09,B2,1900,maia3-79m,6,d1c2,Qc2,0.004445865750312805,0.9988521868508542,0.4971207477644792,454,33,513,r3kb1r/pp2pppp/1qn2n2/2pp4/3P1Bb1/1PP1PN2/P4PPP/RN1QKB1R w KQkq -,MODEL_PREDICTION_NOT_EMPIRICAL,cuda,on,2.11.0+cu128,12.8,NVIDIA GeForce RTX 3090,7.55442660022527,632516608,0.9988521868508542
LON-09,B2,1900,maia3-79m,7,a2a4,a4,0.0012540139723569155,0.9988521868508542,0.4971207477644792,501,31,468,r3kb1r/pp2pppp/1qn2n2/2pp4/3P1Bb1/1PP1PN2/P4PPP/RN1QKB1R w KQkq -,MODEL_PREDICTION_NOT_EMPIRICAL,cuda,on,2.11.0+cu128,12.8,NVIDIA GeForce RTX 3090,7.55442660022527,632516608,0.9988521868508542
LON-09,B2,1900,maia3-79m,8,b1a3,Na3,0.0006404876476153731,0.9988521868508542,0.4971207477644792,415,29,556,r3kb1r/pp2pppp/1qn2n2/2pp4/3P1Bb1/1PP1PN2/P4PPP/RN1QKB1R w KQkq -,MODEL_PREDICTION_NOT_EMPIRICAL,cuda,on,2.11.0+cu128,12.8,NVIDIA GeForce RTX 3090,7.55442660022527,632516608,0.9988521868508542
LON-09,B2,1900,maia3-79m,9,f3e5,Ne5,0.00037068582605570555,0.9988521868508542,0.4971207477644792,55,6,939,r3kb1r/pp2pppp/1qn2n2/2pp4/3P1Bb1/1PP1PN2/P4PPP/RN1QKB1R w KQkq -,MODEL_PREDICTION_NOT_EMPIRICAL,cuda,on,2.11.0+cu128,12.8,NVIDIA GeForce RTX 3090,7.55442660022527,632516608,0.9988521868508542
LON-09,B2,1900,maia3-79m,10,e1e2,Ke2,0.00021621912310365587,0.9988521868508542,0.4971207477644792,351,30,619,r3kb1r/pp2pppp/1qn2n2/2pp4/3P1Bb1/1PP1PN2/P4PPP/RN1QKB1R w KQkq -,MODEL_PREDICTION_NOT_EMPIRICAL,cuda,on,2.11.0+cu128,12.8,NVIDIA GeForce RTX 3090,7.55442660022527,632516608,0.9988521868508542
LON-09,B2,2100,maia3-79m,1,f1e2,Be2,0.5539093613624573,0.9992266593908425,0.4761186416589602,476,50,474,r3kb1r/pp2pppp/1qn2n2/2pp4/3P1Bb1/1PP1PN2/P4PPP/RN1QKB1R w KQkq -,MODEL_PREDICTION_NOT_EMPIRICAL,cuda,on,2.11.0+cu128,12.8,NVIDIA GeForce RTX 3090,7.55442660022527,632516608,0.9992266593908425
LON-09,B2,2100,maia3-79m,2,b1d2,Nbd2,0.2964863181114197,0.9992266593908425,0.4761186416589602,476,46,478,r3kb1r/pp2pppp/1qn2n2/2pp4/3P1Bb1/1PP1PN2/P4PPP/RN1QKB1R w KQkq -,MODEL_PREDICTION_NOT_EMPIRICAL,cuda,on,2.11.0+cu128,12.8,NVIDIA GeForce RTX 3090,7.55442660022527,632516608,0.9992266593908425
LON-09,B2,2100,maia3-79m,3,f1d3,Bd3,0.10407648235559464,0.9992266593908425,0.4761186416589602,465,45,490,r3kb1r/pp2pppp/1qn2n2/2pp4/3P1Bb1/1PP1PN2/P4PPP/RN1QKB1R w KQkq -,MODEL_PREDICTION_NOT_EMPIRICAL,cuda,on,2.11.0+cu128,12.8,NVIDIA GeForce RTX 3090,7.55442660022527,632516608,0.9992266593908425
LON-09,B2,2100,maia3-79m,4,h2h3,h3,0.035410236567258835,0.9992266593908425,0.4761186416589602,464,45,491,r3kb1r/pp2pppp/1qn2n2/2pp4/3P1Bb1/1PP1PN2/P4PPP/RN1QKB1R w KQkq -,MODEL_PREDICTION_NOT_EMPIRICAL,cuda,on,2.11.0+cu128,12.8,NVIDIA GeForce RTX 3090,7.55442660022527,632516608,0.9992266593908425
LON-09,B2,2100,maia3-79m,5,d4c5,dxc5,0.005181662738323212,0.9992266593908425,0.4761186416589602,439,39,522,r3kb1r/pp2pppp/1qn2n2/2pp4/3P1Bb1/1PP1PN2/P4PPP/RN1QKB1R w KQkq -,MODEL_PREDICTION_NOT_EMPIRICAL,cuda,on,2.11.0+cu128,12.8,NVIDIA GeForce RTX 3090,7.55442660022527,632516608,0.9992266593908425
LON-09,B2,2100,maia3-79m,6,d1c2,Qc2,0.0025651094038039446,0.9992266593908425,0.4761186416589602,449,42,509,r3kb1r/pp2pppp/1qn2n2/2pp4/3P1Bb1/1PP1PN2/P4PPP/RN1QKB1R w KQkq -,MODEL_PREDICTION_NOT_EMPIRICAL,cuda,on,2.11.0+cu128,12.8,NVIDIA GeForce RTX 3090,7.55442660022527,632516608,0.9992266593908425
LON-09,B2,2100,maia3-79m,7,a2a4,a4,0.0007946337573230267,0.9992266593908425,0.4761186416589602,507,40,453,r3kb1r/pp2pppp/1qn2n2/2pp4/3P1Bb1/1PP1PN2/P4PPP/RN1QKB1R w KQkq -,MODEL_PREDICTION_NOT_EMPIRICAL,cuda,on,2.11.0+cu128,12.8,NVIDIA GeForce RTX 3090,7.55442660022527,632516608,0.9992266593908425
LON-09,B2,2100,maia3-79m,8,b1a3,Na3,0.0003136236919090152,0.9992266593908425,0.4761186416589602,416,36,548,r3kb1r/pp2pppp/1qn2n2/2pp4/3P1Bb1/1PP1PN2/P4PPP/RN1QKB1R w KQkq -,MODEL_PREDICTION_NOT_EMPIRICAL,cuda,on,2.11.0+cu128,12.8,NVIDIA GeForce RTX 3090,7.55442660022527,632516608,0.9992266593908425
LON-09,B2,2100,maia3-79m,9,f3e5,Ne5,0.0002579798165243119,0.9992266593908425,0.4761186416589602,44,5,951,r3kb1r/pp2pppp/1qn2n2/2pp4/3P1Bb1/1PP1PN2/P4PPP/RN1QKB1R w KQkq -,MODEL_PREDICTION_NOT_EMPIRICAL,cuda,on,2.11.0+cu128,12.8,NVIDIA GeForce RTX 3090,7.55442660022527,632516608,0.9992266593908425
LON-09,B2,2100,maia3-79m,10,e1e2,Ke2,0.00023125158622860909,0.9992266593908425,0.4761186416589602,349,37,614,r3kb1r/pp2pppp/1qn2n2/2pp4/3P1Bb1/1PP1PN2/P4PPP/RN1QKB1R w KQkq -,MODEL_PREDICTION_NOT_EMPIRICAL,cuda,on,2.11.0+cu128,12.8,NVIDIA GeForce RTX 3090,7.55442660022527,632516608,0.9992266593908425
JOB-12,B2,1100,maia3-79m,1,b2b3,b3,0.3652655780315399,0.9438254358246922,0.7699240642405689,351,17,632,rnb1kb1r/pp2pppp/1q3n2/2pp4/3P1B2/8/PPP1PPPP/RN1QKBNR w KQkq -,MODEL_PREDICTION_NOT_EMPIRICAL,cuda,on,2.11.0+cu128,12.8,NVIDIA GeForce RTX 3090,7.55442660022527,632516608,0.9438254358246922
JOB-12,B2,1100,maia3-79m,2,c2c3,c3,0.18949727714061737,0.9438254358246922,0.7699240642405689,300,17,683,rnb1kb1r/pp2pppp/1q3n2/2pp4/3P1B2/8/PPP1PPPP/RN1QKBNR w KQkq -,MODEL_PREDICTION_NOT_EMPIRICAL,cuda,on,2.11.0+cu128,12.8,NVIDIA GeForce RTX 3090,7.55442660022527,632516608,0.9438254358246922
JOB-12,B2,1100,maia3-79m,3,d4c5,dxc5,0.12234864383935928,0.9438254358246922,0.7699240642405689,366,17,617,rnb1kb1r/pp2pppp/1q3n2/2pp4/3P1B2/8/PPP1PPPP/RN1QKBNR w KQkq -,MODEL_PREDICTION_NOT_EMPIRICAL,cuda,on,2.11.0+cu128,12.8,NVIDIA GeForce RTX 3090,7.55442660022527,632516608,0.9438254358246922
JOB-12,B2,1100,maia3-79m,4,e2e3,e3,0.08675818145275116,0.9438254358246922,0.7699240642405689,358,18,624,rnb1kb1r/pp2pppp/1q3n2/2pp4/3P1B2/8/PPP1PPPP/RN1QKBNR w KQkq -,MODEL_PREDICTION_NOT_EMPIRICAL,cuda,on,2.11.0+cu128,12.8,NVIDIA GeForce RTX 3090,7.55442660022527,632516608,0.9438254358246922
JOB-12,B2,1100,maia3-79m,5,b1c3,Nc3,0.0450095497071743,0.9438254358246922,0.7699240642405689,352,18,630,rnb1kb1r/pp2pppp/1q3n2/2pp4/3P1B2/8/PPP1PPPP/RN1QKBNR w KQkq -,MODEL_PREDICTION_NOT_EMPIRICAL,cuda,on,2.11.0+cu128,12.8,NVIDIA GeForce RTX 3090,7.55442660022527,632516608,0.9438254358246922
JOB-12,B2,1100,maia3-79m,6,g1f3,Nf3,0.03560548275709152,0.9438254358246922,0.7699240642405689,347,17,636,rnb1kb1r/pp2pppp/1q3n2/2pp4/3P1B2/8/PPP1PPPP/RN1QKBNR w KQkq -,MODEL_PREDICTION_NOT_EMPIRICAL,cuda,on,2.11.0+cu128,12.8,NVIDIA GeForce RTX 3090,7.55442660022527,632516608,0.9438254358246922
JOB-12,B2,1100,maia3-79m,7,f4c1,Bc1,0.03451002016663551,0.9438254358246922,0.7699240642405689,356,19,625,rnb1kb1r/pp2pppp/1q3n2/2pp4/3P1B2/8/PPP1PPPP/RN1QKBNR w KQkq -,MODEL_PREDICTION_NOT_EMPIRICAL,cuda,on,2.11.0+cu128,12.8,NVIDIA GeForce RTX 3090,7.55442660022527,632516608,0.9438254358246922
JOB-12,B2,1100,maia3-79m,8,d1c1,Qc1,0.026459749788045883,0.9438254358246922,0.7699240642405689,373,18,609,rnb1kb1r/pp2pppp/1q3n2/2pp4/3P1B2/8/PPP1PPPP/RN1QKBNR w KQkq -,MODEL_PREDICTION_NOT_EMPIRICAL,cuda,on,2.11.0+cu128,12.8,NVIDIA GeForce RTX 3090,7.55442660022527,632516608,0.9438254358246922
JOB-12,B2,1100,maia3-79m,9,b1a3,Na3,0.024856634438037872,0.9438254358246922,0.7699240642405689,309,16,675,rnb1kb1r/pp2pppp/1q3n2/2pp4/3P1B2/8/PPP1PPPP/RN1QKBNR w KQkq -,MODEL_PREDICTION_NOT_EMPIRICAL,cuda,on,2.11.0+cu128,12.8,NVIDIA GeForce RTX 3090,7.55442660022527,632516608,0.9438254358246922
JOB-12,B2,1100,maia3-79m,10,b1d2,Nd2,0.013514318503439426,0.9438254358246922,0.7699240642405689,393,19,588,rnb1kb1r/pp2pppp/1q3n2/2pp4/3P1B2/8/PPP1PPPP/RN1QKBNR w KQkq -,MODEL_PREDICTION_NOT_EMPIRICAL,cuda,on,2.11.0+cu128,12.8,NVIDIA GeForce RTX 3090,7.55442660022527,632516608,0.9438254358246922
JOB-12,B2,1300,maia3-79m,1,b2b3,b3,0.4272526800632477,0.9583356706425548,0.7402832906514957,332,17,651,rnb1kb1r/pp2pppp/1q3n2/2pp4/3P1B2/8/PPP1PPPP/RN1QKBNR w KQkq -,MODEL_PREDICTION_NOT_EMPIRICAL,cuda,on,2.11.0+cu128,12.8,NVIDIA GeForce RTX 3090,7.55442660022527,632516608,0.9583356706425548
JOB-12,B2,1300,maia3-79m,2,d4c5,dxc5,0.15474066138267517,0.9583356706425548,0.7402832906514957,338,17,645,rnb1kb1r/pp2pppp/1q3n2/2pp4/3P1B2/8/PPP1PPPP/RN1QKBNR w KQkq -,MODEL_PREDICTION_NOT_EMPIRICAL,cuda,on,2.11.0+cu128,12.8,NVIDIA GeForce RTX 3090,7.55442660022527,632516608,0.9583356706425548
JOB-12,B2,1300,maia3-79m,3,c2c3,c3,0.1323567032814026,0.9583356706425548,0.7402832906514957,294,17,689,rnb1kb1r/pp2pppp/1q3n2/2pp4/3P1B2/8/PPP1PPPP/RN1QKBNR w KQkq -,MODEL_PREDICTION_NOT_EMPIRICAL,cuda,on,2.11.0+cu128,12.8,NVIDIA GeForce RTX 3090,7.55442660022527,632516608,0.9583356706425548
JOB-12,B2,1300,maia3-79m,4,e2e3,e3,0.06655313074588776,0.9583356706425548,0.7402832906514957,349,18,633,rnb1kb1r/pp2pppp/1q3n2/2pp4/3P1B2/8/PPP1PPPP/RN1QKBNR w KQkq -,MODEL_PREDICTION_NOT_EMPIRICAL,cuda,on,2.11.0+cu128,12.8,NVIDIA GeForce RTX 3090,7.55442660022527,632516608,0.9583356706425548
JOB-12,B2,1300,maia3-79m,5,f4c1,Bc1,0.049458086490631104,0.9583356706425548,0.7402832906514957,350,19,631,rnb1kb1r/pp2pppp/1q3n2/2pp4/3P1B2/8/PPP1PPPP/RN1QKBNR w KQkq -,MODEL_PREDICTION_NOT_EMPIRICAL,cuda,on,2.11.0+cu128,12.8,NVIDIA GeForce RTX 3090,7.55442660022527,632516608,0.9583356706425548
JOB-12,B2,1300,maia3-79m,6,d1c1,Qc1,0.04364660754799843,0.9583356706425548,0.7402832906514957,359,18,623,rnb1kb1r/pp2pppp/1q3n2/2pp4/3P1B2/8/PPP1PPPP/RN1QKBNR w KQkq -,MODEL_PREDICTION_NOT_EMPIRICAL,cuda,on,2.11.0+cu128,12.8,NVIDIA GeForce RTX 3090,7.55442660022527,632516608,0.9583356706425548
JOB-12,B2,1300,maia3-79m,7,g1f3,Nf3,0.03294618800282478,0.9583356706425548,0.7402832906514957,343,18,639,rnb1kb1r/pp2pppp/1q3n2/2pp4/3P1B2/8/PPP1PPPP/RN1QKBNR w KQkq -,MODEL_PREDICTION_NOT_EMPIRICAL,cuda,on,2.11.0+cu128,12.8,NVIDIA GeForce RTX 3090,7.55442660022527,632516608,0.9583356706425548
JOB-12,B2,1300,maia3-79m,8,b1c3,Nc3,0.02448352798819542,0.9583356706425548,0.7402832906514957,336,18,646,rnb1kb1r/pp2pppp/1q3n2/2pp4/3P1B2/8/PPP1PPPP/RN1QKBNR w KQkq -,MODEL_PREDICTION_NOT_EMPIRICAL,cuda,on,2.11.0+cu128,12.8,NVIDIA GeForce RTX 3090,7.55442660022527,632516608,0.9583356706425548
JOB-12,B2,1300,maia3-79m,9,b1d2,Nd2,0.014393122866749763,0.9583356706425548,0.7402832906514957,388,18,594,rnb1kb1r/pp2pppp/1q3n2/2pp4/3P1B2/8/PPP1PPPP/RN1QKBNR w KQkq -,MODEL_PREDICTION_NOT_EMPIRICAL,cuda,on,2.11.0+cu128,12.8,NVIDIA GeForce RTX 3090,7.55442660022527,632516608,0.9583356706425548
JOB-12,B2,1300,maia3-79m,10,b1a3,Na3,0.012504962272942066,0.9583356706425548,0.7402832906514957,280,15,705,rnb1kb1r/pp2pppp/1q3n2/2pp4/3P1B2/8/PPP1PPPP/RN1QKBNR w KQkq -,MODEL_PREDICTION_NOT_EMPIRICAL,cuda,on,2.11.0+cu128,12.8,NVIDIA GeForce RTX 3090,7.55442660022527,632516608,0.9583356706425548
JOB-12,B2,1500,maia3-79m,1,b2b3,b3,0.38616248965263367,0.9692231407389045,0.7647632421799404,324,19,657,rnb1kb1r/pp2pppp/1q3n2/2pp4/3P1B2/8/PPP1PPPP/RN1QKBNR w KQkq -,MODEL_PREDICTION_NOT_EMPIRICAL,cuda,on,2.11.0+cu128,12.8,NVIDIA GeForce RTX 3090,7.55442660022527,632516608,0.9692231407389045
JOB-12,B2,1500,maia3-79m,2,d4c5,dxc5,0.21661752462387085,0.9692231407389045,0.7647632421799404,320,18,662,rnb1kb1r/pp2pppp/1q3n2/2pp4/3P1B2/8/PPP1PPPP/RN1QKBNR w KQkq -,MODEL_PREDICTION_NOT_EMPIRICAL,cuda,on,2.11.0+cu128,12.8,NVIDIA GeForce RTX 3090,7.55442660022527,632516608,0.9692231407389045
JOB-12,B2,1500,maia3-79m,3,c2c3,c3,0.10073651373386383,0.9692231407389045,0.7647632421799404,301,20,679,rnb1kb1r/pp2pppp/1q3n2/2pp4/3P1B2/8/PPP1PPPP/RN1QKBNR w KQkq -,MODEL_PREDICTION_NOT_EMPIRICAL,cuda,on,2.11.0+cu128,12.8,NVIDIA GeForce RTX 3090,7.55442660022527,632516608,0.9692231407389045
JOB-12,B2,1500,maia3-79m,4,d1c1,Qc1,0.06303929537534714,0.9692231407389045,0.7647632421799404,354,19,627,rnb1kb1r/pp2pppp/1q3n2/2pp4/3P1B2/8/PPP1PPPP/RN1QKBNR w KQkq -,MODEL_PREDICTION_NOT_EMPIRICAL,cuda,on,2.11.0+cu128,12.8,NVIDIA GeForce RTX 3090,7.55442660022527,632516608,0.9692231407389045
JOB-12,B2,1500,maia3-79m,5,e2e3,e3,0.05921994149684906,0.9692231407389045,0.7647632421799404,350,20,630,rnb1kb1r/pp2pppp/1q3n2/2pp4/3P1B2/8/PPP1PPPP/RN1QKBNR w KQkq -,MODEL_PREDICTION_NOT_EMPIRICAL,cuda,on,2.11.0+cu128,12.8,NVIDIA GeForce RTX 3090,7.55442660022527,632516608,0.9692231407389045
JOB-12,B2,1500,maia3-79m,6,f4c1,Bc1,0.05830181762576103,0.9692231407389045,0.7647632421799404,347,20,633,rnb1kb1r/pp2pppp/1q3n2/2pp4/3P1B2/8/PPP1PPPP/RN1QKBNR w KQkq -,MODEL_PREDICTION_NOT_EMPIRICAL,cuda,on,2.11.0+cu128,12.8,NVIDIA GeForce RTX 3090,7.55442660022527,632516608,0.9692231407389045
JOB-12,B2,1500,maia3-79m,7,g1f3,Nf3,0.03270435333251953,0.9692231407389045,0.7647632421799404,345,20,635,rnb1kb1r/pp2pppp/1q3n2/2pp4/3P1B2/8/PPP1PPPP/RN1QKBNR w KQkq -,MODEL_PREDICTION_NOT_EMPIRICAL,cuda,on,2.11.0+cu128,12.8,NVIDIA GeForce RTX 3090,7.55442660022527,632516608,0.9692231407389045
JOB-12,B2,1500,maia3-79m,8,b1d2,Nd2,0.019225899130105972,0.9692231407389045,0.7647632421799404,386,20,594,rnb1kb1r/pp2pppp/1q3n2/2pp4/3P1B2/8/PPP1PPPP/RN1QKBNR w KQkq -,MODEL_PREDICTION_NOT_EMPIRICAL,cuda,on,2.11.0+cu128,12.8,NVIDIA GeForce RTX 3090,7.55442660022527,632516608,0.9692231407389045
JOB-12,B2,1500,maia3-79m,9,b1c3,Nc3,0.01892782934010029,0.9692231407389045,0.7647632421799404,332,19,649,rnb1kb1r/pp2pppp/1q3n2/2pp4/3P1B2/8/PPP1PPPP/RN1QKBNR w KQkq -,MODEL_PREDICTION_NOT_EMPIRICAL,cuda,on,2.11.0+cu128,12.8,NVIDIA GeForce RTX 3090,7.55442660022527,632516608,0.9692231407389045
JOB-12,B2,1500,maia3-79m,10,f4b8,Bxb8,0.014287476427853107,0.9692231407389045,0.7647632421799404,292,20,688,rnb1kb1r/pp2pppp/1q3n2/2pp4/3P1B2/8/PPP1PPPP/RN1QKBNR w KQkq -,MODEL_PREDICTION_NOT_EMPIRICAL,cuda,on,2.11.0+cu128,12.8,NVIDIA GeForce RTX 3090,7.55442660022527,632516608,0.9692231407389045
JOB-12,B2,1700,maia3-79m,1,b2b3,b3,0.31954512000083923,0.9767207307741046,0.7748210835647438,318,21,661,rnb1kb1r/pp2pppp/1q3n2/2pp4/3P1B2/8/PPP1PPPP/RN1QKBNR w KQkq -,MODEL_PREDICTION_NOT_EMPIRICAL,cuda,on,2.11.0+cu128,12.8,NVIDIA GeForce RTX 3090,7.55442660022527,632516608,0.9767207307741046
JOB-12,B2,1700,maia3-79m,2,d4c5,dxc5,0.30018484592437744,0.9767207307741046,0.7748210835647438,315,21,664,rnb1kb1r/pp2pppp/1q3n2/2pp4/3P1B2/8/PPP1PPPP/RN1QKBNR w KQkq -,MODEL_PREDICTION_NOT_EMPIRICAL,cuda,on,2.11.0+cu128,12.8,NVIDIA GeForce RTX 3090,7.55442660022527,632516608,0.9767207307741046
JOB-12,B2,1700,maia3-79m,3,c2c3,c3,0.07954107224941254,0.9767207307741046,0.7748210835647438,314,23,663,rnb1kb1r/pp2pppp/1q3n2/2pp4/3P1B2/8/PPP1PPPP/RN1QKBNR w KQkq -,MODEL_PREDICTION_NOT_EMPIRICAL,cuda,on,2.11.0+cu128,12.8,NVIDIA GeForce RTX 3090,7.55442660022527,632516608,0.9767207307741046
JOB-12,B2,1700,maia3-79m,4,d1c1,Qc1,0.06594185531139374,0.9767207307741046,0.7748210835647438,352,21,627,rnb1kb1r/pp2pppp/1q3n2/2pp4/3P1B2/8/PPP1PPPP/RN1QKBNR w KQkq -,MODEL_PREDICTION_NOT_EMPIRICAL,cuda,on,2.11.0+cu128,12.8,NVIDIA GeForce RTX 3090,7.55442660022527,632516608,0.9767207307741046
JOB-12,B2,1700,maia3-79m,5,e2e3,e3,0.0629221573472023,0.9767207307741046,0.7748210835647438,360,24,616,rnb1kb1r/pp2pppp/1q3n2/2pp4/3P1B2/8/PPP1PPPP/RN1QKBNR w KQkq -,MODEL_PREDICTION_NOT_EMPIRICAL,cuda,on,2.11.0+cu128,12.8,NVIDIA GeForce RTX 3090,7.55442660022527,632516608,0.9767207307741046
JOB-12,B2,1700,maia3-79m,6,f4c1,Bc1,0.05729128420352936,0.9767207307741046,0.7748210835647438,344,22,634,rnb1kb1r/pp2pppp/1q3n2/2pp4/3P1B2/8/PPP1PPPP/RN1QKBNR w KQkq -,MODEL_PREDICTION_NOT_EMPIRICAL,cuda,on,2.11.0+cu128,12.8,NVIDIA GeForce RTX 3090,7.55442660022527,632516608,0.9767207307741046
JOB-12,B2,1700,maia3-79m,7,g1f3,Nf3,0.035851966589689255,0.9767207307741046,0.7748210835647438,351,23,626,rnb1kb1r/pp2pppp/1q3n2/2pp4/3P1B2/8/PPP1PPPP/RN1QKBNR w KQkq -,MODEL_PREDICTION_NOT_EMPIRICAL,cuda,on,2.11.0+cu128,12.8,NVIDIA GeForce RTX 3090,7.55442660022527,632516608,0.9767207307741046
JOB-12,B2,1700,maia3-79m,8,b1d2,Nd2,0.022788897156715393,0.9767207307741046,0.7748210835647438,389,23,588,rnb1kb1r/pp2pppp/1q3n2/2pp4/3P1B2/8/PPP1PPPP/RN1QKBNR w KQkq -,MODEL_PREDICTION_NOT_EMPIRICAL,cuda,on,2.11.0+cu128,12.8,NVIDIA GeForce RTX 3090,7.55442660022527,632516608,0.9767207307741046
JOB-12,B2,1700,maia3-79m,9,b1c3,Nc3,0.017472853884100914,0.9767207307741046,0.7748210835647438,346,20,634,rnb1kb1r/pp2pppp/1q3n2/2pp4/3P1B2/8/PPP1PPPP/RN1QKBNR w KQkq -,MODEL_PREDICTION_NOT_EMPIRICAL,cuda,on,2.11.0+cu128,12.8,NVIDIA GeForce RTX 3090,7.55442660022527,632516608,0.9767207307741046
JOB-12,B2,1700,maia3-79m,10,f4b8,Bxb8,0.015180678106844425,0.9767207307741046,0.7748210835647438,282,24,694,rnb1kb1r/pp2pppp/1q3n2/2pp4/3P1B2/8/PPP1PPPP/RN1QKBNR w KQkq -,MODEL_PREDICTION_NOT_EMPIRICAL,cuda,on,2.11.0+cu128,12.8,NVIDIA GeForce RTX 3090,7.55442660022527,632516608,0.9767207307741046
JOB-12,B2,1900,maia3-79m,1,d4c5,dxc5,0.39752328395843506,0.9837148357182741,0.7589981394269654,320,24,656,rnb1kb1r/pp2pppp/1q3n2/2pp4/3P1B2/8/PPP1PPPP/RN1QKBNR w KQkq -,MODEL_PREDICTION_NOT_EMPIRICAL,cuda,on,2.11.0+cu128,12.8,NVIDIA GeForce RTX 3090,7.55442660022527,632516608,0.9837148357182741
JOB-12,B2,1900,maia3-79m,2,b2b3,b3,0.24111007153987885,0.9837148357182741,0.7589981394269654,302,24,674,rnb1kb1r/pp2pppp/1q3n2/2pp4/3P1B2/8/PPP1PPPP/RN1QKBNR w KQkq -,MODEL_PREDICTION_NOT_EMPIRICAL,cuda,on,2.11.0+cu128,12.8,NVIDIA GeForce RTX 3090,7.55442660022527,632516608,0.9837148357182741
JOB-12,B2,1900,maia3-79m,3,e2e3,e3,0.08076175302267075,0.9837148357182741,0.7589981394269654,374,29,597,rnb1kb1r/pp2pppp/1q3n2/2pp4/3P1B2/8/PPP1PPPP/RN1QKBNR w KQkq -,MODEL_PREDICTION_NOT_EMPIRICAL,cuda,on,2.11.0+cu128,12.8,NVIDIA GeForce RTX 3090,7.55442660022527,632516608,0.9837148357182741
JOB-12,B2,1900,maia3-79m,4,c2c3,c3,0.06489389389753342,0.9837148357182741,0.7589981394269654,326,28,646,rnb1kb1r/pp2pppp/1q3n2/2pp4/3P1B2/8/PPP1PPPP/RN1QKBNR w KQkq -,MODEL_PREDICTION_NOT_EMPIRICAL,cuda,on,2.11.0+cu128,12.8,NVIDIA GeForce RTX 3090,7.55442660022527,632516608,0.9837148357182741
JOB-12,B2,1900,maia3-79m,5,f4c1,Bc1,0.05214370787143707,0.9837148357182741,0.7589981394269654,332,26,642,rnb1kb1r/pp2pppp/1q3n2/2pp4/3P1B2/8/PPP1PPPP/RN1QKBNR w KQkq -,MODEL_PREDICTION_NOT_EMPIRICAL,cuda,on,2.11.0+cu128,12.8,NVIDIA GeForce RTX 3090,7.55442660022527,632516608,0.9837148357182741
JOB-12,B2,1900,maia3-79m,6,d1c1,Qc1,0.048984479159116745,0.9837148357182741,0.7589981394269654,349,25,626,rnb1kb1r/pp2pppp/1q3n2/2pp4/3P1B2/8/PPP1PPPP/RN1QKBNR w KQkq -,MODEL_PREDICTION_NOT_EMPIRICAL,cuda,on,2.11.0+cu128,12.8,NVIDIA GeForce RTX 3090,7.55442660022527,632516608,0.9837148357182741
JOB-12,B2,1900,maia3-79m,7,g1f3,Nf3,0.04322865232825279,0.9837148357182741,0.7589981394269654,358,28,614,rnb1kb1r/pp2pppp/1q3n2/2pp4/3P1B2/8/PPP1PPPP/RN1QKBNR w KQkq -,MODEL_PREDICTION_NOT_EMPIRICAL,cuda,on,2.11.0+cu128,12.8,NVIDIA GeForce RTX 3090,7.55442660022527,632516608,0.9837148357182741
JOB-12,B2,1900,maia3-79m,8,b1d2,Nd2,0.021736731752753258,0.9837148357182741,0.7589981394269654,390,27,583,rnb1kb1r/pp2pppp/1q3n2/2pp4/3P1B2/8/PPP1PPPP/RN1QKBNR w KQkq -,MODEL_PREDICTION_NOT_EMPIRICAL,cuda,on,2.11.0+cu128,12.8,NVIDIA GeForce RTX 3090,7.55442660022527,632516608,0.9837148357182741
JOB-12,B2,1900,maia3-79m,9,b1c3,Nc3,0.01666613109409809,0.9837148357182741,0.7589981394269654,364,23,613,rnb1kb1r/pp2pppp/1q3n2/2pp4/3P1B2/8/PPP1PPPP/RN1QKBNR w KQkq -,MODEL_PREDICTION_NOT_EMPIRICAL,cuda,on,2.11.0+cu128,12.8,NVIDIA GeForce RTX 3090,7.55442660022527,632516608,0.9837148357182741
JOB-12,B2,1900,maia3-79m,10,f4b8,Bxb8,0.01666613109409809,0.9837148357182741,0.7589981394269654,277,29,694,rnb1kb1r/pp2pppp/1q3n2/2pp4/3P1B2/8/PPP1PPPP/RN1QKBNR w KQkq -,MODEL_PREDICTION_NOT_EMPIRICAL,cuda,on,2.11.0+cu128,12.8,NVIDIA GeForce RTX 3090,7.55442660022527,632516608,0.9837148357182741
JOB-12,B2,2100,maia3-79m,1,d4c5,dxc5,0.4874766767024994,0.9872804014012218,0.7119375310324211,334,32,634,rnb1kb1r/pp2pppp/1q3n2/2pp4/3P1B2/8/PPP1PPPP/RN1QKBNR w KQkq -,MODEL_PREDICTION_NOT_EMPIRICAL,cuda,on,2.11.0+cu128,12.8,NVIDIA GeForce RTX 3090,7.55442660022527,632516608,0.9872804014012218
JOB-12,B2,2100,maia3-79m,2,b2b3,b3,0.16585560142993927,0.9872804014012218,0.7119375310324211,285,29,686,rnb1kb1r/pp2pppp/1q3n2/2pp4/3P1B2/8/PPP1PPPP/RN1QKBNR w KQkq -,MODEL_PREDICTION_NOT_EMPIRICAL,cuda,on,2.11.0+cu128,12.8,NVIDIA GeForce RTX 3090,7.55442660022527,632516608,0.9872804014012218
JOB-12,B2,2100,maia3-79m,3,e2e3,e3,0.11222350597381592,0.9872804014012218,0.7119375310324211,396,38,566,rnb1kb1r/pp2pppp/1q3n2/2pp4/3P1B2/8/PPP1PPPP/RN1QKBNR w KQkq -,MODEL_PREDICTION_NOT_EMPIRICAL,cuda,on,2.11.0+cu128,12.8,NVIDIA GeForce RTX 3090,7.55442660022527,632516608,0.9872804014012218
JOB-12,B2,2100,maia3-79m,4,g1f3,Nf3,0.05058309808373451,0.9872804014012218,0.7119375310324211,371,37,592,rnb1kb1r/pp2pppp/1q3n2/2pp4/3P1B2/8/PPP1PPPP/RN1QKBNR w KQkq -,MODEL_PREDICTION_NOT_EMPIRICAL,cuda,on,2.11.0+cu128,12.8,NVIDIA GeForce RTX 3090,7.55442660022527,632516608,0.9872804014012218
JOB-12,B2,2100,maia3-79m,5,c2c3,c3,0.04605643451213837,0.9872804014012218,0.7119375310324211,343,36,621,rnb1kb1r/pp2pppp/1q3n2/2pp4/3P1B2/8/PPP1PPPP/RN1QKBNR w KQkq -,MODEL_PREDICTION_NOT_EMPIRICAL,cuda,on,2.11.0+cu128,12.8,NVIDIA GeForce RTX 3090,7.55442660022527,632516608,0.9872804014012218
JOB-12,B2,2100,maia3-79m,6,f4c1,Bc1,0.042595237493515015,0.9872804014012218,0.7119375310324211,316,31,653,rnb1kb1r/pp2pppp/1q3n2/2pp4/3P1B2/8/PPP1PPPP/RN1QKBNR w KQkq -,MODEL_PREDICTION_NOT_EMPIRICAL,cuda,on,2.11.0+cu128,12.8,NVIDIA GeForce RTX 3090,7.55442660022527,632516608,0.9872804014012218
JOB-12,B2,2100,maia3-79m,7,d1c1,Qc1,0.027075180783867836,0.9872804014012218,0.7119375310324211,348,32,620,rnb1kb1r/pp2pppp/1q3n2/2pp4/3P1B2/8/PPP1PPPP/RN1QKBNR w KQkq -,MODEL_PREDICTION_NOT_EMPIRICAL,cuda,on,2.11.0+cu128,12.8,NVIDIA GeForce RTX 3090,7.55442660022527,632516608,0.9872804014012218
JOB-12,B2,2100,maia3-79m,8,b1d2,Nd2,0.02108617313206196,0.9872804014012218,0.7119375310324211,389,35,576,rnb1kb1r/pp2pppp/1q3n2/2pp4/3P1B2/8/PPP1PPPP/RN1QKBNR w KQkq -,MODEL_PREDICTION_NOT_EMPIRICAL,cuda,on,2.11.0+cu128,12.8,NVIDIA GeForce RTX 3090,7.55442660022527,632516608,0.9872804014012218
JOB-12,B2,2100,maia3-79m,9,b1c3,Nc3,0.01890152134001255,0.9872804014012218,0.7119375310324211,380,28,592,rnb1kb1r/pp2pppp/1q3n2/2pp4/3P1B2/8/PPP1PPPP/RN1QKBNR w KQkq -,MODEL_PREDICTION_NOT_EMPIRICAL,cuda,on,2.11.0+cu128,12.8,NVIDIA GeForce RTX 3090,7.55442660022527,632516608,0.9872804014012218
JOB-12,B2,2100,maia3-79m,10,f4b8,Bxb8,0.015426971949636936,0.9872804014012218,0.7119375310324211,288,38,674,rnb1kb1r/pp2pppp/1q3n2/2pp4/3P1B2/8/PPP1PPPP/RN1QKBNR w KQkq -,MODEL_PREDICTION_NOT_EMPIRICAL,cuda,on,2.11.0+cu128,12.8,NVIDIA GeForce RTX 3090,7.55442660022527,632516608,0.9872804014012218
TOR-10,B2,1100,maia3-79m,1,b2b3,b3,0.5400565266609192,0.970983013510704,0.6720281861993551,459,19,522,rnb1kb1r/pp2pppp/1q6/2pp4/3PnB2/4PN2/PPP2PPP/RN1QKB1R w KQkq -,MODEL_PREDICTION_NOT_EMPIRICAL,cuda,on,2.11.0+cu128,12.8,NVIDIA GeForce RTX 3090,7.55442660022527,632516608,0.970983013510704
TOR-10,B2,1100,maia3-79m,2,b1c3,Nc3,0.12628595530986786,0.970983013510704,0.6720281861993551,439,19,542,rnb1kb1r/pp2pppp/1q6/2pp4/3PnB2/4PN2/PPP2PPP/RN1QKB1R w KQkq -,MODEL_PREDICTION_NOT_EMPIRICAL,cuda,on,2.11.0+cu128,12.8,NVIDIA GeForce RTX 3090,7.55442660022527,632516608,0.970983013510704
TOR-10,B2,1100,maia3-79m,3,c2c3,c3,0.06654801964759827,0.970983013510704,0.6720281861993551,323,16,661,rnb1kb1r/pp2pppp/1q6/2pp4/3PnB2/4PN2/PPP2PPP/RN1QKB1R w KQkq -,MODEL_PREDICTION_NOT_EMPIRICAL,cuda,on,2.11.0+cu128,12.8,NVIDIA GeForce RTX 3090,7.55442660022527,632516608,0.970983013510704
TOR-10,B2,1100,maia3-79m,4,f1d3,Bd3,0.059653256088495255,0.970983013510704,0.6720281861993551,434,19,547,rnb1kb1r/pp2pppp/1q6/2pp4/3PnB2/4PN2/PPP2PPP/RN1QKB1R w KQkq -,MODEL_PREDICTION_NOT_EMPIRICAL,cuda,on,2.11.0+cu128,12.8,NVIDIA GeForce RTX 3090,7.55442660022527,632516608,0.970983013510704
TOR-10,B2,1100,maia3-79m,5,d1c1,Qc1,0.047189608216285706,0.970983013510704,0.6720281861993551,489,18,493,rnb1kb1r/pp2pppp/1q6/2pp4/3PnB2/4PN2/PPP2PPP/RN1QKB1R w KQkq -,MODEL_PREDICTION_NOT_EMPIRICAL,cuda,on,2.11.0+cu128,12.8,NVIDIA GeForce RTX 3090,7.55442660022527,632516608,0.970983013510704
TOR-10,B2,1100,maia3-79m,6,b1d2,Nbd2,0.04502864181995392,0.970983013510704,0.6720281861993551,489,20,491,rnb1kb1r/pp2pppp/1q6/2pp4/3PnB2/4PN2/PPP2PPP/RN1QKB1R w KQkq -,MODEL_PREDICTION_NOT_EMPIRICAL,cuda,on,2.11.0+cu128,12.8,NVIDIA GeForce RTX 3090,7.55442660022527,632516608,0.970983013510704
TOR-10,B2,1100,maia3-79m,7,d4c5,dxc5,0.039121564477682114,0.970983013510704,0.6720281861993551,442,18,540,rnb1kb1r/pp2pppp/1q6/2pp4/3PnB2/4PN2/PPP2PPP/RN1QKB1R w KQkq -,MODEL_PREDICTION_NOT_EMPIRICAL,cuda,on,2.11.0+cu128,12.8,NVIDIA GeForce RTX 3090,7.55442660022527,632516608,0.970983013510704
TOR-10,B2,1100,maia3-79m,8,c2c4,c4,0.018770731985569,0.970983013510704,0.6720281861993551,343,15,642,rnb1kb1r/pp2pppp/1q6/2pp4/3PnB2/4PN2/PPP2PPP/RN1QKB1R w KQkq -,MODEL_PREDICTION_NOT_EMPIRICAL,cuda,on,2.11.0+cu128,12.8,NVIDIA GeForce RTX 3090,7.55442660022527,632516608,0.970983013510704
TOR-10,B2,1100,maia3-79m,9,b1a3,Na3,0.0176334697753191,0.970983013510704,0.6720281861993551,398,17,585,rnb1kb1r/pp2pppp/1q6/2pp4/3PnB2/4PN2/PPP2PPP/RN1QKB1R w KQkq -,MODEL_PREDICTION_NOT_EMPIRICAL,cuda,on,2.11.0+cu128,12.8,NVIDIA GeForce RTX 3090,7.55442660022527,632516608,0.970983013510704
TOR-10,B2,1100,maia3-79m,10,f3e5,Ne5,0.010695239529013634,0.970983013510704,0.6720281861993551,370,16,614,rnb1kb1r/pp2pppp/1q6/2pp4/3PnB2/4PN2/PPP2PPP/RN1QKB1R w KQkq -,MODEL_PREDICTION_NOT_EMPIRICAL,cuda,on,2.11.0+cu128,12.8,NVIDIA GeForce RTX 3090,7.55442660022527,632516608,0.970983013510704
TOR-10,B2,1300,maia3-79m,1,b2b3,b3,0.6089470386505127,0.9830285087227821,0.597788661664781,442,20,538,rnb1kb1r/pp2pppp/1q6/2pp4/3PnB2/4PN2/PPP2PPP/RN1QKB1R w KQkq -,MODEL_PREDICTION_NOT_EMPIRICAL,cuda,on,2.11.0+cu128,12.8,NVIDIA GeForce RTX 3090,7.55442660022527,632516608,0.9830285087227821
TOR-10,B2,1300,maia3-79m,2,d1c1,Qc1,0.10256341844797134,0.9830285087227821,0.597788661664781,479,19,502,rnb1kb1r/pp2pppp/1q6/2pp4/3PnB2/4PN2/PPP2PPP/RN1QKB1R w KQkq -,MODEL_PREDICTION_NOT_EMPIRICAL,cuda,on,2.11.0+cu128,12.8,NVIDIA GeForce RTX 3090,7.55442660022527,632516608,0.9830285087227821
TOR-10,B2,1300,maia3-79m,3,b1c3,Nc3,0.08910863846540451,0.9830285087227821,0.597788661664781,441,19,540,rnb1kb1r/pp2pppp/1q6/2pp4/3PnB2/4PN2/PPP2PPP/RN1QKB1R w KQkq -,MODEL_PREDICTION_NOT_EMPIRICAL,cuda,on,2.11.0+cu128,12.8,NVIDIA GeForce RTX 3090,7.55442660022527,632516608,0.9830285087227821
TOR-10,B2,1300,maia3-79m,4,b1d2,Nbd2,0.04844753071665764,0.9830285087227821,0.597788661664781,484,20,496,rnb1kb1r/pp2pppp/1q6/2pp4/3PnB2/4PN2/PPP2PPP/RN1QKB1R w KQkq -,MODEL_PREDICTION_NOT_EMPIRICAL,cuda,on,2.11.0+cu128,12.8,NVIDIA GeForce RTX 3090,7.55442660022527,632516608,0.9830285087227821
TOR-10,B2,1300,maia3-79m,5,c2c3,c3,0.04143936559557915,0.9830285087227821,0.597788661664781,316,17,667,rnb1kb1r/pp2pppp/1q6/2pp4/3PnB2/4PN2/PPP2PPP/RN1QKB1R w KQkq -,MODEL_PREDICTION_NOT_EMPIRICAL,cuda,on,2.11.0+cu128,12.8,NVIDIA GeForce RTX 3090,7.55442660022527,632516608,0.9830285087227821
TOR-10,B2,1300,maia3-79m,6,d4c5,dxc5,0.037146005779504776,0.9830285087227821,0.597788661664781,426,18,556,rnb1kb1r/pp2pppp/1q6/2pp4/3PnB2/4PN2/PPP2PPP/RN1QKB1R w KQkq -,MODEL_PREDICTION_NOT_EMPIRICAL,cuda,on,2.11.0+cu128,12.8,NVIDIA GeForce RTX 3090,7.55442660022527,632516608,0.9830285087227821
TOR-10,B2,1300,maia3-79m,7,f1d3,Bd3,0.03079512156546116,0.9830285087227821,0.597788661664781,442,20,538,rnb1kb1r/pp2pppp/1q6/2pp4/3PnB2/4PN2/PPP2PPP/RN1QKB1R w KQkq -,MODEL_PREDICTION_NOT_EMPIRICAL,cuda,on,2.11.0+cu128,12.8,NVIDIA GeForce RTX 3090,7.55442660022527,632516608,0.9830285087227821
TOR-10,B2,1300,maia3-79m,8,b1a3,Na3,0.0096901161596179,0.9830285087227821,0.597788661664781,372,16,612,rnb1kb1r/pp2pppp/1q6/2pp4/3PnB2/4PN2/PPP2PPP/RN1QKB1R w KQkq -,MODEL_PREDICTION_NOT_EMPIRICAL,cuda,on,2.11.0+cu128,12.8,NVIDIA GeForce RTX 3090,7.55442660022527,632516608,0.9830285087227821
TOR-10,B2,1300,maia3-79m,9,c2c4,c4,0.009539883583784103,0.9830285087227821,0.597788661664781,339,15,646,rnb1kb1r/pp2pppp/1q6/2pp4/3PnB2/4PN2/PPP2PPP/RN1QKB1R w KQkq -,MODEL_PREDICTION_NOT_EMPIRICAL,cuda,on,2.11.0+cu128,12.8,NVIDIA GeForce RTX 3090,7.55442660022527,632516608,0.9830285087227821
TOR-10,B2,1300,maia3-79m,10,f4b8,Bxb8,0.00535138975828886,0.9830285087227821,0.597788661664781,397,19,584,rnb1kb1r/pp2pppp/1q6/2pp4/3PnB2/4PN2/PPP2PPP/RN1QKB1R w KQkq -,MODEL_PREDICTION_NOT_EMPIRICAL,cuda,on,2.11.0+cu128,12.8,NVIDIA GeForce RTX 3090,7.55442660022527,632516608,0.9830285087227821
TOR-10,B2,1500,maia3-79m,1,b2b3,b3,0.5732216238975525,0.990038656629622,0.5947912110580361,442,22,536,rnb1kb1r/pp2pppp/1q6/2pp4/3PnB2/4PN2/PPP2PPP/RN1QKB1R w KQkq -,MODEL_PREDICTION_NOT_EMPIRICAL,cuda,on,2.11.0+cu128,12.8,NVIDIA GeForce RTX 3090,7.55442660022527,632516608,0.990038656629622
TOR-10,B2,1500,maia3-79m,2,d1c1,Qc1,0.18609780073165894,0.990038656629622,0.5947912110580361,475,21,504,rnb1kb1r/pp2pppp/1q6/2pp4/3PnB2/4PN2/PPP2PPP/RN1QKB1R w KQkq -,MODEL_PREDICTION_NOT_EMPIRICAL,cuda,on,2.11.0+cu128,12.8,NVIDIA GeForce RTX 3090,7.55442660022527,632516608,0.990038656629622
TOR-10,B2,1500,maia3-79m,3,b1c3,Nc3,0.07402459532022476,0.990038656629622,0.5947912110580361,458,21,521,rnb1kb1r/pp2pppp/1q6/2pp4/3PnB2/4PN2/PPP2PPP/RN1QKB1R w KQkq -,MODEL_PREDICTION_NOT_EMPIRICAL,cuda,on,2.11.0+cu128,12.8,NVIDIA GeForce RTX 3090,7.55442660022527,632516608,0.990038656629622
TOR-10,B2,1500,maia3-79m,4,b1d2,Nbd2,0.05587669461965561,0.990038656629622,0.5947912110580361,485,22,493,rnb1kb1r/pp2pppp/1q6/2pp4/3PnB2/4PN2/PPP2PPP/RN1QKB1R w KQkq -,MODEL_PREDICTION_NOT_EMPIRICAL,cuda,on,2.11.0+cu128,12.8,NVIDIA GeForce RTX 3090,7.55442660022527,632516608,0.990038656629622
TOR-10,B2,1500,maia3-79m,5,d4c5,dxc5,0.03780806437134743,0.990038656629622,0.5947912110580361,415,19,566,rnb1kb1r/pp2pppp/1q6/2pp4/3PnB2/4PN2/PPP2PPP/RN1QKB1R w KQkq -,MODEL_PREDICTION_NOT_EMPIRICAL,cuda,on,2.11.0+cu128,12.8,NVIDIA GeForce RTX 3090,7.55442660022527,632516608,0.990038656629622
TOR-10,B2,1500,maia3-79m,6,c2c3,c3,0.02809656597673893,0.990038656629622,0.5947912110580361,321,19,660,rnb1kb1r/pp2pppp/1q6/2pp4/3PnB2/4PN2/PPP2PPP/RN1QKB1R w KQkq -,MODEL_PREDICTION_NOT_EMPIRICAL,cuda,on,2.11.0+cu128,12.8,NVIDIA GeForce RTX 3090,7.55442660022527,632516608,0.990038656629622
TOR-10,B2,1500,maia3-79m,7,f1d3,Bd3,0.018140504136681557,0.990038656629622,0.5947912110580361,446,21,533,rnb1kb1r/pp2pppp/1q6/2pp4/3PnB2/4PN2/PPP2PPP/RN1QKB1R w KQkq -,MODEL_PREDICTION_NOT_EMPIRICAL,cuda,on,2.11.0+cu128,12.8,NVIDIA GeForce RTX 3090,7.55442660022527,632516608,0.990038656629622
TOR-10,B2,1500,maia3-79m,8,b1a3,Na3,0.00636791717261076,0.990038656629622,0.5947912110580361,369,17,614,rnb1kb1r/pp2pppp/1q6/2pp4/3PnB2/4PN2/PPP2PPP/RN1QKB1R w KQkq -,MODEL_PREDICTION_NOT_EMPIRICAL,cuda,on,2.11.0+cu128,12.8,NVIDIA GeForce RTX 3090,7.55442660022527,632516608,0.990038656629622
TOR-10,B2,1500,maia3-79m,9,c2c4,c4,0.0058893607929348946,0.990038656629622,0.5947912110580361,347,18,635,rnb1kb1r/pp2pppp/1q6/2pp4/3PnB2/4PN2/PPP2PPP/RN1QKB1R w KQkq -,MODEL_PREDICTION_NOT_EMPIRICAL,cuda,on,2.11.0+cu128,12.8,NVIDIA GeForce RTX 3090,7.55442660022527,632516608,0.990038656629622
TOR-10,B2,1500,maia3-79m,10,f4b8,Bxb8,0.004515529610216618,0.990038656629622,0.5947912110580361,383,21,596,rnb1kb1r/pp2pppp/1q6/2pp4/3PnB2/4PN2/PPP2PPP/RN1QKB1R w KQkq -,MODEL_PREDICTION_NOT_EMPIRICAL,cuda,on,2.11.0+cu128,12.8,NVIDIA GeForce RTX 3090,7.55442660022527,632516608,0.990038656629622
TOR-10,B2,1700,maia3-79m,1,b2b3,b3,0.5154979825019836,0.9936931717675179,0.5991687554453721,446,26,528,rnb1kb1r/pp2pppp/1q6/2pp4/3PnB2/4PN2/PPP2PPP/RN1QKB1R w KQkq -,MODEL_PREDICTION_NOT_EMPIRICAL,cuda,on,2.11.0+cu128,12.8,NVIDIA GeForce RTX 3090,7.55442660022527,632516608,0.9936931717675179
TOR-10,B2,1700,maia3-79m,2,d1c1,Qc1,0.2632906138896942,0.9936931717675179,0.5991687554453721,479,25,496,rnb1kb1r/pp2pppp/1q6/2pp4/3PnB2/4PN2/PPP2PPP/RN1QKB1R w KQkq -,MODEL_PREDICTION_NOT_EMPIRICAL,cuda,on,2.11.0+cu128,12.8,NVIDIA GeForce RTX 3090,7.55442660022527,632516608,0.9936931717675179
TOR-10,B2,1700,maia3-79m,3,b1c3,Nc3,0.06657028943300247,0.9936931717675179,0.5991687554453721,501,24,475,rnb1kb1r/pp2pppp/1q6/2pp4/3PnB2/4PN2/PPP2PPP/RN1QKB1R w KQkq -,MODEL_PREDICTION_NOT_EMPIRICAL,cuda,on,2.11.0+cu128,12.8,NVIDIA GeForce RTX 3090,7.55442660022527,632516608,0.9936931717675179
TOR-10,B2,1700,maia3-79m,4,b1d2,Nbd2,0.061567455530166626,0.9936931717675179,0.5991687554453721,486,26,488,rnb1kb1r/pp2pppp/1q6/2pp4/3PnB2/4PN2/PPP2PPP/RN1QKB1R w KQkq -,MODEL_PREDICTION_NOT_EMPIRICAL,cuda,on,2.11.0+cu128,12.8,NVIDIA GeForce RTX 3090,7.55442660022527,632516608,0.9936931717675179
TOR-10,B2,1700,maia3-79m,5,d4c5,dxc5,0.04101276770234108,0.9936931717675179,0.5991687554453721,415,22,563,rnb1kb1r/pp2pppp/1q6/2pp4/3PnB2/4PN2/PPP2PPP/RN1QKB1R w KQkq -,MODEL_PREDICTION_NOT_EMPIRICAL,cuda,on,2.11.0+cu128,12.8,NVIDIA GeForce RTX 3090,7.55442660022527,632516608,0.9936931717675179
TOR-10,B2,1700,maia3-79m,6,c2c3,c3,0.02030279114842415,0.9936931717675179,0.5991687554453721,334,22,644,rnb1kb1r/pp2pppp/1q6/2pp4/3PnB2/4PN2/PPP2PPP/RN1QKB1R w KQkq -,MODEL_PREDICTION_NOT_EMPIRICAL,cuda,on,2.11.0+cu128,12.8,NVIDIA GeForce RTX 3090,7.55442660022527,632516608,0.9936931717675179
TOR-10,B2,1700,maia3-79m,7,f1d3,Bd3,0.013108468614518642,0.9936931717675179,0.5991687554453721,449,24,527,rnb1kb1r/pp2pppp/1q6/2pp4/3PnB2/4PN2/PPP2PPP/RN1QKB1R w KQkq -,MODEL_PREDICTION_NOT_EMPIRICAL,cuda,on,2.11.0+cu128,12.8,NVIDIA GeForce RTX 3090,7.55442660022527,632516608,0.9936931717675179
TOR-10,B2,1700,maia3-79m,8,b1a3,Na3,0.0045301648788154125,0.9936931717675179,0.5991687554453721,393,18,589,rnb1kb1r/pp2pppp/1q6/2pp4/3PnB2/4PN2/PPP2PPP/RN1QKB1R w KQkq -,MODEL_PREDICTION_NOT_EMPIRICAL,cuda,on,2.11.0+cu128,12.8,NVIDIA GeForce RTX 3090,7.55442660022527,632516608,0.9936931717675179
TOR-10,B2,1700,maia3-79m,9,f4b8,Bxb8,0.003997856751084328,0.9936931717675179,0.5991687554453721,374,26,600,rnb1kb1r/pp2pppp/1q6/2pp4/3PnB2/4PN2/PPP2PPP/RN1QKB1R w KQkq -,MODEL_PREDICTION_NOT_EMPIRICAL,cuda,on,2.11.0+cu128,12.8,NVIDIA GeForce RTX 3090,7.55442660022527,632516608,0.9936931717675179
TOR-10,B2,1700,maia3-79m,10,c2c4,c4,0.003814781317487359,0.9936931717675179,0.5991687554453721,371,21,608,rnb1kb1r/pp2pppp/1q6/2pp4/3PnB2/4PN2/PPP2PPP/RN1QKB1R w KQkq -,MODEL_PREDICTION_NOT_EMPIRICAL,cuda,on,2.11.0+cu128,12.8,NVIDIA GeForce RTX 3090,7.55442660022527,632516608,0.9936931717675179
TOR-10,B2,1900,maia3-79m,1,b2b3,b3,0.44641241431236267,0.9955276169348508,0.601375105015037,450,31,519,rnb1kb1r/pp2pppp/1q6/2pp4/3PnB2/4PN2/PPP2PPP/RN1QKB1R w KQkq -,MODEL_PREDICTION_NOT_EMPIRICAL,cuda,on,2.11.0+cu128,12.8,NVIDIA GeForce RTX 3090,7.55442660022527,632516608,0.9955276169348508
TOR-10,B2,1900,maia3-79m,2,d1c1,Qc1,0.3369697630405426,0.9955276169348508,0.601375105015037,489,31,480,rnb1kb1r/pp2pppp/1q6/2pp4/3PnB2/4PN2/PPP2PPP/RN1QKB1R w KQkq -,MODEL_PREDICTION_NOT_EMPIRICAL,cuda,on,2.11.0+cu128,12.8,NVIDIA GeForce RTX 3090,7.55442660022527,632516608,0.9955276169348508
TOR-10,B2,1900,maia3-79m,3,b1c3,Nc3,0.07174500077962875,0.9955276169348508,0.601375105015037,568,29,403,rnb1kb1r/pp2pppp/1q6/2pp4/3PnB2/4PN2/PPP2PPP/RN1QKB1R w KQkq -,MODEL_PREDICTION_NOT_EMPIRICAL,cuda,on,2.11.0+cu128,12.8,NVIDIA GeForce RTX 3090,7.55442660022527,632516608,0.9955276169348508
TOR-10,B2,1900,maia3-79m,4,b1d2,Nbd2,0.06845956295728683,0.9955276169348508,0.601375105015037,493,32,475,rnb1kb1r/pp2pppp/1q6/2pp4/3PnB2/4PN2/PPP2PPP/RN1QKB1R w KQkq -,MODEL_PREDICTION_NOT_EMPIRICAL,cuda,on,2.11.0+cu128,12.8,NVIDIA GeForce RTX 3090,7.55442660022527,632516608,0.9955276169348508
TOR-10,B2,1900,maia3-79m,5,d4c5,dxc5,0.03840233013033867,0.9955276169348508,0.601375105015037,427,28,545,rnb1kb1r/pp2pppp/1q6/2pp4/3PnB2/4PN2/PPP2PPP/RN1QKB1R w KQkq -,MODEL_PREDICTION_NOT_EMPIRICAL,cuda,on,2.11.0+cu128,12.8,NVIDIA GeForce RTX 3090,7.55442660022527,632516608,0.9955276169348508
TOR-10,B2,1900,maia3-79m,6,c2c3,c3,0.013692773878574371,0.9955276169348508,0.601375105015037,357,28,615,rnb1kb1r/pp2pppp/1q6/2pp4/3PnB2/4PN2/PPP2PPP/RN1QKB1R w KQkq -,MODEL_PREDICTION_NOT_EMPIRICAL,cuda,on,2.11.0+cu128,12.8,NVIDIA GeForce RTX 3090,7.55442660022527,632516608,0.9955276169348508
TOR-10,B2,1900,maia3-79m,7,f1d3,Bd3,0.01049861405044794,0.9955276169348508,0.601375105015037,463,30,507,rnb1kb1r/pp2pppp/1q6/2pp4/3PnB2/4PN2/PPP2PPP/RN1QKB1R w KQkq -,MODEL_PREDICTION_NOT_EMPIRICAL,cuda,on,2.11.0+cu128,12.8,NVIDIA GeForce RTX 3090,7.55442660022527,632516608,0.9955276169348508
TOR-10,B2,1900,maia3-79m,8,b1a3,Na3,0.0036853598430752754,0.9955276169348508,0.601375105015037,447,22,531,rnb1kb1r/pp2pppp/1q6/2pp4/3PnB2/4PN2/PPP2PPP/RN1QKB1R w KQkq -,MODEL_PREDICTION_NOT_EMPIRICAL,cuda,on,2.11.0+cu128,12.8,NVIDIA GeForce RTX 3090,7.55442660022527,632516608,0.9955276169348508
TOR-10,B2,1900,maia3-79m,9,f4b8,Bxb8,0.0033555584959685802,0.9955276169348508,0.601375105015037,384,33,583,rnb1kb1r/pp2pppp/1q6/2pp4/3PnB2/4PN2/PPP2PPP/RN1QKB1R w KQkq -,MODEL_PREDICTION_NOT_EMPIRICAL,cuda,on,2.11.0+cu128,12.8,NVIDIA GeForce RTX 3090,7.55442660022527,632516608,0.9955276169348508
TOR-10,B2,1900,maia3-79m,10,c2c4,c4,0.0023062394466251135,0.9955276169348508,0.601375105015037,405,26,569,rnb1kb1r/pp2pppp/1q6/2pp4/3PnB2/4PN2/PPP2PPP/RN1QKB1R w KQkq -,MODEL_PREDICTION_NOT_EMPIRICAL,cuda,on,2.11.0+cu128,12.8,NVIDIA GeForce RTX 3090,7.55442660022527,632516608,0.9955276169348508
TOR-10,B2,2100,maia3-79m,1,d1c1,Qc1,0.3907046616077423,0.9966440321877599,0.6103122337372539,496,41,463,rnb1kb1r/pp2pppp/1q6/2pp4/3PnB2/4PN2/PPP2PPP/RN1QKB1R w KQkq -,MODEL_PREDICTION_NOT_EMPIRICAL,cuda,on,2.11.0+cu128,12.8,NVIDIA GeForce RTX 3090,7.55442660022527,632516608,0.9966440321877599
TOR-10,B2,2100,maia3-79m,2,b2b3,b3,0.36134272813796997,0.9966440321877599,0.6103122337372539,454,39,507,rnb1kb1r/pp2pppp/1q6/2pp4/3PnB2/4PN2/PPP2PPP/RN1QKB1R w KQkq -,MODEL_PREDICTION_NOT_EMPIRICAL,cuda,on,2.11.0+cu128,12.8,NVIDIA GeForce RTX 3090,7.55442660022527,632516608,0.9966440321877599
TOR-10,B2,2100,maia3-79m,3,b1c3,Nc3,0.11193875968456268,0.9966440321877599,0.6103122337372539,613,38,349,rnb1kb1r/pp2pppp/1q6/2pp4/3PnB2/4PN2/PPP2PPP/RN1QKB1R w KQkq -,MODEL_PREDICTION_NOT_EMPIRICAL,cuda,on,2.11.0+cu128,12.8,NVIDIA GeForce RTX 3090,7.55442660022527,632516608,0.9966440321877599
TOR-10,B2,2100,maia3-79m,4,b1d2,Nbd2,0.08189614862203598,0.9966440321877599,0.6103122337372539,511,42,447,rnb1kb1r/pp2pppp/1q6/2pp4/3PnB2/4PN2/PPP2PPP/RN1QKB1R w KQkq -,MODEL_PREDICTION_NOT_EMPIRICAL,cuda,on,2.11.0+cu128,12.8,NVIDIA GeForce RTX 3090,7.55442660022527,632516608,0.9966440321877599
TOR-10,B2,2100,maia3-79m,5,d4c5,dxc5,0.027431771159172058,0.9966440321877599,0.6103122337372539,464,38,498,rnb1kb1r/pp2pppp/1q6/2pp4/3PnB2/4PN2/PPP2PPP/RN1QKB1R w KQkq -,MODEL_PREDICTION_NOT_EMPIRICAL,cuda,on,2.11.0+cu128,12.8,NVIDIA GeForce RTX 3090,7.55442660022527,632516608,0.9966440321877599
TOR-10,B2,2100,maia3-79m,6,f1d3,Bd3,0.008366217836737633,0.9966440321877599,0.6103122337372539,492,40,468,rnb1kb1r/pp2pppp/1q6/2pp4/3PnB2/4PN2/PPP2PPP/RN1QKB1R w KQkq -,MODEL_PREDICTION_NOT_EMPIRICAL,cuda,on,2.11.0+cu128,12.8,NVIDIA GeForce RTX 3090,7.55442660022527,632516608,0.9966440321877599
TOR-10,B2,2100,maia3-79m,7,c2c3,c3,0.00641460157930851,0.9966440321877599,0.6103122337372539,390,36,574,rnb1kb1r/pp2pppp/1q6/2pp4/3PnB2/4PN2/PPP2PPP/RN1QKB1R w KQkq -,MODEL_PREDICTION_NOT_EMPIRICAL,cuda,on,2.11.0+cu128,12.8,NVIDIA GeForce RTX 3090,7.55442660022527,632516608,0.9966440321877599
TOR-10,B2,2100,maia3-79m,8,b1a3,Na3,0.004766927100718021,0.9966440321877599,0.6103122337372539,504,28,468,rnb1kb1r/pp2pppp/1q6/2pp4/3PnB2/4PN2/PPP2PPP/RN1QKB1R w KQkq -,MODEL_PREDICTION_NOT_EMPIRICAL,cuda,on,2.11.0+cu128,12.8,NVIDIA GeForce RTX 3090,7.55442660022527,632516608,0.9966440321877599
TOR-10,B2,2100,maia3-79m,9,f4b8,Bxb8,0.0020825162064284086,0.9966440321877599,0.6103122337372539,413,46,541,rnb1kb1r/pp2pppp/1q6/2pp4/3PnB2/4PN2/PPP2PPP/RN1QKB1R w KQkq -,MODEL_PREDICTION_NOT_EMPIRICAL,cuda,on,2.11.0+cu128,12.8,NVIDIA GeForce RTX 3090,7.55442660022527,632516608,0.9966440321877599
TOR-10,B2,2100,maia3-79m,10,c2c4,c4,0.001699700253084302,0.9966440321877599,0.6103122337372539,443,33,524,rnb1kb1r/pp2pppp/1q6/2pp4/3PnB2/4PN2/PPP2PPP/RN1QKB1R w KQkq -,MODEL_PREDICTION_NOT_EMPIRICAL,cuda,on,2.11.0+cu128,12.8,NVIDIA GeForce RTX 3090,7.55442660022527,632516608,0.9966440321877599
LON-01,B3,1100,maia3-79m,1,b1d2,Nbd2,0.4475131332874298,0.985806807409972,0.7163731914357807,489,41,470,r1b1kb1r/1p2pppp/1pn2n2/3p4/2pP1B2/2P1PN2/PP3PPP/RN2KB1R w KQkq -,MODEL_PREDICTION_NOT_EMPIRICAL,cuda,on,2.11.0+cu128,12.8,NVIDIA GeForce RTX 3090,7.55442660022527,632516608,0.985806807409972
LON-01,B3,1100,maia3-79m,2,f1e2,Be2,0.16207852959632874,0.985806807409972,0.7163731914357807,496,42,462,r1b1kb1r/1p2pppp/1pn2n2/3p4/2pP1B2/2P1PN2/PP3PPP/RN2KB1R w KQkq -,MODEL_PREDICTION_NOT_EMPIRICAL,cuda,on,2.11.0+cu128,12.8,NVIDIA GeForce RTX 3090,7.55442660022527,632516608,0.985806807409972
LON-01,B3,1100,maia3-79m,3,f3e5,Ne5,0.1185791864991188,0.985806807409972,0.7163731914357807,480,46,474,r1b1kb1r/1p2pppp/1pn2n2/3p4/2pP1B2/2P1PN2/PP3PPP/RN2KB1R w KQkq -,MODEL_PREDICTION_NOT_EMPIRICAL,cuda,on,2.11.0+cu128,12.8,NVIDIA GeForce RTX 3090,7.55442660022527,632516608,0.985806807409972
LON-01,B3,1100,maia3-79m,4,b1a3,Na3,0.09985367953777313,0.985806807409972,0.7163731914357807,522,39,439,r1b1kb1r/1p2pppp/1pn2n2/3p4/2pP1B2/2P1PN2/PP3PPP/RN2KB1R w KQkq -,MODEL_PREDICTION_NOT_EMPIRICAL,cuda,on,2.11.0+cu128,12.8,NVIDIA GeForce RTX 3090,7.55442660022527,632516608,0.985806807409972
LON-01,B3,1100,maia3-79m,5,b2b3,b3,0.08149819821119308,0.985806807409972,0.7163731914357807,368,40,592,r1b1kb1r/1p2pppp/1pn2n2/3p4/2pP1B2/2P1PN2/PP3PPP/RN2KB1R w KQkq -,MODEL_PREDICTION_NOT_EMPIRICAL,cuda,on,2.11.0+cu128,12.8,NVIDIA GeForce RTX 3090,7.55442660022527,632516608,0.985806807409972
LON-01,B3,1100,maia3-79m,6,a2a3,a3,0.032417744398117065,0.985806807409972,0.7163731914357807,473,45,482,r1b1kb1r/1p2pppp/1pn2n2/3p4/2pP1B2/2P1PN2/PP3PPP/RN2KB1R w KQkq -,MODEL_PREDICTION_NOT_EMPIRICAL,cuda,on,2.11.0+cu128,12.8,NVIDIA GeForce RTX 3090,7.55442660022527,632516608,0.985806807409972
LON-01,B3,1100,maia3-79m,7,f4c7,Bc7,0.014611821621656418,0.985806807409972,0.7163731914357807,499,40,461,r1b1kb1r/1p2pppp/1pn2n2/3p4/2pP1B2/2P1PN2/PP3PPP/RN2KB1R w KQkq -,MODEL_PREDICTION_NOT_EMPIRICAL,cuda,on,2.11.0+cu128,12.8,NVIDIA GeForce RTX 3090,7.55442660022527,632516608,0.985806807409972
LON-01,B3,1100,maia3-79m,8,a2a4,a4,0.013097952120006084,0.985806807409972,0.7163731914357807,457,45,498,r1b1kb1r/1p2pppp/1pn2n2/3p4/2pP1B2/2P1PN2/PP3PPP/RN2KB1R w KQkq -,MODEL_PREDICTION_NOT_EMPIRICAL,cuda,on,2.11.0+cu128,12.8,NVIDIA GeForce RTX 3090,7.55442660022527,632516608,0.985806807409972
LON-01,B3,1100,maia3-79m,9,g2g3,g3,0.008456673473119736,0.985806807409972,0.7163731914357807,482,43,475,r1b1kb1r/1p2pppp/1pn2n2/3p4/2pP1B2/2P1PN2/PP3PPP/RN2KB1R w KQkq -,MODEL_PREDICTION_NOT_EMPIRICAL,cuda,on,2.11.0+cu128,12.8,NVIDIA GeForce RTX 3090,7.55442660022527,632516608,0.985806807409972
LON-01,B3,1100,maia3-79m,10,b2b4,b4,0.007699888665229082,0.985806807409972,0.7163731914357807,448,39,513,r1b1kb1r/1p2pppp/1pn2n2/3p4/2pP1B2/2P1PN2/PP3PPP/RN2KB1R w KQkq -,MODEL_PREDICTION_NOT_EMPIRICAL,cuda,on,2.11.0+cu128,12.8,NVIDIA GeForce RTX 3090,7.55442660022527,632516608,0.985806807409972
LON-01,B3,1300,maia3-79m,1,b1d2,Nbd2,0.4710053503513336,0.9905248056165874,0.6937754315084508,466,41,493,r1b1kb1r/1p2pppp/1pn2n2/3p4/2pP1B2/2P1PN2/PP3PPP/RN2KB1R w KQkq -,MODEL_PREDICTION_NOT_EMPIRICAL,cuda,on,2.11.0+cu128,12.8,NVIDIA GeForce RTX 3090,7.55442660022527,632516608,0.9905248056165874
LON-01,B3,1300,maia3-79m,2,f1e2,Be2,0.2025768756866455,0.9905248056165874,0.6937754315084508,477,42,481,r1b1kb1r/1p2pppp/1pn2n2/3p4/2pP1B2/2P1PN2/PP3PPP/RN2KB1R w KQkq -,MODEL_PREDICTION_NOT_EMPIRICAL,cuda,on,2.11.0+cu128,12.8,NVIDIA GeForce RTX 3090,7.55442660022527,632516608,0.9905248056165874
LON-01,B3,1300,maia3-79m,3,f3e5,Ne5,0.08712723106145859,0.9905248056165874,0.6937754315084508,457,46,497,r1b1kb1r/1p2pppp/1pn2n2/3p4/2pP1B2/2P1PN2/PP3PPP/RN2KB1R w KQkq -,MODEL_PREDICTION_NOT_EMPIRICAL,cuda,on,2.11.0+cu128,12.8,NVIDIA GeForce RTX 3090,7.55442660022527,632516608,0.9905248056165874
LON-01,B3,1300,maia3-79m,4,b1a3,Na3,0.0857764482498169,0.9905248056165874,0.6937754315084508,510,38,452,r1b1kb1r/1p2pppp/1pn2n2/3p4/2pP1B2/2P1PN2/PP3PPP/RN2KB1R w KQkq -,MODEL_PREDICTION_NOT_EMPIRICAL,cuda,on,2.11.0+cu128,12.8,NVIDIA GeForce RTX 3090,7.55442660022527,632516608,0.9905248056165874
LON-01,B3,1300,maia3-79m,5,b2b3,b3,0.058953236788511276,0.9905248056165874,0.6937754315084508,342,37,621,r1b1kb1r/1p2pppp/1pn2n2/3p4/2pP1B2/2P1PN2/PP3PPP/RN2KB1R w KQkq -,MODEL_PREDICTION_NOT_EMPIRICAL,cuda,on,2.11.0+cu128,12.8,NVIDIA GeForce RTX 3090,7.55442660022527,632516608,0.9905248056165874
LON-01,B3,1300,maia3-79m,6,a2a3,a3,0.03927132114768028,0.9905248056165874,0.6937754315084508,451,44,505,r1b1kb1r/1p2pppp/1pn2n2/3p4/2pP1B2/2P1PN2/PP3PPP/RN2KB1R w KQkq -,MODEL_PREDICTION_NOT_EMPIRICAL,cuda,on,2.11.0+cu128,12.8,NVIDIA GeForce RTX 3090,7.55442660022527,632516608,0.9905248056165874
LON-01,B3,1300,maia3-79m,7,f4c7,Bc7,0.015867047011852264,0.9905248056165874,0.6937754315084508,463,40,497,r1b1kb1r/1p2pppp/1pn2n2/3p4/2pP1B2/2P1PN2/PP3PPP/RN2KB1R w KQkq -,MODEL_PREDICTION_NOT_EMPIRICAL,cuda,on,2.11.0+cu128,12.8,NVIDIA GeForce RTX 3090,7.55442660022527,632516608,0.9905248056165874
LON-01,B3,1300,maia3-79m,8,a2a4,a4,0.01467462070286274,0.9905248056165874,0.6937754315084508,436,44,520,r1b1kb1r/1p2pppp/1pn2n2/3p4/2pP1B2/2P1PN2/PP3PPP/RN2KB1R w KQkq -,MODEL_PREDICTION_NOT_EMPIRICAL,cuda,on,2.11.0+cu128,12.8,NVIDIA GeForce RTX 3090,7.55442660022527,632516608,0.9905248056165874
LON-01,B3,1300,maia3-79m,9,h2h3,h3,0.00823171529918909,0.9905248056165874,0.6937754315084508,463,42,495,r1b1kb1r/1p2pppp/1pn2n2/3p4/2pP1B2/2P1PN2/PP3PPP/RN2KB1R w KQkq -,MODEL_PREDICTION_NOT_EMPIRICAL,cuda,on,2.11.0+cu128,12.8,NVIDIA GeForce RTX 3090,7.55442660022527,632516608,0.9905248056165874
LON-01,B3,1300,maia3-79m,10,g2g3,g3,0.007040959317237139,0.9905248056165874,0.6937754315084508,467,42,491,r1b1kb1r/1p2pppp/1pn2n2/3p4/2pP1B2/2P1PN2/PP3PPP/RN2KB1R w KQkq -,MODEL_PREDICTION_NOT_EMPIRICAL,cuda,on,2.11.0+cu128,12.8,NVIDIA GeForce RTX 3090,7.55442660022527,632516608,0.9905248056165874
LON-01,B3,1500,maia3-79m,1,b1d2,Nbd2,0.4984420835971832,0.9934799652546644,0.6663712689861957,449,43,508,r1b1kb1r/1p2pppp/1pn2n2/3p4/2pP1B2/2P1PN2/PP3PPP/RN2KB1R w KQkq -,MODEL_PREDICTION_NOT_EMPIRICAL,cuda,on,2.11.0+cu128,12.8,NVIDIA GeForce RTX 3090,7.55442660022527,632516608,0.9934799652546644
LON-01,B3,1500,maia3-79m,2,f1e2,Be2,0.21775323152542114,0.9934799652546644,0.6663712689861957,458,44,498,r1b1kb1r/1p2pppp/1pn2n2/3p4/2pP1B2/2P1PN2/PP3PPP/RN2KB1R w KQkq -,MODEL_PREDICTION_NOT_EMPIRICAL,cuda,on,2.11.0+cu128,12.8,NVIDIA GeForce RTX 3090,7.55442660022527,632516608,0.9934799652546644
LON-01,B3,1500,maia3-79m,3,b1a3,Na3,0.07293818891048431,0.9934799652546644,0.6663712689861957,506,38,456,r1b1kb1r/1p2pppp/1pn2n2/3p4/2pP1B2/2P1PN2/PP3PPP/RN2KB1R w KQkq -,MODEL_PREDICTION_NOT_EMPIRICAL,cuda,on,2.11.0+cu128,12.8,NVIDIA GeForce RTX 3090,7.55442660022527,632516608,0.9934799652546644
LON-01,B3,1500,maia3-79m,4,f3e5,Ne5,0.06336979568004608,0.9934799652546644,0.6663712689861957,436,48,516,r1b1kb1r/1p2pppp/1pn2n2/3p4/2pP1B2/2P1PN2/PP3PPP/RN2KB1R w KQkq -,MODEL_PREDICTION_NOT_EMPIRICAL,cuda,on,2.11.0+cu128,12.8,NVIDIA GeForce RTX 3090,7.55442660022527,632516608,0.9934799652546644
LON-01,B3,1500,maia3-79m,5,a2a3,a3,0.05680432170629501,0.9934799652546644,0.6663712689861957,434,47,519,r1b1kb1r/1p2pppp/1pn2n2/3p4/2pP1B2/2P1PN2/PP3PPP/RN2KB1R w KQkq -,MODEL_PREDICTION_NOT_EMPIRICAL,cuda,on,2.11.0+cu128,12.8,NVIDIA GeForce RTX 3090,7.55442660022527,632516608,0.9934799652546644
LON-01,B3,1500,maia3-79m,6,b2b3,b3,0.03783983737230301,0.9934799652546644,0.6663712689861957,327,38,635,r1b1kb1r/1p2pppp/1pn2n2/3p4/2pP1B2/2P1PN2/PP3PPP/RN2KB1R w KQkq -,MODEL_PREDICTION_NOT_EMPIRICAL,cuda,on,2.11.0+cu128,12.8,NVIDIA GeForce RTX 3090,7.55442660022527,632516608,0.9934799652546644
LON-01,B3,1500,maia3-79m,7,a2a4,a4,0.0162747111171484,0.9934799652546644,0.6663712689861957,409,46,545,r1b1kb1r/1p2pppp/1pn2n2/3p4/2pP1B2/2P1PN2/PP3PPP/RN2KB1R w KQkq -,MODEL_PREDICTION_NOT_EMPIRICAL,cuda,on,2.11.0+cu128,12.8,NVIDIA GeForce RTX 3090,7.55442660022527,632516608,0.9934799652546644
LON-01,B3,1500,maia3-79m,8,f4c7,Bc7,0.015288676135241985,0.9934799652546644,0.6663712689861957,434,42,524,r1b1kb1r/1p2pppp/1pn2n2/3p4/2pP1B2/2P1PN2/PP3PPP/RN2KB1R w KQkq -,MODEL_PREDICTION_NOT_EMPIRICAL,cuda,on,2.11.0+cu128,12.8,NVIDIA GeForce RTX 3090,7.55442660022527,632516608,0.9934799652546644
LON-01,B3,1500,maia3-79m,9,h2h3,h3,0.009567408822476864,0.9934799652546644,0.6663712689861957,443,45,512,r1b1kb1r/1p2pppp/1pn2n2/3p4/2pP1B2/2P1PN2/PP3PPP/RN2KB1R w KQkq -,MODEL_PREDICTION_NOT_EMPIRICAL,cuda,on,2.11.0+cu128,12.8,NVIDIA GeForce RTX 3090,7.55442660022527,632516608,0.9934799652546644
LON-01,B3,1500,maia3-79m,10,g2g3,g3,0.0052017103880643845,0.9934799652546644,0.6663712689861957,445,44,511,r1b1kb1r/1p2pppp/1pn2n2/3p4/2pP1B2/2P1PN2/PP3PPP/RN2KB1R w KQkq -,MODEL_PREDICTION_NOT_EMPIRICAL,cuda,on,2.11.0+cu128,12.8,NVIDIA GeForce RTX 3090,7.55442660022527,632516608,0.9934799652546644
LON-01,B3,1700,maia3-79m,1,b1d2,Nbd2,0.5210711359977722,0.9954107145313174,0.6412393225672213,430,48,522,r1b1kb1r/1p2pppp/1pn2n2/3p4/2pP1B2/2P1PN2/PP3PPP/RN2KB1R w KQkq -,MODEL_PREDICTION_NOT_EMPIRICAL,cuda,on,2.11.0+cu128,12.8,NVIDIA GeForce RTX 3090,7.55442660022527,632516608,0.9954107145313174
LON-01,B3,1700,maia3-79m,2,f1e2,Be2,0.21053177118301392,0.9954107145313174,0.6412393225672213,445,49,506,r1b1kb1r/1p2pppp/1pn2n2/3p4/2pP1B2/2P1PN2/PP3PPP/RN2KB1R w KQkq -,MODEL_PREDICTION_NOT_EMPIRICAL,cuda,on,2.11.0+cu128,12.8,NVIDIA GeForce RTX 3090,7.55442660022527,632516608,0.9954107145313174
LON-01,B3,1700,maia3-79m,3,a2a3,a3,0.0864020586013794,0.9954107145313174,0.6412393225672213,429,52,519,r1b1kb1r/1p2pppp/1pn2n2/3p4/2pP1B2/2P1PN2/PP3PPP/RN2KB1R w KQkq -,MODEL_PREDICTION_NOT_EMPIRICAL,cuda,on,2.11.0+cu128,12.8,NVIDIA GeForce RTX 3090,7.55442660022527,632516608,0.9954107145313174
LON-01,B3,1700,maia3-79m,4,b1a3,Na3,0.06624675542116165,0.9954107145313174,0.6412393225672213,504,43,453,r1b1kb1r/1p2pppp/1pn2n2/3p4/2pP1B2/2P1PN2/PP3PPP/RN2KB1R w KQkq -,MODEL_PREDICTION_NOT_EMPIRICAL,cuda,on,2.11.0+cu128,12.8,NVIDIA GeForce RTX 3090,7.55442660022527,632516608,0.9954107145313174
LON-01,B3,1700,maia3-79m,5,f3e5,Ne5,0.04482479766011238,0.9954107145313174,0.6412393225672213,423,52,525,r1b1kb1r/1p2pppp/1pn2n2/3p4/2pP1B2/2P1PN2/PP3PPP/RN2KB1R w KQkq -,MODEL_PREDICTION_NOT_EMPIRICAL,cuda,on,2.11.0+cu128,12.8,NVIDIA GeForce RTX 3090,7.55442660022527,632516608,0.9954107145313174
LON-01,B3,1700,maia3-79m,6,b2b3,b3,0.022894268855452538,0.9954107145313174,0.6412393225672213,302,41,657,r1b1kb1r/1p2pppp/1pn2n2/3p4/2pP1B2/2P1PN2/PP3PPP/RN2KB1R w KQkq -,MODEL_PREDICTION_NOT_EMPIRICAL,cuda,on,2.11.0+cu128,12.8,NVIDIA GeForce RTX 3090,7.55442660022527,632516608,0.9954107145313174
LON-01,B3,1700,maia3-79m,7,a2a4,a4,0.014552482403814793,0.9954107145313174,0.6412393225672213,384,48,568,r1b1kb1r/1p2pppp/1pn2n2/3p4/2pP1B2/2P1PN2/PP3PPP/RN2KB1R w KQkq -,MODEL_PREDICTION_NOT_EMPIRICAL,cuda,on,2.11.0+cu128,12.8,NVIDIA GeForce RTX 3090,7.55442660022527,632516608,0.9954107145313174
LON-01,B3,1700,maia3-79m,8,f4c7,Bc7,0.014552482403814793,0.9954107145313174,0.6412393225672213,410,43,547,r1b1kb1r/1p2pppp/1pn2n2/3p4/2pP1B2/2P1PN2/PP3PPP/RN2KB1R w KQkq -,MODEL_PREDICTION_NOT_EMPIRICAL,cuda,on,2.11.0+cu128,12.8,NVIDIA GeForce RTX 3090,7.55442660022527,632516608,0.9954107145313174
LON-01,B3,1700,maia3-79m,9,h2h3,h3,0.01098479051142931,0.9954107145313174,0.6412393225672213,429,51,520,r1b1kb1r/1p2pppp/1pn2n2/3p4/2pP1B2/2P1PN2/PP3PPP/RN2KB1R w KQkq -,MODEL_PREDICTION_NOT_EMPIRICAL,cuda,on,2.11.0+cu128,12.8,NVIDIA GeForce RTX 3090,7.55442660022527,632516608,0.9954107145313174
LON-01,B3,1700,maia3-79m,10,g2g3,g3,0.0033501714933663607,0.9954107145313174,0.6412393225672213,424,50,526,r1b1kb1r/1p2pppp/1pn2n2/3p4/2pP1B2/2P1PN2/PP3PPP/RN2KB1R w KQkq -,MODEL_PREDICTION_NOT_EMPIRICAL,cuda,on,2.11.0+cu128,12.8,NVIDIA GeForce RTX 3090,7.55442660022527,632516608,0.9954107145313174
LON-01,B3,1900,maia3-79m,1,b1d2,Nbd2,0.5484998226165771,0.9967004670761526,0.6112906326746043,417,54,529,r1b1kb1r/1p2pppp/1pn2n2/3p4/2pP1B2/2P1PN2/PP3PPP/RN2KB1R w KQkq -,MODEL_PREDICTION_NOT_EMPIRICAL,cuda,on,2.11.0+cu128,12.8,NVIDIA GeForce RTX 3090,7.55442660022527,632516608,0.9967004670761526
LON-01,B3,1900,maia3-79m,2,f1e2,Be2,0.18087606132030487,0.9967004670761526,0.6112906326746043,439,54,507,r1b1kb1r/1p2pppp/1pn2n2/3p4/2pP1B2/2P1PN2/PP3PPP/RN2KB1R w KQkq -,MODEL_PREDICTION_NOT_EMPIRICAL,cuda,on,2.11.0+cu128,12.8,NVIDIA GeForce RTX 3090,7.55442660022527,632516608,0.9967004670761526
LON-01,B3,1900,maia3-79m,3,a2a3,a3,0.11143450438976288,0.9967004670761526,0.6112906326746043,429,57,514,r1b1kb1r/1p2pppp/1pn2n2/3p4/2pP1B2/2P1PN2/PP3PPP/RN2KB1R w KQkq -,MODEL_PREDICTION_NOT_EMPIRICAL,cuda,on,2.11.0+cu128,12.8,NVIDIA GeForce RTX 3090,7.55442660022527,632516608,0.9967004670761526
LON-01,B3,1900,maia3-79m,4,b1a3,Na3,0.07423137873411179,0.9967004670761526,0.6112906326746043,501,47,452,r1b1kb1r/1p2pppp/1pn2n2/3p4/2pP1B2/2P1PN2/PP3PPP/RN2KB1R w KQkq -,MODEL_PREDICTION_NOT_EMPIRICAL,cuda,on,2.11.0+cu128,12.8,NVIDIA GeForce RTX 3090,7.55442660022527,632516608,0.9967004670761526
LON-01,B3,1900,maia3-79m,5,f3e5,Ne5,0.03398560360074043,0.9967004670761526,0.6112906326746043,419,58,523,r1b1kb1r/1p2pppp/1pn2n2/3p4/2pP1B2/2P1PN2/PP3PPP/RN2KB1R w KQkq -,MODEL_PREDICTION_NOT_EMPIRICAL,cuda,on,2.11.0+cu128,12.8,NVIDIA GeForce RTX 3090,7.55442660022527,632516608,0.9967004670761526
LON-01,B3,1900,maia3-79m,6,h2h3,h3,0.013102617114782333,0.9967004670761526,0.6112906326746043,424,56,520,r1b1kb1r/1p2pppp/1pn2n2/3p4/2pP1B2/2P1PN2/PP3PPP/RN2KB1R w KQkq -,MODEL_PREDICTION_NOT_EMPIRICAL,cuda,on,2.11.0+cu128,12.8,NVIDIA GeForce RTX 3090,7.55442660022527,632516608,0.9967004670761526
LON-01,B3,1900,maia3-79m,7,b2b3,b3,0.012308770790696144,0.9967004670761526,0.6112906326746043,275,41,684,r1b1kb1r/1p2pppp/1pn2n2/3p4/2pP1B2/2P1PN2/PP3PPP/RN2KB1R w KQkq -,MODEL_PREDICTION_NOT_EMPIRICAL,cuda,on,2.11.0+cu128,12.8,NVIDIA GeForce RTX 3090,7.55442660022527,632516608,0.9967004670761526
LON-01,B3,1900,maia3-79m,8,f4c7,Bc7,0.011563019827008247,0.9967004670761526,0.6112906326746043,398,45,557,r1b1kb1r/1p2pppp/1pn2n2/3p4/2pP1B2/2P1PN2/PP3PPP/RN2KB1R w KQkq -,MODEL_PREDICTION_NOT_EMPIRICAL,cuda,on,2.11.0+cu128,12.8,NVIDIA GeForce RTX 3090,7.55442660022527,632516608,0.9967004670761526
LON-01,B3,1900,maia3-79m,9,a2a4,a4,0.008592906408011913,0.9967004670761526,0.6112906326746043,364,50,586,r1b1kb1r/1p2pppp/1pn2n2/3p4/2pP1B2/2P1PN2/PP3PPP/RN2KB1R w KQkq -,MODEL_PREDICTION_NOT_EMPIRICAL,cuda,on,2.11.0+cu128,12.8,NVIDIA GeForce RTX 3090,7.55442660022527,632516608,0.9967004670761526
LON-01,B3,1900,maia3-79m,10,g2g3,g3,0.002105782274156809,0.9967004670761526,0.6112906326746043,416,54,530,r1b1kb1r/1p2pppp/1pn2n2/3p4/2pP1B2/2P1PN2/PP3PPP/RN2KB1R w KQkq -,MODEL_PREDICTION_NOT_EMPIRICAL,cuda,on,2.11.0+cu128,12.8,NVIDIA GeForce RTX 3090,7.55442660022527,632516608,0.9967004670761526
LON-01,B3,2100,maia3-79m,1,b1d2,Nbd2,0.5566624402999878,0.9974081472028047,0.5896478661971573,416,63,521,r1b1kb1r/1p2pppp/1pn2n2/3p4/2pP1B2/2P1PN2/PP3PPP/RN2KB1R w KQkq -,MODEL_PREDICTION_NOT_EMPIRICAL,cuda,on,2.11.0+cu128,12.8,NVIDIA GeForce RTX 3090,7.55442660022527,632516608,0.9974081472028047
LON-01,B3,2100,maia3-79m,2,f1e2,Be2,0.1475008726119995,0.9974081472028047,0.5896478661971573,435,64,501,r1b1kb1r/1p2pppp/1pn2n2/3p4/2pP1B2/2P1PN2/PP3PPP/RN2KB1R w KQkq -,MODEL_PREDICTION_NOT_EMPIRICAL,cuda,on,2.11.0+cu128,12.8,NVIDIA GeForce RTX 3090,7.55442660022527,632516608,0.9974081472028047
LON-01,B3,2100,maia3-79m,3,b1a3,Na3,0.12228251248598099,0.9974081472028047,0.5896478661971573,495,55,450,r1b1kb1r/1p2pppp/1pn2n2/3p4/2pP1B2/2P1PN2/PP3PPP/RN2KB1R w KQkq -,MODEL_PREDICTION_NOT_EMPIRICAL,cuda,on,2.11.0+cu128,12.8,NVIDIA GeForce RTX 3090,7.55442660022527,632516608,0.9974081472028047
LON-01,B3,2100,maia3-79m,4,a2a3,a3,0.11309283971786499,0.9974081472028047,0.5896478661971573,433,67,500,r1b1kb1r/1p2pppp/1pn2n2/3p4/2pP1B2/2P1PN2/PP3PPP/RN2KB1R w KQkq -,MODEL_PREDICTION_NOT_EMPIRICAL,cuda,on,2.11.0+cu128,12.8,NVIDIA GeForce RTX 3090,7.55442660022527,632516608,0.9974081472028047
LON-01,B3,2100,maia3-79m,5,f3e5,Ne5,0.02771458961069584,0.9974081472028047,0.5896478661971573,423,67,510,r1b1kb1r/1p2pppp/1pn2n2/3p4/2pP1B2/2P1PN2/PP3PPP/RN2KB1R w KQkq -,MODEL_PREDICTION_NOT_EMPIRICAL,cuda,on,2.11.0+cu128,12.8,NVIDIA GeForce RTX 3090,7.55442660022527,632516608,0.9974081472028047
LON-01,B3,2100,maia3-79m,6,h2h3,h3,0.014378141611814499,0.9974081472028047,0.5896478661971573,422,65,513,r1b1kb1r/1p2pppp/1pn2n2/3p4/2pP1B2/2P1PN2/PP3PPP/RN2KB1R w KQkq -,MODEL_PREDICTION_NOT_EMPIRICAL,cuda,on,2.11.0+cu128,12.8,NVIDIA GeForce RTX 3090,7.55442660022527,632516608,0.9974081472028047
LON-01,B3,2100,maia3-79m,7,b2b3,b3,0.005900777410715818,0.9974081472028047,0.5896478661971573,243,42,715,r1b1kb1r/1p2pppp/1pn2n2/3p4/2pP1B2/2P1PN2/PP3PPP/RN2KB1R w KQkq -,MODEL_PREDICTION_NOT_EMPIRICAL,cuda,on,2.11.0+cu128,12.8,NVIDIA GeForce RTX 3090,7.55442660022527,632516608,0.9974081472028047
LON-01,B3,2100,maia3-79m,8,f4c7,Bc7,0.005207417067140341,0.9974081472028047,0.5896478661971573,395,50,555,r1b1kb1r/1p2pppp/1pn2n2/3p4/2pP1B2/2P1PN2/PP3PPP/RN2KB1R w KQkq -,MODEL_PREDICTION_NOT_EMPIRICAL,cuda,on,2.11.0+cu128,12.8,NVIDIA GeForce RTX 3090,7.55442660022527,632516608,0.9974081472028047
LON-01,B3,2100,maia3-79m,9,a2a4,a4,0.0033621613401919603,0.9974081472028047,0.5896478661971573,360,59,581,r1b1kb1r/1p2pppp/1pn2n2/3p4/2pP1B2/2P1PN2/PP3PPP/RN2KB1R w KQkq -,MODEL_PREDICTION_NOT_EMPIRICAL,cuda,on,2.11.0+cu128,12.8,NVIDIA GeForce RTX 3090,7.55442660022527,632516608,0.9974081472028047
LON-01,B3,2100,maia3-79m,10,g2g3,g3,0.0013063950464129448,0.9974081472028047,0.5896478661971573,416,63,521,r1b1kb1r/1p2pppp/1pn2n2/3p4/2pP1B2/2P1PN2/PP3PPP/RN2KB1R w KQkq -,MODEL_PREDICTION_NOT_EMPIRICAL,cuda,on,2.11.0+cu128,12.8,NVIDIA GeForce RTX 3090,7.55442660022527,632516608,0.9974081472028047
LON-03,B3,1100,maia3-79m,1,f1e2,Be2,0.3554569482803345,0.972285354975611,0.7597762122171926,462,44,494,r1b1kb1r/1p2pppp/2n2n2/1p1p4/2pP1B2/2P1PN2/PP1N1PPP/R3KB1R w KQkq -,MODEL_PREDICTION_NOT_EMPIRICAL,cuda,on,2.11.0+cu128,12.8,NVIDIA GeForce RTX 3090,7.55442660022527,632516608,0.972285354975611
LON-03,B3,1100,maia3-79m,2,b2b3,b3,0.2089623510837555,0.972285354975611,0.7597762122171926,422,44,534,r1b1kb1r/1p2pppp/2n2n2/1p1p4/2pP1B2/2P1PN2/PP1N1PPP/R3KB1R w KQkq -,MODEL_PREDICTION_NOT_EMPIRICAL,cuda,on,2.11.0+cu128,12.8,NVIDIA GeForce RTX 3090,7.55442660022527,632516608,0.972285354975611
LON-03,B3,1100,maia3-79m,3,f3e5,Ne5,0.1679059863090515,0.972285354975611,0.7597762122171926,459,48,493,r1b1kb1r/1p2pppp/2n2n2/1p1p4/2pP1B2/2P1PN2/PP1N1PPP/R3KB1R w KQkq -,MODEL_PREDICTION_NOT_EMPIRICAL,cuda,on,2.11.0+cu128,12.8,NVIDIA GeForce RTX 3090,7.55442660022527,632516608,0.972285354975611
LON-03,B3,1100,maia3-79m,4,e1c1,O-O-O,0.07221546024084091,0.972285354975611,0.7597762122171926,326,35,639,r1b1kb1r/1p2pppp/2n2n2/1p1p4/2pP1B2/2P1PN2/PP1N1PPP/R3KB1R w KQkq -,MODEL_PREDICTION_NOT_EMPIRICAL,cuda,on,2.11.0+cu128,12.8,NVIDIA GeForce RTX 3090,7.55442660022527,632516608,0.972285354975611
LON-03,B3,1100,maia3-79m,5,a2a3,a3,0.056241463869810104,0.972285354975611,0.7597762122171926,449,47,504,r1b1kb1r/1p2pppp/2n2n2/1p1p4/2pP1B2/2P1PN2/PP1N1PPP/R3KB1R w KQkq -,MODEL_PREDICTION_NOT_EMPIRICAL,cuda,on,2.11.0+cu128,12.8,NVIDIA GeForce RTX 3090,7.55442660022527,632516608,0.972285354975611
LON-03,B3,1100,maia3-79m,6,b2b4,b4,0.041147131472826004,0.972285354975611,0.7597762122171926,407,43,550,r1b1kb1r/1p2pppp/2n2n2/1p1p4/2pP1B2/2P1PN2/PP1N1PPP/R3KB1R w KQkq -,MODEL_PREDICTION_NOT_EMPIRICAL,cuda,on,2.11.0+cu128,12.8,NVIDIA GeForce RTX 3090,7.55442660022527,632516608,0.972285354975611
LON-03,B3,1100,maia3-79m,7,g2g3,g3,0.0330626480281353,0.972285354975611,0.7597762122171926,446,44,510,r1b1kb1r/1p2pppp/2n2n2/1p1p4/2pP1B2/2P1PN2/PP1N1PPP/R3KB1R w KQkq -,MODEL_PREDICTION_NOT_EMPIRICAL,cuda,on,2.11.0+cu128,12.8,NVIDIA GeForce RTX 3090,7.55442660022527,632516608,0.972285354975611
LON-03,B3,1100,maia3-79m,8,h2h3,h3,0.020369306206703186,0.972285354975611,0.7597762122171926,449,44,507,r1b1kb1r/1p2pppp/2n2n2/1p1p4/2pP1B2/2P1PN2/PP1N1PPP/R3KB1R w KQkq -,MODEL_PREDICTION_NOT_EMPIRICAL,cuda,on,2.11.0+cu128,12.8,NVIDIA GeForce RTX 3090,7.55442660022527,632516608,0.972285354975611
LON-03,B3,1100,maia3-79m,9,e3e4,e4,0.010902903974056244,0.972285354975611,0.7597762122171926,423,43,534,r1b1kb1r/1p2pppp/2n2n2/1p1p4/2pP1B2/2P1PN2/PP1N1PPP/R3KB1R w KQkq -,MODEL_PREDICTION_NOT_EMPIRICAL,cuda,on,2.11.0+cu128,12.8,NVIDIA GeForce RTX 3090,7.55442660022527,632516608,0.972285354975611
LON-03,B3,1100,maia3-79m,10,a2a4,a4,0.006021155510097742,0.972285354975611,0.7597762122171926,385,45,570,r1b1kb1r/1p2pppp/2n2n2/1p1p4/2pP1B2/2P1PN2/PP1N1PPP/R3KB1R w KQkq -,MODEL_PREDICTION_NOT_EMPIRICAL,cuda,on,2.11.0+cu128,12.8,NVIDIA GeForce RTX 3090,7.55442660022527,632516608,0.972285354975611
LON-03,B3,1300,maia3-79m,1,f1e2,Be2,0.4532800316810608,0.9772857851348817,0.6827600167642549,443,45,512,r1b1kb1r/1p2pppp/2n2n2/1p1p4/2pP1B2/2P1PN2/PP1N1PPP/R3KB1R w KQkq -,MODEL_PREDICTION_NOT_EMPIRICAL,cuda,on,2.11.0+cu128,12.8,NVIDIA GeForce RTX 3090,7.55442660022527,632516608,0.9772857851348817
LON-03,B3,1300,maia3-79m,2,b2b3,b3,0.18895523250102997,0.9772857851348817,0.6827600167642549,392,44,564,r1b1kb1r/1p2pppp/2n2n2/1p1p4/2pP1B2/2P1PN2/PP1N1PPP/R3KB1R w KQkq -,MODEL_PREDICTION_NOT_EMPIRICAL,cuda,on,2.11.0+cu128,12.8,NVIDIA GeForce RTX 3090,7.55442660022527,632516608,0.9772857851348817
LON-03,B3,1300,maia3-79m,3,f3e5,Ne5,0.16162198781967163,0.9772857851348817,0.6827600167642549,436,49,515,r1b1kb1r/1p2pppp/2n2n2/1p1p4/2pP1B2/2P1PN2/PP1N1PPP/R3KB1R w KQkq -,MODEL_PREDICTION_NOT_EMPIRICAL,cuda,on,2.11.0+cu128,12.8,NVIDIA GeForce RTX 3090,7.55442660022527,632516608,0.9772857851348817
LON-03,B3,1300,maia3-79m,4,a2a3,a3,0.05853560194373131,0.9772857851348817,0.6827600167642549,424,47,529,r1b1kb1r/1p2pppp/2n2n2/1p1p4/2pP1B2/2P1PN2/PP1N1PPP/R3KB1R w KQkq -,MODEL_PREDICTION_NOT_EMPIRICAL,cuda,on,2.11.0+cu128,12.8,NVIDIA GeForce RTX 3090,7.55442660022527,632516608,0.9772857851348817
LON-03,B3,1300,maia3-79m,5,g2g3,g3,0.03133184835314751,0.9772857851348817,0.6827600167642549,428,44,528,r1b1kb1r/1p2pppp/2n2n2/1p1p4/2pP1B2/2P1PN2/PP1N1PPP/R3KB1R w KQkq -,MODEL_PREDICTION_NOT_EMPIRICAL,cuda,on,2.11.0+cu128,12.8,NVIDIA GeForce RTX 3090,7.55442660022527,632516608,0.9772857851348817
LON-03,B3,1300,maia3-79m,6,b2b4,b4,0.026384059339761734,0.9772857851348817,0.6827600167642549,382,41,577,r1b1kb1r/1p2pppp/2n2n2/1p1p4/2pP1B2/2P1PN2/PP1N1PPP/R3KB1R w KQkq -,MODEL_PREDICTION_NOT_EMPIRICAL,cuda,on,2.11.0+cu128,12.8,NVIDIA GeForce RTX 3090,7.55442660022527,632516608,0.9772857851348817
LON-03,B3,1300,maia3-79m,7,e1c1,O-O-O,0.02292286977171898,0.9772857851348817,0.6827600167642549,283,33,684,r1b1kb1r/1p2pppp/2n2n2/1p1p4/2pP1B2/2P1PN2/PP1N1PPP/R3KB1R w KQkq -,MODEL_PREDICTION_NOT_EMPIRICAL,cuda,on,2.11.0+cu128,12.8,NVIDIA GeForce RTX 3090,7.55442660022527,632516608,0.9772857851348817
LON-03,B3,1300,maia3-79m,8,h2h3,h3,0.021200191229581833,0.9772857851348817,0.6827600167642549,426,44,530,r1b1kb1r/1p2pppp/2n2n2/1p1p4/2pP1B2/2P1PN2/PP1N1PPP/R3KB1R w KQkq -,MODEL_PREDICTION_NOT_EMPIRICAL,cuda,on,2.11.0+cu128,12.8,NVIDIA GeForce RTX 3090,7.55442660022527,632516608,0.9772857851348817
LON-03,B3,1300,maia3-79m,9,e3e4,e4,0.008173401467502117,0.9772857851348817,0.6827600167642549,408,43,549,r1b1kb1r/1p2pppp/2n2n2/1p1p4/2pP1B2/2P1PN2/PP1N1PPP/R3KB1R w KQkq -,MODEL_PREDICTION_NOT_EMPIRICAL,cuda,on,2.11.0+cu128,12.8,NVIDIA GeForce RTX 3090,7.55442660022527,632516608,0.9772857851348817
LON-03,B3,1300,maia3-79m,10,a2a4,a4,0.004880561027675867,0.9772857851348817,0.6827600167642549,360,46,594,r1b1kb1r/1p2pppp/2n2n2/1p1p4/2pP1B2/2P1PN2/PP1N1PPP/R3KB1R w KQkq -,MODEL_PREDICTION_NOT_EMPIRICAL,cuda,on,2.11.0+cu128,12.8,NVIDIA GeForce RTX 3090,7.55442660022527,632516608,0.9772857851348817
LON-03,B3,1500,maia3-79m,1,f1e2,Be2,0.5149213075637817,0.9813473783433437,0.6371102771182715,420,47,533,r1b1kb1r/1p2pppp/2n2n2/1p1p4/2pP1B2/2P1PN2/PP1N1PPP/R3KB1R w KQkq -,MODEL_PREDICTION_NOT_EMPIRICAL,cuda,on,2.11.0+cu128,12.8,NVIDIA GeForce RTX 3090,7.55442660022527,632516608,0.9813473783433437
LON-03,B3,1500,maia3-79m,2,b2b3,b3,0.15704211592674255,0.9813473783433437,0.6371102771182715,371,45,584,r1b1kb1r/1p2pppp/2n2n2/1p1p4/2pP1B2/2P1PN2/PP1N1PPP/R3KB1R w KQkq -,MODEL_PREDICTION_NOT_EMPIRICAL,cuda,on,2.11.0+cu128,12.8,NVIDIA GeForce RTX 3090,7.55442660022527,632516608,0.9813473783433437
LON-03,B3,1500,maia3-79m,3,f3e5,Ne5,0.14524021744728088,0.9813473783433437,0.6371102771182715,419,52,529,r1b1kb1r/1p2pppp/2n2n2/1p1p4/2pP1B2/2P1PN2/PP1N1PPP/R3KB1R w KQkq -,MODEL_PREDICTION_NOT_EMPIRICAL,cuda,on,2.11.0+cu128,12.8,NVIDIA GeForce RTX 3090,7.55442660022527,632516608,0.9813473783433437
LON-03,B3,1500,maia3-79m,4,a2a3,a3,0.0741814523935318,0.9813473783433437,0.6371102771182715,399,49,552,r1b1kb1r/1p2pppp/2n2n2/1p1p4/2pP1B2/2P1PN2/PP1N1PPP/R3KB1R w KQkq -,MODEL_PREDICTION_NOT_EMPIRICAL,cuda,on,2.11.0+cu128,12.8,NVIDIA GeForce RTX 3090,7.55442660022527,632516608,0.9813473783433437
LON-03,B3,1500,maia3-79m,5,g2g3,g3,0.028599495068192482,0.9813473783433437,0.6371102771182715,408,47,545,r1b1kb1r/1p2pppp/2n2n2/1p1p4/2pP1B2/2P1PN2/PP1N1PPP/R3KB1R w KQkq -,MODEL_PREDICTION_NOT_EMPIRICAL,cuda,on,2.11.0+cu128,12.8,NVIDIA GeForce RTX 3090,7.55442660022527,632516608,0.9813473783433437
LON-03,B3,1500,maia3-79m,6,h2h3,h3,0.023342227563261986,0.9813473783433437,0.6371102771182715,405,47,548,r1b1kb1r/1p2pppp/2n2n2/1p1p4/2pP1B2/2P1PN2/PP1N1PPP/R3KB1R w KQkq -,MODEL_PREDICTION_NOT_EMPIRICAL,cuda,on,2.11.0+cu128,12.8,NVIDIA GeForce RTX 3090,7.55442660022527,632516608,0.9813473783433437
LON-03,B3,1500,maia3-79m,7,b2b4,b4,0.018178945407271385,0.9813473783433437,0.6371102771182715,365,43,592,r1b1kb1r/1p2pppp/2n2n2/1p1p4/2pP1B2/2P1PN2/PP1N1PPP/R3KB1R w KQkq -,MODEL_PREDICTION_NOT_EMPIRICAL,cuda,on,2.11.0+cu128,12.8,NVIDIA GeForce RTX 3090,7.55442660022527,632516608,0.9813473783433437
LON-03,B3,1500,maia3-79m,8,e3e4,e4,0.007941792719066143,0.9813473783433437,0.6371102771182715,399,45,556,r1b1kb1r/1p2pppp/2n2n2/1p1p4/2pP1B2/2P1PN2/PP1N1PPP/R3KB1R w KQkq -,MODEL_PREDICTION_NOT_EMPIRICAL,cuda,on,2.11.0+cu128,12.8,NVIDIA GeForce RTX 3090,7.55442660022527,632516608,0.9813473783433437
LON-03,B3,1500,maia3-79m,9,e1c1,O-O-O,0.00723108509555459,0.9813473783433437,0.6371102771182715,249,32,719,r1b1kb1r/1p2pppp/2n2n2/1p1p4/2pP1B2/2P1PN2/PP1N1PPP/R3KB1R w KQkq -,MODEL_PREDICTION_NOT_EMPIRICAL,cuda,on,2.11.0+cu128,12.8,NVIDIA GeForce RTX 3090,7.55442660022527,632516608,0.9813473783433437
LON-03,B3,1500,maia3-79m,10,a2a4,a4,0.004668739158660173,0.9813473783433437,0.6371102771182715,342,48,610,r1b1kb1r/1p2pppp/2n2n2/1p1p4/2pP1B2/2P1PN2/PP1N1PPP/R3KB1R w KQkq -,MODEL_PREDICTION_NOT_EMPIRICAL,cuda,on,2.11.0+cu128,12.8,NVIDIA GeForce RTX 3090,7.55442660022527,632516608,0.9813473783433437
LON-03,B3,1700,maia3-79m,1,f1e2,Be2,0.55068039894104,0.9857392630074173,0.6145393769520968,400,52,548,r1b1kb1r/1p2pppp/2n2n2/1p1p4/2pP1B2/2P1PN2/PP1N1PPP/R3KB1R w KQkq -,MODEL_PREDICTION_NOT_EMPIRICAL,cuda,on,2.11.0+cu128,12.8,NVIDIA GeForce RTX 3090,7.55442660022527,632516608,0.9857392630074173
LON-03,B3,1700,maia3-79m,2,f3e5,Ne5,0.12877023220062256,0.9857392630074173,0.6145393769520968,405,55,540,r1b1kb1r/1p2pppp/2n2n2/1p1p4/2pP1B2/2P1PN2/PP1N1PPP/R3KB1R w KQkq -,MODEL_PREDICTION_NOT_EMPIRICAL,cuda,on,2.11.0+cu128,12.8,NVIDIA GeForce RTX 3090,7.55442660022527,632516608,0.9857392630074173
LON-03,B3,1700,maia3-79m,3,b2b3,b3,0.1154288798570633,0.9857392630074173,0.6145393769520968,356,49,595,r1b1kb1r/1p2pppp/2n2n2/1p1p4/2pP1B2/2P1PN2/PP1N1PPP/R3KB1R w KQkq -,MODEL_PREDICTION_NOT_EMPIRICAL,cuda,on,2.11.0+cu128,12.8,NVIDIA GeForce RTX 3090,7.55442660022527,632516608,0.9857392630074173
LON-03,B3,1700,maia3-79m,4,a2a3,a3,0.11014300584793091,0.9857392630074173,0.6145393769520968,369,53,578,r1b1kb1r/1p2pppp/2n2n2/1p1p4/2pP1B2/2P1PN2/PP1N1PPP/R3KB1R w KQkq -,MODEL_PREDICTION_NOT_EMPIRICAL,cuda,on,2.11.0+cu128,12.8,NVIDIA GeForce RTX 3090,7.55442660022527,632516608,0.9857392630074173
LON-03,B3,1700,maia3-79m,5,h2h3,h3,0.025755666196346283,0.9857392630074173,0.6145393769520968,388,51,561,r1b1kb1r/1p2pppp/2n2n2/1p1p4/2pP1B2/2P1PN2/PP1N1PPP/R3KB1R w KQkq -,MODEL_PREDICTION_NOT_EMPIRICAL,cuda,on,2.11.0+cu128,12.8,NVIDIA GeForce RTX 3090,7.55442660022527,632516608,0.9857392630074173
LON-03,B3,1700,maia3-79m,6,g2g3,g3,0.02272929437458515,0.9857392630074173,0.6145393769520968,384,52,564,r1b1kb1r/1p2pppp/2n2n2/1p1p4/2pP1B2/2P1PN2/PP1N1PPP/R3KB1R w KQkq -,MODEL_PREDICTION_NOT_EMPIRICAL,cuda,on,2.11.0+cu128,12.8,NVIDIA GeForce RTX 3090,7.55442660022527,632516608,0.9857392630074173
LON-03,B3,1700,maia3-79m,7,b2b4,b4,0.015140973962843418,0.9857392630074173,0.6145393769520968,350,46,604,r1b1kb1r/1p2pppp/2n2n2/1p1p4/2pP1B2/2P1PN2/PP1N1PPP/R3KB1R w KQkq -,MODEL_PREDICTION_NOT_EMPIRICAL,cuda,on,2.11.0+cu128,12.8,NVIDIA GeForce RTX 3090,7.55442660022527,632516608,0.9857392630074173
LON-03,B3,1700,maia3-79m,8,e3e4,e4,0.009328083135187626,0.9857392630074173,0.6145393769520968,390,49,561,r1b1kb1r/1p2pppp/2n2n2/1p1p4/2pP1B2/2P1PN2/PP1N1PPP/R3KB1R w KQkq -,MODEL_PREDICTION_NOT_EMPIRICAL,cuda,on,2.11.0+cu128,12.8,NVIDIA GeForce RTX 3090,7.55442660022527,632516608,0.9857392630074173
LON-03,B3,1700,maia3-79m,9,a2a4,a4,0.004304203670471907,0.9857392630074173,0.6145393769520968,329,50,621,r1b1kb1r/1p2pppp/2n2n2/1p1p4/2pP1B2/2P1PN2/PP1N1PPP/R3KB1R w KQkq -,MODEL_PREDICTION_NOT_EMPIRICAL,cuda,on,2.11.0+cu128,12.8,NVIDIA GeForce RTX 3090,7.55442660022527,632516608,0.9857392630074173
LON-03,B3,1700,maia3-79m,10,e1e2,Ke2,0.0034585248213261366,0.9857392630074173,0.6145393769520968,338,47,615,r1b1kb1r/1p2pppp/2n2n2/1p1p4/2pP1B2/2P1PN2/PP1N1PPP/R3KB1R w KQkq -,MODEL_PREDICTION_NOT_EMPIRICAL,cuda,on,2.11.0+cu128,12.8,NVIDIA GeForce RTX 3090,7.55442660022527,632516608,0.9857392630074173
LON-03,B3,1900,maia3-79m,1,f1e2,Be2,0.544369637966156,0.9888153169304132,0.6033456617316006,389,57,554,r1b1kb1r/1p2pppp/2n2n2/1p1p4/2pP1B2/2P1PN2/PP1N1PPP/R3KB1R w KQkq -,MODEL_PREDICTION_NOT_EMPIRICAL,cuda,on,2.11.0+cu128,12.8,NVIDIA GeForce RTX 3090,7.55442660022527,632516608,0.9888153169304132
LON-03,B3,1900,maia3-79m,2,a2a3,a3,0.1767309457063675,0.9888153169304132,0.6033456617316006,344,57,599,r1b1kb1r/1p2pppp/2n2n2/1p1p4/2pP1B2/2P1PN2/PP1N1PPP/R3KB1R w KQkq -,MODEL_PREDICTION_NOT_EMPIRICAL,cuda,on,2.11.0+cu128,12.8,NVIDIA GeForce RTX 3090,7.55442660022527,632516608,0.9888153169304132
LON-03,B3,1900,maia3-79m,3,f3e5,Ne5,0.12532101571559906,0.9888153169304132,0.6033456617316006,392,58,550,r1b1kb1r/1p2pppp/2n2n2/1p1p4/2pP1B2/2P1PN2/PP1N1PPP/R3KB1R w KQkq -,MODEL_PREDICTION_NOT_EMPIRICAL,cuda,on,2.11.0+cu128,12.8,NVIDIA GeForce RTX 3090,7.55442660022527,632516608,0.9888153169304132
LON-03,B3,1900,maia3-79m,4,b2b3,b3,0.06813585758209229,0.9888153169304132,0.6033456617316006,341,52,607,r1b1kb1r/1p2pppp/2n2n2/1p1p4/2pP1B2/2P1PN2/PP1N1PPP/R3KB1R w KQkq -,MODEL_PREDICTION_NOT_EMPIRICAL,cuda,on,2.11.0+cu128,12.8,NVIDIA GeForce RTX 3090,7.55442660022527,632516608,0.9888153169304132
LON-03,B3,1900,maia3-79m,5,h2h3,h3,0.02752937190234661,0.9888153169304132,0.6033456617316006,373,56,571,r1b1kb1r/1p2pppp/2n2n2/1p1p4/2pP1B2/2P1PN2/PP1N1PPP/R3KB1R w KQkq -,MODEL_PREDICTION_NOT_EMPIRICAL,cuda,on,2.11.0+cu128,12.8,NVIDIA GeForce RTX 3090,7.55442660022527,632516608,0.9888153169304132
LON-03,B3,1900,maia3-79m,6,g2g3,g3,0.015442579053342342,0.9888153169304132,0.6033456617316006,369,56,575,r1b1kb1r/1p2pppp/2n2n2/1p1p4/2pP1B2/2P1PN2/PP1N1PPP/R3KB1R w KQkq -,MODEL_PREDICTION_NOT_EMPIRICAL,cuda,on,2.11.0+cu128,12.8,NVIDIA GeForce RTX 3090,7.55442660022527,632516608,0.9888153169304132
LON-03,B3,1900,maia3-79m,7,b2b4,b4,0.014060628600418568,0.9888153169304132,0.6033456617316006,339,49,612,r1b1kb1r/1p2pppp/2n2n2/1p1p4/2pP1B2/2P1PN2/PP1N1PPP/R3KB1R w KQkq -,MODEL_PREDICTION_NOT_EMPIRICAL,cuda,on,2.11.0+cu128,12.8,NVIDIA GeForce RTX 3090,7.55442660022527,632516608,0.9888153169304132
LON-03,B3,1900,maia3-79m,8,e3e4,e4,0.0111228721216321,0.9888153169304132,0.6033456617316006,378,52,570,r1b1kb1r/1p2pppp/2n2n2/1p1p4/2pP1B2/2P1PN2/PP1N1PPP/R3KB1R w KQkq -,MODEL_PREDICTION_NOT_EMPIRICAL,cuda,on,2.11.0+cu128,12.8,NVIDIA GeForce RTX 3090,7.55442660022527,632516608,0.9888153169304132
LON-03,B3,1900,maia3-79m,9,a2a4,a4,0.0034188905265182257,0.9888153169304132,0.6033456617316006,316,54,630,r1b1kb1r/1p2pppp/2n2n2/1p1p4/2pP1B2/2P1PN2/PP1N1PPP/R3KB1R w KQkq -,MODEL_PREDICTION_NOT_EMPIRICAL,cuda,on,2.11.0+cu128,12.8,NVIDIA GeForce RTX 3090,7.55442660022527,632516608,0.9888153169304132
LON-03,B3,1900,maia3-79m,10,e1e2,Ke2,0.0026835177559405565,0.9888153169304132,0.6033456617316006,322,50,628,r1b1kb1r/1p2pppp/2n2n2/1p1p4/2pP1B2/2P1PN2/PP1N1PPP/R3KB1R w KQkq -,MODEL_PREDICTION_NOT_EMPIRICAL,cuda,on,2.11.0+cu128,12.8,NVIDIA GeForce RTX 3090,7.55442660022527,632516608,0.9888153169304132
LON-03,B3,2100,maia3-79m,1,f1e2,Be2,0.4724372923374176,0.9891985997091979,0.6134249478849146,386,67,547,r1b1kb1r/1p2pppp/2n2n2/1p1p4/2pP1B2/2P1PN2/PP1N1PPP/R3KB1R w KQkq -,MODEL_PREDICTION_NOT_EMPIRICAL,cuda,on,2.11.0+cu128,12.8,NVIDIA GeForce RTX 3090,7.55442660022527,632516608,0.9891985997091979
LON-03,B3,2100,maia3-79m,2,a2a3,a3,0.25287747383117676,0.9891985997091979,0.6134249478849146,331,64,605,r1b1kb1r/1p2pppp/2n2n2/1p1p4/2pP1B2/2P1PN2/PP1N1PPP/R3KB1R w KQkq -,MODEL_PREDICTION_NOT_EMPIRICAL,cuda,on,2.11.0+cu128,12.8,NVIDIA GeForce RTX 3090,7.55442660022527,632516608,0.9891985997091979
LON-03,B3,2100,maia3-79m,3,f3e5,Ne5,0.1533779352903366,0.9891985997091979,0.6134249478849146,389,67,544,r1b1kb1r/1p2pppp/2n2n2/1p1p4/2pP1B2/2P1PN2/PP1N1PPP/R3KB1R w KQkq -,MODEL_PREDICTION_NOT_EMPIRICAL,cuda,on,2.11.0+cu128,12.8,NVIDIA GeForce RTX 3090,7.55442660022527,632516608,0.9891985997091979
LON-03,B3,2100,maia3-79m,4,b2b3,b3,0.03878001496195793,0.9891985997091979,0.6134249478849146,332,58,610,r1b1kb1r/1p2pppp/2n2n2/1p1p4/2pP1B2/2P1PN2/PP1N1PPP/R3KB1R w KQkq -,MODEL_PREDICTION_NOT_EMPIRICAL,cuda,on,2.11.0+cu128,12.8,NVIDIA GeForce RTX 3090,7.55442660022527,632516608,0.9891985997091979
LON-03,B3,2100,maia3-79m,5,h2h3,h3,0.028372064232826233,0.9891985997091979,0.6134249478849146,367,66,567,r1b1kb1r/1p2pppp/2n2n2/1p1p4/2pP1B2/2P1PN2/PP1N1PPP/R3KB1R w KQkq -,MODEL_PREDICTION_NOT_EMPIRICAL,cuda,on,2.11.0+cu128,12.8,NVIDIA GeForce RTX 3090,7.55442660022527,632516608,0.9891985997091979
LON-03,B3,2100,maia3-79m,6,b2b4,b4,0.015186472795903683,0.9891985997091979,0.6134249478849146,331,57,612,r1b1kb1r/1p2pppp/2n2n2/1p1p4/2pP1B2/2P1PN2/PP1N1PPP/R3KB1R w KQkq -,MODEL_PREDICTION_NOT_EMPIRICAL,cuda,on,2.11.0+cu128,12.8,NVIDIA GeForce RTX 3090,7.55442660022527,632516608,0.9891985997091979
LON-03,B3,2100,maia3-79m,7,e3e4,e4,0.01471923477947712,0.9891985997091979,0.6134249478849146,364,58,578,r1b1kb1r/1p2pppp/2n2n2/1p1p4/2pP1B2/2P1PN2/PP1N1PPP/R3KB1R w KQkq -,MODEL_PREDICTION_NOT_EMPIRICAL,cuda,on,2.11.0+cu128,12.8,NVIDIA GeForce RTX 3090,7.55442660022527,632516608,0.9891985997091979
LON-03,B3,2100,maia3-79m,8,g2g3,g3,0.008518838323652744,0.9891985997091979,0.6134249478849146,370,65,565,r1b1kb1r/1p2pppp/2n2n2/1p1p4/2pP1B2/2P1PN2/PP1N1PPP/R3KB1R w KQkq -,MODEL_PREDICTION_NOT_EMPIRICAL,cuda,on,2.11.0+cu128,12.8,NVIDIA GeForce RTX 3090,7.55442660022527,632516608,0.9891985997091979
LON-03,B3,2100,maia3-79m,9,f4g5,Bg5,0.0026184760499745607,0.9891985997091979,0.6134249478849146,363,63,574,r1b1kb1r/1p2pppp/2n2n2/1p1p4/2pP1B2/2P1PN2/PP1N1PPP/R3KB1R w KQkq -,MODEL_PREDICTION_NOT_EMPIRICAL,cuda,on,2.11.0+cu128,12.8,NVIDIA GeForce RTX 3090,7.55442660022527,632516608,0.9891985997091979
LON-03,B3,2100,maia3-79m,10,a2a4,a4,0.002310797106474638,0.9891985997091979,0.6134249478849146,313,62,625,r1b1kb1r/1p2pppp/2n2n2/1p1p4/2pP1B2/2P1PN2/PP1N1PPP/R3KB1R w KQkq -,MODEL_PREDICTION_NOT_EMPIRICAL,cuda,on,2.11.0+cu128,12.8,NVIDIA GeForce RTX 3090,7.55442660022527,632516608,0.9891985997091979
LON-05,B3,1100,maia3-79m,1,b1c3,Nc3,0.42862316966056824,0.9674609499052167,0.6727602676055532,458,22,520,r3kb1r/pp2pppp/1qn2n2/3p1b2/3P1B2/4PN2/PP3PPP/RNQ1KB1R w KQkq -,MODEL_PREDICTION_NOT_EMPIRICAL,cuda,on,2.11.0+cu128,12.8,NVIDIA GeForce RTX 3090,7.55442660022527,632516608,0.9674609499052167
LON-05,B3,1100,maia3-79m,2,b1d2,Nbd2,0.27244946360588074,0.9674609499052167,0.6727602676055532,413,22,565,r3kb1r/pp2pppp/1qn2n2/3p1b2/3P1B2/4PN2/PP3PPP/RNQ1KB1R w KQkq -,MODEL_PREDICTION_NOT_EMPIRICAL,cuda,on,2.11.0+cu128,12.8,NVIDIA GeForce RTX 3090,7.55442660022527,632516608,0.9674609499052167
LON-05,B3,1100,maia3-79m,3,f1e2,Be2,0.09714484959840775,0.9674609499052167,0.6727602676055532,473,24,503,r3kb1r/pp2pppp/1qn2n2/3p1b2/3P1B2/4PN2/PP3PPP/RNQ1KB1R w KQkq -,MODEL_PREDICTION_NOT_EMPIRICAL,cuda,on,2.11.0+cu128,12.8,NVIDIA GeForce RTX 3090,7.55442660022527,632516608,0.9674609499052167
LON-05,B3,1100,maia3-79m,4,f3e5,Ne5,0.0431077666580677,0.9674609499052167,0.6727602676055532,412,22,566,r3kb1r/pp2pppp/1qn2n2/3p1b2/3P1B2/4PN2/PP3PPP/RNQ1KB1R w KQkq -,MODEL_PREDICTION_NOT_EMPIRICAL,cuda,on,2.11.0+cu128,12.8,NVIDIA GeForce RTX 3090,7.55442660022527,632516608,0.9674609499052167
LON-05,B3,1100,maia3-79m,5,a2a3,a3,0.04243944212794304,0.9674609499052167,0.6727602676055532,457,22,521,r3kb1r/pp2pppp/1qn2n2/3p1b2/3P1B2/4PN2/PP3PPP/RNQ1KB1R w KQkq -,MODEL_PREDICTION_NOT_EMPIRICAL,cuda,on,2.11.0+cu128,12.8,NVIDIA GeForce RTX 3090,7.55442660022527,632516608,0.9674609499052167
LON-05,B3,1100,maia3-79m,6,b1a3,Na3,0.02740096114575863,0.9674609499052167,0.6727602676055532,394,22,584,r3kb1r/pp2pppp/1qn2n2/3p1b2/3P1B2/4PN2/PP3PPP/RNQ1KB1R w KQkq -,MODEL_PREDICTION_NOT_EMPIRICAL,cuda,on,2.11.0+cu128,12.8,NVIDIA GeForce RTX 3090,7.55442660022527,632516608,0.9674609499052167
LON-05,B3,1100,maia3-79m,7,b2b3,b3,0.021675944328308105,0.9674609499052167,0.6727602676055532,400,22,578,r3kb1r/pp2pppp/1qn2n2/3p1b2/3P1B2/4PN2/PP3PPP/RNQ1KB1R w KQkq -,MODEL_PREDICTION_NOT_EMPIRICAL,cuda,on,2.11.0+cu128,12.8,NVIDIA GeForce RTX 3090,7.55442660022527,632516608,0.9674609499052167
LON-05,B3,1100,maia3-79m,8,f3h4,Nh4,0.013564459048211575,0.9674609499052167,0.6727602676055532,475,21,504,r3kb1r/pp2pppp/1qn2n2/3p1b2/3P1B2/4PN2/PP3PPP/RNQ1KB1R w KQkq -,MODEL_PREDICTION_NOT_EMPIRICAL,cuda,on,2.11.0+cu128,12.8,NVIDIA GeForce RTX 3090,7.55442660022527,632516608,0.9674609499052167
LON-05,B3,1100,maia3-79m,9,c1d2,Qd2,0.012159103527665138,0.9674609499052167,0.6727602676055532,334,19,647,r3kb1r/pp2pppp/1qn2n2/3p1b2/3P1B2/4PN2/PP3PPP/RNQ1KB1R w KQkq -,MODEL_PREDICTION_NOT_EMPIRICAL,cuda,on,2.11.0+cu128,12.8,NVIDIA GeForce RTX 3090,7.55442660022527,632516608,0.9674609499052167
LON-05,B3,1100,maia3-79m,10,h2h3,h3,0.008895790204405785,0.9674609499052167,0.6727602676055532,421,22,557,r3kb1r/pp2pppp/1qn2n2/3p1b2/3P1B2/4PN2/PP3PPP/RNQ1KB1R w KQkq -,MODEL_PREDICTION_NOT_EMPIRICAL,cuda,on,2.11.0+cu128,12.8,NVIDIA GeForce RTX 3090,7.55442660022527,632516608,0.9674609499052167
LON-05,B3,1300,maia3-79m,1,b1c3,Nc3,0.4443616271018982,0.9791502407751977,0.6511647629473275,451,23,526,r3kb1r/pp2pppp/1qn2n2/3p1b2/3P1B2/4PN2/PP3PPP/RNQ1KB1R w KQkq -,MODEL_PREDICTION_NOT_EMPIRICAL,cuda,on,2.11.0+cu128,12.8,NVIDIA GeForce RTX 3090,7.55442660022527,632516608,0.9791502407751977
LON-05,B3,1300,maia3-79m,2,b1d2,Nbd2,0.2653404474258423,0.9791502407751977,0.6511647629473275,388,22,590,r3kb1r/pp2pppp/1qn2n2/3p1b2/3P1B2/4PN2/PP3PPP/RNQ1KB1R w KQkq -,MODEL_PREDICTION_NOT_EMPIRICAL,cuda,on,2.11.0+cu128,12.8,NVIDIA GeForce RTX 3090,7.55442660022527,632516608,0.9791502407751977
LON-05,B3,1300,maia3-79m,3,f1e2,Be2,0.11591865867376328,0.9791502407751977,0.6511647629473275,462,24,514,r3kb1r/pp2pppp/1qn2n2/3p1b2/3P1B2/4PN2/PP3PPP/RNQ1KB1R w KQkq -,MODEL_PREDICTION_NOT_EMPIRICAL,cuda,on,2.11.0+cu128,12.8,NVIDIA GeForce RTX 3090,7.55442660022527,632516608,0.9791502407751977
LON-05,B3,1300,maia3-79m,4,a2a3,a3,0.06921818852424622,0.9791502407751977,0.6511647629473275,454,23,523,r3kb1r/pp2pppp/1qn2n2/3p1b2/3P1B2/4PN2/PP3PPP/RNQ1KB1R w KQkq -,MODEL_PREDICTION_NOT_EMPIRICAL,cuda,on,2.11.0+cu128,12.8,NVIDIA GeForce RTX 3090,7.55442660022527,632516608,0.9791502407751977
LON-05,B3,1300,maia3-79m,5,f3e5,Ne5,0.023185189813375473,0.9791502407751977,0.6511647629473275,392,22,586,r3kb1r/pp2pppp/1qn2n2/3p1b2/3P1B2/4PN2/PP3PPP/RNQ1KB1R w KQkq -,MODEL_PREDICTION_NOT_EMPIRICAL,cuda,on,2.11.0+cu128,12.8,NVIDIA GeForce RTX 3090,7.55442660022527,632516608,0.9791502407751977
LON-05,B3,1300,maia3-79m,6,b2b3,b3,0.017501099035143852,0.9791502407751977,0.6511647629473275,372,22,606,r3kb1r/pp2pppp/1qn2n2/3p1b2/3P1B2/4PN2/PP3PPP/RNQ1KB1R w KQkq -,MODEL_PREDICTION_NOT_EMPIRICAL,cuda,on,2.11.0+cu128,12.8,NVIDIA GeForce RTX 3090,7.55442660022527,632516608,0.9791502407751977
LON-05,B3,1300,maia3-79m,7,b1a3,Na3,0.017501099035143852,0.9791502407751977,0.6511647629473275,370,22,608,r3kb1r/pp2pppp/1qn2n2/3p1b2/3P1B2/4PN2/PP3PPP/RNQ1KB1R w KQkq -,MODEL_PREDICTION_NOT_EMPIRICAL,cuda,on,2.11.0+cu128,12.8,NVIDIA GeForce RTX 3090,7.55442660022527,632516608,0.9791502407751977
LON-05,B3,1300,maia3-79m,8,f3h4,Nh4,0.010951908305287361,0.9791502407751977,0.6511647629473275,474,22,504,r3kb1r/pp2pppp/1qn2n2/3p1b2/3P1B2/4PN2/PP3PPP/RNQ1KB1R w KQkq -,MODEL_PREDICTION_NOT_EMPIRICAL,cuda,on,2.11.0+cu128,12.8,NVIDIA GeForce RTX 3090,7.55442660022527,632516608,0.9791502407751977
LON-05,B3,1300,maia3-79m,9,c1d2,Qd2,0.008529354818165302,0.9791502407751977,0.6511647629473275,322,20,658,r3kb1r/pp2pppp/1qn2n2/3p1b2/3P1B2/4PN2/PP3PPP/RNQ1KB1R w KQkq -,MODEL_PREDICTION_NOT_EMPIRICAL,cuda,on,2.11.0+cu128,12.8,NVIDIA GeForce RTX 3090,7.55442660022527,632516608,0.9791502407751977
LON-05,B3,1300,maia3-79m,10,a2a4,a4,0.006642668042331934,0.9791502407751977,0.6511647629473275,433,21,546,r3kb1r/pp2pppp/1qn2n2/3p1b2/3P1B2/4PN2/PP3PPP/RNQ1KB1R w KQkq -,MODEL_PREDICTION_NOT_EMPIRICAL,cuda,on,2.11.0+cu128,12.8,NVIDIA GeForce RTX 3090,7.55442660022527,632516608,0.9791502407751977
LON-05,B3,1500,maia3-79m,1,b1c3,Nc3,0.4513358771800995,0.9870003541000187,0.6323290961540519,449,25,526,r3kb1r/pp2pppp/1qn2n2/3p1b2/3P1B2/4PN2/PP3PPP/RNQ1KB1R w KQkq -,MODEL_PREDICTION_NOT_EMPIRICAL,cuda,on,2.11.0+cu128,12.8,NVIDIA GeForce RTX 3090,7.55442660022527,632516608,0.9870003541000187
LON-05,B3,1500,maia3-79m,2,b1d2,Nbd2,0.2531764805316925,0.9870003541000187,0.6323290961540519,375,24,601,r3kb1r/pp2pppp/1qn2n2/3p1b2/3P1B2/4PN2/PP3PPP/RNQ1KB1R w KQkq -,MODEL_PREDICTION_NOT_EMPIRICAL,cuda,on,2.11.0+cu128,12.8,NVIDIA GeForce RTX 3090,7.55442660022527,632516608,0.9870003541000187
LON-05,B3,1500,maia3-79m,3,f1e2,Be2,0.12338835746049881,0.9870003541000187,0.6323290961540519,444,27,529,r3kb1r/pp2pppp/1qn2n2/3p1b2/3P1B2/4PN2/PP3PPP/RNQ1KB1R w KQkq -,MODEL_PREDICTION_NOT_EMPIRICAL,cuda,on,2.11.0+cu128,12.8,NVIDIA GeForce RTX 3090,7.55442660022527,632516608,0.9870003541000187
LON-05,B3,1500,maia3-79m,4,a2a3,a3,0.10390342026948929,0.9870003541000187,0.6323290961540519,451,26,523,r3kb1r/pp2pppp/1qn2n2/3p1b2/3P1B2/4PN2/PP3PPP/RNQ1KB1R w KQkq -,MODEL_PREDICTION_NOT_EMPIRICAL,cuda,on,2.11.0+cu128,12.8,NVIDIA GeForce RTX 3090,7.55442660022527,632516608,0.9870003541000187
LON-05,B3,1500,maia3-79m,5,b2b3,b3,0.01320983748883009,0.9870003541000187,0.6323290961540519,348,24,628,r3kb1r/pp2pppp/1qn2n2/3p1b2/3P1B2/4PN2/PP3PPP/RNQ1KB1R w KQkq -,MODEL_PREDICTION_NOT_EMPIRICAL,cuda,on,2.11.0+cu128,12.8,NVIDIA GeForce RTX 3090,7.55442660022527,632516608,0.9870003541000187
LON-05,B3,1500,maia3-79m,6,f3e5,Ne5,0.011476906016469002,0.9870003541000187,0.6323290961540519,378,24,598,r3kb1r/pp2pppp/1qn2n2/3p1b2/3P1B2/4PN2/PP3PPP/RNQ1KB1R w KQkq -,MODEL_PREDICTION_NOT_EMPIRICAL,cuda,on,2.11.0+cu128,12.8,NVIDIA GeForce RTX 3090,7.55442660022527,632516608,0.9870003541000187
LON-05,B3,1500,maia3-79m,7,b1a3,Na3,0.011298973113298416,0.9870003541000187,0.6323290961540519,353,23,624,r3kb1r/pp2pppp/1qn2n2/3p1b2/3P1B2/4PN2/PP3PPP/RNQ1KB1R w KQkq -,MODEL_PREDICTION_NOT_EMPIRICAL,cuda,on,2.11.0+cu128,12.8,NVIDIA GeForce RTX 3090,7.55442660022527,632516608,0.9870003541000187
LON-05,B3,1500,maia3-79m,8,f3h4,Nh4,0.008266504853963852,0.9870003541000187,0.6323290961540519,465,24,511,r3kb1r/pp2pppp/1qn2n2/3p1b2/3P1B2/4PN2/PP3PPP/RNQ1KB1R w KQkq -,MODEL_PREDICTION_NOT_EMPIRICAL,cuda,on,2.11.0+cu128,12.8,NVIDIA GeForce RTX 3090,7.55442660022527,632516608,0.9870003541000187
LON-05,B3,1500,maia3-79m,9,c1d2,Qd2,0.005770950112491846,0.9870003541000187,0.6323290961540519,323,22,655,r3kb1r/pp2pppp/1qn2n2/3p1b2/3P1B2/4PN2/PP3PPP/RNQ1KB1R w KQkq -,MODEL_PREDICTION_NOT_EMPIRICAL,cuda,on,2.11.0+cu128,12.8,NVIDIA GeForce RTX 3090,7.55442660022527,632516608,0.9870003541000187
LON-05,B3,1500,maia3-79m,10,h2h3,h3,0.005173047073185444,0.9870003541000187,0.6323290961540519,396,25,579,r3kb1r/pp2pppp/1qn2n2/3p1b2/3P1B2/4PN2/PP3PPP/RNQ1KB1R w KQkq -,MODEL_PREDICTION_NOT_EMPIRICAL,cuda,on,2.11.0+cu128,12.8,NVIDIA GeForce RTX 3090,7.55442660022527,632516608,0.9870003541000187
LON-05,B3,1700,maia3-79m,1,b1c3,Nc3,0.4560563862323761,0.9925419571809471,0.6195974957045978,445,29,526,r3kb1r/pp2pppp/1qn2n2/3p1b2/3P1B2/4PN2/PP3PPP/RNQ1KB1R w KQkq -,MODEL_PREDICTION_NOT_EMPIRICAL,cuda,on,2.11.0+cu128,12.8,NVIDIA GeForce RTX 3090,7.55442660022527,632516608,0.9925419571809471
LON-05,B3,1700,maia3-79m,2,b1d2,Nbd2,0.22576427459716797,0.9925419571809471,0.6195974957045978,366,28,606,r3kb1r/pp2pppp/1qn2n2/3p1b2/3P1B2/4PN2/PP3PPP/RNQ1KB1R w KQkq -,MODEL_PREDICTION_NOT_EMPIRICAL,cuda,on,2.11.0+cu128,12.8,NVIDIA GeForce RTX 3090,7.55442660022527,632516608,0.9925419571809471
LON-05,B3,1700,maia3-79m,3,a2a3,a3,0.15516537427902222,0.9925419571809471,0.6195974957045978,442,31,527,r3kb1r/pp2pppp/1qn2n2/3p1b2/3P1B2/4PN2/PP3PPP/RNQ1KB1R w KQkq -,MODEL_PREDICTION_NOT_EMPIRICAL,cuda,on,2.11.0+cu128,12.8,NVIDIA GeForce RTX 3090,7.55442660022527,632516608,0.9925419571809471
LON-05,B3,1700,maia3-79m,4,f1e2,Be2,0.11712496727705002,0.9925419571809471,0.6195974957045978,425,31,544,r3kb1r/pp2pppp/1qn2n2/3p1b2/3P1B2/4PN2/PP3PPP/RNQ1KB1R w KQkq -,MODEL_PREDICTION_NOT_EMPIRICAL,cuda,on,2.11.0+cu128,12.8,NVIDIA GeForce RTX 3090,7.55442660022527,632516608,0.9925419571809471
LON-05,B3,1700,maia3-79m,5,b2b3,b3,0.009173935279250145,0.9925419571809471,0.6195974957045978,328,26,646,r3kb1r/pp2pppp/1qn2n2/3p1b2/3P1B2/4PN2/PP3PPP/RNQ1KB1R w KQkq -,MODEL_PREDICTION_NOT_EMPIRICAL,cuda,on,2.11.0+cu128,12.8,NVIDIA GeForce RTX 3090,7.55442660022527,632516608,0.9925419571809471
LON-05,B3,1700,maia3-79m,6,b1a3,Na3,0.008753831498324871,0.9925419571809471,0.6195974957045978,338,25,637,r3kb1r/pp2pppp/1qn2n2/3p1b2/3P1B2/4PN2/PP3PPP/RNQ1KB1R w KQkq -,MODEL_PREDICTION_NOT_EMPIRICAL,cuda,on,2.11.0+cu128,12.8,NVIDIA GeForce RTX 3090,7.55442660022527,632516608,0.9925419571809471
LON-05,B3,1700,maia3-79m,7,f3h4,Nh4,0.00640443991869688,0.9925419571809471,0.6195974957045978,455,27,518,r3kb1r/pp2pppp/1qn2n2/3p1b2/3P1B2/4PN2/PP3PPP/RNQ1KB1R w KQkq -,MODEL_PREDICTION_NOT_EMPIRICAL,cuda,on,2.11.0+cu128,12.8,NVIDIA GeForce RTX 3090,7.55442660022527,632516608,0.9925419571809471
LON-05,B3,1700,maia3-79m,8,f3e5,Ne5,0.00547800725325942,0.9925419571809471,0.6195974957045978,365,27,608,r3kb1r/pp2pppp/1qn2n2/3p1b2/3P1B2/4PN2/PP3PPP/RNQ1KB1R w KQkq -,MODEL_PREDICTION_NOT_EMPIRICAL,cuda,on,2.11.0+cu128,12.8,NVIDIA GeForce RTX 3090,7.55442660022527,632516608,0.9925419571809471
LON-05,B3,1700,maia3-79m,9,c1d2,Qd2,0.004612945020198822,0.9925419571809471,0.6195974957045978,329,26,645,r3kb1r/pp2pppp/1qn2n2/3p1b2/3P1B2/4PN2/PP3PPP/RNQ1KB1R w KQkq -,MODEL_PREDICTION_NOT_EMPIRICAL,cuda,on,2.11.0+cu128,12.8,NVIDIA GeForce RTX 3090,7.55442660022527,632516608,0.9925419571809471
LON-05,B3,1700,maia3-79m,10,h2h3,h3,0.004007795825600624,0.9925419571809471,0.6195974957045978,383,28,589,r3kb1r/pp2pppp/1qn2n2/3p1b2/3P1B2/4PN2/PP3PPP/RNQ1KB1R w KQkq -,MODEL_PREDICTION_NOT_EMPIRICAL,cuda,on,2.11.0+cu128,12.8,NVIDIA GeForce RTX 3090,7.55442660022527,632516608,0.9925419571809471
LON-05,B3,1900,maia3-79m,1,b1c3,Nc3,0.4757304787635803,0.9961082169320434,0.5938634612221605,441,35,524,r3kb1r/pp2pppp/1qn2n2/3p1b2/3P1B2/4PN2/PP3PPP/RNQ1KB1R w KQkq -,MODEL_PREDICTION_NOT_EMPIRICAL,cuda,on,2.11.0+cu128,12.8,NVIDIA GeForce RTX 3090,7.55442660022527,632516608,0.9961082169320434
LON-05,B3,1900,maia3-79m,2,a2a3,a3,0.2212352305650711,0.9961082169320434,0.5938634612221605,431,37,532,r3kb1r/pp2pppp/1qn2n2/3p1b2/3P1B2/4PN2/PP3PPP/RNQ1KB1R w KQkq -,MODEL_PREDICTION_NOT_EMPIRICAL,cuda,on,2.11.0+cu128,12.8,NVIDIA GeForce RTX 3090,7.55442660022527,632516608,0.9961082169320434
LON-05,B3,1900,maia3-79m,3,b1d2,Nbd2,0.17501148581504822,0.9961082169320434,0.5938634612221605,356,32,612,r3kb1r/pp2pppp/1qn2n2/3p1b2/3P1B2/4PN2/PP3PPP/RNQ1KB1R w KQkq -,MODEL_PREDICTION_NOT_EMPIRICAL,cuda,on,2.11.0+cu128,12.8,NVIDIA GeForce RTX 3090,7.55442660022527,632516608,0.9961082169320434
LON-05,B3,1900,maia3-79m,4,f1e2,Be2,0.09515208005905151,0.9961082169320434,0.5938634612221605,412,38,550,r3kb1r/pp2pppp/1qn2n2/3p1b2/3P1B2/4PN2/PP3PPP/RNQ1KB1R w KQkq -,MODEL_PREDICTION_NOT_EMPIRICAL,cuda,on,2.11.0+cu128,12.8,NVIDIA GeForce RTX 3090,7.55442660022527,632516608,0.9961082169320434
LON-05,B3,1900,maia3-79m,5,b1a3,Na3,0.009275268763303757,0.9961082169320434,0.5938634612221605,327,28,645,r3kb1r/pp2pppp/1qn2n2/3p1b2/3P1B2/4PN2/PP3PPP/RNQ1KB1R w KQkq -,MODEL_PREDICTION_NOT_EMPIRICAL,cuda,on,2.11.0+cu128,12.8,NVIDIA GeForce RTX 3090,7.55442660022527,632516608,0.9961082169320434
LON-05,B3,1900,maia3-79m,6,f3h4,Nh4,0.005895719397813082,0.9961082169320434,0.5938634612221605,445,32,523,r3kb1r/pp2pppp/1qn2n2/3p1b2/3P1B2/4PN2/PP3PPP/RNQ1KB1R w KQkq -,MODEL_PREDICTION_NOT_EMPIRICAL,cuda,on,2.11.0+cu128,12.8,NVIDIA GeForce RTX 3090,7.55442660022527,632516608,0.9961082169320434
LON-05,B3,1900,maia3-79m,7,b2b3,b3,0.004964693449437618,0.9961082169320434,0.5938634612221605,305,29,666,r3kb1r/pp2pppp/1qn2n2/3p1b2/3P1B2/4PN2/PP3PPP/RNQ1KB1R w KQkq -,MODEL_PREDICTION_NOT_EMPIRICAL,cuda,on,2.11.0+cu128,12.8,NVIDIA GeForce RTX 3090,7.55442660022527,632516608,0.9961082169320434
LON-05,B3,1900,maia3-79m,8,c1d2,Qd2,0.003689446719363332,0.9961082169320434,0.5938634612221605,334,32,634,r3kb1r/pp2pppp/1qn2n2/3p1b2/3P1B2/4PN2/PP3PPP/RNQ1KB1R w KQkq -,MODEL_PREDICTION_NOT_EMPIRICAL,cuda,on,2.11.0+cu128,12.8,NVIDIA GeForce RTX 3090,7.55442660022527,632516608,0.9961082169320434
LON-05,B3,1900,maia3-79m,9,f3e5,Ne5,0.0026574088260531425,0.9961082169320434,0.5938634612221605,359,32,609,r3kb1r/pp2pppp/1qn2n2/3p1b2/3P1B2/4PN2/PP3PPP/RNQ1KB1R w KQkq -,MODEL_PREDICTION_NOT_EMPIRICAL,cuda,on,2.11.0+cu128,12.8,NVIDIA GeForce RTX 3090,7.55442660022527,632516608,0.9961082169320434
LON-05,B3,1900,maia3-79m,10,h2h3,h3,0.0024964045733213425,0.9961082169320434,0.5938634612221605,375,35,590,r3kb1r/pp2pppp/1qn2n2/3p1b2/3P1B2/4PN2/PP3PPP/RNQ1KB1R w KQkq -,MODEL_PREDICTION_NOT_EMPIRICAL,cuda,on,2.11.0+cu128,12.8,NVIDIA GeForce RTX 3090,7.55442660022527,632516608,0.9961082169320434
LON-05,B3,2100,maia3-79m,1,b1c3,Nc3,0.556218147277832,0.9979602842358872,0.5298384574097995,438,44,518,r3kb1r/pp2pppp/1qn2n2/3p1b2/3P1B2/4PN2/PP3PPP/RNQ1KB1R w KQkq -,MODEL_PREDICTION_NOT_EMPIRICAL,cuda,on,2.11.0+cu128,12.8,NVIDIA GeForce RTX 3090,7.55442660022527,632516608,0.9979602842358872
LON-05,B3,2100,maia3-79m,2,a2a3,a3,0.24682031571865082,0.9979602842358872,0.5298384574097995,430,48,522,r3kb1r/pp2pppp/1qn2n2/3p1b2/3P1B2/4PN2/PP3PPP/RNQ1KB1R w KQkq -,MODEL_PREDICTION_NOT_EMPIRICAL,cuda,on,2.11.0+cu128,12.8,NVIDIA GeForce RTX 3090,7.55442660022527,632516608,0.9979602842358872
LON-05,B3,2100,maia3-79m,3,b1d2,Nbd2,0.09817833453416824,0.9979602842358872,0.5298384574097995,343,40,617,r3kb1r/pp2pppp/1qn2n2/3p1b2/3P1B2/4PN2/PP3PPP/RNQ1KB1R w KQkq -,MODEL_PREDICTION_NOT_EMPIRICAL,cuda,on,2.11.0+cu128,12.8,NVIDIA GeForce RTX 3090,7.55442660022527,632516608,0.9979602842358872
LON-05,B3,2100,maia3-79m,4,f1e2,Be2,0.07071519643068314,0.9979602842358872,0.5298384574097995,413,49,538,r3kb1r/pp2pppp/1qn2n2/3p1b2/3P1B2/4PN2/PP3PPP/RNQ1KB1R w KQkq -,MODEL_PREDICTION_NOT_EMPIRICAL,cuda,on,2.11.0+cu128,12.8,NVIDIA GeForce RTX 3090,7.55442660022527,632516608,0.9979602842358872
LON-05,B3,2100,maia3-79m,5,b1a3,Na3,0.010676398873329163,0.9979602842358872,0.5298384574097995,314,33,653,r3kb1r/pp2pppp/1qn2n2/3p1b2/3P1B2/4PN2/PP3PPP/RNQ1KB1R w KQkq -,MODEL_PREDICTION_NOT_EMPIRICAL,cuda,on,2.11.0+cu128,12.8,NVIDIA GeForce RTX 3090,7.55442660022527,632516608,0.9979602842358872
LON-05,B3,2100,maia3-79m,6,f3h4,Nh4,0.00793402548879385,0.9979602842358872,0.5298384574097995,442,41,517,r3kb1r/pp2pppp/1qn2n2/3p1b2/3P1B2/4PN2/PP3PPP/RNQ1KB1R w KQkq -,MODEL_PREDICTION_NOT_EMPIRICAL,cuda,on,2.11.0+cu128,12.8,NVIDIA GeForce RTX 3090,7.55442660022527,632516608,0.9979602842358872
LON-05,B3,2100,maia3-79m,7,c1d2,Qd2,0.00261636427603662,0.9979602842358872,0.5298384574097995,337,41,622,r3kb1r/pp2pppp/1qn2n2/3p1b2/3P1B2/4PN2/PP3PPP/RNQ1KB1R w KQkq -,MODEL_PREDICTION_NOT_EMPIRICAL,cuda,on,2.11.0+cu128,12.8,NVIDIA GeForce RTX 3090,7.55442660022527,632516608,0.9979602842358872
LON-05,B3,2100,maia3-79m,8,b2b3,b3,0.0019291859352961183,0.9979602842358872,0.5298384574097995,287,35,678,r3kb1r/pp2pppp/1qn2n2/3p1b2/3P1B2/4PN2/PP3PPP/RNQ1KB1R w KQkq -,MODEL_PREDICTION_NOT_EMPIRICAL,cuda,on,2.11.0+cu128,12.8,NVIDIA GeForce RTX 3090,7.55442660022527,632516608,0.9979602842358872
LON-05,B3,2100,maia3-79m,9,f3e5,Ne5,0.0017293109558522701,0.9979602842358872,0.5298384574097995,363,42,595,r3kb1r/pp2pppp/1qn2n2/3p1b2/3P1B2/4PN2/PP3PPP/RNQ1KB1R w KQkq -,MODEL_PREDICTION_NOT_EMPIRICAL,cuda,on,2.11.0+cu128,12.8,NVIDIA GeForce RTX 3090,7.55442660022527,632516608,0.9979602842358872
LON-05,B3,2100,maia3-79m,10,h2h3,h3,0.0011430047452449799,0.9979602842358872,0.5298384574097995,375,45,580,r3kb1r/pp2pppp/1qn2n2/3p1b2/3P1B2/4PN2/PP3PPP/RNQ1KB1R w KQkq -,MODEL_PREDICTION_NOT_EMPIRICAL,cuda,on,2.11.0+cu128,12.8,NVIDIA GeForce RTX 3090,7.55442660022527,632516608,0.9979602842358872
JOB-11,B3,1100,maia3-79m,1,d4c5,dxc5,0.6789152026176453,0.992894814000465,0.4688154596397554,403,26,571,1rbqkb1r/pp2pppp/5n2/2pp4/3P4/2N5/PPP1PPPP/R2QKBNR w KQk -,MODEL_PREDICTION_NOT_EMPIRICAL,cuda,on,2.11.0+cu128,12.8,NVIDIA GeForce RTX 3090,7.55442660022527,632516608,0.992894814000465
JOB-11,B3,1100,maia3-79m,2,e2e3,e3,0.16637533903121948,0.992894814000465,0.4688154596397554,468,27,505,1rbqkb1r/pp2pppp/5n2/2pp4/3P4/2N5/PPP1PPPP/R2QKBNR w KQk -,MODEL_PREDICTION_NOT_EMPIRICAL,cuda,on,2.11.0+cu128,12.8,NVIDIA GeForce RTX 3090,7.55442660022527,632516608,0.992894814000465
JOB-11,B3,1100,maia3-79m,3,g1f3,Nf3,0.0661795362830162,0.992894814000465,0.4688154596397554,462,27,511,1rbqkb1r/pp2pppp/5n2/2pp4/3P4/2N5/PPP1PPPP/R2QKBNR w KQk -,MODEL_PREDICTION_NOT_EMPIRICAL,cuda,on,2.11.0+cu128,12.8,NVIDIA GeForce RTX 3090,7.55442660022527,632516608,0.992894814000465
JOB-11,B3,1100,maia3-79m,4,c3b5,Nb5,0.0317532904446125,0.992894814000465,0.4688154596397554,353,23,624,1rbqkb1r/pp2pppp/5n2/2pp4/3P4/2N5/PPP1PPPP/R2QKBNR w KQk -,MODEL_PREDICTION_NOT_EMPIRICAL,cuda,on,2.11.0+cu128,12.8,NVIDIA GeForce RTX 3090,7.55442660022527,632516608,0.992894814000465
JOB-11,B3,1100,maia3-79m,5,d1d3,Qd3,0.01596655696630478,0.992894814000465,0.4688154596397554,396,23,581,1rbqkb1r/pp2pppp/5n2/2pp4/3P4/2N5/PPP1PPPP/R2QKBNR w KQk -,MODEL_PREDICTION_NOT_EMPIRICAL,cuda,on,2.11.0+cu128,12.8,NVIDIA GeForce RTX 3090,7.55442660022527,632516608,0.992894814000465
JOB-11,B3,1100,maia3-79m,6,d1d2,Qd2,0.01063601952046156,0.992894814000465,0.4688154596397554,407,24,569,1rbqkb1r/pp2pppp/5n2/2pp4/3P4/2N5/PPP1PPPP/R2QKBNR w KQk -,MODEL_PREDICTION_NOT_EMPIRICAL,cuda,on,2.11.0+cu128,12.8,NVIDIA GeForce RTX 3090,7.55442660022527,632516608,0.992894814000465
JOB-11,B3,1100,maia3-79m,7,e2e4,e4,0.010308782570064068,0.992894814000465,0.4688154596397554,402,27,571,1rbqkb1r/pp2pppp/5n2/2pp4/3P4/2N5/PPP1PPPP/R2QKBNR w KQk -,MODEL_PREDICTION_NOT_EMPIRICAL,cuda,on,2.11.0+cu128,12.8,NVIDIA GeForce RTX 3090,7.55442660022527,632516608,0.992894814000465
JOB-11,B3,1100,maia3-79m,8,f2f3,f3,0.007781478576362133,0.992894814000465,0.4688154596397554,405,26,569,1rbqkb1r/pp2pppp/5n2/2pp4/3P4/2N5/PPP1PPPP/R2QKBNR w KQk -,MODEL_PREDICTION_NOT_EMPIRICAL,cuda,on,2.11.0+cu128,12.8,NVIDIA GeForce RTX 3090,7.55442660022527,632516608,0.992894814000465
JOB-11,B3,1100,maia3-79m,9,g2g3,g3,0.003269243985414505,0.992894814000465,0.4688154596397554,423,26,551,1rbqkb1r/pp2pppp/5n2/2pp4/3P4/2N5/PPP1PPPP/R2QKBNR w KQk -,MODEL_PREDICTION_NOT_EMPIRICAL,cuda,on,2.11.0+cu128,12.8,NVIDIA GeForce RTX 3090,7.55442660022527,632516608,0.992894814000465
JOB-11,B3,1100,maia3-79m,10,c3a4,Na4,0.0017093640053644776,0.992894814000465,0.4688154596397554,358,24,618,1rbqkb1r/pp2pppp/5n2/2pp4/3P4/2N5/PPP1PPPP/R2QKBNR w KQk -,MODEL_PREDICTION_NOT_EMPIRICAL,cuda,on,2.11.0+cu128,12.8,NVIDIA GeForce RTX 3090,7.55442660022527,632516608,0.992894814000465
JOB-11,B3,1300,maia3-79m,1,d4c5,dxc5,0.6332134008407593,0.9933233521878719,0.4941759642712224,402,26,572,1rbqkb1r/pp2pppp/5n2/2pp4/3P4/2N5/PPP1PPPP/R2QKBNR w KQk -,MODEL_PREDICTION_NOT_EMPIRICAL,cuda,on,2.11.0+cu128,12.8,NVIDIA GeForce RTX 3090,7.55442660022527,632516608,0.9933233521878719
JOB-11,B3,1300,maia3-79m,2,e2e3,e3,0.20881164073944092,0.9933233521878719,0.4941759642712224,466,27,507,1rbqkb1r/pp2pppp/5n2/2pp4/3P4/2N5/PPP1PPPP/R2QKBNR w KQk -,MODEL_PREDICTION_NOT_EMPIRICAL,cuda,on,2.11.0+cu128,12.8,NVIDIA GeForce RTX 3090,7.55442660022527,632516608,0.9933233521878719
JOB-11,B3,1300,maia3-79m,3,g1f3,Nf3,0.07562655955553055,0.9933233521878719,0.4941759642712224,463,27,510,1rbqkb1r/pp2pppp/5n2/2pp4/3P4/2N5/PPP1PPPP/R2QKBNR w KQk -,MODEL_PREDICTION_NOT_EMPIRICAL,cuda,on,2.11.0+cu128,12.8,NVIDIA GeForce RTX 3090,7.55442660022527,632516608,0.9933233521878719
JOB-11,B3,1300,maia3-79m,4,c3b5,Nb5,0.02493899129331112,0.9933233521878719,0.4941759642712224,343,22,635,1rbqkb1r/pp2pppp/5n2/2pp4/3P4/2N5/PPP1PPPP/R2QKBNR w KQk -,MODEL_PREDICTION_NOT_EMPIRICAL,cuda,on,2.11.0+cu128,12.8,NVIDIA GeForce RTX 3090,7.55442660022527,632516608,0.9933233521878719
JOB-11,B3,1300,maia3-79m,5,d1d3,Qd3,0.015606422908604145,0.9933233521878719,0.4941759642712224,401,22,577,1rbqkb1r/pp2pppp/5n2/2pp4/3P4/2N5/PPP1PPPP/R2QKBNR w KQk -,MODEL_PREDICTION_NOT_EMPIRICAL,cuda,on,2.11.0+cu128,12.8,NVIDIA GeForce RTX 3090,7.55442660022527,632516608,0.9933233521878719
JOB-11,B3,1300,maia3-79m,6,d1d2,Qd2,0.0119658587500453,0.9933233521878719,0.4941759642712224,411,24,565,1rbqkb1r/pp2pppp/5n2/2pp4/3P4/2N5/PPP1PPPP/R2QKBNR w KQk -,MODEL_PREDICTION_NOT_EMPIRICAL,cuda,on,2.11.0+cu128,12.8,NVIDIA GeForce RTX 3090,7.55442660022527,632516608,0.9933233521878719
JOB-11,B3,1300,maia3-79m,7,e2e4,e4,0.009319020435214043,0.9933233521878719,0.4941759642712224,405,26,569,1rbqkb1r/pp2pppp/5n2/2pp4/3P4/2N5/PPP1PPPP/R2QKBNR w KQk -,MODEL_PREDICTION_NOT_EMPIRICAL,cuda,on,2.11.0+cu128,12.8,NVIDIA GeForce RTX 3090,7.55442660022527,632516608,0.9933233521878719
JOB-11,B3,1300,maia3-79m,8,f2f3,f3,0.007970980368554592,0.9933233521878719,0.4941759642712224,401,25,574,1rbqkb1r/pp2pppp/5n2/2pp4/3P4/2N5/PPP1PPPP/R2QKBNR w KQk -,MODEL_PREDICTION_NOT_EMPIRICAL,cuda,on,2.11.0+cu128,12.8,NVIDIA GeForce RTX 3090,7.55442660022527,632516608,0.9933233521878719
JOB-11,B3,1300,maia3-79m,9,g2g3,g3,0.003322798991575837,0.9933233521878719,0.4941759642712224,426,25,549,1rbqkb1r/pp2pppp/5n2/2pp4/3P4/2N5/PPP1PPPP/R2QKBNR w KQk -,MODEL_PREDICTION_NOT_EMPIRICAL,cuda,on,2.11.0+cu128,12.8,NVIDIA GeForce RTX 3090,7.55442660022527,632516608,0.9933233521878719
JOB-11,B3,1300,maia3-79m,10,a2a3,a3,0.002547678304836154,0.9933233521878719,0.4941759642712224,417,26,557,1rbqkb1r/pp2pppp/5n2/2pp4/3P4/2N5/PPP1PPPP/R2QKBNR w KQk -,MODEL_PREDICTION_NOT_EMPIRICAL,cuda,on,2.11.0+cu128,12.8,NVIDIA GeForce RTX 3090,7.55442660022527,632516608,0.9933233521878719
JOB-11,B3,1500,maia3-79m,1,d4c5,dxc5,0.5754559636116028,0.993754135677591,0.5276804885799281,405,27,568,1rbqkb1r/pp2pppp/5n2/2pp4/3P4/2N5/PPP1PPPP/R2QKBNR w KQk -,MODEL_PREDICTION_NOT_EMPIRICAL,cuda,on,2.11.0+cu128,12.8,NVIDIA GeForce RTX 3090,7.55442660022527,632516608,0.993754135677591
JOB-11,B3,1500,maia3-79m,2,e2e3,e3,0.255357027053833,0.993754135677591,0.5276804885799281,468,29,503,1rbqkb1r/pp2pppp/5n2/2pp4/3P4/2N5/PPP1PPPP/R2QKBNR w KQk -,MODEL_PREDICTION_NOT_EMPIRICAL,cuda,on,2.11.0+cu128,12.8,NVIDIA GeForce RTX 3090,7.55442660022527,632516608,0.993754135677591
JOB-11,B3,1500,maia3-79m,3,g1f3,Nf3,0.08553389459848404,0.993754135677591,0.5276804885799281,464,29,507,1rbqkb1r/pp2pppp/5n2/2pp4/3P4/2N5/PPP1PPPP/R2QKBNR w KQk -,MODEL_PREDICTION_NOT_EMPIRICAL,cuda,on,2.11.0+cu128,12.8,NVIDIA GeForce RTX 3090,7.55442660022527,632516608,0.993754135677591
JOB-11,B3,1500,maia3-79m,4,c3b5,Nb5,0.018498001620173454,0.993754135677591,0.5276804885799281,347,23,630,1rbqkb1r/pp2pppp/5n2/2pp4/3P4/2N5/PPP1PPPP/R2QKBNR w KQk -,MODEL_PREDICTION_NOT_EMPIRICAL,cuda,on,2.11.0+cu128,12.8,NVIDIA GeForce RTX 3090,7.55442660022527,632516608,0.993754135677591
JOB-11,B3,1500,maia3-79m,5,d1d3,Qd3,0.017107855528593063,0.993754135677591,0.5276804885799281,404,24,572,1rbqkb1r/pp2pppp/5n2/2pp4/3P4/2N5/PPP1PPPP/R2QKBNR w KQk -,MODEL_PREDICTION_NOT_EMPIRICAL,cuda,on,2.11.0+cu128,12.8,NVIDIA GeForce RTX 3090,7.55442660022527,632516608,0.993754135677591
JOB-11,B3,1500,maia3-79m,6,d1d2,Qd2,0.014633124694228172,0.993754135677591,0.5276804885799281,415,26,559,1rbqkb1r/pp2pppp/5n2/2pp4/3P4/2N5/PPP1PPPP/R2QKBNR w KQk -,MODEL_PREDICTION_NOT_EMPIRICAL,cuda,on,2.11.0+cu128,12.8,NVIDIA GeForce RTX 3090,7.55442660022527,632516608,0.993754135677591
JOB-11,B3,1500,maia3-79m,7,e2e4,e4,0.01070582214742899,0.993754135677591,0.5276804885799281,409,27,564,1rbqkb1r/pp2pppp/5n2/2pp4/3P4/2N5/PPP1PPPP/R2QKBNR w KQk -,MODEL_PREDICTION_NOT_EMPIRICAL,cuda,on,2.11.0+cu128,12.8,NVIDIA GeForce RTX 3090,7.55442660022527,632516608,0.993754135677591
JOB-11,B3,1500,maia3-79m,8,f2f3,f3,0.008737836964428425,0.993754135677591,0.5276804885799281,401,27,572,1rbqkb1r/pp2pppp/5n2/2pp4/3P4/2N5/PPP1PPPP/R2QKBNR w KQk -,MODEL_PREDICTION_NOT_EMPIRICAL,cuda,on,2.11.0+cu128,12.8,NVIDIA GeForce RTX 3090,7.55442660022527,632516608,0.993754135677591
JOB-11,B3,1500,maia3-79m,9,g2g3,g3,0.003877391805872321,0.993754135677591,0.5276804885799281,430,27,543,1rbqkb1r/pp2pppp/5n2/2pp4/3P4/2N5/PPP1PPPP/R2QKBNR w KQk -,MODEL_PREDICTION_NOT_EMPIRICAL,cuda,on,2.11.0+cu128,12.8,NVIDIA GeForce RTX 3090,7.55442660022527,632516608,0.993754135677591
JOB-11,B3,1500,maia3-79m,10,a2a3,a3,0.0038472176529467106,0.993754135677591,0.5276804885799281,418,27,555,1rbqkb1r/pp2pppp/5n2/2pp4/3P4/2N5/PPP1PPPP/R2QKBNR w KQk -,MODEL_PREDICTION_NOT_EMPIRICAL,cuda,on,2.11.0+cu128,12.8,NVIDIA GeForce RTX 3090,7.55442660022527,632516608,0.993754135677591
JOB-11,B3,1700,maia3-79m,1,d4c5,dxc5,0.5317316651344299,0.994894870556891,0.5411362685893609,415,30,555,1rbqkb1r/pp2pppp/5n2/2pp4/3P4/2N5/PPP1PPPP/R2QKBNR w KQk -,MODEL_PREDICTION_NOT_EMPIRICAL,cuda,on,2.11.0+cu128,12.8,NVIDIA GeForce RTX 3090,7.55442660022527,632516608,0.994894870556891
JOB-11,B3,1700,maia3-79m,2,e2e3,e3,0.298274427652359,0.994894870556891,0.5411362685893609,472,33,495,1rbqkb1r/pp2pppp/5n2/2pp4/3P4/2N5/PPP1PPPP/R2QKBNR w KQk -,MODEL_PREDICTION_NOT_EMPIRICAL,cuda,on,2.11.0+cu128,12.8,NVIDIA GeForce RTX 3090,7.55442660022527,632516608,0.994894870556891
JOB-11,B3,1700,maia3-79m,3,g1f3,Nf3,0.08955822885036469,0.994894870556891,0.5411362685893609,462,33,505,1rbqkb1r/pp2pppp/5n2/2pp4/3P4/2N5/PPP1PPPP/R2QKBNR w KQk -,MODEL_PREDICTION_NOT_EMPIRICAL,cuda,on,2.11.0+cu128,12.8,NVIDIA GeForce RTX 3090,7.55442660022527,632516608,0.994894870556891
JOB-11,B3,1700,maia3-79m,4,d1d3,Qd3,0.01682749018073082,0.994894870556891,0.5411362685893609,411,27,562,1rbqkb1r/pp2pppp/5n2/2pp4/3P4/2N5/PPP1PPPP/R2QKBNR w KQk -,MODEL_PREDICTION_NOT_EMPIRICAL,cuda,on,2.11.0+cu128,12.8,NVIDIA GeForce RTX 3090,7.55442660022527,632516608,0.994894870556891
JOB-11,B3,1700,maia3-79m,5,d1d2,Qd2,0.015321606770157814,0.994894870556891,0.5411362685893609,422,29,549,1rbqkb1r/pp2pppp/5n2/2pp4/3P4/2N5/PPP1PPPP/R2QKBNR w KQk -,MODEL_PREDICTION_NOT_EMPIRICAL,cuda,on,2.11.0+cu128,12.8,NVIDIA GeForce RTX 3090,7.55442660022527,632516608,0.994894870556891
JOB-11,B3,1700,maia3-79m,6,e2e4,e4,0.013734200038015842,0.994894870556891,0.5411362685893609,411,29,560,1rbqkb1r/pp2pppp/5n2/2pp4/3P4/2N5/PPP1PPPP/R2QKBNR w KQk -,MODEL_PREDICTION_NOT_EMPIRICAL,cuda,on,2.11.0+cu128,12.8,NVIDIA GeForce RTX 3090,7.55442660022527,632516608,0.994894870556891
JOB-11,B3,1700,maia3-79m,7,c3b5,Nb5,0.011209527030587196,0.994894870556891,0.5411362685893609,351,25,624,1rbqkb1r/pp2pppp/5n2/2pp4/3P4/2N5/PPP1PPPP/R2QKBNR w KQk -,MODEL_PREDICTION_NOT_EMPIRICAL,cuda,on,2.11.0+cu128,12.8,NVIDIA GeForce RTX 3090,7.55442660022527,632516608,0.994894870556891
JOB-11,B3,1700,maia3-79m,8,f2f3,f3,0.01004815474152565,0.994894870556891,0.5411362685893609,406,30,564,1rbqkb1r/pp2pppp/5n2/2pp4/3P4/2N5/PPP1PPPP/R2QKBNR w KQk -,MODEL_PREDICTION_NOT_EMPIRICAL,cuda,on,2.11.0+cu128,12.8,NVIDIA GeForce RTX 3090,7.55442660022527,632516608,0.994894870556891
JOB-11,B3,1700,maia3-79m,9,a2a3,a3,0.004254656378179789,0.994894870556891,0.5411362685893609,419,31,550,1rbqkb1r/pp2pppp/5n2/2pp4/3P4/2N5/PPP1PPPP/R2QKBNR w KQk -,MODEL_PREDICTION_NOT_EMPIRICAL,cuda,on,2.11.0+cu128,12.8,NVIDIA GeForce RTX 3090,7.55442660022527,632516608,0.994894870556891
JOB-11,B3,1700,maia3-79m,10,g2g3,g3,0.003934913780540228,0.994894870556891,0.5411362685893609,436,31,533,1rbqkb1r/pp2pppp/5n2/2pp4/3P4/2N5/PPP1PPPP/R2QKBNR w KQk -,MODEL_PREDICTION_NOT_EMPIRICAL,cuda,on,2.11.0+cu128,12.8,NVIDIA GeForce RTX 3090,7.55442660022527,632516608,0.994894870556891
JOB-11,B3,1900,maia3-79m,1,d4c5,dxc5,0.46923092007637024,0.9965283160563558,0.5474315678089705,425,35,540,1rbqkb1r/pp2pppp/5n2/2pp4/3P4/2N5/PPP1PPPP/R2QKBNR w KQk -,MODEL_PREDICTION_NOT_EMPIRICAL,cuda,on,2.11.0+cu128,12.8,NVIDIA GeForce RTX 3090,7.55442660022527,632516608,0.9965283160563558
JOB-11,B3,1900,maia3-79m,2,e2e3,e3,0.365437388420105,0.9965283160563558,0.5474315678089705,474,39,487,1rbqkb1r/pp2pppp/5n2/2pp4/3P4/2N5/PPP1PPPP/R2QKBNR w KQk -,MODEL_PREDICTION_NOT_EMPIRICAL,cuda,on,2.11.0+cu128,12.8,NVIDIA GeForce RTX 3090,7.55442660022527,632516608,0.9965283160563558
JOB-11,B3,1900,maia3-79m,3,g1f3,Nf3,0.08816587924957275,0.9965283160563558,0.5474315678089705,462,38,500,1rbqkb1r/pp2pppp/5n2/2pp4/3P4/2N5/PPP1PPPP/R2QKBNR w KQk -,MODEL_PREDICTION_NOT_EMPIRICAL,cuda,on,2.11.0+cu128,12.8,NVIDIA GeForce RTX 3090,7.55442660022527,632516608,0.9965283160563558
JOB-11,B3,1900,maia3-79m,4,e2e4,e4,0.020616566762328148,0.9965283160563558,0.5474315678089705,410,33,557,1rbqkb1r/pp2pppp/5n2/2pp4/3P4/2N5/PPP1PPPP/R2QKBNR w KQk -,MODEL_PREDICTION_NOT_EMPIRICAL,cuda,on,2.11.0+cu128,12.8,NVIDIA GeForce RTX 3090,7.55442660022527,632516608,0.9965283160563558
JOB-11,B3,1900,maia3-79m,5,d1d2,Qd2,0.014392683282494545,0.9965283160563558,0.5474315678089705,430,34,536,1rbqkb1r/pp2pppp/5n2/2pp4/3P4/2N5/PPP1PPPP/R2QKBNR w KQk -,MODEL_PREDICTION_NOT_EMPIRICAL,cuda,on,2.11.0+cu128,12.8,NVIDIA GeForce RTX 3090,7.55442660022527,632516608,0.9965283160563558
JOB-11,B3,1900,maia3-79m,6,d1d3,Qd3,0.013733594678342342,0.9965283160563558,0.5474315678089705,418,31,551,1rbqkb1r/pp2pppp/5n2/2pp4/3P4/2N5/PPP1PPPP/R2QKBNR w KQk -,MODEL_PREDICTION_NOT_EMPIRICAL,cuda,on,2.11.0+cu128,12.8,NVIDIA GeForce RTX 3090,7.55442660022527,632516608,0.9965283160563558
JOB-11,B3,1900,maia3-79m,7,f2f3,f3,0.011385549791157246,0.9965283160563558,0.5474315678089705,406,34,560,1rbqkb1r/pp2pppp/5n2/2pp4/3P4/2N5/PPP1PPPP/R2QKBNR w KQk -,MODEL_PREDICTION_NOT_EMPIRICAL,cuda,on,2.11.0+cu128,12.8,NVIDIA GeForce RTX 3090,7.55442660022527,632516608,0.9965283160563558
JOB-11,B3,1900,maia3-79m,8,c3b5,Nb5,0.006589450873434544,0.9965283160563558,0.5474315678089705,348,29,623,1rbqkb1r/pp2pppp/5n2/2pp4/3P4/2N5/PPP1PPPP/R2QKBNR w KQk -,MODEL_PREDICTION_NOT_EMPIRICAL,cuda,on,2.11.0+cu128,12.8,NVIDIA GeForce RTX 3090,7.55442660022527,632516608,0.9965283160563558
JOB-11,B3,1900,maia3-79m,9,a2a3,a3,0.0036107210908085108,0.9965283160563558,0.5474315678089705,418,36,546,1rbqkb1r/pp2pppp/5n2/2pp4/3P4/2N5/PPP1PPPP/R2QKBNR w KQk -,MODEL_PREDICTION_NOT_EMPIRICAL,cuda,on,2.11.0+cu128,12.8,NVIDIA GeForce RTX 3090,7.55442660022527,632516608,0.9965283160563558
JOB-11,B3,1900,maia3-79m,10,g2g3,g3,0.003365561831742525,0.9965283160563558,0.5474315678089705,441,36,523,1rbqkb1r/pp2pppp/5n2/2pp4/3P4/2N5/PPP1PPPP/R2QKBNR w KQk -,MODEL_PREDICTION_NOT_EMPIRICAL,cuda,on,2.11.0+cu128,12.8,NVIDIA GeForce RTX 3090,7.55442660022527,632516608,0.9965283160563558
JOB-11,B3,2100,maia3-79m,1,e2e3,e3,0.45661452412605286,0.9983569392934442,0.5400203531532308,469,48,483,1rbqkb1r/pp2pppp/5n2/2pp4/3P4/2N5/PPP1PPPP/R2QKBNR w KQk -,MODEL_PREDICTION_NOT_EMPIRICAL,cuda,on,2.11.0+cu128,12.8,NVIDIA GeForce RTX 3090,7.55442660022527,632516608,0.9983569392934442
JOB-11,B3,2100,maia3-79m,2,d4c5,dxc5,0.37854674458503723,0.9983569392934442,0.5400203531532308,433,41,526,1rbqkb1r/pp2pppp/5n2/2pp4/3P4/2N5/PPP1PPPP/R2QKBNR w KQk -,MODEL_PREDICTION_NOT_EMPIRICAL,cuda,on,2.11.0+cu128,12.8,NVIDIA GeForce RTX 3090,7.55442660022527,632516608,0.9983569392934442
JOB-11,B3,2100,maia3-79m,3,g1f3,Nf3,0.0857953280210495,0.9983569392934442,0.5400203531532308,458,47,495,1rbqkb1r/pp2pppp/5n2/2pp4/3P4/2N5/PPP1PPPP/R2QKBNR w KQk -,MODEL_PREDICTION_NOT_EMPIRICAL,cuda,on,2.11.0+cu128,12.8,NVIDIA GeForce RTX 3090,7.55442660022527,632516608,0.9983569392934442
JOB-11,B3,2100,maia3-79m,4,e2e4,e4,0.04247176647186279,0.9983569392934442,0.5400203531532308,413,41,546,1rbqkb1r/pp2pppp/5n2/2pp4/3P4/2N5/PPP1PPPP/R2QKBNR w KQk -,MODEL_PREDICTION_NOT_EMPIRICAL,cuda,on,2.11.0+cu128,12.8,NVIDIA GeForce RTX 3090,7.55442660022527,632516608,0.9983569392934442
JOB-11,B3,2100,maia3-79m,5,d1d2,Qd2,0.012168364599347115,0.9983569392934442,0.5400203531532308,423,40,537,1rbqkb1r/pp2pppp/5n2/2pp4/3P4/2N5/PPP1PPPP/R2QKBNR w KQk -,MODEL_PREDICTION_NOT_EMPIRICAL,cuda,on,2.11.0+cu128,12.8,NVIDIA GeForce RTX 3090,7.55442660022527,632516608,0.9983569392934442
JOB-11,B3,2100,maia3-79m,6,d1d3,Qd3,0.007614768110215664,0.9983569392934442,0.5400203531532308,416,37,547,1rbqkb1r/pp2pppp/5n2/2pp4/3P4/2N5/PPP1PPPP/R2QKBNR w KQk -,MODEL_PREDICTION_NOT_EMPIRICAL,cuda,on,2.11.0+cu128,12.8,NVIDIA GeForce RTX 3090,7.55442660022527,632516608,0.9983569392934442
JOB-11,B3,2100,maia3-79m,7,f2f3,f3,0.007614768110215664,0.9983569392934442,0.5400203531532308,391,38,571,1rbqkb1r/pp2pppp/5n2/2pp4/3P4/2N5/PPP1PPPP/R2QKBNR w KQk -,MODEL_PREDICTION_NOT_EMPIRICAL,cuda,on,2.11.0+cu128,12.8,NVIDIA GeForce RTX 3090,7.55442660022527,632516608,0.9983569392934442
JOB-11,B3,2100,maia3-79m,8,c3b5,Nb5,0.003052701707929373,0.9983569392934442,0.5400203531532308,324,34,642,1rbqkb1r/pp2pppp/5n2/2pp4/3P4/2N5/PPP1PPPP/R2QKBNR w KQk -,MODEL_PREDICTION_NOT_EMPIRICAL,cuda,on,2.11.0+cu128,12.8,NVIDIA GeForce RTX 3090,7.55442660022527,632516608,0.9983569392934442
JOB-11,B3,2100,maia3-79m,9,g2g3,g3,0.0024915426038205624,0.9983569392934442,0.5400203531532308,434,43,523,1rbqkb1r/pp2pppp/5n2/2pp4/3P4/2N5/PPP1PPPP/R2QKBNR w KQk -,MODEL_PREDICTION_NOT_EMPIRICAL,cuda,on,2.11.0+cu128,12.8,NVIDIA GeForce RTX 3090,7.55442660022527,632516608,0.9983569392934442
JOB-11,B3,2100,maia3-79m,10,a2a3,a3,0.0019864309579133987,0.9983569392934442,0.5400203531532308,415,42,543,1rbqkb1r/pp2pppp/5n2/2pp4/3P4/2N5/PPP1PPPP/R2QKBNR w KQk -,MODEL_PREDICTION_NOT_EMPIRICAL,cuda,on,2.11.0+cu128,12.8,NVIDIA GeForce RTX 3090,7.55442660022527,632516608,0.9983569392934442
VER-05,B3,1100,maia3-79m,1,d4c5,dxc5,0.6050806641578674,0.9949935483746231,0.5340501062016194,495,26,479,rnbqkb1r/pp2pp1p/5p2/2pp4/3P4/2N5/PPP1PPPP/R2QKBNR w KQkq -,MODEL_PREDICTION_NOT_EMPIRICAL,cuda,on,2.11.0+cu128,12.8,NVIDIA GeForce RTX 3090,7.55442660022527,632516608,0.9949935483746231
VER-05,B3,1100,maia3-79m,2,e2e3,e3,0.13713786005973816,0.9949935483746231,0.5340501062016194,524,26,450,rnbqkb1r/pp2pp1p/5p2/2pp4/3P4/2N5/PPP1PPPP/R2QKBNR w KQkq -,MODEL_PREDICTION_NOT_EMPIRICAL,cuda,on,2.11.0+cu128,12.8,NVIDIA GeForce RTX 3090,7.55442660022527,632516608,0.9949935483746231
VER-05,B3,1100,maia3-79m,3,e2e4,e4,0.13085786998271942,0.9949935483746231,0.5340501062016194,523,26,451,rnbqkb1r/pp2pp1p/5p2/2pp4/3P4/2N5/PPP1PPPP/R2QKBNR w KQkq -,MODEL_PREDICTION_NOT_EMPIRICAL,cuda,on,2.11.0+cu128,12.8,NVIDIA GeForce RTX 3090,7.55442660022527,632516608,0.9949935483746231
VER-05,B3,1100,maia3-79m,4,g1f3,Nf3,0.08717013150453568,0.9949935483746231,0.5340501062016194,510,26,464,rnbqkb1r/pp2pp1p/5p2/2pp4/3P4/2N5/PPP1PPPP/R2QKBNR w KQkq -,MODEL_PREDICTION_NOT_EMPIRICAL,cuda,on,2.11.0+cu128,12.8,NVIDIA GeForce RTX 3090,7.55442660022527,632516608,0.9949935483746231
VER-05,B3,1100,maia3-79m,5,d1d3,Qd3,0.010574936866760254,0.9949935483746231,0.5340501062016194,474,22,504,rnbqkb1r/pp2pp1p/5p2/2pp4/3P4/2N5/PPP1PPPP/R2QKBNR w KQkq -,MODEL_PREDICTION_NOT_EMPIRICAL,cuda,on,2.11.0+cu128,12.8,NVIDIA GeForce RTX 3090,7.55442660022527,632516608,0.9949935483746231
VER-05,B3,1100,maia3-79m,6,c3d5,Nxd5,0.008497200906276703,0.9949935483746231,0.5340501062016194,316,26,658,rnbqkb1r/pp2pp1p/5p2/2pp4/3P4/2N5/PPP1PPPP/R2QKBNR w KQkq -,MODEL_PREDICTION_NOT_EMPIRICAL,cuda,on,2.11.0+cu128,12.8,NVIDIA GeForce RTX 3090,7.55442660022527,632516608,0.9949935483746231
VER-05,B3,1100,maia3-79m,7,g2g3,g3,0.005486204754561186,0.9949935483746231,0.5340501062016194,492,25,483,rnbqkb1r/pp2pp1p/5p2/2pp4/3P4/2N5/PPP1PPPP/R2QKBNR w KQkq -,MODEL_PREDICTION_NOT_EMPIRICAL,cuda,on,2.11.0+cu128,12.8,NVIDIA GeForce RTX 3090,7.55442660022527,632516608,0.9949935483746231
VER-05,B3,1100,maia3-79m,8,d1d2,Qd2,0.004995246417820454,0.9949935483746231,0.5340501062016194,487,22,491,rnbqkb1r/pp2pp1p/5p2/2pp4/3P4/2N5/PPP1PPPP/R2QKBNR w KQkq -,MODEL_PREDICTION_NOT_EMPIRICAL,cuda,on,2.11.0+cu128,12.8,NVIDIA GeForce RTX 3090,7.55442660022527,632516608,0.9949935483746231
VER-05,B3,1100,maia3-79m,9,f2f3,f3,0.0031751717906445265,0.9949935483746231,0.5340501062016194,455,27,518,rnbqkb1r/pp2pp1p/5p2/2pp4/3P4/2N5/PPP1PPPP/R2QKBNR w KQkq -,MODEL_PREDICTION_NOT_EMPIRICAL,cuda,on,2.11.0+cu128,12.8,NVIDIA GeForce RTX 3090,7.55442660022527,632516608,0.9949935483746231
VER-05,B3,1100,maia3-79m,10,c3b5,Nb5,0.0020182619336992502,0.9949935483746231,0.5340501062016194,421,24,555,rnbqkb1r/pp2pp1p/5p2/2pp4/3P4/2N5/PPP1PPPP/R2QKBNR w KQkq -,MODEL_PREDICTION_NOT_EMPIRICAL,cuda,on,2.11.0+cu128,12.8,NVIDIA GeForce RTX 3090,7.55442660022527,632516608,0.9949935483746231
VER-05,B3,1300,maia3-79m,1,d4c5,dxc5,0.5754950046539307,0.9953418916556984,0.5472171207090663,506,25,469,rnbqkb1r/pp2pp1p/5p2/2pp4/3P4/2N5/PPP1PPPP/R2QKBNR w KQkq -,MODEL_PREDICTION_NOT_EMPIRICAL,cuda,on,2.11.0+cu128,12.8,NVIDIA GeForce RTX 3090,7.55442660022527,632516608,0.9953418916556984
VER-05,B3,1300,maia3-79m,2,e2e3,e3,0.16488207876682281,0.9953418916556984,0.5472171207090663,519,25,456,rnbqkb1r/pp2pp1p/5p2/2pp4/3P4/2N5/PPP1PPPP/R2QKBNR w KQkq -,MODEL_PREDICTION_NOT_EMPIRICAL,cuda,on,2.11.0+cu128,12.8,NVIDIA GeForce RTX 3090,7.55442660022527,632516608,0.9953418916556984
VER-05,B3,1300,maia3-79m,3,e2e4,e4,0.12641946971416473,0.9953418916556984,0.5472171207090663,519,24,457,rnbqkb1r/pp2pp1p/5p2/2pp4/3P4/2N5/PPP1PPPP/R2QKBNR w KQkq -,MODEL_PREDICTION_NOT_EMPIRICAL,cuda,on,2.11.0+cu128,12.8,NVIDIA GeForce RTX 3090,7.55442660022527,632516608,0.9953418916556984
VER-05,B3,1300,maia3-79m,4,g1f3,Nf3,0.09845558553934097,0.9953418916556984,0.5472171207090663,506,25,469,rnbqkb1r/pp2pp1p/5p2/2pp4/3P4/2N5/PPP1PPPP/R2QKBNR w KQkq -,MODEL_PREDICTION_NOT_EMPIRICAL,cuda,on,2.11.0+cu128,12.8,NVIDIA GeForce RTX 3090,7.55442660022527,632516608,0.9953418916556984
VER-05,B3,1300,maia3-79m,5,d1d3,Qd3,0.010216259397566319,0.9953418916556984,0.5472171207090663,479,21,500,rnbqkb1r/pp2pp1p/5p2/2pp4/3P4/2N5/PPP1PPPP/R2QKBNR w KQkq -,MODEL_PREDICTION_NOT_EMPIRICAL,cuda,on,2.11.0+cu128,12.8,NVIDIA GeForce RTX 3090,7.55442660022527,632516608,0.9953418916556984
VER-05,B3,1300,maia3-79m,6,d1d2,Qd2,0.005468369927257299,0.9953418916556984,0.5472171207090663,486,22,492,rnbqkb1r/pp2pp1p/5p2/2pp4/3P4/2N5/PPP1PPPP/R2QKBNR w KQkq -,MODEL_PREDICTION_NOT_EMPIRICAL,cuda,on,2.11.0+cu128,12.8,NVIDIA GeForce RTX 3090,7.55442660022527,632516608,0.9953418916556984
VER-05,B3,1300,maia3-79m,7,c3d5,Nxd5,0.005137057974934578,0.9953418916556984,0.5472171207090663,296,21,683,rnbqkb1r/pp2pp1p/5p2/2pp4/3P4/2N5/PPP1PPPP/R2QKBNR w KQkq -,MODEL_PREDICTION_NOT_EMPIRICAL,cuda,on,2.11.0+cu128,12.8,NVIDIA GeForce RTX 3090,7.55442660022527,632516608,0.9953418916556984
VER-05,B3,1300,maia3-79m,8,g2g3,g3,0.004901815205812454,0.9953418916556984,0.5472171207090663,489,24,487,rnbqkb1r/pp2pp1p/5p2/2pp4/3P4/2N5/PPP1PPPP/R2QKBNR w KQkq -,MODEL_PREDICTION_NOT_EMPIRICAL,cuda,on,2.11.0+cu128,12.8,NVIDIA GeForce RTX 3090,7.55442660022527,632516608,0.9953418916556984
VER-05,B3,1300,maia3-79m,9,f2f3,f3,0.002562973415479064,0.9953418916556984,0.5472171207090663,445,25,530,rnbqkb1r/pp2pp1p/5p2/2pp4/3P4/2N5/PPP1PPPP/R2QKBNR w KQkq -,MODEL_PREDICTION_NOT_EMPIRICAL,cuda,on,2.11.0+cu128,12.8,NVIDIA GeForce RTX 3090,7.55442660022527,632516608,0.9953418916556984
VER-05,B3,1300,maia3-79m,10,h2h3,h3,0.0018032770603895187,0.9953418916556984,0.5472171207090663,465,24,511,rnbqkb1r/pp2pp1p/5p2/2pp4/3P4/2N5/PPP1PPPP/R2QKBNR w KQkq -,MODEL_PREDICTION_NOT_EMPIRICAL,cuda,on,2.11.0+cu128,12.8,NVIDIA GeForce RTX 3090,7.55442660022527,632516608,0.9953418916556984
VER-05,B3,1500,maia3-79m,1,d4c5,dxc5,0.560076892375946,0.9957896522246301,0.5521940069183745,509,26,465,rnbqkb1r/pp2pp1p/5p2/2pp4/3P4/2N5/PPP1PPPP/R2QKBNR w KQkq -,MODEL_PREDICTION_NOT_EMPIRICAL,cuda,on,2.11.0+cu128,12.8,NVIDIA GeForce RTX 3090,7.55442660022527,632516608,0.9957896522246301
VER-05,B3,1500,maia3-79m,2,e2e3,e3,0.17901134490966797,0.9957896522246301,0.5521940069183745,513,26,461,rnbqkb1r/pp2pp1p/5p2/2pp4/3P4/2N5/PPP1PPPP/R2QKBNR w KQkq -,MODEL_PREDICTION_NOT_EMPIRICAL,cuda,on,2.11.0+cu128,12.8,NVIDIA GeForce RTX 3090,7.55442660022527,632516608,0.9957896522246301
VER-05,B3,1500,maia3-79m,3,e2e4,e4,0.1289370357990265,0.9957896522246301,0.5521940069183745,518,25,457,rnbqkb1r/pp2pp1p/5p2/2pp4/3P4/2N5/PPP1PPPP/R2QKBNR w KQkq -,MODEL_PREDICTION_NOT_EMPIRICAL,cuda,on,2.11.0+cu128,12.8,NVIDIA GeForce RTX 3090,7.55442660022527,632516608,0.9957896522246301
VER-05,B3,1500,maia3-79m,4,g1f3,Nf3,0.10041626542806625,0.9957896522246301,0.5521940069183745,500,25,475,rnbqkb1r/pp2pp1p/5p2/2pp4/3P4/2N5/PPP1PPPP/R2QKBNR w KQkq -,MODEL_PREDICTION_NOT_EMPIRICAL,cuda,on,2.11.0+cu128,12.8,NVIDIA GeForce RTX 3090,7.55442660022527,632516608,0.9957896522246301
VER-05,B3,1500,maia3-79m,5,d1d3,Qd3,0.008912449702620506,0.9957896522246301,0.5521940069183745,474,22,504,rnbqkb1r/pp2pp1p/5p2/2pp4/3P4/2N5/PPP1PPPP/R2QKBNR w KQkq -,MODEL_PREDICTION_NOT_EMPIRICAL,cuda,on,2.11.0+cu128,12.8,NVIDIA GeForce RTX 3090,7.55442660022527,632516608,0.9957896522246301
VER-05,B3,1500,maia3-79m,6,d1d2,Qd2,0.0059369713999331,0.9957896522246301,0.5521940069183745,484,23,493,rnbqkb1r/pp2pp1p/5p2/2pp4/3P4/2N5/PPP1PPPP/R2QKBNR w KQkq -,MODEL_PREDICTION_NOT_EMPIRICAL,cuda,on,2.11.0+cu128,12.8,NVIDIA GeForce RTX 3090,7.55442660022527,632516608,0.9957896522246301
VER-05,B3,1500,maia3-79m,7,g2g3,g3,0.004845614545047283,0.9957896522246301,0.5521940069183745,487,25,488,rnbqkb1r/pp2pp1p/5p2/2pp4/3P4/2N5/PPP1PPPP/R2QKBNR w KQkq -,MODEL_PREDICTION_NOT_EMPIRICAL,cuda,on,2.11.0+cu128,12.8,NVIDIA GeForce RTX 3090,7.55442660022527,632516608,0.9957896522246301
VER-05,B3,1500,maia3-79m,8,c3d5,Nxd5,0.003128564218059182,0.9957896522246301,0.5521940069183745,266,18,716,rnbqkb1r/pp2pp1p/5p2/2pp4/3P4/2N5/PPP1PPPP/R2QKBNR w KQkq -,MODEL_PREDICTION_NOT_EMPIRICAL,cuda,on,2.11.0+cu128,12.8,NVIDIA GeForce RTX 3090,7.55442660022527,632516608,0.9957896522246301
VER-05,B3,1500,maia3-79m,9,h2h3,h3,0.0022710938937962055,0.9957896522246301,0.5521940069183745,462,25,513,rnbqkb1r/pp2pp1p/5p2/2pp4/3P4/2N5/PPP1PPPP/R2QKBNR w KQkq -,MODEL_PREDICTION_NOT_EMPIRICAL,cuda,on,2.11.0+cu128,12.8,NVIDIA GeForce RTX 3090,7.55442660022527,632516608,0.9957896522246301
VER-05,B3,1500,maia3-79m,10,f2f3,f3,0.002253419952467084,0.9957896522246301,0.5521940069183745,439,26,535,rnbqkb1r/pp2pp1p/5p2/2pp4/3P4/2N5/PPP1PPPP/R2QKBNR w KQkq -,MODEL_PREDICTION_NOT_EMPIRICAL,cuda,on,2.11.0+cu128,12.8,NVIDIA GeForce RTX 3090,7.55442660022527,632516608,0.9957896522246301
VER-05,B3,1700,maia3-79m,1,d4c5,dxc5,0.548528790473938,0.9965674971463159,0.5501869189993838,512,29,459,rnbqkb1r/pp2pp1p/5p2/2pp4/3P4/2N5/PPP1PPPP/R2QKBNR w KQkq -,MODEL_PREDICTION_NOT_EMPIRICAL,cuda,on,2.11.0+cu128,12.8,NVIDIA GeForce RTX 3090,7.55442660022527,632516608,0.9965674971463159
VER-05,B3,1700,maia3-79m,2,e2e3,e3,0.1895664930343628,0.9965674971463159,0.5501869189993838,510,29,461,rnbqkb1r/pp2pp1p/5p2/2pp4/3P4/2N5/PPP1PPPP/R2QKBNR w KQkq -,MODEL_PREDICTION_NOT_EMPIRICAL,cuda,on,2.11.0+cu128,12.8,NVIDIA GeForce RTX 3090,7.55442660022527,632516608,0.9965674971463159
VER-05,B3,1700,maia3-79m,3,e2e4,e4,0.14087384939193726,0.9965674971463159,0.5501869189993838,524,28,448,rnbqkb1r/pp2pp1p/5p2/2pp4/3P4/2N5/PPP1PPPP/R2QKBNR w KQkq -,MODEL_PREDICTION_NOT_EMPIRICAL,cuda,on,2.11.0+cu128,12.8,NVIDIA GeForce RTX 3090,7.55442660022527,632516608,0.9965674971463159
VER-05,B3,1700,maia3-79m,4,g1f3,Nf3,0.09532000124454498,0.9965674971463159,0.5501869189993838,499,28,473,rnbqkb1r/pp2pp1p/5p2/2pp4/3P4/2N5/PPP1PPPP/R2QKBNR w KQkq -,MODEL_PREDICTION_NOT_EMPIRICAL,cuda,on,2.11.0+cu128,12.8,NVIDIA GeForce RTX 3090,7.55442660022527,632516608,0.9965674971463159
VER-05,B3,1700,maia3-79m,5,d1d3,Qd3,0.005999131593853235,0.9965674971463159,0.5501869189993838,470,24,506,rnbqkb1r/pp2pp1p/5p2/2pp4/3P4/2N5/PPP1PPPP/R2QKBNR w KQkq -,MODEL_PREDICTION_NOT_EMPIRICAL,cuda,on,2.11.0+cu128,12.8,NVIDIA GeForce RTX 3090,7.55442660022527,632516608,0.9965674971463159
VER-05,B3,1700,maia3-79m,6,d1d2,Qd2,0.005462271627038717,0.9965674971463159,0.5501869189993838,485,25,490,rnbqkb1r/pp2pp1p/5p2/2pp4/3P4/2N5/PPP1PPPP/R2QKBNR w KQkq -,MODEL_PREDICTION_NOT_EMPIRICAL,cuda,on,2.11.0+cu128,12.8,NVIDIA GeForce RTX 3090,7.55442660022527,632516608,0.9965674971463159
VER-05,B3,1700,maia3-79m,7,g2g3,g3,0.004896348342299461,0.9965674971463159,0.5501869189993838,487,28,485,rnbqkb1r/pp2pp1p/5p2/2pp4/3P4/2N5/PPP1PPPP/R2QKBNR w KQkq -,MODEL_PREDICTION_NOT_EMPIRICAL,cuda,on,2.11.0+cu128,12.8,NVIDIA GeForce RTX 3090,7.55442660022527,632516608,0.9965674971463159
VER-05,B3,1700,maia3-79m,8,f2f3,f3,0.002172741573303938,0.9965674971463159,0.5501869189993838,441,28,531,rnbqkb1r/pp2pp1p/5p2/2pp4/3P4/2N5/PPP1PPPP/R2QKBNR w KQkq -,MODEL_PREDICTION_NOT_EMPIRICAL,cuda,on,2.11.0+cu128,12.8,NVIDIA GeForce RTX 3090,7.55442660022527,632516608,0.9965674971463159
VER-05,B3,1700,maia3-79m,9,a2a3,a3,0.0019324762979522347,0.9965674971463159,0.5501869189993838,465,28,507,rnbqkb1r/pp2pp1p/5p2/2pp4/3P4/2N5/PPP1PPPP/R2QKBNR w KQkq -,MODEL_PREDICTION_NOT_EMPIRICAL,cuda,on,2.11.0+cu128,12.8,NVIDIA GeForce RTX 3090,7.55442660022527,632516608,0.9965674971463159
VER-05,B3,1700,maia3-79m,10,h2h3,h3,0.0018153935670852661,0.9965674971463159,0.5501869189993838,463,28,509,rnbqkb1r/pp2pp1p/5p2/2pp4/3P4/2N5/PPP1PPPP/R2QKBNR w KQkq -,MODEL_PREDICTION_NOT_EMPIRICAL,cuda,on,2.11.0+cu128,12.8,NVIDIA GeForce RTX 3090,7.55442660022527,632516608,0.9965674971463159
VER-05,B3,1900,maia3-79m,1,d4c5,dxc5,0.4565625488758087,0.9981012133066542,0.577630160979592,511,33,456,rnbqkb1r/pp2pp1p/5p2/2pp4/3P4/2N5/PPP1PPPP/R2QKBNR w KQkq -,MODEL_PREDICTION_NOT_EMPIRICAL,cuda,on,2.11.0+cu128,12.8,NVIDIA GeForce RTX 3090,7.55442660022527,632516608,0.9981012133066542
VER-05,B3,1900,maia3-79m,2,e2e4,e4,0.21906109154224396,0.9981012133066542,0.577630160979592,540,32,428,rnbqkb1r/pp2pp1p/5p2/2pp4/3P4/2N5/PPP1PPPP/R2QKBNR w KQkq -,MODEL_PREDICTION_NOT_EMPIRICAL,cuda,on,2.11.0+cu128,12.8,NVIDIA GeForce RTX 3090,7.55442660022527,632516608,0.9981012133066542
VER-05,B3,1900,maia3-79m,3,e2e3,e3,0.21566487848758698,0.9981012133066542,0.577630160979592,518,34,448,rnbqkb1r/pp2pp1p/5p2/2pp4/3P4/2N5/PPP1PPPP/R2QKBNR w KQkq -,MODEL_PREDICTION_NOT_EMPIRICAL,cuda,on,2.11.0+cu128,12.8,NVIDIA GeForce RTX 3090,7.55442660022527,632516608,0.9981012133066542
VER-05,B3,1900,maia3-79m,4,g1f3,Nf3,0.09131824970245361,0.9981012133066542,0.577630160979592,507,33,460,rnbqkb1r/pp2pp1p/5p2/2pp4/3P4/2N5/PPP1PPPP/R2QKBNR w KQkq -,MODEL_PREDICTION_NOT_EMPIRICAL,cuda,on,2.11.0+cu128,12.8,NVIDIA GeForce RTX 3090,7.55442660022527,632516608,0.9981012133066542
VER-05,B3,1900,maia3-79m,5,g2g3,g3,0.004915904253721237,0.9981012133066542,0.577630160979592,494,33,473,rnbqkb1r/pp2pp1p/5p2/2pp4/3P4/2N5/PPP1PPPP/R2QKBNR w KQkq -,MODEL_PREDICTION_NOT_EMPIRICAL,cuda,on,2.11.0+cu128,12.8,NVIDIA GeForce RTX 3090,7.55442660022527,632516608,0.9981012133066542
VER-05,B3,1900,maia3-79m,6,d1d2,Qd2,0.003769154427573085,0.9981012133066542,0.577630160979592,493,30,477,rnbqkb1r/pp2pp1p/5p2/2pp4/3P4/2N5/PPP1PPPP/R2QKBNR w KQkq -,MODEL_PREDICTION_NOT_EMPIRICAL,cuda,on,2.11.0+cu128,12.8,NVIDIA GeForce RTX 3090,7.55442660022527,632516608,0.9981012133066542
VER-05,B3,1900,maia3-79m,7,d1d3,Qd3,0.0026312940753996372,0.9981012133066542,0.577630160979592,473,28,499,rnbqkb1r/pp2pp1p/5p2/2pp4/3P4/2N5/PPP1PPPP/R2QKBNR w KQkq -,MODEL_PREDICTION_NOT_EMPIRICAL,cuda,on,2.11.0+cu128,12.8,NVIDIA GeForce RTX 3090,7.55442660022527,632516608,0.9981012133066542
VER-05,B3,1900,maia3-79m,8,f2f3,f3,0.0018952498212456703,0.9981012133066542,0.577630160979592,444,32,524,rnbqkb1r/pp2pp1p/5p2/2pp4/3P4/2N5/PPP1PPPP/R2QKBNR w KQkq -,MODEL_PREDICTION_NOT_EMPIRICAL,cuda,on,2.11.0+cu128,12.8,NVIDIA GeForce RTX 3090,7.55442660022527,632516608,0.9981012133066542
VER-05,B3,1900,maia3-79m,9,a2a3,a3,0.0014418300706893206,0.9981012133066542,0.577630160979592,472,32,496,rnbqkb1r/pp2pp1p/5p2/2pp4/3P4/2N5/PPP1PPPP/R2QKBNR w KQkq -,MODEL_PREDICTION_NOT_EMPIRICAL,cuda,on,2.11.0+cu128,12.8,NVIDIA GeForce RTX 3090,7.55442660022527,632516608,0.9981012133066542
VER-05,B3,1900,maia3-79m,10,h2h3,h3,0.0008410120499320328,0.9981012133066542,0.577630160979592,470,33,497,rnbqkb1r/pp2pp1p/5p2/2pp4/3P4/2N5/PPP1PPPP/R2QKBNR w KQkq -,MODEL_PREDICTION_NOT_EMPIRICAL,cuda,on,2.11.0+cu128,12.8,NVIDIA GeForce RTX 3090,7.55442660022527,632516608,0.9981012133066542
VER-05,B3,2100,maia3-79m,1,e2e4,e4,0.4271155297756195,0.9992887408006936,0.5639794127695257,546,40,414,rnbqkb1r/pp2pp1p/5p2/2pp4/3P4/2N5/PPP1PPPP/R2QKBNR w KQkq -,MODEL_PREDICTION_NOT_EMPIRICAL,cuda,on,2.11.0+cu128,12.8,NVIDIA GeForce RTX 3090,7.55442660022527,632516608,0.9992887408006936
VER-05,B3,2100,maia3-79m,2,d4c5,dxc5,0.26728206872940063,0.9992887408006936,0.5639794127695257,510,41,449,rnbqkb1r/pp2pp1p/5p2/2pp4/3P4/2N5/PPP1PPPP/R2QKBNR w KQkq -,MODEL_PREDICTION_NOT_EMPIRICAL,cuda,on,2.11.0+cu128,12.8,NVIDIA GeForce RTX 3090,7.55442660022527,632516608,0.9992887408006936
VER-05,B3,2100,maia3-79m,3,e2e3,e3,0.22158461809158325,0.9992887408006936,0.5639794127695257,517,42,441,rnbqkb1r/pp2pp1p/5p2/2pp4/3P4/2N5/PPP1PPPP/R2QKBNR w KQkq -,MODEL_PREDICTION_NOT_EMPIRICAL,cuda,on,2.11.0+cu128,12.8,NVIDIA GeForce RTX 3090,7.55442660022527,632516608,0.9992887408006936
VER-05,B3,2100,maia3-79m,4,g1f3,Nf3,0.07422154396772385,0.9992887408006936,0.5639794127695257,503,42,455,rnbqkb1r/pp2pp1p/5p2/2pp4/3P4/2N5/PPP1PPPP/R2QKBNR w KQkq -,MODEL_PREDICTION_NOT_EMPIRICAL,cuda,on,2.11.0+cu128,12.8,NVIDIA GeForce RTX 3090,7.55442660022527,632516608,0.9992887408006936
VER-05,B3,2100,maia3-79m,5,g2g3,g3,0.004671263042837381,0.9992887408006936,0.5639794127695257,495,40,465,rnbqkb1r/pp2pp1p/5p2/2pp4/3P4/2N5/PPP1PPPP/R2QKBNR w KQkq -,MODEL_PREDICTION_NOT_EMPIRICAL,cuda,on,2.11.0+cu128,12.8,NVIDIA GeForce RTX 3090,7.55442660022527,632516608,0.9992887408006936
VER-05,B3,2100,maia3-79m,6,d1d2,Qd2,0.0015893173404037952,0.9992887408006936,0.5639794127695257,489,36,475,rnbqkb1r/pp2pp1p/5p2/2pp4/3P4/2N5/PPP1PPPP/R2QKBNR w KQkq -,MODEL_PREDICTION_NOT_EMPIRICAL,cuda,on,2.11.0+cu128,12.8,NVIDIA GeForce RTX 3090,7.55442660022527,632516608,0.9992887408006936
VER-05,B3,2100,maia3-79m,7,f2f3,f3,0.0009490247466601431,0.9992887408006936,0.5639794127695257,442,38,520,rnbqkb1r/pp2pp1p/5p2/2pp4/3P4/2N5/PPP1PPPP/R2QKBNR w KQkq -,MODEL_PREDICTION_NOT_EMPIRICAL,cuda,on,2.11.0+cu128,12.8,NVIDIA GeForce RTX 3090,7.55442660022527,632516608,0.9992887408006936
VER-05,B3,2100,maia3-79m,8,d1d3,Qd3,0.0009126681252382696,0.9992887408006936,0.5639794127695257,472,34,494,rnbqkb1r/pp2pp1p/5p2/2pp4/3P4/2N5/PPP1PPPP/R2QKBNR w KQkq -,MODEL_PREDICTION_NOT_EMPIRICAL,cuda,on,2.11.0+cu128,12.8,NVIDIA GeForce RTX 3090,7.55442660022527,632516608,0.9992887408006936
VER-05,B3,2100,maia3-79m,9,a2a3,a3,0.0005282118218019605,0.9992887408006936,0.5639794127695257,473,40,487,rnbqkb1r/pp2pp1p/5p2/2pp4/3P4/2N5/PPP1PPPP/R2QKBNR w KQkq -,MODEL_PREDICTION_NOT_EMPIRICAL,cuda,on,2.11.0+cu128,12.8,NVIDIA GeForce RTX 3090,7.55442660022527,632516608,0.9992887408006936
VER-05,B3,2100,maia3-79m,10,c3d5,Nxd5,0.0004344951594248414,0.9992887408006936,0.5639794127695257,225,22,753,rnbqkb1r/pp2pp1p/5p2/2pp4/3P4/2N5/PPP1PPPP/R2QKBNR w KQkq -,MODEL_PREDICTION_NOT_EMPIRICAL,cuda,on,2.11.0+cu128,12.8,NVIDIA GeForce RTX 3090,7.55442660022527,632516608,0.9992887408006936
LON-10,B4,1100,maia3-79m,1,a1c1,Rc1,0.4830600321292877,0.9665678162127733,0.647726616226754,478,20,502,r1b1kb1r/pp2pppp/2n2n2/2Pp4/5B2/2q1PN2/P2N1PPP/R2QKB1R w KQkq -,MODEL_PREDICTION_NOT_EMPIRICAL,cuda,on,2.11.0+cu128,12.8,NVIDIA GeForce RTX 3090,7.55442660022527,632516608,0.9665678162127733
LON-10,B4,1100,maia3-79m,2,f1b5,Bb5,0.22116100788116455,0.9665678162127733,0.647726616226754,462,22,516,r1b1kb1r/pp2pppp/2n2n2/2Pp4/5B2/2q1PN2/P2N1PPP/R2QKB1R w KQkq -,MODEL_PREDICTION_NOT_EMPIRICAL,cuda,on,2.11.0+cu128,12.8,NVIDIA GeForce RTX 3090,7.55442660022527,632516608,0.9665678162127733
LON-10,B4,1100,maia3-79m,3,f1e2,Be2,0.1061142086982727,0.9665678162127733,0.647726616226754,455,22,523,r1b1kb1r/pp2pppp/2n2n2/2Pp4/5B2/2q1PN2/P2N1PPP/R2QKB1R w KQkq -,MODEL_PREDICTION_NOT_EMPIRICAL,cuda,on,2.11.0+cu128,12.8,NVIDIA GeForce RTX 3090,7.55442660022527,632516608,0.9665678162127733
LON-10,B4,1100,maia3-79m,4,f4e5,Be5,0.039651982486248016,0.9665678162127733,0.647726616226754,326,18,656,r1b1kb1r/pp2pppp/2n2n2/2Pp4/5B2/2q1PN2/P2N1PPP/R2QKB1R w KQkq -,MODEL_PREDICTION_NOT_EMPIRICAL,cuda,on,2.11.0+cu128,12.8,NVIDIA GeForce RTX 3090,7.55442660022527,632516608,0.9665678162127733
LON-10,B4,1100,maia3-79m,5,f3e5,Ne5,0.03843202069401741,0.9665678162127733,0.647726616226754,326,20,654,r1b1kb1r/pp2pppp/2n2n2/2Pp4/5B2/2q1PN2/P2N1PPP/R2QKB1R w KQkq -,MODEL_PREDICTION_NOT_EMPIRICAL,cuda,on,2.11.0+cu128,12.8,NVIDIA GeForce RTX 3090,7.55442660022527,632516608,0.9665678162127733
LON-10,B4,1100,maia3-79m,6,d1c1,Qc1,0.030880993232131004,0.9665678162127733,0.647726616226754,406,31,563,r1b1kb1r/pp2pppp/2n2n2/2Pp4/5B2/2q1PN2/P2N1PPP/R2QKB1R w KQkq -,MODEL_PREDICTION_NOT_EMPIRICAL,cuda,on,2.11.0+cu128,12.8,NVIDIA GeForce RTX 3090,7.55442660022527,632516608,0.9665678162127733
LON-10,B4,1100,maia3-79m,7,f3d4,Nd4,0.017322668805718422,0.9665678162127733,0.647726616226754,371,19,610,r1b1kb1r/pp2pppp/2n2n2/2Pp4/5B2/2q1PN2/P2N1PPP/R2QKB1R w KQkq -,MODEL_PREDICTION_NOT_EMPIRICAL,cuda,on,2.11.0+cu128,12.8,NVIDIA GeForce RTX 3090,7.55442660022527,632516608,0.9665678162127733
LON-10,B4,1100,maia3-79m,8,d1a4,Qa4,0.011539384722709656,0.9665678162127733,0.647726616226754,249,15,736,r1b1kb1r/pp2pppp/2n2n2/2Pp4/5B2/2q1PN2/P2N1PPP/R2QKB1R w KQkq -,MODEL_PREDICTION_NOT_EMPIRICAL,cuda,on,2.11.0+cu128,12.8,NVIDIA GeForce RTX 3090,7.55442660022527,632516608,0.9665678162127733
LON-10,B4,1100,maia3-79m,9,d1b3,Qb3,0.01118435524404049,0.9665678162127733,0.647726616226754,275,23,702,r1b1kb1r/pp2pppp/2n2n2/2Pp4/5B2/2q1PN2/P2N1PPP/R2QKB1R w KQkq -,MODEL_PREDICTION_NOT_EMPIRICAL,cuda,on,2.11.0+cu128,12.8,NVIDIA GeForce RTX 3090,7.55442660022527,632516608,0.9665678162127733
LON-10,B4,1100,maia3-79m,10,a1b1,Rb1,0.00722116231918335,0.9665678162127733,0.647726616226754,450,21,529,r1b1kb1r/pp2pppp/2n2n2/2Pp4/5B2/2q1PN2/P2N1PPP/R2QKB1R w KQkq -,MODEL_PREDICTION_NOT_EMPIRICAL,cuda,on,2.11.0+cu128,12.8,NVIDIA GeForce RTX 3090,7.55442660022527,632516608,0.9665678162127733
LON-10,B4,1300,maia3-79m,1,a1c1,Rc1,0.5038363933563232,0.9798253960907459,0.6099329119073168,461,19,520,r1b1kb1r/pp2pppp/2n2n2/2Pp4/5B2/2q1PN2/P2N1PPP/R2QKB1R w KQkq -,MODEL_PREDICTION_NOT_EMPIRICAL,cuda,on,2.11.0+cu128,12.8,NVIDIA GeForce RTX 3090,7.55442660022527,632516608,0.9798253960907459
LON-10,B4,1300,maia3-79m,2,f1b5,Bb5,0.22709687054157257,0.9798253960907459,0.6099329119073168,465,22,513,r1b1kb1r/pp2pppp/2n2n2/2Pp4/5B2/2q1PN2/P2N1PPP/R2QKB1R w KQkq -,MODEL_PREDICTION_NOT_EMPIRICAL,cuda,on,2.11.0+cu128,12.8,NVIDIA GeForce RTX 3090,7.55442660022527,632516608,0.9798253960907459
LON-10,B4,1300,maia3-79m,3,f1e2,Be2,0.13560572266578674,0.9798253960907459,0.6099329119073168,452,21,527,r1b1kb1r/pp2pppp/2n2n2/2Pp4/5B2/2q1PN2/P2N1PPP/R2QKB1R w KQkq -,MODEL_PREDICTION_NOT_EMPIRICAL,cuda,on,2.11.0+cu128,12.8,NVIDIA GeForce RTX 3090,7.55442660022527,632516608,0.9798253960907459
LON-10,B4,1300,maia3-79m,4,f4e5,Be5,0.029326792806386948,0.9798253960907459,0.6099329119073168,289,17,694,r1b1kb1r/pp2pppp/2n2n2/2Pp4/5B2/2q1PN2/P2N1PPP/R2QKB1R w KQkq -,MODEL_PREDICTION_NOT_EMPIRICAL,cuda,on,2.11.0+cu128,12.8,NVIDIA GeForce RTX 3090,7.55442660022527,632516608,0.9798253960907459
LON-10,B4,1300,maia3-79m,5,f3e5,Ne5,0.023564742878079414,0.9798253960907459,0.6099329119073168,315,19,666,r1b1kb1r/pp2pppp/2n2n2/2Pp4/5B2/2q1PN2/P2N1PPP/R2QKB1R w KQkq -,MODEL_PREDICTION_NOT_EMPIRICAL,cuda,on,2.11.0+cu128,12.8,NVIDIA GeForce RTX 3090,7.55442660022527,632516608,0.9798253960907459
LON-10,B4,1300,maia3-79m,6,d1c1,Qc1,0.022137027233839035,0.9798253960907459,0.6099329119073168,385,31,584,r1b1kb1r/pp2pppp/2n2n2/2Pp4/5B2/2q1PN2/P2N1PPP/R2QKB1R w KQkq -,MODEL_PREDICTION_NOT_EMPIRICAL,cuda,on,2.11.0+cu128,12.8,NVIDIA GeForce RTX 3090,7.55442660022527,632516608,0.9798253960907459
LON-10,B4,1300,maia3-79m,7,f3d4,Nd4,0.015944700688123703,0.9798253960907459,0.6099329119073168,367,19,614,r1b1kb1r/pp2pppp/2n2n2/2Pp4/5B2/2q1PN2/P2N1PPP/R2QKB1R w KQkq -,MODEL_PREDICTION_NOT_EMPIRICAL,cuda,on,2.11.0+cu128,12.8,NVIDIA GeForce RTX 3090,7.55442660022527,632516608,0.9798253960907459
LON-10,B4,1300,maia3-79m,8,d1b3,Qb3,0.008272002451121807,0.9798253960907459,0.6099329119073168,257,20,723,r1b1kb1r/pp2pppp/2n2n2/2Pp4/5B2/2q1PN2/P2N1PPP/R2QKB1R w KQkq -,MODEL_PREDICTION_NOT_EMPIRICAL,cuda,on,2.11.0+cu128,12.8,NVIDIA GeForce RTX 3090,7.55442660022527,632516608,0.9798253960907459
LON-10,B4,1300,maia3-79m,9,d1a4,Qa4,0.007075418718159199,0.9798253960907459,0.6099329119073168,225,13,762,r1b1kb1r/pp2pppp/2n2n2/2Pp4/5B2/2q1PN2/P2N1PPP/R2QKB1R w KQkq -,MODEL_PREDICTION_NOT_EMPIRICAL,cuda,on,2.11.0+cu128,12.8,NVIDIA GeForce RTX 3090,7.55442660022527,632516608,0.9798253960907459
LON-10,B4,1300,maia3-79m,10,a1b1,Rb1,0.006965724751353264,0.9798253960907459,0.6099329119073168,444,21,535,r1b1kb1r/pp2pppp/2n2n2/2Pp4/5B2/2q1PN2/P2N1PPP/R2QKB1R w KQkq -,MODEL_PREDICTION_NOT_EMPIRICAL,cuda,on,2.11.0+cu128,12.8,NVIDIA GeForce RTX 3090,7.55442660022527,632516608,0.9798253960907459
LON-10,B4,1500,maia3-79m,1,a1c1,Rc1,0.5309064388275146,0.9871847149915993,0.5683389398799079,449,19,532,r1b1kb1r/pp2pppp/2n2n2/2Pp4/5B2/2q1PN2/P2N1PPP/R2QKB1R w KQkq -,MODEL_PREDICTION_NOT_EMPIRICAL,cuda,on,2.11.0+cu128,12.8,NVIDIA GeForce RTX 3090,7.55442660022527,632516608,0.9871847149915993
LON-10,B4,1500,maia3-79m,2,f1b5,Bb5,0.2213147133588791,0.9871847149915993,0.5683389398799079,468,23,509,r1b1kb1r/pp2pppp/2n2n2/2Pp4/5B2/2q1PN2/P2N1PPP/R2QKB1R w KQkq -,MODEL_PREDICTION_NOT_EMPIRICAL,cuda,on,2.11.0+cu128,12.8,NVIDIA GeForce RTX 3090,7.55442660022527,632516608,0.9871847149915993
LON-10,B4,1500,maia3-79m,3,f1e2,Be2,0.15450257062911987,0.9871847149915993,0.5683389398799079,447,22,531,r1b1kb1r/pp2pppp/2n2n2/2Pp4/5B2/2q1PN2/P2N1PPP/R2QKB1R w KQkq -,MODEL_PREDICTION_NOT_EMPIRICAL,cuda,on,2.11.0+cu128,12.8,NVIDIA GeForce RTX 3090,7.55442660022527,632516608,0.9871847149915993
LON-10,B4,1500,maia3-79m,4,f4e5,Be5,0.019038453698158264,0.9871847149915993,0.5683389398799079,265,16,719,r1b1kb1r/pp2pppp/2n2n2/2Pp4/5B2/2q1PN2/P2N1PPP/R2QKB1R w KQkq -,MODEL_PREDICTION_NOT_EMPIRICAL,cuda,on,2.11.0+cu128,12.8,NVIDIA GeForce RTX 3090,7.55442660022527,632516608,0.9871847149915993
LON-10,B4,1500,maia3-79m,5,d1c1,Qc1,0.01706595905125141,0.9871847149915993,0.5683389398799079,372,32,596,r1b1kb1r/pp2pppp/2n2n2/2Pp4/5B2/2q1PN2/P2N1PPP/R2QKB1R w KQkq -,MODEL_PREDICTION_NOT_EMPIRICAL,cuda,on,2.11.0+cu128,12.8,NVIDIA GeForce RTX 3090,7.55442660022527,632516608,0.9871847149915993
LON-10,B4,1500,maia3-79m,6,f3d4,Nd4,0.01392882876098156,0.9871847149915993,0.5683389398799079,366,19,615,r1b1kb1r/pp2pppp/2n2n2/2Pp4/5B2/2q1PN2/P2N1PPP/R2QKB1R w KQkq -,MODEL_PREDICTION_NOT_EMPIRICAL,cuda,on,2.11.0+cu128,12.8,NVIDIA GeForce RTX 3090,7.55442660022527,632516608,0.9871847149915993
LON-10,B4,1500,maia3-79m,7,f3e5,Ne5,0.013084924779832363,0.9871847149915993,0.5683389398799079,305,20,675,r1b1kb1r/pp2pppp/2n2n2/2Pp4/5B2/2q1PN2/P2N1PPP/R2QKB1R w KQkq -,MODEL_PREDICTION_NOT_EMPIRICAL,cuda,on,2.11.0+cu128,12.8,NVIDIA GeForce RTX 3090,7.55442660022527,632516608,0.9871847149915993
LON-10,B4,1500,maia3-79m,8,d1b3,Qb3,0.006683125626295805,0.9871847149915993,0.5683389398799079,244,20,736,r1b1kb1r/pp2pppp/2n2n2/2Pp4/5B2/2q1PN2/P2N1PPP/R2QKB1R w KQkq -,MODEL_PREDICTION_NOT_EMPIRICAL,cuda,on,2.11.0+cu128,12.8,NVIDIA GeForce RTX 3090,7.55442660022527,632516608,0.9871847149915993
LON-10,B4,1500,maia3-79m,9,a1b1,Rb1,0.006477506831288338,0.9871847149915993,0.5683389398799079,443,22,535,r1b1kb1r/pp2pppp/2n2n2/2Pp4/5B2/2q1PN2/P2N1PPP/R2QKB1R w KQkq -,MODEL_PREDICTION_NOT_EMPIRICAL,cuda,on,2.11.0+cu128,12.8,NVIDIA GeForce RTX 3090,7.55442660022527,632516608,0.9871847149915993
LON-10,B4,1500,maia3-79m,10,d1a4,Qa4,0.004182193428277969,0.9871847149915993,0.5683389398799079,207,13,780,r1b1kb1r/pp2pppp/2n2n2/2Pp4/5B2/2q1PN2/P2N1PPP/R2QKB1R w KQkq -,MODEL_PREDICTION_NOT_EMPIRICAL,cuda,on,2.11.0+cu128,12.8,NVIDIA GeForce RTX 3090,7.55442660022527,632516608,0.9871847149915993
LON-10,B4,1700,maia3-79m,1,a1c1,Rc1,0.5801154971122742,0.992369155632332,0.5099877616082737,440,21,539,r1b1kb1r/pp2pppp/2n2n2/2Pp4/5B2/2q1PN2/P2N1PPP/R2QKB1R w KQkq -,MODEL_PREDICTION_NOT_EMPIRICAL,cuda,on,2.11.0+cu128,12.8,NVIDIA GeForce RTX 3090,7.55442660022527,632516608,0.992369155632332
LON-10,B4,1700,maia3-79m,2,f1b5,Bb5,0.21010391414165497,0.992369155632332,0.5099877616082737,469,25,506,r1b1kb1r/pp2pppp/2n2n2/2Pp4/5B2/2q1PN2/P2N1PPP/R2QKB1R w KQkq -,MODEL_PREDICTION_NOT_EMPIRICAL,cuda,on,2.11.0+cu128,12.8,NVIDIA GeForce RTX 3090,7.55442660022527,632516608,0.992369155632332
LON-10,B4,1700,maia3-79m,3,f1e2,Be2,0.15133216977119446,0.992369155632332,0.5099877616082737,442,24,534,r1b1kb1r/pp2pppp/2n2n2/2Pp4/5B2/2q1PN2/P2N1PPP/R2QKB1R w KQkq -,MODEL_PREDICTION_NOT_EMPIRICAL,cuda,on,2.11.0+cu128,12.8,NVIDIA GeForce RTX 3090,7.55442660022527,632516608,0.992369155632332
LON-10,B4,1700,maia3-79m,4,d1c1,Qc1,0.011669483035802841,0.992369155632332,0.5099877616082737,367,36,597,r1b1kb1r/pp2pppp/2n2n2/2Pp4/5B2/2q1PN2/P2N1PPP/R2QKB1R w KQkq -,MODEL_PREDICTION_NOT_EMPIRICAL,cuda,on,2.11.0+cu128,12.8,NVIDIA GeForce RTX 3090,7.55442660022527,632516608,0.992369155632332
LON-10,B4,1700,maia3-79m,5,f4e5,Be5,0.010460457764565945,0.992369155632332,0.5099877616082737,243,17,740,r1b1kb1r/pp2pppp/2n2n2/2Pp4/5B2/2q1PN2/P2N1PPP/R2QKB1R w KQkq -,MODEL_PREDICTION_NOT_EMPIRICAL,cuda,on,2.11.0+cu128,12.8,NVIDIA GeForce RTX 3090,7.55442660022527,632516608,0.992369155632332
LON-10,B4,1700,maia3-79m,6,f3d4,Nd4,0.010138623416423798,0.992369155632332,0.5099877616082737,374,21,605,r1b1kb1r/pp2pppp/2n2n2/2Pp4/5B2/2q1PN2/P2N1PPP/R2QKB1R w KQkq -,MODEL_PREDICTION_NOT_EMPIRICAL,cuda,on,2.11.0+cu128,12.8,NVIDIA GeForce RTX 3090,7.55442660022527,632516608,0.992369155632332
LON-10,B4,1700,maia3-79m,7,f3e5,Ne5,0.005960189271718264,0.992369155632332,0.5099877616082737,301,22,677,r1b1kb1r/pp2pppp/2n2n2/2Pp4/5B2/2q1PN2/P2N1PPP/R2QKB1R w KQkq -,MODEL_PREDICTION_NOT_EMPIRICAL,cuda,on,2.11.0+cu128,12.8,NVIDIA GeForce RTX 3090,7.55442660022527,632516608,0.992369155632332
LON-10,B4,1700,maia3-79m,8,d1b3,Qb3,0.0053426786325871944,0.992369155632332,0.5099877616082737,235,21,744,r1b1kb1r/pp2pppp/2n2n2/2Pp4/5B2/2q1PN2/P2N1PPP/R2QKB1R w KQkq -,MODEL_PREDICTION_NOT_EMPIRICAL,cuda,on,2.11.0+cu128,12.8,NVIDIA GeForce RTX 3090,7.55442660022527,632516608,0.992369155632332
LON-10,B4,1700,maia3-79m,9,a1b1,Rb1,0.005018982570618391,0.992369155632332,0.5099877616082737,444,24,532,r1b1kb1r/pp2pppp/2n2n2/2Pp4/5B2/2q1PN2/P2N1PPP/R2QKB1R w KQkq -,MODEL_PREDICTION_NOT_EMPIRICAL,cuda,on,2.11.0+cu128,12.8,NVIDIA GeForce RTX 3090,7.55442660022527,632516608,0.992369155632332
LON-10,B4,1700,maia3-79m,10,d1a4,Qa4,0.0022271599154919386,0.992369155632332,0.5099877616082737,191,13,796,r1b1kb1r/pp2pppp/2n2n2/2Pp4/5B2/2q1PN2/P2N1PPP/R2QKB1R w KQkq -,MODEL_PREDICTION_NOT_EMPIRICAL,cuda,on,2.11.0+cu128,12.8,NVIDIA GeForce RTX 3090,7.55442660022527,632516608,0.992369155632332
LON-10,B4,1900,maia3-79m,1,a1c1,Rc1,0.6642768979072571,0.9959840946830809,0.4275007588607406,439,25,536,r1b1kb1r/pp2pppp/2n2n2/2Pp4/5B2/2q1PN2/P2N1PPP/R2QKB1R w KQkq -,MODEL_PREDICTION_NOT_EMPIRICAL,cuda,on,2.11.0+cu128,12.8,NVIDIA GeForce RTX 3090,7.55442660022527,632516608,0.9959840946830809
LON-10,B4,1900,maia3-79m,2,f1b5,Bb5,0.18736790120601654,0.9959840946830809,0.4275007588607406,468,28,504,r1b1kb1r/pp2pppp/2n2n2/2Pp4/5B2/2q1PN2/P2N1PPP/R2QKB1R w KQkq -,MODEL_PREDICTION_NOT_EMPIRICAL,cuda,on,2.11.0+cu128,12.8,NVIDIA GeForce RTX 3090,7.55442660022527,632516608,0.9959840946830809
LON-10,B4,1900,maia3-79m,3,f1e2,Be2,0.11725183576345444,0.9959840946830809,0.4275007588607406,433,27,540,r1b1kb1r/pp2pppp/2n2n2/2Pp4/5B2/2q1PN2/P2N1PPP/R2QKB1R w KQkq -,MODEL_PREDICTION_NOT_EMPIRICAL,cuda,on,2.11.0+cu128,12.8,NVIDIA GeForce RTX 3090,7.55442660022527,632516608,0.9959840946830809
LON-10,B4,1900,maia3-79m,4,d1c1,Qc1,0.006719065830111504,0.9959840946830809,0.4275007588607406,370,41,589,r1b1kb1r/pp2pppp/2n2n2/2Pp4/5B2/2q1PN2/P2N1PPP/R2QKB1R w KQkq -,MODEL_PREDICTION_NOT_EMPIRICAL,cuda,on,2.11.0+cu128,12.8,NVIDIA GeForce RTX 3090,7.55442660022527,632516608,0.9959840946830809
LON-10,B4,1900,maia3-79m,5,f3d4,Nd4,0.005232813768088818,0.9959840946830809,0.4275007588607406,372,23,605,r1b1kb1r/pp2pppp/2n2n2/2Pp4/5B2/2q1PN2/P2N1PPP/R2QKB1R w KQkq -,MODEL_PREDICTION_NOT_EMPIRICAL,cuda,on,2.11.0+cu128,12.8,NVIDIA GeForce RTX 3090,7.55442660022527,632516608,0.9959840946830809
LON-10,B4,1900,maia3-79m,6,f4e5,Be5,0.004690663889050484,0.9959840946830809,0.4275007588607406,233,17,750,r1b1kb1r/pp2pppp/2n2n2/2Pp4/5B2/2q1PN2/P2N1PPP/R2QKB1R w KQkq -,MODEL_PREDICTION_NOT_EMPIRICAL,cuda,on,2.11.0+cu128,12.8,NVIDIA GeForce RTX 3090,7.55442660022527,632516608,0.9959840946830809
LON-10,B4,1900,maia3-79m,7,a1b1,Rb1,0.003828408196568489,0.9959840946830809,0.4275007588607406,446,28,526,r1b1kb1r/pp2pppp/2n2n2/2Pp4/5B2/2q1PN2/P2N1PPP/R2QKB1R w KQkq -,MODEL_PREDICTION_NOT_EMPIRICAL,cuda,on,2.11.0+cu128,12.8,NVIDIA GeForce RTX 3090,7.55442660022527,632516608,0.9959840946830809
LON-10,B4,1900,maia3-79m,8,d1b3,Qb3,0.0031987547408789396,0.9959840946830809,0.4275007588607406,227,22,751,r1b1kb1r/pp2pppp/2n2n2/2Pp4/5B2/2q1PN2/P2N1PPP/R2QKB1R w KQkq -,MODEL_PREDICTION_NOT_EMPIRICAL,cuda,on,2.11.0+cu128,12.8,NVIDIA GeForce RTX 3090,7.55442660022527,632516608,0.9959840946830809
LON-10,B4,1900,maia3-79m,9,f3e5,Ne5,0.002268256852403283,0.9959840946830809,0.4275007588607406,297,23,680,r1b1kb1r/pp2pppp/2n2n2/2Pp4/5B2/2q1PN2/P2N1PPP/R2QKB1R w KQkq -,MODEL_PREDICTION_NOT_EMPIRICAL,cuda,on,2.11.0+cu128,12.8,NVIDIA GeForce RTX 3090,7.55442660022527,632516608,0.9959840946830809
LON-10,B4,1900,maia3-79m,10,d1a4,Qa4,0.001149496529251337,0.9959840946830809,0.4275007588607406,162,13,825,r1b1kb1r/pp2pppp/2n2n2/2Pp4/5B2/2q1PN2/P2N1PPP/R2QKB1R w KQkq -,MODEL_PREDICTION_NOT_EMPIRICAL,cuda,on,2.11.0+cu128,12.8,NVIDIA GeForce RTX 3090,7.55442660022527,632516608,0.9959840946830809
LON-10,B4,2100,maia3-79m,1,a1c1,Rc1,0.7473474144935608,0.9981466031167656,0.3409794894013476,457,32,511,r1b1kb1r/pp2pppp/2n2n2/2Pp4/5B2/2q1PN2/P2N1PPP/R2QKB1R w KQkq -,MODEL_PREDICTION_NOT_EMPIRICAL,cuda,on,2.11.0+cu128,12.8,NVIDIA GeForce RTX 3090,7.55442660022527,632516608,0.9981466031167656
LON-10,B4,2100,maia3-79m,2,f1b5,Bb5,0.1693817675113678,0.9981466031167656,0.3409794894013476,473,35,492,r1b1kb1r/pp2pppp/2n2n2/2Pp4/5B2/2q1PN2/P2N1PPP/R2QKB1R w KQkq -,MODEL_PREDICTION_NOT_EMPIRICAL,cuda,on,2.11.0+cu128,12.8,NVIDIA GeForce RTX 3090,7.55442660022527,632516608,0.9981466031167656
LON-10,B4,2100,maia3-79m,3,f1e2,Be2,0.06737541407346725,0.9981466031167656,0.3409794894013476,422,34,544,r1b1kb1r/pp2pppp/2n2n2/2Pp4/5B2/2q1PN2/P2N1PPP/R2QKB1R w KQkq -,MODEL_PREDICTION_NOT_EMPIRICAL,cuda,on,2.11.0+cu128,12.8,NVIDIA GeForce RTX 3090,7.55442660022527,632516608,0.9981466031167656
LON-10,B4,2100,maia3-79m,4,d1c1,Qc1,0.003860918805003166,0.9981466031167656,0.3409794894013476,376,50,574,r1b1kb1r/pp2pppp/2n2n2/2Pp4/5B2/2q1PN2/P2N1PPP/R2QKB1R w KQkq -,MODEL_PREDICTION_NOT_EMPIRICAL,cuda,on,2.11.0+cu128,12.8,NVIDIA GeForce RTX 3090,7.55442660022527,632516608,0.9981466031167656
LON-10,B4,2100,maia3-79m,5,a1b1,Rb1,0.0032512196339666843,0.9981466031167656,0.3409794894013476,442,36,522,r1b1kb1r/pp2pppp/2n2n2/2Pp4/5B2/2q1PN2/P2N1PPP/R2QKB1R w KQkq -,MODEL_PREDICTION_NOT_EMPIRICAL,cuda,on,2.11.0+cu128,12.8,NVIDIA GeForce RTX 3090,7.55442660022527,632516608,0.9981466031167656
LON-10,B4,2100,maia3-79m,6,f3d4,Nd4,0.0022345283068716526,0.9981466031167656,0.3409794894013476,375,28,597,r1b1kb1r/pp2pppp/2n2n2/2Pp4/5B2/2q1PN2/P2N1PPP/R2QKB1R w KQkq -,MODEL_PREDICTION_NOT_EMPIRICAL,cuda,on,2.11.0+cu128,12.8,NVIDIA GeForce RTX 3090,7.55442660022527,632516608,0.9981466031167656
LON-10,B4,2100,maia3-79m,7,f4e5,Be5,0.0017402523662894964,0.9981466031167656,0.3409794894013476,238,20,742,r1b1kb1r/pp2pppp/2n2n2/2Pp4/5B2/2q1PN2/P2N1PPP/R2QKB1R w KQkq -,MODEL_PREDICTION_NOT_EMPIRICAL,cuda,on,2.11.0+cu128,12.8,NVIDIA GeForce RTX 3090,7.55442660022527,632516608,0.9981466031167656
LON-10,B4,2100,maia3-79m,8,d1b3,Qb3,0.0015238159103319049,0.9981466031167656,0.3409794894013476,214,23,763,r1b1kb1r/pp2pppp/2n2n2/2Pp4/5B2/2q1PN2/P2N1PPP/R2QKB1R w KQkq -,MODEL_PREDICTION_NOT_EMPIRICAL,cuda,on,2.11.0+cu128,12.8,NVIDIA GeForce RTX 3090,7.55442660022527,632516608,0.9981466031167656
LON-10,B4,2100,maia3-79m,9,f3e5,Ne5,0.0008750538690946996,0.9981466031167656,0.3409794894013476,285,27,688,r1b1kb1r/pp2pppp/2n2n2/2Pp4/5B2/2q1PN2/P2N1PPP/R2QKB1R w KQkq -,MODEL_PREDICTION_NOT_EMPIRICAL,cuda,on,2.11.0+cu128,12.8,NVIDIA GeForce RTX 3090,7.55442660022527,632516608,0.9981466031167656
LON-10,B4,2100,maia3-79m,10,d1a4,Qa4,0.0005562181468121707,0.9981466031167656,0.3409794894013476,134,14,852,r1b1kb1r/pp2pppp/2n2n2/2Pp4/5B2/2q1PN2/P2N1PPP/R2QKB1R w KQkq -,MODEL_PREDICTION_NOT_EMPIRICAL,cuda,on,2.11.0+cu128,12.8,NVIDIA GeForce RTX 3090,7.55442660022527,632516608,0.9981466031167656
LON-11,B4,1100,maia3-79m,1,f1b5,Bb5,0.29516687989234924,0.9562856238335371,0.806078607503545,566,19,415,r1b1kb1r/pp2pppp/2n2n2/2pp4/3P1B2/2q1PN2/P2N1PPP/1R1QKB1R w Kkq -,MODEL_PREDICTION_NOT_EMPIRICAL,cuda,on,2.11.0+cu128,12.8,NVIDIA GeForce RTX 3090,7.55442660022527,632516608,0.9562856238335371
LON-11,B4,1100,maia3-79m,2,b1b3,Rb3,0.1905740648508072,0.9562856238335371,0.806078607503545,447,29,524,r1b1kb1r/pp2pppp/2n2n2/2pp4/3P1B2/2q1PN2/P2N1PPP/1R1QKB1R w Kkq -,MODEL_PREDICTION_NOT_EMPIRICAL,cuda,on,2.11.0+cu128,12.8,NVIDIA GeForce RTX 3090,7.55442660022527,632516608,0.9562856238335371
LON-11,B4,1100,maia3-79m,3,b1c1,Rc1,0.1416226178407669,0.9562856238335371,0.806078607503545,466,25,509,r1b1kb1r/pp2pppp/2n2n2/2pp4/3P1B2/2q1PN2/P2N1PPP/1R1QKB1R w Kkq -,MODEL_PREDICTION_NOT_EMPIRICAL,cuda,on,2.11.0+cu128,12.8,NVIDIA GeForce RTX 3090,7.55442660022527,632516608,0.9562856238335371
LON-11,B4,1100,maia3-79m,4,f1e2,Be2,0.10042548179626465,0.9562856238335371,0.806078607503545,490,19,491,r1b1kb1r/pp2pppp/2n2n2/2pp4/3P1B2/2q1PN2/P2N1PPP/1R1QKB1R w Kkq -,MODEL_PREDICTION_NOT_EMPIRICAL,cuda,on,2.11.0+cu128,12.8,NVIDIA GeForce RTX 3090,7.55442660022527,632516608,0.9562856238335371
LON-11,B4,1100,maia3-79m,5,f3e5,Ne5,0.08862516283988953,0.9562856238335371,0.806078607503545,484,20,496,r1b1kb1r/pp2pppp/2n2n2/2pp4/3P1B2/2q1PN2/P2N1PPP/1R1QKB1R w Kkq -,MODEL_PREDICTION_NOT_EMPIRICAL,cuda,on,2.11.0+cu128,12.8,NVIDIA GeForce RTX 3090,7.55442660022527,632516608,0.9562856238335371
LON-11,B4,1100,maia3-79m,6,d4c5,dxc5,0.07233376055955887,0.9562856238335371,0.806078607503545,464,20,516,r1b1kb1r/pp2pppp/2n2n2/2pp4/3P1B2/2q1PN2/P2N1PPP/1R1QKB1R w Kkq -,MODEL_PREDICTION_NOT_EMPIRICAL,cuda,on,2.11.0+cu128,12.8,NVIDIA GeForce RTX 3090,7.55442660022527,632516608,0.9562856238335371
LON-11,B4,1100,maia3-79m,7,d1a4,Qa4,0.029225479811429977,0.9562856238335371,0.806078607503545,509,17,474,r1b1kb1r/pp2pppp/2n2n2/2pp4/3P1B2/2q1PN2/P2N1PPP/1R1QKB1R w Kkq -,MODEL_PREDICTION_NOT_EMPIRICAL,cuda,on,2.11.0+cu128,12.8,NVIDIA GeForce RTX 3090,7.55442660022527,632516608,0.9562856238335371
LON-11,B4,1100,maia3-79m,8,d1b3,Qb3,0.019774947315454483,0.9562856238335371,0.806078607503545,422,34,544,r1b1kb1r/pp2pppp/2n2n2/2pp4/3P1B2/2q1PN2/P2N1PPP/1R1QKB1R w Kkq -,MODEL_PREDICTION_NOT_EMPIRICAL,cuda,on,2.11.0+cu128,12.8,NVIDIA GeForce RTX 3090,7.55442660022527,632516608,0.9562856238335371
LON-11,B4,1100,maia3-79m,9,d1c1,Qc1,0.009341022931039333,0.9562856238335371,0.806078607503545,396,32,572,r1b1kb1r/pp2pppp/2n2n2/2pp4/3P1B2/2q1PN2/P2N1PPP/1R1QKB1R w Kkq -,MODEL_PREDICTION_NOT_EMPIRICAL,cuda,on,2.11.0+cu128,12.8,NVIDIA GeForce RTX 3090,7.55442660022527,632516608,0.9562856238335371
LON-11,B4,1100,maia3-79m,10,f1d3,Bd3,0.009196205995976925,0.9562856238335371,0.806078607503545,301,16,683,r1b1kb1r/pp2pppp/2n2n2/2pp4/3P1B2/2q1PN2/P2N1PPP/1R1QKB1R w Kkq -,MODEL_PREDICTION_NOT_EMPIRICAL,cuda,on,2.11.0+cu128,12.8,NVIDIA GeForce RTX 3090,7.55442660022527,632516608,0.9562856238335371
LON-11,B4,1300,maia3-79m,1,f1b5,Bb5,0.3392261266708374,0.9684560536406934,0.7848260863256032,556,19,425,r1b1kb1r/pp2pppp/2n2n2/2pp4/3P1B2/2q1PN2/P2N1PPP/1R1QKB1R w Kkq -,MODEL_PREDICTION_NOT_EMPIRICAL,cuda,on,2.11.0+cu128,12.8,NVIDIA GeForce RTX 3090,7.55442660022527,632516608,0.9684560536406934
LON-11,B4,1300,maia3-79m,2,b1b3,Rb3,0.16276246309280396,0.9684560536406934,0.7848260863256032,432,27,541,r1b1kb1r/pp2pppp/2n2n2/2pp4/3P1B2/2q1PN2/P2N1PPP/1R1QKB1R w Kkq -,MODEL_PREDICTION_NOT_EMPIRICAL,cuda,on,2.11.0+cu128,12.8,NVIDIA GeForce RTX 3090,7.55442660022527,632516608,0.9684560536406934
LON-11,B4,1300,maia3-79m,3,f1e2,Be2,0.12875571846961975,0.9684560536406934,0.7848260863256032,478,19,503,r1b1kb1r/pp2pppp/2n2n2/2pp4/3P1B2/2q1PN2/P2N1PPP/1R1QKB1R w Kkq -,MODEL_PREDICTION_NOT_EMPIRICAL,cuda,on,2.11.0+cu128,12.8,NVIDIA GeForce RTX 3090,7.55442660022527,632516608,0.9684560536406934
LON-11,B4,1300,maia3-79m,4,b1c1,Rc1,0.12095480412244797,0.9684560536406934,0.7848260863256032,460,23,517,r1b1kb1r/pp2pppp/2n2n2/2pp4/3P1B2/2q1PN2/P2N1PPP/1R1QKB1R w Kkq -,MODEL_PREDICTION_NOT_EMPIRICAL,cuda,on,2.11.0+cu128,12.8,NVIDIA GeForce RTX 3090,7.55442660022527,632516608,0.9684560536406934
LON-11,B4,1300,maia3-79m,5,d4c5,dxc5,0.08576979488134384,0.9684560536406934,0.7848260863256032,458,20,522,r1b1kb1r/pp2pppp/2n2n2/2pp4/3P1B2/2q1PN2/P2N1PPP/1R1QKB1R w Kkq -,MODEL_PREDICTION_NOT_EMPIRICAL,cuda,on,2.11.0+cu128,12.8,NVIDIA GeForce RTX 3090,7.55442660022527,632516608,0.9684560536406934
LON-11,B4,1300,maia3-79m,6,f3e5,Ne5,0.07932409644126892,0.9684560536406934,0.7848260863256032,465,20,515,r1b1kb1r/pp2pppp/2n2n2/2pp4/3P1B2/2q1PN2/P2N1PPP/1R1QKB1R w Kkq -,MODEL_PREDICTION_NOT_EMPIRICAL,cuda,on,2.11.0+cu128,12.8,NVIDIA GeForce RTX 3090,7.55442660022527,632516608,0.9684560536406934
LON-11,B4,1300,maia3-79m,7,d1a4,Qa4,0.026988664641976357,0.9684560536406934,0.7848260863256032,500,17,483,r1b1kb1r/pp2pppp/2n2n2/2pp4/3P1B2/2q1PN2/P2N1PPP/1R1QKB1R w Kkq -,MODEL_PREDICTION_NOT_EMPIRICAL,cuda,on,2.11.0+cu128,12.8,NVIDIA GeForce RTX 3090,7.55442660022527,632516608,0.9684560536406934
LON-11,B4,1300,maia3-79m,8,d1b3,Qb3,0.01315322332084179,0.9684560536406934,0.7848260863256032,399,32,569,r1b1kb1r/pp2pppp/2n2n2/2pp4/3P1B2/2q1PN2/P2N1PPP/1R1QKB1R w Kkq -,MODEL_PREDICTION_NOT_EMPIRICAL,cuda,on,2.11.0+cu128,12.8,NVIDIA GeForce RTX 3090,7.55442660022527,632516608,0.9684560536406934
LON-11,B4,1300,maia3-79m,9,f1d3,Bd3,0.006410369649529457,0.9684560536406934,0.7848260863256032,288,14,698,r1b1kb1r/pp2pppp/2n2n2/2pp4/3P1B2/2q1PN2/P2N1PPP/1R1QKB1R w Kkq -,MODEL_PREDICTION_NOT_EMPIRICAL,cuda,on,2.11.0+cu128,12.8,NVIDIA GeForce RTX 3090,7.55442660022527,632516608,0.9684560536406934
LON-11,B4,1300,maia3-79m,10,f4c7,Bc7,0.005110792350023985,0.9684560536406934,0.7848260863256032,458,19,523,r1b1kb1r/pp2pppp/2n2n2/2pp4/3P1B2/2q1PN2/P2N1PPP/1R1QKB1R w Kkq -,MODEL_PREDICTION_NOT_EMPIRICAL,cuda,on,2.11.0+cu128,12.8,NVIDIA GeForce RTX 3090,7.55442660022527,632516608,0.9684560536406934
LON-11,B4,1500,maia3-79m,1,f1b5,Bb5,0.35803723335266113,0.9779870808124542,0.7725529402063712,552,21,427,r1b1kb1r/pp2pppp/2n2n2/2pp4/3P1B2/2q1PN2/P2N1PPP/1R1QKB1R w Kkq -,MODEL_PREDICTION_NOT_EMPIRICAL,cuda,on,2.11.0+cu128,12.8,NVIDIA GeForce RTX 3090,7.55442660022527,632516608,0.9779870808124542
LON-11,B4,1500,maia3-79m,2,f1e2,Be2,0.14925211668014526,0.9779870808124542,0.7725529402063712,473,20,507,r1b1kb1r/pp2pppp/2n2n2/2pp4/3P1B2/2q1PN2/P2N1PPP/1R1QKB1R w Kkq -,MODEL_PREDICTION_NOT_EMPIRICAL,cuda,on,2.11.0+cu128,12.8,NVIDIA GeForce RTX 3090,7.55442660022527,632516608,0.9779870808124542
LON-11,B4,1500,maia3-79m,3,b1b3,Rb3,0.14241737127304077,0.9779870808124542,0.7725529402063712,424,27,549,r1b1kb1r/pp2pppp/2n2n2/2pp4/3P1B2/2q1PN2/P2N1PPP/1R1QKB1R w Kkq -,MODEL_PREDICTION_NOT_EMPIRICAL,cuda,on,2.11.0+cu128,12.8,NVIDIA GeForce RTX 3090,7.55442660022527,632516608,0.9779870808124542
LON-11,B4,1500,maia3-79m,4,b1c1,Rc1,0.11091475188732147,0.9779870808124542,0.7725529402063712,463,24,513,r1b1kb1r/pp2pppp/2n2n2/2pp4/3P1B2/2q1PN2/P2N1PPP/1R1QKB1R w Kkq -,MODEL_PREDICTION_NOT_EMPIRICAL,cuda,on,2.11.0+cu128,12.8,NVIDIA GeForce RTX 3090,7.55442660022527,632516608,0.9779870808124542
LON-11,B4,1500,maia3-79m,5,d4c5,dxc5,0.10919518023729324,0.9779870808124542,0.7725529402063712,457,21,522,r1b1kb1r/pp2pppp/2n2n2/2pp4/3P1B2/2q1PN2/P2N1PPP/1R1QKB1R w Kkq -,MODEL_PREDICTION_NOT_EMPIRICAL,cuda,on,2.11.0+cu128,12.8,NVIDIA GeForce RTX 3090,7.55442660022527,632516608,0.9779870808124542
LON-11,B4,1500,maia3-79m,6,f3e5,Ne5,0.06520342081785202,0.9779870808124542,0.7725529402063712,460,21,519,r1b1kb1r/pp2pppp/2n2n2/2pp4/3P1B2/2q1PN2/P2N1PPP/1R1QKB1R w Kkq -,MODEL_PREDICTION_NOT_EMPIRICAL,cuda,on,2.11.0+cu128,12.8,NVIDIA GeForce RTX 3090,7.55442660022527,632516608,0.9779870808124542
LON-11,B4,1500,maia3-79m,7,d1a4,Qa4,0.022888552397489548,0.9779870808124542,0.7725529402063712,493,18,489,r1b1kb1r/pp2pppp/2n2n2/2pp4/3P1B2/2q1PN2/P2N1PPP/1R1QKB1R w Kkq -,MODEL_PREDICTION_NOT_EMPIRICAL,cuda,on,2.11.0+cu128,12.8,NVIDIA GeForce RTX 3090,7.55442660022527,632516608,0.9779870808124542
LON-11,B4,1500,maia3-79m,8,d1b3,Qb3,0.009844244457781315,0.9779870808124542,0.7725529402063712,382,33,585,r1b1kb1r/pp2pppp/2n2n2/2pp4/3P1B2/2q1PN2/P2N1PPP/1R1QKB1R w Kkq -,MODEL_PREDICTION_NOT_EMPIRICAL,cuda,on,2.11.0+cu128,12.8,NVIDIA GeForce RTX 3090,7.55442660022527,632516608,0.9779870808124542
LON-11,B4,1500,maia3-79m,9,f4c7,Bc7,0.005436507984995842,0.9779870808124542,0.7725529402063712,440,20,540,r1b1kb1r/pp2pppp/2n2n2/2pp4/3P1B2/2q1PN2/P2N1PPP/1R1QKB1R w Kkq -,MODEL_PREDICTION_NOT_EMPIRICAL,cuda,on,2.11.0+cu128,12.8,NVIDIA GeForce RTX 3090,7.55442660022527,632516608,0.9779870808124542
LON-11,B4,1500,maia3-79m,10,f1d3,Bd3,0.004797701723873615,0.9779870808124542,0.7725529402063712,276,14,710,r1b1kb1r/pp2pppp/2n2n2/2pp4/3P1B2/2q1PN2/P2N1PPP/1R1QKB1R w Kkq -,MODEL_PREDICTION_NOT_EMPIRICAL,cuda,on,2.11.0+cu128,12.8,NVIDIA GeForce RTX 3090,7.55442660022527,632516608,0.9779870808124542
LON-11,B4,1700,maia3-79m,1,f1b5,Bb5,0.3596286177635193,0.9857260365970433,0.758680208602436,548,22,430,r1b1kb1r/pp2pppp/2n2n2/2pp4/3P1B2/2q1PN2/P2N1PPP/1R1QKB1R w Kkq -,MODEL_PREDICTION_NOT_EMPIRICAL,cuda,on,2.11.0+cu128,12.8,NVIDIA GeForce RTX 3090,7.55442660022527,632516608,0.9857260365970433
LON-11,B4,1700,maia3-79m,2,f1e2,Be2,0.15227635204792023,0.9857260365970433,0.758680208602436,473,21,506,r1b1kb1r/pp2pppp/2n2n2/2pp4/3P1B2/2q1PN2/P2N1PPP/1R1QKB1R w Kkq -,MODEL_PREDICTION_NOT_EMPIRICAL,cuda,on,2.11.0+cu128,12.8,NVIDIA GeForce RTX 3090,7.55442660022527,632516608,0.9857260365970433
LON-11,B4,1700,maia3-79m,3,d4c5,dxc5,0.14759129285812378,0.9857260365970433,0.758680208602436,461,23,516,r1b1kb1r/pp2pppp/2n2n2/2pp4/3P1B2/2q1PN2/P2N1PPP/1R1QKB1R w Kkq -,MODEL_PREDICTION_NOT_EMPIRICAL,cuda,on,2.11.0+cu128,12.8,NVIDIA GeForce RTX 3090,7.55442660022527,632516608,0.9857260365970433
LON-11,B4,1700,maia3-79m,4,b1b3,Rb3,0.13024885952472687,0.9857260365970433,0.758680208602436,425,28,547,r1b1kb1r/pp2pppp/2n2n2/2pp4/3P1B2/2q1PN2/P2N1PPP/1R1QKB1R w Kkq -,MODEL_PREDICTION_NOT_EMPIRICAL,cuda,on,2.11.0+cu128,12.8,NVIDIA GeForce RTX 3090,7.55442660022527,632516608,0.9857260365970433
LON-11,B4,1700,maia3-79m,5,b1c1,Rc1,0.11675431579351425,0.9857260365970433,0.758680208602436,477,26,497,r1b1kb1r/pp2pppp/2n2n2/2pp4/3P1B2/2q1PN2/P2N1PPP/1R1QKB1R w Kkq -,MODEL_PREDICTION_NOT_EMPIRICAL,cuda,on,2.11.0+cu128,12.8,NVIDIA GeForce RTX 3090,7.55442660022527,632516608,0.9857260365970433
LON-11,B4,1700,maia3-79m,6,f3e5,Ne5,0.04572164639830589,0.9857260365970433,0.758680208602436,454,22,524,r1b1kb1r/pp2pppp/2n2n2/2pp4/3P1B2/2q1PN2/P2N1PPP/1R1QKB1R w Kkq -,MODEL_PREDICTION_NOT_EMPIRICAL,cuda,on,2.11.0+cu128,12.8,NVIDIA GeForce RTX 3090,7.55442660022527,632516608,0.9857260365970433
LON-11,B4,1700,maia3-79m,7,d1a4,Qa4,0.018473215401172638,0.9857260365970433,0.758680208602436,484,21,495,r1b1kb1r/pp2pppp/2n2n2/2pp4/3P1B2/2q1PN2/P2N1PPP/1R1QKB1R w Kkq -,MODEL_PREDICTION_NOT_EMPIRICAL,cuda,on,2.11.0+cu128,12.8,NVIDIA GeForce RTX 3090,7.55442660022527,632516608,0.9857260365970433
LON-11,B4,1700,maia3-79m,8,d1b3,Qb3,0.006484708748757839,0.9857260365970433,0.758680208602436,372,34,594,r1b1kb1r/pp2pppp/2n2n2/2pp4/3P1B2/2q1PN2/P2N1PPP/1R1QKB1R w Kkq -,MODEL_PREDICTION_NOT_EMPIRICAL,cuda,on,2.11.0+cu128,12.8,NVIDIA GeForce RTX 3090,7.55442660022527,632516608,0.9857260365970433
LON-11,B4,1700,maia3-79m,9,f4c7,Bc7,0.005129826720803976,0.9857260365970433,0.758680208602436,431,20,549,r1b1kb1r/pp2pppp/2n2n2/2pp4/3P1B2/2q1PN2/P2N1PPP/1R1QKB1R w Kkq -,MODEL_PREDICTION_NOT_EMPIRICAL,cuda,on,2.11.0+cu128,12.8,NVIDIA GeForce RTX 3090,7.55442660022527,632516608,0.9857260365970433
LON-11,B4,1700,maia3-79m,10,f1d3,Bd3,0.003417201340198517,0.9857260365970433,0.758680208602436,257,14,729,r1b1kb1r/pp2pppp/2n2n2/2pp4/3P1B2/2q1PN2/P2N1PPP/1R1QKB1R w Kkq -,MODEL_PREDICTION_NOT_EMPIRICAL,cuda,on,2.11.0+cu128,12.8,NVIDIA GeForce RTX 3090,7.55442660022527,632516608,0.9857260365970433
LON-11,B4,1900,maia3-79m,1,f1b5,Bb5,0.35540661215782166,0.9920245842076838,0.7389657426276786,536,26,438,r1b1kb1r/pp2pppp/2n2n2/2pp4/3P1B2/2q1PN2/P2N1PPP/1R1QKB1R w Kkq -,MODEL_PREDICTION_NOT_EMPIRICAL,cuda,on,2.11.0+cu128,12.8,NVIDIA GeForce RTX 3090,7.55442660022527,632516608,0.9920245842076838
LON-11,B4,1900,maia3-79m,2,d4c5,dxc5,0.17870965600013733,0.9920245842076838,0.7389657426276786,461,27,512,r1b1kb1r/pp2pppp/2n2n2/2pp4/3P1B2/2q1PN2/P2N1PPP/1R1QKB1R w Kkq -,MODEL_PREDICTION_NOT_EMPIRICAL,cuda,on,2.11.0+cu128,12.8,NVIDIA GeForce RTX 3090,7.55442660022527,632516608,0.9920245842076838
LON-11,B4,1900,maia3-79m,3,b1c1,Rc1,0.15285848081111908,0.9920245842076838,0.7389657426276786,488,32,480,r1b1kb1r/pp2pppp/2n2n2/2pp4/3P1B2/2q1PN2/P2N1PPP/1R1QKB1R w Kkq -,MODEL_PREDICTION_NOT_EMPIRICAL,cuda,on,2.11.0+cu128,12.8,NVIDIA GeForce RTX 3090,7.55442660022527,632516608,0.9920245842076838
LON-11,B4,1900,maia3-79m,4,b1b3,Rb3,0.1328057497739792,0.9920245842076838,0.7389657426276786,426,33,541,r1b1kb1r/pp2pppp/2n2n2/2pp4/3P1B2/2q1PN2/P2N1PPP/1R1QKB1R w Kkq -,MODEL_PREDICTION_NOT_EMPIRICAL,cuda,on,2.11.0+cu128,12.8,NVIDIA GeForce RTX 3090,7.55442660022527,632516608,0.9920245842076838
LON-11,B4,1900,maia3-79m,5,f1e2,Be2,0.12092100828886032,0.9920245842076838,0.7389657426276786,469,24,507,r1b1kb1r/pp2pppp/2n2n2/2pp4/3P1B2/2q1PN2/P2N1PPP/1R1QKB1R w Kkq -,MODEL_PREDICTION_NOT_EMPIRICAL,cuda,on,2.11.0+cu128,12.8,NVIDIA GeForce RTX 3090,7.55442660022527,632516608,0.9920245842076838
LON-11,B4,1900,maia3-79m,6,f3e5,Ne5,0.025745568796992302,0.9920245842076838,0.7389657426276786,431,26,543,r1b1kb1r/pp2pppp/2n2n2/2pp4/3P1B2/2q1PN2/P2N1PPP/1R1QKB1R w Kkq -,MODEL_PREDICTION_NOT_EMPIRICAL,cuda,on,2.11.0+cu128,12.8,NVIDIA GeForce RTX 3090,7.55442660022527,632516608,0.9920245842076838
LON-11,B4,1900,maia3-79m,7,d1a4,Qa4,0.015373381786048412,0.9920245842076838,0.7389657426276786,466,26,508,r1b1kb1r/pp2pppp/2n2n2/2pp4/3P1B2/2q1PN2/P2N1PPP/1R1QKB1R w Kkq -,MODEL_PREDICTION_NOT_EMPIRICAL,cuda,on,2.11.0+cu128,12.8,NVIDIA GeForce RTX 3090,7.55442660022527,632516608,0.9920245842076838
LON-11,B4,1900,maia3-79m,8,f4c7,Bc7,0.005396564025431871,0.9920245842076838,0.7389657426276786,424,23,553,r1b1kb1r/pp2pppp/2n2n2/2pp4/3P1B2/2q1PN2/P2N1PPP/1R1QKB1R w Kkq -,MODEL_PREDICTION_NOT_EMPIRICAL,cuda,on,2.11.0+cu128,12.8,NVIDIA GeForce RTX 3090,7.55442660022527,632516608,0.9920245842076838
LON-11,B4,1900,maia3-79m,9,d1b3,Qb3,0.002957073273137212,0.9920245842076838,0.7389657426276786,364,38,598,r1b1kb1r/pp2pppp/2n2n2/2pp4/3P1B2/2q1PN2/P2N1PPP/1R1QKB1R w Kkq -,MODEL_PREDICTION_NOT_EMPIRICAL,cuda,on,2.11.0+cu128,12.8,NVIDIA GeForce RTX 3090,7.55442660022527,632516608,0.9920245842076838
LON-11,B4,1900,maia3-79m,10,f1d3,Bd3,0.0018504892941564322,0.9920245842076838,0.7389657426276786,222,15,763,r1b1kb1r/pp2pppp/2n2n2/2pp4/3P1B2/2q1PN2/P2N1PPP/1R1QKB1R w Kkq -,MODEL_PREDICTION_NOT_EMPIRICAL,cuda,on,2.11.0+cu128,12.8,NVIDIA GeForce RTX 3090,7.55442660022527,632516608,0.9920245842076838
LON-11,B4,2100,maia3-79m,1,f1b5,Bb5,0.3492373824119568,0.9962247582152486,0.7000886041561766,517,35,448,r1b1kb1r/pp2pppp/2n2n2/2pp4/3P1B2/2q1PN2/P2N1PPP/1R1QKB1R w Kkq -,MODEL_PREDICTION_NOT_EMPIRICAL,cuda,on,2.11.0+cu128,12.8,NVIDIA GeForce RTX 3090,7.55442660022527,632516608,0.9962247582152486
LON-11,B4,2100,maia3-79m,2,b1c1,Rc1,0.25550752878189087,0.9962247582152486,0.7000886041561766,494,41,465,r1b1kb1r/pp2pppp/2n2n2/2pp4/3P1B2/2q1PN2/P2N1PPP/1R1QKB1R w Kkq -,MODEL_PREDICTION_NOT_EMPIRICAL,cuda,on,2.11.0+cu128,12.8,NVIDIA GeForce RTX 3090,7.55442660022527,632516608,0.9962247582152486
LON-11,B4,2100,maia3-79m,3,b1b3,Rb3,0.15257051587104797,0.9962247582152486,0.7000886041561766,429,45,526,r1b1kb1r/pp2pppp/2n2n2/2pp4/3P1B2/2q1PN2/P2N1PPP/1R1QKB1R w Kkq -,MODEL_PREDICTION_NOT_EMPIRICAL,cuda,on,2.11.0+cu128,12.8,NVIDIA GeForce RTX 3090,7.55442660022527,632516608,0.9962247582152486
LON-11,B4,2100,maia3-79m,4,d4c5,dxc5,0.14110465347766876,0.9962247582152486,0.7000886041561766,447,34,519,r1b1kb1r/pp2pppp/2n2n2/2pp4/3P1B2/2q1PN2/P2N1PPP/1R1QKB1R w Kkq -,MODEL_PREDICTION_NOT_EMPIRICAL,cuda,on,2.11.0+cu128,12.8,NVIDIA GeForce RTX 3090,7.55442660022527,632516608,0.9962247582152486
LON-11,B4,2100,maia3-79m,5,f1e2,Be2,0.06360085308551788,0.9962247582152486,0.7000886041561766,454,31,515,r1b1kb1r/pp2pppp/2n2n2/2pp4/3P1B2/2q1PN2/P2N1PPP/1R1QKB1R w Kkq -,MODEL_PREDICTION_NOT_EMPIRICAL,cuda,on,2.11.0+cu128,12.8,NVIDIA GeForce RTX 3090,7.55442660022527,632516608,0.9962247582152486
LON-11,B4,2100,maia3-79m,6,d1a4,Qa4,0.013754649087786674,0.9962247582152486,0.7000886041561766,456,36,508,r1b1kb1r/pp2pppp/2n2n2/2pp4/3P1B2/2q1PN2/P2N1PPP/1R1QKB1R w Kkq -,MODEL_PREDICTION_NOT_EMPIRICAL,cuda,on,2.11.0+cu128,12.8,NVIDIA GeForce RTX 3090,7.55442660022527,632516608,0.9962247582152486
LON-11,B4,2100,maia3-79m,7,f3e5,Ne5,0.011582576669752598,0.9962247582152486,0.7000886041561766,405,32,563,r1b1kb1r/pp2pppp/2n2n2/2pp4/3P1B2/2q1PN2/P2N1PPP/1R1QKB1R w Kkq -,MODEL_PREDICTION_NOT_EMPIRICAL,cuda,on,2.11.0+cu128,12.8,NVIDIA GeForce RTX 3090,7.55442660022527,632516608,0.9962247582152486
LON-11,B4,2100,maia3-79m,8,f4c7,Bc7,0.007362333592027426,0.9962247582152486,0.7000886041561766,407,29,564,r1b1kb1r/pp2pppp/2n2n2/2pp4/3P1B2/2q1PN2/P2N1PPP/1R1QKB1R w Kkq -,MODEL_PREDICTION_NOT_EMPIRICAL,cuda,on,2.11.0+cu128,12.8,NVIDIA GeForce RTX 3090,7.55442660022527,632516608,0.9962247582152486
LON-11,B4,2100,maia3-79m,9,d1b3,Qb3,0.0007580085657536983,0.9962247582152486,0.7000886041561766,351,44,605,r1b1kb1r/pp2pppp/2n2n2/2pp4/3P1B2/2q1PN2/P2N1PPP/1R1QKB1R w Kkq -,MODEL_PREDICTION_NOT_EMPIRICAL,cuda,on,2.11.0+cu128,12.8,NVIDIA GeForce RTX 3090,7.55442660022527,632516608,0.9962247582152486
LON-11,B4,2100,maia3-79m,10,b1b2,Rb2,0.0007462566718459129,0.9962247582152486,0.7000886041561766,77,9,914,r1b1kb1r/pp2pppp/2n2n2/2pp4/3P1B2/2q1PN2/P2N1PPP/1R1QKB1R w Kkq -,MODEL_PREDICTION_NOT_EMPIRICAL,cuda,on,2.11.0+cu128,12.8,NVIDIA GeForce RTX 3090,7.55442660022527,632516608,0.9962247582152486
LON-12,B4,1100,maia3-79m,1,e1g1,O-O,0.24248085916042328,0.937826044857502,0.8732353737852722,328,15,657,r1b1kb1r/pp2pppp/2n2n2/2pp4/3P1B2/2qBPN2/P2N1PPP/R2QK2R w KQkq -,MODEL_PREDICTION_NOT_EMPIRICAL,cuda,on,2.11.0+cu128,12.8,NVIDIA GeForce RTX 3090,7.55442660022527,632516608,0.937826044857502
LON-12,B4,1100,maia3-79m,2,a1c1,Rc1,0.17194467782974243,0.937826044857502,0.8732353737852722,293,15,692,r1b1kb1r/pp2pppp/2n2n2/2pp4/3P1B2/2qBPN2/P2N1PPP/R2QK2R w KQkq -,MODEL_PREDICTION_NOT_EMPIRICAL,cuda,on,2.11.0+cu128,12.8,NVIDIA GeForce RTX 3090,7.55442660022527,632516608,0.937826044857502
LON-12,B4,1100,maia3-79m,3,d3b5,Bb5,0.142547145485878,0.937826044857502,0.8732353737852722,504,19,477,r1b1kb1r/pp2pppp/2n2n2/2pp4/3P1B2/2qBPN2/P2N1PPP/R2QK2R w KQkq -,MODEL_PREDICTION_NOT_EMPIRICAL,cuda,on,2.11.0+cu128,12.8,NVIDIA GeForce RTX 3090,7.55442660022527,632516608,0.937826044857502
LON-12,B4,1100,maia3-79m,4,d3e2,Be2,0.0751170665025711,0.937826044857502,0.8732353737852722,439,19,542,r1b1kb1r/pp2pppp/2n2n2/2pp4/3P1B2/2qBPN2/P2N1PPP/R2QK2R w KQkq -,MODEL_PREDICTION_NOT_EMPIRICAL,cuda,on,2.11.0+cu128,12.8,NVIDIA GeForce RTX 3090,7.55442660022527,632516608,0.937826044857502
LON-12,B4,1100,maia3-79m,5,d3c2,Bc2,0.0751170665025711,0.937826044857502,0.8732353737852722,421,18,561,r1b1kb1r/pp2pppp/2n2n2/2pp4/3P1B2/2qBPN2/P2N1PPP/R2QK2R w KQkq -,MODEL_PREDICTION_NOT_EMPIRICAL,cuda,on,2.11.0+cu128,12.8,NVIDIA GeForce RTX 3090,7.55442660022527,632516608,0.937826044857502
LON-12,B4,1100,maia3-79m,6,f3e5,Ne5,0.06947193294763565,0.937826044857502,0.8732353737852722,402,18,580,r1b1kb1r/pp2pppp/2n2n2/2pp4/3P1B2/2qBPN2/P2N1PPP/R2QK2R w KQkq -,MODEL_PREDICTION_NOT_EMPIRICAL,cuda,on,2.11.0+cu128,12.8,NVIDIA GeForce RTX 3090,7.55442660022527,632516608,0.937826044857502
LON-12,B4,1100,maia3-79m,7,d1e2,Qe2,0.053265977650880814,0.937826044857502,0.8732353737852722,222,13,765,r1b1kb1r/pp2pppp/2n2n2/2pp4/3P1B2/2qBPN2/P2N1PPP/R2QK2R w KQkq -,MODEL_PREDICTION_NOT_EMPIRICAL,cuda,on,2.11.0+cu128,12.8,NVIDIA GeForce RTX 3090,7.55442660022527,632516608,0.937826044857502
LON-12,B4,1100,maia3-79m,8,d4c5,dxc5,0.04148358479142189,0.937826044857502,0.8732353737852722,274,16,710,r1b1kb1r/pp2pppp/2n2n2/2pp4/3P1B2/2qBPN2/P2N1PPP/R2QK2R w KQkq -,MODEL_PREDICTION_NOT_EMPIRICAL,cuda,on,2.11.0+cu128,12.8,NVIDIA GeForce RTX 3090,7.55442660022527,632516608,0.937826044857502
LON-12,B4,1100,maia3-79m,9,d1c2,Qc2,0.04084043949842453,0.937826044857502,0.8732353737852722,236,21,743,r1b1kb1r/pp2pppp/2n2n2/2pp4/3P1B2/2qBPN2/P2N1PPP/R2QK2R w KQkq -,MODEL_PREDICTION_NOT_EMPIRICAL,cuda,on,2.11.0+cu128,12.8,NVIDIA GeForce RTX 3090,7.55442660022527,632516608,0.937826044857502
LON-12,B4,1100,maia3-79m,10,d1b1,Qb1,0.025557294487953186,0.937826044857502,0.8732353737852722,426,17,557,r1b1kb1r/pp2pppp/2n2n2/2pp4/3P1B2/2qBPN2/P2N1PPP/R2QK2R w KQkq -,MODEL_PREDICTION_NOT_EMPIRICAL,cuda,on,2.11.0+cu128,12.8,NVIDIA GeForce RTX 3090,7.55442660022527,632516608,0.937826044857502
LON-12,B4,1300,maia3-79m,1,e1g1,O-O,0.25334495306015015,0.9547587959095836,0.8651562120515505,311,14,675,r1b1kb1r/pp2pppp/2n2n2/2pp4/3P1B2/2qBPN2/P2N1PPP/R2QK2R w KQkq -,MODEL_PREDICTION_NOT_EMPIRICAL,cuda,on,2.11.0+cu128,12.8,NVIDIA GeForce RTX 3090,7.55442660022527,632516608,0.9547587959095836
LON-12,B4,1300,maia3-79m,2,a1c1,Rc1,0.16614767909049988,0.9547587959095836,0.8651562120515505,271,14,715,r1b1kb1r/pp2pppp/2n2n2/2pp4/3P1B2/2qBPN2/P2N1PPP/R2QK2R w KQkq -,MODEL_PREDICTION_NOT_EMPIRICAL,cuda,on,2.11.0+cu128,12.8,NVIDIA GeForce RTX 3090,7.55442660022527,632516608,0.9547587959095836
LON-12,B4,1300,maia3-79m,3,d3b5,Bb5,0.14662481844425201,0.9547587959095836,0.8651562120515505,496,20,484,r1b1kb1r/pp2pppp/2n2n2/2pp4/3P1B2/2qBPN2/P2N1PPP/R2QK2R w KQkq -,MODEL_PREDICTION_NOT_EMPIRICAL,cuda,on,2.11.0+cu128,12.8,NVIDIA GeForce RTX 3090,7.55442660022527,632516608,0.9547587959095836
LON-12,B4,1300,maia3-79m,4,d3e2,Be2,0.11067821085453033,0.9547587959095836,0.8651562120515505,426,19,555,r1b1kb1r/pp2pppp/2n2n2/2pp4/3P1B2/2qBPN2/P2N1PPP/R2QK2R w KQkq -,MODEL_PREDICTION_NOT_EMPIRICAL,cuda,on,2.11.0+cu128,12.8,NVIDIA GeForce RTX 3090,7.55442660022527,632516608,0.9547587959095836
LON-12,B4,1300,maia3-79m,5,d3c2,Bc2,0.0917554572224617,0.9547587959095836,0.8651562120515505,411,18,571,r1b1kb1r/pp2pppp/2n2n2/2pp4/3P1B2/2qBPN2/P2N1PPP/R2QK2R w KQkq -,MODEL_PREDICTION_NOT_EMPIRICAL,cuda,on,2.11.0+cu128,12.8,NVIDIA GeForce RTX 3090,7.55442660022527,632516608,0.9547587959095836
LON-12,B4,1300,maia3-79m,6,f3e5,Ne5,0.04911315441131592,0.9547587959095836,0.8651562120515505,382,18,600,r1b1kb1r/pp2pppp/2n2n2/2pp4/3P1B2/2qBPN2/P2N1PPP/R2QK2R w KQkq -,MODEL_PREDICTION_NOT_EMPIRICAL,cuda,on,2.11.0+cu128,12.8,NVIDIA GeForce RTX 3090,7.55442660022527,632516608,0.9547587959095836
LON-12,B4,1300,maia3-79m,7,d4c5,dxc5,0.0440247468650341,0.9547587959095836,0.8651562120515505,249,16,735,r1b1kb1r/pp2pppp/2n2n2/2pp4/3P1B2/2qBPN2/P2N1PPP/R2QK2R w KQkq -,MODEL_PREDICTION_NOT_EMPIRICAL,cuda,on,2.11.0+cu128,12.8,NVIDIA GeForce RTX 3090,7.55442660022527,632516608,0.9547587959095836
LON-12,B4,1300,maia3-79m,8,d1e2,Qe2,0.04135742783546448,0.9547587959095836,0.8651562120515505,206,12,782,r1b1kb1r/pp2pppp/2n2n2/2pp4/3P1B2/2qBPN2/P2N1PPP/R2QK2R w KQkq -,MODEL_PREDICTION_NOT_EMPIRICAL,cuda,on,2.11.0+cu128,12.8,NVIDIA GeForce RTX 3090,7.55442660022527,632516608,0.9547587959095836
LON-12,B4,1300,maia3-79m,9,d1c2,Qc2,0.036497801542282104,0.9547587959095836,0.8651562120515505,208,18,774,r1b1kb1r/pp2pppp/2n2n2/2pp4/3P1B2/2qBPN2/P2N1PPP/R2QK2R w KQkq -,MODEL_PREDICTION_NOT_EMPIRICAL,cuda,on,2.11.0+cu128,12.8,NVIDIA GeForce RTX 3090,7.55442660022527,632516608,0.9547587959095836
LON-12,B4,1300,maia3-79m,10,d1b1,Qb1,0.015214546583592892,0.9547587959095836,0.8651562120515505,407,17,576,r1b1kb1r/pp2pppp/2n2n2/2pp4/3P1B2/2qBPN2/P2N1PPP/R2QK2R w KQkq -,MODEL_PREDICTION_NOT_EMPIRICAL,cuda,on,2.11.0+cu128,12.8,NVIDIA GeForce RTX 3090,7.55442660022527,632516608,0.9547587959095836
LON-12,B4,1500,maia3-79m,1,e1g1,O-O,0.24987787008285522,0.9664759719744325,0.8587979603916442,292,14,694,r1b1kb1r/pp2pppp/2n2n2/2pp4/3P1B2/2qBPN2/P2N1PPP/R2QK2R w KQkq -,MODEL_PREDICTION_NOT_EMPIRICAL,cuda,on,2.11.0+cu128,12.8,NVIDIA GeForce RTX 3090,7.55442660022527,632516608,0.9664759719744325
LON-12,B4,1500,maia3-79m,2,a1c1,Rc1,0.16133327782154083,0.9664759719744325,0.8587979603916442,252,14,734,r1b1kb1r/pp2pppp/2n2n2/2pp4/3P1B2/2qBPN2/P2N1PPP/R2QK2R w KQkq -,MODEL_PREDICTION_NOT_EMPIRICAL,cuda,on,2.11.0+cu128,12.8,NVIDIA GeForce RTX 3090,7.55442660022527,632516608,0.9664759719744325
LON-12,B4,1500,maia3-79m,3,d3b5,Bb5,0.15155859291553497,0.9664759719744325,0.8587979603916442,489,20,491,r1b1kb1r/pp2pppp/2n2n2/2pp4/3P1B2/2qBPN2/P2N1PPP/R2QK2R w KQkq -,MODEL_PREDICTION_NOT_EMPIRICAL,cuda,on,2.11.0+cu128,12.8,NVIDIA GeForce RTX 3090,7.55442660022527,632516608,0.9664759719744325
LON-12,B4,1500,maia3-79m,4,d3e2,Be2,0.14016877114772797,0.9664759719744325,0.8587979603916442,416,19,565,r1b1kb1r/pp2pppp/2n2n2/2pp4/3P1B2/2qBPN2/P2N1PPP/R2QK2R w KQkq -,MODEL_PREDICTION_NOT_EMPIRICAL,cuda,on,2.11.0+cu128,12.8,NVIDIA GeForce RTX 3090,7.55442660022527,632516608,0.9664759719744325
LON-12,B4,1500,maia3-79m,5,d3c2,Bc2,0.10095978528261185,0.9664759719744325,0.8587979603916442,402,18,580,r1b1kb1r/pp2pppp/2n2n2/2pp4/3P1B2/2qBPN2/P2N1PPP/R2QK2R w KQkq -,MODEL_PREDICTION_NOT_EMPIRICAL,cuda,on,2.11.0+cu128,12.8,NVIDIA GeForce RTX 3090,7.55442660022527,632516608,0.9664759719744325
LON-12,B4,1500,maia3-79m,6,d4c5,dxc5,0.04844103381037712,0.9664759719744325,0.8587979603916442,224,16,760,r1b1kb1r/pp2pppp/2n2n2/2pp4/3P1B2/2qBPN2/P2N1PPP/R2QK2R w KQkq -,MODEL_PREDICTION_NOT_EMPIRICAL,cuda,on,2.11.0+cu128,12.8,NVIDIA GeForce RTX 3090,7.55442660022527,632516608,0.9664759719744325
LON-12,B4,1500,maia3-79m,7,d1c2,Qc2,0.03599832206964493,0.9664759719744325,0.8587979603916442,196,18,786,r1b1kb1r/pp2pppp/2n2n2/2pp4/3P1B2/2qBPN2/P2N1PPP/R2QK2R w KQkq -,MODEL_PREDICTION_NOT_EMPIRICAL,cuda,on,2.11.0+cu128,12.8,NVIDIA GeForce RTX 3090,7.55442660022527,632516608,0.9664759719744325
LON-12,B4,1500,maia3-79m,8,d1e2,Qe2,0.03489076718688011,0.9664759719744325,0.8587979603916442,201,12,787,r1b1kb1r/pp2pppp/2n2n2/2pp4/3P1B2/2qBPN2/P2N1PPP/R2QK2R w KQkq -,MODEL_PREDICTION_NOT_EMPIRICAL,cuda,on,2.11.0+cu128,12.8,NVIDIA GeForce RTX 3090,7.55442660022527,632516608,0.9664759719744325
LON-12,B4,1500,maia3-79m,9,f3e5,Ne5,0.03226868435740471,0.9664759719744325,0.8587979603916442,355,18,627,r1b1kb1r/pp2pppp/2n2n2/2pp4/3P1B2/2qBPN2/P2N1PPP/R2QK2R w KQkq -,MODEL_PREDICTION_NOT_EMPIRICAL,cuda,on,2.11.0+cu128,12.8,NVIDIA GeForce RTX 3090,7.55442660022527,632516608,0.9664759719744325
LON-12,B4,1500,maia3-79m,10,d1b1,Qb1,0.010978867299854755,0.9664759719744325,0.8587979603916442,400,17,583,r1b1kb1r/pp2pppp/2n2n2/2pp4/3P1B2/2qBPN2/P2N1PPP/R2QK2R w KQkq -,MODEL_PREDICTION_NOT_EMPIRICAL,cuda,on,2.11.0+cu128,12.8,NVIDIA GeForce RTX 3090,7.55442660022527,632516608,0.9664759719744325
LON-12,B4,1700,maia3-79m,1,e1g1,O-O,0.21031828224658966,0.9751744410023093,0.8594465523835696,267,14,719,r1b1kb1r/pp2pppp/2n2n2/2pp4/3P1B2/2qBPN2/P2N1PPP/R2QK2R w KQkq -,MODEL_PREDICTION_NOT_EMPIRICAL,cuda,on,2.11.0+cu128,12.8,NVIDIA GeForce RTX 3090,7.55442660022527,632516608,0.9751744410023093
LON-12,B4,1700,maia3-79m,2,d3b5,Bb5,0.18272769451141357,0.9751744410023093,0.8594465523835696,484,22,494,r1b1kb1r/pp2pppp/2n2n2/2pp4/3P1B2/2qBPN2/P2N1PPP/R2QK2R w KQkq -,MODEL_PREDICTION_NOT_EMPIRICAL,cuda,on,2.11.0+cu128,12.8,NVIDIA GeForce RTX 3090,7.55442660022527,632516608,0.9751744410023093
LON-12,B4,1700,maia3-79m,3,d3e2,Be2,0.174359992146492,0.9751744410023093,0.8594465523835696,410,21,569,r1b1kb1r/pp2pppp/2n2n2/2pp4/3P1B2/2qBPN2/P2N1PPP/R2QK2R w KQkq -,MODEL_PREDICTION_NOT_EMPIRICAL,cuda,on,2.11.0+cu128,12.8,NVIDIA GeForce RTX 3090,7.55442660022527,632516608,0.9751744410023093
LON-12,B4,1700,maia3-79m,4,a1c1,Rc1,0.14682582020759583,0.9751744410023093,0.8594465523835696,231,14,755,r1b1kb1r/pp2pppp/2n2n2/2pp4/3P1B2/2qBPN2/P2N1PPP/R2QK2R w KQkq -,MODEL_PREDICTION_NOT_EMPIRICAL,cuda,on,2.11.0+cu128,12.8,NVIDIA GeForce RTX 3090,7.55442660022527,632516608,0.9751744410023093
LON-12,B4,1700,maia3-79m,5,d3c2,Bc2,0.10742007941007614,0.9751744410023093,0.8594465523835696,396,19,585,r1b1kb1r/pp2pppp/2n2n2/2pp4/3P1B2/2qBPN2/P2N1PPP/R2QK2R w KQkq -,MODEL_PREDICTION_NOT_EMPIRICAL,cuda,on,2.11.0+cu128,12.8,NVIDIA GeForce RTX 3090,7.55442660022527,632516608,0.9751744410023093
LON-12,B4,1700,maia3-79m,6,d4c5,dxc5,0.054864805191755295,0.9751744410023093,0.8594465523835696,206,16,778,r1b1kb1r/pp2pppp/2n2n2/2pp4/3P1B2/2qBPN2/P2N1PPP/R2QK2R w KQkq -,MODEL_PREDICTION_NOT_EMPIRICAL,cuda,on,2.11.0+cu128,12.8,NVIDIA GeForce RTX 3090,7.55442660022527,632516608,0.9751744410023093
LON-12,B4,1700,maia3-79m,7,d1c2,Qc2,0.03598121553659439,0.9751744410023093,0.8594465523835696,202,20,778,r1b1kb1r/pp2pppp/2n2n2/2pp4/3P1B2/2qBPN2/P2N1PPP/R2QK2R w KQkq -,MODEL_PREDICTION_NOT_EMPIRICAL,cuda,on,2.11.0+cu128,12.8,NVIDIA GeForce RTX 3090,7.55442660022527,632516608,0.9751744410023093
LON-12,B4,1700,maia3-79m,8,d1e2,Qe2,0.03327718749642372,0.9751744410023093,0.8594465523835696,204,12,784,r1b1kb1r/pp2pppp/2n2n2/2pp4/3P1B2/2qBPN2/P2N1PPP/R2QK2R w KQkq -,MODEL_PREDICTION_NOT_EMPIRICAL,cuda,on,2.11.0+cu128,12.8,NVIDIA GeForce RTX 3090,7.55442660022527,632516608,0.9751744410023093
LON-12,B4,1700,maia3-79m,9,f3e5,Ne5,0.019562646746635437,0.9751744410023093,0.8594465523835696,334,19,647,r1b1kb1r/pp2pppp/2n2n2/2pp4/3P1B2/2qBPN2/P2N1PPP/R2QK2R w KQkq -,MODEL_PREDICTION_NOT_EMPIRICAL,cuda,on,2.11.0+cu128,12.8,NVIDIA GeForce RTX 3090,7.55442660022527,632516608,0.9751744410023093
LON-12,B4,1700,maia3-79m,10,d1b1,Qb1,0.009836717508733273,0.9751744410023093,0.8594465523835696,403,19,578,r1b1kb1r/pp2pppp/2n2n2/2pp4/3P1B2/2qBPN2/P2N1PPP/R2QK2R w KQkq -,MODEL_PREDICTION_NOT_EMPIRICAL,cuda,on,2.11.0+cu128,12.8,NVIDIA GeForce RTX 3090,7.55442660022527,632516608,0.9751744410023093
LON-12,B4,1900,maia3-79m,1,d3b5,Bb5,0.2648829519748688,0.979318380355835,0.8361404831157366,473,26,501,r1b1kb1r/pp2pppp/2n2n2/2pp4/3P1B2/2qBPN2/P2N1PPP/R2QK2R w KQkq -,MODEL_PREDICTION_NOT_EMPIRICAL,cuda,on,2.11.0+cu128,12.8,NVIDIA GeForce RTX 3090,7.55442660022527,632516608,0.979318380355835
LON-12,B4,1900,maia3-79m,2,d3e2,Be2,0.20953968167304993,0.979318380355835,0.8361404831157366,403,23,574,r1b1kb1r/pp2pppp/2n2n2/2pp4/3P1B2/2qBPN2/P2N1PPP/R2QK2R w KQkq -,MODEL_PREDICTION_NOT_EMPIRICAL,cuda,on,2.11.0+cu128,12.8,NVIDIA GeForce RTX 3090,7.55442660022527,632516608,0.979318380355835
LON-12,B4,1900,maia3-79m,3,e1g1,O-O,0.13528898358345032,0.979318380355835,0.8361404831157366,235,15,750,r1b1kb1r/pp2pppp/2n2n2/2pp4/3P1B2/2qBPN2/P2N1PPP/R2QK2R w KQkq -,MODEL_PREDICTION_NOT_EMPIRICAL,cuda,on,2.11.0+cu128,12.8,NVIDIA GeForce RTX 3090,7.55442660022527,632516608,0.979318380355835
LON-12,B4,1900,maia3-79m,4,a1c1,Rc1,0.1212722584605217,0.979318380355835,0.8361404831157366,203,14,783,r1b1kb1r/pp2pppp/2n2n2/2pp4/3P1B2/2qBPN2/P2N1PPP/R2QK2R w KQkq -,MODEL_PREDICTION_NOT_EMPIRICAL,cuda,on,2.11.0+cu128,12.8,NVIDIA GeForce RTX 3090,7.55442660022527,632516608,0.979318380355835
LON-12,B4,1900,maia3-79m,5,d3c2,Bc2,0.10870774835348129,0.979318380355835,0.8361404831157366,394,21,585,r1b1kb1r/pp2pppp/2n2n2/2pp4/3P1B2/2qBPN2/P2N1PPP/R2QK2R w KQkq -,MODEL_PREDICTION_NOT_EMPIRICAL,cuda,on,2.11.0+cu128,12.8,NVIDIA GeForce RTX 3090,7.55442660022527,632516608,0.979318380355835
LON-12,B4,1900,maia3-79m,6,d4c5,dxc5,0.05215854197740555,0.979318380355835,0.8361404831157366,181,16,803,r1b1kb1r/pp2pppp/2n2n2/2pp4/3P1B2/2qBPN2/P2N1PPP/R2QK2R w KQkq -,MODEL_PREDICTION_NOT_EMPIRICAL,cuda,on,2.11.0+cu128,12.8,NVIDIA GeForce RTX 3090,7.55442660022527,632516608,0.979318380355835
LON-12,B4,1900,maia3-79m,7,d1e2,Qe2,0.033676087856292725,0.979318380355835,0.8361404831157366,195,12,793,r1b1kb1r/pp2pppp/2n2n2/2pp4/3P1B2/2qBPN2/P2N1PPP/R2QK2R w KQkq -,MODEL_PREDICTION_NOT_EMPIRICAL,cuda,on,2.11.0+cu128,12.8,NVIDIA GeForce RTX 3090,7.55442660022527,632516608,0.979318380355835
LON-12,B4,1900,maia3-79m,8,d1c2,Qc2,0.030662428587675095,0.979318380355835,0.8361404831157366,213,23,764,r1b1kb1r/pp2pppp/2n2n2/2pp4/3P1B2/2qBPN2/P2N1PPP/R2QK2R w KQkq -,MODEL_PREDICTION_NOT_EMPIRICAL,cuda,on,2.11.0+cu128,12.8,NVIDIA GeForce RTX 3090,7.55442660022527,632516608,0.979318380355835
LON-12,B4,1900,maia3-79m,9,d1b1,Qb1,0.012196672149002552,0.979318380355835,0.8361404831157366,400,21,579,r1b1kb1r/pp2pppp/2n2n2/2pp4/3P1B2/2qBPN2/P2N1PPP/R2QK2R w KQkq -,MODEL_PREDICTION_NOT_EMPIRICAL,cuda,on,2.11.0+cu128,12.8,NVIDIA GeForce RTX 3090,7.55442660022527,632516608,0.979318380355835
LON-12,B4,1900,maia3-79m,10,f3e5,Ne5,0.010933025740087032,0.979318380355835,0.8361404831157366,308,20,672,r1b1kb1r/pp2pppp/2n2n2/2pp4/3P1B2/2qBPN2/P2N1PPP/R2QK2R w KQkq -,MODEL_PREDICTION_NOT_EMPIRICAL,cuda,on,2.11.0+cu128,12.8,NVIDIA GeForce RTX 3090,7.55442660022527,632516608,0.979318380355835
LON-12,B4,2100,maia3-79m,1,d3b5,Bb5,0.4070073962211609,0.982292527332902,0.7474002209766267,458,34,508,r1b1kb1r/pp2pppp/2n2n2/2pp4/3P1B2/2qBPN2/P2N1PPP/R2QK2R w KQkq -,MODEL_PREDICTION_NOT_EMPIRICAL,cuda,on,2.11.0+cu128,12.8,NVIDIA GeForce RTX 3090,7.55442660022527,632516608,0.982292527332902
LON-12,B4,2100,maia3-79m,2,d3e2,Be2,0.22477081418037415,0.982292527332902,0.7474002209766267,382,28,590,r1b1kb1r/pp2pppp/2n2n2/2pp4/3P1B2/2qBPN2/P2N1PPP/R2QK2R w KQkq -,MODEL_PREDICTION_NOT_EMPIRICAL,cuda,on,2.11.0+cu128,12.8,NVIDIA GeForce RTX 3090,7.55442660022527,632516608,0.982292527332902
LON-12,B4,2100,maia3-79m,3,d3c2,Bc2,0.09081562608480453,0.982292527332902,0.7474002209766267,384,26,590,r1b1kb1r/pp2pppp/2n2n2/2pp4/3P1B2/2qBPN2/P2N1PPP/R2QK2R w KQkq -,MODEL_PREDICTION_NOT_EMPIRICAL,cuda,on,2.11.0+cu128,12.8,NVIDIA GeForce RTX 3090,7.55442660022527,632516608,0.982292527332902
LON-12,B4,2100,maia3-79m,4,a1c1,Rc1,0.07647442072629929,0.982292527332902,0.7474002209766267,182,14,804,r1b1kb1r/pp2pppp/2n2n2/2pp4/3P1B2/2qBPN2/P2N1PPP/R2QK2R w KQkq -,MODEL_PREDICTION_NOT_EMPIRICAL,cuda,on,2.11.0+cu128,12.8,NVIDIA GeForce RTX 3090,7.55442660022527,632516608,0.982292527332902
LON-12,B4,2100,maia3-79m,5,e1g1,O-O,0.07184106856584549,0.982292527332902,0.7474002209766267,197,15,788,r1b1kb1r/pp2pppp/2n2n2/2pp4/3P1B2/2qBPN2/P2N1PPP/R2QK2R w KQkq -,MODEL_PREDICTION_NOT_EMPIRICAL,cuda,on,2.11.0+cu128,12.8,NVIDIA GeForce RTX 3090,7.55442660022527,632516608,0.982292527332902
LON-12,B4,2100,maia3-79m,6,d4c5,dxc5,0.03289124369621277,0.982292527332902,0.7474002209766267,144,15,841,r1b1kb1r/pp2pppp/2n2n2/2pp4/3P1B2/2qBPN2/P2N1PPP/R2QK2R w KQkq -,MODEL_PREDICTION_NOT_EMPIRICAL,cuda,on,2.11.0+cu128,12.8,NVIDIA GeForce RTX 3090,7.55442660022527,632516608,0.982292527332902
LON-12,B4,2100,maia3-79m,7,d1e2,Qe2,0.029026417061686516,0.982292527332902,0.7474002209766267,159,12,829,r1b1kb1r/pp2pppp/2n2n2/2pp4/3P1B2/2qBPN2/P2N1PPP/R2QK2R w KQkq -,MODEL_PREDICTION_NOT_EMPIRICAL,cuda,on,2.11.0+cu128,12.8,NVIDIA GeForce RTX 3090,7.55442660022527,632516608,0.982292527332902
LON-12,B4,2100,maia3-79m,8,d1c2,Qc2,0.019949544221162796,0.982292527332902,0.7474002209766267,208,26,766,r1b1kb1r/pp2pppp/2n2n2/2pp4/3P1B2/2qBPN2/P2N1PPP/R2QK2R w KQkq -,MODEL_PREDICTION_NOT_EMPIRICAL,cuda,on,2.11.0+cu128,12.8,NVIDIA GeForce RTX 3090,7.55442660022527,632516608,0.982292527332902
LON-12,B4,2100,maia3-79m,9,d1b1,Qb1,0.019640255719423294,0.982292527332902,0.7474002209766267,386,26,588,r1b1kb1r/pp2pppp/2n2n2/2pp4/3P1B2/2qBPN2/P2N1PPP/R2QK2R w KQkq -,MODEL_PREDICTION_NOT_EMPIRICAL,cuda,on,2.11.0+cu128,12.8,NVIDIA GeForce RTX 3090,7.55442660022527,632516608,0.982292527332902
LON-12,B4,2100,maia3-79m,10,e1e2,Ke2,0.009875740855932236,0.982292527332902,0.7474002209766267,284,23,693,r1b1kb1r/pp2pppp/2n2n2/2pp4/3P1B2/2qBPN2/P2N1PPP/R2QK2R w KQkq -,MODEL_PREDICTION_NOT_EMPIRICAL,cuda,on,2.11.0+cu128,12.8,NVIDIA GeForce RTX 3090,7.55442660022527,632516608,0.982292527332902
LON-15,B4,1100,maia3-79m,1,f1b5,Bb5,0.45313483476638794,0.9404123788699508,0.697101670920093,386,20,594,r1b1kb1r/pp2pppp/2n2n2/2pp4/Q2P1B2/2P1PN2/Pq3PPP/RN2KB1R w KQkq -,MODEL_PREDICTION_NOT_EMPIRICAL,cuda,on,2.11.0+cu128,12.8,NVIDIA GeForce RTX 3090,7.55442660022527,632516608,0.9404123788699508
LON-15,B4,1100,maia3-79m,2,f3e5,Ne5,0.19489087164402008,0.9404123788699508,0.697101670920093,361,20,619,r1b1kb1r/pp2pppp/2n2n2/2pp4/Q2P1B2/2P1PN2/Pq3PPP/RN2KB1R w KQkq -,MODEL_PREDICTION_NOT_EMPIRICAL,cuda,on,2.11.0+cu128,12.8,NVIDIA GeForce RTX 3090,7.55442660022527,632516608,0.9404123788699508
LON-15,B4,1100,maia3-79m,3,f1d3,Bd3,0.06630827486515045,0.9404123788699508,0.697101670920093,427,16,557,r1b1kb1r/pp2pppp/2n2n2/2pp4/Q2P1B2/2P1PN2/Pq3PPP/RN2KB1R w KQkq -,MODEL_PREDICTION_NOT_EMPIRICAL,cuda,on,2.11.0+cu128,12.8,NVIDIA GeForce RTX 3090,7.55442660022527,632516608,0.9404123788699508
LON-15,B4,1100,maia3-79m,4,b1d2,Nbd2,0.06327179819345474,0.9404123788699508,0.697101670920093,225,12,763,r1b1kb1r/pp2pppp/2n2n2/2pp4/Q2P1B2/2P1PN2/Pq3PPP/RN2KB1R w KQkq -,MODEL_PREDICTION_NOT_EMPIRICAL,cuda,on,2.11.0+cu128,12.8,NVIDIA GeForce RTX 3090,7.55442660022527,632516608,0.9404123788699508
LON-15,B4,1100,maia3-79m,5,a4b3,Qb3,0.04851217195391655,0.9404123788699508,0.697101670920093,320,32,648,r1b1kb1r/pp2pppp/2n2n2/2pp4/Q2P1B2/2P1PN2/Pq3PPP/RN2KB1R w KQkq -,MODEL_PREDICTION_NOT_EMPIRICAL,cuda,on,2.11.0+cu128,12.8,NVIDIA GeForce RTX 3090,7.55442660022527,632516608,0.9404123788699508
LON-15,B4,1100,maia3-79m,6,d4c5,dxc5,0.03231607377529144,0.9404123788699508,0.697101670920093,272,16,712,r1b1kb1r/pp2pppp/2n2n2/2pp4/Q2P1B2/2P1PN2/Pq3PPP/RN2KB1R w KQkq -,MODEL_PREDICTION_NOT_EMPIRICAL,cuda,on,2.11.0+cu128,12.8,NVIDIA GeForce RTX 3090,7.55442660022527,632516608,0.9404123788699508
LON-15,B4,1100,maia3-79m,7,f3d2,Nfd2,0.026790965348482132,0.9404123788699508,0.697101670920093,336,17,647,r1b1kb1r/pp2pppp/2n2n2/2pp4/Q2P1B2/2P1PN2/Pq3PPP/RN2KB1R w KQkq -,MODEL_PREDICTION_NOT_EMPIRICAL,cuda,on,2.11.0+cu128,12.8,NVIDIA GeForce RTX 3090,7.55442660022527,632516608,0.9404123788699508
LON-15,B4,1100,maia3-79m,8,a4d1,Qd1,0.025564119219779968,0.9404123788699508,0.697101670920093,228,17,755,r1b1kb1r/pp2pppp/2n2n2/2pp4/Q2P1B2/2P1PN2/Pq3PPP/RN2KB1R w KQkq -,MODEL_PREDICTION_NOT_EMPIRICAL,cuda,on,2.11.0+cu128,12.8,NVIDIA GeForce RTX 3090,7.55442660022527,632516608,0.9404123788699508
LON-15,B4,1100,maia3-79m,9,f1a6,Ba6,0.015505420975387096,0.9404123788699508,0.697101670920093,405,19,576,r1b1kb1r/pp2pppp/2n2n2/2pp4/Q2P1B2/2P1PN2/Pq3PPP/RN2KB1R w KQkq -,MODEL_PREDICTION_NOT_EMPIRICAL,cuda,on,2.11.0+cu128,12.8,NVIDIA GeForce RTX 3090,7.55442660022527,632516608,0.9404123788699508
LON-15,B4,1100,maia3-79m,10,b1a3,Na3,0.014117848128080368,0.9404123788699508,0.697101670920093,194,12,794,r1b1kb1r/pp2pppp/2n2n2/2pp4/Q2P1B2/2P1PN2/Pq3PPP/RN2KB1R w KQkq -,MODEL_PREDICTION_NOT_EMPIRICAL,cuda,on,2.11.0+cu128,12.8,NVIDIA GeForce RTX 3090,7.55442660022527,632516608,0.9404123788699508
LON-15,B4,1300,maia3-79m,1,f1b5,Bb5,0.48040586709976196,0.953772397711873,0.6700736033306777,372,20,608,r1b1kb1r/pp2pppp/2n2n2/2pp4/Q2P1B2/2P1PN2/Pq3PPP/RN2KB1R w KQkq -,MODEL_PREDICTION_NOT_EMPIRICAL,cuda,on,2.11.0+cu128,12.8,NVIDIA GeForce RTX 3090,7.55442660022527,632516608,0.953772397711873
LON-15,B4,1300,maia3-79m,2,f3e5,Ne5,0.203416645526886,0.953772397711873,0.6700736033306777,329,21,650,r1b1kb1r/pp2pppp/2n2n2/2pp4/Q2P1B2/2P1PN2/Pq3PPP/RN2KB1R w KQkq -,MODEL_PREDICTION_NOT_EMPIRICAL,cuda,on,2.11.0+cu128,12.8,NVIDIA GeForce RTX 3090,7.55442660022527,632516608,0.953772397711873
LON-15,B4,1300,maia3-79m,3,b1d2,Nbd2,0.06107674911618233,0.953772397711873,0.6700736033306777,192,10,798,r1b1kb1r/pp2pppp/2n2n2/2pp4/Q2P1B2/2P1PN2/Pq3PPP/RN2KB1R w KQkq -,MODEL_PREDICTION_NOT_EMPIRICAL,cuda,on,2.11.0+cu128,12.8,NVIDIA GeForce RTX 3090,7.55442660022527,632516608,0.953772397711873
LON-15,B4,1300,maia3-79m,4,f1d3,Bd3,0.06012985110282898,0.953772397711873,0.6700736033306777,404,16,580,r1b1kb1r/pp2pppp/2n2n2/2pp4/Q2P1B2/2P1PN2/Pq3PPP/RN2KB1R w KQkq -,MODEL_PREDICTION_NOT_EMPIRICAL,cuda,on,2.11.0+cu128,12.8,NVIDIA GeForce RTX 3090,7.55442660022527,632516608,0.953772397711873
LON-15,B4,1300,maia3-79m,5,a4b3,Qb3,0.05474884435534477,0.953772397711873,0.6700736033306777,294,31,675,r1b1kb1r/pp2pppp/2n2n2/2pp4/Q2P1B2/2P1PN2/Pq3PPP/RN2KB1R w KQkq -,MODEL_PREDICTION_NOT_EMPIRICAL,cuda,on,2.11.0+cu128,12.8,NVIDIA GeForce RTX 3090,7.55442660022527,632516608,0.953772397711873
LON-15,B4,1300,maia3-79m,6,f3d2,Nfd2,0.02930494397878647,0.953772397711873,0.6700736033306777,312,17,671,r1b1kb1r/pp2pppp/2n2n2/2pp4/Q2P1B2/2P1PN2/Pq3PPP/RN2KB1R w KQkq -,MODEL_PREDICTION_NOT_EMPIRICAL,cuda,on,2.11.0+cu128,12.8,NVIDIA GeForce RTX 3090,7.55442660022527,632516608,0.953772397711873
LON-15,B4,1300,maia3-79m,7,d4c5,dxc5,0.02177758701145649,0.953772397711873,0.6700736033306777,244,15,741,r1b1kb1r/pp2pppp/2n2n2/2pp4/Q2P1B2/2P1PN2/Pq3PPP/RN2KB1R w KQkq -,MODEL_PREDICTION_NOT_EMPIRICAL,cuda,on,2.11.0+cu128,12.8,NVIDIA GeForce RTX 3090,7.55442660022527,632516608,0.953772397711873
LON-15,B4,1300,maia3-79m,8,a4d1,Qd1,0.01749878190457821,0.953772397711873,0.6700736033306777,204,16,780,r1b1kb1r/pp2pppp/2n2n2/2pp4/Q2P1B2/2P1PN2/Pq3PPP/RN2KB1R w KQkq -,MODEL_PREDICTION_NOT_EMPIRICAL,cuda,on,2.11.0+cu128,12.8,NVIDIA GeForce RTX 3090,7.55442660022527,632516608,0.953772397711873
LON-15,B4,1300,maia3-79m,9,f1e2,Be2,0.015442621894180775,0.953772397711873,0.6700736033306777,338,16,646,r1b1kb1r/pp2pppp/2n2n2/2pp4/Q2P1B2/2P1PN2/Pq3PPP/RN2KB1R w KQkq -,MODEL_PREDICTION_NOT_EMPIRICAL,cuda,on,2.11.0+cu128,12.8,NVIDIA GeForce RTX 3090,7.55442660022527,632516608,0.953772397711873
LON-15,B4,1300,maia3-79m,10,b1a3,Na3,0.009970505721867085,0.953772397711873,0.6700736033306777,158,10,832,r1b1kb1r/pp2pppp/2n2n2/2pp4/Q2P1B2/2P1PN2/Pq3PPP/RN2KB1R w KQkq -,MODEL_PREDICTION_NOT_EMPIRICAL,cuda,on,2.11.0+cu128,12.8,NVIDIA GeForce RTX 3090,7.55442660022527,632516608,0.953772397711873
LON-15,B4,1500,maia3-79m,1,f1b5,Bb5,0.4878763258457184,0.9622928216122091,0.6706154736599311,372,21,607,r1b1kb1r/pp2pppp/2n2n2/2pp4/Q2P1B2/2P1PN2/Pq3PPP/RN2KB1R w KQkq -,MODEL_PREDICTION_NOT_EMPIRICAL,cuda,on,2.11.0+cu128,12.8,NVIDIA GeForce RTX 3090,7.55442660022527,632516608,0.9622928216122091
LON-15,B4,1500,maia3-79m,2,f3e5,Ne5,0.1971198469400406,0.9622928216122091,0.6706154736599311,307,23,670,r1b1kb1r/pp2pppp/2n2n2/2pp4/Q2P1B2/2P1PN2/Pq3PPP/RN2KB1R w KQkq -,MODEL_PREDICTION_NOT_EMPIRICAL,cuda,on,2.11.0+cu128,12.8,NVIDIA GeForce RTX 3090,7.55442660022527,632516608,0.9622928216122091
LON-15,B4,1500,maia3-79m,3,a4b3,Qb3,0.06500323116779327,0.9622928216122091,0.6706154736599311,272,30,698,r1b1kb1r/pp2pppp/2n2n2/2pp4/Q2P1B2/2P1PN2/Pq3PPP/RN2KB1R w KQkq -,MODEL_PREDICTION_NOT_EMPIRICAL,cuda,on,2.11.0+cu128,12.8,NVIDIA GeForce RTX 3090,7.55442660022527,632516608,0.9622928216122091
LON-15,B4,1500,maia3-79m,4,b1d2,Nbd2,0.061064887791872025,0.9622928216122091,0.6706154736599311,167,9,824,r1b1kb1r/pp2pppp/2n2n2/2pp4/Q2P1B2/2P1PN2/Pq3PPP/RN2KB1R w KQkq -,MODEL_PREDICTION_NOT_EMPIRICAL,cuda,on,2.11.0+cu128,12.8,NVIDIA GeForce RTX 3090,7.55442660022527,632516608,0.9622928216122091
LON-15,B4,1500,maia3-79m,5,f1d3,Bd3,0.05826851725578308,0.9622928216122091,0.6706154736599311,403,16,581,r1b1kb1r/pp2pppp/2n2n2/2pp4/Q2P1B2/2P1PN2/Pq3PPP/RN2KB1R w KQkq -,MODEL_PREDICTION_NOT_EMPIRICAL,cuda,on,2.11.0+cu128,12.8,NVIDIA GeForce RTX 3090,7.55442660022527,632516608,0.9622928216122091
LON-15,B4,1500,maia3-79m,6,f3d2,Nfd2,0.03479371964931488,0.9622928216122091,0.6706154736599311,298,17,685,r1b1kb1r/pp2pppp/2n2n2/2pp4/Q2P1B2/2P1PN2/Pq3PPP/RN2KB1R w KQkq -,MODEL_PREDICTION_NOT_EMPIRICAL,cuda,on,2.11.0+cu128,12.8,NVIDIA GeForce RTX 3090,7.55442660022527,632516608,0.9622928216122091
LON-15,B4,1500,maia3-79m,7,f1e2,Be2,0.019824864342808723,0.9622928216122091,0.6706154736599311,328,16,656,r1b1kb1r/pp2pppp/2n2n2/2pp4/Q2P1B2/2P1PN2/Pq3PPP/RN2KB1R w KQkq -,MODEL_PREDICTION_NOT_EMPIRICAL,cuda,on,2.11.0+cu128,12.8,NVIDIA GeForce RTX 3090,7.55442660022527,632516608,0.9622928216122091
LON-15,B4,1500,maia3-79m,8,d4c5,dxc5,0.0172241423279047,0.9622928216122091,0.6706154736599311,230,15,755,r1b1kb1r/pp2pppp/2n2n2/2pp4/Q2P1B2/2P1PN2/Pq3PPP/RN2KB1R w KQkq -,MODEL_PREDICTION_NOT_EMPIRICAL,cuda,on,2.11.0+cu128,12.8,NVIDIA GeForce RTX 3090,7.55442660022527,632516608,0.9622928216122091
LON-15,B4,1500,maia3-79m,9,a4d1,Qd1,0.013414174318313599,0.9622928216122091,0.6706154736599311,185,16,799,r1b1kb1r/pp2pppp/2n2n2/2pp4/Q2P1B2/2P1PN2/Pq3PPP/RN2KB1R w KQkq -,MODEL_PREDICTION_NOT_EMPIRICAL,cuda,on,2.11.0+cu128,12.8,NVIDIA GeForce RTX 3090,7.55442660022527,632516608,0.9622928216122091
LON-15,B4,1500,maia3-79m,10,b1a3,Na3,0.007703111972659826,0.9622928216122091,0.6706154736599311,141,9,850,r1b1kb1r/pp2pppp/2n2n2/2pp4/Q2P1B2/2P1PN2/Pq3PPP/RN2KB1R w KQkq -,MODEL_PREDICTION_NOT_EMPIRICAL,cuda,on,2.11.0+cu128,12.8,NVIDIA GeForce RTX 3090,7.55442660022527,632516608,0.9622928216122091
LON-15,B4,1700,maia3-79m,1,f1b5,Bb5,0.5003460645675659,0.9682470611296594,0.6722071940526154,380,23,597,r1b1kb1r/pp2pppp/2n2n2/2pp4/Q2P1B2/2P1PN2/Pq3PPP/RN2KB1R w KQkq -,MODEL_PREDICTION_NOT_EMPIRICAL,cuda,on,2.11.0+cu128,12.8,NVIDIA GeForce RTX 3090,7.55442660022527,632516608,0.9682470611296594
LON-15,B4,1700,maia3-79m,2,f3e5,Ne5,0.17840389907360077,0.9682470611296594,0.6722071940526154,292,25,683,r1b1kb1r/pp2pppp/2n2n2/2pp4/Q2P1B2/2P1PN2/Pq3PPP/RN2KB1R w KQkq -,MODEL_PREDICTION_NOT_EMPIRICAL,cuda,on,2.11.0+cu128,12.8,NVIDIA GeForce RTX 3090,7.55442660022527,632516608,0.9682470611296594
LON-15,B4,1700,maia3-79m,3,a4b3,Qb3,0.07096416503190994,0.9682470611296594,0.6722071940526154,263,29,708,r1b1kb1r/pp2pppp/2n2n2/2pp4/Q2P1B2/2P1PN2/Pq3PPP/RN2KB1R w KQkq -,MODEL_PREDICTION_NOT_EMPIRICAL,cuda,on,2.11.0+cu128,12.8,NVIDIA GeForce RTX 3090,7.55442660022527,632516608,0.9682470611296594
LON-15,B4,1700,maia3-79m,4,f1d3,Bd3,0.059757817536592484,0.9682470611296594,0.6722071940526154,404,17,579,r1b1kb1r/pp2pppp/2n2n2/2pp4/Q2P1B2/2P1PN2/Pq3PPP/RN2KB1R w KQkq -,MODEL_PREDICTION_NOT_EMPIRICAL,cuda,on,2.11.0+cu128,12.8,NVIDIA GeForce RTX 3090,7.55442660022527,632516608,0.9682470611296594
LON-15,B4,1700,maia3-79m,5,b1d2,Nbd2,0.0588313564658165,0.9682470611296594,0.6722071940526154,147,9,844,r1b1kb1r/pp2pppp/2n2n2/2pp4/Q2P1B2/2P1PN2/Pq3PPP/RN2KB1R w KQkq -,MODEL_PREDICTION_NOT_EMPIRICAL,cuda,on,2.11.0+cu128,12.8,NVIDIA GeForce RTX 3090,7.55442660022527,632516608,0.9682470611296594
LON-15,B4,1700,maia3-79m,6,f3d2,Nfd2,0.04371974989771843,0.9682470611296594,0.6722071940526154,298,18,684,r1b1kb1r/pp2pppp/2n2n2/2pp4/Q2P1B2/2P1PN2/Pq3PPP/RN2KB1R w KQkq -,MODEL_PREDICTION_NOT_EMPIRICAL,cuda,on,2.11.0+cu128,12.8,NVIDIA GeForce RTX 3090,7.55442660022527,632516608,0.9682470611296594
LON-15,B4,1700,maia3-79m,7,f1e2,Be2,0.023038692772388458,0.9682470611296594,0.6722071940526154,320,16,664,r1b1kb1r/pp2pppp/2n2n2/2pp4/Q2P1B2/2P1PN2/Pq3PPP/RN2KB1R w KQkq -,MODEL_PREDICTION_NOT_EMPIRICAL,cuda,on,2.11.0+cu128,12.8,NVIDIA GeForce RTX 3090,7.55442660022527,632516608,0.9682470611296594
LON-15,B4,1700,maia3-79m,8,d4c5,dxc5,0.016336876899003983,0.9682470611296594,0.6722071940526154,220,16,764,r1b1kb1r/pp2pppp/2n2n2/2pp4/Q2P1B2/2P1PN2/Pq3PPP/RN2KB1R w KQkq -,MODEL_PREDICTION_NOT_EMPIRICAL,cuda,on,2.11.0+cu128,12.8,NVIDIA GeForce RTX 3090,7.55442660022527,632516608,0.9682470611296594
LON-15,B4,1700,maia3-79m,9,a4d1,Qd1,0.010143797844648361,0.9682470611296594,0.6722071940526154,176,16,808,r1b1kb1r/pp2pppp/2n2n2/2pp4/Q2P1B2/2P1PN2/Pq3PPP/RN2KB1R w KQkq -,MODEL_PREDICTION_NOT_EMPIRICAL,cuda,on,2.11.0+cu128,12.8,NVIDIA GeForce RTX 3090,7.55442660022527,632516608,0.9682470611296594
LON-15,B4,1700,maia3-79m,10,e3e4,e4,0.006704641040414572,0.9682470611296594,0.6722071940526154,241,13,746,r1b1kb1r/pp2pppp/2n2n2/2pp4/Q2P1B2/2P1PN2/Pq3PPP/RN2KB1R w KQkq -,MODEL_PREDICTION_NOT_EMPIRICAL,cuda,on,2.11.0+cu128,12.8,NVIDIA GeForce RTX 3090,7.55442660022527,632516608,0.9682470611296594
LON-15,B4,1900,maia3-79m,1,f1b5,Bb5,0.5338779091835022,0.9755376409739256,0.6616547002296974,384,27,589,r1b1kb1r/pp2pppp/2n2n2/2pp4/Q2P1B2/2P1PN2/Pq3PPP/RN2KB1R w KQkq -,MODEL_PREDICTION_NOT_EMPIRICAL,cuda,on,2.11.0+cu128,12.8,NVIDIA GeForce RTX 3090,7.55442660022527,632516608,0.9755376409739256
LON-15,B4,1900,maia3-79m,2,f3e5,Ne5,0.1436913013458252,0.9755376409739256,0.6616547002296974,283,30,687,r1b1kb1r/pp2pppp/2n2n2/2pp4/Q2P1B2/2P1PN2/Pq3PPP/RN2KB1R w KQkq -,MODEL_PREDICTION_NOT_EMPIRICAL,cuda,on,2.11.0+cu128,12.8,NVIDIA GeForce RTX 3090,7.55442660022527,632516608,0.9755376409739256
LON-15,B4,1900,maia3-79m,3,a4b3,Qb3,0.07225251942873001,0.9755376409739256,0.6616547002296974,264,31,705,r1b1kb1r/pp2pppp/2n2n2/2pp4/Q2P1B2/2P1PN2/Pq3PPP/RN2KB1R w KQkq -,MODEL_PREDICTION_NOT_EMPIRICAL,cuda,on,2.11.0+cu128,12.8,NVIDIA GeForce RTX 3090,7.55442660022527,632516608,0.9755376409739256
LON-15,B4,1900,maia3-79m,4,f1d3,Bd3,0.06084271892905235,0.9755376409739256,0.6616547002296974,399,20,581,r1b1kb1r/pp2pppp/2n2n2/2pp4/Q2P1B2/2P1PN2/Pq3PPP/RN2KB1R w KQkq -,MODEL_PREDICTION_NOT_EMPIRICAL,cuda,on,2.11.0+cu128,12.8,NVIDIA GeForce RTX 3090,7.55442660022527,632516608,0.9755376409739256
LON-15,B4,1900,maia3-79m,5,f3d2,Nfd2,0.05539793148636818,0.9755376409739256,0.6616547002296974,294,20,686,r1b1kb1r/pp2pppp/2n2n2/2pp4/Q2P1B2/2P1PN2/Pq3PPP/RN2KB1R w KQkq -,MODEL_PREDICTION_NOT_EMPIRICAL,cuda,on,2.11.0+cu128,12.8,NVIDIA GeForce RTX 3090,7.55442660022527,632516608,0.9755376409739256
LON-15,B4,1900,maia3-79m,6,b1d2,Nbd2,0.05286107212305069,0.9755376409739256,0.6616547002296974,133,9,858,r1b1kb1r/pp2pppp/2n2n2/2pp4/Q2P1B2/2P1PN2/Pq3PPP/RN2KB1R w KQkq -,MODEL_PREDICTION_NOT_EMPIRICAL,cuda,on,2.11.0+cu128,12.8,NVIDIA GeForce RTX 3090,7.55442660022527,632516608,0.9755376409739256
LON-15,B4,1900,maia3-79m,7,f1e2,Be2,0.024969803169369698,0.9755376409739256,0.6616547002296974,312,18,670,r1b1kb1r/pp2pppp/2n2n2/2pp4/Q2P1B2/2P1PN2/Pq3PPP/RN2KB1R w KQkq -,MODEL_PREDICTION_NOT_EMPIRICAL,cuda,on,2.11.0+cu128,12.8,NVIDIA GeForce RTX 3090,7.55442660022527,632516608,0.9755376409739256
LON-15,B4,1900,maia3-79m,8,d4c5,dxc5,0.016375595703721046,0.9755376409739256,0.6616547002296974,206,17,777,r1b1kb1r/pp2pppp/2n2n2/2pp4/Q2P1B2/2P1PN2/Pq3PPP/RN2KB1R w KQkq -,MODEL_PREDICTION_NOT_EMPIRICAL,cuda,on,2.11.0+cu128,12.8,NVIDIA GeForce RTX 3090,7.55442660022527,632516608,0.9755376409739256
LON-15,B4,1900,maia3-79m,9,a4a3,Qa3,0.00849554780870676,0.9755376409739256,0.6616547002296974,209,21,770,r1b1kb1r/pp2pppp/2n2n2/2pp4/Q2P1B2/2P1PN2/Pq3PPP/RN2KB1R w KQkq -,MODEL_PREDICTION_NOT_EMPIRICAL,cuda,on,2.11.0+cu128,12.8,NVIDIA GeForce RTX 3090,7.55442660022527,632516608,0.9755376409739256
LON-15,B4,1900,maia3-79m,10,a4d1,Qd1,0.006773241795599461,0.9755376409739256,0.6616547002296974,176,17,807,r1b1kb1r/pp2pppp/2n2n2/2pp4/Q2P1B2/2P1PN2/Pq3PPP/RN2KB1R w KQkq -,MODEL_PREDICTION_NOT_EMPIRICAL,cuda,on,2.11.0+cu128,12.8,NVIDIA GeForce RTX 3090,7.55442660022527,632516608,0.9755376409739256
LON-15,B4,2100,maia3-79m,1,f1b5,Bb5,0.5907230377197266,0.9835232053883374,0.6274193431354294,378,34,588,r1b1kb1r/pp2pppp/2n2n2/2pp4/Q2P1B2/2P1PN2/Pq3PPP/RN2KB1R w KQkq -,MODEL_PREDICTION_NOT_EMPIRICAL,cuda,on,2.11.0+cu128,12.8,NVIDIA GeForce RTX 3090,7.55442660022527,632516608,0.9835232053883374
LON-15,B4,2100,maia3-79m,2,f3e5,Ne5,0.09201690554618835,0.9835232053883374,0.6274193431354294,279,38,683,r1b1kb1r/pp2pppp/2n2n2/2pp4/Q2P1B2/2P1PN2/Pq3PPP/RN2KB1R w KQkq -,MODEL_PREDICTION_NOT_EMPIRICAL,cuda,on,2.11.0+cu128,12.8,NVIDIA GeForce RTX 3090,7.55442660022527,632516608,0.9835232053883374
LON-15,B4,2100,maia3-79m,3,a4b3,Qb3,0.07748600095510483,0.9835232053883374,0.6274193431354294,269,34,697,r1b1kb1r/pp2pppp/2n2n2/2pp4/Q2P1B2/2P1PN2/Pq3PPP/RN2KB1R w KQkq -,MODEL_PREDICTION_NOT_EMPIRICAL,cuda,on,2.11.0+cu128,12.8,NVIDIA GeForce RTX 3090,7.55442660022527,632516608,0.9835232053883374
LON-15,B4,2100,maia3-79m,4,f1d3,Bd3,0.06423815339803696,0.9835232053883374,0.6274193431354294,378,25,597,r1b1kb1r/pp2pppp/2n2n2/2pp4/Q2P1B2/2P1PN2/Pq3PPP/RN2KB1R w KQkq -,MODEL_PREDICTION_NOT_EMPIRICAL,cuda,on,2.11.0+cu128,12.8,NVIDIA GeForce RTX 3090,7.55442660022527,632516608,0.9835232053883374
LON-15,B4,2100,maia3-79m,5,f3d2,Nfd2,0.06129647418856621,0.9835232053883374,0.6274193431354294,278,23,699,r1b1kb1r/pp2pppp/2n2n2/2pp4/Q2P1B2/2P1PN2/Pq3PPP/RN2KB1R w KQkq -,MODEL_PREDICTION_NOT_EMPIRICAL,cuda,on,2.11.0+cu128,12.8,NVIDIA GeForce RTX 3090,7.55442660022527,632516608,0.9835232053883374
LON-15,B4,2100,maia3-79m,6,b1d2,Nbd2,0.03660179302096367,0.9835232053883374,0.6274193431354294,120,10,870,r1b1kb1r/pp2pppp/2n2n2/2pp4/Q2P1B2/2P1PN2/Pq3PPP/RN2KB1R w KQkq -,MODEL_PREDICTION_NOT_EMPIRICAL,cuda,on,2.11.0+cu128,12.8,NVIDIA GeForce RTX 3090,7.55442660022527,632516608,0.9835232053883374
LON-15,B4,2100,maia3-79m,7,f1e2,Be2,0.026778444647789,0.9835232053883374,0.6274193431354294,308,22,670,r1b1kb1r/pp2pppp/2n2n2/2pp4/Q2P1B2/2P1PN2/Pq3PPP/RN2KB1R w KQkq -,MODEL_PREDICTION_NOT_EMPIRICAL,cuda,on,2.11.0+cu128,12.8,NVIDIA GeForce RTX 3090,7.55442660022527,632516608,0.9835232053883374
LON-15,B4,2100,maia3-79m,8,d4c5,dxc5,0.016241947188973427,0.9835232053883374,0.6274193431354294,194,20,786,r1b1kb1r/pp2pppp/2n2n2/2pp4/Q2P1B2/2P1PN2/Pq3PPP/RN2KB1R w KQkq -,MODEL_PREDICTION_NOT_EMPIRICAL,cuda,on,2.11.0+cu128,12.8,NVIDIA GeForce RTX 3090,7.55442660022527,632516608,0.9835232053883374
LON-15,B4,2100,maia3-79m,9,a4a3,Qa3,0.012949210591614246,0.9835232053883374,0.6274193431354294,217,24,759,r1b1kb1r/pp2pppp/2n2n2/2pp4/Q2P1B2/2P1PN2/Pq3PPP/RN2KB1R w KQkq -,MODEL_PREDICTION_NOT_EMPIRICAL,cuda,on,2.11.0+cu128,12.8,NVIDIA GeForce RTX 3090,7.55442660022527,632516608,0.9835232053883374
LON-15,B4,2100,maia3-79m,10,e3e4,e4,0.005191238131374121,0.9835232053883374,0.6274193431354294,232,17,751,r1b1kb1r/pp2pppp/2n2n2/2pp4/Q2P1B2/2P1PN2/Pq3PPP/RN2KB1R w KQkq -,MODEL_PREDICTION_NOT_EMPIRICAL,cuda,on,2.11.0+cu128,12.8,NVIDIA GeForce RTX 3090,7.55442660022527,632516608,0.9835232053883374
PST-04,B4,1100,maia3-79m,1,g1f3,Nf3,0.17764027416706085,0.8922154828906059,0.8714947220416235,290,30,680,rnbqkbn1/ppp1ppp1/7r/3p4/3P4/8/PPP1PPPP/RN1QKBNR w KQq -,MODEL_PREDICTION_NOT_EMPIRICAL,cuda,on,2.11.0+cu128,12.8,NVIDIA GeForce RTX 3090,7.55442660022527,632516608,0.8922154828906059
PST-04,B4,1100,maia3-79m,2,d1d2,Qd2,0.12996439635753632,0.8922154828906059,0.8714947220416235,219,30,751,rnbqkbn1/ppp1ppp1/7r/3p4/3P4/8/PPP1PPPP/RN1QKBNR w KQq -,MODEL_PREDICTION_NOT_EMPIRICAL,cuda,on,2.11.0+cu128,12.8,NVIDIA GeForce RTX 3090,7.55442660022527,632516608,0.8922154828906059
PST-04,B4,1100,maia3-79m,3,e2e3,e3,0.11649934202432632,0.8922154828906059,0.8714947220416235,284,30,686,rnbqkbn1/ppp1ppp1/7r/3p4/3P4/8/PPP1PPPP/RN1QKBNR w KQq -,MODEL_PREDICTION_NOT_EMPIRICAL,cuda,on,2.11.0+cu128,12.8,NVIDIA GeForce RTX 3090,7.55442660022527,632516608,0.8922154828906059
PST-04,B4,1100,maia3-79m,4,b1c3,Nc3,0.11649934202432632,0.8922154828906059,0.8714947220416235,266,30,704,rnbqkbn1/ppp1ppp1/7r/3p4/3P4/8/PPP1PPPP/RN1QKBNR w KQq -,MODEL_PREDICTION_NOT_EMPIRICAL,cuda,on,2.11.0+cu128,12.8,NVIDIA GeForce RTX 3090,7.55442660022527,632516608,0.8922154828906059
PST-04,B4,1100,maia3-79m,5,e2e4,e4,0.09810227155685425,0.8922154828906059,0.8714947220416235,228,28,744,rnbqkbn1/ppp1ppp1/7r/3p4/3P4/8/PPP1PPPP/RN1QKBNR w KQq -,MODEL_PREDICTION_NOT_EMPIRICAL,cuda,on,2.11.0+cu128,12.8,NVIDIA GeForce RTX 3090,7.55442660022527,632516608,0.8922154828906059
PST-04,B4,1100,maia3-79m,6,d1d3,Qd3,0.09360985457897186,0.8922154828906059,0.8714947220416235,225,27,748,rnbqkbn1/ppp1ppp1/7r/3p4/3P4/8/PPP1PPPP/RN1QKBNR w KQq -,MODEL_PREDICTION_NOT_EMPIRICAL,cuda,on,2.11.0+cu128,12.8,NVIDIA GeForce RTX 3090,7.55442660022527,632516608,0.8922154828906059
PST-04,B4,1100,maia3-79m,7,h2h4,h4,0.08006875216960907,0.8922154828906059,0.8714947220416235,220,32,748,rnbqkbn1/ppp1ppp1/7r/3p4/3P4/8/PPP1PPPP/RN1QKBNR w KQq -,MODEL_PREDICTION_NOT_EMPIRICAL,cuda,on,2.11.0+cu128,12.8,NVIDIA GeForce RTX 3090,7.55442660022527,632516608,0.8922154828906059
PST-04,B4,1100,maia3-79m,8,g2g4,g4,0.04353262484073639,0.8922154828906059,0.8714947220416235,188,31,781,rnbqkbn1/ppp1ppp1/7r/3p4/3P4/8/PPP1PPPP/RN1QKBNR w KQq -,MODEL_PREDICTION_NOT_EMPIRICAL,cuda,on,2.11.0+cu128,12.8,NVIDIA GeForce RTX 3090,7.55442660022527,632516608,0.8922154828906059
PST-04,B4,1100,maia3-79m,9,f2f4,f4,0.018432872369885445,0.8922154828906059,0.8714947220416235,203,33,764,rnbqkbn1/ppp1ppp1/7r/3p4/3P4/8/PPP1PPPP/RN1QKBNR w KQq -,MODEL_PREDICTION_NOT_EMPIRICAL,cuda,on,2.11.0+cu128,12.8,NVIDIA GeForce RTX 3090,7.55442660022527,632516608,0.8922154828906059
PST-04,B4,1100,maia3-79m,10,c2c4,c4,0.017865752801299095,0.8922154828906059,0.8714947220416235,247,29,724,rnbqkbn1/ppp1ppp1/7r/3p4/3P4/8/PPP1PPPP/RN1QKBNR w KQq -,MODEL_PREDICTION_NOT_EMPIRICAL,cuda,on,2.11.0+cu128,12.8,NVIDIA GeForce RTX 3090,7.55442660022527,632516608,0.8922154828906059
PST-04,B4,1300,maia3-79m,1,g1f3,Nf3,0.21220020949840546,0.9021962294355035,0.8550550833522663,280,28,692,rnbqkbn1/ppp1ppp1/7r/3p4/3P4/8/PPP1PPPP/RN1QKBNR w KQq -,MODEL_PREDICTION_NOT_EMPIRICAL,cuda,on,2.11.0+cu128,12.8,NVIDIA GeForce RTX 3090,7.55442660022527,632516608,0.9021962294355035
PST-04,B4,1300,maia3-79m,2,e2e3,e3,0.14358185231685638,0.9021962294355035,0.8550550833522663,279,28,693,rnbqkbn1/ppp1ppp1/7r/3p4/3P4/8/PPP1PPPP/RN1QKBNR w KQq -,MODEL_PREDICTION_NOT_EMPIRICAL,cuda,on,2.11.0+cu128,12.8,NVIDIA GeForce RTX 3090,7.55442660022527,632516608,0.9021962294355035
PST-04,B4,1300,maia3-79m,3,b1c3,Nc3,0.12474606186151505,0.9021962294355035,0.8550550833522663,265,27,708,rnbqkbn1/ppp1ppp1/7r/3p4/3P4/8/PPP1PPPP/RN1QKBNR w KQq -,MODEL_PREDICTION_NOT_EMPIRICAL,cuda,on,2.11.0+cu128,12.8,NVIDIA GeForce RTX 3090,7.55442660022527,632516608,0.9021962294355035
PST-04,B4,1300,maia3-79m,4,d1d2,Qd2,0.12090802937746048,0.9021962294355035,0.8550550833522663,222,25,753,rnbqkbn1/ppp1ppp1/7r/3p4/3P4/8/PPP1PPPP/RN1QKBNR w KQq -,MODEL_PREDICTION_NOT_EMPIRICAL,cuda,on,2.11.0+cu128,12.8,NVIDIA GeForce RTX 3090,7.55442660022527,632516608,0.9021962294355035
PST-04,B4,1300,maia3-79m,5,e2e4,e4,0.08845821022987366,0.9021962294355035,0.8550550833522663,232,24,744,rnbqkbn1/ppp1ppp1/7r/3p4/3P4/8/PPP1PPPP/RN1QKBNR w KQq -,MODEL_PREDICTION_NOT_EMPIRICAL,cuda,on,2.11.0+cu128,12.8,NVIDIA GeForce RTX 3090,7.55442660022527,632516608,0.9021962294355035
PST-04,B4,1300,maia3-79m,6,d1d3,Qd3,0.07929342985153198,0.9021962294355035,0.8550550833522663,218,24,758,rnbqkbn1/ppp1ppp1/7r/3p4/3P4/8/PPP1PPPP/RN1QKBNR w KQq -,MODEL_PREDICTION_NOT_EMPIRICAL,cuda,on,2.11.0+cu128,12.8,NVIDIA GeForce RTX 3090,7.55442660022527,632516608,0.9021962294355035
PST-04,B4,1300,maia3-79m,7,h2h4,h4,0.06471740454435349,0.9021962294355035,0.8550550833522663,217,28,755,rnbqkbn1/ppp1ppp1/7r/3p4/3P4/8/PPP1PPPP/RN1QKBNR w KQq -,MODEL_PREDICTION_NOT_EMPIRICAL,cuda,on,2.11.0+cu128,12.8,NVIDIA GeForce RTX 3090,7.55442660022527,632516608,0.9021962294355035
PST-04,B4,1300,maia3-79m,8,g2g4,g4,0.03518624231219292,0.9021962294355035,0.8550550833522663,175,27,798,rnbqkbn1/ppp1ppp1/7r/3p4/3P4/8/PPP1PPPP/RN1QKBNR w KQq -,MODEL_PREDICTION_NOT_EMPIRICAL,cuda,on,2.11.0+cu128,12.8,NVIDIA GeForce RTX 3090,7.55442660022527,632516608,0.9021962294355035
PST-04,B4,1300,maia3-79m,9,c2c4,c4,0.017971374094486237,0.9021962294355035,0.8550550833522663,259,25,716,rnbqkbn1/ppp1ppp1/7r/3p4/3P4/8/PPP1PPPP/RN1QKBNR w KQq -,MODEL_PREDICTION_NOT_EMPIRICAL,cuda,on,2.11.0+cu128,12.8,NVIDIA GeForce RTX 3090,7.55442660022527,632516608,0.9021962294355035
PST-04,B4,1300,maia3-79m,10,h2h3,h3,0.015133415348827839,0.9021962294355035,0.8550550833522663,261,30,709,rnbqkbn1/ppp1ppp1/7r/3p4/3P4/8/PPP1PPPP/RN1QKBNR w KQq -,MODEL_PREDICTION_NOT_EMPIRICAL,cuda,on,2.11.0+cu128,12.8,NVIDIA GeForce RTX 3090,7.55442660022527,632516608,0.9021962294355035
PST-04,B4,1500,maia3-79m,1,g1f3,Nf3,0.24223744869232178,0.908063592389226,0.8393567998240361,269,26,705,rnbqkbn1/ppp1ppp1/7r/3p4/3P4/8/PPP1PPPP/RN1QKBNR w KQq -,MODEL_PREDICTION_NOT_EMPIRICAL,cuda,on,2.11.0+cu128,12.8,NVIDIA GeForce RTX 3090,7.55442660022527,632516608,0.908063592389226
PST-04,B4,1500,maia3-79m,2,e2e3,e3,0.15640024840831757,0.908063592389226,0.8393567998240361,269,26,705,rnbqkbn1/ppp1ppp1/7r/3p4/3P4/8/PPP1PPPP/RN1QKBNR w KQq -,MODEL_PREDICTION_NOT_EMPIRICAL,cuda,on,2.11.0+cu128,12.8,NVIDIA GeForce RTX 3090,7.55442660022527,632516608,0.908063592389226
PST-04,B4,1500,maia3-79m,3,b1c3,Nc3,0.1358828842639923,0.908063592389226,0.8393567998240361,255,26,719,rnbqkbn1/ppp1ppp1/7r/3p4/3P4/8/PPP1PPPP/RN1QKBNR w KQq -,MODEL_PREDICTION_NOT_EMPIRICAL,cuda,on,2.11.0+cu128,12.8,NVIDIA GeForce RTX 3090,7.55442660022527,632516608,0.908063592389226
PST-04,B4,1500,maia3-79m,4,d1d2,Qd2,0.10582569986581802,0.908063592389226,0.8393567998240361,216,24,760,rnbqkbn1/ppp1ppp1/7r/3p4/3P4/8/PPP1PPPP/RN1QKBNR w KQq -,MODEL_PREDICTION_NOT_EMPIRICAL,cuda,on,2.11.0+cu128,12.8,NVIDIA GeForce RTX 3090,7.55442660022527,632516608,0.908063592389226
PST-04,B4,1500,maia3-79m,5,e2e4,e4,0.08113937824964523,0.908063592389226,0.8393567998240361,221,22,757,rnbqkbn1/ppp1ppp1/7r/3p4/3P4/8/PPP1PPPP/RN1QKBNR w KQq -,MODEL_PREDICTION_NOT_EMPIRICAL,cuda,on,2.11.0+cu128,12.8,NVIDIA GeForce RTX 3090,7.55442660022527,632516608,0.908063592389226
PST-04,B4,1500,maia3-79m,6,d1d3,Qd3,0.06726690381765366,0.908063592389226,0.8393567998240361,209,23,768,rnbqkbn1/ppp1ppp1/7r/3p4/3P4/8/PPP1PPPP/RN1QKBNR w KQq -,MODEL_PREDICTION_NOT_EMPIRICAL,cuda,on,2.11.0+cu128,12.8,NVIDIA GeForce RTX 3090,7.55442660022527,632516608,0.908063592389226
PST-04,B4,1500,maia3-79m,7,h2h4,h4,0.05490165203809738,0.908063592389226,0.8393567998240361,202,27,771,rnbqkbn1/ppp1ppp1/7r/3p4/3P4/8/PPP1PPPP/RN1QKBNR w KQq -,MODEL_PREDICTION_NOT_EMPIRICAL,cuda,on,2.11.0+cu128,12.8,NVIDIA GeForce RTX 3090,7.55442660022527,632516608,0.908063592389226
PST-04,B4,1500,maia3-79m,8,g2g4,g4,0.028482601046562195,0.908063592389226,0.8393567998240361,155,24,821,rnbqkbn1/ppp1ppp1/7r/3p4/3P4/8/PPP1PPPP/RN1QKBNR w KQq -,MODEL_PREDICTION_NOT_EMPIRICAL,cuda,on,2.11.0+cu128,12.8,NVIDIA GeForce RTX 3090,7.55442660022527,632516608,0.908063592389226
PST-04,B4,1500,maia3-79m,9,c2c4,c4,0.0201971884816885,0.908063592389226,0.8393567998240361,257,24,719,rnbqkbn1/ppp1ppp1/7r/3p4/3P4/8/PPP1PPPP/RN1QKBNR w KQq -,MODEL_PREDICTION_NOT_EMPIRICAL,cuda,on,2.11.0+cu128,12.8,NVIDIA GeForce RTX 3090,7.55442660022527,632516608,0.908063592389226
PST-04,B4,1500,maia3-79m,10,h2h3,h3,0.015729587525129318,0.908063592389226,0.8393567998240361,247,28,725,rnbqkbn1/ppp1ppp1/7r/3p4/3P4/8/PPP1PPPP/RN1QKBNR w KQq -,MODEL_PREDICTION_NOT_EMPIRICAL,cuda,on,2.11.0+cu128,12.8,NVIDIA GeForce RTX 3090,7.55442660022527,632516608,0.908063592389226
PST-04,B4,1700,maia3-79m,1,g1f3,Nf3,0.2720077633857727,0.912359656766057,0.8144827406711709,256,25,719,rnbqkbn1/ppp1ppp1/7r/3p4/3P4/8/PPP1PPPP/RN1QKBNR w KQq -,MODEL_PREDICTION_NOT_EMPIRICAL,cuda,on,2.11.0+cu128,12.8,NVIDIA GeForce RTX 3090,7.55442660022527,632516608,0.912359656766057
PST-04,B4,1700,maia3-79m,2,e2e3,e3,0.18119624257087708,0.912359656766057,0.8144827406711709,255,26,719,rnbqkbn1/ppp1ppp1/7r/3p4/3P4/8/PPP1PPPP/RN1QKBNR w KQq -,MODEL_PREDICTION_NOT_EMPIRICAL,cuda,on,2.11.0+cu128,12.8,NVIDIA GeForce RTX 3090,7.55442660022527,632516608,0.912359656766057
PST-04,B4,1700,maia3-79m,3,b1c3,Nc3,0.13892796635627747,0.912359656766057,0.8144827406711709,243,25,732,rnbqkbn1/ppp1ppp1/7r/3p4/3P4/8/PPP1PPPP/RN1QKBNR w KQq -,MODEL_PREDICTION_NOT_EMPIRICAL,cuda,on,2.11.0+cu128,12.8,NVIDIA GeForce RTX 3090,7.55442660022527,632516608,0.912359656766057
PST-04,B4,1700,maia3-79m,4,d1d2,Qd2,0.08426406979560852,0.912359656766057,0.8144827406711709,214,23,763,rnbqkbn1/ppp1ppp1/7r/3p4/3P4/8/PPP1PPPP/RN1QKBNR w KQq -,MODEL_PREDICTION_NOT_EMPIRICAL,cuda,on,2.11.0+cu128,12.8,NVIDIA GeForce RTX 3090,7.55442660022527,632516608,0.912359656766057
PST-04,B4,1700,maia3-79m,5,e2e4,e4,0.07672330737113953,0.912359656766057,0.8144827406711709,202,21,777,rnbqkbn1/ppp1ppp1/7r/3p4/3P4/8/PPP1PPPP/RN1QKBNR w KQq -,MODEL_PREDICTION_NOT_EMPIRICAL,cuda,on,2.11.0+cu128,12.8,NVIDIA GeForce RTX 3090,7.55442660022527,632516608,0.912359656766057
PST-04,B4,1700,maia3-79m,6,d1d3,Qd3,0.0535614974796772,0.912359656766057,0.8144827406711709,202,22,776,rnbqkbn1/ppp1ppp1/7r/3p4/3P4/8/PPP1PPPP/RN1QKBNR w KQq -,MODEL_PREDICTION_NOT_EMPIRICAL,cuda,on,2.11.0+cu128,12.8,NVIDIA GeForce RTX 3090,7.55442660022527,632516608,0.912359656766057
PST-04,B4,1700,maia3-79m,7,h2h4,h4,0.04510330408811569,0.912359656766057,0.8144827406711709,196,26,778,rnbqkbn1/ppp1ppp1/7r/3p4/3P4/8/PPP1PPPP/RN1QKBNR w KQq -,MODEL_PREDICTION_NOT_EMPIRICAL,cuda,on,2.11.0+cu128,12.8,NVIDIA GeForce RTX 3090,7.55442660022527,632516608,0.912359656766057
PST-04,B4,1700,maia3-79m,8,c2c4,c4,0.02376777119934559,0.912359656766057,0.8144827406711709,253,23,724,rnbqkbn1/ppp1ppp1/7r/3p4/3P4/8/PPP1PPPP/RN1QKBNR w KQq -,MODEL_PREDICTION_NOT_EMPIRICAL,cuda,on,2.11.0+cu128,12.8,NVIDIA GeForce RTX 3090,7.55442660022527,632516608,0.912359656766057
PST-04,B4,1700,maia3-79m,9,g2g4,g4,0.020974986255168915,0.912359656766057,0.8144827406711709,141,23,836,rnbqkbn1/ppp1ppp1/7r/3p4/3P4/8/PPP1PPPP/RN1QKBNR w KQq -,MODEL_PREDICTION_NOT_EMPIRICAL,cuda,on,2.11.0+cu128,12.8,NVIDIA GeForce RTX 3090,7.55442660022527,632516608,0.912359656766057
PST-04,B4,1700,maia3-79m,10,b1d2,Nd2,0.015832748264074326,0.912359656766057,0.8144827406711709,216,25,759,rnbqkbn1/ppp1ppp1/7r/3p4/3P4/8/PPP1PPPP/RN1QKBNR w KQq -,MODEL_PREDICTION_NOT_EMPIRICAL,cuda,on,2.11.0+cu128,12.8,NVIDIA GeForce RTX 3090,7.55442660022527,632516608,0.912359656766057
PST-04,B4,1900,maia3-79m,1,g1f3,Nf3,0.3106091022491455,0.9233548138290644,0.788856860158416,236,26,738,rnbqkbn1/ppp1ppp1/7r/3p4/3P4/8/PPP1PPPP/RN1QKBNR w KQq -,MODEL_PREDICTION_NOT_EMPIRICAL,cuda,on,2.11.0+cu128,12.8,NVIDIA GeForce RTX 3090,7.55442660022527,632516608,0.9233548138290644
PST-04,B4,1900,maia3-79m,2,e2e3,e3,0.2037024348974228,0.9233548138290644,0.788856860158416,234,27,739,rnbqkbn1/ppp1ppp1/7r/3p4/3P4/8/PPP1PPPP/RN1QKBNR w KQq -,MODEL_PREDICTION_NOT_EMPIRICAL,cuda,on,2.11.0+cu128,12.8,NVIDIA GeForce RTX 3090,7.55442660022527,632516608,0.9233548138290644
PST-04,B4,1900,maia3-79m,3,b1c3,Nc3,0.13359132409095764,0.9233548138290644,0.788856860158416,228,26,746,rnbqkbn1/ppp1ppp1/7r/3p4/3P4/8/PPP1PPPP/RN1QKBNR w KQq -,MODEL_PREDICTION_NOT_EMPIRICAL,cuda,on,2.11.0+cu128,12.8,NVIDIA GeForce RTX 3090,7.55442660022527,632516608,0.9233548138290644
PST-04,B4,1900,maia3-79m,4,e2e4,e4,0.07493793964385986,0.9233548138290644,0.788856860158416,177,21,802,rnbqkbn1/ppp1ppp1/7r/3p4/3P4/8/PPP1PPPP/RN1QKBNR w KQq -,MODEL_PREDICTION_NOT_EMPIRICAL,cuda,on,2.11.0+cu128,12.8,NVIDIA GeForce RTX 3090,7.55442660022527,632516608,0.9233548138290644
PST-04,B4,1900,maia3-79m,5,d1d2,Qd2,0.05656612291932106,0.9233548138290644,0.788856860158416,206,24,770,rnbqkbn1/ppp1ppp1/7r/3p4/3P4/8/PPP1PPPP/RN1QKBNR w KQq -,MODEL_PREDICTION_NOT_EMPIRICAL,cuda,on,2.11.0+cu128,12.8,NVIDIA GeForce RTX 3090,7.55442660022527,632516608,0.9233548138290644
PST-04,B4,1900,maia3-79m,6,d1d3,Qd3,0.04074304923415184,0.9233548138290644,0.788856860158416,193,23,784,rnbqkbn1/ppp1ppp1/7r/3p4/3P4/8/PPP1PPPP/RN1QKBNR w KQq -,MODEL_PREDICTION_NOT_EMPIRICAL,cuda,on,2.11.0+cu128,12.8,NVIDIA GeForce RTX 3090,7.55442660022527,632516608,0.9233548138290644
PST-04,B4,1900,maia3-79m,7,h2h4,h4,0.03595561534166336,0.9233548138290644,0.788856860158416,192,26,782,rnbqkbn1/ppp1ppp1/7r/3p4/3P4/8/PPP1PPPP/RN1QKBNR w KQq -,MODEL_PREDICTION_NOT_EMPIRICAL,cuda,on,2.11.0+cu128,12.8,NVIDIA GeForce RTX 3090,7.55442660022527,632516608,0.9233548138290644
PST-04,B4,1900,maia3-79m,8,c2c4,c4,0.028891148045659065,0.9233548138290644,0.788856860158416,241,25,734,rnbqkbn1/ppp1ppp1/7r/3p4/3P4/8/PPP1PPPP/RN1QKBNR w KQq -,MODEL_PREDICTION_NOT_EMPIRICAL,cuda,on,2.11.0+cu128,12.8,NVIDIA GeForce RTX 3090,7.55442660022527,632516608,0.9233548138290644
PST-04,B4,1900,maia3-79m,9,c2c3,c3,0.022151611745357513,0.9233548138290644,0.788856860158416,212,27,761,rnbqkbn1/ppp1ppp1/7r/3p4/3P4/8/PPP1PPPP/RN1QKBNR w KQq -,MODEL_PREDICTION_NOT_EMPIRICAL,cuda,on,2.11.0+cu128,12.8,NVIDIA GeForce RTX 3090,7.55442660022527,632516608,0.9233548138290644
PST-04,B4,1900,maia3-79m,10,b1d2,Nd2,0.016206465661525726,0.9233548138290644,0.788856860158416,208,26,766,rnbqkbn1/ppp1ppp1/7r/3p4/3P4/8/PPP1PPPP/RN1QKBNR w KQq -,MODEL_PREDICTION_NOT_EMPIRICAL,cuda,on,2.11.0+cu128,12.8,NVIDIA GeForce RTX 3090,7.55442660022527,632516608,0.9233548138290644
PST-04,B4,2100,maia3-79m,1,g1f3,Nf3,0.34622499346733093,0.9296124298125505,0.7820530412173341,204,27,769,rnbqkbn1/ppp1ppp1/7r/3p4/3P4/8/PPP1PPPP/RN1QKBNR w KQq -,MODEL_PREDICTION_NOT_EMPIRICAL,cuda,on,2.11.0+cu128,12.8,NVIDIA GeForce RTX 3090,7.55442660022527,632516608,0.9296124298125505
PST-04,B4,2100,maia3-79m,2,e2e3,e3,0.17961916327476501,0.9296124298125505,0.7820530412173341,200,29,771,rnbqkbn1/ppp1ppp1/7r/3p4/3P4/8/PPP1PPPP/RN1QKBNR w KQq -,MODEL_PREDICTION_NOT_EMPIRICAL,cuda,on,2.11.0+cu128,12.8,NVIDIA GeForce RTX 3090,7.55442660022527,632516608,0.9296124298125505
PST-04,B4,2100,maia3-79m,3,b1c3,Nc3,0.13141219317913055,0.9296124298125505,0.7820530412173341,206,27,767,rnbqkbn1/ppp1ppp1/7r/3p4/3P4/8/PPP1PPPP/RN1QKBNR w KQq -,MODEL_PREDICTION_NOT_EMPIRICAL,cuda,on,2.11.0+cu128,12.8,NVIDIA GeForce RTX 3090,7.55442660022527,632516608,0.9296124298125505
PST-04,B4,2100,maia3-79m,4,e2e4,e4,0.07970552146434784,0.9296124298125505,0.7820530412173341,141,20,839,rnbqkbn1/ppp1ppp1/7r/3p4/3P4/8/PPP1PPPP/RN1QKBNR w KQq -,MODEL_PREDICTION_NOT_EMPIRICAL,cuda,on,2.11.0+cu128,12.8,NVIDIA GeForce RTX 3090,7.55442660022527,632516608,0.9296124298125505
PST-04,B4,2100,maia3-79m,5,d1d2,Qd2,0.03945709392428398,0.9296124298125505,0.7820530412173341,187,26,787,rnbqkbn1/ppp1ppp1/7r/3p4/3P4/8/PPP1PPPP/RN1QKBNR w KQq -,MODEL_PREDICTION_NOT_EMPIRICAL,cuda,on,2.11.0+cu128,12.8,NVIDIA GeForce RTX 3090,7.55442660022527,632516608,0.9296124298125505
PST-04,B4,2100,maia3-79m,6,d1d3,Qd3,0.036491844803094864,0.9296124298125505,0.7820530412173341,175,24,801,rnbqkbn1/ppp1ppp1/7r/3p4/3P4/8/PPP1PPPP/RN1QKBNR w KQq -,MODEL_PREDICTION_NOT_EMPIRICAL,cuda,on,2.11.0+cu128,12.8,NVIDIA GeForce RTX 3090,7.55442660022527,632516608,0.9296124298125505
PST-04,B4,2100,maia3-79m,7,c2c4,c4,0.036491844803094864,0.9296124298125505,0.7820530412173341,209,26,765,rnbqkbn1/ppp1ppp1/7r/3p4/3P4/8/PPP1PPPP/RN1QKBNR w KQq -,MODEL_PREDICTION_NOT_EMPIRICAL,cuda,on,2.11.0+cu128,12.8,NVIDIA GeForce RTX 3090,7.55442660022527,632516608,0.9296124298125505
PST-04,B4,2100,maia3-79m,8,h2h4,h4,0.034280918538570404,0.9296124298125505,0.7820530412173341,178,27,795,rnbqkbn1/ppp1ppp1/7r/3p4/3P4/8/PPP1PPPP/RN1QKBNR w KQq -,MODEL_PREDICTION_NOT_EMPIRICAL,cuda,on,2.11.0+cu128,12.8,NVIDIA GeForce RTX 3090,7.55442660022527,632516608,0.9296124298125505
PST-04,B4,2100,maia3-79m,9,c2c3,c3,0.02841987833380699,0.9296124298125505,0.7820530412173341,187,29,784,rnbqkbn1/ppp1ppp1/7r/3p4/3P4/8/PPP1PPPP/RN1QKBNR w KQq -,MODEL_PREDICTION_NOT_EMPIRICAL,cuda,on,2.11.0+cu128,12.8,NVIDIA GeForce RTX 3090,7.55442660022527,632516608,0.9296124298125505
PST-04,B4,2100,maia3-79m,10,b1d2,Nd2,0.0175089780241251,0.9296124298125505,0.7820530412173341,187,27,786,rnbqkbn1/ppp1ppp1/7r/3p4/3P4/8/PPP1PPPP/RN1QKBNR w KQq -,MODEL_PREDICTION_NOT_EMPIRICAL,cuda,on,2.11.0+cu128,12.8,NVIDIA GeForce RTX 3090,7.55442660022527,632516608,0.9296124298125505
LON-06,B5,1100,maia3-79m,1,g7g6,g6,0.3082413375377655,0.9631386650726199,0.8507394828230975,453,24,523,r1b1kb1r/pp2pppp/1qn5/2pp4/3P4/2P1PNP1/PPQ2PP1/RN2KB1R b KQkq -,MODEL_PREDICTION_NOT_EMPIRICAL,cuda,on,2.11.0+cu128,12.8,NVIDIA GeForce RTX 3090,7.55442660022527,632516608,0.9631386650726199
LON-06,B5,1100,maia3-79m,2,c8g4,Bg4,0.1525905281305313,0.9631386650726199,0.8507394828230975,396,22,582,r1b1kb1r/pp2pppp/1qn5/2pp4/3P4/2P1PNP1/PPQ2PP1/RN2KB1R b KQkq -,MODEL_PREDICTION_NOT_EMPIRICAL,cuda,on,2.11.0+cu128,12.8,NVIDIA GeForce RTX 3090,7.55442660022527,632516608,0.9631386650726199
LON-06,B5,1100,maia3-79m,3,e7e6,e6,0.13893526792526245,0.9631386650726199,0.8507394828230975,393,23,584,r1b1kb1r/pp2pppp/1qn5/2pp4/3P4/2P1PNP1/PPQ2PP1/RN2KB1R b KQkq -,MODEL_PREDICTION_NOT_EMPIRICAL,cuda,on,2.11.0+cu128,12.8,NVIDIA GeForce RTX 3090,7.55442660022527,632516608,0.9631386650726199
LON-06,B5,1100,maia3-79m,4,c5d4,cxd4,0.09699243307113647,0.9631386650726199,0.8507394828230975,413,23,564,r1b1kb1r/pp2pppp/1qn5/2pp4/3P4/2P1PNP1/PPQ2PP1/RN2KB1R b KQkq -,MODEL_PREDICTION_NOT_EMPIRICAL,cuda,on,2.11.0+cu128,12.8,NVIDIA GeForce RTX 3090,7.55442660022527,632516608,0.9631386650726199
LON-06,B5,1100,maia3-79m,5,c8f5,Bf5,0.06562836468219757,0.9631386650726199,0.8507394828230975,397,21,582,r1b1kb1r/pp2pppp/1qn5/2pp4/3P4/2P1PNP1/PPQ2PP1/RN2KB1R b KQkq -,MODEL_PREDICTION_NOT_EMPIRICAL,cuda,on,2.11.0+cu128,12.8,NVIDIA GeForce RTX 3090,7.55442660022527,632516608,0.9631386650726199
LON-06,B5,1100,maia3-79m,6,b6c7,Qc7,0.05111142247915268,0.9631386650726199,0.8507394828230975,348,21,631,r1b1kb1r/pp2pppp/1qn5/2pp4/3P4/2P1PNP1/PPQ2PP1/RN2KB1R b KQkq -,MODEL_PREDICTION_NOT_EMPIRICAL,cuda,on,2.11.0+cu128,12.8,NVIDIA GeForce RTX 3090,7.55442660022527,632516608,0.9631386650726199
LON-06,B5,1100,maia3-79m,7,h7h6,h6,0.04877086728811264,0.9631386650726199,0.8507394828230975,430,23,547,r1b1kb1r/pp2pppp/1qn5/2pp4/3P4/2P1PNP1/PPQ2PP1/RN2KB1R b KQkq -,MODEL_PREDICTION_NOT_EMPIRICAL,cuda,on,2.11.0+cu128,12.8,NVIDIA GeForce RTX 3090,7.55442660022527,632516608,0.9631386650726199
LON-06,B5,1100,maia3-79m,8,f7f6,f6,0.045105669647455215,0.9631386650726199,0.8507394828230975,393,24,583,r1b1kb1r/pp2pppp/1qn5/2pp4/3P4/2P1PNP1/PPQ2PP1/RN2KB1R b KQkq -,MODEL_PREDICTION_NOT_EMPIRICAL,cuda,on,2.11.0+cu128,12.8,NVIDIA GeForce RTX 3090,7.55442660022527,632516608,0.9631386650726199
LON-06,B5,1100,maia3-79m,9,e7e5,e5,0.04304013401269913,0.9631386650726199,0.8507394828230975,441,24,535,r1b1kb1r/pp2pppp/1qn5/2pp4/3P4/2P1PNP1/PPQ2PP1/RN2KB1R b KQkq -,MODEL_PREDICTION_NOT_EMPIRICAL,cuda,on,2.11.0+cu128,12.8,NVIDIA GeForce RTX 3090,7.55442660022527,632516608,0.9631386650726199
LON-06,B5,1100,maia3-79m,10,c8d7,Bd7,0.012722640298306942,0.9631386650726199,0.8507394828230975,406,22,572,r1b1kb1r/pp2pppp/1qn5/2pp4/3P4/2P1PNP1/PPQ2PP1/RN2KB1R b KQkq -,MODEL_PREDICTION_NOT_EMPIRICAL,cuda,on,2.11.0+cu128,12.8,NVIDIA GeForce RTX 3090,7.55442660022527,632516608,0.9631386650726199
LON-06,B5,1300,maia3-79m,1,g7g6,g6,0.32234251499176025,0.9701865613460541,0.8419642580341803,461,25,514,r1b1kb1r/pp2pppp/1qn5/2pp4/3P4/2P1PNP1/PPQ2PP1/RN2KB1R b KQkq -,MODEL_PREDICTION_NOT_EMPIRICAL,cuda,on,2.11.0+cu128,12.8,NVIDIA GeForce RTX 3090,7.55442660022527,632516608,0.9701865613460541
LON-06,B5,1300,maia3-79m,2,c8g4,Bg4,0.16208399832248688,0.9701865613460541,0.8419642580341803,400,24,576,r1b1kb1r/pp2pppp/1qn5/2pp4/3P4/2P1PNP1/PPQ2PP1/RN2KB1R b KQkq -,MODEL_PREDICTION_NOT_EMPIRICAL,cuda,on,2.11.0+cu128,12.8,NVIDIA GeForce RTX 3090,7.55442660022527,632516608,0.9701865613460541
LON-06,B5,1300,maia3-79m,3,e7e6,e6,0.12234742194414139,0.9701865613460541,0.8419642580341803,405,24,571,r1b1kb1r/pp2pppp/1qn5/2pp4/3P4/2P1PNP1/PPQ2PP1/RN2KB1R b KQkq -,MODEL_PREDICTION_NOT_EMPIRICAL,cuda,on,2.11.0+cu128,12.8,NVIDIA GeForce RTX 3090,7.55442660022527,632516608,0.9701865613460541
LON-06,B5,1300,maia3-79m,4,c5d4,cxd4,0.09678477048873901,0.9701865613460541,0.8419642580341803,420,24,556,r1b1kb1r/pp2pppp/1qn5/2pp4/3P4/2P1PNP1/PPQ2PP1/RN2KB1R b KQkq -,MODEL_PREDICTION_NOT_EMPIRICAL,cuda,on,2.11.0+cu128,12.8,NVIDIA GeForce RTX 3090,7.55442660022527,632516608,0.9701865613460541
LON-06,B5,1300,maia3-79m,5,c8f5,Bf5,0.07776875793933868,0.9701865613460541,0.8419642580341803,414,23,563,r1b1kb1r/pp2pppp/1qn5/2pp4/3P4/2P1PNP1/PPQ2PP1/RN2KB1R b KQkq -,MODEL_PREDICTION_NOT_EMPIRICAL,cuda,on,2.11.0+cu128,12.8,NVIDIA GeForce RTX 3090,7.55442660022527,632516608,0.9701865613460541
LON-06,B5,1300,maia3-79m,6,h7h6,h6,0.07192433625459671,0.9701865613460541,0.8419642580341803,441,24,535,r1b1kb1r/pp2pppp/1qn5/2pp4/3P4/2P1PNP1/PPQ2PP1/RN2KB1R b KQkq -,MODEL_PREDICTION_NOT_EMPIRICAL,cuda,on,2.11.0+cu128,12.8,NVIDIA GeForce RTX 3090,7.55442660022527,632516608,0.9701865613460541
LON-06,B5,1300,maia3-79m,7,b6c7,Qc7,0.040345899760723114,0.9701865613460541,0.8419642580341803,360,22,618,r1b1kb1r/pp2pppp/1qn5/2pp4/3P4/2P1PNP1/PPQ2PP1/RN2KB1R b KQkq -,MODEL_PREDICTION_NOT_EMPIRICAL,cuda,on,2.11.0+cu128,12.8,NVIDIA GeForce RTX 3090,7.55442660022527,632516608,0.9701865613460541
LON-06,B5,1300,maia3-79m,8,e7e5,e5,0.031421415507793427,0.9701865613460541,0.8419642580341803,445,24,531,r1b1kb1r/pp2pppp/1qn5/2pp4/3P4/2P1PNP1/PPQ2PP1/RN2KB1R b KQkq -,MODEL_PREDICTION_NOT_EMPIRICAL,cuda,on,2.11.0+cu128,12.8,NVIDIA GeForce RTX 3090,7.55442660022527,632516608,0.9701865613460541
LON-06,B5,1300,maia3-79m,9,f7f6,f6,0.02860952354967594,0.9701865613460541,0.8419642580341803,393,24,583,r1b1kb1r/pp2pppp/1qn5/2pp4/3P4/2P1PNP1/PPQ2PP1/RN2KB1R b KQkq -,MODEL_PREDICTION_NOT_EMPIRICAL,cuda,on,2.11.0+cu128,12.8,NVIDIA GeForce RTX 3090,7.55442660022527,632516608,0.9701865613460541
LON-06,B5,1300,maia3-79m,10,c8d7,Bd7,0.016557922586798668,0.9701865613460541,0.8419642580341803,423,23,554,r1b1kb1r/pp2pppp/1qn5/2pp4/3P4/2P1PNP1/PPQ2PP1/RN2KB1R b KQkq -,MODEL_PREDICTION_NOT_EMPIRICAL,cuda,on,2.11.0+cu128,12.8,NVIDIA GeForce RTX 3090,7.55442660022527,632516608,0.9701865613460541
LON-06,B5,1500,maia3-79m,1,g7g6,g6,0.3365139365196228,0.9732531886547804,0.8274923385818425,472,27,501,r1b1kb1r/pp2pppp/1qn5/2pp4/3P4/2P1PNP1/PPQ2PP1/RN2KB1R b KQkq -,MODEL_PREDICTION_NOT_EMPIRICAL,cuda,on,2.11.0+cu128,12.8,NVIDIA GeForce RTX 3090,7.55442660022527,632516608,0.9732531886547804
LON-06,B5,1500,maia3-79m,2,c8g4,Bg4,0.14932715892791748,0.9732531886547804,0.8274923385818425,406,27,567,r1b1kb1r/pp2pppp/1qn5/2pp4/3P4/2P1PNP1/PPQ2PP1/RN2KB1R b KQkq -,MODEL_PREDICTION_NOT_EMPIRICAL,cuda,on,2.11.0+cu128,12.8,NVIDIA GeForce RTX 3090,7.55442660022527,632516608,0.9732531886547804
LON-06,B5,1500,maia3-79m,3,h7h6,h6,0.10925007611513138,0.9732531886547804,0.8274923385818425,450,26,524,r1b1kb1r/pp2pppp/1qn5/2pp4/3P4/2P1PNP1/PPQ2PP1/RN2KB1R b KQkq -,MODEL_PREDICTION_NOT_EMPIRICAL,cuda,on,2.11.0+cu128,12.8,NVIDIA GeForce RTX 3090,7.55442660022527,632516608,0.9732531886547804
LON-06,B5,1500,maia3-79m,4,e7e6,e6,0.10103980451822281,0.9732531886547804,0.8274923385818425,416,27,557,r1b1kb1r/pp2pppp/1qn5/2pp4/3P4/2P1PNP1/PPQ2PP1/RN2KB1R b KQkq -,MODEL_PREDICTION_NOT_EMPIRICAL,cuda,on,2.11.0+cu128,12.8,NVIDIA GeForce RTX 3090,7.55442660022527,632516608,0.9732531886547804
LON-06,B5,1500,maia3-79m,5,c5d4,cxd4,0.09793113172054291,0.9732531886547804,0.8274923385818425,425,27,548,r1b1kb1r/pp2pppp/1qn5/2pp4/3P4/2P1PNP1/PPQ2PP1/RN2KB1R b KQkq -,MODEL_PREDICTION_NOT_EMPIRICAL,cuda,on,2.11.0+cu128,12.8,NVIDIA GeForce RTX 3090,7.55442660022527,632516608,0.9732531886547804
LON-06,B5,1500,maia3-79m,6,c8f5,Bf5,0.09057150036096573,0.9732531886547804,0.8274923385818425,444,25,531,r1b1kb1r/pp2pppp/1qn5/2pp4/3P4/2P1PNP1/PPQ2PP1/RN2KB1R b KQkq -,MODEL_PREDICTION_NOT_EMPIRICAL,cuda,on,2.11.0+cu128,12.8,NVIDIA GeForce RTX 3090,7.55442660022527,632516608,0.9732531886547804
LON-06,B5,1500,maia3-79m,7,b6c7,Qc7,0.028499584645032883,0.9732531886547804,0.8274923385818425,373,25,602,r1b1kb1r/pp2pppp/1qn5/2pp4/3P4/2P1PNP1/PPQ2PP1/RN2KB1R b KQkq -,MODEL_PREDICTION_NOT_EMPIRICAL,cuda,on,2.11.0+cu128,12.8,NVIDIA GeForce RTX 3090,7.55442660022527,632516608,0.9732531886547804
LON-06,B5,1500,maia3-79m,8,e7e5,e5,0.021851392462849617,0.9732531886547804,0.8274923385818425,434,27,539,r1b1kb1r/pp2pppp/1qn5/2pp4/3P4/2P1PNP1/PPQ2PP1/RN2KB1R b KQkq -,MODEL_PREDICTION_NOT_EMPIRICAL,cuda,on,2.11.0+cu128,12.8,NVIDIA GeForce RTX 3090,7.55442660022527,632516608,0.9732531886547804
LON-06,B5,1500,maia3-79m,9,f7f6,f6,0.019283784553408623,0.9732531886547804,0.8274923385818425,393,26,581,r1b1kb1r/pp2pppp/1qn5/2pp4/3P4/2P1PNP1/PPQ2PP1/RN2KB1R b KQkq -,MODEL_PREDICTION_NOT_EMPIRICAL,cuda,on,2.11.0+cu128,12.8,NVIDIA GeForce RTX 3090,7.55442660022527,632516608,0.9732531886547804
LON-06,B5,1500,maia3-79m,10,c8d7,Bd7,0.01898481883108616,0.9732531886547804,0.8274923385818425,432,25,543,r1b1kb1r/pp2pppp/1qn5/2pp4/3P4/2P1PNP1/PPQ2PP1/RN2KB1R b KQkq -,MODEL_PREDICTION_NOT_EMPIRICAL,cuda,on,2.11.0+cu128,12.8,NVIDIA GeForce RTX 3090,7.55442660022527,632516608,0.9732531886547804
LON-06,B5,1700,maia3-79m,1,g7g6,g6,0.3758849799633026,0.9764851294457912,0.7872234501102404,487,30,483,r1b1kb1r/pp2pppp/1qn5/2pp4/3P4/2P1PNP1/PPQ2PP1/RN2KB1R b KQkq -,MODEL_PREDICTION_NOT_EMPIRICAL,cuda,on,2.11.0+cu128,12.8,NVIDIA GeForce RTX 3090,7.55442660022527,632516608,0.9764851294457912
LON-06,B5,1700,maia3-79m,2,h7h6,h6,0.15915971994400024,0.9764851294457912,0.7872234501102404,460,29,511,r1b1kb1r/pp2pppp/1qn5/2pp4/3P4/2P1PNP1/PPQ2PP1/RN2KB1R b KQkq -,MODEL_PREDICTION_NOT_EMPIRICAL,cuda,on,2.11.0+cu128,12.8,NVIDIA GeForce RTX 3090,7.55442660022527,632516608,0.9764851294457912
LON-06,B5,1700,maia3-79m,3,c8g4,Bg4,0.11111138761043549,0.9764851294457912,0.7872234501102404,415,30,555,r1b1kb1r/pp2pppp/1qn5/2pp4/3P4/2P1PNP1/PPQ2PP1/RN2KB1R b KQkq -,MODEL_PREDICTION_NOT_EMPIRICAL,cuda,on,2.11.0+cu128,12.8,NVIDIA GeForce RTX 3090,7.55442660022527,632516608,0.9764851294457912
LON-06,B5,1700,maia3-79m,4,c8f5,Bf5,0.10602322965860367,0.9764851294457912,0.7872234501102404,475,30,495,r1b1kb1r/pp2pppp/1qn5/2pp4/3P4/2P1PNP1/PPQ2PP1/RN2KB1R b KQkq -,MODEL_PREDICTION_NOT_EMPIRICAL,cuda,on,2.11.0+cu128,12.8,NVIDIA GeForce RTX 3090,7.55442660022527,632516608,0.9764851294457912
LON-06,B5,1700,maia3-79m,5,c5d4,cxd4,0.08519206196069717,0.9764851294457912,0.7872234501102404,432,32,536,r1b1kb1r/pp2pppp/1qn5/2pp4/3P4/2P1PNP1/PPQ2PP1/RN2KB1R b KQkq -,MODEL_PREDICTION_NOT_EMPIRICAL,cuda,on,2.11.0+cu128,12.8,NVIDIA GeForce RTX 3090,7.55442660022527,632516608,0.9764851294457912
LON-06,B5,1700,maia3-79m,6,e7e6,e6,0.07401613891124725,0.9764851294457912,0.7872234501102404,427,31,542,r1b1kb1r/pp2pppp/1qn5/2pp4/3P4/2P1PNP1/PPQ2PP1/RN2KB1R b KQkq -,MODEL_PREDICTION_NOT_EMPIRICAL,cuda,on,2.11.0+cu128,12.8,NVIDIA GeForce RTX 3090,7.55442660022527,632516608,0.9764851294457912
LON-06,B5,1700,maia3-79m,7,c8d7,Bd7,0.01813843473792076,0.9764851294457912,0.7872234501102404,439,29,532,r1b1kb1r/pp2pppp/1qn5/2pp4/3P4/2P1PNP1/PPQ2PP1/RN2KB1R b KQkq -,MODEL_PREDICTION_NOT_EMPIRICAL,cuda,on,2.11.0+cu128,12.8,NVIDIA GeForce RTX 3090,7.55442660022527,632516608,0.9764851294457912
LON-06,B5,1700,maia3-79m,8,b6c7,Qc7,0.01758037507534027,0.9764851294457912,0.7872234501102404,382,28,590,r1b1kb1r/pp2pppp/1qn5/2pp4/3P4/2P1PNP1/PPQ2PP1/RN2KB1R b KQkq -,MODEL_PREDICTION_NOT_EMPIRICAL,cuda,on,2.11.0+cu128,12.8,NVIDIA GeForce RTX 3090,7.55442660022527,632516608,0.9764851294457912
LON-06,B5,1700,maia3-79m,9,f7f6,f6,0.014804159291088581,0.9764851294457912,0.7872234501102404,385,29,586,r1b1kb1r/pp2pppp/1qn5/2pp4/3P4/2P1PNP1/PPQ2PP1/RN2KB1R b KQkq -,MODEL_PREDICTION_NOT_EMPIRICAL,cuda,on,2.11.0+cu128,12.8,NVIDIA GeForce RTX 3090,7.55442660022527,632516608,0.9764851294457912
LON-06,B5,1700,maia3-79m,10,e7e5,e5,0.014574642293155193,0.9764851294457912,0.7872234501102404,419,30,551,r1b1kb1r/pp2pppp/1qn5/2pp4/3P4/2P1PNP1/PPQ2PP1/RN2KB1R b KQkq -,MODEL_PREDICTION_NOT_EMPIRICAL,cuda,on,2.11.0+cu128,12.8,NVIDIA GeForce RTX 3090,7.55442660022527,632516608,0.9764851294457912
LON-06,B5,1900,maia3-79m,1,g7g6,g6,0.4466729760169983,0.9827200323343277,0.7142914377256823,501,36,463,r1b1kb1r/pp2pppp/1qn5/2pp4/3P4/2P1PNP1/PPQ2PP1/RN2KB1R b KQkq -,MODEL_PREDICTION_NOT_EMPIRICAL,cuda,on,2.11.0+cu128,12.8,NVIDIA GeForce RTX 3090,7.55442660022527,632516608,0.9827200323343277
LON-06,B5,1900,maia3-79m,2,h7h6,h6,0.1833142191171646,0.9827200323343277,0.7142914377256823,467,35,498,r1b1kb1r/pp2pppp/1qn5/2pp4/3P4/2P1PNP1/PPQ2PP1/RN2KB1R b KQkq -,MODEL_PREDICTION_NOT_EMPIRICAL,cuda,on,2.11.0+cu128,12.8,NVIDIA GeForce RTX 3090,7.55442660022527,632516608,0.9827200323343277
LON-06,B5,1900,maia3-79m,3,c8f5,Bf5,0.12211359292268753,0.9827200323343277,0.7142914377256823,499,35,466,r1b1kb1r/pp2pppp/1qn5/2pp4/3P4/2P1PNP1/PPQ2PP1/RN2KB1R b KQkq -,MODEL_PREDICTION_NOT_EMPIRICAL,cuda,on,2.11.0+cu128,12.8,NVIDIA GeForce RTX 3090,7.55442660022527,632516608,0.9827200323343277
LON-06,B5,1900,maia3-79m,4,c8g4,Bg4,0.07523200660943985,0.9827200323343277,0.7142914377256823,425,34,541,r1b1kb1r/pp2pppp/1qn5/2pp4/3P4/2P1PNP1/PPQ2PP1/RN2KB1R b KQkq -,MODEL_PREDICTION_NOT_EMPIRICAL,cuda,on,2.11.0+cu128,12.8,NVIDIA GeForce RTX 3090,7.55442660022527,632516608,0.9827200323343277
LON-06,B5,1900,maia3-79m,5,c5d4,cxd4,0.0614025741815567,0.9827200323343277,0.7142914377256823,434,38,528,r1b1kb1r/pp2pppp/1qn5/2pp4/3P4/2P1PNP1/PPQ2PP1/RN2KB1R b KQkq -,MODEL_PREDICTION_NOT_EMPIRICAL,cuda,on,2.11.0+cu128,12.8,NVIDIA GeForce RTX 3090,7.55442660022527,632516608,0.9827200323343277
LON-06,B5,1900,maia3-79m,6,e7e6,e6,0.04782037064433098,0.9827200323343277,0.7142914377256823,435,36,529,r1b1kb1r/pp2pppp/1qn5/2pp4/3P4/2P1PNP1/PPQ2PP1/RN2KB1R b KQkq -,MODEL_PREDICTION_NOT_EMPIRICAL,cuda,on,2.11.0+cu128,12.8,NVIDIA GeForce RTX 3090,7.55442660022527,632516608,0.9827200323343277
LON-06,B5,1900,maia3-79m,7,c8d7,Bd7,0.014135673642158508,0.9827200323343277,0.7142914377256823,442,33,525,r1b1kb1r/pp2pppp/1qn5/2pp4/3P4/2P1PNP1/PPQ2PP1/RN2KB1R b KQkq -,MODEL_PREDICTION_NOT_EMPIRICAL,cuda,on,2.11.0+cu128,12.8,NVIDIA GeForce RTX 3090,7.55442660022527,632516608,0.9827200323343277
LON-06,B5,1900,maia3-79m,8,f7f6,f6,0.01100887544453144,0.9827200323343277,0.7142914377256823,366,32,602,r1b1kb1r/pp2pppp/1qn5/2pp4/3P4/2P1PNP1/PPQ2PP1/RN2KB1R b KQkq -,MODEL_PREDICTION_NOT_EMPIRICAL,cuda,on,2.11.0+cu128,12.8,NVIDIA GeForce RTX 3090,7.55442660022527,632516608,0.9827200323343277
LON-06,B5,1900,maia3-79m,9,e7e5,e5,0.010838198475539684,0.9827200323343277,0.7142914377256823,404,35,561,r1b1kb1r/pp2pppp/1qn5/2pp4/3P4/2P1PNP1/PPQ2PP1/RN2KB1R b KQkq -,MODEL_PREDICTION_NOT_EMPIRICAL,cuda,on,2.11.0+cu128,12.8,NVIDIA GeForce RTX 3090,7.55442660022527,632516608,0.9827200323343277
LON-06,B5,1900,maia3-79m,10,c5c4,c4,0.010181545279920101,0.9827200323343277,0.7142914377256823,424,34,542,r1b1kb1r/pp2pppp/1qn5/2pp4/3P4/2P1PNP1/PPQ2PP1/RN2KB1R b KQkq -,MODEL_PREDICTION_NOT_EMPIRICAL,cuda,on,2.11.0+cu128,12.8,NVIDIA GeForce RTX 3090,7.55442660022527,632516608,0.9827200323343277
LON-06,B5,2100,maia3-79m,1,g7g6,g6,0.574066162109375,0.9906334686093032,0.6014204714020799,506,46,448,r1b1kb1r/pp2pppp/1qn5/2pp4/3P4/2P1PNP1/PPQ2PP1/RN2KB1R b KQkq -,MODEL_PREDICTION_NOT_EMPIRICAL,cuda,on,2.11.0+cu128,12.8,NVIDIA GeForce RTX 3090,7.55442660022527,632516608,0.9906334686093032
LON-06,B5,2100,maia3-79m,2,h7h6,h6,0.14514665305614471,0.9906334686093032,0.6014204714020799,464,44,492,r1b1kb1r/pp2pppp/1qn5/2pp4/3P4/2P1PNP1/PPQ2PP1/RN2KB1R b KQkq -,MODEL_PREDICTION_NOT_EMPIRICAL,cuda,on,2.11.0+cu128,12.8,NVIDIA GeForce RTX 3090,7.55442660022527,632516608,0.9906334686093032
LON-06,B5,2100,maia3-79m,3,c8f5,Bf5,0.12222572416067123,0.9906334686093032,0.6014204714020799,495,46,459,r1b1kb1r/pp2pppp/1qn5/2pp4/3P4/2P1PNP1/PPQ2PP1/RN2KB1R b KQkq -,MODEL_PREDICTION_NOT_EMPIRICAL,cuda,on,2.11.0+cu128,12.8,NVIDIA GeForce RTX 3090,7.55442660022527,632516608,0.9906334686093032
LON-06,B5,2100,maia3-79m,4,c8g4,Bg4,0.05256863310933113,0.9906334686093032,0.6014204714020799,434,41,525,r1b1kb1r/pp2pppp/1qn5/2pp4/3P4/2P1PNP1/PPQ2PP1/RN2KB1R b KQkq -,MODEL_PREDICTION_NOT_EMPIRICAL,cuda,on,2.11.0+cu128,12.8,NVIDIA GeForce RTX 3090,7.55442660022527,632516608,0.9906334686093032
LON-06,B5,2100,maia3-79m,5,c5d4,cxd4,0.03669881820678711,0.9906334686093032,0.6014204714020799,431,46,523,r1b1kb1r/pp2pppp/1qn5/2pp4/3P4/2P1PNP1/PPQ2PP1/RN2KB1R b KQkq -,MODEL_PREDICTION_NOT_EMPIRICAL,cuda,on,2.11.0+cu128,12.8,NVIDIA GeForce RTX 3090,7.55442660022527,632516608,0.9906334686093032
LON-06,B5,2100,maia3-79m,6,e7e6,e6,0.02858106978237629,0.9906334686093032,0.6014204714020799,439,44,517,r1b1kb1r/pp2pppp/1qn5/2pp4/3P4/2P1PNP1/PPQ2PP1/RN2KB1R b KQkq -,MODEL_PREDICTION_NOT_EMPIRICAL,cuda,on,2.11.0+cu128,12.8,NVIDIA GeForce RTX 3090,7.55442660022527,632516608,0.9906334686093032
LON-06,B5,2100,maia3-79m,7,e7e5,e5,0.009573458693921566,0.9906334686093032,0.6014204714020799,397,43,560,r1b1kb1r/pp2pppp/1qn5/2pp4/3P4/2P1PNP1/PPQ2PP1/RN2KB1R b KQkq -,MODEL_PREDICTION_NOT_EMPIRICAL,cuda,on,2.11.0+cu128,12.8,NVIDIA GeForce RTX 3090,7.55442660022527,632516608,0.9906334686093032
LON-06,B5,2100,maia3-79m,8,c8d7,Bd7,0.008993432857096195,0.9906334686093032,0.6014204714020799,444,41,515,r1b1kb1r/pp2pppp/1qn5/2pp4/3P4/2P1PNP1/PPQ2PP1/RN2KB1R b KQkq -,MODEL_PREDICTION_NOT_EMPIRICAL,cuda,on,2.11.0+cu128,12.8,NVIDIA GeForce RTX 3090,7.55442660022527,632516608,0.9906334686093032
LON-06,B5,2100,maia3-79m,9,c5c4,c4,0.0067885988391935825,0.9906334686093032,0.6014204714020799,421,42,537,r1b1kb1r/pp2pppp/1qn5/2pp4/3P4/2P1PNP1/PPQ2PP1/RN2KB1R b KQkq -,MODEL_PREDICTION_NOT_EMPIRICAL,cuda,on,2.11.0+cu128,12.8,NVIDIA GeForce RTX 3090,7.55442660022527,632516608,0.9906334686093032
LON-06,B5,2100,maia3-79m,10,f7f6,f6,0.005990917794406414,0.9906334686093032,0.6014204714020799,351,37,612,r1b1kb1r/pp2pppp/1qn5/2pp4/3P4/2P1PNP1/PPQ2PP1/RN2KB1R b KQkq -,MODEL_PREDICTION_NOT_EMPIRICAL,cuda,on,2.11.0+cu128,12.8,NVIDIA GeForce RTX 3090,7.55442660022527,632516608,0.9906334686093032
LON-07,B5,1100,maia3-79m,1,h4g3,Bg3,0.9037379026412964,0.9981277658953331,0.19674651927154452,511,21,468,r1b1kb1r/pp2pp2/1qn4p/2pp2pn/3P3B/2P1PN2/PPQ2PPP/RN2KB1R w KQkq -,MODEL_PREDICTION_NOT_EMPIRICAL,cuda,on,2.11.0+cu128,12.8,NVIDIA GeForce RTX 3090,7.55442660022527,632516608,0.9981277658953331
LON-07,B5,1100,maia3-79m,2,f3g5,Nxg5,0.04499445855617523,0.9981277658953331,0.19674651927154452,383,18,599,r1b1kb1r/pp2pp2/1qn4p/2pp2pn/3P3B/2P1PN2/PPQ2PPP/RN2KB1R w KQkq -,MODEL_PREDICTION_NOT_EMPIRICAL,cuda,on,2.11.0+cu128,12.8,NVIDIA GeForce RTX 3090,7.55442660022527,632516608,0.9981277658953331
LON-07,B5,1100,maia3-79m,3,h4g5,Bxg5,0.025239605456590652,0.9981277658953331,0.19674651927154452,377,19,604,r1b1kb1r/pp2pp2/1qn4p/2pp2pn/3P3B/2P1PN2/PPQ2PPP/RN2KB1R w KQkq -,MODEL_PREDICTION_NOT_EMPIRICAL,cuda,on,2.11.0+cu128,12.8,NVIDIA GeForce RTX 3090,7.55442660022527,632516608,0.9981277658953331
LON-07,B5,1100,maia3-79m,4,g2g4,g4,0.009579873643815517,0.9981277658953331,0.19674651927154452,413,24,563,r1b1kb1r/pp2pp2/1qn4p/2pp2pn/3P3B/2P1PN2/PPQ2PPP/RN2KB1R w KQkq -,MODEL_PREDICTION_NOT_EMPIRICAL,cuda,on,2.11.0+cu128,12.8,NVIDIA GeForce RTX 3090,7.55442660022527,632516608,0.9981277658953331
LON-07,B5,1100,maia3-79m,5,f1e2,Be2,0.0059949313290417194,0.9981277658953331,0.19674651927154452,419,18,563,r1b1kb1r/pp2pp2/1qn4p/2pp2pn/3P3B/2P1PN2/PPQ2PPP/RN2KB1R w KQkq -,MODEL_PREDICTION_NOT_EMPIRICAL,cuda,on,2.11.0+cu128,12.8,NVIDIA GeForce RTX 3090,7.55442660022527,632516608,0.9981277658953331
LON-07,B5,1100,maia3-79m,6,c2f5,Qf5,0.0029216960538178682,0.9981277658953331,0.19674651927154452,80,7,913,r1b1kb1r/pp2pp2/1qn4p/2pp2pn/3P3B/2P1PN2/PPQ2PPP/RN2KB1R w KQkq -,MODEL_PREDICTION_NOT_EMPIRICAL,cuda,on,2.11.0+cu128,12.8,NVIDIA GeForce RTX 3090,7.55442660022527,632516608,0.9981277658953331
LON-07,B5,1100,maia3-79m,7,d4c5,dxc5,0.002071792958304286,0.9981277658953331,0.19674651927154452,436,19,545,r1b1kb1r/pp2pp2/1qn4p/2pp2pn/3P3B/2P1PN2/PPQ2PPP/RN2KB1R w KQkq -,MODEL_PREDICTION_NOT_EMPIRICAL,cuda,on,2.11.0+cu128,12.8,NVIDIA GeForce RTX 3090,7.55442660022527,632516608,0.9981277658953331
LON-07,B5,1100,maia3-79m,8,f3e5,Ne5,0.0014018452493473887,0.9981277658953331,0.19674651927154452,334,18,648,r1b1kb1r/pp2pp2/1qn4p/2pp2pn/3P3B/2P1PN2/PPQ2PPP/RN2KB1R w KQkq -,MODEL_PREDICTION_NOT_EMPIRICAL,cuda,on,2.11.0+cu128,12.8,NVIDIA GeForce RTX 3090,7.55442660022527,632516608,0.9981277658953331
LON-07,B5,1100,maia3-79m,9,g2g3,g3,0.0012371240882202983,0.9981277658953331,0.19674651927154452,325,18,657,r1b1kb1r/pp2pp2/1qn4p/2pp2pn/3P3B/2P1PN2/PPQ2PPP/RN2KB1R w KQkq -,MODEL_PREDICTION_NOT_EMPIRICAL,cuda,on,2.11.0+cu128,12.8,NVIDIA GeForce RTX 3090,7.55442660022527,632516608,0.9981277658953331
LON-07,B5,1100,maia3-79m,10,f1d3,Bd3,0.0009485359187237918,0.9981277658953331,0.19674651927154452,399,17,584,r1b1kb1r/pp2pp2/1qn4p/2pp2pn/3P3B/2P1PN2/PPQ2PPP/RN2KB1R w KQkq -,MODEL_PREDICTION_NOT_EMPIRICAL,cuda,on,2.11.0+cu128,12.8,NVIDIA GeForce RTX 3090,7.55442660022527,632516608,0.9981277658953331
LON-07,B5,1300,maia3-79m,1,h4g3,Bg3,0.9140496253967285,0.9987806525314227,0.17691469335062152,509,21,470,r1b1kb1r/pp2pp2/1qn4p/2pp2pn/3P3B/2P1PN2/PPQ2PPP/RN2KB1R w KQkq -,MODEL_PREDICTION_NOT_EMPIRICAL,cuda,on,2.11.0+cu128,12.8,NVIDIA GeForce RTX 3090,7.55442660022527,632516608,0.9987806525314227
LON-07,B5,1300,maia3-79m,2,f3g5,Nxg5,0.045507848262786865,0.9987806525314227,0.17691469335062152,354,16,630,r1b1kb1r/pp2pp2/1qn4p/2pp2pn/3P3B/2P1PN2/PPQ2PPP/RN2KB1R w KQkq -,MODEL_PREDICTION_NOT_EMPIRICAL,cuda,on,2.11.0+cu128,12.8,NVIDIA GeForce RTX 3090,7.55442660022527,632516608,0.9987806525314227
LON-07,B5,1300,maia3-79m,3,h4g5,Bxg5,0.019880907610058784,0.9987806525314227,0.17691469335062152,361,17,622,r1b1kb1r/pp2pp2/1qn4p/2pp2pn/3P3B/2P1PN2/PPQ2PPP/RN2KB1R w KQkq -,MODEL_PREDICTION_NOT_EMPIRICAL,cuda,on,2.11.0+cu128,12.8,NVIDIA GeForce RTX 3090,7.55442660022527,632516608,0.9987806525314227
LON-07,B5,1300,maia3-79m,4,f1e2,Be2,0.00708875572308898,0.9987806525314227,0.17691469335062152,397,17,586,r1b1kb1r/pp2pp2/1qn4p/2pp2pn/3P3B/2P1PN2/PPQ2PPP/RN2KB1R w KQkq -,MODEL_PREDICTION_NOT_EMPIRICAL,cuda,on,2.11.0+cu128,12.8,NVIDIA GeForce RTX 3090,7.55442660022527,632516608,0.9987806525314227
LON-07,B5,1300,maia3-79m,5,g2g4,g4,0.005969330668449402,0.9987806525314227,0.17691469335062152,406,22,572,r1b1kb1r/pp2pp2/1qn4p/2pp2pn/3P3B/2P1PN2/PPQ2PPP/RN2KB1R w KQkq -,MODEL_PREDICTION_NOT_EMPIRICAL,cuda,on,2.11.0+cu128,12.8,NVIDIA GeForce RTX 3090,7.55442660022527,632516608,0.9987806525314227
LON-07,B5,1300,maia3-79m,6,c2f5,Qf5,0.002230576006695628,0.9987806525314227,0.17691469335062152,55,5,940,r1b1kb1r/pp2pp2/1qn4p/2pp2pn/3P3B/2P1PN2/PPQ2PPP/RN2KB1R w KQkq -,MODEL_PREDICTION_NOT_EMPIRICAL,cuda,on,2.11.0+cu128,12.8,NVIDIA GeForce RTX 3090,7.55442660022527,632516608,0.9987806525314227
LON-07,B5,1300,maia3-79m,7,d4c5,dxc5,0.0018492124509066343,0.9987806525314227,0.17691469335062152,420,18,562,r1b1kb1r/pp2pp2/1qn4p/2pp2pn/3P3B/2P1PN2/PPQ2PPP/RN2KB1R w KQkq -,MODEL_PREDICTION_NOT_EMPIRICAL,cuda,on,2.11.0+cu128,12.8,NVIDIA GeForce RTX 3090,7.55442660022527,632516608,0.9987806525314227
LON-07,B5,1300,maia3-79m,8,g2g3,g3,0.001053649466484785,0.9987806525314227,0.17691469335062152,294,17,689,r1b1kb1r/pp2pp2/1qn4p/2pp2pn/3P3B/2P1PN2/PPQ2PPP/RN2KB1R w KQkq -,MODEL_PREDICTION_NOT_EMPIRICAL,cuda,on,2.11.0+cu128,12.8,NVIDIA GeForce RTX 3090,7.55442660022527,632516608,0.9987806525314227
LON-07,B5,1300,maia3-79m,9,f3e5,Ne5,0.0006491346284747124,0.9987806525314227,0.17691469335062152,297,15,688,r1b1kb1r/pp2pp2/1qn4p/2pp2pn/3P3B/2P1PN2/PPQ2PPP/RN2KB1R w KQkq -,MODEL_PREDICTION_NOT_EMPIRICAL,cuda,on,2.11.0+cu128,12.8,NVIDIA GeForce RTX 3090,7.55442660022527,632516608,0.9987806525314227
LON-07,B5,1300,maia3-79m,10,f1d3,Bd3,0.0005016123177483678,0.9987806525314227,0.17691469335062152,377,16,607,r1b1kb1r/pp2pp2/1qn4p/2pp2pn/3P3B/2P1PN2/PPQ2PPP/RN2KB1R w KQkq -,MODEL_PREDICTION_NOT_EMPIRICAL,cuda,on,2.11.0+cu128,12.8,NVIDIA GeForce RTX 3090,7.55442660022527,632516608,0.9987806525314227
LON-07,B5,1500,maia3-79m,1,h4g3,Bg3,0.9221207499504089,0.9990346769336611,0.16339798469070407,508,23,469,r1b1kb1r/pp2pp2/1qn4p/2pp2pn/3P3B/2P1PN2/PPQ2PPP/RN2KB1R w KQkq -,MODEL_PREDICTION_NOT_EMPIRICAL,cuda,on,2.11.0+cu128,12.8,NVIDIA GeForce RTX 3090,7.55442660022527,632516608,0.9990346769336611
LON-07,B5,1500,maia3-79m,2,f3g5,Nxg5,0.04245952516794205,0.9990346769336611,0.16339798469070407,333,16,651,r1b1kb1r/pp2pp2/1qn4p/2pp2pn/3P3B/2P1PN2/PPQ2PPP/RN2KB1R w KQkq -,MODEL_PREDICTION_NOT_EMPIRICAL,cuda,on,2.11.0+cu128,12.8,NVIDIA GeForce RTX 3090,7.55442660022527,632516608,0.9990346769336611
LON-07,B5,1500,maia3-79m,3,h4g5,Bxg5,0.016889231279492378,0.9990346769336611,0.16339798469070407,352,18,630,r1b1kb1r/pp2pp2/1qn4p/2pp2pn/3P3B/2P1PN2/PPQ2PPP/RN2KB1R w KQkq -,MODEL_PREDICTION_NOT_EMPIRICAL,cuda,on,2.11.0+cu128,12.8,NVIDIA GeForce RTX 3090,7.55442660022527,632516608,0.9990346769336611
LON-07,B5,1500,maia3-79m,4,f1e2,Be2,0.006931326352059841,0.9990346769336611,0.16339798469070407,376,18,606,r1b1kb1r/pp2pp2/1qn4p/2pp2pn/3P3B/2P1PN2/PPQ2PPP/RN2KB1R w KQkq -,MODEL_PREDICTION_NOT_EMPIRICAL,cuda,on,2.11.0+cu128,12.8,NVIDIA GeForce RTX 3090,7.55442660022527,632516608,0.9990346769336611
LON-07,B5,1500,maia3-79m,5,g2g4,g4,0.004475201014429331,0.9990346769336611,0.16339798469070407,392,22,586,r1b1kb1r/pp2pp2/1qn4p/2pp2pn/3P3B/2P1PN2/PPQ2PPP/RN2KB1R w KQkq -,MODEL_PREDICTION_NOT_EMPIRICAL,cuda,on,2.11.0+cu128,12.8,NVIDIA GeForce RTX 3090,7.55442660022527,632516608,0.9990346769336611
LON-07,B5,1500,maia3-79m,6,d4c5,dxc5,0.002530049066990614,0.9990346769336611,0.16339798469070407,414,19,567,r1b1kb1r/pp2pp2/1qn4p/2pp2pn/3P3B/2P1PN2/PPQ2PPP/RN2KB1R w KQkq -,MODEL_PREDICTION_NOT_EMPIRICAL,cuda,on,2.11.0+cu128,12.8,NVIDIA GeForce RTX 3090,7.55442660022527,632516608,0.9990346769336611
LON-07,B5,1500,maia3-79m,7,c2f5,Qf5,0.0019398557487875223,0.9990346769336611,0.16339798469070407,41,4,955,r1b1kb1r/pp2pp2/1qn4p/2pp2pn/3P3B/2P1PN2/PPQ2PPP/RN2KB1R w KQkq -,MODEL_PREDICTION_NOT_EMPIRICAL,cuda,on,2.11.0+cu128,12.8,NVIDIA GeForce RTX 3090,7.55442660022527,632516608,0.9990346769336611
LON-07,B5,1500,maia3-79m,8,g2g3,g3,0.0008881307439878583,0.9990346769336611,0.16339798469070407,269,16,715,r1b1kb1r/pp2pp2/1qn4p/2pp2pn/3P3B/2P1PN2/PPQ2PPP/RN2KB1R w KQkq -,MODEL_PREDICTION_NOT_EMPIRICAL,cuda,on,2.11.0+cu128,12.8,NVIDIA GeForce RTX 3090,7.55442660022527,632516608,0.9990346769336611
LON-07,B5,1500,maia3-79m,9,f3e5,Ne5,0.00045008279266767204,0.9990346769336611,0.16339798469070407,267,15,718,r1b1kb1r/pp2pp2/1qn4p/2pp2pn/3P3B/2P1PN2/PPQ2PPP/RN2KB1R w KQkq -,MODEL_PREDICTION_NOT_EMPIRICAL,cuda,on,2.11.0+cu128,12.8,NVIDIA GeForce RTX 3090,7.55442660022527,632516608,0.9990346769336611
LON-07,B5,1500,maia3-79m,10,f1d3,Bd3,0.0003505248168949038,0.9990346769336611,0.16339798469070407,356,16,628,r1b1kb1r/pp2pp2/1qn4p/2pp2pn/3P3B/2P1PN2/PPQ2PPP/RN2KB1R w KQkq -,MODEL_PREDICTION_NOT_EMPIRICAL,cuda,on,2.11.0+cu128,12.8,NVIDIA GeForce RTX 3090,7.55442660022527,632516608,0.9990346769336611
LON-07,B5,1700,maia3-79m,1,h4g3,Bg3,0.944335401058197,0.9992538025544491,0.12834788711567513,506,26,468,r1b1kb1r/pp2pp2/1qn4p/2pp2pn/3P3B/2P1PN2/PPQ2PPP/RN2KB1R w KQkq -,MODEL_PREDICTION_NOT_EMPIRICAL,cuda,on,2.11.0+cu128,12.8,NVIDIA GeForce RTX 3090,7.55442660022527,632516608,0.9992538025544491
LON-07,B5,1700,maia3-79m,2,f3g5,Nxg5,0.02637341432273388,0.9992538025544491,0.12834788711567513,307,17,676,r1b1kb1r/pp2pp2/1qn4p/2pp2pn/3P3B/2P1PN2/PPQ2PPP/RN2KB1R w KQkq -,MODEL_PREDICTION_NOT_EMPIRICAL,cuda,on,2.11.0+cu128,12.8,NVIDIA GeForce RTX 3090,7.55442660022527,632516608,0.9992538025544491
LON-07,B5,1700,maia3-79m,3,h4g5,Bxg5,0.013055786490440369,0.9992538025544491,0.12834788711567513,341,18,641,r1b1kb1r/pp2pp2/1qn4p/2pp2pn/3P3B/2P1PN2/PPQ2PPP/RN2KB1R w KQkq -,MODEL_PREDICTION_NOT_EMPIRICAL,cuda,on,2.11.0+cu128,12.8,NVIDIA GeForce RTX 3090,7.55442660022527,632516608,0.9992538025544491
LON-07,B5,1700,maia3-79m,4,f1e2,Be2,0.005033453926444054,0.9992538025544491,0.12834788711567513,353,19,628,r1b1kb1r/pp2pp2/1qn4p/2pp2pn/3P3B/2P1PN2/PPQ2PPP/RN2KB1R w KQkq -,MODEL_PREDICTION_NOT_EMPIRICAL,cuda,on,2.11.0+cu128,12.8,NVIDIA GeForce RTX 3090,7.55442660022527,632516608,0.9992538025544491
LON-07,B5,1700,maia3-79m,5,d4c5,dxc5,0.004511958919465542,0.9992538025544491,0.12834788711567513,415,20,565,r1b1kb1r/pp2pp2/1qn4p/2pp2pn/3P3B/2P1PN2/PPQ2PPP/RN2KB1R w KQkq -,MODEL_PREDICTION_NOT_EMPIRICAL,cuda,on,2.11.0+cu128,12.8,NVIDIA GeForce RTX 3090,7.55442660022527,632516608,0.9992538025544491
LON-07,B5,1700,maia3-79m,6,g2g4,g4,0.003149854950606823,0.9992538025544491,0.12834788711567513,372,23,605,r1b1kb1r/pp2pp2/1qn4p/2pp2pn/3P3B/2P1PN2/PPQ2PPP/RN2KB1R w KQkq -,MODEL_PREDICTION_NOT_EMPIRICAL,cuda,on,2.11.0+cu128,12.8,NVIDIA GeForce RTX 3090,7.55442660022527,632516608,0.9992538025544491
LON-07,B5,1700,maia3-79m,7,c2f5,Qf5,0.001430886215530336,0.9992538025544491,0.12834788711567513,29,3,968,r1b1kb1r/pp2pp2/1qn4p/2pp2pn/3P3B/2P1PN2/PPQ2PPP/RN2KB1R w KQkq -,MODEL_PREDICTION_NOT_EMPIRICAL,cuda,on,2.11.0+cu128,12.8,NVIDIA GeForce RTX 3090,7.55442660022527,632516608,0.9992538025544491
LON-07,B5,1700,maia3-79m,8,g2g3,g3,0.000686546612996608,0.9992538025544491,0.12834788711567513,255,17,728,r1b1kb1r/pp2pp2/1qn4p/2pp2pn/3P3B/2P1PN2/PPQ2PPP/RN2KB1R w KQkq -,MODEL_PREDICTION_NOT_EMPIRICAL,cuda,on,2.11.0+cu128,12.8,NVIDIA GeForce RTX 3090,7.55442660022527,632516608,0.9992538025544491
LON-07,B5,1700,maia3-79m,9,f3e5,Ne5,0.00036462218849919736,0.9992538025544491,0.12834788711567513,240,15,745,r1b1kb1r/pp2pp2/1qn4p/2pp2pn/3P3B/2P1PN2/PPQ2PPP/RN2KB1R w KQkq -,MODEL_PREDICTION_NOT_EMPIRICAL,cuda,on,2.11.0+cu128,12.8,NVIDIA GeForce RTX 3090,7.55442660022527,632516608,0.9992538025544491
LON-07,B5,1700,maia3-79m,10,f1d3,Bd3,0.00031187786953523755,0.9992538025544491,0.12834788711567513,338,16,646,r1b1kb1r/pp2pp2/1qn4p/2pp2pn/3P3B/2P1PN2/PPQ2PPP/RN2KB1R w KQkq -,MODEL_PREDICTION_NOT_EMPIRICAL,cuda,on,2.11.0+cu128,12.8,NVIDIA GeForce RTX 3090,7.55442660022527,632516608,0.9992538025544491
LON-07,B5,1900,maia3-79m,1,h4g3,Bg3,0.9695493578910828,0.9993900794652291,0.08001484550550253,500,31,469,r1b1kb1r/pp2pp2/1qn4p/2pp2pn/3P3B/2P1PN2/PPQ2PPP/RN2KB1R w KQkq -,MODEL_PREDICTION_NOT_EMPIRICAL,cuda,on,2.11.0+cu128,12.8,NVIDIA GeForce RTX 3090,7.55442660022527,632516608,0.9993900794652291
LON-07,B5,1900,maia3-79m,2,f3g5,Nxg5,0.009069855324923992,0.9993900794652291,0.08001484550550253,274,17,709,r1b1kb1r/pp2pp2/1qn4p/2pp2pn/3P3B/2P1PN2/PPQ2PPP/RN2KB1R w KQkq -,MODEL_PREDICTION_NOT_EMPIRICAL,cuda,on,2.11.0+cu128,12.8,NVIDIA GeForce RTX 3090,7.55442660022527,632516608,0.9993900794652291
LON-07,B5,1900,maia3-79m,3,d4c5,dxc5,0.008130166679620743,0.9993900794652291,0.08001484550550253,415,23,562,r1b1kb1r/pp2pp2/1qn4p/2pp2pn/3P3B/2P1PN2/PPQ2PPP/RN2KB1R w KQkq -,MODEL_PREDICTION_NOT_EMPIRICAL,cuda,on,2.11.0+cu128,12.8,NVIDIA GeForce RTX 3090,7.55442660022527,632516608,0.9993900794652291
LON-07,B5,1900,maia3-79m,4,h4g5,Bxg5,0.007063610944896936,0.9993900794652291,0.08001484550550253,309,19,672,r1b1kb1r/pp2pp2/1qn4p/2pp2pn/3P3B/2P1PN2/PPQ2PPP/RN2KB1R w KQkq -,MODEL_PREDICTION_NOT_EMPIRICAL,cuda,on,2.11.0+cu128,12.8,NVIDIA GeForce RTX 3090,7.55442660022527,632516608,0.9993900794652291
LON-07,B5,1900,maia3-79m,5,f1e2,Be2,0.0022053669672459364,0.9993900794652291,0.08001484550550253,331,21,648,r1b1kb1r/pp2pp2/1qn4p/2pp2pn/3P3B/2P1PN2/PPQ2PPP/RN2KB1R w KQkq -,MODEL_PREDICTION_NOT_EMPIRICAL,cuda,on,2.11.0+cu128,12.8,NVIDIA GeForce RTX 3090,7.55442660022527,632516608,0.9993900794652291
LON-07,B5,1900,maia3-79m,6,g2g4,g4,0.0015157251618802547,0.9993900794652291,0.08001484550550253,344,25,631,r1b1kb1r/pp2pp2/1qn4p/2pp2pn/3P3B/2P1PN2/PPQ2PPP/RN2KB1R w KQkq -,MODEL_PREDICTION_NOT_EMPIRICAL,cuda,on,2.11.0+cu128,12.8,NVIDIA GeForce RTX 3090,7.55442660022527,632516608,0.9993900794652291
LON-07,B5,1900,maia3-79m,7,c2f5,Qf5,0.0006939494633115828,0.9993900794652291,0.08001484550550253,16,2,982,r1b1kb1r/pp2pp2/1qn4p/2pp2pn/3P3B/2P1PN2/PPQ2PPP/RN2KB1R w KQkq -,MODEL_PREDICTION_NOT_EMPIRICAL,cuda,on,2.11.0+cu128,12.8,NVIDIA GeForce RTX 3090,7.55442660022527,632516608,0.9993900794652291
LON-07,B5,1900,maia3-79m,8,g2g3,g3,0.00045867261360399425,0.9993900794652291,0.08001484550550253,246,19,735,r1b1kb1r/pp2pp2/1qn4p/2pp2pn/3P3B/2P1PN2/PPQ2PPP/RN2KB1R w KQkq -,MODEL_PREDICTION_NOT_EMPIRICAL,cuda,on,2.11.0+cu128,12.8,NVIDIA GeForce RTX 3090,7.55442660022527,632516608,0.9993900794652291
LON-07,B5,1900,maia3-79m,9,f1d3,Bd3,0.00035443471278995275,0.9993900794652291,0.08001484550550253,313,18,669,r1b1kb1r/pp2pp2/1qn4p/2pp2pn/3P3B/2P1PN2/PPQ2PPP/RN2KB1R w KQkq -,MODEL_PREDICTION_NOT_EMPIRICAL,cuda,on,2.11.0+cu128,12.8,NVIDIA GeForce RTX 3090,7.55442660022527,632516608,0.9993900794652291
LON-07,B5,1900,maia3-79m,10,f3e5,Ne5,0.00034893970587290823,0.9993900794652291,0.08001484550550253,213,16,771,r1b1kb1r/pp2pp2/1qn4p/2pp2pn/3P3B/2P1PN2/PPQ2PPP/RN2KB1R w KQkq -,MODEL_PREDICTION_NOT_EMPIRICAL,cuda,on,2.11.0+cu128,12.8,NVIDIA GeForce RTX 3090,7.55442660022527,632516608,0.9993900794652291
LON-07,B5,2100,maia3-79m,1,h4g3,Bg3,0.9791602492332458,0.9994155578751815,0.05377441375428648,487,41,472,r1b1kb1r/pp2pp2/1qn4p/2pp2pn/3P3B/2P1PN2/PPQ2PPP/RN2KB1R w KQkq -,MODEL_PREDICTION_NOT_EMPIRICAL,cuda,on,2.11.0+cu128,12.8,NVIDIA GeForce RTX 3090,7.55442660022527,632516608,0.9994155578751815
LON-07,B5,2100,maia3-79m,2,d4c5,dxc5,0.013750433921813965,0.9994155578751815,0.05377441375428648,416,29,555,r1b1kb1r/pp2pp2/1qn4p/2pp2pn/3P3B/2P1PN2/PPQ2PPP/RN2KB1R w KQkq -,MODEL_PREDICTION_NOT_EMPIRICAL,cuda,on,2.11.0+cu128,12.8,NVIDIA GeForce RTX 3090,7.55442660022527,632516608,0.9994155578751815
LON-07,B5,2100,maia3-79m,3,h4g5,Bxg5,0.002192698186263442,0.9994155578751815,0.05377441375428648,261,21,718,r1b1kb1r/pp2pp2/1qn4p/2pp2pn/3P3B/2P1PN2/PPQ2PPP/RN2KB1R w KQkq -,MODEL_PREDICTION_NOT_EMPIRICAL,cuda,on,2.11.0+cu128,12.8,NVIDIA GeForce RTX 3090,7.55442660022527,632516608,0.9994155578751815
LON-07,B5,2100,maia3-79m,4,f3g5,Nxg5,0.0016167943831533194,0.9994155578751815,0.05377441375428648,238,19,743,r1b1kb1r/pp2pp2/1qn4p/2pp2pn/3P3B/2P1PN2/PPQ2PPP/RN2KB1R w KQkq -,MODEL_PREDICTION_NOT_EMPIRICAL,cuda,on,2.11.0+cu128,12.8,NVIDIA GeForce RTX 3090,7.55442660022527,632516608,0.9994155578751815
LON-07,B5,2100,maia3-79m,5,f1e2,Be2,0.0009579189936630428,0.9994155578751815,0.05377441375428648,304,25,671,r1b1kb1r/pp2pp2/1qn4p/2pp2pn/3P3B/2P1PN2/PPQ2PPP/RN2KB1R w KQkq -,MODEL_PREDICTION_NOT_EMPIRICAL,cuda,on,2.11.0+cu128,12.8,NVIDIA GeForce RTX 3090,7.55442660022527,632516608,0.9994155578751815
LON-07,B5,2100,maia3-79m,6,g2g4,g4,0.0005087468889541924,0.9994155578751815,0.05377441375428648,308,28,664,r1b1kb1r/pp2pp2/1qn4p/2pp2pn/3P3B/2P1PN2/PPQ2PPP/RN2KB1R w KQkq -,MODEL_PREDICTION_NOT_EMPIRICAL,cuda,on,2.11.0+cu128,12.8,NVIDIA GeForce RTX 3090,7.55442660022527,632516608,0.9994155578751815
LON-07,B5,2100,maia3-79m,7,f1d3,Bd3,0.00037220719968900084,0.9994155578751815,0.05377441375428648,276,21,703,r1b1kb1r/pp2pp2/1qn4p/2pp2pn/3P3B/2P1PN2/PPQ2PPP/RN2KB1R w KQkq -,MODEL_PREDICTION_NOT_EMPIRICAL,cuda,on,2.11.0+cu128,12.8,NVIDIA GeForce RTX 3090,7.55442660022527,632516608,0.9994155578751815
LON-07,B5,2100,maia3-79m,8,f3e5,Ne5,0.00032591549097560346,0.9994155578751815,0.05377441375428648,174,17,809,r1b1kb1r/pp2pp2/1qn4p/2pp2pn/3P3B/2P1PN2/PPQ2PPP/RN2KB1R w KQkq -,MODEL_PREDICTION_NOT_EMPIRICAL,cuda,on,2.11.0+cu128,12.8,NVIDIA GeForce RTX 3090,7.55442660022527,632516608,0.9994155578751815
LON-07,B5,2100,maia3-79m,9,b1d2,Nbd2,0.00029214873211458325,0.9994155578751815,0.05377441375428648,285,22,693,r1b1kb1r/pp2pp2/1qn4p/2pp2pn/3P3B/2P1PN2/PPQ2PPP/RN2KB1R w KQkq -,MODEL_PREDICTION_NOT_EMPIRICAL,cuda,on,2.11.0+cu128,12.8,NVIDIA GeForce RTX 3090,7.55442660022527,632516608,0.9994155578751815
LON-07,B5,2100,maia3-79m,10,g2g3,g3,0.0002384448453085497,0.9994155578751815,0.05377441375428648,235,23,742,r1b1kb1r/pp2pp2/1qn4p/2pp2pn/3P3B/2P1PN2/PPQ2PPP/RN2KB1R w KQkq -,MODEL_PREDICTION_NOT_EMPIRICAL,cuda,on,2.11.0+cu128,12.8,NVIDIA GeForce RTX 3090,7.55442660022527,632516608,0.9994155578751815
TOR-02,B5,1100,maia3-79m,1,e2e3,e3,0.40420591831207275,0.9651775611564517,0.7584329411579502,487,24,489,rnbqkb1r/ppp1ppp1/8/3p3p/3Pn2B/5N2/PPP1PPPP/RN1QKB1R w KQkq -,MODEL_PREDICTION_NOT_EMPIRICAL,cuda,on,2.11.0+cu128,12.8,NVIDIA GeForce RTX 3090,7.55442660022527,632516608,0.9651775611564517
TOR-02,B5,1100,maia3-79m,2,b1d2,Nbd2,0.18218988180160522,0.9651775611564517,0.7584329411579502,518,25,457,rnbqkb1r/ppp1ppp1/8/3p3p/3Pn2B/5N2/PPP1PPPP/RN1QKB1R w KQkq -,MODEL_PREDICTION_NOT_EMPIRICAL,cuda,on,2.11.0+cu128,12.8,NVIDIA GeForce RTX 3090,7.55442660022527,632516608,0.9651775611564517
TOR-02,B5,1100,maia3-79m,3,b1c3,Nc3,0.12327583134174347,0.9651775611564517,0.7584329411579502,517,27,456,rnbqkb1r/ppp1ppp1/8/3p3p/3Pn2B/5N2/PPP1PPPP/RN1QKB1R w KQkq -,MODEL_PREDICTION_NOT_EMPIRICAL,cuda,on,2.11.0+cu128,12.8,NVIDIA GeForce RTX 3090,7.55442660022527,632516608,0.9651775611564517
TOR-02,B5,1100,maia3-79m,4,h2h3,h3,0.07247012853622437,0.9651775611564517,0.7584329411579502,487,26,487,rnbqkb1r/ppp1ppp1/8/3p3p/3Pn2B/5N2/PPP1PPPP/RN1QKB1R w KQkq -,MODEL_PREDICTION_NOT_EMPIRICAL,cuda,on,2.11.0+cu128,12.8,NVIDIA GeForce RTX 3090,7.55442660022527,632516608,0.9651775611564517
TOR-02,B5,1100,maia3-79m,5,f3g5,Ng5,0.043955352157354355,0.9651775611564517,0.7584329411579502,487,27,486,rnbqkb1r/ppp1ppp1/8/3p3p/3Pn2B/5N2/PPP1PPPP/RN1QKB1R w KQkq -,MODEL_PREDICTION_NOT_EMPIRICAL,cuda,on,2.11.0+cu128,12.8,NVIDIA GeForce RTX 3090,7.55442660022527,632516608,0.9651775611564517
TOR-02,B5,1100,maia3-79m,6,f3e5,Ne5,0.04327388480305672,0.9651775611564517,0.7584329411579502,419,21,560,rnbqkb1r/ppp1ppp1/8/3p3p/3Pn2B/5N2/PPP1PPPP/RN1QKB1R w KQkq -,MODEL_PREDICTION_NOT_EMPIRICAL,cuda,on,2.11.0+cu128,12.8,NVIDIA GeForce RTX 3090,7.55442660022527,632516608,0.9651775611564517
TOR-02,B5,1100,maia3-79m,7,d1d3,Qd3,0.042602986097335815,0.9651775611564517,0.7584329411579502,449,24,527,rnbqkb1r/ppp1ppp1/8/3p3p/3Pn2B/5N2/PPP1PPPP/RN1QKB1R w KQkq -,MODEL_PREDICTION_NOT_EMPIRICAL,cuda,on,2.11.0+cu128,12.8,NVIDIA GeForce RTX 3090,7.55442660022527,632516608,0.9651775611564517
TOR-02,B5,1100,maia3-79m,8,h4g3,Bg3,0.02044113725423813,0.9651775611564517,0.7584329411579502,449,28,523,rnbqkb1r/ppp1ppp1/8/3p3p/3Pn2B/5N2/PPP1PPPP/RN1QKB1R w KQkq -,MODEL_PREDICTION_NOT_EMPIRICAL,cuda,on,2.11.0+cu128,12.8,NVIDIA GeForce RTX 3090,7.55442660022527,632516608,0.9651775611564517
TOR-02,B5,1100,maia3-79m,9,f3d2,Nfd2,0.018039241433143616,0.9651775611564517,0.7584329411579502,432,24,544,rnbqkb1r/ppp1ppp1/8/3p3p/3Pn2B/5N2/PPP1PPPP/RN1QKB1R w KQkq -,MODEL_PREDICTION_NOT_EMPIRICAL,cuda,on,2.11.0+cu128,12.8,NVIDIA GeForce RTX 3090,7.55442660022527,632516608,0.9651775611564517
TOR-02,B5,1100,maia3-79m,10,c2c4,c4,0.014723199419677258,0.9651775611564517,0.7584329411579502,490,23,487,rnbqkb1r/ppp1ppp1/8/3p3p/3Pn2B/5N2/PPP1PPPP/RN1QKB1R w KQkq -,MODEL_PREDICTION_NOT_EMPIRICAL,cuda,on,2.11.0+cu128,12.8,NVIDIA GeForce RTX 3090,7.55442660022527,632516608,0.9651775611564517
TOR-02,B5,1300,maia3-79m,1,e2e3,e3,0.3654775619506836,0.9772987551987171,0.7437362231283896,478,22,500,rnbqkb1r/ppp1ppp1/8/3p3p/3Pn2B/5N2/PPP1PPPP/RN1QKB1R w KQkq -,MODEL_PREDICTION_NOT_EMPIRICAL,cuda,on,2.11.0+cu128,12.8,NVIDIA GeForce RTX 3090,7.55442660022527,632516608,0.9772987551987171
TOR-02,B5,1300,maia3-79m,2,b1d2,Nbd2,0.25916239619255066,0.9772987551987171,0.7437362231283896,514,23,463,rnbqkb1r/ppp1ppp1/8/3p3p/3Pn2B/5N2/PPP1PPPP/RN1QKB1R w KQkq -,MODEL_PREDICTION_NOT_EMPIRICAL,cuda,on,2.11.0+cu128,12.8,NVIDIA GeForce RTX 3090,7.55442660022527,632516608,0.9772987551987171
TOR-02,B5,1300,maia3-79m,3,h2h3,h3,0.13236720860004425,0.9772987551987171,0.7437362231283896,478,24,498,rnbqkb1r/ppp1ppp1/8/3p3p/3Pn2B/5N2/PPP1PPPP/RN1QKB1R w KQkq -,MODEL_PREDICTION_NOT_EMPIRICAL,cuda,on,2.11.0+cu128,12.8,NVIDIA GeForce RTX 3090,7.55442660022527,632516608,0.9772987551987171
TOR-02,B5,1300,maia3-79m,4,b1c3,Nc3,0.07781466096639633,0.9772987551987171,0.7437362231283896,506,24,470,rnbqkb1r/ppp1ppp1/8/3p3p/3Pn2B/5N2/PPP1PPPP/RN1QKB1R w KQkq -,MODEL_PREDICTION_NOT_EMPIRICAL,cuda,on,2.11.0+cu128,12.8,NVIDIA GeForce RTX 3090,7.55442660022527,632516608,0.9772987551987171
TOR-02,B5,1300,maia3-79m,5,f3g5,Ng5,0.033467672765254974,0.9772987551987171,0.7437362231283896,477,24,499,rnbqkb1r/ppp1ppp1/8/3p3p/3Pn2B/5N2/PPP1PPPP/RN1QKB1R w KQkq -,MODEL_PREDICTION_NOT_EMPIRICAL,cuda,on,2.11.0+cu128,12.8,NVIDIA GeForce RTX 3090,7.55442660022527,632516608,0.9772987551987171
TOR-02,B5,1300,maia3-79m,6,h4g3,Bg3,0.030000226572155952,0.9772987551987171,0.7437362231283896,447,25,528,rnbqkb1r/ppp1ppp1/8/3p3p/3Pn2B/5N2/PPP1PPPP/RN1QKB1R w KQkq -,MODEL_PREDICTION_NOT_EMPIRICAL,cuda,on,2.11.0+cu128,12.8,NVIDIA GeForce RTX 3090,7.55442660022527,632516608,0.9772987551987171
TOR-02,B5,1300,maia3-79m,7,d1d3,Qd3,0.023732133209705353,0.9772987551987171,0.7437362231283896,434,21,545,rnbqkb1r/ppp1ppp1/8/3p3p/3Pn2B/5N2/PPP1PPPP/RN1QKB1R w KQkq -,MODEL_PREDICTION_NOT_EMPIRICAL,cuda,on,2.11.0+cu128,12.8,NVIDIA GeForce RTX 3090,7.55442660022527,632516608,0.9772987551987171
TOR-02,B5,1300,maia3-79m,8,f3d2,Nfd2,0.019674628973007202,0.9772987551987171,0.7437362231283896,418,21,561,rnbqkb1r/ppp1ppp1/8/3p3p/3Pn2B/5N2/PPP1PPPP/RN1QKB1R w KQkq -,MODEL_PREDICTION_NOT_EMPIRICAL,cuda,on,2.11.0+cu128,12.8,NVIDIA GeForce RTX 3090,7.55442660022527,632516608,0.9772987551987171
TOR-02,B5,1300,maia3-79m,9,f3e5,Ne5,0.01877366192638874,0.9772987551987171,0.7437362231283896,394,19,587,rnbqkb1r/ppp1ppp1/8/3p3p/3Pn2B/5N2/PPP1PPPP/RN1QKB1R w KQkq -,MODEL_PREDICTION_NOT_EMPIRICAL,cuda,on,2.11.0+cu128,12.8,NVIDIA GeForce RTX 3090,7.55442660022527,632516608,0.9772987551987171
TOR-02,B5,1300,maia3-79m,10,c2c4,c4,0.01682860404253006,0.9772987551987171,0.7437362231283896,486,21,493,rnbqkb1r/ppp1ppp1/8/3p3p/3Pn2B/5N2/PPP1PPPP/RN1QKB1R w KQkq -,MODEL_PREDICTION_NOT_EMPIRICAL,cuda,on,2.11.0+cu128,12.8,NVIDIA GeForce RTX 3090,7.55442660022527,632516608,0.9772987551987171
TOR-02,B5,1500,maia3-79m,1,e2e3,e3,0.31300365924835205,0.9855005899444222,0.7192359660351202,478,22,500,rnbqkb1r/ppp1ppp1/8/3p3p/3Pn2B/5N2/PPP1PPPP/RN1QKB1R w KQkq -,MODEL_PREDICTION_NOT_EMPIRICAL,cuda,on,2.11.0+cu128,12.8,NVIDIA GeForce RTX 3090,7.55442660022527,632516608,0.9855005899444222
TOR-02,B5,1500,maia3-79m,2,b1d2,Nbd2,0.31300365924835205,0.9855005899444222,0.7192359660351202,517,22,461,rnbqkb1r/ppp1ppp1/8/3p3p/3Pn2B/5N2/PPP1PPPP/RN1QKB1R w KQkq -,MODEL_PREDICTION_NOT_EMPIRICAL,cuda,on,2.11.0+cu128,12.8,NVIDIA GeForce RTX 3090,7.55442660022527,632516608,0.9855005899444222
TOR-02,B5,1500,maia3-79m,3,h2h3,h3,0.18690302968025208,0.9855005899444222,0.7192359660351202,483,24,493,rnbqkb1r/ppp1ppp1/8/3p3p/3Pn2B/5N2/PPP1PPPP/RN1QKB1R w KQkq -,MODEL_PREDICTION_NOT_EMPIRICAL,cuda,on,2.11.0+cu128,12.8,NVIDIA GeForce RTX 3090,7.55442660022527,632516608,0.9855005899444222
TOR-02,B5,1500,maia3-79m,4,b1c3,Nc3,0.05354861542582512,0.9855005899444222,0.7192359660351202,508,24,468,rnbqkb1r/ppp1ppp1/8/3p3p/3Pn2B/5N2/PPP1PPPP/RN1QKB1R w KQkq -,MODEL_PREDICTION_NOT_EMPIRICAL,cuda,on,2.11.0+cu128,12.8,NVIDIA GeForce RTX 3090,7.55442660022527,632516608,0.9855005899444222
TOR-02,B5,1500,maia3-79m,5,h4g3,Bg3,0.03511803597211838,0.9855005899444222,0.7192359660351202,442,26,532,rnbqkb1r/ppp1ppp1/8/3p3p/3Pn2B/5N2/PPP1PPPP/RN1QKB1R w KQkq -,MODEL_PREDICTION_NOT_EMPIRICAL,cuda,on,2.11.0+cu128,12.8,NVIDIA GeForce RTX 3090,7.55442660022527,632516608,0.9855005899444222
TOR-02,B5,1500,maia3-79m,6,f3g5,Ng5,0.0237620547413826,0.9855005899444222,0.7192359660351202,477,24,499,rnbqkb1r/ppp1ppp1/8/3p3p/3Pn2B/5N2/PPP1PPPP/RN1QKB1R w KQkq -,MODEL_PREDICTION_NOT_EMPIRICAL,cuda,on,2.11.0+cu128,12.8,NVIDIA GeForce RTX 3090,7.55442660022527,632516608,0.9855005899444222
TOR-02,B5,1500,maia3-79m,7,f3d2,Nfd2,0.0168498195707798,0.9855005899444222,0.7192359660351202,419,20,561,rnbqkb1r/ppp1ppp1/8/3p3p/3Pn2B/5N2/PPP1PPPP/RN1QKB1R w KQkq -,MODEL_PREDICTION_NOT_EMPIRICAL,cuda,on,2.11.0+cu128,12.8,NVIDIA GeForce RTX 3090,7.55442660022527,632516608,0.9855005899444222
TOR-02,B5,1500,maia3-79m,8,c2c4,c4,0.015583534725010395,0.9855005899444222,0.7192359660351202,489,21,490,rnbqkb1r/ppp1ppp1/8/3p3p/3Pn2B/5N2/PPP1PPPP/RN1QKB1R w KQkq -,MODEL_PREDICTION_NOT_EMPIRICAL,cuda,on,2.11.0+cu128,12.8,NVIDIA GeForce RTX 3090,7.55442660022527,632516608,0.9855005899444222
TOR-02,B5,1500,maia3-79m,9,d1d3,Qd3,0.014188970439136028,0.9855005899444222,0.7192359660351202,438,21,541,rnbqkb1r/ppp1ppp1/8/3p3p/3Pn2B/5N2/PPP1PPPP/RN1QKB1R w KQkq -,MODEL_PREDICTION_NOT_EMPIRICAL,cuda,on,2.11.0+cu128,12.8,NVIDIA GeForce RTX 3090,7.55442660022527,632516608,0.9855005899444222
TOR-02,B5,1500,maia3-79m,10,c2c3,c3,0.013539210893213749,0.9855005899444222,0.7192359660351202,467,23,510,rnbqkb1r/ppp1ppp1/8/3p3p/3Pn2B/5N2/PPP1PPPP/RN1QKB1R w KQkq -,MODEL_PREDICTION_NOT_EMPIRICAL,cuda,on,2.11.0+cu128,12.8,NVIDIA GeForce RTX 3090,7.55442660022527,632516608,0.9855005899444222
TOR-02,B5,1700,maia3-79m,1,b1d2,Nbd2,0.33199161291122437,0.9909659577533603,0.6977563841404913,524,24,452,rnbqkb1r/ppp1ppp1/8/3p3p/3Pn2B/5N2/PPP1PPPP/RN1QKB1R w KQkq -,MODEL_PREDICTION_NOT_EMPIRICAL,cuda,on,2.11.0+cu128,12.8,NVIDIA GeForce RTX 3090,7.55442660022527,632516608,0.9909659577533603
TOR-02,B5,1700,maia3-79m,2,e2e3,e3,0.2884393036365509,0.9909659577533603,0.6977563841404913,480,23,497,rnbqkb1r/ppp1ppp1/8/3p3p/3Pn2B/5N2/PPP1PPPP/RN1QKB1R w KQkq -,MODEL_PREDICTION_NOT_EMPIRICAL,cuda,on,2.11.0+cu128,12.8,NVIDIA GeForce RTX 3090,7.55442660022527,632516608,0.9909659577533603
TOR-02,B5,1700,maia3-79m,3,h2h3,h3,0.22463677823543549,0.9909659577533603,0.6977563841404913,489,26,485,rnbqkb1r/ppp1ppp1/8/3p3p/3Pn2B/5N2/PPP1PPPP/RN1QKB1R w KQkq -,MODEL_PREDICTION_NOT_EMPIRICAL,cuda,on,2.11.0+cu128,12.8,NVIDIA GeForce RTX 3090,7.55442660022527,632516608,0.9909659577533603
TOR-02,B5,1700,maia3-79m,4,h4g3,Bg3,0.03843081742525101,0.9909659577533603,0.6977563841404913,447,27,526,rnbqkb1r/ppp1ppp1/8/3p3p/3Pn2B/5N2/PPP1PPPP/RN1QKB1R w KQkq -,MODEL_PREDICTION_NOT_EMPIRICAL,cuda,on,2.11.0+cu128,12.8,NVIDIA GeForce RTX 3090,7.55442660022527,632516608,0.9909659577533603
TOR-02,B5,1700,maia3-79m,5,b1c3,Nc3,0.03610241413116455,0.9909659577533603,0.6977563841404913,511,25,464,rnbqkb1r/ppp1ppp1/8/3p3p/3Pn2B/5N2/PPP1PPPP/RN1QKB1R w KQkq -,MODEL_PREDICTION_NOT_EMPIRICAL,cuda,on,2.11.0+cu128,12.8,NVIDIA GeForce RTX 3090,7.55442660022527,632516608,0.9909659577533603
TOR-02,B5,1700,maia3-79m,6,c2c3,c3,0.018729686737060547,0.9909659577533603,0.6977563841404913,476,23,501,rnbqkb1r/ppp1ppp1/8/3p3p/3Pn2B/5N2/PPP1PPPP/RN1QKB1R w KQkq -,MODEL_PREDICTION_NOT_EMPIRICAL,cuda,on,2.11.0+cu128,12.8,NVIDIA GeForce RTX 3090,7.55442660022527,632516608,0.9909659577533603
TOR-02,B5,1700,maia3-79m,7,f3g5,Ng5,0.01602034829556942,0.9909659577533603,0.6977563841404913,485,26,489,rnbqkb1r/ppp1ppp1/8/3p3p/3Pn2B/5N2/PPP1PPPP/RN1QKB1R w KQkq -,MODEL_PREDICTION_NOT_EMPIRICAL,cuda,on,2.11.0+cu128,12.8,NVIDIA GeForce RTX 3090,7.55442660022527,632516608,0.9909659577533603
TOR-02,B5,1700,maia3-79m,8,c2c4,c4,0.014137908816337585,0.9909659577533603,0.6977563841404913,494,22,484,rnbqkb1r/ppp1ppp1/8/3p3p/3Pn2B/5N2/PPP1PPPP/RN1QKB1R w KQkq -,MODEL_PREDICTION_NOT_EMPIRICAL,cuda,on,2.11.0+cu128,12.8,NVIDIA GeForce RTX 3090,7.55442660022527,632516608,0.9909659577533603
TOR-02,B5,1700,maia3-79m,9,f3d2,Nfd2,0.013490485958755016,0.9909659577533603,0.6977563841404913,428,21,551,rnbqkb1r/ppp1ppp1/8/3p3p/3Pn2B/5N2/PPP1PPPP/RN1QKB1R w KQkq -,MODEL_PREDICTION_NOT_EMPIRICAL,cuda,on,2.11.0+cu128,12.8,NVIDIA GeForce RTX 3090,7.55442660022527,632516608,0.9909659577533603
TOR-02,B5,1700,maia3-79m,10,d1d3,Qd3,0.00898660160601139,0.9909659577533603,0.6977563841404913,449,21,530,rnbqkb1r/ppp1ppp1/8/3p3p/3Pn2B/5N2/PPP1PPPP/RN1QKB1R w KQkq -,MODEL_PREDICTION_NOT_EMPIRICAL,cuda,on,2.11.0+cu128,12.8,NVIDIA GeForce RTX 3090,7.55442660022527,632516608,0.9909659577533603
TOR-02,B5,1900,maia3-79m,1,b1d2,Nbd2,0.33510228991508484,0.9930368969216943,0.6842560681341345,528,27,445,rnbqkb1r/ppp1ppp1/8/3p3p/3Pn2B/5N2/PPP1PPPP/RN1QKB1R w KQkq -,MODEL_PREDICTION_NOT_EMPIRICAL,cuda,on,2.11.0+cu128,12.8,NVIDIA GeForce RTX 3090,7.55442660022527,632516608,0.9930368969216943
TOR-02,B5,1900,maia3-79m,2,e2e3,e3,0.28662818670272827,0.9930368969216943,0.6842560681341345,485,25,490,rnbqkb1r/ppp1ppp1/8/3p3p/3Pn2B/5N2/PPP1PPPP/RN1QKB1R w KQkq -,MODEL_PREDICTION_NOT_EMPIRICAL,cuda,on,2.11.0+cu128,12.8,NVIDIA GeForce RTX 3090,7.55442660022527,632516608,0.9930368969216943
TOR-02,B5,1900,maia3-79m,3,h2h3,h3,0.23762308061122894,0.9930368969216943,0.6842560681341345,492,30,478,rnbqkb1r/ppp1ppp1/8/3p3p/3Pn2B/5N2/PPP1PPPP/RN1QKB1R w KQkq -,MODEL_PREDICTION_NOT_EMPIRICAL,cuda,on,2.11.0+cu128,12.8,NVIDIA GeForce RTX 3090,7.55442660022527,632516608,0.9930368969216943
TOR-02,B5,1900,maia3-79m,4,h4g3,Bg3,0.03701453655958176,0.9930368969216943,0.6842560681341345,443,30,527,rnbqkb1r/ppp1ppp1/8/3p3p/3Pn2B/5N2/PPP1PPPP/RN1QKB1R w KQkq -,MODEL_PREDICTION_NOT_EMPIRICAL,cuda,on,2.11.0+cu128,12.8,NVIDIA GeForce RTX 3090,7.55442660022527,632516608,0.9930368969216943
TOR-02,B5,1900,maia3-79m,5,c2c3,c3,0.02882695198059082,0.9930368969216943,0.6842560681341345,487,25,488,rnbqkb1r/ppp1ppp1/8/3p3p/3Pn2B/5N2/PPP1PPPP/RN1QKB1R w KQkq -,MODEL_PREDICTION_NOT_EMPIRICAL,cuda,on,2.11.0+cu128,12.8,NVIDIA GeForce RTX 3090,7.55442660022527,632516608,0.9930368969216943
TOR-02,B5,1900,maia3-79m,6,b1c3,Nc3,0.023898381739854813,0.9930368969216943,0.6842560681341345,514,28,458,rnbqkb1r/ppp1ppp1/8/3p3p/3Pn2B/5N2/PPP1PPPP/RN1QKB1R w KQkq -,MODEL_PREDICTION_NOT_EMPIRICAL,cuda,on,2.11.0+cu128,12.8,NVIDIA GeForce RTX 3090,7.55442660022527,632516608,0.9930368969216943
TOR-02,B5,1900,maia3-79m,7,c2c4,c4,0.013831323944032192,0.9930368969216943,0.6842560681341345,492,24,484,rnbqkb1r/ppp1ppp1/8/3p3p/3Pn2B/5N2/PPP1PPPP/RN1QKB1R w KQkq -,MODEL_PREDICTION_NOT_EMPIRICAL,cuda,on,2.11.0+cu128,12.8,NVIDIA GeForce RTX 3090,7.55442660022527,632516608,0.9930368969216943
TOR-02,B5,1900,maia3-79m,8,f3g5,Ng5,0.01259356364607811,0.9930368969216943,0.6842560681341345,496,28,476,rnbqkb1r/ppp1ppp1/8/3p3p/3Pn2B/5N2/PPP1PPPP/RN1QKB1R w KQkq -,MODEL_PREDICTION_NOT_EMPIRICAL,cuda,on,2.11.0+cu128,12.8,NVIDIA GeForce RTX 3090,7.55442660022527,632516608,0.9930368969216943
TOR-02,B5,1900,maia3-79m,9,f3d2,Nfd2,0.012016861699521542,0.9930368969216943,0.6842560681341345,430,23,547,rnbqkb1r/ppp1ppp1/8/3p3p/3Pn2B/5N2/PPP1PPPP/RN1QKB1R w KQkq -,MODEL_PREDICTION_NOT_EMPIRICAL,cuda,on,2.11.0+cu128,12.8,NVIDIA GeForce RTX 3090,7.55442660022527,632516608,0.9930368969216943
TOR-02,B5,1900,maia3-79m,10,d1d3,Qd3,0.005501720122992992,0.9930368969216943,0.6842560681341345,460,22,518,rnbqkb1r/ppp1ppp1/8/3p3p/3Pn2B/5N2/PPP1PPPP/RN1QKB1R w KQkq -,MODEL_PREDICTION_NOT_EMPIRICAL,cuda,on,2.11.0+cu128,12.8,NVIDIA GeForce RTX 3090,7.55442660022527,632516608,0.9930368969216943
TOR-02,B5,2100,maia3-79m,1,b1d2,Nbd2,0.34892788529396057,0.9935682211071253,0.6865860060827165,525,33,442,rnbqkb1r/ppp1ppp1/8/3p3p/3Pn2B/5N2/PPP1PPPP/RN1QKB1R w KQkq -,MODEL_PREDICTION_NOT_EMPIRICAL,cuda,on,2.11.0+cu128,12.8,NVIDIA GeForce RTX 3090,7.55442660022527,632516608,0.9935682211071253
TOR-02,B5,2100,maia3-79m,2,e2e3,e3,0.2760246992111206,0.9935682211071253,0.6865860060827165,488,30,482,rnbqkb1r/ppp1ppp1/8/3p3p/3Pn2B/5N2/PPP1PPPP/RN1QKB1R w KQkq -,MODEL_PREDICTION_NOT_EMPIRICAL,cuda,on,2.11.0+cu128,12.8,NVIDIA GeForce RTX 3090,7.55442660022527,632516608,0.9935682211071253
TOR-02,B5,2100,maia3-79m,3,h2h3,h3,0.23243609070777893,0.9935682211071253,0.6865860060827165,483,36,481,rnbqkb1r/ppp1ppp1/8/3p3p/3Pn2B/5N2/PPP1PPPP/RN1QKB1R w KQkq -,MODEL_PREDICTION_NOT_EMPIRICAL,cuda,on,2.11.0+cu128,12.8,NVIDIA GeForce RTX 3090,7.55442660022527,632516608,0.9935682211071253
TOR-02,B5,2100,maia3-79m,4,c2c3,c3,0.03401291370391846,0.9935682211071253,0.6865860060827165,493,31,476,rnbqkb1r/ppp1ppp1/8/3p3p/3Pn2B/5N2/PPP1PPPP/RN1QKB1R w KQkq -,MODEL_PREDICTION_NOT_EMPIRICAL,cuda,on,2.11.0+cu128,12.8,NVIDIA GeForce RTX 3090,7.55442660022527,632516608,0.9935682211071253
TOR-02,B5,2100,maia3-79m,5,h4g3,Bg3,0.030969109386205673,0.9935682211071253,0.6865860060827165,443,36,521,rnbqkb1r/ppp1ppp1/8/3p3p/3Pn2B/5N2/PPP1PPPP/RN1QKB1R w KQkq -,MODEL_PREDICTION_NOT_EMPIRICAL,cuda,on,2.11.0+cu128,12.8,NVIDIA GeForce RTX 3090,7.55442660022527,632516608,0.9935682211071253
TOR-02,B5,2100,maia3-79m,6,f3d2,Nfd2,0.01937997341156006,0.9935682211071253,0.6865860060827165,435,29,536,rnbqkb1r/ppp1ppp1/8/3p3p/3Pn2B/5N2/PPP1PPPP/RN1QKB1R w KQkq -,MODEL_PREDICTION_NOT_EMPIRICAL,cuda,on,2.11.0+cu128,12.8,NVIDIA GeForce RTX 3090,7.55442660022527,632516608,0.9935682211071253
TOR-02,B5,2100,maia3-79m,7,b1c3,Nc3,0.01657656952738762,0.9935682211071253,0.6865860060827165,509,34,457,rnbqkb1r/ppp1ppp1/8/3p3p/3Pn2B/5N2/PPP1PPPP/RN1QKB1R w KQkq -,MODEL_PREDICTION_NOT_EMPIRICAL,cuda,on,2.11.0+cu128,12.8,NVIDIA GeForce RTX 3090,7.55442660022527,632516608,0.9935682211071253
TOR-02,B5,2100,maia3-79m,8,c2c4,c4,0.016319574788212776,0.9935682211071253,0.6865860060827165,501,29,470,rnbqkb1r/ppp1ppp1/8/3p3p/3Pn2B/5N2/PPP1PPPP/RN1QKB1R w KQkq -,MODEL_PREDICTION_NOT_EMPIRICAL,cuda,on,2.11.0+cu128,12.8,NVIDIA GeForce RTX 3090,7.55442660022527,632516608,0.9935682211071253
TOR-02,B5,2100,maia3-79m,9,f3g5,Ng5,0.014859141781926155,0.9935682211071253,0.6865860060827165,499,37,464,rnbqkb1r/ppp1ppp1/8/3p3p/3Pn2B/5N2/PPP1PPPP/RN1QKB1R w KQkq -,MODEL_PREDICTION_NOT_EMPIRICAL,cuda,on,2.11.0+cu128,12.8,NVIDIA GeForce RTX 3090,7.55442660022527,632516608,0.9935682211071253
TOR-02,B5,2100,maia3-79m,10,f3e5,Ne5,0.004062263295054436,0.9935682211071253,0.6865860060827165,360,23,617,rnbqkb1r/ppp1ppp1/8/3p3p/3Pn2B/5N2/PPP1PPPP/RN1QKB1R w KQkq -,MODEL_PREDICTION_NOT_EMPIRICAL,cuda,on,2.11.0+cu128,12.8,NVIDIA GeForce RTX 3090,7.55442660022527,632516608,0.9935682211071253
TOR-05,B5,1100,maia3-79m,1,d4c5,dxc5,0.3261803984642029,0.964665362611413,0.7829358536189637,514,21,465,rnbqkb1r/pp2pppp/8/2pp2B1/3Pn2P/5N2/PPP1PPP1/RN1QKB1R w KQkq -,MODEL_PREDICTION_NOT_EMPIRICAL,cuda,on,2.11.0+cu128,12.8,NVIDIA GeForce RTX 3090,7.55442660022527,632516608,0.964665362611413
TOR-05,B5,1100,maia3-79m,2,e2e3,e3,0.21391433477401733,0.964665362611413,0.7829358536189637,537,20,443,rnbqkb1r/pp2pppp/8/2pp2B1/3Pn2P/5N2/PPP1PPP1/RN1QKB1R w KQkq -,MODEL_PREDICTION_NOT_EMPIRICAL,cuda,on,2.11.0+cu128,12.8,NVIDIA GeForce RTX 3090,7.55442660022527,632516608,0.964665362611413
TOR-05,B5,1100,maia3-79m,3,c2c3,c3,0.12380412220954895,0.964665362611413,0.7829358536189637,535,21,444,rnbqkb1r/pp2pppp/8/2pp2B1/3Pn2P/5N2/PPP1PPP1/RN1QKB1R w KQkq -,MODEL_PREDICTION_NOT_EMPIRICAL,cuda,on,2.11.0+cu128,12.8,NVIDIA GeForce RTX 3090,7.55442660022527,632516608,0.964665362611413
TOR-05,B5,1100,maia3-79m,4,b1c3,Nc3,0.11272493749856949,0.964665362611413,0.7829358536189637,540,22,438,rnbqkb1r/pp2pppp/8/2pp2B1/3Pn2P/5N2/PPP1PPP1/RN1QKB1R w KQkq -,MODEL_PREDICTION_NOT_EMPIRICAL,cuda,on,2.11.0+cu128,12.8,NVIDIA GeForce RTX 3090,7.55442660022527,632516608,0.964665362611413
TOR-05,B5,1100,maia3-79m,5,b1d2,Nbd2,0.07509099692106247,0.964665362611413,0.7829358536189637,540,21,439,rnbqkb1r/pp2pppp/8/2pp2B1/3Pn2P/5N2/PPP1PPP1/RN1QKB1R w KQkq -,MODEL_PREDICTION_NOT_EMPIRICAL,cuda,on,2.11.0+cu128,12.8,NVIDIA GeForce RTX 3090,7.55442660022527,632516608,0.964665362611413
TOR-05,B5,1100,maia3-79m,6,f3e5,Ne5,0.04924587532877922,0.964665362611413,0.7829358536189637,465,19,516,rnbqkb1r/pp2pppp/8/2pp2B1/3Pn2P/5N2/PPP1PPP1/RN1QKB1R w KQkq -,MODEL_PREDICTION_NOT_EMPIRICAL,cuda,on,2.11.0+cu128,12.8,NVIDIA GeForce RTX 3090,7.55442660022527,632516608,0.964665362611413
TOR-05,B5,1100,maia3-79m,7,d1d3,Qd3,0.025152333080768585,0.964665362611413,0.7829358536189637,486,19,495,rnbqkb1r/pp2pppp/8/2pp2B1/3Pn2P/5N2/PPP1PPP1/RN1QKB1R w KQkq -,MODEL_PREDICTION_NOT_EMPIRICAL,cuda,on,2.11.0+cu128,12.8,NVIDIA GeForce RTX 3090,7.55442660022527,632516608,0.964665362611413
TOR-05,B5,1100,maia3-79m,8,c2c4,c4,0.015495901927351952,0.964665362611413,0.7829358536189637,497,20,483,rnbqkb1r/pp2pppp/8/2pp2B1/3Pn2P/5N2/PPP1PPP1/RN1QKB1R w KQkq -,MODEL_PREDICTION_NOT_EMPIRICAL,cuda,on,2.11.0+cu128,12.8,NVIDIA GeForce RTX 3090,7.55442660022527,632516608,0.964665362611413
TOR-05,B5,1100,maia3-79m,9,g2g3,g3,0.012068222276866436,0.964665362611413,0.7829358536189637,475,21,504,rnbqkb1r/pp2pppp/8/2pp2B1/3Pn2P/5N2/PPP1PPP1/RN1QKB1R w KQkq -,MODEL_PREDICTION_NOT_EMPIRICAL,cuda,on,2.11.0+cu128,12.8,NVIDIA GeForce RTX 3090,7.55442660022527,632516608,0.964665362611413
TOR-05,B5,1100,maia3-79m,10,g5e3,Be3,0.010988240130245686,0.964665362611413,0.7829358536189637,499,21,480,rnbqkb1r/pp2pppp/8/2pp2B1/3Pn2P/5N2/PPP1PPP1/RN1QKB1R w KQkq -,MODEL_PREDICTION_NOT_EMPIRICAL,cuda,on,2.11.0+cu128,12.8,NVIDIA GeForce RTX 3090,7.55442660022527,632516608,0.964665362611413
TOR-05,B5,1300,maia3-79m,1,d4c5,dxc5,0.27506816387176514,0.9701777826994658,0.7814563053085283,512,20,468,rnbqkb1r/pp2pppp/8/2pp2B1/3Pn2P/5N2/PPP1PPP1/RN1QKB1R w KQkq -,MODEL_PREDICTION_NOT_EMPIRICAL,cuda,on,2.11.0+cu128,12.8,NVIDIA GeForce RTX 3090,7.55442660022527,632516608,0.9701777826994658
TOR-05,B5,1300,maia3-79m,2,e2e3,e3,0.2504523992538452,0.9701777826994658,0.7814563053085283,525,19,456,rnbqkb1r/pp2pppp/8/2pp2B1/3Pn2P/5N2/PPP1PPP1/RN1QKB1R w KQkq -,MODEL_PREDICTION_NOT_EMPIRICAL,cuda,on,2.11.0+cu128,12.8,NVIDIA GeForce RTX 3090,7.55442660022527,632516608,0.9701777826994658
TOR-05,B5,1300,maia3-79m,3,c2c3,c3,0.13616861402988434,0.9701777826994658,0.7814563053085283,523,20,457,rnbqkb1r/pp2pppp/8/2pp2B1/3Pn2P/5N2/PPP1PPP1/RN1QKB1R w KQkq -,MODEL_PREDICTION_NOT_EMPIRICAL,cuda,on,2.11.0+cu128,12.8,NVIDIA GeForce RTX 3090,7.55442660022527,632516608,0.9701777826994658
TOR-05,B5,1300,maia3-79m,4,b1d2,Nbd2,0.1259353905916214,0.9701777826994658,0.7814563053085283,533,21,446,rnbqkb1r/pp2pppp/8/2pp2B1/3Pn2P/5N2/PPP1PPP1/RN1QKB1R w KQkq -,MODEL_PREDICTION_NOT_EMPIRICAL,cuda,on,2.11.0+cu128,12.8,NVIDIA GeForce RTX 3090,7.55442660022527,632516608,0.9701777826994658
TOR-05,B5,1300,maia3-79m,5,b1c3,Nc3,0.09962308406829834,0.9701777826994658,0.7814563053085283,532,21,447,rnbqkb1r/pp2pppp/8/2pp2B1/3Pn2P/5N2/PPP1PPP1/RN1QKB1R w KQkq -,MODEL_PREDICTION_NOT_EMPIRICAL,cuda,on,2.11.0+cu128,12.8,NVIDIA GeForce RTX 3090,7.55442660022527,632516608,0.9701777826994658
TOR-05,B5,1300,maia3-79m,6,f3e5,Ne5,0.02639749087393284,0.9701777826994658,0.7814563053085283,444,17,539,rnbqkb1r/pp2pppp/8/2pp2B1/3Pn2P/5N2/PPP1PPP1/RN1QKB1R w KQkq -,MODEL_PREDICTION_NOT_EMPIRICAL,cuda,on,2.11.0+cu128,12.8,NVIDIA GeForce RTX 3090,7.55442660022527,632516608,0.9701777826994658
TOR-05,B5,1300,maia3-79m,7,d1d3,Qd3,0.018718622624874115,0.9701777826994658,0.7814563053085283,482,19,499,rnbqkb1r/pp2pppp/8/2pp2B1/3Pn2P/5N2/PPP1PPP1/RN1QKB1R w KQkq -,MODEL_PREDICTION_NOT_EMPIRICAL,cuda,on,2.11.0+cu128,12.8,NVIDIA GeForce RTX 3090,7.55442660022527,632516608,0.9701777826994658
TOR-05,B5,1300,maia3-79m,8,c2c4,c4,0.015277695842087269,0.9701777826994658,0.7814563053085283,501,20,479,rnbqkb1r/pp2pppp/8/2pp2B1/3Pn2P/5N2/PPP1PPP1/RN1QKB1R w KQkq -,MODEL_PREDICTION_NOT_EMPIRICAL,cuda,on,2.11.0+cu128,12.8,NVIDIA GeForce RTX 3090,7.55442660022527,632516608,0.9701777826994658
TOR-05,B5,1300,maia3-79m,9,g5f4,Bf4,0.011532209813594818,0.9701777826994658,0.7814563053085283,489,20,491,rnbqkb1r/pp2pppp/8/2pp2B1/3Pn2P/5N2/PPP1PPP1/RN1QKB1R w KQkq -,MODEL_PREDICTION_NOT_EMPIRICAL,cuda,on,2.11.0+cu128,12.8,NVIDIA GeForce RTX 3090,7.55442660022527,632516608,0.9701777826994658
TOR-05,B5,1300,maia3-79m,10,g5e3,Be3,0.011004111729562283,0.9701777826994658,0.7814563053085283,490,20,490,rnbqkb1r/pp2pppp/8/2pp2B1/3Pn2P/5N2/PPP1PPP1/RN1QKB1R w KQkq -,MODEL_PREDICTION_NOT_EMPIRICAL,cuda,on,2.11.0+cu128,12.8,NVIDIA GeForce RTX 3090,7.55442660022527,632516608,0.9701777826994658
TOR-05,B5,1500,maia3-79m,1,e2e3,e3,0.2765865623950958,0.9785359725356102,0.7587625443923752,514,20,466,rnbqkb1r/pp2pppp/8/2pp2B1/3Pn2P/5N2/PPP1PPP1/RN1QKB1R w KQkq -,MODEL_PREDICTION_NOT_EMPIRICAL,cuda,on,2.11.0+cu128,12.8,NVIDIA GeForce RTX 3090,7.55442660022527,632516608,0.9785359725356102
TOR-05,B5,1500,maia3-79m,2,d4c5,dxc5,0.2558007538318634,0.9785359725356102,0.7587625443923752,509,21,470,rnbqkb1r/pp2pppp/8/2pp2B1/3Pn2P/5N2/PPP1PPP1/RN1QKB1R w KQkq -,MODEL_PREDICTION_NOT_EMPIRICAL,cuda,on,2.11.0+cu128,12.8,NVIDIA GeForce RTX 3090,7.55442660022527,632516608,0.9785359725356102
TOR-05,B5,1500,maia3-79m,3,c2c3,c3,0.15515099465847015,0.9785359725356102,0.7587625443923752,513,21,466,rnbqkb1r/pp2pppp/8/2pp2B1/3Pn2P/5N2/PPP1PPP1/RN1QKB1R w KQkq -,MODEL_PREDICTION_NOT_EMPIRICAL,cuda,on,2.11.0+cu128,12.8,NVIDIA GeForce RTX 3090,7.55442660022527,632516608,0.9785359725356102
TOR-05,B5,1500,maia3-79m,4,b1d2,Nbd2,0.15274560451507568,0.9785359725356102,0.7587625443923752,528,22,450,rnbqkb1r/pp2pppp/8/2pp2B1/3Pn2P/5N2/PPP1PPP1/RN1QKB1R w KQkq -,MODEL_PREDICTION_NOT_EMPIRICAL,cuda,on,2.11.0+cu128,12.8,NVIDIA GeForce RTX 3090,7.55442660022527,632516608,0.9785359725356102
TOR-05,B5,1500,maia3-79m,5,b1c3,Nc3,0.07680531591176987,0.9785359725356102,0.7587625443923752,530,22,448,rnbqkb1r/pp2pppp/8/2pp2B1/3Pn2P/5N2/PPP1PPP1/RN1QKB1R w KQkq -,MODEL_PREDICTION_NOT_EMPIRICAL,cuda,on,2.11.0+cu128,12.8,NVIDIA GeForce RTX 3090,7.55442660022527,632516608,0.9785359725356102
TOR-05,B5,1500,maia3-79m,6,d1d3,Qd3,0.013770434074103832,0.9785359725356102,0.7587625443923752,474,19,507,rnbqkb1r/pp2pppp/8/2pp2B1/3Pn2P/5N2/PPP1PPP1/RN1QKB1R w KQkq -,MODEL_PREDICTION_NOT_EMPIRICAL,cuda,on,2.11.0+cu128,12.8,NVIDIA GeForce RTX 3090,7.55442660022527,632516608,0.9785359725356102
TOR-05,B5,1500,maia3-79m,7,c2c4,c4,0.013556943275034428,0.9785359725356102,0.7587625443923752,508,20,472,rnbqkb1r/pp2pppp/8/2pp2B1/3Pn2P/5N2/PPP1PPP1/RN1QKB1R w KQkq -,MODEL_PREDICTION_NOT_EMPIRICAL,cuda,on,2.11.0+cu128,12.8,NVIDIA GeForce RTX 3090,7.55442660022527,632516608,0.9785359725356102
TOR-05,B5,1500,maia3-79m,8,g5f4,Bf4,0.012936126440763474,0.9785359725356102,0.7587625443923752,483,21,496,rnbqkb1r/pp2pppp/8/2pp2B1/3Pn2P/5N2/PPP1PPP1/RN1QKB1R w KQkq -,MODEL_PREDICTION_NOT_EMPIRICAL,cuda,on,2.11.0+cu128,12.8,NVIDIA GeForce RTX 3090,7.55442660022527,632516608,0.9785359725356102
TOR-05,B5,1500,maia3-79m,9,f3e5,Ne5,0.01215236634016037,0.9785359725356102,0.7587625443923752,429,17,554,rnbqkb1r/pp2pppp/8/2pp2B1/3Pn2P/5N2/PPP1PPP1/RN1QKB1R w KQkq -,MODEL_PREDICTION_NOT_EMPIRICAL,cuda,on,2.11.0+cu128,12.8,NVIDIA GeForce RTX 3090,7.55442660022527,632516608,0.9785359725356102
TOR-05,B5,1500,maia3-79m,10,g5e3,Be3,0.009030871093273163,0.9785359725356102,0.7587625443923752,484,21,495,rnbqkb1r/pp2pppp/8/2pp2B1/3Pn2P/5N2/PPP1PPP1/RN1QKB1R w KQkq -,MODEL_PREDICTION_NOT_EMPIRICAL,cuda,on,2.11.0+cu128,12.8,NVIDIA GeForce RTX 3090,7.55442660022527,632516608,0.9785359725356102
TOR-05,B5,1700,maia3-79m,1,e2e3,e3,0.3110036551952362,0.9855866567231715,0.7242434564575742,499,23,478,rnbqkb1r/pp2pppp/8/2pp2B1/3Pn2P/5N2/PPP1PPP1/RN1QKB1R w KQkq -,MODEL_PREDICTION_NOT_EMPIRICAL,cuda,on,2.11.0+cu128,12.8,NVIDIA GeForce RTX 3090,7.55442660022527,632516608,0.9855866567231715
TOR-05,B5,1700,maia3-79m,2,d4c5,dxc5,0.24602416157722473,0.9855866567231715,0.7242434564575742,508,25,467,rnbqkb1r/pp2pppp/8/2pp2B1/3Pn2P/5N2/PPP1PPP1/RN1QKB1R w KQkq -,MODEL_PREDICTION_NOT_EMPIRICAL,cuda,on,2.11.0+cu128,12.8,NVIDIA GeForce RTX 3090,7.55442660022527,632516608,0.9855866567231715
TOR-05,B5,1700,maia3-79m,3,c2c3,c3,0.18570876121520996,0.9855866567231715,0.7242434564575742,503,24,473,rnbqkb1r/pp2pppp/8/2pp2B1/3Pn2P/5N2/PPP1PPP1/RN1QKB1R w KQkq -,MODEL_PREDICTION_NOT_EMPIRICAL,cuda,on,2.11.0+cu128,12.8,NVIDIA GeForce RTX 3090,7.55442660022527,632516608,0.9855866567231715
TOR-05,B5,1700,maia3-79m,4,b1d2,Nbd2,0.14238786697387695,0.9855866567231715,0.7242434564575742,523,25,452,rnbqkb1r/pp2pppp/8/2pp2B1/3Pn2P/5N2/PPP1PPP1/RN1QKB1R w KQkq -,MODEL_PREDICTION_NOT_EMPIRICAL,cuda,on,2.11.0+cu128,12.8,NVIDIA GeForce RTX 3090,7.55442660022527,632516608,0.9855866567231715
TOR-05,B5,1700,maia3-79m,5,b1c3,Nc3,0.055759888142347336,0.9855866567231715,0.7242434564575742,528,25,447,rnbqkb1r/pp2pppp/8/2pp2B1/3Pn2P/5N2/PPP1PPP1/RN1QKB1R w KQkq -,MODEL_PREDICTION_NOT_EMPIRICAL,cuda,on,2.11.0+cu128,12.8,NVIDIA GeForce RTX 3090,7.55442660022527,632516608,0.9855866567231715
TOR-05,B5,1700,maia3-79m,6,g5f4,Bf4,0.01244171243160963,0.9855866567231715,0.7242434564575742,477,24,499,rnbqkb1r/pp2pppp/8/2pp2B1/3Pn2P/5N2/PPP1PPP1/RN1QKB1R w KQkq -,MODEL_PREDICTION_NOT_EMPIRICAL,cuda,on,2.11.0+cu128,12.8,NVIDIA GeForce RTX 3090,7.55442660022527,632516608,0.9855866567231715
TOR-05,B5,1700,maia3-79m,7,c2c4,c4,0.012248820625245571,0.9855866567231715,0.7242434564575742,511,23,466,rnbqkb1r/pp2pppp/8/2pp2B1/3Pn2P/5N2/PPP1PPP1/RN1QKB1R w KQkq -,MODEL_PREDICTION_NOT_EMPIRICAL,cuda,on,2.11.0+cu128,12.8,NVIDIA GeForce RTX 3090,7.55442660022527,632516608,0.9855866567231715
TOR-05,B5,1700,maia3-79m,8,d1d3,Qd3,0.008418483659625053,0.9855866567231715,0.7242434564575742,459,22,519,rnbqkb1r/pp2pppp/8/2pp2B1/3Pn2P/5N2/PPP1PPP1/RN1QKB1R w KQkq -,MODEL_PREDICTION_NOT_EMPIRICAL,cuda,on,2.11.0+cu128,12.8,NVIDIA GeForce RTX 3090,7.55442660022527,632516608,0.9855866567231715
TOR-05,B5,1700,maia3-79m,9,g5e3,Be3,0.00687096593901515,0.9855866567231715,0.7242434564575742,479,24,497,rnbqkb1r/pp2pppp/8/2pp2B1/3Pn2P/5N2/PPP1PPP1/RN1QKB1R w KQkq -,MODEL_PREDICTION_NOT_EMPIRICAL,cuda,on,2.11.0+cu128,12.8,NVIDIA GeForce RTX 3090,7.55442660022527,632516608,0.9855866567231715
TOR-05,B5,1700,maia3-79m,10,f3e5,Ne5,0.00472234096378088,0.9855866567231715,0.7242434564575742,417,19,564,rnbqkb1r/pp2pppp/8/2pp2B1/3Pn2P/5N2/PPP1PPP1/RN1QKB1R w KQkq -,MODEL_PREDICTION_NOT_EMPIRICAL,cuda,on,2.11.0+cu128,12.8,NVIDIA GeForce RTX 3090,7.55442660022527,632516608,0.9855866567231715
TOR-05,B5,1900,maia3-79m,1,e2e3,e3,0.36375725269317627,0.9920315421186388,0.6828823025033343,479,29,492,rnbqkb1r/pp2pppp/8/2pp2B1/3Pn2P/5N2/PPP1PPP1/RN1QKB1R w KQkq -,MODEL_PREDICTION_NOT_EMPIRICAL,cuda,on,2.11.0+cu128,12.8,NVIDIA GeForce RTX 3090,7.55442660022527,632516608,0.9920315421186388
TOR-05,B5,1900,maia3-79m,2,c2c3,c3,0.22763347625732422,0.9920315421186388,0.6828823025033343,486,30,484,rnbqkb1r/pp2pppp/8/2pp2B1/3Pn2P/5N2/PPP1PPP1/RN1QKB1R w KQkq -,MODEL_PREDICTION_NOT_EMPIRICAL,cuda,on,2.11.0+cu128,12.8,NVIDIA GeForce RTX 3090,7.55442660022527,632516608,0.9920315421186388
TOR-05,B5,1900,maia3-79m,3,d4c5,dxc5,0.21384184062480927,0.9920315421186388,0.6828823025033343,506,31,463,rnbqkb1r/pp2pppp/8/2pp2B1/3Pn2P/5N2/PPP1PPP1/RN1QKB1R w KQkq -,MODEL_PREDICTION_NOT_EMPIRICAL,cuda,on,2.11.0+cu128,12.8,NVIDIA GeForce RTX 3090,7.55442660022527,632516608,0.9920315421186388
TOR-05,B5,1900,maia3-79m,4,b1d2,Nbd2,0.11268673837184906,0.9920315421186388,0.6828823025033343,513,31,456,rnbqkb1r/pp2pppp/8/2pp2B1/3Pn2P/5N2/PPP1PPP1/RN1QKB1R w KQkq -,MODEL_PREDICTION_NOT_EMPIRICAL,cuda,on,2.11.0+cu128,12.8,NVIDIA GeForce RTX 3090,7.55442660022527,632516608,0.9920315421186388
TOR-05,B5,1900,maia3-79m,5,b1c3,Nc3,0.04145513102412224,0.9920315421186388,0.6828823025033343,521,30,449,rnbqkb1r/pp2pppp/8/2pp2B1/3Pn2P/5N2/PPP1PPP1/RN1QKB1R w KQkq -,MODEL_PREDICTION_NOT_EMPIRICAL,cuda,on,2.11.0+cu128,12.8,NVIDIA GeForce RTX 3090,7.55442660022527,632516608,0.9920315421186388
TOR-05,B5,1900,maia3-79m,6,g5f4,Bf4,0.010646559298038483,0.9920315421186388,0.6828823025033343,467,31,502,rnbqkb1r/pp2pppp/8/2pp2B1/3Pn2P/5N2/PPP1PPP1/RN1QKB1R w KQkq -,MODEL_PREDICTION_NOT_EMPIRICAL,cuda,on,2.11.0+cu128,12.8,NVIDIA GeForce RTX 3090,7.55442660022527,632516608,0.9920315421186388
TOR-05,B5,1900,maia3-79m,7,c2c4,c4,0.010646559298038483,0.9920315421186388,0.6828823025033343,511,28,461,rnbqkb1r/pp2pppp/8/2pp2B1/3Pn2P/5N2/PPP1PPP1/RN1QKB1R w KQkq -,MODEL_PREDICTION_NOT_EMPIRICAL,cuda,on,2.11.0+cu128,12.8,NVIDIA GeForce RTX 3090,7.55442660022527,632516608,0.9920315421186388
TOR-05,B5,1900,maia3-79m,8,g5e3,Be3,0.0049511101096868515,0.9920315421186388,0.6828823025033343,467,30,503,rnbqkb1r/pp2pppp/8/2pp2B1/3Pn2P/5N2/PPP1PPP1/RN1QKB1R w KQkq -,MODEL_PREDICTION_NOT_EMPIRICAL,cuda,on,2.11.0+cu128,12.8,NVIDIA GeForce RTX 3090,7.55442660022527,632516608,0.9920315421186388
TOR-05,B5,1900,maia3-79m,9,d1d3,Qd3,0.0034564316738396883,0.9920315421186388,0.6828823025033343,434,26,540,rnbqkb1r/pp2pppp/8/2pp2B1/3Pn2P/5N2/PPP1PPP1/RN1QKB1R w KQkq -,MODEL_PREDICTION_NOT_EMPIRICAL,cuda,on,2.11.0+cu128,12.8,NVIDIA GeForce RTX 3090,7.55442660022527,632516608,0.9920315421186388
TOR-05,B5,1900,maia3-79m,10,h4h5,h5,0.002956442767754197,0.9920315421186388,0.6828823025033343,434,27,539,rnbqkb1r/pp2pppp/8/2pp2B1/3Pn2P/5N2/PPP1PPP1/RN1QKB1R w KQkq -,MODEL_PREDICTION_NOT_EMPIRICAL,cuda,on,2.11.0+cu128,12.8,NVIDIA GeForce RTX 3090,7.55442660022527,632516608,0.9920315421186388
TOR-05,B5,2100,maia3-79m,1,e2e3,e3,0.4048997759819031,0.9959519802359864,0.6469051653139323,454,38,508,rnbqkb1r/pp2pppp/8/2pp2B1/3Pn2P/5N2/PPP1PPP1/RN1QKB1R w KQkq -,MODEL_PREDICTION_NOT_EMPIRICAL,cuda,on,2.11.0+cu128,12.8,NVIDIA GeForce RTX 3090,7.55442660022527,632516608,0.9959519802359864
TOR-05,B5,2100,maia3-79m,2,c2c3,c3,0.2655397355556488,0.9959519802359864,0.6469051653139323,459,41,500,rnbqkb1r/pp2pppp/8/2pp2B1/3Pn2P/5N2/PPP1PPP1/RN1QKB1R w KQkq -,MODEL_PREDICTION_NOT_EMPIRICAL,cuda,on,2.11.0+cu128,12.8,NVIDIA GeForce RTX 3090,7.55442660022527,632516608,0.9959519802359864
TOR-05,B5,2100,maia3-79m,3,d4c5,dxc5,0.16878733038902283,0.9959519802359864,0.6469051653139323,505,41,454,rnbqkb1r/pp2pppp/8/2pp2B1/3Pn2P/5N2/PPP1PPP1/RN1QKB1R w KQkq -,MODEL_PREDICTION_NOT_EMPIRICAL,cuda,on,2.11.0+cu128,12.8,NVIDIA GeForce RTX 3090,7.55442660022527,632516608,0.9959519802359864
TOR-05,B5,2100,maia3-79m,4,b1d2,Nbd2,0.09468111395835876,0.9959519802359864,0.6469051653139323,492,42,466,rnbqkb1r/pp2pppp/8/2pp2B1/3Pn2P/5N2/PPP1PPP1/RN1QKB1R w KQkq -,MODEL_PREDICTION_NOT_EMPIRICAL,cuda,on,2.11.0+cu128,12.8,NVIDIA GeForce RTX 3090,7.55442660022527,632516608,0.9959519802359864
TOR-05,B5,2100,maia3-79m,5,b1c3,Nc3,0.037077657878398895,0.9959519802359864,0.6469051653139323,504,40,456,rnbqkb1r/pp2pppp/8/2pp2B1/3Pn2P/5N2/PPP1PPP1/RN1QKB1R w KQkq -,MODEL_PREDICTION_NOT_EMPIRICAL,cuda,on,2.11.0+cu128,12.8,NVIDIA GeForce RTX 3090,7.55442660022527,632516608,0.9959519802359864
TOR-05,B5,2100,maia3-79m,6,c2c4,c4,0.009672284126281738,0.9959519802359864,0.6469051653139323,505,38,457,rnbqkb1r/pp2pppp/8/2pp2B1/3Pn2P/5N2/PPP1PPP1/RN1QKB1R w KQkq -,MODEL_PREDICTION_NOT_EMPIRICAL,cuda,on,2.11.0+cu128,12.8,NVIDIA GeForce RTX 3090,7.55442660022527,632516608,0.9959519802359864
TOR-05,B5,2100,maia3-79m,7,g5f4,Bf4,0.008535761386156082,0.9959519802359864,0.6469051653139323,452,41,507,rnbqkb1r/pp2pppp/8/2pp2B1/3Pn2P/5N2/PPP1PPP1/RN1QKB1R w KQkq -,MODEL_PREDICTION_NOT_EMPIRICAL,cuda,on,2.11.0+cu128,12.8,NVIDIA GeForce RTX 3090,7.55442660022527,632516608,0.9959519802359864
TOR-05,B5,2100,maia3-79m,8,g5e3,Be3,0.0037877208087593317,0.9959519802359864,0.6469051653139323,450,39,511,rnbqkb1r/pp2pppp/8/2pp2B1/3Pn2P/5N2/PPP1PPP1/RN1QKB1R w KQkq -,MODEL_PREDICTION_NOT_EMPIRICAL,cuda,on,2.11.0+cu128,12.8,NVIDIA GeForce RTX 3090,7.55442660022527,632516608,0.9959519802359864
TOR-05,B5,2100,maia3-79m,9,h4h5,h5,0.0020917782094329596,0.9959519802359864,0.6469051653139323,412,33,555,rnbqkb1r/pp2pppp/8/2pp2B1/3Pn2P/5N2/PPP1PPP1/RN1QKB1R w KQkq -,MODEL_PREDICTION_NOT_EMPIRICAL,cuda,on,2.11.0+cu128,12.8,NVIDIA GeForce RTX 3090,7.55442660022527,632516608,0.9959519802359864
TOR-05,B5,2100,maia3-79m,10,a2a3,a3,0.0008788219420239329,0.9959519802359864,0.6469051653139323,445,38,517,rnbqkb1r/pp2pppp/8/2pp2B1/3Pn2P/5N2/PPP1PPP1/RN1QKB1R w KQkq -,MODEL_PREDICTION_NOT_EMPIRICAL,cuda,on,2.11.0+cu128,12.8,NVIDIA GeForce RTX 3090,7.55442660022527,632516608,0.9959519802359864
PST-01,B5,1100,maia3-79m,1,d4c5,dxc5,0.3388866186141968,0.9853046722710133,0.6852253803918705,524,23,453,rnbqkbnr/pp2ppp1/7p/2pp4/3P3B/8/PPP1PPPP/RN1QKBNR w KQkq -,MODEL_PREDICTION_NOT_EMPIRICAL,cuda,on,2.11.0+cu128,12.8,NVIDIA GeForce RTX 3090,7.55442660022527,632516608,0.9853046722710133
PST-01,B5,1100,maia3-79m,2,e2e3,e3,0.3134188652038574,0.9853046722710133,0.6852253803918705,543,22,435,rnbqkbnr/pp2ppp1/7p/2pp4/3P3B/8/PPP1PPPP/RN1QKBNR w KQkq -,MODEL_PREDICTION_NOT_EMPIRICAL,cuda,on,2.11.0+cu128,12.8,NVIDIA GeForce RTX 3090,7.55442660022527,632516608,0.9853046722710133
PST-01,B5,1100,maia3-79m,3,c2c3,c3,0.13692256808280945,0.9853046722710133,0.6852253803918705,526,24,450,rnbqkbnr/pp2ppp1/7p/2pp4/3P3B/8/PPP1PPPP/RN1QKBNR w KQkq -,MODEL_PREDICTION_NOT_EMPIRICAL,cuda,on,2.11.0+cu128,12.8,NVIDIA GeForce RTX 3090,7.55442660022527,632516608,0.9853046722710133
PST-01,B5,1100,maia3-79m,4,g1f3,Nf3,0.1135127991437912,0.9853046722710133,0.6852253803918705,539,22,439,rnbqkbnr/pp2ppp1/7p/2pp4/3P3B/8/PPP1PPPP/RN1QKBNR w KQkq -,MODEL_PREDICTION_NOT_EMPIRICAL,cuda,on,2.11.0+cu128,12.8,NVIDIA GeForce RTX 3090,7.55442660022527,632516608,0.9853046722710133
PST-01,B5,1100,maia3-79m,5,b1c3,Nc3,0.03571838513016701,0.9853046722710133,0.6852253803918705,528,22,450,rnbqkbnr/pp2ppp1/7p/2pp4/3P3B/8/PPP1PPPP/RN1QKBNR w KQkq -,MODEL_PREDICTION_NOT_EMPIRICAL,cuda,on,2.11.0+cu128,12.8,NVIDIA GeForce RTX 3090,7.55442660022527,632516608,0.9853046722710133
PST-01,B5,1100,maia3-79m,6,c2c4,c4,0.02132842317223549,0.9853046722710133,0.6852253803918705,491,24,485,rnbqkbnr/pp2ppp1/7p/2pp4/3P3B/8/PPP1PPPP/RN1QKBNR w KQkq -,MODEL_PREDICTION_NOT_EMPIRICAL,cuda,on,2.11.0+cu128,12.8,NVIDIA GeForce RTX 3090,7.55442660022527,632516608,0.9853046722710133
PST-01,B5,1100,maia3-79m,7,h2h3,h3,0.00903102196753025,0.9853046722710133,0.6852253803918705,490,23,487,rnbqkbnr/pp2ppp1/7p/2pp4/3P3B/8/PPP1PPPP/RN1QKBNR w KQkq -,MODEL_PREDICTION_NOT_EMPIRICAL,cuda,on,2.11.0+cu128,12.8,NVIDIA GeForce RTX 3090,7.55442660022527,632516608,0.9853046722710133
PST-01,B5,1100,maia3-79m,8,e2e4,e4,0.008352329954504967,0.9853046722710133,0.6852253803918705,493,21,486,rnbqkbnr/pp2ppp1/7p/2pp4/3P3B/8/PPP1PPPP/RN1QKBNR w KQkq -,MODEL_PREDICTION_NOT_EMPIRICAL,cuda,on,2.11.0+cu128,12.8,NVIDIA GeForce RTX 3090,7.55442660022527,632516608,0.9853046722710133
PST-01,B5,1100,maia3-79m,9,h4g3,Bg3,0.004759014584124088,0.9853046722710133,0.6852253803918705,502,24,474,rnbqkbnr/pp2ppp1/7p/2pp4/3P3B/8/PPP1PPPP/RN1QKBNR w KQkq -,MODEL_PREDICTION_NOT_EMPIRICAL,cuda,on,2.11.0+cu128,12.8,NVIDIA GeForce RTX 3090,7.55442660022527,632516608,0.9853046722710133
PST-01,B5,1100,maia3-79m,10,d1d3,Qd3,0.003374646417796612,0.9853046722710133,0.6852253803918705,467,20,513,rnbqkbnr/pp2ppp1/7p/2pp4/3P3B/8/PPP1PPPP/RN1QKBNR w KQkq -,MODEL_PREDICTION_NOT_EMPIRICAL,cuda,on,2.11.0+cu128,12.8,NVIDIA GeForce RTX 3090,7.55442660022527,632516608,0.9853046722710133
PST-01,B5,1300,maia3-79m,1,e2e3,e3,0.3395543098449707,0.9911416594404727,0.6853168995505176,547,22,431,rnbqkbnr/pp2ppp1/7p/2pp4/3P3B/8/PPP1PPPP/RN1QKBNR w KQkq -,MODEL_PREDICTION_NOT_EMPIRICAL,cuda,on,2.11.0+cu128,12.8,NVIDIA GeForce RTX 3090,7.55442660022527,632516608,0.9911416594404727
PST-01,B5,1300,maia3-79m,2,d4c5,dxc5,0.2771361768245697,0.9911416594404727,0.6853168995505176,521,23,456,rnbqkbnr/pp2ppp1/7p/2pp4/3P3B/8/PPP1PPPP/RN1QKBNR w KQkq -,MODEL_PREDICTION_NOT_EMPIRICAL,cuda,on,2.11.0+cu128,12.8,NVIDIA GeForce RTX 3090,7.55442660022527,632516608,0.9911416594404727
PST-01,B5,1300,maia3-79m,3,c2c3,c3,0.19961367547512054,0.9911416594404727,0.6853168995505176,523,23,454,rnbqkbnr/pp2ppp1/7p/2pp4/3P3B/8/PPP1PPPP/RN1QKBNR w KQkq -,MODEL_PREDICTION_NOT_EMPIRICAL,cuda,on,2.11.0+cu128,12.8,NVIDIA GeForce RTX 3090,7.55442660022527,632516608,0.9911416594404727
PST-01,B5,1300,maia3-79m,4,g1f3,Nf3,0.1003720611333847,0.9911416594404727,0.6853168995505176,543,21,436,rnbqkbnr/pp2ppp1/7p/2pp4/3P3B/8/PPP1PPPP/RN1QKBNR w KQkq -,MODEL_PREDICTION_NOT_EMPIRICAL,cuda,on,2.11.0+cu128,12.8,NVIDIA GeForce RTX 3090,7.55442660022527,632516608,0.9911416594404727
PST-01,B5,1300,maia3-79m,5,b1c3,Nc3,0.027014777064323425,0.9911416594404727,0.6853168995505176,527,22,451,rnbqkbnr/pp2ppp1/7p/2pp4/3P3B/8/PPP1PPPP/RN1QKBNR w KQkq -,MODEL_PREDICTION_NOT_EMPIRICAL,cuda,on,2.11.0+cu128,12.8,NVIDIA GeForce RTX 3090,7.55442660022527,632516608,0.9911416594404727
PST-01,B5,1300,maia3-79m,6,c2c4,c4,0.024984583258628845,0.9911416594404727,0.6853168995505176,496,22,482,rnbqkbnr/pp2ppp1/7p/2pp4/3P3B/8/PPP1PPPP/RN1QKBNR w KQkq -,MODEL_PREDICTION_NOT_EMPIRICAL,cuda,on,2.11.0+cu128,12.8,NVIDIA GeForce RTX 3090,7.55442660022527,632516608,0.9911416594404727
PST-01,B5,1300,maia3-79m,7,h2h3,h3,0.009938180446624756,0.9911416594404727,0.6853168995505176,491,22,487,rnbqkbnr/pp2ppp1/7p/2pp4/3P3B/8/PPP1PPPP/RN1QKBNR w KQkq -,MODEL_PREDICTION_NOT_EMPIRICAL,cuda,on,2.11.0+cu128,12.8,NVIDIA GeForce RTX 3090,7.55442660022527,632516608,0.9911416594404727
PST-01,B5,1300,maia3-79m,8,e2e4,e4,0.0064165713265538216,0.9911416594404727,0.6853168995505176,501,20,479,rnbqkbnr/pp2ppp1/7p/2pp4/3P3B/8/PPP1PPPP/RN1QKBNR w KQkq -,MODEL_PREDICTION_NOT_EMPIRICAL,cuda,on,2.11.0+cu128,12.8,NVIDIA GeForce RTX 3090,7.55442660022527,632516608,0.9911416594404727
PST-01,B5,1300,maia3-79m,9,h4g3,Bg3,0.00371362641453743,0.9911416594404727,0.6853168995505176,509,23,468,rnbqkbnr/pp2ppp1/7p/2pp4/3P3B/8/PPP1PPPP/RN1QKBNR w KQkq -,MODEL_PREDICTION_NOT_EMPIRICAL,cuda,on,2.11.0+cu128,12.8,NVIDIA GeForce RTX 3090,7.55442660022527,632516608,0.9911416594404727
PST-01,B5,1300,maia3-79m,10,a2a3,a3,0.00239769765175879,0.9911416594404727,0.6853168995505176,502,21,477,rnbqkbnr/pp2ppp1/7p/2pp4/3P3B/8/PPP1PPPP/RN1QKBNR w KQkq -,MODEL_PREDICTION_NOT_EMPIRICAL,cuda,on,2.11.0+cu128,12.8,NVIDIA GeForce RTX 3090,7.55442660022527,632516608,0.9911416594404727
PST-01,B5,1500,maia3-79m,1,e2e3,e3,0.34321215748786926,0.9936628499999642,0.6724179686068829,549,23,428,rnbqkbnr/pp2ppp1/7p/2pp4/3P3B/8/PPP1PPPP/RN1QKBNR w KQkq -,MODEL_PREDICTION_NOT_EMPIRICAL,cuda,on,2.11.0+cu128,12.8,NVIDIA GeForce RTX 3090,7.55442660022527,632516608,0.9936628499999642
PST-01,B5,1500,maia3-79m,2,d4c5,dxc5,0.25907012820243835,0.9936628499999642,0.6724179686068829,521,24,455,rnbqkbnr/pp2ppp1/7p/2pp4/3P3B/8/PPP1PPPP/RN1QKBNR w KQkq -,MODEL_PREDICTION_NOT_EMPIRICAL,cuda,on,2.11.0+cu128,12.8,NVIDIA GeForce RTX 3090,7.55442660022527,632516608,0.9936628499999642
PST-01,B5,1500,maia3-79m,3,c2c3,c3,0.23960068821907043,0.9936628499999642,0.6724179686068829,527,25,448,rnbqkbnr/pp2ppp1/7p/2pp4/3P3B/8/PPP1PPPP/RN1QKBNR w KQkq -,MODEL_PREDICTION_NOT_EMPIRICAL,cuda,on,2.11.0+cu128,12.8,NVIDIA GeForce RTX 3090,7.55442660022527,632516608,0.9936628499999642
PST-01,B5,1500,maia3-79m,4,g1f3,Nf3,0.0854322612285614,0.9936628499999642,0.6724179686068829,543,23,434,rnbqkbnr/pp2ppp1/7p/2pp4/3P3B/8/PPP1PPPP/RN1QKBNR w KQkq -,MODEL_PREDICTION_NOT_EMPIRICAL,cuda,on,2.11.0+cu128,12.8,NVIDIA GeForce RTX 3090,7.55442660022527,632516608,0.9936628499999642
PST-01,B5,1500,maia3-79m,5,c2c4,c4,0.0233558788895607,0.9936628499999642,0.6724179686068829,506,23,471,rnbqkbnr/pp2ppp1/7p/2pp4/3P3B/8/PPP1PPPP/RN1QKBNR w KQkq -,MODEL_PREDICTION_NOT_EMPIRICAL,cuda,on,2.11.0+cu128,12.8,NVIDIA GeForce RTX 3090,7.55442660022527,632516608,0.9936628499999642
PST-01,B5,1500,maia3-79m,6,b1c3,Nc3,0.022637294605374336,0.9936628499999642,0.6724179686068829,530,22,448,rnbqkbnr/pp2ppp1/7p/2pp4/3P3B/8/PPP1PPPP/RN1QKBNR w KQkq -,MODEL_PREDICTION_NOT_EMPIRICAL,cuda,on,2.11.0+cu128,12.8,NVIDIA GeForce RTX 3090,7.55442660022527,632516608,0.9936628499999642
PST-01,B5,1500,maia3-79m,7,h2h3,h3,0.008458939380943775,0.9936628499999642,0.6724179686068829,494,23,483,rnbqkbnr/pp2ppp1/7p/2pp4/3P3B/8/PPP1PPPP/RN1QKBNR w KQkq -,MODEL_PREDICTION_NOT_EMPIRICAL,cuda,on,2.11.0+cu128,12.8,NVIDIA GeForce RTX 3090,7.55442660022527,632516608,0.9936628499999642
PST-01,B5,1500,maia3-79m,8,e2e4,e4,0.006092745345085859,0.9936628499999642,0.6724179686068829,513,21,466,rnbqkbnr/pp2ppp1/7p/2pp4/3P3B/8/PPP1PPPP/RN1QKBNR w KQkq -,MODEL_PREDICTION_NOT_EMPIRICAL,cuda,on,2.11.0+cu128,12.8,NVIDIA GeForce RTX 3090,7.55442660022527,632516608,0.9936628499999642
PST-01,B5,1500,maia3-79m,9,h4g3,Bg3,0.0029693669639527798,0.9936628499999642,0.6724179686068829,514,24,462,rnbqkbnr/pp2ppp1/7p/2pp4/3P3B/8/PPP1PPPP/RN1QKBNR w KQkq -,MODEL_PREDICTION_NOT_EMPIRICAL,cuda,on,2.11.0+cu128,12.8,NVIDIA GeForce RTX 3090,7.55442660022527,632516608,0.9936628499999642
PST-01,B5,1500,maia3-79m,10,a2a3,a3,0.002833389677107334,0.9936628499999642,0.6724179686068829,504,22,474,rnbqkbnr/pp2ppp1/7p/2pp4/3P3B/8/PPP1PPPP/RN1QKBNR w KQkq -,MODEL_PREDICTION_NOT_EMPIRICAL,cuda,on,2.11.0+cu128,12.8,NVIDIA GeForce RTX 3090,7.55442660022527,632516608,0.9936628499999642
PST-01,B5,1700,maia3-79m,1,e2e3,e3,0.3592751920223236,0.9944271496497095,0.6505459172817601,551,26,423,rnbqkbnr/pp2ppp1/7p/2pp4/3P3B/8/PPP1PPPP/RN1QKBNR w KQkq -,MODEL_PREDICTION_NOT_EMPIRICAL,cuda,on,2.11.0+cu128,12.8,NVIDIA GeForce RTX 3090,7.55442660022527,632516608,0.9944271496497095
PST-01,B5,1700,maia3-79m,2,c2c3,c3,0.2628513276576996,0.9944271496497095,0.6505459172817601,536,28,436,rnbqkbnr/pp2ppp1/7p/2pp4/3P3B/8/PPP1PPPP/RN1QKBNR w KQkq -,MODEL_PREDICTION_NOT_EMPIRICAL,cuda,on,2.11.0+cu128,12.8,NVIDIA GeForce RTX 3090,7.55442660022527,632516608,0.9944271496497095
PST-01,B5,1700,maia3-79m,3,d4c5,dxc5,0.24309776723384857,0.9944271496497095,0.6505459172817601,519,27,454,rnbqkbnr/pp2ppp1/7p/2pp4/3P3B/8/PPP1PPPP/RN1QKBNR w KQkq -,MODEL_PREDICTION_NOT_EMPIRICAL,cuda,on,2.11.0+cu128,12.8,NVIDIA GeForce RTX 3090,7.55442660022527,632516608,0.9944271496497095
PST-01,B5,1700,maia3-79m,4,g1f3,Nf3,0.07414062321186066,0.9944271496497095,0.6505459172817601,543,26,431,rnbqkbnr/pp2ppp1/7p/2pp4/3P3B/8/PPP1PPPP/RN1QKBNR w KQkq -,MODEL_PREDICTION_NOT_EMPIRICAL,cuda,on,2.11.0+cu128,12.8,NVIDIA GeForce RTX 3090,7.55442660022527,632516608,0.9944271496497095
PST-01,B5,1700,maia3-79m,5,b1c3,Nc3,0.020588109269738197,0.9944271496497095,0.6505459172817601,535,24,441,rnbqkbnr/pp2ppp1/7p/2pp4/3P3B/8/PPP1PPPP/RN1QKBNR w KQkq -,MODEL_PREDICTION_NOT_EMPIRICAL,cuda,on,2.11.0+cu128,12.8,NVIDIA GeForce RTX 3090,7.55442660022527,632516608,0.9944271496497095
PST-01,B5,1700,maia3-79m,6,c2c4,c4,0.01706814207136631,0.9944271496497095,0.6505459172817601,517,26,457,rnbqkbnr/pp2ppp1/7p/2pp4/3P3B/8/PPP1PPPP/RN1QKBNR w KQkq -,MODEL_PREDICTION_NOT_EMPIRICAL,cuda,on,2.11.0+cu128,12.8,NVIDIA GeForce RTX 3090,7.55442660022527,632516608,0.9944271496497095
PST-01,B5,1700,maia3-79m,7,e2e4,e4,0.007115059532225132,0.9944271496497095,0.6505459172817601,523,23,454,rnbqkbnr/pp2ppp1/7p/2pp4/3P3B/8/PPP1PPPP/RN1QKBNR w KQkq -,MODEL_PREDICTION_NOT_EMPIRICAL,cuda,on,2.11.0+cu128,12.8,NVIDIA GeForce RTX 3090,7.55442660022527,632516608,0.9944271496497095
PST-01,B5,1700,maia3-79m,8,h2h3,h3,0.005370729137212038,0.9944271496497095,0.6505459172817601,500,26,474,rnbqkbnr/pp2ppp1/7p/2pp4/3P3B/8/PPP1PPPP/RN1QKBNR w KQkq -,MODEL_PREDICTION_NOT_EMPIRICAL,cuda,on,2.11.0+cu128,12.8,NVIDIA GeForce RTX 3090,7.55442660022527,632516608,0.9944271496497095
PST-01,B5,1700,maia3-79m,9,a2a3,a3,0.0025369529612362385,0.9944271496497095,0.6505459172817601,510,25,465,rnbqkbnr/pp2ppp1/7p/2pp4/3P3B/8/PPP1PPPP/RN1QKBNR w KQkq -,MODEL_PREDICTION_NOT_EMPIRICAL,cuda,on,2.11.0+cu128,12.8,NVIDIA GeForce RTX 3090,7.55442660022527,632516608,0.9944271496497095
PST-01,B5,1700,maia3-79m,10,h4g3,Bg3,0.0023832465521991253,0.9944271496497095,0.6505459172817601,519,27,454,rnbqkbnr/pp2ppp1/7p/2pp4/3P3B/8/PPP1PPPP/RN1QKBNR w KQkq -,MODEL_PREDICTION_NOT_EMPIRICAL,cuda,on,2.11.0+cu128,12.8,NVIDIA GeForce RTX 3090,7.55442660022527,632516608,0.9944271496497095
PST-01,B5,1900,maia3-79m,1,e2e3,e3,0.3709421157836914,0.995601954869926,0.6317047167909268,546,31,423,rnbqkbnr/pp2ppp1/7p/2pp4/3P3B/8/PPP1PPPP/RN1QKBNR w KQkq -,MODEL_PREDICTION_NOT_EMPIRICAL,cuda,on,2.11.0+cu128,12.8,NVIDIA GeForce RTX 3090,7.55442660022527,632516608,0.995601954869926
PST-01,B5,1900,maia3-79m,2,c2c3,c3,0.26717957854270935,0.995601954869926,0.6317047167909268,534,33,433,rnbqkbnr/pp2ppp1/7p/2pp4/3P3B/8/PPP1PPPP/RN1QKBNR w KQkq -,MODEL_PREDICTION_NOT_EMPIRICAL,cuda,on,2.11.0+cu128,12.8,NVIDIA GeForce RTX 3090,7.55442660022527,632516608,0.995601954869926
PST-01,B5,1900,maia3-79m,3,d4c5,dxc5,0.24710072576999664,0.995601954869926,0.6317047167909268,517,32,451,rnbqkbnr/pp2ppp1/7p/2pp4/3P3B/8/PPP1PPPP/RN1QKBNR w KQkq -,MODEL_PREDICTION_NOT_EMPIRICAL,cuda,on,2.11.0+cu128,12.8,NVIDIA GeForce RTX 3090,7.55442660022527,632516608,0.995601954869926
PST-01,B5,1900,maia3-79m,4,g1f3,Nf3,0.060554634779691696,0.995601954869926,0.6317047167909268,538,31,431,rnbqkbnr/pp2ppp1/7p/2pp4/3P3B/8/PPP1PPPP/RN1QKBNR w KQkq -,MODEL_PREDICTION_NOT_EMPIRICAL,cuda,on,2.11.0+cu128,12.8,NVIDIA GeForce RTX 3090,7.55442660022527,632516608,0.995601954869926
PST-01,B5,1900,maia3-79m,5,b1c3,Nc3,0.023345891386270523,0.995601954869926,0.6317047167909268,540,28,432,rnbqkbnr/pp2ppp1/7p/2pp4/3P3B/8/PPP1PPPP/RN1QKBNR w KQkq -,MODEL_PREDICTION_NOT_EMPIRICAL,cuda,on,2.11.0+cu128,12.8,NVIDIA GeForce RTX 3090,7.55442660022527,632516608,0.995601954869926
PST-01,B5,1900,maia3-79m,6,c2c4,c4,0.01085684821009636,0.995601954869926,0.6317047167909268,528,30,442,rnbqkbnr/pp2ppp1/7p/2pp4/3P3B/8/PPP1PPPP/RN1QKBNR w KQkq -,MODEL_PREDICTION_NOT_EMPIRICAL,cuda,on,2.11.0+cu128,12.8,NVIDIA GeForce RTX 3090,7.55442660022527,632516608,0.995601954869926
PST-01,B5,1900,maia3-79m,7,e2e4,e4,0.009581134654581547,0.995601954869926,0.6317047167909268,528,26,446,rnbqkbnr/pp2ppp1/7p/2pp4/3P3B/8/PPP1PPPP/RN1QKBNR w KQkq -,MODEL_PREDICTION_NOT_EMPIRICAL,cuda,on,2.11.0+cu128,12.8,NVIDIA GeForce RTX 3090,7.55442660022527,632516608,0.995601954869926
PST-01,B5,1900,maia3-79m,8,f2f3,f3,0.00234795780852437,0.995601954869926,0.6317047167909268,506,29,465,rnbqkbnr/pp2ppp1/7p/2pp4/3P3B/8/PPP1PPPP/RN1QKBNR w KQkq -,MODEL_PREDICTION_NOT_EMPIRICAL,cuda,on,2.11.0+cu128,12.8,NVIDIA GeForce RTX 3090,7.55442660022527,632516608,0.995601954869926
PST-01,B5,1900,maia3-79m,9,h2h3,h3,0.001961792353540659,0.995601954869926,0.6317047167909268,496,30,474,rnbqkbnr/pp2ppp1/7p/2pp4/3P3B/8/PPP1PPPP/RN1QKBNR w KQkq -,MODEL_PREDICTION_NOT_EMPIRICAL,cuda,on,2.11.0+cu128,12.8,NVIDIA GeForce RTX 3090,7.55442660022527,632516608,0.995601954869926
PST-01,B5,1900,maia3-79m,10,b1d2,Nd2,0.0017312755808234215,0.995601954869926,0.6317047167909268,505,29,466,rnbqkbnr/pp2ppp1/7p/2pp4/3P3B/8/PPP1PPPP/RN1QKBNR w KQkq -,MODEL_PREDICTION_NOT_EMPIRICAL,cuda,on,2.11.0+cu128,12.8,NVIDIA GeForce RTX 3090,7.55442660022527,632516608,0.995601954869926
PST-01,B5,2100,maia3-79m,1,d4c5,dxc5,0.3592914044857025,0.9979219904053025,0.6234859754855262,513,39,448,rnbqkbnr/pp2ppp1/7p/2pp4/3P3B/8/PPP1PPPP/RN1QKBNR w KQkq -,MODEL_PREDICTION_NOT_EMPIRICAL,cuda,on,2.11.0+cu128,12.8,NVIDIA GeForce RTX 3090,7.55442660022527,632516608,0.9979219904053025
PST-01,B5,2100,maia3-79m,2,e2e3,e3,0.34823715686798096,0.9979219904053025,0.6234859754855262,523,40,437,rnbqkbnr/pp2ppp1/7p/2pp4/3P3B/8/PPP1PPPP/RN1QKBNR w KQkq -,MODEL_PREDICTION_NOT_EMPIRICAL,cuda,on,2.11.0+cu128,12.8,NVIDIA GeForce RTX 3090,7.55442660022527,632516608,0.9979219904053025
PST-01,B5,2100,maia3-79m,3,c2c3,c3,0.18350811302661896,0.9979219904053025,0.6234859754855262,516,42,442,rnbqkbnr/pp2ppp1/7p/2pp4/3P3B/8/PPP1PPPP/RN1QKBNR w KQkq -,MODEL_PREDICTION_NOT_EMPIRICAL,cuda,on,2.11.0+cu128,12.8,NVIDIA GeForce RTX 3090,7.55442660022527,632516608,0.9979219904053025
PST-01,B5,2100,maia3-79m,4,g1f3,Nf3,0.04094618931412697,0.9979219904053025,0.6234859754855262,520,40,440,rnbqkbnr/pp2ppp1/7p/2pp4/3P3B/8/PPP1PPPP/RN1QKBNR w KQkq -,MODEL_PREDICTION_NOT_EMPIRICAL,cuda,on,2.11.0+cu128,12.8,NVIDIA GeForce RTX 3090,7.55442660022527,632516608,0.9979219904053025
PST-01,B5,2100,maia3-79m,5,b1c3,Nc3,0.03502313047647476,0.9979219904053025,0.6234859754855262,540,35,425,rnbqkbnr/pp2ppp1/7p/2pp4/3P3B/8/PPP1PPPP/RN1QKBNR w KQkq -,MODEL_PREDICTION_NOT_EMPIRICAL,cuda,on,2.11.0+cu128,12.8,NVIDIA GeForce RTX 3090,7.55442660022527,632516608,0.9979219904053025
PST-01,B5,2100,maia3-79m,6,e2e4,e4,0.018169760704040527,0.9979219904053025,0.6234859754855262,523,33,444,rnbqkbnr/pp2ppp1/7p/2pp4/3P3B/8/PPP1PPPP/RN1QKBNR w KQkq -,MODEL_PREDICTION_NOT_EMPIRICAL,cuda,on,2.11.0+cu128,12.8,NVIDIA GeForce RTX 3090,7.55442660022527,632516608,0.9979219904053025
PST-01,B5,2100,maia3-79m,7,c2c4,c4,0.008318723179399967,0.9979219904053025,0.6234859754855262,525,38,437,rnbqkbnr/pp2ppp1/7p/2pp4/3P3B/8/PPP1PPPP/RN1QKBNR w KQkq -,MODEL_PREDICTION_NOT_EMPIRICAL,cuda,on,2.11.0+cu128,12.8,NVIDIA GeForce RTX 3090,7.55442660022527,632516608,0.9979219904053025
PST-01,B5,2100,maia3-79m,8,b1d2,Nd2,0.002038590842857957,0.9979219904053025,0.6234859754855262,494,37,469,rnbqkbnr/pp2ppp1/7p/2pp4/3P3B/8/PPP1PPPP/RN1QKBNR w KQkq -,MODEL_PREDICTION_NOT_EMPIRICAL,cuda,on,2.11.0+cu128,12.8,NVIDIA GeForce RTX 3090,7.55442660022527,632516608,0.9979219904053025
PST-01,B5,2100,maia3-79m,9,f2f3,f3,0.001716665574349463,0.9979219904053025,0.6234859754855262,487,37,476,rnbqkbnr/pp2ppp1/7p/2pp4/3P3B/8/PPP1PPPP/RN1QKBNR w KQkq -,MODEL_PREDICTION_NOT_EMPIRICAL,cuda,on,2.11.0+cu128,12.8,NVIDIA GeForce RTX 3090,7.55442660022527,632516608,0.9979219904053025
PST-01,B5,2100,maia3-79m,10,d1d2,Qd2,0.0006722559337504208,0.9979219904053025,0.6234859754855262,467,34,499,rnbqkbnr/pp2ppp1/7p/2pp4/3P3B/8/PPP1PPPP/RN1QKBNR w KQkq -,MODEL_PREDICTION_NOT_EMPIRICAL,cuda,on,2.11.0+cu128,12.8,NVIDIA GeForce RTX 3090,7.55442660022527,632516608,0.9979219904053025
ORD-09,B6,1100,maia3-79m,1,e2e3,e3,0.29933950304985046,0.8722536675632,0.8065667125771906,361,25,614,r1bqkb1r/pp1npppp/5n2/3p4/3N1B1P/8/PPP1PPP1/RN1QKB1R w KQkq -,MODEL_PREDICTION_NOT_EMPIRICAL,cuda,on,2.11.0+cu128,12.8,NVIDIA GeForce RTX 3090,7.55442660022527,632516608,0.8722536675632
ORD-09,B6,1100,maia3-79m,2,d4b5,Nb5,0.1136164665222168,0.8722536675632,0.8065667125771906,490,20,490,r1bqkb1r/pp1npppp/5n2/3p4/3N1B1P/8/PPP1PPP1/RN1QKB1R w KQkq -,MODEL_PREDICTION_NOT_EMPIRICAL,cuda,on,2.11.0+cu128,12.8,NVIDIA GeForce RTX 3090,7.55442660022527,632516608,0.8722536675632
ORD-09,B6,1100,maia3-79m,3,b1c3,Nc3,0.11185501515865326,0.8722536675632,0.8065667125771906,333,25,642,r1bqkb1r/pp1npppp/5n2/3p4/3N1B1P/8/PPP1PPP1/RN1QKB1R w KQkq -,MODEL_PREDICTION_NOT_EMPIRICAL,cuda,on,2.11.0+cu128,12.8,NVIDIA GeForce RTX 3090,7.55442660022527,632516608,0.8722536675632
ORD-09,B6,1100,maia3-79m,4,d4f3,Nf3,0.10507805645465851,0.8722536675632,0.8065667125771906,485,25,490,r1bqkb1r/pp1npppp/5n2/3p4/3N1B1P/8/PPP1PPP1/RN1QKB1R w KQkq -,MODEL_PREDICTION_NOT_EMPIRICAL,cuda,on,2.11.0+cu128,12.8,NVIDIA GeForce RTX 3090,7.55442660022527,632516608,0.8722536675632
ORD-09,B6,1100,maia3-79m,5,f4h2,Bh2,0.06473670899868011,0.8722536675632,0.8065667125771906,416,23,561,r1bqkb1r/pp1npppp/5n2/3p4/3N1B1P/8/PPP1PPP1/RN1QKB1R w KQkq -,MODEL_PREDICTION_NOT_EMPIRICAL,cuda,on,2.11.0+cu128,12.8,NVIDIA GeForce RTX 3090,7.55442660022527,632516608,0.8722536675632
ORD-09,B6,1100,maia3-79m,6,h4h5,h5,0.044492848217487335,0.8722536675632,0.8065667125771906,359,24,617,r1bqkb1r/pp1npppp/5n2/3p4/3N1B1P/8/PPP1PPP1/RN1QKB1R w KQkq -,MODEL_PREDICTION_NOT_EMPIRICAL,cuda,on,2.11.0+cu128,12.8,NVIDIA GeForce RTX 3090,7.55442660022527,632516608,0.8722536675632
ORD-09,B6,1100,maia3-79m,7,c2c3,c3,0.04179716110229492,0.8722536675632,0.8065667125771906,330,26,644,r1bqkb1r/pp1npppp/5n2/3p4/3N1B1P/8/PPP1PPP1/RN1QKB1R w KQkq -,MODEL_PREDICTION_NOT_EMPIRICAL,cuda,on,2.11.0+cu128,12.8,NVIDIA GeForce RTX 3090,7.55442660022527,632516608,0.8722536675632
ORD-09,B6,1100,maia3-79m,8,g2g3,g3,0.031550150364637375,0.8722536675632,0.8065667125771906,311,25,664,r1bqkb1r/pp1npppp/5n2/3p4/3N1B1P/8/PPP1PPP1/RN1QKB1R w KQkq -,MODEL_PREDICTION_NOT_EMPIRICAL,cuda,on,2.11.0+cu128,12.8,NVIDIA GeForce RTX 3090,7.55442660022527,632516608,0.8722536675632
ORD-09,B6,1100,maia3-79m,9,f2f3,f3,0.031061014160513878,0.8722536675632,0.8065667125771906,306,26,668,r1bqkb1r/pp1npppp/5n2/3p4/3N1B1P/8/PPP1PPP1/RN1QKB1R w KQkq -,MODEL_PREDICTION_NOT_EMPIRICAL,cuda,on,2.11.0+cu128,12.8,NVIDIA GeForce RTX 3090,7.55442660022527,632516608,0.8722536675632
ORD-09,B6,1100,maia3-79m,10,f4g5,Bg5,0.028726743534207344,0.8722536675632,0.8065667125771906,429,25,546,r1bqkb1r/pp1npppp/5n2/3p4/3N1B1P/8/PPP1PPP1/RN1QKB1R w KQkq -,MODEL_PREDICTION_NOT_EMPIRICAL,cuda,on,2.11.0+cu128,12.8,NVIDIA GeForce RTX 3090,7.55442660022527,632516608,0.8722536675632
ORD-09,B6,1300,maia3-79m,1,e2e3,e3,0.2842646539211273,0.8916245810687542,0.8139322507748891,352,24,624,r1bqkb1r/pp1npppp/5n2/3p4/3N1B1P/8/PPP1PPP1/RN1QKB1R w KQkq -,MODEL_PREDICTION_NOT_EMPIRICAL,cuda,on,2.11.0+cu128,12.8,NVIDIA GeForce RTX 3090,7.55442660022527,632516608,0.8916245810687542
ORD-09,B6,1300,maia3-79m,2,d4f3,Nf3,0.15698584914207458,0.8916245810687542,0.8139322507748891,487,23,490,r1bqkb1r/pp1npppp/5n2/3p4/3N1B1P/8/PPP1PPP1/RN1QKB1R w KQkq -,MODEL_PREDICTION_NOT_EMPIRICAL,cuda,on,2.11.0+cu128,12.8,NVIDIA GeForce RTX 3090,7.55442660022527,632516608,0.8916245810687542
ORD-09,B6,1300,maia3-79m,3,d4b5,Nb5,0.1113196387887001,0.8916245810687542,0.8139322507748891,449,18,533,r1bqkb1r/pp1npppp/5n2/3p4/3N1B1P/8/PPP1PPP1/RN1QKB1R w KQkq -,MODEL_PREDICTION_NOT_EMPIRICAL,cuda,on,2.11.0+cu128,12.8,NVIDIA GeForce RTX 3090,7.55442660022527,632516608,0.8916245810687542
ORD-09,B6,1300,maia3-79m,4,b1c3,Nc3,0.10135769098997116,0.8916245810687542,0.8139322507748891,314,24,662,r1bqkb1r/pp1npppp/5n2/3p4/3N1B1P/8/PPP1PPP1/RN1QKB1R w KQkq -,MODEL_PREDICTION_NOT_EMPIRICAL,cuda,on,2.11.0+cu128,12.8,NVIDIA GeForce RTX 3090,7.55442660022527,632516608,0.8916245810687542
ORD-09,B6,1300,maia3-79m,5,f4h2,Bh2,0.07075907289981842,0.8916245810687542,0.8139322507748891,404,21,575,r1bqkb1r/pp1npppp/5n2/3p4/3N1B1P/8/PPP1PPP1/RN1QKB1R w KQkq -,MODEL_PREDICTION_NOT_EMPIRICAL,cuda,on,2.11.0+cu128,12.8,NVIDIA GeForce RTX 3090,7.55442660022527,632516608,0.8916245810687542
ORD-09,B6,1300,maia3-79m,6,h4h5,h5,0.04095220938324928,0.8916245810687542,0.8139322507748891,333,23,644,r1bqkb1r/pp1npppp/5n2/3p4/3N1B1P/8/PPP1PPP1/RN1QKB1R w KQkq -,MODEL_PREDICTION_NOT_EMPIRICAL,cuda,on,2.11.0+cu128,12.8,NVIDIA GeForce RTX 3090,7.55442660022527,632516608,0.8916245810687542
ORD-09,B6,1300,maia3-79m,7,c2c3,c3,0.039692241698503494,0.8916245810687542,0.8139322507748891,312,25,663,r1bqkb1r/pp1npppp/5n2/3p4/3N1B1P/8/PPP1PPP1/RN1QKB1R w KQkq -,MODEL_PREDICTION_NOT_EMPIRICAL,cuda,on,2.11.0+cu128,12.8,NVIDIA GeForce RTX 3090,7.55442660022527,632516608,0.8916245810687542
ORD-09,B6,1300,maia3-79m,8,f4g3,Bg3,0.037287406623363495,0.8916245810687542,0.8139322507748891,403,21,576,r1bqkb1r/pp1npppp/5n2/3p4/3N1B1P/8/PPP1PPP1/RN1QKB1R w KQkq -,MODEL_PREDICTION_NOT_EMPIRICAL,cuda,on,2.11.0+cu128,12.8,NVIDIA GeForce RTX 3090,7.55442660022527,632516608,0.8916245810687542
ORD-09,B6,1300,maia3-79m,9,f4g5,Bg5,0.029961273074150085,0.8916245810687542,0.8139322507748891,416,23,561,r1bqkb1r/pp1npppp/5n2/3p4/3N1B1P/8/PPP1PPP1/RN1QKB1R w KQkq -,MODEL_PREDICTION_NOT_EMPIRICAL,cuda,on,2.11.0+cu128,12.8,NVIDIA GeForce RTX 3090,7.55442660022527,632516608,0.8916245810687542
ORD-09,B6,1300,maia3-79m,10,f2f3,f3,0.01904454454779625,0.8916245810687542,0.8139322507748891,283,24,693,r1bqkb1r/pp1npppp/5n2/3p4/3N1B1P/8/PPP1PPP1/RN1QKB1R w KQkq -,MODEL_PREDICTION_NOT_EMPIRICAL,cuda,on,2.11.0+cu128,12.8,NVIDIA GeForce RTX 3090,7.55442660022527,632516608,0.8916245810687542
ORD-09,B6,1500,maia3-79m,1,e2e3,e3,0.2745974659919739,0.9088847395032644,0.8205388587666008,337,24,639,r1bqkb1r/pp1npppp/5n2/3p4/3N1B1P/8/PPP1PPP1/RN1QKB1R w KQkq -,MODEL_PREDICTION_NOT_EMPIRICAL,cuda,on,2.11.0+cu128,12.8,NVIDIA GeForce RTX 3090,7.55442660022527,632516608,0.9088847395032644
ORD-09,B6,1500,maia3-79m,2,d4f3,Nf3,0.1977851390838623,0.9088847395032644,0.8205388587666008,489,23,488,r1bqkb1r/pp1npppp/5n2/3p4/3N1B1P/8/PPP1PPP1/RN1QKB1R w KQkq -,MODEL_PREDICTION_NOT_EMPIRICAL,cuda,on,2.11.0+cu128,12.8,NVIDIA GeForce RTX 3090,7.55442660022527,632516608,0.9088847395032644
ORD-09,B6,1500,maia3-79m,3,d4b5,Nb5,0.10422544181346893,0.9088847395032644,0.8205388587666008,419,17,564,r1bqkb1r/pp1npppp/5n2/3p4/3N1B1P/8/PPP1PPP1/RN1QKB1R w KQkq -,MODEL_PREDICTION_NOT_EMPIRICAL,cuda,on,2.11.0+cu128,12.8,NVIDIA GeForce RTX 3090,7.55442660022527,632516608,0.9088847395032644
ORD-09,B6,1500,maia3-79m,4,b1c3,Nc3,0.08914873749017715,0.9088847395032644,0.8205388587666008,298,23,679,r1bqkb1r/pp1npppp/5n2/3p4/3N1B1P/8/PPP1PPP1/RN1QKB1R w KQkq -,MODEL_PREDICTION_NOT_EMPIRICAL,cuda,on,2.11.0+cu128,12.8,NVIDIA GeForce RTX 3090,7.55442660022527,632516608,0.9088847395032644
ORD-09,B6,1500,maia3-79m,5,f4h2,Bh2,0.06942910701036453,0.9088847395032644,0.8205388587666008,403,22,575,r1bqkb1r/pp1npppp/5n2/3p4/3N1B1P/8/PPP1PPP1/RN1QKB1R w KQkq -,MODEL_PREDICTION_NOT_EMPIRICAL,cuda,on,2.11.0+cu128,12.8,NVIDIA GeForce RTX 3090,7.55442660022527,632516608,0.9088847395032644
ORD-09,B6,1500,maia3-79m,6,f4g3,Bg3,0.0455327183008194,0.9088847395032644,0.8205388587666008,402,21,577,r1bqkb1r/pp1npppp/5n2/3p4/3N1B1P/8/PPP1PPP1/RN1QKB1R w KQkq -,MODEL_PREDICTION_NOT_EMPIRICAL,cuda,on,2.11.0+cu128,12.8,NVIDIA GeForce RTX 3090,7.55442660022527,632516608,0.9088847395032644
ORD-09,B6,1500,maia3-79m,7,c2c3,c3,0.03894620016217232,0.9088847395032644,0.8205388587666008,293,25,682,r1bqkb1r/pp1npppp/5n2/3p4/3N1B1P/8/PPP1PPP1/RN1QKB1R w KQkq -,MODEL_PREDICTION_NOT_EMPIRICAL,cuda,on,2.11.0+cu128,12.8,NVIDIA GeForce RTX 3090,7.55442660022527,632516608,0.9088847395032644
ORD-09,B6,1500,maia3-79m,8,h4h5,h5,0.038342397660017014,0.9088847395032644,0.8205388587666008,308,23,669,r1bqkb1r/pp1npppp/5n2/3p4/3N1B1P/8/PPP1PPP1/RN1QKB1R w KQkq -,MODEL_PREDICTION_NOT_EMPIRICAL,cuda,on,2.11.0+cu128,12.8,NVIDIA GeForce RTX 3090,7.55442660022527,632516608,0.9088847395032644
ORD-09,B6,1500,maia3-79m,9,f4g5,Bg5,0.03129415214061737,0.9088847395032644,0.8205388587666008,408,23,569,r1bqkb1r/pp1npppp/5n2/3p4/3N1B1P/8/PPP1PPP1/RN1QKB1R w KQkq -,MODEL_PREDICTION_NOT_EMPIRICAL,cuda,on,2.11.0+cu128,12.8,NVIDIA GeForce RTX 3090,7.55442660022527,632516608,0.9088847395032644
ORD-09,B6,1500,maia3-79m,10,d4b3,Nb3,0.019583379849791527,0.9088847395032644,0.8205388587666008,381,20,599,r1bqkb1r/pp1npppp/5n2/3p4/3N1B1P/8/PPP1PPP1/RN1QKB1R w KQkq -,MODEL_PREDICTION_NOT_EMPIRICAL,cuda,on,2.11.0+cu128,12.8,NVIDIA GeForce RTX 3090,7.55442660022527,632516608,0.9088847395032644
ORD-09,B6,1700,maia3-79m,1,e2e3,e3,0.25512969493865967,0.9249566048383713,0.8284279172211616,319,25,656,r1bqkb1r/pp1npppp/5n2/3p4/3N1B1P/8/PPP1PPP1/RN1QKB1R w KQkq -,MODEL_PREDICTION_NOT_EMPIRICAL,cuda,on,2.11.0+cu128,12.8,NVIDIA GeForce RTX 3090,7.55442660022527,632516608,0.9249566048383713
ORD-09,B6,1700,maia3-79m,2,d4f3,Nf3,0.2434464544057846,0.9249566048383713,0.8284279172211616,487,25,488,r1bqkb1r/pp1npppp/5n2/3p4/3N1B1P/8/PPP1PPP1/RN1QKB1R w KQkq -,MODEL_PREDICTION_NOT_EMPIRICAL,cuda,on,2.11.0+cu128,12.8,NVIDIA GeForce RTX 3090,7.55442660022527,632516608,0.9249566048383713
ORD-09,B6,1700,maia3-79m,3,d4b5,Nb5,0.09683630615472794,0.9249566048383713,0.8284279172211616,396,18,586,r1bqkb1r/pp1npppp/5n2/3p4/3N1B1P/8/PPP1PPP1/RN1QKB1R w KQkq -,MODEL_PREDICTION_NOT_EMPIRICAL,cuda,on,2.11.0+cu128,12.8,NVIDIA GeForce RTX 3090,7.55442660022527,632516608,0.9249566048383713
ORD-09,B6,1700,maia3-79m,4,b1c3,Nc3,0.0730958804488182,0.9249566048383713,0.8284279172211616,296,23,681,r1bqkb1r/pp1npppp/5n2/3p4/3N1B1P/8/PPP1PPP1/RN1QKB1R w KQkq -,MODEL_PREDICTION_NOT_EMPIRICAL,cuda,on,2.11.0+cu128,12.8,NVIDIA GeForce RTX 3090,7.55442660022527,632516608,0.9249566048383713
ORD-09,B6,1700,maia3-79m,5,f4h2,Bh2,0.06350680440664291,0.9249566048383713,0.8284279172211616,402,23,575,r1bqkb1r/pp1npppp/5n2/3p4/3N1B1P/8/PPP1PPP1/RN1QKB1R w KQkq -,MODEL_PREDICTION_NOT_EMPIRICAL,cuda,on,2.11.0+cu128,12.8,NVIDIA GeForce RTX 3090,7.55442660022527,632516608,0.9249566048383713
ORD-09,B6,1700,maia3-79m,6,f4g3,Bg3,0.05517566576600075,0.9249566048383713,0.8284279172211616,399,23,578,r1bqkb1r/pp1npppp/5n2/3p4/3N1B1P/8/PPP1PPP1/RN1QKB1R w KQkq -,MODEL_PREDICTION_NOT_EMPIRICAL,cuda,on,2.11.0+cu128,12.8,NVIDIA GeForce RTX 3090,7.55442660022527,632516608,0.9249566048383713
ORD-09,B6,1700,maia3-79m,7,c2c3,c3,0.03912540525197983,0.9249566048383713,0.8284279172211616,279,24,697,r1bqkb1r/pp1npppp/5n2/3p4/3N1B1P/8/PPP1PPP1/RN1QKB1R w KQkq -,MODEL_PREDICTION_NOT_EMPIRICAL,cuda,on,2.11.0+cu128,12.8,NVIDIA GeForce RTX 3090,7.55442660022527,632516608,0.9249566048383713
ORD-09,B6,1700,maia3-79m,8,h4h5,h5,0.03733371943235397,0.9249566048383713,0.8284279172211616,284,23,693,r1bqkb1r/pp1npppp/5n2/3p4/3N1B1P/8/PPP1PPP1/RN1QKB1R w KQkq -,MODEL_PREDICTION_NOT_EMPIRICAL,cuda,on,2.11.0+cu128,12.8,NVIDIA GeForce RTX 3090,7.55442660022527,632516608,0.9249566048383713
ORD-09,B6,1700,maia3-79m,9,f4g5,Bg5,0.033992741256952286,0.9249566048383713,0.8284279172211616,400,25,575,r1bqkb1r/pp1npppp/5n2/3p4/3N1B1P/8/PPP1PPP1/RN1QKB1R w KQkq -,MODEL_PREDICTION_NOT_EMPIRICAL,cuda,on,2.11.0+cu128,12.8,NVIDIA GeForce RTX 3090,7.55442660022527,632516608,0.9249566048383713
ORD-09,B6,1700,maia3-79m,10,d4b3,Nb3,0.02731393277645111,0.9249566048383713,0.8284279172211616,367,21,612,r1bqkb1r/pp1npppp/5n2/3p4/3N1B1P/8/PPP1PPP1/RN1QKB1R w KQkq -,MODEL_PREDICTION_NOT_EMPIRICAL,cuda,on,2.11.0+cu128,12.8,NVIDIA GeForce RTX 3090,7.55442660022527,632516608,0.9249566048383713
ORD-09,B6,1900,maia3-79m,1,d4f3,Nf3,0.3024192154407501,0.9409773275256157,0.8274187012210381,477,29,494,r1bqkb1r/pp1npppp/5n2/3p4/3N1B1P/8/PPP1PPP1/RN1QKB1R w KQkq -,MODEL_PREDICTION_NOT_EMPIRICAL,cuda,on,2.11.0+cu128,12.8,NVIDIA GeForce RTX 3090,7.55442660022527,632516608,0.9409773275256157
ORD-09,B6,1900,maia3-79m,2,e2e3,e3,0.2212546169757843,0.9409773275256157,0.8274187012210381,301,25,674,r1bqkb1r/pp1npppp/5n2/3p4/3N1B1P/8/PPP1PPP1/RN1QKB1R w KQkq -,MODEL_PREDICTION_NOT_EMPIRICAL,cuda,on,2.11.0+cu128,12.8,NVIDIA GeForce RTX 3090,7.55442660022527,632516608,0.9409773275256157
ORD-09,B6,1900,maia3-79m,3,d4b5,Nb5,0.08530125021934509,0.9409773275256157,0.8274187012210381,378,20,602,r1bqkb1r/pp1npppp/5n2/3p4/3N1B1P/8/PPP1PPP1/RN1QKB1R w KQkq -,MODEL_PREDICTION_NOT_EMPIRICAL,cuda,on,2.11.0+cu128,12.8,NVIDIA GeForce RTX 3090,7.55442660022527,632516608,0.9409773275256157
ORD-09,B6,1900,maia3-79m,4,f4g3,Bg3,0.07296203076839447,0.9409773275256157,0.8274187012210381,392,25,583,r1bqkb1r/pp1npppp/5n2/3p4/3N1B1P/8/PPP1PPP1/RN1QKB1R w KQkq -,MODEL_PREDICTION_NOT_EMPIRICAL,cuda,on,2.11.0+cu128,12.8,NVIDIA GeForce RTX 3090,7.55442660022527,632516608,0.9409773275256157
ORD-09,B6,1900,maia3-79m,5,f4h2,Bh2,0.05771771818399429,0.9409773275256157,0.8274187012210381,394,25,581,r1bqkb1r/pp1npppp/5n2/3p4/3N1B1P/8/PPP1PPP1/RN1QKB1R w KQkq -,MODEL_PREDICTION_NOT_EMPIRICAL,cuda,on,2.11.0+cu128,12.8,NVIDIA GeForce RTX 3090,7.55442660022527,632516608,0.9409773275256157
ORD-09,B6,1900,maia3-79m,6,b1c3,Nc3,0.05338016152381897,0.9409773275256157,0.8274187012210381,305,23,672,r1bqkb1r/pp1npppp/5n2/3p4/3N1B1P/8/PPP1PPP1/RN1QKB1R w KQkq -,MODEL_PREDICTION_NOT_EMPIRICAL,cuda,on,2.11.0+cu128,12.8,NVIDIA GeForce RTX 3090,7.55442660022527,632516608,0.9409773275256157
ORD-09,B6,1900,maia3-79m,7,d4b3,Nb3,0.038448285311460495,0.9409773275256157,0.8274187012210381,343,23,634,r1bqkb1r/pp1npppp/5n2/3p4/3N1B1P/8/PPP1PPP1/RN1QKB1R w KQkq -,MODEL_PREDICTION_NOT_EMPIRICAL,cuda,on,2.11.0+cu128,12.8,NVIDIA GeForce RTX 3090,7.55442660022527,632516608,0.9409773275256157
ORD-09,B6,1900,maia3-79m,8,f4g5,Bg5,0.036687612533569336,0.9409773275256157,0.8274187012210381,387,26,587,r1bqkb1r/pp1npppp/5n2/3p4/3N1B1P/8/PPP1PPP1/RN1QKB1R w KQkq -,MODEL_PREDICTION_NOT_EMPIRICAL,cuda,on,2.11.0+cu128,12.8,NVIDIA GeForce RTX 3090,7.55442660022527,632516608,0.9409773275256157
ORD-09,B6,1900,maia3-79m,9,c2c3,c3,0.036687612533569336,0.9409773275256157,0.8274187012210381,263,24,713,r1bqkb1r/pp1npppp/5n2/3p4/3N1B1P/8/PPP1PPP1/RN1QKB1R w KQkq -,MODEL_PREDICTION_NOT_EMPIRICAL,cuda,on,2.11.0+cu128,12.8,NVIDIA GeForce RTX 3090,7.55442660022527,632516608,0.9409773275256157
ORD-09,B6,1900,maia3-79m,10,h4h5,h5,0.036118824034929276,0.9409773275256157,0.8274187012210381,261,23,716,r1bqkb1r/pp1npppp/5n2/3p4/3N1B1P/8/PPP1PPP1/RN1QKB1R w KQkq -,MODEL_PREDICTION_NOT_EMPIRICAL,cuda,on,2.11.0+cu128,12.8,NVIDIA GeForce RTX 3090,7.55442660022527,632516608,0.9409773275256157
ORD-09,B6,2100,maia3-79m,1,d4f3,Nf3,0.3695298731327057,0.9547243751585484,0.8057416918671674,459,35,506,r1bqkb1r/pp1npppp/5n2/3p4/3N1B1P/8/PPP1PPP1/RN1QKB1R w KQkq -,MODEL_PREDICTION_NOT_EMPIRICAL,cuda,on,2.11.0+cu128,12.8,NVIDIA GeForce RTX 3090,7.55442660022527,632516608,0.9547243751585484
ORD-09,B6,2100,maia3-79m,2,e2e3,e3,0.17455355823040009,0.9547243751585484,0.8057416918671674,294,27,679,r1bqkb1r/pp1npppp/5n2/3p4/3N1B1P/8/PPP1PPP1/RN1QKB1R w KQkq -,MODEL_PREDICTION_NOT_EMPIRICAL,cuda,on,2.11.0+cu128,12.8,NVIDIA GeForce RTX 3090,7.55442660022527,632516608,0.9547243751585484
ORD-09,B6,2100,maia3-79m,3,f4g3,Bg3,0.1010238379240036,0.9547243751585484,0.8057416918671674,388,31,581,r1bqkb1r/pp1npppp/5n2/3p4/3N1B1P/8/PPP1PPP1/RN1QKB1R w KQkq -,MODEL_PREDICTION_NOT_EMPIRICAL,cuda,on,2.11.0+cu128,12.8,NVIDIA GeForce RTX 3090,7.55442660022527,632516608,0.9547243751585484
ORD-09,B6,2100,maia3-79m,4,d4b5,Nb5,0.06421465426683426,0.9547243751585484,0.8057416918671674,376,24,600,r1bqkb1r/pp1npppp/5n2/3p4/3N1B1P/8/PPP1PPP1/RN1QKB1R w KQkq -,MODEL_PREDICTION_NOT_EMPIRICAL,cuda,on,2.11.0+cu128,12.8,NVIDIA GeForce RTX 3090,7.55442660022527,632516608,0.9547243751585484
ORD-09,B6,2100,maia3-79m,5,f4h2,Bh2,0.05938885360956192,0.9547243751585484,0.8057416918671674,393,31,576,r1bqkb1r/pp1npppp/5n2/3p4/3N1B1P/8/PPP1PPP1/RN1QKB1R w KQkq -,MODEL_PREDICTION_NOT_EMPIRICAL,cuda,on,2.11.0+cu128,12.8,NVIDIA GeForce RTX 3090,7.55442660022527,632516608,0.9547243751585484
ORD-09,B6,2100,maia3-79m,6,d4b3,Nb3,0.05407416447997093,0.9547243751585484,0.8057416918671674,332,26,642,r1bqkb1r/pp1npppp/5n2/3p4/3N1B1P/8/PPP1PPP1/RN1QKB1R w KQkq -,MODEL_PREDICTION_NOT_EMPIRICAL,cuda,on,2.11.0+cu128,12.8,NVIDIA GeForce RTX 3090,7.55442660022527,632516608,0.9547243751585484
ORD-09,B6,2100,maia3-79m,7,f4g5,Bg5,0.03774985298514366,0.9547243751585484,0.8057416918671674,376,30,594,r1bqkb1r/pp1npppp/5n2/3p4/3N1B1P/8/PPP1PPP1/RN1QKB1R w KQkq -,MODEL_PREDICTION_NOT_EMPIRICAL,cuda,on,2.11.0+cu128,12.8,NVIDIA GeForce RTX 3090,7.55442660022527,632516608,0.9547243751585484
ORD-09,B6,2100,maia3-79m,8,b1c3,Nc3,0.03491290658712387,0.9547243751585484,0.8057416918671674,316,23,661,r1bqkb1r/pp1npppp/5n2/3p4/3N1B1P/8/PPP1PPP1/RN1QKB1R w KQkq -,MODEL_PREDICTION_NOT_EMPIRICAL,cuda,on,2.11.0+cu128,12.8,NVIDIA GeForce RTX 3090,7.55442660022527,632516608,0.9547243751585484
ORD-09,B6,2100,maia3-79m,9,h4h5,h5,0.030332857742905617,0.9547243751585484,0.8057416918671674,237,22,741,r1bqkb1r/pp1npppp/5n2/3p4/3N1B1P/8/PPP1PPP1/RN1QKB1R w KQkq -,MODEL_PREDICTION_NOT_EMPIRICAL,cuda,on,2.11.0+cu128,12.8,NVIDIA GeForce RTX 3090,7.55442660022527,632516608,0.9547243751585484
ORD-09,B6,2100,maia3-79m,10,c2c3,c3,0.02894381619989872,0.9547243751585484,0.8057416918671674,249,25,726,r1bqkb1r/pp1npppp/5n2/3p4/3N1B1P/8/PPP1PPP1/RN1QKB1R w KQkq -,MODEL_PREDICTION_NOT_EMPIRICAL,cuda,on,2.11.0+cu128,12.8,NVIDIA GeForce RTX 3090,7.55442660022527,632516608,0.9547243751585484
TOR-08,B6,1100,maia3-79m,1,g5f4,Bf4,0.5085811018943787,0.9955417542951182,0.4264832532081128,523,25,452,rnbqkb1r/ppp1p1pp/5p2/3p2B1/3Pn3/4PN2/PPP2PPP/RN1QKB1R w KQkq -,MODEL_PREDICTION_NOT_EMPIRICAL,cuda,on,2.11.0+cu128,12.8,NVIDIA GeForce RTX 3090,7.55442660022527,632516608,0.9955417542951182
TOR-08,B6,1100,maia3-79m,2,g5h4,Bh4,0.42162853479385376,0.9955417542951182,0.4264832532081128,501,24,475,rnbqkb1r/ppp1p1pp/5p2/3p2B1/3Pn3/4PN2/PPP2PPP/RN1QKB1R w KQkq -,MODEL_PREDICTION_NOT_EMPIRICAL,cuda,on,2.11.0+cu128,12.8,NVIDIA GeForce RTX 3090,7.55442660022527,632516608,0.9955417542951182
TOR-08,B6,1100,maia3-79m,3,f1d3,Bd3,0.03251250088214874,0.9955417542951182,0.4264832532081128,353,26,621,rnbqkb1r/ppp1p1pp/5p2/3p2B1/3Pn3/4PN2/PPP2PPP/RN1QKB1R w KQkq -,MODEL_PREDICTION_NOT_EMPIRICAL,cuda,on,2.11.0+cu128,12.8,NVIDIA GeForce RTX 3090,7.55442660022527,632516608,0.9955417542951182
TOR-08,B6,1100,maia3-79m,4,f1b5,Bb5+,0.016094854101538658,0.9955417542951182,0.4264832532081128,386,26,588,rnbqkb1r/ppp1p1pp/5p2/3p2B1/3Pn3/4PN2/PPP2PPP/RN1QKB1R w KQkq -,MODEL_PREDICTION_NOT_EMPIRICAL,cuda,on,2.11.0+cu128,12.8,NVIDIA GeForce RTX 3090,7.55442660022527,632516608,0.9955417542951182
TOR-08,B6,1100,maia3-79m,5,b1c3,Nc3,0.0046838694252073765,0.9955417542951182,0.4264832532081128,370,26,604,rnbqkb1r/ppp1p1pp/5p2/3p2B1/3Pn3/4PN2/PPP2PPP/RN1QKB1R w KQkq -,MODEL_PREDICTION_NOT_EMPIRICAL,cuda,on,2.11.0+cu128,12.8,NVIDIA GeForce RTX 3090,7.55442660022527,632516608,0.9955417542951182
TOR-08,B6,1100,maia3-79m,6,b1d2,Nbd2,0.0046838694252073765,0.9955417542951182,0.4264832532081128,352,25,623,rnbqkb1r/ppp1p1pp/5p2/3p2B1/3Pn3/4PN2/PPP2PPP/RN1QKB1R w KQkq -,MODEL_PREDICTION_NOT_EMPIRICAL,cuda,on,2.11.0+cu128,12.8,NVIDIA GeForce RTX 3090,7.55442660022527,632516608,0.9955417542951182
TOR-08,B6,1100,maia3-79m,7,g5f6,Bxf6,0.002753505017608404,0.9955417542951182,0.4264832532081128,423,27,550,rnbqkb1r/ppp1p1pp/5p2/3p2B1/3Pn3/4PN2/PPP2PPP/RN1QKB1R w KQkq -,MODEL_PREDICTION_NOT_EMPIRICAL,cuda,on,2.11.0+cu128,12.8,NVIDIA GeForce RTX 3090,7.55442660022527,632516608,0.9955417542951182
TOR-08,B6,1100,maia3-79m,8,c2c4,c4,0.0020784547086805105,0.9955417542951182,0.4264832532081128,346,23,631,rnbqkb1r/ppp1p1pp/5p2/3p2B1/3Pn3/4PN2/PPP2PPP/RN1QKB1R w KQkq -,MODEL_PREDICTION_NOT_EMPIRICAL,cuda,on,2.11.0+cu128,12.8,NVIDIA GeForce RTX 3090,7.55442660022527,632516608,0.9955417542951182
TOR-08,B6,1100,maia3-79m,9,h2h4,h4,0.0013315080432221293,0.9955417542951182,0.4264832532081128,406,25,569,rnbqkb1r/ppp1p1pp/5p2/3p2B1/3Pn3/4PN2/PPP2PPP/RN1QKB1R w KQkq -,MODEL_PREDICTION_NOT_EMPIRICAL,cuda,on,2.11.0+cu128,12.8,NVIDIA GeForce RTX 3090,7.55442660022527,632516608,0.9955417542951182
TOR-08,B6,1100,maia3-79m,10,c2c3,c3,0.0011935560032725334,0.9955417542951182,0.4264832532081128,320,24,656,rnbqkb1r/ppp1p1pp/5p2/3p2B1/3Pn3/4PN2/PPP2PPP/RN1QKB1R w KQkq -,MODEL_PREDICTION_NOT_EMPIRICAL,cuda,on,2.11.0+cu128,12.8,NVIDIA GeForce RTX 3090,7.55442660022527,632516608,0.9955417542951182
TOR-08,B6,1300,maia3-79m,1,g5h4,Bh4,0.50864177942276,0.9971960483235307,0.37505865287624124,501,23,476,rnbqkb1r/ppp1p1pp/5p2/3p2B1/3Pn3/4PN2/PPP2PPP/RN1QKB1R w KQkq -,MODEL_PREDICTION_NOT_EMPIRICAL,cuda,on,2.11.0+cu128,12.8,NVIDIA GeForce RTX 3090,7.55442660022527,632516608,0.9971960483235307
TOR-08,B6,1300,maia3-79m,2,g5f4,Bf4,0.4559435248374939,0.9971960483235307,0.37505865287624124,523,23,454,rnbqkb1r/ppp1p1pp/5p2/3p2B1/3Pn3/4PN2/PPP2PPP/RN1QKB1R w KQkq -,MODEL_PREDICTION_NOT_EMPIRICAL,cuda,on,2.11.0+cu128,12.8,NVIDIA GeForce RTX 3090,7.55442660022527,632516608,0.9971960483235307
TOR-08,B6,1300,maia3-79m,3,f1d3,Bd3,0.016350263729691505,0.9971960483235307,0.37505865287624124,347,22,631,rnbqkb1r/ppp1p1pp/5p2/3p2B1/3Pn3/4PN2/PPP2PPP/RN1QKB1R w KQkq -,MODEL_PREDICTION_NOT_EMPIRICAL,cuda,on,2.11.0+cu128,12.8,NVIDIA GeForce RTX 3090,7.55442660022527,632516608,0.9971960483235307
TOR-08,B6,1300,maia3-79m,4,f1b5,Bb5+,0.005829866509884596,0.9971960483235307,0.37505865287624124,386,25,589,rnbqkb1r/ppp1p1pp/5p2/3p2B1/3Pn3/4PN2/PPP2PPP/RN1QKB1R w KQkq -,MODEL_PREDICTION_NOT_EMPIRICAL,cuda,on,2.11.0+cu128,12.8,NVIDIA GeForce RTX 3090,7.55442660022527,632516608,0.9971960483235307
TOR-08,B6,1300,maia3-79m,5,b1d2,Nbd2,0.004069902002811432,0.9971960483235307,0.37505865287624124,347,22,631,rnbqkb1r/ppp1p1pp/5p2/3p2B1/3Pn3/4PN2/PPP2PPP/RN1QKB1R w KQkq -,MODEL_PREDICTION_NOT_EMPIRICAL,cuda,on,2.11.0+cu128,12.8,NVIDIA GeForce RTX 3090,7.55442660022527,632516608,0.9971960483235307
TOR-08,B6,1300,maia3-79m,6,b1c3,Nc3,0.0019835117273032665,0.9971960483235307,0.37505865287624124,352,22,626,rnbqkb1r/ppp1p1pp/5p2/3p2B1/3Pn3/4PN2/PPP2PPP/RN1QKB1R w KQkq -,MODEL_PREDICTION_NOT_EMPIRICAL,cuda,on,2.11.0+cu128,12.8,NVIDIA GeForce RTX 3090,7.55442660022527,632516608,0.9971960483235307
TOR-08,B6,1300,maia3-79m,7,g5f6,Bxf6,0.0014972332864999771,0.9971960483235307,0.37505865287624124,417,25,558,rnbqkb1r/ppp1p1pp/5p2/3p2B1/3Pn3/4PN2/PPP2PPP/RN1QKB1R w KQkq -,MODEL_PREDICTION_NOT_EMPIRICAL,cuda,on,2.11.0+cu128,12.8,NVIDIA GeForce RTX 3090,7.55442660022527,632516608,0.9971960483235307
TOR-08,B6,1300,maia3-79m,8,c2c4,c4,0.0012806516606360674,0.9971960483235307,0.37505865287624124,334,20,646,rnbqkb1r/ppp1p1pp/5p2/3p2B1/3Pn3/4PN2/PPP2PPP/RN1QKB1R w KQkq -,MODEL_PREDICTION_NOT_EMPIRICAL,cuda,on,2.11.0+cu128,12.8,NVIDIA GeForce RTX 3090,7.55442660022527,632516608,0.9971960483235307
TOR-08,B6,1300,maia3-79m,9,h2h4,h4,0.0008464589482173324,0.9971960483235307,0.37505865287624124,388,22,590,rnbqkb1r/ppp1p1pp/5p2/3p2B1/3Pn3/4PN2/PPP2PPP/RN1QKB1R w KQkq -,MODEL_PREDICTION_NOT_EMPIRICAL,cuda,on,2.11.0+cu128,12.8,NVIDIA GeForce RTX 3090,7.55442660022527,632516608,0.9971960483235307
TOR-08,B6,1300,maia3-79m,10,f3h4,Nh4,0.000752856198232621,0.9971960483235307,0.37505865287624124,310,20,670,rnbqkb1r/ppp1p1pp/5p2/3p2B1/3Pn3/4PN2/PPP2PPP/RN1QKB1R w KQkq -,MODEL_PREDICTION_NOT_EMPIRICAL,cuda,on,2.11.0+cu128,12.8,NVIDIA GeForce RTX 3090,7.55442660022527,632516608,0.9971960483235307
TOR-08,B6,1500,maia3-79m,1,g5h4,Bh4,0.5801803469657898,0.9980263740289956,0.34241863865843436,511,23,466,rnbqkb1r/ppp1p1pp/5p2/3p2B1/3Pn3/4PN2/PPP2PPP/RN1QKB1R w KQkq -,MODEL_PREDICTION_NOT_EMPIRICAL,cuda,on,2.11.0+cu128,12.8,NVIDIA GeForce RTX 3090,7.55442660022527,632516608,0.9980263740289956
TOR-08,B6,1500,maia3-79m,2,g5f4,Bf4,0.39875173568725586,0.9980263740289956,0.34241863865843436,528,24,448,rnbqkb1r/ppp1p1pp/5p2/3p2B1/3Pn3/4PN2/PPP2PPP/RN1QKB1R w KQkq -,MODEL_PREDICTION_NOT_EMPIRICAL,cuda,on,2.11.0+cu128,12.8,NVIDIA GeForce RTX 3090,7.55442660022527,632516608,0.9980263740289956
TOR-08,B6,1500,maia3-79m,3,f1d3,Bd3,0.009232353419065475,0.9980263740289956,0.34241863865843436,338,21,641,rnbqkb1r/ppp1p1pp/5p2/3p2B1/3Pn3/4PN2/PPP2PPP/RN1QKB1R w KQkq -,MODEL_PREDICTION_NOT_EMPIRICAL,cuda,on,2.11.0+cu128,12.8,NVIDIA GeForce RTX 3090,7.55442660022527,632516608,0.9980263740289956
TOR-08,B6,1500,maia3-79m,4,b1d2,Nbd2,0.0032918970100581646,0.9980263740289956,0.34241863865843436,333,21,646,rnbqkb1r/ppp1p1pp/5p2/3p2B1/3Pn3/4PN2/PPP2PPP/RN1QKB1R w KQkq -,MODEL_PREDICTION_NOT_EMPIRICAL,cuda,on,2.11.0+cu128,12.8,NVIDIA GeForce RTX 3090,7.55442660022527,632516608,0.9980263740289956
TOR-08,B6,1500,maia3-79m,5,f1b5,Bb5+,0.0024848540779203176,0.9980263740289956,0.34241863865843436,385,23,592,rnbqkb1r/ppp1p1pp/5p2/3p2B1/3Pn3/4PN2/PPP2PPP/RN1QKB1R w KQkq -,MODEL_PREDICTION_NOT_EMPIRICAL,cuda,on,2.11.0+cu128,12.8,NVIDIA GeForce RTX 3090,7.55442660022527,632516608,0.9980263740289956
TOR-08,B6,1500,maia3-79m,6,c2c4,c4,0.0009579966426827013,0.9980263740289956,0.34241863865843436,324,19,657,rnbqkb1r/ppp1p1pp/5p2/3p2B1/3Pn3/4PN2/PPP2PPP/RN1QKB1R w KQkq -,MODEL_PREDICTION_NOT_EMPIRICAL,cuda,on,2.11.0+cu128,12.8,NVIDIA GeForce RTX 3090,7.55442660022527,632516608,0.9980263740289956
TOR-08,B6,1500,maia3-79m,7,f3h4,Nh4,0.0008929510368034244,0.9980263740289956,0.34241863865843436,401,18,581,rnbqkb1r/ppp1p1pp/5p2/3p2B1/3Pn3/4PN2/PPP2PPP/RN1QKB1R w KQkq -,MODEL_PREDICTION_NOT_EMPIRICAL,cuda,on,2.11.0+cu128,12.8,NVIDIA GeForce RTX 3090,7.55442660022527,632516608,0.9980263740289956
TOR-08,B6,1500,maia3-79m,8,b1c3,Nc3,0.0008860020316205919,0.9980263740289956,0.34241863865843436,327,20,653,rnbqkb1r/ppp1p1pp/5p2/3p2B1/3Pn3/4PN2/PPP2PPP/RN1QKB1R w KQkq -,MODEL_PREDICTION_NOT_EMPIRICAL,cuda,on,2.11.0+cu128,12.8,NVIDIA GeForce RTX 3090,7.55442660022527,632516608,0.9980263740289956
TOR-08,B6,1500,maia3-79m,9,g5f6,Bxf6,0.0007345214253291488,0.9980263740289956,0.34241863865843436,409,26,565,rnbqkb1r/ppp1p1pp/5p2/3p2B1/3Pn3/4PN2/PPP2PPP/RN1QKB1R w KQkq -,MODEL_PREDICTION_NOT_EMPIRICAL,cuda,on,2.11.0+cu128,12.8,NVIDIA GeForce RTX 3090,7.55442660022527,632516608,0.9980263740289956
TOR-08,B6,1500,maia3-79m,10,h2h4,h4,0.0006137157324701548,0.9980263740289956,0.34241863865843436,374,21,605,rnbqkb1r/ppp1p1pp/5p2/3p2B1/3Pn3/4PN2/PPP2PPP/RN1QKB1R w KQkq -,MODEL_PREDICTION_NOT_EMPIRICAL,cuda,on,2.11.0+cu128,12.8,NVIDIA GeForce RTX 3090,7.55442660022527,632516608,0.9980263740289956
TOR-08,B6,1700,maia3-79m,1,g5h4,Bh4,0.6321924328804016,0.9987007062300108,0.3167618762762378,525,26,449,rnbqkb1r/ppp1p1pp/5p2/3p2B1/3Pn3/4PN2/PPP2PPP/RN1QKB1R w KQkq -,MODEL_PREDICTION_NOT_EMPIRICAL,cuda,on,2.11.0+cu128,12.8,NVIDIA GeForce RTX 3090,7.55442660022527,632516608,0.9987007062300108
TOR-08,B6,1700,maia3-79m,2,g5f4,Bf4,0.354627788066864,0.9987007062300108,0.3167618762762378,539,26,435,rnbqkb1r/ppp1p1pp/5p2/3p2B1/3Pn3/4PN2/PPP2PPP/RN1QKB1R w KQkq -,MODEL_PREDICTION_NOT_EMPIRICAL,cuda,on,2.11.0+cu128,12.8,NVIDIA GeForce RTX 3090,7.55442660022527,632516608,0.9987007062300108
TOR-08,B6,1700,maia3-79m,3,f1d3,Bd3,0.005643157754093409,0.9987007062300108,0.3167618762762378,325,21,654,rnbqkb1r/ppp1p1pp/5p2/3p2B1/3Pn3/4PN2/PPP2PPP/RN1QKB1R w KQkq -,MODEL_PREDICTION_NOT_EMPIRICAL,cuda,on,2.11.0+cu128,12.8,NVIDIA GeForce RTX 3090,7.55442660022527,632516608,0.9987007062300108
TOR-08,B6,1700,maia3-79m,4,b1d2,Nbd2,0.0023159473203122616,0.9987007062300108,0.3167618762762378,314,20,666,rnbqkb1r/ppp1p1pp/5p2/3p2B1/3Pn3/4PN2/PPP2PPP/RN1QKB1R w KQkq -,MODEL_PREDICTION_NOT_EMPIRICAL,cuda,on,2.11.0+cu128,12.8,NVIDIA GeForce RTX 3090,7.55442660022527,632516608,0.9987007062300108
TOR-08,B6,1700,maia3-79m,5,f1b5,Bb5+,0.0009140511974692345,0.9987007062300108,0.3167618762762378,389,24,587,rnbqkb1r/ppp1p1pp/5p2/3p2B1/3Pn3/4PN2/PPP2PPP/RN1QKB1R w KQkq -,MODEL_PREDICTION_NOT_EMPIRICAL,cuda,on,2.11.0+cu128,12.8,NVIDIA GeForce RTX 3090,7.55442660022527,632516608,0.9987007062300108
TOR-08,B6,1700,maia3-79m,6,f3h4,Nh4,0.0008998801349662244,0.9987007062300108,0.3167618762762378,378,19,603,rnbqkb1r/ppp1p1pp/5p2/3p2B1/3Pn3/4PN2/PPP2PPP/RN1QKB1R w KQkq -,MODEL_PREDICTION_NOT_EMPIRICAL,cuda,on,2.11.0+cu128,12.8,NVIDIA GeForce RTX 3090,7.55442660022527,632516608,0.9987007062300108
TOR-08,B6,1700,maia3-79m,7,c2c4,c4,0.0007174470229074359,0.9987007062300108,0.3167618762762378,311,19,670,rnbqkb1r/ppp1p1pp/5p2/3p2B1/3Pn3/4PN2/PPP2PPP/RN1QKB1R w KQkq -,MODEL_PREDICTION_NOT_EMPIRICAL,cuda,on,2.11.0+cu128,12.8,NVIDIA GeForce RTX 3090,7.55442660022527,632516608,0.9987007062300108
TOR-08,B6,1700,maia3-79m,8,h2h4,h4,0.0005331613938324153,0.9987007062300108,0.3167618762762378,366,22,612,rnbqkb1r/ppp1p1pp/5p2/3p2B1/3Pn3/4PN2/PPP2PPP/RN1QKB1R w KQkq -,MODEL_PREDICTION_NOT_EMPIRICAL,cuda,on,2.11.0+cu128,12.8,NVIDIA GeForce RTX 3090,7.55442660022527,632516608,0.9987007062300108
TOR-08,B6,1700,maia3-79m,9,f3e5,Ne5,0.00043176719918847084,0.9987007062300108,0.3167618762762378,450,21,529,rnbqkb1r/ppp1p1pp/5p2/3p2B1/3Pn3/4PN2/PPP2PPP/RN1QKB1R w KQkq -,MODEL_PREDICTION_NOT_EMPIRICAL,cuda,on,2.11.0+cu128,12.8,NVIDIA GeForce RTX 3090,7.55442660022527,632516608,0.9987007062300108
TOR-08,B6,1700,maia3-79m,10,c2c3,c3,0.0004250732599757612,0.9987007062300108,0.3167618762762378,274,19,707,rnbqkb1r/ppp1p1pp/5p2/3p2B1/3Pn3/4PN2/PPP2PPP/RN1QKB1R w KQkq -,MODEL_PREDICTION_NOT_EMPIRICAL,cuda,on,2.11.0+cu128,12.8,NVIDIA GeForce RTX 3090,7.55442660022527,632516608,0.9987007062300108
TOR-08,B6,1900,maia3-79m,1,g5h4,Bh4,0.6600154042243958,0.9993380252853967,0.29917180951485706,534,31,435,rnbqkb1r/ppp1p1pp/5p2/3p2B1/3Pn3/4PN2/PPP2PPP/RN1QKB1R w KQkq -,MODEL_PREDICTION_NOT_EMPIRICAL,cuda,on,2.11.0+cu128,12.8,NVIDIA GeForce RTX 3090,7.55442660022527,632516608,0.9993380252853967
TOR-08,B6,1900,maia3-79m,2,g5f4,Bf4,0.33187657594680786,0.9993380252853967,0.29917180951485706,545,30,425,rnbqkb1r/ppp1p1pp/5p2/3p2B1/3Pn3/4PN2/PPP2PPP/RN1QKB1R w KQkq -,MODEL_PREDICTION_NOT_EMPIRICAL,cuda,on,2.11.0+cu128,12.8,NVIDIA GeForce RTX 3090,7.55442660022527,632516608,0.9993380252853967
TOR-08,B6,1900,maia3-79m,3,f1d3,Bd3,0.003409747267141938,0.9993380252853967,0.29917180951485706,305,21,674,rnbqkb1r/ppp1p1pp/5p2/3p2B1/3Pn3/4PN2/PPP2PPP/RN1QKB1R w KQkq -,MODEL_PREDICTION_NOT_EMPIRICAL,cuda,on,2.11.0+cu128,12.8,NVIDIA GeForce RTX 3090,7.55442660022527,632516608,0.9993380252853967
TOR-08,B6,1900,maia3-79m,4,b1d2,Nbd2,0.001585679710842669,0.9993380252853967,0.29917180951485706,291,21,688,rnbqkb1r/ppp1p1pp/5p2/3p2B1/3Pn3/4PN2/PPP2PPP/RN1QKB1R w KQkq -,MODEL_PREDICTION_NOT_EMPIRICAL,cuda,on,2.11.0+cu128,12.8,NVIDIA GeForce RTX 3090,7.55442660022527,632516608,0.9993380252853967
TOR-08,B6,1900,maia3-79m,5,f3h4,Nh4,0.0005833389586769044,0.9993380252853967,0.29917180951485706,300,20,680,rnbqkb1r/ppp1p1pp/5p2/3p2B1/3Pn3/4PN2/PPP2PPP/RN1QKB1R w KQkq -,MODEL_PREDICTION_NOT_EMPIRICAL,cuda,on,2.11.0+cu128,12.8,NVIDIA GeForce RTX 3090,7.55442660022527,632516608,0.9993380252853967
TOR-08,B6,1900,maia3-79m,6,h2h4,h4,0.0005395003245212138,0.9993380252853967,0.29917180951485706,365,23,612,rnbqkb1r/ppp1p1pp/5p2/3p2B1/3Pn3/4PN2/PPP2PPP/RN1QKB1R w KQkq -,MODEL_PREDICTION_NOT_EMPIRICAL,cuda,on,2.11.0+cu128,12.8,NVIDIA GeForce RTX 3090,7.55442660022527,632516608,0.9993380252853967
TOR-08,B6,1900,maia3-79m,7,c2c4,c4,0.0004989562439732254,0.9993380252853967,0.29917180951485706,290,19,691,rnbqkb1r/ppp1p1pp/5p2/3p2B1/3Pn3/4PN2/PPP2PPP/RN1QKB1R w KQkq -,MODEL_PREDICTION_NOT_EMPIRICAL,cuda,on,2.11.0+cu128,12.8,NVIDIA GeForce RTX 3090,7.55442660022527,632516608,0.9993380252853967
TOR-08,B6,1900,maia3-79m,8,f3e5,Ne5,0.00030500584398396313,0.9993380252853967,0.29917180951485706,396,26,578,rnbqkb1r/ppp1p1pp/5p2/3p2B1/3Pn3/4PN2/PPP2PPP/RN1QKB1R w KQkq -,MODEL_PREDICTION_NOT_EMPIRICAL,cuda,on,2.11.0+cu128,12.8,NVIDIA GeForce RTX 3090,7.55442660022527,632516608,0.9993380252853967
TOR-08,B6,1900,maia3-79m,9,c2c3,c3,0.0002629314549267292,0.9993380252853967,0.29917180951485706,248,19,733,rnbqkb1r/ppp1p1pp/5p2/3p2B1/3Pn3/4PN2/PPP2PPP/RN1QKB1R w KQkq -,MODEL_PREDICTION_NOT_EMPIRICAL,cuda,on,2.11.0+cu128,12.8,NVIDIA GeForce RTX 3090,7.55442660022527,632516608,0.9993380252853967
TOR-08,B6,1900,maia3-79m,10,f1b5,Bb5+,0.00026088531012646854,0.9993380252853967,0.29917180951485706,393,26,581,rnbqkb1r/ppp1p1pp/5p2/3p2B1/3Pn3/4PN2/PPP2PPP/RN1QKB1R w KQkq -,MODEL_PREDICTION_NOT_EMPIRICAL,cuda,on,2.11.0+cu128,12.8,NVIDIA GeForce RTX 3090,7.55442660022527,632516608,0.9993380252853967
TOR-08,B6,2100,maia3-79m,1,g5h4,Bh4,0.6301791667938232,0.9996494135048124,0.30048941413887614,536,39,425,rnbqkb1r/ppp1p1pp/5p2/3p2B1/3Pn3/4PN2/PPP2PPP/RN1QKB1R w KQkq -,MODEL_PREDICTION_NOT_EMPIRICAL,cuda,on,2.11.0+cu128,12.8,NVIDIA GeForce RTX 3090,7.55442660022527,632516608,0.9996494135048124
TOR-08,B6,2100,maia3-79m,2,g5f4,Bf4,0.3647197484970093,0.9996494135048124,0.30048941413887614,545,38,417,rnbqkb1r/ppp1p1pp/5p2/3p2B1/3Pn3/4PN2/PPP2PPP/RN1QKB1R w KQkq -,MODEL_PREDICTION_NOT_EMPIRICAL,cuda,on,2.11.0+cu128,12.8,NVIDIA GeForce RTX 3090,7.55442660022527,632516608,0.9996494135048124
TOR-08,B6,2100,maia3-79m,3,f1d3,Bd3,0.0020373077131807804,0.9996494135048124,0.30048941413887614,273,22,705,rnbqkb1r/ppp1p1pp/5p2/3p2B1/3Pn3/4PN2/PPP2PPP/RN1QKB1R w KQkq -,MODEL_PREDICTION_NOT_EMPIRICAL,cuda,on,2.11.0+cu128,12.8,NVIDIA GeForce RTX 3090,7.55442660022527,632516608,0.9996494135048124
TOR-08,B6,2100,maia3-79m,4,b1d2,Nbd2,0.0011251082178205252,0.9996494135048124,0.30048941413887614,262,22,716,rnbqkb1r/ppp1p1pp/5p2/3p2B1/3Pn3/4PN2/PPP2PPP/RN1QKB1R w KQkq -,MODEL_PREDICTION_NOT_EMPIRICAL,cuda,on,2.11.0+cu128,12.8,NVIDIA GeForce RTX 3090,7.55442660022527,632516608,0.9996494135048124
TOR-08,B6,2100,maia3-79m,5,h2h4,h4,0.0005791560397483408,0.9996494135048124,0.30048941413887614,372,28,600,rnbqkb1r/ppp1p1pp/5p2/3p2B1/3Pn3/4PN2/PPP2PPP/RN1QKB1R w KQkq -,MODEL_PREDICTION_NOT_EMPIRICAL,cuda,on,2.11.0+cu128,12.8,NVIDIA GeForce RTX 3090,7.55442660022527,632516608,0.9996494135048124
TOR-08,B6,2100,maia3-79m,6,c2c4,c4,0.0003378187248017639,0.9996494135048124,0.30048941413887614,257,21,722,rnbqkb1r/ppp1p1pp/5p2/3p2B1/3Pn3/4PN2/PPP2PPP/RN1QKB1R w KQkq -,MODEL_PREDICTION_NOT_EMPIRICAL,cuda,on,2.11.0+cu128,12.8,NVIDIA GeForce RTX 3090,7.55442660022527,632516608,0.9996494135048124
TOR-08,B6,2100,maia3-79m,7,f3h4,Nh4,0.00029121796251274645,0.9996494135048124,0.30048941413887614,277,21,702,rnbqkb1r/ppp1p1pp/5p2/3p2B1/3Pn3/4PN2/PPP2PPP/RN1QKB1R w KQkq -,MODEL_PREDICTION_NOT_EMPIRICAL,cuda,on,2.11.0+cu128,12.8,NVIDIA GeForce RTX 3090,7.55442660022527,632516608,0.9996494135048124
TOR-08,B6,2100,maia3-79m,8,f3e5,Ne5,0.00016723239968996495,0.9996494135048124,0.30048941413887614,320,29,651,rnbqkb1r/ppp1p1pp/5p2/3p2B1/3Pn3/4PN2/PPP2PPP/RN1QKB1R w KQkq -,MODEL_PREDICTION_NOT_EMPIRICAL,cuda,on,2.11.0+cu128,12.8,NVIDIA GeForce RTX 3090,7.55442660022527,632516608,0.9996494135048124
TOR-08,B6,2100,maia3-79m,9,c2c3,c3,0.00010882019705604762,0.9996494135048124,0.30048941413887614,209,20,771,rnbqkb1r/ppp1p1pp/5p2/3p2B1/3Pn3/4PN2/PPP2PPP/RN1QKB1R w KQkq -,MODEL_PREDICTION_NOT_EMPIRICAL,cuda,on,2.11.0+cu128,12.8,NVIDIA GeForce RTX 3090,7.55442660022527,632516608,0.9996494135048124
TOR-08,B6,2100,maia3-79m,10,f1e2,Be2,0.00010383695916971192,0.9996494135048124,0.30048941413887614,229,21,750,rnbqkb1r/ppp1p1pp/5p2/3p2B1/3Pn3/4PN2/PPP2PPP/RN1QKB1R w KQkq -,MODEL_PREDICTION_NOT_EMPIRICAL,cuda,on,2.11.0+cu128,12.8,NVIDIA GeForce RTX 3090,7.55442660022527,632516608,0.9996494135048124
TOR-09,B6,1100,maia3-79m,1,h4g3,Bg3,0.7481290698051453,0.9845259480644017,0.40835104227555336,369,29,602,rnbqkb1r/ppp1p3/5p2/3p2pp/3P3B/4P3/PPPN1PPP/R2QKB1R w KQkq -,MODEL_PREDICTION_NOT_EMPIRICAL,cuda,on,2.11.0+cu128,12.8,NVIDIA GeForce RTX 3090,7.55442660022527,632516608,0.9845259480644017
TOR-09,B6,1100,maia3-79m,2,h4g5,Bxg5,0.09967855364084244,0.9845259480644017,0.40835104227555336,468,32,500,rnbqkb1r/ppp1p3/5p2/3p2pp/3P3B/4P3/PPPN1PPP/R2QKB1R w KQkq -,MODEL_PREDICTION_NOT_EMPIRICAL,cuda,on,2.11.0+cu128,12.8,NVIDIA GeForce RTX 3090,7.55442660022527,632516608,0.9845259480644017
TOR-09,B6,1100,maia3-79m,3,f1e2,Be2,0.04563616216182709,0.9845259480644017,0.40835104227555336,443,28,529,rnbqkb1r/ppp1p3/5p2/3p2pp/3P3B/4P3/PPPN1PPP/R2QKB1R w KQkq -,MODEL_PREDICTION_NOT_EMPIRICAL,cuda,on,2.11.0+cu128,12.8,NVIDIA GeForce RTX 3090,7.55442660022527,632516608,0.9845259480644017
TOR-09,B6,1100,maia3-79m,4,f1b5,Bb5+,0.04220655560493469,0.9845259480644017,0.40835104227555336,403,30,567,rnbqkb1r/ppp1p3/5p2/3p2pp/3P3B/4P3/PPPN1PPP/R2QKB1R w KQkq -,MODEL_PREDICTION_NOT_EMPIRICAL,cuda,on,2.11.0+cu128,12.8,NVIDIA GeForce RTX 3090,7.55442660022527,632516608,0.9845259480644017
TOR-09,B6,1100,maia3-79m,5,f1d3,Bd3,0.022591540589928627,0.9845259480644017,0.40835104227555336,520,21,459,rnbqkb1r/ppp1p3/5p2/3p2pp/3P3B/4P3/PPPN1PPP/R2QKB1R w KQkq -,MODEL_PREDICTION_NOT_EMPIRICAL,cuda,on,2.11.0+cu128,12.8,NVIDIA GeForce RTX 3090,7.55442660022527,632516608,0.9845259480644017
TOR-09,B6,1100,maia3-79m,6,d2f3,Nf3,0.011904905550181866,0.9845259480644017,0.40835104227555336,370,30,600,rnbqkb1r/ppp1p3/5p2/3p2pp/3P3B/4P3/PPPN1PPP/R2QKB1R w KQkq -,MODEL_PREDICTION_NOT_EMPIRICAL,cuda,on,2.11.0+cu128,12.8,NVIDIA GeForce RTX 3090,7.55442660022527,632516608,0.9845259480644017
TOR-09,B6,1100,maia3-79m,7,g2g4,g4,0.004962702747434378,0.9845259480644017,0.40835104227555336,338,31,631,rnbqkb1r/ppp1p3/5p2/3p2pp/3P3B/4P3/PPPN1PPP/R2QKB1R w KQkq -,MODEL_PREDICTION_NOT_EMPIRICAL,cuda,on,2.11.0+cu128,12.8,NVIDIA GeForce RTX 3090,7.55442660022527,632516608,0.9845259480644017
TOR-09,B6,1100,maia3-79m,8,c2c4,c4,0.0037168925628066063,0.9845259480644017,0.40835104227555336,369,27,604,rnbqkb1r/ppp1p3/5p2/3p2pp/3P3B/4P3/PPPN1PPP/R2QKB1R w KQkq -,MODEL_PREDICTION_NOT_EMPIRICAL,cuda,on,2.11.0+cu128,12.8,NVIDIA GeForce RTX 3090,7.55442660022527,632516608,0.9845259480644017
TOR-09,B6,1100,maia3-79m,9,f2f4,f4,0.0032041617669165134,0.9845259480644017,0.40835104227555336,331,31,638,rnbqkb1r/ppp1p3/5p2/3p2pp/3P3B/4P3/PPPN1PPP/R2QKB1R w KQkq -,MODEL_PREDICTION_NOT_EMPIRICAL,cuda,on,2.11.0+cu128,12.8,NVIDIA GeForce RTX 3090,7.55442660022527,632516608,0.9845259480644017
TOR-09,B6,1100,maia3-79m,10,c2c3,c3,0.0024954036343842745,0.9845259480644017,0.40835104227555336,360,28,612,rnbqkb1r/ppp1p3/5p2/3p2pp/3P3B/4P3/PPPN1PPP/R2QKB1R w KQkq -,MODEL_PREDICTION_NOT_EMPIRICAL,cuda,on,2.11.0+cu128,12.8,NVIDIA GeForce RTX 3090,7.55442660022527,632516608,0.9845259480644017
TOR-09,B6,1300,maia3-79m,1,h4g3,Bg3,0.7086924910545349,0.9880571993999183,0.4464496201321918,336,25,639,rnbqkb1r/ppp1p3/5p2/3p2pp/3P3B/4P3/PPPN1PPP/R2QKB1R w KQkq -,MODEL_PREDICTION_NOT_EMPIRICAL,cuda,on,2.11.0+cu128,12.8,NVIDIA GeForce RTX 3090,7.55442660022527,632516608,0.9880571993999183
TOR-09,B6,1300,maia3-79m,2,h4g5,Bxg5,0.12124299257993698,0.9880571993999183,0.4464496201321918,471,27,502,rnbqkb1r/ppp1p3/5p2/3p2pp/3P3B/4P3/PPPN1PPP/R2QKB1R w KQkq -,MODEL_PREDICTION_NOT_EMPIRICAL,cuda,on,2.11.0+cu128,12.8,NVIDIA GeForce RTX 3090,7.55442660022527,632516608,0.9880571993999183
TOR-09,B6,1300,maia3-79m,3,f1e2,Be2,0.06801115721464157,0.9880571993999183,0.4464496201321918,459,24,517,rnbqkb1r/ppp1p3/5p2/3p2pp/3P3B/4P3/PPPN1PPP/R2QKB1R w KQkq -,MODEL_PREDICTION_NOT_EMPIRICAL,cuda,on,2.11.0+cu128,12.8,NVIDIA GeForce RTX 3090,7.55442660022527,632516608,0.9880571993999183
TOR-09,B6,1300,maia3-79m,4,f1d3,Bd3,0.03815079852938652,0.9880571993999183,0.4464496201321918,519,19,462,rnbqkb1r/ppp1p3/5p2/3p2pp/3P3B/4P3/PPPN1PPP/R2QKB1R w KQkq -,MODEL_PREDICTION_NOT_EMPIRICAL,cuda,on,2.11.0+cu128,12.8,NVIDIA GeForce RTX 3090,7.55442660022527,632516608,0.9880571993999183
TOR-09,B6,1300,maia3-79m,5,f1b5,Bb5+,0.029251234605908394,0.9880571993999183,0.4464496201321918,397,27,576,rnbqkb1r/ppp1p3/5p2/3p2pp/3P3B/4P3/PPPN1PPP/R2QKB1R w KQkq -,MODEL_PREDICTION_NOT_EMPIRICAL,cuda,on,2.11.0+cu128,12.8,NVIDIA GeForce RTX 3090,7.55442660022527,632516608,0.9880571993999183
TOR-09,B6,1300,maia3-79m,6,d2f3,Nf3,0.011277355253696442,0.9880571993999183,0.4464496201321918,371,26,603,rnbqkb1r/ppp1p3/5p2/3p2pp/3P3B/4P3/PPPN1PPP/R2QKB1R w KQkq -,MODEL_PREDICTION_NOT_EMPIRICAL,cuda,on,2.11.0+cu128,12.8,NVIDIA GeForce RTX 3090,7.55442660022527,632516608,0.9880571993999183
TOR-09,B6,1300,maia3-79m,7,c2c4,c4,0.003333579981699586,0.9880571993999183,0.4464496201321918,368,23,609,rnbqkb1r/ppp1p3/5p2/3p2pp/3P3B/4P3/PPPN1PPP/R2QKB1R w KQkq -,MODEL_PREDICTION_NOT_EMPIRICAL,cuda,on,2.11.0+cu128,12.8,NVIDIA GeForce RTX 3090,7.55442660022527,632516608,0.9880571993999183
TOR-09,B6,1300,maia3-79m,8,g2g4,g4,0.003180924104526639,0.9880571993999183,0.4464496201321918,328,26,646,rnbqkb1r/ppp1p3/5p2/3p2pp/3P3B/4P3/PPPN1PPP/R2QKB1R w KQkq -,MODEL_PREDICTION_NOT_EMPIRICAL,cuda,on,2.11.0+cu128,12.8,NVIDIA GeForce RTX 3090,7.55442660022527,632516608,0.9880571993999183
TOR-09,B6,1300,maia3-79m,9,f2f4,f4,0.0026786066591739655,0.9880571993999183,0.4464496201321918,318,25,657,rnbqkb1r/ppp1p3/5p2/3p2pp/3P3B/4P3/PPPN1PPP/R2QKB1R w KQkq -,MODEL_PREDICTION_NOT_EMPIRICAL,cuda,on,2.11.0+cu128,12.8,NVIDIA GeForce RTX 3090,7.55442660022527,632516608,0.9880571993999183
TOR-09,B6,1300,maia3-79m,10,c2c3,c3,0.002238059416413307,0.9880571993999183,0.4464496201321918,354,24,622,rnbqkb1r/ppp1p3/5p2/3p2pp/3P3B/4P3/PPPN1PPP/R2QKB1R w KQkq -,MODEL_PREDICTION_NOT_EMPIRICAL,cuda,on,2.11.0+cu128,12.8,NVIDIA GeForce RTX 3090,7.55442660022527,632516608,0.9880571993999183
TOR-09,B6,1500,maia3-79m,1,h4g3,Bg3,0.6745326519012451,0.990513512166217,0.47725362036867364,325,23,652,rnbqkb1r/ppp1p3/5p2/3p2pp/3P3B/4P3/PPPN1PPP/R2QKB1R w KQkq -,MODEL_PREDICTION_NOT_EMPIRICAL,cuda,on,2.11.0+cu128,12.8,NVIDIA GeForce RTX 3090,7.55442660022527,632516608,0.990513512166217
TOR-09,B6,1500,maia3-79m,2,h4g5,Bxg5,0.12873680889606476,0.990513512166217,0.47725362036867364,468,25,507,rnbqkb1r/ppp1p3/5p2/3p2pp/3P3B/4P3/PPPN1PPP/R2QKB1R w KQkq -,MODEL_PREDICTION_NOT_EMPIRICAL,cuda,on,2.11.0+cu128,12.8,NVIDIA GeForce RTX 3090,7.55442660022527,632516608,0.990513512166217
TOR-09,B6,1500,maia3-79m,3,f1e2,Be2,0.08710768073797226,0.990513512166217,0.47725362036867364,488,23,489,rnbqkb1r/ppp1p3/5p2/3p2pp/3P3B/4P3/PPPN1PPP/R2QKB1R w KQkq -,MODEL_PREDICTION_NOT_EMPIRICAL,cuda,on,2.11.0+cu128,12.8,NVIDIA GeForce RTX 3090,7.55442660022527,632516608,0.990513512166217
TOR-09,B6,1500,maia3-79m,4,f1d3,Bd3,0.05712661147117615,0.990513512166217,0.47725362036867364,521,19,460,rnbqkb1r/ppp1p3/5p2/3p2pp/3P3B/4P3/PPPN1PPP/R2QKB1R w KQkq -,MODEL_PREDICTION_NOT_EMPIRICAL,cuda,on,2.11.0+cu128,12.8,NVIDIA GeForce RTX 3090,7.55442660022527,632516608,0.990513512166217
TOR-09,B6,1500,maia3-79m,5,f1b5,Bb5+,0.021682817488908768,0.990513512166217,0.47725362036867364,393,27,580,rnbqkb1r/ppp1p3/5p2/3p2pp/3P3B/4P3/PPPN1PPP/R2QKB1R w KQkq -,MODEL_PREDICTION_NOT_EMPIRICAL,cuda,on,2.11.0+cu128,12.8,NVIDIA GeForce RTX 3090,7.55442660022527,632516608,0.990513512166217
TOR-09,B6,1500,maia3-79m,6,d2f3,Nf3,0.011426040902733803,0.990513512166217,0.47725362036867364,377,25,598,rnbqkb1r/ppp1p3/5p2/3p2pp/3P3B/4P3/PPPN1PPP/R2QKB1R w KQkq -,MODEL_PREDICTION_NOT_EMPIRICAL,cuda,on,2.11.0+cu128,12.8,NVIDIA GeForce RTX 3090,7.55442660022527,632516608,0.990513512166217
TOR-09,B6,1500,maia3-79m,7,c2c4,c4,0.0035396225284785032,0.990513512166217,0.47725362036867364,369,21,610,rnbqkb1r/ppp1p3/5p2/3p2pp/3P3B/4P3/PPPN1PPP/R2QKB1R w KQkq -,MODEL_PREDICTION_NOT_EMPIRICAL,cuda,on,2.11.0+cu128,12.8,NVIDIA GeForce RTX 3090,7.55442660022527,632516608,0.990513512166217
TOR-09,B6,1500,maia3-79m,8,f2f4,f4,0.002215038985013962,0.990513512166217,0.47725362036867364,308,23,669,rnbqkb1r/ppp1p3/5p2/3p2pp/3P3B/4P3/PPPN1PPP/R2QKB1R w KQkq -,MODEL_PREDICTION_NOT_EMPIRICAL,cuda,on,2.11.0+cu128,12.8,NVIDIA GeForce RTX 3090,7.55442660022527,632516608,0.990513512166217
TOR-09,B6,1500,maia3-79m,9,c2c3,c3,0.0021136051509529352,0.990513512166217,0.47725362036867364,348,22,630,rnbqkb1r/ppp1p3/5p2/3p2pp/3P3B/4P3/PPPN1PPP/R2QKB1R w KQkq -,MODEL_PREDICTION_NOT_EMPIRICAL,cuda,on,2.11.0+cu128,12.8,NVIDIA GeForce RTX 3090,7.55442660022527,632516608,0.990513512166217
TOR-09,B6,1500,maia3-79m,10,g2g4,g4,0.0020326341036707163,0.990513512166217,0.47725362036867364,318,23,659,rnbqkb1r/ppp1p3/5p2/3p2pp/3P3B/4P3/PPPN1PPP/R2QKB1R w KQkq -,MODEL_PREDICTION_NOT_EMPIRICAL,cuda,on,2.11.0+cu128,12.8,NVIDIA GeForce RTX 3090,7.55442660022527,632516608,0.990513512166217
TOR-09,B6,1700,maia3-79m,1,h4g3,Bg3,0.6497893333435059,0.9933459388557822,0.49746032573348403,316,23,661,rnbqkb1r/ppp1p3/5p2/3p2pp/3P3B/4P3/PPPN1PPP/R2QKB1R w KQkq -,MODEL_PREDICTION_NOT_EMPIRICAL,cuda,on,2.11.0+cu128,12.8,NVIDIA GeForce RTX 3090,7.55442660022527,632516608,0.9933459388557822
TOR-09,B6,1700,maia3-79m,2,f1e2,Be2,0.1111658439040184,0.9933459388557822,0.49746032573348403,508,24,468,rnbqkb1r/ppp1p3/5p2/3p2pp/3P3B/4P3/PPPN1PPP/R2QKB1R w KQkq -,MODEL_PREDICTION_NOT_EMPIRICAL,cuda,on,2.11.0+cu128,12.8,NVIDIA GeForce RTX 3090,7.55442660022527,632516608,0.9933459388557822
TOR-09,B6,1700,maia3-79m,3,h4g5,Bxg5,0.10774562507867813,0.9933459388557822,0.49746032573348403,462,24,514,rnbqkb1r/ppp1p3/5p2/3p2pp/3P3B/4P3/PPPN1PPP/R2QKB1R w KQkq -,MODEL_PREDICTION_NOT_EMPIRICAL,cuda,on,2.11.0+cu128,12.8,NVIDIA GeForce RTX 3090,7.55442660022527,632516608,0.9933459388557822
TOR-09,B6,1700,maia3-79m,4,f1d3,Bd3,0.09073092043399811,0.9933459388557822,0.49746032573348403,516,21,463,rnbqkb1r/ppp1p3/5p2/3p2pp/3P3B/4P3/PPPN1PPP/R2QKB1R w KQkq -,MODEL_PREDICTION_NOT_EMPIRICAL,cuda,on,2.11.0+cu128,12.8,NVIDIA GeForce RTX 3090,7.55442660022527,632516608,0.9933459388557822
TOR-09,B6,1700,maia3-79m,5,f1b5,Bb5+,0.013914037495851517,0.9933459388557822,0.49746032573348403,392,27,581,rnbqkb1r/ppp1p3/5p2/3p2pp/3P3B/4P3/PPPN1PPP/R2QKB1R w KQkq -,MODEL_PREDICTION_NOT_EMPIRICAL,cuda,on,2.11.0+cu128,12.8,NVIDIA GeForce RTX 3090,7.55442660022527,632516608,0.9933459388557822
TOR-09,B6,1700,maia3-79m,6,d2f3,Nf3,0.010836263187229633,0.9933459388557822,0.49746032573348403,390,24,586,rnbqkb1r/ppp1p3/5p2/3p2pp/3P3B/4P3/PPPN1PPP/R2QKB1R w KQkq -,MODEL_PREDICTION_NOT_EMPIRICAL,cuda,on,2.11.0+cu128,12.8,NVIDIA GeForce RTX 3090,7.55442660022527,632516608,0.9933459388557822
TOR-09,B6,1700,maia3-79m,7,c2c4,c4,0.004145239945501089,0.9933459388557822,0.49746032573348403,363,20,617,rnbqkb1r/ppp1p3/5p2/3p2pp/3P3B/4P3/PPPN1PPP/R2QKB1R w KQkq -,MODEL_PREDICTION_NOT_EMPIRICAL,cuda,on,2.11.0+cu128,12.8,NVIDIA GeForce RTX 3090,7.55442660022527,632516608,0.9933459388557822
TOR-09,B6,1700,maia3-79m,8,c2c3,c3,0.0018830602057278156,0.9933459388557822,0.49746032573348403,338,21,641,rnbqkb1r/ppp1p3/5p2/3p2pp/3P3B/4P3/PPPN1PPP/R2QKB1R w KQkq -,MODEL_PREDICTION_NOT_EMPIRICAL,cuda,on,2.11.0+cu128,12.8,NVIDIA GeForce RTX 3090,7.55442660022527,632516608,0.9933459388557822
TOR-09,B6,1700,maia3-79m,9,f2f4,f4,0.0016106667462736368,0.9933459388557822,0.49746032573348403,290,21,689,rnbqkb1r/ppp1p3/5p2/3p2pp/3P3B/4P3/PPPN1PPP/R2QKB1R w KQkq -,MODEL_PREDICTION_NOT_EMPIRICAL,cuda,on,2.11.0+cu128,12.8,NVIDIA GeForce RTX 3090,7.55442660022527,632516608,0.9933459388557822
TOR-09,B6,1700,maia3-79m,10,f2f3,f3,0.0015249485149979591,0.9933459388557822,0.49746032573348403,317,20,663,rnbqkb1r/ppp1p3/5p2/3p2pp/3P3B/4P3/PPPN1PPP/R2QKB1R w KQkq -,MODEL_PREDICTION_NOT_EMPIRICAL,cuda,on,2.11.0+cu128,12.8,NVIDIA GeForce RTX 3090,7.55442660022527,632516608,0.9933459388557822
TOR-09,B6,1900,maia3-79m,1,h4g3,Bg3,0.6029552221298218,0.996145801153034,0.5104637333523477,298,24,678,rnbqkb1r/ppp1p3/5p2/3p2pp/3P3B/4P3/PPPN1PPP/R2QKB1R w KQkq -,MODEL_PREDICTION_NOT_EMPIRICAL,cuda,on,2.11.0+cu128,12.8,NVIDIA GeForce RTX 3090,7.55442660022527,632516608,0.996145801153034
TOR-09,B6,1900,maia3-79m,2,f1e2,Be2,0.1597672402858734,0.996145801153034,0.5104637333523477,532,27,441,rnbqkb1r/ppp1p3/5p2/3p2pp/3P3B/4P3/PPPN1PPP/R2QKB1R w KQkq -,MODEL_PREDICTION_NOT_EMPIRICAL,cuda,on,2.11.0+cu128,12.8,NVIDIA GeForce RTX 3090,7.55442660022527,632516608,0.996145801153034
TOR-09,B6,1900,maia3-79m,3,f1d3,Bd3,0.15008743107318878,0.996145801153034,0.5104637333523477,518,23,459,rnbqkb1r/ppp1p3/5p2/3p2pp/3P3B/4P3/PPPN1PPP/R2QKB1R w KQkq -,MODEL_PREDICTION_NOT_EMPIRICAL,cuda,on,2.11.0+cu128,12.8,NVIDIA GeForce RTX 3090,7.55442660022527,632516608,0.996145801153034
TOR-09,B6,1900,maia3-79m,4,h4g5,Bxg5,0.059700652956962585,0.996145801153034,0.5104637333523477,438,24,538,rnbqkb1r/ppp1p3/5p2/3p2pp/3P3B/4P3/PPPN1PPP/R2QKB1R w KQkq -,MODEL_PREDICTION_NOT_EMPIRICAL,cuda,on,2.11.0+cu128,12.8,NVIDIA GeForce RTX 3090,7.55442660022527,632516608,0.996145801153034
TOR-09,B6,1900,maia3-79m,5,d2f3,Nf3,0.008079605177044868,0.996145801153034,0.5104637333523477,397,25,578,rnbqkb1r/ppp1p3/5p2/3p2pp/3P3B/4P3/PPPN1PPP/R2QKB1R w KQkq -,MODEL_PREDICTION_NOT_EMPIRICAL,cuda,on,2.11.0+cu128,12.8,NVIDIA GeForce RTX 3090,7.55442660022527,632516608,0.996145801153034
TOR-09,B6,1900,maia3-79m,6,f1b5,Bb5+,0.007074738387018442,0.996145801153034,0.5104637333523477,400,30,570,rnbqkb1r/ppp1p3/5p2/3p2pp/3P3B/4P3/PPPN1PPP/R2QKB1R w KQkq -,MODEL_PREDICTION_NOT_EMPIRICAL,cuda,on,2.11.0+cu128,12.8,NVIDIA GeForce RTX 3090,7.55442660022527,632516608,0.996145801153034
TOR-09,B6,1900,maia3-79m,7,c2c4,c4,0.00467611663043499,0.996145801153034,0.5104637333523477,349,20,631,rnbqkb1r/ppp1p3/5p2/3p2pp/3P3B/4P3/PPPN1PPP/R2QKB1R w KQkq -,MODEL_PREDICTION_NOT_EMPIRICAL,cuda,on,2.11.0+cu128,12.8,NVIDIA GeForce RTX 3090,7.55442660022527,632516608,0.996145801153034
TOR-09,B6,1900,maia3-79m,8,f2f3,f3,0.0013822574401274323,0.996145801153034,0.5104637333523477,302,20,678,rnbqkb1r/ppp1p3/5p2/3p2pp/3P3B/4P3/PPPN1PPP/R2QKB1R w KQkq -,MODEL_PREDICTION_NOT_EMPIRICAL,cuda,on,2.11.0+cu128,12.8,NVIDIA GeForce RTX 3090,7.55442660022527,632516608,0.996145801153034
TOR-09,B6,1900,maia3-79m,9,c2c3,c3,0.0012585596414282918,0.996145801153034,0.5104637333523477,318,21,661,rnbqkb1r/ppp1p3/5p2/3p2pp/3P3B/4P3/PPPN1PPP/R2QKB1R w KQkq -,MODEL_PREDICTION_NOT_EMPIRICAL,cuda,on,2.11.0+cu128,12.8,NVIDIA GeForce RTX 3090,7.55442660022527,632516608,0.996145801153034
TOR-09,B6,1900,maia3-79m,10,f2f4,f4,0.0011639774311333895,0.996145801153034,0.5104637333523477,271,20,709,rnbqkb1r/ppp1p3/5p2/3p2pp/3P3B/4P3/PPPN1PPP/R2QKB1R w KQkq -,MODEL_PREDICTION_NOT_EMPIRICAL,cuda,on,2.11.0+cu128,12.8,NVIDIA GeForce RTX 3090,7.55442660022527,632516608,0.996145801153034
TOR-09,B6,2100,maia3-79m,1,h4g3,Bg3,0.4451521933078766,0.9977788215037435,0.5375780148434945,281,26,693,rnbqkb1r/ppp1p3/5p2/3p2pp/3P3B/4P3/PPPN1PPP/R2QKB1R w KQkq -,MODEL_PREDICTION_NOT_EMPIRICAL,cuda,on,2.11.0+cu128,12.8,NVIDIA GeForce RTX 3090,7.55442660022527,632516608,0.9977788215037435
TOR-09,B6,2100,maia3-79m,2,f1d3,Bd3,0.25763431191444397,0.9977788215037435,0.5375780148434945,527,30,443,rnbqkb1r/ppp1p3/5p2/3p2pp/3P3B/4P3/PPPN1PPP/R2QKB1R w KQkq -,MODEL_PREDICTION_NOT_EMPIRICAL,cuda,on,2.11.0+cu128,12.8,NVIDIA GeForce RTX 3090,7.55442660022527,632516608,0.9977788215037435
TOR-09,B6,2100,maia3-79m,3,f1e2,Be2,0.2536400556564331,0.9977788215037435,0.5375780148434945,557,33,410,rnbqkb1r/ppp1p3/5p2/3p2pp/3P3B/4P3/PPPN1PPP/R2QKB1R w KQkq -,MODEL_PREDICTION_NOT_EMPIRICAL,cuda,on,2.11.0+cu128,12.8,NVIDIA GeForce RTX 3090,7.55442660022527,632516608,0.9977788215037435
TOR-09,B6,2100,maia3-79m,4,h4g5,Bxg5,0.02758207730948925,0.9977788215037435,0.5375780148434945,385,26,589,rnbqkb1r/ppp1p3/5p2/3p2pp/3P3B/4P3/PPPN1PPP/R2QKB1R w KQkq -,MODEL_PREDICTION_NOT_EMPIRICAL,cuda,on,2.11.0+cu128,12.8,NVIDIA GeForce RTX 3090,7.55442660022527,632516608,0.9977788215037435
TOR-09,B6,2100,maia3-79m,5,d2f3,Nf3,0.004467610269784927,0.9977788215037435,0.5375780148434945,401,29,570,rnbqkb1r/ppp1p3/5p2/3p2pp/3P3B/4P3/PPPN1PPP/R2QKB1R w KQkq -,MODEL_PREDICTION_NOT_EMPIRICAL,cuda,on,2.11.0+cu128,12.8,NVIDIA GeForce RTX 3090,7.55442660022527,632516608,0.9977788215037435
TOR-09,B6,2100,maia3-79m,6,c2c4,c4,0.0037037793081253767,0.9977788215037435,0.5375780148434945,338,22,640,rnbqkb1r/ppp1p3/5p2/3p2pp/3P3B/4P3/PPPN1PPP/R2QKB1R w KQkq -,MODEL_PREDICTION_NOT_EMPIRICAL,cuda,on,2.11.0+cu128,12.8,NVIDIA GeForce RTX 3090,7.55442660022527,632516608,0.9977788215037435
TOR-09,B6,2100,maia3-79m,7,f1b5,Bb5+,0.002317765960469842,0.9977788215037435,0.5375780148434945,424,37,539,rnbqkb1r/ppp1p3/5p2/3p2pp/3P3B/4P3/PPPN1PPP/R2QKB1R w KQkq -,MODEL_PREDICTION_NOT_EMPIRICAL,cuda,on,2.11.0+cu128,12.8,NVIDIA GeForce RTX 3090,7.55442660022527,632516608,0.9977788215037435
TOR-09,B6,2100,maia3-79m,8,f2f3,f3,0.001394856022670865,0.9977788215037435,0.5375780148434945,284,21,695,rnbqkb1r/ppp1p3/5p2/3p2pp/3P3B/4P3/PPPN1PPP/R2QKB1R w KQkq -,MODEL_PREDICTION_NOT_EMPIRICAL,cuda,on,2.11.0+cu128,12.8,NVIDIA GeForce RTX 3090,7.55442660022527,632516608,0.9977788215037435
TOR-09,B6,2100,maia3-79m,9,f2f4,f4,0.0013001487823203206,0.9977788215037435,0.5375780148434945,254,20,726,rnbqkb1r/ppp1p3/5p2/3p2pp/3P3B/4P3/PPPN1PPP/R2QKB1R w KQkq -,MODEL_PREDICTION_NOT_EMPIRICAL,cuda,on,2.11.0+cu128,12.8,NVIDIA GeForce RTX 3090,7.55442660022527,632516608,0.9977788215037435
TOR-09,B6,2100,maia3-79m,10,c2c3,c3,0.0005860229721292853,0.9977788215037435,0.5375780148434945,299,23,678,rnbqkb1r/ppp1p3/5p2/3p2pp/3P3B/4P3/PPPN1PPP/R2QKB1R w KQkq -,MODEL_PREDICTION_NOT_EMPIRICAL,cuda,on,2.11.0+cu128,12.8,NVIDIA GeForce RTX 3090,7.55442660022527,632516608,0.9977788215037435
STO-01,B6,1100,maia3-79m,1,g1f3,Nf3,0.4332212507724762,0.989605600014329,0.7111401306938296,477,24,499,rn1qkb1r/pp2pppp/5n2/3p1b2/2pP1P2/4P3/PPP1B1PP/RNBQK1NR w KQkq -,MODEL_PREDICTION_NOT_EMPIRICAL,cuda,on,2.11.0+cu128,12.8,NVIDIA GeForce RTX 3090,7.55442660022527,632516608,0.989605600014329
STO-01,B6,1100,maia3-79m,2,c2c3,c3,0.22475223243236542,0.989605600014329,0.7111401306938296,438,24,538,rn1qkb1r/pp2pppp/5n2/3p1b2/2pP1P2/4P3/PPP1B1PP/RNBQK1NR w KQkq -,MODEL_PREDICTION_NOT_EMPIRICAL,cuda,on,2.11.0+cu128,12.8,NVIDIA GeForce RTX 3090,7.55442660022527,632516608,0.989605600014329
STO-01,B6,1100,maia3-79m,3,b2b3,b3,0.11301252245903015,0.989605600014329,0.7111401306938296,437,23,540,rn1qkb1r/pp2pppp/5n2/3p1b2/2pP1P2/4P3/PPP1B1PP/RNBQK1NR w KQkq -,MODEL_PREDICTION_NOT_EMPIRICAL,cuda,on,2.11.0+cu128,12.8,NVIDIA GeForce RTX 3090,7.55442660022527,632516608,0.989605600014329
STO-01,B6,1100,maia3-79m,4,b1c3,Nc3,0.07183512300252914,0.989605600014329,0.7111401306938296,428,23,549,rn1qkb1r/pp2pppp/5n2/3p1b2/2pP1P2/4P3/PPP1B1PP/RNBQK1NR w KQkq -,MODEL_PREDICTION_NOT_EMPIRICAL,cuda,on,2.11.0+cu128,12.8,NVIDIA GeForce RTX 3090,7.55442660022527,632516608,0.989605600014329
STO-01,B6,1100,maia3-79m,5,b1d2,Nd2,0.06439258903265,0.989605600014329,0.7111401306938296,419,23,558,rn1qkb1r/pp2pppp/5n2/3p1b2/2pP1P2/4P3/PPP1B1PP/RNBQK1NR w KQkq -,MODEL_PREDICTION_NOT_EMPIRICAL,cuda,on,2.11.0+cu128,12.8,NVIDIA GeForce RTX 3090,7.55442660022527,632516608,0.989605600014329
STO-01,B6,1100,maia3-79m,6,g2g4,g4,0.028131041675806046,0.989605600014329,0.7111401306938296,421,24,555,rn1qkb1r/pp2pppp/5n2/3p1b2/2pP1P2/4P3/PPP1B1PP/RNBQK1NR w KQkq -,MODEL_PREDICTION_NOT_EMPIRICAL,cuda,on,2.11.0+cu128,12.8,NVIDIA GeForce RTX 3090,7.55442660022527,632516608,0.989605600014329
STO-01,B6,1100,maia3-79m,7,e2f3,Bf3,0.02190847508609295,0.989605600014329,0.7111401306938296,422,24,554,rn1qkb1r/pp2pppp/5n2/3p1b2/2pP1P2/4P3/PPP1B1PP/RNBQK1NR w KQkq -,MODEL_PREDICTION_NOT_EMPIRICAL,cuda,on,2.11.0+cu128,12.8,NVIDIA GeForce RTX 3090,7.55442660022527,632516608,0.989605600014329
STO-01,B6,1100,maia3-79m,8,h2h3,h3,0.017603954300284386,0.989605600014329,0.7111401306938296,433,23,544,rn1qkb1r/pp2pppp/5n2/3p1b2/2pP1P2/4P3/PPP1B1PP/RNBQK1NR w KQkq -,MODEL_PREDICTION_NOT_EMPIRICAL,cuda,on,2.11.0+cu128,12.8,NVIDIA GeForce RTX 3090,7.55442660022527,632516608,0.989605600014329
STO-01,B6,1100,maia3-79m,9,c1d2,Bd2,0.008851824328303337,0.989605600014329,0.7111401306938296,407,23,570,rn1qkb1r/pp2pppp/5n2/3p1b2/2pP1P2/4P3/PPP1B1PP/RNBQK1NR w KQkq -,MODEL_PREDICTION_NOT_EMPIRICAL,cuda,on,2.11.0+cu128,12.8,NVIDIA GeForce RTX 3090,7.55442660022527,632516608,0.989605600014329
STO-01,B6,1100,maia3-79m,10,b1a3,Na3,0.005896586924791336,0.989605600014329,0.7111401306938296,388,22,590,rn1qkb1r/pp2pppp/5n2/3p1b2/2pP1P2/4P3/PPP1B1PP/RNBQK1NR w KQkq -,MODEL_PREDICTION_NOT_EMPIRICAL,cuda,on,2.11.0+cu128,12.8,NVIDIA GeForce RTX 3090,7.55442660022527,632516608,0.989605600014329
STO-01,B6,1300,maia3-79m,1,g1f3,Nf3,0.4179283678531647,0.9930686682928354,0.6599672383751973,485,25,490,rn1qkb1r/pp2pppp/5n2/3p1b2/2pP1P2/4P3/PPP1B1PP/RNBQK1NR w KQkq -,MODEL_PREDICTION_NOT_EMPIRICAL,cuda,on,2.11.0+cu128,12.8,NVIDIA GeForce RTX 3090,7.55442660022527,632516608,0.9930686682928354
STO-01,B6,1300,maia3-79m,2,c2c3,c3,0.30576291680336,0.9930686682928354,0.6599672383751973,443,25,532,rn1qkb1r/pp2pppp/5n2/3p1b2/2pP1P2/4P3/PPP1B1PP/RNBQK1NR w KQkq -,MODEL_PREDICTION_NOT_EMPIRICAL,cuda,on,2.11.0+cu128,12.8,NVIDIA GeForce RTX 3090,7.55442660022527,632516608,0.9930686682928354
STO-01,B6,1300,maia3-79m,3,b2b3,b3,0.10566883534193039,0.9930686682928354,0.6599672383751973,434,24,542,rn1qkb1r/pp2pppp/5n2/3p1b2/2pP1P2/4P3/PPP1B1PP/RNBQK1NR w KQkq -,MODEL_PREDICTION_NOT_EMPIRICAL,cuda,on,2.11.0+cu128,12.8,NVIDIA GeForce RTX 3090,7.55442660022527,632516608,0.9930686682928354
STO-01,B6,1300,maia3-79m,4,b1d2,Nd2,0.0621195062994957,0.9930686682928354,0.6599672383751973,420,23,557,rn1qkb1r/pp2pppp/5n2/3p1b2/2pP1P2/4P3/PPP1B1PP/RNBQK1NR w KQkq -,MODEL_PREDICTION_NOT_EMPIRICAL,cuda,on,2.11.0+cu128,12.8,NVIDIA GeForce RTX 3090,7.55442660022527,632516608,0.9930686682928354
STO-01,B6,1300,maia3-79m,5,b1c3,Nc3,0.04336640611290932,0.9930686682928354,0.6599672383751973,434,23,543,rn1qkb1r/pp2pppp/5n2/3p1b2/2pP1P2/4P3/PPP1B1PP/RNBQK1NR w KQkq -,MODEL_PREDICTION_NOT_EMPIRICAL,cuda,on,2.11.0+cu128,12.8,NVIDIA GeForce RTX 3090,7.55442660022527,632516608,0.9930686682928354
STO-01,B6,1300,maia3-79m,6,g2g4,g4,0.020807428285479546,0.9930686682928354,0.6599672383751973,403,22,575,rn1qkb1r/pp2pppp/5n2/3p1b2/2pP1P2/4P3/PPP1B1PP/RNBQK1NR w KQkq -,MODEL_PREDICTION_NOT_EMPIRICAL,cuda,on,2.11.0+cu128,12.8,NVIDIA GeForce RTX 3090,7.55442660022527,632516608,0.9930686682928354
STO-01,B6,1300,maia3-79m,7,e2f3,Bf3,0.018651658669114113,0.9930686682928354,0.6599672383751973,425,25,550,rn1qkb1r/pp2pppp/5n2/3p1b2/2pP1P2/4P3/PPP1B1PP/RNBQK1NR w KQkq -,MODEL_PREDICTION_NOT_EMPIRICAL,cuda,on,2.11.0+cu128,12.8,NVIDIA GeForce RTX 3090,7.55442660022527,632516608,0.9930686682928354
STO-01,B6,1300,maia3-79m,8,h2h3,h3,0.010794752277433872,0.9930686682928354,0.6599672383751973,436,23,541,rn1qkb1r/pp2pppp/5n2/3p1b2/2pP1P2/4P3/PPP1B1PP/RNBQK1NR w KQkq -,MODEL_PREDICTION_NOT_EMPIRICAL,cuda,on,2.11.0+cu128,12.8,NVIDIA GeForce RTX 3090,7.55442660022527,632516608,0.9930686682928354
STO-01,B6,1300,maia3-79m,9,c1d2,Bd2,0.006150663830339909,0.9930686682928354,0.6599672383751973,413,23,564,rn1qkb1r/pp2pppp/5n2/3p1b2/2pP1P2/4P3/PPP1B1PP/RNBQK1NR w KQkq -,MODEL_PREDICTION_NOT_EMPIRICAL,cuda,on,2.11.0+cu128,12.8,NVIDIA GeForce RTX 3090,7.55442660022527,632516608,0.9930686682928354
STO-01,B6,1300,maia3-79m,10,b1a3,Na3,0.0018181328196078539,0.9930686682928354,0.6599672383751973,376,22,602,rn1qkb1r/pp2pppp/5n2/3p1b2/2pP1P2/4P3/PPP1B1PP/RNBQK1NR w KQkq -,MODEL_PREDICTION_NOT_EMPIRICAL,cuda,on,2.11.0+cu128,12.8,NVIDIA GeForce RTX 3090,7.55442660022527,632516608,0.9930686682928354
STO-01,B6,1500,maia3-79m,1,g1f3,Nf3,0.3925688862800598,0.9955298625864089,0.6147348640587167,495,26,479,rn1qkb1r/pp2pppp/5n2/3p1b2/2pP1P2/4P3/PPP1B1PP/RNBQK1NR w KQkq -,MODEL_PREDICTION_NOT_EMPIRICAL,cuda,on,2.11.0+cu128,12.8,NVIDIA GeForce RTX 3090,7.55442660022527,632516608,0.9955298625864089
STO-01,B6,1500,maia3-79m,2,c2c3,c3,0.38648268580436707,0.9955298625864089,0.6147348640587167,459,27,514,rn1qkb1r/pp2pppp/5n2/3p1b2/2pP1P2/4P3/PPP1B1PP/RNBQK1NR w KQkq -,MODEL_PREDICTION_NOT_EMPIRICAL,cuda,on,2.11.0+cu128,12.8,NVIDIA GeForce RTX 3090,7.55442660022527,632516608,0.9955298625864089
STO-01,B6,1500,maia3-79m,3,b2b3,b3,0.08623594045639038,0.9955298625864089,0.6147348640587167,440,25,535,rn1qkb1r/pp2pppp/5n2/3p1b2/2pP1P2/4P3/PPP1B1PP/RNBQK1NR w KQkq -,MODEL_PREDICTION_NOT_EMPIRICAL,cuda,on,2.11.0+cu128,12.8,NVIDIA GeForce RTX 3090,7.55442660022527,632516608,0.9955298625864089
STO-01,B6,1500,maia3-79m,4,b1d2,Nd2,0.058350153267383575,0.9955298625864089,0.6147348640587167,434,25,541,rn1qkb1r/pp2pppp/5n2/3p1b2/2pP1P2/4P3/PPP1B1PP/RNBQK1NR w KQkq -,MODEL_PREDICTION_NOT_EMPIRICAL,cuda,on,2.11.0+cu128,12.8,NVIDIA GeForce RTX 3090,7.55442660022527,632516608,0.9955298625864089
STO-01,B6,1500,maia3-79m,5,b1c3,Nc3,0.02394685335457325,0.9955298625864089,0.6147348640587167,450,25,525,rn1qkb1r/pp2pppp/5n2/3p1b2/2pP1P2/4P3/PPP1B1PP/RNBQK1NR w KQkq -,MODEL_PREDICTION_NOT_EMPIRICAL,cuda,on,2.11.0+cu128,12.8,NVIDIA GeForce RTX 3090,7.55442660022527,632516608,0.9955298625864089
STO-01,B6,1500,maia3-79m,6,e2f3,Bf3,0.017519893124699593,0.9955298625864089,0.6147348640587167,438,26,536,rn1qkb1r/pp2pppp/5n2/3p1b2/2pP1P2/4P3/PPP1B1PP/RNBQK1NR w KQkq -,MODEL_PREDICTION_NOT_EMPIRICAL,cuda,on,2.11.0+cu128,12.8,NVIDIA GeForce RTX 3090,7.55442660022527,632516608,0.9955298625864089
STO-01,B6,1500,maia3-79m,7,g2g4,g4,0.015461251139640808,0.9955298625864089,0.6147348640587167,407,23,570,rn1qkb1r/pp2pppp/5n2/3p1b2/2pP1P2/4P3/PPP1B1PP/RNBQK1NR w KQkq -,MODEL_PREDICTION_NOT_EMPIRICAL,cuda,on,2.11.0+cu128,12.8,NVIDIA GeForce RTX 3090,7.55442660022527,632516608,0.9955298625864089
STO-01,B6,1500,maia3-79m,8,h2h3,h3,0.005960843525826931,0.9955298625864089,0.6147348640587167,451,25,524,rn1qkb1r/pp2pppp/5n2/3p1b2/2pP1P2/4P3/PPP1B1PP/RNBQK1NR w KQkq -,MODEL_PREDICTION_NOT_EMPIRICAL,cuda,on,2.11.0+cu128,12.8,NVIDIA GeForce RTX 3090,7.55442660022527,632516608,0.9955298625864089
STO-01,B6,1500,maia3-79m,9,a2a4,a4,0.004642309155315161,0.9955298625864089,0.6147348640587167,431,24,545,rn1qkb1r/pp2pppp/5n2/3p1b2/2pP1P2/4P3/PPP1B1PP/RNBQK1NR w KQkq -,MODEL_PREDICTION_NOT_EMPIRICAL,cuda,on,2.11.0+cu128,12.8,NVIDIA GeForce RTX 3090,7.55442660022527,632516608,0.9955298625864089
STO-01,B6,1500,maia3-79m,10,c1d2,Bd2,0.004361046478152275,0.9955298625864089,0.6147348640587167,431,25,544,rn1qkb1r/pp2pppp/5n2/3p1b2/2pP1P2/4P3/PPP1B1PP/RNBQK1NR w KQkq -,MODEL_PREDICTION_NOT_EMPIRICAL,cuda,on,2.11.0+cu128,12.8,NVIDIA GeForce RTX 3090,7.55442660022527,632516608,0.9955298625864089
STO-01,B6,1700,maia3-79m,1,c2c3,c3,0.43232032656669617,0.9968392017763108,0.5797881397555336,479,30,491,rn1qkb1r/pp2pppp/5n2/3p1b2/2pP1P2/4P3/PPP1B1PP/RNBQK1NR w KQkq -,MODEL_PREDICTION_NOT_EMPIRICAL,cuda,on,2.11.0+cu128,12.8,NVIDIA GeForce RTX 3090,7.55442660022527,632516608,0.9968392017763108
STO-01,B6,1700,maia3-79m,2,g1f3,Nf3,0.3815213441848755,0.9968392017763108,0.5797881397555336,503,30,467,rn1qkb1r/pp2pppp/5n2/3p1b2/2pP1P2/4P3/PPP1B1PP/RNBQK1NR w KQkq -,MODEL_PREDICTION_NOT_EMPIRICAL,cuda,on,2.11.0+cu128,12.8,NVIDIA GeForce RTX 3090,7.55442660022527,632516608,0.9968392017763108
STO-01,B6,1700,maia3-79m,3,b2b3,b3,0.06425867974758148,0.9968392017763108,0.5797881397555336,457,28,515,rn1qkb1r/pp2pppp/5n2/3p1b2/2pP1P2/4P3/PPP1B1PP/RNBQK1NR w KQkq -,MODEL_PREDICTION_NOT_EMPIRICAL,cuda,on,2.11.0+cu128,12.8,NVIDIA GeForce RTX 3090,7.55442660022527,632516608,0.9968392017763108
STO-01,B6,1700,maia3-79m,4,b1d2,Nd2,0.06131606176495552,0.9968392017763108,0.5797881397555336,461,28,511,rn1qkb1r/pp2pppp/5n2/3p1b2/2pP1P2/4P3/PPP1B1PP/RNBQK1NR w KQkq -,MODEL_PREDICTION_NOT_EMPIRICAL,cuda,on,2.11.0+cu128,12.8,NVIDIA GeForce RTX 3090,7.55442660022527,632516608,0.9968392017763108
STO-01,B6,1700,maia3-79m,5,e2f3,Bf3,0.01812499389052391,0.9968392017763108,0.5797881397555336,456,30,514,rn1qkb1r/pp2pppp/5n2/3p1b2/2pP1P2/4P3/PPP1B1PP/RNBQK1NR w KQkq -,MODEL_PREDICTION_NOT_EMPIRICAL,cuda,on,2.11.0+cu128,12.8,NVIDIA GeForce RTX 3090,7.55442660022527,632516608,0.9968392017763108
STO-01,B6,1700,maia3-79m,6,b1c3,Nc3,0.013054942712187767,0.9968392017763108,0.5797881397555336,476,28,496,rn1qkb1r/pp2pppp/5n2/3p1b2/2pP1P2/4P3/PPP1B1PP/RNBQK1NR w KQkq -,MODEL_PREDICTION_NOT_EMPIRICAL,cuda,on,2.11.0+cu128,12.8,NVIDIA GeForce RTX 3090,7.55442660022527,632516608,0.9968392017763108
STO-01,B6,1700,maia3-79m,7,g2g4,g4,0.010822928510606289,0.9968392017763108,0.5797881397555336,421,25,554,rn1qkb1r/pp2pppp/5n2/3p1b2/2pP1P2/4P3/PPP1B1PP/RNBQK1NR w KQkq -,MODEL_PREDICTION_NOT_EMPIRICAL,cuda,on,2.11.0+cu128,12.8,NVIDIA GeForce RTX 3090,7.55442660022527,632516608,0.9968392017763108
STO-01,B6,1700,maia3-79m,8,a2a4,a4,0.009257340803742409,0.9968392017763108,0.5797881397555336,455,28,517,rn1qkb1r/pp2pppp/5n2/3p1b2/2pP1P2/4P3/PPP1B1PP/RNBQK1NR w KQkq -,MODEL_PREDICTION_NOT_EMPIRICAL,cuda,on,2.11.0+cu128,12.8,NVIDIA GeForce RTX 3090,7.55442660022527,632516608,0.9968392017763108
STO-01,B6,1700,maia3-79m,9,c1d2,Bd2,0.0032496321946382523,0.9968392017763108,0.5797881397555336,457,29,514,rn1qkb1r/pp2pppp/5n2/3p1b2/2pP1P2/4P3/PPP1B1PP/RNBQK1NR w KQkq -,MODEL_PREDICTION_NOT_EMPIRICAL,cuda,on,2.11.0+cu128,12.8,NVIDIA GeForce RTX 3090,7.55442660022527,632516608,0.9968392017763108
STO-01,B6,1700,maia3-79m,10,h2h3,h3,0.002912951400503516,0.9968392017763108,0.5797881397555336,469,27,504,rn1qkb1r/pp2pppp/5n2/3p1b2/2pP1P2/4P3/PPP1B1PP/RNBQK1NR w KQkq -,MODEL_PREDICTION_NOT_EMPIRICAL,cuda,on,2.11.0+cu128,12.8,NVIDIA GeForce RTX 3090,7.55442660022527,632516608,0.9968392017763108
STO-01,B6,1900,maia3-79m,1,c2c3,c3,0.4128057062625885,0.9979627261636779,0.5705247761773433,489,35,476,rn1qkb1r/pp2pppp/5n2/3p1b2/2pP1P2/4P3/PPP1B1PP/RNBQK1NR w KQkq -,MODEL_PREDICTION_NOT_EMPIRICAL,cuda,on,2.11.0+cu128,12.8,NVIDIA GeForce RTX 3090,7.55442660022527,632516608,0.9979627261636779
STO-01,B6,1900,maia3-79m,2,g1f3,Nf3,0.4064057469367981,0.9979627261636779,0.5705247761773433,509,35,456,rn1qkb1r/pp2pppp/5n2/3p1b2/2pP1P2/4P3/PPP1B1PP/RNBQK1NR w KQkq -,MODEL_PREDICTION_NOT_EMPIRICAL,cuda,on,2.11.0+cu128,12.8,NVIDIA GeForce RTX 3090,7.55442660022527,632516608,0.9979627261636779
STO-01,B6,1900,maia3-79m,3,b1d2,Nd2,0.07173486799001694,0.9979627261636779,0.5705247761773433,481,33,486,rn1qkb1r/pp2pppp/5n2/3p1b2/2pP1P2/4P3/PPP1B1PP/RNBQK1NR w KQkq -,MODEL_PREDICTION_NOT_EMPIRICAL,cuda,on,2.11.0+cu128,12.8,NVIDIA GeForce RTX 3090,7.55442660022527,632516608,0.9979627261636779
STO-01,B6,1900,maia3-79m,4,b2b3,b3,0.05330882966518402,0.9979627261636779,0.5705247761773433,472,32,496,rn1qkb1r/pp2pppp/5n2/3p1b2/2pP1P2/4P3/PPP1B1PP/RNBQK1NR w KQkq -,MODEL_PREDICTION_NOT_EMPIRICAL,cuda,on,2.11.0+cu128,12.8,NVIDIA GeForce RTX 3090,7.55442660022527,632516608,0.9979627261636779
STO-01,B6,1900,maia3-79m,5,e2f3,Bf3,0.022572379559278488,0.9979627261636779,0.5705247761773433,466,35,499,rn1qkb1r/pp2pppp/5n2/3p1b2/2pP1P2/4P3/PPP1B1PP/RNBQK1NR w KQkq -,MODEL_PREDICTION_NOT_EMPIRICAL,cuda,on,2.11.0+cu128,12.8,NVIDIA GeForce RTX 3090,7.55442660022527,632516608,0.9979627261636779
STO-01,B6,1900,maia3-79m,6,a2a4,a4,0.01135010551661253,0.9979627261636779,0.5705247761773433,470,32,498,rn1qkb1r/pp2pppp/5n2/3p1b2/2pP1P2/4P3/PPP1B1PP/RNBQK1NR w KQkq -,MODEL_PREDICTION_NOT_EMPIRICAL,cuda,on,2.11.0+cu128,12.8,NVIDIA GeForce RTX 3090,7.55442660022527,632516608,0.9979627261636779
STO-01,B6,1900,maia3-79m,7,g2g4,g4,0.008567508310079575,0.9979627261636779,0.5705247761773433,432,28,540,rn1qkb1r/pp2pppp/5n2/3p1b2/2pP1P2/4P3/PPP1B1PP/RNBQK1NR w KQkq -,MODEL_PREDICTION_NOT_EMPIRICAL,cuda,on,2.11.0+cu128,12.8,NVIDIA GeForce RTX 3090,7.55442660022527,632516608,0.9979627261636779
STO-01,B6,1900,maia3-79m,8,b1c3,Nc3,0.007443580776453018,0.9979627261636779,0.5705247761773433,496,33,471,rn1qkb1r/pp2pppp/5n2/3p1b2/2pP1P2/4P3/PPP1B1PP/RNBQK1NR w KQkq -,MODEL_PREDICTION_NOT_EMPIRICAL,cuda,on,2.11.0+cu128,12.8,NVIDIA GeForce RTX 3090,7.55442660022527,632516608,0.9979627261636779
STO-01,B6,1900,maia3-79m,9,c1d2,Bd2,0.00234222668223083,0.9979627261636779,0.5705247761773433,473,34,493,rn1qkb1r/pp2pppp/5n2/3p1b2/2pP1P2/4P3/PPP1B1PP/RNBQK1NR w KQkq -,MODEL_PREDICTION_NOT_EMPIRICAL,cuda,on,2.11.0+cu128,12.8,NVIDIA GeForce RTX 3090,7.55442660022527,632516608,0.9979627261636779
STO-01,B6,1900,maia3-79m,10,h2h3,h3,0.0014317744644358754,0.9979627261636779,0.5705247761773433,474,31,495,rn1qkb1r/pp2pppp/5n2/3p1b2/2pP1P2/4P3/PPP1B1PP/RNBQK1NR w KQkq -,MODEL_PREDICTION_NOT_EMPIRICAL,cuda,on,2.11.0+cu128,12.8,NVIDIA GeForce RTX 3090,7.55442660022527,632516608,0.9979627261636779
STO-01,B6,2100,maia3-79m,1,g1f3,Nf3,0.4768413305282593,0.9986656326218508,0.5721886138963393,507,44,449,rn1qkb1r/pp2pppp/5n2/3p1b2/2pP1P2/4P3/PPP1B1PP/RNBQK1NR w KQkq -,MODEL_PREDICTION_NOT_EMPIRICAL,cuda,on,2.11.0+cu128,12.8,NVIDIA GeForce RTX 3090,7.55442660022527,632516608,0.9986656326218508
STO-01,B6,2100,maia3-79m,2,c2c3,c3,0.32772794365882874,0.9986656326218508,0.5721886138963393,489,42,469,rn1qkb1r/pp2pppp/5n2/3p1b2/2pP1P2/4P3/PPP1B1PP/RNBQK1NR w KQkq -,MODEL_PREDICTION_NOT_EMPIRICAL,cuda,on,2.11.0+cu128,12.8,NVIDIA GeForce RTX 3090,7.55442660022527,632516608,0.9986656326218508
STO-01,B6,2100,maia3-79m,3,b2b3,b3,0.07087613642215729,0.9986656326218508,0.5721886138963393,484,39,477,rn1qkb1r/pp2pppp/5n2/3p1b2/2pP1P2/4P3/PPP1B1PP/RNBQK1NR w KQkq -,MODEL_PREDICTION_NOT_EMPIRICAL,cuda,on,2.11.0+cu128,12.8,NVIDIA GeForce RTX 3090,7.55442660022527,632516608,0.9986656326218508
STO-01,B6,2100,maia3-79m,4,b1d2,Nd2,0.06977730244398117,0.9986656326218508,0.5721886138963393,485,40,475,rn1qkb1r/pp2pppp/5n2/3p1b2/2pP1P2/4P3/PPP1B1PP/RNBQK1NR w KQkq -,MODEL_PREDICTION_NOT_EMPIRICAL,cuda,on,2.11.0+cu128,12.8,NVIDIA GeForce RTX 3090,7.55442660022527,632516608,0.9986656326218508
STO-01,B6,2100,maia3-79m,5,e2f3,Bf3,0.029087506234645844,0.9986656326218508,0.5721886138963393,470,43,487,rn1qkb1r/pp2pppp/5n2/3p1b2/2pP1P2/4P3/PPP1B1PP/RNBQK1NR w KQkq -,MODEL_PREDICTION_NOT_EMPIRICAL,cuda,on,2.11.0+cu128,12.8,NVIDIA GeForce RTX 3090,7.55442660022527,632516608,0.9986656326218508
STO-01,B6,2100,maia3-79m,6,a2a4,a4,0.009152790531516075,0.9986656326218508,0.5721886138963393,476,41,483,rn1qkb1r/pp2pppp/5n2/3p1b2/2pP1P2/4P3/PPP1B1PP/RNBQK1NR w KQkq -,MODEL_PREDICTION_NOT_EMPIRICAL,cuda,on,2.11.0+cu128,12.8,NVIDIA GeForce RTX 3090,7.55442660022527,632516608,0.9986656326218508
STO-01,B6,2100,maia3-79m,7,g2g4,g4,0.008733653463423252,0.9986656326218508,0.5721886138963393,445,34,521,rn1qkb1r/pp2pppp/5n2/3p1b2/2pP1P2/4P3/PPP1B1PP/RNBQK1NR w KQkq -,MODEL_PREDICTION_NOT_EMPIRICAL,cuda,on,2.11.0+cu128,12.8,NVIDIA GeForce RTX 3090,7.55442660022527,632516608,0.9986656326218508
STO-01,B6,2100,maia3-79m,8,b1c3,Nc3,0.004256442654877901,0.9986656326218508,0.5721886138963393,502,40,458,rn1qkb1r/pp2pppp/5n2/3p1b2/2pP1P2/4P3/PPP1B1PP/RNBQK1NR w KQkq -,MODEL_PREDICTION_NOT_EMPIRICAL,cuda,on,2.11.0+cu128,12.8,NVIDIA GeForce RTX 3090,7.55442660022527,632516608,0.9986656326218508
STO-01,B6,2100,maia3-79m,9,c1d2,Bd2,0.0015176815213635564,0.9986656326218508,0.5721886138963393,475,42,483,rn1qkb1r/pp2pppp/5n2/3p1b2/2pP1P2/4P3/PPP1B1PP/RNBQK1NR w KQkq -,MODEL_PREDICTION_NOT_EMPIRICAL,cuda,on,2.11.0+cu128,12.8,NVIDIA GeForce RTX 3090,7.55442660022527,632516608,0.9986656326218508
STO-01,B6,2100,maia3-79m,10,h2h3,h3,0.0006948451627977192,0.9986656326218508,0.5721886138963393,473,39,488,rn1qkb1r/pp2pppp/5n2/3p1b2/2pP1P2/4P3/PPP1B1PP/RNBQK1NR w KQkq -,MODEL_PREDICTION_NOT_EMPIRICAL,cuda,on,2.11.0+cu128,12.8,NVIDIA GeForce RTX 3090,7.55442660022527,632516608,0.9986656326218508
BDG-01,B6,1100,maia3-79m,1,f1c4,Bc4,0.2595171332359314,0.9395560640841722,0.8328516565813151,522,22,456,rn1qkb1r/ppp1pppp/5n2/5b2/3P4/2N2N2/PPP3PP/R1BQKB1R w KQkq -,MODEL_PREDICTION_NOT_EMPIRICAL,cuda,on,2.11.0+cu128,12.8,NVIDIA GeForce RTX 3090,7.55442660022527,632516608,0.9395560640841722
BDG-01,B6,1100,maia3-79m,2,f1d3,Bd3,0.24001410603523254,0.9395560640841722,0.8328516565813151,516,30,454,rn1qkb1r/ppp1pppp/5n2/5b2/3P4/2N2N2/PPP3PP/R1BQKB1R w KQkq -,MODEL_PREDICTION_NOT_EMPIRICAL,cuda,on,2.11.0+cu128,12.8,NVIDIA GeForce RTX 3090,7.55442660022527,632516608,0.9395560640841722
BDG-01,B6,1100,maia3-79m,3,c1f4,Bf4,0.08425287902355194,0.9395560640841722,0.8328516565813151,534,23,443,rn1qkb1r/ppp1pppp/5n2/5b2/3P4/2N2N2/PPP3PP/R1BQKB1R w KQkq -,MODEL_PREDICTION_NOT_EMPIRICAL,cuda,on,2.11.0+cu128,12.8,NVIDIA GeForce RTX 3090,7.55442660022527,632516608,0.9395560640841722
BDG-01,B6,1100,maia3-79m,4,c1g5,Bg5,0.07792116701602936,0.9395560640841722,0.8328516565813151,492,26,482,rn1qkb1r/ppp1pppp/5n2/5b2/3P4/2N2N2/PPP3PP/R1BQKB1R w KQkq -,MODEL_PREDICTION_NOT_EMPIRICAL,cuda,on,2.11.0+cu128,12.8,NVIDIA GeForce RTX 3090,7.55442660022527,632516608,0.9395560640841722
BDG-01,B6,1100,maia3-79m,5,f3e5,Ne5,0.07671311497688293,0.9395560640841722,0.8328516565813151,504,22,474,rn1qkb1r/ppp1pppp/5n2/5b2/3P4/2N2N2/PPP3PP/R1BQKB1R w KQkq -,MODEL_PREDICTION_NOT_EMPIRICAL,cuda,on,2.11.0+cu128,12.8,NVIDIA GeForce RTX 3090,7.55442660022527,632516608,0.9395560640841722
BDG-01,B6,1100,maia3-79m,6,c1e3,Be3,0.07435290515422821,0.9395560640841722,0.8328516565813151,467,25,508,rn1qkb1r/ppp1pppp/5n2/5b2/3P4/2N2N2/PPP3PP/R1BQKB1R w KQkq -,MODEL_PREDICTION_NOT_EMPIRICAL,cuda,on,2.11.0+cu128,12.8,NVIDIA GeForce RTX 3090,7.55442660022527,632516608,0.9395560640841722
BDG-01,B6,1100,maia3-79m,7,f1b5,Bb5+,0.05439774692058563,0.9395560640841722,0.8328516565813151,487,28,485,rn1qkb1r/ppp1pppp/5n2/5b2/3P4/2N2N2/PPP3PP/R1BQKB1R w KQkq -,MODEL_PREDICTION_NOT_EMPIRICAL,cuda,on,2.11.0+cu128,12.8,NVIDIA GeForce RTX 3090,7.55442660022527,632516608,0.9395560640841722
BDG-01,B6,1100,maia3-79m,8,h2h3,h3,0.02735290303826332,0.9395560640841722,0.8328516565813151,485,27,488,rn1qkb1r/ppp1pppp/5n2/5b2/3P4/2N2N2/PPP3PP/R1BQKB1R w KQkq -,MODEL_PREDICTION_NOT_EMPIRICAL,cuda,on,2.11.0+cu128,12.8,NVIDIA GeForce RTX 3090,7.55442660022527,632516608,0.9395560640841722
BDG-01,B6,1100,maia3-79m,9,f3h4,Nh4,0.02339617908000946,0.9395560640841722,0.8328516565813151,483,25,492,rn1qkb1r/ppp1pppp/5n2/5b2/3P4/2N2N2/PPP3PP/R1BQKB1R w KQkq -,MODEL_PREDICTION_NOT_EMPIRICAL,cuda,on,2.11.0+cu128,12.8,NVIDIA GeForce RTX 3090,7.55442660022527,632516608,0.9395560640841722
BDG-01,B6,1100,maia3-79m,10,d4d5,d5,0.02163792960345745,0.9395560640841722,0.8328516565813151,530,26,444,rn1qkb1r/ppp1pppp/5n2/5b2/3P4/2N2N2/PPP3PP/R1BQKB1R w KQkq -,MODEL_PREDICTION_NOT_EMPIRICAL,cuda,on,2.11.0+cu128,12.8,NVIDIA GeForce RTX 3090,7.55442660022527,632516608,0.9395560640841722
BDG-01,B6,1300,maia3-79m,1,f1c4,Bc4,0.3142370283603668,0.9582705907523632,0.8195104506645848,526,21,453,rn1qkb1r/ppp1pppp/5n2/5b2/3P4/2N2N2/PPP3PP/R1BQKB1R w KQkq -,MODEL_PREDICTION_NOT_EMPIRICAL,cuda,on,2.11.0+cu128,12.8,NVIDIA GeForce RTX 3090,7.55442660022527,632516608,0.9582705907523632
BDG-01,B6,1300,maia3-79m,2,f1d3,Bd3,0.22633646428585052,0.9582705907523632,0.8195104506645848,523,29,448,rn1qkb1r/ppp1pppp/5n2/5b2/3P4/2N2N2/PPP3PP/R1BQKB1R w KQkq -,MODEL_PREDICTION_NOT_EMPIRICAL,cuda,on,2.11.0+cu128,12.8,NVIDIA GeForce RTX 3090,7.55442660022527,632516608,0.9582705907523632
BDG-01,B6,1300,maia3-79m,3,c1e3,Be3,0.09435106068849564,0.9582705907523632,0.8195104506645848,474,24,502,rn1qkb1r/ppp1pppp/5n2/5b2/3P4/2N2N2/PPP3PP/R1BQKB1R w KQkq -,MODEL_PREDICTION_NOT_EMPIRICAL,cuda,on,2.11.0+cu128,12.8,NVIDIA GeForce RTX 3090,7.55442660022527,632516608,0.9582705907523632
BDG-01,B6,1300,maia3-79m,4,c1g5,Bg5,0.07348068803548813,0.9582705907523632,0.8195104506645848,491,25,484,rn1qkb1r/ppp1pppp/5n2/5b2/3P4/2N2N2/PPP3PP/R1BQKB1R w KQkq -,MODEL_PREDICTION_NOT_EMPIRICAL,cuda,on,2.11.0+cu128,12.8,NVIDIA GeForce RTX 3090,7.55442660022527,632516608,0.9582705907523632
BDG-01,B6,1300,maia3-79m,5,f3e5,Ne5,0.0679585263133049,0.9582705907523632,0.8195104506645848,508,21,471,rn1qkb1r/ppp1pppp/5n2/5b2/3P4/2N2N2/PPP3PP/R1BQKB1R w KQkq -,MODEL_PREDICTION_NOT_EMPIRICAL,cuda,on,2.11.0+cu128,12.8,NVIDIA GeForce RTX 3090,7.55442660022527,632516608,0.9582705907523632
BDG-01,B6,1300,maia3-79m,6,c1f4,Bf4,0.059043388813734055,0.9582705907523632,0.8195104506645848,539,22,439,rn1qkb1r/ppp1pppp/5n2/5b2/3P4/2N2N2/PPP3PP/R1BQKB1R w KQkq -,MODEL_PREDICTION_NOT_EMPIRICAL,cuda,on,2.11.0+cu128,12.8,NVIDIA GeForce RTX 3090,7.55442660022527,632516608,0.9582705907523632
BDG-01,B6,1300,maia3-79m,7,f1b5,Bb5+,0.04598303511738777,0.9582705907523632,0.8195104506645848,493,26,481,rn1qkb1r/ppp1pppp/5n2/5b2/3P4/2N2N2/PPP3PP/R1BQKB1R w KQkq -,MODEL_PREDICTION_NOT_EMPIRICAL,cuda,on,2.11.0+cu128,12.8,NVIDIA GeForce RTX 3090,7.55442660022527,632516608,0.9582705907523632
BDG-01,B6,1300,maia3-79m,8,h2h3,h3,0.030631305649876595,0.9582705907523632,0.8195104506645848,478,25,497,rn1qkb1r/ppp1pppp/5n2/5b2/3P4/2N2N2/PPP3PP/R1BQKB1R w KQkq -,MODEL_PREDICTION_NOT_EMPIRICAL,cuda,on,2.11.0+cu128,12.8,NVIDIA GeForce RTX 3090,7.55442660022527,632516608,0.9582705907523632
BDG-01,B6,1300,maia3-79m,9,f1e2,Be2,0.023485837504267693,0.9582705907523632,0.8195104506645848,486,25,489,rn1qkb1r/ppp1pppp/5n2/5b2/3P4/2N2N2/PPP3PP/R1BQKB1R w KQkq -,MODEL_PREDICTION_NOT_EMPIRICAL,cuda,on,2.11.0+cu128,12.8,NVIDIA GeForce RTX 3090,7.55442660022527,632516608,0.9582705907523632
BDG-01,B6,1300,maia3-79m,10,f3h4,Nh4,0.02276325598359108,0.9582705907523632,0.8195104506645848,490,23,487,rn1qkb1r/ppp1pppp/5n2/5b2/3P4/2N2N2/PPP3PP/R1BQKB1R w KQkq -,MODEL_PREDICTION_NOT_EMPIRICAL,cuda,on,2.11.0+cu128,12.8,NVIDIA GeForce RTX 3090,7.55442660022527,632516608,0.9582705907523632
BDG-01,B6,1500,maia3-79m,1,f1c4,Bc4,0.3849930167198181,0.972530797123909,0.7833276021668054,528,22,450,rn1qkb1r/ppp1pppp/5n2/5b2/3P4/2N2N2/PPP3PP/R1BQKB1R w KQkq -,MODEL_PREDICTION_NOT_EMPIRICAL,cuda,on,2.11.0+cu128,12.8,NVIDIA GeForce RTX 3090,7.55442660022527,632516608,0.972530797123909
BDG-01,B6,1500,maia3-79m,2,f1d3,Bd3,0.20931705832481384,0.972530797123909,0.7833276021668054,532,29,439,rn1qkb1r/ppp1pppp/5n2/5b2/3P4/2N2N2/PPP3PP/R1BQKB1R w KQkq -,MODEL_PREDICTION_NOT_EMPIRICAL,cuda,on,2.11.0+cu128,12.8,NVIDIA GeForce RTX 3090,7.55442660022527,632516608,0.972530797123909
BDG-01,B6,1500,maia3-79m,3,c1e3,Be3,0.0928838923573494,0.972530797123909,0.7833276021668054,483,24,493,rn1qkb1r/ppp1pppp/5n2/5b2/3P4/2N2N2/PPP3PP/R1BQKB1R w KQkq -,MODEL_PREDICTION_NOT_EMPIRICAL,cuda,on,2.11.0+cu128,12.8,NVIDIA GeForce RTX 3090,7.55442660022527,632516608,0.972530797123909
BDG-01,B6,1500,maia3-79m,4,c1g5,Bg5,0.06690175086259842,0.972530797123909,0.7833276021668054,494,25,481,rn1qkb1r/ppp1pppp/5n2/5b2/3P4/2N2N2/PPP3PP/R1BQKB1R w KQkq -,MODEL_PREDICTION_NOT_EMPIRICAL,cuda,on,2.11.0+cu128,12.8,NVIDIA GeForce RTX 3090,7.55442660022527,632516608,0.972530797123909
BDG-01,B6,1500,maia3-79m,5,f3e5,Ne5,0.06383809447288513,0.972530797123909,0.7833276021668054,508,22,470,rn1qkb1r/ppp1pppp/5n2/5b2/3P4/2N2N2/PPP3PP/R1BQKB1R w KQkq -,MODEL_PREDICTION_NOT_EMPIRICAL,cuda,on,2.11.0+cu128,12.8,NVIDIA GeForce RTX 3090,7.55442660022527,632516608,0.972530797123909
BDG-01,B6,1500,maia3-79m,6,c1f4,Bf4,0.0405779629945755,0.972530797123909,0.7833276021668054,541,22,437,rn1qkb1r/ppp1pppp/5n2/5b2/3P4/2N2N2/PPP3PP/R1BQKB1R w KQkq -,MODEL_PREDICTION_NOT_EMPIRICAL,cuda,on,2.11.0+cu128,12.8,NVIDIA GeForce RTX 3090,7.55442660022527,632516608,0.972530797123909
BDG-01,B6,1500,maia3-79m,7,f1b5,Bb5+,0.03932951018214226,0.972530797123909,0.7833276021668054,498,28,474,rn1qkb1r/ppp1pppp/5n2/5b2/3P4/2N2N2/PPP3PP/R1BQKB1R w KQkq -,MODEL_PREDICTION_NOT_EMPIRICAL,cuda,on,2.11.0+cu128,12.8,NVIDIA GeForce RTX 3090,7.55442660022527,632516608,0.972530797123909
BDG-01,B6,1500,maia3-79m,8,h2h3,h3,0.03111220709979534,0.972530797123909,0.7833276021668054,480,25,495,rn1qkb1r/ppp1pppp/5n2/5b2/3P4/2N2N2/PPP3PP/R1BQKB1R w KQkq -,MODEL_PREDICTION_NOT_EMPIRICAL,cuda,on,2.11.0+cu128,12.8,NVIDIA GeForce RTX 3090,7.55442660022527,632516608,0.972530797123909
BDG-01,B6,1500,maia3-79m,9,f1e2,Be2,0.024999359622597694,0.972530797123909,0.7833276021668054,497,25,478,rn1qkb1r/ppp1pppp/5n2/5b2/3P4/2N2N2/PPP3PP/R1BQKB1R w KQkq -,MODEL_PREDICTION_NOT_EMPIRICAL,cuda,on,2.11.0+cu128,12.8,NVIDIA GeForce RTX 3090,7.55442660022527,632516608,0.972530797123909
BDG-01,B6,1500,maia3-79m,10,f3h4,Nh4,0.018577944487333298,0.972530797123909,0.7833276021668054,494,24,482,rn1qkb1r/ppp1pppp/5n2/5b2/3P4/2N2N2/PPP3PP/R1BQKB1R w KQkq -,MODEL_PREDICTION_NOT_EMPIRICAL,cuda,on,2.11.0+cu128,12.8,NVIDIA GeForce RTX 3090,7.55442660022527,632516608,0.972530797123909
BDG-01,B6,1700,maia3-79m,1,f1c4,Bc4,0.461997926235199,0.9817764889448881,0.7296175268486695,533,23,444,rn1qkb1r/ppp1pppp/5n2/5b2/3P4/2N2N2/PPP3PP/R1BQKB1R w KQkq -,MODEL_PREDICTION_NOT_EMPIRICAL,cuda,on,2.11.0+cu128,12.8,NVIDIA GeForce RTX 3090,7.55442660022527,632516608,0.9817764889448881
BDG-01,B6,1700,maia3-79m,2,f1d3,Bd3,0.18960356712341309,0.9817764889448881,0.7296175268486695,539,31,430,rn1qkb1r/ppp1pppp/5n2/5b2/3P4/2N2N2/PPP3PP/R1BQKB1R w KQkq -,MODEL_PREDICTION_NOT_EMPIRICAL,cuda,on,2.11.0+cu128,12.8,NVIDIA GeForce RTX 3090,7.55442660022527,632516608,0.9817764889448881
BDG-01,B6,1700,maia3-79m,3,c1e3,Be3,0.07309868931770325,0.9817764889448881,0.7296175268486695,493,26,481,rn1qkb1r/ppp1pppp/5n2/5b2/3P4/2N2N2/PPP3PP/R1BQKB1R w KQkq -,MODEL_PREDICTION_NOT_EMPIRICAL,cuda,on,2.11.0+cu128,12.8,NVIDIA GeForce RTX 3090,7.55442660022527,632516608,0.9817764889448881
BDG-01,B6,1700,maia3-79m,4,f3e5,Ne5,0.07084967941045761,0.9817764889448881,0.7296175268486695,512,23,465,rn1qkb1r/ppp1pppp/5n2/5b2/3P4/2N2N2/PPP3PP/R1BQKB1R w KQkq -,MODEL_PREDICTION_NOT_EMPIRICAL,cuda,on,2.11.0+cu128,12.8,NVIDIA GeForce RTX 3090,7.55442660022527,632516608,0.9817764889448881
BDG-01,B6,1700,maia3-79m,5,c1g5,Bg5,0.05966140702366829,0.9817764889448881,0.7296175268486695,502,26,472,rn1qkb1r/ppp1pppp/5n2/5b2/3P4/2N2N2/PPP3PP/R1BQKB1R w KQkq -,MODEL_PREDICTION_NOT_EMPIRICAL,cuda,on,2.11.0+cu128,12.8,NVIDIA GeForce RTX 3090,7.55442660022527,632516608,0.9817764889448881
BDG-01,B6,1700,maia3-79m,6,f1b5,Bb5+,0.03143935278058052,0.9817764889448881,0.7296175268486695,502,30,468,rn1qkb1r/ppp1pppp/5n2/5b2/3P4/2N2N2/PPP3PP/R1BQKB1R w KQkq -,MODEL_PREDICTION_NOT_EMPIRICAL,cuda,on,2.11.0+cu128,12.8,NVIDIA GeForce RTX 3090,7.55442660022527,632516608,0.9817764889448881
BDG-01,B6,1700,maia3-79m,7,h2h3,h3,0.029999641701579094,0.9817764889448881,0.7296175268486695,487,27,486,rn1qkb1r/ppp1pppp/5n2/5b2/3P4/2N2N2/PPP3PP/R1BQKB1R w KQkq -,MODEL_PREDICTION_NOT_EMPIRICAL,cuda,on,2.11.0+cu128,12.8,NVIDIA GeForce RTX 3090,7.55442660022527,632516608,0.9817764889448881
BDG-01,B6,1700,maia3-79m,8,c1f4,Bf4,0.029999641701579094,0.9817764889448881,0.7296175268486695,543,24,433,rn1qkb1r/ppp1pppp/5n2/5b2/3P4/2N2N2/PPP3PP/R1BQKB1R w KQkq -,MODEL_PREDICTION_NOT_EMPIRICAL,cuda,on,2.11.0+cu128,12.8,NVIDIA GeForce RTX 3090,7.55442660022527,632516608,0.9817764889448881
BDG-01,B6,1700,maia3-79m,9,f1e2,Be2,0.01906893216073513,0.9817764889448881,0.7296175268486695,508,27,465,rn1qkb1r/ppp1pppp/5n2/5b2/3P4/2N2N2/PPP3PP/R1BQKB1R w KQkq -,MODEL_PREDICTION_NOT_EMPIRICAL,cuda,on,2.11.0+cu128,12.8,NVIDIA GeForce RTX 3090,7.55442660022527,632516608,0.9817764889448881
BDG-01,B6,1700,maia3-79m,10,f3h4,Nh4,0.016057651489973068,0.9817764889448881,0.7296175268486695,503,25,472,rn1qkb1r/ppp1pppp/5n2/5b2/3P4/2N2N2/PPP3PP/R1BQKB1R w KQkq -,MODEL_PREDICTION_NOT_EMPIRICAL,cuda,on,2.11.0+cu128,12.8,NVIDIA GeForce RTX 3090,7.55442660022527,632516608,0.9817764889448881
BDG-01,B6,1900,maia3-79m,1,f1c4,Bc4,0.5452883243560791,0.9879619861021638,0.6558386672657414,540,26,434,rn1qkb1r/ppp1pppp/5n2/5b2/3P4/2N2N2/PPP3PP/R1BQKB1R w KQkq -,MODEL_PREDICTION_NOT_EMPIRICAL,cuda,on,2.11.0+cu128,12.8,NVIDIA GeForce RTX 3090,7.55442660022527,632516608,0.9879619861021638
BDG-01,B6,1900,maia3-79m,2,f1d3,Bd3,0.15142109990119934,0.9879619861021638,0.6558386672657414,544,35,421,rn1qkb1r/ppp1pppp/5n2/5b2/3P4/2N2N2/PPP3PP/R1BQKB1R w KQkq -,MODEL_PREDICTION_NOT_EMPIRICAL,cuda,on,2.11.0+cu128,12.8,NVIDIA GeForce RTX 3090,7.55442660022527,632516608,0.9879619861021638
BDG-01,B6,1900,maia3-79m,3,f3e5,Ne5,0.10086820274591446,0.9879619861021638,0.6558386672657414,521,26,453,rn1qkb1r/ppp1pppp/5n2/5b2/3P4/2N2N2/PPP3PP/R1BQKB1R w KQkq -,MODEL_PREDICTION_NOT_EMPIRICAL,cuda,on,2.11.0+cu128,12.8,NVIDIA GeForce RTX 3090,7.55442660022527,632516608,0.9879619861021638
BDG-01,B6,1900,maia3-79m,4,c1g5,Bg5,0.049933381378650665,0.9879619861021638,0.6558386672657414,512,29,459,rn1qkb1r/ppp1pppp/5n2/5b2/3P4/2N2N2/PPP3PP/R1BQKB1R w KQkq -,MODEL_PREDICTION_NOT_EMPIRICAL,cuda,on,2.11.0+cu128,12.8,NVIDIA GeForce RTX 3090,7.55442660022527,632516608,0.9879619861021638
BDG-01,B6,1900,maia3-79m,5,c1e3,Be3,0.04406605660915375,0.9879619861021638,0.6558386672657414,498,29,473,rn1qkb1r/ppp1pppp/5n2/5b2/3P4/2N2N2/PPP3PP/R1BQKB1R w KQkq -,MODEL_PREDICTION_NOT_EMPIRICAL,cuda,on,2.11.0+cu128,12.8,NVIDIA GeForce RTX 3090,7.55442660022527,632516608,0.9879619861021638
BDG-01,B6,1900,maia3-79m,6,h2h3,h3,0.02757583186030388,0.9879619861021638,0.6558386672657414,492,29,479,rn1qkb1r/ppp1pppp/5n2/5b2/3P4/2N2N2/PPP3PP/R1BQKB1R w KQkq -,MODEL_PREDICTION_NOT_EMPIRICAL,cuda,on,2.11.0+cu128,12.8,NVIDIA GeForce RTX 3090,7.55442660022527,632516608,0.9879619861021638
BDG-01,B6,1900,maia3-79m,7,f1b5,Bb5+,0.02250673994421959,0.9879619861021638,0.6558386672657414,502,33,465,rn1qkb1r/ppp1pppp/5n2/5b2/3P4/2N2N2/PPP3PP/R1BQKB1R w KQkq -,MODEL_PREDICTION_NOT_EMPIRICAL,cuda,on,2.11.0+cu128,12.8,NVIDIA GeForce RTX 3090,7.55442660022527,632516608,0.9879619861021638
BDG-01,B6,1900,maia3-79m,8,c1f4,Bf4,0.02250673994421959,0.9879619861021638,0.6558386672657414,547,26,427,rn1qkb1r/ppp1pppp/5n2/5b2/3P4/2N2N2/PPP3PP/R1BQKB1R w KQkq -,MODEL_PREDICTION_NOT_EMPIRICAL,cuda,on,2.11.0+cu128,12.8,NVIDIA GeForce RTX 3090,7.55442660022527,632516608,0.9879619861021638
BDG-01,B6,1900,maia3-79m,9,f3h4,Nh4,0.013651027344167233,0.9879619861021638,0.6558386672657414,508,28,464,rn1qkb1r/ppp1pppp/5n2/5b2/3P4/2N2N2/PPP3PP/R1BQKB1R w KQkq -,MODEL_PREDICTION_NOT_EMPIRICAL,cuda,on,2.11.0+cu128,12.8,NVIDIA GeForce RTX 3090,7.55442660022527,632516608,0.9879619861021638
BDG-01,B6,1900,maia3-79m,10,f1e2,Be2,0.010144582018256187,0.9879619861021638,0.6558386672657414,518,30,452,rn1qkb1r/ppp1pppp/5n2/5b2/3P4/2N2N2/PPP3PP/R1BQKB1R w KQkq -,MODEL_PREDICTION_NOT_EMPIRICAL,cuda,on,2.11.0+cu128,12.8,NVIDIA GeForce RTX 3090,7.55442660022527,632516608,0.9879619861021638
BDG-01,B6,2100,maia3-79m,1,f1c4,Bc4,0.5713691115379333,0.9914831961505115,0.5978128421802763,536,31,433,rn1qkb1r/ppp1pppp/5n2/5b2/3P4/2N2N2/PPP3PP/R1BQKB1R w KQkq -,MODEL_PREDICTION_NOT_EMPIRICAL,cuda,on,2.11.0+cu128,12.8,NVIDIA GeForce RTX 3090,7.55442660022527,632516608,0.9914831961505115
BDG-01,B6,2100,maia3-79m,2,f3e5,Ne5,0.17700189352035522,0.9914831961505115,0.5978128421802763,523,32,445,rn1qkb1r/ppp1pppp/5n2/5b2/3P4/2N2N2/PPP3PP/R1BQKB1R w KQkq -,MODEL_PREDICTION_NOT_EMPIRICAL,cuda,on,2.11.0+cu128,12.8,NVIDIA GeForce RTX 3090,7.55442660022527,632516608,0.9914831961505115
BDG-01,B6,2100,maia3-79m,3,f1d3,Bd3,0.10904771089553833,0.9914831961505115,0.5978128421802763,544,42,414,rn1qkb1r/ppp1pppp/5n2/5b2/3P4/2N2N2/PPP3PP/R1BQKB1R w KQkq -,MODEL_PREDICTION_NOT_EMPIRICAL,cuda,on,2.11.0+cu128,12.8,NVIDIA GeForce RTX 3090,7.55442660022527,632516608,0.9914831961505115
BDG-01,B6,2100,maia3-79m,4,c1g5,Bg5,0.041389841586351395,0.9914831961505115,0.5978128421802763,512,34,454,rn1qkb1r/ppp1pppp/5n2/5b2/3P4/2N2N2/PPP3PP/R1BQKB1R w KQkq -,MODEL_PREDICTION_NOT_EMPIRICAL,cuda,on,2.11.0+cu128,12.8,NVIDIA GeForce RTX 3090,7.55442660022527,632516608,0.9914831961505115
BDG-01,B6,2100,maia3-79m,5,h2h3,h3,0.024715004488825798,0.9914831961505115,0.5978128421802763,485,35,480,rn1qkb1r/ppp1pppp/5n2/5b2/3P4/2N2N2/PPP3PP/R1BQKB1R w KQkq -,MODEL_PREDICTION_NOT_EMPIRICAL,cuda,on,2.11.0+cu128,12.8,NVIDIA GeForce RTX 3090,7.55442660022527,632516608,0.9914831961505115
BDG-01,B6,2100,maia3-79m,6,c1e3,Be3,0.020171798765659332,0.9914831961505115,0.5978128421802763,490,34,476,rn1qkb1r/ppp1pppp/5n2/5b2/3P4/2N2N2/PPP3PP/R1BQKB1R w KQkq -,MODEL_PREDICTION_NOT_EMPIRICAL,cuda,on,2.11.0+cu128,12.8,NVIDIA GeForce RTX 3090,7.55442660022527,632516608,0.9914831961505115
BDG-01,B6,2100,maia3-79m,7,c1f4,Bf4,0.017801549285650253,0.9914831961505115,0.5978128421802763,541,31,428,rn1qkb1r/ppp1pppp/5n2/5b2/3P4/2N2N2/PPP3PP/R1BQKB1R w KQkq -,MODEL_PREDICTION_NOT_EMPIRICAL,cuda,on,2.11.0+cu128,12.8,NVIDIA GeForce RTX 3090,7.55442660022527,632516608,0.9914831961505115
BDG-01,B6,2100,maia3-79m,8,f1b5,Bb5+,0.015226471237838268,0.9914831961505115,0.5978128421802763,494,40,466,rn1qkb1r/ppp1pppp/5n2/5b2/3P4/2N2N2/PPP3PP/R1BQKB1R w KQkq -,MODEL_PREDICTION_NOT_EMPIRICAL,cuda,on,2.11.0+cu128,12.8,NVIDIA GeForce RTX 3090,7.55442660022527,632516608,0.9914831961505115
BDG-01,B6,2100,maia3-79m,9,f3h4,Nh4,0.010464991442859173,0.9914831961505115,0.5978128421802763,513,33,454,rn1qkb1r/ppp1pppp/5n2/5b2/3P4/2N2N2/PPP3PP/R1BQKB1R w KQkq -,MODEL_PREDICTION_NOT_EMPIRICAL,cuda,on,2.11.0+cu128,12.8,NVIDIA GeForce RTX 3090,7.55442660022527,632516608,0.9914831961505115
BDG-01,B6,2100,maia3-79m,10,f1e2,Be2,0.0042948233895003796,0.9914831961505115,0.5978128421802763,513,36,451,rn1qkb1r/ppp1pppp/5n2/5b2/3P4/2N2N2/PPP3PP/R1BQKB1R w KQkq -,MODEL_PREDICTION_NOT_EMPIRICAL,cuda,on,2.11.0+cu128,12.8,NVIDIA GeForce RTX 3090,7.55442660022527,632516608,0.9914831961505115
ORD-10,B7,1100,maia3-79m,1,b2b3,b3,0.4325368404388428,0.95806819293648,0.7178051868311759,394,20,586,rnb1kb1r/pp2pppp/1q3n2/3p4/3N1B2/7P/PPP1PPP1/RN1QKB1R w KQkq -,MODEL_PREDICTION_NOT_EMPIRICAL,cuda,on,2.11.0+cu128,12.8,NVIDIA GeForce RTX 3090,7.55442660022527,632516608,0.95806819293648
ORD-10,B7,1100,maia3-79m,2,e2e3,e3,0.2108016163110733,0.95806819293648,0.7178051868311759,455,19,526,rnb1kb1r/pp2pppp/1q3n2/3p4/3N1B2/7P/PPP1PPP1/RN1QKB1R w KQkq -,MODEL_PREDICTION_NOT_EMPIRICAL,cuda,on,2.11.0+cu128,12.8,NVIDIA GeForce RTX 3090,7.55442660022527,632516608,0.95806819293648
ORD-10,B7,1100,maia3-79m,3,d4b3,Nb3,0.1011437252163887,0.95806819293648,0.7178051868311759,453,20,527,rnb1kb1r/pp2pppp/1q3n2/3p4/3N1B2/7P/PPP1PPP1/RN1QKB1R w KQkq -,MODEL_PREDICTION_NOT_EMPIRICAL,cuda,on,2.11.0+cu128,12.8,NVIDIA GeForce RTX 3090,7.55442660022527,632516608,0.95806819293648
ORD-10,B7,1100,maia3-79m,4,c2c3,c3,0.04488225653767586,0.95806819293648,0.7178051868311759,401,20,579,rnb1kb1r/pp2pppp/1q3n2/3p4/3N1B2/7P/PPP1PPP1/RN1QKB1R w KQkq -,MODEL_PREDICTION_NOT_EMPIRICAL,cuda,on,2.11.0+cu128,12.8,NVIDIA GeForce RTX 3090,7.55442660022527,632516608,0.95806819293648
ORD-10,B7,1100,maia3-79m,5,b1c3,Nc3,0.04488225653767586,0.95806819293648,0.7178051868311759,446,20,534,rnb1kb1r/pp2pppp/1q3n2/3p4/3N1B2/7P/PPP1PPP1/RN1QKB1R w KQkq -,MODEL_PREDICTION_NOT_EMPIRICAL,cuda,on,2.11.0+cu128,12.8,NVIDIA GeForce RTX 3090,7.55442660022527,632516608,0.95806819293648
ORD-10,B7,1100,maia3-79m,6,f4e3,Be3,0.03779464587569237,0.95806819293648,0.7178051868311759,388,19,593,rnb1kb1r/pp2pppp/1q3n2/3p4/3N1B2/7P/PPP1PPP1/RN1QKB1R w KQkq -,MODEL_PREDICTION_NOT_EMPIRICAL,cuda,on,2.11.0+cu128,12.8,NVIDIA GeForce RTX 3090,7.55442660022527,632516608,0.95806819293648
ORD-10,B7,1100,maia3-79m,7,d1c1,Qc1,0.025975855067372322,0.95806819293648,0.7178051868311759,257,16,727,rnb1kb1r/pp2pppp/1q3n2/3p4/3N1B2/7P/PPP1PPP1/RN1QKB1R w KQkq -,MODEL_PREDICTION_NOT_EMPIRICAL,cuda,on,2.11.0+cu128,12.8,NVIDIA GeForce RTX 3090,7.55442660022527,632516608,0.95806819293648
ORD-10,B7,1100,maia3-79m,8,f4c1,Bc1,0.023651286959648132,0.95806819293648,0.7178051868311759,369,20,611,rnb1kb1r/pp2pppp/1q3n2/3p4/3N1B2/7P/PPP1PPP1/RN1QKB1R w KQkq -,MODEL_PREDICTION_NOT_EMPIRICAL,cuda,on,2.11.0+cu128,12.8,NVIDIA GeForce RTX 3090,7.55442660022527,632516608,0.95806819293648
ORD-10,B7,1100,maia3-79m,9,d4f3,Nf3,0.022923612967133522,0.95806819293648,0.7178051868311759,374,19,607,rnb1kb1r/pp2pppp/1q3n2/3p4/3N1B2/7P/PPP1PPP1/RN1QKB1R w KQkq -,MODEL_PREDICTION_NOT_EMPIRICAL,cuda,on,2.11.0+cu128,12.8,NVIDIA GeForce RTX 3090,7.55442660022527,632516608,0.95806819293648
ORD-10,B7,1100,maia3-79m,10,f4h2,Bh2,0.013476097024977207,0.95806819293648,0.7178051868311759,347,19,634,rnb1kb1r/pp2pppp/1q3n2/3p4/3N1B2/7P/PPP1PPP1/RN1QKB1R w KQkq -,MODEL_PREDICTION_NOT_EMPIRICAL,cuda,on,2.11.0+cu128,12.8,NVIDIA GeForce RTX 3090,7.55442660022527,632516608,0.95806819293648
ORD-10,B7,1300,maia3-79m,1,b2b3,b3,0.45313748717308044,0.9615892805159092,0.6907228929704602,378,19,603,rnb1kb1r/pp2pppp/1q3n2/3p4/3N1B2/7P/PPP1PPP1/RN1QKB1R w KQkq -,MODEL_PREDICTION_NOT_EMPIRICAL,cuda,on,2.11.0+cu128,12.8,NVIDIA GeForce RTX 3090,7.55442660022527,632516608,0.9615892805159092
ORD-10,B7,1300,maia3-79m,2,d4b3,Nb3,0.20424507558345795,0.9615892805159092,0.6907228929704602,452,20,528,rnb1kb1r/pp2pppp/1q3n2/3p4/3N1B2/7P/PPP1PPP1/RN1QKB1R w KQkq -,MODEL_PREDICTION_NOT_EMPIRICAL,cuda,on,2.11.0+cu128,12.8,NVIDIA GeForce RTX 3090,7.55442660022527,632516608,0.9615892805159092
ORD-10,B7,1300,maia3-79m,3,e2e3,e3,0.125831738114357,0.9615892805159092,0.6907228929704602,452,20,528,rnb1kb1r/pp2pppp/1q3n2/3p4/3N1B2/7P/PPP1PPP1/RN1QKB1R w KQkq -,MODEL_PREDICTION_NOT_EMPIRICAL,cuda,on,2.11.0+cu128,12.8,NVIDIA GeForce RTX 3090,7.55442660022527,632516608,0.9615892805159092
ORD-10,B7,1300,maia3-79m,4,f4c1,Bc1,0.03386715054512024,0.9615892805159092,0.6907228929704602,352,19,629,rnb1kb1r/pp2pppp/1q3n2/3p4/3N1B2/7P/PPP1PPP1/RN1QKB1R w KQkq -,MODEL_PREDICTION_NOT_EMPIRICAL,cuda,on,2.11.0+cu128,12.8,NVIDIA GeForce RTX 3090,7.55442660022527,632516608,0.9615892805159092
ORD-10,B7,1300,maia3-79m,5,b1c3,Nc3,0.03083639219403267,0.9615892805159092,0.6907228929704602,431,18,551,rnb1kb1r/pp2pppp/1q3n2/3p4/3N1B2/7P/PPP1PPP1/RN1QKB1R w KQkq -,MODEL_PREDICTION_NOT_EMPIRICAL,cuda,on,2.11.0+cu128,12.8,NVIDIA GeForce RTX 3090,7.55442660022527,632516608,0.9615892805159092
ORD-10,B7,1300,maia3-79m,6,d1c1,Qc1,0.030358318239450455,0.9615892805159092,0.6907228929704602,222,14,764,rnb1kb1r/pp2pppp/1q3n2/3p4/3N1B2/7P/PPP1PPP1/RN1QKB1R w KQkq -,MODEL_PREDICTION_NOT_EMPIRICAL,cuda,on,2.11.0+cu128,12.8,NVIDIA GeForce RTX 3090,7.55442660022527,632516608,0.9615892805159092
ORD-10,B7,1300,maia3-79m,7,f4e3,Be3,0.02896810881793499,0.9615892805159092,0.6907228929704602,374,19,607,rnb1kb1r/pp2pppp/1q3n2/3p4/3N1B2/7P/PPP1PPP1/RN1QKB1R w KQkq -,MODEL_PREDICTION_NOT_EMPIRICAL,cuda,on,2.11.0+cu128,12.8,NVIDIA GeForce RTX 3090,7.55442660022527,632516608,0.9615892805159092
ORD-10,B7,1300,maia3-79m,8,c2c3,c3,0.02364308387041092,0.9615892805159092,0.6907228929704602,402,19,579,rnb1kb1r/pp2pppp/1q3n2/3p4/3N1B2/7P/PPP1PPP1/RN1QKB1R w KQkq -,MODEL_PREDICTION_NOT_EMPIRICAL,cuda,on,2.11.0+cu128,12.8,NVIDIA GeForce RTX 3090,7.55442660022527,632516608,0.9615892805159092
ORD-10,B7,1300,maia3-79m,9,d4f3,Nf3,0.01899775117635727,0.9615892805159092,0.6907228929704602,367,19,614,rnb1kb1r/pp2pppp/1q3n2/3p4/3N1B2/7P/PPP1PPP1/RN1QKB1R w KQkq -,MODEL_PREDICTION_NOT_EMPIRICAL,cuda,on,2.11.0+cu128,12.8,NVIDIA GeForce RTX 3090,7.55442660022527,632516608,0.9615892805159092
ORD-10,B7,1300,maia3-79m,10,f4h2,Bh2,0.011704174801707268,0.9615892805159092,0.6907228929704602,338,18,644,rnb1kb1r/pp2pppp/1q3n2/3p4/3N1B2/7P/PPP1PPP1/RN1QKB1R w KQkq -,MODEL_PREDICTION_NOT_EMPIRICAL,cuda,on,2.11.0+cu128,12.8,NVIDIA GeForce RTX 3090,7.55442660022527,632516608,0.9615892805159092
ORD-10,B7,1500,maia3-79m,1,b2b3,b3,0.42440634965896606,0.9647218659520149,0.6591149208428989,374,20,606,rnb1kb1r/pp2pppp/1q3n2/3p4/3N1B2/7P/PPP1PPP1/RN1QKB1R w KQkq -,MODEL_PREDICTION_NOT_EMPIRICAL,cuda,on,2.11.0+cu128,12.8,NVIDIA GeForce RTX 3090,7.55442660022527,632516608,0.9647218659520149
ORD-10,B7,1500,maia3-79m,2,d4b3,Nb3,0.2962833642959595,0.9647218659520149,0.6591149208428989,451,23,526,rnb1kb1r/pp2pppp/1q3n2/3p4/3N1B2/7P/PPP1PPP1/RN1QKB1R w KQkq -,MODEL_PREDICTION_NOT_EMPIRICAL,cuda,on,2.11.0+cu128,12.8,NVIDIA GeForce RTX 3090,7.55442660022527,632516608,0.9647218659520149
ORD-10,B7,1500,maia3-79m,3,e2e3,e3,0.08758119493722916,0.9647218659520149,0.6591149208428989,456,21,523,rnb1kb1r/pp2pppp/1q3n2/3p4/3N1B2/7P/PPP1PPP1/RN1QKB1R w KQkq -,MODEL_PREDICTION_NOT_EMPIRICAL,cuda,on,2.11.0+cu128,12.8,NVIDIA GeForce RTX 3090,7.55442660022527,632516608,0.9647218659520149
ORD-10,B7,1500,maia3-79m,4,f4c1,Bc1,0.04335583746433258,0.9647218659520149,0.6591149208428989,341,20,639,rnb1kb1r/pp2pppp/1q3n2/3p4/3N1B2/7P/PPP1PPP1/RN1QKB1R w KQkq -,MODEL_PREDICTION_NOT_EMPIRICAL,cuda,on,2.11.0+cu128,12.8,NVIDIA GeForce RTX 3090,7.55442660022527,632516608,0.9647218659520149
ORD-10,B7,1500,maia3-79m,5,d1c1,Qc1,0.02713138982653618,0.9647218659520149,0.6591149208428989,207,14,779,rnb1kb1r/pp2pppp/1q3n2/3p4/3N1B2/7P/PPP1PPP1/RN1QKB1R w KQkq -,MODEL_PREDICTION_NOT_EMPIRICAL,cuda,on,2.11.0+cu128,12.8,NVIDIA GeForce RTX 3090,7.55442660022527,632516608,0.9647218659520149
ORD-10,B7,1500,maia3-79m,6,b1c3,Nc3,0.025092434138059616,0.9647218659520149,0.6591149208428989,443,19,538,rnb1kb1r/pp2pppp/1q3n2/3p4/3N1B2/7P/PPP1PPP1/RN1QKB1R w KQkq -,MODEL_PREDICTION_NOT_EMPIRICAL,cuda,on,2.11.0+cu128,12.8,NVIDIA GeForce RTX 3090,7.55442660022527,632516608,0.9647218659520149
ORD-10,B7,1500,maia3-79m,7,f4e3,Be3,0.018940763548016548,0.9647218659520149,0.6591149208428989,366,19,615,rnb1kb1r/pp2pppp/1q3n2/3p4/3N1B2/7P/PPP1PPP1/RN1QKB1R w KQkq -,MODEL_PREDICTION_NOT_EMPIRICAL,cuda,on,2.11.0+cu128,12.8,NVIDIA GeForce RTX 3090,7.55442660022527,632516608,0.9647218659520149
ORD-10,B7,1500,maia3-79m,8,d4f3,Nf3,0.015459001064300537,0.9647218659520149,0.6591149208428989,361,21,618,rnb1kb1r/pp2pppp/1q3n2/3p4/3N1B2/7P/PPP1PPP1/RN1QKB1R w KQkq -,MODEL_PREDICTION_NOT_EMPIRICAL,cuda,on,2.11.0+cu128,12.8,NVIDIA GeForce RTX 3090,7.55442660022527,632516608,0.9647218659520149
ORD-10,B7,1500,maia3-79m,9,c2c3,c3,0.014983377419412136,0.9647218659520149,0.6591149208428989,405,20,575,rnb1kb1r/pp2pppp/1q3n2/3p4/3N1B2/7P/PPP1PPP1/RN1QKB1R w KQkq -,MODEL_PREDICTION_NOT_EMPIRICAL,cuda,on,2.11.0+cu128,12.8,NVIDIA GeForce RTX 3090,7.55442660022527,632516608,0.9647218659520149
ORD-10,B7,1500,maia3-79m,10,f4b8,Bxb8,0.011488153599202633,0.9647218659520149,0.6591149208428989,317,20,663,rnb1kb1r/pp2pppp/1q3n2/3p4/3N1B2/7P/PPP1PPP1/RN1QKB1R w KQkq -,MODEL_PREDICTION_NOT_EMPIRICAL,cuda,on,2.11.0+cu128,12.8,NVIDIA GeForce RTX 3090,7.55442660022527,632516608,0.9647218659520149
ORD-10,B7,1700,maia3-79m,1,d4b3,Nb3,0.38380834460258484,0.9713412532582879,0.6206683422955189,446,26,528,rnb1kb1r/pp2pppp/1q3n2/3p4/3N1B2/7P/PPP1PPP1/RN1QKB1R w KQkq -,MODEL_PREDICTION_NOT_EMPIRICAL,cuda,on,2.11.0+cu128,12.8,NVIDIA GeForce RTX 3090,7.55442660022527,632516608,0.9713412532582879
ORD-10,B7,1700,maia3-79m,2,b2b3,b3,0.38380834460258484,0.9713412532582879,0.6206683422955189,377,23,600,rnb1kb1r/pp2pppp/1q3n2/3p4/3N1B2/7P/PPP1PPP1/RN1QKB1R w KQkq -,MODEL_PREDICTION_NOT_EMPIRICAL,cuda,on,2.11.0+cu128,12.8,NVIDIA GeForce RTX 3090,7.55442660022527,632516608,0.9713412532582879
ORD-10,B7,1700,maia3-79m,3,e2e3,e3,0.06881304830312729,0.9713412532582879,0.6206683422955189,463,25,512,rnb1kb1r/pp2pppp/1q3n2/3p4/3N1B2/7P/PPP1PPP1/RN1QKB1R w KQkq -,MODEL_PREDICTION_NOT_EMPIRICAL,cuda,on,2.11.0+cu128,12.8,NVIDIA GeForce RTX 3090,7.55442660022527,632516608,0.9713412532582879
ORD-10,B7,1700,maia3-79m,4,f4c1,Bc1,0.04803925007581711,0.9713412532582879,0.6206683422955189,336,22,642,rnb1kb1r/pp2pppp/1q3n2/3p4/3N1B2/7P/PPP1PPP1/RN1QKB1R w KQkq -,MODEL_PREDICTION_NOT_EMPIRICAL,cuda,on,2.11.0+cu128,12.8,NVIDIA GeForce RTX 3090,7.55442660022527,632516608,0.9713412532582879
ORD-10,B7,1700,maia3-79m,5,b1c3,Nc3,0.02199397049844265,0.9713412532582879,0.6206683422955189,471,21,508,rnb1kb1r/pp2pppp/1q3n2/3p4/3N1B2/7P/PPP1PPP1/RN1QKB1R w KQkq -,MODEL_PREDICTION_NOT_EMPIRICAL,cuda,on,2.11.0+cu128,12.8,NVIDIA GeForce RTX 3090,7.55442660022527,632516608,0.9713412532582879
ORD-10,B7,1700,maia3-79m,6,d1c1,Qc1,0.019108692184090614,0.9713412532582879,0.6206683422955189,195,14,791,rnb1kb1r/pp2pppp/1q3n2/3p4/3N1B2/7P/PPP1PPP1/RN1QKB1R w KQkq -,MODEL_PREDICTION_NOT_EMPIRICAL,cuda,on,2.11.0+cu128,12.8,NVIDIA GeForce RTX 3090,7.55442660022527,632516608,0.9713412532582879
ORD-10,B7,1700,maia3-79m,7,f4b8,Bxb8,0.012337499298155308,0.9713412532582879,0.6206683422955189,311,23,666,rnb1kb1r/pp2pppp/1q3n2/3p4/3N1B2/7P/PPP1PPP1/RN1QKB1R w KQkq -,MODEL_PREDICTION_NOT_EMPIRICAL,cuda,on,2.11.0+cu128,12.8,NVIDIA GeForce RTX 3090,7.55442660022527,632516608,0.9713412532582879
ORD-10,B7,1700,maia3-79m,8,d4f3,Nf3,0.011772523634135723,0.9713412532582879,0.6206683422955189,360,23,617,rnb1kb1r/pp2pppp/1q3n2/3p4/3N1B2/7P/PPP1PPP1/RN1QKB1R w KQkq -,MODEL_PREDICTION_NOT_EMPIRICAL,cuda,on,2.11.0+cu128,12.8,NVIDIA GeForce RTX 3090,7.55442660022527,632516608,0.9713412532582879
ORD-10,B7,1700,maia3-79m,9,c2c3,c3,0.011590007692575455,0.9713412532582879,0.6206683422955189,406,23,571,rnb1kb1r/pp2pppp/1q3n2/3p4/3N1B2/7P/PPP1PPP1/RN1QKB1R w KQkq -,MODEL_PREDICTION_NOT_EMPIRICAL,cuda,on,2.11.0+cu128,12.8,NVIDIA GeForce RTX 3090,7.55442660022527,632516608,0.9713412532582879
ORD-10,B7,1700,maia3-79m,10,b1d2,Nd2,0.010069572366774082,0.9713412532582879,0.6206683422955189,287,19,694,rnb1kb1r/pp2pppp/1q3n2/3p4/3N1B2/7P/PPP1PPP1/RN1QKB1R w KQkq -,MODEL_PREDICTION_NOT_EMPIRICAL,cuda,on,2.11.0+cu128,12.8,NVIDIA GeForce RTX 3090,7.55442660022527,632516608,0.9713412532582879
ORD-10,B7,1900,maia3-79m,1,d4b3,Nb3,0.47308623790740967,0.9850054504349828,0.5749148193615813,428,32,540,rnb1kb1r/pp2pppp/1q3n2/3p4/3N1B2/7P/PPP1PPP1/RN1QKB1R w KQkq -,MODEL_PREDICTION_NOT_EMPIRICAL,cuda,on,2.11.0+cu128,12.8,NVIDIA GeForce RTX 3090,7.55442660022527,632516608,0.9850054504349828
ORD-10,B7,1900,maia3-79m,2,b2b3,b3,0.3407512605190277,0.9850054504349828,0.5749148193615813,380,28,592,rnb1kb1r/pp2pppp/1q3n2/3p4/3N1B2/7P/PPP1PPP1/RN1QKB1R w KQkq -,MODEL_PREDICTION_NOT_EMPIRICAL,cuda,on,2.11.0+cu128,12.8,NVIDIA GeForce RTX 3090,7.55442660022527,632516608,0.9850054504349828
ORD-10,B7,1900,maia3-79m,3,e2e3,e3,0.054763708263635635,0.9850054504349828,0.5749148193615813,475,30,495,rnb1kb1r/pp2pppp/1q3n2/3p4/3N1B2/7P/PPP1PPP1/RN1QKB1R w KQkq -,MODEL_PREDICTION_NOT_EMPIRICAL,cuda,on,2.11.0+cu128,12.8,NVIDIA GeForce RTX 3090,7.55442660022527,632516608,0.9850054504349828
ORD-10,B7,1900,maia3-79m,4,f4c1,Bc1,0.04986292123794556,0.9850054504349828,0.5749148193615813,339,26,635,rnb1kb1r/pp2pppp/1q3n2/3p4/3N1B2/7P/PPP1PPP1/RN1QKB1R w KQkq -,MODEL_PREDICTION_NOT_EMPIRICAL,cuda,on,2.11.0+cu128,12.8,NVIDIA GeForce RTX 3090,7.55442660022527,632516608,0.9850054504349828
ORD-10,B7,1900,maia3-79m,5,b1c3,Nc3,0.02078595943748951,0.9850054504349828,0.5749148193615813,508,24,468,rnb1kb1r/pp2pppp/1q3n2/3p4/3N1B2/7P/PPP1PPP1/RN1QKB1R w KQkq -,MODEL_PREDICTION_NOT_EMPIRICAL,cuda,on,2.11.0+cu128,12.8,NVIDIA GeForce RTX 3090,7.55442660022527,632516608,0.9850054504349828
ORD-10,B7,1900,maia3-79m,6,f4b8,Bxb8,0.011125922203063965,0.9850054504349828,0.5749148193615813,311,27,662,rnb1kb1r/pp2pppp/1q3n2/3p4/3N1B2/7P/PPP1PPP1/RN1QKB1R w KQkq -,MODEL_PREDICTION_NOT_EMPIRICAL,cuda,on,2.11.0+cu128,12.8,NVIDIA GeForce RTX 3090,7.55442660022527,632516608,0.9850054504349828
ORD-10,B7,1900,maia3-79m,7,d1c1,Qc1,0.011125922203063965,0.9850054504349828,0.5749148193615813,186,16,798,rnb1kb1r/pp2pppp/1q3n2/3p4/3N1B2/7P/PPP1PPP1/RN1QKB1R w KQkq -,MODEL_PREDICTION_NOT_EMPIRICAL,cuda,on,2.11.0+cu128,12.8,NVIDIA GeForce RTX 3090,7.55442660022527,632516608,0.9850054504349828
ORD-10,B7,1900,maia3-79m,8,c2c3,c3,0.00966636836528778,0.9850054504349828,0.5749148193615813,410,28,562,rnb1kb1r/pp2pppp/1q3n2/3p4/3N1B2/7P/PPP1PPP1/RN1QKB1R w KQkq -,MODEL_PREDICTION_NOT_EMPIRICAL,cuda,on,2.11.0+cu128,12.8,NVIDIA GeForce RTX 3090,7.55442660022527,632516608,0.9850054504349828
ORD-10,B7,1900,maia3-79m,9,b1d2,Nd2,0.007296558003872633,0.9850054504349828,0.5749148193615813,279,20,701,rnb1kb1r/pp2pppp/1q3n2/3p4/3N1B2/7P/PPP1PPP1/RN1QKB1R w KQkq -,MODEL_PREDICTION_NOT_EMPIRICAL,cuda,on,2.11.0+cu128,12.8,NVIDIA GeForce RTX 3090,7.55442660022527,632516608,0.9850054504349828
ORD-10,B7,1900,maia3-79m,10,d4f3,Nf3,0.006540592294186354,0.9850054504349828,0.5749148193615813,360,27,613,rnb1kb1r/pp2pppp/1q3n2/3p4/3N1B2/7P/PPP1PPP1/RN1QKB1R w KQkq -,MODEL_PREDICTION_NOT_EMPIRICAL,cuda,on,2.11.0+cu128,12.8,NVIDIA GeForce RTX 3090,7.55442660022527,632516608,0.9850054504349828
ORD-10,B7,2100,maia3-79m,1,d4b3,Nb3,0.5751540064811707,0.9920803324785084,0.5218518911835696,415,42,543,rnb1kb1r/pp2pppp/1q3n2/3p4/3N1B2/7P/PPP1PPP1/RN1QKB1R w KQkq -,MODEL_PREDICTION_NOT_EMPIRICAL,cuda,on,2.11.0+cu128,12.8,NVIDIA GeForce RTX 3090,7.55442660022527,632516608,0.9920803324785084
ORD-10,B7,2100,maia3-79m,2,b2b3,b3,0.26747146248817444,0.9920803324785084,0.5218518911835696,374,36,590,rnb1kb1r/pp2pppp/1q3n2/3p4/3N1B2/7P/PPP1PPP1/RN1QKB1R w KQkq -,MODEL_PREDICTION_NOT_EMPIRICAL,cuda,on,2.11.0+cu128,12.8,NVIDIA GeForce RTX 3090,7.55442660022527,632516608,0.9920803324785084
ORD-10,B7,2100,maia3-79m,3,f4c1,Bc1,0.0479549914598465,0.9920803324785084,0.5218518911835696,340,33,627,rnb1kb1r/pp2pppp/1q3n2/3p4/3N1B2/7P/PPP1PPP1/RN1QKB1R w KQkq -,MODEL_PREDICTION_NOT_EMPIRICAL,cuda,on,2.11.0+cu128,12.8,NVIDIA GeForce RTX 3090,7.55442660022527,632516608,0.9920803324785084
ORD-10,B7,2100,maia3-79m,4,e2e3,e3,0.04647957161068916,0.9920803324785084,0.5218518911835696,497,39,464,rnb1kb1r/pp2pppp/1q3n2/3p4/3N1B2/7P/PPP1PPP1/RN1QKB1R w KQkq -,MODEL_PREDICTION_NOT_EMPIRICAL,cuda,on,2.11.0+cu128,12.8,NVIDIA GeForce RTX 3090,7.55442660022527,632516608,0.9920803324785084
ORD-10,B7,2100,maia3-79m,5,b1c3,Nc3,0.026072675362229347,0.9920803324785084,0.5218518911835696,547,30,423,rnb1kb1r/pp2pppp/1q3n2/3p4/3N1B2/7P/PPP1PPP1/RN1QKB1R w KQkq -,MODEL_PREDICTION_NOT_EMPIRICAL,cuda,on,2.11.0+cu128,12.8,NVIDIA GeForce RTX 3090,7.55442660022527,632516608,0.9920803324785084
ORD-10,B7,2100,maia3-79m,6,f4b8,Bxb8,0.00820413138717413,0.9920803324785084,0.5218518911835696,313,36,651,rnb1kb1r/pp2pppp/1q3n2/3p4/3N1B2/7P/PPP1PPP1/RN1QKB1R w KQkq -,MODEL_PREDICTION_NOT_EMPIRICAL,cuda,on,2.11.0+cu128,12.8,NVIDIA GeForce RTX 3090,7.55442660022527,632516608,0.9920803324785084
ORD-10,B7,2100,maia3-79m,7,c2c3,c3,0.007469946518540382,0.9920803324785084,0.5218518911835696,423,37,540,rnb1kb1r/pp2pppp/1q3n2/3p4/3N1B2/7P/PPP1PPP1/RN1QKB1R w KQkq -,MODEL_PREDICTION_NOT_EMPIRICAL,cuda,on,2.11.0+cu128,12.8,NVIDIA GeForce RTX 3090,7.55442660022527,632516608,0.9920803324785084
ORD-10,B7,2100,maia3-79m,8,d1c1,Qc1,0.006002271082252264,0.9920803324785084,0.5218518911835696,177,18,805,rnb1kb1r/pp2pppp/1q3n2/3p4/3N1B2/7P/PPP1PPP1/RN1QKB1R w KQkq -,MODEL_PREDICTION_NOT_EMPIRICAL,cuda,on,2.11.0+cu128,12.8,NVIDIA GeForce RTX 3090,7.55442660022527,632516608,0.9920803324785084
ORD-10,B7,2100,maia3-79m,9,b1d2,Nd2,0.004391354974359274,0.9920803324785084,0.5218518911835696,269,24,707,rnb1kb1r/pp2pppp/1q3n2/3p4/3N1B2/7P/PPP1PPP1/RN1QKB1R w KQkq -,MODEL_PREDICTION_NOT_EMPIRICAL,cuda,on,2.11.0+cu128,12.8,NVIDIA GeForce RTX 3090,7.55442660022527,632516608,0.9920803324785084
ORD-10,B7,2100,maia3-79m,10,d4f3,Nf3,0.0028799211140722036,0.9920803324785084,0.5218518911835696,364,36,600,rnb1kb1r/pp2pppp/1q3n2/3p4/3N1B2/7P/PPP1PPP1/RN1QKB1R w KQkq -,MODEL_PREDICTION_NOT_EMPIRICAL,cuda,on,2.11.0+cu128,12.8,NVIDIA GeForce RTX 3090,7.55442660022527,632516608,0.9920803324785084
JOB-06,B7,1100,maia3-79m,1,d4a4,Qa4,0.3100303113460541,0.9818751029670238,0.7874618843765143,414,20,566,r1bqkb1r/pp2pppp/2n2n2/3p4/3Q1B2/2N2P2/PPP1P1PP/R3KBNR w KQkq -,MODEL_PREDICTION_NOT_EMPIRICAL,cuda,on,2.11.0+cu128,12.8,NVIDIA GeForce RTX 3090,7.55442660022527,632516608,0.9818751029670238
JOB-06,B7,1100,maia3-79m,2,d4d2,Qd2,0.23770849406719208,0.9818751029670238,0.7874618843765143,380,21,599,r1bqkb1r/pp2pppp/2n2n2/3p4/3Q1B2/2N2P2/PPP1P1PP/R3KBNR w KQkq -,MODEL_PREDICTION_NOT_EMPIRICAL,cuda,on,2.11.0+cu128,12.8,NVIDIA GeForce RTX 3090,7.55442660022527,632516608,0.9818751029670238
JOB-06,B7,1100,maia3-79m,3,d4d1,Qd1,0.16337449848651886,0.9818751029670238,0.7874618843765143,352,22,626,r1bqkb1r/pp2pppp/2n2n2/3p4/3Q1B2/2N2P2/PPP1P1PP/R3KBNR w KQkq -,MODEL_PREDICTION_NOT_EMPIRICAL,cuda,on,2.11.0+cu128,12.8,NVIDIA GeForce RTX 3090,7.55442660022527,632516608,0.9818751029670238
JOB-06,B7,1100,maia3-79m,4,d4d3,Qd3,0.09022396057844162,0.9818751029670238,0.7874618843765143,359,19,622,r1bqkb1r/pp2pppp/2n2n2/3p4/3Q1B2/2N2P2/PPP1P1PP/R3KBNR w KQkq -,MODEL_PREDICTION_NOT_EMPIRICAL,cuda,on,2.11.0+cu128,12.8,NVIDIA GeForce RTX 3090,7.55442660022527,632516608,0.9818751029670238
JOB-06,B7,1100,maia3-79m,5,d4c5,Qc5,0.06917711347341537,0.9818751029670238,0.7874618843765143,228,15,757,r1bqkb1r/pp2pppp/2n2n2/3p4/3Q1B2/2N2P2/PPP1P1PP/R3KBNR w KQkq -,MODEL_PREDICTION_NOT_EMPIRICAL,cuda,on,2.11.0+cu128,12.8,NVIDIA GeForce RTX 3090,7.55442660022527,632516608,0.9818751029670238
JOB-06,B7,1100,maia3-79m,6,d4f2,Qf2,0.037610944360494614,0.9818751029670238,0.7874618843765143,368,19,613,r1bqkb1r/pp2pppp/2n2n2/3p4/3Q1B2/2N2P2/PPP1P1PP/R3KBNR w KQkq -,MODEL_PREDICTION_NOT_EMPIRICAL,cuda,on,2.11.0+cu128,12.8,NVIDIA GeForce RTX 3090,7.55442660022527,632516608,0.9818751029670238
JOB-06,B7,1100,maia3-79m,7,d4e3,Qe3,0.028390230610966682,0.9818751029670238,0.7874618843765143,325,18,657,r1bqkb1r/pp2pppp/2n2n2/3p4/3Q1B2/2N2P2/PPP1P1PP/R3KBNR w KQkq -,MODEL_PREDICTION_NOT_EMPIRICAL,cuda,on,2.11.0+cu128,12.8,NVIDIA GeForce RTX 3090,7.55442660022527,632516608,0.9818751029670238
JOB-06,B7,1100,maia3-79m,8,c3b5,Nb5,0.023171430453658104,0.9818751029670238,0.7874618843765143,244,15,741,r1bqkb1r/pp2pppp/2n2n2/3p4/3Q1B2/2N2P2/PPP1P1PP/R3KBNR w KQkq -,MODEL_PREDICTION_NOT_EMPIRICAL,cuda,on,2.11.0+cu128,12.8,NVIDIA GeForce RTX 3090,7.55442660022527,632516608,0.9818751029670238
JOB-06,B7,1100,maia3-79m,9,e2e4,e4,0.014054182916879654,0.9818751029670238,0.7874618843765143,77,9,914,r1bqkb1r/pp2pppp/2n2n2/3p4/3Q1B2/2N2P2/PPP1P1PP/R3KBNR w KQkq -,MODEL_PREDICTION_NOT_EMPIRICAL,cuda,on,2.11.0+cu128,12.8,NVIDIA GeForce RTX 3090,7.55442660022527,632516608,0.9818751029670238
JOB-06,B7,1100,maia3-79m,10,e1c1,O-O-O,0.008133936673402786,0.9818751029670238,0.7874618843765143,111,9,880,r1bqkb1r/pp2pppp/2n2n2/3p4/3Q1B2/2N2P2/PPP1P1PP/R3KBNR w KQkq -,MODEL_PREDICTION_NOT_EMPIRICAL,cuda,on,2.11.0+cu128,12.8,NVIDIA GeForce RTX 3090,7.55442660022527,632516608,0.9818751029670238
JOB-06,B7,1300,maia3-79m,1,d4d2,Qd2,0.3258933126926422,0.9884796775877476,0.725221798142925,369,21,610,r1bqkb1r/pp2pppp/2n2n2/3p4/3Q1B2/2N2P2/PPP1P1PP/R3KBNR w KQkq -,MODEL_PREDICTION_NOT_EMPIRICAL,cuda,on,2.11.0+cu128,12.8,NVIDIA GeForce RTX 3090,7.55442660022527,632516608,0.9884796775877476
JOB-06,B7,1300,maia3-79m,2,d4a4,Qa4,0.27875134348869324,0.9884796775877476,0.725221798142925,405,20,575,r1bqkb1r/pp2pppp/2n2n2/3p4/3Q1B2/2N2P2/PPP1P1PP/R3KBNR w KQkq -,MODEL_PREDICTION_NOT_EMPIRICAL,cuda,on,2.11.0+cu128,12.8,NVIDIA GeForce RTX 3090,7.55442660022527,632516608,0.9884796775877476
JOB-06,B7,1300,maia3-79m,3,d4d1,Qd1,0.1976642906665802,0.9884796775877476,0.725221798142925,339,21,640,r1bqkb1r/pp2pppp/2n2n2/3p4/3Q1B2/2N2P2/PPP1P1PP/R3KBNR w KQkq -,MODEL_PREDICTION_NOT_EMPIRICAL,cuda,on,2.11.0+cu128,12.8,NVIDIA GeForce RTX 3090,7.55442660022527,632516608,0.9884796775877476
JOB-06,B7,1300,maia3-79m,4,d4d3,Qd3,0.06123353913426399,0.9884796775877476,0.725221798142925,355,19,626,r1bqkb1r/pp2pppp/2n2n2/3p4/3Q1B2/2N2P2/PPP1P1PP/R3KBNR w KQkq -,MODEL_PREDICTION_NOT_EMPIRICAL,cuda,on,2.11.0+cu128,12.8,NVIDIA GeForce RTX 3090,7.55442660022527,632516608,0.9884796775877476
JOB-06,B7,1300,maia3-79m,5,d4f2,Qf2,0.04694938659667969,0.9884796775877476,0.725221798142925,359,19,622,r1bqkb1r/pp2pppp/2n2n2/3p4/3Q1B2/2N2P2/PPP1P1PP/R3KBNR w KQkq -,MODEL_PREDICTION_NOT_EMPIRICAL,cuda,on,2.11.0+cu128,12.8,NVIDIA GeForce RTX 3090,7.55442660022527,632516608,0.9884796775877476
JOB-06,B7,1300,maia3-79m,6,d4c5,Qc5,0.027600117027759552,0.9884796775877476,0.725221798142925,194,13,793,r1bqkb1r/pp2pppp/2n2n2/3p4/3Q1B2/2N2P2/PPP1P1PP/R3KBNR w KQkq -,MODEL_PREDICTION_NOT_EMPIRICAL,cuda,on,2.11.0+cu128,12.8,NVIDIA GeForce RTX 3090,7.55442660022527,632516608,0.9884796775877476
JOB-06,B7,1300,maia3-79m,7,d4e3,Qe3,0.019267987459897995,0.9884796775877476,0.725221798142925,300,17,683,r1bqkb1r/pp2pppp/2n2n2/3p4/3Q1B2/2N2P2/PPP1P1PP/R3KBNR w KQkq -,MODEL_PREDICTION_NOT_EMPIRICAL,cuda,on,2.11.0+cu128,12.8,NVIDIA GeForce RTX 3090,7.55442660022527,632516608,0.9884796775877476
JOB-06,B7,1300,maia3-79m,8,c3b5,Nb5,0.018100600689649582,0.9884796775877476,0.725221798142925,210,11,779,r1bqkb1r/pp2pppp/2n2n2/3p4/3Q1B2/2N2P2/PPP1P1PP/R3KBNR w KQkq -,MODEL_PREDICTION_NOT_EMPIRICAL,cuda,on,2.11.0+cu128,12.8,NVIDIA GeForce RTX 3090,7.55442660022527,632516608,0.9884796775877476
JOB-06,B7,1300,maia3-79m,9,e1c1,O-O-O,0.006763699930161238,0.9884796775877476,0.725221798142925,101,7,892,r1bqkb1r/pp2pppp/2n2n2/3p4/3Q1B2/2N2P2/PPP1P1PP/R3KBNR w KQkq -,MODEL_PREDICTION_NOT_EMPIRICAL,cuda,on,2.11.0+cu128,12.8,NVIDIA GeForce RTX 3090,7.55442660022527,632516608,0.9884796775877476
JOB-06,B7,1300,maia3-79m,10,e2e4,e4,0.006255399901419878,0.9884796775877476,0.725221798142925,62,6,932,r1bqkb1r/pp2pppp/2n2n2/3p4/3Q1B2/2N2P2/PPP1P1PP/R3KBNR w KQkq -,MODEL_PREDICTION_NOT_EMPIRICAL,cuda,on,2.11.0+cu128,12.8,NVIDIA GeForce RTX 3090,7.55442660022527,632516608,0.9884796775877476
JOB-06,B7,1500,maia3-79m,1,d4d2,Qd2,0.40380892157554626,0.9915388578083366,0.6648034009508338,356,21,623,r1bqkb1r/pp2pppp/2n2n2/3p4/3Q1B2/2N2P2/PPP1P1PP/R3KBNR w KQkq -,MODEL_PREDICTION_NOT_EMPIRICAL,cuda,on,2.11.0+cu128,12.8,NVIDIA GeForce RTX 3090,7.55442660022527,632516608,0.9915388578083366
JOB-06,B7,1500,maia3-79m,2,d4a4,Qa4,0.23370668292045593,0.9915388578083366,0.6648034009508338,399,20,581,r1bqkb1r/pp2pppp/2n2n2/3p4/3Q1B2/2N2P2/PPP1P1PP/R3KBNR w KQkq -,MODEL_PREDICTION_NOT_EMPIRICAL,cuda,on,2.11.0+cu128,12.8,NVIDIA GeForce RTX 3090,7.55442660022527,632516608,0.9915388578083366
JOB-06,B7,1500,maia3-79m,3,d4d1,Qd1,0.21279236674308777,0.9915388578083366,0.6648034009508338,325,22,653,r1bqkb1r/pp2pppp/2n2n2/3p4/3Q1B2/2N2P2/PPP1P1PP/R3KBNR w KQkq -,MODEL_PREDICTION_NOT_EMPIRICAL,cuda,on,2.11.0+cu128,12.8,NVIDIA GeForce RTX 3090,7.55442660022527,632516608,0.9915388578083366
JOB-06,B7,1500,maia3-79m,4,d4f2,Qf2,0.058174196630716324,0.9915388578083366,0.6648034009508338,350,20,630,r1bqkb1r/pp2pppp/2n2n2/3p4/3Q1B2/2N2P2/PPP1P1PP/R3KBNR w KQkq -,MODEL_PREDICTION_NOT_EMPIRICAL,cuda,on,2.11.0+cu128,12.8,NVIDIA GeForce RTX 3090,7.55442660022527,632516608,0.9915388578083366
JOB-06,B7,1500,maia3-79m,5,d4d3,Qd3,0.039362628012895584,0.9915388578083366,0.6648034009508338,345,19,636,r1bqkb1r/pp2pppp/2n2n2/3p4/3Q1B2/2N2P2/PPP1P1PP/R3KBNR w KQkq -,MODEL_PREDICTION_NOT_EMPIRICAL,cuda,on,2.11.0+cu128,12.8,NVIDIA GeForce RTX 3090,7.55442660022527,632516608,0.9915388578083366
JOB-06,B7,1500,maia3-79m,6,d4c5,Qc5,0.012385999783873558,0.9915388578083366,0.6648034009508338,168,12,820,r1bqkb1r/pp2pppp/2n2n2/3p4/3Q1B2/2N2P2/PPP1P1PP/R3KBNR w KQkq -,MODEL_PREDICTION_NOT_EMPIRICAL,cuda,on,2.11.0+cu128,12.8,NVIDIA GeForce RTX 3090,7.55442660022527,632516608,0.9915388578083366
JOB-06,B7,1500,maia3-79m,7,d4e3,Qe3,0.012193973176181316,0.9915388578083366,0.6648034009508338,265,16,719,r1bqkb1r/pp2pppp/2n2n2/3p4/3Q1B2/2N2P2/PPP1P1PP/R3KBNR w KQkq -,MODEL_PREDICTION_NOT_EMPIRICAL,cuda,on,2.11.0+cu128,12.8,NVIDIA GeForce RTX 3090,7.55442660022527,632516608,0.9915388578083366
JOB-06,B7,1500,maia3-79m,8,c3b5,Nb5,0.01043005846440792,0.9915388578083366,0.6648034009508338,184,10,806,r1bqkb1r/pp2pppp/2n2n2/3p4/3Q1B2/2N2P2/PPP1P1PP/R3KBNR w KQkq -,MODEL_PREDICTION_NOT_EMPIRICAL,cuda,on,2.11.0+cu128,12.8,NVIDIA GeForce RTX 3090,7.55442660022527,632516608,0.9915388578083366
JOB-06,B7,1500,maia3-79m,9,e1c1,O-O-O,0.005244562402367592,0.9915388578083366,0.6648034009508338,92,7,901,r1bqkb1r/pp2pppp/2n2n2/3p4/3Q1B2/2N2P2/PPP1P1PP/R3KBNR w KQkq -,MODEL_PREDICTION_NOT_EMPIRICAL,cuda,on,2.11.0+cu128,12.8,NVIDIA GeForce RTX 3090,7.55442660022527,632516608,0.9915388578083366
JOB-06,B7,1500,maia3-79m,10,e2e4,e4,0.0034394680988043547,0.9915388578083366,0.6648034009508338,48,5,947,r1bqkb1r/pp2pppp/2n2n2/3p4/3Q1B2/2N2P2/PPP1P1PP/R3KBNR w KQkq -,MODEL_PREDICTION_NOT_EMPIRICAL,cuda,on,2.11.0+cu128,12.8,NVIDIA GeForce RTX 3090,7.55442660022527,632516608,0.9915388578083366
JOB-06,B7,1700,maia3-79m,1,d4d2,Qd2,0.45885831117630005,0.9939386147307232,0.6161238739306373,338,22,640,r1bqkb1r/pp2pppp/2n2n2/3p4/3Q1B2/2N2P2/PPP1P1PP/R3KBNR w KQkq -,MODEL_PREDICTION_NOT_EMPIRICAL,cuda,on,2.11.0+cu128,12.8,NVIDIA GeForce RTX 3090,7.55442660022527,632516608,0.9939386147307232
JOB-06,B7,1700,maia3-79m,2,d4d1,Qd1,0.21338893473148346,0.9939386147307232,0.6161238739306373,307,22,671,r1bqkb1r/pp2pppp/2n2n2/3p4/3Q1B2/2N2P2/PPP1P1PP/R3KBNR w KQkq -,MODEL_PREDICTION_NOT_EMPIRICAL,cuda,on,2.11.0+cu128,12.8,NVIDIA GeForce RTX 3090,7.55442660022527,632516608,0.9939386147307232
JOB-06,B7,1700,maia3-79m,3,d4a4,Qa4,0.20046034455299377,0.9939386147307232,0.6161238739306373,399,22,579,r1bqkb1r/pp2pppp/2n2n2/3p4/3Q1B2/2N2P2/PPP1P1PP/R3KBNR w KQkq -,MODEL_PREDICTION_NOT_EMPIRICAL,cuda,on,2.11.0+cu128,12.8,NVIDIA GeForce RTX 3090,7.55442660022527,632516608,0.9939386147307232
JOB-06,B7,1700,maia3-79m,4,d4f2,Qf2,0.0703682005405426,0.9939386147307232,0.6161238739306373,336,21,643,r1bqkb1r/pp2pppp/2n2n2/3p4/3Q1B2/2N2P2/PPP1P1PP/R3KBNR w KQkq -,MODEL_PREDICTION_NOT_EMPIRICAL,cuda,on,2.11.0+cu128,12.8,NVIDIA GeForce RTX 3090,7.55442660022527,632516608,0.9939386147307232
JOB-06,B7,1700,maia3-79m,5,d4d3,Qd3,0.027129357680678368,0.9939386147307232,0.6161238739306373,328,20,652,r1bqkb1r/pp2pppp/2n2n2/3p4/3Q1B2/2N2P2/PPP1P1PP/R3KBNR w KQkq -,MODEL_PREDICTION_NOT_EMPIRICAL,cuda,on,2.11.0+cu128,12.8,NVIDIA GeForce RTX 3090,7.55442660022527,632516608,0.9939386147307232
JOB-06,B7,1700,maia3-79m,6,d4c5,Qc5,0.006967395078390837,0.9939386147307232,0.6161238739306373,144,12,844,r1bqkb1r/pp2pppp/2n2n2/3p4/3Q1B2/2N2P2/PPP1P1PP/R3KBNR w KQkq -,MODEL_PREDICTION_NOT_EMPIRICAL,cuda,on,2.11.0+cu128,12.8,NVIDIA GeForce RTX 3090,7.55442660022527,632516608,0.9939386147307232
JOB-06,B7,1700,maia3-79m,7,d4e3,Qe3,0.006859376095235348,0.9939386147307232,0.6161238739306373,222,15,763,r1bqkb1r/pp2pppp/2n2n2/3p4/3Q1B2/2N2P2/PPP1P1PP/R3KBNR w KQkq -,MODEL_PREDICTION_NOT_EMPIRICAL,cuda,on,2.11.0+cu128,12.8,NVIDIA GeForce RTX 3090,7.55442660022527,632516608,0.9939386147307232
JOB-06,B7,1700,maia3-79m,8,c3b5,Nb5,0.004498488735407591,0.9939386147307232,0.6161238739306373,174,10,816,r1bqkb1r/pp2pppp/2n2n2/3p4/3Q1B2/2N2P2/PPP1P1PP/R3KBNR w KQkq -,MODEL_PREDICTION_NOT_EMPIRICAL,cuda,on,2.11.0+cu128,12.8,NVIDIA GeForce RTX 3090,7.55442660022527,632516608,0.9939386147307232
JOB-06,B7,1700,maia3-79m,9,e1c1,O-O-O,0.0035034262109547853,0.9939386147307232,0.6161238739306373,85,7,908,r1bqkb1r/pp2pppp/2n2n2/3p4/3Q1B2/2N2P2/PPP1P1PP/R3KBNR w KQkq -,MODEL_PREDICTION_NOT_EMPIRICAL,cuda,on,2.11.0+cu128,12.8,NVIDIA GeForce RTX 3090,7.55442660022527,632516608,0.9939386147307232
JOB-06,B7,1700,maia3-79m,10,e2e4,e4,0.0019047799287363887,0.9939386147307232,0.6161238739306373,39,4,957,r1bqkb1r/pp2pppp/2n2n2/3p4/3Q1B2/2N2P2/PPP1P1PP/R3KBNR w KQkq -,MODEL_PREDICTION_NOT_EMPIRICAL,cuda,on,2.11.0+cu128,12.8,NVIDIA GeForce RTX 3090,7.55442660022527,632516608,0.9939386147307232
JOB-06,B7,1900,maia3-79m,1,d4d2,Qd2,0.5097934603691101,0.9961010402766988,0.5756167466648392,326,24,650,r1bqkb1r/pp2pppp/2n2n2/3p4/3Q1B2/2N2P2/PPP1P1PP/R3KBNR w KQkq -,MODEL_PREDICTION_NOT_EMPIRICAL,cuda,on,2.11.0+cu128,12.8,NVIDIA GeForce RTX 3090,7.55442660022527,632516608,0.9961010402766988
JOB-06,B7,1900,maia3-79m,2,d4a4,Qa4,0.19049590826034546,0.9961010402766988,0.5756167466648392,406,25,569,r1bqkb1r/pp2pppp/2n2n2/3p4/3Q1B2/2N2P2/PPP1P1PP/R3KBNR w KQkq -,MODEL_PREDICTION_NOT_EMPIRICAL,cuda,on,2.11.0+cu128,12.8,NVIDIA GeForce RTX 3090,7.55442660022527,632516608,0.9961010402766988
JOB-06,B7,1900,maia3-79m,3,d4d1,Qd1,0.18177247047424316,0.9961010402766988,0.5756167466648392,284,23,693,r1bqkb1r/pp2pppp/2n2n2/3p4/3Q1B2/2N2P2/PPP1P1PP/R3KBNR w KQkq -,MODEL_PREDICTION_NOT_EMPIRICAL,cuda,on,2.11.0+cu128,12.8,NVIDIA GeForce RTX 3090,7.55442660022527,632516608,0.9961010402766988
JOB-06,B7,1900,maia3-79m,4,d4f2,Qf2,0.08193126320838928,0.9961010402766988,0.5756167466648392,320,22,658,r1bqkb1r/pp2pppp/2n2n2/3p4/3Q1B2/2N2P2/PPP1P1PP/R3KBNR w KQkq -,MODEL_PREDICTION_NOT_EMPIRICAL,cuda,on,2.11.0+cu128,12.8,NVIDIA GeForce RTX 3090,7.55442660022527,632516608,0.9961010402766988
JOB-06,B7,1900,maia3-79m,5,d4d3,Qd3,0.019158678129315376,0.9961010402766988,0.5756167466648392,317,21,662,r1bqkb1r/pp2pppp/2n2n2/3p4/3Q1B2/2N2P2/PPP1P1PP/R3KBNR w KQkq -,MODEL_PREDICTION_NOT_EMPIRICAL,cuda,on,2.11.0+cu128,12.8,NVIDIA GeForce RTX 3090,7.55442660022527,632516608,0.9961010402766988
JOB-06,B7,1900,maia3-79m,6,d4c5,Qc5,0.0049978396855294704,0.9961010402766988,0.5756167466648392,130,12,858,r1bqkb1r/pp2pppp/2n2n2/3p4/3Q1B2/2N2P2/PPP1P1PP/R3KBNR w KQkq -,MODEL_PREDICTION_NOT_EMPIRICAL,cuda,on,2.11.0+cu128,12.8,NVIDIA GeForce RTX 3090,7.55442660022527,632516608,0.9961010402766988
JOB-06,B7,1900,maia3-79m,7,d4e3,Qe3,0.0031768197659403086,0.9961010402766988,0.5756167466648392,184,14,802,r1bqkb1r/pp2pppp/2n2n2/3p4/3Q1B2/2N2P2/PPP1P1PP/R3KBNR w KQkq -,MODEL_PREDICTION_NOT_EMPIRICAL,cuda,on,2.11.0+cu128,12.8,NVIDIA GeForce RTX 3090,7.55442660022527,632516608,0.9961010402766988
JOB-06,B7,1900,maia3-79m,8,e1c1,O-O-O,0.002019309438765049,0.9961010402766988,0.5756167466648392,75,7,918,r1bqkb1r/pp2pppp/2n2n2/3p4/3Q1B2/2N2P2/PPP1P1PP/R3KBNR w KQkq -,MODEL_PREDICTION_NOT_EMPIRICAL,cuda,on,2.11.0+cu128,12.8,NVIDIA GeForce RTX 3090,7.55442660022527,632516608,0.9961010402766988
JOB-06,B7,1900,maia3-79m,9,c3b5,Nb5,0.0016225608997046947,0.9961010402766988,0.5756167466648392,165,11,824,r1bqkb1r/pp2pppp/2n2n2/3p4/3Q1B2/2N2P2/PPP1P1PP/R3KBNR w KQkq -,MODEL_PREDICTION_NOT_EMPIRICAL,cuda,on,2.11.0+cu128,12.8,NVIDIA GeForce RTX 3090,7.55442660022527,632516608,0.9961010402766988
JOB-06,B7,1900,maia3-79m,10,e2e4,e4,0.0011327300453558564,0.9961010402766988,0.5756167466648392,33,4,963,r1bqkb1r/pp2pppp/2n2n2/3p4/3Q1B2/2N2P2/PPP1P1PP/R3KBNR w KQkq -,MODEL_PREDICTION_NOT_EMPIRICAL,cuda,on,2.11.0+cu128,12.8,NVIDIA GeForce RTX 3090,7.55442660022527,632516608,0.9961010402766988
JOB-06,B7,2100,maia3-79m,1,d4d2,Qd2,0.5506129860877991,0.9973733089282177,0.533923717873966,334,29,637,r1bqkb1r/pp2pppp/2n2n2/3p4/3Q1B2/2N2P2/PPP1P1PP/R3KBNR w KQkq -,MODEL_PREDICTION_NOT_EMPIRICAL,cuda,on,2.11.0+cu128,12.8,NVIDIA GeForce RTX 3090,7.55442660022527,632516608,0.9973733089282177
JOB-06,B7,2100,maia3-79m,2,d4a4,Qa4,0.22952964901924133,0.9973733089282177,0.533923717873966,430,31,539,r1bqkb1r/pp2pppp/2n2n2/3p4/3Q1B2/2N2P2/PPP1P1PP/R3KBNR w KQkq -,MODEL_PREDICTION_NOT_EMPIRICAL,cuda,on,2.11.0+cu128,12.8,NVIDIA GeForce RTX 3090,7.55442660022527,632516608,0.9973733089282177
JOB-06,B7,2100,maia3-79m,3,d4d1,Qd1,0.10674119740724564,0.9973733089282177,0.533923717873966,268,25,707,r1bqkb1r/pp2pppp/2n2n2/3p4/3Q1B2/2N2P2/PPP1P1PP/R3KBNR w KQkq -,MODEL_PREDICTION_NOT_EMPIRICAL,cuda,on,2.11.0+cu128,12.8,NVIDIA GeForce RTX 3090,7.55442660022527,632516608,0.9973733089282177
JOB-06,B7,2100,maia3-79m,4,d4f2,Qf2,0.08849156647920609,0.9973733089282177,0.533923717873966,320,25,655,r1bqkb1r/pp2pppp/2n2n2/3p4/3Q1B2/2N2P2/PPP1P1PP/R3KBNR w KQkq -,MODEL_PREDICTION_NOT_EMPIRICAL,cuda,on,2.11.0+cu128,12.8,NVIDIA GeForce RTX 3090,7.55442660022527,632516608,0.9973733089282177
JOB-06,B7,2100,maia3-79m,5,d4d3,Qd3,0.014001399278640747,0.9973733089282177,0.533923717873966,318,25,657,r1bqkb1r/pp2pppp/2n2n2/3p4/3Q1B2/2N2P2/PPP1P1PP/R3KBNR w KQkq -,MODEL_PREDICTION_NOT_EMPIRICAL,cuda,on,2.11.0+cu128,12.8,NVIDIA GeForce RTX 3090,7.55442660022527,632516608,0.9973733089282177
JOB-06,B7,2100,maia3-79m,6,d4c5,Qc5,0.0038277695421129465,0.9973733089282177,0.533923717873966,127,12,861,r1bqkb1r/pp2pppp/2n2n2/3p4/3Q1B2/2N2P2/PPP1P1PP/R3KBNR w KQkq -,MODEL_PREDICTION_NOT_EMPIRICAL,cuda,on,2.11.0+cu128,12.8,NVIDIA GeForce RTX 3090,7.55442660022527,632516608,0.9973733089282177
JOB-06,B7,2100,maia3-79m,7,e1c1,O-O-O,0.0011765597155317664,0.9973733089282177,0.533923717873966,57,7,936,r1bqkb1r/pp2pppp/2n2n2/3p4/3Q1B2/2N2P2/PPP1P1PP/R3KBNR w KQkq -,MODEL_PREDICTION_NOT_EMPIRICAL,cuda,on,2.11.0+cu128,12.8,NVIDIA GeForce RTX 3090,7.55442660022527,632516608,0.9973733089282177
JOB-06,B7,2100,maia3-79m,8,d4e3,Qe3,0.001149304793216288,0.9973733089282177,0.533923717873966,150,14,836,r1bqkb1r/pp2pppp/2n2n2/3p4/3Q1B2/2N2P2/PPP1P1PP/R3KBNR w KQkq -,MODEL_PREDICTION_NOT_EMPIRICAL,cuda,on,2.11.0+cu128,12.8,NVIDIA GeForce RTX 3090,7.55442660022527,632516608,0.9973733089282177
JOB-06,B7,2100,maia3-79m,9,c3b5,Nb5,0.0010712698567658663,0.9973733089282177,0.533923717873966,149,12,839,r1bqkb1r/pp2pppp/2n2n2/3p4/3Q1B2/2N2P2/PPP1P1PP/R3KBNR w KQkq -,MODEL_PREDICTION_NOT_EMPIRICAL,cuda,on,2.11.0+cu128,12.8,NVIDIA GeForce RTX 3090,7.55442660022527,632516608,0.9973733089282177
JOB-06,B7,2100,maia3-79m,10,e2e4,e4,0.000771606748457998,0.9973733089282177,0.533923717873966,29,4,967,r1bqkb1r/pp2pppp/2n2n2/3p4/3Q1B2/2N2P2/PPP1P1PP/R3KBNR w KQkq -,MODEL_PREDICTION_NOT_EMPIRICAL,cuda,on,2.11.0+cu128,12.8,NVIDIA GeForce RTX 3090,7.55442660022527,632516608,0.9973733089282177
JOB-09,B7,1100,maia3-79m,1,d4d1,Qd1,0.28752371668815613,0.9905081222532317,0.7490929960500987,368,22,610,r1bqkb1r/pp2pppp/2n2n2/3p4/3Q1B2/P1N5/1PP1PPPP/R3KBNR w KQkq -,MODEL_PREDICTION_NOT_EMPIRICAL,cuda,on,2.11.0+cu128,12.8,NVIDIA GeForce RTX 3090,7.55442660022527,632516608,0.9905081222532317
JOB-09,B7,1100,maia3-79m,2,d4a4,Qa4,0.22744999825954437,0.9905081222532317,0.7490929960500987,424,20,556,r1bqkb1r/pp2pppp/2n2n2/3p4/3Q1B2/P1N5/1PP1PPPP/R3KBNR w KQkq -,MODEL_PREDICTION_NOT_EMPIRICAL,cuda,on,2.11.0+cu128,12.8,NVIDIA GeForce RTX 3090,7.55442660022527,632516608,0.9905081222532317
JOB-09,B7,1100,maia3-79m,3,d4d2,Qd2,0.22744999825954437,0.9905081222532317,0.7490929960500987,383,21,596,r1bqkb1r/pp2pppp/2n2n2/3p4/3Q1B2/P1N5/1PP1PPPP/R3KBNR w KQkq -,MODEL_PREDICTION_NOT_EMPIRICAL,cuda,on,2.11.0+cu128,12.8,NVIDIA GeForce RTX 3090,7.55442660022527,632516608,0.9905081222532317
JOB-09,B7,1100,maia3-79m,4,d4d3,Qd3,0.10913169384002686,0.9905081222532317,0.7490929960500987,383,20,597,r1bqkb1r/pp2pppp/2n2n2/3p4/3Q1B2/P1N5/1PP1PPPP/R3KBNR w KQkq -,MODEL_PREDICTION_NOT_EMPIRICAL,cuda,on,2.11.0+cu128,12.8,NVIDIA GeForce RTX 3090,7.55442660022527,632516608,0.9905081222532317
JOB-09,B7,1100,maia3-79m,5,d4e3,Qe3,0.05075095221400261,0.9905081222532317,0.7490929960500987,332,18,650,r1bqkb1r/pp2pppp/2n2n2/3p4/3Q1B2/P1N5/1PP1PPPP/R3KBNR w KQkq -,MODEL_PREDICTION_NOT_EMPIRICAL,cuda,on,2.11.0+cu128,12.8,NVIDIA GeForce RTX 3090,7.55442660022527,632516608,0.9905081222532317
JOB-09,B7,1100,maia3-79m,6,d4c5,Qc5,0.04918950796127319,0.9905081222532317,0.7490929960500987,231,15,754,r1bqkb1r/pp2pppp/2n2n2/3p4/3Q1B2/P1N5/1PP1PPPP/R3KBNR w KQkq -,MODEL_PREDICTION_NOT_EMPIRICAL,cuda,on,2.11.0+cu128,12.8,NVIDIA GeForce RTX 3090,7.55442660022527,632516608,0.9905081222532317
JOB-09,B7,1100,maia3-79m,7,c3b5,Nb5,0.0322592668235302,0.9905081222532317,0.7490929960500987,244,14,742,r1bqkb1r/pp2pppp/2n2n2/3p4/3Q1B2/P1N5/1PP1PPPP/R3KBNR w KQkq -,MODEL_PREDICTION_NOT_EMPIRICAL,cuda,on,2.11.0+cu128,12.8,NVIDIA GeForce RTX 3090,7.55442660022527,632516608,0.9905081222532317
JOB-09,B7,1100,maia3-79m,8,e2e3,e3,0.002863172674551606,0.9905081222532317,0.7490929960500987,131,11,858,r1bqkb1r/pp2pppp/2n2n2/3p4/3Q1B2/P1N5/1PP1PPPP/R3KBNR w KQkq -,MODEL_PREDICTION_NOT_EMPIRICAL,cuda,on,2.11.0+cu128,12.8,NVIDIA GeForce RTX 3090,7.55442660022527,632516608,0.9905081222532317
JOB-09,B7,1100,maia3-79m,9,e1c1,O-O-O,0.0025267410092055798,0.9905081222532317,0.7490929960500987,112,10,878,r1bqkb1r/pp2pppp/2n2n2/3p4/3Q1B2/P1N5/1PP1PPPP/R3KBNR w KQkq -,MODEL_PREDICTION_NOT_EMPIRICAL,cuda,on,2.11.0+cu128,12.8,NVIDIA GeForce RTX 3090,7.55442660022527,632516608,0.9905081222532317
JOB-09,B7,1100,maia3-79m,10,d4e5,Qe5,0.00136307452339679,0.9905081222532317,0.7490929960500987,103,10,887,r1bqkb1r/pp2pppp/2n2n2/3p4/3Q1B2/P1N5/1PP1PPPP/R3KBNR w KQkq -,MODEL_PREDICTION_NOT_EMPIRICAL,cuda,on,2.11.0+cu128,12.8,NVIDIA GeForce RTX 3090,7.55442660022527,632516608,0.9905081222532317
JOB-09,B7,1300,maia3-79m,1,d4d1,Qd1,0.34816282987594604,0.9943680830183439,0.6841749609984428,357,21,622,r1bqkb1r/pp2pppp/2n2n2/3p4/3Q1B2/P1N5/1PP1PPPP/R3KBNR w KQkq -,MODEL_PREDICTION_NOT_EMPIRICAL,cuda,on,2.11.0+cu128,12.8,NVIDIA GeForce RTX 3090,7.55442660022527,632516608,0.9943680830183439
JOB-09,B7,1300,maia3-79m,2,d4d2,Qd2,0.2669457197189331,0.9943680830183439,0.6841749609984428,375,21,604,r1bqkb1r/pp2pppp/2n2n2/3p4/3Q1B2/P1N5/1PP1PPPP/R3KBNR w KQkq -,MODEL_PREDICTION_NOT_EMPIRICAL,cuda,on,2.11.0+cu128,12.8,NVIDIA GeForce RTX 3090,7.55442660022527,632516608,0.9943680830183439
JOB-09,B7,1300,maia3-79m,3,d4a4,Qa4,0.20789751410484314,0.9943680830183439,0.6841749609984428,416,20,564,r1bqkb1r/pp2pppp/2n2n2/3p4/3Q1B2/P1N5/1PP1PPPP/R3KBNR w KQkq -,MODEL_PREDICTION_NOT_EMPIRICAL,cuda,on,2.11.0+cu128,12.8,NVIDIA GeForce RTX 3090,7.55442660022527,632516608,0.9943680830183439
JOB-09,B7,1300,maia3-79m,4,d4d3,Qd3,0.08532097190618515,0.9943680830183439,0.6841749609984428,377,19,604,r1bqkb1r/pp2pppp/2n2n2/3p4/3Q1B2/P1N5/1PP1PPPP/R3KBNR w KQkq -,MODEL_PREDICTION_NOT_EMPIRICAL,cuda,on,2.11.0+cu128,12.8,NVIDIA GeForce RTX 3090,7.55442660022527,632516608,0.9943680830183439
JOB-09,B7,1300,maia3-79m,5,d4e3,Qe3,0.0396779328584671,0.9943680830183439,0.6841749609984428,305,17,678,r1bqkb1r/pp2pppp/2n2n2/3p4/3Q1B2/P1N5/1PP1PPPP/R3KBNR w KQkq -,MODEL_PREDICTION_NOT_EMPIRICAL,cuda,on,2.11.0+cu128,12.8,NVIDIA GeForce RTX 3090,7.55442660022527,632516608,0.9943680830183439
JOB-09,B7,1300,maia3-79m,6,d4c5,Qc5,0.021238068118691444,0.9943680830183439,0.6841749609984428,196,13,791,r1bqkb1r/pp2pppp/2n2n2/3p4/3Q1B2/P1N5/1PP1PPPP/R3KBNR w KQkq -,MODEL_PREDICTION_NOT_EMPIRICAL,cuda,on,2.11.0+cu128,12.8,NVIDIA GeForce RTX 3090,7.55442660022527,632516608,0.9943680830183439
JOB-09,B7,1300,maia3-79m,7,c3b5,Nb5,0.02058464102447033,0.9943680830183439,0.6841749609984428,211,11,778,r1bqkb1r/pp2pppp/2n2n2/3p4/3Q1B2/P1N5/1PP1PPPP/R3KBNR w KQkq -,MODEL_PREDICTION_NOT_EMPIRICAL,cuda,on,2.11.0+cu128,12.8,NVIDIA GeForce RTX 3090,7.55442660022527,632516608,0.9943680830183439
JOB-09,B7,1300,maia3-79m,8,e2e3,e3,0.00220377161167562,0.9943680830183439,0.6841749609984428,108,8,884,r1bqkb1r/pp2pppp/2n2n2/3p4/3Q1B2/P1N5/1PP1PPPP/R3KBNR w KQkq -,MODEL_PREDICTION_NOT_EMPIRICAL,cuda,on,2.11.0+cu128,12.8,NVIDIA GeForce RTX 3090,7.55442660022527,632516608,0.9943680830183439
JOB-09,B7,1300,maia3-79m,9,e1c1,O-O-O,0.001538480632007122,0.9943680830183439,0.6841749609984428,100,8,892,r1bqkb1r/pp2pppp/2n2n2/3p4/3Q1B2/P1N5/1PP1PPPP/R3KBNR w KQkq -,MODEL_PREDICTION_NOT_EMPIRICAL,cuda,on,2.11.0+cu128,12.8,NVIDIA GeForce RTX 3090,7.55442660022527,632516608,0.9943680830183439
JOB-09,B7,1300,maia3-79m,10,d4d5,Qxd5,0.0007981531671248376,0.9943680830183439,0.6841749609984428,70,9,921,r1bqkb1r/pp2pppp/2n2n2/3p4/3Q1B2/P1N5/1PP1PPPP/R3KBNR w KQkq -,MODEL_PREDICTION_NOT_EMPIRICAL,cuda,on,2.11.0+cu128,12.8,NVIDIA GeForce RTX 3090,7.55442660022527,632516608,0.9943680830183439
JOB-09,B7,1500,maia3-79m,1,d4d1,Qd1,0.4023799002170563,0.9959047777228989,0.6239310337583253,344,22,634,r1bqkb1r/pp2pppp/2n2n2/3p4/3Q1B2/P1N5/1PP1PPPP/R3KBNR w KQkq -,MODEL_PREDICTION_NOT_EMPIRICAL,cuda,on,2.11.0+cu128,12.8,NVIDIA GeForce RTX 3090,7.55442660022527,632516608,0.9959047777228989
JOB-09,B7,1500,maia3-79m,2,d4d2,Qd2,0.2990233600139618,0.9959047777228989,0.6239310337583253,362,22,616,r1bqkb1r/pp2pppp/2n2n2/3p4/3Q1B2/P1N5/1PP1PPPP/R3KBNR w KQkq -,MODEL_PREDICTION_NOT_EMPIRICAL,cuda,on,2.11.0+cu128,12.8,NVIDIA GeForce RTX 3090,7.55442660022527,632516608,0.9959047777228989
JOB-09,B7,1500,maia3-79m,3,d4a4,Qa4,0.17578676342964172,0.9959047777228989,0.6239310337583253,411,20,569,r1bqkb1r/pp2pppp/2n2n2/3p4/3Q1B2/P1N5/1PP1PPPP/R3KBNR w KQkq -,MODEL_PREDICTION_NOT_EMPIRICAL,cuda,on,2.11.0+cu128,12.8,NVIDIA GeForce RTX 3090,7.55442660022527,632516608,0.9959047777228989
JOB-09,B7,1500,maia3-79m,4,d4d3,Qd3,0.06170696020126343,0.9959047777228989,0.6239310337583253,365,20,615,r1bqkb1r/pp2pppp/2n2n2/3p4/3Q1B2/P1N5/1PP1PPPP/R3KBNR w KQkq -,MODEL_PREDICTION_NOT_EMPIRICAL,cuda,on,2.11.0+cu128,12.8,NVIDIA GeForce RTX 3090,7.55442660022527,632516608,0.9959047777228989
JOB-09,B7,1500,maia3-79m,5,d4e3,Qe3,0.03151683136820793,0.9959047777228989,0.6239310337583253,269,16,715,r1bqkb1r/pp2pppp/2n2n2/3p4/3Q1B2/P1N5/1PP1PPPP/R3KBNR w KQkq -,MODEL_PREDICTION_NOT_EMPIRICAL,cuda,on,2.11.0+cu128,12.8,NVIDIA GeForce RTX 3090,7.55442660022527,632516608,0.9959047777228989
JOB-09,B7,1500,maia3-79m,6,d4c5,Qc5,0.011063448153436184,0.9959047777228989,0.6239310337583253,170,12,818,r1bqkb1r/pp2pppp/2n2n2/3p4/3Q1B2/P1N5/1PP1PPPP/R3KBNR w KQkq -,MODEL_PREDICTION_NOT_EMPIRICAL,cuda,on,2.11.0+cu128,12.8,NVIDIA GeForce RTX 3090,7.55442660022527,632516608,0.9959047777228989
JOB-09,B7,1500,maia3-79m,7,c3b5,Nb5,0.010723060928285122,0.9959047777228989,0.6239310337583253,188,10,802,r1bqkb1r/pp2pppp/2n2n2/3p4/3Q1B2/P1N5/1PP1PPPP/R3KBNR w KQkq -,MODEL_PREDICTION_NOT_EMPIRICAL,cuda,on,2.11.0+cu128,12.8,NVIDIA GeForce RTX 3090,7.55442660022527,632516608,0.9959047777228989
JOB-09,B7,1500,maia3-79m,8,e2e3,e3,0.0019528147531673312,0.9959047777228989,0.6239310337583253,92,7,901,r1bqkb1r/pp2pppp/2n2n2/3p4/3Q1B2/P1N5/1PP1PPPP/R3KBNR w KQkq -,MODEL_PREDICTION_NOT_EMPIRICAL,cuda,on,2.11.0+cu128,12.8,NVIDIA GeForce RTX 3090,7.55442660022527,632516608,0.9959047777228989
JOB-09,B7,1500,maia3-79m,9,e1c1,O-O-O,0.001112680183723569,0.9959047777228989,0.6239310337583253,91,7,902,r1bqkb1r/pp2pppp/2n2n2/3p4/3Q1B2/P1N5/1PP1PPPP/R3KBNR w KQkq -,MODEL_PREDICTION_NOT_EMPIRICAL,cuda,on,2.11.0+cu128,12.8,NVIDIA GeForce RTX 3090,7.55442660022527,632516608,0.9959047777228989
JOB-09,B7,1500,maia3-79m,10,d4d5,Qxd5,0.0006389584741555154,0.9959047777228989,0.6239310337583253,69,8,923,r1bqkb1r/pp2pppp/2n2n2/3p4/3Q1B2/P1N5/1PP1PPPP/R3KBNR w KQkq -,MODEL_PREDICTION_NOT_EMPIRICAL,cuda,on,2.11.0+cu128,12.8,NVIDIA GeForce RTX 3090,7.55442660022527,632516608,0.9959047777228989
JOB-09,B7,1700,maia3-79m,1,d4d1,Qd1,0.4288283586502075,0.9967286165920086,0.5777901019509798,328,23,649,r1bqkb1r/pp2pppp/2n2n2/3p4/3Q1B2/P1N5/1PP1PPPP/R3KBNR w KQkq -,MODEL_PREDICTION_NOT_EMPIRICAL,cuda,on,2.11.0+cu128,12.8,NVIDIA GeForce RTX 3090,7.55442660022527,632516608,0.9967286165920086
JOB-09,B7,1700,maia3-79m,2,d4d2,Qd2,0.32879409193992615,0.9967286165920086,0.5777901019509798,347,23,630,r1bqkb1r/pp2pppp/2n2n2/3p4/3Q1B2/P1N5/1PP1PPPP/R3KBNR w KQkq -,MODEL_PREDICTION_NOT_EMPIRICAL,cuda,on,2.11.0+cu128,12.8,NVIDIA GeForce RTX 3090,7.55442660022527,632516608,0.9967286165920086
JOB-09,B7,1700,maia3-79m,3,d4a4,Qa4,0.1529034674167633,0.9967286165920086,0.5777901019509798,413,22,565,r1bqkb1r/pp2pppp/2n2n2/3p4/3Q1B2/P1N5/1PP1PPPP/R3KBNR w KQkq -,MODEL_PREDICTION_NOT_EMPIRICAL,cuda,on,2.11.0+cu128,12.8,NVIDIA GeForce RTX 3090,7.55442660022527,632516608,0.9967286165920086
JOB-09,B7,1700,maia3-79m,4,d4d3,Qd3,0.04887087643146515,0.9967286165920086,0.5777901019509798,341,21,638,r1bqkb1r/pp2pppp/2n2n2/3p4/3Q1B2/P1N5/1PP1PPPP/R3KBNR w KQkq -,MODEL_PREDICTION_NOT_EMPIRICAL,cuda,on,2.11.0+cu128,12.8,NVIDIA GeForce RTX 3090,7.55442660022527,632516608,0.9967286165920086
JOB-09,B7,1700,maia3-79m,5,d4e3,Qe3,0.022374719381332397,0.9967286165920086,0.5777901019509798,234,15,751,r1bqkb1r/pp2pppp/2n2n2/3p4/3Q1B2/P1N5/1PP1PPPP/R3KBNR w KQkq -,MODEL_PREDICTION_NOT_EMPIRICAL,cuda,on,2.11.0+cu128,12.8,NVIDIA GeForce RTX 3090,7.55442660022527,632516608,0.9967286165920086
JOB-09,B7,1700,maia3-79m,6,d4c5,Qc5,0.0069313645362854,0.9967286165920086,0.5777901019509798,148,12,840,r1bqkb1r/pp2pppp/2n2n2/3p4/3Q1B2/P1N5/1PP1PPPP/R3KBNR w KQkq -,MODEL_PREDICTION_NOT_EMPIRICAL,cuda,on,2.11.0+cu128,12.8,NVIDIA GeForce RTX 3090,7.55442660022527,632516608,0.9967286165920086
JOB-09,B7,1700,maia3-79m,7,c3b5,Nb5,0.004689995665103197,0.9967286165920086,0.5777901019509798,172,10,818,r1bqkb1r/pp2pppp/2n2n2/3p4/3Q1B2/P1N5/1PP1PPPP/R3KBNR w KQkq -,MODEL_PREDICTION_NOT_EMPIRICAL,cuda,on,2.11.0+cu128,12.8,NVIDIA GeForce RTX 3090,7.55442660022527,632516608,0.9967286165920086
JOB-09,B7,1700,maia3-79m,8,e2e3,e3,0.0018223359948024154,0.9967286165920086,0.5777901019509798,84,7,909,r1bqkb1r/pp2pppp/2n2n2/3p4/3Q1B2/P1N5/1PP1PPPP/R3KBNR w KQkq -,MODEL_PREDICTION_NOT_EMPIRICAL,cuda,on,2.11.0+cu128,12.8,NVIDIA GeForce RTX 3090,7.55442660022527,632516608,0.9967286165920086
JOB-09,B7,1700,maia3-79m,9,e1c1,O-O-O,0.0009830765193328261,0.9967286165920086,0.5777901019509798,83,7,910,r1bqkb1r/pp2pppp/2n2n2/3p4/3Q1B2/P1N5/1PP1PPPP/R3KBNR w KQkq -,MODEL_PREDICTION_NOT_EMPIRICAL,cuda,on,2.11.0+cu128,12.8,NVIDIA GeForce RTX 3090,7.55442660022527,632516608,0.9967286165920086
JOB-09,B7,1700,maia3-79m,10,d4d5,Qxd5,0.0005303300567902625,0.9967286165920086,0.5777901019509798,64,9,927,r1bqkb1r/pp2pppp/2n2n2/3p4/3Q1B2/P1N5/1PP1PPPP/R3KBNR w KQkq -,MODEL_PREDICTION_NOT_EMPIRICAL,cuda,on,2.11.0+cu128,12.8,NVIDIA GeForce RTX 3090,7.55442660022527,632516608,0.9967286165920086
JOB-09,B7,1900,maia3-79m,1,d4d1,Qd1,0.40350696444511414,0.9976181836100295,0.5488501995458448,316,24,660,r1bqkb1r/pp2pppp/2n2n2/3p4/3Q1B2/P1N5/1PP1PPPP/R3KBNR w KQkq -,MODEL_PREDICTION_NOT_EMPIRICAL,cuda,on,2.11.0+cu128,12.8,NVIDIA GeForce RTX 3090,7.55442660022527,632516608,0.9976181836100295
JOB-09,B7,1900,maia3-79m,2,d4d2,Qd2,0.37905973196029663,0.9976181836100295,0.5488501995458448,344,25,631,r1bqkb1r/pp2pppp/2n2n2/3p4/3Q1B2/P1N5/1PP1PPPP/R3KBNR w KQkq -,MODEL_PREDICTION_NOT_EMPIRICAL,cuda,on,2.11.0+cu128,12.8,NVIDIA GeForce RTX 3090,7.55442660022527,632516608,0.9976181836100295
JOB-09,B7,1900,maia3-79m,3,d4a4,Qa4,0.15077954530715942,0.9976181836100295,0.5488501995458448,426,25,549,r1bqkb1r/pp2pppp/2n2n2/3p4/3Q1B2/P1N5/1PP1PPPP/R3KBNR w KQkq -,MODEL_PREDICTION_NOT_EMPIRICAL,cuda,on,2.11.0+cu128,12.8,NVIDIA GeForce RTX 3090,7.55442660022527,632516608,0.9976181836100295
JOB-09,B7,1900,maia3-79m,4,d4d3,Qd3,0.04186996817588806,0.9976181836100295,0.5488501995458448,327,22,651,r1bqkb1r/pp2pppp/2n2n2/3p4/3Q1B2/P1N5/1PP1PPPP/R3KBNR w KQkq -,MODEL_PREDICTION_NOT_EMPIRICAL,cuda,on,2.11.0+cu128,12.8,NVIDIA GeForce RTX 3090,7.55442660022527,632516608,0.9976181836100295
JOB-09,B7,1900,maia3-79m,5,d4e3,Qe3,0.013174968771636486,0.9976181836100295,0.5488501995458448,201,15,784,r1bqkb1r/pp2pppp/2n2n2/3p4/3Q1B2/P1N5/1PP1PPPP/R3KBNR w KQkq -,MODEL_PREDICTION_NOT_EMPIRICAL,cuda,on,2.11.0+cu128,12.8,NVIDIA GeForce RTX 3090,7.55442660022527,632516608,0.9976181836100295
JOB-09,B7,1900,maia3-79m,6,d4c5,Qc5,0.005159392021596432,0.9976181836100295,0.5488501995458448,137,12,851,r1bqkb1r/pp2pppp/2n2n2/3p4/3Q1B2/P1N5/1PP1PPPP/R3KBNR w KQkq -,MODEL_PREDICTION_NOT_EMPIRICAL,cuda,on,2.11.0+cu128,12.8,NVIDIA GeForce RTX 3090,7.55442660022527,632516608,0.9976181836100295
JOB-09,B7,1900,maia3-79m,7,c3b5,Nb5,0.001598305068910122,0.9976181836100295,0.5488501995458448,169,11,820,r1bqkb1r/pp2pppp/2n2n2/3p4/3Q1B2/P1N5/1PP1PPPP/R3KBNR w KQkq -,MODEL_PREDICTION_NOT_EMPIRICAL,cuda,on,2.11.0+cu128,12.8,NVIDIA GeForce RTX 3090,7.55442660022527,632516608,0.9976181836100295
JOB-09,B7,1900,maia3-79m,8,e2e3,e3,0.0013778251595795155,0.9976181836100295,0.5488501995458448,75,7,918,r1bqkb1r/pp2pppp/2n2n2/3p4/3Q1B2/P1N5/1PP1PPPP/R3KBNR w KQkq -,MODEL_PREDICTION_NOT_EMPIRICAL,cuda,on,2.11.0+cu128,12.8,NVIDIA GeForce RTX 3090,7.55442660022527,632516608,0.9976181836100295
JOB-09,B7,1900,maia3-79m,9,e1c1,O-O-O,0.0007148062577471137,0.9976181836100295,0.5488501995458448,77,7,916,r1bqkb1r/pp2pppp/2n2n2/3p4/3Q1B2/P1N5/1PP1PPPP/R3KBNR w KQkq -,MODEL_PREDICTION_NOT_EMPIRICAL,cuda,on,2.11.0+cu128,12.8,NVIDIA GeForce RTX 3090,7.55442660022527,632516608,0.9976181836100295
JOB-09,B7,1900,maia3-79m,10,d4d5,Qxd5,0.0003766764421015978,0.9976181836100295,0.5488501995458448,59,9,932,r1bqkb1r/pp2pppp/2n2n2/3p4/3Q1B2/P1N5/1PP1PPPP/R3KBNR w KQkq -,MODEL_PREDICTION_NOT_EMPIRICAL,cuda,on,2.11.0+cu128,12.8,NVIDIA GeForce RTX 3090,7.55442660022527,632516608,0.9976181836100295
JOB-09,B7,2100,maia3-79m,1,d4d2,Qd2,0.43812114000320435,0.9982845079503022,0.5486800005622218,360,30,610,r1bqkb1r/pp2pppp/2n2n2/3p4/3Q1B2/P1N5/1PP1PPPP/R3KBNR w KQkq -,MODEL_PREDICTION_NOT_EMPIRICAL,cuda,on,2.11.0+cu128,12.8,NVIDIA GeForce RTX 3090,7.55442660022527,632516608,0.9982845079503022
JOB-09,B7,2100,maia3-79m,2,d4d1,Qd1,0.29644760489463806,0.9982845079503022,0.5486800005622218,310,28,662,r1bqkb1r/pp2pppp/2n2n2/3p4/3Q1B2/P1N5/1PP1PPPP/R3KBNR w KQkq -,MODEL_PREDICTION_NOT_EMPIRICAL,cuda,on,2.11.0+cu128,12.8,NVIDIA GeForce RTX 3090,7.55442660022527,632516608,0.9982845079503022
JOB-09,B7,2100,maia3-79m,3,d4a4,Qa4,0.2037452608346939,0.9982845079503022,0.5486800005622218,461,32,507,r1bqkb1r/pp2pppp/2n2n2/3p4/3Q1B2/P1N5/1PP1PPPP/R3KBNR w KQkq -,MODEL_PREDICTION_NOT_EMPIRICAL,cuda,on,2.11.0+cu128,12.8,NVIDIA GeForce RTX 3090,7.55442660022527,632516608,0.9982845079503022
JOB-09,B7,2100,maia3-79m,4,d4d3,Qd3,0.04690481722354889,0.9982845079503022,0.5486800005622218,338,27,635,r1bqkb1r/pp2pppp/2n2n2/3p4/3Q1B2/P1N5/1PP1PPPP/R3KBNR w KQkq -,MODEL_PREDICTION_NOT_EMPIRICAL,cuda,on,2.11.0+cu128,12.8,NVIDIA GeForce RTX 3090,7.55442660022527,632516608,0.9982845079503022
JOB-09,B7,2100,maia3-79m,5,d4e3,Qe3,0.005690200254321098,0.9982845079503022,0.5486800005622218,181,15,804,r1bqkb1r/pp2pppp/2n2n2/3p4/3Q1B2/P1N5/1PP1PPPP/R3KBNR w KQkq -,MODEL_PREDICTION_NOT_EMPIRICAL,cuda,on,2.11.0+cu128,12.8,NVIDIA GeForce RTX 3090,7.55442660022527,632516608,0.9982845079503022
JOB-09,B7,2100,maia3-79m,6,d4c5,Qc5,0.004791628569364548,0.9982845079503022,0.5486800005622218,140,13,847,r1bqkb1r/pp2pppp/2n2n2/3p4/3Q1B2/P1N5/1PP1PPPP/R3KBNR w KQkq -,MODEL_PREDICTION_NOT_EMPIRICAL,cuda,on,2.11.0+cu128,12.8,NVIDIA GeForce RTX 3090,7.55442660022527,632516608,0.9982845079503022
JOB-09,B7,2100,maia3-79m,7,e2e3,e3,0.0010281981667503715,0.9982845079503022,0.5486800005622218,64,7,929,r1bqkb1r/pp2pppp/2n2n2/3p4/3Q1B2/P1N5/1PP1PPPP/R3KBNR w KQkq -,MODEL_PREDICTION_NOT_EMPIRICAL,cuda,on,2.11.0+cu128,12.8,NVIDIA GeForce RTX 3090,7.55442660022527,632516608,0.9982845079503022
JOB-09,B7,2100,maia3-79m,8,c3b5,Nb5,0.0007822118932381272,0.9982845079503022,0.5486800005622218,151,12,837,r1bqkb1r/pp2pppp/2n2n2/3p4/3Q1B2/P1N5/1PP1PPPP/R3KBNR w KQkq -,MODEL_PREDICTION_NOT_EMPIRICAL,cuda,on,2.11.0+cu128,12.8,NVIDIA GeForce RTX 3090,7.55442660022527,632516608,0.9982845079503022
JOB-09,B7,2100,maia3-79m,9,e1c1,O-O-O,0.00048568641068413854,0.9982845079503022,0.5486800005622218,60,7,933,r1bqkb1r/pp2pppp/2n2n2/3p4/3Q1B2/P1N5/1PP1PPPP/R3KBNR w KQkq -,MODEL_PREDICTION_NOT_EMPIRICAL,cuda,on,2.11.0+cu128,12.8,NVIDIA GeForce RTX 3090,7.55442660022527,632516608,0.9982845079503022
JOB-09,B7,2100,maia3-79m,10,d4d5,Qxd5,0.00028775969985872507,0.9982845079503022,0.5486800005622218,51,8,941,r1bqkb1r/pp2pppp/2n2n2/3p4/3Q1B2/P1N5/1PP1PPPP/R3KBNR w KQkq -,MODEL_PREDICTION_NOT_EMPIRICAL,cuda,on,2.11.0+cu128,12.8,NVIDIA GeForce RTX 3090,7.55442660022527,632516608,0.9982845079503022
JOB-10,B7,1100,maia3-79m,1,d4a4,Qa4,0.2805306613445282,0.9828275558538735,0.7603978735906997,424,20,556,r1bqkb1r/pp2pppp/2n2n2/3p4/3Q1B1P/2N5/PPP1PPP1/R3KBNR w KQkq -,MODEL_PREDICTION_NOT_EMPIRICAL,cuda,on,2.11.0+cu128,12.8,NVIDIA GeForce RTX 3090,7.55442660022527,632516608,0.9828275558538735
JOB-10,B7,1100,maia3-79m,2,d4d2,Qd2,0.2219180315732956,0.9828275558538735,0.7603978735906997,378,21,601,r1bqkb1r/pp2pppp/2n2n2/3p4/3Q1B1P/2N5/PPP1PPP1/R3KBNR w KQkq -,MODEL_PREDICTION_NOT_EMPIRICAL,cuda,on,2.11.0+cu128,12.8,NVIDIA GeForce RTX 3090,7.55442660022527,632516608,0.9828275558538735
JOB-10,B7,1100,maia3-79m,3,d4d1,Qd1,0.2184775024652481,0.9828275558538735,0.7603978735906997,362,21,617,r1bqkb1r/pp2pppp/2n2n2/3p4/3Q1B1P/2N5/PPP1PPP1/R3KBNR w KQkq -,MODEL_PREDICTION_NOT_EMPIRICAL,cuda,on,2.11.0+cu128,12.8,NVIDIA GeForce RTX 3090,7.55442660022527,632516608,0.9828275558538735
JOB-10,B7,1100,maia3-79m,4,d4d3,Qd3,0.10002629458904266,0.9828275558538735,0.7603978735906997,370,19,611,r1bqkb1r/pp2pppp/2n2n2/3p4/3Q1B1P/2N5/PPP1PPP1/R3KBNR w KQkq -,MODEL_PREDICTION_NOT_EMPIRICAL,cuda,on,2.11.0+cu128,12.8,NVIDIA GeForce RTX 3090,7.55442660022527,632516608,0.9828275558538735
JOB-10,B7,1100,maia3-79m,5,d4e3,Qe3,0.06768117845058441,0.9828275558538735,0.7603978735906997,329,18,653,r1bqkb1r/pp2pppp/2n2n2/3p4/3Q1B1P/2N5/PPP1PPP1/R3KBNR w KQkq -,MODEL_PREDICTION_NOT_EMPIRICAL,cuda,on,2.11.0+cu128,12.8,NVIDIA GeForce RTX 3090,7.55442660022527,632516608,0.9828275558538735
JOB-10,B7,1100,maia3-79m,6,d4c5,Qc5,0.06066901236772537,0.9828275558538735,0.7603978735906997,230,14,756,r1bqkb1r/pp2pppp/2n2n2/3p4/3Q1B1P/2N5/PPP1PPP1/R3KBNR w KQkq -,MODEL_PREDICTION_NOT_EMPIRICAL,cuda,on,2.11.0+cu128,12.8,NVIDIA GeForce RTX 3090,7.55442660022527,632516608,0.9828275558538735
JOB-10,B7,1100,maia3-79m,7,c3b5,Nb5,0.023389987647533417,0.9828275558538735,0.7603978735906997,253,14,733,r1bqkb1r/pp2pppp/2n2n2/3p4/3Q1B1P/2N5/PPP1PPP1/R3KBNR w KQkq -,MODEL_PREDICTION_NOT_EMPIRICAL,cuda,on,2.11.0+cu128,12.8,NVIDIA GeForce RTX 3090,7.55442660022527,632516608,0.9828275558538735
JOB-10,B7,1100,maia3-79m,8,e1c1,O-O-O,0.004128578118979931,0.9828275558538735,0.7603978735906997,112,9,879,r1bqkb1r/pp2pppp/2n2n2/3p4/3Q1B1P/2N5/PPP1PPP1/R3KBNR w KQkq -,MODEL_PREDICTION_NOT_EMPIRICAL,cuda,on,2.11.0+cu128,12.8,NVIDIA GeForce RTX 3090,7.55442660022527,632516608,0.9828275558538735
JOB-10,B7,1100,maia3-79m,9,e2e3,e3,0.0034227112773805857,0.9828275558538735,0.7603978735906997,129,10,861,r1bqkb1r/pp2pppp/2n2n2/3p4/3Q1B1P/2N5/PPP1PPP1/R3KBNR w KQkq -,MODEL_PREDICTION_NOT_EMPIRICAL,cuda,on,2.11.0+cu128,12.8,NVIDIA GeForce RTX 3090,7.55442660022527,632516608,0.9828275558538735
JOB-10,B7,1100,maia3-79m,10,h4h5,h5,0.002583598019555211,0.9828275558538735,0.7603978735906997,87,9,904,r1bqkb1r/pp2pppp/2n2n2/3p4/3Q1B1P/2N5/PPP1PPP1/R3KBNR w KQkq -,MODEL_PREDICTION_NOT_EMPIRICAL,cuda,on,2.11.0+cu128,12.8,NVIDIA GeForce RTX 3090,7.55442660022527,632516608,0.9828275558538735
JOB-10,B7,1300,maia3-79m,1,d4d2,Qd2,0.2971019744873047,0.9894931702874601,0.7020436467451976,370,20,610,r1bqkb1r/pp2pppp/2n2n2/3p4/3Q1B1P/2N5/PPP1PPP1/R3KBNR w KQkq -,MODEL_PREDICTION_NOT_EMPIRICAL,cuda,on,2.11.0+cu128,12.8,NVIDIA GeForce RTX 3090,7.55442660022527,632516608,0.9894931702874601
JOB-10,B7,1300,maia3-79m,2,d4a4,Qa4,0.2621915936470032,0.9894931702874601,0.7020436467451976,419,19,562,r1bqkb1r/pp2pppp/2n2n2/3p4/3Q1B1P/2N5/PPP1PPP1/R3KBNR w KQkq -,MODEL_PREDICTION_NOT_EMPIRICAL,cuda,on,2.11.0+cu128,12.8,NVIDIA GeForce RTX 3090,7.55442660022527,632516608,0.9894931702874601
JOB-10,B7,1300,maia3-79m,3,d4d1,Qd1,0.25018495321273804,0.9894931702874601,0.7020436467451976,350,21,629,r1bqkb1r/pp2pppp/2n2n2/3p4/3Q1B1P/2N5/PPP1PPP1/R3KBNR w KQkq -,MODEL_PREDICTION_NOT_EMPIRICAL,cuda,on,2.11.0+cu128,12.8,NVIDIA GeForce RTX 3090,7.55442660022527,632516608,0.9894931702874601
JOB-10,B7,1300,maia3-79m,4,d4d3,Qd3,0.0787241980433464,0.9894931702874601,0.7020436467451976,367,18,615,r1bqkb1r/pp2pppp/2n2n2/3p4/3Q1B1P/2N5/PPP1PPP1/R3KBNR w KQkq -,MODEL_PREDICTION_NOT_EMPIRICAL,cuda,on,2.11.0+cu128,12.8,NVIDIA GeForce RTX 3090,7.55442660022527,632516608,0.9894931702874601
JOB-10,B7,1300,maia3-79m,5,d4e3,Qe3,0.05410629138350487,0.9894931702874601,0.7020436467451976,311,17,672,r1bqkb1r/pp2pppp/2n2n2/3p4/3Q1B1P/2N5/PPP1PPP1/R3KBNR w KQkq -,MODEL_PREDICTION_NOT_EMPIRICAL,cuda,on,2.11.0+cu128,12.8,NVIDIA GeForce RTX 3090,7.55442660022527,632516608,0.9894931702874601
JOB-10,B7,1300,maia3-79m,6,d4c5,Qc5,0.024771666154265404,0.9894931702874601,0.7020436467451976,199,13,788,r1bqkb1r/pp2pppp/2n2n2/3p4/3Q1B1P/2N5/PPP1PPP1/R3KBNR w KQkq -,MODEL_PREDICTION_NOT_EMPIRICAL,cuda,on,2.11.0+cu128,12.8,NVIDIA GeForce RTX 3090,7.55442660022527,632516608,0.9894931702874601
JOB-10,B7,1300,maia3-79m,7,c3b5,Nb5,0.014114469289779663,0.9894931702874601,0.7020436467451976,219,12,769,r1bqkb1r/pp2pppp/2n2n2/3p4/3Q1B1P/2N5/PPP1PPP1/R3KBNR w KQkq -,MODEL_PREDICTION_NOT_EMPIRICAL,cuda,on,2.11.0+cu128,12.8,NVIDIA GeForce RTX 3090,7.55442660022527,632516608,0.9894931702874601
JOB-10,B7,1300,maia3-79m,8,e1c1,O-O-O,0.0034588996786624193,0.9894931702874601,0.7020436467451976,108,8,884,r1bqkb1r/pp2pppp/2n2n2/3p4/3Q1B1P/2N5/PPP1PPP1/R3KBNR w KQkq -,MODEL_PREDICTION_NOT_EMPIRICAL,cuda,on,2.11.0+cu128,12.8,NVIDIA GeForce RTX 3090,7.55442660022527,632516608,0.9894931702874601
JOB-10,B7,1300,maia3-79m,9,e2e3,e3,0.0029585533775389194,0.9894931702874601,0.7020436467451976,107,8,885,r1bqkb1r/pp2pppp/2n2n2/3p4/3Q1B1P/2N5/PPP1PPP1/R3KBNR w KQkq -,MODEL_PREDICTION_NOT_EMPIRICAL,cuda,on,2.11.0+cu128,12.8,NVIDIA GeForce RTX 3090,7.55442660022527,632516608,0.9894931702874601
JOB-10,B7,1300,maia3-79m,10,h4h5,h5,0.001880571013316512,0.9894931702874601,0.7020436467451976,73,6,921,r1bqkb1r/pp2pppp/2n2n2/3p4/3Q1B1P/2N5/PPP1PPP1/R3KBNR w KQkq -,MODEL_PREDICTION_NOT_EMPIRICAL,cuda,on,2.11.0+cu128,12.8,NVIDIA GeForce RTX 3090,7.55442660022527,632516608,0.9894931702874601
JOB-10,B7,1500,maia3-79m,1,d4d2,Qd2,0.3507048189640045,0.9924341110745445,0.6523877809327472,360,20,620,r1bqkb1r/pp2pppp/2n2n2/3p4/3Q1B1P/2N5/PPP1PPP1/R3KBNR w KQkq -,MODEL_PREDICTION_NOT_EMPIRICAL,cuda,on,2.11.0+cu128,12.8,NVIDIA GeForce RTX 3090,7.55442660022527,632516608,0.9924341110745445
JOB-10,B7,1500,maia3-79m,2,d4d1,Qd1,0.27743035554885864,0.9924341110745445,0.6523877809327472,338,21,641,r1bqkb1r/pp2pppp/2n2n2/3p4/3Q1B1P/2N5/PPP1PPP1/R3KBNR w KQkq -,MODEL_PREDICTION_NOT_EMPIRICAL,cuda,on,2.11.0+cu128,12.8,NVIDIA GeForce RTX 3090,7.55442660022527,632516608,0.9924341110745445
JOB-10,B7,1500,maia3-79m,3,d4a4,Qa4,0.2336197793483734,0.9924341110745445,0.6523877809327472,417,20,563,r1bqkb1r/pp2pppp/2n2n2/3p4/3Q1B1P/2N5/PPP1PPP1/R3KBNR w KQkq -,MODEL_PREDICTION_NOT_EMPIRICAL,cuda,on,2.11.0+cu128,12.8,NVIDIA GeForce RTX 3090,7.55442660022527,632516608,0.9924341110745445
JOB-10,B7,1500,maia3-79m,4,d4d3,Qd3,0.059998519718647,0.9924341110745445,0.6523877809327472,357,18,625,r1bqkb1r/pp2pppp/2n2n2/3p4/3Q1B1P/2N5/PPP1PPP1/R3KBNR w KQkq -,MODEL_PREDICTION_NOT_EMPIRICAL,cuda,on,2.11.0+cu128,12.8,NVIDIA GeForce RTX 3090,7.55442660022527,632516608,0.9924341110745445
JOB-10,B7,1500,maia3-79m,5,d4e3,Qe3,0.04389585927128792,0.9924341110745445,0.6523877809327472,280,16,704,r1bqkb1r/pp2pppp/2n2n2/3p4/3Q1B1P/2N5/PPP1PPP1/R3KBNR w KQkq -,MODEL_PREDICTION_NOT_EMPIRICAL,cuda,on,2.11.0+cu128,12.8,NVIDIA GeForce RTX 3090,7.55442660022527,632516608,0.9924341110745445
JOB-10,B7,1500,maia3-79m,6,d4c5,Qc5,0.012381394393742085,0.9924341110745445,0.6523877809327472,173,12,815,r1bqkb1r/pp2pppp/2n2n2/3p4/3Q1B1P/2N5/PPP1PPP1/R3KBNR w KQkq -,MODEL_PREDICTION_NOT_EMPIRICAL,cuda,on,2.11.0+cu128,12.8,NVIDIA GeForce RTX 3090,7.55442660022527,632516608,0.9924341110745445
JOB-10,B7,1500,maia3-79m,7,c3b5,Nb5,0.007054705172777176,0.9924341110745445,0.6523877809327472,192,11,797,r1bqkb1r/pp2pppp/2n2n2/3p4/3Q1B1P/2N5/PPP1PPP1/R3KBNR w KQkq -,MODEL_PREDICTION_NOT_EMPIRICAL,cuda,on,2.11.0+cu128,12.8,NVIDIA GeForce RTX 3090,7.55442660022527,632516608,0.9924341110745445
JOB-10,B7,1500,maia3-79m,8,e1c1,O-O-O,0.003034191206097603,0.9924341110745445,0.6523877809327472,103,7,890,r1bqkb1r/pp2pppp/2n2n2/3p4/3Q1B1P/2N5/PPP1PPP1/R3KBNR w KQkq -,MODEL_PREDICTION_NOT_EMPIRICAL,cuda,on,2.11.0+cu128,12.8,NVIDIA GeForce RTX 3090,7.55442660022527,632516608,0.9924341110745445
JOB-10,B7,1500,maia3-79m,9,e2e3,e3,0.0026776641607284546,0.9924341110745445,0.6523877809327472,93,7,900,r1bqkb1r/pp2pppp/2n2n2/3p4/3Q1B1P/2N5/PPP1PPP1/R3KBNR w KQkq -,MODEL_PREDICTION_NOT_EMPIRICAL,cuda,on,2.11.0+cu128,12.8,NVIDIA GeForce RTX 3090,7.55442660022527,632516608,0.9924341110745445
JOB-10,B7,1500,maia3-79m,10,h4h5,h5,0.001636823290027678,0.9924341110745445,0.6523877809327472,59,5,936,r1bqkb1r/pp2pppp/2n2n2/3p4/3Q1B1P/2N5/PPP1PPP1/R3KBNR w KQkq -,MODEL_PREDICTION_NOT_EMPIRICAL,cuda,on,2.11.0+cu128,12.8,NVIDIA GeForce RTX 3090,7.55442660022527,632516608,0.9924341110745445
JOB-10,B7,1700,maia3-79m,1,d4d2,Qd2,0.38493216037750244,0.994401402072981,0.6087265500082051,345,21,634,r1bqkb1r/pp2pppp/2n2n2/3p4/3Q1B1P/2N5/PPP1PPP1/R3KBNR w KQkq -,MODEL_PREDICTION_NOT_EMPIRICAL,cuda,on,2.11.0+cu128,12.8,NVIDIA GeForce RTX 3090,7.55442660022527,632516608,0.994401402072981
JOB-10,B7,1700,maia3-79m,2,d4d1,Qd1,0.29978546500205994,0.994401402072981,0.6087265500082051,321,21,658,r1bqkb1r/pp2pppp/2n2n2/3p4/3Q1B1P/2N5/PPP1PPP1/R3KBNR w KQkq -,MODEL_PREDICTION_NOT_EMPIRICAL,cuda,on,2.11.0+cu128,12.8,NVIDIA GeForce RTX 3090,7.55442660022527,632516608,0.994401402072981
JOB-10,B7,1700,maia3-79m,3,d4a4,Qa4,0.2159273624420166,0.994401402072981,0.6087265500082051,421,21,558,r1bqkb1r/pp2pppp/2n2n2/3p4/3Q1B1P/2N5/PPP1PPP1/R3KBNR w KQkq -,MODEL_PREDICTION_NOT_EMPIRICAL,cuda,on,2.11.0+cu128,12.8,NVIDIA GeForce RTX 3090,7.55442660022527,632516608,0.994401402072981
JOB-10,B7,1700,maia3-79m,4,d4d3,Qd3,0.043868307024240494,0.994401402072981,0.6087265500082051,337,19,644,r1bqkb1r/pp2pppp/2n2n2/3p4/3Q1B1P/2N5/PPP1PPP1/R3KBNR w KQkq -,MODEL_PREDICTION_NOT_EMPIRICAL,cuda,on,2.11.0+cu128,12.8,NVIDIA GeForce RTX 3090,7.55442660022527,632516608,0.994401402072981
JOB-10,B7,1700,maia3-79m,5,d4e3,Qe3,0.03311353549361229,0.994401402072981,0.6087265500082051,247,15,738,r1bqkb1r/pp2pppp/2n2n2/3p4/3Q1B1P/2N5/PPP1PPP1/R3KBNR w KQkq -,MODEL_PREDICTION_NOT_EMPIRICAL,cuda,on,2.11.0+cu128,12.8,NVIDIA GeForce RTX 3090,7.55442660022527,632516608,0.994401402072981
JOB-10,B7,1700,maia3-79m,6,d4c5,Qc5,0.007865154184401035,0.994401402072981,0.6087265500082051,151,12,837,r1bqkb1r/pp2pppp/2n2n2/3p4/3Q1B1P/2N5/PPP1PPP1/R3KBNR w KQkq -,MODEL_PREDICTION_NOT_EMPIRICAL,cuda,on,2.11.0+cu128,12.8,NVIDIA GeForce RTX 3090,7.55442660022527,632516608,0.994401402072981
JOB-10,B7,1700,maia3-79m,7,c3b5,Nb5,0.0031778092961758375,0.994401402072981,0.6087265500082051,186,11,803,r1bqkb1r/pp2pppp/2n2n2/3p4/3Q1B1P/2N5/PPP1PPP1/R3KBNR w KQkq -,MODEL_PREDICTION_NOT_EMPIRICAL,cuda,on,2.11.0+cu128,12.8,NVIDIA GeForce RTX 3090,7.55442660022527,632516608,0.994401402072981
JOB-10,B7,1700,maia3-79m,8,e1c1,O-O-O,0.0024365109857171774,0.994401402072981,0.6087265500082051,97,7,896,r1bqkb1r/pp2pppp/2n2n2/3p4/3Q1B1P/2N5/PPP1PPP1/R3KBNR w KQkq -,MODEL_PREDICTION_NOT_EMPIRICAL,cuda,on,2.11.0+cu128,12.8,NVIDIA GeForce RTX 3090,7.55442660022527,632516608,0.994401402072981
JOB-10,B7,1700,maia3-79m,9,e2e3,e3,0.0021168775856494904,0.994401402072981,0.6087265500082051,84,7,909,r1bqkb1r/pp2pppp/2n2n2/3p4/3Q1B1P/2N5/PPP1PPP1/R3KBNR w KQkq -,MODEL_PREDICTION_NOT_EMPIRICAL,cuda,on,2.11.0+cu128,12.8,NVIDIA GeForce RTX 3090,7.55442660022527,632516608,0.994401402072981
JOB-10,B7,1700,maia3-79m,10,h4h5,h5,0.0011782196816056967,0.994401402072981,0.6087265500082051,48,4,948,r1bqkb1r/pp2pppp/2n2n2/3p4/3Q1B1P/2N5/PPP1PPP1/R3KBNR w KQkq -,MODEL_PREDICTION_NOT_EMPIRICAL,cuda,on,2.11.0+cu128,12.8,NVIDIA GeForce RTX 3090,7.55442660022527,632516608,0.994401402072981
JOB-10,B7,1900,maia3-79m,1,d4d2,Qd2,0.4071246087551117,0.9961092300945893,0.5741936114080337,332,22,646,r1bqkb1r/pp2pppp/2n2n2/3p4/3Q1B1P/2N5/PPP1PPP1/R3KBNR w KQkq -,MODEL_PREDICTION_NOT_EMPIRICAL,cuda,on,2.11.0+cu128,12.8,NVIDIA GeForce RTX 3090,7.55442660022527,632516608,0.9961092300945893
JOB-10,B7,1900,maia3-79m,2,d4d1,Qd1,0.2886945605278015,0.9961092300945893,0.5741936114080337,295,21,684,r1bqkb1r/pp2pppp/2n2n2/3p4/3Q1B1P/2N5/PPP1PPP1/R3KBNR w KQkq -,MODEL_PREDICTION_NOT_EMPIRICAL,cuda,on,2.11.0+cu128,12.8,NVIDIA GeForce RTX 3090,7.55442660022527,632516608,0.9961092300945893
JOB-10,B7,1900,maia3-79m,3,d4a4,Qa4,0.23562565445899963,0.9961092300945893,0.5741936114080337,431,24,545,r1bqkb1r/pp2pppp/2n2n2/3p4/3Q1B1P/2N5/PPP1PPP1/R3KBNR w KQkq -,MODEL_PREDICTION_NOT_EMPIRICAL,cuda,on,2.11.0+cu128,12.8,NVIDIA GeForce RTX 3090,7.55442660022527,632516608,0.9961092300945893
JOB-10,B7,1900,maia3-79m,4,d4d3,Qd3,0.031888462603092194,0.9961092300945893,0.5741936114080337,319,20,661,r1bqkb1r/pp2pppp/2n2n2/3p4/3Q1B1P/2N5/PPP1PPP1/R3KBNR w KQkq -,MODEL_PREDICTION_NOT_EMPIRICAL,cuda,on,2.11.0+cu128,12.8,NVIDIA GeForce RTX 3090,7.55442660022527,632516608,0.9961092300945893
JOB-10,B7,1900,maia3-79m,5,d4e3,Qe3,0.021916599944233894,0.9961092300945893,0.5741936114080337,210,14,776,r1bqkb1r/pp2pppp/2n2n2/3p4/3Q1B1P/2N5/PPP1PPP1/R3KBNR w KQkq -,MODEL_PREDICTION_NOT_EMPIRICAL,cuda,on,2.11.0+cu128,12.8,NVIDIA GeForce RTX 3090,7.55442660022527,632516608,0.9961092300945893
JOB-10,B7,1900,maia3-79m,6,d4c5,Qc5,0.005807320587337017,0.9961092300945893,0.5741936114080337,136,11,853,r1bqkb1r/pp2pppp/2n2n2/3p4/3Q1B1P/2N5/PPP1PPP1/R3KBNR w KQkq -,MODEL_PREDICTION_NOT_EMPIRICAL,cuda,on,2.11.0+cu128,12.8,NVIDIA GeForce RTX 3090,7.55442660022527,632516608,0.9961092300945893
JOB-10,B7,1900,maia3-79m,7,e1c1,O-O-O,0.0015630192356184125,0.9961092300945893,0.5741936114080337,87,7,906,r1bqkb1r/pp2pppp/2n2n2/3p4/3Q1B1P/2N5/PPP1PPP1/R3KBNR w KQkq -,MODEL_PREDICTION_NOT_EMPIRICAL,cuda,on,2.11.0+cu128,12.8,NVIDIA GeForce RTX 3090,7.55442660022527,632516608,0.9961092300945893
JOB-10,B7,1900,maia3-79m,8,e2e3,e3,0.001479836762882769,0.9961092300945893,0.5741936114080337,79,7,914,r1bqkb1r/pp2pppp/2n2n2/3p4/3Q1B1P/2N5/PPP1PPP1/R3KBNR w KQkq -,MODEL_PREDICTION_NOT_EMPIRICAL,cuda,on,2.11.0+cu128,12.8,NVIDIA GeForce RTX 3090,7.55442660022527,632516608,0.9961092300945893
JOB-10,B7,1900,maia3-79m,9,c3b5,Nb5,0.0013369210064411163,0.9961092300945893,0.5741936114080337,179,12,809,r1bqkb1r/pp2pppp/2n2n2/3p4/3Q1B1P/2N5/PPP1PPP1/R3KBNR w KQkq -,MODEL_PREDICTION_NOT_EMPIRICAL,cuda,on,2.11.0+cu128,12.8,NVIDIA GeForce RTX 3090,7.55442660022527,632516608,0.9961092300945893
JOB-10,B7,1900,maia3-79m,10,h4h5,h5,0.0006722462130710483,0.9961092300945893,0.5741936114080337,37,4,959,r1bqkb1r/pp2pppp/2n2n2/3p4/3Q1B1P/2N5/PPP1PPP1/R3KBNR w KQkq -,MODEL_PREDICTION_NOT_EMPIRICAL,cuda,on,2.11.0+cu128,12.8,NVIDIA GeForce RTX 3090,7.55442660022527,632516608,0.9961092300945893
JOB-10,B7,2100,maia3-79m,1,d4d2,Qd2,0.4064825773239136,0.9972539917798713,0.5433902863660662,333,26,641,r1bqkb1r/pp2pppp/2n2n2/3p4/3Q1B1P/2N5/PPP1PPP1/R3KBNR w KQkq -,MODEL_PREDICTION_NOT_EMPIRICAL,cuda,on,2.11.0+cu128,12.8,NVIDIA GeForce RTX 3090,7.55442660022527,632516608,0.9972539917798713
JOB-10,B7,2100,maia3-79m,2,d4a4,Qa4,0.32661792635917664,0.9972539917798713,0.5433902863660662,454,30,516,r1bqkb1r/pp2pppp/2n2n2/3p4/3Q1B1P/2N5/PPP1PPP1/R3KBNR w KQkq -,MODEL_PREDICTION_NOT_EMPIRICAL,cuda,on,2.11.0+cu128,12.8,NVIDIA GeForce RTX 3090,7.55442660022527,632516608,0.9972539917798713
JOB-10,B7,2100,maia3-79m,3,d4d1,Qd1,0.22100074589252472,0.9972539917798713,0.5433902863660662,269,23,708,r1bqkb1r/pp2pppp/2n2n2/3p4/3Q1B1P/2N5/PPP1PPP1/R3KBNR w KQkq -,MODEL_PREDICTION_NOT_EMPIRICAL,cuda,on,2.11.0+cu128,12.8,NVIDIA GeForce RTX 3090,7.55442660022527,632516608,0.9972539917798713
JOB-10,B7,2100,maia3-79m,4,d4d3,Qd3,0.0255826935172081,0.9972539917798713,0.5433902863660662,308,23,669,r1bqkb1r/pp2pppp/2n2n2/3p4/3Q1B1P/2N5/PPP1PPP1/R3KBNR w KQkq -,MODEL_PREDICTION_NOT_EMPIRICAL,cuda,on,2.11.0+cu128,12.8,NVIDIA GeForce RTX 3090,7.55442660022527,632516608,0.9972539917798713
JOB-10,B7,2100,maia3-79m,5,d4e3,Qe3,0.010176093317568302,0.9972539917798713,0.5433902863660662,180,15,805,r1bqkb1r/pp2pppp/2n2n2/3p4/3Q1B1P/2N5/PPP1PPP1/R3KBNR w KQkq -,MODEL_PREDICTION_NOT_EMPIRICAL,cuda,on,2.11.0+cu128,12.8,NVIDIA GeForce RTX 3090,7.55442660022527,632516608,0.9972539917798713
JOB-10,B7,2100,maia3-79m,6,d4c5,Qc5,0.0041762604378163815,0.9972539917798713,0.5433902863660662,133,12,855,r1bqkb1r/pp2pppp/2n2n2/3p4/3Q1B1P/2N5/PPP1PPP1/R3KBNR w KQkq -,MODEL_PREDICTION_NOT_EMPIRICAL,cuda,on,2.11.0+cu128,12.8,NVIDIA GeForce RTX 3090,7.55442660022527,632516608,0.9972539917798713
JOB-10,B7,2100,maia3-79m,7,e2e3,e3,0.0010809643426910043,0.9972539917798713,0.5433902863660662,67,7,926,r1bqkb1r/pp2pppp/2n2n2/3p4/3Q1B1P/2N5/PPP1PPP1/R3KBNR w KQkq -,MODEL_PREDICTION_NOT_EMPIRICAL,cuda,on,2.11.0+cu128,12.8,NVIDIA GeForce RTX 3090,7.55442660022527,632516608,0.9972539917798713
JOB-10,B7,2100,maia3-79m,8,e1c1,O-O-O,0.0008685792563483119,0.9972539917798713,0.5433902863660662,65,7,928,r1bqkb1r/pp2pppp/2n2n2/3p4/3Q1B1P/2N5/PPP1PPP1/R3KBNR w KQkq -,MODEL_PREDICTION_NOT_EMPIRICAL,cuda,on,2.11.0+cu128,12.8,NVIDIA GeForce RTX 3090,7.55442660022527,632516608,0.9972539917798713
JOB-10,B7,2100,maia3-79m,9,c3b5,Nb5,0.0006711860769428313,0.9972539917798713,0.5433902863660662,163,12,825,r1bqkb1r/pp2pppp/2n2n2/3p4/3Q1B1P/2N5/PPP1PPP1/R3KBNR w KQkq -,MODEL_PREDICTION_NOT_EMPIRICAL,cuda,on,2.11.0+cu128,12.8,NVIDIA GeForce RTX 3090,7.55442660022527,632516608,0.9972539917798713
JOB-10,B7,2100,maia3-79m,10,d4b4,Qb4,0.0005969652556814253,0.9972539917798713,0.5433902863660662,43,5,952,r1bqkb1r/pp2pppp/2n2n2/3p4/3Q1B1P/2N5/PPP1PPP1/R3KBNR w KQkq -,MODEL_PREDICTION_NOT_EMPIRICAL,cuda,on,2.11.0+cu128,12.8,NVIDIA GeForce RTX 3090,7.55442660022527,632516608,0.9972539917798713
VER-08,B7,1100,maia3-79m,1,d4a4,Qa4,0.33965665102005005,0.9628883190453053,0.803634341000741,441,22,537,r1bqkb1r/pp2pppp/2n2n2/3p2B1/3Q4/2N2P2/PPP1P1PP/R3KBNR w KQkq -,MODEL_PREDICTION_NOT_EMPIRICAL,cuda,on,2.11.0+cu128,12.8,NVIDIA GeForce RTX 3090,7.55442660022527,632516608,0.9628883190453053
VER-08,B7,1100,maia3-79m,2,d4d2,Qd2,0.17347966134548187,0.9628883190453053,0.803634341000741,442,23,535,r1bqkb1r/pp2pppp/2n2n2/3p2B1/3Q4/2N2P2/PPP1P1PP/R3KBNR w KQkq -,MODEL_PREDICTION_NOT_EMPIRICAL,cuda,on,2.11.0+cu128,12.8,NVIDIA GeForce RTX 3090,7.55442660022527,632516608,0.9628883190453053
VER-08,B7,1100,maia3-79m,3,d4d1,Qd1,0.1438196897506714,0.9628883190453053,0.803634341000741,413,24,563,r1bqkb1r/pp2pppp/2n2n2/3p2B1/3Q4/2N2P2/PPP1P1PP/R3KBNR w KQkq -,MODEL_PREDICTION_NOT_EMPIRICAL,cuda,on,2.11.0+cu128,12.8,NVIDIA GeForce RTX 3090,7.55442660022527,632516608,0.9628883190453053
VER-08,B7,1100,maia3-79m,4,d4d3,Qd3,0.10358942300081253,0.9628883190453053,0.803634341000741,436,21,543,r1bqkb1r/pp2pppp/2n2n2/3p2B1/3Q4/2N2P2/PPP1P1PP/R3KBNR w KQkq -,MODEL_PREDICTION_NOT_EMPIRICAL,cuda,on,2.11.0+cu128,12.8,NVIDIA GeForce RTX 3090,7.55442660022527,632516608,0.9628883190453053
VER-08,B7,1100,maia3-79m,5,d4c5,Qc5,0.06381959468126297,0.9628883190453053,0.803634341000741,313,19,668,r1bqkb1r/pp2pppp/2n2n2/3p2B1/3Q4/2N2P2/PPP1P1PP/R3KBNR w KQkq -,MODEL_PREDICTION_NOT_EMPIRICAL,cuda,on,2.11.0+cu128,12.8,NVIDIA GeForce RTX 3090,7.55442660022527,632516608,0.9628883190453053
VER-08,B7,1100,maia3-79m,6,g5f6,Bxf6,0.04386252537369728,0.9628883190453053,0.803634341000741,184,16,800,r1bqkb1r/pp2pppp/2n2n2/3p2B1/3Q4/2N2P2/PPP1P1PP/R3KBNR w KQkq -,MODEL_PREDICTION_NOT_EMPIRICAL,cuda,on,2.11.0+cu128,12.8,NVIDIA GeForce RTX 3090,7.55442660022527,632516608,0.9628883190453053
VER-08,B7,1100,maia3-79m,7,d4f4,Qf4,0.02876574546098709,0.9628883190453053,0.803634341000741,408,20,572,r1bqkb1r/pp2pppp/2n2n2/3p2B1/3Q4/2N2P2/PPP1P1PP/R3KBNR w KQkq -,MODEL_PREDICTION_NOT_EMPIRICAL,cuda,on,2.11.0+cu128,12.8,NVIDIA GeForce RTX 3090,7.55442660022527,632516608,0.9628883190453053
VER-08,B7,1100,maia3-79m,8,d4h4,Qh4,0.02538568153977394,0.9628883190453053,0.803634341000741,463,22,515,r1bqkb1r/pp2pppp/2n2n2/3p2B1/3Q4/2N2P2/PPP1P1PP/R3KBNR w KQkq -,MODEL_PREDICTION_NOT_EMPIRICAL,cuda,on,2.11.0+cu128,12.8,NVIDIA GeForce RTX 3090,7.55442660022527,632516608,0.9628883190453053
VER-08,B7,1100,maia3-79m,9,d4e3,Qe3,0.021045468747615814,0.9628883190453053,0.803634341000741,350,19,631,r1bqkb1r/pp2pppp/2n2n2/3p2B1/3Q4/2N2P2/PPP1P1PP/R3KBNR w KQkq -,MODEL_PREDICTION_NOT_EMPIRICAL,cuda,on,2.11.0+cu128,12.8,NVIDIA GeForce RTX 3090,7.55442660022527,632516608,0.9628883190453053
VER-08,B7,1100,maia3-79m,10,d4f2,Qf2,0.019463878124952316,0.9628883190453053,0.803634341000741,431,20,549,r1bqkb1r/pp2pppp/2n2n2/3p2B1/3Q4/2N2P2/PPP1P1PP/R3KBNR w KQkq -,MODEL_PREDICTION_NOT_EMPIRICAL,cuda,on,2.11.0+cu128,12.8,NVIDIA GeForce RTX 3090,7.55442660022527,632516608,0.9628883190453053
VER-08,B7,1300,maia3-79m,1,d4a4,Qa4,0.3343527019023895,0.9786980906501412,0.7732088718232516,434,21,545,r1bqkb1r/pp2pppp/2n2n2/3p2B1/3Q4/2N2P2/PPP1P1PP/R3KBNR w KQkq -,MODEL_PREDICTION_NOT_EMPIRICAL,cuda,on,2.11.0+cu128,12.8,NVIDIA GeForce RTX 3090,7.55442660022527,632516608,0.9786980906501412
VER-08,B7,1300,maia3-79m,2,d4d2,Qd2,0.2192738652229309,0.9786980906501412,0.7732088718232516,437,22,541,r1bqkb1r/pp2pppp/2n2n2/3p2B1/3Q4/2N2P2/PPP1P1PP/R3KBNR w KQkq -,MODEL_PREDICTION_NOT_EMPIRICAL,cuda,on,2.11.0+cu128,12.8,NVIDIA GeForce RTX 3090,7.55442660022527,632516608,0.9786980906501412
VER-08,B7,1300,maia3-79m,3,d4d1,Qd1,0.1846470981836319,0.9786980906501412,0.7732088718232516,402,23,575,r1bqkb1r/pp2pppp/2n2n2/3p2B1/3Q4/2N2P2/PPP1P1PP/R3KBNR w KQkq -,MODEL_PREDICTION_NOT_EMPIRICAL,cuda,on,2.11.0+cu128,12.8,NVIDIA GeForce RTX 3090,7.55442660022527,632516608,0.9786980906501412
VER-08,B7,1300,maia3-79m,4,d4d3,Qd3,0.08586888015270233,0.9786980906501412,0.7732088718232516,432,21,547,r1bqkb1r/pp2pppp/2n2n2/3p2B1/3Q4/2N2P2/PPP1P1PP/R3KBNR w KQkq -,MODEL_PREDICTION_NOT_EMPIRICAL,cuda,on,2.11.0+cu128,12.8,NVIDIA GeForce RTX 3090,7.55442660022527,632516608,0.9786980906501412
VER-08,B7,1300,maia3-79m,5,d4h4,Qh4,0.034694164991378784,0.9786980906501412,0.7732088718232516,461,21,518,r1bqkb1r/pp2pppp/2n2n2/3p2B1/3Q4/2N2P2/PPP1P1PP/R3KBNR w KQkq -,MODEL_PREDICTION_NOT_EMPIRICAL,cuda,on,2.11.0+cu128,12.8,NVIDIA GeForce RTX 3090,7.55442660022527,632516608,0.9786980906501412
VER-08,B7,1300,maia3-79m,6,g5f6,Bxf6,0.03259214758872986,0.9786980906501412,0.7732088718232516,172,13,815,r1bqkb1r/pp2pppp/2n2n2/3p2B1/3Q4/2N2P2/PPP1P1PP/R3KBNR w KQkq -,MODEL_PREDICTION_NOT_EMPIRICAL,cuda,on,2.11.0+cu128,12.8,NVIDIA GeForce RTX 3090,7.55442660022527,632516608,0.9786980906501412
VER-08,B7,1300,maia3-79m,7,d4c5,Qc5,0.029215414077043533,0.9786980906501412,0.7732088718232516,311,18,671,r1bqkb1r/pp2pppp/2n2n2/3p2B1/3Q4/2N2P2/PPP1P1PP/R3KBNR w KQkq -,MODEL_PREDICTION_NOT_EMPIRICAL,cuda,on,2.11.0+cu128,12.8,NVIDIA GeForce RTX 3090,7.55442660022527,632516608,0.9786980906501412
VER-08,B7,1300,maia3-79m,8,d4f2,Qf2,0.026188528165221214,0.9786980906501412,0.7732088718232516,424,20,556,r1bqkb1r/pp2pppp/2n2n2/3p2B1/3Q4/2N2P2/PPP1P1PP/R3KBNR w KQkq -,MODEL_PREDICTION_NOT_EMPIRICAL,cuda,on,2.11.0+cu128,12.8,NVIDIA GeForce RTX 3090,7.55442660022527,632516608,0.9786980906501412
VER-08,B7,1300,maia3-79m,9,d4f4,Qf4,0.01717485673725605,0.9786980906501412,0.7732088718232516,399,19,582,r1bqkb1r/pp2pppp/2n2n2/3p2B1/3Q4/2N2P2/PPP1P1PP/R3KBNR w KQkq -,MODEL_PREDICTION_NOT_EMPIRICAL,cuda,on,2.11.0+cu128,12.8,NVIDIA GeForce RTX 3090,7.55442660022527,632516608,0.9786980906501412
VER-08,B7,1300,maia3-79m,10,d4e3,Qe3,0.014690433628857136,0.9786980906501412,0.7732088718232516,321,17,662,r1bqkb1r/pp2pppp/2n2n2/3p2B1/3Q4/2N2P2/PPP1P1PP/R3KBNR w KQkq -,MODEL_PREDICTION_NOT_EMPIRICAL,cuda,on,2.11.0+cu128,12.8,NVIDIA GeForce RTX 3090,7.55442660022527,632516608,0.9786980906501412
VER-08,B7,1500,maia3-79m,1,d4a4,Qa4,0.2980290949344635,0.9870943324640393,0.7529307408332168,434,22,544,r1bqkb1r/pp2pppp/2n2n2/3p2B1/3Q4/2N2P2/PPP1P1PP/R3KBNR w KQkq -,MODEL_PREDICTION_NOT_EMPIRICAL,cuda,on,2.11.0+cu128,12.8,NVIDIA GeForce RTX 3090,7.55442660022527,632516608,0.9870943324640393
VER-08,B7,1500,maia3-79m,2,d4d2,Qd2,0.2630097568035126,0.9870943324640393,0.7529307408332168,430,23,547,r1bqkb1r/pp2pppp/2n2n2/3p2B1/3Q4/2N2P2/PPP1P1PP/R3KBNR w KQkq -,MODEL_PREDICTION_NOT_EMPIRICAL,cuda,on,2.11.0+cu128,12.8,NVIDIA GeForce RTX 3090,7.55442660022527,632516608,0.9870943324640393
VER-08,B7,1500,maia3-79m,3,d4d1,Qd1,0.2146623134613037,0.9870943324640393,0.7529307408332168,390,24,586,r1bqkb1r/pp2pppp/2n2n2/3p2B1/3Q4/2N2P2/PPP1P1PP/R3KBNR w KQkq -,MODEL_PREDICTION_NOT_EMPIRICAL,cuda,on,2.11.0+cu128,12.8,NVIDIA GeForce RTX 3090,7.55442660022527,632516608,0.9870943324640393
VER-08,B7,1500,maia3-79m,4,d4d3,Qd3,0.06445331126451492,0.9870943324640393,0.7529307408332168,427,21,552,r1bqkb1r/pp2pppp/2n2n2/3p2B1/3Q4/2N2P2/PPP1P1PP/R3KBNR w KQkq -,MODEL_PREDICTION_NOT_EMPIRICAL,cuda,on,2.11.0+cu128,12.8,NVIDIA GeForce RTX 3090,7.55442660022527,632516608,0.9870943324640393
VER-08,B7,1500,maia3-79m,5,d4h4,Qh4,0.05599800497293472,0.9870943324640393,0.7529307408332168,456,22,522,r1bqkb1r/pp2pppp/2n2n2/3p2B1/3Q4/2N2P2/PPP1P1PP/R3KBNR w KQkq -,MODEL_PREDICTION_NOT_EMPIRICAL,cuda,on,2.11.0+cu128,12.8,NVIDIA GeForce RTX 3090,7.55442660022527,632516608,0.9870943324640393
VER-08,B7,1500,maia3-79m,6,d4f2,Qf2,0.035594500601291656,0.9870943324640393,0.7529307408332168,420,21,559,r1bqkb1r/pp2pppp/2n2n2/3p2B1/3Q4/2N2P2/PPP1P1PP/R3KBNR w KQkq -,MODEL_PREDICTION_NOT_EMPIRICAL,cuda,on,2.11.0+cu128,12.8,NVIDIA GeForce RTX 3090,7.55442660022527,632516608,0.9870943324640393
VER-08,B7,1500,maia3-79m,7,g5f6,Bxf6,0.02028113417327404,0.9870943324640393,0.7529307408332168,159,12,829,r1bqkb1r/pp2pppp/2n2n2/3p2B1/3Q4/2N2P2/PPP1P1PP/R3KBNR w KQkq -,MODEL_PREDICTION_NOT_EMPIRICAL,cuda,on,2.11.0+cu128,12.8,NVIDIA GeForce RTX 3090,7.55442660022527,632516608,0.9870943324640393
VER-08,B7,1500,maia3-79m,8,d4c5,Qc5,0.01460795197635889,0.9870943324640393,0.7529307408332168,301,18,681,r1bqkb1r/pp2pppp/2n2n2/3p2B1/3Q4/2N2P2/PPP1P1PP/R3KBNR w KQkq -,MODEL_PREDICTION_NOT_EMPIRICAL,cuda,on,2.11.0+cu128,12.8,NVIDIA GeForce RTX 3090,7.55442660022527,632516608,0.9870943324640393
VER-08,B7,1500,maia3-79m,9,d4f4,Qf4,0.011026661843061447,0.9870943324640393,0.7529307408332168,383,19,598,r1bqkb1r/pp2pppp/2n2n2/3p2B1/3Q4/2N2P2/PPP1P1PP/R3KBNR w KQkq -,MODEL_PREDICTION_NOT_EMPIRICAL,cuda,on,2.11.0+cu128,12.8,NVIDIA GeForce RTX 3090,7.55442660022527,632516608,0.9870943324640393
VER-08,B7,1500,maia3-79m,10,d4e3,Qe3,0.00943160243332386,0.9870943324640393,0.7529307408332168,286,17,697,r1bqkb1r/pp2pppp/2n2n2/3p2B1/3Q4/2N2P2/PPP1P1PP/R3KBNR w KQkq -,MODEL_PREDICTION_NOT_EMPIRICAL,cuda,on,2.11.0+cu128,12.8,NVIDIA GeForce RTX 3090,7.55442660022527,632516608,0.9870943324640393
VER-08,B7,1700,maia3-79m,1,d4d2,Qd2,0.30184468626976013,0.9916005483828485,0.740193785272046,425,25,550,r1bqkb1r/pp2pppp/2n2n2/3p2B1/3Q4/2N2P2/PPP1P1PP/R3KBNR w KQkq -,MODEL_PREDICTION_NOT_EMPIRICAL,cuda,on,2.11.0+cu128,12.8,NVIDIA GeForce RTX 3090,7.55442660022527,632516608,0.9916005483828485
VER-08,B7,1700,maia3-79m,2,d4a4,Qa4,0.2502380311489105,0.9916005483828485,0.740193785272046,437,24,539,r1bqkb1r/pp2pppp/2n2n2/3p2B1/3Q4/2N2P2/PPP1P1PP/R3KBNR w KQkq -,MODEL_PREDICTION_NOT_EMPIRICAL,cuda,on,2.11.0+cu128,12.8,NVIDIA GeForce RTX 3090,7.55442660022527,632516608,0.9916005483828485
VER-08,B7,1700,maia3-79m,3,d4d1,Qd1,0.21741057932376862,0.9916005483828485,0.740193785272046,380,25,595,r1bqkb1r/pp2pppp/2n2n2/3p2B1/3Q4/2N2P2/PPP1P1PP/R3KBNR w KQkq -,MODEL_PREDICTION_NOT_EMPIRICAL,cuda,on,2.11.0+cu128,12.8,NVIDIA GeForce RTX 3090,7.55442660022527,632516608,0.9916005483828485
VER-08,B7,1700,maia3-79m,4,d4h4,Qh4,0.0979946181178093,0.9916005483828485,0.740193785272046,451,23,526,r1bqkb1r/pp2pppp/2n2n2/3p2B1/3Q4/2N2P2/PPP1P1PP/R3KBNR w KQkq -,MODEL_PREDICTION_NOT_EMPIRICAL,cuda,on,2.11.0+cu128,12.8,NVIDIA GeForce RTX 3090,7.55442660022527,632516608,0.9916005483828485
VER-08,B7,1700,maia3-79m,5,d4f2,Qf2,0.04775876924395561,0.9916005483828485,0.740193785272046,420,22,558,r1bqkb1r/pp2pppp/2n2n2/3p2B1/3Q4/2N2P2/PPP1P1PP/R3KBNR w KQkq -,MODEL_PREDICTION_NOT_EMPIRICAL,cuda,on,2.11.0+cu128,12.8,NVIDIA GeForce RTX 3090,7.55442660022527,632516608,0.9916005483828485
VER-08,B7,1700,maia3-79m,6,d4d3,Qd3,0.04416963458061218,0.9916005483828485,0.740193785272046,422,23,555,r1bqkb1r/pp2pppp/2n2n2/3p2B1/3Q4/2N2P2/PPP1P1PP/R3KBNR w KQkq -,MODEL_PREDICTION_NOT_EMPIRICAL,cuda,on,2.11.0+cu128,12.8,NVIDIA GeForce RTX 3090,7.55442660022527,632516608,0.9916005483828485
VER-08,B7,1700,maia3-79m,7,g5f6,Bxf6,0.01207530777901411,0.9916005483828485,0.740193785272046,148,12,840,r1bqkb1r/pp2pppp/2n2n2/3p2B1/3Q4/2N2P2/PPP1P1PP/R3KBNR w KQkq -,MODEL_PREDICTION_NOT_EMPIRICAL,cuda,on,2.11.0+cu128,12.8,NVIDIA GeForce RTX 3090,7.55442660022527,632516608,0.9916005483828485
VER-08,B7,1700,maia3-79m,8,d4c5,Qc5,0.007556534372270107,0.9916005483828485,0.740193785272046,289,18,693,r1bqkb1r/pp2pppp/2n2n2/3p2B1/3Q4/2N2P2/PPP1P1PP/R3KBNR w KQkq -,MODEL_PREDICTION_NOT_EMPIRICAL,cuda,on,2.11.0+cu128,12.8,NVIDIA GeForce RTX 3090,7.55442660022527,632516608,0.9916005483828485
VER-08,B7,1700,maia3-79m,9,d4f4,Qf4,0.00743938097730279,0.9916005483828485,0.740193785272046,363,20,617,r1bqkb1r/pp2pppp/2n2n2/3p2B1/3Q4/2N2P2/PPP1P1PP/R3KBNR w KQkq -,MODEL_PREDICTION_NOT_EMPIRICAL,cuda,on,2.11.0+cu128,12.8,NVIDIA GeForce RTX 3090,7.55442660022527,632516608,0.9916005483828485
VER-08,B7,1700,maia3-79m,10,d4e3,Qe3,0.005113006569445133,0.9916005483828485,0.740193785272046,245,16,739,r1bqkb1r/pp2pppp/2n2n2/3p2B1/3Q4/2N2P2/PPP1P1PP/R3KBNR w KQkq -,MODEL_PREDICTION_NOT_EMPIRICAL,cuda,on,2.11.0+cu128,12.8,NVIDIA GeForce RTX 3090,7.55442660022527,632516608,0.9916005483828485
VER-08,B7,1900,maia3-79m,1,d4d2,Qd2,0.31631043553352356,0.994289884576574,0.7212710420625121,421,28,551,r1bqkb1r/pp2pppp/2n2n2/3p2B1/3Q4/2N2P2/PPP1P1PP/R3KBNR w KQkq -,MODEL_PREDICTION_NOT_EMPIRICAL,cuda,on,2.11.0+cu128,12.8,NVIDIA GeForce RTX 3090,7.55442660022527,632516608,0.994289884576574
VER-08,B7,1900,maia3-79m,2,d4a4,Qa4,0.2242976725101471,0.994289884576574,0.7212710420625121,440,27,533,r1bqkb1r/pp2pppp/2n2n2/3p2B1/3Q4/2N2P2/PPP1P1PP/R3KBNR w KQkq -,MODEL_PREDICTION_NOT_EMPIRICAL,cuda,on,2.11.0+cu128,12.8,NVIDIA GeForce RTX 3090,7.55442660022527,632516608,0.994289884576574
VER-08,B7,1900,maia3-79m,3,d4h4,Qh4,0.19487321376800537,0.994289884576574,0.7212710420625121,445,26,529,r1bqkb1r/pp2pppp/2n2n2/3p2B1/3Q4/2N2P2/PPP1P1PP/R3KBNR w KQkq -,MODEL_PREDICTION_NOT_EMPIRICAL,cuda,on,2.11.0+cu128,12.8,NVIDIA GeForce RTX 3090,7.55442660022527,632516608,0.994289884576574
VER-08,B7,1900,maia3-79m,4,d4d1,Qd1,0.16155557334423065,0.994289884576574,0.7212710420625121,365,27,608,r1bqkb1r/pp2pppp/2n2n2/3p2B1/3Q4/2N2P2/PPP1P1PP/R3KBNR w KQkq -,MODEL_PREDICTION_NOT_EMPIRICAL,cuda,on,2.11.0+cu128,12.8,NVIDIA GeForce RTX 3090,7.55442660022527,632516608,0.994289884576574
VER-08,B7,1900,maia3-79m,5,d4f2,Qf2,0.051636260002851486,0.994289884576574,0.7212710420625121,412,24,564,r1bqkb1r/pp2pppp/2n2n2/3p2B1/3Q4/2N2P2/PPP1P1PP/R3KBNR w KQkq -,MODEL_PREDICTION_NOT_EMPIRICAL,cuda,on,2.11.0+cu128,12.8,NVIDIA GeForce RTX 3090,7.55442660022527,632516608,0.994289884576574
VER-08,B7,1900,maia3-79m,6,d4d3,Qd3,0.02721039578318596,0.994289884576574,0.7212710420625121,418,26,556,r1bqkb1r/pp2pppp/2n2n2/3p2B1/3Q4/2N2P2/PPP1P1PP/R3KBNR w KQkq -,MODEL_PREDICTION_NOT_EMPIRICAL,cuda,on,2.11.0+cu128,12.8,NVIDIA GeForce RTX 3090,7.55442660022527,632516608,0.994289884576574
VER-08,B7,1900,maia3-79m,7,g5f6,Bxf6,0.007556054275482893,0.994289884576574,0.7212710420625121,131,12,857,r1bqkb1r/pp2pppp/2n2n2/3p2B1/3Q4/2N2P2/PPP1P1PP/R3KBNR w KQkq -,MODEL_PREDICTION_NOT_EMPIRICAL,cuda,on,2.11.0+cu128,12.8,NVIDIA GeForce RTX 3090,7.55442660022527,632516608,0.994289884576574
VER-08,B7,1900,maia3-79m,8,d4f4,Qf4,0.004802920389920473,0.994289884576574,0.7212710420625121,344,22,634,r1bqkb1r/pp2pppp/2n2n2/3p2B1/3Q4/2N2P2/PPP1P1PP/R3KBNR w KQkq -,MODEL_PREDICTION_NOT_EMPIRICAL,cuda,on,2.11.0+cu128,12.8,NVIDIA GeForce RTX 3090,7.55442660022527,632516608,0.994289884576574
VER-08,B7,1900,maia3-79m,9,d4c5,Qc5,0.004238562658429146,0.994289884576574,0.7212710420625121,279,19,702,r1bqkb1r/pp2pppp/2n2n2/3p2B1/3Q4/2N2P2/PPP1P1PP/R3KBNR w KQkq -,MODEL_PREDICTION_NOT_EMPIRICAL,cuda,on,2.11.0+cu128,12.8,NVIDIA GeForce RTX 3090,7.55442660022527,632516608,0.994289884576574
VER-08,B7,1900,maia3-79m,10,d4e3,Qe3,0.0018087963107973337,0.994289884576574,0.7212710420625121,218,16,766,r1bqkb1r/pp2pppp/2n2n2/3p2B1/3Q4/2N2P2/PPP1P1PP/R3KBNR w KQkq -,MODEL_PREDICTION_NOT_EMPIRICAL,cuda,on,2.11.0+cu128,12.8,NVIDIA GeForce RTX 3090,7.55442660022527,632516608,0.994289884576574
VER-08,B7,2100,maia3-79m,1,d4h4,Qh4,0.3641299903392792,0.9967140172375366,0.6504656902460189,437,31,532,r1bqkb1r/pp2pppp/2n2n2/3p2B1/3Q4/2N2P2/PPP1P1PP/R3KBNR w KQkq -,MODEL_PREDICTION_NOT_EMPIRICAL,cuda,on,2.11.0+cu128,12.8,NVIDIA GeForce RTX 3090,7.55442660022527,632516608,0.9967140172375366
VER-08,B7,2100,maia3-79m,2,d4d2,Qd2,0.2705984115600586,0.9967140172375366,0.6504656902460189,419,35,546,r1bqkb1r/pp2pppp/2n2n2/3p2B1/3Q4/2N2P2/PPP1P1PP/R3KBNR w KQkq -,MODEL_PREDICTION_NOT_EMPIRICAL,cuda,on,2.11.0+cu128,12.8,NVIDIA GeForce RTX 3090,7.55442660022527,632516608,0.9967140172375366
VER-08,B7,2100,maia3-79m,3,d4a4,Qa4,0.22786672413349152,0.9967140172375366,0.6504656902460189,454,33,513,r1bqkb1r/pp2pppp/2n2n2/3p2B1/3Q4/2N2P2/PPP1P1PP/R3KBNR w KQkq -,MODEL_PREDICTION_NOT_EMPIRICAL,cuda,on,2.11.0+cu128,12.8,NVIDIA GeForce RTX 3090,7.55442660022527,632516608,0.9967140172375366
VER-08,B7,2100,maia3-79m,4,d4d1,Qd1,0.0663129985332489,0.9967140172375366,0.6504656902460189,347,32,621,r1bqkb1r/pp2pppp/2n2n2/3p2B1/3Q4/2N2P2/PPP1P1PP/R3KBNR w KQkq -,MODEL_PREDICTION_NOT_EMPIRICAL,cuda,on,2.11.0+cu128,12.8,NVIDIA GeForce RTX 3090,7.55442660022527,632516608,0.9967140172375366
VER-08,B7,2100,maia3-79m,5,d4f2,Qf2,0.04085424914956093,0.9967140172375366,0.6504656902460189,403,29,568,r1bqkb1r/pp2pppp/2n2n2/3p2B1/3Q4/2N2P2/PPP1P1PP/R3KBNR w KQkq -,MODEL_PREDICTION_NOT_EMPIRICAL,cuda,on,2.11.0+cu128,12.8,NVIDIA GeForce RTX 3090,7.55442660022527,632516608,0.9967140172375366
VER-08,B7,2100,maia3-79m,6,d4d3,Qd3,0.016250697895884514,0.9967140172375366,0.6504656902460189,407,32,561,r1bqkb1r/pp2pppp/2n2n2/3p2B1/3Q4/2N2P2/PPP1P1PP/R3KBNR w KQkq -,MODEL_PREDICTION_NOT_EMPIRICAL,cuda,on,2.11.0+cu128,12.8,NVIDIA GeForce RTX 3090,7.55442660022527,632516608,0.9967140172375366
VER-08,B7,2100,maia3-79m,7,g5f6,Bxf6,0.005113509483635426,0.9967140172375366,0.6504656902460189,103,12,885,r1bqkb1r/pp2pppp/2n2n2/3p2B1/3Q4/2N2P2/PPP1P1PP/R3KBNR w KQkq -,MODEL_PREDICTION_NOT_EMPIRICAL,cuda,on,2.11.0+cu128,12.8,NVIDIA GeForce RTX 3090,7.55442660022527,632516608,0.9967140172375366
VER-08,B7,2100,maia3-79m,8,d4f4,Qf4,0.0026117246598005295,0.9967140172375366,0.6504656902460189,336,26,638,r1bqkb1r/pp2pppp/2n2n2/3p2B1/3Q4/2N2P2/PPP1P1PP/R3KBNR w KQkq -,MODEL_PREDICTION_NOT_EMPIRICAL,cuda,on,2.11.0+cu128,12.8,NVIDIA GeForce RTX 3090,7.55442660022527,632516608,0.9967140172375366
VER-08,B7,2100,maia3-79m,9,d4c5,Qc5,0.002066044369712472,0.9967140172375366,0.6504656902460189,275,23,702,r1bqkb1r/pp2pppp/2n2n2/3p2B1/3Q4/2N2P2/PPP1P1PP/R3KBNR w KQkq -,MODEL_PREDICTION_NOT_EMPIRICAL,cuda,on,2.11.0+cu128,12.8,NVIDIA GeForce RTX 3090,7.55442660022527,632516608,0.9967140172375366
VER-08,B7,2100,maia3-79m,10,e1c1,O-O-O,0.0009096671128645539,0.9967140172375366,0.6504656902460189,62,7,931,r1bqkb1r/pp2pppp/2n2n2/3p2B1/3Q4/2N2P2/PPP1P1PP/R3KBNR w KQkq -,MODEL_PREDICTION_NOT_EMPIRICAL,cuda,on,2.11.0+cu128,12.8,NVIDIA GeForce RTX 3090,7.55442660022527,632516608,0.9967140172375366
JOB-03,B8,1100,maia3-79m,1,c3b5,Nb5,0.8046272993087769,0.9963215348543599,0.32699207901988986,534,18,448,rnbqkb1r/pp2pppp/5n2/2P5/3p1B2/2N5/PPP1PPPP/R2QKBNR w KQkq -,MODEL_PREDICTION_NOT_EMPIRICAL,cuda,on,2.11.0+cu128,12.8,NVIDIA GeForce RTX 3090,7.55442660022527,632516608,0.9963215348543599
JOB-03,B8,1100,maia3-79m,2,c3a4,Na4,0.1022968739271164,0.9963215348543599,0.32699207901988986,423,19,558,rnbqkb1r/pp2pppp/5n2/2P5/3p1B2/2N5/PPP1PPPP/R2QKBNR w KQkq -,MODEL_PREDICTION_NOT_EMPIRICAL,cuda,on,2.11.0+cu128,12.8,NVIDIA GeForce RTX 3090,7.55442660022527,632516608,0.9963215348543599
JOB-03,B8,1100,maia3-79m,3,c3b1,Nb1,0.04399733990430832,0.9963215348543599,0.32699207901988986,423,21,556,rnbqkb1r/pp2pppp/5n2/2P5/3p1B2/2N5/PPP1PPPP/R2QKBNR w KQkq -,MODEL_PREDICTION_NOT_EMPIRICAL,cuda,on,2.11.0+cu128,12.8,NVIDIA GeForce RTX 3090,7.55442660022527,632516608,0.9963215348543599
JOB-03,B8,1100,maia3-79m,4,c3e4,Ne4,0.020143451169133186,0.9963215348543599,0.32699207901988986,302,18,680,rnbqkb1r/pp2pppp/5n2/2P5/3p1B2/2N5/PPP1PPPP/R2QKBNR w KQkq -,MODEL_PREDICTION_NOT_EMPIRICAL,cuda,on,2.11.0+cu128,12.8,NVIDIA GeForce RTX 3090,7.55442660022527,632516608,0.9963215348543599
JOB-03,B8,1100,maia3-79m,5,f4b8,Bxb8,0.013418430462479591,0.9963215348543599,0.32699207901988986,458,26,516,rnbqkb1r/pp2pppp/5n2/2P5/3p1B2/2N5/PPP1PPPP/R2QKBNR w KQkq -,MODEL_PREDICTION_NOT_EMPIRICAL,cuda,on,2.11.0+cu128,12.8,NVIDIA GeForce RTX 3090,7.55442660022527,632516608,0.9963215348543599
JOB-03,B8,1100,maia3-79m,6,e2e3,e3,0.003904986195266247,0.9963215348543599,0.32699207901988986,416,27,557,rnbqkb1r/pp2pppp/5n2/2P5/3p1B2/2N5/PPP1PPPP/R2QKBNR w KQkq -,MODEL_PREDICTION_NOT_EMPIRICAL,cuda,on,2.11.0+cu128,12.8,NVIDIA GeForce RTX 3090,7.55442660022527,632516608,0.9963215348543599
JOB-03,B8,1100,maia3-79m,7,d1d4,Qxd4,0.0026838548947125673,0.9963215348543599,0.32699207901988986,173,15,812,rnbqkb1r/pp2pppp/5n2/2P5/3p1B2/2N5/PPP1PPPP/R2QKBNR w KQkq -,MODEL_PREDICTION_NOT_EMPIRICAL,cuda,on,2.11.0+cu128,12.8,NVIDIA GeForce RTX 3090,7.55442660022527,632516608,0.9963215348543599
JOB-03,B8,1100,maia3-79m,8,g1f3,Nf3,0.0019031380070373416,0.9963215348543599,0.32699207901988986,407,26,567,rnbqkb1r/pp2pppp/5n2/2P5/3p1B2/2N5/PPP1PPPP/R2QKBNR w KQkq -,MODEL_PREDICTION_NOT_EMPIRICAL,cuda,on,2.11.0+cu128,12.8,NVIDIA GeForce RTX 3090,7.55442660022527,632516608,0.9963215348543599
JOB-03,B8,1100,maia3-79m,9,c3d5,Nd5,0.0016926859971135855,0.9963215348543599,0.32699207901988986,284,18,698,rnbqkb1r/pp2pppp/5n2/2P5/3p1B2/2N5/PPP1PPPP/R2QKBNR w KQkq -,MODEL_PREDICTION_NOT_EMPIRICAL,cuda,on,2.11.0+cu128,12.8,NVIDIA GeForce RTX 3090,7.55442660022527,632516608,0.9963215348543599
JOB-03,B8,1100,maia3-79m,10,f4e5,Be5,0.0016534749884158373,0.9963215348543599,0.32699207901988986,365,27,608,rnbqkb1r/pp2pppp/5n2/2P5/3p1B2/2N5/PPP1PPPP/R2QKBNR w KQkq -,MODEL_PREDICTION_NOT_EMPIRICAL,cuda,on,2.11.0+cu128,12.8,NVIDIA GeForce RTX 3090,7.55442660022527,632516608,0.9963215348543599
JOB-03,B8,1300,maia3-79m,1,c3b5,Nb5,0.7831628918647766,0.9964651397895068,0.3493666842117658,472,16,512,rnbqkb1r/pp2pppp/5n2/2P5/3p1B2/2N5/PPP1PPPP/R2QKBNR w KQkq -,MODEL_PREDICTION_NOT_EMPIRICAL,cuda,on,2.11.0+cu128,12.8,NVIDIA GeForce RTX 3090,7.55442660022527,632516608,0.9964651397895068
JOB-03,B8,1300,maia3-79m,2,c3a4,Na4,0.09802433848381042,0.9964651397895068,0.3493666842117658,406,18,576,rnbqkb1r/pp2pppp/5n2/2P5/3p1B2/2N5/PPP1PPPP/R2QKBNR w KQkq -,MODEL_PREDICTION_NOT_EMPIRICAL,cuda,on,2.11.0+cu128,12.8,NVIDIA GeForce RTX 3090,7.55442660022527,632516608,0.9964651397895068
JOB-03,B8,1300,maia3-79m,3,c3b1,Nb1,0.07399264723062515,0.9964651397895068,0.3493666842117658,410,20,570,rnbqkb1r/pp2pppp/5n2/2P5/3p1B2/2N5/PPP1PPPP/R2QKBNR w KQkq -,MODEL_PREDICTION_NOT_EMPIRICAL,cuda,on,2.11.0+cu128,12.8,NVIDIA GeForce RTX 3090,7.55442660022527,632516608,0.9964651397895068
JOB-03,B8,1300,maia3-79m,4,c3e4,Ne4,0.016002031043171883,0.9964651397895068,0.3493666842117658,276,16,708,rnbqkb1r/pp2pppp/5n2/2P5/3p1B2/2N5/PPP1PPPP/R2QKBNR w KQkq -,MODEL_PREDICTION_NOT_EMPIRICAL,cuda,on,2.11.0+cu128,12.8,NVIDIA GeForce RTX 3090,7.55442660022527,632516608,0.9964651397895068
JOB-03,B8,1300,maia3-79m,5,f4b8,Bxb8,0.013902805745601654,0.9964651397895068,0.3493666842117658,463,25,512,rnbqkb1r/pp2pppp/5n2/2P5/3p1B2/2N5/PPP1PPPP/R2QKBNR w KQkq -,MODEL_PREDICTION_NOT_EMPIRICAL,cuda,on,2.11.0+cu128,12.8,NVIDIA GeForce RTX 3090,7.55442660022527,632516608,0.9964651397895068
JOB-03,B8,1300,maia3-79m,6,e2e3,e3,0.005035262554883957,0.9964651397895068,0.3493666842117658,399,24,577,rnbqkb1r/pp2pppp/5n2/2P5/3p1B2/2N5/PPP1PPPP/R2QKBNR w KQkq -,MODEL_PREDICTION_NOT_EMPIRICAL,cuda,on,2.11.0+cu128,12.8,NVIDIA GeForce RTX 3090,7.55442660022527,632516608,0.9964651397895068
JOB-03,B8,1300,maia3-79m,7,g1f3,Nf3,0.002492635976523161,0.9964651397895068,0.3493666842117658,394,25,581,rnbqkb1r/pp2pppp/5n2/2P5/3p1B2/2N5/PPP1PPPP/R2QKBNR w KQkq -,MODEL_PREDICTION_NOT_EMPIRICAL,cuda,on,2.11.0+cu128,12.8,NVIDIA GeForce RTX 3090,7.55442660022527,632516608,0.9964651397895068
JOB-03,B8,1300,maia3-79m,8,f4e5,Be5,0.0016475316369906068,0.9964651397895068,0.3493666842117658,360,25,615,rnbqkb1r/pp2pppp/5n2/2P5/3p1B2/2N5/PPP1PPPP/R2QKBNR w KQkq -,MODEL_PREDICTION_NOT_EMPIRICAL,cuda,on,2.11.0+cu128,12.8,NVIDIA GeForce RTX 3090,7.55442660022527,632516608,0.9964651397895068
JOB-03,B8,1300,maia3-79m,9,d1d4,Qxd4,0.001376564265228808,0.9964651397895068,0.3493666842117658,166,14,820,rnbqkb1r/pp2pppp/5n2/2P5/3p1B2/2N5/PPP1PPPP/R2QKBNR w KQkq -,MODEL_PREDICTION_NOT_EMPIRICAL,cuda,on,2.11.0+cu128,12.8,NVIDIA GeForce RTX 3090,7.55442660022527,632516608,0.9964651397895068
JOB-03,B8,1300,maia3-79m,10,d1d3,Qd3,0.0008284309878945351,0.9964651397895068,0.3493666842117658,354,21,625,rnbqkb1r/pp2pppp/5n2/2P5/3p1B2/2N5/PPP1PPPP/R2QKBNR w KQkq -,MODEL_PREDICTION_NOT_EMPIRICAL,cuda,on,2.11.0+cu128,12.8,NVIDIA GeForce RTX 3090,7.55442660022527,632516608,0.9964651397895068
JOB-03,B8,1500,maia3-79m,1,c3b5,Nb5,0.722809910774231,0.9959499968681484,0.40751822592615744,426,16,558,rnbqkb1r/pp2pppp/5n2/2P5/3p1B2/2N5/PPP1PPPP/R2QKBNR w KQkq -,MODEL_PREDICTION_NOT_EMPIRICAL,cuda,on,2.11.0+cu128,12.8,NVIDIA GeForce RTX 3090,7.55442660022527,632516608,0.9959499968681484
JOB-03,B8,1500,maia3-79m,2,c3b1,Nb1,0.12758353352546692,0.9959499968681484,0.40751822592615744,406,21,573,rnbqkb1r/pp2pppp/5n2/2P5/3p1B2/2N5/PPP1PPPP/R2QKBNR w KQkq -,MODEL_PREDICTION_NOT_EMPIRICAL,cuda,on,2.11.0+cu128,12.8,NVIDIA GeForce RTX 3090,7.55442660022527,632516608,0.9959499968681484
JOB-03,B8,1500,maia3-79m,3,c3a4,Na4,0.09936214983463287,0.9959499968681484,0.40751822592615744,401,18,581,rnbqkb1r/pp2pppp/5n2/2P5/3p1B2/2N5/PPP1PPPP/R2QKBNR w KQkq -,MODEL_PREDICTION_NOT_EMPIRICAL,cuda,on,2.11.0+cu128,12.8,NVIDIA GeForce RTX 3090,7.55442660022527,632516608,0.9959499968681484
JOB-03,B8,1500,maia3-79m,4,f4b8,Bxb8,0.018095193430781364,0.9959499968681484,0.40751822592615744,455,26,519,rnbqkb1r/pp2pppp/5n2/2P5/3p1B2/2N5/PPP1PPPP/R2QKBNR w KQkq -,MODEL_PREDICTION_NOT_EMPIRICAL,cuda,on,2.11.0+cu128,12.8,NVIDIA GeForce RTX 3090,7.55442660022527,632516608,0.9959499968681484
JOB-03,B8,1500,maia3-79m,5,c3e4,Ne4,0.013658967800438404,0.9959499968681484,0.40751822592615744,256,15,729,rnbqkb1r/pp2pppp/5n2/2P5/3p1B2/2N5/PPP1PPPP/R2QKBNR w KQkq -,MODEL_PREDICTION_NOT_EMPIRICAL,cuda,on,2.11.0+cu128,12.8,NVIDIA GeForce RTX 3090,7.55442660022527,632516608,0.9959499968681484
JOB-03,B8,1500,maia3-79m,6,e2e3,e3,0.007086179219186306,0.9959499968681484,0.40751822592615744,381,24,595,rnbqkb1r/pp2pppp/5n2/2P5/3p1B2/2N5/PPP1PPPP/R2QKBNR w KQkq -,MODEL_PREDICTION_NOT_EMPIRICAL,cuda,on,2.11.0+cu128,12.8,NVIDIA GeForce RTX 3090,7.55442660022527,632516608,0.9959499968681484
JOB-03,B8,1500,maia3-79m,7,g1f3,Nf3,0.003347274148836732,0.9959499968681484,0.40751822592615744,385,24,591,rnbqkb1r/pp2pppp/5n2/2P5/3p1B2/2N5/PPP1PPPP/R2QKBNR w KQkq -,MODEL_PREDICTION_NOT_EMPIRICAL,cuda,on,2.11.0+cu128,12.8,NVIDIA GeForce RTX 3090,7.55442660022527,632516608,0.9959499968681484
JOB-03,B8,1500,maia3-79m,8,f4e5,Be5,0.0021110991947352886,0.9959499968681484,0.40751822592615744,348,24,628,rnbqkb1r/pp2pppp/5n2/2P5/3p1B2/2N5/PPP1PPPP/R2QKBNR w KQkq -,MODEL_PREDICTION_NOT_EMPIRICAL,cuda,on,2.11.0+cu128,12.8,NVIDIA GeForce RTX 3090,7.55442660022527,632516608,0.9959499968681484
JOB-03,B8,1500,maia3-79m,9,d1d3,Qd3,0.0009515469428151846,0.9959499968681484,0.40751822592615744,337,21,642,rnbqkb1r/pp2pppp/5n2/2P5/3p1B2/2N5/PPP1PPPP/R2QKBNR w KQkq -,MODEL_PREDICTION_NOT_EMPIRICAL,cuda,on,2.11.0+cu128,12.8,NVIDIA GeForce RTX 3090,7.55442660022527,632516608,0.9959499968681484
JOB-03,B8,1500,maia3-79m,10,e2e4,e4,0.0009441419970244169,0.9959499968681484,0.40751822592615744,374,22,604,rnbqkb1r/pp2pppp/5n2/2P5/3p1B2/2N5/PPP1PPPP/R2QKBNR w KQkq -,MODEL_PREDICTION_NOT_EMPIRICAL,cuda,on,2.11.0+cu128,12.8,NVIDIA GeForce RTX 3090,7.55442660022527,632516608,0.9959499968681484
JOB-03,B8,1700,maia3-79m,1,c3b5,Nb5,0.5764806866645813,0.994588844710961,0.5120171411747357,408,17,575,rnbqkb1r/pp2pppp/5n2/2P5/3p1B2/2N5/PPP1PPPP/R2QKBNR w KQkq -,MODEL_PREDICTION_NOT_EMPIRICAL,cuda,on,2.11.0+cu128,12.8,NVIDIA GeForce RTX 3090,7.55442660022527,632516608,0.994588844710961
JOB-03,B8,1700,maia3-79m,2,c3b1,Nb1,0.24031290411949158,0.994588844710961,0.5120171411747357,407,23,570,rnbqkb1r/pp2pppp/5n2/2P5/3p1B2/2N5/PPP1PPPP/R2QKBNR w KQkq -,MODEL_PREDICTION_NOT_EMPIRICAL,cuda,on,2.11.0+cu128,12.8,NVIDIA GeForce RTX 3090,7.55442660022527,632516608,0.994588844710961
JOB-03,B8,1700,maia3-79m,3,c3a4,Na4,0.11351577192544937,0.994588844710961,0.5120171411747357,401,20,579,rnbqkb1r/pp2pppp/5n2/2P5/3p1B2/2N5/PPP1PPPP/R2QKBNR w KQkq -,MODEL_PREDICTION_NOT_EMPIRICAL,cuda,on,2.11.0+cu128,12.8,NVIDIA GeForce RTX 3090,7.55442660022527,632516608,0.994588844710961
JOB-03,B8,1700,maia3-79m,4,f4b8,Bxb8,0.029153261333703995,0.994588844710961,0.5120171411747357,452,28,520,rnbqkb1r/pp2pppp/5n2/2P5/3p1B2/2N5/PPP1PPPP/R2QKBNR w KQkq -,MODEL_PREDICTION_NOT_EMPIRICAL,cuda,on,2.11.0+cu128,12.8,NVIDIA GeForce RTX 3090,7.55442660022527,632516608,0.994588844710961
JOB-03,B8,1700,maia3-79m,5,c3e4,Ne4,0.014890030957758427,0.994588844710961,0.5120171411747357,236,15,749,rnbqkb1r/pp2pppp/5n2/2P5/3p1B2/2N5/PPP1PPPP/R2QKBNR w KQkq -,MODEL_PREDICTION_NOT_EMPIRICAL,cuda,on,2.11.0+cu128,12.8,NVIDIA GeForce RTX 3090,7.55442660022527,632516608,0.994588844710961
JOB-03,B8,1700,maia3-79m,6,e2e3,e3,0.009765120223164558,0.994588844710961,0.5120171411747357,367,25,608,rnbqkb1r/pp2pppp/5n2/2P5/3p1B2/2N5/PPP1PPPP/R2QKBNR w KQkq -,MODEL_PREDICTION_NOT_EMPIRICAL,cuda,on,2.11.0+cu128,12.8,NVIDIA GeForce RTX 3090,7.55442660022527,632516608,0.994588844710961
JOB-03,B8,1700,maia3-79m,7,g1f3,Nf3,0.00468535628169775,0.994588844710961,0.5120171411747357,375,26,599,rnbqkb1r/pp2pppp/5n2/2P5/3p1B2/2N5/PPP1PPPP/R2QKBNR w KQkq -,MODEL_PREDICTION_NOT_EMPIRICAL,cuda,on,2.11.0+cu128,12.8,NVIDIA GeForce RTX 3090,7.55442660022527,632516608,0.994588844710961
JOB-03,B8,1700,maia3-79m,8,f4e5,Be5,0.00290920352563262,0.994588844710961,0.5120171411747357,332,25,643,rnbqkb1r/pp2pppp/5n2/2P5/3p1B2/2N5/PPP1PPPP/R2QKBNR w KQkq -,MODEL_PREDICTION_NOT_EMPIRICAL,cuda,on,2.11.0+cu128,12.8,NVIDIA GeForce RTX 3090,7.55442660022527,632516608,0.994588844710961
JOB-03,B8,1700,maia3-79m,9,e2e4,e4,0.0017102324636653066,0.994588844710961,0.5120171411747357,365,22,613,rnbqkb1r/pp2pppp/5n2/2P5/3p1B2/2N5/PPP1PPPP/R2QKBNR w KQkq -,MODEL_PREDICTION_NOT_EMPIRICAL,cuda,on,2.11.0+cu128,12.8,NVIDIA GeForce RTX 3090,7.55442660022527,632516608,0.994588844710961
JOB-03,B8,1700,maia3-79m,10,d1d3,Qd3,0.0011662772158160806,0.994588844710961,0.5120171411747357,326,22,652,rnbqkb1r/pp2pppp/5n2/2P5/3p1B2/2N5/PPP1PPPP/R2QKBNR w KQkq -,MODEL_PREDICTION_NOT_EMPIRICAL,cuda,on,2.11.0+cu128,12.8,NVIDIA GeForce RTX 3090,7.55442660022527,632516608,0.994588844710961
JOB-03,B8,1900,maia3-79m,1,c3b1,Nb1,0.42330411076545715,0.9924104714300483,0.5955071014243277,413,27,560,rnbqkb1r/pp2pppp/5n2/2P5/3p1B2/2N5/PPP1PPPP/R2QKBNR w KQkq -,MODEL_PREDICTION_NOT_EMPIRICAL,cuda,on,2.11.0+cu128,12.8,NVIDIA GeForce RTX 3090,7.55442660022527,632516608,0.9924104714300483
JOB-03,B8,1900,maia3-79m,2,c3b5,Nb5,0.3245585262775421,0.9924104714300483,0.5955071014243277,419,21,560,rnbqkb1r/pp2pppp/5n2/2P5/3p1B2/2N5/PPP1PPPP/R2QKBNR w KQkq -,MODEL_PREDICTION_NOT_EMPIRICAL,cuda,on,2.11.0+cu128,12.8,NVIDIA GeForce RTX 3090,7.55442660022527,632516608,0.9924104714300483
JOB-03,B8,1900,maia3-79m,3,c3a4,Na4,0.15093372762203217,0.9924104714300483,0.5955071014243277,401,23,576,rnbqkb1r/pp2pppp/5n2/2P5/3p1B2/2N5/PPP1PPPP/R2QKBNR w KQkq -,MODEL_PREDICTION_NOT_EMPIRICAL,cuda,on,2.11.0+cu128,12.8,NVIDIA GeForce RTX 3090,7.55442660022527,632516608,0.9924104714300483
JOB-03,B8,1900,maia3-79m,4,f4b8,Bxb8,0.047493401914834976,0.9924104714300483,0.5955071014243277,456,32,512,rnbqkb1r/pp2pppp/5n2/2P5/3p1B2/2N5/PPP1PPPP/R2QKBNR w KQkq -,MODEL_PREDICTION_NOT_EMPIRICAL,cuda,on,2.11.0+cu128,12.8,NVIDIA GeForce RTX 3090,7.55442660022527,632516608,0.9924104714300483
JOB-03,B8,1900,maia3-79m,5,c3e4,Ne4,0.017200971022248268,0.9924104714300483,0.5955071014243277,220,16,764,rnbqkb1r/pp2pppp/5n2/2P5/3p1B2/2N5/PPP1PPPP/R2QKBNR w KQkq -,MODEL_PREDICTION_NOT_EMPIRICAL,cuda,on,2.11.0+cu128,12.8,NVIDIA GeForce RTX 3090,7.55442660022527,632516608,0.9924104714300483
JOB-03,B8,1900,maia3-79m,6,e2e3,e3,0.014039023779332638,0.9924104714300483,0.5955071014243277,350,26,624,rnbqkb1r/pp2pppp/5n2/2P5/3p1B2/2N5/PPP1PPPP/R2QKBNR w KQkq -,MODEL_PREDICTION_NOT_EMPIRICAL,cuda,on,2.11.0+cu128,12.8,NVIDIA GeForce RTX 3090,7.55442660022527,632516608,0.9924104714300483
JOB-03,B8,1900,maia3-79m,7,g1f3,Nf3,0.00594449695199728,0.9924104714300483,0.5955071014243277,373,28,599,rnbqkb1r/pp2pppp/5n2/2P5/3p1B2/2N5/PPP1PPPP/R2QKBNR w KQkq -,MODEL_PREDICTION_NOT_EMPIRICAL,cuda,on,2.11.0+cu128,12.8,NVIDIA GeForce RTX 3090,7.55442660022527,632516608,0.9924104714300483
JOB-03,B8,1900,maia3-79m,8,f4e5,Be5,0.0036910218186676502,0.9924104714300483,0.5955071014243277,315,26,659,rnbqkb1r/pp2pppp/5n2/2P5/3p1B2/2N5/PPP1PPPP/R2QKBNR w KQkq -,MODEL_PREDICTION_NOT_EMPIRICAL,cuda,on,2.11.0+cu128,12.8,NVIDIA GeForce RTX 3090,7.55442660022527,632516608,0.9924104714300483
JOB-03,B8,1900,maia3-79m,9,e2e4,e4,0.0032068153377622366,0.9924104714300483,0.5955071014243277,356,23,621,rnbqkb1r/pp2pppp/5n2/2P5/3p1B2/2N5/PPP1PPPP/R2QKBNR w KQkq -,MODEL_PREDICTION_NOT_EMPIRICAL,cuda,on,2.11.0+cu128,12.8,NVIDIA GeForce RTX 3090,7.55442660022527,632516608,0.9924104714300483
JOB-03,B8,1900,maia3-79m,10,b2b4,b4,0.0020383759401738644,0.9924104714300483,0.5955071014243277,249,21,730,rnbqkb1r/pp2pppp/5n2/2P5/3p1B2/2N5/PPP1PPPP/R2QKBNR w KQkq -,MODEL_PREDICTION_NOT_EMPIRICAL,cuda,on,2.11.0+cu128,12.8,NVIDIA GeForce RTX 3090,7.55442660022527,632516608,0.9924104714300483
JOB-03,B8,2100,maia3-79m,1,c3b1,Nb1,0.47516921162605286,0.9906825963407755,0.5956182197435324,414,34,552,rnbqkb1r/pp2pppp/5n2/2P5/3p1B2/2N5/PPP1PPPP/R2QKBNR w KQkq -,MODEL_PREDICTION_NOT_EMPIRICAL,cuda,on,2.11.0+cu128,12.8,NVIDIA GeForce RTX 3090,7.55442660022527,632516608,0.9906825963407755
JOB-03,B8,2100,maia3-79m,2,c3a4,Na4,0.25039660930633545,0.9906825963407755,0.5956182197435324,404,28,568,rnbqkb1r/pp2pppp/5n2/2P5/3p1B2/2N5/PPP1PPPP/R2QKBNR w KQkq -,MODEL_PREDICTION_NOT_EMPIRICAL,cuda,on,2.11.0+cu128,12.8,NVIDIA GeForce RTX 3090,7.55442660022527,632516608,0.9906825963407755
JOB-03,B8,2100,maia3-79m,3,c3b5,Nb5,0.1694268137216568,0.9906825963407755,0.5956182197435324,427,27,546,rnbqkb1r/pp2pppp/5n2/2P5/3p1B2/2N5/PPP1PPPP/R2QKBNR w KQkq -,MODEL_PREDICTION_NOT_EMPIRICAL,cuda,on,2.11.0+cu128,12.8,NVIDIA GeForce RTX 3090,7.55442660022527,632516608,0.9906825963407755
JOB-03,B8,2100,maia3-79m,4,f4b8,Bxb8,0.04489363357424736,0.9906825963407755,0.5956182197435324,470,40,490,rnbqkb1r/pp2pppp/5n2/2P5/3p1B2/2N5/PPP1PPPP/R2QKBNR w KQkq -,MODEL_PREDICTION_NOT_EMPIRICAL,cuda,on,2.11.0+cu128,12.8,NVIDIA GeForce RTX 3090,7.55442660022527,632516608,0.9906825963407755
JOB-03,B8,2100,maia3-79m,5,e2e3,e3,0.017580600455403328,0.9906825963407755,0.5956182197435324,331,29,640,rnbqkb1r/pp2pppp/5n2/2P5/3p1B2/2N5/PPP1PPPP/R2QKBNR w KQkq -,MODEL_PREDICTION_NOT_EMPIRICAL,cuda,on,2.11.0+cu128,12.8,NVIDIA GeForce RTX 3090,7.55442660022527,632516608,0.9906825963407755
JOB-03,B8,2100,maia3-79m,6,c3e4,Ne4,0.0152742899954319,0.9906825963407755,0.5956182197435324,198,17,785,rnbqkb1r/pp2pppp/5n2/2P5/3p1B2/2N5/PPP1PPPP/R2QKBNR w KQkq -,MODEL_PREDICTION_NOT_EMPIRICAL,cuda,on,2.11.0+cu128,12.8,NVIDIA GeForce RTX 3090,7.55442660022527,632516608,0.9906825963407755
JOB-03,B8,2100,maia3-79m,7,g1f3,Nf3,0.006884661503136158,0.9906825963407755,0.5956182197435324,364,30,606,rnbqkb1r/pp2pppp/5n2/2P5/3p1B2/2N5/PPP1PPPP/R2QKBNR w KQkq -,MODEL_PREDICTION_NOT_EMPIRICAL,cuda,on,2.11.0+cu128,12.8,NVIDIA GeForce RTX 3090,7.55442660022527,632516608,0.9906825963407755
JOB-03,B8,2100,maia3-79m,8,e2e4,e4,0.004308311268687248,0.9906825963407755,0.5956182197435324,337,26,637,rnbqkb1r/pp2pppp/5n2/2P5/3p1B2/2N5/PPP1PPPP/R2QKBNR w KQkq -,MODEL_PREDICTION_NOT_EMPIRICAL,cuda,on,2.11.0+cu128,12.8,NVIDIA GeForce RTX 3090,7.55442660022527,632516608,0.9906825963407755
JOB-03,B8,2100,maia3-79m,9,d1d2,Qd2,0.0035717154387384653,0.9906825963407755,0.5956182197435324,231,23,746,rnbqkb1r/pp2pppp/5n2/2P5/3p1B2/2N5/PPP1PPPP/R2QKBNR w KQkq -,MODEL_PREDICTION_NOT_EMPIRICAL,cuda,on,2.11.0+cu128,12.8,NVIDIA GeForce RTX 3090,7.55442660022527,632516608,0.9906825963407755
JOB-03,B8,2100,maia3-79m,10,f4e5,Be5,0.003176749451085925,0.9906825963407755,0.5956182197435324,301,28,671,rnbqkb1r/pp2pppp/5n2/2P5/3p1B2/2N5/PPP1PPPP/R2QKBNR w KQkq -,MODEL_PREDICTION_NOT_EMPIRICAL,cuda,on,2.11.0+cu128,12.8,NVIDIA GeForce RTX 3090,7.55442660022527,632516608,0.9906825963407755
JOB-04,B8,1100,maia3-79m,1,b5c3,Nc3,0.800369918346405,1.0000000186264515,0.4381696172219058,468,21,511,rnb1kb1r/pp2pppp/5n2/qNpp4/3P1B2/8/PPP1PPPP/R2QKBNR w KQkq -,MODEL_PREDICTION_NOT_EMPIRICAL,cuda,on,2.11.0+cu128,12.8,NVIDIA GeForce RTX 3090,7.55442660022527,632516608,1.0000000186264515
JOB-04,B8,1100,maia3-79m,2,c2c3,c3,0.12083777785301208,1.0000000186264515,0.4381696172219058,365,18,617,rnb1kb1r/pp2pppp/5n2/qNpp4/3P1B2/8/PPP1PPPP/R2QKBNR w KQkq -,MODEL_PREDICTION_NOT_EMPIRICAL,cuda,on,2.11.0+cu128,12.8,NVIDIA GeForce RTX 3090,7.55442660022527,632516608,1.0000000186264515
JOB-04,B8,1100,maia3-79m,3,d1d2,Qd2,0.04959172382950783,1.0000000186264515,0.4381696172219058,335,22,643,rnb1kb1r/pp2pppp/5n2/qNpp4/3P1B2/8/PPP1PPPP/R2QKBNR w KQkq -,MODEL_PREDICTION_NOT_EMPIRICAL,cuda,on,2.11.0+cu128,12.8,NVIDIA GeForce RTX 3090,7.55442660022527,632516608,1.0000000186264515
JOB-04,B8,1100,maia3-79m,4,f4d2,Bd2,0.017960933968424797,1.0000000186264515,0.4381696172219058,293,16,691,rnb1kb1r/pp2pppp/5n2/qNpp4/3P1B2/8/PPP1PPPP/R2QKBNR w KQkq -,MODEL_PREDICTION_NOT_EMPIRICAL,cuda,on,2.11.0+cu128,12.8,NVIDIA GeForce RTX 3090,7.55442660022527,632516608,1.0000000186264515
JOB-04,B8,1100,maia3-79m,5,b2b4,b4,0.011239664629101753,1.0000000186264515,0.4381696172219058,389,19,592,rnb1kb1r/pp2pppp/5n2/qNpp4/3P1B2/8/PPP1PPPP/R2QKBNR w KQkq -,MODEL_PREDICTION_NOT_EMPIRICAL,cuda,on,2.11.0+cu128,12.8,NVIDIA GeForce RTX 3090,7.55442660022527,632516608,1.0000000186264515
JOB-04,B8,1300,maia3-79m,1,b5c3,Nc3,0.9034644961357117,0.9999998626299202,0.25416617188080354,456,22,522,rnb1kb1r/pp2pppp/5n2/qNpp4/3P1B2/8/PPP1PPPP/R2QKBNR w KQkq -,MODEL_PREDICTION_NOT_EMPIRICAL,cuda,on,2.11.0+cu128,12.8,NVIDIA GeForce RTX 3090,7.55442660022527,632516608,0.9999998626299202
JOB-04,B8,1300,maia3-79m,2,c2c3,c3,0.06443209201097488,0.9999998626299202,0.25416617188080354,321,17,662,rnb1kb1r/pp2pppp/5n2/qNpp4/3P1B2/8/PPP1PPPP/R2QKBNR w KQkq -,MODEL_PREDICTION_NOT_EMPIRICAL,cuda,on,2.11.0+cu128,12.8,NVIDIA GeForce RTX 3090,7.55442660022527,632516608,0.9999998626299202
JOB-04,B8,1300,maia3-79m,3,d1d2,Qd2,0.019346021115779877,0.9999998626299202,0.25416617188080354,285,18,697,rnb1kb1r/pp2pppp/5n2/qNpp4/3P1B2/8/PPP1PPPP/R2QKBNR w KQkq -,MODEL_PREDICTION_NOT_EMPIRICAL,cuda,on,2.11.0+cu128,12.8,NVIDIA GeForce RTX 3090,7.55442660022527,632516608,0.9999998626299202
JOB-04,B8,1300,maia3-79m,4,f4d2,Bd2,0.007342922035604715,0.9999998626299202,0.25416617188080354,271,14,715,rnb1kb1r/pp2pppp/5n2/qNpp4/3P1B2/8/PPP1PPPP/R2QKBNR w KQkq -,MODEL_PREDICTION_NOT_EMPIRICAL,cuda,on,2.11.0+cu128,12.8,NVIDIA GeForce RTX 3090,7.55442660022527,632516608,0.9999998626299202
JOB-04,B8,1300,maia3-79m,5,b2b4,b4,0.005414331331849098,0.9999998626299202,0.25416617188080354,398,17,585,rnb1kb1r/pp2pppp/5n2/qNpp4/3P1B2/8/PPP1PPPP/R2QKBNR w KQkq -,MODEL_PREDICTION_NOT_EMPIRICAL,cuda,on,2.11.0+cu128,12.8,NVIDIA GeForce RTX 3090,7.55442660022527,632516608,0.9999998626299202
JOB-04,B8,1500,maia3-79m,1,b5c3,Nc3,0.9354188442230225,0.9999999941792339,0.18080475748274247,455,22,523,rnb1kb1r/pp2pppp/5n2/qNpp4/3P1B2/8/PPP1PPPP/R2QKBNR w KQkq -,MODEL_PREDICTION_NOT_EMPIRICAL,cuda,on,2.11.0+cu128,12.8,NVIDIA GeForce RTX 3090,7.55442660022527,632516608,0.9999999941792339
JOB-04,B8,1500,maia3-79m,2,c2c3,c3,0.04880679026246071,0.9999999941792339,0.18080475748274247,284,15,701,rnb1kb1r/pp2pppp/5n2/qNpp4/3P1B2/8/PPP1PPPP/R2QKBNR w KQkq -,MODEL_PREDICTION_NOT_EMPIRICAL,cuda,on,2.11.0+cu128,12.8,NVIDIA GeForce RTX 3090,7.55442660022527,632516608,0.9999999941792339
JOB-04,B8,1500,maia3-79m,3,d1d2,Qd2,0.00875057466328144,0.9999999941792339,0.18080475748274247,250,15,735,rnb1kb1r/pp2pppp/5n2/qNpp4/3P1B2/8/PPP1PPPP/R2QKBNR w KQkq -,MODEL_PREDICTION_NOT_EMPIRICAL,cuda,on,2.11.0+cu128,12.8,NVIDIA GeForce RTX 3090,7.55442660022527,632516608,0.9999999941792339
JOB-04,B8,1500,maia3-79m,4,f4d2,Bd2,0.003676392138004303,0.9999999941792339,0.18080475748274247,248,13,739,rnb1kb1r/pp2pppp/5n2/qNpp4/3P1B2/8/PPP1PPPP/R2QKBNR w KQkq -,MODEL_PREDICTION_NOT_EMPIRICAL,cuda,on,2.11.0+cu128,12.8,NVIDIA GeForce RTX 3090,7.55442660022527,632516608,0.9999999941792339
JOB-04,B8,1500,maia3-79m,5,b2b4,b4,0.0033473928924649954,0.9999999941792339,0.18080475748274247,378,16,606,rnb1kb1r/pp2pppp/5n2/qNpp4/3P1B2/8/PPP1PPPP/R2QKBNR w KQkq -,MODEL_PREDICTION_NOT_EMPIRICAL,cuda,on,2.11.0+cu128,12.8,NVIDIA GeForce RTX 3090,7.55442660022527,632516608,0.9999999941792339
JOB-04,B8,1700,maia3-79m,1,b5c3,Nc3,0.9405497312545776,1.0000000249128789,0.16262579195403343,454,25,521,rnb1kb1r/pp2pppp/5n2/qNpp4/3P1B2/8/PPP1PPPP/R2QKBNR w KQkq -,MODEL_PREDICTION_NOT_EMPIRICAL,cuda,on,2.11.0+cu128,12.8,NVIDIA GeForce RTX 3090,7.55442660022527,632516608,1.0000000249128789
JOB-04,B8,1700,maia3-79m,2,c2c3,c3,0.049847312271595,1.0000000249128789,0.16262579195403343,263,15,722,rnb1kb1r/pp2pppp/5n2/qNpp4/3P1B2/8/PPP1PPPP/R2QKBNR w KQkq -,MODEL_PREDICTION_NOT_EMPIRICAL,cuda,on,2.11.0+cu128,12.8,NVIDIA GeForce RTX 3090,7.55442660022527,632516608,1.0000000249128789
JOB-04,B8,1700,maia3-79m,3,d1d2,Qd2,0.004746474325656891,1.0000000249128789,0.16262579195403343,232,15,753,rnb1kb1r/pp2pppp/5n2/qNpp4/3P1B2/8/PPP1PPPP/R2QKBNR w KQkq -,MODEL_PREDICTION_NOT_EMPIRICAL,cuda,on,2.11.0+cu128,12.8,NVIDIA GeForce RTX 3090,7.55442660022527,632516608,1.0000000249128789
JOB-04,B8,1700,maia3-79m,4,b2b4,b4,0.0026834129821509123,1.0000000249128789,0.16262579195403343,345,17,638,rnb1kb1r/pp2pppp/5n2/qNpp4/3P1B2/8/PPP1PPPP/R2QKBNR w KQkq -,MODEL_PREDICTION_NOT_EMPIRICAL,cuda,on,2.11.0+cu128,12.8,NVIDIA GeForce RTX 3090,7.55442660022527,632516608,1.0000000249128789
JOB-04,B8,1700,maia3-79m,5,f4d2,Bd2,0.00217309407889843,1.0000000249128789,0.16262579195403343,240,13,747,rnb1kb1r/pp2pppp/5n2/qNpp4/3P1B2/8/PPP1PPPP/R2QKBNR w KQkq -,MODEL_PREDICTION_NOT_EMPIRICAL,cuda,on,2.11.0+cu128,12.8,NVIDIA GeForce RTX 3090,7.55442660022527,632516608,1.0000000249128789
JOB-04,B8,1900,maia3-79m,1,b5c3,Nc3,0.9225507378578186,0.9999999245628715,0.18933646636136536,451,28,521,rnb1kb1r/pp2pppp/5n2/qNpp4/3P1B2/8/PPP1PPPP/R2QKBNR w KQkq -,MODEL_PREDICTION_NOT_EMPIRICAL,cuda,on,2.11.0+cu128,12.8,NVIDIA GeForce RTX 3090,7.55442660022527,632516608,0.9999999245628715
JOB-04,B8,1900,maia3-79m,2,c2c3,c3,0.07003656029701233,0.9999999245628715,0.18933646636136536,249,16,735,rnb1kb1r/pp2pppp/5n2/qNpp4/3P1B2/8/PPP1PPPP/R2QKBNR w KQkq -,MODEL_PREDICTION_NOT_EMPIRICAL,cuda,on,2.11.0+cu128,12.8,NVIDIA GeForce RTX 3090,7.55442660022527,632516608,0.9999999245628715
JOB-04,B8,1900,maia3-79m,3,d1d2,Qd2,0.003301344346255064,0.9999999245628715,0.18933646636136536,226,16,758,rnb1kb1r/pp2pppp/5n2/qNpp4/3P1B2/8/PPP1PPPP/R2QKBNR w KQkq -,MODEL_PREDICTION_NOT_EMPIRICAL,cuda,on,2.11.0+cu128,12.8,NVIDIA GeForce RTX 3090,7.55442660022527,632516608,0.9999999245628715
JOB-04,B8,1900,maia3-79m,4,b2b4,b4,0.0026115786749869585,0.9999999245628715,0.18933646636136536,321,19,660,rnb1kb1r/pp2pppp/5n2/qNpp4/3P1B2/8/PPP1PPPP/R2QKBNR w KQkq -,MODEL_PREDICTION_NOT_EMPIRICAL,cuda,on,2.11.0+cu128,12.8,NVIDIA GeForce RTX 3090,7.55442660022527,632516608,0.9999999245628715
JOB-04,B8,1900,maia3-79m,5,f4d2,Bd2,0.001499703386798501,0.9999999245628715,0.18933646636136536,240,13,747,rnb1kb1r/pp2pppp/5n2/qNpp4/3P1B2/8/PPP1PPPP/R2QKBNR w KQkq -,MODEL_PREDICTION_NOT_EMPIRICAL,cuda,on,2.11.0+cu128,12.8,NVIDIA GeForce RTX 3090,7.55442660022527,632516608,0.9999999245628715
JOB-04,B8,2100,maia3-79m,1,b5c3,Nc3,0.8592808246612549,1.0000000227009878,0.27396612453857666,438,35,527,rnb1kb1r/pp2pppp/5n2/qNpp4/3P1B2/8/PPP1PPPP/R2QKBNR w KQkq -,MODEL_PREDICTION_NOT_EMPIRICAL,cuda,on,2.11.0+cu128,12.8,NVIDIA GeForce RTX 3090,7.55442660022527,632516608,1.0000000227009878
JOB-04,B8,2100,maia3-79m,2,c2c3,c3,0.13385014235973358,1.0000000227009878,0.27396612453857666,246,19,735,rnb1kb1r/pp2pppp/5n2/qNpp4/3P1B2/8/PPP1PPPP/R2QKBNR w KQkq -,MODEL_PREDICTION_NOT_EMPIRICAL,cuda,on,2.11.0+cu128,12.8,NVIDIA GeForce RTX 3090,7.55442660022527,632516608,1.0000000227009878
JOB-04,B8,2100,maia3-79m,3,d1d2,Qd2,0.0030037029646337032,1.0000000227009878,0.27396612453857666,222,20,758,rnb1kb1r/pp2pppp/5n2/qNpp4/3P1B2/8/PPP1PPPP/R2QKBNR w KQkq -,MODEL_PREDICTION_NOT_EMPIRICAL,cuda,on,2.11.0+cu128,12.8,NVIDIA GeForce RTX 3090,7.55442660022527,632516608,1.0000000227009878
JOB-04,B8,2100,maia3-79m,4,b2b4,b4,0.002490157261490822,1.0000000227009878,0.27396612453857666,331,25,644,rnb1kb1r/pp2pppp/5n2/qNpp4/3P1B2/8/PPP1PPPP/R2QKBNR w KQkq -,MODEL_PREDICTION_NOT_EMPIRICAL,cuda,on,2.11.0+cu128,12.8,NVIDIA GeForce RTX 3090,7.55442660022527,632516608,1.0000000227009878
JOB-04,B8,2100,maia3-79m,5,f4d2,Bd2,0.0013751954538747668,1.0000000227009878,0.27396612453857666,243,15,742,rnb1kb1r/pp2pppp/5n2/qNpp4/3P1B2/8/PPP1PPPP/R2QKBNR w KQkq -,MODEL_PREDICTION_NOT_EMPIRICAL,cuda,on,2.11.0+cu128,12.8,NVIDIA GeForce RTX 3090,7.55442660022527,632516608,1.0000000227009878
JOB-13,B8,1100,maia3-79m,1,e2c3,Nec3,0.5095092058181763,1.0000000585569069,0.5221013370043985,705,18,277,r3kb1r/pp2pppp/2n2n2/qNpp4/3P1B2/4P3/PPP1NPPP/R2QK2R w KQkq -,MODEL_PREDICTION_NOT_EMPIRICAL,cuda,on,2.11.0+cu128,12.8,NVIDIA GeForce RTX 3090,7.55442660022527,632516608,1.0000000585569069
JOB-13,B8,1100,maia3-79m,2,b5c3,Nbc3,0.4223979413509369,1.0000000585569069,0.5221013370043985,553,24,423,r3kb1r/pp2pppp/2n2n2/qNpp4/3P1B2/4P3/PPP1NPPP/R2QK2R w KQkq -,MODEL_PREDICTION_NOT_EMPIRICAL,cuda,on,2.11.0+cu128,12.8,NVIDIA GeForce RTX 3090,7.55442660022527,632516608,1.0000000585569069
JOB-13,B8,1100,maia3-79m,3,c2c3,c3,0.053701870143413544,1.0000000585569069,0.5221013370043985,374,21,605,r3kb1r/pp2pppp/2n2n2/qNpp4/3P1B2/4P3/PPP1NPPP/R2QK2R w KQkq -,MODEL_PREDICTION_NOT_EMPIRICAL,cuda,on,2.11.0+cu128,12.8,NVIDIA GeForce RTX 3090,7.55442660022527,632516608,1.0000000585569069
JOB-13,B8,1100,maia3-79m,4,d1d2,Qd2,0.010741050355136395,1.0000000585569069,0.5221013370043985,316,26,658,r3kb1r/pp2pppp/2n2n2/qNpp4/3P1B2/4P3/PPP1NPPP/R2QK2R w KQkq -,MODEL_PREDICTION_NOT_EMPIRICAL,cuda,on,2.11.0+cu128,12.8,NVIDIA GeForce RTX 3090,7.55442660022527,632516608,1.0000000585569069
JOB-13,B8,1100,maia3-79m,5,b2b4,b4,0.0030296521726995707,1.0000000585569069,0.5221013370043985,458,24,518,r3kb1r/pp2pppp/2n2n2/qNpp4/3P1B2/4P3/PPP1NPPP/R2QK2R w KQkq -,MODEL_PREDICTION_NOT_EMPIRICAL,cuda,on,2.11.0+cu128,12.8,NVIDIA GeForce RTX 3090,7.55442660022527,632516608,1.0000000585569069
JOB-13,B8,1100,maia3-79m,6,e1f1,Kf1,0.0006203387165442109,1.0000000585569069,0.5221013370043985,327,20,653,r3kb1r/pp2pppp/2n2n2/qNpp4/3P1B2/4P3/PPP1NPPP/R2QK2R w KQkq -,MODEL_PREDICTION_NOT_EMPIRICAL,cuda,on,2.11.0+cu128,12.8,NVIDIA GeForce RTX 3090,7.55442660022527,632516608,1.0000000585569069
JOB-13,B8,1300,maia3-79m,1,e2c3,Nec3,0.4869287610054016,0.9999999715946615,0.4677397709877853,677,19,304,r3kb1r/pp2pppp/2n2n2/qNpp4/3P1B2/4P3/PPP1NPPP/R2QK2R w KQkq -,MODEL_PREDICTION_NOT_EMPIRICAL,cuda,on,2.11.0+cu128,12.8,NVIDIA GeForce RTX 3090,7.55442660022527,632516608,0.9999999715946615
JOB-13,B8,1300,maia3-79m,2,b5c3,Nbc3,0.47937965393066406,0.9999999715946615,0.4677397709877853,546,24,430,r3kb1r/pp2pppp/2n2n2/qNpp4/3P1B2/4P3/PPP1NPPP/R2QK2R w KQkq -,MODEL_PREDICTION_NOT_EMPIRICAL,cuda,on,2.11.0+cu128,12.8,NVIDIA GeForce RTX 3090,7.55442660022527,632516608,0.9999999715946615
JOB-13,B8,1300,maia3-79m,3,c2c3,c3,0.02747064270079136,0.9999999715946615,0.4677397709877853,327,19,654,r3kb1r/pp2pppp/2n2n2/qNpp4/3P1B2/4P3/PPP1NPPP/R2QK2R w KQkq -,MODEL_PREDICTION_NOT_EMPIRICAL,cuda,on,2.11.0+cu128,12.8,NVIDIA GeForce RTX 3090,7.55442660022527,632516608,0.9999999715946615
JOB-13,B8,1300,maia3-79m,4,d1d2,Qd2,0.0041474467143416405,0.9999999715946615,0.4677397709877853,264,23,713,r3kb1r/pp2pppp/2n2n2/qNpp4/3P1B2/4P3/PPP1NPPP/R2QK2R w KQkq -,MODEL_PREDICTION_NOT_EMPIRICAL,cuda,on,2.11.0+cu128,12.8,NVIDIA GeForce RTX 3090,7.55442660022527,632516608,0.9999999715946615
JOB-13,B8,1300,maia3-79m,5,b2b4,b4,0.0017561393324285746,0.9999999715946615,0.4677397709877853,430,22,548,r3kb1r/pp2pppp/2n2n2/qNpp4/3P1B2/4P3/PPP1NPPP/R2QK2R w KQkq -,MODEL_PREDICTION_NOT_EMPIRICAL,cuda,on,2.11.0+cu128,12.8,NVIDIA GeForce RTX 3090,7.55442660022527,632516608,0.9999999715946615
JOB-13,B8,1300,maia3-79m,6,e1f1,Kf1,0.0003173279110342264,0.9999999715946615,0.4677397709877853,284,17,699,r3kb1r/pp2pppp/2n2n2/qNpp4/3P1B2/4P3/PPP1NPPP/R2QK2R w KQkq -,MODEL_PREDICTION_NOT_EMPIRICAL,cuda,on,2.11.0+cu128,12.8,NVIDIA GeForce RTX 3090,7.55442660022527,632516608,0.9999999715946615
JOB-13,B8,1500,maia3-79m,1,e2c3,Nec3,0.5086036920547485,0.9999999647698132,0.44196990141274156,649,21,330,r3kb1r/pp2pppp/2n2n2/qNpp4/3P1B2/4P3/PPP1NPPP/R2QK2R w KQkq -,MODEL_PREDICTION_NOT_EMPIRICAL,cuda,on,2.11.0+cu128,12.8,NVIDIA GeForce RTX 3090,7.55442660022527,632516608,0.9999999647698132
JOB-13,B8,1500,maia3-79m,2,b5c3,Nbc3,0.470381498336792,0.9999999647698132,0.44196990141274156,538,26,436,r3kb1r/pp2pppp/2n2n2/qNpp4/3P1B2/4P3/PPP1NPPP/R2QK2R w KQkq -,MODEL_PREDICTION_NOT_EMPIRICAL,cuda,on,2.11.0+cu128,12.8,NVIDIA GeForce RTX 3090,7.55442660022527,632516608,0.9999999647698132
JOB-13,B8,1500,maia3-79m,3,c2c3,c3,0.01767752692103386,0.9999999647698132,0.44196990141274156,287,17,696,r3kb1r/pp2pppp/2n2n2/qNpp4/3P1B2/4P3/PPP1NPPP/R2QK2R w KQkq -,MODEL_PREDICTION_NOT_EMPIRICAL,cuda,on,2.11.0+cu128,12.8,NVIDIA GeForce RTX 3090,7.55442660022527,632516608,0.9999999647698132
JOB-13,B8,1500,maia3-79m,4,d1d2,Qd2,0.0018343112897127867,0.9999999647698132,0.44196990141274156,226,20,754,r3kb1r/pp2pppp/2n2n2/qNpp4/3P1B2/4P3/PPP1NPPP/R2QK2R w KQkq -,MODEL_PREDICTION_NOT_EMPIRICAL,cuda,on,2.11.0+cu128,12.8,NVIDIA GeForce RTX 3090,7.55442660022527,632516608,0.9999999647698132
JOB-13,B8,1500,maia3-79m,5,b2b4,b4,0.0012905992334708571,0.9999999647698132,0.44196990141274156,393,21,586,r3kb1r/pp2pppp/2n2n2/qNpp4/3P1B2/4P3/PPP1NPPP/R2QK2R w KQkq -,MODEL_PREDICTION_NOT_EMPIRICAL,cuda,on,2.11.0+cu128,12.8,NVIDIA GeForce RTX 3090,7.55442660022527,632516608,0.9999999647698132
JOB-13,B8,1500,maia3-79m,6,e1f1,Kf1,0.0002123369340552017,0.9999999647698132,0.44196990141274156,243,15,742,r3kb1r/pp2pppp/2n2n2/qNpp4/3P1B2/4P3/PPP1NPPP/R2QK2R w KQkq -,MODEL_PREDICTION_NOT_EMPIRICAL,cuda,on,2.11.0+cu128,12.8,NVIDIA GeForce RTX 3090,7.55442660022527,632516608,0.9999999647698132
JOB-13,B8,1700,maia3-79m,1,e2c3,Nec3,0.5867295861244202,0.9999999550491339,0.4215024213874448,627,22,351,r3kb1r/pp2pppp/2n2n2/qNpp4/3P1B2/4P3/PPP1NPPP/R2QK2R w KQkq -,MODEL_PREDICTION_NOT_EMPIRICAL,cuda,on,2.11.0+cu128,12.8,NVIDIA GeForce RTX 3090,7.55442660022527,632516608,0.9999999550491339
JOB-13,B8,1700,maia3-79m,2,b5c3,Nbc3,0.39700114727020264,0.9999999550491339,0.4215024213874448,531,29,440,r3kb1r/pp2pppp/2n2n2/qNpp4/3P1B2/4P3/PPP1NPPP/R2QK2R w KQkq -,MODEL_PREDICTION_NOT_EMPIRICAL,cuda,on,2.11.0+cu128,12.8,NVIDIA GeForce RTX 3090,7.55442660022527,632516608,0.9999999550491339
JOB-13,B8,1700,maia3-79m,3,c2c3,c3,0.01401585340499878,0.9999999550491339,0.4215024213874448,260,16,724,r3kb1r/pp2pppp/2n2n2/qNpp4/3P1B2/4P3/PPP1NPPP/R2QK2R w KQkq -,MODEL_PREDICTION_NOT_EMPIRICAL,cuda,on,2.11.0+cu128,12.8,NVIDIA GeForce RTX 3090,7.55442660022527,632516608,0.9999999550491339
JOB-13,B8,1700,maia3-79m,4,b2b4,b4,0.001089263241738081,0.9999999550491339,0.4215024213874448,360,22,618,r3kb1r/pp2pppp/2n2n2/qNpp4/3P1B2/4P3/PPP1NPPP/R2QK2R w KQkq -,MODEL_PREDICTION_NOT_EMPIRICAL,cuda,on,2.11.0+cu128,12.8,NVIDIA GeForce RTX 3090,7.55442660022527,632516608,0.9999999550491339
JOB-13,B8,1700,maia3-79m,5,d1d2,Qd2,0.0009688108693808317,0.9999999550491339,0.4215024213874448,205,18,777,r3kb1r/pp2pppp/2n2n2/qNpp4/3P1B2/4P3/PPP1NPPP/R2QK2R w KQkq -,MODEL_PREDICTION_NOT_EMPIRICAL,cuda,on,2.11.0+cu128,12.8,NVIDIA GeForce RTX 3090,7.55442660022527,632516608,0.9999999550491339
JOB-13,B8,1700,maia3-79m,6,e1f1,Kf1,0.00019529413839336485,0.9999999550491339,0.4215024213874448,214,15,771,r3kb1r/pp2pppp/2n2n2/qNpp4/3P1B2/4P3/PPP1NPPP/R2QK2R w KQkq -,MODEL_PREDICTION_NOT_EMPIRICAL,cuda,on,2.11.0+cu128,12.8,NVIDIA GeForce RTX 3090,7.55442660022527,632516608,0.9999999550491339
JOB-13,B8,1900,maia3-79m,1,e2c3,Nec3,0.7117669582366943,0.999999918116373,0.3700347320931949,593,27,380,r3kb1r/pp2pppp/2n2n2/qNpp4/3P1B2/4P3/PPP1NPPP/R2QK2R w KQkq -,MODEL_PREDICTION_NOT_EMPIRICAL,cuda,on,2.11.0+cu128,12.8,NVIDIA GeForce RTX 3090,7.55442660022527,632516608,0.999999918116373
JOB-13,B8,1900,maia3-79m,2,b5c3,Nbc3,0.274410605430603,0.999999918116373,0.3700347320931949,521,34,445,r3kb1r/pp2pppp/2n2n2/qNpp4/3P1B2/4P3/PPP1NPPP/R2QK2R w KQkq -,MODEL_PREDICTION_NOT_EMPIRICAL,cuda,on,2.11.0+cu128,12.8,NVIDIA GeForce RTX 3090,7.55442660022527,632516608,0.999999918116373
JOB-13,B8,1900,maia3-79m,3,c2c3,c3,0.012056760489940643,0.999999918116373,0.3700347320931949,235,16,749,r3kb1r/pp2pppp/2n2n2/qNpp4/3P1B2/4P3/PPP1NPPP/R2QK2R w KQkq -,MODEL_PREDICTION_NOT_EMPIRICAL,cuda,on,2.11.0+cu128,12.8,NVIDIA GeForce RTX 3090,7.55442660022527,632516608,0.999999918116373
JOB-13,B8,1900,maia3-79m,4,b2b4,b4,0.0009224824025295675,0.999999918116373,0.3700347320931949,323,24,653,r3kb1r/pp2pppp/2n2n2/qNpp4/3P1B2/4P3/PPP1NPPP/R2QK2R w KQkq -,MODEL_PREDICTION_NOT_EMPIRICAL,cuda,on,2.11.0+cu128,12.8,NVIDIA GeForce RTX 3090,7.55442660022527,632516608,0.999999918116373
JOB-13,B8,1900,maia3-79m,5,d1d2,Qd2,0.0006290784222073853,0.999999918116373,0.3700347320931949,189,19,792,r3kb1r/pp2pppp/2n2n2/qNpp4/3P1B2/4P3/PPP1NPPP/R2QK2R w KQkq -,MODEL_PREDICTION_NOT_EMPIRICAL,cuda,on,2.11.0+cu128,12.8,NVIDIA GeForce RTX 3090,7.55442660022527,632516608,0.999999918116373
JOB-13,B8,1900,maia3-79m,6,e1f1,Kf1,0.0002140331343980506,0.999999918116373,0.3700347320931949,183,14,803,r3kb1r/pp2pppp/2n2n2/qNpp4/3P1B2/4P3/PPP1NPPP/R2QK2R w KQkq -,MODEL_PREDICTION_NOT_EMPIRICAL,cuda,on,2.11.0+cu128,12.8,NVIDIA GeForce RTX 3090,7.55442660022527,632516608,0.999999918116373
JOB-13,B8,2100,maia3-79m,1,e2c3,Nec3,0.8262658715248108,1.00000005561742,0.28355177383368085,561,35,404,r3kb1r/pp2pppp/2n2n2/qNpp4/3P1B2/4P3/PPP1NPPP/R2QK2R w KQkq -,MODEL_PREDICTION_NOT_EMPIRICAL,cuda,on,2.11.0+cu128,12.8,NVIDIA GeForce RTX 3090,7.55442660022527,632516608,1.00000005561742
JOB-13,B8,2100,maia3-79m,2,b5c3,Nbc3,0.16270138323307037,1.00000005561742,0.28355177383368085,511,44,445,r3kb1r/pp2pppp/2n2n2/qNpp4/3P1B2/4P3/PPP1NPPP/R2QK2R w KQkq -,MODEL_PREDICTION_NOT_EMPIRICAL,cuda,on,2.11.0+cu128,12.8,NVIDIA GeForce RTX 3090,7.55442660022527,632516608,1.00000005561742
JOB-13,B8,2100,maia3-79m,3,c2c3,c3,0.00977097824215889,1.00000005561742,0.28355177383368085,194,17,789,r3kb1r/pp2pppp/2n2n2/qNpp4/3P1B2/4P3/PPP1NPPP/R2QK2R w KQkq -,MODEL_PREDICTION_NOT_EMPIRICAL,cuda,on,2.11.0+cu128,12.8,NVIDIA GeForce RTX 3090,7.55442660022527,632516608,1.00000005561742
JOB-13,B8,2100,maia3-79m,4,b2b4,b4,0.0006149536930024624,1.00000005561742,0.28355177383368085,284,26,690,r3kb1r/pp2pppp/2n2n2/qNpp4/3P1B2/4P3/PPP1NPPP/R2QK2R w KQkq -,MODEL_PREDICTION_NOT_EMPIRICAL,cuda,on,2.11.0+cu128,12.8,NVIDIA GeForce RTX 3090,7.55442660022527,632516608,1.00000005561742
JOB-13,B8,2100,maia3-79m,5,d1d2,Qd2,0.0004293068195693195,1.00000005561742,0.28355177383368085,156,19,825,r3kb1r/pp2pppp/2n2n2/qNpp4/3P1B2/4P3/PPP1NPPP/R2QK2R w KQkq -,MODEL_PREDICTION_NOT_EMPIRICAL,cuda,on,2.11.0+cu128,12.8,NVIDIA GeForce RTX 3090,7.55442660022527,632516608,1.00000005561742
JOB-13,B8,2100,maia3-79m,6,e1f1,Kf1,0.00021756210480816662,1.00000005561742,0.28355177383368085,142,14,844,r3kb1r/pp2pppp/2n2n2/qNpp4/3P1B2/4P3/PPP1NPPP/R2QK2R w KQkq -,MODEL_PREDICTION_NOT_EMPIRICAL,cuda,on,2.11.0+cu128,12.8,NVIDIA GeForce RTX 3090,7.55442660022527,632516608,1.00000005561742
TOR-06,B8,1100,maia3-79m,1,d4e5,dxe5,0.3716370463371277,0.9883378027006984,0.7521082823755137,288,24,688,rnbqkb1r/ppp2ppp/8/3pp1N1/3P4/8/PPPNPPPP/R2QKB1R w KQkq -,MODEL_PREDICTION_NOT_EMPIRICAL,cuda,on,2.11.0+cu128,12.8,NVIDIA GeForce RTX 3090,7.55442660022527,632516608,0.9883378027006984
TOR-06,B8,1100,maia3-79m,2,g5f3,Ngf3,0.2514622211456299,0.9883378027006984,0.7521082823755137,466,26,508,rnbqkb1r/ppp2ppp/8/3pp1N1/3P4/8/PPPNPPPP/R2QKB1R w KQkq -,MODEL_PREDICTION_NOT_EMPIRICAL,cuda,on,2.11.0+cu128,12.8,NVIDIA GeForce RTX 3090,7.55442660022527,632516608,0.9883378027006984
TOR-06,B8,1100,maia3-79m,3,e2e3,e3,0.10985570400953293,0.9883378027006984,0.7521082823755137,288,20,692,rnbqkb1r/ppp2ppp/8/3pp1N1/3P4/8/PPPNPPPP/R2QKB1R w KQkq -,MODEL_PREDICTION_NOT_EMPIRICAL,cuda,on,2.11.0+cu128,12.8,NVIDIA GeForce RTX 3090,7.55442660022527,632516608,0.9883378027006984
TOR-06,B8,1100,maia3-79m,4,d2f3,Ndf3,0.1000247597694397,0.9883378027006984,0.7521082823755137,448,26,526,rnbqkb1r/ppp2ppp/8/3pp1N1/3P4/8/PPPNPPPP/R2QKB1R w KQkq -,MODEL_PREDICTION_NOT_EMPIRICAL,cuda,on,2.11.0+cu128,12.8,NVIDIA GeForce RTX 3090,7.55442660022527,632516608,0.9883378027006984
TOR-06,B8,1100,maia3-79m,5,e2e4,e4,0.04579466953873634,0.9883378027006984,0.7521082823755137,305,21,674,rnbqkb1r/ppp2ppp/8/3pp1N1/3P4/8/PPPNPPPP/R2QKB1R w KQkq -,MODEL_PREDICTION_NOT_EMPIRICAL,cuda,on,2.11.0+cu128,12.8,NVIDIA GeForce RTX 3090,7.55442660022527,632516608,0.9883378027006984
TOR-06,B8,1100,maia3-79m,6,h2h4,h4,0.045084692537784576,0.9883378027006984,0.7521082823755137,492,24,484,rnbqkb1r/ppp2ppp/8/3pp1N1/3P4/8/PPPNPPPP/R2QKB1R w KQkq -,MODEL_PREDICTION_NOT_EMPIRICAL,cuda,on,2.11.0+cu128,12.8,NVIDIA GeForce RTX 3090,7.55442660022527,632516608,0.9883378027006984
TOR-06,B8,1100,maia3-79m,7,c2c3,c3,0.021631868556141853,0.9883378027006984,0.7521082823755137,269,20,711,rnbqkb1r/ppp2ppp/8/3pp1N1/3P4/8/PPPNPPPP/R2QKB1R w KQkq -,MODEL_PREDICTION_NOT_EMPIRICAL,cuda,on,2.11.0+cu128,12.8,NVIDIA GeForce RTX 3090,7.55442660022527,632516608,0.9883378027006984
TOR-06,B8,1100,maia3-79m,8,g5f7,Nxf7,0.0200062096118927,0.9883378027006984,0.7521082823755137,479,28,493,rnbqkb1r/ppp2ppp/8/3pp1N1/3P4/8/PPPNPPPP/R2QKB1R w KQkq -,MODEL_PREDICTION_NOT_EMPIRICAL,cuda,on,2.11.0+cu128,12.8,NVIDIA GeForce RTX 3090,7.55442660022527,632516608,0.9883378027006984
TOR-06,B8,1100,maia3-79m,9,d2b3,Nb3,0.013536878861486912,0.9883378027006984,0.7521082823755137,284,20,696,rnbqkb1r/ppp2ppp/8/3pp1N1/3P4/8/PPPNPPPP/R2QKB1R w KQkq -,MODEL_PREDICTION_NOT_EMPIRICAL,cuda,on,2.11.0+cu128,12.8,NVIDIA GeForce RTX 3090,7.55442660022527,632516608,0.9883378027006984
TOR-06,B8,1100,maia3-79m,10,g5h3,Nh3,0.009303752332925797,0.9883378027006984,0.7521082823755137,421,27,552,rnbqkb1r/ppp2ppp/8/3pp1N1/3P4/8/PPPNPPPP/R2QKB1R w KQkq -,MODEL_PREDICTION_NOT_EMPIRICAL,cuda,on,2.11.0+cu128,12.8,NVIDIA GeForce RTX 3090,7.55442660022527,632516608,0.9883378027006984
TOR-06,B8,1300,maia3-79m,1,g5f3,Ngf3,0.36429527401924133,0.990994555875659,0.7436306811561932,453,24,523,rnbqkb1r/ppp2ppp/8/3pp1N1/3P4/8/PPPNPPPP/R2QKB1R w KQkq -,MODEL_PREDICTION_NOT_EMPIRICAL,cuda,on,2.11.0+cu128,12.8,NVIDIA GeForce RTX 3090,7.55442660022527,632516608,0.990994555875659
TOR-06,B8,1300,maia3-79m,2,d4e5,dxe5,0.2927194833755493,0.990994555875659,0.7436306811561932,258,19,723,rnbqkb1r/ppp2ppp/8/3pp1N1/3P4/8/PPPNPPPP/R2QKB1R w KQkq -,MODEL_PREDICTION_NOT_EMPIRICAL,cuda,on,2.11.0+cu128,12.8,NVIDIA GeForce RTX 3090,7.55442660022527,632516608,0.990994555875659
TOR-06,B8,1300,maia3-79m,3,d2f3,Ndf3,0.08518622070550919,0.990994555875659,0.7436306811561932,399,22,579,rnbqkb1r/ppp2ppp/8/3pp1N1/3P4/8/PPPNPPPP/R2QKB1R w KQkq -,MODEL_PREDICTION_NOT_EMPIRICAL,cuda,on,2.11.0+cu128,12.8,NVIDIA GeForce RTX 3090,7.55442660022527,632516608,0.990994555875659
TOR-06,B8,1300,maia3-79m,4,e2e3,e3,0.0825653150677681,0.990994555875659,0.7436306811561932,235,16,749,rnbqkb1r/ppp2ppp/8/3pp1N1/3P4/8/PPPNPPPP/R2QKB1R w KQkq -,MODEL_PREDICTION_NOT_EMPIRICAL,cuda,on,2.11.0+cu128,12.8,NVIDIA GeForce RTX 3090,7.55442660022527,632516608,0.990994555875659
TOR-06,B8,1300,maia3-79m,5,h2h4,h4,0.05586649104952812,0.990994555875659,0.7436306811561932,489,22,489,rnbqkb1r/ppp2ppp/8/3pp1N1/3P4/8/PPPNPPPP/R2QKB1R w KQkq -,MODEL_PREDICTION_NOT_EMPIRICAL,cuda,on,2.11.0+cu128,12.8,NVIDIA GeForce RTX 3090,7.55442660022527,632516608,0.990994555875659
TOR-06,B8,1300,maia3-79m,6,g5f7,Nxf7,0.03961527347564697,0.990994555875659,0.7436306811561932,490,25,485,rnbqkb1r/ppp2ppp/8/3pp1N1/3P4/8/PPPNPPPP/R2QKB1R w KQkq -,MODEL_PREDICTION_NOT_EMPIRICAL,cuda,on,2.11.0+cu128,12.8,NVIDIA GeForce RTX 3090,7.55442660022527,632516608,0.990994555875659
TOR-06,B8,1300,maia3-79m,7,e2e4,e4,0.02853381074965,0.990994555875659,0.7436306811561932,254,16,730,rnbqkb1r/ppp2ppp/8/3pp1N1/3P4/8/PPPNPPPP/R2QKB1R w KQkq -,MODEL_PREDICTION_NOT_EMPIRICAL,cuda,on,2.11.0+cu128,12.8,NVIDIA GeForce RTX 3090,7.55442660022527,632516608,0.990994555875659
TOR-06,B8,1300,maia3-79m,8,g5h3,Nh3,0.01757916994392872,0.990994555875659,0.7436306811561932,415,25,560,rnbqkb1r/ppp2ppp/8/3pp1N1/3P4/8/PPPNPPPP/R2QKB1R w KQkq -,MODEL_PREDICTION_NOT_EMPIRICAL,cuda,on,2.11.0+cu128,12.8,NVIDIA GeForce RTX 3090,7.55442660022527,632516608,0.990994555875659
TOR-06,B8,1300,maia3-79m,9,c2c3,c3,0.01551356352865696,0.990994555875659,0.7436306811561932,222,16,762,rnbqkb1r/ppp2ppp/8/3pp1N1/3P4/8/PPPNPPPP/R2QKB1R w KQkq -,MODEL_PREDICTION_NOT_EMPIRICAL,cuda,on,2.11.0+cu128,12.8,NVIDIA GeForce RTX 3090,7.55442660022527,632516608,0.990994555875659
TOR-06,B8,1300,maia3-79m,10,d2b3,Nb3,0.009119953960180283,0.990994555875659,0.7436306811561932,253,16,731,rnbqkb1r/ppp2ppp/8/3pp1N1/3P4/8/PPPNPPPP/R2QKB1R w KQkq -,MODEL_PREDICTION_NOT_EMPIRICAL,cuda,on,2.11.0+cu128,12.8,NVIDIA GeForce RTX 3090,7.55442660022527,632516608,0.990994555875659
TOR-06,B8,1500,maia3-79m,1,g5f3,Ngf3,0.46748536825180054,0.9926099511794746,0.7021316559080821,446,23,531,rnbqkb1r/ppp2ppp/8/3pp1N1/3P4/8/PPPNPPPP/R2QKB1R w KQkq -,MODEL_PREDICTION_NOT_EMPIRICAL,cuda,on,2.11.0+cu128,12.8,NVIDIA GeForce RTX 3090,7.55442660022527,632516608,0.9926099511794746
TOR-06,B8,1500,maia3-79m,2,d4e5,dxe5,0.2174009084701538,0.9926099511794746,0.7021316559080821,219,17,764,rnbqkb1r/ppp2ppp/8/3pp1N1/3P4/8/PPPNPPPP/R2QKB1R w KQkq -,MODEL_PREDICTION_NOT_EMPIRICAL,cuda,on,2.11.0+cu128,12.8,NVIDIA GeForce RTX 3090,7.55442660022527,632516608,0.9926099511794746
TOR-06,B8,1500,maia3-79m,3,d2f3,Ndf3,0.06948549300432205,0.9926099511794746,0.7021316559080821,354,19,627,rnbqkb1r/ppp2ppp/8/3pp1N1/3P4/8/PPPNPPPP/R2QKB1R w KQkq -,MODEL_PREDICTION_NOT_EMPIRICAL,cuda,on,2.11.0+cu128,12.8,NVIDIA GeForce RTX 3090,7.55442660022527,632516608,0.9926099511794746
TOR-06,B8,1500,maia3-79m,4,h2h4,h4,0.06630352884531021,0.9926099511794746,0.7021316559080821,483,22,495,rnbqkb1r/ppp2ppp/8/3pp1N1/3P4/8/PPPNPPPP/R2QKB1R w KQkq -,MODEL_PREDICTION_NOT_EMPIRICAL,cuda,on,2.11.0+cu128,12.8,NVIDIA GeForce RTX 3090,7.55442660022527,632516608,0.9926099511794746
TOR-06,B8,1500,maia3-79m,5,e2e3,e3,0.057605501264333725,0.9926099511794746,0.7021316559080821,197,14,789,rnbqkb1r/ppp2ppp/8/3pp1N1/3P4/8/PPPNPPPP/R2QKB1R w KQkq -,MODEL_PREDICTION_NOT_EMPIRICAL,cuda,on,2.11.0+cu128,12.8,NVIDIA GeForce RTX 3090,7.55442660022527,632516608,0.9926099511794746
TOR-06,B8,1500,maia3-79m,6,g5f7,Nxf7,0.05583316832780838,0.9926099511794746,0.7021316559080821,493,25,482,rnbqkb1r/ppp2ppp/8/3pp1N1/3P4/8/PPPNPPPP/R2QKB1R w KQkq -,MODEL_PREDICTION_NOT_EMPIRICAL,cuda,on,2.11.0+cu128,12.8,NVIDIA GeForce RTX 3090,7.55442660022527,632516608,0.9926099511794746
TOR-06,B8,1500,maia3-79m,7,g5h3,Nh3,0.025165980681777,0.9926099511794746,0.7021316559080821,412,25,563,rnbqkb1r/ppp2ppp/8/3pp1N1/3P4/8/PPPNPPPP/R2QKB1R w KQkq -,MODEL_PREDICTION_NOT_EMPIRICAL,cuda,on,2.11.0+cu128,12.8,NVIDIA GeForce RTX 3090,7.55442660022527,632516608,0.9926099511794746
TOR-06,B8,1500,maia3-79m,8,e2e4,e4,0.01812637411057949,0.9926099511794746,0.7021316559080821,213,14,773,rnbqkb1r/ppp2ppp/8/3pp1N1/3P4/8/PPPNPPPP/R2QKB1R w KQkq -,MODEL_PREDICTION_NOT_EMPIRICAL,cuda,on,2.11.0+cu128,12.8,NVIDIA GeForce RTX 3090,7.55442660022527,632516608,0.9926099511794746
TOR-06,B8,1500,maia3-79m,9,c2c3,c3,0.01001033466309309,0.9926099511794746,0.7021316559080821,189,14,797,rnbqkb1r/ppp2ppp/8/3pp1N1/3P4/8/PPPNPPPP/R2QKB1R w KQkq -,MODEL_PREDICTION_NOT_EMPIRICAL,cuda,on,2.11.0+cu128,12.8,NVIDIA GeForce RTX 3090,7.55442660022527,632516608,0.9926099511794746
TOR-06,B8,1500,maia3-79m,10,d2b3,Nb3,0.005193293560296297,0.9926099511794746,0.7021316559080821,220,14,766,rnbqkb1r/ppp2ppp/8/3pp1N1/3P4/8/PPPNPPPP/R2QKB1R w KQkq -,MODEL_PREDICTION_NOT_EMPIRICAL,cuda,on,2.11.0+cu128,12.8,NVIDIA GeForce RTX 3090,7.55442660022527,632516608,0.9926099511794746
TOR-06,B8,1700,maia3-79m,1,g5f3,Ngf3,0.5631105899810791,0.9946122760884464,0.6395259220155894,444,25,531,rnbqkb1r/ppp2ppp/8/3pp1N1/3P4/8/PPPNPPPP/R2QKB1R w KQkq -,MODEL_PREDICTION_NOT_EMPIRICAL,cuda,on,2.11.0+cu128,12.8,NVIDIA GeForce RTX 3090,7.55442660022527,632516608,0.9946122760884464
TOR-06,B8,1700,maia3-79m,2,d4e5,dxe5,0.14237664639949799,0.9946122760884464,0.6395259220155894,186,15,799,rnbqkb1r/ppp2ppp/8/3pp1N1/3P4/8/PPPNPPPP/R2QKB1R w KQkq -,MODEL_PREDICTION_NOT_EMPIRICAL,cuda,on,2.11.0+cu128,12.8,NVIDIA GeForce RTX 3090,7.55442660022527,632516608,0.9946122760884464
TOR-06,B8,1700,maia3-79m,3,h2h4,h4,0.07986605912446976,0.9946122760884464,0.6395259220155894,475,23,502,rnbqkb1r/ppp2ppp/8/3pp1N1/3P4/8/PPPNPPPP/R2QKB1R w KQkq -,MODEL_PREDICTION_NOT_EMPIRICAL,cuda,on,2.11.0+cu128,12.8,NVIDIA GeForce RTX 3090,7.55442660022527,632516608,0.9946122760884464
TOR-06,B8,1700,maia3-79m,4,g5f7,Nxf7,0.06938883662223816,0.9946122760884464,0.6395259220155894,486,24,490,rnbqkb1r/ppp2ppp/8/3pp1N1/3P4/8/PPPNPPPP/R2QKB1R w KQkq -,MODEL_PREDICTION_NOT_EMPIRICAL,cuda,on,2.11.0+cu128,12.8,NVIDIA GeForce RTX 3090,7.55442660022527,632516608,0.9946122760884464
TOR-06,B8,1700,maia3-79m,5,d2f3,Ndf3,0.05156540498137474,0.9946122760884464,0.6395259220155894,336,18,646,rnbqkb1r/ppp2ppp/8/3pp1N1/3P4/8/PPPNPPPP/R2QKB1R w KQkq -,MODEL_PREDICTION_NOT_EMPIRICAL,cuda,on,2.11.0+cu128,12.8,NVIDIA GeForce RTX 3090,7.55442660022527,632516608,0.9946122760884464
TOR-06,B8,1700,maia3-79m,6,e2e3,e3,0.03714117035269737,0.9946122760884464,0.6395259220155894,163,12,825,rnbqkb1r/ppp2ppp/8/3pp1N1/3P4/8/PPPNPPPP/R2QKB1R w KQkq -,MODEL_PREDICTION_NOT_EMPIRICAL,cuda,on,2.11.0+cu128,12.8,NVIDIA GeForce RTX 3090,7.55442660022527,632516608,0.9946122760884464
TOR-06,B8,1700,maia3-79m,7,g5h3,Nh3,0.028477119281888008,0.9946122760884464,0.6395259220155894,410,27,563,rnbqkb1r/ppp2ppp/8/3pp1N1/3P4/8/PPPNPPPP/R2QKB1R w KQkq -,MODEL_PREDICTION_NOT_EMPIRICAL,cuda,on,2.11.0+cu128,12.8,NVIDIA GeForce RTX 3090,7.55442660022527,632516608,0.9946122760884464
TOR-06,B8,1700,maia3-79m,8,e2e4,e4,0.012636646628379822,0.9946122760884464,0.6395259220155894,184,12,804,rnbqkb1r/ppp2ppp/8/3pp1N1/3P4/8/PPPNPPPP/R2QKB1R w KQkq -,MODEL_PREDICTION_NOT_EMPIRICAL,cuda,on,2.11.0+cu128,12.8,NVIDIA GeForce RTX 3090,7.55442660022527,632516608,0.9946122760884464
TOR-06,B8,1700,maia3-79m,9,c2c3,c3,0.006255593616515398,0.9946122760884464,0.6395259220155894,162,12,826,rnbqkb1r/ppp2ppp/8/3pp1N1/3P4/8/PPPNPPPP/R2QKB1R w KQkq -,MODEL_PREDICTION_NOT_EMPIRICAL,cuda,on,2.11.0+cu128,12.8,NVIDIA GeForce RTX 3090,7.55442660022527,632516608,0.9946122760884464
TOR-06,B8,1700,maia3-79m,10,f2f4,f4,0.003794209100306034,0.9946122760884464,0.6395259220155894,364,19,617,rnbqkb1r/ppp2ppp/8/3pp1N1/3P4/8/PPPNPPPP/R2QKB1R w KQkq -,MODEL_PREDICTION_NOT_EMPIRICAL,cuda,on,2.11.0+cu128,12.8,NVIDIA GeForce RTX 3090,7.55442660022527,632516608,0.9946122760884464
TOR-06,B8,1900,maia3-79m,1,g5f3,Ngf3,0.6282382607460022,0.9967518821358681,0.5786729221961677,441,28,531,rnbqkb1r/ppp2ppp/8/3pp1N1/3P4/8/PPPNPPPP/R2QKB1R w KQkq -,MODEL_PREDICTION_NOT_EMPIRICAL,cuda,on,2.11.0+cu128,12.8,NVIDIA GeForce RTX 3090,7.55442660022527,632516608,0.9967518821358681
TOR-06,B8,1900,maia3-79m,2,h2h4,h4,0.09786064922809601,0.9967518821358681,0.5786729221961677,463,27,510,rnbqkb1r/ppp2ppp/8/3pp1N1/3P4/8/PPPNPPPP/R2QKB1R w KQkq -,MODEL_PREDICTION_NOT_EMPIRICAL,cuda,on,2.11.0+cu128,12.8,NVIDIA GeForce RTX 3090,7.55442660022527,632516608,0.9967518821358681
TOR-06,B8,1900,maia3-79m,3,g5f7,Nxf7,0.08502279967069626,0.9967518821358681,0.5786729221961677,459,25,516,rnbqkb1r/ppp2ppp/8/3pp1N1/3P4/8/PPPNPPPP/R2QKB1R w KQkq -,MODEL_PREDICTION_NOT_EMPIRICAL,cuda,on,2.11.0+cu128,12.8,NVIDIA GeForce RTX 3090,7.55442660022527,632516608,0.9967518821358681
TOR-06,B8,1900,maia3-79m,4,d4e5,dxe5,0.0798715278506279,0.9967518821358681,0.5786729221961677,155,14,831,rnbqkb1r/ppp2ppp/8/3pp1N1/3P4/8/PPPNPPPP/R2QKB1R w KQkq -,MODEL_PREDICTION_NOT_EMPIRICAL,cuda,on,2.11.0+cu128,12.8,NVIDIA GeForce RTX 3090,7.55442660022527,632516608,0.9967518821358681
TOR-06,B8,1900,maia3-79m,5,d2f3,Ndf3,0.034352321177721024,0.9967518821358681,0.5786729221961677,311,18,671,rnbqkb1r/ppp2ppp/8/3pp1N1/3P4/8/PPPNPPPP/R2QKB1R w KQkq -,MODEL_PREDICTION_NOT_EMPIRICAL,cuda,on,2.11.0+cu128,12.8,NVIDIA GeForce RTX 3090,7.55442660022527,632516608,0.9967518821358681
TOR-06,B8,1900,maia3-79m,6,g5h3,Nh3,0.02760286256670952,0.9967518821358681,0.5786729221961677,407,30,563,rnbqkb1r/ppp2ppp/8/3pp1N1/3P4/8/PPPNPPPP/R2QKB1R w KQkq -,MODEL_PREDICTION_NOT_EMPIRICAL,cuda,on,2.11.0+cu128,12.8,NVIDIA GeForce RTX 3090,7.55442660022527,632516608,0.9967518821358681
TOR-06,B8,1900,maia3-79m,7,e2e3,e3,0.02474304661154747,0.9967518821358681,0.5786729221961677,124,11,865,rnbqkb1r/ppp2ppp/8/3pp1N1/3P4/8/PPPNPPPP/R2QKB1R w KQkq -,MODEL_PREDICTION_NOT_EMPIRICAL,cuda,on,2.11.0+cu128,12.8,NVIDIA GeForce RTX 3090,7.55442660022527,632516608,0.9967518821358681
TOR-06,B8,1900,maia3-79m,8,e2e4,e4,0.009689516387879848,0.9967518821358681,0.5786729221961677,154,12,834,rnbqkb1r/ppp2ppp/8/3pp1N1/3P4/8/PPPNPPPP/R2QKB1R w KQkq -,MODEL_PREDICTION_NOT_EMPIRICAL,cuda,on,2.11.0+cu128,12.8,NVIDIA GeForce RTX 3090,7.55442660022527,632516608,0.9967518821358681
TOR-06,B8,1900,maia3-79m,9,f2f4,f4,0.005268098786473274,0.9967518821358681,0.5786729221961677,347,20,633,rnbqkb1r/ppp2ppp/8/3pp1N1/3P4/8/PPPNPPPP/R2QKB1R w KQkq -,MODEL_PREDICTION_NOT_EMPIRICAL,cuda,on,2.11.0+cu128,12.8,NVIDIA GeForce RTX 3090,7.55442660022527,632516608,0.9967518821358681
TOR-06,B8,1900,maia3-79m,10,c2c3,c3,0.004102799110114574,0.9967518821358681,0.5786729221961677,131,12,857,rnbqkb1r/ppp2ppp/8/3pp1N1/3P4/8/PPPNPPPP/R2QKB1R w KQkq -,MODEL_PREDICTION_NOT_EMPIRICAL,cuda,on,2.11.0+cu128,12.8,NVIDIA GeForce RTX 3090,7.55442660022527,632516608,0.9967518821358681
TOR-06,B8,2100,maia3-79m,1,g5f3,Ngf3,0.663986086845398,0.9979891502298415,0.5189314901692643,433,35,532,rnbqkb1r/ppp2ppp/8/3pp1N1/3P4/8/PPPNPPPP/R2QKB1R w KQkq -,MODEL_PREDICTION_NOT_EMPIRICAL,cuda,on,2.11.0+cu128,12.8,NVIDIA GeForce RTX 3090,7.55442660022527,632516608,0.9979891502298415
TOR-06,B8,2100,maia3-79m,2,h2h4,h4,0.12672396004199982,0.9979891502298415,0.5189314901692643,447,35,518,rnbqkb1r/ppp2ppp/8/3pp1N1/3P4/8/PPPNPPPP/R2QKB1R w KQkq -,MODEL_PREDICTION_NOT_EMPIRICAL,cuda,on,2.11.0+cu128,12.8,NVIDIA GeForce RTX 3090,7.55442660022527,632516608,0.9979891502298415
TOR-06,B8,2100,maia3-79m,3,g5f7,Nxf7,0.09271322935819626,0.9979891502298415,0.5189314901692643,426,30,544,rnbqkb1r/ppp2ppp/8/3pp1N1/3P4/8/PPPNPPPP/R2QKB1R w KQkq -,MODEL_PREDICTION_NOT_EMPIRICAL,cuda,on,2.11.0+cu128,12.8,NVIDIA GeForce RTX 3090,7.55442660022527,632516608,0.9979891502298415
TOR-06,B8,2100,maia3-79m,4,d4e5,dxe5,0.03987546265125275,0.9979891502298415,0.5189314901692643,135,15,850,rnbqkb1r/ppp2ppp/8/3pp1N1/3P4/8/PPPNPPPP/R2QKB1R w KQkq -,MODEL_PREDICTION_NOT_EMPIRICAL,cuda,on,2.11.0+cu128,12.8,NVIDIA GeForce RTX 3090,7.55442660022527,632516608,0.9979891502298415
TOR-06,B8,2100,maia3-79m,5,d2f3,Ndf3,0.023078149184584618,0.9979891502298415,0.5189314901692643,278,20,702,rnbqkb1r/ppp2ppp/8/3pp1N1/3P4/8/PPPNPPPP/R2QKB1R w KQkq -,MODEL_PREDICTION_NOT_EMPIRICAL,cuda,on,2.11.0+cu128,12.8,NVIDIA GeForce RTX 3090,7.55442660022527,632516608,0.9979891502298415
TOR-06,B8,2100,maia3-79m,6,g5h3,Nh3,0.02068711817264557,0.9979891502298415,0.5189314901692643,395,35,570,rnbqkb1r/ppp2ppp/8/3pp1N1/3P4/8/PPPNPPPP/R2QKB1R w KQkq -,MODEL_PREDICTION_NOT_EMPIRICAL,cuda,on,2.11.0+cu128,12.8,NVIDIA GeForce RTX 3090,7.55442660022527,632516608,0.9979891502298415
TOR-06,B8,2100,maia3-79m,7,e2e3,e3,0.01466936245560646,0.9979891502298415,0.5189314901692643,91,10,899,rnbqkb1r/ppp2ppp/8/3pp1N1/3P4/8/PPPNPPPP/R2QKB1R w KQkq -,MODEL_PREDICTION_NOT_EMPIRICAL,cuda,on,2.11.0+cu128,12.8,NVIDIA GeForce RTX 3090,7.55442660022527,632516608,0.9979891502298415
TOR-06,B8,2100,maia3-79m,8,e2e4,e4,0.007376219145953655,0.9979891502298415,0.5189314901692643,133,13,854,rnbqkb1r/ppp2ppp/8/3pp1N1/3P4/8/PPPNPPPP/R2QKB1R w KQkq -,MODEL_PREDICTION_NOT_EMPIRICAL,cuda,on,2.11.0+cu128,12.8,NVIDIA GeForce RTX 3090,7.55442660022527,632516608,0.9979891502298415
TOR-06,B8,2100,maia3-79m,9,f2f4,f4,0.006716124247759581,0.9979891502298415,0.5189314901692643,321,23,656,rnbqkb1r/ppp2ppp/8/3pp1N1/3P4/8/PPPNPPPP/R2QKB1R w KQkq -,MODEL_PREDICTION_NOT_EMPIRICAL,cuda,on,2.11.0+cu128,12.8,NVIDIA GeForce RTX 3090,7.55442660022527,632516608,0.9979891502298415
TOR-06,B8,2100,maia3-79m,10,c2c3,c3,0.0021634381264448166,0.9979891502298415,0.5189314901692643,105,11,884,rnbqkb1r/ppp2ppp/8/3pp1N1/3P4/8/PPPNPPPP/R2QKB1R w KQkq -,MODEL_PREDICTION_NOT_EMPIRICAL,cuda,on,2.11.0+cu128,12.8,NVIDIA GeForce RTX 3090,7.55442660022527,632516608,0.9979891502298415
VER-03,B8,1100,maia3-79m,1,c3b5,Nb5,0.39948663115501404,0.9971786791575141,0.5916676388600215,427,20,553,rnbqkb1r/pp2pppp/5n2/2P3B1/3p4/2N5/PPP1PPPP/R2QKBNR w KQkq -,MODEL_PREDICTION_NOT_EMPIRICAL,cuda,on,2.11.0+cu128,12.8,NVIDIA GeForce RTX 3090,7.55442660022527,632516608,0.9971786791575141
VER-03,B8,1100,maia3-79m,2,g5f6,Bxf6,0.3416990339756012,0.9971786791575141,0.5916676388600215,470,28,502,rnbqkb1r/pp2pppp/5n2/2P3B1/3p4/2N5/PPP1PPPP/R2QKBNR w KQkq -,MODEL_PREDICTION_NOT_EMPIRICAL,cuda,on,2.11.0+cu128,12.8,NVIDIA GeForce RTX 3090,7.55442660022527,632516608,0.9971786791575141
VER-03,B8,1100,maia3-79m,3,c3a4,Na4,0.1469629406929016,0.9971786791575141,0.5916676388600215,427,21,552,rnbqkb1r/pp2pppp/5n2/2P3B1/3p4/2N5/PPP1PPPP/R2QKBNR w KQkq -,MODEL_PREDICTION_NOT_EMPIRICAL,cuda,on,2.11.0+cu128,12.8,NVIDIA GeForce RTX 3090,7.55442660022527,632516608,0.9971786791575141
VER-03,B8,1100,maia3-79m,4,c3b1,Nb1,0.0683441013097763,0.9971786791575141,0.5916676388600215,415,23,562,rnbqkb1r/pp2pppp/5n2/2P3B1/3p4/2N5/PPP1PPPP/R2QKBNR w KQkq -,MODEL_PREDICTION_NOT_EMPIRICAL,cuda,on,2.11.0+cu128,12.8,NVIDIA GeForce RTX 3090,7.55442660022527,632516608,0.9971786791575141
VER-03,B8,1100,maia3-79m,5,c3e4,Ne4,0.032283470034599304,0.9971786791575141,0.5916676388600215,285,18,697,rnbqkb1r/pp2pppp/5n2/2P3B1/3p4/2N5/PPP1PPPP/R2QKBNR w KQkq -,MODEL_PREDICTION_NOT_EMPIRICAL,cuda,on,2.11.0+cu128,12.8,NVIDIA GeForce RTX 3090,7.55442660022527,632516608,0.9971786791575141
VER-03,B8,1100,maia3-79m,6,d1d4,Qxd4,0.002820898313075304,0.9971786791575141,0.5916676388600215,137,15,848,rnbqkb1r/pp2pppp/5n2/2P3B1/3p4/2N5/PPP1PPPP/R2QKBNR w KQkq -,MODEL_PREDICTION_NOT_EMPIRICAL,cuda,on,2.11.0+cu128,12.8,NVIDIA GeForce RTX 3090,7.55442660022527,632516608,0.9971786791575141
VER-03,B8,1100,maia3-79m,7,c3d5,Nd5,0.0021798210218548775,0.9971786791575141,0.5916676388600215,257,19,724,rnbqkb1r/pp2pppp/5n2/2P3B1/3p4/2N5/PPP1PPPP/R2QKBNR w KQkq -,MODEL_PREDICTION_NOT_EMPIRICAL,cuda,on,2.11.0+cu128,12.8,NVIDIA GeForce RTX 3090,7.55442660022527,632516608,0.9971786791575141
VER-03,B8,1100,maia3-79m,8,e2e3,e3,0.001452073804102838,0.9971786791575141,0.5916676388600215,385,29,586,rnbqkb1r/pp2pppp/5n2/2P3B1/3p4/2N5/PPP1PPPP/R2QKBNR w KQkq -,MODEL_PREDICTION_NOT_EMPIRICAL,cuda,on,2.11.0+cu128,12.8,NVIDIA GeForce RTX 3090,7.55442660022527,632516608,0.9971786791575141
VER-03,B8,1100,maia3-79m,9,g1f3,Nf3,0.0012420245911926031,0.9971786791575141,0.5916676388600215,387,27,586,rnbqkb1r/pp2pppp/5n2/2P3B1/3p4/2N5/PPP1PPPP/R2QKBNR w KQkq -,MODEL_PREDICTION_NOT_EMPIRICAL,cuda,on,2.11.0+cu128,12.8,NVIDIA GeForce RTX 3090,7.55442660022527,632516608,0.9971786791575141
VER-03,B8,1100,maia3-79m,10,d1d3,Qd3,0.0007076842593960464,0.9971786791575141,0.5916676388600215,369,24,607,rnbqkb1r/pp2pppp/5n2/2P3B1/3p4/2N5/PPP1PPPP/R2QKBNR w KQkq -,MODEL_PREDICTION_NOT_EMPIRICAL,cuda,on,2.11.0+cu128,12.8,NVIDIA GeForce RTX 3090,7.55442660022527,632516608,0.9971786791575141
VER-03,B8,1300,maia3-79m,1,g5f6,Bxf6,0.4340533912181854,0.997932615573518,0.5652628137670664,484,28,488,rnbqkb1r/pp2pppp/5n2/2P3B1/3p4/2N5/PPP1PPPP/R2QKBNR w KQkq -,MODEL_PREDICTION_NOT_EMPIRICAL,cuda,on,2.11.0+cu128,12.8,NVIDIA GeForce RTX 3090,7.55442660022527,632516608,0.997932615573518
VER-03,B8,1300,maia3-79m,2,c3b5,Nb5,0.33804112672805786,0.997932615573518,0.5652628137670664,387,18,595,rnbqkb1r/pp2pppp/5n2/2P3B1/3p4/2N5/PPP1PPPP/R2QKBNR w KQkq -,MODEL_PREDICTION_NOT_EMPIRICAL,cuda,on,2.11.0+cu128,12.8,NVIDIA GeForce RTX 3090,7.55442660022527,632516608,0.997932615573518
VER-03,B8,1300,maia3-79m,3,c3a4,Na4,0.11322960257530212,0.997932615573518,0.5652628137670664,411,19,570,rnbqkb1r/pp2pppp/5n2/2P3B1/3p4/2N5/PPP1PPPP/R2QKBNR w KQkq -,MODEL_PREDICTION_NOT_EMPIRICAL,cuda,on,2.11.0+cu128,12.8,NVIDIA GeForce RTX 3090,7.55442660022527,632516608,0.997932615573518
VER-03,B8,1300,maia3-79m,4,c3b1,Nb1,0.08818329870700836,0.997932615573518,0.5652628137670664,407,22,571,rnbqkb1r/pp2pppp/5n2/2P3B1/3p4/2N5/PPP1PPPP/R2QKBNR w KQkq -,MODEL_PREDICTION_NOT_EMPIRICAL,cuda,on,2.11.0+cu128,12.8,NVIDIA GeForce RTX 3090,7.55442660022527,632516608,0.997932615573518
VER-03,B8,1300,maia3-79m,5,c3e4,Ne4,0.019070975482463837,0.997932615573518,0.5652628137670664,252,15,733,rnbqkb1r/pp2pppp/5n2/2P3B1/3p4/2N5/PPP1PPPP/R2QKBNR w KQkq -,MODEL_PREDICTION_NOT_EMPIRICAL,cuda,on,2.11.0+cu128,12.8,NVIDIA GeForce RTX 3090,7.55442660022527,632516608,0.997932615573518
VER-03,B8,1300,maia3-79m,6,e2e3,e3,0.0014821297954767942,0.997932615573518,0.5652628137670664,381,26,593,rnbqkb1r/pp2pppp/5n2/2P3B1/3p4/2N5/PPP1PPPP/R2QKBNR w KQkq -,MODEL_PREDICTION_NOT_EMPIRICAL,cuda,on,2.11.0+cu128,12.8,NVIDIA GeForce RTX 3090,7.55442660022527,632516608,0.997932615573518
VER-03,B8,1300,maia3-79m,7,d1d4,Qxd4,0.0012383656576275826,0.997932615573518,0.5652628137670664,136,14,850,rnbqkb1r/pp2pppp/5n2/2P3B1/3p4/2N5/PPP1PPPP/R2QKBNR w KQkq -,MODEL_PREDICTION_NOT_EMPIRICAL,cuda,on,2.11.0+cu128,12.8,NVIDIA GeForce RTX 3090,7.55442660022527,632516608,0.997932615573518
VER-03,B8,1300,maia3-79m,8,g1f3,Nf3,0.001228728680871427,0.997932615573518,0.5652628137670664,379,25,596,rnbqkb1r/pp2pppp/5n2/2P3B1/3p4/2N5/PPP1PPPP/R2QKBNR w KQkq -,MODEL_PREDICTION_NOT_EMPIRICAL,cuda,on,2.11.0+cu128,12.8,NVIDIA GeForce RTX 3090,7.55442660022527,632516608,0.997932615573518
VER-03,B8,1300,maia3-79m,9,c3d5,Nd5,0.0007871531415730715,0.997932615573518,0.5652628137670664,242,16,742,rnbqkb1r/pp2pppp/5n2/2P3B1/3p4/2N5/PPP1PPPP/R2QKBNR w KQkq -,MODEL_PREDICTION_NOT_EMPIRICAL,cuda,on,2.11.0+cu128,12.8,NVIDIA GeForce RTX 3090,7.55442660022527,632516608,0.997932615573518
VER-03,B8,1300,maia3-79m,10,d1d3,Qd3,0.0006178435869514942,0.997932615573518,0.5652628137670664,350,22,628,rnbqkb1r/pp2pppp/5n2/2P3B1/3p4/2N5/PPP1PPPP/R2QKBNR w KQkq -,MODEL_PREDICTION_NOT_EMPIRICAL,cuda,on,2.11.0+cu128,12.8,NVIDIA GeForce RTX 3090,7.55442660022527,632516608,0.997932615573518
VER-03,B8,1500,maia3-79m,1,g5f6,Bxf6,0.5339536070823669,0.998134927416686,0.5178065937529533,493,29,478,rnbqkb1r/pp2pppp/5n2/2P3B1/3p4/2N5/PPP1PPPP/R2QKBNR w KQkq -,MODEL_PREDICTION_NOT_EMPIRICAL,cuda,on,2.11.0+cu128,12.8,NVIDIA GeForce RTX 3090,7.55442660022527,632516608,0.998134927416686
VER-03,B8,1500,maia3-79m,2,c3b5,Nb5,0.2813737988471985,0.998134927416686,0.5178065937529533,358,17,625,rnbqkb1r/pp2pppp/5n2/2P3B1/3p4/2N5/PPP1PPPP/R2QKBNR w KQkq -,MODEL_PREDICTION_NOT_EMPIRICAL,cuda,on,2.11.0+cu128,12.8,NVIDIA GeForce RTX 3090,7.55442660022527,632516608,0.998134927416686
VER-03,B8,1500,maia3-79m,3,c3b1,Nb1,0.09278722107410431,0.998134927416686,0.5178065937529533,405,22,573,rnbqkb1r/pp2pppp/5n2/2P3B1/3p4/2N5/PPP1PPPP/R2QKBNR w KQkq -,MODEL_PREDICTION_NOT_EMPIRICAL,cuda,on,2.11.0+cu128,12.8,NVIDIA GeForce RTX 3090,7.55442660022527,632516608,0.998134927416686
VER-03,B8,1500,maia3-79m,4,c3a4,Na4,0.07226276397705078,0.998134927416686,0.5178065937529533,406,19,575,rnbqkb1r/pp2pppp/5n2/2P3B1/3p4/2N5/PPP1PPPP/R2QKBNR w KQkq -,MODEL_PREDICTION_NOT_EMPIRICAL,cuda,on,2.11.0+cu128,12.8,NVIDIA GeForce RTX 3090,7.55442660022527,632516608,0.998134927416686
VER-03,B8,1500,maia3-79m,5,c3e4,Ne4,0.012557386420667171,0.998134927416686,0.5178065937529533,227,13,760,rnbqkb1r/pp2pppp/5n2/2P3B1/3p4/2N5/PPP1PPPP/R2QKBNR w KQkq -,MODEL_PREDICTION_NOT_EMPIRICAL,cuda,on,2.11.0+cu128,12.8,NVIDIA GeForce RTX 3090,7.55442660022527,632516608,0.998134927416686
VER-03,B8,1500,maia3-79m,6,e2e3,e3,0.0019408410880714655,0.998134927416686,0.5178065937529533,367,25,608,rnbqkb1r/pp2pppp/5n2/2P3B1/3p4/2N5/PPP1PPPP/R2QKBNR w KQkq -,MODEL_PREDICTION_NOT_EMPIRICAL,cuda,on,2.11.0+cu128,12.8,NVIDIA GeForce RTX 3090,7.55442660022527,632516608,0.998134927416686
VER-03,B8,1500,maia3-79m,7,g1f3,Nf3,0.0014088996686041355,0.998134927416686,0.5178065937529533,369,25,606,rnbqkb1r/pp2pppp/5n2/2P3B1/3p4/2N5/PPP1PPPP/R2QKBNR w KQkq -,MODEL_PREDICTION_NOT_EMPIRICAL,cuda,on,2.11.0+cu128,12.8,NVIDIA GeForce RTX 3090,7.55442660022527,632516608,0.998134927416686
VER-03,B8,1500,maia3-79m,8,d1d4,Qxd4,0.0007084392127580941,0.998134927416686,0.5178065937529533,132,13,855,rnbqkb1r/pp2pppp/5n2/2P3B1/3p4/2N5/PPP1PPPP/R2QKBNR w KQkq -,MODEL_PREDICTION_NOT_EMPIRICAL,cuda,on,2.11.0+cu128,12.8,NVIDIA GeForce RTX 3090,7.55442660022527,632516608,0.998134927416686
VER-03,B8,1500,maia3-79m,9,d1d3,Qd3,0.0006155026494525373,0.998134927416686,0.5178065937529533,337,22,641,rnbqkb1r/pp2pppp/5n2/2P3B1/3p4/2N5/PPP1PPPP/R2QKBNR w KQkq -,MODEL_PREDICTION_NOT_EMPIRICAL,cuda,on,2.11.0+cu128,12.8,NVIDIA GeForce RTX 3090,7.55442660022527,632516608,0.998134927416686
VER-03,B8,1500,maia3-79m,10,e2e4,e4,0.0005264673964120448,0.998134927416686,0.5178065937529533,354,23,623,rnbqkb1r/pp2pppp/5n2/2P3B1/3p4/2N5/PPP1PPPP/R2QKBNR w KQkq -,MODEL_PREDICTION_NOT_EMPIRICAL,cuda,on,2.11.0+cu128,12.8,NVIDIA GeForce RTX 3090,7.55442660022527,632516608,0.998134927416686
VER-03,B8,1700,maia3-79m,1,g5f6,Bxf6,0.6723873019218445,0.9981682446086779,0.4352658527443566,504,32,464,rnbqkb1r/pp2pppp/5n2/2P3B1/3p4/2N5/PPP1PPPP/R2QKBNR w KQkq -,MODEL_PREDICTION_NOT_EMPIRICAL,cuda,on,2.11.0+cu128,12.8,NVIDIA GeForce RTX 3090,7.55442660022527,632516608,0.9981682446086779
VER-03,B8,1700,maia3-79m,2,c3b5,Nb5,0.18671521544456482,0.9981682446086779,0.4352658527443566,351,18,631,rnbqkb1r/pp2pppp/5n2/2P3B1/3p4/2N5/PPP1PPPP/R2QKBNR w KQkq -,MODEL_PREDICTION_NOT_EMPIRICAL,cuda,on,2.11.0+cu128,12.8,NVIDIA GeForce RTX 3090,7.55442660022527,632516608,0.9981682446086779
VER-03,B8,1700,maia3-79m,3,c3b1,Nb1,0.08156983554363251,0.9981682446086779,0.4352658527443566,409,23,568,rnbqkb1r/pp2pppp/5n2/2P3B1/3p4/2N5/PPP1PPPP/R2QKBNR w KQkq -,MODEL_PREDICTION_NOT_EMPIRICAL,cuda,on,2.11.0+cu128,12.8,NVIDIA GeForce RTX 3090,7.55442660022527,632516608,0.9981682446086779
VER-03,B8,1700,maia3-79m,4,c3a4,Na4,0.04101588577032089,0.9981682446086779,0.4352658527443566,408,20,572,rnbqkb1r/pp2pppp/5n2/2P3B1/3p4/2N5/PPP1PPPP/R2QKBNR w KQkq -,MODEL_PREDICTION_NOT_EMPIRICAL,cuda,on,2.11.0+cu128,12.8,NVIDIA GeForce RTX 3090,7.55442660022527,632516608,0.9981682446086779
VER-03,B8,1700,maia3-79m,5,c3e4,Ne4,0.010699634440243244,0.9981682446086779,0.4352658527443566,212,13,775,rnbqkb1r/pp2pppp/5n2/2P3B1/3p4/2N5/PPP1PPPP/R2QKBNR w KQkq -,MODEL_PREDICTION_NOT_EMPIRICAL,cuda,on,2.11.0+cu128,12.8,NVIDIA GeForce RTX 3090,7.55442660022527,632516608,0.9981682446086779
VER-03,B8,1700,maia3-79m,6,e2e3,e3,0.002425007289275527,0.9981682446086779,0.4352658527443566,351,26,623,rnbqkb1r/pp2pppp/5n2/2P3B1/3p4/2N5/PPP1PPPP/R2QKBNR w KQkq -,MODEL_PREDICTION_NOT_EMPIRICAL,cuda,on,2.11.0+cu128,12.8,NVIDIA GeForce RTX 3090,7.55442660022527,632516608,0.9981682446086779
VER-03,B8,1700,maia3-79m,7,g1f3,Nf3,0.0015294329496100545,0.9981682446086779,0.4352658527443566,362,26,612,rnbqkb1r/pp2pppp/5n2/2P3B1/3p4/2N5/PPP1PPPP/R2QKBNR w KQkq -,MODEL_PREDICTION_NOT_EMPIRICAL,cuda,on,2.11.0+cu128,12.8,NVIDIA GeForce RTX 3090,7.55442660022527,632516608,0.9981682446086779
VER-03,B8,1700,maia3-79m,8,e2e4,e4,0.0006947761867195368,0.9981682446086779,0.4352658527443566,338,23,639,rnbqkb1r/pp2pppp/5n2/2P3B1/3p4/2N5/PPP1PPPP/R2QKBNR w KQkq -,MODEL_PREDICTION_NOT_EMPIRICAL,cuda,on,2.11.0+cu128,12.8,NVIDIA GeForce RTX 3090,7.55442660022527,632516608,0.9981682446086779
VER-03,B8,1700,maia3-79m,9,d1d3,Qd3,0.0005942736170254648,0.9981682446086779,0.4352658527443566,329,22,649,rnbqkb1r/pp2pppp/5n2/2P3B1/3p4/2N5/PPP1PPPP/R2QKBNR w KQkq -,MODEL_PREDICTION_NOT_EMPIRICAL,cuda,on,2.11.0+cu128,12.8,NVIDIA GeForce RTX 3090,7.55442660022527,632516608,0.9981682446086779
VER-03,B8,1700,maia3-79m,10,b2b4,b4,0.000536881445441395,0.9981682446086779,0.4352658527443566,251,21,728,rnbqkb1r/pp2pppp/5n2/2P3B1/3p4/2N5/PPP1PPPP/R2QKBNR w KQkq -,MODEL_PREDICTION_NOT_EMPIRICAL,cuda,on,2.11.0+cu128,12.8,NVIDIA GeForce RTX 3090,7.55442660022527,632516608,0.9981682446086779
VER-03,B8,1900,maia3-79m,1,g5f6,Bxf6,0.829808235168457,0.9985018908046186,0.29595984966905264,514,38,448,rnbqkb1r/pp2pppp/5n2/2P3B1/3p4/2N5/PPP1PPPP/R2QKBNR w KQkq -,MODEL_PREDICTION_NOT_EMPIRICAL,cuda,on,2.11.0+cu128,12.8,NVIDIA GeForce RTX 3090,7.55442660022527,632516608,0.9985018908046186
VER-03,B8,1900,maia3-79m,2,c3b5,Nb5,0.0725078359246254,0.9985018908046186,0.29595984966905264,354,20,626,rnbqkb1r/pp2pppp/5n2/2P3B1/3p4/2N5/PPP1PPPP/R2QKBNR w KQkq -,MODEL_PREDICTION_NOT_EMPIRICAL,cuda,on,2.11.0+cu128,12.8,NVIDIA GeForce RTX 3090,7.55442660022527,632516608,0.9985018908046186
VER-03,B8,1900,maia3-79m,3,c3b1,Nb1,0.05559368431568146,0.9985018908046186,0.29595984966905264,414,27,559,rnbqkb1r/pp2pppp/5n2/2P3B1/3p4/2N5/PPP1PPPP/R2QKBNR w KQkq -,MODEL_PREDICTION_NOT_EMPIRICAL,cuda,on,2.11.0+cu128,12.8,NVIDIA GeForce RTX 3090,7.55442660022527,632516608,0.9985018908046186
VER-03,B8,1900,maia3-79m,4,c3a4,Na4,0.024669550359249115,0.9985018908046186,0.29595984966905264,418,23,559,rnbqkb1r/pp2pppp/5n2/2P3B1/3p4/2N5/PPP1PPPP/R2QKBNR w KQkq -,MODEL_PREDICTION_NOT_EMPIRICAL,cuda,on,2.11.0+cu128,12.8,NVIDIA GeForce RTX 3090,7.55442660022527,632516608,0.9985018908046186
VER-03,B8,1900,maia3-79m,5,c3e4,Ne4,0.010283798910677433,0.9985018908046186,0.29595984966905264,199,14,787,rnbqkb1r/pp2pppp/5n2/2P3B1/3p4/2N5/PPP1PPPP/R2QKBNR w KQkq -,MODEL_PREDICTION_NOT_EMPIRICAL,cuda,on,2.11.0+cu128,12.8,NVIDIA GeForce RTX 3090,7.55442660022527,632516608,0.9985018908046186
VER-03,B8,1900,maia3-79m,6,e2e3,e3,0.0024047470651566982,0.9985018908046186,0.29595984966905264,339,27,634,rnbqkb1r/pp2pppp/5n2/2P3B1/3p4/2N5/PPP1PPPP/R2QKBNR w KQkq -,MODEL_PREDICTION_NOT_EMPIRICAL,cuda,on,2.11.0+cu128,12.8,NVIDIA GeForce RTX 3090,7.55442660022527,632516608,0.9985018908046186
VER-03,B8,1900,maia3-79m,7,g1f3,Nf3,0.0011359220370650291,0.9985018908046186,0.29595984966905264,354,29,617,rnbqkb1r/pp2pppp/5n2/2P3B1/3p4/2N5/PPP1PPPP/R2QKBNR w KQkq -,MODEL_PREDICTION_NOT_EMPIRICAL,cuda,on,2.11.0+cu128,12.8,NVIDIA GeForce RTX 3090,7.55442660022527,632516608,0.9985018908046186
VER-03,B8,1900,maia3-79m,8,e2e4,e4,0.0010024476796388626,0.9985018908046186,0.29595984966905264,320,24,656,rnbqkb1r/pp2pppp/5n2/2P3B1/3p4/2N5/PPP1PPPP/R2QKBNR w KQkq -,MODEL_PREDICTION_NOT_EMPIRICAL,cuda,on,2.11.0+cu128,12.8,NVIDIA GeForce RTX 3090,7.55442660022527,632516608,0.9985018908046186
VER-03,B8,1900,maia3-79m,9,b2b4,b4,0.0006032835808582604,0.9985018908046186,0.29595984966905264,240,22,738,rnbqkb1r/pp2pppp/5n2/2P3B1/3p4/2N5/PPP1PPPP/R2QKBNR w KQkq -,MODEL_PREDICTION_NOT_EMPIRICAL,cuda,on,2.11.0+cu128,12.8,NVIDIA GeForce RTX 3090,7.55442660022527,632516608,0.9985018908046186
VER-03,B8,1900,maia3-79m,10,d1d3,Qd3,0.0004923857632093132,0.9985018908046186,0.29595984966905264,311,24,665,rnbqkb1r/pp2pppp/5n2/2P3B1/3p4/2N5/PPP1PPPP/R2QKBNR w KQkq -,MODEL_PREDICTION_NOT_EMPIRICAL,cuda,on,2.11.0+cu128,12.8,NVIDIA GeForce RTX 3090,7.55442660022527,632516608,0.9985018908046186
VER-03,B8,2100,maia3-79m,1,g5f6,Bxf6,0.9073778986930847,0.998661492485553,0.19317226140139346,515,47,438,rnbqkb1r/pp2pppp/5n2/2P3B1/3p4/2N5/PPP1PPPP/R2QKBNR w KQkq -,MODEL_PREDICTION_NOT_EMPIRICAL,cuda,on,2.11.0+cu128,12.8,NVIDIA GeForce RTX 3090,7.55442660022527,632516608,0.998661492485553
VER-03,B8,2100,maia3-79m,2,c3b1,Nb1,0.030093496665358543,0.998661492485553,0.19317226140139346,419,34,547,rnbqkb1r/pp2pppp/5n2/2P3B1/3p4/2N5/PPP1PPPP/R2QKBNR w KQkq -,MODEL_PREDICTION_NOT_EMPIRICAL,cuda,on,2.11.0+cu128,12.8,NVIDIA GeForce RTX 3090,7.55442660022527,632516608,0.998661492485553
VER-03,B8,2100,maia3-79m,3,c3a4,Na4,0.026975635439157486,0.998661492485553,0.19317226140139346,431,30,539,rnbqkb1r/pp2pppp/5n2/2P3B1/3p4/2N5/PPP1PPPP/R2QKBNR w KQkq -,MODEL_PREDICTION_NOT_EMPIRICAL,cuda,on,2.11.0+cu128,12.8,NVIDIA GeForce RTX 3090,7.55442660022527,632516608,0.998661492485553
VER-03,B8,2100,maia3-79m,4,c3b5,Nb5,0.021339483559131622,0.998661492485553,0.19317226140139346,354,25,621,rnbqkb1r/pp2pppp/5n2/2P3B1/3p4/2N5/PPP1PPPP/R2QKBNR w KQkq -,MODEL_PREDICTION_NOT_EMPIRICAL,cuda,on,2.11.0+cu128,12.8,NVIDIA GeForce RTX 3090,7.55442660022527,632516608,0.998661492485553
VER-03,B8,2100,maia3-79m,5,c3e4,Ne4,0.007850357331335545,0.998661492485553,0.19317226140139346,170,15,815,rnbqkb1r/pp2pppp/5n2/2P3B1/3p4/2N5/PPP1PPPP/R2QKBNR w KQkq -,MODEL_PREDICTION_NOT_EMPIRICAL,cuda,on,2.11.0+cu128,12.8,NVIDIA GeForce RTX 3090,7.55442660022527,632516608,0.998661492485553
VER-03,B8,2100,maia3-79m,6,e2e3,e3,0.0021799656096845865,0.998661492485553,0.19317226140139346,324,31,645,rnbqkb1r/pp2pppp/5n2/2P3B1/3p4/2N5/PPP1PPPP/R2QKBNR w KQkq -,MODEL_PREDICTION_NOT_EMPIRICAL,cuda,on,2.11.0+cu128,12.8,NVIDIA GeForce RTX 3090,7.55442660022527,632516608,0.998661492485553
VER-03,B8,2100,maia3-79m,7,e2e4,e4,0.001407491508871317,0.998661492485553,0.19317226140139346,295,26,679,rnbqkb1r/pp2pppp/5n2/2P3B1/3p4/2N5/PPP1PPPP/R2QKBNR w KQkq -,MODEL_PREDICTION_NOT_EMPIRICAL,cuda,on,2.11.0+cu128,12.8,NVIDIA GeForce RTX 3090,7.55442660022527,632516608,0.998661492485553
VER-03,B8,2100,maia3-79m,8,g1f3,Nf3,0.0005959693808108568,0.998661492485553,0.19317226140139346,341,33,626,rnbqkb1r/pp2pppp/5n2/2P3B1/3p4/2N5/PPP1PPPP/R2QKBNR w KQkq -,MODEL_PREDICTION_NOT_EMPIRICAL,cuda,on,2.11.0+cu128,12.8,NVIDIA GeForce RTX 3090,7.55442660022527,632516608,0.998661492485553
VER-03,B8,2100,maia3-79m,9,b2b4,b4,0.0004533895989879966,0.998661492485553,0.19317226140139346,237,25,738,rnbqkb1r/pp2pppp/5n2/2P3B1/3p4/2N5/PPP1PPPP/R2QKBNR w KQkq -,MODEL_PREDICTION_NOT_EMPIRICAL,cuda,on,2.11.0+cu128,12.8,NVIDIA GeForce RTX 3090,7.55442660022527,632516608,0.998661492485553
VER-03,B8,2100,maia3-79m,10,d1d3,Qd3,0.0003878046991303563,0.998661492485553,0.19317226140139346,284,27,689,rnbqkb1r/pp2pppp/5n2/2P3B1/3p4/2N5/PPP1PPPP/R2QKBNR w KQkq -,MODEL_PREDICTION_NOT_EMPIRICAL,cuda,on,2.11.0+cu128,12.8,NVIDIA GeForce RTX 3090,7.55442660022527,632516608,0.998661492485553
