line_id,bias_code,position_role,fen4,elo_min,elo_max,speed,move_uci,count,total_positions,frequency,source_months,split,status
ORD-01,B1,before_key,r1bqkbnr/pp2pppp/2n5/2pp4/3P1B2/4PN2/PPP2PPP/RN1QKB1R b KQkq -,1100,1299,blitz,,,,,,discovery|validation|test,NON_EXECUTE
ORD-01,B1,after_key,r2qkbnr/pp2pppp/2n5/2pp4/3P1Bb1/4PN2/PPP2PPP/RN1QKB1R w KQkq -,1100,1299,blitz,,,,,,discovery|validation|test,NON_EXECUTE
ORD-01,B1,before_key,r1bqkbnr/pp2pppp/2n5/2pp4/3P1B2/4PN2/PPP2PPP/RN1QKB1R b KQkq -,1100,1299,rapid,,,,,,discovery|validation|test,NON_EXECUTE
ORD-01,B1,after_key,r2qkbnr/pp2pppp/2n5/2pp4/3P1Bb1/4PN2/PPP2PPP/RN1QKB1R w KQkq -,1100,1299,rapid,,,,,,discovery|validation|test,NON_EXECUTE
ORD-01,B1,before_key,r1bqkbnr/pp2pppp/2n5/2pp4/3P1B2/4PN2/PPP2PPP/RN1QKB1R b KQkq -,1300,1499,blitz,,,,,,discovery|validation|test,NON_EXECUTE
ORD-01,B1,after_key,r2qkbnr/pp2pppp/2n5/2pp4/3P1Bb1/4PN2/PPP2PPP/RN1QKB1R w KQkq -,1300,1499,blitz,,,,,,discovery|validation|test,NON_EXECUTE
ORD-01,B1,before_key,r1bqkbnr/pp2pppp/2n5/2pp4/3P1B2/4PN2/PPP2PPP/RN1QKB1R b KQkq -,1300,1499,rapid,,,,,,discovery|validation|test,NON_EXECUTE
ORD-01,B1,after_key,r2qkbnr/pp2pppp/2n5/2pp4/3P1Bb1/4PN2/PPP2PPP/RN1QKB1R w KQkq -,1300,1499,rapid,,,,,,discovery|validation|test,NON_EXECUTE
ORD-01,B1,before_key,r1bqkbnr/pp2pppp/2n5/2pp4/3P1B2/4PN2/PPP2PPP/RN1QKB1R b KQkq -,1500,1699,blitz,,,,,,discovery|validation|test,NON_EXECUTE
ORD-01,B1,after_key,r2qkbnr/pp2pppp/2n5/2pp4/3P1Bb1/4PN2/PPP2PPP/RN1QKB1R w KQkq -,1500,1699,blitz,,,,,,discovery|validation|test,NON_EXECUTE
ORD-01,B1,before_key,r1bqkbnr/pp2pppp/2n5/2pp4/3P1B2/4PN2/PPP2PPP/RN1QKB1R b KQkq -,1500,1699,rapid,,,,,,discovery|validation|test,NON_EXECUTE
ORD-01,B1,after_key,r2qkbnr/pp2pppp/2n5/2pp4/3P1Bb1/4PN2/PPP2PPP/RN1QKB1R w KQkq -,1500,1699,rapid,,,,,,discovery|validation|test,NON_EXECUTE
ORD-01,B1,before_key,r1bqkbnr/pp2pppp/2n5/2pp4/3P1B2/4PN2/PPP2PPP/RN1QKB1R b KQkq -,1700,1899,blitz,,,,,,discovery|validation|test,NON_EXECUTE
ORD-01,B1,after_key,r2qkbnr/pp2pppp/2n5/2pp4/3P1Bb1/4PN2/PPP2PPP/RN1QKB1R w KQkq -,1700,1899,blitz,,,,,,discovery|validation|test,NON_EXECUTE
ORD-01,B1,before_key,r1bqkbnr/pp2pppp/2n5/2pp4/3P1B2/4PN2/PPP2PPP/RN1QKB1R b KQkq -,1700,1899,rapid,,,,,,discovery|validation|test,NON_EXECUTE
ORD-01,B1,after_key,r2qkbnr/pp2pppp/2n5/2pp4/3P1Bb1/4PN2/PPP2PPP/RN1QKB1R w KQkq -,1700,1899,rapid,,,,,,discovery|validation|test,NON_EXECUTE
ORD-01,B1,before_key,r1bqkbnr/pp2pppp/2n5/2pp4/3P1B2/4PN2/PPP2PPP/RN1QKB1R b KQkq -,1900,2099,blitz,,,,,,discovery|validation|test,NON_EXECUTE
ORD-01,B1,after_key,r2qkbnr/pp2pppp/2n5/2pp4/3P1Bb1/4PN2/PPP2PPP/RN1QKB1R w KQkq -,1900,2099,blitz,,,,,,discovery|validation|test,NON_EXECUTE
ORD-01,B1,before_key,r1bqkbnr/pp2pppp/2n5/2pp4/3P1B2/4PN2/PPP2PPP/RN1QKB1R b KQkq -,1900,2099,rapid,,,,,,discovery|validation|test,NON_EXECUTE
ORD-01,B1,after_key,r2qkbnr/pp2pppp/2n5/2pp4/3P1Bb1/4PN2/PPP2PPP/RN1QKB1R w KQkq -,1900,2099,rapid,,,,,,discovery|validation|test,NON_EXECUTE
ORD-02,B1,before_key,r1bqkb1r/pp2pppp/2n2n2/2pp4/3P1B2/2P1PN2/PP3PPP/RN1QKB1R b KQkq -,1100,1299,blitz,,,,,,discovery|validation|test,NON_EXECUTE
ORD-02,B1,after_key,r1b1kb1r/pp2pppp/1qn2n2/2pp4/3P1B2/2P1PN2/PP3PPP/RN1QKB1R w KQkq -,1100,1299,blitz,,,,,,discovery|validation|test,NON_EXECUTE
ORD-02,B1,before_key,r1bqkb1r/pp2pppp/2n2n2/2pp4/3P1B2/2P1PN2/PP3PPP/RN1QKB1R b KQkq -,1100,1299,rapid,,,,,,discovery|validation|test,NON_EXECUTE
ORD-02,B1,after_key,r1b1kb1r/pp2pppp/1qn2n2/2pp4/3P1B2/2P1PN2/PP3PPP/RN1QKB1R w KQkq -,1100,1299,rapid,,,,,,discovery|validation|test,NON_EXECUTE
ORD-02,B1,before_key,r1bqkb1r/pp2pppp/2n2n2/2pp4/3P1B2/2P1PN2/PP3PPP/RN1QKB1R b KQkq -,1300,1499,blitz,,,,,,discovery|validation|test,NON_EXECUTE
ORD-02,B1,after_key,r1b1kb1r/pp2pppp/1qn2n2/2pp4/3P1B2/2P1PN2/PP3PPP/RN1QKB1R w KQkq -,1300,1499,blitz,,,,,,discovery|validation|test,NON_EXECUTE
ORD-02,B1,before_key,r1bqkb1r/pp2pppp/2n2n2/2pp4/3P1B2/2P1PN2/PP3PPP/RN1QKB1R b KQkq -,1300,1499,rapid,,,,,,discovery|validation|test,NON_EXECUTE
ORD-02,B1,after_key,r1b1kb1r/pp2pppp/1qn2n2/2pp4/3P1B2/2P1PN2/PP3PPP/RN1QKB1R w KQkq -,1300,1499,rapid,,,,,,discovery|validation|test,NON_EXECUTE
ORD-02,B1,before_key,r1bqkb1r/pp2pppp/2n2n2/2pp4/3P1B2/2P1PN2/PP3PPP/RN1QKB1R b KQkq -,1500,1699,blitz,,,,,,discovery|validation|test,NON_EXECUTE
ORD-02,B1,after_key,r1b1kb1r/pp2pppp/1qn2n2/2pp4/3P1B2/2P1PN2/PP3PPP/RN1QKB1R w KQkq -,1500,1699,blitz,,,,,,discovery|validation|test,NON_EXECUTE
ORD-02,B1,before_key,r1bqkb1r/pp2pppp/2n2n2/2pp4/3P1B2/2P1PN2/PP3PPP/RN1QKB1R b KQkq -,1500,1699,rapid,,,,,,discovery|validation|test,NON_EXECUTE
ORD-02,B1,after_key,r1b1kb1r/pp2pppp/1qn2n2/2pp4/3P1B2/2P1PN2/PP3PPP/RN1QKB1R w KQkq -,1500,1699,rapid,,,,,,discovery|validation|test,NON_EXECUTE
ORD-02,B1,before_key,r1bqkb1r/pp2pppp/2n2n2/2pp4/3P1B2/2P1PN2/PP3PPP/RN1QKB1R b KQkq -,1700,1899,blitz,,,,,,discovery|validation|test,NON_EXECUTE
ORD-02,B1,after_key,r1b1kb1r/pp2pppp/1qn2n2/2pp4/3P1B2/2P1PN2/PP3PPP/RN1QKB1R w KQkq -,1700,1899,blitz,,,,,,discovery|validation|test,NON_EXECUTE
ORD-02,B1,before_key,r1bqkb1r/pp2pppp/2n2n2/2pp4/3P1B2/2P1PN2/PP3PPP/RN1QKB1R b KQkq -,1700,1899,rapid,,,,,,discovery|validation|test,NON_EXECUTE
ORD-02,B1,after_key,r1b1kb1r/pp2pppp/1qn2n2/2pp4/3P1B2/2P1PN2/PP3PPP/RN1QKB1R w KQkq -,1700,1899,rapid,,,,,,discovery|validation|test,NON_EXECUTE
ORD-02,B1,before_key,r1bqkb1r/pp2pppp/2n2n2/2pp4/3P1B2/2P1PN2/PP3PPP/RN1QKB1R b KQkq -,1900,2099,blitz,,,,,,discovery|validation|test,NON_EXECUTE
ORD-02,B1,after_key,r1b1kb1r/pp2pppp/1qn2n2/2pp4/3P1B2/2P1PN2/PP3PPP/RN1QKB1R w KQkq -,1900,2099,blitz,,,,,,discovery|validation|test,NON_EXECUTE
ORD-02,B1,before_key,r1bqkb1r/pp2pppp/2n2n2/2pp4/3P1B2/2P1PN2/PP3PPP/RN1QKB1R b KQkq -,1900,2099,rapid,,,,,,discovery|validation|test,NON_EXECUTE
ORD-02,B1,after_key,r1b1kb1r/pp2pppp/1qn2n2/2pp4/3P1B2/2P1PN2/PP3PPP/RN1QKB1R w KQkq -,1900,2099,rapid,,,,,,discovery|validation|test,NON_EXECUTE
COL-01,B1,before_key,rn1qkb1r/ppp1pppp/5n2/3p1b2/3P4/3BPN2/PPP2PPP/RNBQK2R b KQkq -,1100,1299,blitz,,,,,,discovery|validation|test,NON_EXECUTE
COL-01,B1,after_key,rn1qkb1r/ppp2ppp/4pn2/3p1b2/3P4/3BPN2/PPP2PPP/RNBQK2R w KQkq -,1100,1299,blitz,,,,,,discovery|validation|test,NON_EXECUTE
COL-01,B1,before_key,rn1qkb1r/ppp1pppp/5n2/3p1b2/3P4/3BPN2/PPP2PPP/RNBQK2R b KQkq -,1100,1299,rapid,,,,,,discovery|validation|test,NON_EXECUTE
COL-01,B1,after_key,rn1qkb1r/ppp2ppp/4pn2/3p1b2/3P4/3BPN2/PPP2PPP/RNBQK2R w KQkq -,1100,1299,rapid,,,,,,discovery|validation|test,NON_EXECUTE
COL-01,B1,before_key,rn1qkb1r/ppp1pppp/5n2/3p1b2/3P4/3BPN2/PPP2PPP/RNBQK2R b KQkq -,1300,1499,blitz,,,,,,discovery|validation|test,NON_EXECUTE
COL-01,B1,after_key,rn1qkb1r/ppp2ppp/4pn2/3p1b2/3P4/3BPN2/PPP2PPP/RNBQK2R w KQkq -,1300,1499,blitz,,,,,,discovery|validation|test,NON_EXECUTE
COL-01,B1,before_key,rn1qkb1r/ppp1pppp/5n2/3p1b2/3P4/3BPN2/PPP2PPP/RNBQK2R b KQkq -,1300,1499,rapid,,,,,,discovery|validation|test,NON_EXECUTE
COL-01,B1,after_key,rn1qkb1r/ppp2ppp/4pn2/3p1b2/3P4/3BPN2/PPP2PPP/RNBQK2R w KQkq -,1300,1499,rapid,,,,,,discovery|validation|test,NON_EXECUTE
COL-01,B1,before_key,rn1qkb1r/ppp1pppp/5n2/3p1b2/3P4/3BPN2/PPP2PPP/RNBQK2R b KQkq -,1500,1699,blitz,,,,,,discovery|validation|test,NON_EXECUTE
COL-01,B1,after_key,rn1qkb1r/ppp2ppp/4pn2/3p1b2/3P4/3BPN2/PPP2PPP/RNBQK2R w KQkq -,1500,1699,blitz,,,,,,discovery|validation|test,NON_EXECUTE
COL-01,B1,before_key,rn1qkb1r/ppp1pppp/5n2/3p1b2/3P4/3BPN2/PPP2PPP/RNBQK2R b KQkq -,1500,1699,rapid,,,,,,discovery|validation|test,NON_EXECUTE
COL-01,B1,after_key,rn1qkb1r/ppp2ppp/4pn2/3p1b2/3P4/3BPN2/PPP2PPP/RNBQK2R w KQkq -,1500,1699,rapid,,,,,,discovery|validation|test,NON_EXECUTE
COL-01,B1,before_key,rn1qkb1r/ppp1pppp/5n2/3p1b2/3P4/3BPN2/PPP2PPP/RNBQK2R b KQkq -,1700,1899,blitz,,,,,,discovery|validation|test,NON_EXECUTE
COL-01,B1,after_key,rn1qkb1r/ppp2ppp/4pn2/3p1b2/3P4/3BPN2/PPP2PPP/RNBQK2R w KQkq -,1700,1899,blitz,,,,,,discovery|validation|test,NON_EXECUTE
COL-01,B1,before_key,rn1qkb1r/ppp1pppp/5n2/3p1b2/3P4/3BPN2/PPP2PPP/RNBQK2R b KQkq -,1700,1899,rapid,,,,,,discovery|validation|test,NON_EXECUTE
COL-01,B1,after_key,rn1qkb1r/ppp2ppp/4pn2/3p1b2/3P4/3BPN2/PPP2PPP/RNBQK2R w KQkq -,1700,1899,rapid,,,,,,discovery|validation|test,NON_EXECUTE
COL-01,B1,before_key,rn1qkb1r/ppp1pppp/5n2/3p1b2/3P4/3BPN2/PPP2PPP/RNBQK2R b KQkq -,1900,2099,blitz,,,,,,discovery|validation|test,NON_EXECUTE
COL-01,B1,after_key,rn1qkb1r/ppp2ppp/4pn2/3p1b2/3P4/3BPN2/PPP2PPP/RNBQK2R w KQkq -,1900,2099,blitz,,,,,,discovery|validation|test,NON_EXECUTE
COL-01,B1,before_key,rn1qkb1r/ppp1pppp/5n2/3p1b2/3P4/3BPN2/PPP2PPP/RNBQK2R b KQkq -,1900,2099,rapid,,,,,,discovery|validation|test,NON_EXECUTE
COL-01,B1,after_key,rn1qkb1r/ppp2ppp/4pn2/3p1b2/3P4/3BPN2/PPP2PPP/RNBQK2R w KQkq -,1900,2099,rapid,,,,,,discovery|validation|test,NON_EXECUTE
COL-10,B1,before_key,rnbqkb1r/pp3ppp/4pn2/2pp4/3P4/1P2PN2/PBP2PPP/RN1QKB1R b KQkq -,1100,1299,blitz,,,,,,discovery|validation|test,NON_EXECUTE
COL-10,B1,after_key,r1bqkb1r/pp3ppp/2n1pn2/2pp4/3P4/1P2PN2/PBP2PPP/RN1QKB1R w KQkq -,1100,1299,blitz,,,,,,discovery|validation|test,NON_EXECUTE
COL-10,B1,before_key,rnbqkb1r/pp3ppp/4pn2/2pp4/3P4/1P2PN2/PBP2PPP/RN1QKB1R b KQkq -,1100,1299,rapid,,,,,,discovery|validation|test,NON_EXECUTE
COL-10,B1,after_key,r1bqkb1r/pp3ppp/2n1pn2/2pp4/3P4/1P2PN2/PBP2PPP/RN1QKB1R w KQkq -,1100,1299,rapid,,,,,,discovery|validation|test,NON_EXECUTE
COL-10,B1,before_key,rnbqkb1r/pp3ppp/4pn2/2pp4/3P4/1P2PN2/PBP2PPP/RN1QKB1R b KQkq -,1300,1499,blitz,,,,,,discovery|validation|test,NON_EXECUTE
COL-10,B1,after_key,r1bqkb1r/pp3ppp/2n1pn2/2pp4/3P4/1P2PN2/PBP2PPP/RN1QKB1R w KQkq -,1300,1499,blitz,,,,,,discovery|validation|test,NON_EXECUTE
COL-10,B1,before_key,rnbqkb1r/pp3ppp/4pn2/2pp4/3P4/1P2PN2/PBP2PPP/RN1QKB1R b KQkq -,1300,1499,rapid,,,,,,discovery|validation|test,NON_EXECUTE
COL-10,B1,after_key,r1bqkb1r/pp3ppp/2n1pn2/2pp4/3P4/1P2PN2/PBP2PPP/RN1QKB1R w KQkq -,1300,1499,rapid,,,,,,discovery|validation|test,NON_EXECUTE
COL-10,B1,before_key,rnbqkb1r/pp3ppp/4pn2/2pp4/3P4/1P2PN2/PBP2PPP/RN1QKB1R b KQkq -,1500,1699,blitz,,,,,,discovery|validation|test,NON_EXECUTE
COL-10,B1,after_key,r1bqkb1r/pp3ppp/2n1pn2/2pp4/3P4/1P2PN2/PBP2PPP/RN1QKB1R w KQkq -,1500,1699,blitz,,,,,,discovery|validation|test,NON_EXECUTE
COL-10,B1,before_key,rnbqkb1r/pp3ppp/4pn2/2pp4/3P4/1P2PN2/PBP2PPP/RN1QKB1R b KQkq -,1500,1699,rapid,,,,,,discovery|validation|test,NON_EXECUTE
COL-10,B1,after_key,r1bqkb1r/pp3ppp/2n1pn2/2pp4/3P4/1P2PN2/PBP2PPP/RN1QKB1R w KQkq -,1500,1699,rapid,,,,,,discovery|validation|test,NON_EXECUTE
COL-10,B1,before_key,rnbqkb1r/pp3ppp/4pn2/2pp4/3P4/1P2PN2/PBP2PPP/RN1QKB1R b KQkq -,1700,1899,blitz,,,,,,discovery|validation|test,NON_EXECUTE
COL-10,B1,after_key,r1bqkb1r/pp3ppp/2n1pn2/2pp4/3P4/1P2PN2/PBP2PPP/RN1QKB1R w KQkq -,1700,1899,blitz,,,,,,discovery|validation|test,NON_EXECUTE
COL-10,B1,before_key,rnbqkb1r/pp3ppp/4pn2/2pp4/3P4/1P2PN2/PBP2PPP/RN1QKB1R b KQkq -,1700,1899,rapid,,,,,,discovery|validation|test,NON_EXECUTE
COL-10,B1,after_key,r1bqkb1r/pp3ppp/2n1pn2/2pp4/3P4/1P2PN2/PBP2PPP/RN1QKB1R w KQkq -,1700,1899,rapid,,,,,,discovery|validation|test,NON_EXECUTE
COL-10,B1,before_key,rnbqkb1r/pp3ppp/4pn2/2pp4/3P4/1P2PN2/PBP2PPP/RN1QKB1R b KQkq -,1900,2099,blitz,,,,,,discovery|validation|test,NON_EXECUTE
COL-10,B1,after_key,r1bqkb1r/pp3ppp/2n1pn2/2pp4/3P4/1P2PN2/PBP2PPP/RN1QKB1R w KQkq -,1900,2099,blitz,,,,,,discovery|validation|test,NON_EXECUTE
COL-10,B1,before_key,rnbqkb1r/pp3ppp/4pn2/2pp4/3P4/1P2PN2/PBP2PPP/RN1QKB1R b KQkq -,1900,2099,rapid,,,,,,discovery|validation|test,NON_EXECUTE
COL-10,B1,after_key,r1bqkb1r/pp3ppp/2n1pn2/2pp4/3P4/1P2PN2/PBP2PPP/RN1QKB1R w KQkq -,1900,2099,rapid,,,,,,discovery|validation|test,NON_EXECUTE
VER-01,B1,before_key,rnbqkb1r/pp2pppp/5n2/2pp2B1/3P4/2N1P3/PPP2PPP/R2QKBNR b KQkq -,1100,1299,blitz,,,,,,discovery|validation|test,NON_EXECUTE
VER-01,B1,after_key,rnbqkb1r/pp3ppp/4pn2/2pp2B1/3P4/2N1P3/PPP2PPP/R2QKBNR w KQkq -,1100,1299,blitz,,,,,,discovery|validation|test,NON_EXECUTE
VER-01,B1,before_key,rnbqkb1r/pp2pppp/5n2/2pp2B1/3P4/2N1P3/PPP2PPP/R2QKBNR b KQkq -,1100,1299,rapid,,,,,,discovery|validation|test,NON_EXECUTE
VER-01,B1,after_key,rnbqkb1r/pp3ppp/4pn2/2pp2B1/3P4/2N1P3/PPP2PPP/R2QKBNR w KQkq -,1100,1299,rapid,,,,,,discovery|validation|test,NON_EXECUTE
VER-01,B1,before_key,rnbqkb1r/pp2pppp/5n2/2pp2B1/3P4/2N1P3/PPP2PPP/R2QKBNR b KQkq -,1300,1499,blitz,,,,,,discovery|validation|test,NON_EXECUTE
VER-01,B1,after_key,rnbqkb1r/pp3ppp/4pn2/2pp2B1/3P4/2N1P3/PPP2PPP/R2QKBNR w KQkq -,1300,1499,blitz,,,,,,discovery|validation|test,NON_EXECUTE
VER-01,B1,before_key,rnbqkb1r/pp2pppp/5n2/2pp2B1/3P4/2N1P3/PPP2PPP/R2QKBNR b KQkq -,1300,1499,rapid,,,,,,discovery|validation|test,NON_EXECUTE
VER-01,B1,after_key,rnbqkb1r/pp3ppp/4pn2/2pp2B1/3P4/2N1P3/PPP2PPP/R2QKBNR w KQkq -,1300,1499,rapid,,,,,,discovery|validation|test,NON_EXECUTE
VER-01,B1,before_key,rnbqkb1r/pp2pppp/5n2/2pp2B1/3P4/2N1P3/PPP2PPP/R2QKBNR b KQkq -,1500,1699,blitz,,,,,,discovery|validation|test,NON_EXECUTE
VER-01,B1,after_key,rnbqkb1r/pp3ppp/4pn2/2pp2B1/3P4/2N1P3/PPP2PPP/R2QKBNR w KQkq -,1500,1699,blitz,,,,,,discovery|validation|test,NON_EXECUTE
VER-01,B1,before_key,rnbqkb1r/pp2pppp/5n2/2pp2B1/3P4/2N1P3/PPP2PPP/R2QKBNR b KQkq -,1500,1699,rapid,,,,,,discovery|validation|test,NON_EXECUTE
VER-01,B1,after_key,rnbqkb1r/pp3ppp/4pn2/2pp2B1/3P4/2N1P3/PPP2PPP/R2QKBNR w KQkq -,1500,1699,rapid,,,,,,discovery|validation|test,NON_EXECUTE
VER-01,B1,before_key,rnbqkb1r/pp2pppp/5n2/2pp2B1/3P4/2N1P3/PPP2PPP/R2QKBNR b KQkq -,1700,1899,blitz,,,,,,discovery|validation|test,NON_EXECUTE
VER-01,B1,after_key,rnbqkb1r/pp3ppp/4pn2/2pp2B1/3P4/2N1P3/PPP2PPP/R2QKBNR w KQkq -,1700,1899,blitz,,,,,,discovery|validation|test,NON_EXECUTE
VER-01,B1,before_key,rnbqkb1r/pp2pppp/5n2/2pp2B1/3P4/2N1P3/PPP2PPP/R2QKBNR b KQkq -,1700,1899,rapid,,,,,,discovery|validation|test,NON_EXECUTE
VER-01,B1,after_key,rnbqkb1r/pp3ppp/4pn2/2pp2B1/3P4/2N1P3/PPP2PPP/R2QKBNR w KQkq -,1700,1899,rapid,,,,,,discovery|validation|test,NON_EXECUTE
VER-01,B1,before_key,rnbqkb1r/pp2pppp/5n2/2pp2B1/3P4/2N1P3/PPP2PPP/R2QKBNR b KQkq -,1900,2099,blitz,,,,,,discovery|validation|test,NON_EXECUTE
VER-01,B1,after_key,rnbqkb1r/pp3ppp/4pn2/2pp2B1/3P4/2N1P3/PPP2PPP/R2QKBNR w KQkq -,1900,2099,blitz,,,,,,discovery|validation|test,NON_EXECUTE
VER-01,B1,before_key,rnbqkb1r/pp2pppp/5n2/2pp2B1/3P4/2N1P3/PPP2PPP/R2QKBNR b KQkq -,1900,2099,rapid,,,,,,discovery|validation|test,NON_EXECUTE
VER-01,B1,after_key,rnbqkb1r/pp3ppp/4pn2/2pp2B1/3P4/2N1P3/PPP2PPP/R2QKBNR w KQkq -,1900,2099,rapid,,,,,,discovery|validation|test,NON_EXECUTE
LON-02,B2,before_key,r1b1kb1r/pp2pppp/1qn2n2/3p4/2pP1B2/2P1PN2/PPQ2PPP/RN2KB1R b KQkq -,1100,1299,blitz,,,,,,discovery|validation|test,NON_EXECUTE
LON-02,B2,after_key,r3kb1r/pp2pppp/1qn2n2/3p1b2/2pP1B2/2P1PN2/PPQ2PPP/RN2KB1R w KQkq -,1100,1299,blitz,,,,,,discovery|validation|test,NON_EXECUTE
LON-02,B2,before_key,r1b1kb1r/pp2pppp/1qn2n2/3p4/2pP1B2/2P1PN2/PPQ2PPP/RN2KB1R b KQkq -,1100,1299,rapid,,,,,,discovery|validation|test,NON_EXECUTE
LON-02,B2,after_key,r3kb1r/pp2pppp/1qn2n2/3p1b2/2pP1B2/2P1PN2/PPQ2PPP/RN2KB1R w KQkq -,1100,1299,rapid,,,,,,discovery|validation|test,NON_EXECUTE
LON-02,B2,before_key,r1b1kb1r/pp2pppp/1qn2n2/3p4/2pP1B2/2P1PN2/PPQ2PPP/RN2KB1R b KQkq -,1300,1499,blitz,,,,,,discovery|validation|test,NON_EXECUTE
LON-02,B2,after_key,r3kb1r/pp2pppp/1qn2n2/3p1b2/2pP1B2/2P1PN2/PPQ2PPP/RN2KB1R w KQkq -,1300,1499,blitz,,,,,,discovery|validation|test,NON_EXECUTE
LON-02,B2,before_key,r1b1kb1r/pp2pppp/1qn2n2/3p4/2pP1B2/2P1PN2/PPQ2PPP/RN2KB1R b KQkq -,1300,1499,rapid,,,,,,discovery|validation|test,NON_EXECUTE
LON-02,B2,after_key,r3kb1r/pp2pppp/1qn2n2/3p1b2/2pP1B2/2P1PN2/PPQ2PPP/RN2KB1R w KQkq -,1300,1499,rapid,,,,,,discovery|validation|test,NON_EXECUTE
LON-02,B2,before_key,r1b1kb1r/pp2pppp/1qn2n2/3p4/2pP1B2/2P1PN2/PPQ2PPP/RN2KB1R b KQkq -,1500,1699,blitz,,,,,,discovery|validation|test,NON_EXECUTE
LON-02,B2,after_key,r3kb1r/pp2pppp/1qn2n2/3p1b2/2pP1B2/2P1PN2/PPQ2PPP/RN2KB1R w KQkq -,1500,1699,blitz,,,,,,discovery|validation|test,NON_EXECUTE
LON-02,B2,before_key,r1b1kb1r/pp2pppp/1qn2n2/3p4/2pP1B2/2P1PN2/PPQ2PPP/RN2KB1R b KQkq -,1500,1699,rapid,,,,,,discovery|validation|test,NON_EXECUTE
LON-02,B2,after_key,r3kb1r/pp2pppp/1qn2n2/3p1b2/2pP1B2/2P1PN2/PPQ2PPP/RN2KB1R w KQkq -,1500,1699,rapid,,,,,,discovery|validation|test,NON_EXECUTE
LON-02,B2,before_key,r1b1kb1r/pp2pppp/1qn2n2/3p4/2pP1B2/2P1PN2/PPQ2PPP/RN2KB1R b KQkq -,1700,1899,blitz,,,,,,discovery|validation|test,NON_EXECUTE
LON-02,B2,after_key,r3kb1r/pp2pppp/1qn2n2/3p1b2/2pP1B2/2P1PN2/PPQ2PPP/RN2KB1R w KQkq -,1700,1899,blitz,,,,,,discovery|validation|test,NON_EXECUTE
LON-02,B2,before_key,r1b1kb1r/pp2pppp/1qn2n2/3p4/2pP1B2/2P1PN2/PPQ2PPP/RN2KB1R b KQkq -,1700,1899,rapid,,,,,,discovery|validation|test,NON_EXECUTE
LON-02,B2,after_key,r3kb1r/pp2pppp/1qn2n2/3p1b2/2pP1B2/2P1PN2/PPQ2PPP/RN2KB1R w KQkq -,1700,1899,rapid,,,,,,discovery|validation|test,NON_EXECUTE
LON-02,B2,before_key,r1b1kb1r/pp2pppp/1qn2n2/3p4/2pP1B2/2P1PN2/PPQ2PPP/RN2KB1R b KQkq -,1900,2099,blitz,,,,,,discovery|validation|test,NON_EXECUTE
LON-02,B2,after_key,r3kb1r/pp2pppp/1qn2n2/3p1b2/2pP1B2/2P1PN2/PPQ2PPP/RN2KB1R w KQkq -,1900,2099,blitz,,,,,,discovery|validation|test,NON_EXECUTE
LON-02,B2,before_key,r1b1kb1r/pp2pppp/1qn2n2/3p4/2pP1B2/2P1PN2/PPQ2PPP/RN2KB1R b KQkq -,1900,2099,rapid,,,,,,discovery|validation|test,NON_EXECUTE
LON-02,B2,after_key,r3kb1r/pp2pppp/1qn2n2/3p1b2/2pP1B2/2P1PN2/PPQ2PPP/RN2KB1R w KQkq -,1900,2099,rapid,,,,,,discovery|validation|test,NON_EXECUTE
LON-04,B2,before_key,r1b1kb1r/pp2pppp/1qn2n2/3p4/3P1B2/2P2N2/PP3PPP/RNQ1KB1R b KQkq -,1100,1299,blitz,,,,,,discovery|validation|test,NON_EXECUTE
LON-04,B2,after_key,r3kb1r/pp2pppp/1qn2n2/3p1b2/3P1B2/2P2N2/PP3PPP/RNQ1KB1R w KQkq -,1100,1299,blitz,,,,,,discovery|validation|test,NON_EXECUTE
LON-04,B2,before_key,r1b1kb1r/pp2pppp/1qn2n2/3p4/3P1B2/2P2N2/PP3PPP/RNQ1KB1R b KQkq -,1100,1299,rapid,,,,,,discovery|validation|test,NON_EXECUTE
LON-04,B2,after_key,r3kb1r/pp2pppp/1qn2n2/3p1b2/3P1B2/2P2N2/PP3PPP/RNQ1KB1R w KQkq -,1100,1299,rapid,,,,,,discovery|validation|test,NON_EXECUTE
LON-04,B2,before_key,r1b1kb1r/pp2pppp/1qn2n2/3p4/3P1B2/2P2N2/PP3PPP/RNQ1KB1R b KQkq -,1300,1499,blitz,,,,,,discovery|validation|test,NON_EXECUTE
LON-04,B2,after_key,r3kb1r/pp2pppp/1qn2n2/3p1b2/3P1B2/2P2N2/PP3PPP/RNQ1KB1R w KQkq -,1300,1499,blitz,,,,,,discovery|validation|test,NON_EXECUTE
LON-04,B2,before_key,r1b1kb1r/pp2pppp/1qn2n2/3p4/3P1B2/2P2N2/PP3PPP/RNQ1KB1R b KQkq -,1300,1499,rapid,,,,,,discovery|validation|test,NON_EXECUTE
LON-04,B2,after_key,r3kb1r/pp2pppp/1qn2n2/3p1b2/3P1B2/2P2N2/PP3PPP/RNQ1KB1R w KQkq -,1300,1499,rapid,,,,,,discovery|validation|test,NON_EXECUTE
LON-04,B2,before_key,r1b1kb1r/pp2pppp/1qn2n2/3p4/3P1B2/2P2N2/PP3PPP/RNQ1KB1R b KQkq -,1500,1699,blitz,,,,,,discovery|validation|test,NON_EXECUTE
LON-04,B2,after_key,r3kb1r/pp2pppp/1qn2n2/3p1b2/3P1B2/2P2N2/PP3PPP/RNQ1KB1R w KQkq -,1500,1699,blitz,,,,,,discovery|validation|test,NON_EXECUTE
LON-04,B2,before_key,r1b1kb1r/pp2pppp/1qn2n2/3p4/3P1B2/2P2N2/PP3PPP/RNQ1KB1R b KQkq -,1500,1699,rapid,,,,,,discovery|validation|test,NON_EXECUTE
LON-04,B2,after_key,r3kb1r/pp2pppp/1qn2n2/3p1b2/3P1B2/2P2N2/PP3PPP/RNQ1KB1R w KQkq -,1500,1699,rapid,,,,,,discovery|validation|test,NON_EXECUTE
LON-04,B2,before_key,r1b1kb1r/pp2pppp/1qn2n2/3p4/3P1B2/2P2N2/PP3PPP/RNQ1KB1R b KQkq -,1700,1899,blitz,,,,,,discovery|validation|test,NON_EXECUTE
LON-04,B2,after_key,r3kb1r/pp2pppp/1qn2n2/3p1b2/3P1B2/2P2N2/PP3PPP/RNQ1KB1R w KQkq -,1700,1899,blitz,,,,,,discovery|validation|test,NON_EXECUTE
LON-04,B2,before_key,r1b1kb1r/pp2pppp/1qn2n2/3p4/3P1B2/2P2N2/PP3PPP/RNQ1KB1R b KQkq -,1700,1899,rapid,,,,,,discovery|validation|test,NON_EXECUTE
LON-04,B2,after_key,r3kb1r/pp2pppp/1qn2n2/3p1b2/3P1B2/2P2N2/PP3PPP/RNQ1KB1R w KQkq -,1700,1899,rapid,,,,,,discovery|validation|test,NON_EXECUTE
LON-04,B2,before_key,r1b1kb1r/pp2pppp/1qn2n2/3p4/3P1B2/2P2N2/PP3PPP/RNQ1KB1R b KQkq -,1900,2099,blitz,,,,,,discovery|validation|test,NON_EXECUTE
LON-04,B2,after_key,r3kb1r/pp2pppp/1qn2n2/3p1b2/3P1B2/2P2N2/PP3PPP/RNQ1KB1R w KQkq -,1900,2099,blitz,,,,,,discovery|validation|test,NON_EXECUTE
LON-04,B2,before_key,r1b1kb1r/pp2pppp/1qn2n2/3p4/3P1B2/2P2N2/PP3PPP/RNQ1KB1R b KQkq -,1900,2099,rapid,,,,,,discovery|validation|test,NON_EXECUTE
LON-04,B2,after_key,r3kb1r/pp2pppp/1qn2n2/3p1b2/3P1B2/2P2N2/PP3PPP/RNQ1KB1R w KQkq -,1900,2099,rapid,,,,,,discovery|validation|test,NON_EXECUTE
LON-09,B2,before_key,r1b1kb1r/pp2pppp/1qn2n2/2pp4/3P1B2/1PP1PN2/P4PPP/RN1QKB1R b KQkq -,1100,1299,blitz,,,,,,discovery|validation|test,NON_EXECUTE
LON-09,B2,after_key,r3kb1r/pp2pppp/1qn2n2/2pp4/3P1Bb1/1PP1PN2/P4PPP/RN1QKB1R w KQkq -,1100,1299,blitz,,,,,,discovery|validation|test,NON_EXECUTE
LON-09,B2,before_key,r1b1kb1r/pp2pppp/1qn2n2/2pp4/3P1B2/1PP1PN2/P4PPP/RN1QKB1R b KQkq -,1100,1299,rapid,,,,,,discovery|validation|test,NON_EXECUTE
LON-09,B2,after_key,r3kb1r/pp2pppp/1qn2n2/2pp4/3P1Bb1/1PP1PN2/P4PPP/RN1QKB1R w KQkq -,1100,1299,rapid,,,,,,discovery|validation|test,NON_EXECUTE
LON-09,B2,before_key,r1b1kb1r/pp2pppp/1qn2n2/2pp4/3P1B2/1PP1PN2/P4PPP/RN1QKB1R b KQkq -,1300,1499,blitz,,,,,,discovery|validation|test,NON_EXECUTE
LON-09,B2,after_key,r3kb1r/pp2pppp/1qn2n2/2pp4/3P1Bb1/1PP1PN2/P4PPP/RN1QKB1R w KQkq -,1300,1499,blitz,,,,,,discovery|validation|test,NON_EXECUTE
LON-09,B2,before_key,r1b1kb1r/pp2pppp/1qn2n2/2pp4/3P1B2/1PP1PN2/P4PPP/RN1QKB1R b KQkq -,1300,1499,rapid,,,,,,discovery|validation|test,NON_EXECUTE
LON-09,B2,after_key,r3kb1r/pp2pppp/1qn2n2/2pp4/3P1Bb1/1PP1PN2/P4PPP/RN1QKB1R w KQkq -,1300,1499,rapid,,,,,,discovery|validation|test,NON_EXECUTE
LON-09,B2,before_key,r1b1kb1r/pp2pppp/1qn2n2/2pp4/3P1B2/1PP1PN2/P4PPP/RN1QKB1R b KQkq -,1500,1699,blitz,,,,,,discovery|validation|test,NON_EXECUTE
LON-09,B2,after_key,r3kb1r/pp2pppp/1qn2n2/2pp4/3P1Bb1/1PP1PN2/P4PPP/RN1QKB1R w KQkq -,1500,1699,blitz,,,,,,discovery|validation|test,NON_EXECUTE
LON-09,B2,before_key,r1b1kb1r/pp2pppp/1qn2n2/2pp4/3P1B2/1PP1PN2/P4PPP/RN1QKB1R b KQkq -,1500,1699,rapid,,,,,,discovery|validation|test,NON_EXECUTE
LON-09,B2,after_key,r3kb1r/pp2pppp/1qn2n2/2pp4/3P1Bb1/1PP1PN2/P4PPP/RN1QKB1R w KQkq -,1500,1699,rapid,,,,,,discovery|validation|test,NON_EXECUTE
LON-09,B2,before_key,r1b1kb1r/pp2pppp/1qn2n2/2pp4/3P1B2/1PP1PN2/P4PPP/RN1QKB1R b KQkq -,1700,1899,blitz,,,,,,discovery|validation|test,NON_EXECUTE
LON-09,B2,after_key,r3kb1r/pp2pppp/1qn2n2/2pp4/3P1Bb1/1PP1PN2/P4PPP/RN1QKB1R w KQkq -,1700,1899,blitz,,,,,,discovery|validation|test,NON_EXECUTE
LON-09,B2,before_key,r1b1kb1r/pp2pppp/1qn2n2/2pp4/3P1B2/1PP1PN2/P4PPP/RN1QKB1R b KQkq -,1700,1899,rapid,,,,,,discovery|validation|test,NON_EXECUTE
LON-09,B2,after_key,r3kb1r/pp2pppp/1qn2n2/2pp4/3P1Bb1/1PP1PN2/P4PPP/RN1QKB1R w KQkq -,1700,1899,rapid,,,,,,discovery|validation|test,NON_EXECUTE
LON-09,B2,before_key,r1b1kb1r/pp2pppp/1qn2n2/2pp4/3P1B2/1PP1PN2/P4PPP/RN1QKB1R b KQkq -,1900,2099,blitz,,,,,,discovery|validation|test,NON_EXECUTE
LON-09,B2,after_key,r3kb1r/pp2pppp/1qn2n2/2pp4/3P1Bb1/1PP1PN2/P4PPP/RN1QKB1R w KQkq -,1900,2099,blitz,,,,,,discovery|validation|test,NON_EXECUTE
LON-09,B2,before_key,r1b1kb1r/pp2pppp/1qn2n2/2pp4/3P1B2/1PP1PN2/P4PPP/RN1QKB1R b KQkq -,1900,2099,rapid,,,,,,discovery|validation|test,NON_EXECUTE
LON-09,B2,after_key,r3kb1r/pp2pppp/1qn2n2/2pp4/3P1Bb1/1PP1PN2/P4PPP/RN1QKB1R w KQkq -,1900,2099,rapid,,,,,,discovery|validation|test,NON_EXECUTE
JOB-12,B2,before_key,rnbqkb1r/pp2pppp/5n2/2pp4/3P1B2/8/PPP1PPPP/RN1QKBNR b KQkq -,1100,1299,blitz,,,,,,discovery|validation|test,NON_EXECUTE
JOB-12,B2,after_key,rnb1kb1r/pp2pppp/1q3n2/2pp4/3P1B2/8/PPP1PPPP/RN1QKBNR w KQkq -,1100,1299,blitz,,,,,,discovery|validation|test,NON_EXECUTE
JOB-12,B2,before_key,rnbqkb1r/pp2pppp/5n2/2pp4/3P1B2/8/PPP1PPPP/RN1QKBNR b KQkq -,1100,1299,rapid,,,,,,discovery|validation|test,NON_EXECUTE
JOB-12,B2,after_key,rnb1kb1r/pp2pppp/1q3n2/2pp4/3P1B2/8/PPP1PPPP/RN1QKBNR w KQkq -,1100,1299,rapid,,,,,,discovery|validation|test,NON_EXECUTE
JOB-12,B2,before_key,rnbqkb1r/pp2pppp/5n2/2pp4/3P1B2/8/PPP1PPPP/RN1QKBNR b KQkq -,1300,1499,blitz,,,,,,discovery|validation|test,NON_EXECUTE
JOB-12,B2,after_key,rnb1kb1r/pp2pppp/1q3n2/2pp4/3P1B2/8/PPP1PPPP/RN1QKBNR w KQkq -,1300,1499,blitz,,,,,,discovery|validation|test,NON_EXECUTE
JOB-12,B2,before_key,rnbqkb1r/pp2pppp/5n2/2pp4/3P1B2/8/PPP1PPPP/RN1QKBNR b KQkq -,1300,1499,rapid,,,,,,discovery|validation|test,NON_EXECUTE
JOB-12,B2,after_key,rnb1kb1r/pp2pppp/1q3n2/2pp4/3P1B2/8/PPP1PPPP/RN1QKBNR w KQkq -,1300,1499,rapid,,,,,,discovery|validation|test,NON_EXECUTE
JOB-12,B2,before_key,rnbqkb1r/pp2pppp/5n2/2pp4/3P1B2/8/PPP1PPPP/RN1QKBNR b KQkq -,1500,1699,blitz,,,,,,discovery|validation|test,NON_EXECUTE
JOB-12,B2,after_key,rnb1kb1r/pp2pppp/1q3n2/2pp4/3P1B2/8/PPP1PPPP/RN1QKBNR w KQkq -,1500,1699,blitz,,,,,,discovery|validation|test,NON_EXECUTE
JOB-12,B2,before_key,rnbqkb1r/pp2pppp/5n2/2pp4/3P1B2/8/PPP1PPPP/RN1QKBNR b KQkq -,1500,1699,rapid,,,,,,discovery|validation|test,NON_EXECUTE
JOB-12,B2,after_key,rnb1kb1r/pp2pppp/1q3n2/2pp4/3P1B2/8/PPP1PPPP/RN1QKBNR w KQkq -,1500,1699,rapid,,,,,,discovery|validation|test,NON_EXECUTE
JOB-12,B2,before_key,rnbqkb1r/pp2pppp/5n2/2pp4/3P1B2/8/PPP1PPPP/RN1QKBNR b KQkq -,1700,1899,blitz,,,,,,discovery|validation|test,NON_EXECUTE
JOB-12,B2,after_key,rnb1kb1r/pp2pppp/1q3n2/2pp4/3P1B2/8/PPP1PPPP/RN1QKBNR w KQkq -,1700,1899,blitz,,,,,,discovery|validation|test,NON_EXECUTE
JOB-12,B2,before_key,rnbqkb1r/pp2pppp/5n2/2pp4/3P1B2/8/PPP1PPPP/RN1QKBNR b KQkq -,1700,1899,rapid,,,,,,discovery|validation|test,NON_EXECUTE
JOB-12,B2,after_key,rnb1kb1r/pp2pppp/1q3n2/2pp4/3P1B2/8/PPP1PPPP/RN1QKBNR w KQkq -,1700,1899,rapid,,,,,,discovery|validation|test,NON_EXECUTE
JOB-12,B2,before_key,rnbqkb1r/pp2pppp/5n2/2pp4/3P1B2/8/PPP1PPPP/RN1QKBNR b KQkq -,1900,2099,blitz,,,,,,discovery|validation|test,NON_EXECUTE
JOB-12,B2,after_key,rnb1kb1r/pp2pppp/1q3n2/2pp4/3P1B2/8/PPP1PPPP/RN1QKBNR w KQkq -,1900,2099,blitz,,,,,,discovery|validation|test,NON_EXECUTE
JOB-12,B2,before_key,rnbqkb1r/pp2pppp/5n2/2pp4/3P1B2/8/PPP1PPPP/RN1QKBNR b KQkq -,1900,2099,rapid,,,,,,discovery|validation|test,NON_EXECUTE
JOB-12,B2,after_key,rnb1kb1r/pp2pppp/1q3n2/2pp4/3P1B2/8/PPP1PPPP/RN1QKBNR w KQkq -,1900,2099,rapid,,,,,,discovery|validation|test,NON_EXECUTE
TOR-10,B2,before_key,rnbqkb1r/pp2pppp/8/2pp4/3PnB2/4PN2/PPP2PPP/RN1QKB1R b KQkq -,1100,1299,blitz,,,,,,discovery|validation|test,NON_EXECUTE
TOR-10,B2,after_key,rnb1kb1r/pp2pppp/1q6/2pp4/3PnB2/4PN2/PPP2PPP/RN1QKB1R w KQkq -,1100,1299,blitz,,,,,,discovery|validation|test,NON_EXECUTE
TOR-10,B2,before_key,rnbqkb1r/pp2pppp/8/2pp4/3PnB2/4PN2/PPP2PPP/RN1QKB1R b KQkq -,1100,1299,rapid,,,,,,discovery|validation|test,NON_EXECUTE
TOR-10,B2,after_key,rnb1kb1r/pp2pppp/1q6/2pp4/3PnB2/4PN2/PPP2PPP/RN1QKB1R w KQkq -,1100,1299,rapid,,,,,,discovery|validation|test,NON_EXECUTE
TOR-10,B2,before_key,rnbqkb1r/pp2pppp/8/2pp4/3PnB2/4PN2/PPP2PPP/RN1QKB1R b KQkq -,1300,1499,blitz,,,,,,discovery|validation|test,NON_EXECUTE
TOR-10,B2,after_key,rnb1kb1r/pp2pppp/1q6/2pp4/3PnB2/4PN2/PPP2PPP/RN1QKB1R w KQkq -,1300,1499,blitz,,,,,,discovery|validation|test,NON_EXECUTE
TOR-10,B2,before_key,rnbqkb1r/pp2pppp/8/2pp4/3PnB2/4PN2/PPP2PPP/RN1QKB1R b KQkq -,1300,1499,rapid,,,,,,discovery|validation|test,NON_EXECUTE
TOR-10,B2,after_key,rnb1kb1r/pp2pppp/1q6/2pp4/3PnB2/4PN2/PPP2PPP/RN1QKB1R w KQkq -,1300,1499,rapid,,,,,,discovery|validation|test,NON_EXECUTE
TOR-10,B2,before_key,rnbqkb1r/pp2pppp/8/2pp4/3PnB2/4PN2/PPP2PPP/RN1QKB1R b KQkq -,1500,1699,blitz,,,,,,discovery|validation|test,NON_EXECUTE
TOR-10,B2,after_key,rnb1kb1r/pp2pppp/1q6/2pp4/3PnB2/4PN2/PPP2PPP/RN1QKB1R w KQkq -,1500,1699,blitz,,,,,,discovery|validation|test,NON_EXECUTE
TOR-10,B2,before_key,rnbqkb1r/pp2pppp/8/2pp4/3PnB2/4PN2/PPP2PPP/RN1QKB1R b KQkq -,1500,1699,rapid,,,,,,discovery|validation|test,NON_EXECUTE
TOR-10,B2,after_key,rnb1kb1r/pp2pppp/1q6/2pp4/3PnB2/4PN2/PPP2PPP/RN1QKB1R w KQkq -,1500,1699,rapid,,,,,,discovery|validation|test,NON_EXECUTE
TOR-10,B2,before_key,rnbqkb1r/pp2pppp/8/2pp4/3PnB2/4PN2/PPP2PPP/RN1QKB1R b KQkq -,1700,1899,blitz,,,,,,discovery|validation|test,NON_EXECUTE
TOR-10,B2,after_key,rnb1kb1r/pp2pppp/1q6/2pp4/3PnB2/4PN2/PPP2PPP/RN1QKB1R w KQkq -,1700,1899,blitz,,,,,,discovery|validation|test,NON_EXECUTE
TOR-10,B2,before_key,rnbqkb1r/pp2pppp/8/2pp4/3PnB2/4PN2/PPP2PPP/RN1QKB1R b KQkq -,1700,1899,rapid,,,,,,discovery|validation|test,NON_EXECUTE
TOR-10,B2,after_key,rnb1kb1r/pp2pppp/1q6/2pp4/3PnB2/4PN2/PPP2PPP/RN1QKB1R w KQkq -,1700,1899,rapid,,,,,,discovery|validation|test,NON_EXECUTE
TOR-10,B2,before_key,rnbqkb1r/pp2pppp/8/2pp4/3PnB2/4PN2/PPP2PPP/RN1QKB1R b KQkq -,1900,2099,blitz,,,,,,discovery|validation|test,NON_EXECUTE
TOR-10,B2,after_key,rnb1kb1r/pp2pppp/1q6/2pp4/3PnB2/4PN2/PPP2PPP/RN1QKB1R w KQkq -,1900,2099,blitz,,,,,,discovery|validation|test,NON_EXECUTE
TOR-10,B2,before_key,rnbqkb1r/pp2pppp/8/2pp4/3PnB2/4PN2/PPP2PPP/RN1QKB1R b KQkq -,1900,2099,rapid,,,,,,discovery|validation|test,NON_EXECUTE
TOR-10,B2,after_key,rnb1kb1r/pp2pppp/1q6/2pp4/3PnB2/4PN2/PPP2PPP/RN1QKB1R w KQkq -,1900,2099,rapid,,,,,,discovery|validation|test,NON_EXECUTE
LON-01,B3,before_key,r1b1kb1r/pp2pppp/1Qn2n2/3p4/2pP1B2/2P1PN2/PP3PPP/RN2KB1R b KQkq -,1100,1299,blitz,,,,,,discovery|validation|test,NON_EXECUTE
LON-01,B3,after_key,r1b1kb1r/1p2pppp/1pn2n2/3p4/2pP1B2/2P1PN2/PP3PPP/RN2KB1R w KQkq -,1100,1299,blitz,,,,,,discovery|validation|test,NON_EXECUTE
LON-01,B3,before_key,r1b1kb1r/pp2pppp/1Qn2n2/3p4/2pP1B2/2P1PN2/PP3PPP/RN2KB1R b KQkq -,1100,1299,rapid,,,,,,discovery|validation|test,NON_EXECUTE
LON-01,B3,after_key,r1b1kb1r/1p2pppp/1pn2n2/3p4/2pP1B2/2P1PN2/PP3PPP/RN2KB1R w KQkq -,1100,1299,rapid,,,,,,discovery|validation|test,NON_EXECUTE
LON-01,B3,before_key,r1b1kb1r/pp2pppp/1Qn2n2/3p4/2pP1B2/2P1PN2/PP3PPP/RN2KB1R b KQkq -,1300,1499,blitz,,,,,,discovery|validation|test,NON_EXECUTE
LON-01,B3,after_key,r1b1kb1r/1p2pppp/1pn2n2/3p4/2pP1B2/2P1PN2/PP3PPP/RN2KB1R w KQkq -,1300,1499,blitz,,,,,,discovery|validation|test,NON_EXECUTE
LON-01,B3,before_key,r1b1kb1r/pp2pppp/1Qn2n2/3p4/2pP1B2/2P1PN2/PP3PPP/RN2KB1R b KQkq -,1300,1499,rapid,,,,,,discovery|validation|test,NON_EXECUTE
LON-01,B3,after_key,r1b1kb1r/1p2pppp/1pn2n2/3p4/2pP1B2/2P1PN2/PP3PPP/RN2KB1R w KQkq -,1300,1499,rapid,,,,,,discovery|validation|test,NON_EXECUTE
LON-01,B3,before_key,r1b1kb1r/pp2pppp/1Qn2n2/3p4/2pP1B2/2P1PN2/PP3PPP/RN2KB1R b KQkq -,1500,1699,blitz,,,,,,discovery|validation|test,NON_EXECUTE
LON-01,B3,after_key,r1b1kb1r/1p2pppp/1pn2n2/3p4/2pP1B2/2P1PN2/PP3PPP/RN2KB1R w KQkq -,1500,1699,blitz,,,,,,discovery|validation|test,NON_EXECUTE
LON-01,B3,before_key,r1b1kb1r/pp2pppp/1Qn2n2/3p4/2pP1B2/2P1PN2/PP3PPP/RN2KB1R b KQkq -,1500,1699,rapid,,,,,,discovery|validation|test,NON_EXECUTE
LON-01,B3,after_key,r1b1kb1r/1p2pppp/1pn2n2/3p4/2pP1B2/2P1PN2/PP3PPP/RN2KB1R w KQkq -,1500,1699,rapid,,,,,,discovery|validation|test,NON_EXECUTE
LON-01,B3,before_key,r1b1kb1r/pp2pppp/1Qn2n2/3p4/2pP1B2/2P1PN2/PP3PPP/RN2KB1R b KQkq -,1700,1899,blitz,,,,,,discovery|validation|test,NON_EXECUTE
LON-01,B3,after_key,r1b1kb1r/1p2pppp/1pn2n2/3p4/2pP1B2/2P1PN2/PP3PPP/RN2KB1R w KQkq -,1700,1899,blitz,,,,,,discovery|validation|test,NON_EXECUTE
LON-01,B3,before_key,r1b1kb1r/pp2pppp/1Qn2n2/3p4/2pP1B2/2P1PN2/PP3PPP/RN2KB1R b KQkq -,1700,1899,rapid,,,,,,discovery|validation|test,NON_EXECUTE
LON-01,B3,after_key,r1b1kb1r/1p2pppp/1pn2n2/3p4/2pP1B2/2P1PN2/PP3PPP/RN2KB1R w KQkq -,1700,1899,rapid,,,,,,discovery|validation|test,NON_EXECUTE
LON-01,B3,before_key,r1b1kb1r/pp2pppp/1Qn2n2/3p4/2pP1B2/2P1PN2/PP3PPP/RN2KB1R b KQkq -,1900,2099,blitz,,,,,,discovery|validation|test,NON_EXECUTE
LON-01,B3,after_key,r1b1kb1r/1p2pppp/1pn2n2/3p4/2pP1B2/2P1PN2/PP3PPP/RN2KB1R w KQkq -,1900,2099,blitz,,,,,,discovery|validation|test,NON_EXECUTE
LON-01,B3,before_key,r1b1kb1r/pp2pppp/1Qn2n2/3p4/2pP1B2/2P1PN2/PP3PPP/RN2KB1R b KQkq -,1900,2099,rapid,,,,,,discovery|validation|test,NON_EXECUTE
LON-01,B3,after_key,r1b1kb1r/1p2pppp/1pn2n2/3p4/2pP1B2/2P1PN2/PP3PPP/RN2KB1R w KQkq -,1900,2099,rapid,,,,,,discovery|validation|test,NON_EXECUTE
LON-03,B3,before_key,r1b1kb1r/1p2pppp/1pn2n2/3p4/2pP1B2/2P1PN2/PP1N1PPP/R3KB1R b KQkq -,1100,1299,blitz,,,,,,discovery|validation|test,NON_EXECUTE
LON-03,B3,after_key,r1b1kb1r/1p2pppp/2n2n2/1p1p4/2pP1B2/2P1PN2/PP1N1PPP/R3KB1R w KQkq -,1100,1299,blitz,,,,,,discovery|validation|test,NON_EXECUTE
LON-03,B3,before_key,r1b1kb1r/1p2pppp/1pn2n2/3p4/2pP1B2/2P1PN2/PP1N1PPP/R3KB1R b KQkq -,1100,1299,rapid,,,,,,discovery|validation|test,NON_EXECUTE
LON-03,B3,after_key,r1b1kb1r/1p2pppp/2n2n2/1p1p4/2pP1B2/2P1PN2/PP1N1PPP/R3KB1R w KQkq -,1100,1299,rapid,,,,,,discovery|validation|test,NON_EXECUTE
LON-03,B3,before_key,r1b1kb1r/1p2pppp/1pn2n2/3p4/2pP1B2/2P1PN2/PP1N1PPP/R3KB1R b KQkq -,1300,1499,blitz,,,,,,discovery|validation|test,NON_EXECUTE
LON-03,B3,after_key,r1b1kb1r/1p2pppp/2n2n2/1p1p4/2pP1B2/2P1PN2/PP1N1PPP/R3KB1R w KQkq -,1300,1499,blitz,,,,,,discovery|validation|test,NON_EXECUTE
LON-03,B3,before_key,r1b1kb1r/1p2pppp/1pn2n2/3p4/2pP1B2/2P1PN2/PP1N1PPP/R3KB1R b KQkq -,1300,1499,rapid,,,,,,discovery|validation|test,NON_EXECUTE
LON-03,B3,after_key,r1b1kb1r/1p2pppp/2n2n2/1p1p4/2pP1B2/2P1PN2/PP1N1PPP/R3KB1R w KQkq -,1300,1499,rapid,,,,,,discovery|validation|test,NON_EXECUTE
LON-03,B3,before_key,r1b1kb1r/1p2pppp/1pn2n2/3p4/2pP1B2/2P1PN2/PP1N1PPP/R3KB1R b KQkq -,1500,1699,blitz,,,,,,discovery|validation|test,NON_EXECUTE
LON-03,B3,after_key,r1b1kb1r/1p2pppp/2n2n2/1p1p4/2pP1B2/2P1PN2/PP1N1PPP/R3KB1R w KQkq -,1500,1699,blitz,,,,,,discovery|validation|test,NON_EXECUTE
LON-03,B3,before_key,r1b1kb1r/1p2pppp/1pn2n2/3p4/2pP1B2/2P1PN2/PP1N1PPP/R3KB1R b KQkq -,1500,1699,rapid,,,,,,discovery|validation|test,NON_EXECUTE
LON-03,B3,after_key,r1b1kb1r/1p2pppp/2n2n2/1p1p4/2pP1B2/2P1PN2/PP1N1PPP/R3KB1R w KQkq -,1500,1699,rapid,,,,,,discovery|validation|test,NON_EXECUTE
LON-03,B3,before_key,r1b1kb1r/1p2pppp/1pn2n2/3p4/2pP1B2/2P1PN2/PP1N1PPP/R3KB1R b KQkq -,1700,1899,blitz,,,,,,discovery|validation|test,NON_EXECUTE
LON-03,B3,after_key,r1b1kb1r/1p2pppp/2n2n2/1p1p4/2pP1B2/2P1PN2/PP1N1PPP/R3KB1R w KQkq -,1700,1899,blitz,,,,,,discovery|validation|test,NON_EXECUTE
LON-03,B3,before_key,r1b1kb1r/1p2pppp/1pn2n2/3p4/2pP1B2/2P1PN2/PP1N1PPP/R3KB1R b KQkq -,1700,1899,rapid,,,,,,discovery|validation|test,NON_EXECUTE
LON-03,B3,after_key,r1b1kb1r/1p2pppp/2n2n2/1p1p4/2pP1B2/2P1PN2/PP1N1PPP/R3KB1R w KQkq -,1700,1899,rapid,,,,,,discovery|validation|test,NON_EXECUTE
LON-03,B3,before_key,r1b1kb1r/1p2pppp/1pn2n2/3p4/2pP1B2/2P1PN2/PP1N1PPP/R3KB1R b KQkq -,1900,2099,blitz,,,,,,discovery|validation|test,NON_EXECUTE
LON-03,B3,after_key,r1b1kb1r/1p2pppp/2n2n2/1p1p4/2pP1B2/2P1PN2/PP1N1PPP/R3KB1R w KQkq -,1900,2099,blitz,,,,,,discovery|validation|test,NON_EXECUTE
LON-03,B3,before_key,r1b1kb1r/1p2pppp/1pn2n2/3p4/2pP1B2/2P1PN2/PP1N1PPP/R3KB1R b KQkq -,1900,2099,rapid,,,,,,discovery|validation|test,NON_EXECUTE
LON-03,B3,after_key,r1b1kb1r/1p2pppp/2n2n2/1p1p4/2pP1B2/2P1PN2/PP1N1PPP/R3KB1R w KQkq -,1900,2099,rapid,,,,,,discovery|validation|test,NON_EXECUTE
LON-05,B3,before_key,r1b1kb1r/pp2pppp/1qn2n2/3p4/3P1B2/4PN2/PP3PPP/RNQ1KB1R b KQkq -,1100,1299,blitz,,,,,,discovery|validation|test,NON_EXECUTE
LON-05,B3,after_key,r3kb1r/pp2pppp/1qn2n2/3p1b2/3P1B2/4PN2/PP3PPP/RNQ1KB1R w KQkq -,1100,1299,blitz,,,,,,discovery|validation|test,NON_EXECUTE
LON-05,B3,before_key,r1b1kb1r/pp2pppp/1qn2n2/3p4/3P1B2/4PN2/PP3PPP/RNQ1KB1R b KQkq -,1100,1299,rapid,,,,,,discovery|validation|test,NON_EXECUTE
LON-05,B3,after_key,r3kb1r/pp2pppp/1qn2n2/3p1b2/3P1B2/4PN2/PP3PPP/RNQ1KB1R w KQkq -,1100,1299,rapid,,,,,,discovery|validation|test,NON_EXECUTE
LON-05,B3,before_key,r1b1kb1r/pp2pppp/1qn2n2/3p4/3P1B2/4PN2/PP3PPP/RNQ1KB1R b KQkq -,1300,1499,blitz,,,,,,discovery|validation|test,NON_EXECUTE
LON-05,B3,after_key,r3kb1r/pp2pppp/1qn2n2/3p1b2/3P1B2/4PN2/PP3PPP/RNQ1KB1R w KQkq -,1300,1499,blitz,,,,,,discovery|validation|test,NON_EXECUTE
LON-05,B3,before_key,r1b1kb1r/pp2pppp/1qn2n2/3p4/3P1B2/4PN2/PP3PPP/RNQ1KB1R b KQkq -,1300,1499,rapid,,,,,,discovery|validation|test,NON_EXECUTE
LON-05,B3,after_key,r3kb1r/pp2pppp/1qn2n2/3p1b2/3P1B2/4PN2/PP3PPP/RNQ1KB1R w KQkq -,1300,1499,rapid,,,,,,discovery|validation|test,NON_EXECUTE
LON-05,B3,before_key,r1b1kb1r/pp2pppp/1qn2n2/3p4/3P1B2/4PN2/PP3PPP/RNQ1KB1R b KQkq -,1500,1699,blitz,,,,,,discovery|validation|test,NON_EXECUTE
LON-05,B3,after_key,r3kb1r/pp2pppp/1qn2n2/3p1b2/3P1B2/4PN2/PP3PPP/RNQ1KB1R w KQkq -,1500,1699,blitz,,,,,,discovery|validation|test,NON_EXECUTE
LON-05,B3,before_key,r1b1kb1r/pp2pppp/1qn2n2/3p4/3P1B2/4PN2/PP3PPP/RNQ1KB1R b KQkq -,1500,1699,rapid,,,,,,discovery|validation|test,NON_EXECUTE
LON-05,B3,after_key,r3kb1r/pp2pppp/1qn2n2/3p1b2/3P1B2/4PN2/PP3PPP/RNQ1KB1R w KQkq -,1500,1699,rapid,,,,,,discovery|validation|test,NON_EXECUTE
LON-05,B3,before_key,r1b1kb1r/pp2pppp/1qn2n2/3p4/3P1B2/4PN2/PP3PPP/RNQ1KB1R b KQkq -,1700,1899,blitz,,,,,,discovery|validation|test,NON_EXECUTE
LON-05,B3,after_key,r3kb1r/pp2pppp/1qn2n2/3p1b2/3P1B2/4PN2/PP3PPP/RNQ1KB1R w KQkq -,1700,1899,blitz,,,,,,discovery|validation|test,NON_EXECUTE
LON-05,B3,before_key,r1b1kb1r/pp2pppp/1qn2n2/3p4/3P1B2/4PN2/PP3PPP/RNQ1KB1R b KQkq -,1700,1899,rapid,,,,,,discovery|validation|test,NON_EXECUTE
LON-05,B3,after_key,r3kb1r/pp2pppp/1qn2n2/3p1b2/3P1B2/4PN2/PP3PPP/RNQ1KB1R w KQkq -,1700,1899,rapid,,,,,,discovery|validation|test,NON_EXECUTE
LON-05,B3,before_key,r1b1kb1r/pp2pppp/1qn2n2/3p4/3P1B2/4PN2/PP3PPP/RNQ1KB1R b KQkq -,1900,2099,blitz,,,,,,discovery|validation|test,NON_EXECUTE
LON-05,B3,after_key,r3kb1r/pp2pppp/1qn2n2/3p1b2/3P1B2/4PN2/PP3PPP/RNQ1KB1R w KQkq -,1900,2099,blitz,,,,,,discovery|validation|test,NON_EXECUTE
LON-05,B3,before_key,r1b1kb1r/pp2pppp/1qn2n2/3p4/3P1B2/4PN2/PP3PPP/RNQ1KB1R b KQkq -,1900,2099,rapid,,,,,,discovery|validation|test,NON_EXECUTE
LON-05,B3,after_key,r3kb1r/pp2pppp/1qn2n2/3p1b2/3P1B2/4PN2/PP3PPP/RNQ1KB1R w KQkq -,1900,2099,rapid,,,,,,discovery|validation|test,NON_EXECUTE
JOB-11,B3,before_key,rBbqkb1r/pp2pppp/5n2/2pp4/3P4/2N5/PPP1PPPP/R2QKBNR b KQkq -,1100,1299,blitz,,,,,,discovery|validation|test,NON_EXECUTE
JOB-11,B3,after_key,1rbqkb1r/pp2pppp/5n2/2pp4/3P4/2N5/PPP1PPPP/R2QKBNR w KQk -,1100,1299,blitz,,,,,,discovery|validation|test,NON_EXECUTE
JOB-11,B3,before_key,rBbqkb1r/pp2pppp/5n2/2pp4/3P4/2N5/PPP1PPPP/R2QKBNR b KQkq -,1100,1299,rapid,,,,,,discovery|validation|test,NON_EXECUTE
JOB-11,B3,after_key,1rbqkb1r/pp2pppp/5n2/2pp4/3P4/2N5/PPP1PPPP/R2QKBNR w KQk -,1100,1299,rapid,,,,,,discovery|validation|test,NON_EXECUTE
JOB-11,B3,before_key,rBbqkb1r/pp2pppp/5n2/2pp4/3P4/2N5/PPP1PPPP/R2QKBNR b KQkq -,1300,1499,blitz,,,,,,discovery|validation|test,NON_EXECUTE
JOB-11,B3,after_key,1rbqkb1r/pp2pppp/5n2/2pp4/3P4/2N5/PPP1PPPP/R2QKBNR w KQk -,1300,1499,blitz,,,,,,discovery|validation|test,NON_EXECUTE
JOB-11,B3,before_key,rBbqkb1r/pp2pppp/5n2/2pp4/3P4/2N5/PPP1PPPP/R2QKBNR b KQkq -,1300,1499,rapid,,,,,,discovery|validation|test,NON_EXECUTE
JOB-11,B3,after_key,1rbqkb1r/pp2pppp/5n2/2pp4/3P4/2N5/PPP1PPPP/R2QKBNR w KQk -,1300,1499,rapid,,,,,,discovery|validation|test,NON_EXECUTE
JOB-11,B3,before_key,rBbqkb1r/pp2pppp/5n2/2pp4/3P4/2N5/PPP1PPPP/R2QKBNR b KQkq -,1500,1699,blitz,,,,,,discovery|validation|test,NON_EXECUTE
JOB-11,B3,after_key,1rbqkb1r/pp2pppp/5n2/2pp4/3P4/2N5/PPP1PPPP/R2QKBNR w KQk -,1500,1699,blitz,,,,,,discovery|validation|test,NON_EXECUTE
JOB-11,B3,before_key,rBbqkb1r/pp2pppp/5n2/2pp4/3P4/2N5/PPP1PPPP/R2QKBNR b KQkq -,1500,1699,rapid,,,,,,discovery|validation|test,NON_EXECUTE
JOB-11,B3,after_key,1rbqkb1r/pp2pppp/5n2/2pp4/3P4/2N5/PPP1PPPP/R2QKBNR w KQk -,1500,1699,rapid,,,,,,discovery|validation|test,NON_EXECUTE
JOB-11,B3,before_key,rBbqkb1r/pp2pppp/5n2/2pp4/3P4/2N5/PPP1PPPP/R2QKBNR b KQkq -,1700,1899,blitz,,,,,,discovery|validation|test,NON_EXECUTE
JOB-11,B3,after_key,1rbqkb1r/pp2pppp/5n2/2pp4/3P4/2N5/PPP1PPPP/R2QKBNR w KQk -,1700,1899,blitz,,,,,,discovery|validation|test,NON_EXECUTE
JOB-11,B3,before_key,rBbqkb1r/pp2pppp/5n2/2pp4/3P4/2N5/PPP1PPPP/R2QKBNR b KQkq -,1700,1899,rapid,,,,,,discovery|validation|test,NON_EXECUTE
JOB-11,B3,after_key,1rbqkb1r/pp2pppp/5n2/2pp4/3P4/2N5/PPP1PPPP/R2QKBNR w KQk -,1700,1899,rapid,,,,,,discovery|validation|test,NON_EXECUTE
JOB-11,B3,before_key,rBbqkb1r/pp2pppp/5n2/2pp4/3P4/2N5/PPP1PPPP/R2QKBNR b KQkq -,1900,2099,blitz,,,,,,discovery|validation|test,NON_EXECUTE
JOB-11,B3,after_key,1rbqkb1r/pp2pppp/5n2/2pp4/3P4/2N5/PPP1PPPP/R2QKBNR w KQk -,1900,2099,blitz,,,,,,discovery|validation|test,NON_EXECUTE
JOB-11,B3,before_key,rBbqkb1r/pp2pppp/5n2/2pp4/3P4/2N5/PPP1PPPP/R2QKBNR b KQkq -,1900,2099,rapid,,,,,,discovery|validation|test,NON_EXECUTE
JOB-11,B3,after_key,1rbqkb1r/pp2pppp/5n2/2pp4/3P4/2N5/PPP1PPPP/R2QKBNR w KQk -,1900,2099,rapid,,,,,,discovery|validation|test,NON_EXECUTE
VER-05,B3,before_key,rnbqkb1r/pp2pppp/5B2/2pp4/3P4/2N5/PPP1PPPP/R2QKBNR b KQkq -,1100,1299,blitz,,,,,,discovery|validation|test,NON_EXECUTE
VER-05,B3,after_key,rnbqkb1r/pp2pp1p/5p2/2pp4/3P4/2N5/PPP1PPPP/R2QKBNR w KQkq -,1100,1299,blitz,,,,,,discovery|validation|test,NON_EXECUTE
VER-05,B3,before_key,rnbqkb1r/pp2pppp/5B2/2pp4/3P4/2N5/PPP1PPPP/R2QKBNR b KQkq -,1100,1299,rapid,,,,,,discovery|validation|test,NON_EXECUTE
VER-05,B3,after_key,rnbqkb1r/pp2pp1p/5p2/2pp4/3P4/2N5/PPP1PPPP/R2QKBNR w KQkq -,1100,1299,rapid,,,,,,discovery|validation|test,NON_EXECUTE
VER-05,B3,before_key,rnbqkb1r/pp2pppp/5B2/2pp4/3P4/2N5/PPP1PPPP/R2QKBNR b KQkq -,1300,1499,blitz,,,,,,discovery|validation|test,NON_EXECUTE
VER-05,B3,after_key,rnbqkb1r/pp2pp1p/5p2/2pp4/3P4/2N5/PPP1PPPP/R2QKBNR w KQkq -,1300,1499,blitz,,,,,,discovery|validation|test,NON_EXECUTE
VER-05,B3,before_key,rnbqkb1r/pp2pppp/5B2/2pp4/3P4/2N5/PPP1PPPP/R2QKBNR b KQkq -,1300,1499,rapid,,,,,,discovery|validation|test,NON_EXECUTE
VER-05,B3,after_key,rnbqkb1r/pp2pp1p/5p2/2pp4/3P4/2N5/PPP1PPPP/R2QKBNR w KQkq -,1300,1499,rapid,,,,,,discovery|validation|test,NON_EXECUTE
VER-05,B3,before_key,rnbqkb1r/pp2pppp/5B2/2pp4/3P4/2N5/PPP1PPPP/R2QKBNR b KQkq -,1500,1699,blitz,,,,,,discovery|validation|test,NON_EXECUTE
VER-05,B3,after_key,rnbqkb1r/pp2pp1p/5p2/2pp4/3P4/2N5/PPP1PPPP/R2QKBNR w KQkq -,1500,1699,blitz,,,,,,discovery|validation|test,NON_EXECUTE
VER-05,B3,before_key,rnbqkb1r/pp2pppp/5B2/2pp4/3P4/2N5/PPP1PPPP/R2QKBNR b KQkq -,1500,1699,rapid,,,,,,discovery|validation|test,NON_EXECUTE
VER-05,B3,after_key,rnbqkb1r/pp2pp1p/5p2/2pp4/3P4/2N5/PPP1PPPP/R2QKBNR w KQkq -,1500,1699,rapid,,,,,,discovery|validation|test,NON_EXECUTE
VER-05,B3,before_key,rnbqkb1r/pp2pppp/5B2/2pp4/3P4/2N5/PPP1PPPP/R2QKBNR b KQkq -,1700,1899,blitz,,,,,,discovery|validation|test,NON_EXECUTE
VER-05,B3,after_key,rnbqkb1r/pp2pp1p/5p2/2pp4/3P4/2N5/PPP1PPPP/R2QKBNR w KQkq -,1700,1899,blitz,,,,,,discovery|validation|test,NON_EXECUTE
VER-05,B3,before_key,rnbqkb1r/pp2pppp/5B2/2pp4/3P4/2N5/PPP1PPPP/R2QKBNR b KQkq -,1700,1899,rapid,,,,,,discovery|validation|test,NON_EXECUTE
VER-05,B3,after_key,rnbqkb1r/pp2pp1p/5p2/2pp4/3P4/2N5/PPP1PPPP/R2QKBNR w KQkq -,1700,1899,rapid,,,,,,discovery|validation|test,NON_EXECUTE
VER-05,B3,before_key,rnbqkb1r/pp2pppp/5B2/2pp4/3P4/2N5/PPP1PPPP/R2QKBNR b KQkq -,1900,2099,blitz,,,,,,discovery|validation|test,NON_EXECUTE
VER-05,B3,after_key,rnbqkb1r/pp2pp1p/5p2/2pp4/3P4/2N5/PPP1PPPP/R2QKBNR w KQkq -,1900,2099,blitz,,,,,,discovery|validation|test,NON_EXECUTE
VER-05,B3,before_key,rnbqkb1r/pp2pppp/5B2/2pp4/3P4/2N5/PPP1PPPP/R2QKBNR b KQkq -,1900,2099,rapid,,,,,,discovery|validation|test,NON_EXECUTE
VER-05,B3,after_key,rnbqkb1r/pp2pp1p/5p2/2pp4/3P4/2N5/PPP1PPPP/R2QKBNR w KQkq -,1900,2099,rapid,,,,,,discovery|validation|test,NON_EXECUTE
LON-10,B4,before_key,r1b1kb1r/pp2pppp/2n2n2/2Pp4/5B2/2P1PN2/Pq1N1PPP/R2QKB1R b KQkq -,1100,1299,blitz,,,,,,discovery|validation|test,NON_EXECUTE
LON-10,B4,after_key,r1b1kb1r/pp2pppp/2n2n2/2Pp4/5B2/2q1PN2/P2N1PPP/R2QKB1R w KQkq -,1100,1299,blitz,,,,,,discovery|validation|test,NON_EXECUTE
LON-10,B4,before_key,r1b1kb1r/pp2pppp/2n2n2/2Pp4/5B2/2P1PN2/Pq1N1PPP/R2QKB1R b KQkq -,1100,1299,rapid,,,,,,discovery|validation|test,NON_EXECUTE
LON-10,B4,after_key,r1b1kb1r/pp2pppp/2n2n2/2Pp4/5B2/2q1PN2/P2N1PPP/R2QKB1R w KQkq -,1100,1299,rapid,,,,,,discovery|validation|test,NON_EXECUTE
LON-10,B4,before_key,r1b1kb1r/pp2pppp/2n2n2/2Pp4/5B2/2P1PN2/Pq1N1PPP/R2QKB1R b KQkq -,1300,1499,blitz,,,,,,discovery|validation|test,NON_EXECUTE
LON-10,B4,after_key,r1b1kb1r/pp2pppp/2n2n2/2Pp4/5B2/2q1PN2/P2N1PPP/R2QKB1R w KQkq -,1300,1499,blitz,,,,,,discovery|validation|test,NON_EXECUTE
LON-10,B4,before_key,r1b1kb1r/pp2pppp/2n2n2/2Pp4/5B2/2P1PN2/Pq1N1PPP/R2QKB1R b KQkq -,1300,1499,rapid,,,,,,discovery|validation|test,NON_EXECUTE
LON-10,B4,after_key,r1b1kb1r/pp2pppp/2n2n2/2Pp4/5B2/2q1PN2/P2N1PPP/R2QKB1R w KQkq -,1300,1499,rapid,,,,,,discovery|validation|test,NON_EXECUTE
LON-10,B4,before_key,r1b1kb1r/pp2pppp/2n2n2/2Pp4/5B2/2P1PN2/Pq1N1PPP/R2QKB1R b KQkq -,1500,1699,blitz,,,,,,discovery|validation|test,NON_EXECUTE
LON-10,B4,after_key,r1b1kb1r/pp2pppp/2n2n2/2Pp4/5B2/2q1PN2/P2N1PPP/R2QKB1R w KQkq -,1500,1699,blitz,,,,,,discovery|validation|test,NON_EXECUTE
LON-10,B4,before_key,r1b1kb1r/pp2pppp/2n2n2/2Pp4/5B2/2P1PN2/Pq1N1PPP/R2QKB1R b KQkq -,1500,1699,rapid,,,,,,discovery|validation|test,NON_EXECUTE
LON-10,B4,after_key,r1b1kb1r/pp2pppp/2n2n2/2Pp4/5B2/2q1PN2/P2N1PPP/R2QKB1R w KQkq -,1500,1699,rapid,,,,,,discovery|validation|test,NON_EXECUTE
LON-10,B4,before_key,r1b1kb1r/pp2pppp/2n2n2/2Pp4/5B2/2P1PN2/Pq1N1PPP/R2QKB1R b KQkq -,1700,1899,blitz,,,,,,discovery|validation|test,NON_EXECUTE
LON-10,B4,after_key,r1b1kb1r/pp2pppp/2n2n2/2Pp4/5B2/2q1PN2/P2N1PPP/R2QKB1R w KQkq -,1700,1899,blitz,,,,,,discovery|validation|test,NON_EXECUTE
LON-10,B4,before_key,r1b1kb1r/pp2pppp/2n2n2/2Pp4/5B2/2P1PN2/Pq1N1PPP/R2QKB1R b KQkq -,1700,1899,rapid,,,,,,discovery|validation|test,NON_EXECUTE
LON-10,B4,after_key,r1b1kb1r/pp2pppp/2n2n2/2Pp4/5B2/2q1PN2/P2N1PPP/R2QKB1R w KQkq -,1700,1899,rapid,,,,,,discovery|validation|test,NON_EXECUTE
LON-10,B4,before_key,r1b1kb1r/pp2pppp/2n2n2/2Pp4/5B2/2P1PN2/Pq1N1PPP/R2QKB1R b KQkq -,1900,2099,blitz,,,,,,discovery|validation|test,NON_EXECUTE
LON-10,B4,after_key,r1b1kb1r/pp2pppp/2n2n2/2Pp4/5B2/2q1PN2/P2N1PPP/R2QKB1R w KQkq -,1900,2099,blitz,,,,,,discovery|validation|test,NON_EXECUTE
LON-10,B4,before_key,r1b1kb1r/pp2pppp/2n2n2/2Pp4/5B2/2P1PN2/Pq1N1PPP/R2QKB1R b KQkq -,1900,2099,rapid,,,,,,discovery|validation|test,NON_EXECUTE
LON-10,B4,after_key,r1b1kb1r/pp2pppp/2n2n2/2Pp4/5B2/2q1PN2/P2N1PPP/R2QKB1R w KQkq -,1900,2099,rapid,,,,,,discovery|validation|test,NON_EXECUTE
LON-11,B4,before_key,r1b1kb1r/pp2pppp/2n2n2/2pp4/3P1B2/2P1PN2/Pq1N1PPP/1R1QKB1R b Kkq -,1100,1299,blitz,,,,,,discovery|validation|test,NON_EXECUTE
LON-11,B4,after_key,r1b1kb1r/pp2pppp/2n2n2/2pp4/3P1B2/2q1PN2/P2N1PPP/1R1QKB1R w Kkq -,1100,1299,blitz,,,,,,discovery|validation|test,NON_EXECUTE
LON-11,B4,before_key,r1b1kb1r/pp2pppp/2n2n2/2pp4/3P1B2/2P1PN2/Pq1N1PPP/1R1QKB1R b Kkq -,1100,1299,rapid,,,,,,discovery|validation|test,NON_EXECUTE
LON-11,B4,after_key,r1b1kb1r/pp2pppp/2n2n2/2pp4/3P1B2/2q1PN2/P2N1PPP/1R1QKB1R w Kkq -,1100,1299,rapid,,,,,,discovery|validation|test,NON_EXECUTE
LON-11,B4,before_key,r1b1kb1r/pp2pppp/2n2n2/2pp4/3P1B2/2P1PN2/Pq1N1PPP/1R1QKB1R b Kkq -,1300,1499,blitz,,,,,,discovery|validation|test,NON_EXECUTE
LON-11,B4,after_key,r1b1kb1r/pp2pppp/2n2n2/2pp4/3P1B2/2q1PN2/P2N1PPP/1R1QKB1R w Kkq -,1300,1499,blitz,,,,,,discovery|validation|test,NON_EXECUTE
LON-11,B4,before_key,r1b1kb1r/pp2pppp/2n2n2/2pp4/3P1B2/2P1PN2/Pq1N1PPP/1R1QKB1R b Kkq -,1300,1499,rapid,,,,,,discovery|validation|test,NON_EXECUTE
LON-11,B4,after_key,r1b1kb1r/pp2pppp/2n2n2/2pp4/3P1B2/2q1PN2/P2N1PPP/1R1QKB1R w Kkq -,1300,1499,rapid,,,,,,discovery|validation|test,NON_EXECUTE
LON-11,B4,before_key,r1b1kb1r/pp2pppp/2n2n2/2pp4/3P1B2/2P1PN2/Pq1N1PPP/1R1QKB1R b Kkq -,1500,1699,blitz,,,,,,discovery|validation|test,NON_EXECUTE
LON-11,B4,after_key,r1b1kb1r/pp2pppp/2n2n2/2pp4/3P1B2/2q1PN2/P2N1PPP/1R1QKB1R w Kkq -,1500,1699,blitz,,,,,,discovery|validation|test,NON_EXECUTE
LON-11,B4,before_key,r1b1kb1r/pp2pppp/2n2n2/2pp4/3P1B2/2P1PN2/Pq1N1PPP/1R1QKB1R b Kkq -,1500,1699,rapid,,,,,,discovery|validation|test,NON_EXECUTE
LON-11,B4,after_key,r1b1kb1r/pp2pppp/2n2n2/2pp4/3P1B2/2q1PN2/P2N1PPP/1R1QKB1R w Kkq -,1500,1699,rapid,,,,,,discovery|validation|test,NON_EXECUTE
LON-11,B4,before_key,r1b1kb1r/pp2pppp/2n2n2/2pp4/3P1B2/2P1PN2/Pq1N1PPP/1R1QKB1R b Kkq -,1700,1899,blitz,,,,,,discovery|validation|test,NON_EXECUTE
LON-11,B4,after_key,r1b1kb1r/pp2pppp/2n2n2/2pp4/3P1B2/2q1PN2/P2N1PPP/1R1QKB1R w Kkq -,1700,1899,blitz,,,,,,discovery|validation|test,NON_EXECUTE
LON-11,B4,before_key,r1b1kb1r/pp2pppp/2n2n2/2pp4/3P1B2/2P1PN2/Pq1N1PPP/1R1QKB1R b Kkq -,1700,1899,rapid,,,,,,discovery|validation|test,NON_EXECUTE
LON-11,B4,after_key,r1b1kb1r/pp2pppp/2n2n2/2pp4/3P1B2/2q1PN2/P2N1PPP/1R1QKB1R w Kkq -,1700,1899,rapid,,,,,,discovery|validation|test,NON_EXECUTE
LON-11,B4,before_key,r1b1kb1r/pp2pppp/2n2n2/2pp4/3P1B2/2P1PN2/Pq1N1PPP/1R1QKB1R b Kkq -,1900,2099,blitz,,,,,,discovery|validation|test,NON_EXECUTE
LON-11,B4,after_key,r1b1kb1r/pp2pppp/2n2n2/2pp4/3P1B2/2q1PN2/P2N1PPP/1R1QKB1R w Kkq -,1900,2099,blitz,,,,,,discovery|validation|test,NON_EXECUTE
LON-11,B4,before_key,r1b1kb1r/pp2pppp/2n2n2/2pp4/3P1B2/2P1PN2/Pq1N1PPP/1R1QKB1R b Kkq -,1900,2099,rapid,,,,,,discovery|validation|test,NON_EXECUTE
LON-11,B4,after_key,r1b1kb1r/pp2pppp/2n2n2/2pp4/3P1B2/2q1PN2/P2N1PPP/1R1QKB1R w Kkq -,1900,2099,rapid,,,,,,discovery|validation|test,NON_EXECUTE
LON-12,B4,before_key,r1b1kb1r/pp2pppp/2n2n2/2pp4/3P1B2/2PBPN2/Pq1N1PPP/R2QK2R b KQkq -,1100,1299,blitz,,,,,,discovery|validation|test,NON_EXECUTE
LON-12,B4,after_key,r1b1kb1r/pp2pppp/2n2n2/2pp4/3P1B2/2qBPN2/P2N1PPP/R2QK2R w KQkq -,1100,1299,blitz,,,,,,discovery|validation|test,NON_EXECUTE
LON-12,B4,before_key,r1b1kb1r/pp2pppp/2n2n2/2pp4/3P1B2/2PBPN2/Pq1N1PPP/R2QK2R b KQkq -,1100,1299,rapid,,,,,,discovery|validation|test,NON_EXECUTE
LON-12,B4,after_key,r1b1kb1r/pp2pppp/2n2n2/2pp4/3P1B2/2qBPN2/P2N1PPP/R2QK2R w KQkq -,1100,1299,rapid,,,,,,discovery|validation|test,NON_EXECUTE
LON-12,B4,before_key,r1b1kb1r/pp2pppp/2n2n2/2pp4/3P1B2/2PBPN2/Pq1N1PPP/R2QK2R b KQkq -,1300,1499,blitz,,,,,,discovery|validation|test,NON_EXECUTE
LON-12,B4,after_key,r1b1kb1r/pp2pppp/2n2n2/2pp4/3P1B2/2qBPN2/P2N1PPP/R2QK2R w KQkq -,1300,1499,blitz,,,,,,discovery|validation|test,NON_EXECUTE
LON-12,B4,before_key,r1b1kb1r/pp2pppp/2n2n2/2pp4/3P1B2/2PBPN2/Pq1N1PPP/R2QK2R b KQkq -,1300,1499,rapid,,,,,,discovery|validation|test,NON_EXECUTE
LON-12,B4,after_key,r1b1kb1r/pp2pppp/2n2n2/2pp4/3P1B2/2qBPN2/P2N1PPP/R2QK2R w KQkq -,1300,1499,rapid,,,,,,discovery|validation|test,NON_EXECUTE
LON-12,B4,before_key,r1b1kb1r/pp2pppp/2n2n2/2pp4/3P1B2/2PBPN2/Pq1N1PPP/R2QK2R b KQkq -,1500,1699,blitz,,,,,,discovery|validation|test,NON_EXECUTE
LON-12,B4,after_key,r1b1kb1r/pp2pppp/2n2n2/2pp4/3P1B2/2qBPN2/P2N1PPP/R2QK2R w KQkq -,1500,1699,blitz,,,,,,discovery|validation|test,NON_EXECUTE
LON-12,B4,before_key,r1b1kb1r/pp2pppp/2n2n2/2pp4/3P1B2/2PBPN2/Pq1N1PPP/R2QK2R b KQkq -,1500,1699,rapid,,,,,,discovery|validation|test,NON_EXECUTE
LON-12,B4,after_key,r1b1kb1r/pp2pppp/2n2n2/2pp4/3P1B2/2qBPN2/P2N1PPP/R2QK2R w KQkq -,1500,1699,rapid,,,,,,discovery|validation|test,NON_EXECUTE
LON-12,B4,before_key,r1b1kb1r/pp2pppp/2n2n2/2pp4/3P1B2/2PBPN2/Pq1N1PPP/R2QK2R b KQkq -,1700,1899,blitz,,,,,,discovery|validation|test,NON_EXECUTE
LON-12,B4,after_key,r1b1kb1r/pp2pppp/2n2n2/2pp4/3P1B2/2qBPN2/P2N1PPP/R2QK2R w KQkq -,1700,1899,blitz,,,,,,discovery|validation|test,NON_EXECUTE
LON-12,B4,before_key,r1b1kb1r/pp2pppp/2n2n2/2pp4/3P1B2/2PBPN2/Pq1N1PPP/R2QK2R b KQkq -,1700,1899,rapid,,,,,,discovery|validation|test,NON_EXECUTE
LON-12,B4,after_key,r1b1kb1r/pp2pppp/2n2n2/2pp4/3P1B2/2qBPN2/P2N1PPP/R2QK2R w KQkq -,1700,1899,rapid,,,,,,discovery|validation|test,NON_EXECUTE
LON-12,B4,before_key,r1b1kb1r/pp2pppp/2n2n2/2pp4/3P1B2/2PBPN2/Pq1N1PPP/R2QK2R b KQkq -,1900,2099,blitz,,,,,,discovery|validation|test,NON_EXECUTE
LON-12,B4,after_key,r1b1kb1r/pp2pppp/2n2n2/2pp4/3P1B2/2qBPN2/P2N1PPP/R2QK2R w KQkq -,1900,2099,blitz,,,,,,discovery|validation|test,NON_EXECUTE
LON-12,B4,before_key,r1b1kb1r/pp2pppp/2n2n2/2pp4/3P1B2/2PBPN2/Pq1N1PPP/R2QK2R b KQkq -,1900,2099,rapid,,,,,,discovery|validation|test,NON_EXECUTE
LON-12,B4,after_key,r1b1kb1r/pp2pppp/2n2n2/2pp4/3P1B2/2qBPN2/P2N1PPP/R2QK2R w KQkq -,1900,2099,rapid,,,,,,discovery|validation|test,NON_EXECUTE
LON-15,B4,before_key,r1b1kb1r/pp2pppp/1qn2n2/2pp4/Q2P1B2/2P1PN2/PP3PPP/RN2KB1R b KQkq -,1100,1299,blitz,,,,,,discovery|validation|test,NON_EXECUTE
LON-15,B4,after_key,r1b1kb1r/pp2pppp/2n2n2/2pp4/Q2P1B2/2P1PN2/Pq3PPP/RN2KB1R w KQkq -,1100,1299,blitz,,,,,,discovery|validation|test,NON_EXECUTE
LON-15,B4,before_key,r1b1kb1r/pp2pppp/1qn2n2/2pp4/Q2P1B2/2P1PN2/PP3PPP/RN2KB1R b KQkq -,1100,1299,rapid,,,,,,discovery|validation|test,NON_EXECUTE
LON-15,B4,after_key,r1b1kb1r/pp2pppp/2n2n2/2pp4/Q2P1B2/2P1PN2/Pq3PPP/RN2KB1R w KQkq -,1100,1299,rapid,,,,,,discovery|validation|test,NON_EXECUTE
LON-15,B4,before_key,r1b1kb1r/pp2pppp/1qn2n2/2pp4/Q2P1B2/2P1PN2/PP3PPP/RN2KB1R b KQkq -,1300,1499,blitz,,,,,,discovery|validation|test,NON_EXECUTE
LON-15,B4,after_key,r1b1kb1r/pp2pppp/2n2n2/2pp4/Q2P1B2/2P1PN2/Pq3PPP/RN2KB1R w KQkq -,1300,1499,blitz,,,,,,discovery|validation|test,NON_EXECUTE
LON-15,B4,before_key,r1b1kb1r/pp2pppp/1qn2n2/2pp4/Q2P1B2/2P1PN2/PP3PPP/RN2KB1R b KQkq -,1300,1499,rapid,,,,,,discovery|validation|test,NON_EXECUTE
LON-15,B4,after_key,r1b1kb1r/pp2pppp/2n2n2/2pp4/Q2P1B2/2P1PN2/Pq3PPP/RN2KB1R w KQkq -,1300,1499,rapid,,,,,,discovery|validation|test,NON_EXECUTE
LON-15,B4,before_key,r1b1kb1r/pp2pppp/1qn2n2/2pp4/Q2P1B2/2P1PN2/PP3PPP/RN2KB1R b KQkq -,1500,1699,blitz,,,,,,discovery|validation|test,NON_EXECUTE
LON-15,B4,after_key,r1b1kb1r/pp2pppp/2n2n2/2pp4/Q2P1B2/2P1PN2/Pq3PPP/RN2KB1R w KQkq -,1500,1699,blitz,,,,,,discovery|validation|test,NON_EXECUTE
LON-15,B4,before_key,r1b1kb1r/pp2pppp/1qn2n2/2pp4/Q2P1B2/2P1PN2/PP3PPP/RN2KB1R b KQkq -,1500,1699,rapid,,,,,,discovery|validation|test,NON_EXECUTE
LON-15,B4,after_key,r1b1kb1r/pp2pppp/2n2n2/2pp4/Q2P1B2/2P1PN2/Pq3PPP/RN2KB1R w KQkq -,1500,1699,rapid,,,,,,discovery|validation|test,NON_EXECUTE
LON-15,B4,before_key,r1b1kb1r/pp2pppp/1qn2n2/2pp4/Q2P1B2/2P1PN2/PP3PPP/RN2KB1R b KQkq -,1700,1899,blitz,,,,,,discovery|validation|test,NON_EXECUTE
LON-15,B4,after_key,r1b1kb1r/pp2pppp/2n2n2/2pp4/Q2P1B2/2P1PN2/Pq3PPP/RN2KB1R w KQkq -,1700,1899,blitz,,,,,,discovery|validation|test,NON_EXECUTE
LON-15,B4,before_key,r1b1kb1r/pp2pppp/1qn2n2/2pp4/Q2P1B2/2P1PN2/PP3PPP/RN2KB1R b KQkq -,1700,1899,rapid,,,,,,discovery|validation|test,NON_EXECUTE
LON-15,B4,after_key,r1b1kb1r/pp2pppp/2n2n2/2pp4/Q2P1B2/2P1PN2/Pq3PPP/RN2KB1R w KQkq -,1700,1899,rapid,,,,,,discovery|validation|test,NON_EXECUTE
LON-15,B4,before_key,r1b1kb1r/pp2pppp/1qn2n2/2pp4/Q2P1B2/2P1PN2/PP3PPP/RN2KB1R b KQkq -,1900,2099,blitz,,,,,,discovery|validation|test,NON_EXECUTE
LON-15,B4,after_key,r1b1kb1r/pp2pppp/2n2n2/2pp4/Q2P1B2/2P1PN2/Pq3PPP/RN2KB1R w KQkq -,1900,2099,blitz,,,,,,discovery|validation|test,NON_EXECUTE
LON-15,B4,before_key,r1b1kb1r/pp2pppp/1qn2n2/2pp4/Q2P1B2/2P1PN2/PP3PPP/RN2KB1R b KQkq -,1900,2099,rapid,,,,,,discovery|validation|test,NON_EXECUTE
LON-15,B4,after_key,r1b1kb1r/pp2pppp/2n2n2/2pp4/Q2P1B2/2P1PN2/Pq3PPP/RN2KB1R w KQkq -,1900,2099,rapid,,,,,,discovery|validation|test,NON_EXECUTE
PST-04,B4,before_key,rnbqkbnr/ppp1ppp1/7B/3p4/3P4/8/PPP1PPPP/RN1QKBNR b KQkq -,1100,1299,blitz,,,,,,discovery|validation|test,NON_EXECUTE
PST-04,B4,after_key,rnbqkbn1/ppp1ppp1/7r/3p4/3P4/8/PPP1PPPP/RN1QKBNR w KQq -,1100,1299,blitz,,,,,,discovery|validation|test,NON_EXECUTE
PST-04,B4,before_key,rnbqkbnr/ppp1ppp1/7B/3p4/3P4/8/PPP1PPPP/RN1QKBNR b KQkq -,1100,1299,rapid,,,,,,discovery|validation|test,NON_EXECUTE
PST-04,B4,after_key,rnbqkbn1/ppp1ppp1/7r/3p4/3P4/8/PPP1PPPP/RN1QKBNR w KQq -,1100,1299,rapid,,,,,,discovery|validation|test,NON_EXECUTE
PST-04,B4,before_key,rnbqkbnr/ppp1ppp1/7B/3p4/3P4/8/PPP1PPPP/RN1QKBNR b KQkq -,1300,1499,blitz,,,,,,discovery|validation|test,NON_EXECUTE
PST-04,B4,after_key,rnbqkbn1/ppp1ppp1/7r/3p4/3P4/8/PPP1PPPP/RN1QKBNR w KQq -,1300,1499,blitz,,,,,,discovery|validation|test,NON_EXECUTE
PST-04,B4,before_key,rnbqkbnr/ppp1ppp1/7B/3p4/3P4/8/PPP1PPPP/RN1QKBNR b KQkq -,1300,1499,rapid,,,,,,discovery|validation|test,NON_EXECUTE
PST-04,B4,after_key,rnbqkbn1/ppp1ppp1/7r/3p4/3P4/8/PPP1PPPP/RN1QKBNR w KQq -,1300,1499,rapid,,,,,,discovery|validation|test,NON_EXECUTE
PST-04,B4,before_key,rnbqkbnr/ppp1ppp1/7B/3p4/3P4/8/PPP1PPPP/RN1QKBNR b KQkq -,1500,1699,blitz,,,,,,discovery|validation|test,NON_EXECUTE
PST-04,B4,after_key,rnbqkbn1/ppp1ppp1/7r/3p4/3P4/8/PPP1PPPP/RN1QKBNR w KQq -,1500,1699,blitz,,,,,,discovery|validation|test,NON_EXECUTE
PST-04,B4,before_key,rnbqkbnr/ppp1ppp1/7B/3p4/3P4/8/PPP1PPPP/RN1QKBNR b KQkq -,1500,1699,rapid,,,,,,discovery|validation|test,NON_EXECUTE
PST-04,B4,after_key,rnbqkbn1/ppp1ppp1/7r/3p4/3P4/8/PPP1PPPP/RN1QKBNR w KQq -,1500,1699,rapid,,,,,,discovery|validation|test,NON_EXECUTE
PST-04,B4,before_key,rnbqkbnr/ppp1ppp1/7B/3p4/3P4/8/PPP1PPPP/RN1QKBNR b KQkq -,1700,1899,blitz,,,,,,discovery|validation|test,NON_EXECUTE
PST-04,B4,after_key,rnbqkbn1/ppp1ppp1/7r/3p4/3P4/8/PPP1PPPP/RN1QKBNR w KQq -,1700,1899,blitz,,,,,,discovery|validation|test,NON_EXECUTE
PST-04,B4,before_key,rnbqkbnr/ppp1ppp1/7B/3p4/3P4/8/PPP1PPPP/RN1QKBNR b KQkq -,1700,1899,rapid,,,,,,discovery|validation|test,NON_EXECUTE
PST-04,B4,after_key,rnbqkbn1/ppp1ppp1/7r/3p4/3P4/8/PPP1PPPP/RN1QKBNR w KQq -,1700,1899,rapid,,,,,,discovery|validation|test,NON_EXECUTE
PST-04,B4,before_key,rnbqkbnr/ppp1ppp1/7B/3p4/3P4/8/PPP1PPPP/RN1QKBNR b KQkq -,1900,2099,blitz,,,,,,discovery|validation|test,NON_EXECUTE
PST-04,B4,after_key,rnbqkbn1/ppp1ppp1/7r/3p4/3P4/8/PPP1PPPP/RN1QKBNR w KQq -,1900,2099,blitz,,,,,,discovery|validation|test,NON_EXECUTE
PST-04,B4,before_key,rnbqkbnr/ppp1ppp1/7B/3p4/3P4/8/PPP1PPPP/RN1QKBNR b KQkq -,1900,2099,rapid,,,,,,discovery|validation|test,NON_EXECUTE
PST-04,B4,after_key,rnbqkbn1/ppp1ppp1/7r/3p4/3P4/8/PPP1PPPP/RN1QKBNR w KQq -,1900,2099,rapid,,,,,,discovery|validation|test,NON_EXECUTE
LON-06,B5,before_key,r1b1kb1r/pp2pppp/1qn5/2pp4/3P4/2P1PNn1/PPQ2PPP/RN2KB1R w KQkq -,1100,1299,blitz,,,,,,discovery|validation|test,NON_EXECUTE
LON-06,B5,after_key,r1b1kb1r/pp2pppp/1qn5/2pp4/3P4/2P1PNP1/PPQ2PP1/RN2KB1R b KQkq -,1100,1299,blitz,,,,,,discovery|validation|test,NON_EXECUTE
LON-06,B5,before_key,r1b1kb1r/pp2pppp/1qn5/2pp4/3P4/2P1PNn1/PPQ2PPP/RN2KB1R w KQkq -,1100,1299,rapid,,,,,,discovery|validation|test,NON_EXECUTE
LON-06,B5,after_key,r1b1kb1r/pp2pppp/1qn5/2pp4/3P4/2P1PNP1/PPQ2PP1/RN2KB1R b KQkq -,1100,1299,rapid,,,,,,discovery|validation|test,NON_EXECUTE
LON-06,B5,before_key,r1b1kb1r/pp2pppp/1qn5/2pp4/3P4/2P1PNn1/PPQ2PPP/RN2KB1R w KQkq -,1300,1499,blitz,,,,,,discovery|validation|test,NON_EXECUTE
LON-06,B5,after_key,r1b1kb1r/pp2pppp/1qn5/2pp4/3P4/2P1PNP1/PPQ2PP1/RN2KB1R b KQkq -,1300,1499,blitz,,,,,,discovery|validation|test,NON_EXECUTE
LON-06,B5,before_key,r1b1kb1r/pp2pppp/1qn5/2pp4/3P4/2P1PNn1/PPQ2PPP/RN2KB1R w KQkq -,1300,1499,rapid,,,,,,discovery|validation|test,NON_EXECUTE
LON-06,B5,after_key,r1b1kb1r/pp2pppp/1qn5/2pp4/3P4/2P1PNP1/PPQ2PP1/RN2KB1R b KQkq -,1300,1499,rapid,,,,,,discovery|validation|test,NON_EXECUTE
LON-06,B5,before_key,r1b1kb1r/pp2pppp/1qn5/2pp4/3P4/2P1PNn1/PPQ2PPP/RN2KB1R w KQkq -,1500,1699,blitz,,,,,,discovery|validation|test,NON_EXECUTE
LON-06,B5,after_key,r1b1kb1r/pp2pppp/1qn5/2pp4/3P4/2P1PNP1/PPQ2PP1/RN2KB1R b KQkq -,1500,1699,blitz,,,,,,discovery|validation|test,NON_EXECUTE
LON-06,B5,before_key,r1b1kb1r/pp2pppp/1qn5/2pp4/3P4/2P1PNn1/PPQ2PPP/RN2KB1R w KQkq -,1500,1699,rapid,,,,,,discovery|validation|test,NON_EXECUTE
LON-06,B5,after_key,r1b1kb1r/pp2pppp/1qn5/2pp4/3P4/2P1PNP1/PPQ2PP1/RN2KB1R b KQkq -,1500,1699,rapid,,,,,,discovery|validation|test,NON_EXECUTE
LON-06,B5,before_key,r1b1kb1r/pp2pppp/1qn5/2pp4/3P4/2P1PNn1/PPQ2PPP/RN2KB1R w KQkq -,1700,1899,blitz,,,,,,discovery|validation|test,NON_EXECUTE
LON-06,B5,after_key,r1b1kb1r/pp2pppp/1qn5/2pp4/3P4/2P1PNP1/PPQ2PP1/RN2KB1R b KQkq -,1700,1899,blitz,,,,,,discovery|validation|test,NON_EXECUTE
LON-06,B5,before_key,r1b1kb1r/pp2pppp/1qn5/2pp4/3P4/2P1PNn1/PPQ2PPP/RN2KB1R w KQkq -,1700,1899,rapid,,,,,,discovery|validation|test,NON_EXECUTE
LON-06,B5,after_key,r1b1kb1r/pp2pppp/1qn5/2pp4/3P4/2P1PNP1/PPQ2PP1/RN2KB1R b KQkq -,1700,1899,rapid,,,,,,discovery|validation|test,NON_EXECUTE
LON-06,B5,before_key,r1b1kb1r/pp2pppp/1qn5/2pp4/3P4/2P1PNn1/PPQ2PPP/RN2KB1R w KQkq -,1900,2099,blitz,,,,,,discovery|validation|test,NON_EXECUTE
LON-06,B5,after_key,r1b1kb1r/pp2pppp/1qn5/2pp4/3P4/2P1PNP1/PPQ2PP1/RN2KB1R b KQkq -,1900,2099,blitz,,,,,,discovery|validation|test,NON_EXECUTE
LON-06,B5,before_key,r1b1kb1r/pp2pppp/1qn5/2pp4/3P4/2P1PNn1/PPQ2PPP/RN2KB1R w KQkq -,1900,2099,rapid,,,,,,discovery|validation|test,NON_EXECUTE
LON-06,B5,after_key,r1b1kb1r/pp2pppp/1qn5/2pp4/3P4/2P1PNP1/PPQ2PP1/RN2KB1R b KQkq -,1900,2099,rapid,,,,,,discovery|validation|test,NON_EXECUTE
LON-07,B5,before_key,r1b1kb1r/pp2ppp1/1qn4p/2pp3n/3P3B/2P1PN2/PPQ2PPP/RN2KB1R b KQkq -,1100,1299,blitz,,,,,,discovery|validation|test,NON_EXECUTE
LON-07,B5,after_key,r1b1kb1r/pp2pp2/1qn4p/2pp2pn/3P3B/2P1PN2/PPQ2PPP/RN2KB1R w KQkq -,1100,1299,blitz,,,,,,discovery|validation|test,NON_EXECUTE
LON-07,B5,before_key,r1b1kb1r/pp2ppp1/1qn4p/2pp3n/3P3B/2P1PN2/PPQ2PPP/RN2KB1R b KQkq -,1100,1299,rapid,,,,,,discovery|validation|test,NON_EXECUTE
LON-07,B5,after_key,r1b1kb1r/pp2pp2/1qn4p/2pp2pn/3P3B/2P1PN2/PPQ2PPP/RN2KB1R w KQkq -,1100,1299,rapid,,,,,,discovery|validation|test,NON_EXECUTE
LON-07,B5,before_key,r1b1kb1r/pp2ppp1/1qn4p/2pp3n/3P3B/2P1PN2/PPQ2PPP/RN2KB1R b KQkq -,1300,1499,blitz,,,,,,discovery|validation|test,NON_EXECUTE
LON-07,B5,after_key,r1b1kb1r/pp2pp2/1qn4p/2pp2pn/3P3B/2P1PN2/PPQ2PPP/RN2KB1R w KQkq -,1300,1499,blitz,,,,,,discovery|validation|test,NON_EXECUTE
LON-07,B5,before_key,r1b1kb1r/pp2ppp1/1qn4p/2pp3n/3P3B/2P1PN2/PPQ2PPP/RN2KB1R b KQkq -,1300,1499,rapid,,,,,,discovery|validation|test,NON_EXECUTE
LON-07,B5,after_key,r1b1kb1r/pp2pp2/1qn4p/2pp2pn/3P3B/2P1PN2/PPQ2PPP/RN2KB1R w KQkq -,1300,1499,rapid,,,,,,discovery|validation|test,NON_EXECUTE
LON-07,B5,before_key,r1b1kb1r/pp2ppp1/1qn4p/2pp3n/3P3B/2P1PN2/PPQ2PPP/RN2KB1R b KQkq -,1500,1699,blitz,,,,,,discovery|validation|test,NON_EXECUTE
LON-07,B5,after_key,r1b1kb1r/pp2pp2/1qn4p/2pp2pn/3P3B/2P1PN2/PPQ2PPP/RN2KB1R w KQkq -,1500,1699,blitz,,,,,,discovery|validation|test,NON_EXECUTE
LON-07,B5,before_key,r1b1kb1r/pp2ppp1/1qn4p/2pp3n/3P3B/2P1PN2/PPQ2PPP/RN2KB1R b KQkq -,1500,1699,rapid,,,,,,discovery|validation|test,NON_EXECUTE
LON-07,B5,after_key,r1b1kb1r/pp2pp2/1qn4p/2pp2pn/3P3B/2P1PN2/PPQ2PPP/RN2KB1R w KQkq -,1500,1699,rapid,,,,,,discovery|validation|test,NON_EXECUTE
LON-07,B5,before_key,r1b1kb1r/pp2ppp1/1qn4p/2pp3n/3P3B/2P1PN2/PPQ2PPP/RN2KB1R b KQkq -,1700,1899,blitz,,,,,,discovery|validation|test,NON_EXECUTE
LON-07,B5,after_key,r1b1kb1r/pp2pp2/1qn4p/2pp2pn/3P3B/2P1PN2/PPQ2PPP/RN2KB1R w KQkq -,1700,1899,blitz,,,,,,discovery|validation|test,NON_EXECUTE
LON-07,B5,before_key,r1b1kb1r/pp2ppp1/1qn4p/2pp3n/3P3B/2P1PN2/PPQ2PPP/RN2KB1R b KQkq -,1700,1899,rapid,,,,,,discovery|validation|test,NON_EXECUTE
LON-07,B5,after_key,r1b1kb1r/pp2pp2/1qn4p/2pp2pn/3P3B/2P1PN2/PPQ2PPP/RN2KB1R w KQkq -,1700,1899,rapid,,,,,,discovery|validation|test,NON_EXECUTE
LON-07,B5,before_key,r1b1kb1r/pp2ppp1/1qn4p/2pp3n/3P3B/2P1PN2/PPQ2PPP/RN2KB1R b KQkq -,1900,2099,blitz,,,,,,discovery|validation|test,NON_EXECUTE
LON-07,B5,after_key,r1b1kb1r/pp2pp2/1qn4p/2pp2pn/3P3B/2P1PN2/PPQ2PPP/RN2KB1R w KQkq -,1900,2099,blitz,,,,,,discovery|validation|test,NON_EXECUTE
LON-07,B5,before_key,r1b1kb1r/pp2ppp1/1qn4p/2pp3n/3P3B/2P1PN2/PPQ2PPP/RN2KB1R b KQkq -,1900,2099,rapid,,,,,,discovery|validation|test,NON_EXECUTE
LON-07,B5,after_key,r1b1kb1r/pp2pp2/1qn4p/2pp2pn/3P3B/2P1PN2/PPQ2PPP/RN2KB1R w KQkq -,1900,2099,rapid,,,,,,discovery|validation|test,NON_EXECUTE
TOR-02,B5,before_key,rnbqkb1r/ppp1pppp/8/3p4/3Pn2B/5N2/PPP1PPPP/RN1QKB1R b KQkq -,1100,1299,blitz,,,,,,discovery|validation|test,NON_EXECUTE
TOR-02,B5,after_key,rnbqkb1r/ppp1ppp1/8/3p3p/3Pn2B/5N2/PPP1PPPP/RN1QKB1R w KQkq -,1100,1299,blitz,,,,,,discovery|validation|test,NON_EXECUTE
TOR-02,B5,before_key,rnbqkb1r/ppp1pppp/8/3p4/3Pn2B/5N2/PPP1PPPP/RN1QKB1R b KQkq -,1100,1299,rapid,,,,,,discovery|validation|test,NON_EXECUTE
TOR-02,B5,after_key,rnbqkb1r/ppp1ppp1/8/3p3p/3Pn2B/5N2/PPP1PPPP/RN1QKB1R w KQkq -,1100,1299,rapid,,,,,,discovery|validation|test,NON_EXECUTE
TOR-02,B5,before_key,rnbqkb1r/ppp1pppp/8/3p4/3Pn2B/5N2/PPP1PPPP/RN1QKB1R b KQkq -,1300,1499,blitz,,,,,,discovery|validation|test,NON_EXECUTE
TOR-02,B5,after_key,rnbqkb1r/ppp1ppp1/8/3p3p/3Pn2B/5N2/PPP1PPPP/RN1QKB1R w KQkq -,1300,1499,blitz,,,,,,discovery|validation|test,NON_EXECUTE
TOR-02,B5,before_key,rnbqkb1r/ppp1pppp/8/3p4/3Pn2B/5N2/PPP1PPPP/RN1QKB1R b KQkq -,1300,1499,rapid,,,,,,discovery|validation|test,NON_EXECUTE
TOR-02,B5,after_key,rnbqkb1r/ppp1ppp1/8/3p3p/3Pn2B/5N2/PPP1PPPP/RN1QKB1R w KQkq -,1300,1499,rapid,,,,,,discovery|validation|test,NON_EXECUTE
TOR-02,B5,before_key,rnbqkb1r/ppp1pppp/8/3p4/3Pn2B/5N2/PPP1PPPP/RN1QKB1R b KQkq -,1500,1699,blitz,,,,,,discovery|validation|test,NON_EXECUTE
TOR-02,B5,after_key,rnbqkb1r/ppp1ppp1/8/3p3p/3Pn2B/5N2/PPP1PPPP/RN1QKB1R w KQkq -,1500,1699,blitz,,,,,,discovery|validation|test,NON_EXECUTE
TOR-02,B5,before_key,rnbqkb1r/ppp1pppp/8/3p4/3Pn2B/5N2/PPP1PPPP/RN1QKB1R b KQkq -,1500,1699,rapid,,,,,,discovery|validation|test,NON_EXECUTE
TOR-02,B5,after_key,rnbqkb1r/ppp1ppp1/8/3p3p/3Pn2B/5N2/PPP1PPPP/RN1QKB1R w KQkq -,1500,1699,rapid,,,,,,discovery|validation|test,NON_EXECUTE
TOR-02,B5,before_key,rnbqkb1r/ppp1pppp/8/3p4/3Pn2B/5N2/PPP1PPPP/RN1QKB1R b KQkq -,1700,1899,blitz,,,,,,discovery|validation|test,NON_EXECUTE
TOR-02,B5,after_key,rnbqkb1r/ppp1ppp1/8/3p3p/3Pn2B/5N2/PPP1PPPP/RN1QKB1R w KQkq -,1700,1899,blitz,,,,,,discovery|validation|test,NON_EXECUTE
TOR-02,B5,before_key,rnbqkb1r/ppp1pppp/8/3p4/3Pn2B/5N2/PPP1PPPP/RN1QKB1R b KQkq -,1700,1899,rapid,,,,,,discovery|validation|test,NON_EXECUTE
TOR-02,B5,after_key,rnbqkb1r/ppp1ppp1/8/3p3p/3Pn2B/5N2/PPP1PPPP/RN1QKB1R w KQkq -,1700,1899,rapid,,,,,,discovery|validation|test,NON_EXECUTE
TOR-02,B5,before_key,rnbqkb1r/ppp1pppp/8/3p4/3Pn2B/5N2/PPP1PPPP/RN1QKB1R b KQkq -,1900,2099,blitz,,,,,,discovery|validation|test,NON_EXECUTE
TOR-02,B5,after_key,rnbqkb1r/ppp1ppp1/8/3p3p/3Pn2B/5N2/PPP1PPPP/RN1QKB1R w KQkq -,1900,2099,blitz,,,,,,discovery|validation|test,NON_EXECUTE
TOR-02,B5,before_key,rnbqkb1r/ppp1pppp/8/3p4/3Pn2B/5N2/PPP1PPPP/RN1QKB1R b KQkq -,1900,2099,rapid,,,,,,discovery|validation|test,NON_EXECUTE
TOR-02,B5,after_key,rnbqkb1r/ppp1ppp1/8/3p3p/3Pn2B/5N2/PPP1PPPP/RN1QKB1R w KQkq -,1900,2099,rapid,,,,,,discovery|validation|test,NON_EXECUTE
TOR-05,B5,before_key,rnbqkb1r/ppp1pppp/8/3p2B1/3Pn2P/5N2/PPP1PPP1/RN1QKB1R b KQkq -,1100,1299,blitz,,,,,,discovery|validation|test,NON_EXECUTE
TOR-05,B5,after_key,rnbqkb1r/pp2pppp/8/2pp2B1/3Pn2P/5N2/PPP1PPP1/RN1QKB1R w KQkq -,1100,1299,blitz,,,,,,discovery|validation|test,NON_EXECUTE
TOR-05,B5,before_key,rnbqkb1r/ppp1pppp/8/3p2B1/3Pn2P/5N2/PPP1PPP1/RN1QKB1R b KQkq -,1100,1299,rapid,,,,,,discovery|validation|test,NON_EXECUTE
TOR-05,B5,after_key,rnbqkb1r/pp2pppp/8/2pp2B1/3Pn2P/5N2/PPP1PPP1/RN1QKB1R w KQkq -,1100,1299,rapid,,,,,,discovery|validation|test,NON_EXECUTE
TOR-05,B5,before_key,rnbqkb1r/ppp1pppp/8/3p2B1/3Pn2P/5N2/PPP1PPP1/RN1QKB1R b KQkq -,1300,1499,blitz,,,,,,discovery|validation|test,NON_EXECUTE
TOR-05,B5,after_key,rnbqkb1r/pp2pppp/8/2pp2B1/3Pn2P/5N2/PPP1PPP1/RN1QKB1R w KQkq -,1300,1499,blitz,,,,,,discovery|validation|test,NON_EXECUTE
TOR-05,B5,before_key,rnbqkb1r/ppp1pppp/8/3p2B1/3Pn2P/5N2/PPP1PPP1/RN1QKB1R b KQkq -,1300,1499,rapid,,,,,,discovery|validation|test,NON_EXECUTE
TOR-05,B5,after_key,rnbqkb1r/pp2pppp/8/2pp2B1/3Pn2P/5N2/PPP1PPP1/RN1QKB1R w KQkq -,1300,1499,rapid,,,,,,discovery|validation|test,NON_EXECUTE
TOR-05,B5,before_key,rnbqkb1r/ppp1pppp/8/3p2B1/3Pn2P/5N2/PPP1PPP1/RN1QKB1R b KQkq -,1500,1699,blitz,,,,,,discovery|validation|test,NON_EXECUTE
TOR-05,B5,after_key,rnbqkb1r/pp2pppp/8/2pp2B1/3Pn2P/5N2/PPP1PPP1/RN1QKB1R w KQkq -,1500,1699,blitz,,,,,,discovery|validation|test,NON_EXECUTE
TOR-05,B5,before_key,rnbqkb1r/ppp1pppp/8/3p2B1/3Pn2P/5N2/PPP1PPP1/RN1QKB1R b KQkq -,1500,1699,rapid,,,,,,discovery|validation|test,NON_EXECUTE
TOR-05,B5,after_key,rnbqkb1r/pp2pppp/8/2pp2B1/3Pn2P/5N2/PPP1PPP1/RN1QKB1R w KQkq -,1500,1699,rapid,,,,,,discovery|validation|test,NON_EXECUTE
TOR-05,B5,before_key,rnbqkb1r/ppp1pppp/8/3p2B1/3Pn2P/5N2/PPP1PPP1/RN1QKB1R b KQkq -,1700,1899,blitz,,,,,,discovery|validation|test,NON_EXECUTE
TOR-05,B5,after_key,rnbqkb1r/pp2pppp/8/2pp2B1/3Pn2P/5N2/PPP1PPP1/RN1QKB1R w KQkq -,1700,1899,blitz,,,,,,discovery|validation|test,NON_EXECUTE
TOR-05,B5,before_key,rnbqkb1r/ppp1pppp/8/3p2B1/3Pn2P/5N2/PPP1PPP1/RN1QKB1R b KQkq -,1700,1899,rapid,,,,,,discovery|validation|test,NON_EXECUTE
TOR-05,B5,after_key,rnbqkb1r/pp2pppp/8/2pp2B1/3Pn2P/5N2/PPP1PPP1/RN1QKB1R w KQkq -,1700,1899,rapid,,,,,,discovery|validation|test,NON_EXECUTE
TOR-05,B5,before_key,rnbqkb1r/ppp1pppp/8/3p2B1/3Pn2P/5N2/PPP1PPP1/RN1QKB1R b KQkq -,1900,2099,blitz,,,,,,discovery|validation|test,NON_EXECUTE
TOR-05,B5,after_key,rnbqkb1r/pp2pppp/8/2pp2B1/3Pn2P/5N2/PPP1PPP1/RN1QKB1R w KQkq -,1900,2099,blitz,,,,,,discovery|validation|test,NON_EXECUTE
TOR-05,B5,before_key,rnbqkb1r/ppp1pppp/8/3p2B1/3Pn2P/5N2/PPP1PPP1/RN1QKB1R b KQkq -,1900,2099,rapid,,,,,,discovery|validation|test,NON_EXECUTE
TOR-05,B5,after_key,rnbqkb1r/pp2pppp/8/2pp2B1/3Pn2P/5N2/PPP1PPP1/RN1QKB1R w KQkq -,1900,2099,rapid,,,,,,discovery|validation|test,NON_EXECUTE
PST-01,B5,before_key,rnbqkbnr/ppp1ppp1/7p/3p4/3P3B/8/PPP1PPPP/RN1QKBNR b KQkq -,1100,1299,blitz,,,,,,discovery|validation|test,NON_EXECUTE
PST-01,B5,after_key,rnbqkbnr/pp2ppp1/7p/2pp4/3P3B/8/PPP1PPPP/RN1QKBNR w KQkq -,1100,1299,blitz,,,,,,discovery|validation|test,NON_EXECUTE
PST-01,B5,before_key,rnbqkbnr/ppp1ppp1/7p/3p4/3P3B/8/PPP1PPPP/RN1QKBNR b KQkq -,1100,1299,rapid,,,,,,discovery|validation|test,NON_EXECUTE
PST-01,B5,after_key,rnbqkbnr/pp2ppp1/7p/2pp4/3P3B/8/PPP1PPPP/RN1QKBNR w KQkq -,1100,1299,rapid,,,,,,discovery|validation|test,NON_EXECUTE
PST-01,B5,before_key,rnbqkbnr/ppp1ppp1/7p/3p4/3P3B/8/PPP1PPPP/RN1QKBNR b KQkq -,1300,1499,blitz,,,,,,discovery|validation|test,NON_EXECUTE
PST-01,B5,after_key,rnbqkbnr/pp2ppp1/7p/2pp4/3P3B/8/PPP1PPPP/RN1QKBNR w KQkq -,1300,1499,blitz,,,,,,discovery|validation|test,NON_EXECUTE
PST-01,B5,before_key,rnbqkbnr/ppp1ppp1/7p/3p4/3P3B/8/PPP1PPPP/RN1QKBNR b KQkq -,1300,1499,rapid,,,,,,discovery|validation|test,NON_EXECUTE
PST-01,B5,after_key,rnbqkbnr/pp2ppp1/7p/2pp4/3P3B/8/PPP1PPPP/RN1QKBNR w KQkq -,1300,1499,rapid,,,,,,discovery|validation|test,NON_EXECUTE
PST-01,B5,before_key,rnbqkbnr/ppp1ppp1/7p/3p4/3P3B/8/PPP1PPPP/RN1QKBNR b KQkq -,1500,1699,blitz,,,,,,discovery|validation|test,NON_EXECUTE
PST-01,B5,after_key,rnbqkbnr/pp2ppp1/7p/2pp4/3P3B/8/PPP1PPPP/RN1QKBNR w KQkq -,1500,1699,blitz,,,,,,discovery|validation|test,NON_EXECUTE
PST-01,B5,before_key,rnbqkbnr/ppp1ppp1/7p/3p4/3P3B/8/PPP1PPPP/RN1QKBNR b KQkq -,1500,1699,rapid,,,,,,discovery|validation|test,NON_EXECUTE
PST-01,B5,after_key,rnbqkbnr/pp2ppp1/7p/2pp4/3P3B/8/PPP1PPPP/RN1QKBNR w KQkq -,1500,1699,rapid,,,,,,discovery|validation|test,NON_EXECUTE
PST-01,B5,before_key,rnbqkbnr/ppp1ppp1/7p/3p4/3P3B/8/PPP1PPPP/RN1QKBNR b KQkq -,1700,1899,blitz,,,,,,discovery|validation|test,NON_EXECUTE
PST-01,B5,after_key,rnbqkbnr/pp2ppp1/7p/2pp4/3P3B/8/PPP1PPPP/RN1QKBNR w KQkq -,1700,1899,blitz,,,,,,discovery|validation|test,NON_EXECUTE
PST-01,B5,before_key,rnbqkbnr/ppp1ppp1/7p/3p4/3P3B/8/PPP1PPPP/RN1QKBNR b KQkq -,1700,1899,rapid,,,,,,discovery|validation|test,NON_EXECUTE
PST-01,B5,after_key,rnbqkbnr/pp2ppp1/7p/2pp4/3P3B/8/PPP1PPPP/RN1QKBNR w KQkq -,1700,1899,rapid,,,,,,discovery|validation|test,NON_EXECUTE
PST-01,B5,before_key,rnbqkbnr/ppp1ppp1/7p/3p4/3P3B/8/PPP1PPPP/RN1QKBNR b KQkq -,1900,2099,blitz,,,,,,discovery|validation|test,NON_EXECUTE
PST-01,B5,after_key,rnbqkbnr/pp2ppp1/7p/2pp4/3P3B/8/PPP1PPPP/RN1QKBNR w KQkq -,1900,2099,blitz,,,,,,discovery|validation|test,NON_EXECUTE
PST-01,B5,before_key,rnbqkbnr/ppp1ppp1/7p/3p4/3P3B/8/PPP1PPPP/RN1QKBNR b KQkq -,1900,2099,rapid,,,,,,discovery|validation|test,NON_EXECUTE
PST-01,B5,after_key,rnbqkbnr/pp2ppp1/7p/2pp4/3P3B/8/PPP1PPPP/RN1QKBNR w KQkq -,1900,2099,rapid,,,,,,discovery|validation|test,NON_EXECUTE
ORD-09,B6,before_key,rnbqkb1r/pp2pppp/5n2/3p4/3N1B1P/8/PPP1PPP1/RN1QKB1R b KQkq -,1100,1299,blitz,,,,,,discovery|validation|test,NON_EXECUTE
ORD-09,B6,after_key,r1bqkb1r/pp1npppp/5n2/3p4/3N1B1P/8/PPP1PPP1/RN1QKB1R w KQkq -,1100,1299,blitz,,,,,,discovery|validation|test,NON_EXECUTE
ORD-09,B6,before_key,rnbqkb1r/pp2pppp/5n2/3p4/3N1B1P/8/PPP1PPP1/RN1QKB1R b KQkq -,1100,1299,rapid,,,,,,discovery|validation|test,NON_EXECUTE
ORD-09,B6,after_key,r1bqkb1r/pp1npppp/5n2/3p4/3N1B1P/8/PPP1PPP1/RN1QKB1R w KQkq -,1100,1299,rapid,,,,,,discovery|validation|test,NON_EXECUTE
ORD-09,B6,before_key,rnbqkb1r/pp2pppp/5n2/3p4/3N1B1P/8/PPP1PPP1/RN1QKB1R b KQkq -,1300,1499,blitz,,,,,,discovery|validation|test,NON_EXECUTE
ORD-09,B6,after_key,r1bqkb1r/pp1npppp/5n2/3p4/3N1B1P/8/PPP1PPP1/RN1QKB1R w KQkq -,1300,1499,blitz,,,,,,discovery|validation|test,NON_EXECUTE
ORD-09,B6,before_key,rnbqkb1r/pp2pppp/5n2/3p4/3N1B1P/8/PPP1PPP1/RN1QKB1R b KQkq -,1300,1499,rapid,,,,,,discovery|validation|test,NON_EXECUTE
ORD-09,B6,after_key,r1bqkb1r/pp1npppp/5n2/3p4/3N1B1P/8/PPP1PPP1/RN1QKB1R w KQkq -,1300,1499,rapid,,,,,,discovery|validation|test,NON_EXECUTE
ORD-09,B6,before_key,rnbqkb1r/pp2pppp/5n2/3p4/3N1B1P/8/PPP1PPP1/RN1QKB1R b KQkq -,1500,1699,blitz,,,,,,discovery|validation|test,NON_EXECUTE
ORD-09,B6,after_key,r1bqkb1r/pp1npppp/5n2/3p4/3N1B1P/8/PPP1PPP1/RN1QKB1R w KQkq -,1500,1699,blitz,,,,,,discovery|validation|test,NON_EXECUTE
ORD-09,B6,before_key,rnbqkb1r/pp2pppp/5n2/3p4/3N1B1P/8/PPP1PPP1/RN1QKB1R b KQkq -,1500,1699,rapid,,,,,,discovery|validation|test,NON_EXECUTE
ORD-09,B6,after_key,r1bqkb1r/pp1npppp/5n2/3p4/3N1B1P/8/PPP1PPP1/RN1QKB1R w KQkq -,1500,1699,rapid,,,,,,discovery|validation|test,NON_EXECUTE
ORD-09,B6,before_key,rnbqkb1r/pp2pppp/5n2/3p4/3N1B1P/8/PPP1PPP1/RN1QKB1R b KQkq -,1700,1899,blitz,,,,,,discovery|validation|test,NON_EXECUTE
ORD-09,B6,after_key,r1bqkb1r/pp1npppp/5n2/3p4/3N1B1P/8/PPP1PPP1/RN1QKB1R w KQkq -,1700,1899,blitz,,,,,,discovery|validation|test,NON_EXECUTE
ORD-09,B6,before_key,rnbqkb1r/pp2pppp/5n2/3p4/3N1B1P/8/PPP1PPP1/RN1QKB1R b KQkq -,1700,1899,rapid,,,,,,discovery|validation|test,NON_EXECUTE
ORD-09,B6,after_key,r1bqkb1r/pp1npppp/5n2/3p4/3N1B1P/8/PPP1PPP1/RN1QKB1R w KQkq -,1700,1899,rapid,,,,,,discovery|validation|test,NON_EXECUTE
ORD-09,B6,before_key,rnbqkb1r/pp2pppp/5n2/3p4/3N1B1P/8/PPP1PPP1/RN1QKB1R b KQkq -,1900,2099,blitz,,,,,,discovery|validation|test,NON_EXECUTE
ORD-09,B6,after_key,r1bqkb1r/pp1npppp/5n2/3p4/3N1B1P/8/PPP1PPP1/RN1QKB1R w KQkq -,1900,2099,blitz,,,,,,discovery|validation|test,NON_EXECUTE
ORD-09,B6,before_key,rnbqkb1r/pp2pppp/5n2/3p4/3N1B1P/8/PPP1PPP1/RN1QKB1R b KQkq -,1900,2099,rapid,,,,,,discovery|validation|test,NON_EXECUTE
ORD-09,B6,after_key,r1bqkb1r/pp1npppp/5n2/3p4/3N1B1P/8/PPP1PPP1/RN1QKB1R w KQkq -,1900,2099,rapid,,,,,,discovery|validation|test,NON_EXECUTE
TOR-08,B6,before_key,rnbqkb1r/ppp1pppp/8/3p2B1/3Pn3/4PN2/PPP2PPP/RN1QKB1R b KQkq -,1100,1299,blitz,,,,,,discovery|validation|test,NON_EXECUTE
TOR-08,B6,after_key,rnbqkb1r/ppp1p1pp/5p2/3p2B1/3Pn3/4PN2/PPP2PPP/RN1QKB1R w KQkq -,1100,1299,blitz,,,,,,discovery|validation|test,NON_EXECUTE
TOR-08,B6,before_key,rnbqkb1r/ppp1pppp/8/3p2B1/3Pn3/4PN2/PPP2PPP/RN1QKB1R b KQkq -,1100,1299,rapid,,,,,,discovery|validation|test,NON_EXECUTE
TOR-08,B6,after_key,rnbqkb1r/ppp1p1pp/5p2/3p2B1/3Pn3/4PN2/PPP2PPP/RN1QKB1R w KQkq -,1100,1299,rapid,,,,,,discovery|validation|test,NON_EXECUTE
TOR-08,B6,before_key,rnbqkb1r/ppp1pppp/8/3p2B1/3Pn3/4PN2/PPP2PPP/RN1QKB1R b KQkq -,1300,1499,blitz,,,,,,discovery|validation|test,NON_EXECUTE
TOR-08,B6,after_key,rnbqkb1r/ppp1p1pp/5p2/3p2B1/3Pn3/4PN2/PPP2PPP/RN1QKB1R w KQkq -,1300,1499,blitz,,,,,,discovery|validation|test,NON_EXECUTE
TOR-08,B6,before_key,rnbqkb1r/ppp1pppp/8/3p2B1/3Pn3/4PN2/PPP2PPP/RN1QKB1R b KQkq -,1300,1499,rapid,,,,,,discovery|validation|test,NON_EXECUTE
TOR-08,B6,after_key,rnbqkb1r/ppp1p1pp/5p2/3p2B1/3Pn3/4PN2/PPP2PPP/RN1QKB1R w KQkq -,1300,1499,rapid,,,,,,discovery|validation|test,NON_EXECUTE
TOR-08,B6,before_key,rnbqkb1r/ppp1pppp/8/3p2B1/3Pn3/4PN2/PPP2PPP/RN1QKB1R b KQkq -,1500,1699,blitz,,,,,,discovery|validation|test,NON_EXECUTE
TOR-08,B6,after_key,rnbqkb1r/ppp1p1pp/5p2/3p2B1/3Pn3/4PN2/PPP2PPP/RN1QKB1R w KQkq -,1500,1699,blitz,,,,,,discovery|validation|test,NON_EXECUTE
TOR-08,B6,before_key,rnbqkb1r/ppp1pppp/8/3p2B1/3Pn3/4PN2/PPP2PPP/RN1QKB1R b KQkq -,1500,1699,rapid,,,,,,discovery|validation|test,NON_EXECUTE
TOR-08,B6,after_key,rnbqkb1r/ppp1p1pp/5p2/3p2B1/3Pn3/4PN2/PPP2PPP/RN1QKB1R w KQkq -,1500,1699,rapid,,,,,,discovery|validation|test,NON_EXECUTE
TOR-08,B6,before_key,rnbqkb1r/ppp1pppp/8/3p2B1/3Pn3/4PN2/PPP2PPP/RN1QKB1R b KQkq -,1700,1899,blitz,,,,,,discovery|validation|test,NON_EXECUTE
TOR-08,B6,after_key,rnbqkb1r/ppp1p1pp/5p2/3p2B1/3Pn3/4PN2/PPP2PPP/RN1QKB1R w KQkq -,1700,1899,blitz,,,,,,discovery|validation|test,NON_EXECUTE
TOR-08,B6,before_key,rnbqkb1r/ppp1pppp/8/3p2B1/3Pn3/4PN2/PPP2PPP/RN1QKB1R b KQkq -,1700,1899,rapid,,,,,,discovery|validation|test,NON_EXECUTE
TOR-08,B6,after_key,rnbqkb1r/ppp1p1pp/5p2/3p2B1/3Pn3/4PN2/PPP2PPP/RN1QKB1R w KQkq -,1700,1899,rapid,,,,,,discovery|validation|test,NON_EXECUTE
TOR-08,B6,before_key,rnbqkb1r/ppp1pppp/8/3p2B1/3Pn3/4PN2/PPP2PPP/RN1QKB1R b KQkq -,1900,2099,blitz,,,,,,discovery|validation|test,NON_EXECUTE
TOR-08,B6,after_key,rnbqkb1r/ppp1p1pp/5p2/3p2B1/3Pn3/4PN2/PPP2PPP/RN1QKB1R w KQkq -,1900,2099,blitz,,,,,,discovery|validation|test,NON_EXECUTE
TOR-08,B6,before_key,rnbqkb1r/ppp1pppp/8/3p2B1/3Pn3/4PN2/PPP2PPP/RN1QKB1R b KQkq -,1900,2099,rapid,,,,,,discovery|validation|test,NON_EXECUTE
TOR-08,B6,after_key,rnbqkb1r/ppp1p1pp/5p2/3p2B1/3Pn3/4PN2/PPP2PPP/RN1QKB1R w KQkq -,1900,2099,rapid,,,,,,discovery|validation|test,NON_EXECUTE
TOR-09,B6,before_key,rnbqkb1r/ppp1p1p1/5p2/3p3p/3P3B/4P3/PPPN1PPP/R2QKB1R b KQkq -,1100,1299,blitz,,,,,,discovery|validation|test,NON_EXECUTE
TOR-09,B6,after_key,rnbqkb1r/ppp1p3/5p2/3p2pp/3P3B/4P3/PPPN1PPP/R2QKB1R w KQkq -,1100,1299,blitz,,,,,,discovery|validation|test,NON_EXECUTE
TOR-09,B6,before_key,rnbqkb1r/ppp1p1p1/5p2/3p3p/3P3B/4P3/PPPN1PPP/R2QKB1R b KQkq -,1100,1299,rapid,,,,,,discovery|validation|test,NON_EXECUTE
TOR-09,B6,after_key,rnbqkb1r/ppp1p3/5p2/3p2pp/3P3B/4P3/PPPN1PPP/R2QKB1R w KQkq -,1100,1299,rapid,,,,,,discovery|validation|test,NON_EXECUTE
TOR-09,B6,before_key,rnbqkb1r/ppp1p1p1/5p2/3p3p/3P3B/4P3/PPPN1PPP/R2QKB1R b KQkq -,1300,1499,blitz,,,,,,discovery|validation|test,NON_EXECUTE
TOR-09,B6,after_key,rnbqkb1r/ppp1p3/5p2/3p2pp/3P3B/4P3/PPPN1PPP/R2QKB1R w KQkq -,1300,1499,blitz,,,,,,discovery|validation|test,NON_EXECUTE
TOR-09,B6,before_key,rnbqkb1r/ppp1p1p1/5p2/3p3p/3P3B/4P3/PPPN1PPP/R2QKB1R b KQkq -,1300,1499,rapid,,,,,,discovery|validation|test,NON_EXECUTE
TOR-09,B6,after_key,rnbqkb1r/ppp1p3/5p2/3p2pp/3P3B/4P3/PPPN1PPP/R2QKB1R w KQkq -,1300,1499,rapid,,,,,,discovery|validation|test,NON_EXECUTE
TOR-09,B6,before_key,rnbqkb1r/ppp1p1p1/5p2/3p3p/3P3B/4P3/PPPN1PPP/R2QKB1R b KQkq -,1500,1699,blitz,,,,,,discovery|validation|test,NON_EXECUTE
TOR-09,B6,after_key,rnbqkb1r/ppp1p3/5p2/3p2pp/3P3B/4P3/PPPN1PPP/R2QKB1R w KQkq -,1500,1699,blitz,,,,,,discovery|validation|test,NON_EXECUTE
TOR-09,B6,before_key,rnbqkb1r/ppp1p1p1/5p2/3p3p/3P3B/4P3/PPPN1PPP/R2QKB1R b KQkq -,1500,1699,rapid,,,,,,discovery|validation|test,NON_EXECUTE
TOR-09,B6,after_key,rnbqkb1r/ppp1p3/5p2/3p2pp/3P3B/4P3/PPPN1PPP/R2QKB1R w KQkq -,1500,1699,rapid,,,,,,discovery|validation|test,NON_EXECUTE
TOR-09,B6,before_key,rnbqkb1r/ppp1p1p1/5p2/3p3p/3P3B/4P3/PPPN1PPP/R2QKB1R b KQkq -,1700,1899,blitz,,,,,,discovery|validation|test,NON_EXECUTE
TOR-09,B6,after_key,rnbqkb1r/ppp1p3/5p2/3p2pp/3P3B/4P3/PPPN1PPP/R2QKB1R w KQkq -,1700,1899,blitz,,,,,,discovery|validation|test,NON_EXECUTE
TOR-09,B6,before_key,rnbqkb1r/ppp1p1p1/5p2/3p3p/3P3B/4P3/PPPN1PPP/R2QKB1R b KQkq -,1700,1899,rapid,,,,,,discovery|validation|test,NON_EXECUTE
TOR-09,B6,after_key,rnbqkb1r/ppp1p3/5p2/3p2pp/3P3B/4P3/PPPN1PPP/R2QKB1R w KQkq -,1700,1899,rapid,,,,,,discovery|validation|test,NON_EXECUTE
TOR-09,B6,before_key,rnbqkb1r/ppp1p1p1/5p2/3p3p/3P3B/4P3/PPPN1PPP/R2QKB1R b KQkq -,1900,2099,blitz,,,,,,discovery|validation|test,NON_EXECUTE
TOR-09,B6,after_key,rnbqkb1r/ppp1p3/5p2/3p2pp/3P3B/4P3/PPPN1PPP/R2QKB1R w KQkq -,1900,2099,blitz,,,,,,discovery|validation|test,NON_EXECUTE
TOR-09,B6,before_key,rnbqkb1r/ppp1p1p1/5p2/3p3p/3P3B/4P3/PPPN1PPP/R2QKB1R b KQkq -,1900,2099,rapid,,,,,,discovery|validation|test,NON_EXECUTE
TOR-09,B6,after_key,rnbqkb1r/ppp1p3/5p2/3p2pp/3P3B/4P3/PPPN1PPP/R2QKB1R w KQkq -,1900,2099,rapid,,,,,,discovery|validation|test,NON_EXECUTE
STO-01,B6,before_key,rnbqkb1r/pp2pppp/5n2/3p4/2pP1P2/4P3/PPP1B1PP/RNBQK1NR b KQkq -,1100,1299,blitz,,,,,,discovery|validation|test,NON_EXECUTE
STO-01,B6,after_key,rn1qkb1r/pp2pppp/5n2/3p1b2/2pP1P2/4P3/PPP1B1PP/RNBQK1NR w KQkq -,1100,1299,blitz,,,,,,discovery|validation|test,NON_EXECUTE
STO-01,B6,before_key,rnbqkb1r/pp2pppp/5n2/3p4/2pP1P2/4P3/PPP1B1PP/RNBQK1NR b KQkq -,1100,1299,rapid,,,,,,discovery|validation|test,NON_EXECUTE
STO-01,B6,after_key,rn1qkb1r/pp2pppp/5n2/3p1b2/2pP1P2/4P3/PPP1B1PP/RNBQK1NR w KQkq -,1100,1299,rapid,,,,,,discovery|validation|test,NON_EXECUTE
STO-01,B6,before_key,rnbqkb1r/pp2pppp/5n2/3p4/2pP1P2/4P3/PPP1B1PP/RNBQK1NR b KQkq -,1300,1499,blitz,,,,,,discovery|validation|test,NON_EXECUTE
STO-01,B6,after_key,rn1qkb1r/pp2pppp/5n2/3p1b2/2pP1P2/4P3/PPP1B1PP/RNBQK1NR w KQkq -,1300,1499,blitz,,,,,,discovery|validation|test,NON_EXECUTE
STO-01,B6,before_key,rnbqkb1r/pp2pppp/5n2/3p4/2pP1P2/4P3/PPP1B1PP/RNBQK1NR b KQkq -,1300,1499,rapid,,,,,,discovery|validation|test,NON_EXECUTE
STO-01,B6,after_key,rn1qkb1r/pp2pppp/5n2/3p1b2/2pP1P2/4P3/PPP1B1PP/RNBQK1NR w KQkq -,1300,1499,rapid,,,,,,discovery|validation|test,NON_EXECUTE
STO-01,B6,before_key,rnbqkb1r/pp2pppp/5n2/3p4/2pP1P2/4P3/PPP1B1PP/RNBQK1NR b KQkq -,1500,1699,blitz,,,,,,discovery|validation|test,NON_EXECUTE
STO-01,B6,after_key,rn1qkb1r/pp2pppp/5n2/3p1b2/2pP1P2/4P3/PPP1B1PP/RNBQK1NR w KQkq -,1500,1699,blitz,,,,,,discovery|validation|test,NON_EXECUTE
STO-01,B6,before_key,rnbqkb1r/pp2pppp/5n2/3p4/2pP1P2/4P3/PPP1B1PP/RNBQK1NR b KQkq -,1500,1699,rapid,,,,,,discovery|validation|test,NON_EXECUTE
STO-01,B6,after_key,rn1qkb1r/pp2pppp/5n2/3p1b2/2pP1P2/4P3/PPP1B1PP/RNBQK1NR w KQkq -,1500,1699,rapid,,,,,,discovery|validation|test,NON_EXECUTE
STO-01,B6,before_key,rnbqkb1r/pp2pppp/5n2/3p4/2pP1P2/4P3/PPP1B1PP/RNBQK1NR b KQkq -,1700,1899,blitz,,,,,,discovery|validation|test,NON_EXECUTE
STO-01,B6,after_key,rn1qkb1r/pp2pppp/5n2/3p1b2/2pP1P2/4P3/PPP1B1PP/RNBQK1NR w KQkq -,1700,1899,blitz,,,,,,discovery|validation|test,NON_EXECUTE
STO-01,B6,before_key,rnbqkb1r/pp2pppp/5n2/3p4/2pP1P2/4P3/PPP1B1PP/RNBQK1NR b KQkq -,1700,1899,rapid,,,,,,discovery|validation|test,NON_EXECUTE
STO-01,B6,after_key,rn1qkb1r/pp2pppp/5n2/3p1b2/2pP1P2/4P3/PPP1B1PP/RNBQK1NR w KQkq -,1700,1899,rapid,,,,,,discovery|validation|test,NON_EXECUTE
STO-01,B6,before_key,rnbqkb1r/pp2pppp/5n2/3p4/2pP1P2/4P3/PPP1B1PP/RNBQK1NR b KQkq -,1900,2099,blitz,,,,,,discovery|validation|test,NON_EXECUTE
STO-01,B6,after_key,rn1qkb1r/pp2pppp/5n2/3p1b2/2pP1P2/4P3/PPP1B1PP/RNBQK1NR w KQkq -,1900,2099,blitz,,,,,,discovery|validation|test,NON_EXECUTE
STO-01,B6,before_key,rnbqkb1r/pp2pppp/5n2/3p4/2pP1P2/4P3/PPP1B1PP/RNBQK1NR b KQkq -,1900,2099,rapid,,,,,,discovery|validation|test,NON_EXECUTE
STO-01,B6,after_key,rn1qkb1r/pp2pppp/5n2/3p1b2/2pP1P2/4P3/PPP1B1PP/RNBQK1NR w KQkq -,1900,2099,rapid,,,,,,discovery|validation|test,NON_EXECUTE
BDG-01,B6,before_key,rnbqkb1r/ppp1pppp/5n2/8/3P4/2N2N2/PPP3PP/R1BQKB1R b KQkq -,1100,1299,blitz,,,,,,discovery|validation|test,NON_EXECUTE
BDG-01,B6,after_key,rn1qkb1r/ppp1pppp/5n2/5b2/3P4/2N2N2/PPP3PP/R1BQKB1R w KQkq -,1100,1299,blitz,,,,,,discovery|validation|test,NON_EXECUTE
BDG-01,B6,before_key,rnbqkb1r/ppp1pppp/5n2/8/3P4/2N2N2/PPP3PP/R1BQKB1R b KQkq -,1100,1299,rapid,,,,,,discovery|validation|test,NON_EXECUTE
BDG-01,B6,after_key,rn1qkb1r/ppp1pppp/5n2/5b2/3P4/2N2N2/PPP3PP/R1BQKB1R w KQkq -,1100,1299,rapid,,,,,,discovery|validation|test,NON_EXECUTE
BDG-01,B6,before_key,rnbqkb1r/ppp1pppp/5n2/8/3P4/2N2N2/PPP3PP/R1BQKB1R b KQkq -,1300,1499,blitz,,,,,,discovery|validation|test,NON_EXECUTE
BDG-01,B6,after_key,rn1qkb1r/ppp1pppp/5n2/5b2/3P4/2N2N2/PPP3PP/R1BQKB1R w KQkq -,1300,1499,blitz,,,,,,discovery|validation|test,NON_EXECUTE
BDG-01,B6,before_key,rnbqkb1r/ppp1pppp/5n2/8/3P4/2N2N2/PPP3PP/R1BQKB1R b KQkq -,1300,1499,rapid,,,,,,discovery|validation|test,NON_EXECUTE
BDG-01,B6,after_key,rn1qkb1r/ppp1pppp/5n2/5b2/3P4/2N2N2/PPP3PP/R1BQKB1R w KQkq -,1300,1499,rapid,,,,,,discovery|validation|test,NON_EXECUTE
BDG-01,B6,before_key,rnbqkb1r/ppp1pppp/5n2/8/3P4/2N2N2/PPP3PP/R1BQKB1R b KQkq -,1500,1699,blitz,,,,,,discovery|validation|test,NON_EXECUTE
BDG-01,B6,after_key,rn1qkb1r/ppp1pppp/5n2/5b2/3P4/2N2N2/PPP3PP/R1BQKB1R w KQkq -,1500,1699,blitz,,,,,,discovery|validation|test,NON_EXECUTE
BDG-01,B6,before_key,rnbqkb1r/ppp1pppp/5n2/8/3P4/2N2N2/PPP3PP/R1BQKB1R b KQkq -,1500,1699,rapid,,,,,,discovery|validation|test,NON_EXECUTE
BDG-01,B6,after_key,rn1qkb1r/ppp1pppp/5n2/5b2/3P4/2N2N2/PPP3PP/R1BQKB1R w KQkq -,1500,1699,rapid,,,,,,discovery|validation|test,NON_EXECUTE
BDG-01,B6,before_key,rnbqkb1r/ppp1pppp/5n2/8/3P4/2N2N2/PPP3PP/R1BQKB1R b KQkq -,1700,1899,blitz,,,,,,discovery|validation|test,NON_EXECUTE
BDG-01,B6,after_key,rn1qkb1r/ppp1pppp/5n2/5b2/3P4/2N2N2/PPP3PP/R1BQKB1R w KQkq -,1700,1899,blitz,,,,,,discovery|validation|test,NON_EXECUTE
BDG-01,B6,before_key,rnbqkb1r/ppp1pppp/5n2/8/3P4/2N2N2/PPP3PP/R1BQKB1R b KQkq -,1700,1899,rapid,,,,,,discovery|validation|test,NON_EXECUTE
BDG-01,B6,after_key,rn1qkb1r/ppp1pppp/5n2/5b2/3P4/2N2N2/PPP3PP/R1BQKB1R w KQkq -,1700,1899,rapid,,,,,,discovery|validation|test,NON_EXECUTE
BDG-01,B6,before_key,rnbqkb1r/ppp1pppp/5n2/8/3P4/2N2N2/PPP3PP/R1BQKB1R b KQkq -,1900,2099,blitz,,,,,,discovery|validation|test,NON_EXECUTE
BDG-01,B6,after_key,rn1qkb1r/ppp1pppp/5n2/5b2/3P4/2N2N2/PPP3PP/R1BQKB1R w KQkq -,1900,2099,blitz,,,,,,discovery|validation|test,NON_EXECUTE
BDG-01,B6,before_key,rnbqkb1r/ppp1pppp/5n2/8/3P4/2N2N2/PPP3PP/R1BQKB1R b KQkq -,1900,2099,rapid,,,,,,discovery|validation|test,NON_EXECUTE
BDG-01,B6,after_key,rn1qkb1r/ppp1pppp/5n2/5b2/3P4/2N2N2/PPP3PP/R1BQKB1R w KQkq -,1900,2099,rapid,,,,,,discovery|validation|test,NON_EXECUTE
ORD-10,B7,before_key,rnbqkb1r/pp2pppp/5n2/3p4/3N1B2/7P/PPP1PPP1/RN1QKB1R b KQkq -,1100,1299,blitz,,,,,,discovery|validation|test,NON_EXECUTE
ORD-10,B7,after_key,rnb1kb1r/pp2pppp/1q3n2/3p4/3N1B2/7P/PPP1PPP1/RN1QKB1R w KQkq -,1100,1299,blitz,,,,,,discovery|validation|test,NON_EXECUTE
ORD-10,B7,before_key,rnbqkb1r/pp2pppp/5n2/3p4/3N1B2/7P/PPP1PPP1/RN1QKB1R b KQkq -,1100,1299,rapid,,,,,,discovery|validation|test,NON_EXECUTE
ORD-10,B7,after_key,rnb1kb1r/pp2pppp/1q3n2/3p4/3N1B2/7P/PPP1PPP1/RN1QKB1R w KQkq -,1100,1299,rapid,,,,,,discovery|validation|test,NON_EXECUTE
ORD-10,B7,before_key,rnbqkb1r/pp2pppp/5n2/3p4/3N1B2/7P/PPP1PPP1/RN1QKB1R b KQkq -,1300,1499,blitz,,,,,,discovery|validation|test,NON_EXECUTE
ORD-10,B7,after_key,rnb1kb1r/pp2pppp/1q3n2/3p4/3N1B2/7P/PPP1PPP1/RN1QKB1R w KQkq -,1300,1499,blitz,,,,,,discovery|validation|test,NON_EXECUTE
ORD-10,B7,before_key,rnbqkb1r/pp2pppp/5n2/3p4/3N1B2/7P/PPP1PPP1/RN1QKB1R b KQkq -,1300,1499,rapid,,,,,,discovery|validation|test,NON_EXECUTE
ORD-10,B7,after_key,rnb1kb1r/pp2pppp/1q3n2/3p4/3N1B2/7P/PPP1PPP1/RN1QKB1R w KQkq -,1300,1499,rapid,,,,,,discovery|validation|test,NON_EXECUTE
ORD-10,B7,before_key,rnbqkb1r/pp2pppp/5n2/3p4/3N1B2/7P/PPP1PPP1/RN1QKB1R b KQkq -,1500,1699,blitz,,,,,,discovery|validation|test,NON_EXECUTE
ORD-10,B7,after_key,rnb1kb1r/pp2pppp/1q3n2/3p4/3N1B2/7P/PPP1PPP1/RN1QKB1R w KQkq -,1500,1699,blitz,,,,,,discovery|validation|test,NON_EXECUTE
ORD-10,B7,before_key,rnbqkb1r/pp2pppp/5n2/3p4/3N1B2/7P/PPP1PPP1/RN1QKB1R b KQkq -,1500,1699,rapid,,,,,,discovery|validation|test,NON_EXECUTE
ORD-10,B7,after_key,rnb1kb1r/pp2pppp/1q3n2/3p4/3N1B2/7P/PPP1PPP1/RN1QKB1R w KQkq -,1500,1699,rapid,,,,,,discovery|validation|test,NON_EXECUTE
ORD-10,B7,before_key,rnbqkb1r/pp2pppp/5n2/3p4/3N1B2/7P/PPP1PPP1/RN1QKB1R b KQkq -,1700,1899,blitz,,,,,,discovery|validation|test,NON_EXECUTE
ORD-10,B7,after_key,rnb1kb1r/pp2pppp/1q3n2/3p4/3N1B2/7P/PPP1PPP1/RN1QKB1R w KQkq -,1700,1899,blitz,,,,,,discovery|validation|test,NON_EXECUTE
ORD-10,B7,before_key,rnbqkb1r/pp2pppp/5n2/3p4/3N1B2/7P/PPP1PPP1/RN1QKB1R b KQkq -,1700,1899,rapid,,,,,,discovery|validation|test,NON_EXECUTE
ORD-10,B7,after_key,rnb1kb1r/pp2pppp/1q3n2/3p4/3N1B2/7P/PPP1PPP1/RN1QKB1R w KQkq -,1700,1899,rapid,,,,,,discovery|validation|test,NON_EXECUTE
ORD-10,B7,before_key,rnbqkb1r/pp2pppp/5n2/3p4/3N1B2/7P/PPP1PPP1/RN1QKB1R b KQkq -,1900,2099,blitz,,,,,,discovery|validation|test,NON_EXECUTE
ORD-10,B7,after_key,rnb1kb1r/pp2pppp/1q3n2/3p4/3N1B2/7P/PPP1PPP1/RN1QKB1R w KQkq -,1900,2099,blitz,,,,,,discovery|validation|test,NON_EXECUTE
ORD-10,B7,before_key,rnbqkb1r/pp2pppp/5n2/3p4/3N1B2/7P/PPP1PPP1/RN1QKB1R b KQkq -,1900,2099,rapid,,,,,,discovery|validation|test,NON_EXECUTE
ORD-10,B7,after_key,rnb1kb1r/pp2pppp/1q3n2/3p4/3N1B2/7P/PPP1PPP1/RN1QKB1R w KQkq -,1900,2099,rapid,,,,,,discovery|validation|test,NON_EXECUTE
JOB-06,B7,before_key,rnbqkb1r/pp2pppp/5n2/3p4/3Q1B2/2N2P2/PPP1P1PP/R3KBNR b KQkq -,1100,1299,blitz,,,,,,discovery|validation|test,NON_EXECUTE
JOB-06,B7,after_key,r1bqkb1r/pp2pppp/2n2n2/3p4/3Q1B2/2N2P2/PPP1P1PP/R3KBNR w KQkq -,1100,1299,blitz,,,,,,discovery|validation|test,NON_EXECUTE
JOB-06,B7,before_key,rnbqkb1r/pp2pppp/5n2/3p4/3Q1B2/2N2P2/PPP1P1PP/R3KBNR b KQkq -,1100,1299,rapid,,,,,,discovery|validation|test,NON_EXECUTE
JOB-06,B7,after_key,r1bqkb1r/pp2pppp/2n2n2/3p4/3Q1B2/2N2P2/PPP1P1PP/R3KBNR w KQkq -,1100,1299,rapid,,,,,,discovery|validation|test,NON_EXECUTE
JOB-06,B7,before_key,rnbqkb1r/pp2pppp/5n2/3p4/3Q1B2/2N2P2/PPP1P1PP/R3KBNR b KQkq -,1300,1499,blitz,,,,,,discovery|validation|test,NON_EXECUTE
JOB-06,B7,after_key,r1bqkb1r/pp2pppp/2n2n2/3p4/3Q1B2/2N2P2/PPP1P1PP/R3KBNR w KQkq -,1300,1499,blitz,,,,,,discovery|validation|test,NON_EXECUTE
JOB-06,B7,before_key,rnbqkb1r/pp2pppp/5n2/3p4/3Q1B2/2N2P2/PPP1P1PP/R3KBNR b KQkq -,1300,1499,rapid,,,,,,discovery|validation|test,NON_EXECUTE
JOB-06,B7,after_key,r1bqkb1r/pp2pppp/2n2n2/3p4/3Q1B2/2N2P2/PPP1P1PP/R3KBNR w KQkq -,1300,1499,rapid,,,,,,discovery|validation|test,NON_EXECUTE
JOB-06,B7,before_key,rnbqkb1r/pp2pppp/5n2/3p4/3Q1B2/2N2P2/PPP1P1PP/R3KBNR b KQkq -,1500,1699,blitz,,,,,,discovery|validation|test,NON_EXECUTE
JOB-06,B7,after_key,r1bqkb1r/pp2pppp/2n2n2/3p4/3Q1B2/2N2P2/PPP1P1PP/R3KBNR w KQkq -,1500,1699,blitz,,,,,,discovery|validation|test,NON_EXECUTE
JOB-06,B7,before_key,rnbqkb1r/pp2pppp/5n2/3p4/3Q1B2/2N2P2/PPP1P1PP/R3KBNR b KQkq -,1500,1699,rapid,,,,,,discovery|validation|test,NON_EXECUTE
JOB-06,B7,after_key,r1bqkb1r/pp2pppp/2n2n2/3p4/3Q1B2/2N2P2/PPP1P1PP/R3KBNR w KQkq -,1500,1699,rapid,,,,,,discovery|validation|test,NON_EXECUTE
JOB-06,B7,before_key,rnbqkb1r/pp2pppp/5n2/3p4/3Q1B2/2N2P2/PPP1P1PP/R3KBNR b KQkq -,1700,1899,blitz,,,,,,discovery|validation|test,NON_EXECUTE
JOB-06,B7,after_key,r1bqkb1r/pp2pppp/2n2n2/3p4/3Q1B2/2N2P2/PPP1P1PP/R3KBNR w KQkq -,1700,1899,blitz,,,,,,discovery|validation|test,NON_EXECUTE
JOB-06,B7,before_key,rnbqkb1r/pp2pppp/5n2/3p4/3Q1B2/2N2P2/PPP1P1PP/R3KBNR b KQkq -,1700,1899,rapid,,,,,,discovery|validation|test,NON_EXECUTE
JOB-06,B7,after_key,r1bqkb1r/pp2pppp/2n2n2/3p4/3Q1B2/2N2P2/PPP1P1PP/R3KBNR w KQkq -,1700,1899,rapid,,,,,,discovery|validation|test,NON_EXECUTE
JOB-06,B7,before_key,rnbqkb1r/pp2pppp/5n2/3p4/3Q1B2/2N2P2/PPP1P1PP/R3KBNR b KQkq -,1900,2099,blitz,,,,,,discovery|validation|test,NON_EXECUTE
JOB-06,B7,after_key,r1bqkb1r/pp2pppp/2n2n2/3p4/3Q1B2/2N2P2/PPP1P1PP/R3KBNR w KQkq -,1900,2099,blitz,,,,,,discovery|validation|test,NON_EXECUTE
JOB-06,B7,before_key,rnbqkb1r/pp2pppp/5n2/3p4/3Q1B2/2N2P2/PPP1P1PP/R3KBNR b KQkq -,1900,2099,rapid,,,,,,discovery|validation|test,NON_EXECUTE
JOB-06,B7,after_key,r1bqkb1r/pp2pppp/2n2n2/3p4/3Q1B2/2N2P2/PPP1P1PP/R3KBNR w KQkq -,1900,2099,rapid,,,,,,discovery|validation|test,NON_EXECUTE
JOB-09,B7,before_key,rnbqkb1r/pp2pppp/5n2/3p4/3Q1B2/P1N5/1PP1PPPP/R3KBNR b KQkq -,1100,1299,blitz,,,,,,discovery|validation|test,NON_EXECUTE
JOB-09,B7,after_key,r1bqkb1r/pp2pppp/2n2n2/3p4/3Q1B2/P1N5/1PP1PPPP/R3KBNR w KQkq -,1100,1299,blitz,,,,,,discovery|validation|test,NON_EXECUTE
JOB-09,B7,before_key,rnbqkb1r/pp2pppp/5n2/3p4/3Q1B2/P1N5/1PP1PPPP/R3KBNR b KQkq -,1100,1299,rapid,,,,,,discovery|validation|test,NON_EXECUTE
JOB-09,B7,after_key,r1bqkb1r/pp2pppp/2n2n2/3p4/3Q1B2/P1N5/1PP1PPPP/R3KBNR w KQkq -,1100,1299,rapid,,,,,,discovery|validation|test,NON_EXECUTE
JOB-09,B7,before_key,rnbqkb1r/pp2pppp/5n2/3p4/3Q1B2/P1N5/1PP1PPPP/R3KBNR b KQkq -,1300,1499,blitz,,,,,,discovery|validation|test,NON_EXECUTE
JOB-09,B7,after_key,r1bqkb1r/pp2pppp/2n2n2/3p4/3Q1B2/P1N5/1PP1PPPP/R3KBNR w KQkq -,1300,1499,blitz,,,,,,discovery|validation|test,NON_EXECUTE
JOB-09,B7,before_key,rnbqkb1r/pp2pppp/5n2/3p4/3Q1B2/P1N5/1PP1PPPP/R3KBNR b KQkq -,1300,1499,rapid,,,,,,discovery|validation|test,NON_EXECUTE
JOB-09,B7,after_key,r1bqkb1r/pp2pppp/2n2n2/3p4/3Q1B2/P1N5/1PP1PPPP/R3KBNR w KQkq -,1300,1499,rapid,,,,,,discovery|validation|test,NON_EXECUTE
JOB-09,B7,before_key,rnbqkb1r/pp2pppp/5n2/3p4/3Q1B2/P1N5/1PP1PPPP/R3KBNR b KQkq -,1500,1699,blitz,,,,,,discovery|validation|test,NON_EXECUTE
JOB-09,B7,after_key,r1bqkb1r/pp2pppp/2n2n2/3p4/3Q1B2/P1N5/1PP1PPPP/R3KBNR w KQkq -,1500,1699,blitz,,,,,,discovery|validation|test,NON_EXECUTE
JOB-09,B7,before_key,rnbqkb1r/pp2pppp/5n2/3p4/3Q1B2/P1N5/1PP1PPPP/R3KBNR b KQkq -,1500,1699,rapid,,,,,,discovery|validation|test,NON_EXECUTE
JOB-09,B7,after_key,r1bqkb1r/pp2pppp/2n2n2/3p4/3Q1B2/P1N5/1PP1PPPP/R3KBNR w KQkq -,1500,1699,rapid,,,,,,discovery|validation|test,NON_EXECUTE
JOB-09,B7,before_key,rnbqkb1r/pp2pppp/5n2/3p4/3Q1B2/P1N5/1PP1PPPP/R3KBNR b KQkq -,1700,1899,blitz,,,,,,discovery|validation|test,NON_EXECUTE
JOB-09,B7,after_key,r1bqkb1r/pp2pppp/2n2n2/3p4/3Q1B2/P1N5/1PP1PPPP/R3KBNR w KQkq -,1700,1899,blitz,,,,,,discovery|validation|test,NON_EXECUTE
JOB-09,B7,before_key,rnbqkb1r/pp2pppp/5n2/3p4/3Q1B2/P1N5/1PP1PPPP/R3KBNR b KQkq -,1700,1899,rapid,,,,,,discovery|validation|test,NON_EXECUTE
JOB-09,B7,after_key,r1bqkb1r/pp2pppp/2n2n2/3p4/3Q1B2/P1N5/1PP1PPPP/R3KBNR w KQkq -,1700,1899,rapid,,,,,,discovery|validation|test,NON_EXECUTE
JOB-09,B7,before_key,rnbqkb1r/pp2pppp/5n2/3p4/3Q1B2/P1N5/1PP1PPPP/R3KBNR b KQkq -,1900,2099,blitz,,,,,,discovery|validation|test,NON_EXECUTE
JOB-09,B7,after_key,r1bqkb1r/pp2pppp/2n2n2/3p4/3Q1B2/P1N5/1PP1PPPP/R3KBNR w KQkq -,1900,2099,blitz,,,,,,discovery|validation|test,NON_EXECUTE
JOB-09,B7,before_key,rnbqkb1r/pp2pppp/5n2/3p4/3Q1B2/P1N5/1PP1PPPP/R3KBNR b KQkq -,1900,2099,rapid,,,,,,discovery|validation|test,NON_EXECUTE
JOB-09,B7,after_key,r1bqkb1r/pp2pppp/2n2n2/3p4/3Q1B2/P1N5/1PP1PPPP/R3KBNR w KQkq -,1900,2099,rapid,,,,,,discovery|validation|test,NON_EXECUTE
JOB-10,B7,before_key,rnbqkb1r/pp2pppp/5n2/3p4/3Q1B1P/2N5/PPP1PPP1/R3KBNR b KQkq -,1100,1299,blitz,,,,,,discovery|validation|test,NON_EXECUTE
JOB-10,B7,after_key,r1bqkb1r/pp2pppp/2n2n2/3p4/3Q1B1P/2N5/PPP1PPP1/R3KBNR w KQkq -,1100,1299,blitz,,,,,,discovery|validation|test,NON_EXECUTE
JOB-10,B7,before_key,rnbqkb1r/pp2pppp/5n2/3p4/3Q1B1P/2N5/PPP1PPP1/R3KBNR b KQkq -,1100,1299,rapid,,,,,,discovery|validation|test,NON_EXECUTE
JOB-10,B7,after_key,r1bqkb1r/pp2pppp/2n2n2/3p4/3Q1B1P/2N5/PPP1PPP1/R3KBNR w KQkq -,1100,1299,rapid,,,,,,discovery|validation|test,NON_EXECUTE
JOB-10,B7,before_key,rnbqkb1r/pp2pppp/5n2/3p4/3Q1B1P/2N5/PPP1PPP1/R3KBNR b KQkq -,1300,1499,blitz,,,,,,discovery|validation|test,NON_EXECUTE
JOB-10,B7,after_key,r1bqkb1r/pp2pppp/2n2n2/3p4/3Q1B1P/2N5/PPP1PPP1/R3KBNR w KQkq -,1300,1499,blitz,,,,,,discovery|validation|test,NON_EXECUTE
JOB-10,B7,before_key,rnbqkb1r/pp2pppp/5n2/3p4/3Q1B1P/2N5/PPP1PPP1/R3KBNR b KQkq -,1300,1499,rapid,,,,,,discovery|validation|test,NON_EXECUTE
JOB-10,B7,after_key,r1bqkb1r/pp2pppp/2n2n2/3p4/3Q1B1P/2N5/PPP1PPP1/R3KBNR w KQkq -,1300,1499,rapid,,,,,,discovery|validation|test,NON_EXECUTE
JOB-10,B7,before_key,rnbqkb1r/pp2pppp/5n2/3p4/3Q1B1P/2N5/PPP1PPP1/R3KBNR b KQkq -,1500,1699,blitz,,,,,,discovery|validation|test,NON_EXECUTE
JOB-10,B7,after_key,r1bqkb1r/pp2pppp/2n2n2/3p4/3Q1B1P/2N5/PPP1PPP1/R3KBNR w KQkq -,1500,1699,blitz,,,,,,discovery|validation|test,NON_EXECUTE
JOB-10,B7,before_key,rnbqkb1r/pp2pppp/5n2/3p4/3Q1B1P/2N5/PPP1PPP1/R3KBNR b KQkq -,1500,1699,rapid,,,,,,discovery|validation|test,NON_EXECUTE
JOB-10,B7,after_key,r1bqkb1r/pp2pppp/2n2n2/3p4/3Q1B1P/2N5/PPP1PPP1/R3KBNR w KQkq -,1500,1699,rapid,,,,,,discovery|validation|test,NON_EXECUTE
JOB-10,B7,before_key,rnbqkb1r/pp2pppp/5n2/3p4/3Q1B1P/2N5/PPP1PPP1/R3KBNR b KQkq -,1700,1899,blitz,,,,,,discovery|validation|test,NON_EXECUTE
JOB-10,B7,after_key,r1bqkb1r/pp2pppp/2n2n2/3p4/3Q1B1P/2N5/PPP1PPP1/R3KBNR w KQkq -,1700,1899,blitz,,,,,,discovery|validation|test,NON_EXECUTE
JOB-10,B7,before_key,rnbqkb1r/pp2pppp/5n2/3p4/3Q1B1P/2N5/PPP1PPP1/R3KBNR b KQkq -,1700,1899,rapid,,,,,,discovery|validation|test,NON_EXECUTE
JOB-10,B7,after_key,r1bqkb1r/pp2pppp/2n2n2/3p4/3Q1B1P/2N5/PPP1PPP1/R3KBNR w KQkq -,1700,1899,rapid,,,,,,discovery|validation|test,NON_EXECUTE
JOB-10,B7,before_key,rnbqkb1r/pp2pppp/5n2/3p4/3Q1B1P/2N5/PPP1PPP1/R3KBNR b KQkq -,1900,2099,blitz,,,,,,discovery|validation|test,NON_EXECUTE
JOB-10,B7,after_key,r1bqkb1r/pp2pppp/2n2n2/3p4/3Q1B1P/2N5/PPP1PPP1/R3KBNR w KQkq -,1900,2099,blitz,,,,,,discovery|validation|test,NON_EXECUTE
JOB-10,B7,before_key,rnbqkb1r/pp2pppp/5n2/3p4/3Q1B1P/2N5/PPP1PPP1/R3KBNR b KQkq -,1900,2099,rapid,,,,,,discovery|validation|test,NON_EXECUTE
JOB-10,B7,after_key,r1bqkb1r/pp2pppp/2n2n2/3p4/3Q1B1P/2N5/PPP1PPP1/R3KBNR w KQkq -,1900,2099,rapid,,,,,,discovery|validation|test,NON_EXECUTE
VER-08,B7,before_key,rnbqkb1r/pp2pppp/5n2/3p2B1/3Q4/2N2P2/PPP1P1PP/R3KBNR b KQkq -,1100,1299,blitz,,,,,,discovery|validation|test,NON_EXECUTE
VER-08,B7,after_key,r1bqkb1r/pp2pppp/2n2n2/3p2B1/3Q4/2N2P2/PPP1P1PP/R3KBNR w KQkq -,1100,1299,blitz,,,,,,discovery|validation|test,NON_EXECUTE
VER-08,B7,before_key,rnbqkb1r/pp2pppp/5n2/3p2B1/3Q4/2N2P2/PPP1P1PP/R3KBNR b KQkq -,1100,1299,rapid,,,,,,discovery|validation|test,NON_EXECUTE
VER-08,B7,after_key,r1bqkb1r/pp2pppp/2n2n2/3p2B1/3Q4/2N2P2/PPP1P1PP/R3KBNR w KQkq -,1100,1299,rapid,,,,,,discovery|validation|test,NON_EXECUTE
VER-08,B7,before_key,rnbqkb1r/pp2pppp/5n2/3p2B1/3Q4/2N2P2/PPP1P1PP/R3KBNR b KQkq -,1300,1499,blitz,,,,,,discovery|validation|test,NON_EXECUTE
VER-08,B7,after_key,r1bqkb1r/pp2pppp/2n2n2/3p2B1/3Q4/2N2P2/PPP1P1PP/R3KBNR w KQkq -,1300,1499,blitz,,,,,,discovery|validation|test,NON_EXECUTE
VER-08,B7,before_key,rnbqkb1r/pp2pppp/5n2/3p2B1/3Q4/2N2P2/PPP1P1PP/R3KBNR b KQkq -,1300,1499,rapid,,,,,,discovery|validation|test,NON_EXECUTE
VER-08,B7,after_key,r1bqkb1r/pp2pppp/2n2n2/3p2B1/3Q4/2N2P2/PPP1P1PP/R3KBNR w KQkq -,1300,1499,rapid,,,,,,discovery|validation|test,NON_EXECUTE
VER-08,B7,before_key,rnbqkb1r/pp2pppp/5n2/3p2B1/3Q4/2N2P2/PPP1P1PP/R3KBNR b KQkq -,1500,1699,blitz,,,,,,discovery|validation|test,NON_EXECUTE
VER-08,B7,after_key,r1bqkb1r/pp2pppp/2n2n2/3p2B1/3Q4/2N2P2/PPP1P1PP/R3KBNR w KQkq -,1500,1699,blitz,,,,,,discovery|validation|test,NON_EXECUTE
VER-08,B7,before_key,rnbqkb1r/pp2pppp/5n2/3p2B1/3Q4/2N2P2/PPP1P1PP/R3KBNR b KQkq -,1500,1699,rapid,,,,,,discovery|validation|test,NON_EXECUTE
VER-08,B7,after_key,r1bqkb1r/pp2pppp/2n2n2/3p2B1/3Q4/2N2P2/PPP1P1PP/R3KBNR w KQkq -,1500,1699,rapid,,,,,,discovery|validation|test,NON_EXECUTE
VER-08,B7,before_key,rnbqkb1r/pp2pppp/5n2/3p2B1/3Q4/2N2P2/PPP1P1PP/R3KBNR b KQkq -,1700,1899,blitz,,,,,,discovery|validation|test,NON_EXECUTE
VER-08,B7,after_key,r1bqkb1r/pp2pppp/2n2n2/3p2B1/3Q4/2N2P2/PPP1P1PP/R3KBNR w KQkq -,1700,1899,blitz,,,,,,discovery|validation|test,NON_EXECUTE
VER-08,B7,before_key,rnbqkb1r/pp2pppp/5n2/3p2B1/3Q4/2N2P2/PPP1P1PP/R3KBNR b KQkq -,1700,1899,rapid,,,,,,discovery|validation|test,NON_EXECUTE
VER-08,B7,after_key,r1bqkb1r/pp2pppp/2n2n2/3p2B1/3Q4/2N2P2/PPP1P1PP/R3KBNR w KQkq -,1700,1899,rapid,,,,,,discovery|validation|test,NON_EXECUTE
VER-08,B7,before_key,rnbqkb1r/pp2pppp/5n2/3p2B1/3Q4/2N2P2/PPP1P1PP/R3KBNR b KQkq -,1900,2099,blitz,,,,,,discovery|validation|test,NON_EXECUTE
VER-08,B7,after_key,r1bqkb1r/pp2pppp/2n2n2/3p2B1/3Q4/2N2P2/PPP1P1PP/R3KBNR w KQkq -,1900,2099,blitz,,,,,,discovery|validation|test,NON_EXECUTE
VER-08,B7,before_key,rnbqkb1r/pp2pppp/5n2/3p2B1/3Q4/2N2P2/PPP1P1PP/R3KBNR b KQkq -,1900,2099,rapid,,,,,,discovery|validation|test,NON_EXECUTE
VER-08,B7,after_key,r1bqkb1r/pp2pppp/2n2n2/3p2B1/3Q4/2N2P2/PPP1P1PP/R3KBNR w KQkq -,1900,2099,rapid,,,,,,discovery|validation|test,NON_EXECUTE
JOB-03,B8,before_key,rnbqkb1r/pp2pppp/5n2/2Pp4/5B2/2N5/PPP1PPPP/R2QKBNR b KQkq -,1100,1299,blitz,,,,,,discovery|validation|test,NON_EXECUTE
JOB-03,B8,after_key,rnbqkb1r/pp2pppp/5n2/2P5/3p1B2/2N5/PPP1PPPP/R2QKBNR w KQkq -,1100,1299,blitz,,,,,,discovery|validation|test,NON_EXECUTE
JOB-03,B8,before_key,rnbqkb1r/pp2pppp/5n2/2Pp4/5B2/2N5/PPP1PPPP/R2QKBNR b KQkq -,1100,1299,rapid,,,,,,discovery|validation|test,NON_EXECUTE
JOB-03,B8,after_key,rnbqkb1r/pp2pppp/5n2/2P5/3p1B2/2N5/PPP1PPPP/R2QKBNR w KQkq -,1100,1299,rapid,,,,,,discovery|validation|test,NON_EXECUTE
JOB-03,B8,before_key,rnbqkb1r/pp2pppp/5n2/2Pp4/5B2/2N5/PPP1PPPP/R2QKBNR b KQkq -,1300,1499,blitz,,,,,,discovery|validation|test,NON_EXECUTE
JOB-03,B8,after_key,rnbqkb1r/pp2pppp/5n2/2P5/3p1B2/2N5/PPP1PPPP/R2QKBNR w KQkq -,1300,1499,blitz,,,,,,discovery|validation|test,NON_EXECUTE
JOB-03,B8,before_key,rnbqkb1r/pp2pppp/5n2/2Pp4/5B2/2N5/PPP1PPPP/R2QKBNR b KQkq -,1300,1499,rapid,,,,,,discovery|validation|test,NON_EXECUTE
JOB-03,B8,after_key,rnbqkb1r/pp2pppp/5n2/2P5/3p1B2/2N5/PPP1PPPP/R2QKBNR w KQkq -,1300,1499,rapid,,,,,,discovery|validation|test,NON_EXECUTE
JOB-03,B8,before_key,rnbqkb1r/pp2pppp/5n2/2Pp4/5B2/2N5/PPP1PPPP/R2QKBNR b KQkq -,1500,1699,blitz,,,,,,discovery|validation|test,NON_EXECUTE
JOB-03,B8,after_key,rnbqkb1r/pp2pppp/5n2/2P5/3p1B2/2N5/PPP1PPPP/R2QKBNR w KQkq -,1500,1699,blitz,,,,,,discovery|validation|test,NON_EXECUTE
JOB-03,B8,before_key,rnbqkb1r/pp2pppp/5n2/2Pp4/5B2/2N5/PPP1PPPP/R2QKBNR b KQkq -,1500,1699,rapid,,,,,,discovery|validation|test,NON_EXECUTE
JOB-03,B8,after_key,rnbqkb1r/pp2pppp/5n2/2P5/3p1B2/2N5/PPP1PPPP/R2QKBNR w KQkq -,1500,1699,rapid,,,,,,discovery|validation|test,NON_EXECUTE
JOB-03,B8,before_key,rnbqkb1r/pp2pppp/5n2/2Pp4/5B2/2N5/PPP1PPPP/R2QKBNR b KQkq -,1700,1899,blitz,,,,,,discovery|validation|test,NON_EXECUTE
JOB-03,B8,after_key,rnbqkb1r/pp2pppp/5n2/2P5/3p1B2/2N5/PPP1PPPP/R2QKBNR w KQkq -,1700,1899,blitz,,,,,,discovery|validation|test,NON_EXECUTE
JOB-03,B8,before_key,rnbqkb1r/pp2pppp/5n2/2Pp4/5B2/2N5/PPP1PPPP/R2QKBNR b KQkq -,1700,1899,rapid,,,,,,discovery|validation|test,NON_EXECUTE
JOB-03,B8,after_key,rnbqkb1r/pp2pppp/5n2/2P5/3p1B2/2N5/PPP1PPPP/R2QKBNR w KQkq -,1700,1899,rapid,,,,,,discovery|validation|test,NON_EXECUTE
JOB-03,B8,before_key,rnbqkb1r/pp2pppp/5n2/2Pp4/5B2/2N5/PPP1PPPP/R2QKBNR b KQkq -,1900,2099,blitz,,,,,,discovery|validation|test,NON_EXECUTE
JOB-03,B8,after_key,rnbqkb1r/pp2pppp/5n2/2P5/3p1B2/2N5/PPP1PPPP/R2QKBNR w KQkq -,1900,2099,blitz,,,,,,discovery|validation|test,NON_EXECUTE
JOB-03,B8,before_key,rnbqkb1r/pp2pppp/5n2/2Pp4/5B2/2N5/PPP1PPPP/R2QKBNR b KQkq -,1900,2099,rapid,,,,,,discovery|validation|test,NON_EXECUTE
JOB-03,B8,after_key,rnbqkb1r/pp2pppp/5n2/2P5/3p1B2/2N5/PPP1PPPP/R2QKBNR w KQkq -,1900,2099,rapid,,,,,,discovery|validation|test,NON_EXECUTE
JOB-04,B8,before_key,rnbqkb1r/pp2pppp/5n2/1Npp4/3P1B2/8/PPP1PPPP/R2QKBNR b KQkq -,1100,1299,blitz,,,,,,discovery|validation|test,NON_EXECUTE
JOB-04,B8,after_key,rnb1kb1r/pp2pppp/5n2/qNpp4/3P1B2/8/PPP1PPPP/R2QKBNR w KQkq -,1100,1299,blitz,,,,,,discovery|validation|test,NON_EXECUTE
JOB-04,B8,before_key,rnbqkb1r/pp2pppp/5n2/1Npp4/3P1B2/8/PPP1PPPP/R2QKBNR b KQkq -,1100,1299,rapid,,,,,,discovery|validation|test,NON_EXECUTE
JOB-04,B8,after_key,rnb1kb1r/pp2pppp/5n2/qNpp4/3P1B2/8/PPP1PPPP/R2QKBNR w KQkq -,1100,1299,rapid,,,,,,discovery|validation|test,NON_EXECUTE
JOB-04,B8,before_key,rnbqkb1r/pp2pppp/5n2/1Npp4/3P1B2/8/PPP1PPPP/R2QKBNR b KQkq -,1300,1499,blitz,,,,,,discovery|validation|test,NON_EXECUTE
JOB-04,B8,after_key,rnb1kb1r/pp2pppp/5n2/qNpp4/3P1B2/8/PPP1PPPP/R2QKBNR w KQkq -,1300,1499,blitz,,,,,,discovery|validation|test,NON_EXECUTE
JOB-04,B8,before_key,rnbqkb1r/pp2pppp/5n2/1Npp4/3P1B2/8/PPP1PPPP/R2QKBNR b KQkq -,1300,1499,rapid,,,,,,discovery|validation|test,NON_EXECUTE
JOB-04,B8,after_key,rnb1kb1r/pp2pppp/5n2/qNpp4/3P1B2/8/PPP1PPPP/R2QKBNR w KQkq -,1300,1499,rapid,,,,,,discovery|validation|test,NON_EXECUTE
JOB-04,B8,before_key,rnbqkb1r/pp2pppp/5n2/1Npp4/3P1B2/8/PPP1PPPP/R2QKBNR b KQkq -,1500,1699,blitz,,,,,,discovery|validation|test,NON_EXECUTE
JOB-04,B8,after_key,rnb1kb1r/pp2pppp/5n2/qNpp4/3P1B2/8/PPP1PPPP/R2QKBNR w KQkq -,1500,1699,blitz,,,,,,discovery|validation|test,NON_EXECUTE
JOB-04,B8,before_key,rnbqkb1r/pp2pppp/5n2/1Npp4/3P1B2/8/PPP1PPPP/R2QKBNR b KQkq -,1500,1699,rapid,,,,,,discovery|validation|test,NON_EXECUTE
JOB-04,B8,after_key,rnb1kb1r/pp2pppp/5n2/qNpp4/3P1B2/8/PPP1PPPP/R2QKBNR w KQkq -,1500,1699,rapid,,,,,,discovery|validation|test,NON_EXECUTE
JOB-04,B8,before_key,rnbqkb1r/pp2pppp/5n2/1Npp4/3P1B2/8/PPP1PPPP/R2QKBNR b KQkq -,1700,1899,blitz,,,,,,discovery|validation|test,NON_EXECUTE
JOB-04,B8,after_key,rnb1kb1r/pp2pppp/5n2/qNpp4/3P1B2/8/PPP1PPPP/R2QKBNR w KQkq -,1700,1899,blitz,,,,,,discovery|validation|test,NON_EXECUTE
JOB-04,B8,before_key,rnbqkb1r/pp2pppp/5n2/1Npp4/3P1B2/8/PPP1PPPP/R2QKBNR b KQkq -,1700,1899,rapid,,,,,,discovery|validation|test,NON_EXECUTE
JOB-04,B8,after_key,rnb1kb1r/pp2pppp/5n2/qNpp4/3P1B2/8/PPP1PPPP/R2QKBNR w KQkq -,1700,1899,rapid,,,,,,discovery|validation|test,NON_EXECUTE
JOB-04,B8,before_key,rnbqkb1r/pp2pppp/5n2/1Npp4/3P1B2/8/PPP1PPPP/R2QKBNR b KQkq -,1900,2099,blitz,,,,,,discovery|validation|test,NON_EXECUTE
JOB-04,B8,after_key,rnb1kb1r/pp2pppp/5n2/qNpp4/3P1B2/8/PPP1PPPP/R2QKBNR w KQkq -,1900,2099,blitz,,,,,,discovery|validation|test,NON_EXECUTE
JOB-04,B8,before_key,rnbqkb1r/pp2pppp/5n2/1Npp4/3P1B2/8/PPP1PPPP/R2QKBNR b KQkq -,1900,2099,rapid,,,,,,discovery|validation|test,NON_EXECUTE
JOB-04,B8,after_key,rnb1kb1r/pp2pppp/5n2/qNpp4/3P1B2/8/PPP1PPPP/R2QKBNR w KQkq -,1900,2099,rapid,,,,,,discovery|validation|test,NON_EXECUTE
JOB-13,B8,before_key,r2qkb1r/pp2pppp/2n2n2/1Npp4/3P1B2/4P3/PPP1NPPP/R2QK2R b KQkq -,1100,1299,blitz,,,,,,discovery|validation|test,NON_EXECUTE
JOB-13,B8,after_key,r3kb1r/pp2pppp/2n2n2/qNpp4/3P1B2/4P3/PPP1NPPP/R2QK2R w KQkq -,1100,1299,blitz,,,,,,discovery|validation|test,NON_EXECUTE
JOB-13,B8,before_key,r2qkb1r/pp2pppp/2n2n2/1Npp4/3P1B2/4P3/PPP1NPPP/R2QK2R b KQkq -,1100,1299,rapid,,,,,,discovery|validation|test,NON_EXECUTE
JOB-13,B8,after_key,r3kb1r/pp2pppp/2n2n2/qNpp4/3P1B2/4P3/PPP1NPPP/R2QK2R w KQkq -,1100,1299,rapid,,,,,,discovery|validation|test,NON_EXECUTE
JOB-13,B8,before_key,r2qkb1r/pp2pppp/2n2n2/1Npp4/3P1B2/4P3/PPP1NPPP/R2QK2R b KQkq -,1300,1499,blitz,,,,,,discovery|validation|test,NON_EXECUTE
JOB-13,B8,after_key,r3kb1r/pp2pppp/2n2n2/qNpp4/3P1B2/4P3/PPP1NPPP/R2QK2R w KQkq -,1300,1499,blitz,,,,,,discovery|validation|test,NON_EXECUTE
JOB-13,B8,before_key,r2qkb1r/pp2pppp/2n2n2/1Npp4/3P1B2/4P3/PPP1NPPP/R2QK2R b KQkq -,1300,1499,rapid,,,,,,discovery|validation|test,NON_EXECUTE
JOB-13,B8,after_key,r3kb1r/pp2pppp/2n2n2/qNpp4/3P1B2/4P3/PPP1NPPP/R2QK2R w KQkq -,1300,1499,rapid,,,,,,discovery|validation|test,NON_EXECUTE
JOB-13,B8,before_key,r2qkb1r/pp2pppp/2n2n2/1Npp4/3P1B2/4P3/PPP1NPPP/R2QK2R b KQkq -,1500,1699,blitz,,,,,,discovery|validation|test,NON_EXECUTE
JOB-13,B8,after_key,r3kb1r/pp2pppp/2n2n2/qNpp4/3P1B2/4P3/PPP1NPPP/R2QK2R w KQkq -,1500,1699,blitz,,,,,,discovery|validation|test,NON_EXECUTE
JOB-13,B8,before_key,r2qkb1r/pp2pppp/2n2n2/1Npp4/3P1B2/4P3/PPP1NPPP/R2QK2R b KQkq -,1500,1699,rapid,,,,,,discovery|validation|test,NON_EXECUTE
JOB-13,B8,after_key,r3kb1r/pp2pppp/2n2n2/qNpp4/3P1B2/4P3/PPP1NPPP/R2QK2R w KQkq -,1500,1699,rapid,,,,,,discovery|validation|test,NON_EXECUTE
JOB-13,B8,before_key,r2qkb1r/pp2pppp/2n2n2/1Npp4/3P1B2/4P3/PPP1NPPP/R2QK2R b KQkq -,1700,1899,blitz,,,,,,discovery|validation|test,NON_EXECUTE
JOB-13,B8,after_key,r3kb1r/pp2pppp/2n2n2/qNpp4/3P1B2/4P3/PPP1NPPP/R2QK2R w KQkq -,1700,1899,blitz,,,,,,discovery|validation|test,NON_EXECUTE
JOB-13,B8,before_key,r2qkb1r/pp2pppp/2n2n2/1Npp4/3P1B2/4P3/PPP1NPPP/R2QK2R b KQkq -,1700,1899,rapid,,,,,,discovery|validation|test,NON_EXECUTE
JOB-13,B8,after_key,r3kb1r/pp2pppp/2n2n2/qNpp4/3P1B2/4P3/PPP1NPPP/R2QK2R w KQkq -,1700,1899,rapid,,,,,,discovery|validation|test,NON_EXECUTE
JOB-13,B8,before_key,r2qkb1r/pp2pppp/2n2n2/1Npp4/3P1B2/4P3/PPP1NPPP/R2QK2R b KQkq -,1900,2099,blitz,,,,,,discovery|validation|test,NON_EXECUTE
JOB-13,B8,after_key,r3kb1r/pp2pppp/2n2n2/qNpp4/3P1B2/4P3/PPP1NPPP/R2QK2R w KQkq -,1900,2099,blitz,,,,,,discovery|validation|test,NON_EXECUTE
JOB-13,B8,before_key,r2qkb1r/pp2pppp/2n2n2/1Npp4/3P1B2/4P3/PPP1NPPP/R2QK2R b KQkq -,1900,2099,rapid,,,,,,discovery|validation|test,NON_EXECUTE
JOB-13,B8,after_key,r3kb1r/pp2pppp/2n2n2/qNpp4/3P1B2/4P3/PPP1NPPP/R2QK2R w KQkq -,1900,2099,rapid,,,,,,discovery|validation|test,NON_EXECUTE
TOR-06,B8,before_key,rnbqkb1r/ppp1pppp/8/3p2N1/3P4/8/PPPNPPPP/R2QKB1R b KQkq -,1100,1299,blitz,,,,,,discovery|validation|test,NON_EXECUTE
TOR-06,B8,after_key,rnbqkb1r/ppp2ppp/8/3pp1N1/3P4/8/PPPNPPPP/R2QKB1R w KQkq -,1100,1299,blitz,,,,,,discovery|validation|test,NON_EXECUTE
TOR-06,B8,before_key,rnbqkb1r/ppp1pppp/8/3p2N1/3P4/8/PPPNPPPP/R2QKB1R b KQkq -,1100,1299,rapid,,,,,,discovery|validation|test,NON_EXECUTE
TOR-06,B8,after_key,rnbqkb1r/ppp2ppp/8/3pp1N1/3P4/8/PPPNPPPP/R2QKB1R w KQkq -,1100,1299,rapid,,,,,,discovery|validation|test,NON_EXECUTE
TOR-06,B8,before_key,rnbqkb1r/ppp1pppp/8/3p2N1/3P4/8/PPPNPPPP/R2QKB1R b KQkq -,1300,1499,blitz,,,,,,discovery|validation|test,NON_EXECUTE
TOR-06,B8,after_key,rnbqkb1r/ppp2ppp/8/3pp1N1/3P4/8/PPPNPPPP/R2QKB1R w KQkq -,1300,1499,blitz,,,,,,discovery|validation|test,NON_EXECUTE
TOR-06,B8,before_key,rnbqkb1r/ppp1pppp/8/3p2N1/3P4/8/PPPNPPPP/R2QKB1R b KQkq -,1300,1499,rapid,,,,,,discovery|validation|test,NON_EXECUTE
TOR-06,B8,after_key,rnbqkb1r/ppp2ppp/8/3pp1N1/3P4/8/PPPNPPPP/R2QKB1R w KQkq -,1300,1499,rapid,,,,,,discovery|validation|test,NON_EXECUTE
TOR-06,B8,before_key,rnbqkb1r/ppp1pppp/8/3p2N1/3P4/8/PPPNPPPP/R2QKB1R b KQkq -,1500,1699,blitz,,,,,,discovery|validation|test,NON_EXECUTE
TOR-06,B8,after_key,rnbqkb1r/ppp2ppp/8/3pp1N1/3P4/8/PPPNPPPP/R2QKB1R w KQkq -,1500,1699,blitz,,,,,,discovery|validation|test,NON_EXECUTE
TOR-06,B8,before_key,rnbqkb1r/ppp1pppp/8/3p2N1/3P4/8/PPPNPPPP/R2QKB1R b KQkq -,1500,1699,rapid,,,,,,discovery|validation|test,NON_EXECUTE
TOR-06,B8,after_key,rnbqkb1r/ppp2ppp/8/3pp1N1/3P4/8/PPPNPPPP/R2QKB1R w KQkq -,1500,1699,rapid,,,,,,discovery|validation|test,NON_EXECUTE
TOR-06,B8,before_key,rnbqkb1r/ppp1pppp/8/3p2N1/3P4/8/PPPNPPPP/R2QKB1R b KQkq -,1700,1899,blitz,,,,,,discovery|validation|test,NON_EXECUTE
TOR-06,B8,after_key,rnbqkb1r/ppp2ppp/8/3pp1N1/3P4/8/PPPNPPPP/R2QKB1R w KQkq -,1700,1899,blitz,,,,,,discovery|validation|test,NON_EXECUTE
TOR-06,B8,before_key,rnbqkb1r/ppp1pppp/8/3p2N1/3P4/8/PPPNPPPP/R2QKB1R b KQkq -,1700,1899,rapid,,,,,,discovery|validation|test,NON_EXECUTE
TOR-06,B8,after_key,rnbqkb1r/ppp2ppp/8/3pp1N1/3P4/8/PPPNPPPP/R2QKB1R w KQkq -,1700,1899,rapid,,,,,,discovery|validation|test,NON_EXECUTE
TOR-06,B8,before_key,rnbqkb1r/ppp1pppp/8/3p2N1/3P4/8/PPPNPPPP/R2QKB1R b KQkq -,1900,2099,blitz,,,,,,discovery|validation|test,NON_EXECUTE
TOR-06,B8,after_key,rnbqkb1r/ppp2ppp/8/3pp1N1/3P4/8/PPPNPPPP/R2QKB1R w KQkq -,1900,2099,blitz,,,,,,discovery|validation|test,NON_EXECUTE
TOR-06,B8,before_key,rnbqkb1r/ppp1pppp/8/3p2N1/3P4/8/PPPNPPPP/R2QKB1R b KQkq -,1900,2099,rapid,,,,,,discovery|validation|test,NON_EXECUTE
TOR-06,B8,after_key,rnbqkb1r/ppp2ppp/8/3pp1N1/3P4/8/PPPNPPPP/R2QKB1R w KQkq -,1900,2099,rapid,,,,,,discovery|validation|test,NON_EXECUTE
VER-03,B8,before_key,rnbqkb1r/pp2pppp/5n2/2Pp2B1/8/2N5/PPP1PPPP/R2QKBNR b KQkq -,1100,1299,blitz,,,,,,discovery|validation|test,NON_EXECUTE
VER-03,B8,after_key,rnbqkb1r/pp2pppp/5n2/2P3B1/3p4/2N5/PPP1PPPP/R2QKBNR w KQkq -,1100,1299,blitz,,,,,,discovery|validation|test,NON_EXECUTE
VER-03,B8,before_key,rnbqkb1r/pp2pppp/5n2/2Pp2B1/8/2N5/PPP1PPPP/R2QKBNR b KQkq -,1100,1299,rapid,,,,,,discovery|validation|test,NON_EXECUTE
VER-03,B8,after_key,rnbqkb1r/pp2pppp/5n2/2P3B1/3p4/2N5/PPP1PPPP/R2QKBNR w KQkq -,1100,1299,rapid,,,,,,discovery|validation|test,NON_EXECUTE
VER-03,B8,before_key,rnbqkb1r/pp2pppp/5n2/2Pp2B1/8/2N5/PPP1PPPP/R2QKBNR b KQkq -,1300,1499,blitz,,,,,,discovery|validation|test,NON_EXECUTE
VER-03,B8,after_key,rnbqkb1r/pp2pppp/5n2/2P3B1/3p4/2N5/PPP1PPPP/R2QKBNR w KQkq -,1300,1499,blitz,,,,,,discovery|validation|test,NON_EXECUTE
VER-03,B8,before_key,rnbqkb1r/pp2pppp/5n2/2Pp2B1/8/2N5/PPP1PPPP/R2QKBNR b KQkq -,1300,1499,rapid,,,,,,discovery|validation|test,NON_EXECUTE
VER-03,B8,after_key,rnbqkb1r/pp2pppp/5n2/2P3B1/3p4/2N5/PPP1PPPP/R2QKBNR w KQkq -,1300,1499,rapid,,,,,,discovery|validation|test,NON_EXECUTE
VER-03,B8,before_key,rnbqkb1r/pp2pppp/5n2/2Pp2B1/8/2N5/PPP1PPPP/R2QKBNR b KQkq -,1500,1699,blitz,,,,,,discovery|validation|test,NON_EXECUTE
VER-03,B8,after_key,rnbqkb1r/pp2pppp/5n2/2P3B1/3p4/2N5/PPP1PPPP/R2QKBNR w KQkq -,1500,1699,blitz,,,,,,discovery|validation|test,NON_EXECUTE
VER-03,B8,before_key,rnbqkb1r/pp2pppp/5n2/2Pp2B1/8/2N5/PPP1PPPP/R2QKBNR b KQkq -,1500,1699,rapid,,,,,,discovery|validation|test,NON_EXECUTE
VER-03,B8,after_key,rnbqkb1r/pp2pppp/5n2/2P3B1/3p4/2N5/PPP1PPPP/R2QKBNR w KQkq -,1500,1699,rapid,,,,,,discovery|validation|test,NON_EXECUTE
VER-03,B8,before_key,rnbqkb1r/pp2pppp/5n2/2Pp2B1/8/2N5/PPP1PPPP/R2QKBNR b KQkq -,1700,1899,blitz,,,,,,discovery|validation|test,NON_EXECUTE
VER-03,B8,after_key,rnbqkb1r/pp2pppp/5n2/2P3B1/3p4/2N5/PPP1PPPP/R2QKBNR w KQkq -,1700,1899,blitz,,,,,,discovery|validation|test,NON_EXECUTE
VER-03,B8,before_key,rnbqkb1r/pp2pppp/5n2/2Pp2B1/8/2N5/PPP1PPPP/R2QKBNR b KQkq -,1700,1899,rapid,,,,,,discovery|validation|test,NON_EXECUTE
VER-03,B8,after_key,rnbqkb1r/pp2pppp/5n2/2P3B1/3p4/2N5/PPP1PPPP/R2QKBNR w KQkq -,1700,1899,rapid,,,,,,discovery|validation|test,NON_EXECUTE
VER-03,B8,before_key,rnbqkb1r/pp2pppp/5n2/2Pp2B1/8/2N5/PPP1PPPP/R2QKBNR b KQkq -,1900,2099,blitz,,,,,,discovery|validation|test,NON_EXECUTE
VER-03,B8,after_key,rnbqkb1r/pp2pppp/5n2/2P3B1/3p4/2N5/PPP1PPPP/R2QKBNR w KQkq -,1900,2099,blitz,,,,,,discovery|validation|test,NON_EXECUTE
VER-03,B8,before_key,rnbqkb1r/pp2pppp/5n2/2Pp2B1/8/2N5/PPP1PPPP/R2QKBNR b KQkq -,1900,2099,rapid,,,,,,discovery|validation|test,NON_EXECUTE
VER-03,B8,after_key,rnbqkb1r/pp2pppp/5n2/2P3B1/3p4/2N5/PPP1PPPP/R2QKBNR w KQkq -,1900,2099,rapid,,,,,,discovery|validation|test,NON_EXECUTE
