line_id,bias_code,elo,model,rank,move_uci,move_san,policy_probability,topk_policy_mass,normalized_response_entropy_topk,wdl_win_permille,wdl_draw_permille,wdl_loss_permille,fen,status
ORD-01,B1,1100,maia3-5m,1,e2e4,e4,0.6749164462089539,0.9871364636346698,0.4342553640682974,519,24,457,r2qkbnr/pp2pppp/2n5/2pp4/3P1Bb1/4PN2/PPP2PPP/RN1QKB1R w KQkq -,MODEL_PREDICTION_NOT_EMPIRICAL
ORD-01,B1,1100,maia3-5m,2,d2d4,d4,0.21801438927650452,0.9871364636346698,0.4342553640682974,524,25,451,r2qkbnr/pp2pppp/2n5/2pp4/3P1Bb1/4PN2/PPP2PPP/RN1QKB1R w KQkq -,MODEL_PREDICTION_NOT_EMPIRICAL
ORD-01,B1,1100,maia3-5m,3,e2e3,e3,0.022561196237802505,0.9871364636346698,0.4342553640682974,503,25,472,r2qkbnr/pp2pppp/2n5/2pp4/3P1Bb1/4PN2/PPP2PPP/RN1QKB1R w KQkq -,MODEL_PREDICTION_NOT_EMPIRICAL
ORD-01,B1,1100,maia3-5m,4,g1f3,Nf3,0.0210112277418375,0.9871364636346698,0.4342553640682974,516,28,456,r2qkbnr/pp2pppp/2n5/2pp4/3P1Bb1/4PN2/PPP2PPP/RN1QKB1R w KQkq -,MODEL_PREDICTION_NOT_EMPIRICAL
ORD-01,B1,1100,maia3-5m,5,c2c4,c4,0.016066906973719597,0.9871364636346698,0.4342553640682974,510,25,465,r2qkbnr/pp2pppp/2n5/2pp4/3P1Bb1/4PN2/PPP2PPP/RN1QKB1R w KQkq -,MODEL_PREDICTION_NOT_EMPIRICAL
ORD-01,B1,1100,maia3-5m,6,g2g3,g3,0.011687462218105793,0.9871364636346698,0.4342553640682974,494,25,481,r2qkbnr/pp2pppp/2n5/2pp4/3P1Bb1/4PN2/PPP2PPP/RN1QKB1R w KQkq -,MODEL_PREDICTION_NOT_EMPIRICAL
ORD-01,B1,1100,maia3-5m,7,b2b3,b3,0.007874177768826485,0.9871364636346698,0.4342553640682974,496,26,478,r2qkbnr/pp2pppp/2n5/2pp4/3P1Bb1/4PN2/PPP2PPP/RN1QKB1R w KQkq -,MODEL_PREDICTION_NOT_EMPIRICAL
ORD-01,B1,1100,maia3-5m,8,d2d3,d3,0.005962725728750229,0.9871364636346698,0.4342553640682974,498,26,476,r2qkbnr/pp2pppp/2n5/2pp4/3P1Bb1/4PN2/PPP2PPP/RN1QKB1R w KQkq -,MODEL_PREDICTION_NOT_EMPIRICAL
ORD-01,B1,1100,maia3-5m,9,b1c3,Nc3,0.00519427889958024,0.9871364636346698,0.4342553640682974,524,26,450,r2qkbnr/pp2pppp/2n5/2pp4/3P1Bb1/4PN2/PPP2PPP/RN1QKB1R w KQkq -,MODEL_PREDICTION_NOT_EMPIRICAL
ORD-01,B1,1100,maia3-5m,10,f2f4,f4,0.003847652580589056,0.9871364636346698,0.4342553640682974,509,27,464,r2qkbnr/pp2pppp/2n5/2pp4/3P1Bb1/4PN2/PPP2PPP/RN1QKB1R w KQkq -,MODEL_PREDICTION_NOT_EMPIRICAL
ORD-01,B1,1300,maia3-5m,1,e2e4,e4,0.6615840792655945,0.9876184498425573,0.44341396362140506,518,24,458,r2qkbnr/pp2pppp/2n5/2pp4/3P1Bb1/4PN2/PPP2PPP/RN1QKB1R w KQkq -,MODEL_PREDICTION_NOT_EMPIRICAL
ORD-01,B1,1300,maia3-5m,2,d2d4,d4,0.2294148951768875,0.9876184498425573,0.44341396362140506,522,26,452,r2qkbnr/pp2pppp/2n5/2pp4/3P1Bb1/4PN2/PPP2PPP/RN1QKB1R w KQkq -,MODEL_PREDICTION_NOT_EMPIRICAL
ORD-01,B1,1300,maia3-5m,3,g1f3,Nf3,0.02157282643020153,0.9876184498425573,0.44341396362140506,523,27,450,r2qkbnr/pp2pppp/2n5/2pp4/3P1Bb1/4PN2/PPP2PPP/RN1QKB1R w KQkq -,MODEL_PREDICTION_NOT_EMPIRICAL
ORD-01,B1,1300,maia3-5m,4,c2c4,c4,0.020122205838561058,0.9876184498425573,0.44341396362140506,514,26,460,r2qkbnr/pp2pppp/2n5/2pp4/3P1Bb1/4PN2/PPP2PPP/RN1QKB1R w KQkq -,MODEL_PREDICTION_NOT_EMPIRICAL
ORD-01,B1,1300,maia3-5m,5,e2e3,e3,0.019332410767674446,0.9876184498425573,0.44341396362140506,504,25,471,r2qkbnr/pp2pppp/2n5/2pp4/3P1Bb1/4PN2/PPP2PPP/RN1QKB1R w KQkq -,MODEL_PREDICTION_NOT_EMPIRICAL
ORD-01,B1,1300,maia3-5m,6,g2g3,g3,0.012549953535199165,0.9876184498425573,0.44341396362140506,506,26,468,r2qkbnr/pp2pppp/2n5/2pp4/3P1Bb1/4PN2/PPP2PPP/RN1QKB1R w KQkq -,MODEL_PREDICTION_NOT_EMPIRICAL
ORD-01,B1,1300,maia3-5m,7,b2b3,b3,0.009338651783764362,0.9876184498425573,0.44341396362140506,503,26,471,r2qkbnr/pp2pppp/2n5/2pp4/3P1Bb1/4PN2/PPP2PPP/RN1QKB1R w KQkq -,MODEL_PREDICTION_NOT_EMPIRICAL
ORD-01,B1,1300,maia3-5m,8,d2d3,d3,0.005362409166991711,0.9876184498425573,0.44341396362140506,501,27,472,r2qkbnr/pp2pppp/2n5/2pp4/3P1Bb1/4PN2/PPP2PPP/RN1QKB1R w KQkq -,MODEL_PREDICTION_NOT_EMPIRICAL
ORD-01,B1,1300,maia3-5m,9,f2f4,f4,0.004565780982375145,0.9876184498425573,0.44341396362140506,518,27,455,r2qkbnr/pp2pppp/2n5/2pp4/3P1Bb1/4PN2/PPP2PPP/RN1QKB1R w KQkq -,MODEL_PREDICTION_NOT_EMPIRICAL
ORD-01,B1,1300,maia3-5m,10,b1c3,Nc3,0.0037752368953078985,0.9876184498425573,0.44341396362140506,529,25,446,r2qkbnr/pp2pppp/2n5/2pp4/3P1Bb1/4PN2/PPP2PPP/RN1QKB1R w KQkq -,MODEL_PREDICTION_NOT_EMPIRICAL
ORD-01,B1,1500,maia3-5m,1,e2e4,e4,0.6428149938583374,0.98806171445176,0.4600856076991717,516,25,459,r2qkbnr/pp2pppp/2n5/2pp4/3P1Bb1/4PN2/PPP2PPP/RN1QKB1R w KQkq -,MODEL_PREDICTION_NOT_EMPIRICAL
ORD-01,B1,1500,maia3-5m,2,d2d4,d4,0.2416517585515976,0.98806171445176,0.4600856076991717,521,27,452,r2qkbnr/pp2pppp/2n5/2pp4/3P1Bb1/4PN2/PPP2PPP/RN1QKB1R w KQkq -,MODEL_PREDICTION_NOT_EMPIRICAL
ORD-01,B1,1500,maia3-5m,3,c2c4,c4,0.025009406730532646,0.98806171445176,0.4600856076991717,518,26,456,r2qkbnr/pp2pppp/2n5/2pp4/3P1Bb1/4PN2/PPP2PPP/RN1QKB1R w KQkq -,MODEL_PREDICTION_NOT_EMPIRICAL
ORD-01,B1,1500,maia3-5m,4,g1f3,Nf3,0.022932549938559532,0.98806171445176,0.4600856076991717,528,27,445,r2qkbnr/pp2pppp/2n5/2pp4/3P1Bb1/4PN2/PPP2PPP/RN1QKB1R w KQkq -,MODEL_PREDICTION_NOT_EMPIRICAL
ORD-01,B1,1500,maia3-5m,5,e2e3,e3,0.016669709235429764,0.98806171445176,0.4600856076991717,502,26,472,r2qkbnr/pp2pppp/2n5/2pp4/3P1Bb1/4PN2/PPP2PPP/RN1QKB1R w KQkq -,MODEL_PREDICTION_NOT_EMPIRICAL
ORD-01,B1,1500,maia3-5m,6,g2g3,g3,0.013175034895539284,0.98806171445176,0.4600856076991717,516,27,457,r2qkbnr/pp2pppp/2n5/2pp4/3P1Bb1/4PN2/PPP2PPP/RN1QKB1R w KQkq -,MODEL_PREDICTION_NOT_EMPIRICAL
ORD-01,B1,1500,maia3-5m,7,b2b3,b3,0.010849794372916222,0.98806171445176,0.4600856076991717,510,27,463,r2qkbnr/pp2pppp/2n5/2pp4/3P1Bb1/4PN2/PPP2PPP/RN1QKB1R w KQkq -,MODEL_PREDICTION_NOT_EMPIRICAL
ORD-01,B1,1500,maia3-5m,8,f2f4,f4,0.0063391150906682014,0.98806171445176,0.4600856076991717,523,27,450,r2qkbnr/pp2pppp/2n5/2pp4/3P1Bb1/4PN2/PPP2PPP/RN1QKB1R w KQkq -,MODEL_PREDICTION_NOT_EMPIRICAL
ORD-01,B1,1500,maia3-5m,9,d2d3,d3,0.004973711911588907,0.98806171445176,0.4600856076991717,504,28,468,r2qkbnr/pp2pppp/2n5/2pp4/3P1Bb1/4PN2/PPP2PPP/RN1QKB1R w KQkq -,MODEL_PREDICTION_NOT_EMPIRICAL
ORD-01,B1,1500,maia3-5m,10,b2b4,b4,0.0036456398665905,0.98806171445176,0.4600856076991717,512,27,461,r2qkbnr/pp2pppp/2n5/2pp4/3P1Bb1/4PN2/PPP2PPP/RN1QKB1R w KQkq -,MODEL_PREDICTION_NOT_EMPIRICAL
ORD-01,B1,1700,maia3-5m,1,e2e4,e4,0.6205705404281616,0.988658441696316,0.48012239459539624,513,27,460,r2qkbnr/pp2pppp/2n5/2pp4/3P1Bb1/4PN2/PPP2PPP/RN1QKB1R w KQkq -,MODEL_PREDICTION_NOT_EMPIRICAL
ORD-01,B1,1700,maia3-5m,2,d2d4,d4,0.2547968029975891,0.988658441696316,0.48012239459539624,519,30,451,r2qkbnr/pp2pppp/2n5/2pp4/3P1Bb1/4PN2/PPP2PPP/RN1QKB1R w KQkq -,MODEL_PREDICTION_NOT_EMPIRICAL
ORD-01,B1,1700,maia3-5m,3,c2c4,c4,0.030909236520528793,0.988658441696316,0.48012239459539624,524,29,447,r2qkbnr/pp2pppp/2n5/2pp4/3P1Bb1/4PN2/PPP2PPP/RN1QKB1R w KQkq -,MODEL_PREDICTION_NOT_EMPIRICAL
ORD-01,B1,1700,maia3-5m,4,g1f3,Nf3,0.025549987331032753,0.988658441696316,0.48012239459539624,533,29,438,r2qkbnr/pp2pppp/2n5/2pp4/3P1Bb1/4PN2/PPP2PPP/RN1QKB1R w KQkq -,MODEL_PREDICTION_NOT_EMPIRICAL
ORD-01,B1,1700,maia3-5m,5,e2e3,e3,0.013819748535752296,0.988658441696316,0.48012239459539624,498,29,473,r2qkbnr/pp2pppp/2n5/2pp4/3P1Bb1/4PN2/PPP2PPP/RN1QKB1R w KQkq -,MODEL_PREDICTION_NOT_EMPIRICAL
ORD-01,B1,1700,maia3-5m,6,g2g3,g3,0.012876337394118309,0.988658441696316,0.48012239459539624,523,28,449,r2qkbnr/pp2pppp/2n5/2pp4/3P1Bb1/4PN2/PPP2PPP/RN1QKB1R w KQkq -,MODEL_PREDICTION_NOT_EMPIRICAL
ORD-01,B1,1700,maia3-5m,7,b2b3,b3,0.01174180768430233,0.988658441696316,0.48012239459539624,516,29,455,r2qkbnr/pp2pppp/2n5/2pp4/3P1Bb1/4PN2/PPP2PPP/RN1QKB1R w KQkq -,MODEL_PREDICTION_NOT_EMPIRICAL
ORD-01,B1,1700,maia3-5m,8,f2f4,f4,0.009360010735690594,0.988658441696316,0.48012239459539624,525,28,447,r2qkbnr/pp2pppp/2n5/2pp4/3P1Bb1/4PN2/PPP2PPP/RN1QKB1R w KQkq -,MODEL_PREDICTION_NOT_EMPIRICAL
ORD-01,B1,1700,maia3-5m,9,d2d3,d3,0.004694441333413124,0.988658441696316,0.48012239459539624,505,30,465,r2qkbnr/pp2pppp/2n5/2pp4/3P1Bb1/4PN2/PPP2PPP/RN1QKB1R w KQkq -,MODEL_PREDICTION_NOT_EMPIRICAL
ORD-01,B1,1700,maia3-5m,10,b2b4,b4,0.004339528735727072,0.988658441696316,0.48012239459539624,514,27,459,r2qkbnr/pp2pppp/2n5/2pp4/3P1Bb1/4PN2/PPP2PPP/RN1QKB1R w KQkq -,MODEL_PREDICTION_NOT_EMPIRICAL
ORD-01,B1,1900,maia3-5m,1,e2e4,e4,0.5909685492515564,0.9884343789890409,0.5043124564545928,513,32,455,r2qkbnr/pp2pppp/2n5/2pp4/3P1Bb1/4PN2/PPP2PPP/RN1QKB1R w KQkq -,MODEL_PREDICTION_NOT_EMPIRICAL
ORD-01,B1,1900,maia3-5m,2,d2d4,d4,0.2694249749183655,0.9884343789890409,0.5043124564545928,521,35,444,r2qkbnr/pp2pppp/2n5/2pp4/3P1Bb1/4PN2/PPP2PPP/RN1QKB1R w KQkq -,MODEL_PREDICTION_NOT_EMPIRICAL
ORD-01,B1,1900,maia3-5m,3,c2c4,c4,0.03926251456141472,0.9884343789890409,0.5043124564545928,529,33,438,r2qkbnr/pp2pppp/2n5/2pp4/3P1Bb1/4PN2/PPP2PPP/RN1QKB1R w KQkq -,MODEL_PREDICTION_NOT_EMPIRICAL
ORD-01,B1,1900,maia3-5m,4,g1f3,Nf3,0.032338257879018784,0.9884343789890409,0.5043124564545928,538,33,429,r2qkbnr/pp2pppp/2n5/2pp4/3P1Bb1/4PN2/PPP2PPP/RN1QKB1R w KQkq -,MODEL_PREDICTION_NOT_EMPIRICAL
ORD-01,B1,1900,maia3-5m,5,f2f4,f4,0.01306967530399561,0.9884343789890409,0.5043124564545928,525,30,445,r2qkbnr/pp2pppp/2n5/2pp4/3P1Bb1/4PN2/PPP2PPP/RN1QKB1R w KQkq -,MODEL_PREDICTION_NOT_EMPIRICAL
ORD-01,B1,1900,maia3-5m,6,b2b3,b3,0.011948314495384693,0.9884343789890409,0.5043124564545928,519,33,448,r2qkbnr/pp2pppp/2n5/2pp4/3P1Bb1/4PN2/PPP2PPP/RN1QKB1R w KQkq -,MODEL_PREDICTION_NOT_EMPIRICAL
ORD-01,B1,1900,maia3-5m,7,g2g3,g3,0.01160159520804882,0.9884343789890409,0.5043124564545928,524,33,443,r2qkbnr/pp2pppp/2n5/2pp4/3P1Bb1/4PN2/PPP2PPP/RN1QKB1R w KQkq -,MODEL_PREDICTION_NOT_EMPIRICAL
ORD-01,B1,1900,maia3-5m,8,e2e3,e3,0.010756749659776688,0.9884343789890409,0.5043124564545928,495,33,472,r2qkbnr/pp2pppp/2n5/2pp4/3P1Bb1/4PN2/PPP2PPP/RN1QKB1R w KQkq -,MODEL_PREDICTION_NOT_EMPIRICAL
ORD-01,B1,1900,maia3-5m,9,b2b4,b4,0.0045842663384974,0.9884343789890409,0.5043124564545928,515,29,456,r2qkbnr/pp2pppp/2n5/2pp4/3P1Bb1/4PN2/PPP2PPP/RN1QKB1R w KQkq -,MODEL_PREDICTION_NOT_EMPIRICAL
ORD-01,B1,1900,maia3-5m,10,d2d3,d3,0.0044794813729822636,0.9884343789890409,0.5043124564545928,505,34,461,r2qkbnr/pp2pppp/2n5/2pp4/3P1Bb1/4PN2/PPP2PPP/RN1QKB1R w KQkq -,MODEL_PREDICTION_NOT_EMPIRICAL
ORD-01,B1,2100,maia3-5m,1,e2e4,e4,0.5395658612251282,0.9888081029057503,0.541373665859982,519,41,440,r2qkbnr/pp2pppp/2n5/2pp4/3P1Bb1/4PN2/PPP2PPP/RN1QKB1R w KQkq -,MODEL_PREDICTION_NOT_EMPIRICAL
ORD-01,B1,2100,maia3-5m,2,d2d4,d4,0.2930448055267334,0.9888081029057503,0.541373665859982,527,44,429,r2qkbnr/pp2pppp/2n5/2pp4/3P1Bb1/4PN2/PPP2PPP/RN1QKB1R w KQkq -,MODEL_PREDICTION_NOT_EMPIRICAL
ORD-01,B1,2100,maia3-5m,3,c2c4,c4,0.051827896386384964,0.9888081029057503,0.541373665859982,535,42,423,r2qkbnr/pp2pppp/2n5/2pp4/3P1Bb1/4PN2/PPP2PPP/RN1QKB1R w KQkq -,MODEL_PREDICTION_NOT_EMPIRICAL
ORD-01,B1,2100,maia3-5m,4,g1f3,Nf3,0.05066932365298271,0.9888081029057503,0.541373665859982,542,42,416,r2qkbnr/pp2pppp/2n5/2pp4/3P1Bb1/4PN2/PPP2PPP/RN1QKB1R w KQkq -,MODEL_PREDICTION_NOT_EMPIRICAL
ORD-01,B1,2100,maia3-5m,5,f2f4,f4,0.013551043346524239,0.9888081029057503,0.541373665859982,526,37,437,r2qkbnr/pp2pppp/2n5/2pp4/3P1Bb1/4PN2/PPP2PPP/RN1QKB1R w KQkq -,MODEL_PREDICTION_NOT_EMPIRICAL
ORD-01,B1,2100,maia3-5m,6,b2b3,b3,0.01229612436145544,0.9888081029057503,0.541373665859982,527,41,432,r2qkbnr/pp2pppp/2n5/2pp4/3P1Bb1/4PN2/PPP2PPP/RN1QKB1R w KQkq -,MODEL_PREDICTION_NOT_EMPIRICAL
ORD-01,B1,2100,maia3-5m,7,g2g3,g3,0.009896432980895042,0.9888081029057503,0.541373665859982,531,42,427,r2qkbnr/pp2pppp/2n5/2pp4/3P1Bb1/4PN2/PPP2PPP/RN1QKB1R w KQkq -,MODEL_PREDICTION_NOT_EMPIRICAL
ORD-01,B1,2100,maia3-5m,8,e2e3,e3,0.007974912412464619,0.9888081029057503,0.541373665859982,497,42,461,r2qkbnr/pp2pppp/2n5/2pp4/3P1Bb1/4PN2/PPP2PPP/RN1QKB1R w KQkq -,MODEL_PREDICTION_NOT_EMPIRICAL
ORD-01,B1,2100,maia3-5m,9,b1c3,Nc3,0.0054556746035814285,0.9888081029057503,0.541373665859982,552,39,409,r2qkbnr/pp2pppp/2n5/2pp4/3P1Bb1/4PN2/PPP2PPP/RN1QKB1R w KQkq -,MODEL_PREDICTION_NOT_EMPIRICAL
ORD-01,B1,2100,maia3-5m,10,d2d3,d3,0.004526028409600258,0.9888081029057503,0.541373665859982,513,43,444,r2qkbnr/pp2pppp/2n5/2pp4/3P1Bb1/4PN2/PPP2PPP/RN1QKB1R w KQkq -,MODEL_PREDICTION_NOT_EMPIRICAL
ORD-02,B1,1100,maia3-5m,1,e2e4,e4,0.6749164462089539,0.9871364636346698,0.4342553640682974,519,24,457,r1b1kb1r/pp2pppp/1qn2n2/2pp4/3P1B2/2P1PN2/PP3PPP/RN1QKB1R w KQkq -,MODEL_PREDICTION_NOT_EMPIRICAL
ORD-02,B1,1100,maia3-5m,2,d2d4,d4,0.21801438927650452,0.9871364636346698,0.4342553640682974,524,25,451,r1b1kb1r/pp2pppp/1qn2n2/2pp4/3P1B2/2P1PN2/PP3PPP/RN1QKB1R w KQkq -,MODEL_PREDICTION_NOT_EMPIRICAL
ORD-02,B1,1100,maia3-5m,3,e2e3,e3,0.022561196237802505,0.9871364636346698,0.4342553640682974,503,25,472,r1b1kb1r/pp2pppp/1qn2n2/2pp4/3P1B2/2P1PN2/PP3PPP/RN1QKB1R w KQkq -,MODEL_PREDICTION_NOT_EMPIRICAL
ORD-02,B1,1100,maia3-5m,4,g1f3,Nf3,0.0210112277418375,0.9871364636346698,0.4342553640682974,516,28,456,r1b1kb1r/pp2pppp/1qn2n2/2pp4/3P1B2/2P1PN2/PP3PPP/RN1QKB1R w KQkq -,MODEL_PREDICTION_NOT_EMPIRICAL
ORD-02,B1,1100,maia3-5m,5,c2c4,c4,0.016066906973719597,0.9871364636346698,0.4342553640682974,510,25,465,r1b1kb1r/pp2pppp/1qn2n2/2pp4/3P1B2/2P1PN2/PP3PPP/RN1QKB1R w KQkq -,MODEL_PREDICTION_NOT_EMPIRICAL
ORD-02,B1,1100,maia3-5m,6,g2g3,g3,0.011687462218105793,0.9871364636346698,0.4342553640682974,494,25,481,r1b1kb1r/pp2pppp/1qn2n2/2pp4/3P1B2/2P1PN2/PP3PPP/RN1QKB1R w KQkq -,MODEL_PREDICTION_NOT_EMPIRICAL
ORD-02,B1,1100,maia3-5m,7,b2b3,b3,0.007874177768826485,0.9871364636346698,0.4342553640682974,496,26,478,r1b1kb1r/pp2pppp/1qn2n2/2pp4/3P1B2/2P1PN2/PP3PPP/RN1QKB1R w KQkq -,MODEL_PREDICTION_NOT_EMPIRICAL
ORD-02,B1,1100,maia3-5m,8,d2d3,d3,0.005962725728750229,0.9871364636346698,0.4342553640682974,498,26,476,r1b1kb1r/pp2pppp/1qn2n2/2pp4/3P1B2/2P1PN2/PP3PPP/RN1QKB1R w KQkq -,MODEL_PREDICTION_NOT_EMPIRICAL
ORD-02,B1,1100,maia3-5m,9,b1c3,Nc3,0.00519427889958024,0.9871364636346698,0.4342553640682974,524,26,450,r1b1kb1r/pp2pppp/1qn2n2/2pp4/3P1B2/2P1PN2/PP3PPP/RN1QKB1R w KQkq -,MODEL_PREDICTION_NOT_EMPIRICAL
ORD-02,B1,1100,maia3-5m,10,f2f4,f4,0.003847652580589056,0.9871364636346698,0.4342553640682974,509,27,464,r1b1kb1r/pp2pppp/1qn2n2/2pp4/3P1B2/2P1PN2/PP3PPP/RN1QKB1R w KQkq -,MODEL_PREDICTION_NOT_EMPIRICAL
ORD-02,B1,1300,maia3-5m,1,e2e4,e4,0.6615840792655945,0.9876184498425573,0.44341396362140506,518,24,458,r1b1kb1r/pp2pppp/1qn2n2/2pp4/3P1B2/2P1PN2/PP3PPP/RN1QKB1R w KQkq -,MODEL_PREDICTION_NOT_EMPIRICAL
ORD-02,B1,1300,maia3-5m,2,d2d4,d4,0.2294148951768875,0.9876184498425573,0.44341396362140506,522,26,452,r1b1kb1r/pp2pppp/1qn2n2/2pp4/3P1B2/2P1PN2/PP3PPP/RN1QKB1R w KQkq -,MODEL_PREDICTION_NOT_EMPIRICAL
ORD-02,B1,1300,maia3-5m,3,g1f3,Nf3,0.02157282643020153,0.9876184498425573,0.44341396362140506,523,27,450,r1b1kb1r/pp2pppp/1qn2n2/2pp4/3P1B2/2P1PN2/PP3PPP/RN1QKB1R w KQkq -,MODEL_PREDICTION_NOT_EMPIRICAL
ORD-02,B1,1300,maia3-5m,4,c2c4,c4,0.020122205838561058,0.9876184498425573,0.44341396362140506,514,26,460,r1b1kb1r/pp2pppp/1qn2n2/2pp4/3P1B2/2P1PN2/PP3PPP/RN1QKB1R w KQkq -,MODEL_PREDICTION_NOT_EMPIRICAL
ORD-02,B1,1300,maia3-5m,5,e2e3,e3,0.019332410767674446,0.9876184498425573,0.44341396362140506,504,25,471,r1b1kb1r/pp2pppp/1qn2n2/2pp4/3P1B2/2P1PN2/PP3PPP/RN1QKB1R w KQkq -,MODEL_PREDICTION_NOT_EMPIRICAL
ORD-02,B1,1300,maia3-5m,6,g2g3,g3,0.012549953535199165,0.9876184498425573,0.44341396362140506,506,26,468,r1b1kb1r/pp2pppp/1qn2n2/2pp4/3P1B2/2P1PN2/PP3PPP/RN1QKB1R w KQkq -,MODEL_PREDICTION_NOT_EMPIRICAL
ORD-02,B1,1300,maia3-5m,7,b2b3,b3,0.009338651783764362,0.9876184498425573,0.44341396362140506,503,26,471,r1b1kb1r/pp2pppp/1qn2n2/2pp4/3P1B2/2P1PN2/PP3PPP/RN1QKB1R w KQkq -,MODEL_PREDICTION_NOT_EMPIRICAL
ORD-02,B1,1300,maia3-5m,8,d2d3,d3,0.005362409166991711,0.9876184498425573,0.44341396362140506,501,27,472,r1b1kb1r/pp2pppp/1qn2n2/2pp4/3P1B2/2P1PN2/PP3PPP/RN1QKB1R w KQkq -,MODEL_PREDICTION_NOT_EMPIRICAL
ORD-02,B1,1300,maia3-5m,9,f2f4,f4,0.004565780982375145,0.9876184498425573,0.44341396362140506,518,27,455,r1b1kb1r/pp2pppp/1qn2n2/2pp4/3P1B2/2P1PN2/PP3PPP/RN1QKB1R w KQkq -,MODEL_PREDICTION_NOT_EMPIRICAL
ORD-02,B1,1300,maia3-5m,10,b1c3,Nc3,0.0037752368953078985,0.9876184498425573,0.44341396362140506,529,25,446,r1b1kb1r/pp2pppp/1qn2n2/2pp4/3P1B2/2P1PN2/PP3PPP/RN1QKB1R w KQkq -,MODEL_PREDICTION_NOT_EMPIRICAL
ORD-02,B1,1500,maia3-5m,1,e2e4,e4,0.6428149938583374,0.98806171445176,0.4600856076991717,516,25,459,r1b1kb1r/pp2pppp/1qn2n2/2pp4/3P1B2/2P1PN2/PP3PPP/RN1QKB1R w KQkq -,MODEL_PREDICTION_NOT_EMPIRICAL
ORD-02,B1,1500,maia3-5m,2,d2d4,d4,0.2416517585515976,0.98806171445176,0.4600856076991717,521,27,452,r1b1kb1r/pp2pppp/1qn2n2/2pp4/3P1B2/2P1PN2/PP3PPP/RN1QKB1R w KQkq -,MODEL_PREDICTION_NOT_EMPIRICAL
ORD-02,B1,1500,maia3-5m,3,c2c4,c4,0.025009406730532646,0.98806171445176,0.4600856076991717,518,26,456,r1b1kb1r/pp2pppp/1qn2n2/2pp4/3P1B2/2P1PN2/PP3PPP/RN1QKB1R w KQkq -,MODEL_PREDICTION_NOT_EMPIRICAL
ORD-02,B1,1500,maia3-5m,4,g1f3,Nf3,0.022932549938559532,0.98806171445176,0.4600856076991717,528,27,445,r1b1kb1r/pp2pppp/1qn2n2/2pp4/3P1B2/2P1PN2/PP3PPP/RN1QKB1R w KQkq -,MODEL_PREDICTION_NOT_EMPIRICAL
ORD-02,B1,1500,maia3-5m,5,e2e3,e3,0.016669709235429764,0.98806171445176,0.4600856076991717,502,26,472,r1b1kb1r/pp2pppp/1qn2n2/2pp4/3P1B2/2P1PN2/PP3PPP/RN1QKB1R w KQkq -,MODEL_PREDICTION_NOT_EMPIRICAL
ORD-02,B1,1500,maia3-5m,6,g2g3,g3,0.013175034895539284,0.98806171445176,0.4600856076991717,516,27,457,r1b1kb1r/pp2pppp/1qn2n2/2pp4/3P1B2/2P1PN2/PP3PPP/RN1QKB1R w KQkq -,MODEL_PREDICTION_NOT_EMPIRICAL
ORD-02,B1,1500,maia3-5m,7,b2b3,b3,0.010849794372916222,0.98806171445176,0.4600856076991717,510,27,463,r1b1kb1r/pp2pppp/1qn2n2/2pp4/3P1B2/2P1PN2/PP3PPP/RN1QKB1R w KQkq -,MODEL_PREDICTION_NOT_EMPIRICAL
ORD-02,B1,1500,maia3-5m,8,f2f4,f4,0.0063391150906682014,0.98806171445176,0.4600856076991717,523,27,450,r1b1kb1r/pp2pppp/1qn2n2/2pp4/3P1B2/2P1PN2/PP3PPP/RN1QKB1R w KQkq -,MODEL_PREDICTION_NOT_EMPIRICAL
ORD-02,B1,1500,maia3-5m,9,d2d3,d3,0.004973711911588907,0.98806171445176,0.4600856076991717,504,28,468,r1b1kb1r/pp2pppp/1qn2n2/2pp4/3P1B2/2P1PN2/PP3PPP/RN1QKB1R w KQkq -,MODEL_PREDICTION_NOT_EMPIRICAL
ORD-02,B1,1500,maia3-5m,10,b2b4,b4,0.0036456398665905,0.98806171445176,0.4600856076991717,512,27,461,r1b1kb1r/pp2pppp/1qn2n2/2pp4/3P1B2/2P1PN2/PP3PPP/RN1QKB1R w KQkq -,MODEL_PREDICTION_NOT_EMPIRICAL
ORD-02,B1,1700,maia3-5m,1,e2e4,e4,0.6205705404281616,0.988658441696316,0.48012239459539624,513,27,460,r1b1kb1r/pp2pppp/1qn2n2/2pp4/3P1B2/2P1PN2/PP3PPP/RN1QKB1R w KQkq -,MODEL_PREDICTION_NOT_EMPIRICAL
ORD-02,B1,1700,maia3-5m,2,d2d4,d4,0.2547968029975891,0.988658441696316,0.48012239459539624,519,30,451,r1b1kb1r/pp2pppp/1qn2n2/2pp4/3P1B2/2P1PN2/PP3PPP/RN1QKB1R w KQkq -,MODEL_PREDICTION_NOT_EMPIRICAL
ORD-02,B1,1700,maia3-5m,3,c2c4,c4,0.030909236520528793,0.988658441696316,0.48012239459539624,524,29,447,r1b1kb1r/pp2pppp/1qn2n2/2pp4/3P1B2/2P1PN2/PP3PPP/RN1QKB1R w KQkq -,MODEL_PREDICTION_NOT_EMPIRICAL
ORD-02,B1,1700,maia3-5m,4,g1f3,Nf3,0.025549987331032753,0.988658441696316,0.48012239459539624,533,29,438,r1b1kb1r/pp2pppp/1qn2n2/2pp4/3P1B2/2P1PN2/PP3PPP/RN1QKB1R w KQkq -,MODEL_PREDICTION_NOT_EMPIRICAL
ORD-02,B1,1700,maia3-5m,5,e2e3,e3,0.013819748535752296,0.988658441696316,0.48012239459539624,498,29,473,r1b1kb1r/pp2pppp/1qn2n2/2pp4/3P1B2/2P1PN2/PP3PPP/RN1QKB1R w KQkq -,MODEL_PREDICTION_NOT_EMPIRICAL
ORD-02,B1,1700,maia3-5m,6,g2g3,g3,0.012876337394118309,0.988658441696316,0.48012239459539624,523,28,449,r1b1kb1r/pp2pppp/1qn2n2/2pp4/3P1B2/2P1PN2/PP3PPP/RN1QKB1R w KQkq -,MODEL_PREDICTION_NOT_EMPIRICAL
ORD-02,B1,1700,maia3-5m,7,b2b3,b3,0.01174180768430233,0.988658441696316,0.48012239459539624,516,29,455,r1b1kb1r/pp2pppp/1qn2n2/2pp4/3P1B2/2P1PN2/PP3PPP/RN1QKB1R w KQkq -,MODEL_PREDICTION_NOT_EMPIRICAL
ORD-02,B1,1700,maia3-5m,8,f2f4,f4,0.009360010735690594,0.988658441696316,0.48012239459539624,525,28,447,r1b1kb1r/pp2pppp/1qn2n2/2pp4/3P1B2/2P1PN2/PP3PPP/RN1QKB1R w KQkq -,MODEL_PREDICTION_NOT_EMPIRICAL
ORD-02,B1,1700,maia3-5m,9,d2d3,d3,0.004694441333413124,0.988658441696316,0.48012239459539624,505,30,465,r1b1kb1r/pp2pppp/1qn2n2/2pp4/3P1B2/2P1PN2/PP3PPP/RN1QKB1R w KQkq -,MODEL_PREDICTION_NOT_EMPIRICAL
ORD-02,B1,1700,maia3-5m,10,b2b4,b4,0.004339528735727072,0.988658441696316,0.48012239459539624,514,27,459,r1b1kb1r/pp2pppp/1qn2n2/2pp4/3P1B2/2P1PN2/PP3PPP/RN1QKB1R w KQkq -,MODEL_PREDICTION_NOT_EMPIRICAL
ORD-02,B1,1900,maia3-5m,1,e2e4,e4,0.5909685492515564,0.9884343789890409,0.5043124564545928,513,32,455,r1b1kb1r/pp2pppp/1qn2n2/2pp4/3P1B2/2P1PN2/PP3PPP/RN1QKB1R w KQkq -,MODEL_PREDICTION_NOT_EMPIRICAL
ORD-02,B1,1900,maia3-5m,2,d2d4,d4,0.2694249749183655,0.9884343789890409,0.5043124564545928,521,35,444,r1b1kb1r/pp2pppp/1qn2n2/2pp4/3P1B2/2P1PN2/PP3PPP/RN1QKB1R w KQkq -,MODEL_PREDICTION_NOT_EMPIRICAL
ORD-02,B1,1900,maia3-5m,3,c2c4,c4,0.03926251456141472,0.9884343789890409,0.5043124564545928,529,33,438,r1b1kb1r/pp2pppp/1qn2n2/2pp4/3P1B2/2P1PN2/PP3PPP/RN1QKB1R w KQkq -,MODEL_PREDICTION_NOT_EMPIRICAL
ORD-02,B1,1900,maia3-5m,4,g1f3,Nf3,0.032338257879018784,0.9884343789890409,0.5043124564545928,538,33,429,r1b1kb1r/pp2pppp/1qn2n2/2pp4/3P1B2/2P1PN2/PP3PPP/RN1QKB1R w KQkq -,MODEL_PREDICTION_NOT_EMPIRICAL
ORD-02,B1,1900,maia3-5m,5,f2f4,f4,0.01306967530399561,0.9884343789890409,0.5043124564545928,525,30,445,r1b1kb1r/pp2pppp/1qn2n2/2pp4/3P1B2/2P1PN2/PP3PPP/RN1QKB1R w KQkq -,MODEL_PREDICTION_NOT_EMPIRICAL
ORD-02,B1,1900,maia3-5m,6,b2b3,b3,0.011948314495384693,0.9884343789890409,0.5043124564545928,519,33,448,r1b1kb1r/pp2pppp/1qn2n2/2pp4/3P1B2/2P1PN2/PP3PPP/RN1QKB1R w KQkq -,MODEL_PREDICTION_NOT_EMPIRICAL
ORD-02,B1,1900,maia3-5m,7,g2g3,g3,0.01160159520804882,0.9884343789890409,0.5043124564545928,524,33,443,r1b1kb1r/pp2pppp/1qn2n2/2pp4/3P1B2/2P1PN2/PP3PPP/RN1QKB1R w KQkq -,MODEL_PREDICTION_NOT_EMPIRICAL
ORD-02,B1,1900,maia3-5m,8,e2e3,e3,0.010756749659776688,0.9884343789890409,0.5043124564545928,495,33,472,r1b1kb1r/pp2pppp/1qn2n2/2pp4/3P1B2/2P1PN2/PP3PPP/RN1QKB1R w KQkq -,MODEL_PREDICTION_NOT_EMPIRICAL
ORD-02,B1,1900,maia3-5m,9,b2b4,b4,0.0045842663384974,0.9884343789890409,0.5043124564545928,515,29,456,r1b1kb1r/pp2pppp/1qn2n2/2pp4/3P1B2/2P1PN2/PP3PPP/RN1QKB1R w KQkq -,MODEL_PREDICTION_NOT_EMPIRICAL
ORD-02,B1,1900,maia3-5m,10,d2d3,d3,0.0044794813729822636,0.9884343789890409,0.5043124564545928,505,34,461,r1b1kb1r/pp2pppp/1qn2n2/2pp4/3P1B2/2P1PN2/PP3PPP/RN1QKB1R w KQkq -,MODEL_PREDICTION_NOT_EMPIRICAL
ORD-02,B1,2100,maia3-5m,1,e2e4,e4,0.5395658612251282,0.9888081029057503,0.541373665859982,519,41,440,r1b1kb1r/pp2pppp/1qn2n2/2pp4/3P1B2/2P1PN2/PP3PPP/RN1QKB1R w KQkq -,MODEL_PREDICTION_NOT_EMPIRICAL
ORD-02,B1,2100,maia3-5m,2,d2d4,d4,0.2930448055267334,0.9888081029057503,0.541373665859982,527,44,429,r1b1kb1r/pp2pppp/1qn2n2/2pp4/3P1B2/2P1PN2/PP3PPP/RN1QKB1R w KQkq -,MODEL_PREDICTION_NOT_EMPIRICAL
ORD-02,B1,2100,maia3-5m,3,c2c4,c4,0.051827896386384964,0.9888081029057503,0.541373665859982,535,42,423,r1b1kb1r/pp2pppp/1qn2n2/2pp4/3P1B2/2P1PN2/PP3PPP/RN1QKB1R w KQkq -,MODEL_PREDICTION_NOT_EMPIRICAL
ORD-02,B1,2100,maia3-5m,4,g1f3,Nf3,0.05066932365298271,0.9888081029057503,0.541373665859982,542,42,416,r1b1kb1r/pp2pppp/1qn2n2/2pp4/3P1B2/2P1PN2/PP3PPP/RN1QKB1R w KQkq -,MODEL_PREDICTION_NOT_EMPIRICAL
ORD-02,B1,2100,maia3-5m,5,f2f4,f4,0.013551043346524239,0.9888081029057503,0.541373665859982,526,37,437,r1b1kb1r/pp2pppp/1qn2n2/2pp4/3P1B2/2P1PN2/PP3PPP/RN1QKB1R w KQkq -,MODEL_PREDICTION_NOT_EMPIRICAL
ORD-02,B1,2100,maia3-5m,6,b2b3,b3,0.01229612436145544,0.9888081029057503,0.541373665859982,527,41,432,r1b1kb1r/pp2pppp/1qn2n2/2pp4/3P1B2/2P1PN2/PP3PPP/RN1QKB1R w KQkq -,MODEL_PREDICTION_NOT_EMPIRICAL
ORD-02,B1,2100,maia3-5m,7,g2g3,g3,0.009896432980895042,0.9888081029057503,0.541373665859982,531,42,427,r1b1kb1r/pp2pppp/1qn2n2/2pp4/3P1B2/2P1PN2/PP3PPP/RN1QKB1R w KQkq -,MODEL_PREDICTION_NOT_EMPIRICAL
ORD-02,B1,2100,maia3-5m,8,e2e3,e3,0.007974912412464619,0.9888081029057503,0.541373665859982,497,42,461,r1b1kb1r/pp2pppp/1qn2n2/2pp4/3P1B2/2P1PN2/PP3PPP/RN1QKB1R w KQkq -,MODEL_PREDICTION_NOT_EMPIRICAL
ORD-02,B1,2100,maia3-5m,9,b1c3,Nc3,0.0054556746035814285,0.9888081029057503,0.541373665859982,552,39,409,r1b1kb1r/pp2pppp/1qn2n2/2pp4/3P1B2/2P1PN2/PP3PPP/RN1QKB1R w KQkq -,MODEL_PREDICTION_NOT_EMPIRICAL
ORD-02,B1,2100,maia3-5m,10,d2d3,d3,0.004526028409600258,0.9888081029057503,0.541373665859982,513,43,444,r1b1kb1r/pp2pppp/1qn2n2/2pp4/3P1B2/2P1PN2/PP3PPP/RN1QKB1R w KQkq -,MODEL_PREDICTION_NOT_EMPIRICAL
COL-01,B1,1100,maia3-5m,1,e2e4,e4,0.6749164462089539,0.9871364636346698,0.4342553640682974,519,24,457,rn1qkb1r/ppp2ppp/4pn2/3p1b2/3P4/3BPN2/PPP2PPP/RNBQK2R w KQkq -,MODEL_PREDICTION_NOT_EMPIRICAL
COL-01,B1,1100,maia3-5m,2,d2d4,d4,0.21801438927650452,0.9871364636346698,0.4342553640682974,524,25,451,rn1qkb1r/ppp2ppp/4pn2/3p1b2/3P4/3BPN2/PPP2PPP/RNBQK2R w KQkq -,MODEL_PREDICTION_NOT_EMPIRICAL
COL-01,B1,1100,maia3-5m,3,e2e3,e3,0.022561196237802505,0.9871364636346698,0.4342553640682974,503,25,472,rn1qkb1r/ppp2ppp/4pn2/3p1b2/3P4/3BPN2/PPP2PPP/RNBQK2R w KQkq -,MODEL_PREDICTION_NOT_EMPIRICAL
COL-01,B1,1100,maia3-5m,4,g1f3,Nf3,0.0210112277418375,0.9871364636346698,0.4342553640682974,516,28,456,rn1qkb1r/ppp2ppp/4pn2/3p1b2/3P4/3BPN2/PPP2PPP/RNBQK2R w KQkq -,MODEL_PREDICTION_NOT_EMPIRICAL
COL-01,B1,1100,maia3-5m,5,c2c4,c4,0.016066906973719597,0.9871364636346698,0.4342553640682974,510,25,465,rn1qkb1r/ppp2ppp/4pn2/3p1b2/3P4/3BPN2/PPP2PPP/RNBQK2R w KQkq -,MODEL_PREDICTION_NOT_EMPIRICAL
COL-01,B1,1100,maia3-5m,6,g2g3,g3,0.011687462218105793,0.9871364636346698,0.4342553640682974,494,25,481,rn1qkb1r/ppp2ppp/4pn2/3p1b2/3P4/3BPN2/PPP2PPP/RNBQK2R w KQkq -,MODEL_PREDICTION_NOT_EMPIRICAL
COL-01,B1,1100,maia3-5m,7,b2b3,b3,0.007874177768826485,0.9871364636346698,0.4342553640682974,496,26,478,rn1qkb1r/ppp2ppp/4pn2/3p1b2/3P4/3BPN2/PPP2PPP/RNBQK2R w KQkq -,MODEL_PREDICTION_NOT_EMPIRICAL
COL-01,B1,1100,maia3-5m,8,d2d3,d3,0.005962725728750229,0.9871364636346698,0.4342553640682974,498,26,476,rn1qkb1r/ppp2ppp/4pn2/3p1b2/3P4/3BPN2/PPP2PPP/RNBQK2R w KQkq -,MODEL_PREDICTION_NOT_EMPIRICAL
COL-01,B1,1100,maia3-5m,9,b1c3,Nc3,0.00519427889958024,0.9871364636346698,0.4342553640682974,524,26,450,rn1qkb1r/ppp2ppp/4pn2/3p1b2/3P4/3BPN2/PPP2PPP/RNBQK2R w KQkq -,MODEL_PREDICTION_NOT_EMPIRICAL
COL-01,B1,1100,maia3-5m,10,f2f4,f4,0.003847652580589056,0.9871364636346698,0.4342553640682974,509,27,464,rn1qkb1r/ppp2ppp/4pn2/3p1b2/3P4/3BPN2/PPP2PPP/RNBQK2R w KQkq -,MODEL_PREDICTION_NOT_EMPIRICAL
COL-01,B1,1300,maia3-5m,1,e2e4,e4,0.6615840792655945,0.9876184498425573,0.44341396362140506,518,24,458,rn1qkb1r/ppp2ppp/4pn2/3p1b2/3P4/3BPN2/PPP2PPP/RNBQK2R w KQkq -,MODEL_PREDICTION_NOT_EMPIRICAL
COL-01,B1,1300,maia3-5m,2,d2d4,d4,0.2294148951768875,0.9876184498425573,0.44341396362140506,522,26,452,rn1qkb1r/ppp2ppp/4pn2/3p1b2/3P4/3BPN2/PPP2PPP/RNBQK2R w KQkq -,MODEL_PREDICTION_NOT_EMPIRICAL
COL-01,B1,1300,maia3-5m,3,g1f3,Nf3,0.02157282643020153,0.9876184498425573,0.44341396362140506,523,27,450,rn1qkb1r/ppp2ppp/4pn2/3p1b2/3P4/3BPN2/PPP2PPP/RNBQK2R w KQkq -,MODEL_PREDICTION_NOT_EMPIRICAL
COL-01,B1,1300,maia3-5m,4,c2c4,c4,0.020122205838561058,0.9876184498425573,0.44341396362140506,514,26,460,rn1qkb1r/ppp2ppp/4pn2/3p1b2/3P4/3BPN2/PPP2PPP/RNBQK2R w KQkq -,MODEL_PREDICTION_NOT_EMPIRICAL
COL-01,B1,1300,maia3-5m,5,e2e3,e3,0.019332410767674446,0.9876184498425573,0.44341396362140506,504,25,471,rn1qkb1r/ppp2ppp/4pn2/3p1b2/3P4/3BPN2/PPP2PPP/RNBQK2R w KQkq -,MODEL_PREDICTION_NOT_EMPIRICAL
COL-01,B1,1300,maia3-5m,6,g2g3,g3,0.012549953535199165,0.9876184498425573,0.44341396362140506,506,26,468,rn1qkb1r/ppp2ppp/4pn2/3p1b2/3P4/3BPN2/PPP2PPP/RNBQK2R w KQkq -,MODEL_PREDICTION_NOT_EMPIRICAL
COL-01,B1,1300,maia3-5m,7,b2b3,b3,0.009338651783764362,0.9876184498425573,0.44341396362140506,503,26,471,rn1qkb1r/ppp2ppp/4pn2/3p1b2/3P4/3BPN2/PPP2PPP/RNBQK2R w KQkq -,MODEL_PREDICTION_NOT_EMPIRICAL
COL-01,B1,1300,maia3-5m,8,d2d3,d3,0.005362409166991711,0.9876184498425573,0.44341396362140506,501,27,472,rn1qkb1r/ppp2ppp/4pn2/3p1b2/3P4/3BPN2/PPP2PPP/RNBQK2R w KQkq -,MODEL_PREDICTION_NOT_EMPIRICAL
COL-01,B1,1300,maia3-5m,9,f2f4,f4,0.004565780982375145,0.9876184498425573,0.44341396362140506,518,27,455,rn1qkb1r/ppp2ppp/4pn2/3p1b2/3P4/3BPN2/PPP2PPP/RNBQK2R w KQkq -,MODEL_PREDICTION_NOT_EMPIRICAL
COL-01,B1,1300,maia3-5m,10,b1c3,Nc3,0.0037752368953078985,0.9876184498425573,0.44341396362140506,529,25,446,rn1qkb1r/ppp2ppp/4pn2/3p1b2/3P4/3BPN2/PPP2PPP/RNBQK2R w KQkq -,MODEL_PREDICTION_NOT_EMPIRICAL
COL-01,B1,1500,maia3-5m,1,e2e4,e4,0.6428149938583374,0.98806171445176,0.4600856076991717,516,25,459,rn1qkb1r/ppp2ppp/4pn2/3p1b2/3P4/3BPN2/PPP2PPP/RNBQK2R w KQkq -,MODEL_PREDICTION_NOT_EMPIRICAL
COL-01,B1,1500,maia3-5m,2,d2d4,d4,0.2416517585515976,0.98806171445176,0.4600856076991717,521,27,452,rn1qkb1r/ppp2ppp/4pn2/3p1b2/3P4/3BPN2/PPP2PPP/RNBQK2R w KQkq -,MODEL_PREDICTION_NOT_EMPIRICAL
COL-01,B1,1500,maia3-5m,3,c2c4,c4,0.025009406730532646,0.98806171445176,0.4600856076991717,518,26,456,rn1qkb1r/ppp2ppp/4pn2/3p1b2/3P4/3BPN2/PPP2PPP/RNBQK2R w KQkq -,MODEL_PREDICTION_NOT_EMPIRICAL
COL-01,B1,1500,maia3-5m,4,g1f3,Nf3,0.022932549938559532,0.98806171445176,0.4600856076991717,528,27,445,rn1qkb1r/ppp2ppp/4pn2/3p1b2/3P4/3BPN2/PPP2PPP/RNBQK2R w KQkq -,MODEL_PREDICTION_NOT_EMPIRICAL
COL-01,B1,1500,maia3-5m,5,e2e3,e3,0.016669709235429764,0.98806171445176,0.4600856076991717,502,26,472,rn1qkb1r/ppp2ppp/4pn2/3p1b2/3P4/3BPN2/PPP2PPP/RNBQK2R w KQkq -,MODEL_PREDICTION_NOT_EMPIRICAL
COL-01,B1,1500,maia3-5m,6,g2g3,g3,0.013175034895539284,0.98806171445176,0.4600856076991717,516,27,457,rn1qkb1r/ppp2ppp/4pn2/3p1b2/3P4/3BPN2/PPP2PPP/RNBQK2R w KQkq -,MODEL_PREDICTION_NOT_EMPIRICAL
COL-01,B1,1500,maia3-5m,7,b2b3,b3,0.010849794372916222,0.98806171445176,0.4600856076991717,510,27,463,rn1qkb1r/ppp2ppp/4pn2/3p1b2/3P4/3BPN2/PPP2PPP/RNBQK2R w KQkq -,MODEL_PREDICTION_NOT_EMPIRICAL
COL-01,B1,1500,maia3-5m,8,f2f4,f4,0.0063391150906682014,0.98806171445176,0.4600856076991717,523,27,450,rn1qkb1r/ppp2ppp/4pn2/3p1b2/3P4/3BPN2/PPP2PPP/RNBQK2R w KQkq -,MODEL_PREDICTION_NOT_EMPIRICAL
COL-01,B1,1500,maia3-5m,9,d2d3,d3,0.004973711911588907,0.98806171445176,0.4600856076991717,504,28,468,rn1qkb1r/ppp2ppp/4pn2/3p1b2/3P4/3BPN2/PPP2PPP/RNBQK2R w KQkq -,MODEL_PREDICTION_NOT_EMPIRICAL
COL-01,B1,1500,maia3-5m,10,b2b4,b4,0.0036456398665905,0.98806171445176,0.4600856076991717,512,27,461,rn1qkb1r/ppp2ppp/4pn2/3p1b2/3P4/3BPN2/PPP2PPP/RNBQK2R w KQkq -,MODEL_PREDICTION_NOT_EMPIRICAL
COL-01,B1,1700,maia3-5m,1,e2e4,e4,0.6205705404281616,0.988658441696316,0.48012239459539624,513,27,460,rn1qkb1r/ppp2ppp/4pn2/3p1b2/3P4/3BPN2/PPP2PPP/RNBQK2R w KQkq -,MODEL_PREDICTION_NOT_EMPIRICAL
COL-01,B1,1700,maia3-5m,2,d2d4,d4,0.2547968029975891,0.988658441696316,0.48012239459539624,519,30,451,rn1qkb1r/ppp2ppp/4pn2/3p1b2/3P4/3BPN2/PPP2PPP/RNBQK2R w KQkq -,MODEL_PREDICTION_NOT_EMPIRICAL
COL-01,B1,1700,maia3-5m,3,c2c4,c4,0.030909236520528793,0.988658441696316,0.48012239459539624,524,29,447,rn1qkb1r/ppp2ppp/4pn2/3p1b2/3P4/3BPN2/PPP2PPP/RNBQK2R w KQkq -,MODEL_PREDICTION_NOT_EMPIRICAL
COL-01,B1,1700,maia3-5m,4,g1f3,Nf3,0.025549987331032753,0.988658441696316,0.48012239459539624,533,29,438,rn1qkb1r/ppp2ppp/4pn2/3p1b2/3P4/3BPN2/PPP2PPP/RNBQK2R w KQkq -,MODEL_PREDICTION_NOT_EMPIRICAL
COL-01,B1,1700,maia3-5m,5,e2e3,e3,0.013819748535752296,0.988658441696316,0.48012239459539624,498,29,473,rn1qkb1r/ppp2ppp/4pn2/3p1b2/3P4/3BPN2/PPP2PPP/RNBQK2R w KQkq -,MODEL_PREDICTION_NOT_EMPIRICAL
COL-01,B1,1700,maia3-5m,6,g2g3,g3,0.012876337394118309,0.988658441696316,0.48012239459539624,523,28,449,rn1qkb1r/ppp2ppp/4pn2/3p1b2/3P4/3BPN2/PPP2PPP/RNBQK2R w KQkq -,MODEL_PREDICTION_NOT_EMPIRICAL
COL-01,B1,1700,maia3-5m,7,b2b3,b3,0.01174180768430233,0.988658441696316,0.48012239459539624,516,29,455,rn1qkb1r/ppp2ppp/4pn2/3p1b2/3P4/3BPN2/PPP2PPP/RNBQK2R w KQkq -,MODEL_PREDICTION_NOT_EMPIRICAL
COL-01,B1,1700,maia3-5m,8,f2f4,f4,0.009360010735690594,0.988658441696316,0.48012239459539624,525,28,447,rn1qkb1r/ppp2ppp/4pn2/3p1b2/3P4/3BPN2/PPP2PPP/RNBQK2R w KQkq -,MODEL_PREDICTION_NOT_EMPIRICAL
COL-01,B1,1700,maia3-5m,9,d2d3,d3,0.004694441333413124,0.988658441696316,0.48012239459539624,505,30,465,rn1qkb1r/ppp2ppp/4pn2/3p1b2/3P4/3BPN2/PPP2PPP/RNBQK2R w KQkq -,MODEL_PREDICTION_NOT_EMPIRICAL
COL-01,B1,1700,maia3-5m,10,b2b4,b4,0.004339528735727072,0.988658441696316,0.48012239459539624,514,27,459,rn1qkb1r/ppp2ppp/4pn2/3p1b2/3P4/3BPN2/PPP2PPP/RNBQK2R w KQkq -,MODEL_PREDICTION_NOT_EMPIRICAL
COL-01,B1,1900,maia3-5m,1,e2e4,e4,0.5909685492515564,0.9884343789890409,0.5043124564545928,513,32,455,rn1qkb1r/ppp2ppp/4pn2/3p1b2/3P4/3BPN2/PPP2PPP/RNBQK2R w KQkq -,MODEL_PREDICTION_NOT_EMPIRICAL
COL-01,B1,1900,maia3-5m,2,d2d4,d4,0.2694249749183655,0.9884343789890409,0.5043124564545928,521,35,444,rn1qkb1r/ppp2ppp/4pn2/3p1b2/3P4/3BPN2/PPP2PPP/RNBQK2R w KQkq -,MODEL_PREDICTION_NOT_EMPIRICAL
COL-01,B1,1900,maia3-5m,3,c2c4,c4,0.03926251456141472,0.9884343789890409,0.5043124564545928,529,33,438,rn1qkb1r/ppp2ppp/4pn2/3p1b2/3P4/3BPN2/PPP2PPP/RNBQK2R w KQkq -,MODEL_PREDICTION_NOT_EMPIRICAL
COL-01,B1,1900,maia3-5m,4,g1f3,Nf3,0.032338257879018784,0.9884343789890409,0.5043124564545928,538,33,429,rn1qkb1r/ppp2ppp/4pn2/3p1b2/3P4/3BPN2/PPP2PPP/RNBQK2R w KQkq -,MODEL_PREDICTION_NOT_EMPIRICAL
COL-01,B1,1900,maia3-5m,5,f2f4,f4,0.01306967530399561,0.9884343789890409,0.5043124564545928,525,30,445,rn1qkb1r/ppp2ppp/4pn2/3p1b2/3P4/3BPN2/PPP2PPP/RNBQK2R w KQkq -,MODEL_PREDICTION_NOT_EMPIRICAL
COL-01,B1,1900,maia3-5m,6,b2b3,b3,0.011948314495384693,0.9884343789890409,0.5043124564545928,519,33,448,rn1qkb1r/ppp2ppp/4pn2/3p1b2/3P4/3BPN2/PPP2PPP/RNBQK2R w KQkq -,MODEL_PREDICTION_NOT_EMPIRICAL
COL-01,B1,1900,maia3-5m,7,g2g3,g3,0.01160159520804882,0.9884343789890409,0.5043124564545928,524,33,443,rn1qkb1r/ppp2ppp/4pn2/3p1b2/3P4/3BPN2/PPP2PPP/RNBQK2R w KQkq -,MODEL_PREDICTION_NOT_EMPIRICAL
COL-01,B1,1900,maia3-5m,8,e2e3,e3,0.010756749659776688,0.9884343789890409,0.5043124564545928,495,33,472,rn1qkb1r/ppp2ppp/4pn2/3p1b2/3P4/3BPN2/PPP2PPP/RNBQK2R w KQkq -,MODEL_PREDICTION_NOT_EMPIRICAL
COL-01,B1,1900,maia3-5m,9,b2b4,b4,0.0045842663384974,0.9884343789890409,0.5043124564545928,515,29,456,rn1qkb1r/ppp2ppp/4pn2/3p1b2/3P4/3BPN2/PPP2PPP/RNBQK2R w KQkq -,MODEL_PREDICTION_NOT_EMPIRICAL
COL-01,B1,1900,maia3-5m,10,d2d3,d3,0.0044794813729822636,0.9884343789890409,0.5043124564545928,505,34,461,rn1qkb1r/ppp2ppp/4pn2/3p1b2/3P4/3BPN2/PPP2PPP/RNBQK2R w KQkq -,MODEL_PREDICTION_NOT_EMPIRICAL
COL-01,B1,2100,maia3-5m,1,e2e4,e4,0.5395658612251282,0.9888081029057503,0.541373665859982,519,41,440,rn1qkb1r/ppp2ppp/4pn2/3p1b2/3P4/3BPN2/PPP2PPP/RNBQK2R w KQkq -,MODEL_PREDICTION_NOT_EMPIRICAL
COL-01,B1,2100,maia3-5m,2,d2d4,d4,0.2930448055267334,0.9888081029057503,0.541373665859982,527,44,429,rn1qkb1r/ppp2ppp/4pn2/3p1b2/3P4/3BPN2/PPP2PPP/RNBQK2R w KQkq -,MODEL_PREDICTION_NOT_EMPIRICAL
COL-01,B1,2100,maia3-5m,3,c2c4,c4,0.051827896386384964,0.9888081029057503,0.541373665859982,535,42,423,rn1qkb1r/ppp2ppp/4pn2/3p1b2/3P4/3BPN2/PPP2PPP/RNBQK2R w KQkq -,MODEL_PREDICTION_NOT_EMPIRICAL
COL-01,B1,2100,maia3-5m,4,g1f3,Nf3,0.05066932365298271,0.9888081029057503,0.541373665859982,542,42,416,rn1qkb1r/ppp2ppp/4pn2/3p1b2/3P4/3BPN2/PPP2PPP/RNBQK2R w KQkq -,MODEL_PREDICTION_NOT_EMPIRICAL
COL-01,B1,2100,maia3-5m,5,f2f4,f4,0.013551043346524239,0.9888081029057503,0.541373665859982,526,37,437,rn1qkb1r/ppp2ppp/4pn2/3p1b2/3P4/3BPN2/PPP2PPP/RNBQK2R w KQkq -,MODEL_PREDICTION_NOT_EMPIRICAL
COL-01,B1,2100,maia3-5m,6,b2b3,b3,0.01229612436145544,0.9888081029057503,0.541373665859982,527,41,432,rn1qkb1r/ppp2ppp/4pn2/3p1b2/3P4/3BPN2/PPP2PPP/RNBQK2R w KQkq -,MODEL_PREDICTION_NOT_EMPIRICAL
COL-01,B1,2100,maia3-5m,7,g2g3,g3,0.009896432980895042,0.9888081029057503,0.541373665859982,531,42,427,rn1qkb1r/ppp2ppp/4pn2/3p1b2/3P4/3BPN2/PPP2PPP/RNBQK2R w KQkq -,MODEL_PREDICTION_NOT_EMPIRICAL
COL-01,B1,2100,maia3-5m,8,e2e3,e3,0.007974912412464619,0.9888081029057503,0.541373665859982,497,42,461,rn1qkb1r/ppp2ppp/4pn2/3p1b2/3P4/3BPN2/PPP2PPP/RNBQK2R w KQkq -,MODEL_PREDICTION_NOT_EMPIRICAL
COL-01,B1,2100,maia3-5m,9,b1c3,Nc3,0.0054556746035814285,0.9888081029057503,0.541373665859982,552,39,409,rn1qkb1r/ppp2ppp/4pn2/3p1b2/3P4/3BPN2/PPP2PPP/RNBQK2R w KQkq -,MODEL_PREDICTION_NOT_EMPIRICAL
COL-01,B1,2100,maia3-5m,10,d2d3,d3,0.004526028409600258,0.9888081029057503,0.541373665859982,513,43,444,rn1qkb1r/ppp2ppp/4pn2/3p1b2/3P4/3BPN2/PPP2PPP/RNBQK2R w KQkq -,MODEL_PREDICTION_NOT_EMPIRICAL
COL-10,B1,1100,maia3-5m,1,e2e4,e4,0.6749164462089539,0.9871364636346698,0.4342553640682974,519,24,457,r1bqkb1r/pp3ppp/2n1pn2/2pp4/3P4/1P2PN2/PBP2PPP/RN1QKB1R w KQkq -,MODEL_PREDICTION_NOT_EMPIRICAL
COL-10,B1,1100,maia3-5m,2,d2d4,d4,0.21801438927650452,0.9871364636346698,0.4342553640682974,524,25,451,r1bqkb1r/pp3ppp/2n1pn2/2pp4/3P4/1P2PN2/PBP2PPP/RN1QKB1R w KQkq -,MODEL_PREDICTION_NOT_EMPIRICAL
COL-10,B1,1100,maia3-5m,3,e2e3,e3,0.022561196237802505,0.9871364636346698,0.4342553640682974,503,25,472,r1bqkb1r/pp3ppp/2n1pn2/2pp4/3P4/1P2PN2/PBP2PPP/RN1QKB1R w KQkq -,MODEL_PREDICTION_NOT_EMPIRICAL
COL-10,B1,1100,maia3-5m,4,g1f3,Nf3,0.0210112277418375,0.9871364636346698,0.4342553640682974,516,28,456,r1bqkb1r/pp3ppp/2n1pn2/2pp4/3P4/1P2PN2/PBP2PPP/RN1QKB1R w KQkq -,MODEL_PREDICTION_NOT_EMPIRICAL
COL-10,B1,1100,maia3-5m,5,c2c4,c4,0.016066906973719597,0.9871364636346698,0.4342553640682974,510,25,465,r1bqkb1r/pp3ppp/2n1pn2/2pp4/3P4/1P2PN2/PBP2PPP/RN1QKB1R w KQkq -,MODEL_PREDICTION_NOT_EMPIRICAL
COL-10,B1,1100,maia3-5m,6,g2g3,g3,0.011687462218105793,0.9871364636346698,0.4342553640682974,494,25,481,r1bqkb1r/pp3ppp/2n1pn2/2pp4/3P4/1P2PN2/PBP2PPP/RN1QKB1R w KQkq -,MODEL_PREDICTION_NOT_EMPIRICAL
COL-10,B1,1100,maia3-5m,7,b2b3,b3,0.007874177768826485,0.9871364636346698,0.4342553640682974,496,26,478,r1bqkb1r/pp3ppp/2n1pn2/2pp4/3P4/1P2PN2/PBP2PPP/RN1QKB1R w KQkq -,MODEL_PREDICTION_NOT_EMPIRICAL
COL-10,B1,1100,maia3-5m,8,d2d3,d3,0.005962725728750229,0.9871364636346698,0.4342553640682974,498,26,476,r1bqkb1r/pp3ppp/2n1pn2/2pp4/3P4/1P2PN2/PBP2PPP/RN1QKB1R w KQkq -,MODEL_PREDICTION_NOT_EMPIRICAL
COL-10,B1,1100,maia3-5m,9,b1c3,Nc3,0.00519427889958024,0.9871364636346698,0.4342553640682974,524,26,450,r1bqkb1r/pp3ppp/2n1pn2/2pp4/3P4/1P2PN2/PBP2PPP/RN1QKB1R w KQkq -,MODEL_PREDICTION_NOT_EMPIRICAL
COL-10,B1,1100,maia3-5m,10,f2f4,f4,0.003847652580589056,0.9871364636346698,0.4342553640682974,509,27,464,r1bqkb1r/pp3ppp/2n1pn2/2pp4/3P4/1P2PN2/PBP2PPP/RN1QKB1R w KQkq -,MODEL_PREDICTION_NOT_EMPIRICAL
COL-10,B1,1300,maia3-5m,1,e2e4,e4,0.6615840792655945,0.9876184498425573,0.44341396362140506,518,24,458,r1bqkb1r/pp3ppp/2n1pn2/2pp4/3P4/1P2PN2/PBP2PPP/RN1QKB1R w KQkq -,MODEL_PREDICTION_NOT_EMPIRICAL
COL-10,B1,1300,maia3-5m,2,d2d4,d4,0.2294148951768875,0.9876184498425573,0.44341396362140506,522,26,452,r1bqkb1r/pp3ppp/2n1pn2/2pp4/3P4/1P2PN2/PBP2PPP/RN1QKB1R w KQkq -,MODEL_PREDICTION_NOT_EMPIRICAL
COL-10,B1,1300,maia3-5m,3,g1f3,Nf3,0.02157282643020153,0.9876184498425573,0.44341396362140506,523,27,450,r1bqkb1r/pp3ppp/2n1pn2/2pp4/3P4/1P2PN2/PBP2PPP/RN1QKB1R w KQkq -,MODEL_PREDICTION_NOT_EMPIRICAL
COL-10,B1,1300,maia3-5m,4,c2c4,c4,0.020122205838561058,0.9876184498425573,0.44341396362140506,514,26,460,r1bqkb1r/pp3ppp/2n1pn2/2pp4/3P4/1P2PN2/PBP2PPP/RN1QKB1R w KQkq -,MODEL_PREDICTION_NOT_EMPIRICAL
COL-10,B1,1300,maia3-5m,5,e2e3,e3,0.019332410767674446,0.9876184498425573,0.44341396362140506,504,25,471,r1bqkb1r/pp3ppp/2n1pn2/2pp4/3P4/1P2PN2/PBP2PPP/RN1QKB1R w KQkq -,MODEL_PREDICTION_NOT_EMPIRICAL
COL-10,B1,1300,maia3-5m,6,g2g3,g3,0.012549953535199165,0.9876184498425573,0.44341396362140506,506,26,468,r1bqkb1r/pp3ppp/2n1pn2/2pp4/3P4/1P2PN2/PBP2PPP/RN1QKB1R w KQkq -,MODEL_PREDICTION_NOT_EMPIRICAL
COL-10,B1,1300,maia3-5m,7,b2b3,b3,0.009338651783764362,0.9876184498425573,0.44341396362140506,503,26,471,r1bqkb1r/pp3ppp/2n1pn2/2pp4/3P4/1P2PN2/PBP2PPP/RN1QKB1R w KQkq -,MODEL_PREDICTION_NOT_EMPIRICAL
COL-10,B1,1300,maia3-5m,8,d2d3,d3,0.005362409166991711,0.9876184498425573,0.44341396362140506,501,27,472,r1bqkb1r/pp3ppp/2n1pn2/2pp4/3P4/1P2PN2/PBP2PPP/RN1QKB1R w KQkq -,MODEL_PREDICTION_NOT_EMPIRICAL
COL-10,B1,1300,maia3-5m,9,f2f4,f4,0.004565780982375145,0.9876184498425573,0.44341396362140506,518,27,455,r1bqkb1r/pp3ppp/2n1pn2/2pp4/3P4/1P2PN2/PBP2PPP/RN1QKB1R w KQkq -,MODEL_PREDICTION_NOT_EMPIRICAL
COL-10,B1,1300,maia3-5m,10,b1c3,Nc3,0.0037752368953078985,0.9876184498425573,0.44341396362140506,529,25,446,r1bqkb1r/pp3ppp/2n1pn2/2pp4/3P4/1P2PN2/PBP2PPP/RN1QKB1R w KQkq -,MODEL_PREDICTION_NOT_EMPIRICAL
COL-10,B1,1500,maia3-5m,1,e2e4,e4,0.6428149938583374,0.98806171445176,0.4600856076991717,516,25,459,r1bqkb1r/pp3ppp/2n1pn2/2pp4/3P4/1P2PN2/PBP2PPP/RN1QKB1R w KQkq -,MODEL_PREDICTION_NOT_EMPIRICAL
COL-10,B1,1500,maia3-5m,2,d2d4,d4,0.2416517585515976,0.98806171445176,0.4600856076991717,521,27,452,r1bqkb1r/pp3ppp/2n1pn2/2pp4/3P4/1P2PN2/PBP2PPP/RN1QKB1R w KQkq -,MODEL_PREDICTION_NOT_EMPIRICAL
COL-10,B1,1500,maia3-5m,3,c2c4,c4,0.025009406730532646,0.98806171445176,0.4600856076991717,518,26,456,r1bqkb1r/pp3ppp/2n1pn2/2pp4/3P4/1P2PN2/PBP2PPP/RN1QKB1R w KQkq -,MODEL_PREDICTION_NOT_EMPIRICAL
COL-10,B1,1500,maia3-5m,4,g1f3,Nf3,0.022932549938559532,0.98806171445176,0.4600856076991717,528,27,445,r1bqkb1r/pp3ppp/2n1pn2/2pp4/3P4/1P2PN2/PBP2PPP/RN1QKB1R w KQkq -,MODEL_PREDICTION_NOT_EMPIRICAL
COL-10,B1,1500,maia3-5m,5,e2e3,e3,0.016669709235429764,0.98806171445176,0.4600856076991717,502,26,472,r1bqkb1r/pp3ppp/2n1pn2/2pp4/3P4/1P2PN2/PBP2PPP/RN1QKB1R w KQkq -,MODEL_PREDICTION_NOT_EMPIRICAL
COL-10,B1,1500,maia3-5m,6,g2g3,g3,0.013175034895539284,0.98806171445176,0.4600856076991717,516,27,457,r1bqkb1r/pp3ppp/2n1pn2/2pp4/3P4/1P2PN2/PBP2PPP/RN1QKB1R w KQkq -,MODEL_PREDICTION_NOT_EMPIRICAL
COL-10,B1,1500,maia3-5m,7,b2b3,b3,0.010849794372916222,0.98806171445176,0.4600856076991717,510,27,463,r1bqkb1r/pp3ppp/2n1pn2/2pp4/3P4/1P2PN2/PBP2PPP/RN1QKB1R w KQkq -,MODEL_PREDICTION_NOT_EMPIRICAL
COL-10,B1,1500,maia3-5m,8,f2f4,f4,0.0063391150906682014,0.98806171445176,0.4600856076991717,523,27,450,r1bqkb1r/pp3ppp/2n1pn2/2pp4/3P4/1P2PN2/PBP2PPP/RN1QKB1R w KQkq -,MODEL_PREDICTION_NOT_EMPIRICAL
COL-10,B1,1500,maia3-5m,9,d2d3,d3,0.004973711911588907,0.98806171445176,0.4600856076991717,504,28,468,r1bqkb1r/pp3ppp/2n1pn2/2pp4/3P4/1P2PN2/PBP2PPP/RN1QKB1R w KQkq -,MODEL_PREDICTION_NOT_EMPIRICAL
COL-10,B1,1500,maia3-5m,10,b2b4,b4,0.0036456398665905,0.98806171445176,0.4600856076991717,512,27,461,r1bqkb1r/pp3ppp/2n1pn2/2pp4/3P4/1P2PN2/PBP2PPP/RN1QKB1R w KQkq -,MODEL_PREDICTION_NOT_EMPIRICAL
COL-10,B1,1700,maia3-5m,1,e2e4,e4,0.6205705404281616,0.988658441696316,0.48012239459539624,513,27,460,r1bqkb1r/pp3ppp/2n1pn2/2pp4/3P4/1P2PN2/PBP2PPP/RN1QKB1R w KQkq -,MODEL_PREDICTION_NOT_EMPIRICAL
COL-10,B1,1700,maia3-5m,2,d2d4,d4,0.2547968029975891,0.988658441696316,0.48012239459539624,519,30,451,r1bqkb1r/pp3ppp/2n1pn2/2pp4/3P4/1P2PN2/PBP2PPP/RN1QKB1R w KQkq -,MODEL_PREDICTION_NOT_EMPIRICAL
COL-10,B1,1700,maia3-5m,3,c2c4,c4,0.030909236520528793,0.988658441696316,0.48012239459539624,524,29,447,r1bqkb1r/pp3ppp/2n1pn2/2pp4/3P4/1P2PN2/PBP2PPP/RN1QKB1R w KQkq -,MODEL_PREDICTION_NOT_EMPIRICAL
COL-10,B1,1700,maia3-5m,4,g1f3,Nf3,0.025549987331032753,0.988658441696316,0.48012239459539624,533,29,438,r1bqkb1r/pp3ppp/2n1pn2/2pp4/3P4/1P2PN2/PBP2PPP/RN1QKB1R w KQkq -,MODEL_PREDICTION_NOT_EMPIRICAL
COL-10,B1,1700,maia3-5m,5,e2e3,e3,0.013819748535752296,0.988658441696316,0.48012239459539624,498,29,473,r1bqkb1r/pp3ppp/2n1pn2/2pp4/3P4/1P2PN2/PBP2PPP/RN1QKB1R w KQkq -,MODEL_PREDICTION_NOT_EMPIRICAL
COL-10,B1,1700,maia3-5m,6,g2g3,g3,0.012876337394118309,0.988658441696316,0.48012239459539624,523,28,449,r1bqkb1r/pp3ppp/2n1pn2/2pp4/3P4/1P2PN2/PBP2PPP/RN1QKB1R w KQkq -,MODEL_PREDICTION_NOT_EMPIRICAL
COL-10,B1,1700,maia3-5m,7,b2b3,b3,0.01174180768430233,0.988658441696316,0.48012239459539624,516,29,455,r1bqkb1r/pp3ppp/2n1pn2/2pp4/3P4/1P2PN2/PBP2PPP/RN1QKB1R w KQkq -,MODEL_PREDICTION_NOT_EMPIRICAL
COL-10,B1,1700,maia3-5m,8,f2f4,f4,0.009360010735690594,0.988658441696316,0.48012239459539624,525,28,447,r1bqkb1r/pp3ppp/2n1pn2/2pp4/3P4/1P2PN2/PBP2PPP/RN1QKB1R w KQkq -,MODEL_PREDICTION_NOT_EMPIRICAL
COL-10,B1,1700,maia3-5m,9,d2d3,d3,0.004694441333413124,0.988658441696316,0.48012239459539624,505,30,465,r1bqkb1r/pp3ppp/2n1pn2/2pp4/3P4/1P2PN2/PBP2PPP/RN1QKB1R w KQkq -,MODEL_PREDICTION_NOT_EMPIRICAL
COL-10,B1,1700,maia3-5m,10,b2b4,b4,0.004339528735727072,0.988658441696316,0.48012239459539624,514,27,459,r1bqkb1r/pp3ppp/2n1pn2/2pp4/3P4/1P2PN2/PBP2PPP/RN1QKB1R w KQkq -,MODEL_PREDICTION_NOT_EMPIRICAL
COL-10,B1,1900,maia3-5m,1,e2e4,e4,0.5909685492515564,0.9884343789890409,0.5043124564545928,513,32,455,r1bqkb1r/pp3ppp/2n1pn2/2pp4/3P4/1P2PN2/PBP2PPP/RN1QKB1R w KQkq -,MODEL_PREDICTION_NOT_EMPIRICAL
COL-10,B1,1900,maia3-5m,2,d2d4,d4,0.2694249749183655,0.9884343789890409,0.5043124564545928,521,35,444,r1bqkb1r/pp3ppp/2n1pn2/2pp4/3P4/1P2PN2/PBP2PPP/RN1QKB1R w KQkq -,MODEL_PREDICTION_NOT_EMPIRICAL
COL-10,B1,1900,maia3-5m,3,c2c4,c4,0.03926251456141472,0.9884343789890409,0.5043124564545928,529,33,438,r1bqkb1r/pp3ppp/2n1pn2/2pp4/3P4/1P2PN2/PBP2PPP/RN1QKB1R w KQkq -,MODEL_PREDICTION_NOT_EMPIRICAL
COL-10,B1,1900,maia3-5m,4,g1f3,Nf3,0.032338257879018784,0.9884343789890409,0.5043124564545928,538,33,429,r1bqkb1r/pp3ppp/2n1pn2/2pp4/3P4/1P2PN2/PBP2PPP/RN1QKB1R w KQkq -,MODEL_PREDICTION_NOT_EMPIRICAL
COL-10,B1,1900,maia3-5m,5,f2f4,f4,0.01306967530399561,0.9884343789890409,0.5043124564545928,525,30,445,r1bqkb1r/pp3ppp/2n1pn2/2pp4/3P4/1P2PN2/PBP2PPP/RN1QKB1R w KQkq -,MODEL_PREDICTION_NOT_EMPIRICAL
COL-10,B1,1900,maia3-5m,6,b2b3,b3,0.011948314495384693,0.9884343789890409,0.5043124564545928,519,33,448,r1bqkb1r/pp3ppp/2n1pn2/2pp4/3P4/1P2PN2/PBP2PPP/RN1QKB1R w KQkq -,MODEL_PREDICTION_NOT_EMPIRICAL
COL-10,B1,1900,maia3-5m,7,g2g3,g3,0.01160159520804882,0.9884343789890409,0.5043124564545928,524,33,443,r1bqkb1r/pp3ppp/2n1pn2/2pp4/3P4/1P2PN2/PBP2PPP/RN1QKB1R w KQkq -,MODEL_PREDICTION_NOT_EMPIRICAL
COL-10,B1,1900,maia3-5m,8,e2e3,e3,0.010756749659776688,0.9884343789890409,0.5043124564545928,495,33,472,r1bqkb1r/pp3ppp/2n1pn2/2pp4/3P4/1P2PN2/PBP2PPP/RN1QKB1R w KQkq -,MODEL_PREDICTION_NOT_EMPIRICAL
COL-10,B1,1900,maia3-5m,9,b2b4,b4,0.0045842663384974,0.9884343789890409,0.5043124564545928,515,29,456,r1bqkb1r/pp3ppp/2n1pn2/2pp4/3P4/1P2PN2/PBP2PPP/RN1QKB1R w KQkq -,MODEL_PREDICTION_NOT_EMPIRICAL
COL-10,B1,1900,maia3-5m,10,d2d3,d3,0.0044794813729822636,0.9884343789890409,0.5043124564545928,505,34,461,r1bqkb1r/pp3ppp/2n1pn2/2pp4/3P4/1P2PN2/PBP2PPP/RN1QKB1R w KQkq -,MODEL_PREDICTION_NOT_EMPIRICAL
COL-10,B1,2100,maia3-5m,1,e2e4,e4,0.5395658612251282,0.9888081029057503,0.541373665859982,519,41,440,r1bqkb1r/pp3ppp/2n1pn2/2pp4/3P4/1P2PN2/PBP2PPP/RN1QKB1R w KQkq -,MODEL_PREDICTION_NOT_EMPIRICAL
COL-10,B1,2100,maia3-5m,2,d2d4,d4,0.2930448055267334,0.9888081029057503,0.541373665859982,527,44,429,r1bqkb1r/pp3ppp/2n1pn2/2pp4/3P4/1P2PN2/PBP2PPP/RN1QKB1R w KQkq -,MODEL_PREDICTION_NOT_EMPIRICAL
COL-10,B1,2100,maia3-5m,3,c2c4,c4,0.051827896386384964,0.9888081029057503,0.541373665859982,535,42,423,r1bqkb1r/pp3ppp/2n1pn2/2pp4/3P4/1P2PN2/PBP2PPP/RN1QKB1R w KQkq -,MODEL_PREDICTION_NOT_EMPIRICAL
COL-10,B1,2100,maia3-5m,4,g1f3,Nf3,0.05066932365298271,0.9888081029057503,0.541373665859982,542,42,416,r1bqkb1r/pp3ppp/2n1pn2/2pp4/3P4/1P2PN2/PBP2PPP/RN1QKB1R w KQkq -,MODEL_PREDICTION_NOT_EMPIRICAL
COL-10,B1,2100,maia3-5m,5,f2f4,f4,0.013551043346524239,0.9888081029057503,0.541373665859982,526,37,437,r1bqkb1r/pp3ppp/2n1pn2/2pp4/3P4/1P2PN2/PBP2PPP/RN1QKB1R w KQkq -,MODEL_PREDICTION_NOT_EMPIRICAL
COL-10,B1,2100,maia3-5m,6,b2b3,b3,0.01229612436145544,0.9888081029057503,0.541373665859982,527,41,432,r1bqkb1r/pp3ppp/2n1pn2/2pp4/3P4/1P2PN2/PBP2PPP/RN1QKB1R w KQkq -,MODEL_PREDICTION_NOT_EMPIRICAL
COL-10,B1,2100,maia3-5m,7,g2g3,g3,0.009896432980895042,0.9888081029057503,0.541373665859982,531,42,427,r1bqkb1r/pp3ppp/2n1pn2/2pp4/3P4/1P2PN2/PBP2PPP/RN1QKB1R w KQkq -,MODEL_PREDICTION_NOT_EMPIRICAL
COL-10,B1,2100,maia3-5m,8,e2e3,e3,0.007974912412464619,0.9888081029057503,0.541373665859982,497,42,461,r1bqkb1r/pp3ppp/2n1pn2/2pp4/3P4/1P2PN2/PBP2PPP/RN1QKB1R w KQkq -,MODEL_PREDICTION_NOT_EMPIRICAL
COL-10,B1,2100,maia3-5m,9,b1c3,Nc3,0.0054556746035814285,0.9888081029057503,0.541373665859982,552,39,409,r1bqkb1r/pp3ppp/2n1pn2/2pp4/3P4/1P2PN2/PBP2PPP/RN1QKB1R w KQkq -,MODEL_PREDICTION_NOT_EMPIRICAL
COL-10,B1,2100,maia3-5m,10,d2d3,d3,0.004526028409600258,0.9888081029057503,0.541373665859982,513,43,444,r1bqkb1r/pp3ppp/2n1pn2/2pp4/3P4/1P2PN2/PBP2PPP/RN1QKB1R w KQkq -,MODEL_PREDICTION_NOT_EMPIRICAL
VER-01,B1,1100,maia3-5m,1,e2e4,e4,0.6749164462089539,0.9871364636346698,0.4342553640682974,519,24,457,rnbqkb1r/pp3ppp/4pn2/2pp2B1/3P4/2N1P3/PPP2PPP/R2QKBNR w KQkq -,MODEL_PREDICTION_NOT_EMPIRICAL
VER-01,B1,1100,maia3-5m,2,d2d4,d4,0.21801438927650452,0.9871364636346698,0.4342553640682974,524,25,451,rnbqkb1r/pp3ppp/4pn2/2pp2B1/3P4/2N1P3/PPP2PPP/R2QKBNR w KQkq -,MODEL_PREDICTION_NOT_EMPIRICAL
VER-01,B1,1100,maia3-5m,3,e2e3,e3,0.022561196237802505,0.9871364636346698,0.4342553640682974,503,25,472,rnbqkb1r/pp3ppp/4pn2/2pp2B1/3P4/2N1P3/PPP2PPP/R2QKBNR w KQkq -,MODEL_PREDICTION_NOT_EMPIRICAL
VER-01,B1,1100,maia3-5m,4,g1f3,Nf3,0.0210112277418375,0.9871364636346698,0.4342553640682974,516,28,456,rnbqkb1r/pp3ppp/4pn2/2pp2B1/3P4/2N1P3/PPP2PPP/R2QKBNR w KQkq -,MODEL_PREDICTION_NOT_EMPIRICAL
VER-01,B1,1100,maia3-5m,5,c2c4,c4,0.016066906973719597,0.9871364636346698,0.4342553640682974,510,25,465,rnbqkb1r/pp3ppp/4pn2/2pp2B1/3P4/2N1P3/PPP2PPP/R2QKBNR w KQkq -,MODEL_PREDICTION_NOT_EMPIRICAL
VER-01,B1,1100,maia3-5m,6,g2g3,g3,0.011687462218105793,0.9871364636346698,0.4342553640682974,494,25,481,rnbqkb1r/pp3ppp/4pn2/2pp2B1/3P4/2N1P3/PPP2PPP/R2QKBNR w KQkq -,MODEL_PREDICTION_NOT_EMPIRICAL
VER-01,B1,1100,maia3-5m,7,b2b3,b3,0.007874177768826485,0.9871364636346698,0.4342553640682974,496,26,478,rnbqkb1r/pp3ppp/4pn2/2pp2B1/3P4/2N1P3/PPP2PPP/R2QKBNR w KQkq -,MODEL_PREDICTION_NOT_EMPIRICAL
VER-01,B1,1100,maia3-5m,8,d2d3,d3,0.005962725728750229,0.9871364636346698,0.4342553640682974,498,26,476,rnbqkb1r/pp3ppp/4pn2/2pp2B1/3P4/2N1P3/PPP2PPP/R2QKBNR w KQkq -,MODEL_PREDICTION_NOT_EMPIRICAL
VER-01,B1,1100,maia3-5m,9,b1c3,Nc3,0.00519427889958024,0.9871364636346698,0.4342553640682974,524,26,450,rnbqkb1r/pp3ppp/4pn2/2pp2B1/3P4/2N1P3/PPP2PPP/R2QKBNR w KQkq -,MODEL_PREDICTION_NOT_EMPIRICAL
VER-01,B1,1100,maia3-5m,10,f2f4,f4,0.003847652580589056,0.9871364636346698,0.4342553640682974,509,27,464,rnbqkb1r/pp3ppp/4pn2/2pp2B1/3P4/2N1P3/PPP2PPP/R2QKBNR w KQkq -,MODEL_PREDICTION_NOT_EMPIRICAL
VER-01,B1,1300,maia3-5m,1,e2e4,e4,0.6615840792655945,0.9876184498425573,0.44341396362140506,518,24,458,rnbqkb1r/pp3ppp/4pn2/2pp2B1/3P4/2N1P3/PPP2PPP/R2QKBNR w KQkq -,MODEL_PREDICTION_NOT_EMPIRICAL
VER-01,B1,1300,maia3-5m,2,d2d4,d4,0.2294148951768875,0.9876184498425573,0.44341396362140506,522,26,452,rnbqkb1r/pp3ppp/4pn2/2pp2B1/3P4/2N1P3/PPP2PPP/R2QKBNR w KQkq -,MODEL_PREDICTION_NOT_EMPIRICAL
VER-01,B1,1300,maia3-5m,3,g1f3,Nf3,0.02157282643020153,0.9876184498425573,0.44341396362140506,523,27,450,rnbqkb1r/pp3ppp/4pn2/2pp2B1/3P4/2N1P3/PPP2PPP/R2QKBNR w KQkq -,MODEL_PREDICTION_NOT_EMPIRICAL
VER-01,B1,1300,maia3-5m,4,c2c4,c4,0.020122205838561058,0.9876184498425573,0.44341396362140506,514,26,460,rnbqkb1r/pp3ppp/4pn2/2pp2B1/3P4/2N1P3/PPP2PPP/R2QKBNR w KQkq -,MODEL_PREDICTION_NOT_EMPIRICAL
VER-01,B1,1300,maia3-5m,5,e2e3,e3,0.019332410767674446,0.9876184498425573,0.44341396362140506,504,25,471,rnbqkb1r/pp3ppp/4pn2/2pp2B1/3P4/2N1P3/PPP2PPP/R2QKBNR w KQkq -,MODEL_PREDICTION_NOT_EMPIRICAL
VER-01,B1,1300,maia3-5m,6,g2g3,g3,0.012549953535199165,0.9876184498425573,0.44341396362140506,506,26,468,rnbqkb1r/pp3ppp/4pn2/2pp2B1/3P4/2N1P3/PPP2PPP/R2QKBNR w KQkq -,MODEL_PREDICTION_NOT_EMPIRICAL
VER-01,B1,1300,maia3-5m,7,b2b3,b3,0.009338651783764362,0.9876184498425573,0.44341396362140506,503,26,471,rnbqkb1r/pp3ppp/4pn2/2pp2B1/3P4/2N1P3/PPP2PPP/R2QKBNR w KQkq -,MODEL_PREDICTION_NOT_EMPIRICAL
VER-01,B1,1300,maia3-5m,8,d2d3,d3,0.005362409166991711,0.9876184498425573,0.44341396362140506,501,27,472,rnbqkb1r/pp3ppp/4pn2/2pp2B1/3P4/2N1P3/PPP2PPP/R2QKBNR w KQkq -,MODEL_PREDICTION_NOT_EMPIRICAL
VER-01,B1,1300,maia3-5m,9,f2f4,f4,0.004565780982375145,0.9876184498425573,0.44341396362140506,518,27,455,rnbqkb1r/pp3ppp/4pn2/2pp2B1/3P4/2N1P3/PPP2PPP/R2QKBNR w KQkq -,MODEL_PREDICTION_NOT_EMPIRICAL
VER-01,B1,1300,maia3-5m,10,b1c3,Nc3,0.0037752368953078985,0.9876184498425573,0.44341396362140506,529,25,446,rnbqkb1r/pp3ppp/4pn2/2pp2B1/3P4/2N1P3/PPP2PPP/R2QKBNR w KQkq -,MODEL_PREDICTION_NOT_EMPIRICAL
VER-01,B1,1500,maia3-5m,1,e2e4,e4,0.6428149938583374,0.98806171445176,0.4600856076991717,516,25,459,rnbqkb1r/pp3ppp/4pn2/2pp2B1/3P4/2N1P3/PPP2PPP/R2QKBNR w KQkq -,MODEL_PREDICTION_NOT_EMPIRICAL
VER-01,B1,1500,maia3-5m,2,d2d4,d4,0.2416517585515976,0.98806171445176,0.4600856076991717,521,27,452,rnbqkb1r/pp3ppp/4pn2/2pp2B1/3P4/2N1P3/PPP2PPP/R2QKBNR w KQkq -,MODEL_PREDICTION_NOT_EMPIRICAL
VER-01,B1,1500,maia3-5m,3,c2c4,c4,0.025009406730532646,0.98806171445176,0.4600856076991717,518,26,456,rnbqkb1r/pp3ppp/4pn2/2pp2B1/3P4/2N1P3/PPP2PPP/R2QKBNR w KQkq -,MODEL_PREDICTION_NOT_EMPIRICAL
VER-01,B1,1500,maia3-5m,4,g1f3,Nf3,0.022932549938559532,0.98806171445176,0.4600856076991717,528,27,445,rnbqkb1r/pp3ppp/4pn2/2pp2B1/3P4/2N1P3/PPP2PPP/R2QKBNR w KQkq -,MODEL_PREDICTION_NOT_EMPIRICAL
VER-01,B1,1500,maia3-5m,5,e2e3,e3,0.016669709235429764,0.98806171445176,0.4600856076991717,502,26,472,rnbqkb1r/pp3ppp/4pn2/2pp2B1/3P4/2N1P3/PPP2PPP/R2QKBNR w KQkq -,MODEL_PREDICTION_NOT_EMPIRICAL
VER-01,B1,1500,maia3-5m,6,g2g3,g3,0.013175034895539284,0.98806171445176,0.4600856076991717,516,27,457,rnbqkb1r/pp3ppp/4pn2/2pp2B1/3P4/2N1P3/PPP2PPP/R2QKBNR w KQkq -,MODEL_PREDICTION_NOT_EMPIRICAL
VER-01,B1,1500,maia3-5m,7,b2b3,b3,0.010849794372916222,0.98806171445176,0.4600856076991717,510,27,463,rnbqkb1r/pp3ppp/4pn2/2pp2B1/3P4/2N1P3/PPP2PPP/R2QKBNR w KQkq -,MODEL_PREDICTION_NOT_EMPIRICAL
VER-01,B1,1500,maia3-5m,8,f2f4,f4,0.0063391150906682014,0.98806171445176,0.4600856076991717,523,27,450,rnbqkb1r/pp3ppp/4pn2/2pp2B1/3P4/2N1P3/PPP2PPP/R2QKBNR w KQkq -,MODEL_PREDICTION_NOT_EMPIRICAL
VER-01,B1,1500,maia3-5m,9,d2d3,d3,0.004973711911588907,0.98806171445176,0.4600856076991717,504,28,468,rnbqkb1r/pp3ppp/4pn2/2pp2B1/3P4/2N1P3/PPP2PPP/R2QKBNR w KQkq -,MODEL_PREDICTION_NOT_EMPIRICAL
VER-01,B1,1500,maia3-5m,10,b2b4,b4,0.0036456398665905,0.98806171445176,0.4600856076991717,512,27,461,rnbqkb1r/pp3ppp/4pn2/2pp2B1/3P4/2N1P3/PPP2PPP/R2QKBNR w KQkq -,MODEL_PREDICTION_NOT_EMPIRICAL
VER-01,B1,1700,maia3-5m,1,e2e4,e4,0.6205705404281616,0.988658441696316,0.48012239459539624,513,27,460,rnbqkb1r/pp3ppp/4pn2/2pp2B1/3P4/2N1P3/PPP2PPP/R2QKBNR w KQkq -,MODEL_PREDICTION_NOT_EMPIRICAL
VER-01,B1,1700,maia3-5m,2,d2d4,d4,0.2547968029975891,0.988658441696316,0.48012239459539624,519,30,451,rnbqkb1r/pp3ppp/4pn2/2pp2B1/3P4/2N1P3/PPP2PPP/R2QKBNR w KQkq -,MODEL_PREDICTION_NOT_EMPIRICAL
VER-01,B1,1700,maia3-5m,3,c2c4,c4,0.030909236520528793,0.988658441696316,0.48012239459539624,524,29,447,rnbqkb1r/pp3ppp/4pn2/2pp2B1/3P4/2N1P3/PPP2PPP/R2QKBNR w KQkq -,MODEL_PREDICTION_NOT_EMPIRICAL
VER-01,B1,1700,maia3-5m,4,g1f3,Nf3,0.025549987331032753,0.988658441696316,0.48012239459539624,533,29,438,rnbqkb1r/pp3ppp/4pn2/2pp2B1/3P4/2N1P3/PPP2PPP/R2QKBNR w KQkq -,MODEL_PREDICTION_NOT_EMPIRICAL
VER-01,B1,1700,maia3-5m,5,e2e3,e3,0.013819748535752296,0.988658441696316,0.48012239459539624,498,29,473,rnbqkb1r/pp3ppp/4pn2/2pp2B1/3P4/2N1P3/PPP2PPP/R2QKBNR w KQkq -,MODEL_PREDICTION_NOT_EMPIRICAL
VER-01,B1,1700,maia3-5m,6,g2g3,g3,0.012876337394118309,0.988658441696316,0.48012239459539624,523,28,449,rnbqkb1r/pp3ppp/4pn2/2pp2B1/3P4/2N1P3/PPP2PPP/R2QKBNR w KQkq -,MODEL_PREDICTION_NOT_EMPIRICAL
VER-01,B1,1700,maia3-5m,7,b2b3,b3,0.01174180768430233,0.988658441696316,0.48012239459539624,516,29,455,rnbqkb1r/pp3ppp/4pn2/2pp2B1/3P4/2N1P3/PPP2PPP/R2QKBNR w KQkq -,MODEL_PREDICTION_NOT_EMPIRICAL
VER-01,B1,1700,maia3-5m,8,f2f4,f4,0.009360010735690594,0.988658441696316,0.48012239459539624,525,28,447,rnbqkb1r/pp3ppp/4pn2/2pp2B1/3P4/2N1P3/PPP2PPP/R2QKBNR w KQkq -,MODEL_PREDICTION_NOT_EMPIRICAL
VER-01,B1,1700,maia3-5m,9,d2d3,d3,0.004694441333413124,0.988658441696316,0.48012239459539624,505,30,465,rnbqkb1r/pp3ppp/4pn2/2pp2B1/3P4/2N1P3/PPP2PPP/R2QKBNR w KQkq -,MODEL_PREDICTION_NOT_EMPIRICAL
VER-01,B1,1700,maia3-5m,10,b2b4,b4,0.004339528735727072,0.988658441696316,0.48012239459539624,514,27,459,rnbqkb1r/pp3ppp/4pn2/2pp2B1/3P4/2N1P3/PPP2PPP/R2QKBNR w KQkq -,MODEL_PREDICTION_NOT_EMPIRICAL
VER-01,B1,1900,maia3-5m,1,e2e4,e4,0.5909685492515564,0.9884343789890409,0.5043124564545928,513,32,455,rnbqkb1r/pp3ppp/4pn2/2pp2B1/3P4/2N1P3/PPP2PPP/R2QKBNR w KQkq -,MODEL_PREDICTION_NOT_EMPIRICAL
VER-01,B1,1900,maia3-5m,2,d2d4,d4,0.2694249749183655,0.9884343789890409,0.5043124564545928,521,35,444,rnbqkb1r/pp3ppp/4pn2/2pp2B1/3P4/2N1P3/PPP2PPP/R2QKBNR w KQkq -,MODEL_PREDICTION_NOT_EMPIRICAL
VER-01,B1,1900,maia3-5m,3,c2c4,c4,0.03926251456141472,0.9884343789890409,0.5043124564545928,529,33,438,rnbqkb1r/pp3ppp/4pn2/2pp2B1/3P4/2N1P3/PPP2PPP/R2QKBNR w KQkq -,MODEL_PREDICTION_NOT_EMPIRICAL
VER-01,B1,1900,maia3-5m,4,g1f3,Nf3,0.032338257879018784,0.9884343789890409,0.5043124564545928,538,33,429,rnbqkb1r/pp3ppp/4pn2/2pp2B1/3P4/2N1P3/PPP2PPP/R2QKBNR w KQkq -,MODEL_PREDICTION_NOT_EMPIRICAL
VER-01,B1,1900,maia3-5m,5,f2f4,f4,0.01306967530399561,0.9884343789890409,0.5043124564545928,525,30,445,rnbqkb1r/pp3ppp/4pn2/2pp2B1/3P4/2N1P3/PPP2PPP/R2QKBNR w KQkq -,MODEL_PREDICTION_NOT_EMPIRICAL
VER-01,B1,1900,maia3-5m,6,b2b3,b3,0.011948314495384693,0.9884343789890409,0.5043124564545928,519,33,448,rnbqkb1r/pp3ppp/4pn2/2pp2B1/3P4/2N1P3/PPP2PPP/R2QKBNR w KQkq -,MODEL_PREDICTION_NOT_EMPIRICAL
VER-01,B1,1900,maia3-5m,7,g2g3,g3,0.01160159520804882,0.9884343789890409,0.5043124564545928,524,33,443,rnbqkb1r/pp3ppp/4pn2/2pp2B1/3P4/2N1P3/PPP2PPP/R2QKBNR w KQkq -,MODEL_PREDICTION_NOT_EMPIRICAL
VER-01,B1,1900,maia3-5m,8,e2e3,e3,0.010756749659776688,0.9884343789890409,0.5043124564545928,495,33,472,rnbqkb1r/pp3ppp/4pn2/2pp2B1/3P4/2N1P3/PPP2PPP/R2QKBNR w KQkq -,MODEL_PREDICTION_NOT_EMPIRICAL
VER-01,B1,1900,maia3-5m,9,b2b4,b4,0.0045842663384974,0.9884343789890409,0.5043124564545928,515,29,456,rnbqkb1r/pp3ppp/4pn2/2pp2B1/3P4/2N1P3/PPP2PPP/R2QKBNR w KQkq -,MODEL_PREDICTION_NOT_EMPIRICAL
VER-01,B1,1900,maia3-5m,10,d2d3,d3,0.0044794813729822636,0.9884343789890409,0.5043124564545928,505,34,461,rnbqkb1r/pp3ppp/4pn2/2pp2B1/3P4/2N1P3/PPP2PPP/R2QKBNR w KQkq -,MODEL_PREDICTION_NOT_EMPIRICAL
VER-01,B1,2100,maia3-5m,1,e2e4,e4,0.5395658612251282,0.9888081029057503,0.541373665859982,519,41,440,rnbqkb1r/pp3ppp/4pn2/2pp2B1/3P4/2N1P3/PPP2PPP/R2QKBNR w KQkq -,MODEL_PREDICTION_NOT_EMPIRICAL
VER-01,B1,2100,maia3-5m,2,d2d4,d4,0.2930448055267334,0.9888081029057503,0.541373665859982,527,44,429,rnbqkb1r/pp3ppp/4pn2/2pp2B1/3P4/2N1P3/PPP2PPP/R2QKBNR w KQkq -,MODEL_PREDICTION_NOT_EMPIRICAL
VER-01,B1,2100,maia3-5m,3,c2c4,c4,0.051827896386384964,0.9888081029057503,0.541373665859982,535,42,423,rnbqkb1r/pp3ppp/4pn2/2pp2B1/3P4/2N1P3/PPP2PPP/R2QKBNR w KQkq -,MODEL_PREDICTION_NOT_EMPIRICAL
VER-01,B1,2100,maia3-5m,4,g1f3,Nf3,0.05066932365298271,0.9888081029057503,0.541373665859982,542,42,416,rnbqkb1r/pp3ppp/4pn2/2pp2B1/3P4/2N1P3/PPP2PPP/R2QKBNR w KQkq -,MODEL_PREDICTION_NOT_EMPIRICAL
VER-01,B1,2100,maia3-5m,5,f2f4,f4,0.013551043346524239,0.9888081029057503,0.541373665859982,526,37,437,rnbqkb1r/pp3ppp/4pn2/2pp2B1/3P4/2N1P3/PPP2PPP/R2QKBNR w KQkq -,MODEL_PREDICTION_NOT_EMPIRICAL
VER-01,B1,2100,maia3-5m,6,b2b3,b3,0.01229612436145544,0.9888081029057503,0.541373665859982,527,41,432,rnbqkb1r/pp3ppp/4pn2/2pp2B1/3P4/2N1P3/PPP2PPP/R2QKBNR w KQkq -,MODEL_PREDICTION_NOT_EMPIRICAL
VER-01,B1,2100,maia3-5m,7,g2g3,g3,0.009896432980895042,0.9888081029057503,0.541373665859982,531,42,427,rnbqkb1r/pp3ppp/4pn2/2pp2B1/3P4/2N1P3/PPP2PPP/R2QKBNR w KQkq -,MODEL_PREDICTION_NOT_EMPIRICAL
VER-01,B1,2100,maia3-5m,8,e2e3,e3,0.007974912412464619,0.9888081029057503,0.541373665859982,497,42,461,rnbqkb1r/pp3ppp/4pn2/2pp2B1/3P4/2N1P3/PPP2PPP/R2QKBNR w KQkq -,MODEL_PREDICTION_NOT_EMPIRICAL
VER-01,B1,2100,maia3-5m,9,b1c3,Nc3,0.0054556746035814285,0.9888081029057503,0.541373665859982,552,39,409,rnbqkb1r/pp3ppp/4pn2/2pp2B1/3P4/2N1P3/PPP2PPP/R2QKBNR w KQkq -,MODEL_PREDICTION_NOT_EMPIRICAL
VER-01,B1,2100,maia3-5m,10,d2d3,d3,0.004526028409600258,0.9888081029057503,0.541373665859982,513,43,444,rnbqkb1r/pp3ppp/4pn2/2pp2B1/3P4/2N1P3/PPP2PPP/R2QKBNR w KQkq -,MODEL_PREDICTION_NOT_EMPIRICAL
LON-02,B2,1100,maia3-5m,1,e2e4,e4,0.6749164462089539,0.9871364636346698,0.4342553640682974,519,24,457,r3kb1r/pp2pppp/1qn2n2/3p1b2/2pP1B2/2P1PN2/PPQ2PPP/RN2KB1R w KQkq -,MODEL_PREDICTION_NOT_EMPIRICAL
LON-02,B2,1100,maia3-5m,2,d2d4,d4,0.21801438927650452,0.9871364636346698,0.4342553640682974,524,25,451,r3kb1r/pp2pppp/1qn2n2/3p1b2/2pP1B2/2P1PN2/PPQ2PPP/RN2KB1R w KQkq -,MODEL_PREDICTION_NOT_EMPIRICAL
LON-02,B2,1100,maia3-5m,3,e2e3,e3,0.022561196237802505,0.9871364636346698,0.4342553640682974,503,25,472,r3kb1r/pp2pppp/1qn2n2/3p1b2/2pP1B2/2P1PN2/PPQ2PPP/RN2KB1R w KQkq -,MODEL_PREDICTION_NOT_EMPIRICAL
LON-02,B2,1100,maia3-5m,4,g1f3,Nf3,0.0210112277418375,0.9871364636346698,0.4342553640682974,516,28,456,r3kb1r/pp2pppp/1qn2n2/3p1b2/2pP1B2/2P1PN2/PPQ2PPP/RN2KB1R w KQkq -,MODEL_PREDICTION_NOT_EMPIRICAL
LON-02,B2,1100,maia3-5m,5,c2c4,c4,0.016066906973719597,0.9871364636346698,0.4342553640682974,510,25,465,r3kb1r/pp2pppp/1qn2n2/3p1b2/2pP1B2/2P1PN2/PPQ2PPP/RN2KB1R w KQkq -,MODEL_PREDICTION_NOT_EMPIRICAL
LON-02,B2,1100,maia3-5m,6,g2g3,g3,0.011687462218105793,0.9871364636346698,0.4342553640682974,494,25,481,r3kb1r/pp2pppp/1qn2n2/3p1b2/2pP1B2/2P1PN2/PPQ2PPP/RN2KB1R w KQkq -,MODEL_PREDICTION_NOT_EMPIRICAL
LON-02,B2,1100,maia3-5m,7,b2b3,b3,0.007874177768826485,0.9871364636346698,0.4342553640682974,496,26,478,r3kb1r/pp2pppp/1qn2n2/3p1b2/2pP1B2/2P1PN2/PPQ2PPP/RN2KB1R w KQkq -,MODEL_PREDICTION_NOT_EMPIRICAL
LON-02,B2,1100,maia3-5m,8,d2d3,d3,0.005962725728750229,0.9871364636346698,0.4342553640682974,498,26,476,r3kb1r/pp2pppp/1qn2n2/3p1b2/2pP1B2/2P1PN2/PPQ2PPP/RN2KB1R w KQkq -,MODEL_PREDICTION_NOT_EMPIRICAL
LON-02,B2,1100,maia3-5m,9,b1c3,Nc3,0.00519427889958024,0.9871364636346698,0.4342553640682974,524,26,450,r3kb1r/pp2pppp/1qn2n2/3p1b2/2pP1B2/2P1PN2/PPQ2PPP/RN2KB1R w KQkq -,MODEL_PREDICTION_NOT_EMPIRICAL
LON-02,B2,1100,maia3-5m,10,f2f4,f4,0.003847652580589056,0.9871364636346698,0.4342553640682974,509,27,464,r3kb1r/pp2pppp/1qn2n2/3p1b2/2pP1B2/2P1PN2/PPQ2PPP/RN2KB1R w KQkq -,MODEL_PREDICTION_NOT_EMPIRICAL
LON-02,B2,1300,maia3-5m,1,e2e4,e4,0.6615840792655945,0.9876184498425573,0.44341396362140506,518,24,458,r3kb1r/pp2pppp/1qn2n2/3p1b2/2pP1B2/2P1PN2/PPQ2PPP/RN2KB1R w KQkq -,MODEL_PREDICTION_NOT_EMPIRICAL
LON-02,B2,1300,maia3-5m,2,d2d4,d4,0.2294148951768875,0.9876184498425573,0.44341396362140506,522,26,452,r3kb1r/pp2pppp/1qn2n2/3p1b2/2pP1B2/2P1PN2/PPQ2PPP/RN2KB1R w KQkq -,MODEL_PREDICTION_NOT_EMPIRICAL
LON-02,B2,1300,maia3-5m,3,g1f3,Nf3,0.02157282643020153,0.9876184498425573,0.44341396362140506,523,27,450,r3kb1r/pp2pppp/1qn2n2/3p1b2/2pP1B2/2P1PN2/PPQ2PPP/RN2KB1R w KQkq -,MODEL_PREDICTION_NOT_EMPIRICAL
LON-02,B2,1300,maia3-5m,4,c2c4,c4,0.020122205838561058,0.9876184498425573,0.44341396362140506,514,26,460,r3kb1r/pp2pppp/1qn2n2/3p1b2/2pP1B2/2P1PN2/PPQ2PPP/RN2KB1R w KQkq -,MODEL_PREDICTION_NOT_EMPIRICAL
LON-02,B2,1300,maia3-5m,5,e2e3,e3,0.019332410767674446,0.9876184498425573,0.44341396362140506,504,25,471,r3kb1r/pp2pppp/1qn2n2/3p1b2/2pP1B2/2P1PN2/PPQ2PPP/RN2KB1R w KQkq -,MODEL_PREDICTION_NOT_EMPIRICAL
LON-02,B2,1300,maia3-5m,6,g2g3,g3,0.012549953535199165,0.9876184498425573,0.44341396362140506,506,26,468,r3kb1r/pp2pppp/1qn2n2/3p1b2/2pP1B2/2P1PN2/PPQ2PPP/RN2KB1R w KQkq -,MODEL_PREDICTION_NOT_EMPIRICAL
LON-02,B2,1300,maia3-5m,7,b2b3,b3,0.009338651783764362,0.9876184498425573,0.44341396362140506,503,26,471,r3kb1r/pp2pppp/1qn2n2/3p1b2/2pP1B2/2P1PN2/PPQ2PPP/RN2KB1R w KQkq -,MODEL_PREDICTION_NOT_EMPIRICAL
LON-02,B2,1300,maia3-5m,8,d2d3,d3,0.005362409166991711,0.9876184498425573,0.44341396362140506,501,27,472,r3kb1r/pp2pppp/1qn2n2/3p1b2/2pP1B2/2P1PN2/PPQ2PPP/RN2KB1R w KQkq -,MODEL_PREDICTION_NOT_EMPIRICAL
LON-02,B2,1300,maia3-5m,9,f2f4,f4,0.004565780982375145,0.9876184498425573,0.44341396362140506,518,27,455,r3kb1r/pp2pppp/1qn2n2/3p1b2/2pP1B2/2P1PN2/PPQ2PPP/RN2KB1R w KQkq -,MODEL_PREDICTION_NOT_EMPIRICAL
LON-02,B2,1300,maia3-5m,10,b1c3,Nc3,0.0037752368953078985,0.9876184498425573,0.44341396362140506,529,25,446,r3kb1r/pp2pppp/1qn2n2/3p1b2/2pP1B2/2P1PN2/PPQ2PPP/RN2KB1R w KQkq -,MODEL_PREDICTION_NOT_EMPIRICAL
LON-02,B2,1500,maia3-5m,1,e2e4,e4,0.6428149938583374,0.98806171445176,0.4600856076991717,516,25,459,r3kb1r/pp2pppp/1qn2n2/3p1b2/2pP1B2/2P1PN2/PPQ2PPP/RN2KB1R w KQkq -,MODEL_PREDICTION_NOT_EMPIRICAL
LON-02,B2,1500,maia3-5m,2,d2d4,d4,0.2416517585515976,0.98806171445176,0.4600856076991717,521,27,452,r3kb1r/pp2pppp/1qn2n2/3p1b2/2pP1B2/2P1PN2/PPQ2PPP/RN2KB1R w KQkq -,MODEL_PREDICTION_NOT_EMPIRICAL
LON-02,B2,1500,maia3-5m,3,c2c4,c4,0.025009406730532646,0.98806171445176,0.4600856076991717,518,26,456,r3kb1r/pp2pppp/1qn2n2/3p1b2/2pP1B2/2P1PN2/PPQ2PPP/RN2KB1R w KQkq -,MODEL_PREDICTION_NOT_EMPIRICAL
LON-02,B2,1500,maia3-5m,4,g1f3,Nf3,0.022932549938559532,0.98806171445176,0.4600856076991717,528,27,445,r3kb1r/pp2pppp/1qn2n2/3p1b2/2pP1B2/2P1PN2/PPQ2PPP/RN2KB1R w KQkq -,MODEL_PREDICTION_NOT_EMPIRICAL
LON-02,B2,1500,maia3-5m,5,e2e3,e3,0.016669709235429764,0.98806171445176,0.4600856076991717,502,26,472,r3kb1r/pp2pppp/1qn2n2/3p1b2/2pP1B2/2P1PN2/PPQ2PPP/RN2KB1R w KQkq -,MODEL_PREDICTION_NOT_EMPIRICAL
LON-02,B2,1500,maia3-5m,6,g2g3,g3,0.013175034895539284,0.98806171445176,0.4600856076991717,516,27,457,r3kb1r/pp2pppp/1qn2n2/3p1b2/2pP1B2/2P1PN2/PPQ2PPP/RN2KB1R w KQkq -,MODEL_PREDICTION_NOT_EMPIRICAL
LON-02,B2,1500,maia3-5m,7,b2b3,b3,0.010849794372916222,0.98806171445176,0.4600856076991717,510,27,463,r3kb1r/pp2pppp/1qn2n2/3p1b2/2pP1B2/2P1PN2/PPQ2PPP/RN2KB1R w KQkq -,MODEL_PREDICTION_NOT_EMPIRICAL
LON-02,B2,1500,maia3-5m,8,f2f4,f4,0.0063391150906682014,0.98806171445176,0.4600856076991717,523,27,450,r3kb1r/pp2pppp/1qn2n2/3p1b2/2pP1B2/2P1PN2/PPQ2PPP/RN2KB1R w KQkq -,MODEL_PREDICTION_NOT_EMPIRICAL
LON-02,B2,1500,maia3-5m,9,d2d3,d3,0.004973711911588907,0.98806171445176,0.4600856076991717,504,28,468,r3kb1r/pp2pppp/1qn2n2/3p1b2/2pP1B2/2P1PN2/PPQ2PPP/RN2KB1R w KQkq -,MODEL_PREDICTION_NOT_EMPIRICAL
LON-02,B2,1500,maia3-5m,10,b2b4,b4,0.0036456398665905,0.98806171445176,0.4600856076991717,512,27,461,r3kb1r/pp2pppp/1qn2n2/3p1b2/2pP1B2/2P1PN2/PPQ2PPP/RN2KB1R w KQkq -,MODEL_PREDICTION_NOT_EMPIRICAL
LON-02,B2,1700,maia3-5m,1,e2e4,e4,0.6205705404281616,0.988658441696316,0.48012239459539624,513,27,460,r3kb1r/pp2pppp/1qn2n2/3p1b2/2pP1B2/2P1PN2/PPQ2PPP/RN2KB1R w KQkq -,MODEL_PREDICTION_NOT_EMPIRICAL
LON-02,B2,1700,maia3-5m,2,d2d4,d4,0.2547968029975891,0.988658441696316,0.48012239459539624,519,30,451,r3kb1r/pp2pppp/1qn2n2/3p1b2/2pP1B2/2P1PN2/PPQ2PPP/RN2KB1R w KQkq -,MODEL_PREDICTION_NOT_EMPIRICAL
LON-02,B2,1700,maia3-5m,3,c2c4,c4,0.030909236520528793,0.988658441696316,0.48012239459539624,524,29,447,r3kb1r/pp2pppp/1qn2n2/3p1b2/2pP1B2/2P1PN2/PPQ2PPP/RN2KB1R w KQkq -,MODEL_PREDICTION_NOT_EMPIRICAL
LON-02,B2,1700,maia3-5m,4,g1f3,Nf3,0.025549987331032753,0.988658441696316,0.48012239459539624,533,29,438,r3kb1r/pp2pppp/1qn2n2/3p1b2/2pP1B2/2P1PN2/PPQ2PPP/RN2KB1R w KQkq -,MODEL_PREDICTION_NOT_EMPIRICAL
LON-02,B2,1700,maia3-5m,5,e2e3,e3,0.013819748535752296,0.988658441696316,0.48012239459539624,498,29,473,r3kb1r/pp2pppp/1qn2n2/3p1b2/2pP1B2/2P1PN2/PPQ2PPP/RN2KB1R w KQkq -,MODEL_PREDICTION_NOT_EMPIRICAL
LON-02,B2,1700,maia3-5m,6,g2g3,g3,0.012876337394118309,0.988658441696316,0.48012239459539624,523,28,449,r3kb1r/pp2pppp/1qn2n2/3p1b2/2pP1B2/2P1PN2/PPQ2PPP/RN2KB1R w KQkq -,MODEL_PREDICTION_NOT_EMPIRICAL
LON-02,B2,1700,maia3-5m,7,b2b3,b3,0.01174180768430233,0.988658441696316,0.48012239459539624,516,29,455,r3kb1r/pp2pppp/1qn2n2/3p1b2/2pP1B2/2P1PN2/PPQ2PPP/RN2KB1R w KQkq -,MODEL_PREDICTION_NOT_EMPIRICAL
LON-02,B2,1700,maia3-5m,8,f2f4,f4,0.009360010735690594,0.988658441696316,0.48012239459539624,525,28,447,r3kb1r/pp2pppp/1qn2n2/3p1b2/2pP1B2/2P1PN2/PPQ2PPP/RN2KB1R w KQkq -,MODEL_PREDICTION_NOT_EMPIRICAL
LON-02,B2,1700,maia3-5m,9,d2d3,d3,0.004694441333413124,0.988658441696316,0.48012239459539624,505,30,465,r3kb1r/pp2pppp/1qn2n2/3p1b2/2pP1B2/2P1PN2/PPQ2PPP/RN2KB1R w KQkq -,MODEL_PREDICTION_NOT_EMPIRICAL
LON-02,B2,1700,maia3-5m,10,b2b4,b4,0.004339528735727072,0.988658441696316,0.48012239459539624,514,27,459,r3kb1r/pp2pppp/1qn2n2/3p1b2/2pP1B2/2P1PN2/PPQ2PPP/RN2KB1R w KQkq -,MODEL_PREDICTION_NOT_EMPIRICAL
LON-02,B2,1900,maia3-5m,1,e2e4,e4,0.5909685492515564,0.9884343789890409,0.5043124564545928,513,32,455,r3kb1r/pp2pppp/1qn2n2/3p1b2/2pP1B2/2P1PN2/PPQ2PPP/RN2KB1R w KQkq -,MODEL_PREDICTION_NOT_EMPIRICAL
LON-02,B2,1900,maia3-5m,2,d2d4,d4,0.2694249749183655,0.9884343789890409,0.5043124564545928,521,35,444,r3kb1r/pp2pppp/1qn2n2/3p1b2/2pP1B2/2P1PN2/PPQ2PPP/RN2KB1R w KQkq -,MODEL_PREDICTION_NOT_EMPIRICAL
LON-02,B2,1900,maia3-5m,3,c2c4,c4,0.03926251456141472,0.9884343789890409,0.5043124564545928,529,33,438,r3kb1r/pp2pppp/1qn2n2/3p1b2/2pP1B2/2P1PN2/PPQ2PPP/RN2KB1R w KQkq -,MODEL_PREDICTION_NOT_EMPIRICAL
LON-02,B2,1900,maia3-5m,4,g1f3,Nf3,0.032338257879018784,0.9884343789890409,0.5043124564545928,538,33,429,r3kb1r/pp2pppp/1qn2n2/3p1b2/2pP1B2/2P1PN2/PPQ2PPP/RN2KB1R w KQkq -,MODEL_PREDICTION_NOT_EMPIRICAL
LON-02,B2,1900,maia3-5m,5,f2f4,f4,0.01306967530399561,0.9884343789890409,0.5043124564545928,525,30,445,r3kb1r/pp2pppp/1qn2n2/3p1b2/2pP1B2/2P1PN2/PPQ2PPP/RN2KB1R w KQkq -,MODEL_PREDICTION_NOT_EMPIRICAL
LON-02,B2,1900,maia3-5m,6,b2b3,b3,0.011948314495384693,0.9884343789890409,0.5043124564545928,519,33,448,r3kb1r/pp2pppp/1qn2n2/3p1b2/2pP1B2/2P1PN2/PPQ2PPP/RN2KB1R w KQkq -,MODEL_PREDICTION_NOT_EMPIRICAL
LON-02,B2,1900,maia3-5m,7,g2g3,g3,0.01160159520804882,0.9884343789890409,0.5043124564545928,524,33,443,r3kb1r/pp2pppp/1qn2n2/3p1b2/2pP1B2/2P1PN2/PPQ2PPP/RN2KB1R w KQkq -,MODEL_PREDICTION_NOT_EMPIRICAL
LON-02,B2,1900,maia3-5m,8,e2e3,e3,0.010756749659776688,0.9884343789890409,0.5043124564545928,495,33,472,r3kb1r/pp2pppp/1qn2n2/3p1b2/2pP1B2/2P1PN2/PPQ2PPP/RN2KB1R w KQkq -,MODEL_PREDICTION_NOT_EMPIRICAL
LON-02,B2,1900,maia3-5m,9,b2b4,b4,0.0045842663384974,0.9884343789890409,0.5043124564545928,515,29,456,r3kb1r/pp2pppp/1qn2n2/3p1b2/2pP1B2/2P1PN2/PPQ2PPP/RN2KB1R w KQkq -,MODEL_PREDICTION_NOT_EMPIRICAL
LON-02,B2,1900,maia3-5m,10,d2d3,d3,0.0044794813729822636,0.9884343789890409,0.5043124564545928,505,34,461,r3kb1r/pp2pppp/1qn2n2/3p1b2/2pP1B2/2P1PN2/PPQ2PPP/RN2KB1R w KQkq -,MODEL_PREDICTION_NOT_EMPIRICAL
LON-02,B2,2100,maia3-5m,1,e2e4,e4,0.5395658612251282,0.9888081029057503,0.541373665859982,519,41,440,r3kb1r/pp2pppp/1qn2n2/3p1b2/2pP1B2/2P1PN2/PPQ2PPP/RN2KB1R w KQkq -,MODEL_PREDICTION_NOT_EMPIRICAL
LON-02,B2,2100,maia3-5m,2,d2d4,d4,0.2930448055267334,0.9888081029057503,0.541373665859982,527,44,429,r3kb1r/pp2pppp/1qn2n2/3p1b2/2pP1B2/2P1PN2/PPQ2PPP/RN2KB1R w KQkq -,MODEL_PREDICTION_NOT_EMPIRICAL
LON-02,B2,2100,maia3-5m,3,c2c4,c4,0.051827896386384964,0.9888081029057503,0.541373665859982,535,42,423,r3kb1r/pp2pppp/1qn2n2/3p1b2/2pP1B2/2P1PN2/PPQ2PPP/RN2KB1R w KQkq -,MODEL_PREDICTION_NOT_EMPIRICAL
LON-02,B2,2100,maia3-5m,4,g1f3,Nf3,0.05066932365298271,0.9888081029057503,0.541373665859982,542,42,416,r3kb1r/pp2pppp/1qn2n2/3p1b2/2pP1B2/2P1PN2/PPQ2PPP/RN2KB1R w KQkq -,MODEL_PREDICTION_NOT_EMPIRICAL
LON-02,B2,2100,maia3-5m,5,f2f4,f4,0.013551043346524239,0.9888081029057503,0.541373665859982,526,37,437,r3kb1r/pp2pppp/1qn2n2/3p1b2/2pP1B2/2P1PN2/PPQ2PPP/RN2KB1R w KQkq -,MODEL_PREDICTION_NOT_EMPIRICAL
LON-02,B2,2100,maia3-5m,6,b2b3,b3,0.01229612436145544,0.9888081029057503,0.541373665859982,527,41,432,r3kb1r/pp2pppp/1qn2n2/3p1b2/2pP1B2/2P1PN2/PPQ2PPP/RN2KB1R w KQkq -,MODEL_PREDICTION_NOT_EMPIRICAL
LON-02,B2,2100,maia3-5m,7,g2g3,g3,0.009896432980895042,0.9888081029057503,0.541373665859982,531,42,427,r3kb1r/pp2pppp/1qn2n2/3p1b2/2pP1B2/2P1PN2/PPQ2PPP/RN2KB1R w KQkq -,MODEL_PREDICTION_NOT_EMPIRICAL
LON-02,B2,2100,maia3-5m,8,e2e3,e3,0.007974912412464619,0.9888081029057503,0.541373665859982,497,42,461,r3kb1r/pp2pppp/1qn2n2/3p1b2/2pP1B2/2P1PN2/PPQ2PPP/RN2KB1R w KQkq -,MODEL_PREDICTION_NOT_EMPIRICAL
LON-02,B2,2100,maia3-5m,9,b1c3,Nc3,0.0054556746035814285,0.9888081029057503,0.541373665859982,552,39,409,r3kb1r/pp2pppp/1qn2n2/3p1b2/2pP1B2/2P1PN2/PPQ2PPP/RN2KB1R w KQkq -,MODEL_PREDICTION_NOT_EMPIRICAL
LON-02,B2,2100,maia3-5m,10,d2d3,d3,0.004526028409600258,0.9888081029057503,0.541373665859982,513,43,444,r3kb1r/pp2pppp/1qn2n2/3p1b2/2pP1B2/2P1PN2/PPQ2PPP/RN2KB1R w KQkq -,MODEL_PREDICTION_NOT_EMPIRICAL
LON-04,B2,1100,maia3-5m,1,e2e4,e4,0.6749164462089539,0.9871364636346698,0.4342553640682974,519,24,457,r3kb1r/pp2pppp/1qn2n2/3p1b2/3P1B2/2P2N2/PP3PPP/RNQ1KB1R w KQkq -,MODEL_PREDICTION_NOT_EMPIRICAL
LON-04,B2,1100,maia3-5m,2,d2d4,d4,0.21801438927650452,0.9871364636346698,0.4342553640682974,524,25,451,r3kb1r/pp2pppp/1qn2n2/3p1b2/3P1B2/2P2N2/PP3PPP/RNQ1KB1R w KQkq -,MODEL_PREDICTION_NOT_EMPIRICAL
LON-04,B2,1100,maia3-5m,3,e2e3,e3,0.022561196237802505,0.9871364636346698,0.4342553640682974,503,25,472,r3kb1r/pp2pppp/1qn2n2/3p1b2/3P1B2/2P2N2/PP3PPP/RNQ1KB1R w KQkq -,MODEL_PREDICTION_NOT_EMPIRICAL
LON-04,B2,1100,maia3-5m,4,g1f3,Nf3,0.0210112277418375,0.9871364636346698,0.4342553640682974,516,28,456,r3kb1r/pp2pppp/1qn2n2/3p1b2/3P1B2/2P2N2/PP3PPP/RNQ1KB1R w KQkq -,MODEL_PREDICTION_NOT_EMPIRICAL
LON-04,B2,1100,maia3-5m,5,c2c4,c4,0.016066906973719597,0.9871364636346698,0.4342553640682974,510,25,465,r3kb1r/pp2pppp/1qn2n2/3p1b2/3P1B2/2P2N2/PP3PPP/RNQ1KB1R w KQkq -,MODEL_PREDICTION_NOT_EMPIRICAL
LON-04,B2,1100,maia3-5m,6,g2g3,g3,0.011687462218105793,0.9871364636346698,0.4342553640682974,494,25,481,r3kb1r/pp2pppp/1qn2n2/3p1b2/3P1B2/2P2N2/PP3PPP/RNQ1KB1R w KQkq -,MODEL_PREDICTION_NOT_EMPIRICAL
LON-04,B2,1100,maia3-5m,7,b2b3,b3,0.007874177768826485,0.9871364636346698,0.4342553640682974,496,26,478,r3kb1r/pp2pppp/1qn2n2/3p1b2/3P1B2/2P2N2/PP3PPP/RNQ1KB1R w KQkq -,MODEL_PREDICTION_NOT_EMPIRICAL
LON-04,B2,1100,maia3-5m,8,d2d3,d3,0.005962725728750229,0.9871364636346698,0.4342553640682974,498,26,476,r3kb1r/pp2pppp/1qn2n2/3p1b2/3P1B2/2P2N2/PP3PPP/RNQ1KB1R w KQkq -,MODEL_PREDICTION_NOT_EMPIRICAL
LON-04,B2,1100,maia3-5m,9,b1c3,Nc3,0.00519427889958024,0.9871364636346698,0.4342553640682974,524,26,450,r3kb1r/pp2pppp/1qn2n2/3p1b2/3P1B2/2P2N2/PP3PPP/RNQ1KB1R w KQkq -,MODEL_PREDICTION_NOT_EMPIRICAL
LON-04,B2,1100,maia3-5m,10,f2f4,f4,0.003847652580589056,0.9871364636346698,0.4342553640682974,509,27,464,r3kb1r/pp2pppp/1qn2n2/3p1b2/3P1B2/2P2N2/PP3PPP/RNQ1KB1R w KQkq -,MODEL_PREDICTION_NOT_EMPIRICAL
LON-04,B2,1300,maia3-5m,1,e2e4,e4,0.6615840792655945,0.9876184498425573,0.44341396362140506,518,24,458,r3kb1r/pp2pppp/1qn2n2/3p1b2/3P1B2/2P2N2/PP3PPP/RNQ1KB1R w KQkq -,MODEL_PREDICTION_NOT_EMPIRICAL
LON-04,B2,1300,maia3-5m,2,d2d4,d4,0.2294148951768875,0.9876184498425573,0.44341396362140506,522,26,452,r3kb1r/pp2pppp/1qn2n2/3p1b2/3P1B2/2P2N2/PP3PPP/RNQ1KB1R w KQkq -,MODEL_PREDICTION_NOT_EMPIRICAL
LON-04,B2,1300,maia3-5m,3,g1f3,Nf3,0.02157282643020153,0.9876184498425573,0.44341396362140506,523,27,450,r3kb1r/pp2pppp/1qn2n2/3p1b2/3P1B2/2P2N2/PP3PPP/RNQ1KB1R w KQkq -,MODEL_PREDICTION_NOT_EMPIRICAL
LON-04,B2,1300,maia3-5m,4,c2c4,c4,0.020122205838561058,0.9876184498425573,0.44341396362140506,514,26,460,r3kb1r/pp2pppp/1qn2n2/3p1b2/3P1B2/2P2N2/PP3PPP/RNQ1KB1R w KQkq -,MODEL_PREDICTION_NOT_EMPIRICAL
LON-04,B2,1300,maia3-5m,5,e2e3,e3,0.019332410767674446,0.9876184498425573,0.44341396362140506,504,25,471,r3kb1r/pp2pppp/1qn2n2/3p1b2/3P1B2/2P2N2/PP3PPP/RNQ1KB1R w KQkq -,MODEL_PREDICTION_NOT_EMPIRICAL
LON-04,B2,1300,maia3-5m,6,g2g3,g3,0.012549953535199165,0.9876184498425573,0.44341396362140506,506,26,468,r3kb1r/pp2pppp/1qn2n2/3p1b2/3P1B2/2P2N2/PP3PPP/RNQ1KB1R w KQkq -,MODEL_PREDICTION_NOT_EMPIRICAL
LON-04,B2,1300,maia3-5m,7,b2b3,b3,0.009338651783764362,0.9876184498425573,0.44341396362140506,503,26,471,r3kb1r/pp2pppp/1qn2n2/3p1b2/3P1B2/2P2N2/PP3PPP/RNQ1KB1R w KQkq -,MODEL_PREDICTION_NOT_EMPIRICAL
LON-04,B2,1300,maia3-5m,8,d2d3,d3,0.005362409166991711,0.9876184498425573,0.44341396362140506,501,27,472,r3kb1r/pp2pppp/1qn2n2/3p1b2/3P1B2/2P2N2/PP3PPP/RNQ1KB1R w KQkq -,MODEL_PREDICTION_NOT_EMPIRICAL
LON-04,B2,1300,maia3-5m,9,f2f4,f4,0.004565780982375145,0.9876184498425573,0.44341396362140506,518,27,455,r3kb1r/pp2pppp/1qn2n2/3p1b2/3P1B2/2P2N2/PP3PPP/RNQ1KB1R w KQkq -,MODEL_PREDICTION_NOT_EMPIRICAL
LON-04,B2,1300,maia3-5m,10,b1c3,Nc3,0.0037752368953078985,0.9876184498425573,0.44341396362140506,529,25,446,r3kb1r/pp2pppp/1qn2n2/3p1b2/3P1B2/2P2N2/PP3PPP/RNQ1KB1R w KQkq -,MODEL_PREDICTION_NOT_EMPIRICAL
LON-04,B2,1500,maia3-5m,1,e2e4,e4,0.6428149938583374,0.98806171445176,0.4600856076991717,516,25,459,r3kb1r/pp2pppp/1qn2n2/3p1b2/3P1B2/2P2N2/PP3PPP/RNQ1KB1R w KQkq -,MODEL_PREDICTION_NOT_EMPIRICAL
LON-04,B2,1500,maia3-5m,2,d2d4,d4,0.2416517585515976,0.98806171445176,0.4600856076991717,521,27,452,r3kb1r/pp2pppp/1qn2n2/3p1b2/3P1B2/2P2N2/PP3PPP/RNQ1KB1R w KQkq -,MODEL_PREDICTION_NOT_EMPIRICAL
LON-04,B2,1500,maia3-5m,3,c2c4,c4,0.025009406730532646,0.98806171445176,0.4600856076991717,518,26,456,r3kb1r/pp2pppp/1qn2n2/3p1b2/3P1B2/2P2N2/PP3PPP/RNQ1KB1R w KQkq -,MODEL_PREDICTION_NOT_EMPIRICAL
LON-04,B2,1500,maia3-5m,4,g1f3,Nf3,0.022932549938559532,0.98806171445176,0.4600856076991717,528,27,445,r3kb1r/pp2pppp/1qn2n2/3p1b2/3P1B2/2P2N2/PP3PPP/RNQ1KB1R w KQkq -,MODEL_PREDICTION_NOT_EMPIRICAL
LON-04,B2,1500,maia3-5m,5,e2e3,e3,0.016669709235429764,0.98806171445176,0.4600856076991717,502,26,472,r3kb1r/pp2pppp/1qn2n2/3p1b2/3P1B2/2P2N2/PP3PPP/RNQ1KB1R w KQkq -,MODEL_PREDICTION_NOT_EMPIRICAL
LON-04,B2,1500,maia3-5m,6,g2g3,g3,0.013175034895539284,0.98806171445176,0.4600856076991717,516,27,457,r3kb1r/pp2pppp/1qn2n2/3p1b2/3P1B2/2P2N2/PP3PPP/RNQ1KB1R w KQkq -,MODEL_PREDICTION_NOT_EMPIRICAL
LON-04,B2,1500,maia3-5m,7,b2b3,b3,0.010849794372916222,0.98806171445176,0.4600856076991717,510,27,463,r3kb1r/pp2pppp/1qn2n2/3p1b2/3P1B2/2P2N2/PP3PPP/RNQ1KB1R w KQkq -,MODEL_PREDICTION_NOT_EMPIRICAL
LON-04,B2,1500,maia3-5m,8,f2f4,f4,0.0063391150906682014,0.98806171445176,0.4600856076991717,523,27,450,r3kb1r/pp2pppp/1qn2n2/3p1b2/3P1B2/2P2N2/PP3PPP/RNQ1KB1R w KQkq -,MODEL_PREDICTION_NOT_EMPIRICAL
LON-04,B2,1500,maia3-5m,9,d2d3,d3,0.004973711911588907,0.98806171445176,0.4600856076991717,504,28,468,r3kb1r/pp2pppp/1qn2n2/3p1b2/3P1B2/2P2N2/PP3PPP/RNQ1KB1R w KQkq -,MODEL_PREDICTION_NOT_EMPIRICAL
LON-04,B2,1500,maia3-5m,10,b2b4,b4,0.0036456398665905,0.98806171445176,0.4600856076991717,512,27,461,r3kb1r/pp2pppp/1qn2n2/3p1b2/3P1B2/2P2N2/PP3PPP/RNQ1KB1R w KQkq -,MODEL_PREDICTION_NOT_EMPIRICAL
LON-04,B2,1700,maia3-5m,1,e2e4,e4,0.6205705404281616,0.988658441696316,0.48012239459539624,513,27,460,r3kb1r/pp2pppp/1qn2n2/3p1b2/3P1B2/2P2N2/PP3PPP/RNQ1KB1R w KQkq -,MODEL_PREDICTION_NOT_EMPIRICAL
LON-04,B2,1700,maia3-5m,2,d2d4,d4,0.2547968029975891,0.988658441696316,0.48012239459539624,519,30,451,r3kb1r/pp2pppp/1qn2n2/3p1b2/3P1B2/2P2N2/PP3PPP/RNQ1KB1R w KQkq -,MODEL_PREDICTION_NOT_EMPIRICAL
LON-04,B2,1700,maia3-5m,3,c2c4,c4,0.030909236520528793,0.988658441696316,0.48012239459539624,524,29,447,r3kb1r/pp2pppp/1qn2n2/3p1b2/3P1B2/2P2N2/PP3PPP/RNQ1KB1R w KQkq -,MODEL_PREDICTION_NOT_EMPIRICAL
LON-04,B2,1700,maia3-5m,4,g1f3,Nf3,0.025549987331032753,0.988658441696316,0.48012239459539624,533,29,438,r3kb1r/pp2pppp/1qn2n2/3p1b2/3P1B2/2P2N2/PP3PPP/RNQ1KB1R w KQkq -,MODEL_PREDICTION_NOT_EMPIRICAL
LON-04,B2,1700,maia3-5m,5,e2e3,e3,0.013819748535752296,0.988658441696316,0.48012239459539624,498,29,473,r3kb1r/pp2pppp/1qn2n2/3p1b2/3P1B2/2P2N2/PP3PPP/RNQ1KB1R w KQkq -,MODEL_PREDICTION_NOT_EMPIRICAL
LON-04,B2,1700,maia3-5m,6,g2g3,g3,0.012876337394118309,0.988658441696316,0.48012239459539624,523,28,449,r3kb1r/pp2pppp/1qn2n2/3p1b2/3P1B2/2P2N2/PP3PPP/RNQ1KB1R w KQkq -,MODEL_PREDICTION_NOT_EMPIRICAL
LON-04,B2,1700,maia3-5m,7,b2b3,b3,0.01174180768430233,0.988658441696316,0.48012239459539624,516,29,455,r3kb1r/pp2pppp/1qn2n2/3p1b2/3P1B2/2P2N2/PP3PPP/RNQ1KB1R w KQkq -,MODEL_PREDICTION_NOT_EMPIRICAL
LON-04,B2,1700,maia3-5m,8,f2f4,f4,0.009360010735690594,0.988658441696316,0.48012239459539624,525,28,447,r3kb1r/pp2pppp/1qn2n2/3p1b2/3P1B2/2P2N2/PP3PPP/RNQ1KB1R w KQkq -,MODEL_PREDICTION_NOT_EMPIRICAL
LON-04,B2,1700,maia3-5m,9,d2d3,d3,0.004694441333413124,0.988658441696316,0.48012239459539624,505,30,465,r3kb1r/pp2pppp/1qn2n2/3p1b2/3P1B2/2P2N2/PP3PPP/RNQ1KB1R w KQkq -,MODEL_PREDICTION_NOT_EMPIRICAL
LON-04,B2,1700,maia3-5m,10,b2b4,b4,0.004339528735727072,0.988658441696316,0.48012239459539624,514,27,459,r3kb1r/pp2pppp/1qn2n2/3p1b2/3P1B2/2P2N2/PP3PPP/RNQ1KB1R w KQkq -,MODEL_PREDICTION_NOT_EMPIRICAL
LON-04,B2,1900,maia3-5m,1,e2e4,e4,0.5909685492515564,0.9884343789890409,0.5043124564545928,513,32,455,r3kb1r/pp2pppp/1qn2n2/3p1b2/3P1B2/2P2N2/PP3PPP/RNQ1KB1R w KQkq -,MODEL_PREDICTION_NOT_EMPIRICAL
LON-04,B2,1900,maia3-5m,2,d2d4,d4,0.2694249749183655,0.9884343789890409,0.5043124564545928,521,35,444,r3kb1r/pp2pppp/1qn2n2/3p1b2/3P1B2/2P2N2/PP3PPP/RNQ1KB1R w KQkq -,MODEL_PREDICTION_NOT_EMPIRICAL
LON-04,B2,1900,maia3-5m,3,c2c4,c4,0.03926251456141472,0.9884343789890409,0.5043124564545928,529,33,438,r3kb1r/pp2pppp/1qn2n2/3p1b2/3P1B2/2P2N2/PP3PPP/RNQ1KB1R w KQkq -,MODEL_PREDICTION_NOT_EMPIRICAL
LON-04,B2,1900,maia3-5m,4,g1f3,Nf3,0.032338257879018784,0.9884343789890409,0.5043124564545928,538,33,429,r3kb1r/pp2pppp/1qn2n2/3p1b2/3P1B2/2P2N2/PP3PPP/RNQ1KB1R w KQkq -,MODEL_PREDICTION_NOT_EMPIRICAL
LON-04,B2,1900,maia3-5m,5,f2f4,f4,0.01306967530399561,0.9884343789890409,0.5043124564545928,525,30,445,r3kb1r/pp2pppp/1qn2n2/3p1b2/3P1B2/2P2N2/PP3PPP/RNQ1KB1R w KQkq -,MODEL_PREDICTION_NOT_EMPIRICAL
LON-04,B2,1900,maia3-5m,6,b2b3,b3,0.011948314495384693,0.9884343789890409,0.5043124564545928,519,33,448,r3kb1r/pp2pppp/1qn2n2/3p1b2/3P1B2/2P2N2/PP3PPP/RNQ1KB1R w KQkq -,MODEL_PREDICTION_NOT_EMPIRICAL
LON-04,B2,1900,maia3-5m,7,g2g3,g3,0.01160159520804882,0.9884343789890409,0.5043124564545928,524,33,443,r3kb1r/pp2pppp/1qn2n2/3p1b2/3P1B2/2P2N2/PP3PPP/RNQ1KB1R w KQkq -,MODEL_PREDICTION_NOT_EMPIRICAL
LON-04,B2,1900,maia3-5m,8,e2e3,e3,0.010756749659776688,0.9884343789890409,0.5043124564545928,495,33,472,r3kb1r/pp2pppp/1qn2n2/3p1b2/3P1B2/2P2N2/PP3PPP/RNQ1KB1R w KQkq -,MODEL_PREDICTION_NOT_EMPIRICAL
LON-04,B2,1900,maia3-5m,9,b2b4,b4,0.0045842663384974,0.9884343789890409,0.5043124564545928,515,29,456,r3kb1r/pp2pppp/1qn2n2/3p1b2/3P1B2/2P2N2/PP3PPP/RNQ1KB1R w KQkq -,MODEL_PREDICTION_NOT_EMPIRICAL
LON-04,B2,1900,maia3-5m,10,d2d3,d3,0.0044794813729822636,0.9884343789890409,0.5043124564545928,505,34,461,r3kb1r/pp2pppp/1qn2n2/3p1b2/3P1B2/2P2N2/PP3PPP/RNQ1KB1R w KQkq -,MODEL_PREDICTION_NOT_EMPIRICAL
LON-04,B2,2100,maia3-5m,1,e2e4,e4,0.5395658612251282,0.9888081029057503,0.541373665859982,519,41,440,r3kb1r/pp2pppp/1qn2n2/3p1b2/3P1B2/2P2N2/PP3PPP/RNQ1KB1R w KQkq -,MODEL_PREDICTION_NOT_EMPIRICAL
LON-04,B2,2100,maia3-5m,2,d2d4,d4,0.2930448055267334,0.9888081029057503,0.541373665859982,527,44,429,r3kb1r/pp2pppp/1qn2n2/3p1b2/3P1B2/2P2N2/PP3PPP/RNQ1KB1R w KQkq -,MODEL_PREDICTION_NOT_EMPIRICAL
LON-04,B2,2100,maia3-5m,3,c2c4,c4,0.051827896386384964,0.9888081029057503,0.541373665859982,535,42,423,r3kb1r/pp2pppp/1qn2n2/3p1b2/3P1B2/2P2N2/PP3PPP/RNQ1KB1R w KQkq -,MODEL_PREDICTION_NOT_EMPIRICAL
LON-04,B2,2100,maia3-5m,4,g1f3,Nf3,0.05066932365298271,0.9888081029057503,0.541373665859982,542,42,416,r3kb1r/pp2pppp/1qn2n2/3p1b2/3P1B2/2P2N2/PP3PPP/RNQ1KB1R w KQkq -,MODEL_PREDICTION_NOT_EMPIRICAL
LON-04,B2,2100,maia3-5m,5,f2f4,f4,0.013551043346524239,0.9888081029057503,0.541373665859982,526,37,437,r3kb1r/pp2pppp/1qn2n2/3p1b2/3P1B2/2P2N2/PP3PPP/RNQ1KB1R w KQkq -,MODEL_PREDICTION_NOT_EMPIRICAL
LON-04,B2,2100,maia3-5m,6,b2b3,b3,0.01229612436145544,0.9888081029057503,0.541373665859982,527,41,432,r3kb1r/pp2pppp/1qn2n2/3p1b2/3P1B2/2P2N2/PP3PPP/RNQ1KB1R w KQkq -,MODEL_PREDICTION_NOT_EMPIRICAL
LON-04,B2,2100,maia3-5m,7,g2g3,g3,0.009896432980895042,0.9888081029057503,0.541373665859982,531,42,427,r3kb1r/pp2pppp/1qn2n2/3p1b2/3P1B2/2P2N2/PP3PPP/RNQ1KB1R w KQkq -,MODEL_PREDICTION_NOT_EMPIRICAL
LON-04,B2,2100,maia3-5m,8,e2e3,e3,0.007974912412464619,0.9888081029057503,0.541373665859982,497,42,461,r3kb1r/pp2pppp/1qn2n2/3p1b2/3P1B2/2P2N2/PP3PPP/RNQ1KB1R w KQkq -,MODEL_PREDICTION_NOT_EMPIRICAL
LON-04,B2,2100,maia3-5m,9,b1c3,Nc3,0.0054556746035814285,0.9888081029057503,0.541373665859982,552,39,409,r3kb1r/pp2pppp/1qn2n2/3p1b2/3P1B2/2P2N2/PP3PPP/RNQ1KB1R w KQkq -,MODEL_PREDICTION_NOT_EMPIRICAL
LON-04,B2,2100,maia3-5m,10,d2d3,d3,0.004526028409600258,0.9888081029057503,0.541373665859982,513,43,444,r3kb1r/pp2pppp/1qn2n2/3p1b2/3P1B2/2P2N2/PP3PPP/RNQ1KB1R w KQkq -,MODEL_PREDICTION_NOT_EMPIRICAL
LON-09,B2,1100,maia3-5m,1,e2e4,e4,0.6749164462089539,0.9871364636346698,0.4342553640682974,519,24,457,r3kb1r/pp2pppp/1qn2n2/2pp4/3P1Bb1/1PP1PN2/P4PPP/RN1QKB1R w KQkq -,MODEL_PREDICTION_NOT_EMPIRICAL
LON-09,B2,1100,maia3-5m,2,d2d4,d4,0.21801438927650452,0.9871364636346698,0.4342553640682974,524,25,451,r3kb1r/pp2pppp/1qn2n2/2pp4/3P1Bb1/1PP1PN2/P4PPP/RN1QKB1R w KQkq -,MODEL_PREDICTION_NOT_EMPIRICAL
LON-09,B2,1100,maia3-5m,3,e2e3,e3,0.022561196237802505,0.9871364636346698,0.4342553640682974,503,25,472,r3kb1r/pp2pppp/1qn2n2/2pp4/3P1Bb1/1PP1PN2/P4PPP/RN1QKB1R w KQkq -,MODEL_PREDICTION_NOT_EMPIRICAL
LON-09,B2,1100,maia3-5m,4,g1f3,Nf3,0.0210112277418375,0.9871364636346698,0.4342553640682974,516,28,456,r3kb1r/pp2pppp/1qn2n2/2pp4/3P1Bb1/1PP1PN2/P4PPP/RN1QKB1R w KQkq -,MODEL_PREDICTION_NOT_EMPIRICAL
LON-09,B2,1100,maia3-5m,5,c2c4,c4,0.016066906973719597,0.9871364636346698,0.4342553640682974,510,25,465,r3kb1r/pp2pppp/1qn2n2/2pp4/3P1Bb1/1PP1PN2/P4PPP/RN1QKB1R w KQkq -,MODEL_PREDICTION_NOT_EMPIRICAL
LON-09,B2,1100,maia3-5m,6,g2g3,g3,0.011687462218105793,0.9871364636346698,0.4342553640682974,494,25,481,r3kb1r/pp2pppp/1qn2n2/2pp4/3P1Bb1/1PP1PN2/P4PPP/RN1QKB1R w KQkq -,MODEL_PREDICTION_NOT_EMPIRICAL
LON-09,B2,1100,maia3-5m,7,b2b3,b3,0.007874177768826485,0.9871364636346698,0.4342553640682974,496,26,478,r3kb1r/pp2pppp/1qn2n2/2pp4/3P1Bb1/1PP1PN2/P4PPP/RN1QKB1R w KQkq -,MODEL_PREDICTION_NOT_EMPIRICAL
LON-09,B2,1100,maia3-5m,8,d2d3,d3,0.005962725728750229,0.9871364636346698,0.4342553640682974,498,26,476,r3kb1r/pp2pppp/1qn2n2/2pp4/3P1Bb1/1PP1PN2/P4PPP/RN1QKB1R w KQkq -,MODEL_PREDICTION_NOT_EMPIRICAL
LON-09,B2,1100,maia3-5m,9,b1c3,Nc3,0.00519427889958024,0.9871364636346698,0.4342553640682974,524,26,450,r3kb1r/pp2pppp/1qn2n2/2pp4/3P1Bb1/1PP1PN2/P4PPP/RN1QKB1R w KQkq -,MODEL_PREDICTION_NOT_EMPIRICAL
LON-09,B2,1100,maia3-5m,10,f2f4,f4,0.003847652580589056,0.9871364636346698,0.4342553640682974,509,27,464,r3kb1r/pp2pppp/1qn2n2/2pp4/3P1Bb1/1PP1PN2/P4PPP/RN1QKB1R w KQkq -,MODEL_PREDICTION_NOT_EMPIRICAL
LON-09,B2,1300,maia3-5m,1,e2e4,e4,0.6615840792655945,0.9876184498425573,0.44341396362140506,518,24,458,r3kb1r/pp2pppp/1qn2n2/2pp4/3P1Bb1/1PP1PN2/P4PPP/RN1QKB1R w KQkq -,MODEL_PREDICTION_NOT_EMPIRICAL
LON-09,B2,1300,maia3-5m,2,d2d4,d4,0.2294148951768875,0.9876184498425573,0.44341396362140506,522,26,452,r3kb1r/pp2pppp/1qn2n2/2pp4/3P1Bb1/1PP1PN2/P4PPP/RN1QKB1R w KQkq -,MODEL_PREDICTION_NOT_EMPIRICAL
LON-09,B2,1300,maia3-5m,3,g1f3,Nf3,0.02157282643020153,0.9876184498425573,0.44341396362140506,523,27,450,r3kb1r/pp2pppp/1qn2n2/2pp4/3P1Bb1/1PP1PN2/P4PPP/RN1QKB1R w KQkq -,MODEL_PREDICTION_NOT_EMPIRICAL
LON-09,B2,1300,maia3-5m,4,c2c4,c4,0.020122205838561058,0.9876184498425573,0.44341396362140506,514,26,460,r3kb1r/pp2pppp/1qn2n2/2pp4/3P1Bb1/1PP1PN2/P4PPP/RN1QKB1R w KQkq -,MODEL_PREDICTION_NOT_EMPIRICAL
LON-09,B2,1300,maia3-5m,5,e2e3,e3,0.019332410767674446,0.9876184498425573,0.44341396362140506,504,25,471,r3kb1r/pp2pppp/1qn2n2/2pp4/3P1Bb1/1PP1PN2/P4PPP/RN1QKB1R w KQkq -,MODEL_PREDICTION_NOT_EMPIRICAL
LON-09,B2,1300,maia3-5m,6,g2g3,g3,0.012549953535199165,0.9876184498425573,0.44341396362140506,506,26,468,r3kb1r/pp2pppp/1qn2n2/2pp4/3P1Bb1/1PP1PN2/P4PPP/RN1QKB1R w KQkq -,MODEL_PREDICTION_NOT_EMPIRICAL
LON-09,B2,1300,maia3-5m,7,b2b3,b3,0.009338651783764362,0.9876184498425573,0.44341396362140506,503,26,471,r3kb1r/pp2pppp/1qn2n2/2pp4/3P1Bb1/1PP1PN2/P4PPP/RN1QKB1R w KQkq -,MODEL_PREDICTION_NOT_EMPIRICAL
LON-09,B2,1300,maia3-5m,8,d2d3,d3,0.005362409166991711,0.9876184498425573,0.44341396362140506,501,27,472,r3kb1r/pp2pppp/1qn2n2/2pp4/3P1Bb1/1PP1PN2/P4PPP/RN1QKB1R w KQkq -,MODEL_PREDICTION_NOT_EMPIRICAL
LON-09,B2,1300,maia3-5m,9,f2f4,f4,0.004565780982375145,0.9876184498425573,0.44341396362140506,518,27,455,r3kb1r/pp2pppp/1qn2n2/2pp4/3P1Bb1/1PP1PN2/P4PPP/RN1QKB1R w KQkq -,MODEL_PREDICTION_NOT_EMPIRICAL
LON-09,B2,1300,maia3-5m,10,b1c3,Nc3,0.0037752368953078985,0.9876184498425573,0.44341396362140506,529,25,446,r3kb1r/pp2pppp/1qn2n2/2pp4/3P1Bb1/1PP1PN2/P4PPP/RN1QKB1R w KQkq -,MODEL_PREDICTION_NOT_EMPIRICAL
LON-09,B2,1500,maia3-5m,1,e2e4,e4,0.6428149938583374,0.98806171445176,0.4600856076991717,516,25,459,r3kb1r/pp2pppp/1qn2n2/2pp4/3P1Bb1/1PP1PN2/P4PPP/RN1QKB1R w KQkq -,MODEL_PREDICTION_NOT_EMPIRICAL
LON-09,B2,1500,maia3-5m,2,d2d4,d4,0.2416517585515976,0.98806171445176,0.4600856076991717,521,27,452,r3kb1r/pp2pppp/1qn2n2/2pp4/3P1Bb1/1PP1PN2/P4PPP/RN1QKB1R w KQkq -,MODEL_PREDICTION_NOT_EMPIRICAL
LON-09,B2,1500,maia3-5m,3,c2c4,c4,0.025009406730532646,0.98806171445176,0.4600856076991717,518,26,456,r3kb1r/pp2pppp/1qn2n2/2pp4/3P1Bb1/1PP1PN2/P4PPP/RN1QKB1R w KQkq -,MODEL_PREDICTION_NOT_EMPIRICAL
LON-09,B2,1500,maia3-5m,4,g1f3,Nf3,0.022932549938559532,0.98806171445176,0.4600856076991717,528,27,445,r3kb1r/pp2pppp/1qn2n2/2pp4/3P1Bb1/1PP1PN2/P4PPP/RN1QKB1R w KQkq -,MODEL_PREDICTION_NOT_EMPIRICAL
LON-09,B2,1500,maia3-5m,5,e2e3,e3,0.016669709235429764,0.98806171445176,0.4600856076991717,502,26,472,r3kb1r/pp2pppp/1qn2n2/2pp4/3P1Bb1/1PP1PN2/P4PPP/RN1QKB1R w KQkq -,MODEL_PREDICTION_NOT_EMPIRICAL
LON-09,B2,1500,maia3-5m,6,g2g3,g3,0.013175034895539284,0.98806171445176,0.4600856076991717,516,27,457,r3kb1r/pp2pppp/1qn2n2/2pp4/3P1Bb1/1PP1PN2/P4PPP/RN1QKB1R w KQkq -,MODEL_PREDICTION_NOT_EMPIRICAL
LON-09,B2,1500,maia3-5m,7,b2b3,b3,0.010849794372916222,0.98806171445176,0.4600856076991717,510,27,463,r3kb1r/pp2pppp/1qn2n2/2pp4/3P1Bb1/1PP1PN2/P4PPP/RN1QKB1R w KQkq -,MODEL_PREDICTION_NOT_EMPIRICAL
LON-09,B2,1500,maia3-5m,8,f2f4,f4,0.0063391150906682014,0.98806171445176,0.4600856076991717,523,27,450,r3kb1r/pp2pppp/1qn2n2/2pp4/3P1Bb1/1PP1PN2/P4PPP/RN1QKB1R w KQkq -,MODEL_PREDICTION_NOT_EMPIRICAL
LON-09,B2,1500,maia3-5m,9,d2d3,d3,0.004973711911588907,0.98806171445176,0.4600856076991717,504,28,468,r3kb1r/pp2pppp/1qn2n2/2pp4/3P1Bb1/1PP1PN2/P4PPP/RN1QKB1R w KQkq -,MODEL_PREDICTION_NOT_EMPIRICAL
LON-09,B2,1500,maia3-5m,10,b2b4,b4,0.0036456398665905,0.98806171445176,0.4600856076991717,512,27,461,r3kb1r/pp2pppp/1qn2n2/2pp4/3P1Bb1/1PP1PN2/P4PPP/RN1QKB1R w KQkq -,MODEL_PREDICTION_NOT_EMPIRICAL
LON-09,B2,1700,maia3-5m,1,e2e4,e4,0.6205705404281616,0.988658441696316,0.48012239459539624,513,27,460,r3kb1r/pp2pppp/1qn2n2/2pp4/3P1Bb1/1PP1PN2/P4PPP/RN1QKB1R w KQkq -,MODEL_PREDICTION_NOT_EMPIRICAL
LON-09,B2,1700,maia3-5m,2,d2d4,d4,0.2547968029975891,0.988658441696316,0.48012239459539624,519,30,451,r3kb1r/pp2pppp/1qn2n2/2pp4/3P1Bb1/1PP1PN2/P4PPP/RN1QKB1R w KQkq -,MODEL_PREDICTION_NOT_EMPIRICAL
LON-09,B2,1700,maia3-5m,3,c2c4,c4,0.030909236520528793,0.988658441696316,0.48012239459539624,524,29,447,r3kb1r/pp2pppp/1qn2n2/2pp4/3P1Bb1/1PP1PN2/P4PPP/RN1QKB1R w KQkq -,MODEL_PREDICTION_NOT_EMPIRICAL
LON-09,B2,1700,maia3-5m,4,g1f3,Nf3,0.025549987331032753,0.988658441696316,0.48012239459539624,533,29,438,r3kb1r/pp2pppp/1qn2n2/2pp4/3P1Bb1/1PP1PN2/P4PPP/RN1QKB1R w KQkq -,MODEL_PREDICTION_NOT_EMPIRICAL
LON-09,B2,1700,maia3-5m,5,e2e3,e3,0.013819748535752296,0.988658441696316,0.48012239459539624,498,29,473,r3kb1r/pp2pppp/1qn2n2/2pp4/3P1Bb1/1PP1PN2/P4PPP/RN1QKB1R w KQkq -,MODEL_PREDICTION_NOT_EMPIRICAL
LON-09,B2,1700,maia3-5m,6,g2g3,g3,0.012876337394118309,0.988658441696316,0.48012239459539624,523,28,449,r3kb1r/pp2pppp/1qn2n2/2pp4/3P1Bb1/1PP1PN2/P4PPP/RN1QKB1R w KQkq -,MODEL_PREDICTION_NOT_EMPIRICAL
LON-09,B2,1700,maia3-5m,7,b2b3,b3,0.01174180768430233,0.988658441696316,0.48012239459539624,516,29,455,r3kb1r/pp2pppp/1qn2n2/2pp4/3P1Bb1/1PP1PN2/P4PPP/RN1QKB1R w KQkq -,MODEL_PREDICTION_NOT_EMPIRICAL
LON-09,B2,1700,maia3-5m,8,f2f4,f4,0.009360010735690594,0.988658441696316,0.48012239459539624,525,28,447,r3kb1r/pp2pppp/1qn2n2/2pp4/3P1Bb1/1PP1PN2/P4PPP/RN1QKB1R w KQkq -,MODEL_PREDICTION_NOT_EMPIRICAL
LON-09,B2,1700,maia3-5m,9,d2d3,d3,0.004694441333413124,0.988658441696316,0.48012239459539624,505,30,465,r3kb1r/pp2pppp/1qn2n2/2pp4/3P1Bb1/1PP1PN2/P4PPP/RN1QKB1R w KQkq -,MODEL_PREDICTION_NOT_EMPIRICAL
LON-09,B2,1700,maia3-5m,10,b2b4,b4,0.004339528735727072,0.988658441696316,0.48012239459539624,514,27,459,r3kb1r/pp2pppp/1qn2n2/2pp4/3P1Bb1/1PP1PN2/P4PPP/RN1QKB1R w KQkq -,MODEL_PREDICTION_NOT_EMPIRICAL
LON-09,B2,1900,maia3-5m,1,e2e4,e4,0.5909685492515564,0.9884343789890409,0.5043124564545928,513,32,455,r3kb1r/pp2pppp/1qn2n2/2pp4/3P1Bb1/1PP1PN2/P4PPP/RN1QKB1R w KQkq -,MODEL_PREDICTION_NOT_EMPIRICAL
LON-09,B2,1900,maia3-5m,2,d2d4,d4,0.2694249749183655,0.9884343789890409,0.5043124564545928,521,35,444,r3kb1r/pp2pppp/1qn2n2/2pp4/3P1Bb1/1PP1PN2/P4PPP/RN1QKB1R w KQkq -,MODEL_PREDICTION_NOT_EMPIRICAL
LON-09,B2,1900,maia3-5m,3,c2c4,c4,0.03926251456141472,0.9884343789890409,0.5043124564545928,529,33,438,r3kb1r/pp2pppp/1qn2n2/2pp4/3P1Bb1/1PP1PN2/P4PPP/RN1QKB1R w KQkq -,MODEL_PREDICTION_NOT_EMPIRICAL
LON-09,B2,1900,maia3-5m,4,g1f3,Nf3,0.032338257879018784,0.9884343789890409,0.5043124564545928,538,33,429,r3kb1r/pp2pppp/1qn2n2/2pp4/3P1Bb1/1PP1PN2/P4PPP/RN1QKB1R w KQkq -,MODEL_PREDICTION_NOT_EMPIRICAL
LON-09,B2,1900,maia3-5m,5,f2f4,f4,0.01306967530399561,0.9884343789890409,0.5043124564545928,525,30,445,r3kb1r/pp2pppp/1qn2n2/2pp4/3P1Bb1/1PP1PN2/P4PPP/RN1QKB1R w KQkq -,MODEL_PREDICTION_NOT_EMPIRICAL
LON-09,B2,1900,maia3-5m,6,b2b3,b3,0.011948314495384693,0.9884343789890409,0.5043124564545928,519,33,448,r3kb1r/pp2pppp/1qn2n2/2pp4/3P1Bb1/1PP1PN2/P4PPP/RN1QKB1R w KQkq -,MODEL_PREDICTION_NOT_EMPIRICAL
LON-09,B2,1900,maia3-5m,7,g2g3,g3,0.01160159520804882,0.9884343789890409,0.5043124564545928,524,33,443,r3kb1r/pp2pppp/1qn2n2/2pp4/3P1Bb1/1PP1PN2/P4PPP/RN1QKB1R w KQkq -,MODEL_PREDICTION_NOT_EMPIRICAL
LON-09,B2,1900,maia3-5m,8,e2e3,e3,0.010756749659776688,0.9884343789890409,0.5043124564545928,495,33,472,r3kb1r/pp2pppp/1qn2n2/2pp4/3P1Bb1/1PP1PN2/P4PPP/RN1QKB1R w KQkq -,MODEL_PREDICTION_NOT_EMPIRICAL
LON-09,B2,1900,maia3-5m,9,b2b4,b4,0.0045842663384974,0.9884343789890409,0.5043124564545928,515,29,456,r3kb1r/pp2pppp/1qn2n2/2pp4/3P1Bb1/1PP1PN2/P4PPP/RN1QKB1R w KQkq -,MODEL_PREDICTION_NOT_EMPIRICAL
LON-09,B2,1900,maia3-5m,10,d2d3,d3,0.0044794813729822636,0.9884343789890409,0.5043124564545928,505,34,461,r3kb1r/pp2pppp/1qn2n2/2pp4/3P1Bb1/1PP1PN2/P4PPP/RN1QKB1R w KQkq -,MODEL_PREDICTION_NOT_EMPIRICAL
LON-09,B2,2100,maia3-5m,1,e2e4,e4,0.5395658612251282,0.9888081029057503,0.541373665859982,519,41,440,r3kb1r/pp2pppp/1qn2n2/2pp4/3P1Bb1/1PP1PN2/P4PPP/RN1QKB1R w KQkq -,MODEL_PREDICTION_NOT_EMPIRICAL
LON-09,B2,2100,maia3-5m,2,d2d4,d4,0.2930448055267334,0.9888081029057503,0.541373665859982,527,44,429,r3kb1r/pp2pppp/1qn2n2/2pp4/3P1Bb1/1PP1PN2/P4PPP/RN1QKB1R w KQkq -,MODEL_PREDICTION_NOT_EMPIRICAL
LON-09,B2,2100,maia3-5m,3,c2c4,c4,0.051827896386384964,0.9888081029057503,0.541373665859982,535,42,423,r3kb1r/pp2pppp/1qn2n2/2pp4/3P1Bb1/1PP1PN2/P4PPP/RN1QKB1R w KQkq -,MODEL_PREDICTION_NOT_EMPIRICAL
LON-09,B2,2100,maia3-5m,4,g1f3,Nf3,0.05066932365298271,0.9888081029057503,0.541373665859982,542,42,416,r3kb1r/pp2pppp/1qn2n2/2pp4/3P1Bb1/1PP1PN2/P4PPP/RN1QKB1R w KQkq -,MODEL_PREDICTION_NOT_EMPIRICAL
LON-09,B2,2100,maia3-5m,5,f2f4,f4,0.013551043346524239,0.9888081029057503,0.541373665859982,526,37,437,r3kb1r/pp2pppp/1qn2n2/2pp4/3P1Bb1/1PP1PN2/P4PPP/RN1QKB1R w KQkq -,MODEL_PREDICTION_NOT_EMPIRICAL
LON-09,B2,2100,maia3-5m,6,b2b3,b3,0.01229612436145544,0.9888081029057503,0.541373665859982,527,41,432,r3kb1r/pp2pppp/1qn2n2/2pp4/3P1Bb1/1PP1PN2/P4PPP/RN1QKB1R w KQkq -,MODEL_PREDICTION_NOT_EMPIRICAL
LON-09,B2,2100,maia3-5m,7,g2g3,g3,0.009896432980895042,0.9888081029057503,0.541373665859982,531,42,427,r3kb1r/pp2pppp/1qn2n2/2pp4/3P1Bb1/1PP1PN2/P4PPP/RN1QKB1R w KQkq -,MODEL_PREDICTION_NOT_EMPIRICAL
LON-09,B2,2100,maia3-5m,8,e2e3,e3,0.007974912412464619,0.9888081029057503,0.541373665859982,497,42,461,r3kb1r/pp2pppp/1qn2n2/2pp4/3P1Bb1/1PP1PN2/P4PPP/RN1QKB1R w KQkq -,MODEL_PREDICTION_NOT_EMPIRICAL
LON-09,B2,2100,maia3-5m,9,b1c3,Nc3,0.0054556746035814285,0.9888081029057503,0.541373665859982,552,39,409,r3kb1r/pp2pppp/1qn2n2/2pp4/3P1Bb1/1PP1PN2/P4PPP/RN1QKB1R w KQkq -,MODEL_PREDICTION_NOT_EMPIRICAL
LON-09,B2,2100,maia3-5m,10,d2d3,d3,0.004526028409600258,0.9888081029057503,0.541373665859982,513,43,444,r3kb1r/pp2pppp/1qn2n2/2pp4/3P1Bb1/1PP1PN2/P4PPP/RN1QKB1R w KQkq -,MODEL_PREDICTION_NOT_EMPIRICAL
JOB-12,B2,1100,maia3-5m,1,e2e4,e4,0.6749164462089539,0.9871364636346698,0.4342553640682974,519,24,457,rnb1kb1r/pp2pppp/1q3n2/2pp4/3P1B2/8/PPP1PPPP/RN1QKBNR w KQkq -,MODEL_PREDICTION_NOT_EMPIRICAL
JOB-12,B2,1100,maia3-5m,2,d2d4,d4,0.21801438927650452,0.9871364636346698,0.4342553640682974,524,25,451,rnb1kb1r/pp2pppp/1q3n2/2pp4/3P1B2/8/PPP1PPPP/RN1QKBNR w KQkq -,MODEL_PREDICTION_NOT_EMPIRICAL
JOB-12,B2,1100,maia3-5m,3,e2e3,e3,0.022561196237802505,0.9871364636346698,0.4342553640682974,503,25,472,rnb1kb1r/pp2pppp/1q3n2/2pp4/3P1B2/8/PPP1PPPP/RN1QKBNR w KQkq -,MODEL_PREDICTION_NOT_EMPIRICAL
JOB-12,B2,1100,maia3-5m,4,g1f3,Nf3,0.0210112277418375,0.9871364636346698,0.4342553640682974,516,28,456,rnb1kb1r/pp2pppp/1q3n2/2pp4/3P1B2/8/PPP1PPPP/RN1QKBNR w KQkq -,MODEL_PREDICTION_NOT_EMPIRICAL
JOB-12,B2,1100,maia3-5m,5,c2c4,c4,0.016066906973719597,0.9871364636346698,0.4342553640682974,510,25,465,rnb1kb1r/pp2pppp/1q3n2/2pp4/3P1B2/8/PPP1PPPP/RN1QKBNR w KQkq -,MODEL_PREDICTION_NOT_EMPIRICAL
JOB-12,B2,1100,maia3-5m,6,g2g3,g3,0.011687462218105793,0.9871364636346698,0.4342553640682974,494,25,481,rnb1kb1r/pp2pppp/1q3n2/2pp4/3P1B2/8/PPP1PPPP/RN1QKBNR w KQkq -,MODEL_PREDICTION_NOT_EMPIRICAL
JOB-12,B2,1100,maia3-5m,7,b2b3,b3,0.007874177768826485,0.9871364636346698,0.4342553640682974,496,26,478,rnb1kb1r/pp2pppp/1q3n2/2pp4/3P1B2/8/PPP1PPPP/RN1QKBNR w KQkq -,MODEL_PREDICTION_NOT_EMPIRICAL
JOB-12,B2,1100,maia3-5m,8,d2d3,d3,0.005962725728750229,0.9871364636346698,0.4342553640682974,498,26,476,rnb1kb1r/pp2pppp/1q3n2/2pp4/3P1B2/8/PPP1PPPP/RN1QKBNR w KQkq -,MODEL_PREDICTION_NOT_EMPIRICAL
JOB-12,B2,1100,maia3-5m,9,b1c3,Nc3,0.00519427889958024,0.9871364636346698,0.4342553640682974,524,26,450,rnb1kb1r/pp2pppp/1q3n2/2pp4/3P1B2/8/PPP1PPPP/RN1QKBNR w KQkq -,MODEL_PREDICTION_NOT_EMPIRICAL
JOB-12,B2,1100,maia3-5m,10,f2f4,f4,0.003847652580589056,0.9871364636346698,0.4342553640682974,509,27,464,rnb1kb1r/pp2pppp/1q3n2/2pp4/3P1B2/8/PPP1PPPP/RN1QKBNR w KQkq -,MODEL_PREDICTION_NOT_EMPIRICAL
JOB-12,B2,1300,maia3-5m,1,e2e4,e4,0.6615840792655945,0.9876184498425573,0.44341396362140506,518,24,458,rnb1kb1r/pp2pppp/1q3n2/2pp4/3P1B2/8/PPP1PPPP/RN1QKBNR w KQkq -,MODEL_PREDICTION_NOT_EMPIRICAL
JOB-12,B2,1300,maia3-5m,2,d2d4,d4,0.2294148951768875,0.9876184498425573,0.44341396362140506,522,26,452,rnb1kb1r/pp2pppp/1q3n2/2pp4/3P1B2/8/PPP1PPPP/RN1QKBNR w KQkq -,MODEL_PREDICTION_NOT_EMPIRICAL
JOB-12,B2,1300,maia3-5m,3,g1f3,Nf3,0.02157282643020153,0.9876184498425573,0.44341396362140506,523,27,450,rnb1kb1r/pp2pppp/1q3n2/2pp4/3P1B2/8/PPP1PPPP/RN1QKBNR w KQkq -,MODEL_PREDICTION_NOT_EMPIRICAL
JOB-12,B2,1300,maia3-5m,4,c2c4,c4,0.020122205838561058,0.9876184498425573,0.44341396362140506,514,26,460,rnb1kb1r/pp2pppp/1q3n2/2pp4/3P1B2/8/PPP1PPPP/RN1QKBNR w KQkq -,MODEL_PREDICTION_NOT_EMPIRICAL
JOB-12,B2,1300,maia3-5m,5,e2e3,e3,0.019332410767674446,0.9876184498425573,0.44341396362140506,504,25,471,rnb1kb1r/pp2pppp/1q3n2/2pp4/3P1B2/8/PPP1PPPP/RN1QKBNR w KQkq -,MODEL_PREDICTION_NOT_EMPIRICAL
JOB-12,B2,1300,maia3-5m,6,g2g3,g3,0.012549953535199165,0.9876184498425573,0.44341396362140506,506,26,468,rnb1kb1r/pp2pppp/1q3n2/2pp4/3P1B2/8/PPP1PPPP/RN1QKBNR w KQkq -,MODEL_PREDICTION_NOT_EMPIRICAL
JOB-12,B2,1300,maia3-5m,7,b2b3,b3,0.009338651783764362,0.9876184498425573,0.44341396362140506,503,26,471,rnb1kb1r/pp2pppp/1q3n2/2pp4/3P1B2/8/PPP1PPPP/RN1QKBNR w KQkq -,MODEL_PREDICTION_NOT_EMPIRICAL
JOB-12,B2,1300,maia3-5m,8,d2d3,d3,0.005362409166991711,0.9876184498425573,0.44341396362140506,501,27,472,rnb1kb1r/pp2pppp/1q3n2/2pp4/3P1B2/8/PPP1PPPP/RN1QKBNR w KQkq -,MODEL_PREDICTION_NOT_EMPIRICAL
JOB-12,B2,1300,maia3-5m,9,f2f4,f4,0.004565780982375145,0.9876184498425573,0.44341396362140506,518,27,455,rnb1kb1r/pp2pppp/1q3n2/2pp4/3P1B2/8/PPP1PPPP/RN1QKBNR w KQkq -,MODEL_PREDICTION_NOT_EMPIRICAL
JOB-12,B2,1300,maia3-5m,10,b1c3,Nc3,0.0037752368953078985,0.9876184498425573,0.44341396362140506,529,25,446,rnb1kb1r/pp2pppp/1q3n2/2pp4/3P1B2/8/PPP1PPPP/RN1QKBNR w KQkq -,MODEL_PREDICTION_NOT_EMPIRICAL
JOB-12,B2,1500,maia3-5m,1,e2e4,e4,0.6428149938583374,0.98806171445176,0.4600856076991717,516,25,459,rnb1kb1r/pp2pppp/1q3n2/2pp4/3P1B2/8/PPP1PPPP/RN1QKBNR w KQkq -,MODEL_PREDICTION_NOT_EMPIRICAL
JOB-12,B2,1500,maia3-5m,2,d2d4,d4,0.2416517585515976,0.98806171445176,0.4600856076991717,521,27,452,rnb1kb1r/pp2pppp/1q3n2/2pp4/3P1B2/8/PPP1PPPP/RN1QKBNR w KQkq -,MODEL_PREDICTION_NOT_EMPIRICAL
JOB-12,B2,1500,maia3-5m,3,c2c4,c4,0.025009406730532646,0.98806171445176,0.4600856076991717,518,26,456,rnb1kb1r/pp2pppp/1q3n2/2pp4/3P1B2/8/PPP1PPPP/RN1QKBNR w KQkq -,MODEL_PREDICTION_NOT_EMPIRICAL
JOB-12,B2,1500,maia3-5m,4,g1f3,Nf3,0.022932549938559532,0.98806171445176,0.4600856076991717,528,27,445,rnb1kb1r/pp2pppp/1q3n2/2pp4/3P1B2/8/PPP1PPPP/RN1QKBNR w KQkq -,MODEL_PREDICTION_NOT_EMPIRICAL
JOB-12,B2,1500,maia3-5m,5,e2e3,e3,0.016669709235429764,0.98806171445176,0.4600856076991717,502,26,472,rnb1kb1r/pp2pppp/1q3n2/2pp4/3P1B2/8/PPP1PPPP/RN1QKBNR w KQkq -,MODEL_PREDICTION_NOT_EMPIRICAL
JOB-12,B2,1500,maia3-5m,6,g2g3,g3,0.013175034895539284,0.98806171445176,0.4600856076991717,516,27,457,rnb1kb1r/pp2pppp/1q3n2/2pp4/3P1B2/8/PPP1PPPP/RN1QKBNR w KQkq -,MODEL_PREDICTION_NOT_EMPIRICAL
JOB-12,B2,1500,maia3-5m,7,b2b3,b3,0.010849794372916222,0.98806171445176,0.4600856076991717,510,27,463,rnb1kb1r/pp2pppp/1q3n2/2pp4/3P1B2/8/PPP1PPPP/RN1QKBNR w KQkq -,MODEL_PREDICTION_NOT_EMPIRICAL
JOB-12,B2,1500,maia3-5m,8,f2f4,f4,0.0063391150906682014,0.98806171445176,0.4600856076991717,523,27,450,rnb1kb1r/pp2pppp/1q3n2/2pp4/3P1B2/8/PPP1PPPP/RN1QKBNR w KQkq -,MODEL_PREDICTION_NOT_EMPIRICAL
JOB-12,B2,1500,maia3-5m,9,d2d3,d3,0.004973711911588907,0.98806171445176,0.4600856076991717,504,28,468,rnb1kb1r/pp2pppp/1q3n2/2pp4/3P1B2/8/PPP1PPPP/RN1QKBNR w KQkq -,MODEL_PREDICTION_NOT_EMPIRICAL
JOB-12,B2,1500,maia3-5m,10,b2b4,b4,0.0036456398665905,0.98806171445176,0.4600856076991717,512,27,461,rnb1kb1r/pp2pppp/1q3n2/2pp4/3P1B2/8/PPP1PPPP/RN1QKBNR w KQkq -,MODEL_PREDICTION_NOT_EMPIRICAL
JOB-12,B2,1700,maia3-5m,1,e2e4,e4,0.6205705404281616,0.988658441696316,0.48012239459539624,513,27,460,rnb1kb1r/pp2pppp/1q3n2/2pp4/3P1B2/8/PPP1PPPP/RN1QKBNR w KQkq -,MODEL_PREDICTION_NOT_EMPIRICAL
JOB-12,B2,1700,maia3-5m,2,d2d4,d4,0.2547968029975891,0.988658441696316,0.48012239459539624,519,30,451,rnb1kb1r/pp2pppp/1q3n2/2pp4/3P1B2/8/PPP1PPPP/RN1QKBNR w KQkq -,MODEL_PREDICTION_NOT_EMPIRICAL
JOB-12,B2,1700,maia3-5m,3,c2c4,c4,0.030909236520528793,0.988658441696316,0.48012239459539624,524,29,447,rnb1kb1r/pp2pppp/1q3n2/2pp4/3P1B2/8/PPP1PPPP/RN1QKBNR w KQkq -,MODEL_PREDICTION_NOT_EMPIRICAL
JOB-12,B2,1700,maia3-5m,4,g1f3,Nf3,0.025549987331032753,0.988658441696316,0.48012239459539624,533,29,438,rnb1kb1r/pp2pppp/1q3n2/2pp4/3P1B2/8/PPP1PPPP/RN1QKBNR w KQkq -,MODEL_PREDICTION_NOT_EMPIRICAL
JOB-12,B2,1700,maia3-5m,5,e2e3,e3,0.013819748535752296,0.988658441696316,0.48012239459539624,498,29,473,rnb1kb1r/pp2pppp/1q3n2/2pp4/3P1B2/8/PPP1PPPP/RN1QKBNR w KQkq -,MODEL_PREDICTION_NOT_EMPIRICAL
JOB-12,B2,1700,maia3-5m,6,g2g3,g3,0.012876337394118309,0.988658441696316,0.48012239459539624,523,28,449,rnb1kb1r/pp2pppp/1q3n2/2pp4/3P1B2/8/PPP1PPPP/RN1QKBNR w KQkq -,MODEL_PREDICTION_NOT_EMPIRICAL
JOB-12,B2,1700,maia3-5m,7,b2b3,b3,0.01174180768430233,0.988658441696316,0.48012239459539624,516,29,455,rnb1kb1r/pp2pppp/1q3n2/2pp4/3P1B2/8/PPP1PPPP/RN1QKBNR w KQkq -,MODEL_PREDICTION_NOT_EMPIRICAL
JOB-12,B2,1700,maia3-5m,8,f2f4,f4,0.009360010735690594,0.988658441696316,0.48012239459539624,525,28,447,rnb1kb1r/pp2pppp/1q3n2/2pp4/3P1B2/8/PPP1PPPP/RN1QKBNR w KQkq -,MODEL_PREDICTION_NOT_EMPIRICAL
JOB-12,B2,1700,maia3-5m,9,d2d3,d3,0.004694441333413124,0.988658441696316,0.48012239459539624,505,30,465,rnb1kb1r/pp2pppp/1q3n2/2pp4/3P1B2/8/PPP1PPPP/RN1QKBNR w KQkq -,MODEL_PREDICTION_NOT_EMPIRICAL
JOB-12,B2,1700,maia3-5m,10,b2b4,b4,0.004339528735727072,0.988658441696316,0.48012239459539624,514,27,459,rnb1kb1r/pp2pppp/1q3n2/2pp4/3P1B2/8/PPP1PPPP/RN1QKBNR w KQkq -,MODEL_PREDICTION_NOT_EMPIRICAL
JOB-12,B2,1900,maia3-5m,1,e2e4,e4,0.5909685492515564,0.9884343789890409,0.5043124564545928,513,32,455,rnb1kb1r/pp2pppp/1q3n2/2pp4/3P1B2/8/PPP1PPPP/RN1QKBNR w KQkq -,MODEL_PREDICTION_NOT_EMPIRICAL
JOB-12,B2,1900,maia3-5m,2,d2d4,d4,0.2694249749183655,0.9884343789890409,0.5043124564545928,521,35,444,rnb1kb1r/pp2pppp/1q3n2/2pp4/3P1B2/8/PPP1PPPP/RN1QKBNR w KQkq -,MODEL_PREDICTION_NOT_EMPIRICAL
JOB-12,B2,1900,maia3-5m,3,c2c4,c4,0.03926251456141472,0.9884343789890409,0.5043124564545928,529,33,438,rnb1kb1r/pp2pppp/1q3n2/2pp4/3P1B2/8/PPP1PPPP/RN1QKBNR w KQkq -,MODEL_PREDICTION_NOT_EMPIRICAL
JOB-12,B2,1900,maia3-5m,4,g1f3,Nf3,0.032338257879018784,0.9884343789890409,0.5043124564545928,538,33,429,rnb1kb1r/pp2pppp/1q3n2/2pp4/3P1B2/8/PPP1PPPP/RN1QKBNR w KQkq -,MODEL_PREDICTION_NOT_EMPIRICAL
JOB-12,B2,1900,maia3-5m,5,f2f4,f4,0.01306967530399561,0.9884343789890409,0.5043124564545928,525,30,445,rnb1kb1r/pp2pppp/1q3n2/2pp4/3P1B2/8/PPP1PPPP/RN1QKBNR w KQkq -,MODEL_PREDICTION_NOT_EMPIRICAL
JOB-12,B2,1900,maia3-5m,6,b2b3,b3,0.011948314495384693,0.9884343789890409,0.5043124564545928,519,33,448,rnb1kb1r/pp2pppp/1q3n2/2pp4/3P1B2/8/PPP1PPPP/RN1QKBNR w KQkq -,MODEL_PREDICTION_NOT_EMPIRICAL
JOB-12,B2,1900,maia3-5m,7,g2g3,g3,0.01160159520804882,0.9884343789890409,0.5043124564545928,524,33,443,rnb1kb1r/pp2pppp/1q3n2/2pp4/3P1B2/8/PPP1PPPP/RN1QKBNR w KQkq -,MODEL_PREDICTION_NOT_EMPIRICAL
JOB-12,B2,1900,maia3-5m,8,e2e3,e3,0.010756749659776688,0.9884343789890409,0.5043124564545928,495,33,472,rnb1kb1r/pp2pppp/1q3n2/2pp4/3P1B2/8/PPP1PPPP/RN1QKBNR w KQkq -,MODEL_PREDICTION_NOT_EMPIRICAL
JOB-12,B2,1900,maia3-5m,9,b2b4,b4,0.0045842663384974,0.9884343789890409,0.5043124564545928,515,29,456,rnb1kb1r/pp2pppp/1q3n2/2pp4/3P1B2/8/PPP1PPPP/RN1QKBNR w KQkq -,MODEL_PREDICTION_NOT_EMPIRICAL
JOB-12,B2,1900,maia3-5m,10,d2d3,d3,0.0044794813729822636,0.9884343789890409,0.5043124564545928,505,34,461,rnb1kb1r/pp2pppp/1q3n2/2pp4/3P1B2/8/PPP1PPPP/RN1QKBNR w KQkq -,MODEL_PREDICTION_NOT_EMPIRICAL
JOB-12,B2,2100,maia3-5m,1,e2e4,e4,0.5395658612251282,0.9888081029057503,0.541373665859982,519,41,440,rnb1kb1r/pp2pppp/1q3n2/2pp4/3P1B2/8/PPP1PPPP/RN1QKBNR w KQkq -,MODEL_PREDICTION_NOT_EMPIRICAL
JOB-12,B2,2100,maia3-5m,2,d2d4,d4,0.2930448055267334,0.9888081029057503,0.541373665859982,527,44,429,rnb1kb1r/pp2pppp/1q3n2/2pp4/3P1B2/8/PPP1PPPP/RN1QKBNR w KQkq -,MODEL_PREDICTION_NOT_EMPIRICAL
JOB-12,B2,2100,maia3-5m,3,c2c4,c4,0.051827896386384964,0.9888081029057503,0.541373665859982,535,42,423,rnb1kb1r/pp2pppp/1q3n2/2pp4/3P1B2/8/PPP1PPPP/RN1QKBNR w KQkq -,MODEL_PREDICTION_NOT_EMPIRICAL
JOB-12,B2,2100,maia3-5m,4,g1f3,Nf3,0.05066932365298271,0.9888081029057503,0.541373665859982,542,42,416,rnb1kb1r/pp2pppp/1q3n2/2pp4/3P1B2/8/PPP1PPPP/RN1QKBNR w KQkq -,MODEL_PREDICTION_NOT_EMPIRICAL
JOB-12,B2,2100,maia3-5m,5,f2f4,f4,0.013551043346524239,0.9888081029057503,0.541373665859982,526,37,437,rnb1kb1r/pp2pppp/1q3n2/2pp4/3P1B2/8/PPP1PPPP/RN1QKBNR w KQkq -,MODEL_PREDICTION_NOT_EMPIRICAL
JOB-12,B2,2100,maia3-5m,6,b2b3,b3,0.01229612436145544,0.9888081029057503,0.541373665859982,527,41,432,rnb1kb1r/pp2pppp/1q3n2/2pp4/3P1B2/8/PPP1PPPP/RN1QKBNR w KQkq -,MODEL_PREDICTION_NOT_EMPIRICAL
JOB-12,B2,2100,maia3-5m,7,g2g3,g3,0.009896432980895042,0.9888081029057503,0.541373665859982,531,42,427,rnb1kb1r/pp2pppp/1q3n2/2pp4/3P1B2/8/PPP1PPPP/RN1QKBNR w KQkq -,MODEL_PREDICTION_NOT_EMPIRICAL
JOB-12,B2,2100,maia3-5m,8,e2e3,e3,0.007974912412464619,0.9888081029057503,0.541373665859982,497,42,461,rnb1kb1r/pp2pppp/1q3n2/2pp4/3P1B2/8/PPP1PPPP/RN1QKBNR w KQkq -,MODEL_PREDICTION_NOT_EMPIRICAL
JOB-12,B2,2100,maia3-5m,9,b1c3,Nc3,0.0054556746035814285,0.9888081029057503,0.541373665859982,552,39,409,rnb1kb1r/pp2pppp/1q3n2/2pp4/3P1B2/8/PPP1PPPP/RN1QKBNR w KQkq -,MODEL_PREDICTION_NOT_EMPIRICAL
JOB-12,B2,2100,maia3-5m,10,d2d3,d3,0.004526028409600258,0.9888081029057503,0.541373665859982,513,43,444,rnb1kb1r/pp2pppp/1q3n2/2pp4/3P1B2/8/PPP1PPPP/RN1QKBNR w KQkq -,MODEL_PREDICTION_NOT_EMPIRICAL
TOR-10,B2,1100,maia3-5m,1,e2e4,e4,0.6749164462089539,0.9871364636346698,0.4342553640682974,519,24,457,rnb1kb1r/pp2pppp/1q6/2pp4/3PnB2/4PN2/PPP2PPP/RN1QKB1R w KQkq -,MODEL_PREDICTION_NOT_EMPIRICAL
TOR-10,B2,1100,maia3-5m,2,d2d4,d4,0.21801438927650452,0.9871364636346698,0.4342553640682974,524,25,451,rnb1kb1r/pp2pppp/1q6/2pp4/3PnB2/4PN2/PPP2PPP/RN1QKB1R w KQkq -,MODEL_PREDICTION_NOT_EMPIRICAL
TOR-10,B2,1100,maia3-5m,3,e2e3,e3,0.022561196237802505,0.9871364636346698,0.4342553640682974,503,25,472,rnb1kb1r/pp2pppp/1q6/2pp4/3PnB2/4PN2/PPP2PPP/RN1QKB1R w KQkq -,MODEL_PREDICTION_NOT_EMPIRICAL
TOR-10,B2,1100,maia3-5m,4,g1f3,Nf3,0.0210112277418375,0.9871364636346698,0.4342553640682974,516,28,456,rnb1kb1r/pp2pppp/1q6/2pp4/3PnB2/4PN2/PPP2PPP/RN1QKB1R w KQkq -,MODEL_PREDICTION_NOT_EMPIRICAL
TOR-10,B2,1100,maia3-5m,5,c2c4,c4,0.016066906973719597,0.9871364636346698,0.4342553640682974,510,25,465,rnb1kb1r/pp2pppp/1q6/2pp4/3PnB2/4PN2/PPP2PPP/RN1QKB1R w KQkq -,MODEL_PREDICTION_NOT_EMPIRICAL
TOR-10,B2,1100,maia3-5m,6,g2g3,g3,0.011687462218105793,0.9871364636346698,0.4342553640682974,494,25,481,rnb1kb1r/pp2pppp/1q6/2pp4/3PnB2/4PN2/PPP2PPP/RN1QKB1R w KQkq -,MODEL_PREDICTION_NOT_EMPIRICAL
TOR-10,B2,1100,maia3-5m,7,b2b3,b3,0.007874177768826485,0.9871364636346698,0.4342553640682974,496,26,478,rnb1kb1r/pp2pppp/1q6/2pp4/3PnB2/4PN2/PPP2PPP/RN1QKB1R w KQkq -,MODEL_PREDICTION_NOT_EMPIRICAL
TOR-10,B2,1100,maia3-5m,8,d2d3,d3,0.005962725728750229,0.9871364636346698,0.4342553640682974,498,26,476,rnb1kb1r/pp2pppp/1q6/2pp4/3PnB2/4PN2/PPP2PPP/RN1QKB1R w KQkq -,MODEL_PREDICTION_NOT_EMPIRICAL
TOR-10,B2,1100,maia3-5m,9,b1c3,Nc3,0.00519427889958024,0.9871364636346698,0.4342553640682974,524,26,450,rnb1kb1r/pp2pppp/1q6/2pp4/3PnB2/4PN2/PPP2PPP/RN1QKB1R w KQkq -,MODEL_PREDICTION_NOT_EMPIRICAL
TOR-10,B2,1100,maia3-5m,10,f2f4,f4,0.003847652580589056,0.9871364636346698,0.4342553640682974,509,27,464,rnb1kb1r/pp2pppp/1q6/2pp4/3PnB2/4PN2/PPP2PPP/RN1QKB1R w KQkq -,MODEL_PREDICTION_NOT_EMPIRICAL
TOR-10,B2,1300,maia3-5m,1,e2e4,e4,0.6615840792655945,0.9876184498425573,0.44341396362140506,518,24,458,rnb1kb1r/pp2pppp/1q6/2pp4/3PnB2/4PN2/PPP2PPP/RN1QKB1R w KQkq -,MODEL_PREDICTION_NOT_EMPIRICAL
TOR-10,B2,1300,maia3-5m,2,d2d4,d4,0.2294148951768875,0.9876184498425573,0.44341396362140506,522,26,452,rnb1kb1r/pp2pppp/1q6/2pp4/3PnB2/4PN2/PPP2PPP/RN1QKB1R w KQkq -,MODEL_PREDICTION_NOT_EMPIRICAL
TOR-10,B2,1300,maia3-5m,3,g1f3,Nf3,0.02157282643020153,0.9876184498425573,0.44341396362140506,523,27,450,rnb1kb1r/pp2pppp/1q6/2pp4/3PnB2/4PN2/PPP2PPP/RN1QKB1R w KQkq -,MODEL_PREDICTION_NOT_EMPIRICAL
TOR-10,B2,1300,maia3-5m,4,c2c4,c4,0.020122205838561058,0.9876184498425573,0.44341396362140506,514,26,460,rnb1kb1r/pp2pppp/1q6/2pp4/3PnB2/4PN2/PPP2PPP/RN1QKB1R w KQkq -,MODEL_PREDICTION_NOT_EMPIRICAL
TOR-10,B2,1300,maia3-5m,5,e2e3,e3,0.019332410767674446,0.9876184498425573,0.44341396362140506,504,25,471,rnb1kb1r/pp2pppp/1q6/2pp4/3PnB2/4PN2/PPP2PPP/RN1QKB1R w KQkq -,MODEL_PREDICTION_NOT_EMPIRICAL
TOR-10,B2,1300,maia3-5m,6,g2g3,g3,0.012549953535199165,0.9876184498425573,0.44341396362140506,506,26,468,rnb1kb1r/pp2pppp/1q6/2pp4/3PnB2/4PN2/PPP2PPP/RN1QKB1R w KQkq -,MODEL_PREDICTION_NOT_EMPIRICAL
TOR-10,B2,1300,maia3-5m,7,b2b3,b3,0.009338651783764362,0.9876184498425573,0.44341396362140506,503,26,471,rnb1kb1r/pp2pppp/1q6/2pp4/3PnB2/4PN2/PPP2PPP/RN1QKB1R w KQkq -,MODEL_PREDICTION_NOT_EMPIRICAL
TOR-10,B2,1300,maia3-5m,8,d2d3,d3,0.005362409166991711,0.9876184498425573,0.44341396362140506,501,27,472,rnb1kb1r/pp2pppp/1q6/2pp4/3PnB2/4PN2/PPP2PPP/RN1QKB1R w KQkq -,MODEL_PREDICTION_NOT_EMPIRICAL
TOR-10,B2,1300,maia3-5m,9,f2f4,f4,0.004565780982375145,0.9876184498425573,0.44341396362140506,518,27,455,rnb1kb1r/pp2pppp/1q6/2pp4/3PnB2/4PN2/PPP2PPP/RN1QKB1R w KQkq -,MODEL_PREDICTION_NOT_EMPIRICAL
TOR-10,B2,1300,maia3-5m,10,b1c3,Nc3,0.0037752368953078985,0.9876184498425573,0.44341396362140506,529,25,446,rnb1kb1r/pp2pppp/1q6/2pp4/3PnB2/4PN2/PPP2PPP/RN1QKB1R w KQkq -,MODEL_PREDICTION_NOT_EMPIRICAL
TOR-10,B2,1500,maia3-5m,1,e2e4,e4,0.6428149938583374,0.98806171445176,0.4600856076991717,516,25,459,rnb1kb1r/pp2pppp/1q6/2pp4/3PnB2/4PN2/PPP2PPP/RN1QKB1R w KQkq -,MODEL_PREDICTION_NOT_EMPIRICAL
TOR-10,B2,1500,maia3-5m,2,d2d4,d4,0.2416517585515976,0.98806171445176,0.4600856076991717,521,27,452,rnb1kb1r/pp2pppp/1q6/2pp4/3PnB2/4PN2/PPP2PPP/RN1QKB1R w KQkq -,MODEL_PREDICTION_NOT_EMPIRICAL
TOR-10,B2,1500,maia3-5m,3,c2c4,c4,0.025009406730532646,0.98806171445176,0.4600856076991717,518,26,456,rnb1kb1r/pp2pppp/1q6/2pp4/3PnB2/4PN2/PPP2PPP/RN1QKB1R w KQkq -,MODEL_PREDICTION_NOT_EMPIRICAL
TOR-10,B2,1500,maia3-5m,4,g1f3,Nf3,0.022932549938559532,0.98806171445176,0.4600856076991717,528,27,445,rnb1kb1r/pp2pppp/1q6/2pp4/3PnB2/4PN2/PPP2PPP/RN1QKB1R w KQkq -,MODEL_PREDICTION_NOT_EMPIRICAL
TOR-10,B2,1500,maia3-5m,5,e2e3,e3,0.016669709235429764,0.98806171445176,0.4600856076991717,502,26,472,rnb1kb1r/pp2pppp/1q6/2pp4/3PnB2/4PN2/PPP2PPP/RN1QKB1R w KQkq -,MODEL_PREDICTION_NOT_EMPIRICAL
TOR-10,B2,1500,maia3-5m,6,g2g3,g3,0.013175034895539284,0.98806171445176,0.4600856076991717,516,27,457,rnb1kb1r/pp2pppp/1q6/2pp4/3PnB2/4PN2/PPP2PPP/RN1QKB1R w KQkq -,MODEL_PREDICTION_NOT_EMPIRICAL
TOR-10,B2,1500,maia3-5m,7,b2b3,b3,0.010849794372916222,0.98806171445176,0.4600856076991717,510,27,463,rnb1kb1r/pp2pppp/1q6/2pp4/3PnB2/4PN2/PPP2PPP/RN1QKB1R w KQkq -,MODEL_PREDICTION_NOT_EMPIRICAL
TOR-10,B2,1500,maia3-5m,8,f2f4,f4,0.0063391150906682014,0.98806171445176,0.4600856076991717,523,27,450,rnb1kb1r/pp2pppp/1q6/2pp4/3PnB2/4PN2/PPP2PPP/RN1QKB1R w KQkq -,MODEL_PREDICTION_NOT_EMPIRICAL
TOR-10,B2,1500,maia3-5m,9,d2d3,d3,0.004973711911588907,0.98806171445176,0.4600856076991717,504,28,468,rnb1kb1r/pp2pppp/1q6/2pp4/3PnB2/4PN2/PPP2PPP/RN1QKB1R w KQkq -,MODEL_PREDICTION_NOT_EMPIRICAL
TOR-10,B2,1500,maia3-5m,10,b2b4,b4,0.0036456398665905,0.98806171445176,0.4600856076991717,512,27,461,rnb1kb1r/pp2pppp/1q6/2pp4/3PnB2/4PN2/PPP2PPP/RN1QKB1R w KQkq -,MODEL_PREDICTION_NOT_EMPIRICAL
TOR-10,B2,1700,maia3-5m,1,e2e4,e4,0.6205705404281616,0.988658441696316,0.48012239459539624,513,27,460,rnb1kb1r/pp2pppp/1q6/2pp4/3PnB2/4PN2/PPP2PPP/RN1QKB1R w KQkq -,MODEL_PREDICTION_NOT_EMPIRICAL
TOR-10,B2,1700,maia3-5m,2,d2d4,d4,0.2547968029975891,0.988658441696316,0.48012239459539624,519,30,451,rnb1kb1r/pp2pppp/1q6/2pp4/3PnB2/4PN2/PPP2PPP/RN1QKB1R w KQkq -,MODEL_PREDICTION_NOT_EMPIRICAL
TOR-10,B2,1700,maia3-5m,3,c2c4,c4,0.030909236520528793,0.988658441696316,0.48012239459539624,524,29,447,rnb1kb1r/pp2pppp/1q6/2pp4/3PnB2/4PN2/PPP2PPP/RN1QKB1R w KQkq -,MODEL_PREDICTION_NOT_EMPIRICAL
TOR-10,B2,1700,maia3-5m,4,g1f3,Nf3,0.025549987331032753,0.988658441696316,0.48012239459539624,533,29,438,rnb1kb1r/pp2pppp/1q6/2pp4/3PnB2/4PN2/PPP2PPP/RN1QKB1R w KQkq -,MODEL_PREDICTION_NOT_EMPIRICAL
TOR-10,B2,1700,maia3-5m,5,e2e3,e3,0.013819748535752296,0.988658441696316,0.48012239459539624,498,29,473,rnb1kb1r/pp2pppp/1q6/2pp4/3PnB2/4PN2/PPP2PPP/RN1QKB1R w KQkq -,MODEL_PREDICTION_NOT_EMPIRICAL
TOR-10,B2,1700,maia3-5m,6,g2g3,g3,0.012876337394118309,0.988658441696316,0.48012239459539624,523,28,449,rnb1kb1r/pp2pppp/1q6/2pp4/3PnB2/4PN2/PPP2PPP/RN1QKB1R w KQkq -,MODEL_PREDICTION_NOT_EMPIRICAL
TOR-10,B2,1700,maia3-5m,7,b2b3,b3,0.01174180768430233,0.988658441696316,0.48012239459539624,516,29,455,rnb1kb1r/pp2pppp/1q6/2pp4/3PnB2/4PN2/PPP2PPP/RN1QKB1R w KQkq -,MODEL_PREDICTION_NOT_EMPIRICAL
TOR-10,B2,1700,maia3-5m,8,f2f4,f4,0.009360010735690594,0.988658441696316,0.48012239459539624,525,28,447,rnb1kb1r/pp2pppp/1q6/2pp4/3PnB2/4PN2/PPP2PPP/RN1QKB1R w KQkq -,MODEL_PREDICTION_NOT_EMPIRICAL
TOR-10,B2,1700,maia3-5m,9,d2d3,d3,0.004694441333413124,0.988658441696316,0.48012239459539624,505,30,465,rnb1kb1r/pp2pppp/1q6/2pp4/3PnB2/4PN2/PPP2PPP/RN1QKB1R w KQkq -,MODEL_PREDICTION_NOT_EMPIRICAL
TOR-10,B2,1700,maia3-5m,10,b2b4,b4,0.004339528735727072,0.988658441696316,0.48012239459539624,514,27,459,rnb1kb1r/pp2pppp/1q6/2pp4/3PnB2/4PN2/PPP2PPP/RN1QKB1R w KQkq -,MODEL_PREDICTION_NOT_EMPIRICAL
TOR-10,B2,1900,maia3-5m,1,e2e4,e4,0.5909685492515564,0.9884343789890409,0.5043124564545928,513,32,455,rnb1kb1r/pp2pppp/1q6/2pp4/3PnB2/4PN2/PPP2PPP/RN1QKB1R w KQkq -,MODEL_PREDICTION_NOT_EMPIRICAL
TOR-10,B2,1900,maia3-5m,2,d2d4,d4,0.2694249749183655,0.9884343789890409,0.5043124564545928,521,35,444,rnb1kb1r/pp2pppp/1q6/2pp4/3PnB2/4PN2/PPP2PPP/RN1QKB1R w KQkq -,MODEL_PREDICTION_NOT_EMPIRICAL
TOR-10,B2,1900,maia3-5m,3,c2c4,c4,0.03926251456141472,0.9884343789890409,0.5043124564545928,529,33,438,rnb1kb1r/pp2pppp/1q6/2pp4/3PnB2/4PN2/PPP2PPP/RN1QKB1R w KQkq -,MODEL_PREDICTION_NOT_EMPIRICAL
TOR-10,B2,1900,maia3-5m,4,g1f3,Nf3,0.032338257879018784,0.9884343789890409,0.5043124564545928,538,33,429,rnb1kb1r/pp2pppp/1q6/2pp4/3PnB2/4PN2/PPP2PPP/RN1QKB1R w KQkq -,MODEL_PREDICTION_NOT_EMPIRICAL
TOR-10,B2,1900,maia3-5m,5,f2f4,f4,0.01306967530399561,0.9884343789890409,0.5043124564545928,525,30,445,rnb1kb1r/pp2pppp/1q6/2pp4/3PnB2/4PN2/PPP2PPP/RN1QKB1R w KQkq -,MODEL_PREDICTION_NOT_EMPIRICAL
TOR-10,B2,1900,maia3-5m,6,b2b3,b3,0.011948314495384693,0.9884343789890409,0.5043124564545928,519,33,448,rnb1kb1r/pp2pppp/1q6/2pp4/3PnB2/4PN2/PPP2PPP/RN1QKB1R w KQkq -,MODEL_PREDICTION_NOT_EMPIRICAL
TOR-10,B2,1900,maia3-5m,7,g2g3,g3,0.01160159520804882,0.9884343789890409,0.5043124564545928,524,33,443,rnb1kb1r/pp2pppp/1q6/2pp4/3PnB2/4PN2/PPP2PPP/RN1QKB1R w KQkq -,MODEL_PREDICTION_NOT_EMPIRICAL
TOR-10,B2,1900,maia3-5m,8,e2e3,e3,0.010756749659776688,0.9884343789890409,0.5043124564545928,495,33,472,rnb1kb1r/pp2pppp/1q6/2pp4/3PnB2/4PN2/PPP2PPP/RN1QKB1R w KQkq -,MODEL_PREDICTION_NOT_EMPIRICAL
TOR-10,B2,1900,maia3-5m,9,b2b4,b4,0.0045842663384974,0.9884343789890409,0.5043124564545928,515,29,456,rnb1kb1r/pp2pppp/1q6/2pp4/3PnB2/4PN2/PPP2PPP/RN1QKB1R w KQkq -,MODEL_PREDICTION_NOT_EMPIRICAL
TOR-10,B2,1900,maia3-5m,10,d2d3,d3,0.0044794813729822636,0.9884343789890409,0.5043124564545928,505,34,461,rnb1kb1r/pp2pppp/1q6/2pp4/3PnB2/4PN2/PPP2PPP/RN1QKB1R w KQkq -,MODEL_PREDICTION_NOT_EMPIRICAL
TOR-10,B2,2100,maia3-5m,1,e2e4,e4,0.5395658612251282,0.9888081029057503,0.541373665859982,519,41,440,rnb1kb1r/pp2pppp/1q6/2pp4/3PnB2/4PN2/PPP2PPP/RN1QKB1R w KQkq -,MODEL_PREDICTION_NOT_EMPIRICAL
TOR-10,B2,2100,maia3-5m,2,d2d4,d4,0.2930448055267334,0.9888081029057503,0.541373665859982,527,44,429,rnb1kb1r/pp2pppp/1q6/2pp4/3PnB2/4PN2/PPP2PPP/RN1QKB1R w KQkq -,MODEL_PREDICTION_NOT_EMPIRICAL
TOR-10,B2,2100,maia3-5m,3,c2c4,c4,0.051827896386384964,0.9888081029057503,0.541373665859982,535,42,423,rnb1kb1r/pp2pppp/1q6/2pp4/3PnB2/4PN2/PPP2PPP/RN1QKB1R w KQkq -,MODEL_PREDICTION_NOT_EMPIRICAL
TOR-10,B2,2100,maia3-5m,4,g1f3,Nf3,0.05066932365298271,0.9888081029057503,0.541373665859982,542,42,416,rnb1kb1r/pp2pppp/1q6/2pp4/3PnB2/4PN2/PPP2PPP/RN1QKB1R w KQkq -,MODEL_PREDICTION_NOT_EMPIRICAL
TOR-10,B2,2100,maia3-5m,5,f2f4,f4,0.013551043346524239,0.9888081029057503,0.541373665859982,526,37,437,rnb1kb1r/pp2pppp/1q6/2pp4/3PnB2/4PN2/PPP2PPP/RN1QKB1R w KQkq -,MODEL_PREDICTION_NOT_EMPIRICAL
TOR-10,B2,2100,maia3-5m,6,b2b3,b3,0.01229612436145544,0.9888081029057503,0.541373665859982,527,41,432,rnb1kb1r/pp2pppp/1q6/2pp4/3PnB2/4PN2/PPP2PPP/RN1QKB1R w KQkq -,MODEL_PREDICTION_NOT_EMPIRICAL
TOR-10,B2,2100,maia3-5m,7,g2g3,g3,0.009896432980895042,0.9888081029057503,0.541373665859982,531,42,427,rnb1kb1r/pp2pppp/1q6/2pp4/3PnB2/4PN2/PPP2PPP/RN1QKB1R w KQkq -,MODEL_PREDICTION_NOT_EMPIRICAL
TOR-10,B2,2100,maia3-5m,8,e2e3,e3,0.007974912412464619,0.9888081029057503,0.541373665859982,497,42,461,rnb1kb1r/pp2pppp/1q6/2pp4/3PnB2/4PN2/PPP2PPP/RN1QKB1R w KQkq -,MODEL_PREDICTION_NOT_EMPIRICAL
TOR-10,B2,2100,maia3-5m,9,b1c3,Nc3,0.0054556746035814285,0.9888081029057503,0.541373665859982,552,39,409,rnb1kb1r/pp2pppp/1q6/2pp4/3PnB2/4PN2/PPP2PPP/RN1QKB1R w KQkq -,MODEL_PREDICTION_NOT_EMPIRICAL
TOR-10,B2,2100,maia3-5m,10,d2d3,d3,0.004526028409600258,0.9888081029057503,0.541373665859982,513,43,444,rnb1kb1r/pp2pppp/1q6/2pp4/3PnB2/4PN2/PPP2PPP/RN1QKB1R w KQkq -,MODEL_PREDICTION_NOT_EMPIRICAL
LON-01,B3,1100,maia3-5m,1,e2e4,e4,0.6749164462089539,0.9871364636346698,0.4342553640682974,519,24,457,r1b1kb1r/1p2pppp/1pn2n2/3p4/2pP1B2/2P1PN2/PP3PPP/RN2KB1R w KQkq -,MODEL_PREDICTION_NOT_EMPIRICAL
LON-01,B3,1100,maia3-5m,2,d2d4,d4,0.21801438927650452,0.9871364636346698,0.4342553640682974,524,25,451,r1b1kb1r/1p2pppp/1pn2n2/3p4/2pP1B2/2P1PN2/PP3PPP/RN2KB1R w KQkq -,MODEL_PREDICTION_NOT_EMPIRICAL
LON-01,B3,1100,maia3-5m,3,e2e3,e3,0.022561196237802505,0.9871364636346698,0.4342553640682974,503,25,472,r1b1kb1r/1p2pppp/1pn2n2/3p4/2pP1B2/2P1PN2/PP3PPP/RN2KB1R w KQkq -,MODEL_PREDICTION_NOT_EMPIRICAL
LON-01,B3,1100,maia3-5m,4,g1f3,Nf3,0.0210112277418375,0.9871364636346698,0.4342553640682974,516,28,456,r1b1kb1r/1p2pppp/1pn2n2/3p4/2pP1B2/2P1PN2/PP3PPP/RN2KB1R w KQkq -,MODEL_PREDICTION_NOT_EMPIRICAL
LON-01,B3,1100,maia3-5m,5,c2c4,c4,0.016066906973719597,0.9871364636346698,0.4342553640682974,510,25,465,r1b1kb1r/1p2pppp/1pn2n2/3p4/2pP1B2/2P1PN2/PP3PPP/RN2KB1R w KQkq -,MODEL_PREDICTION_NOT_EMPIRICAL
LON-01,B3,1100,maia3-5m,6,g2g3,g3,0.011687462218105793,0.9871364636346698,0.4342553640682974,494,25,481,r1b1kb1r/1p2pppp/1pn2n2/3p4/2pP1B2/2P1PN2/PP3PPP/RN2KB1R w KQkq -,MODEL_PREDICTION_NOT_EMPIRICAL
LON-01,B3,1100,maia3-5m,7,b2b3,b3,0.007874177768826485,0.9871364636346698,0.4342553640682974,496,26,478,r1b1kb1r/1p2pppp/1pn2n2/3p4/2pP1B2/2P1PN2/PP3PPP/RN2KB1R w KQkq -,MODEL_PREDICTION_NOT_EMPIRICAL
LON-01,B3,1100,maia3-5m,8,d2d3,d3,0.005962725728750229,0.9871364636346698,0.4342553640682974,498,26,476,r1b1kb1r/1p2pppp/1pn2n2/3p4/2pP1B2/2P1PN2/PP3PPP/RN2KB1R w KQkq -,MODEL_PREDICTION_NOT_EMPIRICAL
LON-01,B3,1100,maia3-5m,9,b1c3,Nc3,0.00519427889958024,0.9871364636346698,0.4342553640682974,524,26,450,r1b1kb1r/1p2pppp/1pn2n2/3p4/2pP1B2/2P1PN2/PP3PPP/RN2KB1R w KQkq -,MODEL_PREDICTION_NOT_EMPIRICAL
LON-01,B3,1100,maia3-5m,10,f2f4,f4,0.003847652580589056,0.9871364636346698,0.4342553640682974,509,27,464,r1b1kb1r/1p2pppp/1pn2n2/3p4/2pP1B2/2P1PN2/PP3PPP/RN2KB1R w KQkq -,MODEL_PREDICTION_NOT_EMPIRICAL
LON-01,B3,1300,maia3-5m,1,e2e4,e4,0.6615840792655945,0.9876184498425573,0.44341396362140506,518,24,458,r1b1kb1r/1p2pppp/1pn2n2/3p4/2pP1B2/2P1PN2/PP3PPP/RN2KB1R w KQkq -,MODEL_PREDICTION_NOT_EMPIRICAL
LON-01,B3,1300,maia3-5m,2,d2d4,d4,0.2294148951768875,0.9876184498425573,0.44341396362140506,522,26,452,r1b1kb1r/1p2pppp/1pn2n2/3p4/2pP1B2/2P1PN2/PP3PPP/RN2KB1R w KQkq -,MODEL_PREDICTION_NOT_EMPIRICAL
LON-01,B3,1300,maia3-5m,3,g1f3,Nf3,0.02157282643020153,0.9876184498425573,0.44341396362140506,523,27,450,r1b1kb1r/1p2pppp/1pn2n2/3p4/2pP1B2/2P1PN2/PP3PPP/RN2KB1R w KQkq -,MODEL_PREDICTION_NOT_EMPIRICAL
LON-01,B3,1300,maia3-5m,4,c2c4,c4,0.020122205838561058,0.9876184498425573,0.44341396362140506,514,26,460,r1b1kb1r/1p2pppp/1pn2n2/3p4/2pP1B2/2P1PN2/PP3PPP/RN2KB1R w KQkq -,MODEL_PREDICTION_NOT_EMPIRICAL
LON-01,B3,1300,maia3-5m,5,e2e3,e3,0.019332410767674446,0.9876184498425573,0.44341396362140506,504,25,471,r1b1kb1r/1p2pppp/1pn2n2/3p4/2pP1B2/2P1PN2/PP3PPP/RN2KB1R w KQkq -,MODEL_PREDICTION_NOT_EMPIRICAL
LON-01,B3,1300,maia3-5m,6,g2g3,g3,0.012549953535199165,0.9876184498425573,0.44341396362140506,506,26,468,r1b1kb1r/1p2pppp/1pn2n2/3p4/2pP1B2/2P1PN2/PP3PPP/RN2KB1R w KQkq -,MODEL_PREDICTION_NOT_EMPIRICAL
LON-01,B3,1300,maia3-5m,7,b2b3,b3,0.009338651783764362,0.9876184498425573,0.44341396362140506,503,26,471,r1b1kb1r/1p2pppp/1pn2n2/3p4/2pP1B2/2P1PN2/PP3PPP/RN2KB1R w KQkq -,MODEL_PREDICTION_NOT_EMPIRICAL
LON-01,B3,1300,maia3-5m,8,d2d3,d3,0.005362409166991711,0.9876184498425573,0.44341396362140506,501,27,472,r1b1kb1r/1p2pppp/1pn2n2/3p4/2pP1B2/2P1PN2/PP3PPP/RN2KB1R w KQkq -,MODEL_PREDICTION_NOT_EMPIRICAL
LON-01,B3,1300,maia3-5m,9,f2f4,f4,0.004565780982375145,0.9876184498425573,0.44341396362140506,518,27,455,r1b1kb1r/1p2pppp/1pn2n2/3p4/2pP1B2/2P1PN2/PP3PPP/RN2KB1R w KQkq -,MODEL_PREDICTION_NOT_EMPIRICAL
LON-01,B3,1300,maia3-5m,10,b1c3,Nc3,0.0037752368953078985,0.9876184498425573,0.44341396362140506,529,25,446,r1b1kb1r/1p2pppp/1pn2n2/3p4/2pP1B2/2P1PN2/PP3PPP/RN2KB1R w KQkq -,MODEL_PREDICTION_NOT_EMPIRICAL
LON-01,B3,1500,maia3-5m,1,e2e4,e4,0.6428149938583374,0.98806171445176,0.4600856076991717,516,25,459,r1b1kb1r/1p2pppp/1pn2n2/3p4/2pP1B2/2P1PN2/PP3PPP/RN2KB1R w KQkq -,MODEL_PREDICTION_NOT_EMPIRICAL
LON-01,B3,1500,maia3-5m,2,d2d4,d4,0.2416517585515976,0.98806171445176,0.4600856076991717,521,27,452,r1b1kb1r/1p2pppp/1pn2n2/3p4/2pP1B2/2P1PN2/PP3PPP/RN2KB1R w KQkq -,MODEL_PREDICTION_NOT_EMPIRICAL
LON-01,B3,1500,maia3-5m,3,c2c4,c4,0.025009406730532646,0.98806171445176,0.4600856076991717,518,26,456,r1b1kb1r/1p2pppp/1pn2n2/3p4/2pP1B2/2P1PN2/PP3PPP/RN2KB1R w KQkq -,MODEL_PREDICTION_NOT_EMPIRICAL
LON-01,B3,1500,maia3-5m,4,g1f3,Nf3,0.022932549938559532,0.98806171445176,0.4600856076991717,528,27,445,r1b1kb1r/1p2pppp/1pn2n2/3p4/2pP1B2/2P1PN2/PP3PPP/RN2KB1R w KQkq -,MODEL_PREDICTION_NOT_EMPIRICAL
LON-01,B3,1500,maia3-5m,5,e2e3,e3,0.016669709235429764,0.98806171445176,0.4600856076991717,502,26,472,r1b1kb1r/1p2pppp/1pn2n2/3p4/2pP1B2/2P1PN2/PP3PPP/RN2KB1R w KQkq -,MODEL_PREDICTION_NOT_EMPIRICAL
LON-01,B3,1500,maia3-5m,6,g2g3,g3,0.013175034895539284,0.98806171445176,0.4600856076991717,516,27,457,r1b1kb1r/1p2pppp/1pn2n2/3p4/2pP1B2/2P1PN2/PP3PPP/RN2KB1R w KQkq -,MODEL_PREDICTION_NOT_EMPIRICAL
LON-01,B3,1500,maia3-5m,7,b2b3,b3,0.010849794372916222,0.98806171445176,0.4600856076991717,510,27,463,r1b1kb1r/1p2pppp/1pn2n2/3p4/2pP1B2/2P1PN2/PP3PPP/RN2KB1R w KQkq -,MODEL_PREDICTION_NOT_EMPIRICAL
LON-01,B3,1500,maia3-5m,8,f2f4,f4,0.0063391150906682014,0.98806171445176,0.4600856076991717,523,27,450,r1b1kb1r/1p2pppp/1pn2n2/3p4/2pP1B2/2P1PN2/PP3PPP/RN2KB1R w KQkq -,MODEL_PREDICTION_NOT_EMPIRICAL
LON-01,B3,1500,maia3-5m,9,d2d3,d3,0.004973711911588907,0.98806171445176,0.4600856076991717,504,28,468,r1b1kb1r/1p2pppp/1pn2n2/3p4/2pP1B2/2P1PN2/PP3PPP/RN2KB1R w KQkq -,MODEL_PREDICTION_NOT_EMPIRICAL
LON-01,B3,1500,maia3-5m,10,b2b4,b4,0.0036456398665905,0.98806171445176,0.4600856076991717,512,27,461,r1b1kb1r/1p2pppp/1pn2n2/3p4/2pP1B2/2P1PN2/PP3PPP/RN2KB1R w KQkq -,MODEL_PREDICTION_NOT_EMPIRICAL
LON-01,B3,1700,maia3-5m,1,e2e4,e4,0.6205705404281616,0.988658441696316,0.48012239459539624,513,27,460,r1b1kb1r/1p2pppp/1pn2n2/3p4/2pP1B2/2P1PN2/PP3PPP/RN2KB1R w KQkq -,MODEL_PREDICTION_NOT_EMPIRICAL
LON-01,B3,1700,maia3-5m,2,d2d4,d4,0.2547968029975891,0.988658441696316,0.48012239459539624,519,30,451,r1b1kb1r/1p2pppp/1pn2n2/3p4/2pP1B2/2P1PN2/PP3PPP/RN2KB1R w KQkq -,MODEL_PREDICTION_NOT_EMPIRICAL
LON-01,B3,1700,maia3-5m,3,c2c4,c4,0.030909236520528793,0.988658441696316,0.48012239459539624,524,29,447,r1b1kb1r/1p2pppp/1pn2n2/3p4/2pP1B2/2P1PN2/PP3PPP/RN2KB1R w KQkq -,MODEL_PREDICTION_NOT_EMPIRICAL
LON-01,B3,1700,maia3-5m,4,g1f3,Nf3,0.025549987331032753,0.988658441696316,0.48012239459539624,533,29,438,r1b1kb1r/1p2pppp/1pn2n2/3p4/2pP1B2/2P1PN2/PP3PPP/RN2KB1R w KQkq -,MODEL_PREDICTION_NOT_EMPIRICAL
LON-01,B3,1700,maia3-5m,5,e2e3,e3,0.013819748535752296,0.988658441696316,0.48012239459539624,498,29,473,r1b1kb1r/1p2pppp/1pn2n2/3p4/2pP1B2/2P1PN2/PP3PPP/RN2KB1R w KQkq -,MODEL_PREDICTION_NOT_EMPIRICAL
LON-01,B3,1700,maia3-5m,6,g2g3,g3,0.012876337394118309,0.988658441696316,0.48012239459539624,523,28,449,r1b1kb1r/1p2pppp/1pn2n2/3p4/2pP1B2/2P1PN2/PP3PPP/RN2KB1R w KQkq -,MODEL_PREDICTION_NOT_EMPIRICAL
LON-01,B3,1700,maia3-5m,7,b2b3,b3,0.01174180768430233,0.988658441696316,0.48012239459539624,516,29,455,r1b1kb1r/1p2pppp/1pn2n2/3p4/2pP1B2/2P1PN2/PP3PPP/RN2KB1R w KQkq -,MODEL_PREDICTION_NOT_EMPIRICAL
LON-01,B3,1700,maia3-5m,8,f2f4,f4,0.009360010735690594,0.988658441696316,0.48012239459539624,525,28,447,r1b1kb1r/1p2pppp/1pn2n2/3p4/2pP1B2/2P1PN2/PP3PPP/RN2KB1R w KQkq -,MODEL_PREDICTION_NOT_EMPIRICAL
LON-01,B3,1700,maia3-5m,9,d2d3,d3,0.004694441333413124,0.988658441696316,0.48012239459539624,505,30,465,r1b1kb1r/1p2pppp/1pn2n2/3p4/2pP1B2/2P1PN2/PP3PPP/RN2KB1R w KQkq -,MODEL_PREDICTION_NOT_EMPIRICAL
LON-01,B3,1700,maia3-5m,10,b2b4,b4,0.004339528735727072,0.988658441696316,0.48012239459539624,514,27,459,r1b1kb1r/1p2pppp/1pn2n2/3p4/2pP1B2/2P1PN2/PP3PPP/RN2KB1R w KQkq -,MODEL_PREDICTION_NOT_EMPIRICAL
LON-01,B3,1900,maia3-5m,1,e2e4,e4,0.5909685492515564,0.9884343789890409,0.5043124564545928,513,32,455,r1b1kb1r/1p2pppp/1pn2n2/3p4/2pP1B2/2P1PN2/PP3PPP/RN2KB1R w KQkq -,MODEL_PREDICTION_NOT_EMPIRICAL
LON-01,B3,1900,maia3-5m,2,d2d4,d4,0.2694249749183655,0.9884343789890409,0.5043124564545928,521,35,444,r1b1kb1r/1p2pppp/1pn2n2/3p4/2pP1B2/2P1PN2/PP3PPP/RN2KB1R w KQkq -,MODEL_PREDICTION_NOT_EMPIRICAL
LON-01,B3,1900,maia3-5m,3,c2c4,c4,0.03926251456141472,0.9884343789890409,0.5043124564545928,529,33,438,r1b1kb1r/1p2pppp/1pn2n2/3p4/2pP1B2/2P1PN2/PP3PPP/RN2KB1R w KQkq -,MODEL_PREDICTION_NOT_EMPIRICAL
LON-01,B3,1900,maia3-5m,4,g1f3,Nf3,0.032338257879018784,0.9884343789890409,0.5043124564545928,538,33,429,r1b1kb1r/1p2pppp/1pn2n2/3p4/2pP1B2/2P1PN2/PP3PPP/RN2KB1R w KQkq -,MODEL_PREDICTION_NOT_EMPIRICAL
LON-01,B3,1900,maia3-5m,5,f2f4,f4,0.01306967530399561,0.9884343789890409,0.5043124564545928,525,30,445,r1b1kb1r/1p2pppp/1pn2n2/3p4/2pP1B2/2P1PN2/PP3PPP/RN2KB1R w KQkq -,MODEL_PREDICTION_NOT_EMPIRICAL
LON-01,B3,1900,maia3-5m,6,b2b3,b3,0.011948314495384693,0.9884343789890409,0.5043124564545928,519,33,448,r1b1kb1r/1p2pppp/1pn2n2/3p4/2pP1B2/2P1PN2/PP3PPP/RN2KB1R w KQkq -,MODEL_PREDICTION_NOT_EMPIRICAL
LON-01,B3,1900,maia3-5m,7,g2g3,g3,0.01160159520804882,0.9884343789890409,0.5043124564545928,524,33,443,r1b1kb1r/1p2pppp/1pn2n2/3p4/2pP1B2/2P1PN2/PP3PPP/RN2KB1R w KQkq -,MODEL_PREDICTION_NOT_EMPIRICAL
LON-01,B3,1900,maia3-5m,8,e2e3,e3,0.010756749659776688,0.9884343789890409,0.5043124564545928,495,33,472,r1b1kb1r/1p2pppp/1pn2n2/3p4/2pP1B2/2P1PN2/PP3PPP/RN2KB1R w KQkq -,MODEL_PREDICTION_NOT_EMPIRICAL
LON-01,B3,1900,maia3-5m,9,b2b4,b4,0.0045842663384974,0.9884343789890409,0.5043124564545928,515,29,456,r1b1kb1r/1p2pppp/1pn2n2/3p4/2pP1B2/2P1PN2/PP3PPP/RN2KB1R w KQkq -,MODEL_PREDICTION_NOT_EMPIRICAL
LON-01,B3,1900,maia3-5m,10,d2d3,d3,0.0044794813729822636,0.9884343789890409,0.5043124564545928,505,34,461,r1b1kb1r/1p2pppp/1pn2n2/3p4/2pP1B2/2P1PN2/PP3PPP/RN2KB1R w KQkq -,MODEL_PREDICTION_NOT_EMPIRICAL
LON-01,B3,2100,maia3-5m,1,e2e4,e4,0.5395658612251282,0.9888081029057503,0.541373665859982,519,41,440,r1b1kb1r/1p2pppp/1pn2n2/3p4/2pP1B2/2P1PN2/PP3PPP/RN2KB1R w KQkq -,MODEL_PREDICTION_NOT_EMPIRICAL
LON-01,B3,2100,maia3-5m,2,d2d4,d4,0.2930448055267334,0.9888081029057503,0.541373665859982,527,44,429,r1b1kb1r/1p2pppp/1pn2n2/3p4/2pP1B2/2P1PN2/PP3PPP/RN2KB1R w KQkq -,MODEL_PREDICTION_NOT_EMPIRICAL
LON-01,B3,2100,maia3-5m,3,c2c4,c4,0.051827896386384964,0.9888081029057503,0.541373665859982,535,42,423,r1b1kb1r/1p2pppp/1pn2n2/3p4/2pP1B2/2P1PN2/PP3PPP/RN2KB1R w KQkq -,MODEL_PREDICTION_NOT_EMPIRICAL
LON-01,B3,2100,maia3-5m,4,g1f3,Nf3,0.05066932365298271,0.9888081029057503,0.541373665859982,542,42,416,r1b1kb1r/1p2pppp/1pn2n2/3p4/2pP1B2/2P1PN2/PP3PPP/RN2KB1R w KQkq -,MODEL_PREDICTION_NOT_EMPIRICAL
LON-01,B3,2100,maia3-5m,5,f2f4,f4,0.013551043346524239,0.9888081029057503,0.541373665859982,526,37,437,r1b1kb1r/1p2pppp/1pn2n2/3p4/2pP1B2/2P1PN2/PP3PPP/RN2KB1R w KQkq -,MODEL_PREDICTION_NOT_EMPIRICAL
LON-01,B3,2100,maia3-5m,6,b2b3,b3,0.01229612436145544,0.9888081029057503,0.541373665859982,527,41,432,r1b1kb1r/1p2pppp/1pn2n2/3p4/2pP1B2/2P1PN2/PP3PPP/RN2KB1R w KQkq -,MODEL_PREDICTION_NOT_EMPIRICAL
LON-01,B3,2100,maia3-5m,7,g2g3,g3,0.009896432980895042,0.9888081029057503,0.541373665859982,531,42,427,r1b1kb1r/1p2pppp/1pn2n2/3p4/2pP1B2/2P1PN2/PP3PPP/RN2KB1R w KQkq -,MODEL_PREDICTION_NOT_EMPIRICAL
LON-01,B3,2100,maia3-5m,8,e2e3,e3,0.007974912412464619,0.9888081029057503,0.541373665859982,497,42,461,r1b1kb1r/1p2pppp/1pn2n2/3p4/2pP1B2/2P1PN2/PP3PPP/RN2KB1R w KQkq -,MODEL_PREDICTION_NOT_EMPIRICAL
LON-01,B3,2100,maia3-5m,9,b1c3,Nc3,0.0054556746035814285,0.9888081029057503,0.541373665859982,552,39,409,r1b1kb1r/1p2pppp/1pn2n2/3p4/2pP1B2/2P1PN2/PP3PPP/RN2KB1R w KQkq -,MODEL_PREDICTION_NOT_EMPIRICAL
LON-01,B3,2100,maia3-5m,10,d2d3,d3,0.004526028409600258,0.9888081029057503,0.541373665859982,513,43,444,r1b1kb1r/1p2pppp/1pn2n2/3p4/2pP1B2/2P1PN2/PP3PPP/RN2KB1R w KQkq -,MODEL_PREDICTION_NOT_EMPIRICAL
LON-03,B3,1100,maia3-5m,1,e2e4,e4,0.6749164462089539,0.9871364636346698,0.4342553640682974,519,24,457,r1b1kb1r/1p2pppp/2n2n2/1p1p4/2pP1B2/2P1PN2/PP1N1PPP/R3KB1R w KQkq -,MODEL_PREDICTION_NOT_EMPIRICAL
LON-03,B3,1100,maia3-5m,2,d2d4,d4,0.21801438927650452,0.9871364636346698,0.4342553640682974,524,25,451,r1b1kb1r/1p2pppp/2n2n2/1p1p4/2pP1B2/2P1PN2/PP1N1PPP/R3KB1R w KQkq -,MODEL_PREDICTION_NOT_EMPIRICAL
LON-03,B3,1100,maia3-5m,3,e2e3,e3,0.022561196237802505,0.9871364636346698,0.4342553640682974,503,25,472,r1b1kb1r/1p2pppp/2n2n2/1p1p4/2pP1B2/2P1PN2/PP1N1PPP/R3KB1R w KQkq -,MODEL_PREDICTION_NOT_EMPIRICAL
LON-03,B3,1100,maia3-5m,4,g1f3,Nf3,0.0210112277418375,0.9871364636346698,0.4342553640682974,516,28,456,r1b1kb1r/1p2pppp/2n2n2/1p1p4/2pP1B2/2P1PN2/PP1N1PPP/R3KB1R w KQkq -,MODEL_PREDICTION_NOT_EMPIRICAL
LON-03,B3,1100,maia3-5m,5,c2c4,c4,0.016066906973719597,0.9871364636346698,0.4342553640682974,510,25,465,r1b1kb1r/1p2pppp/2n2n2/1p1p4/2pP1B2/2P1PN2/PP1N1PPP/R3KB1R w KQkq -,MODEL_PREDICTION_NOT_EMPIRICAL
LON-03,B3,1100,maia3-5m,6,g2g3,g3,0.011687462218105793,0.9871364636346698,0.4342553640682974,494,25,481,r1b1kb1r/1p2pppp/2n2n2/1p1p4/2pP1B2/2P1PN2/PP1N1PPP/R3KB1R w KQkq -,MODEL_PREDICTION_NOT_EMPIRICAL
LON-03,B3,1100,maia3-5m,7,b2b3,b3,0.007874177768826485,0.9871364636346698,0.4342553640682974,496,26,478,r1b1kb1r/1p2pppp/2n2n2/1p1p4/2pP1B2/2P1PN2/PP1N1PPP/R3KB1R w KQkq -,MODEL_PREDICTION_NOT_EMPIRICAL
LON-03,B3,1100,maia3-5m,8,d2d3,d3,0.005962725728750229,0.9871364636346698,0.4342553640682974,498,26,476,r1b1kb1r/1p2pppp/2n2n2/1p1p4/2pP1B2/2P1PN2/PP1N1PPP/R3KB1R w KQkq -,MODEL_PREDICTION_NOT_EMPIRICAL
LON-03,B3,1100,maia3-5m,9,b1c3,Nc3,0.00519427889958024,0.9871364636346698,0.4342553640682974,524,26,450,r1b1kb1r/1p2pppp/2n2n2/1p1p4/2pP1B2/2P1PN2/PP1N1PPP/R3KB1R w KQkq -,MODEL_PREDICTION_NOT_EMPIRICAL
LON-03,B3,1100,maia3-5m,10,f2f4,f4,0.003847652580589056,0.9871364636346698,0.4342553640682974,509,27,464,r1b1kb1r/1p2pppp/2n2n2/1p1p4/2pP1B2/2P1PN2/PP1N1PPP/R3KB1R w KQkq -,MODEL_PREDICTION_NOT_EMPIRICAL
LON-03,B3,1300,maia3-5m,1,e2e4,e4,0.6615840792655945,0.9876184498425573,0.44341396362140506,518,24,458,r1b1kb1r/1p2pppp/2n2n2/1p1p4/2pP1B2/2P1PN2/PP1N1PPP/R3KB1R w KQkq -,MODEL_PREDICTION_NOT_EMPIRICAL
LON-03,B3,1300,maia3-5m,2,d2d4,d4,0.2294148951768875,0.9876184498425573,0.44341396362140506,522,26,452,r1b1kb1r/1p2pppp/2n2n2/1p1p4/2pP1B2/2P1PN2/PP1N1PPP/R3KB1R w KQkq -,MODEL_PREDICTION_NOT_EMPIRICAL
LON-03,B3,1300,maia3-5m,3,g1f3,Nf3,0.02157282643020153,0.9876184498425573,0.44341396362140506,523,27,450,r1b1kb1r/1p2pppp/2n2n2/1p1p4/2pP1B2/2P1PN2/PP1N1PPP/R3KB1R w KQkq -,MODEL_PREDICTION_NOT_EMPIRICAL
LON-03,B3,1300,maia3-5m,4,c2c4,c4,0.020122205838561058,0.9876184498425573,0.44341396362140506,514,26,460,r1b1kb1r/1p2pppp/2n2n2/1p1p4/2pP1B2/2P1PN2/PP1N1PPP/R3KB1R w KQkq -,MODEL_PREDICTION_NOT_EMPIRICAL
LON-03,B3,1300,maia3-5m,5,e2e3,e3,0.019332410767674446,0.9876184498425573,0.44341396362140506,504,25,471,r1b1kb1r/1p2pppp/2n2n2/1p1p4/2pP1B2/2P1PN2/PP1N1PPP/R3KB1R w KQkq -,MODEL_PREDICTION_NOT_EMPIRICAL
LON-03,B3,1300,maia3-5m,6,g2g3,g3,0.012549953535199165,0.9876184498425573,0.44341396362140506,506,26,468,r1b1kb1r/1p2pppp/2n2n2/1p1p4/2pP1B2/2P1PN2/PP1N1PPP/R3KB1R w KQkq -,MODEL_PREDICTION_NOT_EMPIRICAL
LON-03,B3,1300,maia3-5m,7,b2b3,b3,0.009338651783764362,0.9876184498425573,0.44341396362140506,503,26,471,r1b1kb1r/1p2pppp/2n2n2/1p1p4/2pP1B2/2P1PN2/PP1N1PPP/R3KB1R w KQkq -,MODEL_PREDICTION_NOT_EMPIRICAL
LON-03,B3,1300,maia3-5m,8,d2d3,d3,0.005362409166991711,0.9876184498425573,0.44341396362140506,501,27,472,r1b1kb1r/1p2pppp/2n2n2/1p1p4/2pP1B2/2P1PN2/PP1N1PPP/R3KB1R w KQkq -,MODEL_PREDICTION_NOT_EMPIRICAL
LON-03,B3,1300,maia3-5m,9,f2f4,f4,0.004565780982375145,0.9876184498425573,0.44341396362140506,518,27,455,r1b1kb1r/1p2pppp/2n2n2/1p1p4/2pP1B2/2P1PN2/PP1N1PPP/R3KB1R w KQkq -,MODEL_PREDICTION_NOT_EMPIRICAL
LON-03,B3,1300,maia3-5m,10,b1c3,Nc3,0.0037752368953078985,0.9876184498425573,0.44341396362140506,529,25,446,r1b1kb1r/1p2pppp/2n2n2/1p1p4/2pP1B2/2P1PN2/PP1N1PPP/R3KB1R w KQkq -,MODEL_PREDICTION_NOT_EMPIRICAL
LON-03,B3,1500,maia3-5m,1,e2e4,e4,0.6428149938583374,0.98806171445176,0.4600856076991717,516,25,459,r1b1kb1r/1p2pppp/2n2n2/1p1p4/2pP1B2/2P1PN2/PP1N1PPP/R3KB1R w KQkq -,MODEL_PREDICTION_NOT_EMPIRICAL
LON-03,B3,1500,maia3-5m,2,d2d4,d4,0.2416517585515976,0.98806171445176,0.4600856076991717,521,27,452,r1b1kb1r/1p2pppp/2n2n2/1p1p4/2pP1B2/2P1PN2/PP1N1PPP/R3KB1R w KQkq -,MODEL_PREDICTION_NOT_EMPIRICAL
LON-03,B3,1500,maia3-5m,3,c2c4,c4,0.025009406730532646,0.98806171445176,0.4600856076991717,518,26,456,r1b1kb1r/1p2pppp/2n2n2/1p1p4/2pP1B2/2P1PN2/PP1N1PPP/R3KB1R w KQkq -,MODEL_PREDICTION_NOT_EMPIRICAL
LON-03,B3,1500,maia3-5m,4,g1f3,Nf3,0.022932549938559532,0.98806171445176,0.4600856076991717,528,27,445,r1b1kb1r/1p2pppp/2n2n2/1p1p4/2pP1B2/2P1PN2/PP1N1PPP/R3KB1R w KQkq -,MODEL_PREDICTION_NOT_EMPIRICAL
LON-03,B3,1500,maia3-5m,5,e2e3,e3,0.016669709235429764,0.98806171445176,0.4600856076991717,502,26,472,r1b1kb1r/1p2pppp/2n2n2/1p1p4/2pP1B2/2P1PN2/PP1N1PPP/R3KB1R w KQkq -,MODEL_PREDICTION_NOT_EMPIRICAL
LON-03,B3,1500,maia3-5m,6,g2g3,g3,0.013175034895539284,0.98806171445176,0.4600856076991717,516,27,457,r1b1kb1r/1p2pppp/2n2n2/1p1p4/2pP1B2/2P1PN2/PP1N1PPP/R3KB1R w KQkq -,MODEL_PREDICTION_NOT_EMPIRICAL
LON-03,B3,1500,maia3-5m,7,b2b3,b3,0.010849794372916222,0.98806171445176,0.4600856076991717,510,27,463,r1b1kb1r/1p2pppp/2n2n2/1p1p4/2pP1B2/2P1PN2/PP1N1PPP/R3KB1R w KQkq -,MODEL_PREDICTION_NOT_EMPIRICAL
LON-03,B3,1500,maia3-5m,8,f2f4,f4,0.0063391150906682014,0.98806171445176,0.4600856076991717,523,27,450,r1b1kb1r/1p2pppp/2n2n2/1p1p4/2pP1B2/2P1PN2/PP1N1PPP/R3KB1R w KQkq -,MODEL_PREDICTION_NOT_EMPIRICAL
LON-03,B3,1500,maia3-5m,9,d2d3,d3,0.004973711911588907,0.98806171445176,0.4600856076991717,504,28,468,r1b1kb1r/1p2pppp/2n2n2/1p1p4/2pP1B2/2P1PN2/PP1N1PPP/R3KB1R w KQkq -,MODEL_PREDICTION_NOT_EMPIRICAL
LON-03,B3,1500,maia3-5m,10,b2b4,b4,0.0036456398665905,0.98806171445176,0.4600856076991717,512,27,461,r1b1kb1r/1p2pppp/2n2n2/1p1p4/2pP1B2/2P1PN2/PP1N1PPP/R3KB1R w KQkq -,MODEL_PREDICTION_NOT_EMPIRICAL
LON-03,B3,1700,maia3-5m,1,e2e4,e4,0.6205705404281616,0.988658441696316,0.48012239459539624,513,27,460,r1b1kb1r/1p2pppp/2n2n2/1p1p4/2pP1B2/2P1PN2/PP1N1PPP/R3KB1R w KQkq -,MODEL_PREDICTION_NOT_EMPIRICAL
LON-03,B3,1700,maia3-5m,2,d2d4,d4,0.2547968029975891,0.988658441696316,0.48012239459539624,519,30,451,r1b1kb1r/1p2pppp/2n2n2/1p1p4/2pP1B2/2P1PN2/PP1N1PPP/R3KB1R w KQkq -,MODEL_PREDICTION_NOT_EMPIRICAL
LON-03,B3,1700,maia3-5m,3,c2c4,c4,0.030909236520528793,0.988658441696316,0.48012239459539624,524,29,447,r1b1kb1r/1p2pppp/2n2n2/1p1p4/2pP1B2/2P1PN2/PP1N1PPP/R3KB1R w KQkq -,MODEL_PREDICTION_NOT_EMPIRICAL
LON-03,B3,1700,maia3-5m,4,g1f3,Nf3,0.025549987331032753,0.988658441696316,0.48012239459539624,533,29,438,r1b1kb1r/1p2pppp/2n2n2/1p1p4/2pP1B2/2P1PN2/PP1N1PPP/R3KB1R w KQkq -,MODEL_PREDICTION_NOT_EMPIRICAL
LON-03,B3,1700,maia3-5m,5,e2e3,e3,0.013819748535752296,0.988658441696316,0.48012239459539624,498,29,473,r1b1kb1r/1p2pppp/2n2n2/1p1p4/2pP1B2/2P1PN2/PP1N1PPP/R3KB1R w KQkq -,MODEL_PREDICTION_NOT_EMPIRICAL
LON-03,B3,1700,maia3-5m,6,g2g3,g3,0.012876337394118309,0.988658441696316,0.48012239459539624,523,28,449,r1b1kb1r/1p2pppp/2n2n2/1p1p4/2pP1B2/2P1PN2/PP1N1PPP/R3KB1R w KQkq -,MODEL_PREDICTION_NOT_EMPIRICAL
LON-03,B3,1700,maia3-5m,7,b2b3,b3,0.01174180768430233,0.988658441696316,0.48012239459539624,516,29,455,r1b1kb1r/1p2pppp/2n2n2/1p1p4/2pP1B2/2P1PN2/PP1N1PPP/R3KB1R w KQkq -,MODEL_PREDICTION_NOT_EMPIRICAL
LON-03,B3,1700,maia3-5m,8,f2f4,f4,0.009360010735690594,0.988658441696316,0.48012239459539624,525,28,447,r1b1kb1r/1p2pppp/2n2n2/1p1p4/2pP1B2/2P1PN2/PP1N1PPP/R3KB1R w KQkq -,MODEL_PREDICTION_NOT_EMPIRICAL
LON-03,B3,1700,maia3-5m,9,d2d3,d3,0.004694441333413124,0.988658441696316,0.48012239459539624,505,30,465,r1b1kb1r/1p2pppp/2n2n2/1p1p4/2pP1B2/2P1PN2/PP1N1PPP/R3KB1R w KQkq -,MODEL_PREDICTION_NOT_EMPIRICAL
LON-03,B3,1700,maia3-5m,10,b2b4,b4,0.004339528735727072,0.988658441696316,0.48012239459539624,514,27,459,r1b1kb1r/1p2pppp/2n2n2/1p1p4/2pP1B2/2P1PN2/PP1N1PPP/R3KB1R w KQkq -,MODEL_PREDICTION_NOT_EMPIRICAL
LON-03,B3,1900,maia3-5m,1,e2e4,e4,0.5909685492515564,0.9884343789890409,0.5043124564545928,513,32,455,r1b1kb1r/1p2pppp/2n2n2/1p1p4/2pP1B2/2P1PN2/PP1N1PPP/R3KB1R w KQkq -,MODEL_PREDICTION_NOT_EMPIRICAL
LON-03,B3,1900,maia3-5m,2,d2d4,d4,0.2694249749183655,0.9884343789890409,0.5043124564545928,521,35,444,r1b1kb1r/1p2pppp/2n2n2/1p1p4/2pP1B2/2P1PN2/PP1N1PPP/R3KB1R w KQkq -,MODEL_PREDICTION_NOT_EMPIRICAL
LON-03,B3,1900,maia3-5m,3,c2c4,c4,0.03926251456141472,0.9884343789890409,0.5043124564545928,529,33,438,r1b1kb1r/1p2pppp/2n2n2/1p1p4/2pP1B2/2P1PN2/PP1N1PPP/R3KB1R w KQkq -,MODEL_PREDICTION_NOT_EMPIRICAL
LON-03,B3,1900,maia3-5m,4,g1f3,Nf3,0.032338257879018784,0.9884343789890409,0.5043124564545928,538,33,429,r1b1kb1r/1p2pppp/2n2n2/1p1p4/2pP1B2/2P1PN2/PP1N1PPP/R3KB1R w KQkq -,MODEL_PREDICTION_NOT_EMPIRICAL
LON-03,B3,1900,maia3-5m,5,f2f4,f4,0.01306967530399561,0.9884343789890409,0.5043124564545928,525,30,445,r1b1kb1r/1p2pppp/2n2n2/1p1p4/2pP1B2/2P1PN2/PP1N1PPP/R3KB1R w KQkq -,MODEL_PREDICTION_NOT_EMPIRICAL
LON-03,B3,1900,maia3-5m,6,b2b3,b3,0.011948314495384693,0.9884343789890409,0.5043124564545928,519,33,448,r1b1kb1r/1p2pppp/2n2n2/1p1p4/2pP1B2/2P1PN2/PP1N1PPP/R3KB1R w KQkq -,MODEL_PREDICTION_NOT_EMPIRICAL
LON-03,B3,1900,maia3-5m,7,g2g3,g3,0.01160159520804882,0.9884343789890409,0.5043124564545928,524,33,443,r1b1kb1r/1p2pppp/2n2n2/1p1p4/2pP1B2/2P1PN2/PP1N1PPP/R3KB1R w KQkq -,MODEL_PREDICTION_NOT_EMPIRICAL
LON-03,B3,1900,maia3-5m,8,e2e3,e3,0.010756749659776688,0.9884343789890409,0.5043124564545928,495,33,472,r1b1kb1r/1p2pppp/2n2n2/1p1p4/2pP1B2/2P1PN2/PP1N1PPP/R3KB1R w KQkq -,MODEL_PREDICTION_NOT_EMPIRICAL
LON-03,B3,1900,maia3-5m,9,b2b4,b4,0.0045842663384974,0.9884343789890409,0.5043124564545928,515,29,456,r1b1kb1r/1p2pppp/2n2n2/1p1p4/2pP1B2/2P1PN2/PP1N1PPP/R3KB1R w KQkq -,MODEL_PREDICTION_NOT_EMPIRICAL
LON-03,B3,1900,maia3-5m,10,d2d3,d3,0.0044794813729822636,0.9884343789890409,0.5043124564545928,505,34,461,r1b1kb1r/1p2pppp/2n2n2/1p1p4/2pP1B2/2P1PN2/PP1N1PPP/R3KB1R w KQkq -,MODEL_PREDICTION_NOT_EMPIRICAL
LON-03,B3,2100,maia3-5m,1,e2e4,e4,0.5395658612251282,0.9888081029057503,0.541373665859982,519,41,440,r1b1kb1r/1p2pppp/2n2n2/1p1p4/2pP1B2/2P1PN2/PP1N1PPP/R3KB1R w KQkq -,MODEL_PREDICTION_NOT_EMPIRICAL
LON-03,B3,2100,maia3-5m,2,d2d4,d4,0.2930448055267334,0.9888081029057503,0.541373665859982,527,44,429,r1b1kb1r/1p2pppp/2n2n2/1p1p4/2pP1B2/2P1PN2/PP1N1PPP/R3KB1R w KQkq -,MODEL_PREDICTION_NOT_EMPIRICAL
LON-03,B3,2100,maia3-5m,3,c2c4,c4,0.051827896386384964,0.9888081029057503,0.541373665859982,535,42,423,r1b1kb1r/1p2pppp/2n2n2/1p1p4/2pP1B2/2P1PN2/PP1N1PPP/R3KB1R w KQkq -,MODEL_PREDICTION_NOT_EMPIRICAL
LON-03,B3,2100,maia3-5m,4,g1f3,Nf3,0.05066932365298271,0.9888081029057503,0.541373665859982,542,42,416,r1b1kb1r/1p2pppp/2n2n2/1p1p4/2pP1B2/2P1PN2/PP1N1PPP/R3KB1R w KQkq -,MODEL_PREDICTION_NOT_EMPIRICAL
LON-03,B3,2100,maia3-5m,5,f2f4,f4,0.013551043346524239,0.9888081029057503,0.541373665859982,526,37,437,r1b1kb1r/1p2pppp/2n2n2/1p1p4/2pP1B2/2P1PN2/PP1N1PPP/R3KB1R w KQkq -,MODEL_PREDICTION_NOT_EMPIRICAL
LON-03,B3,2100,maia3-5m,6,b2b3,b3,0.01229612436145544,0.9888081029057503,0.541373665859982,527,41,432,r1b1kb1r/1p2pppp/2n2n2/1p1p4/2pP1B2/2P1PN2/PP1N1PPP/R3KB1R w KQkq -,MODEL_PREDICTION_NOT_EMPIRICAL
LON-03,B3,2100,maia3-5m,7,g2g3,g3,0.009896432980895042,0.9888081029057503,0.541373665859982,531,42,427,r1b1kb1r/1p2pppp/2n2n2/1p1p4/2pP1B2/2P1PN2/PP1N1PPP/R3KB1R w KQkq -,MODEL_PREDICTION_NOT_EMPIRICAL
LON-03,B3,2100,maia3-5m,8,e2e3,e3,0.007974912412464619,0.9888081029057503,0.541373665859982,497,42,461,r1b1kb1r/1p2pppp/2n2n2/1p1p4/2pP1B2/2P1PN2/PP1N1PPP/R3KB1R w KQkq -,MODEL_PREDICTION_NOT_EMPIRICAL
LON-03,B3,2100,maia3-5m,9,b1c3,Nc3,0.0054556746035814285,0.9888081029057503,0.541373665859982,552,39,409,r1b1kb1r/1p2pppp/2n2n2/1p1p4/2pP1B2/2P1PN2/PP1N1PPP/R3KB1R w KQkq -,MODEL_PREDICTION_NOT_EMPIRICAL
LON-03,B3,2100,maia3-5m,10,d2d3,d3,0.004526028409600258,0.9888081029057503,0.541373665859982,513,43,444,r1b1kb1r/1p2pppp/2n2n2/1p1p4/2pP1B2/2P1PN2/PP1N1PPP/R3KB1R w KQkq -,MODEL_PREDICTION_NOT_EMPIRICAL
LON-05,B3,1100,maia3-5m,1,e2e4,e4,0.6749164462089539,0.9871364636346698,0.4342553640682974,519,24,457,r3kb1r/pp2pppp/1qn2n2/3p1b2/3P1B2/4PN2/PP3PPP/RNQ1KB1R w KQkq -,MODEL_PREDICTION_NOT_EMPIRICAL
LON-05,B3,1100,maia3-5m,2,d2d4,d4,0.21801438927650452,0.9871364636346698,0.4342553640682974,524,25,451,r3kb1r/pp2pppp/1qn2n2/3p1b2/3P1B2/4PN2/PP3PPP/RNQ1KB1R w KQkq -,MODEL_PREDICTION_NOT_EMPIRICAL
LON-05,B3,1100,maia3-5m,3,e2e3,e3,0.022561196237802505,0.9871364636346698,0.4342553640682974,503,25,472,r3kb1r/pp2pppp/1qn2n2/3p1b2/3P1B2/4PN2/PP3PPP/RNQ1KB1R w KQkq -,MODEL_PREDICTION_NOT_EMPIRICAL
LON-05,B3,1100,maia3-5m,4,g1f3,Nf3,0.0210112277418375,0.9871364636346698,0.4342553640682974,516,28,456,r3kb1r/pp2pppp/1qn2n2/3p1b2/3P1B2/4PN2/PP3PPP/RNQ1KB1R w KQkq -,MODEL_PREDICTION_NOT_EMPIRICAL
LON-05,B3,1100,maia3-5m,5,c2c4,c4,0.016066906973719597,0.9871364636346698,0.4342553640682974,510,25,465,r3kb1r/pp2pppp/1qn2n2/3p1b2/3P1B2/4PN2/PP3PPP/RNQ1KB1R w KQkq -,MODEL_PREDICTION_NOT_EMPIRICAL
LON-05,B3,1100,maia3-5m,6,g2g3,g3,0.011687462218105793,0.9871364636346698,0.4342553640682974,494,25,481,r3kb1r/pp2pppp/1qn2n2/3p1b2/3P1B2/4PN2/PP3PPP/RNQ1KB1R w KQkq -,MODEL_PREDICTION_NOT_EMPIRICAL
LON-05,B3,1100,maia3-5m,7,b2b3,b3,0.007874177768826485,0.9871364636346698,0.4342553640682974,496,26,478,r3kb1r/pp2pppp/1qn2n2/3p1b2/3P1B2/4PN2/PP3PPP/RNQ1KB1R w KQkq -,MODEL_PREDICTION_NOT_EMPIRICAL
LON-05,B3,1100,maia3-5m,8,d2d3,d3,0.005962725728750229,0.9871364636346698,0.4342553640682974,498,26,476,r3kb1r/pp2pppp/1qn2n2/3p1b2/3P1B2/4PN2/PP3PPP/RNQ1KB1R w KQkq -,MODEL_PREDICTION_NOT_EMPIRICAL
LON-05,B3,1100,maia3-5m,9,b1c3,Nc3,0.00519427889958024,0.9871364636346698,0.4342553640682974,524,26,450,r3kb1r/pp2pppp/1qn2n2/3p1b2/3P1B2/4PN2/PP3PPP/RNQ1KB1R w KQkq -,MODEL_PREDICTION_NOT_EMPIRICAL
LON-05,B3,1100,maia3-5m,10,f2f4,f4,0.003847652580589056,0.9871364636346698,0.4342553640682974,509,27,464,r3kb1r/pp2pppp/1qn2n2/3p1b2/3P1B2/4PN2/PP3PPP/RNQ1KB1R w KQkq -,MODEL_PREDICTION_NOT_EMPIRICAL
LON-05,B3,1300,maia3-5m,1,e2e4,e4,0.6615840792655945,0.9876184498425573,0.44341396362140506,518,24,458,r3kb1r/pp2pppp/1qn2n2/3p1b2/3P1B2/4PN2/PP3PPP/RNQ1KB1R w KQkq -,MODEL_PREDICTION_NOT_EMPIRICAL
LON-05,B3,1300,maia3-5m,2,d2d4,d4,0.2294148951768875,0.9876184498425573,0.44341396362140506,522,26,452,r3kb1r/pp2pppp/1qn2n2/3p1b2/3P1B2/4PN2/PP3PPP/RNQ1KB1R w KQkq -,MODEL_PREDICTION_NOT_EMPIRICAL
LON-05,B3,1300,maia3-5m,3,g1f3,Nf3,0.02157282643020153,0.9876184498425573,0.44341396362140506,523,27,450,r3kb1r/pp2pppp/1qn2n2/3p1b2/3P1B2/4PN2/PP3PPP/RNQ1KB1R w KQkq -,MODEL_PREDICTION_NOT_EMPIRICAL
LON-05,B3,1300,maia3-5m,4,c2c4,c4,0.020122205838561058,0.9876184498425573,0.44341396362140506,514,26,460,r3kb1r/pp2pppp/1qn2n2/3p1b2/3P1B2/4PN2/PP3PPP/RNQ1KB1R w KQkq -,MODEL_PREDICTION_NOT_EMPIRICAL
LON-05,B3,1300,maia3-5m,5,e2e3,e3,0.019332410767674446,0.9876184498425573,0.44341396362140506,504,25,471,r3kb1r/pp2pppp/1qn2n2/3p1b2/3P1B2/4PN2/PP3PPP/RNQ1KB1R w KQkq -,MODEL_PREDICTION_NOT_EMPIRICAL
LON-05,B3,1300,maia3-5m,6,g2g3,g3,0.012549953535199165,0.9876184498425573,0.44341396362140506,506,26,468,r3kb1r/pp2pppp/1qn2n2/3p1b2/3P1B2/4PN2/PP3PPP/RNQ1KB1R w KQkq -,MODEL_PREDICTION_NOT_EMPIRICAL
LON-05,B3,1300,maia3-5m,7,b2b3,b3,0.009338651783764362,0.9876184498425573,0.44341396362140506,503,26,471,r3kb1r/pp2pppp/1qn2n2/3p1b2/3P1B2/4PN2/PP3PPP/RNQ1KB1R w KQkq -,MODEL_PREDICTION_NOT_EMPIRICAL
LON-05,B3,1300,maia3-5m,8,d2d3,d3,0.005362409166991711,0.9876184498425573,0.44341396362140506,501,27,472,r3kb1r/pp2pppp/1qn2n2/3p1b2/3P1B2/4PN2/PP3PPP/RNQ1KB1R w KQkq -,MODEL_PREDICTION_NOT_EMPIRICAL
LON-05,B3,1300,maia3-5m,9,f2f4,f4,0.004565780982375145,0.9876184498425573,0.44341396362140506,518,27,455,r3kb1r/pp2pppp/1qn2n2/3p1b2/3P1B2/4PN2/PP3PPP/RNQ1KB1R w KQkq -,MODEL_PREDICTION_NOT_EMPIRICAL
LON-05,B3,1300,maia3-5m,10,b1c3,Nc3,0.0037752368953078985,0.9876184498425573,0.44341396362140506,529,25,446,r3kb1r/pp2pppp/1qn2n2/3p1b2/3P1B2/4PN2/PP3PPP/RNQ1KB1R w KQkq -,MODEL_PREDICTION_NOT_EMPIRICAL
LON-05,B3,1500,maia3-5m,1,e2e4,e4,0.6428149938583374,0.98806171445176,0.4600856076991717,516,25,459,r3kb1r/pp2pppp/1qn2n2/3p1b2/3P1B2/4PN2/PP3PPP/RNQ1KB1R w KQkq -,MODEL_PREDICTION_NOT_EMPIRICAL
LON-05,B3,1500,maia3-5m,2,d2d4,d4,0.2416517585515976,0.98806171445176,0.4600856076991717,521,27,452,r3kb1r/pp2pppp/1qn2n2/3p1b2/3P1B2/4PN2/PP3PPP/RNQ1KB1R w KQkq -,MODEL_PREDICTION_NOT_EMPIRICAL
LON-05,B3,1500,maia3-5m,3,c2c4,c4,0.025009406730532646,0.98806171445176,0.4600856076991717,518,26,456,r3kb1r/pp2pppp/1qn2n2/3p1b2/3P1B2/4PN2/PP3PPP/RNQ1KB1R w KQkq -,MODEL_PREDICTION_NOT_EMPIRICAL
LON-05,B3,1500,maia3-5m,4,g1f3,Nf3,0.022932549938559532,0.98806171445176,0.4600856076991717,528,27,445,r3kb1r/pp2pppp/1qn2n2/3p1b2/3P1B2/4PN2/PP3PPP/RNQ1KB1R w KQkq -,MODEL_PREDICTION_NOT_EMPIRICAL
LON-05,B3,1500,maia3-5m,5,e2e3,e3,0.016669709235429764,0.98806171445176,0.4600856076991717,502,26,472,r3kb1r/pp2pppp/1qn2n2/3p1b2/3P1B2/4PN2/PP3PPP/RNQ1KB1R w KQkq -,MODEL_PREDICTION_NOT_EMPIRICAL
LON-05,B3,1500,maia3-5m,6,g2g3,g3,0.013175034895539284,0.98806171445176,0.4600856076991717,516,27,457,r3kb1r/pp2pppp/1qn2n2/3p1b2/3P1B2/4PN2/PP3PPP/RNQ1KB1R w KQkq -,MODEL_PREDICTION_NOT_EMPIRICAL
LON-05,B3,1500,maia3-5m,7,b2b3,b3,0.010849794372916222,0.98806171445176,0.4600856076991717,510,27,463,r3kb1r/pp2pppp/1qn2n2/3p1b2/3P1B2/4PN2/PP3PPP/RNQ1KB1R w KQkq -,MODEL_PREDICTION_NOT_EMPIRICAL
LON-05,B3,1500,maia3-5m,8,f2f4,f4,0.0063391150906682014,0.98806171445176,0.4600856076991717,523,27,450,r3kb1r/pp2pppp/1qn2n2/3p1b2/3P1B2/4PN2/PP3PPP/RNQ1KB1R w KQkq -,MODEL_PREDICTION_NOT_EMPIRICAL
LON-05,B3,1500,maia3-5m,9,d2d3,d3,0.004973711911588907,0.98806171445176,0.4600856076991717,504,28,468,r3kb1r/pp2pppp/1qn2n2/3p1b2/3P1B2/4PN2/PP3PPP/RNQ1KB1R w KQkq -,MODEL_PREDICTION_NOT_EMPIRICAL
LON-05,B3,1500,maia3-5m,10,b2b4,b4,0.0036456398665905,0.98806171445176,0.4600856076991717,512,27,461,r3kb1r/pp2pppp/1qn2n2/3p1b2/3P1B2/4PN2/PP3PPP/RNQ1KB1R w KQkq -,MODEL_PREDICTION_NOT_EMPIRICAL
LON-05,B3,1700,maia3-5m,1,e2e4,e4,0.6205705404281616,0.988658441696316,0.48012239459539624,513,27,460,r3kb1r/pp2pppp/1qn2n2/3p1b2/3P1B2/4PN2/PP3PPP/RNQ1KB1R w KQkq -,MODEL_PREDICTION_NOT_EMPIRICAL
LON-05,B3,1700,maia3-5m,2,d2d4,d4,0.2547968029975891,0.988658441696316,0.48012239459539624,519,30,451,r3kb1r/pp2pppp/1qn2n2/3p1b2/3P1B2/4PN2/PP3PPP/RNQ1KB1R w KQkq -,MODEL_PREDICTION_NOT_EMPIRICAL
LON-05,B3,1700,maia3-5m,3,c2c4,c4,0.030909236520528793,0.988658441696316,0.48012239459539624,524,29,447,r3kb1r/pp2pppp/1qn2n2/3p1b2/3P1B2/4PN2/PP3PPP/RNQ1KB1R w KQkq -,MODEL_PREDICTION_NOT_EMPIRICAL
LON-05,B3,1700,maia3-5m,4,g1f3,Nf3,0.025549987331032753,0.988658441696316,0.48012239459539624,533,29,438,r3kb1r/pp2pppp/1qn2n2/3p1b2/3P1B2/4PN2/PP3PPP/RNQ1KB1R w KQkq -,MODEL_PREDICTION_NOT_EMPIRICAL
LON-05,B3,1700,maia3-5m,5,e2e3,e3,0.013819748535752296,0.988658441696316,0.48012239459539624,498,29,473,r3kb1r/pp2pppp/1qn2n2/3p1b2/3P1B2/4PN2/PP3PPP/RNQ1KB1R w KQkq -,MODEL_PREDICTION_NOT_EMPIRICAL
LON-05,B3,1700,maia3-5m,6,g2g3,g3,0.012876337394118309,0.988658441696316,0.48012239459539624,523,28,449,r3kb1r/pp2pppp/1qn2n2/3p1b2/3P1B2/4PN2/PP3PPP/RNQ1KB1R w KQkq -,MODEL_PREDICTION_NOT_EMPIRICAL
LON-05,B3,1700,maia3-5m,7,b2b3,b3,0.01174180768430233,0.988658441696316,0.48012239459539624,516,29,455,r3kb1r/pp2pppp/1qn2n2/3p1b2/3P1B2/4PN2/PP3PPP/RNQ1KB1R w KQkq -,MODEL_PREDICTION_NOT_EMPIRICAL
LON-05,B3,1700,maia3-5m,8,f2f4,f4,0.009360010735690594,0.988658441696316,0.48012239459539624,525,28,447,r3kb1r/pp2pppp/1qn2n2/3p1b2/3P1B2/4PN2/PP3PPP/RNQ1KB1R w KQkq -,MODEL_PREDICTION_NOT_EMPIRICAL
LON-05,B3,1700,maia3-5m,9,d2d3,d3,0.004694441333413124,0.988658441696316,0.48012239459539624,505,30,465,r3kb1r/pp2pppp/1qn2n2/3p1b2/3P1B2/4PN2/PP3PPP/RNQ1KB1R w KQkq -,MODEL_PREDICTION_NOT_EMPIRICAL
LON-05,B3,1700,maia3-5m,10,b2b4,b4,0.004339528735727072,0.988658441696316,0.48012239459539624,514,27,459,r3kb1r/pp2pppp/1qn2n2/3p1b2/3P1B2/4PN2/PP3PPP/RNQ1KB1R w KQkq -,MODEL_PREDICTION_NOT_EMPIRICAL
LON-05,B3,1900,maia3-5m,1,e2e4,e4,0.5909685492515564,0.9884343789890409,0.5043124564545928,513,32,455,r3kb1r/pp2pppp/1qn2n2/3p1b2/3P1B2/4PN2/PP3PPP/RNQ1KB1R w KQkq -,MODEL_PREDICTION_NOT_EMPIRICAL
LON-05,B3,1900,maia3-5m,2,d2d4,d4,0.2694249749183655,0.9884343789890409,0.5043124564545928,521,35,444,r3kb1r/pp2pppp/1qn2n2/3p1b2/3P1B2/4PN2/PP3PPP/RNQ1KB1R w KQkq -,MODEL_PREDICTION_NOT_EMPIRICAL
LON-05,B3,1900,maia3-5m,3,c2c4,c4,0.03926251456141472,0.9884343789890409,0.5043124564545928,529,33,438,r3kb1r/pp2pppp/1qn2n2/3p1b2/3P1B2/4PN2/PP3PPP/RNQ1KB1R w KQkq -,MODEL_PREDICTION_NOT_EMPIRICAL
LON-05,B3,1900,maia3-5m,4,g1f3,Nf3,0.032338257879018784,0.9884343789890409,0.5043124564545928,538,33,429,r3kb1r/pp2pppp/1qn2n2/3p1b2/3P1B2/4PN2/PP3PPP/RNQ1KB1R w KQkq -,MODEL_PREDICTION_NOT_EMPIRICAL
LON-05,B3,1900,maia3-5m,5,f2f4,f4,0.01306967530399561,0.9884343789890409,0.5043124564545928,525,30,445,r3kb1r/pp2pppp/1qn2n2/3p1b2/3P1B2/4PN2/PP3PPP/RNQ1KB1R w KQkq -,MODEL_PREDICTION_NOT_EMPIRICAL
LON-05,B3,1900,maia3-5m,6,b2b3,b3,0.011948314495384693,0.9884343789890409,0.5043124564545928,519,33,448,r3kb1r/pp2pppp/1qn2n2/3p1b2/3P1B2/4PN2/PP3PPP/RNQ1KB1R w KQkq -,MODEL_PREDICTION_NOT_EMPIRICAL
LON-05,B3,1900,maia3-5m,7,g2g3,g3,0.01160159520804882,0.9884343789890409,0.5043124564545928,524,33,443,r3kb1r/pp2pppp/1qn2n2/3p1b2/3P1B2/4PN2/PP3PPP/RNQ1KB1R w KQkq -,MODEL_PREDICTION_NOT_EMPIRICAL
LON-05,B3,1900,maia3-5m,8,e2e3,e3,0.010756749659776688,0.9884343789890409,0.5043124564545928,495,33,472,r3kb1r/pp2pppp/1qn2n2/3p1b2/3P1B2/4PN2/PP3PPP/RNQ1KB1R w KQkq -,MODEL_PREDICTION_NOT_EMPIRICAL
LON-05,B3,1900,maia3-5m,9,b2b4,b4,0.0045842663384974,0.9884343789890409,0.5043124564545928,515,29,456,r3kb1r/pp2pppp/1qn2n2/3p1b2/3P1B2/4PN2/PP3PPP/RNQ1KB1R w KQkq -,MODEL_PREDICTION_NOT_EMPIRICAL
LON-05,B3,1900,maia3-5m,10,d2d3,d3,0.0044794813729822636,0.9884343789890409,0.5043124564545928,505,34,461,r3kb1r/pp2pppp/1qn2n2/3p1b2/3P1B2/4PN2/PP3PPP/RNQ1KB1R w KQkq -,MODEL_PREDICTION_NOT_EMPIRICAL
LON-05,B3,2100,maia3-5m,1,e2e4,e4,0.5395658612251282,0.9888081029057503,0.541373665859982,519,41,440,r3kb1r/pp2pppp/1qn2n2/3p1b2/3P1B2/4PN2/PP3PPP/RNQ1KB1R w KQkq -,MODEL_PREDICTION_NOT_EMPIRICAL
LON-05,B3,2100,maia3-5m,2,d2d4,d4,0.2930448055267334,0.9888081029057503,0.541373665859982,527,44,429,r3kb1r/pp2pppp/1qn2n2/3p1b2/3P1B2/4PN2/PP3PPP/RNQ1KB1R w KQkq -,MODEL_PREDICTION_NOT_EMPIRICAL
LON-05,B3,2100,maia3-5m,3,c2c4,c4,0.051827896386384964,0.9888081029057503,0.541373665859982,535,42,423,r3kb1r/pp2pppp/1qn2n2/3p1b2/3P1B2/4PN2/PP3PPP/RNQ1KB1R w KQkq -,MODEL_PREDICTION_NOT_EMPIRICAL
LON-05,B3,2100,maia3-5m,4,g1f3,Nf3,0.05066932365298271,0.9888081029057503,0.541373665859982,542,42,416,r3kb1r/pp2pppp/1qn2n2/3p1b2/3P1B2/4PN2/PP3PPP/RNQ1KB1R w KQkq -,MODEL_PREDICTION_NOT_EMPIRICAL
LON-05,B3,2100,maia3-5m,5,f2f4,f4,0.013551043346524239,0.9888081029057503,0.541373665859982,526,37,437,r3kb1r/pp2pppp/1qn2n2/3p1b2/3P1B2/4PN2/PP3PPP/RNQ1KB1R w KQkq -,MODEL_PREDICTION_NOT_EMPIRICAL
LON-05,B3,2100,maia3-5m,6,b2b3,b3,0.01229612436145544,0.9888081029057503,0.541373665859982,527,41,432,r3kb1r/pp2pppp/1qn2n2/3p1b2/3P1B2/4PN2/PP3PPP/RNQ1KB1R w KQkq -,MODEL_PREDICTION_NOT_EMPIRICAL
LON-05,B3,2100,maia3-5m,7,g2g3,g3,0.009896432980895042,0.9888081029057503,0.541373665859982,531,42,427,r3kb1r/pp2pppp/1qn2n2/3p1b2/3P1B2/4PN2/PP3PPP/RNQ1KB1R w KQkq -,MODEL_PREDICTION_NOT_EMPIRICAL
LON-05,B3,2100,maia3-5m,8,e2e3,e3,0.007974912412464619,0.9888081029057503,0.541373665859982,497,42,461,r3kb1r/pp2pppp/1qn2n2/3p1b2/3P1B2/4PN2/PP3PPP/RNQ1KB1R w KQkq -,MODEL_PREDICTION_NOT_EMPIRICAL
LON-05,B3,2100,maia3-5m,9,b1c3,Nc3,0.0054556746035814285,0.9888081029057503,0.541373665859982,552,39,409,r3kb1r/pp2pppp/1qn2n2/3p1b2/3P1B2/4PN2/PP3PPP/RNQ1KB1R w KQkq -,MODEL_PREDICTION_NOT_EMPIRICAL
LON-05,B3,2100,maia3-5m,10,d2d3,d3,0.004526028409600258,0.9888081029057503,0.541373665859982,513,43,444,r3kb1r/pp2pppp/1qn2n2/3p1b2/3P1B2/4PN2/PP3PPP/RNQ1KB1R w KQkq -,MODEL_PREDICTION_NOT_EMPIRICAL
JOB-11,B3,1100,maia3-5m,1,e2e4,e4,0.6749164462089539,0.9871364636346698,0.4342553640682974,519,24,457,1rbqkb1r/pp2pppp/5n2/2pp4/3P4/2N5/PPP1PPPP/R2QKBNR w KQk -,MODEL_PREDICTION_NOT_EMPIRICAL
JOB-11,B3,1100,maia3-5m,2,d2d4,d4,0.21801438927650452,0.9871364636346698,0.4342553640682974,524,25,451,1rbqkb1r/pp2pppp/5n2/2pp4/3P4/2N5/PPP1PPPP/R2QKBNR w KQk -,MODEL_PREDICTION_NOT_EMPIRICAL
JOB-11,B3,1100,maia3-5m,3,e2e3,e3,0.022561196237802505,0.9871364636346698,0.4342553640682974,503,25,472,1rbqkb1r/pp2pppp/5n2/2pp4/3P4/2N5/PPP1PPPP/R2QKBNR w KQk -,MODEL_PREDICTION_NOT_EMPIRICAL
JOB-11,B3,1100,maia3-5m,4,g1f3,Nf3,0.0210112277418375,0.9871364636346698,0.4342553640682974,516,28,456,1rbqkb1r/pp2pppp/5n2/2pp4/3P4/2N5/PPP1PPPP/R2QKBNR w KQk -,MODEL_PREDICTION_NOT_EMPIRICAL
JOB-11,B3,1100,maia3-5m,5,c2c4,c4,0.016066906973719597,0.9871364636346698,0.4342553640682974,510,25,465,1rbqkb1r/pp2pppp/5n2/2pp4/3P4/2N5/PPP1PPPP/R2QKBNR w KQk -,MODEL_PREDICTION_NOT_EMPIRICAL
JOB-11,B3,1100,maia3-5m,6,g2g3,g3,0.011687462218105793,0.9871364636346698,0.4342553640682974,494,25,481,1rbqkb1r/pp2pppp/5n2/2pp4/3P4/2N5/PPP1PPPP/R2QKBNR w KQk -,MODEL_PREDICTION_NOT_EMPIRICAL
JOB-11,B3,1100,maia3-5m,7,b2b3,b3,0.007874177768826485,0.9871364636346698,0.4342553640682974,496,26,478,1rbqkb1r/pp2pppp/5n2/2pp4/3P4/2N5/PPP1PPPP/R2QKBNR w KQk -,MODEL_PREDICTION_NOT_EMPIRICAL
JOB-11,B3,1100,maia3-5m,8,d2d3,d3,0.005962725728750229,0.9871364636346698,0.4342553640682974,498,26,476,1rbqkb1r/pp2pppp/5n2/2pp4/3P4/2N5/PPP1PPPP/R2QKBNR w KQk -,MODEL_PREDICTION_NOT_EMPIRICAL
JOB-11,B3,1100,maia3-5m,9,b1c3,Nc3,0.00519427889958024,0.9871364636346698,0.4342553640682974,524,26,450,1rbqkb1r/pp2pppp/5n2/2pp4/3P4/2N5/PPP1PPPP/R2QKBNR w KQk -,MODEL_PREDICTION_NOT_EMPIRICAL
JOB-11,B3,1100,maia3-5m,10,f2f4,f4,0.003847652580589056,0.9871364636346698,0.4342553640682974,509,27,464,1rbqkb1r/pp2pppp/5n2/2pp4/3P4/2N5/PPP1PPPP/R2QKBNR w KQk -,MODEL_PREDICTION_NOT_EMPIRICAL
JOB-11,B3,1300,maia3-5m,1,e2e4,e4,0.6615840792655945,0.9876184498425573,0.44341396362140506,518,24,458,1rbqkb1r/pp2pppp/5n2/2pp4/3P4/2N5/PPP1PPPP/R2QKBNR w KQk -,MODEL_PREDICTION_NOT_EMPIRICAL
JOB-11,B3,1300,maia3-5m,2,d2d4,d4,0.2294148951768875,0.9876184498425573,0.44341396362140506,522,26,452,1rbqkb1r/pp2pppp/5n2/2pp4/3P4/2N5/PPP1PPPP/R2QKBNR w KQk -,MODEL_PREDICTION_NOT_EMPIRICAL
JOB-11,B3,1300,maia3-5m,3,g1f3,Nf3,0.02157282643020153,0.9876184498425573,0.44341396362140506,523,27,450,1rbqkb1r/pp2pppp/5n2/2pp4/3P4/2N5/PPP1PPPP/R2QKBNR w KQk -,MODEL_PREDICTION_NOT_EMPIRICAL
JOB-11,B3,1300,maia3-5m,4,c2c4,c4,0.020122205838561058,0.9876184498425573,0.44341396362140506,514,26,460,1rbqkb1r/pp2pppp/5n2/2pp4/3P4/2N5/PPP1PPPP/R2QKBNR w KQk -,MODEL_PREDICTION_NOT_EMPIRICAL
JOB-11,B3,1300,maia3-5m,5,e2e3,e3,0.019332410767674446,0.9876184498425573,0.44341396362140506,504,25,471,1rbqkb1r/pp2pppp/5n2/2pp4/3P4/2N5/PPP1PPPP/R2QKBNR w KQk -,MODEL_PREDICTION_NOT_EMPIRICAL
JOB-11,B3,1300,maia3-5m,6,g2g3,g3,0.012549953535199165,0.9876184498425573,0.44341396362140506,506,26,468,1rbqkb1r/pp2pppp/5n2/2pp4/3P4/2N5/PPP1PPPP/R2QKBNR w KQk -,MODEL_PREDICTION_NOT_EMPIRICAL
JOB-11,B3,1300,maia3-5m,7,b2b3,b3,0.009338651783764362,0.9876184498425573,0.44341396362140506,503,26,471,1rbqkb1r/pp2pppp/5n2/2pp4/3P4/2N5/PPP1PPPP/R2QKBNR w KQk -,MODEL_PREDICTION_NOT_EMPIRICAL
JOB-11,B3,1300,maia3-5m,8,d2d3,d3,0.005362409166991711,0.9876184498425573,0.44341396362140506,501,27,472,1rbqkb1r/pp2pppp/5n2/2pp4/3P4/2N5/PPP1PPPP/R2QKBNR w KQk -,MODEL_PREDICTION_NOT_EMPIRICAL
JOB-11,B3,1300,maia3-5m,9,f2f4,f4,0.004565780982375145,0.9876184498425573,0.44341396362140506,518,27,455,1rbqkb1r/pp2pppp/5n2/2pp4/3P4/2N5/PPP1PPPP/R2QKBNR w KQk -,MODEL_PREDICTION_NOT_EMPIRICAL
JOB-11,B3,1300,maia3-5m,10,b1c3,Nc3,0.0037752368953078985,0.9876184498425573,0.44341396362140506,529,25,446,1rbqkb1r/pp2pppp/5n2/2pp4/3P4/2N5/PPP1PPPP/R2QKBNR w KQk -,MODEL_PREDICTION_NOT_EMPIRICAL
JOB-11,B3,1500,maia3-5m,1,e2e4,e4,0.6428149938583374,0.98806171445176,0.4600856076991717,516,25,459,1rbqkb1r/pp2pppp/5n2/2pp4/3P4/2N5/PPP1PPPP/R2QKBNR w KQk -,MODEL_PREDICTION_NOT_EMPIRICAL
JOB-11,B3,1500,maia3-5m,2,d2d4,d4,0.2416517585515976,0.98806171445176,0.4600856076991717,521,27,452,1rbqkb1r/pp2pppp/5n2/2pp4/3P4/2N5/PPP1PPPP/R2QKBNR w KQk -,MODEL_PREDICTION_NOT_EMPIRICAL
JOB-11,B3,1500,maia3-5m,3,c2c4,c4,0.025009406730532646,0.98806171445176,0.4600856076991717,518,26,456,1rbqkb1r/pp2pppp/5n2/2pp4/3P4/2N5/PPP1PPPP/R2QKBNR w KQk -,MODEL_PREDICTION_NOT_EMPIRICAL
JOB-11,B3,1500,maia3-5m,4,g1f3,Nf3,0.022932549938559532,0.98806171445176,0.4600856076991717,528,27,445,1rbqkb1r/pp2pppp/5n2/2pp4/3P4/2N5/PPP1PPPP/R2QKBNR w KQk -,MODEL_PREDICTION_NOT_EMPIRICAL
JOB-11,B3,1500,maia3-5m,5,e2e3,e3,0.016669709235429764,0.98806171445176,0.4600856076991717,502,26,472,1rbqkb1r/pp2pppp/5n2/2pp4/3P4/2N5/PPP1PPPP/R2QKBNR w KQk -,MODEL_PREDICTION_NOT_EMPIRICAL
JOB-11,B3,1500,maia3-5m,6,g2g3,g3,0.013175034895539284,0.98806171445176,0.4600856076991717,516,27,457,1rbqkb1r/pp2pppp/5n2/2pp4/3P4/2N5/PPP1PPPP/R2QKBNR w KQk -,MODEL_PREDICTION_NOT_EMPIRICAL
JOB-11,B3,1500,maia3-5m,7,b2b3,b3,0.010849794372916222,0.98806171445176,0.4600856076991717,510,27,463,1rbqkb1r/pp2pppp/5n2/2pp4/3P4/2N5/PPP1PPPP/R2QKBNR w KQk -,MODEL_PREDICTION_NOT_EMPIRICAL
JOB-11,B3,1500,maia3-5m,8,f2f4,f4,0.0063391150906682014,0.98806171445176,0.4600856076991717,523,27,450,1rbqkb1r/pp2pppp/5n2/2pp4/3P4/2N5/PPP1PPPP/R2QKBNR w KQk -,MODEL_PREDICTION_NOT_EMPIRICAL
JOB-11,B3,1500,maia3-5m,9,d2d3,d3,0.004973711911588907,0.98806171445176,0.4600856076991717,504,28,468,1rbqkb1r/pp2pppp/5n2/2pp4/3P4/2N5/PPP1PPPP/R2QKBNR w KQk -,MODEL_PREDICTION_NOT_EMPIRICAL
JOB-11,B3,1500,maia3-5m,10,b2b4,b4,0.0036456398665905,0.98806171445176,0.4600856076991717,512,27,461,1rbqkb1r/pp2pppp/5n2/2pp4/3P4/2N5/PPP1PPPP/R2QKBNR w KQk -,MODEL_PREDICTION_NOT_EMPIRICAL
JOB-11,B3,1700,maia3-5m,1,e2e4,e4,0.6205705404281616,0.988658441696316,0.48012239459539624,513,27,460,1rbqkb1r/pp2pppp/5n2/2pp4/3P4/2N5/PPP1PPPP/R2QKBNR w KQk -,MODEL_PREDICTION_NOT_EMPIRICAL
JOB-11,B3,1700,maia3-5m,2,d2d4,d4,0.2547968029975891,0.988658441696316,0.48012239459539624,519,30,451,1rbqkb1r/pp2pppp/5n2/2pp4/3P4/2N5/PPP1PPPP/R2QKBNR w KQk -,MODEL_PREDICTION_NOT_EMPIRICAL
JOB-11,B3,1700,maia3-5m,3,c2c4,c4,0.030909236520528793,0.988658441696316,0.48012239459539624,524,29,447,1rbqkb1r/pp2pppp/5n2/2pp4/3P4/2N5/PPP1PPPP/R2QKBNR w KQk -,MODEL_PREDICTION_NOT_EMPIRICAL
JOB-11,B3,1700,maia3-5m,4,g1f3,Nf3,0.025549987331032753,0.988658441696316,0.48012239459539624,533,29,438,1rbqkb1r/pp2pppp/5n2/2pp4/3P4/2N5/PPP1PPPP/R2QKBNR w KQk -,MODEL_PREDICTION_NOT_EMPIRICAL
JOB-11,B3,1700,maia3-5m,5,e2e3,e3,0.013819748535752296,0.988658441696316,0.48012239459539624,498,29,473,1rbqkb1r/pp2pppp/5n2/2pp4/3P4/2N5/PPP1PPPP/R2QKBNR w KQk -,MODEL_PREDICTION_NOT_EMPIRICAL
JOB-11,B3,1700,maia3-5m,6,g2g3,g3,0.012876337394118309,0.988658441696316,0.48012239459539624,523,28,449,1rbqkb1r/pp2pppp/5n2/2pp4/3P4/2N5/PPP1PPPP/R2QKBNR w KQk -,MODEL_PREDICTION_NOT_EMPIRICAL
JOB-11,B3,1700,maia3-5m,7,b2b3,b3,0.01174180768430233,0.988658441696316,0.48012239459539624,516,29,455,1rbqkb1r/pp2pppp/5n2/2pp4/3P4/2N5/PPP1PPPP/R2QKBNR w KQk -,MODEL_PREDICTION_NOT_EMPIRICAL
JOB-11,B3,1700,maia3-5m,8,f2f4,f4,0.009360010735690594,0.988658441696316,0.48012239459539624,525,28,447,1rbqkb1r/pp2pppp/5n2/2pp4/3P4/2N5/PPP1PPPP/R2QKBNR w KQk -,MODEL_PREDICTION_NOT_EMPIRICAL
JOB-11,B3,1700,maia3-5m,9,d2d3,d3,0.004694441333413124,0.988658441696316,0.48012239459539624,505,30,465,1rbqkb1r/pp2pppp/5n2/2pp4/3P4/2N5/PPP1PPPP/R2QKBNR w KQk -,MODEL_PREDICTION_NOT_EMPIRICAL
JOB-11,B3,1700,maia3-5m,10,b2b4,b4,0.004339528735727072,0.988658441696316,0.48012239459539624,514,27,459,1rbqkb1r/pp2pppp/5n2/2pp4/3P4/2N5/PPP1PPPP/R2QKBNR w KQk -,MODEL_PREDICTION_NOT_EMPIRICAL
JOB-11,B3,1900,maia3-5m,1,e2e4,e4,0.5909685492515564,0.9884343789890409,0.5043124564545928,513,32,455,1rbqkb1r/pp2pppp/5n2/2pp4/3P4/2N5/PPP1PPPP/R2QKBNR w KQk -,MODEL_PREDICTION_NOT_EMPIRICAL
JOB-11,B3,1900,maia3-5m,2,d2d4,d4,0.2694249749183655,0.9884343789890409,0.5043124564545928,521,35,444,1rbqkb1r/pp2pppp/5n2/2pp4/3P4/2N5/PPP1PPPP/R2QKBNR w KQk -,MODEL_PREDICTION_NOT_EMPIRICAL
JOB-11,B3,1900,maia3-5m,3,c2c4,c4,0.03926251456141472,0.9884343789890409,0.5043124564545928,529,33,438,1rbqkb1r/pp2pppp/5n2/2pp4/3P4/2N5/PPP1PPPP/R2QKBNR w KQk -,MODEL_PREDICTION_NOT_EMPIRICAL
JOB-11,B3,1900,maia3-5m,4,g1f3,Nf3,0.032338257879018784,0.9884343789890409,0.5043124564545928,538,33,429,1rbqkb1r/pp2pppp/5n2/2pp4/3P4/2N5/PPP1PPPP/R2QKBNR w KQk -,MODEL_PREDICTION_NOT_EMPIRICAL
JOB-11,B3,1900,maia3-5m,5,f2f4,f4,0.01306967530399561,0.9884343789890409,0.5043124564545928,525,30,445,1rbqkb1r/pp2pppp/5n2/2pp4/3P4/2N5/PPP1PPPP/R2QKBNR w KQk -,MODEL_PREDICTION_NOT_EMPIRICAL
JOB-11,B3,1900,maia3-5m,6,b2b3,b3,0.011948314495384693,0.9884343789890409,0.5043124564545928,519,33,448,1rbqkb1r/pp2pppp/5n2/2pp4/3P4/2N5/PPP1PPPP/R2QKBNR w KQk -,MODEL_PREDICTION_NOT_EMPIRICAL
JOB-11,B3,1900,maia3-5m,7,g2g3,g3,0.01160159520804882,0.9884343789890409,0.5043124564545928,524,33,443,1rbqkb1r/pp2pppp/5n2/2pp4/3P4/2N5/PPP1PPPP/R2QKBNR w KQk -,MODEL_PREDICTION_NOT_EMPIRICAL
JOB-11,B3,1900,maia3-5m,8,e2e3,e3,0.010756749659776688,0.9884343789890409,0.5043124564545928,495,33,472,1rbqkb1r/pp2pppp/5n2/2pp4/3P4/2N5/PPP1PPPP/R2QKBNR w KQk -,MODEL_PREDICTION_NOT_EMPIRICAL
JOB-11,B3,1900,maia3-5m,9,b2b4,b4,0.0045842663384974,0.9884343789890409,0.5043124564545928,515,29,456,1rbqkb1r/pp2pppp/5n2/2pp4/3P4/2N5/PPP1PPPP/R2QKBNR w KQk -,MODEL_PREDICTION_NOT_EMPIRICAL
JOB-11,B3,1900,maia3-5m,10,d2d3,d3,0.0044794813729822636,0.9884343789890409,0.5043124564545928,505,34,461,1rbqkb1r/pp2pppp/5n2/2pp4/3P4/2N5/PPP1PPPP/R2QKBNR w KQk -,MODEL_PREDICTION_NOT_EMPIRICAL
JOB-11,B3,2100,maia3-5m,1,e2e4,e4,0.5395658612251282,0.9888081029057503,0.541373665859982,519,41,440,1rbqkb1r/pp2pppp/5n2/2pp4/3P4/2N5/PPP1PPPP/R2QKBNR w KQk -,MODEL_PREDICTION_NOT_EMPIRICAL
JOB-11,B3,2100,maia3-5m,2,d2d4,d4,0.2930448055267334,0.9888081029057503,0.541373665859982,527,44,429,1rbqkb1r/pp2pppp/5n2/2pp4/3P4/2N5/PPP1PPPP/R2QKBNR w KQk -,MODEL_PREDICTION_NOT_EMPIRICAL
JOB-11,B3,2100,maia3-5m,3,c2c4,c4,0.051827896386384964,0.9888081029057503,0.541373665859982,535,42,423,1rbqkb1r/pp2pppp/5n2/2pp4/3P4/2N5/PPP1PPPP/R2QKBNR w KQk -,MODEL_PREDICTION_NOT_EMPIRICAL
JOB-11,B3,2100,maia3-5m,4,g1f3,Nf3,0.05066932365298271,0.9888081029057503,0.541373665859982,542,42,416,1rbqkb1r/pp2pppp/5n2/2pp4/3P4/2N5/PPP1PPPP/R2QKBNR w KQk -,MODEL_PREDICTION_NOT_EMPIRICAL
JOB-11,B3,2100,maia3-5m,5,f2f4,f4,0.013551043346524239,0.9888081029057503,0.541373665859982,526,37,437,1rbqkb1r/pp2pppp/5n2/2pp4/3P4/2N5/PPP1PPPP/R2QKBNR w KQk -,MODEL_PREDICTION_NOT_EMPIRICAL
JOB-11,B3,2100,maia3-5m,6,b2b3,b3,0.01229612436145544,0.9888081029057503,0.541373665859982,527,41,432,1rbqkb1r/pp2pppp/5n2/2pp4/3P4/2N5/PPP1PPPP/R2QKBNR w KQk -,MODEL_PREDICTION_NOT_EMPIRICAL
JOB-11,B3,2100,maia3-5m,7,g2g3,g3,0.009896432980895042,0.9888081029057503,0.541373665859982,531,42,427,1rbqkb1r/pp2pppp/5n2/2pp4/3P4/2N5/PPP1PPPP/R2QKBNR w KQk -,MODEL_PREDICTION_NOT_EMPIRICAL
JOB-11,B3,2100,maia3-5m,8,e2e3,e3,0.007974912412464619,0.9888081029057503,0.541373665859982,497,42,461,1rbqkb1r/pp2pppp/5n2/2pp4/3P4/2N5/PPP1PPPP/R2QKBNR w KQk -,MODEL_PREDICTION_NOT_EMPIRICAL
JOB-11,B3,2100,maia3-5m,9,b1c3,Nc3,0.0054556746035814285,0.9888081029057503,0.541373665859982,552,39,409,1rbqkb1r/pp2pppp/5n2/2pp4/3P4/2N5/PPP1PPPP/R2QKBNR w KQk -,MODEL_PREDICTION_NOT_EMPIRICAL
JOB-11,B3,2100,maia3-5m,10,d2d3,d3,0.004526028409600258,0.9888081029057503,0.541373665859982,513,43,444,1rbqkb1r/pp2pppp/5n2/2pp4/3P4/2N5/PPP1PPPP/R2QKBNR w KQk -,MODEL_PREDICTION_NOT_EMPIRICAL
VER-05,B3,1100,maia3-5m,1,e2e4,e4,0.6749164462089539,0.9871364636346698,0.4342553640682974,519,24,457,rnbqkb1r/pp2pp1p/5p2/2pp4/3P4/2N5/PPP1PPPP/R2QKBNR w KQkq -,MODEL_PREDICTION_NOT_EMPIRICAL
VER-05,B3,1100,maia3-5m,2,d2d4,d4,0.21801438927650452,0.9871364636346698,0.4342553640682974,524,25,451,rnbqkb1r/pp2pp1p/5p2/2pp4/3P4/2N5/PPP1PPPP/R2QKBNR w KQkq -,MODEL_PREDICTION_NOT_EMPIRICAL
VER-05,B3,1100,maia3-5m,3,e2e3,e3,0.022561196237802505,0.9871364636346698,0.4342553640682974,503,25,472,rnbqkb1r/pp2pp1p/5p2/2pp4/3P4/2N5/PPP1PPPP/R2QKBNR w KQkq -,MODEL_PREDICTION_NOT_EMPIRICAL
VER-05,B3,1100,maia3-5m,4,g1f3,Nf3,0.0210112277418375,0.9871364636346698,0.4342553640682974,516,28,456,rnbqkb1r/pp2pp1p/5p2/2pp4/3P4/2N5/PPP1PPPP/R2QKBNR w KQkq -,MODEL_PREDICTION_NOT_EMPIRICAL
VER-05,B3,1100,maia3-5m,5,c2c4,c4,0.016066906973719597,0.9871364636346698,0.4342553640682974,510,25,465,rnbqkb1r/pp2pp1p/5p2/2pp4/3P4/2N5/PPP1PPPP/R2QKBNR w KQkq -,MODEL_PREDICTION_NOT_EMPIRICAL
VER-05,B3,1100,maia3-5m,6,g2g3,g3,0.011687462218105793,0.9871364636346698,0.4342553640682974,494,25,481,rnbqkb1r/pp2pp1p/5p2/2pp4/3P4/2N5/PPP1PPPP/R2QKBNR w KQkq -,MODEL_PREDICTION_NOT_EMPIRICAL
VER-05,B3,1100,maia3-5m,7,b2b3,b3,0.007874177768826485,0.9871364636346698,0.4342553640682974,496,26,478,rnbqkb1r/pp2pp1p/5p2/2pp4/3P4/2N5/PPP1PPPP/R2QKBNR w KQkq -,MODEL_PREDICTION_NOT_EMPIRICAL
VER-05,B3,1100,maia3-5m,8,d2d3,d3,0.005962725728750229,0.9871364636346698,0.4342553640682974,498,26,476,rnbqkb1r/pp2pp1p/5p2/2pp4/3P4/2N5/PPP1PPPP/R2QKBNR w KQkq -,MODEL_PREDICTION_NOT_EMPIRICAL
VER-05,B3,1100,maia3-5m,9,b1c3,Nc3,0.00519427889958024,0.9871364636346698,0.4342553640682974,524,26,450,rnbqkb1r/pp2pp1p/5p2/2pp4/3P4/2N5/PPP1PPPP/R2QKBNR w KQkq -,MODEL_PREDICTION_NOT_EMPIRICAL
VER-05,B3,1100,maia3-5m,10,f2f4,f4,0.003847652580589056,0.9871364636346698,0.4342553640682974,509,27,464,rnbqkb1r/pp2pp1p/5p2/2pp4/3P4/2N5/PPP1PPPP/R2QKBNR w KQkq -,MODEL_PREDICTION_NOT_EMPIRICAL
VER-05,B3,1300,maia3-5m,1,e2e4,e4,0.6615840792655945,0.9876184498425573,0.44341396362140506,518,24,458,rnbqkb1r/pp2pp1p/5p2/2pp4/3P4/2N5/PPP1PPPP/R2QKBNR w KQkq -,MODEL_PREDICTION_NOT_EMPIRICAL
VER-05,B3,1300,maia3-5m,2,d2d4,d4,0.2294148951768875,0.9876184498425573,0.44341396362140506,522,26,452,rnbqkb1r/pp2pp1p/5p2/2pp4/3P4/2N5/PPP1PPPP/R2QKBNR w KQkq -,MODEL_PREDICTION_NOT_EMPIRICAL
VER-05,B3,1300,maia3-5m,3,g1f3,Nf3,0.02157282643020153,0.9876184498425573,0.44341396362140506,523,27,450,rnbqkb1r/pp2pp1p/5p2/2pp4/3P4/2N5/PPP1PPPP/R2QKBNR w KQkq -,MODEL_PREDICTION_NOT_EMPIRICAL
VER-05,B3,1300,maia3-5m,4,c2c4,c4,0.020122205838561058,0.9876184498425573,0.44341396362140506,514,26,460,rnbqkb1r/pp2pp1p/5p2/2pp4/3P4/2N5/PPP1PPPP/R2QKBNR w KQkq -,MODEL_PREDICTION_NOT_EMPIRICAL
VER-05,B3,1300,maia3-5m,5,e2e3,e3,0.019332410767674446,0.9876184498425573,0.44341396362140506,504,25,471,rnbqkb1r/pp2pp1p/5p2/2pp4/3P4/2N5/PPP1PPPP/R2QKBNR w KQkq -,MODEL_PREDICTION_NOT_EMPIRICAL
VER-05,B3,1300,maia3-5m,6,g2g3,g3,0.012549953535199165,0.9876184498425573,0.44341396362140506,506,26,468,rnbqkb1r/pp2pp1p/5p2/2pp4/3P4/2N5/PPP1PPPP/R2QKBNR w KQkq -,MODEL_PREDICTION_NOT_EMPIRICAL
VER-05,B3,1300,maia3-5m,7,b2b3,b3,0.009338651783764362,0.9876184498425573,0.44341396362140506,503,26,471,rnbqkb1r/pp2pp1p/5p2/2pp4/3P4/2N5/PPP1PPPP/R2QKBNR w KQkq -,MODEL_PREDICTION_NOT_EMPIRICAL
VER-05,B3,1300,maia3-5m,8,d2d3,d3,0.005362409166991711,0.9876184498425573,0.44341396362140506,501,27,472,rnbqkb1r/pp2pp1p/5p2/2pp4/3P4/2N5/PPP1PPPP/R2QKBNR w KQkq -,MODEL_PREDICTION_NOT_EMPIRICAL
VER-05,B3,1300,maia3-5m,9,f2f4,f4,0.004565780982375145,0.9876184498425573,0.44341396362140506,518,27,455,rnbqkb1r/pp2pp1p/5p2/2pp4/3P4/2N5/PPP1PPPP/R2QKBNR w KQkq -,MODEL_PREDICTION_NOT_EMPIRICAL
VER-05,B3,1300,maia3-5m,10,b1c3,Nc3,0.0037752368953078985,0.9876184498425573,0.44341396362140506,529,25,446,rnbqkb1r/pp2pp1p/5p2/2pp4/3P4/2N5/PPP1PPPP/R2QKBNR w KQkq -,MODEL_PREDICTION_NOT_EMPIRICAL
VER-05,B3,1500,maia3-5m,1,e2e4,e4,0.6428149938583374,0.98806171445176,0.4600856076991717,516,25,459,rnbqkb1r/pp2pp1p/5p2/2pp4/3P4/2N5/PPP1PPPP/R2QKBNR w KQkq -,MODEL_PREDICTION_NOT_EMPIRICAL
VER-05,B3,1500,maia3-5m,2,d2d4,d4,0.2416517585515976,0.98806171445176,0.4600856076991717,521,27,452,rnbqkb1r/pp2pp1p/5p2/2pp4/3P4/2N5/PPP1PPPP/R2QKBNR w KQkq -,MODEL_PREDICTION_NOT_EMPIRICAL
VER-05,B3,1500,maia3-5m,3,c2c4,c4,0.025009406730532646,0.98806171445176,0.4600856076991717,518,26,456,rnbqkb1r/pp2pp1p/5p2/2pp4/3P4/2N5/PPP1PPPP/R2QKBNR w KQkq -,MODEL_PREDICTION_NOT_EMPIRICAL
VER-05,B3,1500,maia3-5m,4,g1f3,Nf3,0.022932549938559532,0.98806171445176,0.4600856076991717,528,27,445,rnbqkb1r/pp2pp1p/5p2/2pp4/3P4/2N5/PPP1PPPP/R2QKBNR w KQkq -,MODEL_PREDICTION_NOT_EMPIRICAL
VER-05,B3,1500,maia3-5m,5,e2e3,e3,0.016669709235429764,0.98806171445176,0.4600856076991717,502,26,472,rnbqkb1r/pp2pp1p/5p2/2pp4/3P4/2N5/PPP1PPPP/R2QKBNR w KQkq -,MODEL_PREDICTION_NOT_EMPIRICAL
VER-05,B3,1500,maia3-5m,6,g2g3,g3,0.013175034895539284,0.98806171445176,0.4600856076991717,516,27,457,rnbqkb1r/pp2pp1p/5p2/2pp4/3P4/2N5/PPP1PPPP/R2QKBNR w KQkq -,MODEL_PREDICTION_NOT_EMPIRICAL
VER-05,B3,1500,maia3-5m,7,b2b3,b3,0.010849794372916222,0.98806171445176,0.4600856076991717,510,27,463,rnbqkb1r/pp2pp1p/5p2/2pp4/3P4/2N5/PPP1PPPP/R2QKBNR w KQkq -,MODEL_PREDICTION_NOT_EMPIRICAL
VER-05,B3,1500,maia3-5m,8,f2f4,f4,0.0063391150906682014,0.98806171445176,0.4600856076991717,523,27,450,rnbqkb1r/pp2pp1p/5p2/2pp4/3P4/2N5/PPP1PPPP/R2QKBNR w KQkq -,MODEL_PREDICTION_NOT_EMPIRICAL
VER-05,B3,1500,maia3-5m,9,d2d3,d3,0.004973711911588907,0.98806171445176,0.4600856076991717,504,28,468,rnbqkb1r/pp2pp1p/5p2/2pp4/3P4/2N5/PPP1PPPP/R2QKBNR w KQkq -,MODEL_PREDICTION_NOT_EMPIRICAL
VER-05,B3,1500,maia3-5m,10,b2b4,b4,0.0036456398665905,0.98806171445176,0.4600856076991717,512,27,461,rnbqkb1r/pp2pp1p/5p2/2pp4/3P4/2N5/PPP1PPPP/R2QKBNR w KQkq -,MODEL_PREDICTION_NOT_EMPIRICAL
VER-05,B3,1700,maia3-5m,1,e2e4,e4,0.6205705404281616,0.988658441696316,0.48012239459539624,513,27,460,rnbqkb1r/pp2pp1p/5p2/2pp4/3P4/2N5/PPP1PPPP/R2QKBNR w KQkq -,MODEL_PREDICTION_NOT_EMPIRICAL
VER-05,B3,1700,maia3-5m,2,d2d4,d4,0.2547968029975891,0.988658441696316,0.48012239459539624,519,30,451,rnbqkb1r/pp2pp1p/5p2/2pp4/3P4/2N5/PPP1PPPP/R2QKBNR w KQkq -,MODEL_PREDICTION_NOT_EMPIRICAL
VER-05,B3,1700,maia3-5m,3,c2c4,c4,0.030909236520528793,0.988658441696316,0.48012239459539624,524,29,447,rnbqkb1r/pp2pp1p/5p2/2pp4/3P4/2N5/PPP1PPPP/R2QKBNR w KQkq -,MODEL_PREDICTION_NOT_EMPIRICAL
VER-05,B3,1700,maia3-5m,4,g1f3,Nf3,0.025549987331032753,0.988658441696316,0.48012239459539624,533,29,438,rnbqkb1r/pp2pp1p/5p2/2pp4/3P4/2N5/PPP1PPPP/R2QKBNR w KQkq -,MODEL_PREDICTION_NOT_EMPIRICAL
VER-05,B3,1700,maia3-5m,5,e2e3,e3,0.013819748535752296,0.988658441696316,0.48012239459539624,498,29,473,rnbqkb1r/pp2pp1p/5p2/2pp4/3P4/2N5/PPP1PPPP/R2QKBNR w KQkq -,MODEL_PREDICTION_NOT_EMPIRICAL
VER-05,B3,1700,maia3-5m,6,g2g3,g3,0.012876337394118309,0.988658441696316,0.48012239459539624,523,28,449,rnbqkb1r/pp2pp1p/5p2/2pp4/3P4/2N5/PPP1PPPP/R2QKBNR w KQkq -,MODEL_PREDICTION_NOT_EMPIRICAL
VER-05,B3,1700,maia3-5m,7,b2b3,b3,0.01174180768430233,0.988658441696316,0.48012239459539624,516,29,455,rnbqkb1r/pp2pp1p/5p2/2pp4/3P4/2N5/PPP1PPPP/R2QKBNR w KQkq -,MODEL_PREDICTION_NOT_EMPIRICAL
VER-05,B3,1700,maia3-5m,8,f2f4,f4,0.009360010735690594,0.988658441696316,0.48012239459539624,525,28,447,rnbqkb1r/pp2pp1p/5p2/2pp4/3P4/2N5/PPP1PPPP/R2QKBNR w KQkq -,MODEL_PREDICTION_NOT_EMPIRICAL
VER-05,B3,1700,maia3-5m,9,d2d3,d3,0.004694441333413124,0.988658441696316,0.48012239459539624,505,30,465,rnbqkb1r/pp2pp1p/5p2/2pp4/3P4/2N5/PPP1PPPP/R2QKBNR w KQkq -,MODEL_PREDICTION_NOT_EMPIRICAL
VER-05,B3,1700,maia3-5m,10,b2b4,b4,0.004339528735727072,0.988658441696316,0.48012239459539624,514,27,459,rnbqkb1r/pp2pp1p/5p2/2pp4/3P4/2N5/PPP1PPPP/R2QKBNR w KQkq -,MODEL_PREDICTION_NOT_EMPIRICAL
VER-05,B3,1900,maia3-5m,1,e2e4,e4,0.5909685492515564,0.9884343789890409,0.5043124564545928,513,32,455,rnbqkb1r/pp2pp1p/5p2/2pp4/3P4/2N5/PPP1PPPP/R2QKBNR w KQkq -,MODEL_PREDICTION_NOT_EMPIRICAL
VER-05,B3,1900,maia3-5m,2,d2d4,d4,0.2694249749183655,0.9884343789890409,0.5043124564545928,521,35,444,rnbqkb1r/pp2pp1p/5p2/2pp4/3P4/2N5/PPP1PPPP/R2QKBNR w KQkq -,MODEL_PREDICTION_NOT_EMPIRICAL
VER-05,B3,1900,maia3-5m,3,c2c4,c4,0.03926251456141472,0.9884343789890409,0.5043124564545928,529,33,438,rnbqkb1r/pp2pp1p/5p2/2pp4/3P4/2N5/PPP1PPPP/R2QKBNR w KQkq -,MODEL_PREDICTION_NOT_EMPIRICAL
VER-05,B3,1900,maia3-5m,4,g1f3,Nf3,0.032338257879018784,0.9884343789890409,0.5043124564545928,538,33,429,rnbqkb1r/pp2pp1p/5p2/2pp4/3P4/2N5/PPP1PPPP/R2QKBNR w KQkq -,MODEL_PREDICTION_NOT_EMPIRICAL
VER-05,B3,1900,maia3-5m,5,f2f4,f4,0.01306967530399561,0.9884343789890409,0.5043124564545928,525,30,445,rnbqkb1r/pp2pp1p/5p2/2pp4/3P4/2N5/PPP1PPPP/R2QKBNR w KQkq -,MODEL_PREDICTION_NOT_EMPIRICAL
VER-05,B3,1900,maia3-5m,6,b2b3,b3,0.011948314495384693,0.9884343789890409,0.5043124564545928,519,33,448,rnbqkb1r/pp2pp1p/5p2/2pp4/3P4/2N5/PPP1PPPP/R2QKBNR w KQkq -,MODEL_PREDICTION_NOT_EMPIRICAL
VER-05,B3,1900,maia3-5m,7,g2g3,g3,0.01160159520804882,0.9884343789890409,0.5043124564545928,524,33,443,rnbqkb1r/pp2pp1p/5p2/2pp4/3P4/2N5/PPP1PPPP/R2QKBNR w KQkq -,MODEL_PREDICTION_NOT_EMPIRICAL
VER-05,B3,1900,maia3-5m,8,e2e3,e3,0.010756749659776688,0.9884343789890409,0.5043124564545928,495,33,472,rnbqkb1r/pp2pp1p/5p2/2pp4/3P4/2N5/PPP1PPPP/R2QKBNR w KQkq -,MODEL_PREDICTION_NOT_EMPIRICAL
VER-05,B3,1900,maia3-5m,9,b2b4,b4,0.0045842663384974,0.9884343789890409,0.5043124564545928,515,29,456,rnbqkb1r/pp2pp1p/5p2/2pp4/3P4/2N5/PPP1PPPP/R2QKBNR w KQkq -,MODEL_PREDICTION_NOT_EMPIRICAL
VER-05,B3,1900,maia3-5m,10,d2d3,d3,0.0044794813729822636,0.9884343789890409,0.5043124564545928,505,34,461,rnbqkb1r/pp2pp1p/5p2/2pp4/3P4/2N5/PPP1PPPP/R2QKBNR w KQkq -,MODEL_PREDICTION_NOT_EMPIRICAL
VER-05,B3,2100,maia3-5m,1,e2e4,e4,0.5395658612251282,0.9888081029057503,0.541373665859982,519,41,440,rnbqkb1r/pp2pp1p/5p2/2pp4/3P4/2N5/PPP1PPPP/R2QKBNR w KQkq -,MODEL_PREDICTION_NOT_EMPIRICAL
VER-05,B3,2100,maia3-5m,2,d2d4,d4,0.2930448055267334,0.9888081029057503,0.541373665859982,527,44,429,rnbqkb1r/pp2pp1p/5p2/2pp4/3P4/2N5/PPP1PPPP/R2QKBNR w KQkq -,MODEL_PREDICTION_NOT_EMPIRICAL
VER-05,B3,2100,maia3-5m,3,c2c4,c4,0.051827896386384964,0.9888081029057503,0.541373665859982,535,42,423,rnbqkb1r/pp2pp1p/5p2/2pp4/3P4/2N5/PPP1PPPP/R2QKBNR w KQkq -,MODEL_PREDICTION_NOT_EMPIRICAL
VER-05,B3,2100,maia3-5m,4,g1f3,Nf3,0.05066932365298271,0.9888081029057503,0.541373665859982,542,42,416,rnbqkb1r/pp2pp1p/5p2/2pp4/3P4/2N5/PPP1PPPP/R2QKBNR w KQkq -,MODEL_PREDICTION_NOT_EMPIRICAL
VER-05,B3,2100,maia3-5m,5,f2f4,f4,0.013551043346524239,0.9888081029057503,0.541373665859982,526,37,437,rnbqkb1r/pp2pp1p/5p2/2pp4/3P4/2N5/PPP1PPPP/R2QKBNR w KQkq -,MODEL_PREDICTION_NOT_EMPIRICAL
VER-05,B3,2100,maia3-5m,6,b2b3,b3,0.01229612436145544,0.9888081029057503,0.541373665859982,527,41,432,rnbqkb1r/pp2pp1p/5p2/2pp4/3P4/2N5/PPP1PPPP/R2QKBNR w KQkq -,MODEL_PREDICTION_NOT_EMPIRICAL
VER-05,B3,2100,maia3-5m,7,g2g3,g3,0.009896432980895042,0.9888081029057503,0.541373665859982,531,42,427,rnbqkb1r/pp2pp1p/5p2/2pp4/3P4/2N5/PPP1PPPP/R2QKBNR w KQkq -,MODEL_PREDICTION_NOT_EMPIRICAL
VER-05,B3,2100,maia3-5m,8,e2e3,e3,0.007974912412464619,0.9888081029057503,0.541373665859982,497,42,461,rnbqkb1r/pp2pp1p/5p2/2pp4/3P4/2N5/PPP1PPPP/R2QKBNR w KQkq -,MODEL_PREDICTION_NOT_EMPIRICAL
VER-05,B3,2100,maia3-5m,9,b1c3,Nc3,0.0054556746035814285,0.9888081029057503,0.541373665859982,552,39,409,rnbqkb1r/pp2pp1p/5p2/2pp4/3P4/2N5/PPP1PPPP/R2QKBNR w KQkq -,MODEL_PREDICTION_NOT_EMPIRICAL
VER-05,B3,2100,maia3-5m,10,d2d3,d3,0.004526028409600258,0.9888081029057503,0.541373665859982,513,43,444,rnbqkb1r/pp2pp1p/5p2/2pp4/3P4/2N5/PPP1PPPP/R2QKBNR w KQkq -,MODEL_PREDICTION_NOT_EMPIRICAL
LON-10,B4,1100,maia3-5m,1,e2e4,e4,0.6749164462089539,0.9871364636346698,0.4342553640682974,519,24,457,r1b1kb1r/pp2pppp/2n2n2/2Pp4/5B2/2q1PN2/P2N1PPP/R2QKB1R w KQkq -,MODEL_PREDICTION_NOT_EMPIRICAL
LON-10,B4,1100,maia3-5m,2,d2d4,d4,0.21801438927650452,0.9871364636346698,0.4342553640682974,524,25,451,r1b1kb1r/pp2pppp/2n2n2/2Pp4/5B2/2q1PN2/P2N1PPP/R2QKB1R w KQkq -,MODEL_PREDICTION_NOT_EMPIRICAL
LON-10,B4,1100,maia3-5m,3,e2e3,e3,0.022561196237802505,0.9871364636346698,0.4342553640682974,503,25,472,r1b1kb1r/pp2pppp/2n2n2/2Pp4/5B2/2q1PN2/P2N1PPP/R2QKB1R w KQkq -,MODEL_PREDICTION_NOT_EMPIRICAL
LON-10,B4,1100,maia3-5m,4,g1f3,Nf3,0.0210112277418375,0.9871364636346698,0.4342553640682974,516,28,456,r1b1kb1r/pp2pppp/2n2n2/2Pp4/5B2/2q1PN2/P2N1PPP/R2QKB1R w KQkq -,MODEL_PREDICTION_NOT_EMPIRICAL
LON-10,B4,1100,maia3-5m,5,c2c4,c4,0.016066906973719597,0.9871364636346698,0.4342553640682974,510,25,465,r1b1kb1r/pp2pppp/2n2n2/2Pp4/5B2/2q1PN2/P2N1PPP/R2QKB1R w KQkq -,MODEL_PREDICTION_NOT_EMPIRICAL
LON-10,B4,1100,maia3-5m,6,g2g3,g3,0.011687462218105793,0.9871364636346698,0.4342553640682974,494,25,481,r1b1kb1r/pp2pppp/2n2n2/2Pp4/5B2/2q1PN2/P2N1PPP/R2QKB1R w KQkq -,MODEL_PREDICTION_NOT_EMPIRICAL
LON-10,B4,1100,maia3-5m,7,b2b3,b3,0.007874177768826485,0.9871364636346698,0.4342553640682974,496,26,478,r1b1kb1r/pp2pppp/2n2n2/2Pp4/5B2/2q1PN2/P2N1PPP/R2QKB1R w KQkq -,MODEL_PREDICTION_NOT_EMPIRICAL
LON-10,B4,1100,maia3-5m,8,d2d3,d3,0.005962725728750229,0.9871364636346698,0.4342553640682974,498,26,476,r1b1kb1r/pp2pppp/2n2n2/2Pp4/5B2/2q1PN2/P2N1PPP/R2QKB1R w KQkq -,MODEL_PREDICTION_NOT_EMPIRICAL
LON-10,B4,1100,maia3-5m,9,b1c3,Nc3,0.00519427889958024,0.9871364636346698,0.4342553640682974,524,26,450,r1b1kb1r/pp2pppp/2n2n2/2Pp4/5B2/2q1PN2/P2N1PPP/R2QKB1R w KQkq -,MODEL_PREDICTION_NOT_EMPIRICAL
LON-10,B4,1100,maia3-5m,10,f2f4,f4,0.003847652580589056,0.9871364636346698,0.4342553640682974,509,27,464,r1b1kb1r/pp2pppp/2n2n2/2Pp4/5B2/2q1PN2/P2N1PPP/R2QKB1R w KQkq -,MODEL_PREDICTION_NOT_EMPIRICAL
LON-10,B4,1300,maia3-5m,1,e2e4,e4,0.6615840792655945,0.9876184498425573,0.44341396362140506,518,24,458,r1b1kb1r/pp2pppp/2n2n2/2Pp4/5B2/2q1PN2/P2N1PPP/R2QKB1R w KQkq -,MODEL_PREDICTION_NOT_EMPIRICAL
LON-10,B4,1300,maia3-5m,2,d2d4,d4,0.2294148951768875,0.9876184498425573,0.44341396362140506,522,26,452,r1b1kb1r/pp2pppp/2n2n2/2Pp4/5B2/2q1PN2/P2N1PPP/R2QKB1R w KQkq -,MODEL_PREDICTION_NOT_EMPIRICAL
LON-10,B4,1300,maia3-5m,3,g1f3,Nf3,0.02157282643020153,0.9876184498425573,0.44341396362140506,523,27,450,r1b1kb1r/pp2pppp/2n2n2/2Pp4/5B2/2q1PN2/P2N1PPP/R2QKB1R w KQkq -,MODEL_PREDICTION_NOT_EMPIRICAL
LON-10,B4,1300,maia3-5m,4,c2c4,c4,0.020122205838561058,0.9876184498425573,0.44341396362140506,514,26,460,r1b1kb1r/pp2pppp/2n2n2/2Pp4/5B2/2q1PN2/P2N1PPP/R2QKB1R w KQkq -,MODEL_PREDICTION_NOT_EMPIRICAL
LON-10,B4,1300,maia3-5m,5,e2e3,e3,0.019332410767674446,0.9876184498425573,0.44341396362140506,504,25,471,r1b1kb1r/pp2pppp/2n2n2/2Pp4/5B2/2q1PN2/P2N1PPP/R2QKB1R w KQkq -,MODEL_PREDICTION_NOT_EMPIRICAL
LON-10,B4,1300,maia3-5m,6,g2g3,g3,0.012549953535199165,0.9876184498425573,0.44341396362140506,506,26,468,r1b1kb1r/pp2pppp/2n2n2/2Pp4/5B2/2q1PN2/P2N1PPP/R2QKB1R w KQkq -,MODEL_PREDICTION_NOT_EMPIRICAL
LON-10,B4,1300,maia3-5m,7,b2b3,b3,0.009338651783764362,0.9876184498425573,0.44341396362140506,503,26,471,r1b1kb1r/pp2pppp/2n2n2/2Pp4/5B2/2q1PN2/P2N1PPP/R2QKB1R w KQkq -,MODEL_PREDICTION_NOT_EMPIRICAL
LON-10,B4,1300,maia3-5m,8,d2d3,d3,0.005362409166991711,0.9876184498425573,0.44341396362140506,501,27,472,r1b1kb1r/pp2pppp/2n2n2/2Pp4/5B2/2q1PN2/P2N1PPP/R2QKB1R w KQkq -,MODEL_PREDICTION_NOT_EMPIRICAL
LON-10,B4,1300,maia3-5m,9,f2f4,f4,0.004565780982375145,0.9876184498425573,0.44341396362140506,518,27,455,r1b1kb1r/pp2pppp/2n2n2/2Pp4/5B2/2q1PN2/P2N1PPP/R2QKB1R w KQkq -,MODEL_PREDICTION_NOT_EMPIRICAL
LON-10,B4,1300,maia3-5m,10,b1c3,Nc3,0.0037752368953078985,0.9876184498425573,0.44341396362140506,529,25,446,r1b1kb1r/pp2pppp/2n2n2/2Pp4/5B2/2q1PN2/P2N1PPP/R2QKB1R w KQkq -,MODEL_PREDICTION_NOT_EMPIRICAL
LON-10,B4,1500,maia3-5m,1,e2e4,e4,0.6428149938583374,0.98806171445176,0.4600856076991717,516,25,459,r1b1kb1r/pp2pppp/2n2n2/2Pp4/5B2/2q1PN2/P2N1PPP/R2QKB1R w KQkq -,MODEL_PREDICTION_NOT_EMPIRICAL
LON-10,B4,1500,maia3-5m,2,d2d4,d4,0.2416517585515976,0.98806171445176,0.4600856076991717,521,27,452,r1b1kb1r/pp2pppp/2n2n2/2Pp4/5B2/2q1PN2/P2N1PPP/R2QKB1R w KQkq -,MODEL_PREDICTION_NOT_EMPIRICAL
LON-10,B4,1500,maia3-5m,3,c2c4,c4,0.025009406730532646,0.98806171445176,0.4600856076991717,518,26,456,r1b1kb1r/pp2pppp/2n2n2/2Pp4/5B2/2q1PN2/P2N1PPP/R2QKB1R w KQkq -,MODEL_PREDICTION_NOT_EMPIRICAL
LON-10,B4,1500,maia3-5m,4,g1f3,Nf3,0.022932549938559532,0.98806171445176,0.4600856076991717,528,27,445,r1b1kb1r/pp2pppp/2n2n2/2Pp4/5B2/2q1PN2/P2N1PPP/R2QKB1R w KQkq -,MODEL_PREDICTION_NOT_EMPIRICAL
LON-10,B4,1500,maia3-5m,5,e2e3,e3,0.016669709235429764,0.98806171445176,0.4600856076991717,502,26,472,r1b1kb1r/pp2pppp/2n2n2/2Pp4/5B2/2q1PN2/P2N1PPP/R2QKB1R w KQkq -,MODEL_PREDICTION_NOT_EMPIRICAL
LON-10,B4,1500,maia3-5m,6,g2g3,g3,0.013175034895539284,0.98806171445176,0.4600856076991717,516,27,457,r1b1kb1r/pp2pppp/2n2n2/2Pp4/5B2/2q1PN2/P2N1PPP/R2QKB1R w KQkq -,MODEL_PREDICTION_NOT_EMPIRICAL
LON-10,B4,1500,maia3-5m,7,b2b3,b3,0.010849794372916222,0.98806171445176,0.4600856076991717,510,27,463,r1b1kb1r/pp2pppp/2n2n2/2Pp4/5B2/2q1PN2/P2N1PPP/R2QKB1R w KQkq -,MODEL_PREDICTION_NOT_EMPIRICAL
LON-10,B4,1500,maia3-5m,8,f2f4,f4,0.0063391150906682014,0.98806171445176,0.4600856076991717,523,27,450,r1b1kb1r/pp2pppp/2n2n2/2Pp4/5B2/2q1PN2/P2N1PPP/R2QKB1R w KQkq -,MODEL_PREDICTION_NOT_EMPIRICAL
LON-10,B4,1500,maia3-5m,9,d2d3,d3,0.004973711911588907,0.98806171445176,0.4600856076991717,504,28,468,r1b1kb1r/pp2pppp/2n2n2/2Pp4/5B2/2q1PN2/P2N1PPP/R2QKB1R w KQkq -,MODEL_PREDICTION_NOT_EMPIRICAL
LON-10,B4,1500,maia3-5m,10,b2b4,b4,0.0036456398665905,0.98806171445176,0.4600856076991717,512,27,461,r1b1kb1r/pp2pppp/2n2n2/2Pp4/5B2/2q1PN2/P2N1PPP/R2QKB1R w KQkq -,MODEL_PREDICTION_NOT_EMPIRICAL
LON-10,B4,1700,maia3-5m,1,e2e4,e4,0.6205705404281616,0.988658441696316,0.48012239459539624,513,27,460,r1b1kb1r/pp2pppp/2n2n2/2Pp4/5B2/2q1PN2/P2N1PPP/R2QKB1R w KQkq -,MODEL_PREDICTION_NOT_EMPIRICAL
LON-10,B4,1700,maia3-5m,2,d2d4,d4,0.2547968029975891,0.988658441696316,0.48012239459539624,519,30,451,r1b1kb1r/pp2pppp/2n2n2/2Pp4/5B2/2q1PN2/P2N1PPP/R2QKB1R w KQkq -,MODEL_PREDICTION_NOT_EMPIRICAL
LON-10,B4,1700,maia3-5m,3,c2c4,c4,0.030909236520528793,0.988658441696316,0.48012239459539624,524,29,447,r1b1kb1r/pp2pppp/2n2n2/2Pp4/5B2/2q1PN2/P2N1PPP/R2QKB1R w KQkq -,MODEL_PREDICTION_NOT_EMPIRICAL
LON-10,B4,1700,maia3-5m,4,g1f3,Nf3,0.025549987331032753,0.988658441696316,0.48012239459539624,533,29,438,r1b1kb1r/pp2pppp/2n2n2/2Pp4/5B2/2q1PN2/P2N1PPP/R2QKB1R w KQkq -,MODEL_PREDICTION_NOT_EMPIRICAL
LON-10,B4,1700,maia3-5m,5,e2e3,e3,0.013819748535752296,0.988658441696316,0.48012239459539624,498,29,473,r1b1kb1r/pp2pppp/2n2n2/2Pp4/5B2/2q1PN2/P2N1PPP/R2QKB1R w KQkq -,MODEL_PREDICTION_NOT_EMPIRICAL
LON-10,B4,1700,maia3-5m,6,g2g3,g3,0.012876337394118309,0.988658441696316,0.48012239459539624,523,28,449,r1b1kb1r/pp2pppp/2n2n2/2Pp4/5B2/2q1PN2/P2N1PPP/R2QKB1R w KQkq -,MODEL_PREDICTION_NOT_EMPIRICAL
LON-10,B4,1700,maia3-5m,7,b2b3,b3,0.01174180768430233,0.988658441696316,0.48012239459539624,516,29,455,r1b1kb1r/pp2pppp/2n2n2/2Pp4/5B2/2q1PN2/P2N1PPP/R2QKB1R w KQkq -,MODEL_PREDICTION_NOT_EMPIRICAL
LON-10,B4,1700,maia3-5m,8,f2f4,f4,0.009360010735690594,0.988658441696316,0.48012239459539624,525,28,447,r1b1kb1r/pp2pppp/2n2n2/2Pp4/5B2/2q1PN2/P2N1PPP/R2QKB1R w KQkq -,MODEL_PREDICTION_NOT_EMPIRICAL
LON-10,B4,1700,maia3-5m,9,d2d3,d3,0.004694441333413124,0.988658441696316,0.48012239459539624,505,30,465,r1b1kb1r/pp2pppp/2n2n2/2Pp4/5B2/2q1PN2/P2N1PPP/R2QKB1R w KQkq -,MODEL_PREDICTION_NOT_EMPIRICAL
LON-10,B4,1700,maia3-5m,10,b2b4,b4,0.004339528735727072,0.988658441696316,0.48012239459539624,514,27,459,r1b1kb1r/pp2pppp/2n2n2/2Pp4/5B2/2q1PN2/P2N1PPP/R2QKB1R w KQkq -,MODEL_PREDICTION_NOT_EMPIRICAL
LON-10,B4,1900,maia3-5m,1,e2e4,e4,0.5909685492515564,0.9884343789890409,0.5043124564545928,513,32,455,r1b1kb1r/pp2pppp/2n2n2/2Pp4/5B2/2q1PN2/P2N1PPP/R2QKB1R w KQkq -,MODEL_PREDICTION_NOT_EMPIRICAL
LON-10,B4,1900,maia3-5m,2,d2d4,d4,0.2694249749183655,0.9884343789890409,0.5043124564545928,521,35,444,r1b1kb1r/pp2pppp/2n2n2/2Pp4/5B2/2q1PN2/P2N1PPP/R2QKB1R w KQkq -,MODEL_PREDICTION_NOT_EMPIRICAL
LON-10,B4,1900,maia3-5m,3,c2c4,c4,0.03926251456141472,0.9884343789890409,0.5043124564545928,529,33,438,r1b1kb1r/pp2pppp/2n2n2/2Pp4/5B2/2q1PN2/P2N1PPP/R2QKB1R w KQkq -,MODEL_PREDICTION_NOT_EMPIRICAL
LON-10,B4,1900,maia3-5m,4,g1f3,Nf3,0.032338257879018784,0.9884343789890409,0.5043124564545928,538,33,429,r1b1kb1r/pp2pppp/2n2n2/2Pp4/5B2/2q1PN2/P2N1PPP/R2QKB1R w KQkq -,MODEL_PREDICTION_NOT_EMPIRICAL
LON-10,B4,1900,maia3-5m,5,f2f4,f4,0.01306967530399561,0.9884343789890409,0.5043124564545928,525,30,445,r1b1kb1r/pp2pppp/2n2n2/2Pp4/5B2/2q1PN2/P2N1PPP/R2QKB1R w KQkq -,MODEL_PREDICTION_NOT_EMPIRICAL
LON-10,B4,1900,maia3-5m,6,b2b3,b3,0.011948314495384693,0.9884343789890409,0.5043124564545928,519,33,448,r1b1kb1r/pp2pppp/2n2n2/2Pp4/5B2/2q1PN2/P2N1PPP/R2QKB1R w KQkq -,MODEL_PREDICTION_NOT_EMPIRICAL
LON-10,B4,1900,maia3-5m,7,g2g3,g3,0.01160159520804882,0.9884343789890409,0.5043124564545928,524,33,443,r1b1kb1r/pp2pppp/2n2n2/2Pp4/5B2/2q1PN2/P2N1PPP/R2QKB1R w KQkq -,MODEL_PREDICTION_NOT_EMPIRICAL
LON-10,B4,1900,maia3-5m,8,e2e3,e3,0.010756749659776688,0.9884343789890409,0.5043124564545928,495,33,472,r1b1kb1r/pp2pppp/2n2n2/2Pp4/5B2/2q1PN2/P2N1PPP/R2QKB1R w KQkq -,MODEL_PREDICTION_NOT_EMPIRICAL
LON-10,B4,1900,maia3-5m,9,b2b4,b4,0.0045842663384974,0.9884343789890409,0.5043124564545928,515,29,456,r1b1kb1r/pp2pppp/2n2n2/2Pp4/5B2/2q1PN2/P2N1PPP/R2QKB1R w KQkq -,MODEL_PREDICTION_NOT_EMPIRICAL
LON-10,B4,1900,maia3-5m,10,d2d3,d3,0.0044794813729822636,0.9884343789890409,0.5043124564545928,505,34,461,r1b1kb1r/pp2pppp/2n2n2/2Pp4/5B2/2q1PN2/P2N1PPP/R2QKB1R w KQkq -,MODEL_PREDICTION_NOT_EMPIRICAL
LON-10,B4,2100,maia3-5m,1,e2e4,e4,0.5395658612251282,0.9888081029057503,0.541373665859982,519,41,440,r1b1kb1r/pp2pppp/2n2n2/2Pp4/5B2/2q1PN2/P2N1PPP/R2QKB1R w KQkq -,MODEL_PREDICTION_NOT_EMPIRICAL
LON-10,B4,2100,maia3-5m,2,d2d4,d4,0.2930448055267334,0.9888081029057503,0.541373665859982,527,44,429,r1b1kb1r/pp2pppp/2n2n2/2Pp4/5B2/2q1PN2/P2N1PPP/R2QKB1R w KQkq -,MODEL_PREDICTION_NOT_EMPIRICAL
LON-10,B4,2100,maia3-5m,3,c2c4,c4,0.051827896386384964,0.9888081029057503,0.541373665859982,535,42,423,r1b1kb1r/pp2pppp/2n2n2/2Pp4/5B2/2q1PN2/P2N1PPP/R2QKB1R w KQkq -,MODEL_PREDICTION_NOT_EMPIRICAL
LON-10,B4,2100,maia3-5m,4,g1f3,Nf3,0.05066932365298271,0.9888081029057503,0.541373665859982,542,42,416,r1b1kb1r/pp2pppp/2n2n2/2Pp4/5B2/2q1PN2/P2N1PPP/R2QKB1R w KQkq -,MODEL_PREDICTION_NOT_EMPIRICAL
LON-10,B4,2100,maia3-5m,5,f2f4,f4,0.013551043346524239,0.9888081029057503,0.541373665859982,526,37,437,r1b1kb1r/pp2pppp/2n2n2/2Pp4/5B2/2q1PN2/P2N1PPP/R2QKB1R w KQkq -,MODEL_PREDICTION_NOT_EMPIRICAL
LON-10,B4,2100,maia3-5m,6,b2b3,b3,0.01229612436145544,0.9888081029057503,0.541373665859982,527,41,432,r1b1kb1r/pp2pppp/2n2n2/2Pp4/5B2/2q1PN2/P2N1PPP/R2QKB1R w KQkq -,MODEL_PREDICTION_NOT_EMPIRICAL
LON-10,B4,2100,maia3-5m,7,g2g3,g3,0.009896432980895042,0.9888081029057503,0.541373665859982,531,42,427,r1b1kb1r/pp2pppp/2n2n2/2Pp4/5B2/2q1PN2/P2N1PPP/R2QKB1R w KQkq -,MODEL_PREDICTION_NOT_EMPIRICAL
LON-10,B4,2100,maia3-5m,8,e2e3,e3,0.007974912412464619,0.9888081029057503,0.541373665859982,497,42,461,r1b1kb1r/pp2pppp/2n2n2/2Pp4/5B2/2q1PN2/P2N1PPP/R2QKB1R w KQkq -,MODEL_PREDICTION_NOT_EMPIRICAL
LON-10,B4,2100,maia3-5m,9,b1c3,Nc3,0.0054556746035814285,0.9888081029057503,0.541373665859982,552,39,409,r1b1kb1r/pp2pppp/2n2n2/2Pp4/5B2/2q1PN2/P2N1PPP/R2QKB1R w KQkq -,MODEL_PREDICTION_NOT_EMPIRICAL
LON-10,B4,2100,maia3-5m,10,d2d3,d3,0.004526028409600258,0.9888081029057503,0.541373665859982,513,43,444,r1b1kb1r/pp2pppp/2n2n2/2Pp4/5B2/2q1PN2/P2N1PPP/R2QKB1R w KQkq -,MODEL_PREDICTION_NOT_EMPIRICAL
LON-11,B4,1100,maia3-5m,1,e2e4,e4,0.6749164462089539,0.9871364636346698,0.4342553640682974,519,24,457,r1b1kb1r/pp2pppp/2n2n2/2pp4/3P1B2/2q1PN2/P2N1PPP/1R1QKB1R w Kkq -,MODEL_PREDICTION_NOT_EMPIRICAL
LON-11,B4,1100,maia3-5m,2,d2d4,d4,0.21801438927650452,0.9871364636346698,0.4342553640682974,524,25,451,r1b1kb1r/pp2pppp/2n2n2/2pp4/3P1B2/2q1PN2/P2N1PPP/1R1QKB1R w Kkq -,MODEL_PREDICTION_NOT_EMPIRICAL
LON-11,B4,1100,maia3-5m,3,e2e3,e3,0.022561196237802505,0.9871364636346698,0.4342553640682974,503,25,472,r1b1kb1r/pp2pppp/2n2n2/2pp4/3P1B2/2q1PN2/P2N1PPP/1R1QKB1R w Kkq -,MODEL_PREDICTION_NOT_EMPIRICAL
LON-11,B4,1100,maia3-5m,4,g1f3,Nf3,0.0210112277418375,0.9871364636346698,0.4342553640682974,516,28,456,r1b1kb1r/pp2pppp/2n2n2/2pp4/3P1B2/2q1PN2/P2N1PPP/1R1QKB1R w Kkq -,MODEL_PREDICTION_NOT_EMPIRICAL
LON-11,B4,1100,maia3-5m,5,c2c4,c4,0.016066906973719597,0.9871364636346698,0.4342553640682974,510,25,465,r1b1kb1r/pp2pppp/2n2n2/2pp4/3P1B2/2q1PN2/P2N1PPP/1R1QKB1R w Kkq -,MODEL_PREDICTION_NOT_EMPIRICAL
LON-11,B4,1100,maia3-5m,6,g2g3,g3,0.011687462218105793,0.9871364636346698,0.4342553640682974,494,25,481,r1b1kb1r/pp2pppp/2n2n2/2pp4/3P1B2/2q1PN2/P2N1PPP/1R1QKB1R w Kkq -,MODEL_PREDICTION_NOT_EMPIRICAL
LON-11,B4,1100,maia3-5m,7,b2b3,b3,0.007874177768826485,0.9871364636346698,0.4342553640682974,496,26,478,r1b1kb1r/pp2pppp/2n2n2/2pp4/3P1B2/2q1PN2/P2N1PPP/1R1QKB1R w Kkq -,MODEL_PREDICTION_NOT_EMPIRICAL
LON-11,B4,1100,maia3-5m,8,d2d3,d3,0.005962725728750229,0.9871364636346698,0.4342553640682974,498,26,476,r1b1kb1r/pp2pppp/2n2n2/2pp4/3P1B2/2q1PN2/P2N1PPP/1R1QKB1R w Kkq -,MODEL_PREDICTION_NOT_EMPIRICAL
LON-11,B4,1100,maia3-5m,9,b1c3,Nc3,0.00519427889958024,0.9871364636346698,0.4342553640682974,524,26,450,r1b1kb1r/pp2pppp/2n2n2/2pp4/3P1B2/2q1PN2/P2N1PPP/1R1QKB1R w Kkq -,MODEL_PREDICTION_NOT_EMPIRICAL
LON-11,B4,1100,maia3-5m,10,f2f4,f4,0.003847652580589056,0.9871364636346698,0.4342553640682974,509,27,464,r1b1kb1r/pp2pppp/2n2n2/2pp4/3P1B2/2q1PN2/P2N1PPP/1R1QKB1R w Kkq -,MODEL_PREDICTION_NOT_EMPIRICAL
LON-11,B4,1300,maia3-5m,1,e2e4,e4,0.6615840792655945,0.9876184498425573,0.44341396362140506,518,24,458,r1b1kb1r/pp2pppp/2n2n2/2pp4/3P1B2/2q1PN2/P2N1PPP/1R1QKB1R w Kkq -,MODEL_PREDICTION_NOT_EMPIRICAL
LON-11,B4,1300,maia3-5m,2,d2d4,d4,0.2294148951768875,0.9876184498425573,0.44341396362140506,522,26,452,r1b1kb1r/pp2pppp/2n2n2/2pp4/3P1B2/2q1PN2/P2N1PPP/1R1QKB1R w Kkq -,MODEL_PREDICTION_NOT_EMPIRICAL
LON-11,B4,1300,maia3-5m,3,g1f3,Nf3,0.02157282643020153,0.9876184498425573,0.44341396362140506,523,27,450,r1b1kb1r/pp2pppp/2n2n2/2pp4/3P1B2/2q1PN2/P2N1PPP/1R1QKB1R w Kkq -,MODEL_PREDICTION_NOT_EMPIRICAL
LON-11,B4,1300,maia3-5m,4,c2c4,c4,0.020122205838561058,0.9876184498425573,0.44341396362140506,514,26,460,r1b1kb1r/pp2pppp/2n2n2/2pp4/3P1B2/2q1PN2/P2N1PPP/1R1QKB1R w Kkq -,MODEL_PREDICTION_NOT_EMPIRICAL
LON-11,B4,1300,maia3-5m,5,e2e3,e3,0.019332410767674446,0.9876184498425573,0.44341396362140506,504,25,471,r1b1kb1r/pp2pppp/2n2n2/2pp4/3P1B2/2q1PN2/P2N1PPP/1R1QKB1R w Kkq -,MODEL_PREDICTION_NOT_EMPIRICAL
LON-11,B4,1300,maia3-5m,6,g2g3,g3,0.012549953535199165,0.9876184498425573,0.44341396362140506,506,26,468,r1b1kb1r/pp2pppp/2n2n2/2pp4/3P1B2/2q1PN2/P2N1PPP/1R1QKB1R w Kkq -,MODEL_PREDICTION_NOT_EMPIRICAL
LON-11,B4,1300,maia3-5m,7,b2b3,b3,0.009338651783764362,0.9876184498425573,0.44341396362140506,503,26,471,r1b1kb1r/pp2pppp/2n2n2/2pp4/3P1B2/2q1PN2/P2N1PPP/1R1QKB1R w Kkq -,MODEL_PREDICTION_NOT_EMPIRICAL
LON-11,B4,1300,maia3-5m,8,d2d3,d3,0.005362409166991711,0.9876184498425573,0.44341396362140506,501,27,472,r1b1kb1r/pp2pppp/2n2n2/2pp4/3P1B2/2q1PN2/P2N1PPP/1R1QKB1R w Kkq -,MODEL_PREDICTION_NOT_EMPIRICAL
LON-11,B4,1300,maia3-5m,9,f2f4,f4,0.004565780982375145,0.9876184498425573,0.44341396362140506,518,27,455,r1b1kb1r/pp2pppp/2n2n2/2pp4/3P1B2/2q1PN2/P2N1PPP/1R1QKB1R w Kkq -,MODEL_PREDICTION_NOT_EMPIRICAL
LON-11,B4,1300,maia3-5m,10,b1c3,Nc3,0.0037752368953078985,0.9876184498425573,0.44341396362140506,529,25,446,r1b1kb1r/pp2pppp/2n2n2/2pp4/3P1B2/2q1PN2/P2N1PPP/1R1QKB1R w Kkq -,MODEL_PREDICTION_NOT_EMPIRICAL
LON-11,B4,1500,maia3-5m,1,e2e4,e4,0.6428149938583374,0.98806171445176,0.4600856076991717,516,25,459,r1b1kb1r/pp2pppp/2n2n2/2pp4/3P1B2/2q1PN2/P2N1PPP/1R1QKB1R w Kkq -,MODEL_PREDICTION_NOT_EMPIRICAL
LON-11,B4,1500,maia3-5m,2,d2d4,d4,0.2416517585515976,0.98806171445176,0.4600856076991717,521,27,452,r1b1kb1r/pp2pppp/2n2n2/2pp4/3P1B2/2q1PN2/P2N1PPP/1R1QKB1R w Kkq -,MODEL_PREDICTION_NOT_EMPIRICAL
LON-11,B4,1500,maia3-5m,3,c2c4,c4,0.025009406730532646,0.98806171445176,0.4600856076991717,518,26,456,r1b1kb1r/pp2pppp/2n2n2/2pp4/3P1B2/2q1PN2/P2N1PPP/1R1QKB1R w Kkq -,MODEL_PREDICTION_NOT_EMPIRICAL
LON-11,B4,1500,maia3-5m,4,g1f3,Nf3,0.022932549938559532,0.98806171445176,0.4600856076991717,528,27,445,r1b1kb1r/pp2pppp/2n2n2/2pp4/3P1B2/2q1PN2/P2N1PPP/1R1QKB1R w Kkq -,MODEL_PREDICTION_NOT_EMPIRICAL
LON-11,B4,1500,maia3-5m,5,e2e3,e3,0.016669709235429764,0.98806171445176,0.4600856076991717,502,26,472,r1b1kb1r/pp2pppp/2n2n2/2pp4/3P1B2/2q1PN2/P2N1PPP/1R1QKB1R w Kkq -,MODEL_PREDICTION_NOT_EMPIRICAL
LON-11,B4,1500,maia3-5m,6,g2g3,g3,0.013175034895539284,0.98806171445176,0.4600856076991717,516,27,457,r1b1kb1r/pp2pppp/2n2n2/2pp4/3P1B2/2q1PN2/P2N1PPP/1R1QKB1R w Kkq -,MODEL_PREDICTION_NOT_EMPIRICAL
LON-11,B4,1500,maia3-5m,7,b2b3,b3,0.010849794372916222,0.98806171445176,0.4600856076991717,510,27,463,r1b1kb1r/pp2pppp/2n2n2/2pp4/3P1B2/2q1PN2/P2N1PPP/1R1QKB1R w Kkq -,MODEL_PREDICTION_NOT_EMPIRICAL
LON-11,B4,1500,maia3-5m,8,f2f4,f4,0.0063391150906682014,0.98806171445176,0.4600856076991717,523,27,450,r1b1kb1r/pp2pppp/2n2n2/2pp4/3P1B2/2q1PN2/P2N1PPP/1R1QKB1R w Kkq -,MODEL_PREDICTION_NOT_EMPIRICAL
LON-11,B4,1500,maia3-5m,9,d2d3,d3,0.004973711911588907,0.98806171445176,0.4600856076991717,504,28,468,r1b1kb1r/pp2pppp/2n2n2/2pp4/3P1B2/2q1PN2/P2N1PPP/1R1QKB1R w Kkq -,MODEL_PREDICTION_NOT_EMPIRICAL
LON-11,B4,1500,maia3-5m,10,b2b4,b4,0.0036456398665905,0.98806171445176,0.4600856076991717,512,27,461,r1b1kb1r/pp2pppp/2n2n2/2pp4/3P1B2/2q1PN2/P2N1PPP/1R1QKB1R w Kkq -,MODEL_PREDICTION_NOT_EMPIRICAL
LON-11,B4,1700,maia3-5m,1,e2e4,e4,0.6205705404281616,0.988658441696316,0.48012239459539624,513,27,460,r1b1kb1r/pp2pppp/2n2n2/2pp4/3P1B2/2q1PN2/P2N1PPP/1R1QKB1R w Kkq -,MODEL_PREDICTION_NOT_EMPIRICAL
LON-11,B4,1700,maia3-5m,2,d2d4,d4,0.2547968029975891,0.988658441696316,0.48012239459539624,519,30,451,r1b1kb1r/pp2pppp/2n2n2/2pp4/3P1B2/2q1PN2/P2N1PPP/1R1QKB1R w Kkq -,MODEL_PREDICTION_NOT_EMPIRICAL
LON-11,B4,1700,maia3-5m,3,c2c4,c4,0.030909236520528793,0.988658441696316,0.48012239459539624,524,29,447,r1b1kb1r/pp2pppp/2n2n2/2pp4/3P1B2/2q1PN2/P2N1PPP/1R1QKB1R w Kkq -,MODEL_PREDICTION_NOT_EMPIRICAL
LON-11,B4,1700,maia3-5m,4,g1f3,Nf3,0.025549987331032753,0.988658441696316,0.48012239459539624,533,29,438,r1b1kb1r/pp2pppp/2n2n2/2pp4/3P1B2/2q1PN2/P2N1PPP/1R1QKB1R w Kkq -,MODEL_PREDICTION_NOT_EMPIRICAL
LON-11,B4,1700,maia3-5m,5,e2e3,e3,0.013819748535752296,0.988658441696316,0.48012239459539624,498,29,473,r1b1kb1r/pp2pppp/2n2n2/2pp4/3P1B2/2q1PN2/P2N1PPP/1R1QKB1R w Kkq -,MODEL_PREDICTION_NOT_EMPIRICAL
LON-11,B4,1700,maia3-5m,6,g2g3,g3,0.012876337394118309,0.988658441696316,0.48012239459539624,523,28,449,r1b1kb1r/pp2pppp/2n2n2/2pp4/3P1B2/2q1PN2/P2N1PPP/1R1QKB1R w Kkq -,MODEL_PREDICTION_NOT_EMPIRICAL
LON-11,B4,1700,maia3-5m,7,b2b3,b3,0.01174180768430233,0.988658441696316,0.48012239459539624,516,29,455,r1b1kb1r/pp2pppp/2n2n2/2pp4/3P1B2/2q1PN2/P2N1PPP/1R1QKB1R w Kkq -,MODEL_PREDICTION_NOT_EMPIRICAL
LON-11,B4,1700,maia3-5m,8,f2f4,f4,0.009360010735690594,0.988658441696316,0.48012239459539624,525,28,447,r1b1kb1r/pp2pppp/2n2n2/2pp4/3P1B2/2q1PN2/P2N1PPP/1R1QKB1R w Kkq -,MODEL_PREDICTION_NOT_EMPIRICAL
LON-11,B4,1700,maia3-5m,9,d2d3,d3,0.004694441333413124,0.988658441696316,0.48012239459539624,505,30,465,r1b1kb1r/pp2pppp/2n2n2/2pp4/3P1B2/2q1PN2/P2N1PPP/1R1QKB1R w Kkq -,MODEL_PREDICTION_NOT_EMPIRICAL
LON-11,B4,1700,maia3-5m,10,b2b4,b4,0.004339528735727072,0.988658441696316,0.48012239459539624,514,27,459,r1b1kb1r/pp2pppp/2n2n2/2pp4/3P1B2/2q1PN2/P2N1PPP/1R1QKB1R w Kkq -,MODEL_PREDICTION_NOT_EMPIRICAL
LON-11,B4,1900,maia3-5m,1,e2e4,e4,0.5909685492515564,0.9884343789890409,0.5043124564545928,513,32,455,r1b1kb1r/pp2pppp/2n2n2/2pp4/3P1B2/2q1PN2/P2N1PPP/1R1QKB1R w Kkq -,MODEL_PREDICTION_NOT_EMPIRICAL
LON-11,B4,1900,maia3-5m,2,d2d4,d4,0.2694249749183655,0.9884343789890409,0.5043124564545928,521,35,444,r1b1kb1r/pp2pppp/2n2n2/2pp4/3P1B2/2q1PN2/P2N1PPP/1R1QKB1R w Kkq -,MODEL_PREDICTION_NOT_EMPIRICAL
LON-11,B4,1900,maia3-5m,3,c2c4,c4,0.03926251456141472,0.9884343789890409,0.5043124564545928,529,33,438,r1b1kb1r/pp2pppp/2n2n2/2pp4/3P1B2/2q1PN2/P2N1PPP/1R1QKB1R w Kkq -,MODEL_PREDICTION_NOT_EMPIRICAL
LON-11,B4,1900,maia3-5m,4,g1f3,Nf3,0.032338257879018784,0.9884343789890409,0.5043124564545928,538,33,429,r1b1kb1r/pp2pppp/2n2n2/2pp4/3P1B2/2q1PN2/P2N1PPP/1R1QKB1R w Kkq -,MODEL_PREDICTION_NOT_EMPIRICAL
LON-11,B4,1900,maia3-5m,5,f2f4,f4,0.01306967530399561,0.9884343789890409,0.5043124564545928,525,30,445,r1b1kb1r/pp2pppp/2n2n2/2pp4/3P1B2/2q1PN2/P2N1PPP/1R1QKB1R w Kkq -,MODEL_PREDICTION_NOT_EMPIRICAL
LON-11,B4,1900,maia3-5m,6,b2b3,b3,0.011948314495384693,0.9884343789890409,0.5043124564545928,519,33,448,r1b1kb1r/pp2pppp/2n2n2/2pp4/3P1B2/2q1PN2/P2N1PPP/1R1QKB1R w Kkq -,MODEL_PREDICTION_NOT_EMPIRICAL
LON-11,B4,1900,maia3-5m,7,g2g3,g3,0.01160159520804882,0.9884343789890409,0.5043124564545928,524,33,443,r1b1kb1r/pp2pppp/2n2n2/2pp4/3P1B2/2q1PN2/P2N1PPP/1R1QKB1R w Kkq -,MODEL_PREDICTION_NOT_EMPIRICAL
LON-11,B4,1900,maia3-5m,8,e2e3,e3,0.010756749659776688,0.9884343789890409,0.5043124564545928,495,33,472,r1b1kb1r/pp2pppp/2n2n2/2pp4/3P1B2/2q1PN2/P2N1PPP/1R1QKB1R w Kkq -,MODEL_PREDICTION_NOT_EMPIRICAL
LON-11,B4,1900,maia3-5m,9,b2b4,b4,0.0045842663384974,0.9884343789890409,0.5043124564545928,515,29,456,r1b1kb1r/pp2pppp/2n2n2/2pp4/3P1B2/2q1PN2/P2N1PPP/1R1QKB1R w Kkq -,MODEL_PREDICTION_NOT_EMPIRICAL
LON-11,B4,1900,maia3-5m,10,d2d3,d3,0.0044794813729822636,0.9884343789890409,0.5043124564545928,505,34,461,r1b1kb1r/pp2pppp/2n2n2/2pp4/3P1B2/2q1PN2/P2N1PPP/1R1QKB1R w Kkq -,MODEL_PREDICTION_NOT_EMPIRICAL
LON-11,B4,2100,maia3-5m,1,e2e4,e4,0.5395658612251282,0.9888081029057503,0.541373665859982,519,41,440,r1b1kb1r/pp2pppp/2n2n2/2pp4/3P1B2/2q1PN2/P2N1PPP/1R1QKB1R w Kkq -,MODEL_PREDICTION_NOT_EMPIRICAL
LON-11,B4,2100,maia3-5m,2,d2d4,d4,0.2930448055267334,0.9888081029057503,0.541373665859982,527,44,429,r1b1kb1r/pp2pppp/2n2n2/2pp4/3P1B2/2q1PN2/P2N1PPP/1R1QKB1R w Kkq -,MODEL_PREDICTION_NOT_EMPIRICAL
LON-11,B4,2100,maia3-5m,3,c2c4,c4,0.051827896386384964,0.9888081029057503,0.541373665859982,535,42,423,r1b1kb1r/pp2pppp/2n2n2/2pp4/3P1B2/2q1PN2/P2N1PPP/1R1QKB1R w Kkq -,MODEL_PREDICTION_NOT_EMPIRICAL
LON-11,B4,2100,maia3-5m,4,g1f3,Nf3,0.05066932365298271,0.9888081029057503,0.541373665859982,542,42,416,r1b1kb1r/pp2pppp/2n2n2/2pp4/3P1B2/2q1PN2/P2N1PPP/1R1QKB1R w Kkq -,MODEL_PREDICTION_NOT_EMPIRICAL
LON-11,B4,2100,maia3-5m,5,f2f4,f4,0.013551043346524239,0.9888081029057503,0.541373665859982,526,37,437,r1b1kb1r/pp2pppp/2n2n2/2pp4/3P1B2/2q1PN2/P2N1PPP/1R1QKB1R w Kkq -,MODEL_PREDICTION_NOT_EMPIRICAL
LON-11,B4,2100,maia3-5m,6,b2b3,b3,0.01229612436145544,0.9888081029057503,0.541373665859982,527,41,432,r1b1kb1r/pp2pppp/2n2n2/2pp4/3P1B2/2q1PN2/P2N1PPP/1R1QKB1R w Kkq -,MODEL_PREDICTION_NOT_EMPIRICAL
LON-11,B4,2100,maia3-5m,7,g2g3,g3,0.009896432980895042,0.9888081029057503,0.541373665859982,531,42,427,r1b1kb1r/pp2pppp/2n2n2/2pp4/3P1B2/2q1PN2/P2N1PPP/1R1QKB1R w Kkq -,MODEL_PREDICTION_NOT_EMPIRICAL
LON-11,B4,2100,maia3-5m,8,e2e3,e3,0.007974912412464619,0.9888081029057503,0.541373665859982,497,42,461,r1b1kb1r/pp2pppp/2n2n2/2pp4/3P1B2/2q1PN2/P2N1PPP/1R1QKB1R w Kkq -,MODEL_PREDICTION_NOT_EMPIRICAL
LON-11,B4,2100,maia3-5m,9,b1c3,Nc3,0.0054556746035814285,0.9888081029057503,0.541373665859982,552,39,409,r1b1kb1r/pp2pppp/2n2n2/2pp4/3P1B2/2q1PN2/P2N1PPP/1R1QKB1R w Kkq -,MODEL_PREDICTION_NOT_EMPIRICAL
LON-11,B4,2100,maia3-5m,10,d2d3,d3,0.004526028409600258,0.9888081029057503,0.541373665859982,513,43,444,r1b1kb1r/pp2pppp/2n2n2/2pp4/3P1B2/2q1PN2/P2N1PPP/1R1QKB1R w Kkq -,MODEL_PREDICTION_NOT_EMPIRICAL
LON-12,B4,1100,maia3-5m,1,e2e4,e4,0.6749164462089539,0.9871364636346698,0.4342553640682974,519,24,457,r1b1kb1r/pp2pppp/2n2n2/2pp4/3P1B2/2qBPN2/P2N1PPP/R2QK2R w KQkq -,MODEL_PREDICTION_NOT_EMPIRICAL
LON-12,B4,1100,maia3-5m,2,d2d4,d4,0.21801438927650452,0.9871364636346698,0.4342553640682974,524,25,451,r1b1kb1r/pp2pppp/2n2n2/2pp4/3P1B2/2qBPN2/P2N1PPP/R2QK2R w KQkq -,MODEL_PREDICTION_NOT_EMPIRICAL
LON-12,B4,1100,maia3-5m,3,e2e3,e3,0.022561196237802505,0.9871364636346698,0.4342553640682974,503,25,472,r1b1kb1r/pp2pppp/2n2n2/2pp4/3P1B2/2qBPN2/P2N1PPP/R2QK2R w KQkq -,MODEL_PREDICTION_NOT_EMPIRICAL
LON-12,B4,1100,maia3-5m,4,g1f3,Nf3,0.0210112277418375,0.9871364636346698,0.4342553640682974,516,28,456,r1b1kb1r/pp2pppp/2n2n2/2pp4/3P1B2/2qBPN2/P2N1PPP/R2QK2R w KQkq -,MODEL_PREDICTION_NOT_EMPIRICAL
LON-12,B4,1100,maia3-5m,5,c2c4,c4,0.016066906973719597,0.9871364636346698,0.4342553640682974,510,25,465,r1b1kb1r/pp2pppp/2n2n2/2pp4/3P1B2/2qBPN2/P2N1PPP/R2QK2R w KQkq -,MODEL_PREDICTION_NOT_EMPIRICAL
LON-12,B4,1100,maia3-5m,6,g2g3,g3,0.011687462218105793,0.9871364636346698,0.4342553640682974,494,25,481,r1b1kb1r/pp2pppp/2n2n2/2pp4/3P1B2/2qBPN2/P2N1PPP/R2QK2R w KQkq -,MODEL_PREDICTION_NOT_EMPIRICAL
LON-12,B4,1100,maia3-5m,7,b2b3,b3,0.007874177768826485,0.9871364636346698,0.4342553640682974,496,26,478,r1b1kb1r/pp2pppp/2n2n2/2pp4/3P1B2/2qBPN2/P2N1PPP/R2QK2R w KQkq -,MODEL_PREDICTION_NOT_EMPIRICAL
LON-12,B4,1100,maia3-5m,8,d2d3,d3,0.005962725728750229,0.9871364636346698,0.4342553640682974,498,26,476,r1b1kb1r/pp2pppp/2n2n2/2pp4/3P1B2/2qBPN2/P2N1PPP/R2QK2R w KQkq -,MODEL_PREDICTION_NOT_EMPIRICAL
LON-12,B4,1100,maia3-5m,9,b1c3,Nc3,0.00519427889958024,0.9871364636346698,0.4342553640682974,524,26,450,r1b1kb1r/pp2pppp/2n2n2/2pp4/3P1B2/2qBPN2/P2N1PPP/R2QK2R w KQkq -,MODEL_PREDICTION_NOT_EMPIRICAL
LON-12,B4,1100,maia3-5m,10,f2f4,f4,0.003847652580589056,0.9871364636346698,0.4342553640682974,509,27,464,r1b1kb1r/pp2pppp/2n2n2/2pp4/3P1B2/2qBPN2/P2N1PPP/R2QK2R w KQkq -,MODEL_PREDICTION_NOT_EMPIRICAL
LON-12,B4,1300,maia3-5m,1,e2e4,e4,0.6615840792655945,0.9876184498425573,0.44341396362140506,518,24,458,r1b1kb1r/pp2pppp/2n2n2/2pp4/3P1B2/2qBPN2/P2N1PPP/R2QK2R w KQkq -,MODEL_PREDICTION_NOT_EMPIRICAL
LON-12,B4,1300,maia3-5m,2,d2d4,d4,0.2294148951768875,0.9876184498425573,0.44341396362140506,522,26,452,r1b1kb1r/pp2pppp/2n2n2/2pp4/3P1B2/2qBPN2/P2N1PPP/R2QK2R w KQkq -,MODEL_PREDICTION_NOT_EMPIRICAL
LON-12,B4,1300,maia3-5m,3,g1f3,Nf3,0.02157282643020153,0.9876184498425573,0.44341396362140506,523,27,450,r1b1kb1r/pp2pppp/2n2n2/2pp4/3P1B2/2qBPN2/P2N1PPP/R2QK2R w KQkq -,MODEL_PREDICTION_NOT_EMPIRICAL
LON-12,B4,1300,maia3-5m,4,c2c4,c4,0.020122205838561058,0.9876184498425573,0.44341396362140506,514,26,460,r1b1kb1r/pp2pppp/2n2n2/2pp4/3P1B2/2qBPN2/P2N1PPP/R2QK2R w KQkq -,MODEL_PREDICTION_NOT_EMPIRICAL
LON-12,B4,1300,maia3-5m,5,e2e3,e3,0.019332410767674446,0.9876184498425573,0.44341396362140506,504,25,471,r1b1kb1r/pp2pppp/2n2n2/2pp4/3P1B2/2qBPN2/P2N1PPP/R2QK2R w KQkq -,MODEL_PREDICTION_NOT_EMPIRICAL
LON-12,B4,1300,maia3-5m,6,g2g3,g3,0.012549953535199165,0.9876184498425573,0.44341396362140506,506,26,468,r1b1kb1r/pp2pppp/2n2n2/2pp4/3P1B2/2qBPN2/P2N1PPP/R2QK2R w KQkq -,MODEL_PREDICTION_NOT_EMPIRICAL
LON-12,B4,1300,maia3-5m,7,b2b3,b3,0.009338651783764362,0.9876184498425573,0.44341396362140506,503,26,471,r1b1kb1r/pp2pppp/2n2n2/2pp4/3P1B2/2qBPN2/P2N1PPP/R2QK2R w KQkq -,MODEL_PREDICTION_NOT_EMPIRICAL
LON-12,B4,1300,maia3-5m,8,d2d3,d3,0.005362409166991711,0.9876184498425573,0.44341396362140506,501,27,472,r1b1kb1r/pp2pppp/2n2n2/2pp4/3P1B2/2qBPN2/P2N1PPP/R2QK2R w KQkq -,MODEL_PREDICTION_NOT_EMPIRICAL
LON-12,B4,1300,maia3-5m,9,f2f4,f4,0.004565780982375145,0.9876184498425573,0.44341396362140506,518,27,455,r1b1kb1r/pp2pppp/2n2n2/2pp4/3P1B2/2qBPN2/P2N1PPP/R2QK2R w KQkq -,MODEL_PREDICTION_NOT_EMPIRICAL
LON-12,B4,1300,maia3-5m,10,b1c3,Nc3,0.0037752368953078985,0.9876184498425573,0.44341396362140506,529,25,446,r1b1kb1r/pp2pppp/2n2n2/2pp4/3P1B2/2qBPN2/P2N1PPP/R2QK2R w KQkq -,MODEL_PREDICTION_NOT_EMPIRICAL
LON-12,B4,1500,maia3-5m,1,e2e4,e4,0.6428149938583374,0.98806171445176,0.4600856076991717,516,25,459,r1b1kb1r/pp2pppp/2n2n2/2pp4/3P1B2/2qBPN2/P2N1PPP/R2QK2R w KQkq -,MODEL_PREDICTION_NOT_EMPIRICAL
LON-12,B4,1500,maia3-5m,2,d2d4,d4,0.2416517585515976,0.98806171445176,0.4600856076991717,521,27,452,r1b1kb1r/pp2pppp/2n2n2/2pp4/3P1B2/2qBPN2/P2N1PPP/R2QK2R w KQkq -,MODEL_PREDICTION_NOT_EMPIRICAL
LON-12,B4,1500,maia3-5m,3,c2c4,c4,0.025009406730532646,0.98806171445176,0.4600856076991717,518,26,456,r1b1kb1r/pp2pppp/2n2n2/2pp4/3P1B2/2qBPN2/P2N1PPP/R2QK2R w KQkq -,MODEL_PREDICTION_NOT_EMPIRICAL
LON-12,B4,1500,maia3-5m,4,g1f3,Nf3,0.022932549938559532,0.98806171445176,0.4600856076991717,528,27,445,r1b1kb1r/pp2pppp/2n2n2/2pp4/3P1B2/2qBPN2/P2N1PPP/R2QK2R w KQkq -,MODEL_PREDICTION_NOT_EMPIRICAL
LON-12,B4,1500,maia3-5m,5,e2e3,e3,0.016669709235429764,0.98806171445176,0.4600856076991717,502,26,472,r1b1kb1r/pp2pppp/2n2n2/2pp4/3P1B2/2qBPN2/P2N1PPP/R2QK2R w KQkq -,MODEL_PREDICTION_NOT_EMPIRICAL
LON-12,B4,1500,maia3-5m,6,g2g3,g3,0.013175034895539284,0.98806171445176,0.4600856076991717,516,27,457,r1b1kb1r/pp2pppp/2n2n2/2pp4/3P1B2/2qBPN2/P2N1PPP/R2QK2R w KQkq -,MODEL_PREDICTION_NOT_EMPIRICAL
LON-12,B4,1500,maia3-5m,7,b2b3,b3,0.010849794372916222,0.98806171445176,0.4600856076991717,510,27,463,r1b1kb1r/pp2pppp/2n2n2/2pp4/3P1B2/2qBPN2/P2N1PPP/R2QK2R w KQkq -,MODEL_PREDICTION_NOT_EMPIRICAL
LON-12,B4,1500,maia3-5m,8,f2f4,f4,0.0063391150906682014,0.98806171445176,0.4600856076991717,523,27,450,r1b1kb1r/pp2pppp/2n2n2/2pp4/3P1B2/2qBPN2/P2N1PPP/R2QK2R w KQkq -,MODEL_PREDICTION_NOT_EMPIRICAL
LON-12,B4,1500,maia3-5m,9,d2d3,d3,0.004973711911588907,0.98806171445176,0.4600856076991717,504,28,468,r1b1kb1r/pp2pppp/2n2n2/2pp4/3P1B2/2qBPN2/P2N1PPP/R2QK2R w KQkq -,MODEL_PREDICTION_NOT_EMPIRICAL
LON-12,B4,1500,maia3-5m,10,b2b4,b4,0.0036456398665905,0.98806171445176,0.4600856076991717,512,27,461,r1b1kb1r/pp2pppp/2n2n2/2pp4/3P1B2/2qBPN2/P2N1PPP/R2QK2R w KQkq -,MODEL_PREDICTION_NOT_EMPIRICAL
LON-12,B4,1700,maia3-5m,1,e2e4,e4,0.6205705404281616,0.988658441696316,0.48012239459539624,513,27,460,r1b1kb1r/pp2pppp/2n2n2/2pp4/3P1B2/2qBPN2/P2N1PPP/R2QK2R w KQkq -,MODEL_PREDICTION_NOT_EMPIRICAL
LON-12,B4,1700,maia3-5m,2,d2d4,d4,0.2547968029975891,0.988658441696316,0.48012239459539624,519,30,451,r1b1kb1r/pp2pppp/2n2n2/2pp4/3P1B2/2qBPN2/P2N1PPP/R2QK2R w KQkq -,MODEL_PREDICTION_NOT_EMPIRICAL
LON-12,B4,1700,maia3-5m,3,c2c4,c4,0.030909236520528793,0.988658441696316,0.48012239459539624,524,29,447,r1b1kb1r/pp2pppp/2n2n2/2pp4/3P1B2/2qBPN2/P2N1PPP/R2QK2R w KQkq -,MODEL_PREDICTION_NOT_EMPIRICAL
LON-12,B4,1700,maia3-5m,4,g1f3,Nf3,0.025549987331032753,0.988658441696316,0.48012239459539624,533,29,438,r1b1kb1r/pp2pppp/2n2n2/2pp4/3P1B2/2qBPN2/P2N1PPP/R2QK2R w KQkq -,MODEL_PREDICTION_NOT_EMPIRICAL
LON-12,B4,1700,maia3-5m,5,e2e3,e3,0.013819748535752296,0.988658441696316,0.48012239459539624,498,29,473,r1b1kb1r/pp2pppp/2n2n2/2pp4/3P1B2/2qBPN2/P2N1PPP/R2QK2R w KQkq -,MODEL_PREDICTION_NOT_EMPIRICAL
LON-12,B4,1700,maia3-5m,6,g2g3,g3,0.012876337394118309,0.988658441696316,0.48012239459539624,523,28,449,r1b1kb1r/pp2pppp/2n2n2/2pp4/3P1B2/2qBPN2/P2N1PPP/R2QK2R w KQkq -,MODEL_PREDICTION_NOT_EMPIRICAL
LON-12,B4,1700,maia3-5m,7,b2b3,b3,0.01174180768430233,0.988658441696316,0.48012239459539624,516,29,455,r1b1kb1r/pp2pppp/2n2n2/2pp4/3P1B2/2qBPN2/P2N1PPP/R2QK2R w KQkq -,MODEL_PREDICTION_NOT_EMPIRICAL
LON-12,B4,1700,maia3-5m,8,f2f4,f4,0.009360010735690594,0.988658441696316,0.48012239459539624,525,28,447,r1b1kb1r/pp2pppp/2n2n2/2pp4/3P1B2/2qBPN2/P2N1PPP/R2QK2R w KQkq -,MODEL_PREDICTION_NOT_EMPIRICAL
LON-12,B4,1700,maia3-5m,9,d2d3,d3,0.004694441333413124,0.988658441696316,0.48012239459539624,505,30,465,r1b1kb1r/pp2pppp/2n2n2/2pp4/3P1B2/2qBPN2/P2N1PPP/R2QK2R w KQkq -,MODEL_PREDICTION_NOT_EMPIRICAL
LON-12,B4,1700,maia3-5m,10,b2b4,b4,0.004339528735727072,0.988658441696316,0.48012239459539624,514,27,459,r1b1kb1r/pp2pppp/2n2n2/2pp4/3P1B2/2qBPN2/P2N1PPP/R2QK2R w KQkq -,MODEL_PREDICTION_NOT_EMPIRICAL
LON-12,B4,1900,maia3-5m,1,e2e4,e4,0.5909685492515564,0.9884343789890409,0.5043124564545928,513,32,455,r1b1kb1r/pp2pppp/2n2n2/2pp4/3P1B2/2qBPN2/P2N1PPP/R2QK2R w KQkq -,MODEL_PREDICTION_NOT_EMPIRICAL
LON-12,B4,1900,maia3-5m,2,d2d4,d4,0.2694249749183655,0.9884343789890409,0.5043124564545928,521,35,444,r1b1kb1r/pp2pppp/2n2n2/2pp4/3P1B2/2qBPN2/P2N1PPP/R2QK2R w KQkq -,MODEL_PREDICTION_NOT_EMPIRICAL
LON-12,B4,1900,maia3-5m,3,c2c4,c4,0.03926251456141472,0.9884343789890409,0.5043124564545928,529,33,438,r1b1kb1r/pp2pppp/2n2n2/2pp4/3P1B2/2qBPN2/P2N1PPP/R2QK2R w KQkq -,MODEL_PREDICTION_NOT_EMPIRICAL
LON-12,B4,1900,maia3-5m,4,g1f3,Nf3,0.032338257879018784,0.9884343789890409,0.5043124564545928,538,33,429,r1b1kb1r/pp2pppp/2n2n2/2pp4/3P1B2/2qBPN2/P2N1PPP/R2QK2R w KQkq -,MODEL_PREDICTION_NOT_EMPIRICAL
LON-12,B4,1900,maia3-5m,5,f2f4,f4,0.01306967530399561,0.9884343789890409,0.5043124564545928,525,30,445,r1b1kb1r/pp2pppp/2n2n2/2pp4/3P1B2/2qBPN2/P2N1PPP/R2QK2R w KQkq -,MODEL_PREDICTION_NOT_EMPIRICAL
LON-12,B4,1900,maia3-5m,6,b2b3,b3,0.011948314495384693,0.9884343789890409,0.5043124564545928,519,33,448,r1b1kb1r/pp2pppp/2n2n2/2pp4/3P1B2/2qBPN2/P2N1PPP/R2QK2R w KQkq -,MODEL_PREDICTION_NOT_EMPIRICAL
LON-12,B4,1900,maia3-5m,7,g2g3,g3,0.01160159520804882,0.9884343789890409,0.5043124564545928,524,33,443,r1b1kb1r/pp2pppp/2n2n2/2pp4/3P1B2/2qBPN2/P2N1PPP/R2QK2R w KQkq -,MODEL_PREDICTION_NOT_EMPIRICAL
LON-12,B4,1900,maia3-5m,8,e2e3,e3,0.010756749659776688,0.9884343789890409,0.5043124564545928,495,33,472,r1b1kb1r/pp2pppp/2n2n2/2pp4/3P1B2/2qBPN2/P2N1PPP/R2QK2R w KQkq -,MODEL_PREDICTION_NOT_EMPIRICAL
LON-12,B4,1900,maia3-5m,9,b2b4,b4,0.0045842663384974,0.9884343789890409,0.5043124564545928,515,29,456,r1b1kb1r/pp2pppp/2n2n2/2pp4/3P1B2/2qBPN2/P2N1PPP/R2QK2R w KQkq -,MODEL_PREDICTION_NOT_EMPIRICAL
LON-12,B4,1900,maia3-5m,10,d2d3,d3,0.0044794813729822636,0.9884343789890409,0.5043124564545928,505,34,461,r1b1kb1r/pp2pppp/2n2n2/2pp4/3P1B2/2qBPN2/P2N1PPP/R2QK2R w KQkq -,MODEL_PREDICTION_NOT_EMPIRICAL
LON-12,B4,2100,maia3-5m,1,e2e4,e4,0.5395658612251282,0.9888081029057503,0.541373665859982,519,41,440,r1b1kb1r/pp2pppp/2n2n2/2pp4/3P1B2/2qBPN2/P2N1PPP/R2QK2R w KQkq -,MODEL_PREDICTION_NOT_EMPIRICAL
LON-12,B4,2100,maia3-5m,2,d2d4,d4,0.2930448055267334,0.9888081029057503,0.541373665859982,527,44,429,r1b1kb1r/pp2pppp/2n2n2/2pp4/3P1B2/2qBPN2/P2N1PPP/R2QK2R w KQkq -,MODEL_PREDICTION_NOT_EMPIRICAL
LON-12,B4,2100,maia3-5m,3,c2c4,c4,0.051827896386384964,0.9888081029057503,0.541373665859982,535,42,423,r1b1kb1r/pp2pppp/2n2n2/2pp4/3P1B2/2qBPN2/P2N1PPP/R2QK2R w KQkq -,MODEL_PREDICTION_NOT_EMPIRICAL
LON-12,B4,2100,maia3-5m,4,g1f3,Nf3,0.05066932365298271,0.9888081029057503,0.541373665859982,542,42,416,r1b1kb1r/pp2pppp/2n2n2/2pp4/3P1B2/2qBPN2/P2N1PPP/R2QK2R w KQkq -,MODEL_PREDICTION_NOT_EMPIRICAL
LON-12,B4,2100,maia3-5m,5,f2f4,f4,0.013551043346524239,0.9888081029057503,0.541373665859982,526,37,437,r1b1kb1r/pp2pppp/2n2n2/2pp4/3P1B2/2qBPN2/P2N1PPP/R2QK2R w KQkq -,MODEL_PREDICTION_NOT_EMPIRICAL
LON-12,B4,2100,maia3-5m,6,b2b3,b3,0.01229612436145544,0.9888081029057503,0.541373665859982,527,41,432,r1b1kb1r/pp2pppp/2n2n2/2pp4/3P1B2/2qBPN2/P2N1PPP/R2QK2R w KQkq -,MODEL_PREDICTION_NOT_EMPIRICAL
LON-12,B4,2100,maia3-5m,7,g2g3,g3,0.009896432980895042,0.9888081029057503,0.541373665859982,531,42,427,r1b1kb1r/pp2pppp/2n2n2/2pp4/3P1B2/2qBPN2/P2N1PPP/R2QK2R w KQkq -,MODEL_PREDICTION_NOT_EMPIRICAL
LON-12,B4,2100,maia3-5m,8,e2e3,e3,0.007974912412464619,0.9888081029057503,0.541373665859982,497,42,461,r1b1kb1r/pp2pppp/2n2n2/2pp4/3P1B2/2qBPN2/P2N1PPP/R2QK2R w KQkq -,MODEL_PREDICTION_NOT_EMPIRICAL
LON-12,B4,2100,maia3-5m,9,b1c3,Nc3,0.0054556746035814285,0.9888081029057503,0.541373665859982,552,39,409,r1b1kb1r/pp2pppp/2n2n2/2pp4/3P1B2/2qBPN2/P2N1PPP/R2QK2R w KQkq -,MODEL_PREDICTION_NOT_EMPIRICAL
LON-12,B4,2100,maia3-5m,10,d2d3,d3,0.004526028409600258,0.9888081029057503,0.541373665859982,513,43,444,r1b1kb1r/pp2pppp/2n2n2/2pp4/3P1B2/2qBPN2/P2N1PPP/R2QK2R w KQkq -,MODEL_PREDICTION_NOT_EMPIRICAL
LON-15,B4,1100,maia3-5m,1,e2e4,e4,0.6749164462089539,0.9871364636346698,0.4342553640682974,519,24,457,r1b1kb1r/pp2pppp/2n2n2/2pp4/Q2P1B2/2P1PN2/Pq3PPP/RN2KB1R w KQkq -,MODEL_PREDICTION_NOT_EMPIRICAL
LON-15,B4,1100,maia3-5m,2,d2d4,d4,0.21801438927650452,0.9871364636346698,0.4342553640682974,524,25,451,r1b1kb1r/pp2pppp/2n2n2/2pp4/Q2P1B2/2P1PN2/Pq3PPP/RN2KB1R w KQkq -,MODEL_PREDICTION_NOT_EMPIRICAL
LON-15,B4,1100,maia3-5m,3,e2e3,e3,0.022561196237802505,0.9871364636346698,0.4342553640682974,503,25,472,r1b1kb1r/pp2pppp/2n2n2/2pp4/Q2P1B2/2P1PN2/Pq3PPP/RN2KB1R w KQkq -,MODEL_PREDICTION_NOT_EMPIRICAL
LON-15,B4,1100,maia3-5m,4,g1f3,Nf3,0.0210112277418375,0.9871364636346698,0.4342553640682974,516,28,456,r1b1kb1r/pp2pppp/2n2n2/2pp4/Q2P1B2/2P1PN2/Pq3PPP/RN2KB1R w KQkq -,MODEL_PREDICTION_NOT_EMPIRICAL
LON-15,B4,1100,maia3-5m,5,c2c4,c4,0.016066906973719597,0.9871364636346698,0.4342553640682974,510,25,465,r1b1kb1r/pp2pppp/2n2n2/2pp4/Q2P1B2/2P1PN2/Pq3PPP/RN2KB1R w KQkq -,MODEL_PREDICTION_NOT_EMPIRICAL
LON-15,B4,1100,maia3-5m,6,g2g3,g3,0.011687462218105793,0.9871364636346698,0.4342553640682974,494,25,481,r1b1kb1r/pp2pppp/2n2n2/2pp4/Q2P1B2/2P1PN2/Pq3PPP/RN2KB1R w KQkq -,MODEL_PREDICTION_NOT_EMPIRICAL
LON-15,B4,1100,maia3-5m,7,b2b3,b3,0.007874177768826485,0.9871364636346698,0.4342553640682974,496,26,478,r1b1kb1r/pp2pppp/2n2n2/2pp4/Q2P1B2/2P1PN2/Pq3PPP/RN2KB1R w KQkq -,MODEL_PREDICTION_NOT_EMPIRICAL
LON-15,B4,1100,maia3-5m,8,d2d3,d3,0.005962725728750229,0.9871364636346698,0.4342553640682974,498,26,476,r1b1kb1r/pp2pppp/2n2n2/2pp4/Q2P1B2/2P1PN2/Pq3PPP/RN2KB1R w KQkq -,MODEL_PREDICTION_NOT_EMPIRICAL
LON-15,B4,1100,maia3-5m,9,b1c3,Nc3,0.00519427889958024,0.9871364636346698,0.4342553640682974,524,26,450,r1b1kb1r/pp2pppp/2n2n2/2pp4/Q2P1B2/2P1PN2/Pq3PPP/RN2KB1R w KQkq -,MODEL_PREDICTION_NOT_EMPIRICAL
LON-15,B4,1100,maia3-5m,10,f2f4,f4,0.003847652580589056,0.9871364636346698,0.4342553640682974,509,27,464,r1b1kb1r/pp2pppp/2n2n2/2pp4/Q2P1B2/2P1PN2/Pq3PPP/RN2KB1R w KQkq -,MODEL_PREDICTION_NOT_EMPIRICAL
LON-15,B4,1300,maia3-5m,1,e2e4,e4,0.6615840792655945,0.9876184498425573,0.44341396362140506,518,24,458,r1b1kb1r/pp2pppp/2n2n2/2pp4/Q2P1B2/2P1PN2/Pq3PPP/RN2KB1R w KQkq -,MODEL_PREDICTION_NOT_EMPIRICAL
LON-15,B4,1300,maia3-5m,2,d2d4,d4,0.2294148951768875,0.9876184498425573,0.44341396362140506,522,26,452,r1b1kb1r/pp2pppp/2n2n2/2pp4/Q2P1B2/2P1PN2/Pq3PPP/RN2KB1R w KQkq -,MODEL_PREDICTION_NOT_EMPIRICAL
LON-15,B4,1300,maia3-5m,3,g1f3,Nf3,0.02157282643020153,0.9876184498425573,0.44341396362140506,523,27,450,r1b1kb1r/pp2pppp/2n2n2/2pp4/Q2P1B2/2P1PN2/Pq3PPP/RN2KB1R w KQkq -,MODEL_PREDICTION_NOT_EMPIRICAL
LON-15,B4,1300,maia3-5m,4,c2c4,c4,0.020122205838561058,0.9876184498425573,0.44341396362140506,514,26,460,r1b1kb1r/pp2pppp/2n2n2/2pp4/Q2P1B2/2P1PN2/Pq3PPP/RN2KB1R w KQkq -,MODEL_PREDICTION_NOT_EMPIRICAL
LON-15,B4,1300,maia3-5m,5,e2e3,e3,0.019332410767674446,0.9876184498425573,0.44341396362140506,504,25,471,r1b1kb1r/pp2pppp/2n2n2/2pp4/Q2P1B2/2P1PN2/Pq3PPP/RN2KB1R w KQkq -,MODEL_PREDICTION_NOT_EMPIRICAL
LON-15,B4,1300,maia3-5m,6,g2g3,g3,0.012549953535199165,0.9876184498425573,0.44341396362140506,506,26,468,r1b1kb1r/pp2pppp/2n2n2/2pp4/Q2P1B2/2P1PN2/Pq3PPP/RN2KB1R w KQkq -,MODEL_PREDICTION_NOT_EMPIRICAL
LON-15,B4,1300,maia3-5m,7,b2b3,b3,0.009338651783764362,0.9876184498425573,0.44341396362140506,503,26,471,r1b1kb1r/pp2pppp/2n2n2/2pp4/Q2P1B2/2P1PN2/Pq3PPP/RN2KB1R w KQkq -,MODEL_PREDICTION_NOT_EMPIRICAL
LON-15,B4,1300,maia3-5m,8,d2d3,d3,0.005362409166991711,0.9876184498425573,0.44341396362140506,501,27,472,r1b1kb1r/pp2pppp/2n2n2/2pp4/Q2P1B2/2P1PN2/Pq3PPP/RN2KB1R w KQkq -,MODEL_PREDICTION_NOT_EMPIRICAL
LON-15,B4,1300,maia3-5m,9,f2f4,f4,0.004565780982375145,0.9876184498425573,0.44341396362140506,518,27,455,r1b1kb1r/pp2pppp/2n2n2/2pp4/Q2P1B2/2P1PN2/Pq3PPP/RN2KB1R w KQkq -,MODEL_PREDICTION_NOT_EMPIRICAL
LON-15,B4,1300,maia3-5m,10,b1c3,Nc3,0.0037752368953078985,0.9876184498425573,0.44341396362140506,529,25,446,r1b1kb1r/pp2pppp/2n2n2/2pp4/Q2P1B2/2P1PN2/Pq3PPP/RN2KB1R w KQkq -,MODEL_PREDICTION_NOT_EMPIRICAL
LON-15,B4,1500,maia3-5m,1,e2e4,e4,0.6428149938583374,0.98806171445176,0.4600856076991717,516,25,459,r1b1kb1r/pp2pppp/2n2n2/2pp4/Q2P1B2/2P1PN2/Pq3PPP/RN2KB1R w KQkq -,MODEL_PREDICTION_NOT_EMPIRICAL
LON-15,B4,1500,maia3-5m,2,d2d4,d4,0.2416517585515976,0.98806171445176,0.4600856076991717,521,27,452,r1b1kb1r/pp2pppp/2n2n2/2pp4/Q2P1B2/2P1PN2/Pq3PPP/RN2KB1R w KQkq -,MODEL_PREDICTION_NOT_EMPIRICAL
LON-15,B4,1500,maia3-5m,3,c2c4,c4,0.025009406730532646,0.98806171445176,0.4600856076991717,518,26,456,r1b1kb1r/pp2pppp/2n2n2/2pp4/Q2P1B2/2P1PN2/Pq3PPP/RN2KB1R w KQkq -,MODEL_PREDICTION_NOT_EMPIRICAL
LON-15,B4,1500,maia3-5m,4,g1f3,Nf3,0.022932549938559532,0.98806171445176,0.4600856076991717,528,27,445,r1b1kb1r/pp2pppp/2n2n2/2pp4/Q2P1B2/2P1PN2/Pq3PPP/RN2KB1R w KQkq -,MODEL_PREDICTION_NOT_EMPIRICAL
LON-15,B4,1500,maia3-5m,5,e2e3,e3,0.016669709235429764,0.98806171445176,0.4600856076991717,502,26,472,r1b1kb1r/pp2pppp/2n2n2/2pp4/Q2P1B2/2P1PN2/Pq3PPP/RN2KB1R w KQkq -,MODEL_PREDICTION_NOT_EMPIRICAL
LON-15,B4,1500,maia3-5m,6,g2g3,g3,0.013175034895539284,0.98806171445176,0.4600856076991717,516,27,457,r1b1kb1r/pp2pppp/2n2n2/2pp4/Q2P1B2/2P1PN2/Pq3PPP/RN2KB1R w KQkq -,MODEL_PREDICTION_NOT_EMPIRICAL
LON-15,B4,1500,maia3-5m,7,b2b3,b3,0.010849794372916222,0.98806171445176,0.4600856076991717,510,27,463,r1b1kb1r/pp2pppp/2n2n2/2pp4/Q2P1B2/2P1PN2/Pq3PPP/RN2KB1R w KQkq -,MODEL_PREDICTION_NOT_EMPIRICAL
LON-15,B4,1500,maia3-5m,8,f2f4,f4,0.0063391150906682014,0.98806171445176,0.4600856076991717,523,27,450,r1b1kb1r/pp2pppp/2n2n2/2pp4/Q2P1B2/2P1PN2/Pq3PPP/RN2KB1R w KQkq -,MODEL_PREDICTION_NOT_EMPIRICAL
LON-15,B4,1500,maia3-5m,9,d2d3,d3,0.004973711911588907,0.98806171445176,0.4600856076991717,504,28,468,r1b1kb1r/pp2pppp/2n2n2/2pp4/Q2P1B2/2P1PN2/Pq3PPP/RN2KB1R w KQkq -,MODEL_PREDICTION_NOT_EMPIRICAL
LON-15,B4,1500,maia3-5m,10,b2b4,b4,0.0036456398665905,0.98806171445176,0.4600856076991717,512,27,461,r1b1kb1r/pp2pppp/2n2n2/2pp4/Q2P1B2/2P1PN2/Pq3PPP/RN2KB1R w KQkq -,MODEL_PREDICTION_NOT_EMPIRICAL
LON-15,B4,1700,maia3-5m,1,e2e4,e4,0.6205705404281616,0.988658441696316,0.48012239459539624,513,27,460,r1b1kb1r/pp2pppp/2n2n2/2pp4/Q2P1B2/2P1PN2/Pq3PPP/RN2KB1R w KQkq -,MODEL_PREDICTION_NOT_EMPIRICAL
LON-15,B4,1700,maia3-5m,2,d2d4,d4,0.2547968029975891,0.988658441696316,0.48012239459539624,519,30,451,r1b1kb1r/pp2pppp/2n2n2/2pp4/Q2P1B2/2P1PN2/Pq3PPP/RN2KB1R w KQkq -,MODEL_PREDICTION_NOT_EMPIRICAL
LON-15,B4,1700,maia3-5m,3,c2c4,c4,0.030909236520528793,0.988658441696316,0.48012239459539624,524,29,447,r1b1kb1r/pp2pppp/2n2n2/2pp4/Q2P1B2/2P1PN2/Pq3PPP/RN2KB1R w KQkq -,MODEL_PREDICTION_NOT_EMPIRICAL
LON-15,B4,1700,maia3-5m,4,g1f3,Nf3,0.025549987331032753,0.988658441696316,0.48012239459539624,533,29,438,r1b1kb1r/pp2pppp/2n2n2/2pp4/Q2P1B2/2P1PN2/Pq3PPP/RN2KB1R w KQkq -,MODEL_PREDICTION_NOT_EMPIRICAL
LON-15,B4,1700,maia3-5m,5,e2e3,e3,0.013819748535752296,0.988658441696316,0.48012239459539624,498,29,473,r1b1kb1r/pp2pppp/2n2n2/2pp4/Q2P1B2/2P1PN2/Pq3PPP/RN2KB1R w KQkq -,MODEL_PREDICTION_NOT_EMPIRICAL
LON-15,B4,1700,maia3-5m,6,g2g3,g3,0.012876337394118309,0.988658441696316,0.48012239459539624,523,28,449,r1b1kb1r/pp2pppp/2n2n2/2pp4/Q2P1B2/2P1PN2/Pq3PPP/RN2KB1R w KQkq -,MODEL_PREDICTION_NOT_EMPIRICAL
LON-15,B4,1700,maia3-5m,7,b2b3,b3,0.01174180768430233,0.988658441696316,0.48012239459539624,516,29,455,r1b1kb1r/pp2pppp/2n2n2/2pp4/Q2P1B2/2P1PN2/Pq3PPP/RN2KB1R w KQkq -,MODEL_PREDICTION_NOT_EMPIRICAL
LON-15,B4,1700,maia3-5m,8,f2f4,f4,0.009360010735690594,0.988658441696316,0.48012239459539624,525,28,447,r1b1kb1r/pp2pppp/2n2n2/2pp4/Q2P1B2/2P1PN2/Pq3PPP/RN2KB1R w KQkq -,MODEL_PREDICTION_NOT_EMPIRICAL
LON-15,B4,1700,maia3-5m,9,d2d3,d3,0.004694441333413124,0.988658441696316,0.48012239459539624,505,30,465,r1b1kb1r/pp2pppp/2n2n2/2pp4/Q2P1B2/2P1PN2/Pq3PPP/RN2KB1R w KQkq -,MODEL_PREDICTION_NOT_EMPIRICAL
LON-15,B4,1700,maia3-5m,10,b2b4,b4,0.004339528735727072,0.988658441696316,0.48012239459539624,514,27,459,r1b1kb1r/pp2pppp/2n2n2/2pp4/Q2P1B2/2P1PN2/Pq3PPP/RN2KB1R w KQkq -,MODEL_PREDICTION_NOT_EMPIRICAL
LON-15,B4,1900,maia3-5m,1,e2e4,e4,0.5909685492515564,0.9884343789890409,0.5043124564545928,513,32,455,r1b1kb1r/pp2pppp/2n2n2/2pp4/Q2P1B2/2P1PN2/Pq3PPP/RN2KB1R w KQkq -,MODEL_PREDICTION_NOT_EMPIRICAL
LON-15,B4,1900,maia3-5m,2,d2d4,d4,0.2694249749183655,0.9884343789890409,0.5043124564545928,521,35,444,r1b1kb1r/pp2pppp/2n2n2/2pp4/Q2P1B2/2P1PN2/Pq3PPP/RN2KB1R w KQkq -,MODEL_PREDICTION_NOT_EMPIRICAL
LON-15,B4,1900,maia3-5m,3,c2c4,c4,0.03926251456141472,0.9884343789890409,0.5043124564545928,529,33,438,r1b1kb1r/pp2pppp/2n2n2/2pp4/Q2P1B2/2P1PN2/Pq3PPP/RN2KB1R w KQkq -,MODEL_PREDICTION_NOT_EMPIRICAL
LON-15,B4,1900,maia3-5m,4,g1f3,Nf3,0.032338257879018784,0.9884343789890409,0.5043124564545928,538,33,429,r1b1kb1r/pp2pppp/2n2n2/2pp4/Q2P1B2/2P1PN2/Pq3PPP/RN2KB1R w KQkq -,MODEL_PREDICTION_NOT_EMPIRICAL
LON-15,B4,1900,maia3-5m,5,f2f4,f4,0.01306967530399561,0.9884343789890409,0.5043124564545928,525,30,445,r1b1kb1r/pp2pppp/2n2n2/2pp4/Q2P1B2/2P1PN2/Pq3PPP/RN2KB1R w KQkq -,MODEL_PREDICTION_NOT_EMPIRICAL
LON-15,B4,1900,maia3-5m,6,b2b3,b3,0.011948314495384693,0.9884343789890409,0.5043124564545928,519,33,448,r1b1kb1r/pp2pppp/2n2n2/2pp4/Q2P1B2/2P1PN2/Pq3PPP/RN2KB1R w KQkq -,MODEL_PREDICTION_NOT_EMPIRICAL
LON-15,B4,1900,maia3-5m,7,g2g3,g3,0.01160159520804882,0.9884343789890409,0.5043124564545928,524,33,443,r1b1kb1r/pp2pppp/2n2n2/2pp4/Q2P1B2/2P1PN2/Pq3PPP/RN2KB1R w KQkq -,MODEL_PREDICTION_NOT_EMPIRICAL
LON-15,B4,1900,maia3-5m,8,e2e3,e3,0.010756749659776688,0.9884343789890409,0.5043124564545928,495,33,472,r1b1kb1r/pp2pppp/2n2n2/2pp4/Q2P1B2/2P1PN2/Pq3PPP/RN2KB1R w KQkq -,MODEL_PREDICTION_NOT_EMPIRICAL
LON-15,B4,1900,maia3-5m,9,b2b4,b4,0.0045842663384974,0.9884343789890409,0.5043124564545928,515,29,456,r1b1kb1r/pp2pppp/2n2n2/2pp4/Q2P1B2/2P1PN2/Pq3PPP/RN2KB1R w KQkq -,MODEL_PREDICTION_NOT_EMPIRICAL
LON-15,B4,1900,maia3-5m,10,d2d3,d3,0.0044794813729822636,0.9884343789890409,0.5043124564545928,505,34,461,r1b1kb1r/pp2pppp/2n2n2/2pp4/Q2P1B2/2P1PN2/Pq3PPP/RN2KB1R w KQkq -,MODEL_PREDICTION_NOT_EMPIRICAL
LON-15,B4,2100,maia3-5m,1,e2e4,e4,0.5395658612251282,0.9888081029057503,0.541373665859982,519,41,440,r1b1kb1r/pp2pppp/2n2n2/2pp4/Q2P1B2/2P1PN2/Pq3PPP/RN2KB1R w KQkq -,MODEL_PREDICTION_NOT_EMPIRICAL
LON-15,B4,2100,maia3-5m,2,d2d4,d4,0.2930448055267334,0.9888081029057503,0.541373665859982,527,44,429,r1b1kb1r/pp2pppp/2n2n2/2pp4/Q2P1B2/2P1PN2/Pq3PPP/RN2KB1R w KQkq -,MODEL_PREDICTION_NOT_EMPIRICAL
LON-15,B4,2100,maia3-5m,3,c2c4,c4,0.051827896386384964,0.9888081029057503,0.541373665859982,535,42,423,r1b1kb1r/pp2pppp/2n2n2/2pp4/Q2P1B2/2P1PN2/Pq3PPP/RN2KB1R w KQkq -,MODEL_PREDICTION_NOT_EMPIRICAL
LON-15,B4,2100,maia3-5m,4,g1f3,Nf3,0.05066932365298271,0.9888081029057503,0.541373665859982,542,42,416,r1b1kb1r/pp2pppp/2n2n2/2pp4/Q2P1B2/2P1PN2/Pq3PPP/RN2KB1R w KQkq -,MODEL_PREDICTION_NOT_EMPIRICAL
LON-15,B4,2100,maia3-5m,5,f2f4,f4,0.013551043346524239,0.9888081029057503,0.541373665859982,526,37,437,r1b1kb1r/pp2pppp/2n2n2/2pp4/Q2P1B2/2P1PN2/Pq3PPP/RN2KB1R w KQkq -,MODEL_PREDICTION_NOT_EMPIRICAL
LON-15,B4,2100,maia3-5m,6,b2b3,b3,0.01229612436145544,0.9888081029057503,0.541373665859982,527,41,432,r1b1kb1r/pp2pppp/2n2n2/2pp4/Q2P1B2/2P1PN2/Pq3PPP/RN2KB1R w KQkq -,MODEL_PREDICTION_NOT_EMPIRICAL
LON-15,B4,2100,maia3-5m,7,g2g3,g3,0.009896432980895042,0.9888081029057503,0.541373665859982,531,42,427,r1b1kb1r/pp2pppp/2n2n2/2pp4/Q2P1B2/2P1PN2/Pq3PPP/RN2KB1R w KQkq -,MODEL_PREDICTION_NOT_EMPIRICAL
LON-15,B4,2100,maia3-5m,8,e2e3,e3,0.007974912412464619,0.9888081029057503,0.541373665859982,497,42,461,r1b1kb1r/pp2pppp/2n2n2/2pp4/Q2P1B2/2P1PN2/Pq3PPP/RN2KB1R w KQkq -,MODEL_PREDICTION_NOT_EMPIRICAL
LON-15,B4,2100,maia3-5m,9,b1c3,Nc3,0.0054556746035814285,0.9888081029057503,0.541373665859982,552,39,409,r1b1kb1r/pp2pppp/2n2n2/2pp4/Q2P1B2/2P1PN2/Pq3PPP/RN2KB1R w KQkq -,MODEL_PREDICTION_NOT_EMPIRICAL
LON-15,B4,2100,maia3-5m,10,d2d3,d3,0.004526028409600258,0.9888081029057503,0.541373665859982,513,43,444,r1b1kb1r/pp2pppp/2n2n2/2pp4/Q2P1B2/2P1PN2/Pq3PPP/RN2KB1R w KQkq -,MODEL_PREDICTION_NOT_EMPIRICAL
PST-04,B4,1100,maia3-5m,1,e2e4,e4,0.6749164462089539,0.9871364636346698,0.4342553640682974,519,24,457,rnbqkbn1/ppp1ppp1/7r/3p4/3P4/8/PPP1PPPP/RN1QKBNR w KQq -,MODEL_PREDICTION_NOT_EMPIRICAL
PST-04,B4,1100,maia3-5m,2,d2d4,d4,0.21801438927650452,0.9871364636346698,0.4342553640682974,524,25,451,rnbqkbn1/ppp1ppp1/7r/3p4/3P4/8/PPP1PPPP/RN1QKBNR w KQq -,MODEL_PREDICTION_NOT_EMPIRICAL
PST-04,B4,1100,maia3-5m,3,e2e3,e3,0.022561196237802505,0.9871364636346698,0.4342553640682974,503,25,472,rnbqkbn1/ppp1ppp1/7r/3p4/3P4/8/PPP1PPPP/RN1QKBNR w KQq -,MODEL_PREDICTION_NOT_EMPIRICAL
PST-04,B4,1100,maia3-5m,4,g1f3,Nf3,0.0210112277418375,0.9871364636346698,0.4342553640682974,516,28,456,rnbqkbn1/ppp1ppp1/7r/3p4/3P4/8/PPP1PPPP/RN1QKBNR w KQq -,MODEL_PREDICTION_NOT_EMPIRICAL
PST-04,B4,1100,maia3-5m,5,c2c4,c4,0.016066906973719597,0.9871364636346698,0.4342553640682974,510,25,465,rnbqkbn1/ppp1ppp1/7r/3p4/3P4/8/PPP1PPPP/RN1QKBNR w KQq -,MODEL_PREDICTION_NOT_EMPIRICAL
PST-04,B4,1100,maia3-5m,6,g2g3,g3,0.011687462218105793,0.9871364636346698,0.4342553640682974,494,25,481,rnbqkbn1/ppp1ppp1/7r/3p4/3P4/8/PPP1PPPP/RN1QKBNR w KQq -,MODEL_PREDICTION_NOT_EMPIRICAL
PST-04,B4,1100,maia3-5m,7,b2b3,b3,0.007874177768826485,0.9871364636346698,0.4342553640682974,496,26,478,rnbqkbn1/ppp1ppp1/7r/3p4/3P4/8/PPP1PPPP/RN1QKBNR w KQq -,MODEL_PREDICTION_NOT_EMPIRICAL
PST-04,B4,1100,maia3-5m,8,d2d3,d3,0.005962725728750229,0.9871364636346698,0.4342553640682974,498,26,476,rnbqkbn1/ppp1ppp1/7r/3p4/3P4/8/PPP1PPPP/RN1QKBNR w KQq -,MODEL_PREDICTION_NOT_EMPIRICAL
PST-04,B4,1100,maia3-5m,9,b1c3,Nc3,0.00519427889958024,0.9871364636346698,0.4342553640682974,524,26,450,rnbqkbn1/ppp1ppp1/7r/3p4/3P4/8/PPP1PPPP/RN1QKBNR w KQq -,MODEL_PREDICTION_NOT_EMPIRICAL
PST-04,B4,1100,maia3-5m,10,f2f4,f4,0.003847652580589056,0.9871364636346698,0.4342553640682974,509,27,464,rnbqkbn1/ppp1ppp1/7r/3p4/3P4/8/PPP1PPPP/RN1QKBNR w KQq -,MODEL_PREDICTION_NOT_EMPIRICAL
PST-04,B4,1300,maia3-5m,1,e2e4,e4,0.6615840792655945,0.9876184498425573,0.44341396362140506,518,24,458,rnbqkbn1/ppp1ppp1/7r/3p4/3P4/8/PPP1PPPP/RN1QKBNR w KQq -,MODEL_PREDICTION_NOT_EMPIRICAL
PST-04,B4,1300,maia3-5m,2,d2d4,d4,0.2294148951768875,0.9876184498425573,0.44341396362140506,522,26,452,rnbqkbn1/ppp1ppp1/7r/3p4/3P4/8/PPP1PPPP/RN1QKBNR w KQq -,MODEL_PREDICTION_NOT_EMPIRICAL
PST-04,B4,1300,maia3-5m,3,g1f3,Nf3,0.02157282643020153,0.9876184498425573,0.44341396362140506,523,27,450,rnbqkbn1/ppp1ppp1/7r/3p4/3P4/8/PPP1PPPP/RN1QKBNR w KQq -,MODEL_PREDICTION_NOT_EMPIRICAL
PST-04,B4,1300,maia3-5m,4,c2c4,c4,0.020122205838561058,0.9876184498425573,0.44341396362140506,514,26,460,rnbqkbn1/ppp1ppp1/7r/3p4/3P4/8/PPP1PPPP/RN1QKBNR w KQq -,MODEL_PREDICTION_NOT_EMPIRICAL
PST-04,B4,1300,maia3-5m,5,e2e3,e3,0.019332410767674446,0.9876184498425573,0.44341396362140506,504,25,471,rnbqkbn1/ppp1ppp1/7r/3p4/3P4/8/PPP1PPPP/RN1QKBNR w KQq -,MODEL_PREDICTION_NOT_EMPIRICAL
PST-04,B4,1300,maia3-5m,6,g2g3,g3,0.012549953535199165,0.9876184498425573,0.44341396362140506,506,26,468,rnbqkbn1/ppp1ppp1/7r/3p4/3P4/8/PPP1PPPP/RN1QKBNR w KQq -,MODEL_PREDICTION_NOT_EMPIRICAL
PST-04,B4,1300,maia3-5m,7,b2b3,b3,0.009338651783764362,0.9876184498425573,0.44341396362140506,503,26,471,rnbqkbn1/ppp1ppp1/7r/3p4/3P4/8/PPP1PPPP/RN1QKBNR w KQq -,MODEL_PREDICTION_NOT_EMPIRICAL
PST-04,B4,1300,maia3-5m,8,d2d3,d3,0.005362409166991711,0.9876184498425573,0.44341396362140506,501,27,472,rnbqkbn1/ppp1ppp1/7r/3p4/3P4/8/PPP1PPPP/RN1QKBNR w KQq -,MODEL_PREDICTION_NOT_EMPIRICAL
PST-04,B4,1300,maia3-5m,9,f2f4,f4,0.004565780982375145,0.9876184498425573,0.44341396362140506,518,27,455,rnbqkbn1/ppp1ppp1/7r/3p4/3P4/8/PPP1PPPP/RN1QKBNR w KQq -,MODEL_PREDICTION_NOT_EMPIRICAL
PST-04,B4,1300,maia3-5m,10,b1c3,Nc3,0.0037752368953078985,0.9876184498425573,0.44341396362140506,529,25,446,rnbqkbn1/ppp1ppp1/7r/3p4/3P4/8/PPP1PPPP/RN1QKBNR w KQq -,MODEL_PREDICTION_NOT_EMPIRICAL
PST-04,B4,1500,maia3-5m,1,e2e4,e4,0.6428149938583374,0.98806171445176,0.4600856076991717,516,25,459,rnbqkbn1/ppp1ppp1/7r/3p4/3P4/8/PPP1PPPP/RN1QKBNR w KQq -,MODEL_PREDICTION_NOT_EMPIRICAL
PST-04,B4,1500,maia3-5m,2,d2d4,d4,0.2416517585515976,0.98806171445176,0.4600856076991717,521,27,452,rnbqkbn1/ppp1ppp1/7r/3p4/3P4/8/PPP1PPPP/RN1QKBNR w KQq -,MODEL_PREDICTION_NOT_EMPIRICAL
PST-04,B4,1500,maia3-5m,3,c2c4,c4,0.025009406730532646,0.98806171445176,0.4600856076991717,518,26,456,rnbqkbn1/ppp1ppp1/7r/3p4/3P4/8/PPP1PPPP/RN1QKBNR w KQq -,MODEL_PREDICTION_NOT_EMPIRICAL
PST-04,B4,1500,maia3-5m,4,g1f3,Nf3,0.022932549938559532,0.98806171445176,0.4600856076991717,528,27,445,rnbqkbn1/ppp1ppp1/7r/3p4/3P4/8/PPP1PPPP/RN1QKBNR w KQq -,MODEL_PREDICTION_NOT_EMPIRICAL
PST-04,B4,1500,maia3-5m,5,e2e3,e3,0.016669709235429764,0.98806171445176,0.4600856076991717,502,26,472,rnbqkbn1/ppp1ppp1/7r/3p4/3P4/8/PPP1PPPP/RN1QKBNR w KQq -,MODEL_PREDICTION_NOT_EMPIRICAL
PST-04,B4,1500,maia3-5m,6,g2g3,g3,0.013175034895539284,0.98806171445176,0.4600856076991717,516,27,457,rnbqkbn1/ppp1ppp1/7r/3p4/3P4/8/PPP1PPPP/RN1QKBNR w KQq -,MODEL_PREDICTION_NOT_EMPIRICAL
PST-04,B4,1500,maia3-5m,7,b2b3,b3,0.010849794372916222,0.98806171445176,0.4600856076991717,510,27,463,rnbqkbn1/ppp1ppp1/7r/3p4/3P4/8/PPP1PPPP/RN1QKBNR w KQq -,MODEL_PREDICTION_NOT_EMPIRICAL
PST-04,B4,1500,maia3-5m,8,f2f4,f4,0.0063391150906682014,0.98806171445176,0.4600856076991717,523,27,450,rnbqkbn1/ppp1ppp1/7r/3p4/3P4/8/PPP1PPPP/RN1QKBNR w KQq -,MODEL_PREDICTION_NOT_EMPIRICAL
PST-04,B4,1500,maia3-5m,9,d2d3,d3,0.004973711911588907,0.98806171445176,0.4600856076991717,504,28,468,rnbqkbn1/ppp1ppp1/7r/3p4/3P4/8/PPP1PPPP/RN1QKBNR w KQq -,MODEL_PREDICTION_NOT_EMPIRICAL
PST-04,B4,1500,maia3-5m,10,b2b4,b4,0.0036456398665905,0.98806171445176,0.4600856076991717,512,27,461,rnbqkbn1/ppp1ppp1/7r/3p4/3P4/8/PPP1PPPP/RN1QKBNR w KQq -,MODEL_PREDICTION_NOT_EMPIRICAL
PST-04,B4,1700,maia3-5m,1,e2e4,e4,0.6205705404281616,0.988658441696316,0.48012239459539624,513,27,460,rnbqkbn1/ppp1ppp1/7r/3p4/3P4/8/PPP1PPPP/RN1QKBNR w KQq -,MODEL_PREDICTION_NOT_EMPIRICAL
PST-04,B4,1700,maia3-5m,2,d2d4,d4,0.2547968029975891,0.988658441696316,0.48012239459539624,519,30,451,rnbqkbn1/ppp1ppp1/7r/3p4/3P4/8/PPP1PPPP/RN1QKBNR w KQq -,MODEL_PREDICTION_NOT_EMPIRICAL
PST-04,B4,1700,maia3-5m,3,c2c4,c4,0.030909236520528793,0.988658441696316,0.48012239459539624,524,29,447,rnbqkbn1/ppp1ppp1/7r/3p4/3P4/8/PPP1PPPP/RN1QKBNR w KQq -,MODEL_PREDICTION_NOT_EMPIRICAL
PST-04,B4,1700,maia3-5m,4,g1f3,Nf3,0.025549987331032753,0.988658441696316,0.48012239459539624,533,29,438,rnbqkbn1/ppp1ppp1/7r/3p4/3P4/8/PPP1PPPP/RN1QKBNR w KQq -,MODEL_PREDICTION_NOT_EMPIRICAL
PST-04,B4,1700,maia3-5m,5,e2e3,e3,0.013819748535752296,0.988658441696316,0.48012239459539624,498,29,473,rnbqkbn1/ppp1ppp1/7r/3p4/3P4/8/PPP1PPPP/RN1QKBNR w KQq -,MODEL_PREDICTION_NOT_EMPIRICAL
PST-04,B4,1700,maia3-5m,6,g2g3,g3,0.012876337394118309,0.988658441696316,0.48012239459539624,523,28,449,rnbqkbn1/ppp1ppp1/7r/3p4/3P4/8/PPP1PPPP/RN1QKBNR w KQq -,MODEL_PREDICTION_NOT_EMPIRICAL
PST-04,B4,1700,maia3-5m,7,b2b3,b3,0.01174180768430233,0.988658441696316,0.48012239459539624,516,29,455,rnbqkbn1/ppp1ppp1/7r/3p4/3P4/8/PPP1PPPP/RN1QKBNR w KQq -,MODEL_PREDICTION_NOT_EMPIRICAL
PST-04,B4,1700,maia3-5m,8,f2f4,f4,0.009360010735690594,0.988658441696316,0.48012239459539624,525,28,447,rnbqkbn1/ppp1ppp1/7r/3p4/3P4/8/PPP1PPPP/RN1QKBNR w KQq -,MODEL_PREDICTION_NOT_EMPIRICAL
PST-04,B4,1700,maia3-5m,9,d2d3,d3,0.004694441333413124,0.988658441696316,0.48012239459539624,505,30,465,rnbqkbn1/ppp1ppp1/7r/3p4/3P4/8/PPP1PPPP/RN1QKBNR w KQq -,MODEL_PREDICTION_NOT_EMPIRICAL
PST-04,B4,1700,maia3-5m,10,b2b4,b4,0.004339528735727072,0.988658441696316,0.48012239459539624,514,27,459,rnbqkbn1/ppp1ppp1/7r/3p4/3P4/8/PPP1PPPP/RN1QKBNR w KQq -,MODEL_PREDICTION_NOT_EMPIRICAL
PST-04,B4,1900,maia3-5m,1,e2e4,e4,0.5909685492515564,0.9884343789890409,0.5043124564545928,513,32,455,rnbqkbn1/ppp1ppp1/7r/3p4/3P4/8/PPP1PPPP/RN1QKBNR w KQq -,MODEL_PREDICTION_NOT_EMPIRICAL
PST-04,B4,1900,maia3-5m,2,d2d4,d4,0.2694249749183655,0.9884343789890409,0.5043124564545928,521,35,444,rnbqkbn1/ppp1ppp1/7r/3p4/3P4/8/PPP1PPPP/RN1QKBNR w KQq -,MODEL_PREDICTION_NOT_EMPIRICAL
PST-04,B4,1900,maia3-5m,3,c2c4,c4,0.03926251456141472,0.9884343789890409,0.5043124564545928,529,33,438,rnbqkbn1/ppp1ppp1/7r/3p4/3P4/8/PPP1PPPP/RN1QKBNR w KQq -,MODEL_PREDICTION_NOT_EMPIRICAL
PST-04,B4,1900,maia3-5m,4,g1f3,Nf3,0.032338257879018784,0.9884343789890409,0.5043124564545928,538,33,429,rnbqkbn1/ppp1ppp1/7r/3p4/3P4/8/PPP1PPPP/RN1QKBNR w KQq -,MODEL_PREDICTION_NOT_EMPIRICAL
PST-04,B4,1900,maia3-5m,5,f2f4,f4,0.01306967530399561,0.9884343789890409,0.5043124564545928,525,30,445,rnbqkbn1/ppp1ppp1/7r/3p4/3P4/8/PPP1PPPP/RN1QKBNR w KQq -,MODEL_PREDICTION_NOT_EMPIRICAL
PST-04,B4,1900,maia3-5m,6,b2b3,b3,0.011948314495384693,0.9884343789890409,0.5043124564545928,519,33,448,rnbqkbn1/ppp1ppp1/7r/3p4/3P4/8/PPP1PPPP/RN1QKBNR w KQq -,MODEL_PREDICTION_NOT_EMPIRICAL
PST-04,B4,1900,maia3-5m,7,g2g3,g3,0.01160159520804882,0.9884343789890409,0.5043124564545928,524,33,443,rnbqkbn1/ppp1ppp1/7r/3p4/3P4/8/PPP1PPPP/RN1QKBNR w KQq -,MODEL_PREDICTION_NOT_EMPIRICAL
PST-04,B4,1900,maia3-5m,8,e2e3,e3,0.010756749659776688,0.9884343789890409,0.5043124564545928,495,33,472,rnbqkbn1/ppp1ppp1/7r/3p4/3P4/8/PPP1PPPP/RN1QKBNR w KQq -,MODEL_PREDICTION_NOT_EMPIRICAL
PST-04,B4,1900,maia3-5m,9,b2b4,b4,0.0045842663384974,0.9884343789890409,0.5043124564545928,515,29,456,rnbqkbn1/ppp1ppp1/7r/3p4/3P4/8/PPP1PPPP/RN1QKBNR w KQq -,MODEL_PREDICTION_NOT_EMPIRICAL
PST-04,B4,1900,maia3-5m,10,d2d3,d3,0.0044794813729822636,0.9884343789890409,0.5043124564545928,505,34,461,rnbqkbn1/ppp1ppp1/7r/3p4/3P4/8/PPP1PPPP/RN1QKBNR w KQq -,MODEL_PREDICTION_NOT_EMPIRICAL
PST-04,B4,2100,maia3-5m,1,e2e4,e4,0.5395658612251282,0.9888081029057503,0.541373665859982,519,41,440,rnbqkbn1/ppp1ppp1/7r/3p4/3P4/8/PPP1PPPP/RN1QKBNR w KQq -,MODEL_PREDICTION_NOT_EMPIRICAL
PST-04,B4,2100,maia3-5m,2,d2d4,d4,0.2930448055267334,0.9888081029057503,0.541373665859982,527,44,429,rnbqkbn1/ppp1ppp1/7r/3p4/3P4/8/PPP1PPPP/RN1QKBNR w KQq -,MODEL_PREDICTION_NOT_EMPIRICAL
PST-04,B4,2100,maia3-5m,3,c2c4,c4,0.051827896386384964,0.9888081029057503,0.541373665859982,535,42,423,rnbqkbn1/ppp1ppp1/7r/3p4/3P4/8/PPP1PPPP/RN1QKBNR w KQq -,MODEL_PREDICTION_NOT_EMPIRICAL
PST-04,B4,2100,maia3-5m,4,g1f3,Nf3,0.05066932365298271,0.9888081029057503,0.541373665859982,542,42,416,rnbqkbn1/ppp1ppp1/7r/3p4/3P4/8/PPP1PPPP/RN1QKBNR w KQq -,MODEL_PREDICTION_NOT_EMPIRICAL
PST-04,B4,2100,maia3-5m,5,f2f4,f4,0.013551043346524239,0.9888081029057503,0.541373665859982,526,37,437,rnbqkbn1/ppp1ppp1/7r/3p4/3P4/8/PPP1PPPP/RN1QKBNR w KQq -,MODEL_PREDICTION_NOT_EMPIRICAL
PST-04,B4,2100,maia3-5m,6,b2b3,b3,0.01229612436145544,0.9888081029057503,0.541373665859982,527,41,432,rnbqkbn1/ppp1ppp1/7r/3p4/3P4/8/PPP1PPPP/RN1QKBNR w KQq -,MODEL_PREDICTION_NOT_EMPIRICAL
PST-04,B4,2100,maia3-5m,7,g2g3,g3,0.009896432980895042,0.9888081029057503,0.541373665859982,531,42,427,rnbqkbn1/ppp1ppp1/7r/3p4/3P4/8/PPP1PPPP/RN1QKBNR w KQq -,MODEL_PREDICTION_NOT_EMPIRICAL
PST-04,B4,2100,maia3-5m,8,e2e3,e3,0.007974912412464619,0.9888081029057503,0.541373665859982,497,42,461,rnbqkbn1/ppp1ppp1/7r/3p4/3P4/8/PPP1PPPP/RN1QKBNR w KQq -,MODEL_PREDICTION_NOT_EMPIRICAL
PST-04,B4,2100,maia3-5m,9,b1c3,Nc3,0.0054556746035814285,0.9888081029057503,0.541373665859982,552,39,409,rnbqkbn1/ppp1ppp1/7r/3p4/3P4/8/PPP1PPPP/RN1QKBNR w KQq -,MODEL_PREDICTION_NOT_EMPIRICAL
PST-04,B4,2100,maia3-5m,10,d2d3,d3,0.004526028409600258,0.9888081029057503,0.541373665859982,513,43,444,rnbqkbn1/ppp1ppp1/7r/3p4/3P4/8/PPP1PPPP/RN1QKBNR w KQq -,MODEL_PREDICTION_NOT_EMPIRICAL
LON-06,B5,1100,maia3-5m,1,e2e4,e4,0.6749164462089539,0.9871364636346698,0.4342553640682974,519,24,457,r1b1kb1r/pp2pppp/1qn5/2pp4/3P4/2P1PNP1/PPQ2PP1/RN2KB1R b KQkq -,MODEL_PREDICTION_NOT_EMPIRICAL
LON-06,B5,1100,maia3-5m,2,d2d4,d4,0.21801438927650452,0.9871364636346698,0.4342553640682974,524,25,451,r1b1kb1r/pp2pppp/1qn5/2pp4/3P4/2P1PNP1/PPQ2PP1/RN2KB1R b KQkq -,MODEL_PREDICTION_NOT_EMPIRICAL
LON-06,B5,1100,maia3-5m,3,e2e3,e3,0.022561196237802505,0.9871364636346698,0.4342553640682974,503,25,472,r1b1kb1r/pp2pppp/1qn5/2pp4/3P4/2P1PNP1/PPQ2PP1/RN2KB1R b KQkq -,MODEL_PREDICTION_NOT_EMPIRICAL
LON-06,B5,1100,maia3-5m,4,g1f3,Nf3,0.0210112277418375,0.9871364636346698,0.4342553640682974,516,28,456,r1b1kb1r/pp2pppp/1qn5/2pp4/3P4/2P1PNP1/PPQ2PP1/RN2KB1R b KQkq -,MODEL_PREDICTION_NOT_EMPIRICAL
LON-06,B5,1100,maia3-5m,5,c2c4,c4,0.016066906973719597,0.9871364636346698,0.4342553640682974,510,25,465,r1b1kb1r/pp2pppp/1qn5/2pp4/3P4/2P1PNP1/PPQ2PP1/RN2KB1R b KQkq -,MODEL_PREDICTION_NOT_EMPIRICAL
LON-06,B5,1100,maia3-5m,6,g2g3,g3,0.011687462218105793,0.9871364636346698,0.4342553640682974,494,25,481,r1b1kb1r/pp2pppp/1qn5/2pp4/3P4/2P1PNP1/PPQ2PP1/RN2KB1R b KQkq -,MODEL_PREDICTION_NOT_EMPIRICAL
LON-06,B5,1100,maia3-5m,7,b2b3,b3,0.007874177768826485,0.9871364636346698,0.4342553640682974,496,26,478,r1b1kb1r/pp2pppp/1qn5/2pp4/3P4/2P1PNP1/PPQ2PP1/RN2KB1R b KQkq -,MODEL_PREDICTION_NOT_EMPIRICAL
LON-06,B5,1100,maia3-5m,8,d2d3,d3,0.005962725728750229,0.9871364636346698,0.4342553640682974,498,26,476,r1b1kb1r/pp2pppp/1qn5/2pp4/3P4/2P1PNP1/PPQ2PP1/RN2KB1R b KQkq -,MODEL_PREDICTION_NOT_EMPIRICAL
LON-06,B5,1100,maia3-5m,9,b1c3,Nc3,0.00519427889958024,0.9871364636346698,0.4342553640682974,524,26,450,r1b1kb1r/pp2pppp/1qn5/2pp4/3P4/2P1PNP1/PPQ2PP1/RN2KB1R b KQkq -,MODEL_PREDICTION_NOT_EMPIRICAL
LON-06,B5,1100,maia3-5m,10,f2f4,f4,0.003847652580589056,0.9871364636346698,0.4342553640682974,509,27,464,r1b1kb1r/pp2pppp/1qn5/2pp4/3P4/2P1PNP1/PPQ2PP1/RN2KB1R b KQkq -,MODEL_PREDICTION_NOT_EMPIRICAL
LON-06,B5,1300,maia3-5m,1,e2e4,e4,0.6615840792655945,0.9876184498425573,0.44341396362140506,518,24,458,r1b1kb1r/pp2pppp/1qn5/2pp4/3P4/2P1PNP1/PPQ2PP1/RN2KB1R b KQkq -,MODEL_PREDICTION_NOT_EMPIRICAL
LON-06,B5,1300,maia3-5m,2,d2d4,d4,0.2294148951768875,0.9876184498425573,0.44341396362140506,522,26,452,r1b1kb1r/pp2pppp/1qn5/2pp4/3P4/2P1PNP1/PPQ2PP1/RN2KB1R b KQkq -,MODEL_PREDICTION_NOT_EMPIRICAL
LON-06,B5,1300,maia3-5m,3,g1f3,Nf3,0.02157282643020153,0.9876184498425573,0.44341396362140506,523,27,450,r1b1kb1r/pp2pppp/1qn5/2pp4/3P4/2P1PNP1/PPQ2PP1/RN2KB1R b KQkq -,MODEL_PREDICTION_NOT_EMPIRICAL
LON-06,B5,1300,maia3-5m,4,c2c4,c4,0.020122205838561058,0.9876184498425573,0.44341396362140506,514,26,460,r1b1kb1r/pp2pppp/1qn5/2pp4/3P4/2P1PNP1/PPQ2PP1/RN2KB1R b KQkq -,MODEL_PREDICTION_NOT_EMPIRICAL
LON-06,B5,1300,maia3-5m,5,e2e3,e3,0.019332410767674446,0.9876184498425573,0.44341396362140506,504,25,471,r1b1kb1r/pp2pppp/1qn5/2pp4/3P4/2P1PNP1/PPQ2PP1/RN2KB1R b KQkq -,MODEL_PREDICTION_NOT_EMPIRICAL
LON-06,B5,1300,maia3-5m,6,g2g3,g3,0.012549953535199165,0.9876184498425573,0.44341396362140506,506,26,468,r1b1kb1r/pp2pppp/1qn5/2pp4/3P4/2P1PNP1/PPQ2PP1/RN2KB1R b KQkq -,MODEL_PREDICTION_NOT_EMPIRICAL
LON-06,B5,1300,maia3-5m,7,b2b3,b3,0.009338651783764362,0.9876184498425573,0.44341396362140506,503,26,471,r1b1kb1r/pp2pppp/1qn5/2pp4/3P4/2P1PNP1/PPQ2PP1/RN2KB1R b KQkq -,MODEL_PREDICTION_NOT_EMPIRICAL
LON-06,B5,1300,maia3-5m,8,d2d3,d3,0.005362409166991711,0.9876184498425573,0.44341396362140506,501,27,472,r1b1kb1r/pp2pppp/1qn5/2pp4/3P4/2P1PNP1/PPQ2PP1/RN2KB1R b KQkq -,MODEL_PREDICTION_NOT_EMPIRICAL
LON-06,B5,1300,maia3-5m,9,f2f4,f4,0.004565780982375145,0.9876184498425573,0.44341396362140506,518,27,455,r1b1kb1r/pp2pppp/1qn5/2pp4/3P4/2P1PNP1/PPQ2PP1/RN2KB1R b KQkq -,MODEL_PREDICTION_NOT_EMPIRICAL
LON-06,B5,1300,maia3-5m,10,b1c3,Nc3,0.0037752368953078985,0.9876184498425573,0.44341396362140506,529,25,446,r1b1kb1r/pp2pppp/1qn5/2pp4/3P4/2P1PNP1/PPQ2PP1/RN2KB1R b KQkq -,MODEL_PREDICTION_NOT_EMPIRICAL
LON-06,B5,1500,maia3-5m,1,e2e4,e4,0.6428149938583374,0.98806171445176,0.4600856076991717,516,25,459,r1b1kb1r/pp2pppp/1qn5/2pp4/3P4/2P1PNP1/PPQ2PP1/RN2KB1R b KQkq -,MODEL_PREDICTION_NOT_EMPIRICAL
LON-06,B5,1500,maia3-5m,2,d2d4,d4,0.2416517585515976,0.98806171445176,0.4600856076991717,521,27,452,r1b1kb1r/pp2pppp/1qn5/2pp4/3P4/2P1PNP1/PPQ2PP1/RN2KB1R b KQkq -,MODEL_PREDICTION_NOT_EMPIRICAL
LON-06,B5,1500,maia3-5m,3,c2c4,c4,0.025009406730532646,0.98806171445176,0.4600856076991717,518,26,456,r1b1kb1r/pp2pppp/1qn5/2pp4/3P4/2P1PNP1/PPQ2PP1/RN2KB1R b KQkq -,MODEL_PREDICTION_NOT_EMPIRICAL
LON-06,B5,1500,maia3-5m,4,g1f3,Nf3,0.022932549938559532,0.98806171445176,0.4600856076991717,528,27,445,r1b1kb1r/pp2pppp/1qn5/2pp4/3P4/2P1PNP1/PPQ2PP1/RN2KB1R b KQkq -,MODEL_PREDICTION_NOT_EMPIRICAL
LON-06,B5,1500,maia3-5m,5,e2e3,e3,0.016669709235429764,0.98806171445176,0.4600856076991717,502,26,472,r1b1kb1r/pp2pppp/1qn5/2pp4/3P4/2P1PNP1/PPQ2PP1/RN2KB1R b KQkq -,MODEL_PREDICTION_NOT_EMPIRICAL
LON-06,B5,1500,maia3-5m,6,g2g3,g3,0.013175034895539284,0.98806171445176,0.4600856076991717,516,27,457,r1b1kb1r/pp2pppp/1qn5/2pp4/3P4/2P1PNP1/PPQ2PP1/RN2KB1R b KQkq -,MODEL_PREDICTION_NOT_EMPIRICAL
LON-06,B5,1500,maia3-5m,7,b2b3,b3,0.010849794372916222,0.98806171445176,0.4600856076991717,510,27,463,r1b1kb1r/pp2pppp/1qn5/2pp4/3P4/2P1PNP1/PPQ2PP1/RN2KB1R b KQkq -,MODEL_PREDICTION_NOT_EMPIRICAL
LON-06,B5,1500,maia3-5m,8,f2f4,f4,0.0063391150906682014,0.98806171445176,0.4600856076991717,523,27,450,r1b1kb1r/pp2pppp/1qn5/2pp4/3P4/2P1PNP1/PPQ2PP1/RN2KB1R b KQkq -,MODEL_PREDICTION_NOT_EMPIRICAL
LON-06,B5,1500,maia3-5m,9,d2d3,d3,0.004973711911588907,0.98806171445176,0.4600856076991717,504,28,468,r1b1kb1r/pp2pppp/1qn5/2pp4/3P4/2P1PNP1/PPQ2PP1/RN2KB1R b KQkq -,MODEL_PREDICTION_NOT_EMPIRICAL
LON-06,B5,1500,maia3-5m,10,b2b4,b4,0.0036456398665905,0.98806171445176,0.4600856076991717,512,27,461,r1b1kb1r/pp2pppp/1qn5/2pp4/3P4/2P1PNP1/PPQ2PP1/RN2KB1R b KQkq -,MODEL_PREDICTION_NOT_EMPIRICAL
LON-06,B5,1700,maia3-5m,1,e2e4,e4,0.6205705404281616,0.988658441696316,0.48012239459539624,513,27,460,r1b1kb1r/pp2pppp/1qn5/2pp4/3P4/2P1PNP1/PPQ2PP1/RN2KB1R b KQkq -,MODEL_PREDICTION_NOT_EMPIRICAL
LON-06,B5,1700,maia3-5m,2,d2d4,d4,0.2547968029975891,0.988658441696316,0.48012239459539624,519,30,451,r1b1kb1r/pp2pppp/1qn5/2pp4/3P4/2P1PNP1/PPQ2PP1/RN2KB1R b KQkq -,MODEL_PREDICTION_NOT_EMPIRICAL
LON-06,B5,1700,maia3-5m,3,c2c4,c4,0.030909236520528793,0.988658441696316,0.48012239459539624,524,29,447,r1b1kb1r/pp2pppp/1qn5/2pp4/3P4/2P1PNP1/PPQ2PP1/RN2KB1R b KQkq -,MODEL_PREDICTION_NOT_EMPIRICAL
LON-06,B5,1700,maia3-5m,4,g1f3,Nf3,0.025549987331032753,0.988658441696316,0.48012239459539624,533,29,438,r1b1kb1r/pp2pppp/1qn5/2pp4/3P4/2P1PNP1/PPQ2PP1/RN2KB1R b KQkq -,MODEL_PREDICTION_NOT_EMPIRICAL
LON-06,B5,1700,maia3-5m,5,e2e3,e3,0.013819748535752296,0.988658441696316,0.48012239459539624,498,29,473,r1b1kb1r/pp2pppp/1qn5/2pp4/3P4/2P1PNP1/PPQ2PP1/RN2KB1R b KQkq -,MODEL_PREDICTION_NOT_EMPIRICAL
LON-06,B5,1700,maia3-5m,6,g2g3,g3,0.012876337394118309,0.988658441696316,0.48012239459539624,523,28,449,r1b1kb1r/pp2pppp/1qn5/2pp4/3P4/2P1PNP1/PPQ2PP1/RN2KB1R b KQkq -,MODEL_PREDICTION_NOT_EMPIRICAL
LON-06,B5,1700,maia3-5m,7,b2b3,b3,0.01174180768430233,0.988658441696316,0.48012239459539624,516,29,455,r1b1kb1r/pp2pppp/1qn5/2pp4/3P4/2P1PNP1/PPQ2PP1/RN2KB1R b KQkq -,MODEL_PREDICTION_NOT_EMPIRICAL
LON-06,B5,1700,maia3-5m,8,f2f4,f4,0.009360010735690594,0.988658441696316,0.48012239459539624,525,28,447,r1b1kb1r/pp2pppp/1qn5/2pp4/3P4/2P1PNP1/PPQ2PP1/RN2KB1R b KQkq -,MODEL_PREDICTION_NOT_EMPIRICAL
LON-06,B5,1700,maia3-5m,9,d2d3,d3,0.004694441333413124,0.988658441696316,0.48012239459539624,505,30,465,r1b1kb1r/pp2pppp/1qn5/2pp4/3P4/2P1PNP1/PPQ2PP1/RN2KB1R b KQkq -,MODEL_PREDICTION_NOT_EMPIRICAL
LON-06,B5,1700,maia3-5m,10,b2b4,b4,0.004339528735727072,0.988658441696316,0.48012239459539624,514,27,459,r1b1kb1r/pp2pppp/1qn5/2pp4/3P4/2P1PNP1/PPQ2PP1/RN2KB1R b KQkq -,MODEL_PREDICTION_NOT_EMPIRICAL
LON-06,B5,1900,maia3-5m,1,e2e4,e4,0.5909685492515564,0.9884343789890409,0.5043124564545928,513,32,455,r1b1kb1r/pp2pppp/1qn5/2pp4/3P4/2P1PNP1/PPQ2PP1/RN2KB1R b KQkq -,MODEL_PREDICTION_NOT_EMPIRICAL
LON-06,B5,1900,maia3-5m,2,d2d4,d4,0.2694249749183655,0.9884343789890409,0.5043124564545928,521,35,444,r1b1kb1r/pp2pppp/1qn5/2pp4/3P4/2P1PNP1/PPQ2PP1/RN2KB1R b KQkq -,MODEL_PREDICTION_NOT_EMPIRICAL
LON-06,B5,1900,maia3-5m,3,c2c4,c4,0.03926251456141472,0.9884343789890409,0.5043124564545928,529,33,438,r1b1kb1r/pp2pppp/1qn5/2pp4/3P4/2P1PNP1/PPQ2PP1/RN2KB1R b KQkq -,MODEL_PREDICTION_NOT_EMPIRICAL
LON-06,B5,1900,maia3-5m,4,g1f3,Nf3,0.032338257879018784,0.9884343789890409,0.5043124564545928,538,33,429,r1b1kb1r/pp2pppp/1qn5/2pp4/3P4/2P1PNP1/PPQ2PP1/RN2KB1R b KQkq -,MODEL_PREDICTION_NOT_EMPIRICAL
LON-06,B5,1900,maia3-5m,5,f2f4,f4,0.01306967530399561,0.9884343789890409,0.5043124564545928,525,30,445,r1b1kb1r/pp2pppp/1qn5/2pp4/3P4/2P1PNP1/PPQ2PP1/RN2KB1R b KQkq -,MODEL_PREDICTION_NOT_EMPIRICAL
LON-06,B5,1900,maia3-5m,6,b2b3,b3,0.011948314495384693,0.9884343789890409,0.5043124564545928,519,33,448,r1b1kb1r/pp2pppp/1qn5/2pp4/3P4/2P1PNP1/PPQ2PP1/RN2KB1R b KQkq -,MODEL_PREDICTION_NOT_EMPIRICAL
LON-06,B5,1900,maia3-5m,7,g2g3,g3,0.01160159520804882,0.9884343789890409,0.5043124564545928,524,33,443,r1b1kb1r/pp2pppp/1qn5/2pp4/3P4/2P1PNP1/PPQ2PP1/RN2KB1R b KQkq -,MODEL_PREDICTION_NOT_EMPIRICAL
LON-06,B5,1900,maia3-5m,8,e2e3,e3,0.010756749659776688,0.9884343789890409,0.5043124564545928,495,33,472,r1b1kb1r/pp2pppp/1qn5/2pp4/3P4/2P1PNP1/PPQ2PP1/RN2KB1R b KQkq -,MODEL_PREDICTION_NOT_EMPIRICAL
LON-06,B5,1900,maia3-5m,9,b2b4,b4,0.0045842663384974,0.9884343789890409,0.5043124564545928,515,29,456,r1b1kb1r/pp2pppp/1qn5/2pp4/3P4/2P1PNP1/PPQ2PP1/RN2KB1R b KQkq -,MODEL_PREDICTION_NOT_EMPIRICAL
LON-06,B5,1900,maia3-5m,10,d2d3,d3,0.0044794813729822636,0.9884343789890409,0.5043124564545928,505,34,461,r1b1kb1r/pp2pppp/1qn5/2pp4/3P4/2P1PNP1/PPQ2PP1/RN2KB1R b KQkq -,MODEL_PREDICTION_NOT_EMPIRICAL
LON-06,B5,2100,maia3-5m,1,e2e4,e4,0.5395658612251282,0.9888081029057503,0.541373665859982,519,41,440,r1b1kb1r/pp2pppp/1qn5/2pp4/3P4/2P1PNP1/PPQ2PP1/RN2KB1R b KQkq -,MODEL_PREDICTION_NOT_EMPIRICAL
LON-06,B5,2100,maia3-5m,2,d2d4,d4,0.2930448055267334,0.9888081029057503,0.541373665859982,527,44,429,r1b1kb1r/pp2pppp/1qn5/2pp4/3P4/2P1PNP1/PPQ2PP1/RN2KB1R b KQkq -,MODEL_PREDICTION_NOT_EMPIRICAL
LON-06,B5,2100,maia3-5m,3,c2c4,c4,0.051827896386384964,0.9888081029057503,0.541373665859982,535,42,423,r1b1kb1r/pp2pppp/1qn5/2pp4/3P4/2P1PNP1/PPQ2PP1/RN2KB1R b KQkq -,MODEL_PREDICTION_NOT_EMPIRICAL
LON-06,B5,2100,maia3-5m,4,g1f3,Nf3,0.05066932365298271,0.9888081029057503,0.541373665859982,542,42,416,r1b1kb1r/pp2pppp/1qn5/2pp4/3P4/2P1PNP1/PPQ2PP1/RN2KB1R b KQkq -,MODEL_PREDICTION_NOT_EMPIRICAL
LON-06,B5,2100,maia3-5m,5,f2f4,f4,0.013551043346524239,0.9888081029057503,0.541373665859982,526,37,437,r1b1kb1r/pp2pppp/1qn5/2pp4/3P4/2P1PNP1/PPQ2PP1/RN2KB1R b KQkq -,MODEL_PREDICTION_NOT_EMPIRICAL
LON-06,B5,2100,maia3-5m,6,b2b3,b3,0.01229612436145544,0.9888081029057503,0.541373665859982,527,41,432,r1b1kb1r/pp2pppp/1qn5/2pp4/3P4/2P1PNP1/PPQ2PP1/RN2KB1R b KQkq -,MODEL_PREDICTION_NOT_EMPIRICAL
LON-06,B5,2100,maia3-5m,7,g2g3,g3,0.009896432980895042,0.9888081029057503,0.541373665859982,531,42,427,r1b1kb1r/pp2pppp/1qn5/2pp4/3P4/2P1PNP1/PPQ2PP1/RN2KB1R b KQkq -,MODEL_PREDICTION_NOT_EMPIRICAL
LON-06,B5,2100,maia3-5m,8,e2e3,e3,0.007974912412464619,0.9888081029057503,0.541373665859982,497,42,461,r1b1kb1r/pp2pppp/1qn5/2pp4/3P4/2P1PNP1/PPQ2PP1/RN2KB1R b KQkq -,MODEL_PREDICTION_NOT_EMPIRICAL
LON-06,B5,2100,maia3-5m,9,b1c3,Nc3,0.0054556746035814285,0.9888081029057503,0.541373665859982,552,39,409,r1b1kb1r/pp2pppp/1qn5/2pp4/3P4/2P1PNP1/PPQ2PP1/RN2KB1R b KQkq -,MODEL_PREDICTION_NOT_EMPIRICAL
LON-06,B5,2100,maia3-5m,10,d2d3,d3,0.004526028409600258,0.9888081029057503,0.541373665859982,513,43,444,r1b1kb1r/pp2pppp/1qn5/2pp4/3P4/2P1PNP1/PPQ2PP1/RN2KB1R b KQkq -,MODEL_PREDICTION_NOT_EMPIRICAL
LON-07,B5,1100,maia3-5m,1,e2e4,e4,0.6749164462089539,0.9871364636346698,0.4342553640682974,519,24,457,r1b1kb1r/pp2pp2/1qn4p/2pp2pn/3P3B/2P1PN2/PPQ2PPP/RN2KB1R w KQkq -,MODEL_PREDICTION_NOT_EMPIRICAL
LON-07,B5,1100,maia3-5m,2,d2d4,d4,0.21801438927650452,0.9871364636346698,0.4342553640682974,524,25,451,r1b1kb1r/pp2pp2/1qn4p/2pp2pn/3P3B/2P1PN2/PPQ2PPP/RN2KB1R w KQkq -,MODEL_PREDICTION_NOT_EMPIRICAL
LON-07,B5,1100,maia3-5m,3,e2e3,e3,0.022561196237802505,0.9871364636346698,0.4342553640682974,503,25,472,r1b1kb1r/pp2pp2/1qn4p/2pp2pn/3P3B/2P1PN2/PPQ2PPP/RN2KB1R w KQkq -,MODEL_PREDICTION_NOT_EMPIRICAL
LON-07,B5,1100,maia3-5m,4,g1f3,Nf3,0.0210112277418375,0.9871364636346698,0.4342553640682974,516,28,456,r1b1kb1r/pp2pp2/1qn4p/2pp2pn/3P3B/2P1PN2/PPQ2PPP/RN2KB1R w KQkq -,MODEL_PREDICTION_NOT_EMPIRICAL
LON-07,B5,1100,maia3-5m,5,c2c4,c4,0.016066906973719597,0.9871364636346698,0.4342553640682974,510,25,465,r1b1kb1r/pp2pp2/1qn4p/2pp2pn/3P3B/2P1PN2/PPQ2PPP/RN2KB1R w KQkq -,MODEL_PREDICTION_NOT_EMPIRICAL
LON-07,B5,1100,maia3-5m,6,g2g3,g3,0.011687462218105793,0.9871364636346698,0.4342553640682974,494,25,481,r1b1kb1r/pp2pp2/1qn4p/2pp2pn/3P3B/2P1PN2/PPQ2PPP/RN2KB1R w KQkq -,MODEL_PREDICTION_NOT_EMPIRICAL
LON-07,B5,1100,maia3-5m,7,b2b3,b3,0.007874177768826485,0.9871364636346698,0.4342553640682974,496,26,478,r1b1kb1r/pp2pp2/1qn4p/2pp2pn/3P3B/2P1PN2/PPQ2PPP/RN2KB1R w KQkq -,MODEL_PREDICTION_NOT_EMPIRICAL
LON-07,B5,1100,maia3-5m,8,d2d3,d3,0.005962725728750229,0.9871364636346698,0.4342553640682974,498,26,476,r1b1kb1r/pp2pp2/1qn4p/2pp2pn/3P3B/2P1PN2/PPQ2PPP/RN2KB1R w KQkq -,MODEL_PREDICTION_NOT_EMPIRICAL
LON-07,B5,1100,maia3-5m,9,b1c3,Nc3,0.00519427889958024,0.9871364636346698,0.4342553640682974,524,26,450,r1b1kb1r/pp2pp2/1qn4p/2pp2pn/3P3B/2P1PN2/PPQ2PPP/RN2KB1R w KQkq -,MODEL_PREDICTION_NOT_EMPIRICAL
LON-07,B5,1100,maia3-5m,10,f2f4,f4,0.003847652580589056,0.9871364636346698,0.4342553640682974,509,27,464,r1b1kb1r/pp2pp2/1qn4p/2pp2pn/3P3B/2P1PN2/PPQ2PPP/RN2KB1R w KQkq -,MODEL_PREDICTION_NOT_EMPIRICAL
LON-07,B5,1300,maia3-5m,1,e2e4,e4,0.6615840792655945,0.9876184498425573,0.44341396362140506,518,24,458,r1b1kb1r/pp2pp2/1qn4p/2pp2pn/3P3B/2P1PN2/PPQ2PPP/RN2KB1R w KQkq -,MODEL_PREDICTION_NOT_EMPIRICAL
LON-07,B5,1300,maia3-5m,2,d2d4,d4,0.2294148951768875,0.9876184498425573,0.44341396362140506,522,26,452,r1b1kb1r/pp2pp2/1qn4p/2pp2pn/3P3B/2P1PN2/PPQ2PPP/RN2KB1R w KQkq -,MODEL_PREDICTION_NOT_EMPIRICAL
LON-07,B5,1300,maia3-5m,3,g1f3,Nf3,0.02157282643020153,0.9876184498425573,0.44341396362140506,523,27,450,r1b1kb1r/pp2pp2/1qn4p/2pp2pn/3P3B/2P1PN2/PPQ2PPP/RN2KB1R w KQkq -,MODEL_PREDICTION_NOT_EMPIRICAL
LON-07,B5,1300,maia3-5m,4,c2c4,c4,0.020122205838561058,0.9876184498425573,0.44341396362140506,514,26,460,r1b1kb1r/pp2pp2/1qn4p/2pp2pn/3P3B/2P1PN2/PPQ2PPP/RN2KB1R w KQkq -,MODEL_PREDICTION_NOT_EMPIRICAL
LON-07,B5,1300,maia3-5m,5,e2e3,e3,0.019332410767674446,0.9876184498425573,0.44341396362140506,504,25,471,r1b1kb1r/pp2pp2/1qn4p/2pp2pn/3P3B/2P1PN2/PPQ2PPP/RN2KB1R w KQkq -,MODEL_PREDICTION_NOT_EMPIRICAL
LON-07,B5,1300,maia3-5m,6,g2g3,g3,0.012549953535199165,0.9876184498425573,0.44341396362140506,506,26,468,r1b1kb1r/pp2pp2/1qn4p/2pp2pn/3P3B/2P1PN2/PPQ2PPP/RN2KB1R w KQkq -,MODEL_PREDICTION_NOT_EMPIRICAL
LON-07,B5,1300,maia3-5m,7,b2b3,b3,0.009338651783764362,0.9876184498425573,0.44341396362140506,503,26,471,r1b1kb1r/pp2pp2/1qn4p/2pp2pn/3P3B/2P1PN2/PPQ2PPP/RN2KB1R w KQkq -,MODEL_PREDICTION_NOT_EMPIRICAL
LON-07,B5,1300,maia3-5m,8,d2d3,d3,0.005362409166991711,0.9876184498425573,0.44341396362140506,501,27,472,r1b1kb1r/pp2pp2/1qn4p/2pp2pn/3P3B/2P1PN2/PPQ2PPP/RN2KB1R w KQkq -,MODEL_PREDICTION_NOT_EMPIRICAL
LON-07,B5,1300,maia3-5m,9,f2f4,f4,0.004565780982375145,0.9876184498425573,0.44341396362140506,518,27,455,r1b1kb1r/pp2pp2/1qn4p/2pp2pn/3P3B/2P1PN2/PPQ2PPP/RN2KB1R w KQkq -,MODEL_PREDICTION_NOT_EMPIRICAL
LON-07,B5,1300,maia3-5m,10,b1c3,Nc3,0.0037752368953078985,0.9876184498425573,0.44341396362140506,529,25,446,r1b1kb1r/pp2pp2/1qn4p/2pp2pn/3P3B/2P1PN2/PPQ2PPP/RN2KB1R w KQkq -,MODEL_PREDICTION_NOT_EMPIRICAL
LON-07,B5,1500,maia3-5m,1,e2e4,e4,0.6428149938583374,0.98806171445176,0.4600856076991717,516,25,459,r1b1kb1r/pp2pp2/1qn4p/2pp2pn/3P3B/2P1PN2/PPQ2PPP/RN2KB1R w KQkq -,MODEL_PREDICTION_NOT_EMPIRICAL
LON-07,B5,1500,maia3-5m,2,d2d4,d4,0.2416517585515976,0.98806171445176,0.4600856076991717,521,27,452,r1b1kb1r/pp2pp2/1qn4p/2pp2pn/3P3B/2P1PN2/PPQ2PPP/RN2KB1R w KQkq -,MODEL_PREDICTION_NOT_EMPIRICAL
LON-07,B5,1500,maia3-5m,3,c2c4,c4,0.025009406730532646,0.98806171445176,0.4600856076991717,518,26,456,r1b1kb1r/pp2pp2/1qn4p/2pp2pn/3P3B/2P1PN2/PPQ2PPP/RN2KB1R w KQkq -,MODEL_PREDICTION_NOT_EMPIRICAL
LON-07,B5,1500,maia3-5m,4,g1f3,Nf3,0.022932549938559532,0.98806171445176,0.4600856076991717,528,27,445,r1b1kb1r/pp2pp2/1qn4p/2pp2pn/3P3B/2P1PN2/PPQ2PPP/RN2KB1R w KQkq -,MODEL_PREDICTION_NOT_EMPIRICAL
LON-07,B5,1500,maia3-5m,5,e2e3,e3,0.016669709235429764,0.98806171445176,0.4600856076991717,502,26,472,r1b1kb1r/pp2pp2/1qn4p/2pp2pn/3P3B/2P1PN2/PPQ2PPP/RN2KB1R w KQkq -,MODEL_PREDICTION_NOT_EMPIRICAL
LON-07,B5,1500,maia3-5m,6,g2g3,g3,0.013175034895539284,0.98806171445176,0.4600856076991717,516,27,457,r1b1kb1r/pp2pp2/1qn4p/2pp2pn/3P3B/2P1PN2/PPQ2PPP/RN2KB1R w KQkq -,MODEL_PREDICTION_NOT_EMPIRICAL
LON-07,B5,1500,maia3-5m,7,b2b3,b3,0.010849794372916222,0.98806171445176,0.4600856076991717,510,27,463,r1b1kb1r/pp2pp2/1qn4p/2pp2pn/3P3B/2P1PN2/PPQ2PPP/RN2KB1R w KQkq -,MODEL_PREDICTION_NOT_EMPIRICAL
LON-07,B5,1500,maia3-5m,8,f2f4,f4,0.0063391150906682014,0.98806171445176,0.4600856076991717,523,27,450,r1b1kb1r/pp2pp2/1qn4p/2pp2pn/3P3B/2P1PN2/PPQ2PPP/RN2KB1R w KQkq -,MODEL_PREDICTION_NOT_EMPIRICAL
LON-07,B5,1500,maia3-5m,9,d2d3,d3,0.004973711911588907,0.98806171445176,0.4600856076991717,504,28,468,r1b1kb1r/pp2pp2/1qn4p/2pp2pn/3P3B/2P1PN2/PPQ2PPP/RN2KB1R w KQkq -,MODEL_PREDICTION_NOT_EMPIRICAL
LON-07,B5,1500,maia3-5m,10,b2b4,b4,0.0036456398665905,0.98806171445176,0.4600856076991717,512,27,461,r1b1kb1r/pp2pp2/1qn4p/2pp2pn/3P3B/2P1PN2/PPQ2PPP/RN2KB1R w KQkq -,MODEL_PREDICTION_NOT_EMPIRICAL
LON-07,B5,1700,maia3-5m,1,e2e4,e4,0.6205705404281616,0.988658441696316,0.48012239459539624,513,27,460,r1b1kb1r/pp2pp2/1qn4p/2pp2pn/3P3B/2P1PN2/PPQ2PPP/RN2KB1R w KQkq -,MODEL_PREDICTION_NOT_EMPIRICAL
LON-07,B5,1700,maia3-5m,2,d2d4,d4,0.2547968029975891,0.988658441696316,0.48012239459539624,519,30,451,r1b1kb1r/pp2pp2/1qn4p/2pp2pn/3P3B/2P1PN2/PPQ2PPP/RN2KB1R w KQkq -,MODEL_PREDICTION_NOT_EMPIRICAL
LON-07,B5,1700,maia3-5m,3,c2c4,c4,0.030909236520528793,0.988658441696316,0.48012239459539624,524,29,447,r1b1kb1r/pp2pp2/1qn4p/2pp2pn/3P3B/2P1PN2/PPQ2PPP/RN2KB1R w KQkq -,MODEL_PREDICTION_NOT_EMPIRICAL
LON-07,B5,1700,maia3-5m,4,g1f3,Nf3,0.025549987331032753,0.988658441696316,0.48012239459539624,533,29,438,r1b1kb1r/pp2pp2/1qn4p/2pp2pn/3P3B/2P1PN2/PPQ2PPP/RN2KB1R w KQkq -,MODEL_PREDICTION_NOT_EMPIRICAL
LON-07,B5,1700,maia3-5m,5,e2e3,e3,0.013819748535752296,0.988658441696316,0.48012239459539624,498,29,473,r1b1kb1r/pp2pp2/1qn4p/2pp2pn/3P3B/2P1PN2/PPQ2PPP/RN2KB1R w KQkq -,MODEL_PREDICTION_NOT_EMPIRICAL
LON-07,B5,1700,maia3-5m,6,g2g3,g3,0.012876337394118309,0.988658441696316,0.48012239459539624,523,28,449,r1b1kb1r/pp2pp2/1qn4p/2pp2pn/3P3B/2P1PN2/PPQ2PPP/RN2KB1R w KQkq -,MODEL_PREDICTION_NOT_EMPIRICAL
LON-07,B5,1700,maia3-5m,7,b2b3,b3,0.01174180768430233,0.988658441696316,0.48012239459539624,516,29,455,r1b1kb1r/pp2pp2/1qn4p/2pp2pn/3P3B/2P1PN2/PPQ2PPP/RN2KB1R w KQkq -,MODEL_PREDICTION_NOT_EMPIRICAL
LON-07,B5,1700,maia3-5m,8,f2f4,f4,0.009360010735690594,0.988658441696316,0.48012239459539624,525,28,447,r1b1kb1r/pp2pp2/1qn4p/2pp2pn/3P3B/2P1PN2/PPQ2PPP/RN2KB1R w KQkq -,MODEL_PREDICTION_NOT_EMPIRICAL
LON-07,B5,1700,maia3-5m,9,d2d3,d3,0.004694441333413124,0.988658441696316,0.48012239459539624,505,30,465,r1b1kb1r/pp2pp2/1qn4p/2pp2pn/3P3B/2P1PN2/PPQ2PPP/RN2KB1R w KQkq -,MODEL_PREDICTION_NOT_EMPIRICAL
LON-07,B5,1700,maia3-5m,10,b2b4,b4,0.004339528735727072,0.988658441696316,0.48012239459539624,514,27,459,r1b1kb1r/pp2pp2/1qn4p/2pp2pn/3P3B/2P1PN2/PPQ2PPP/RN2KB1R w KQkq -,MODEL_PREDICTION_NOT_EMPIRICAL
LON-07,B5,1900,maia3-5m,1,e2e4,e4,0.5909685492515564,0.9884343789890409,0.5043124564545928,513,32,455,r1b1kb1r/pp2pp2/1qn4p/2pp2pn/3P3B/2P1PN2/PPQ2PPP/RN2KB1R w KQkq -,MODEL_PREDICTION_NOT_EMPIRICAL
LON-07,B5,1900,maia3-5m,2,d2d4,d4,0.2694249749183655,0.9884343789890409,0.5043124564545928,521,35,444,r1b1kb1r/pp2pp2/1qn4p/2pp2pn/3P3B/2P1PN2/PPQ2PPP/RN2KB1R w KQkq -,MODEL_PREDICTION_NOT_EMPIRICAL
LON-07,B5,1900,maia3-5m,3,c2c4,c4,0.03926251456141472,0.9884343789890409,0.5043124564545928,529,33,438,r1b1kb1r/pp2pp2/1qn4p/2pp2pn/3P3B/2P1PN2/PPQ2PPP/RN2KB1R w KQkq -,MODEL_PREDICTION_NOT_EMPIRICAL
LON-07,B5,1900,maia3-5m,4,g1f3,Nf3,0.032338257879018784,0.9884343789890409,0.5043124564545928,538,33,429,r1b1kb1r/pp2pp2/1qn4p/2pp2pn/3P3B/2P1PN2/PPQ2PPP/RN2KB1R w KQkq -,MODEL_PREDICTION_NOT_EMPIRICAL
LON-07,B5,1900,maia3-5m,5,f2f4,f4,0.01306967530399561,0.9884343789890409,0.5043124564545928,525,30,445,r1b1kb1r/pp2pp2/1qn4p/2pp2pn/3P3B/2P1PN2/PPQ2PPP/RN2KB1R w KQkq -,MODEL_PREDICTION_NOT_EMPIRICAL
LON-07,B5,1900,maia3-5m,6,b2b3,b3,0.011948314495384693,0.9884343789890409,0.5043124564545928,519,33,448,r1b1kb1r/pp2pp2/1qn4p/2pp2pn/3P3B/2P1PN2/PPQ2PPP/RN2KB1R w KQkq -,MODEL_PREDICTION_NOT_EMPIRICAL
LON-07,B5,1900,maia3-5m,7,g2g3,g3,0.01160159520804882,0.9884343789890409,0.5043124564545928,524,33,443,r1b1kb1r/pp2pp2/1qn4p/2pp2pn/3P3B/2P1PN2/PPQ2PPP/RN2KB1R w KQkq -,MODEL_PREDICTION_NOT_EMPIRICAL
LON-07,B5,1900,maia3-5m,8,e2e3,e3,0.010756749659776688,0.9884343789890409,0.5043124564545928,495,33,472,r1b1kb1r/pp2pp2/1qn4p/2pp2pn/3P3B/2P1PN2/PPQ2PPP/RN2KB1R w KQkq -,MODEL_PREDICTION_NOT_EMPIRICAL
LON-07,B5,1900,maia3-5m,9,b2b4,b4,0.0045842663384974,0.9884343789890409,0.5043124564545928,515,29,456,r1b1kb1r/pp2pp2/1qn4p/2pp2pn/3P3B/2P1PN2/PPQ2PPP/RN2KB1R w KQkq -,MODEL_PREDICTION_NOT_EMPIRICAL
LON-07,B5,1900,maia3-5m,10,d2d3,d3,0.0044794813729822636,0.9884343789890409,0.5043124564545928,505,34,461,r1b1kb1r/pp2pp2/1qn4p/2pp2pn/3P3B/2P1PN2/PPQ2PPP/RN2KB1R w KQkq -,MODEL_PREDICTION_NOT_EMPIRICAL
LON-07,B5,2100,maia3-5m,1,e2e4,e4,0.5395658612251282,0.9888081029057503,0.541373665859982,519,41,440,r1b1kb1r/pp2pp2/1qn4p/2pp2pn/3P3B/2P1PN2/PPQ2PPP/RN2KB1R w KQkq -,MODEL_PREDICTION_NOT_EMPIRICAL
LON-07,B5,2100,maia3-5m,2,d2d4,d4,0.2930448055267334,0.9888081029057503,0.541373665859982,527,44,429,r1b1kb1r/pp2pp2/1qn4p/2pp2pn/3P3B/2P1PN2/PPQ2PPP/RN2KB1R w KQkq -,MODEL_PREDICTION_NOT_EMPIRICAL
LON-07,B5,2100,maia3-5m,3,c2c4,c4,0.051827896386384964,0.9888081029057503,0.541373665859982,535,42,423,r1b1kb1r/pp2pp2/1qn4p/2pp2pn/3P3B/2P1PN2/PPQ2PPP/RN2KB1R w KQkq -,MODEL_PREDICTION_NOT_EMPIRICAL
LON-07,B5,2100,maia3-5m,4,g1f3,Nf3,0.05066932365298271,0.9888081029057503,0.541373665859982,542,42,416,r1b1kb1r/pp2pp2/1qn4p/2pp2pn/3P3B/2P1PN2/PPQ2PPP/RN2KB1R w KQkq -,MODEL_PREDICTION_NOT_EMPIRICAL
LON-07,B5,2100,maia3-5m,5,f2f4,f4,0.013551043346524239,0.9888081029057503,0.541373665859982,526,37,437,r1b1kb1r/pp2pp2/1qn4p/2pp2pn/3P3B/2P1PN2/PPQ2PPP/RN2KB1R w KQkq -,MODEL_PREDICTION_NOT_EMPIRICAL
LON-07,B5,2100,maia3-5m,6,b2b3,b3,0.01229612436145544,0.9888081029057503,0.541373665859982,527,41,432,r1b1kb1r/pp2pp2/1qn4p/2pp2pn/3P3B/2P1PN2/PPQ2PPP/RN2KB1R w KQkq -,MODEL_PREDICTION_NOT_EMPIRICAL
LON-07,B5,2100,maia3-5m,7,g2g3,g3,0.009896432980895042,0.9888081029057503,0.541373665859982,531,42,427,r1b1kb1r/pp2pp2/1qn4p/2pp2pn/3P3B/2P1PN2/PPQ2PPP/RN2KB1R w KQkq -,MODEL_PREDICTION_NOT_EMPIRICAL
LON-07,B5,2100,maia3-5m,8,e2e3,e3,0.007974912412464619,0.9888081029057503,0.541373665859982,497,42,461,r1b1kb1r/pp2pp2/1qn4p/2pp2pn/3P3B/2P1PN2/PPQ2PPP/RN2KB1R w KQkq -,MODEL_PREDICTION_NOT_EMPIRICAL
LON-07,B5,2100,maia3-5m,9,b1c3,Nc3,0.0054556746035814285,0.9888081029057503,0.541373665859982,552,39,409,r1b1kb1r/pp2pp2/1qn4p/2pp2pn/3P3B/2P1PN2/PPQ2PPP/RN2KB1R w KQkq -,MODEL_PREDICTION_NOT_EMPIRICAL
LON-07,B5,2100,maia3-5m,10,d2d3,d3,0.004526028409600258,0.9888081029057503,0.541373665859982,513,43,444,r1b1kb1r/pp2pp2/1qn4p/2pp2pn/3P3B/2P1PN2/PPQ2PPP/RN2KB1R w KQkq -,MODEL_PREDICTION_NOT_EMPIRICAL
TOR-02,B5,1100,maia3-5m,1,e2e4,e4,0.6749164462089539,0.9871364636346698,0.4342553640682974,519,24,457,rnbqkb1r/ppp1ppp1/8/3p3p/3Pn2B/5N2/PPP1PPPP/RN1QKB1R w KQkq -,MODEL_PREDICTION_NOT_EMPIRICAL
TOR-02,B5,1100,maia3-5m,2,d2d4,d4,0.21801438927650452,0.9871364636346698,0.4342553640682974,524,25,451,rnbqkb1r/ppp1ppp1/8/3p3p/3Pn2B/5N2/PPP1PPPP/RN1QKB1R w KQkq -,MODEL_PREDICTION_NOT_EMPIRICAL
TOR-02,B5,1100,maia3-5m,3,e2e3,e3,0.022561196237802505,0.9871364636346698,0.4342553640682974,503,25,472,rnbqkb1r/ppp1ppp1/8/3p3p/3Pn2B/5N2/PPP1PPPP/RN1QKB1R w KQkq -,MODEL_PREDICTION_NOT_EMPIRICAL
TOR-02,B5,1100,maia3-5m,4,g1f3,Nf3,0.0210112277418375,0.9871364636346698,0.4342553640682974,516,28,456,rnbqkb1r/ppp1ppp1/8/3p3p/3Pn2B/5N2/PPP1PPPP/RN1QKB1R w KQkq -,MODEL_PREDICTION_NOT_EMPIRICAL
TOR-02,B5,1100,maia3-5m,5,c2c4,c4,0.016066906973719597,0.9871364636346698,0.4342553640682974,510,25,465,rnbqkb1r/ppp1ppp1/8/3p3p/3Pn2B/5N2/PPP1PPPP/RN1QKB1R w KQkq -,MODEL_PREDICTION_NOT_EMPIRICAL
TOR-02,B5,1100,maia3-5m,6,g2g3,g3,0.011687462218105793,0.9871364636346698,0.4342553640682974,494,25,481,rnbqkb1r/ppp1ppp1/8/3p3p/3Pn2B/5N2/PPP1PPPP/RN1QKB1R w KQkq -,MODEL_PREDICTION_NOT_EMPIRICAL
TOR-02,B5,1100,maia3-5m,7,b2b3,b3,0.007874177768826485,0.9871364636346698,0.4342553640682974,496,26,478,rnbqkb1r/ppp1ppp1/8/3p3p/3Pn2B/5N2/PPP1PPPP/RN1QKB1R w KQkq -,MODEL_PREDICTION_NOT_EMPIRICAL
TOR-02,B5,1100,maia3-5m,8,d2d3,d3,0.005962725728750229,0.9871364636346698,0.4342553640682974,498,26,476,rnbqkb1r/ppp1ppp1/8/3p3p/3Pn2B/5N2/PPP1PPPP/RN1QKB1R w KQkq -,MODEL_PREDICTION_NOT_EMPIRICAL
TOR-02,B5,1100,maia3-5m,9,b1c3,Nc3,0.00519427889958024,0.9871364636346698,0.4342553640682974,524,26,450,rnbqkb1r/ppp1ppp1/8/3p3p/3Pn2B/5N2/PPP1PPPP/RN1QKB1R w KQkq -,MODEL_PREDICTION_NOT_EMPIRICAL
TOR-02,B5,1100,maia3-5m,10,f2f4,f4,0.003847652580589056,0.9871364636346698,0.4342553640682974,509,27,464,rnbqkb1r/ppp1ppp1/8/3p3p/3Pn2B/5N2/PPP1PPPP/RN1QKB1R w KQkq -,MODEL_PREDICTION_NOT_EMPIRICAL
TOR-02,B5,1300,maia3-5m,1,e2e4,e4,0.6615840792655945,0.9876184498425573,0.44341396362140506,518,24,458,rnbqkb1r/ppp1ppp1/8/3p3p/3Pn2B/5N2/PPP1PPPP/RN1QKB1R w KQkq -,MODEL_PREDICTION_NOT_EMPIRICAL
TOR-02,B5,1300,maia3-5m,2,d2d4,d4,0.2294148951768875,0.9876184498425573,0.44341396362140506,522,26,452,rnbqkb1r/ppp1ppp1/8/3p3p/3Pn2B/5N2/PPP1PPPP/RN1QKB1R w KQkq -,MODEL_PREDICTION_NOT_EMPIRICAL
TOR-02,B5,1300,maia3-5m,3,g1f3,Nf3,0.02157282643020153,0.9876184498425573,0.44341396362140506,523,27,450,rnbqkb1r/ppp1ppp1/8/3p3p/3Pn2B/5N2/PPP1PPPP/RN1QKB1R w KQkq -,MODEL_PREDICTION_NOT_EMPIRICAL
TOR-02,B5,1300,maia3-5m,4,c2c4,c4,0.020122205838561058,0.9876184498425573,0.44341396362140506,514,26,460,rnbqkb1r/ppp1ppp1/8/3p3p/3Pn2B/5N2/PPP1PPPP/RN1QKB1R w KQkq -,MODEL_PREDICTION_NOT_EMPIRICAL
TOR-02,B5,1300,maia3-5m,5,e2e3,e3,0.019332410767674446,0.9876184498425573,0.44341396362140506,504,25,471,rnbqkb1r/ppp1ppp1/8/3p3p/3Pn2B/5N2/PPP1PPPP/RN1QKB1R w KQkq -,MODEL_PREDICTION_NOT_EMPIRICAL
TOR-02,B5,1300,maia3-5m,6,g2g3,g3,0.012549953535199165,0.9876184498425573,0.44341396362140506,506,26,468,rnbqkb1r/ppp1ppp1/8/3p3p/3Pn2B/5N2/PPP1PPPP/RN1QKB1R w KQkq -,MODEL_PREDICTION_NOT_EMPIRICAL
TOR-02,B5,1300,maia3-5m,7,b2b3,b3,0.009338651783764362,0.9876184498425573,0.44341396362140506,503,26,471,rnbqkb1r/ppp1ppp1/8/3p3p/3Pn2B/5N2/PPP1PPPP/RN1QKB1R w KQkq -,MODEL_PREDICTION_NOT_EMPIRICAL
TOR-02,B5,1300,maia3-5m,8,d2d3,d3,0.005362409166991711,0.9876184498425573,0.44341396362140506,501,27,472,rnbqkb1r/ppp1ppp1/8/3p3p/3Pn2B/5N2/PPP1PPPP/RN1QKB1R w KQkq -,MODEL_PREDICTION_NOT_EMPIRICAL
TOR-02,B5,1300,maia3-5m,9,f2f4,f4,0.004565780982375145,0.9876184498425573,0.44341396362140506,518,27,455,rnbqkb1r/ppp1ppp1/8/3p3p/3Pn2B/5N2/PPP1PPPP/RN1QKB1R w KQkq -,MODEL_PREDICTION_NOT_EMPIRICAL
TOR-02,B5,1300,maia3-5m,10,b1c3,Nc3,0.0037752368953078985,0.9876184498425573,0.44341396362140506,529,25,446,rnbqkb1r/ppp1ppp1/8/3p3p/3Pn2B/5N2/PPP1PPPP/RN1QKB1R w KQkq -,MODEL_PREDICTION_NOT_EMPIRICAL
TOR-02,B5,1500,maia3-5m,1,e2e4,e4,0.6428149938583374,0.98806171445176,0.4600856076991717,516,25,459,rnbqkb1r/ppp1ppp1/8/3p3p/3Pn2B/5N2/PPP1PPPP/RN1QKB1R w KQkq -,MODEL_PREDICTION_NOT_EMPIRICAL
TOR-02,B5,1500,maia3-5m,2,d2d4,d4,0.2416517585515976,0.98806171445176,0.4600856076991717,521,27,452,rnbqkb1r/ppp1ppp1/8/3p3p/3Pn2B/5N2/PPP1PPPP/RN1QKB1R w KQkq -,MODEL_PREDICTION_NOT_EMPIRICAL
TOR-02,B5,1500,maia3-5m,3,c2c4,c4,0.025009406730532646,0.98806171445176,0.4600856076991717,518,26,456,rnbqkb1r/ppp1ppp1/8/3p3p/3Pn2B/5N2/PPP1PPPP/RN1QKB1R w KQkq -,MODEL_PREDICTION_NOT_EMPIRICAL
TOR-02,B5,1500,maia3-5m,4,g1f3,Nf3,0.022932549938559532,0.98806171445176,0.4600856076991717,528,27,445,rnbqkb1r/ppp1ppp1/8/3p3p/3Pn2B/5N2/PPP1PPPP/RN1QKB1R w KQkq -,MODEL_PREDICTION_NOT_EMPIRICAL
TOR-02,B5,1500,maia3-5m,5,e2e3,e3,0.016669709235429764,0.98806171445176,0.4600856076991717,502,26,472,rnbqkb1r/ppp1ppp1/8/3p3p/3Pn2B/5N2/PPP1PPPP/RN1QKB1R w KQkq -,MODEL_PREDICTION_NOT_EMPIRICAL
TOR-02,B5,1500,maia3-5m,6,g2g3,g3,0.013175034895539284,0.98806171445176,0.4600856076991717,516,27,457,rnbqkb1r/ppp1ppp1/8/3p3p/3Pn2B/5N2/PPP1PPPP/RN1QKB1R w KQkq -,MODEL_PREDICTION_NOT_EMPIRICAL
TOR-02,B5,1500,maia3-5m,7,b2b3,b3,0.010849794372916222,0.98806171445176,0.4600856076991717,510,27,463,rnbqkb1r/ppp1ppp1/8/3p3p/3Pn2B/5N2/PPP1PPPP/RN1QKB1R w KQkq -,MODEL_PREDICTION_NOT_EMPIRICAL
TOR-02,B5,1500,maia3-5m,8,f2f4,f4,0.0063391150906682014,0.98806171445176,0.4600856076991717,523,27,450,rnbqkb1r/ppp1ppp1/8/3p3p/3Pn2B/5N2/PPP1PPPP/RN1QKB1R w KQkq -,MODEL_PREDICTION_NOT_EMPIRICAL
TOR-02,B5,1500,maia3-5m,9,d2d3,d3,0.004973711911588907,0.98806171445176,0.4600856076991717,504,28,468,rnbqkb1r/ppp1ppp1/8/3p3p/3Pn2B/5N2/PPP1PPPP/RN1QKB1R w KQkq -,MODEL_PREDICTION_NOT_EMPIRICAL
TOR-02,B5,1500,maia3-5m,10,b2b4,b4,0.0036456398665905,0.98806171445176,0.4600856076991717,512,27,461,rnbqkb1r/ppp1ppp1/8/3p3p/3Pn2B/5N2/PPP1PPPP/RN1QKB1R w KQkq -,MODEL_PREDICTION_NOT_EMPIRICAL
TOR-02,B5,1700,maia3-5m,1,e2e4,e4,0.6205705404281616,0.988658441696316,0.48012239459539624,513,27,460,rnbqkb1r/ppp1ppp1/8/3p3p/3Pn2B/5N2/PPP1PPPP/RN1QKB1R w KQkq -,MODEL_PREDICTION_NOT_EMPIRICAL
TOR-02,B5,1700,maia3-5m,2,d2d4,d4,0.2547968029975891,0.988658441696316,0.48012239459539624,519,30,451,rnbqkb1r/ppp1ppp1/8/3p3p/3Pn2B/5N2/PPP1PPPP/RN1QKB1R w KQkq -,MODEL_PREDICTION_NOT_EMPIRICAL
TOR-02,B5,1700,maia3-5m,3,c2c4,c4,0.030909236520528793,0.988658441696316,0.48012239459539624,524,29,447,rnbqkb1r/ppp1ppp1/8/3p3p/3Pn2B/5N2/PPP1PPPP/RN1QKB1R w KQkq -,MODEL_PREDICTION_NOT_EMPIRICAL
TOR-02,B5,1700,maia3-5m,4,g1f3,Nf3,0.025549987331032753,0.988658441696316,0.48012239459539624,533,29,438,rnbqkb1r/ppp1ppp1/8/3p3p/3Pn2B/5N2/PPP1PPPP/RN1QKB1R w KQkq -,MODEL_PREDICTION_NOT_EMPIRICAL
TOR-02,B5,1700,maia3-5m,5,e2e3,e3,0.013819748535752296,0.988658441696316,0.48012239459539624,498,29,473,rnbqkb1r/ppp1ppp1/8/3p3p/3Pn2B/5N2/PPP1PPPP/RN1QKB1R w KQkq -,MODEL_PREDICTION_NOT_EMPIRICAL
TOR-02,B5,1700,maia3-5m,6,g2g3,g3,0.012876337394118309,0.988658441696316,0.48012239459539624,523,28,449,rnbqkb1r/ppp1ppp1/8/3p3p/3Pn2B/5N2/PPP1PPPP/RN1QKB1R w KQkq -,MODEL_PREDICTION_NOT_EMPIRICAL
TOR-02,B5,1700,maia3-5m,7,b2b3,b3,0.01174180768430233,0.988658441696316,0.48012239459539624,516,29,455,rnbqkb1r/ppp1ppp1/8/3p3p/3Pn2B/5N2/PPP1PPPP/RN1QKB1R w KQkq -,MODEL_PREDICTION_NOT_EMPIRICAL
TOR-02,B5,1700,maia3-5m,8,f2f4,f4,0.009360010735690594,0.988658441696316,0.48012239459539624,525,28,447,rnbqkb1r/ppp1ppp1/8/3p3p/3Pn2B/5N2/PPP1PPPP/RN1QKB1R w KQkq -,MODEL_PREDICTION_NOT_EMPIRICAL
TOR-02,B5,1700,maia3-5m,9,d2d3,d3,0.004694441333413124,0.988658441696316,0.48012239459539624,505,30,465,rnbqkb1r/ppp1ppp1/8/3p3p/3Pn2B/5N2/PPP1PPPP/RN1QKB1R w KQkq -,MODEL_PREDICTION_NOT_EMPIRICAL
TOR-02,B5,1700,maia3-5m,10,b2b4,b4,0.004339528735727072,0.988658441696316,0.48012239459539624,514,27,459,rnbqkb1r/ppp1ppp1/8/3p3p/3Pn2B/5N2/PPP1PPPP/RN1QKB1R w KQkq -,MODEL_PREDICTION_NOT_EMPIRICAL
TOR-02,B5,1900,maia3-5m,1,e2e4,e4,0.5909685492515564,0.9884343789890409,0.5043124564545928,513,32,455,rnbqkb1r/ppp1ppp1/8/3p3p/3Pn2B/5N2/PPP1PPPP/RN1QKB1R w KQkq -,MODEL_PREDICTION_NOT_EMPIRICAL
TOR-02,B5,1900,maia3-5m,2,d2d4,d4,0.2694249749183655,0.9884343789890409,0.5043124564545928,521,35,444,rnbqkb1r/ppp1ppp1/8/3p3p/3Pn2B/5N2/PPP1PPPP/RN1QKB1R w KQkq -,MODEL_PREDICTION_NOT_EMPIRICAL
TOR-02,B5,1900,maia3-5m,3,c2c4,c4,0.03926251456141472,0.9884343789890409,0.5043124564545928,529,33,438,rnbqkb1r/ppp1ppp1/8/3p3p/3Pn2B/5N2/PPP1PPPP/RN1QKB1R w KQkq -,MODEL_PREDICTION_NOT_EMPIRICAL
TOR-02,B5,1900,maia3-5m,4,g1f3,Nf3,0.032338257879018784,0.9884343789890409,0.5043124564545928,538,33,429,rnbqkb1r/ppp1ppp1/8/3p3p/3Pn2B/5N2/PPP1PPPP/RN1QKB1R w KQkq -,MODEL_PREDICTION_NOT_EMPIRICAL
TOR-02,B5,1900,maia3-5m,5,f2f4,f4,0.01306967530399561,0.9884343789890409,0.5043124564545928,525,30,445,rnbqkb1r/ppp1ppp1/8/3p3p/3Pn2B/5N2/PPP1PPPP/RN1QKB1R w KQkq -,MODEL_PREDICTION_NOT_EMPIRICAL
TOR-02,B5,1900,maia3-5m,6,b2b3,b3,0.011948314495384693,0.9884343789890409,0.5043124564545928,519,33,448,rnbqkb1r/ppp1ppp1/8/3p3p/3Pn2B/5N2/PPP1PPPP/RN1QKB1R w KQkq -,MODEL_PREDICTION_NOT_EMPIRICAL
TOR-02,B5,1900,maia3-5m,7,g2g3,g3,0.01160159520804882,0.9884343789890409,0.5043124564545928,524,33,443,rnbqkb1r/ppp1ppp1/8/3p3p/3Pn2B/5N2/PPP1PPPP/RN1QKB1R w KQkq -,MODEL_PREDICTION_NOT_EMPIRICAL
TOR-02,B5,1900,maia3-5m,8,e2e3,e3,0.010756749659776688,0.9884343789890409,0.5043124564545928,495,33,472,rnbqkb1r/ppp1ppp1/8/3p3p/3Pn2B/5N2/PPP1PPPP/RN1QKB1R w KQkq -,MODEL_PREDICTION_NOT_EMPIRICAL
TOR-02,B5,1900,maia3-5m,9,b2b4,b4,0.0045842663384974,0.9884343789890409,0.5043124564545928,515,29,456,rnbqkb1r/ppp1ppp1/8/3p3p/3Pn2B/5N2/PPP1PPPP/RN1QKB1R w KQkq -,MODEL_PREDICTION_NOT_EMPIRICAL
TOR-02,B5,1900,maia3-5m,10,d2d3,d3,0.0044794813729822636,0.9884343789890409,0.5043124564545928,505,34,461,rnbqkb1r/ppp1ppp1/8/3p3p/3Pn2B/5N2/PPP1PPPP/RN1QKB1R w KQkq -,MODEL_PREDICTION_NOT_EMPIRICAL
TOR-02,B5,2100,maia3-5m,1,e2e4,e4,0.5395658612251282,0.9888081029057503,0.541373665859982,519,41,440,rnbqkb1r/ppp1ppp1/8/3p3p/3Pn2B/5N2/PPP1PPPP/RN1QKB1R w KQkq -,MODEL_PREDICTION_NOT_EMPIRICAL
TOR-02,B5,2100,maia3-5m,2,d2d4,d4,0.2930448055267334,0.9888081029057503,0.541373665859982,527,44,429,rnbqkb1r/ppp1ppp1/8/3p3p/3Pn2B/5N2/PPP1PPPP/RN1QKB1R w KQkq -,MODEL_PREDICTION_NOT_EMPIRICAL
TOR-02,B5,2100,maia3-5m,3,c2c4,c4,0.051827896386384964,0.9888081029057503,0.541373665859982,535,42,423,rnbqkb1r/ppp1ppp1/8/3p3p/3Pn2B/5N2/PPP1PPPP/RN1QKB1R w KQkq -,MODEL_PREDICTION_NOT_EMPIRICAL
TOR-02,B5,2100,maia3-5m,4,g1f3,Nf3,0.05066932365298271,0.9888081029057503,0.541373665859982,542,42,416,rnbqkb1r/ppp1ppp1/8/3p3p/3Pn2B/5N2/PPP1PPPP/RN1QKB1R w KQkq -,MODEL_PREDICTION_NOT_EMPIRICAL
TOR-02,B5,2100,maia3-5m,5,f2f4,f4,0.013551043346524239,0.9888081029057503,0.541373665859982,526,37,437,rnbqkb1r/ppp1ppp1/8/3p3p/3Pn2B/5N2/PPP1PPPP/RN1QKB1R w KQkq -,MODEL_PREDICTION_NOT_EMPIRICAL
TOR-02,B5,2100,maia3-5m,6,b2b3,b3,0.01229612436145544,0.9888081029057503,0.541373665859982,527,41,432,rnbqkb1r/ppp1ppp1/8/3p3p/3Pn2B/5N2/PPP1PPPP/RN1QKB1R w KQkq -,MODEL_PREDICTION_NOT_EMPIRICAL
TOR-02,B5,2100,maia3-5m,7,g2g3,g3,0.009896432980895042,0.9888081029057503,0.541373665859982,531,42,427,rnbqkb1r/ppp1ppp1/8/3p3p/3Pn2B/5N2/PPP1PPPP/RN1QKB1R w KQkq -,MODEL_PREDICTION_NOT_EMPIRICAL
TOR-02,B5,2100,maia3-5m,8,e2e3,e3,0.007974912412464619,0.9888081029057503,0.541373665859982,497,42,461,rnbqkb1r/ppp1ppp1/8/3p3p/3Pn2B/5N2/PPP1PPPP/RN1QKB1R w KQkq -,MODEL_PREDICTION_NOT_EMPIRICAL
TOR-02,B5,2100,maia3-5m,9,b1c3,Nc3,0.0054556746035814285,0.9888081029057503,0.541373665859982,552,39,409,rnbqkb1r/ppp1ppp1/8/3p3p/3Pn2B/5N2/PPP1PPPP/RN1QKB1R w KQkq -,MODEL_PREDICTION_NOT_EMPIRICAL
TOR-02,B5,2100,maia3-5m,10,d2d3,d3,0.004526028409600258,0.9888081029057503,0.541373665859982,513,43,444,rnbqkb1r/ppp1ppp1/8/3p3p/3Pn2B/5N2/PPP1PPPP/RN1QKB1R w KQkq -,MODEL_PREDICTION_NOT_EMPIRICAL
TOR-05,B5,1100,maia3-5m,1,e2e4,e4,0.6749164462089539,0.9871364636346698,0.4342553640682974,519,24,457,rnbqkb1r/pp2pppp/8/2pp2B1/3Pn2P/5N2/PPP1PPP1/RN1QKB1R w KQkq -,MODEL_PREDICTION_NOT_EMPIRICAL
TOR-05,B5,1100,maia3-5m,2,d2d4,d4,0.21801438927650452,0.9871364636346698,0.4342553640682974,524,25,451,rnbqkb1r/pp2pppp/8/2pp2B1/3Pn2P/5N2/PPP1PPP1/RN1QKB1R w KQkq -,MODEL_PREDICTION_NOT_EMPIRICAL
TOR-05,B5,1100,maia3-5m,3,e2e3,e3,0.022561196237802505,0.9871364636346698,0.4342553640682974,503,25,472,rnbqkb1r/pp2pppp/8/2pp2B1/3Pn2P/5N2/PPP1PPP1/RN1QKB1R w KQkq -,MODEL_PREDICTION_NOT_EMPIRICAL
TOR-05,B5,1100,maia3-5m,4,g1f3,Nf3,0.0210112277418375,0.9871364636346698,0.4342553640682974,516,28,456,rnbqkb1r/pp2pppp/8/2pp2B1/3Pn2P/5N2/PPP1PPP1/RN1QKB1R w KQkq -,MODEL_PREDICTION_NOT_EMPIRICAL
TOR-05,B5,1100,maia3-5m,5,c2c4,c4,0.016066906973719597,0.9871364636346698,0.4342553640682974,510,25,465,rnbqkb1r/pp2pppp/8/2pp2B1/3Pn2P/5N2/PPP1PPP1/RN1QKB1R w KQkq -,MODEL_PREDICTION_NOT_EMPIRICAL
TOR-05,B5,1100,maia3-5m,6,g2g3,g3,0.011687462218105793,0.9871364636346698,0.4342553640682974,494,25,481,rnbqkb1r/pp2pppp/8/2pp2B1/3Pn2P/5N2/PPP1PPP1/RN1QKB1R w KQkq -,MODEL_PREDICTION_NOT_EMPIRICAL
TOR-05,B5,1100,maia3-5m,7,b2b3,b3,0.007874177768826485,0.9871364636346698,0.4342553640682974,496,26,478,rnbqkb1r/pp2pppp/8/2pp2B1/3Pn2P/5N2/PPP1PPP1/RN1QKB1R w KQkq -,MODEL_PREDICTION_NOT_EMPIRICAL
TOR-05,B5,1100,maia3-5m,8,d2d3,d3,0.005962725728750229,0.9871364636346698,0.4342553640682974,498,26,476,rnbqkb1r/pp2pppp/8/2pp2B1/3Pn2P/5N2/PPP1PPP1/RN1QKB1R w KQkq -,MODEL_PREDICTION_NOT_EMPIRICAL
TOR-05,B5,1100,maia3-5m,9,b1c3,Nc3,0.00519427889958024,0.9871364636346698,0.4342553640682974,524,26,450,rnbqkb1r/pp2pppp/8/2pp2B1/3Pn2P/5N2/PPP1PPP1/RN1QKB1R w KQkq -,MODEL_PREDICTION_NOT_EMPIRICAL
TOR-05,B5,1100,maia3-5m,10,f2f4,f4,0.003847652580589056,0.9871364636346698,0.4342553640682974,509,27,464,rnbqkb1r/pp2pppp/8/2pp2B1/3Pn2P/5N2/PPP1PPP1/RN1QKB1R w KQkq -,MODEL_PREDICTION_NOT_EMPIRICAL
TOR-05,B5,1300,maia3-5m,1,e2e4,e4,0.6615840792655945,0.9876184498425573,0.44341396362140506,518,24,458,rnbqkb1r/pp2pppp/8/2pp2B1/3Pn2P/5N2/PPP1PPP1/RN1QKB1R w KQkq -,MODEL_PREDICTION_NOT_EMPIRICAL
TOR-05,B5,1300,maia3-5m,2,d2d4,d4,0.2294148951768875,0.9876184498425573,0.44341396362140506,522,26,452,rnbqkb1r/pp2pppp/8/2pp2B1/3Pn2P/5N2/PPP1PPP1/RN1QKB1R w KQkq -,MODEL_PREDICTION_NOT_EMPIRICAL
TOR-05,B5,1300,maia3-5m,3,g1f3,Nf3,0.02157282643020153,0.9876184498425573,0.44341396362140506,523,27,450,rnbqkb1r/pp2pppp/8/2pp2B1/3Pn2P/5N2/PPP1PPP1/RN1QKB1R w KQkq -,MODEL_PREDICTION_NOT_EMPIRICAL
TOR-05,B5,1300,maia3-5m,4,c2c4,c4,0.020122205838561058,0.9876184498425573,0.44341396362140506,514,26,460,rnbqkb1r/pp2pppp/8/2pp2B1/3Pn2P/5N2/PPP1PPP1/RN1QKB1R w KQkq -,MODEL_PREDICTION_NOT_EMPIRICAL
TOR-05,B5,1300,maia3-5m,5,e2e3,e3,0.019332410767674446,0.9876184498425573,0.44341396362140506,504,25,471,rnbqkb1r/pp2pppp/8/2pp2B1/3Pn2P/5N2/PPP1PPP1/RN1QKB1R w KQkq -,MODEL_PREDICTION_NOT_EMPIRICAL
TOR-05,B5,1300,maia3-5m,6,g2g3,g3,0.012549953535199165,0.9876184498425573,0.44341396362140506,506,26,468,rnbqkb1r/pp2pppp/8/2pp2B1/3Pn2P/5N2/PPP1PPP1/RN1QKB1R w KQkq -,MODEL_PREDICTION_NOT_EMPIRICAL
TOR-05,B5,1300,maia3-5m,7,b2b3,b3,0.009338651783764362,0.9876184498425573,0.44341396362140506,503,26,471,rnbqkb1r/pp2pppp/8/2pp2B1/3Pn2P/5N2/PPP1PPP1/RN1QKB1R w KQkq -,MODEL_PREDICTION_NOT_EMPIRICAL
TOR-05,B5,1300,maia3-5m,8,d2d3,d3,0.005362409166991711,0.9876184498425573,0.44341396362140506,501,27,472,rnbqkb1r/pp2pppp/8/2pp2B1/3Pn2P/5N2/PPP1PPP1/RN1QKB1R w KQkq -,MODEL_PREDICTION_NOT_EMPIRICAL
TOR-05,B5,1300,maia3-5m,9,f2f4,f4,0.004565780982375145,0.9876184498425573,0.44341396362140506,518,27,455,rnbqkb1r/pp2pppp/8/2pp2B1/3Pn2P/5N2/PPP1PPP1/RN1QKB1R w KQkq -,MODEL_PREDICTION_NOT_EMPIRICAL
TOR-05,B5,1300,maia3-5m,10,b1c3,Nc3,0.0037752368953078985,0.9876184498425573,0.44341396362140506,529,25,446,rnbqkb1r/pp2pppp/8/2pp2B1/3Pn2P/5N2/PPP1PPP1/RN1QKB1R w KQkq -,MODEL_PREDICTION_NOT_EMPIRICAL
TOR-05,B5,1500,maia3-5m,1,e2e4,e4,0.6428149938583374,0.98806171445176,0.4600856076991717,516,25,459,rnbqkb1r/pp2pppp/8/2pp2B1/3Pn2P/5N2/PPP1PPP1/RN1QKB1R w KQkq -,MODEL_PREDICTION_NOT_EMPIRICAL
TOR-05,B5,1500,maia3-5m,2,d2d4,d4,0.2416517585515976,0.98806171445176,0.4600856076991717,521,27,452,rnbqkb1r/pp2pppp/8/2pp2B1/3Pn2P/5N2/PPP1PPP1/RN1QKB1R w KQkq -,MODEL_PREDICTION_NOT_EMPIRICAL
TOR-05,B5,1500,maia3-5m,3,c2c4,c4,0.025009406730532646,0.98806171445176,0.4600856076991717,518,26,456,rnbqkb1r/pp2pppp/8/2pp2B1/3Pn2P/5N2/PPP1PPP1/RN1QKB1R w KQkq -,MODEL_PREDICTION_NOT_EMPIRICAL
TOR-05,B5,1500,maia3-5m,4,g1f3,Nf3,0.022932549938559532,0.98806171445176,0.4600856076991717,528,27,445,rnbqkb1r/pp2pppp/8/2pp2B1/3Pn2P/5N2/PPP1PPP1/RN1QKB1R w KQkq -,MODEL_PREDICTION_NOT_EMPIRICAL
TOR-05,B5,1500,maia3-5m,5,e2e3,e3,0.016669709235429764,0.98806171445176,0.4600856076991717,502,26,472,rnbqkb1r/pp2pppp/8/2pp2B1/3Pn2P/5N2/PPP1PPP1/RN1QKB1R w KQkq -,MODEL_PREDICTION_NOT_EMPIRICAL
TOR-05,B5,1500,maia3-5m,6,g2g3,g3,0.013175034895539284,0.98806171445176,0.4600856076991717,516,27,457,rnbqkb1r/pp2pppp/8/2pp2B1/3Pn2P/5N2/PPP1PPP1/RN1QKB1R w KQkq -,MODEL_PREDICTION_NOT_EMPIRICAL
TOR-05,B5,1500,maia3-5m,7,b2b3,b3,0.010849794372916222,0.98806171445176,0.4600856076991717,510,27,463,rnbqkb1r/pp2pppp/8/2pp2B1/3Pn2P/5N2/PPP1PPP1/RN1QKB1R w KQkq -,MODEL_PREDICTION_NOT_EMPIRICAL
TOR-05,B5,1500,maia3-5m,8,f2f4,f4,0.0063391150906682014,0.98806171445176,0.4600856076991717,523,27,450,rnbqkb1r/pp2pppp/8/2pp2B1/3Pn2P/5N2/PPP1PPP1/RN1QKB1R w KQkq -,MODEL_PREDICTION_NOT_EMPIRICAL
TOR-05,B5,1500,maia3-5m,9,d2d3,d3,0.004973711911588907,0.98806171445176,0.4600856076991717,504,28,468,rnbqkb1r/pp2pppp/8/2pp2B1/3Pn2P/5N2/PPP1PPP1/RN1QKB1R w KQkq -,MODEL_PREDICTION_NOT_EMPIRICAL
TOR-05,B5,1500,maia3-5m,10,b2b4,b4,0.0036456398665905,0.98806171445176,0.4600856076991717,512,27,461,rnbqkb1r/pp2pppp/8/2pp2B1/3Pn2P/5N2/PPP1PPP1/RN1QKB1R w KQkq -,MODEL_PREDICTION_NOT_EMPIRICAL
TOR-05,B5,1700,maia3-5m,1,e2e4,e4,0.6205705404281616,0.988658441696316,0.48012239459539624,513,27,460,rnbqkb1r/pp2pppp/8/2pp2B1/3Pn2P/5N2/PPP1PPP1/RN1QKB1R w KQkq -,MODEL_PREDICTION_NOT_EMPIRICAL
TOR-05,B5,1700,maia3-5m,2,d2d4,d4,0.2547968029975891,0.988658441696316,0.48012239459539624,519,30,451,rnbqkb1r/pp2pppp/8/2pp2B1/3Pn2P/5N2/PPP1PPP1/RN1QKB1R w KQkq -,MODEL_PREDICTION_NOT_EMPIRICAL
TOR-05,B5,1700,maia3-5m,3,c2c4,c4,0.030909236520528793,0.988658441696316,0.48012239459539624,524,29,447,rnbqkb1r/pp2pppp/8/2pp2B1/3Pn2P/5N2/PPP1PPP1/RN1QKB1R w KQkq -,MODEL_PREDICTION_NOT_EMPIRICAL
TOR-05,B5,1700,maia3-5m,4,g1f3,Nf3,0.025549987331032753,0.988658441696316,0.48012239459539624,533,29,438,rnbqkb1r/pp2pppp/8/2pp2B1/3Pn2P/5N2/PPP1PPP1/RN1QKB1R w KQkq -,MODEL_PREDICTION_NOT_EMPIRICAL
TOR-05,B5,1700,maia3-5m,5,e2e3,e3,0.013819748535752296,0.988658441696316,0.48012239459539624,498,29,473,rnbqkb1r/pp2pppp/8/2pp2B1/3Pn2P/5N2/PPP1PPP1/RN1QKB1R w KQkq -,MODEL_PREDICTION_NOT_EMPIRICAL
TOR-05,B5,1700,maia3-5m,6,g2g3,g3,0.012876337394118309,0.988658441696316,0.48012239459539624,523,28,449,rnbqkb1r/pp2pppp/8/2pp2B1/3Pn2P/5N2/PPP1PPP1/RN1QKB1R w KQkq -,MODEL_PREDICTION_NOT_EMPIRICAL
TOR-05,B5,1700,maia3-5m,7,b2b3,b3,0.01174180768430233,0.988658441696316,0.48012239459539624,516,29,455,rnbqkb1r/pp2pppp/8/2pp2B1/3Pn2P/5N2/PPP1PPP1/RN1QKB1R w KQkq -,MODEL_PREDICTION_NOT_EMPIRICAL
TOR-05,B5,1700,maia3-5m,8,f2f4,f4,0.009360010735690594,0.988658441696316,0.48012239459539624,525,28,447,rnbqkb1r/pp2pppp/8/2pp2B1/3Pn2P/5N2/PPP1PPP1/RN1QKB1R w KQkq -,MODEL_PREDICTION_NOT_EMPIRICAL
TOR-05,B5,1700,maia3-5m,9,d2d3,d3,0.004694441333413124,0.988658441696316,0.48012239459539624,505,30,465,rnbqkb1r/pp2pppp/8/2pp2B1/3Pn2P/5N2/PPP1PPP1/RN1QKB1R w KQkq -,MODEL_PREDICTION_NOT_EMPIRICAL
TOR-05,B5,1700,maia3-5m,10,b2b4,b4,0.004339528735727072,0.988658441696316,0.48012239459539624,514,27,459,rnbqkb1r/pp2pppp/8/2pp2B1/3Pn2P/5N2/PPP1PPP1/RN1QKB1R w KQkq -,MODEL_PREDICTION_NOT_EMPIRICAL
TOR-05,B5,1900,maia3-5m,1,e2e4,e4,0.5909685492515564,0.9884343789890409,0.5043124564545928,513,32,455,rnbqkb1r/pp2pppp/8/2pp2B1/3Pn2P/5N2/PPP1PPP1/RN1QKB1R w KQkq -,MODEL_PREDICTION_NOT_EMPIRICAL
TOR-05,B5,1900,maia3-5m,2,d2d4,d4,0.2694249749183655,0.9884343789890409,0.5043124564545928,521,35,444,rnbqkb1r/pp2pppp/8/2pp2B1/3Pn2P/5N2/PPP1PPP1/RN1QKB1R w KQkq -,MODEL_PREDICTION_NOT_EMPIRICAL
TOR-05,B5,1900,maia3-5m,3,c2c4,c4,0.03926251456141472,0.9884343789890409,0.5043124564545928,529,33,438,rnbqkb1r/pp2pppp/8/2pp2B1/3Pn2P/5N2/PPP1PPP1/RN1QKB1R w KQkq -,MODEL_PREDICTION_NOT_EMPIRICAL
TOR-05,B5,1900,maia3-5m,4,g1f3,Nf3,0.032338257879018784,0.9884343789890409,0.5043124564545928,538,33,429,rnbqkb1r/pp2pppp/8/2pp2B1/3Pn2P/5N2/PPP1PPP1/RN1QKB1R w KQkq -,MODEL_PREDICTION_NOT_EMPIRICAL
TOR-05,B5,1900,maia3-5m,5,f2f4,f4,0.01306967530399561,0.9884343789890409,0.5043124564545928,525,30,445,rnbqkb1r/pp2pppp/8/2pp2B1/3Pn2P/5N2/PPP1PPP1/RN1QKB1R w KQkq -,MODEL_PREDICTION_NOT_EMPIRICAL
TOR-05,B5,1900,maia3-5m,6,b2b3,b3,0.011948314495384693,0.9884343789890409,0.5043124564545928,519,33,448,rnbqkb1r/pp2pppp/8/2pp2B1/3Pn2P/5N2/PPP1PPP1/RN1QKB1R w KQkq -,MODEL_PREDICTION_NOT_EMPIRICAL
TOR-05,B5,1900,maia3-5m,7,g2g3,g3,0.01160159520804882,0.9884343789890409,0.5043124564545928,524,33,443,rnbqkb1r/pp2pppp/8/2pp2B1/3Pn2P/5N2/PPP1PPP1/RN1QKB1R w KQkq -,MODEL_PREDICTION_NOT_EMPIRICAL
TOR-05,B5,1900,maia3-5m,8,e2e3,e3,0.010756749659776688,0.9884343789890409,0.5043124564545928,495,33,472,rnbqkb1r/pp2pppp/8/2pp2B1/3Pn2P/5N2/PPP1PPP1/RN1QKB1R w KQkq -,MODEL_PREDICTION_NOT_EMPIRICAL
TOR-05,B5,1900,maia3-5m,9,b2b4,b4,0.0045842663384974,0.9884343789890409,0.5043124564545928,515,29,456,rnbqkb1r/pp2pppp/8/2pp2B1/3Pn2P/5N2/PPP1PPP1/RN1QKB1R w KQkq -,MODEL_PREDICTION_NOT_EMPIRICAL
TOR-05,B5,1900,maia3-5m,10,d2d3,d3,0.0044794813729822636,0.9884343789890409,0.5043124564545928,505,34,461,rnbqkb1r/pp2pppp/8/2pp2B1/3Pn2P/5N2/PPP1PPP1/RN1QKB1R w KQkq -,MODEL_PREDICTION_NOT_EMPIRICAL
TOR-05,B5,2100,maia3-5m,1,e2e4,e4,0.5395658612251282,0.9888081029057503,0.541373665859982,519,41,440,rnbqkb1r/pp2pppp/8/2pp2B1/3Pn2P/5N2/PPP1PPP1/RN1QKB1R w KQkq -,MODEL_PREDICTION_NOT_EMPIRICAL
TOR-05,B5,2100,maia3-5m,2,d2d4,d4,0.2930448055267334,0.9888081029057503,0.541373665859982,527,44,429,rnbqkb1r/pp2pppp/8/2pp2B1/3Pn2P/5N2/PPP1PPP1/RN1QKB1R w KQkq -,MODEL_PREDICTION_NOT_EMPIRICAL
TOR-05,B5,2100,maia3-5m,3,c2c4,c4,0.051827896386384964,0.9888081029057503,0.541373665859982,535,42,423,rnbqkb1r/pp2pppp/8/2pp2B1/3Pn2P/5N2/PPP1PPP1/RN1QKB1R w KQkq -,MODEL_PREDICTION_NOT_EMPIRICAL
TOR-05,B5,2100,maia3-5m,4,g1f3,Nf3,0.05066932365298271,0.9888081029057503,0.541373665859982,542,42,416,rnbqkb1r/pp2pppp/8/2pp2B1/3Pn2P/5N2/PPP1PPP1/RN1QKB1R w KQkq -,MODEL_PREDICTION_NOT_EMPIRICAL
TOR-05,B5,2100,maia3-5m,5,f2f4,f4,0.013551043346524239,0.9888081029057503,0.541373665859982,526,37,437,rnbqkb1r/pp2pppp/8/2pp2B1/3Pn2P/5N2/PPP1PPP1/RN1QKB1R w KQkq -,MODEL_PREDICTION_NOT_EMPIRICAL
TOR-05,B5,2100,maia3-5m,6,b2b3,b3,0.01229612436145544,0.9888081029057503,0.541373665859982,527,41,432,rnbqkb1r/pp2pppp/8/2pp2B1/3Pn2P/5N2/PPP1PPP1/RN1QKB1R w KQkq -,MODEL_PREDICTION_NOT_EMPIRICAL
TOR-05,B5,2100,maia3-5m,7,g2g3,g3,0.009896432980895042,0.9888081029057503,0.541373665859982,531,42,427,rnbqkb1r/pp2pppp/8/2pp2B1/3Pn2P/5N2/PPP1PPP1/RN1QKB1R w KQkq -,MODEL_PREDICTION_NOT_EMPIRICAL
TOR-05,B5,2100,maia3-5m,8,e2e3,e3,0.007974912412464619,0.9888081029057503,0.541373665859982,497,42,461,rnbqkb1r/pp2pppp/8/2pp2B1/3Pn2P/5N2/PPP1PPP1/RN1QKB1R w KQkq -,MODEL_PREDICTION_NOT_EMPIRICAL
TOR-05,B5,2100,maia3-5m,9,b1c3,Nc3,0.0054556746035814285,0.9888081029057503,0.541373665859982,552,39,409,rnbqkb1r/pp2pppp/8/2pp2B1/3Pn2P/5N2/PPP1PPP1/RN1QKB1R w KQkq -,MODEL_PREDICTION_NOT_EMPIRICAL
TOR-05,B5,2100,maia3-5m,10,d2d3,d3,0.004526028409600258,0.9888081029057503,0.541373665859982,513,43,444,rnbqkb1r/pp2pppp/8/2pp2B1/3Pn2P/5N2/PPP1PPP1/RN1QKB1R w KQkq -,MODEL_PREDICTION_NOT_EMPIRICAL
PST-01,B5,1100,maia3-5m,1,e2e4,e4,0.6749164462089539,0.9871364636346698,0.4342553640682974,519,24,457,rnbqkbnr/pp2ppp1/7p/2pp4/3P3B/8/PPP1PPPP/RN1QKBNR w KQkq -,MODEL_PREDICTION_NOT_EMPIRICAL
PST-01,B5,1100,maia3-5m,2,d2d4,d4,0.21801438927650452,0.9871364636346698,0.4342553640682974,524,25,451,rnbqkbnr/pp2ppp1/7p/2pp4/3P3B/8/PPP1PPPP/RN1QKBNR w KQkq -,MODEL_PREDICTION_NOT_EMPIRICAL
PST-01,B5,1100,maia3-5m,3,e2e3,e3,0.022561196237802505,0.9871364636346698,0.4342553640682974,503,25,472,rnbqkbnr/pp2ppp1/7p/2pp4/3P3B/8/PPP1PPPP/RN1QKBNR w KQkq -,MODEL_PREDICTION_NOT_EMPIRICAL
PST-01,B5,1100,maia3-5m,4,g1f3,Nf3,0.0210112277418375,0.9871364636346698,0.4342553640682974,516,28,456,rnbqkbnr/pp2ppp1/7p/2pp4/3P3B/8/PPP1PPPP/RN1QKBNR w KQkq -,MODEL_PREDICTION_NOT_EMPIRICAL
PST-01,B5,1100,maia3-5m,5,c2c4,c4,0.016066906973719597,0.9871364636346698,0.4342553640682974,510,25,465,rnbqkbnr/pp2ppp1/7p/2pp4/3P3B/8/PPP1PPPP/RN1QKBNR w KQkq -,MODEL_PREDICTION_NOT_EMPIRICAL
PST-01,B5,1100,maia3-5m,6,g2g3,g3,0.011687462218105793,0.9871364636346698,0.4342553640682974,494,25,481,rnbqkbnr/pp2ppp1/7p/2pp4/3P3B/8/PPP1PPPP/RN1QKBNR w KQkq -,MODEL_PREDICTION_NOT_EMPIRICAL
PST-01,B5,1100,maia3-5m,7,b2b3,b3,0.007874177768826485,0.9871364636346698,0.4342553640682974,496,26,478,rnbqkbnr/pp2ppp1/7p/2pp4/3P3B/8/PPP1PPPP/RN1QKBNR w KQkq -,MODEL_PREDICTION_NOT_EMPIRICAL
PST-01,B5,1100,maia3-5m,8,d2d3,d3,0.005962725728750229,0.9871364636346698,0.4342553640682974,498,26,476,rnbqkbnr/pp2ppp1/7p/2pp4/3P3B/8/PPP1PPPP/RN1QKBNR w KQkq -,MODEL_PREDICTION_NOT_EMPIRICAL
PST-01,B5,1100,maia3-5m,9,b1c3,Nc3,0.00519427889958024,0.9871364636346698,0.4342553640682974,524,26,450,rnbqkbnr/pp2ppp1/7p/2pp4/3P3B/8/PPP1PPPP/RN1QKBNR w KQkq -,MODEL_PREDICTION_NOT_EMPIRICAL
PST-01,B5,1100,maia3-5m,10,f2f4,f4,0.003847652580589056,0.9871364636346698,0.4342553640682974,509,27,464,rnbqkbnr/pp2ppp1/7p/2pp4/3P3B/8/PPP1PPPP/RN1QKBNR w KQkq -,MODEL_PREDICTION_NOT_EMPIRICAL
PST-01,B5,1300,maia3-5m,1,e2e4,e4,0.6615840792655945,0.9876184498425573,0.44341396362140506,518,24,458,rnbqkbnr/pp2ppp1/7p/2pp4/3P3B/8/PPP1PPPP/RN1QKBNR w KQkq -,MODEL_PREDICTION_NOT_EMPIRICAL
PST-01,B5,1300,maia3-5m,2,d2d4,d4,0.2294148951768875,0.9876184498425573,0.44341396362140506,522,26,452,rnbqkbnr/pp2ppp1/7p/2pp4/3P3B/8/PPP1PPPP/RN1QKBNR w KQkq -,MODEL_PREDICTION_NOT_EMPIRICAL
PST-01,B5,1300,maia3-5m,3,g1f3,Nf3,0.02157282643020153,0.9876184498425573,0.44341396362140506,523,27,450,rnbqkbnr/pp2ppp1/7p/2pp4/3P3B/8/PPP1PPPP/RN1QKBNR w KQkq -,MODEL_PREDICTION_NOT_EMPIRICAL
PST-01,B5,1300,maia3-5m,4,c2c4,c4,0.020122205838561058,0.9876184498425573,0.44341396362140506,514,26,460,rnbqkbnr/pp2ppp1/7p/2pp4/3P3B/8/PPP1PPPP/RN1QKBNR w KQkq -,MODEL_PREDICTION_NOT_EMPIRICAL
PST-01,B5,1300,maia3-5m,5,e2e3,e3,0.019332410767674446,0.9876184498425573,0.44341396362140506,504,25,471,rnbqkbnr/pp2ppp1/7p/2pp4/3P3B/8/PPP1PPPP/RN1QKBNR w KQkq -,MODEL_PREDICTION_NOT_EMPIRICAL
PST-01,B5,1300,maia3-5m,6,g2g3,g3,0.012549953535199165,0.9876184498425573,0.44341396362140506,506,26,468,rnbqkbnr/pp2ppp1/7p/2pp4/3P3B/8/PPP1PPPP/RN1QKBNR w KQkq -,MODEL_PREDICTION_NOT_EMPIRICAL
PST-01,B5,1300,maia3-5m,7,b2b3,b3,0.009338651783764362,0.9876184498425573,0.44341396362140506,503,26,471,rnbqkbnr/pp2ppp1/7p/2pp4/3P3B/8/PPP1PPPP/RN1QKBNR w KQkq -,MODEL_PREDICTION_NOT_EMPIRICAL
PST-01,B5,1300,maia3-5m,8,d2d3,d3,0.005362409166991711,0.9876184498425573,0.44341396362140506,501,27,472,rnbqkbnr/pp2ppp1/7p/2pp4/3P3B/8/PPP1PPPP/RN1QKBNR w KQkq -,MODEL_PREDICTION_NOT_EMPIRICAL
PST-01,B5,1300,maia3-5m,9,f2f4,f4,0.004565780982375145,0.9876184498425573,0.44341396362140506,518,27,455,rnbqkbnr/pp2ppp1/7p/2pp4/3P3B/8/PPP1PPPP/RN1QKBNR w KQkq -,MODEL_PREDICTION_NOT_EMPIRICAL
PST-01,B5,1300,maia3-5m,10,b1c3,Nc3,0.0037752368953078985,0.9876184498425573,0.44341396362140506,529,25,446,rnbqkbnr/pp2ppp1/7p/2pp4/3P3B/8/PPP1PPPP/RN1QKBNR w KQkq -,MODEL_PREDICTION_NOT_EMPIRICAL
PST-01,B5,1500,maia3-5m,1,e2e4,e4,0.6428149938583374,0.98806171445176,0.4600856076991717,516,25,459,rnbqkbnr/pp2ppp1/7p/2pp4/3P3B/8/PPP1PPPP/RN1QKBNR w KQkq -,MODEL_PREDICTION_NOT_EMPIRICAL
PST-01,B5,1500,maia3-5m,2,d2d4,d4,0.2416517585515976,0.98806171445176,0.4600856076991717,521,27,452,rnbqkbnr/pp2ppp1/7p/2pp4/3P3B/8/PPP1PPPP/RN1QKBNR w KQkq -,MODEL_PREDICTION_NOT_EMPIRICAL
PST-01,B5,1500,maia3-5m,3,c2c4,c4,0.025009406730532646,0.98806171445176,0.4600856076991717,518,26,456,rnbqkbnr/pp2ppp1/7p/2pp4/3P3B/8/PPP1PPPP/RN1QKBNR w KQkq -,MODEL_PREDICTION_NOT_EMPIRICAL
PST-01,B5,1500,maia3-5m,4,g1f3,Nf3,0.022932549938559532,0.98806171445176,0.4600856076991717,528,27,445,rnbqkbnr/pp2ppp1/7p/2pp4/3P3B/8/PPP1PPPP/RN1QKBNR w KQkq -,MODEL_PREDICTION_NOT_EMPIRICAL
PST-01,B5,1500,maia3-5m,5,e2e3,e3,0.016669709235429764,0.98806171445176,0.4600856076991717,502,26,472,rnbqkbnr/pp2ppp1/7p/2pp4/3P3B/8/PPP1PPPP/RN1QKBNR w KQkq -,MODEL_PREDICTION_NOT_EMPIRICAL
PST-01,B5,1500,maia3-5m,6,g2g3,g3,0.013175034895539284,0.98806171445176,0.4600856076991717,516,27,457,rnbqkbnr/pp2ppp1/7p/2pp4/3P3B/8/PPP1PPPP/RN1QKBNR w KQkq -,MODEL_PREDICTION_NOT_EMPIRICAL
PST-01,B5,1500,maia3-5m,7,b2b3,b3,0.010849794372916222,0.98806171445176,0.4600856076991717,510,27,463,rnbqkbnr/pp2ppp1/7p/2pp4/3P3B/8/PPP1PPPP/RN1QKBNR w KQkq -,MODEL_PREDICTION_NOT_EMPIRICAL
PST-01,B5,1500,maia3-5m,8,f2f4,f4,0.0063391150906682014,0.98806171445176,0.4600856076991717,523,27,450,rnbqkbnr/pp2ppp1/7p/2pp4/3P3B/8/PPP1PPPP/RN1QKBNR w KQkq -,MODEL_PREDICTION_NOT_EMPIRICAL
PST-01,B5,1500,maia3-5m,9,d2d3,d3,0.004973711911588907,0.98806171445176,0.4600856076991717,504,28,468,rnbqkbnr/pp2ppp1/7p/2pp4/3P3B/8/PPP1PPPP/RN1QKBNR w KQkq -,MODEL_PREDICTION_NOT_EMPIRICAL
PST-01,B5,1500,maia3-5m,10,b2b4,b4,0.0036456398665905,0.98806171445176,0.4600856076991717,512,27,461,rnbqkbnr/pp2ppp1/7p/2pp4/3P3B/8/PPP1PPPP/RN1QKBNR w KQkq -,MODEL_PREDICTION_NOT_EMPIRICAL
PST-01,B5,1700,maia3-5m,1,e2e4,e4,0.6205705404281616,0.988658441696316,0.48012239459539624,513,27,460,rnbqkbnr/pp2ppp1/7p/2pp4/3P3B/8/PPP1PPPP/RN1QKBNR w KQkq -,MODEL_PREDICTION_NOT_EMPIRICAL
PST-01,B5,1700,maia3-5m,2,d2d4,d4,0.2547968029975891,0.988658441696316,0.48012239459539624,519,30,451,rnbqkbnr/pp2ppp1/7p/2pp4/3P3B/8/PPP1PPPP/RN1QKBNR w KQkq -,MODEL_PREDICTION_NOT_EMPIRICAL
PST-01,B5,1700,maia3-5m,3,c2c4,c4,0.030909236520528793,0.988658441696316,0.48012239459539624,524,29,447,rnbqkbnr/pp2ppp1/7p/2pp4/3P3B/8/PPP1PPPP/RN1QKBNR w KQkq -,MODEL_PREDICTION_NOT_EMPIRICAL
PST-01,B5,1700,maia3-5m,4,g1f3,Nf3,0.025549987331032753,0.988658441696316,0.48012239459539624,533,29,438,rnbqkbnr/pp2ppp1/7p/2pp4/3P3B/8/PPP1PPPP/RN1QKBNR w KQkq -,MODEL_PREDICTION_NOT_EMPIRICAL
PST-01,B5,1700,maia3-5m,5,e2e3,e3,0.013819748535752296,0.988658441696316,0.48012239459539624,498,29,473,rnbqkbnr/pp2ppp1/7p/2pp4/3P3B/8/PPP1PPPP/RN1QKBNR w KQkq -,MODEL_PREDICTION_NOT_EMPIRICAL
PST-01,B5,1700,maia3-5m,6,g2g3,g3,0.012876337394118309,0.988658441696316,0.48012239459539624,523,28,449,rnbqkbnr/pp2ppp1/7p/2pp4/3P3B/8/PPP1PPPP/RN1QKBNR w KQkq -,MODEL_PREDICTION_NOT_EMPIRICAL
PST-01,B5,1700,maia3-5m,7,b2b3,b3,0.01174180768430233,0.988658441696316,0.48012239459539624,516,29,455,rnbqkbnr/pp2ppp1/7p/2pp4/3P3B/8/PPP1PPPP/RN1QKBNR w KQkq -,MODEL_PREDICTION_NOT_EMPIRICAL
PST-01,B5,1700,maia3-5m,8,f2f4,f4,0.009360010735690594,0.988658441696316,0.48012239459539624,525,28,447,rnbqkbnr/pp2ppp1/7p/2pp4/3P3B/8/PPP1PPPP/RN1QKBNR w KQkq -,MODEL_PREDICTION_NOT_EMPIRICAL
PST-01,B5,1700,maia3-5m,9,d2d3,d3,0.004694441333413124,0.988658441696316,0.48012239459539624,505,30,465,rnbqkbnr/pp2ppp1/7p/2pp4/3P3B/8/PPP1PPPP/RN1QKBNR w KQkq -,MODEL_PREDICTION_NOT_EMPIRICAL
PST-01,B5,1700,maia3-5m,10,b2b4,b4,0.004339528735727072,0.988658441696316,0.48012239459539624,514,27,459,rnbqkbnr/pp2ppp1/7p/2pp4/3P3B/8/PPP1PPPP/RN1QKBNR w KQkq -,MODEL_PREDICTION_NOT_EMPIRICAL
PST-01,B5,1900,maia3-5m,1,e2e4,e4,0.5909685492515564,0.9884343789890409,0.5043124564545928,513,32,455,rnbqkbnr/pp2ppp1/7p/2pp4/3P3B/8/PPP1PPPP/RN1QKBNR w KQkq -,MODEL_PREDICTION_NOT_EMPIRICAL
PST-01,B5,1900,maia3-5m,2,d2d4,d4,0.2694249749183655,0.9884343789890409,0.5043124564545928,521,35,444,rnbqkbnr/pp2ppp1/7p/2pp4/3P3B/8/PPP1PPPP/RN1QKBNR w KQkq -,MODEL_PREDICTION_NOT_EMPIRICAL
PST-01,B5,1900,maia3-5m,3,c2c4,c4,0.03926251456141472,0.9884343789890409,0.5043124564545928,529,33,438,rnbqkbnr/pp2ppp1/7p/2pp4/3P3B/8/PPP1PPPP/RN1QKBNR w KQkq -,MODEL_PREDICTION_NOT_EMPIRICAL
PST-01,B5,1900,maia3-5m,4,g1f3,Nf3,0.032338257879018784,0.9884343789890409,0.5043124564545928,538,33,429,rnbqkbnr/pp2ppp1/7p/2pp4/3P3B/8/PPP1PPPP/RN1QKBNR w KQkq -,MODEL_PREDICTION_NOT_EMPIRICAL
PST-01,B5,1900,maia3-5m,5,f2f4,f4,0.01306967530399561,0.9884343789890409,0.5043124564545928,525,30,445,rnbqkbnr/pp2ppp1/7p/2pp4/3P3B/8/PPP1PPPP/RN1QKBNR w KQkq -,MODEL_PREDICTION_NOT_EMPIRICAL
PST-01,B5,1900,maia3-5m,6,b2b3,b3,0.011948314495384693,0.9884343789890409,0.5043124564545928,519,33,448,rnbqkbnr/pp2ppp1/7p/2pp4/3P3B/8/PPP1PPPP/RN1QKBNR w KQkq -,MODEL_PREDICTION_NOT_EMPIRICAL
PST-01,B5,1900,maia3-5m,7,g2g3,g3,0.01160159520804882,0.9884343789890409,0.5043124564545928,524,33,443,rnbqkbnr/pp2ppp1/7p/2pp4/3P3B/8/PPP1PPPP/RN1QKBNR w KQkq -,MODEL_PREDICTION_NOT_EMPIRICAL
PST-01,B5,1900,maia3-5m,8,e2e3,e3,0.010756749659776688,0.9884343789890409,0.5043124564545928,495,33,472,rnbqkbnr/pp2ppp1/7p/2pp4/3P3B/8/PPP1PPPP/RN1QKBNR w KQkq -,MODEL_PREDICTION_NOT_EMPIRICAL
PST-01,B5,1900,maia3-5m,9,b2b4,b4,0.0045842663384974,0.9884343789890409,0.5043124564545928,515,29,456,rnbqkbnr/pp2ppp1/7p/2pp4/3P3B/8/PPP1PPPP/RN1QKBNR w KQkq -,MODEL_PREDICTION_NOT_EMPIRICAL
PST-01,B5,1900,maia3-5m,10,d2d3,d3,0.0044794813729822636,0.9884343789890409,0.5043124564545928,505,34,461,rnbqkbnr/pp2ppp1/7p/2pp4/3P3B/8/PPP1PPPP/RN1QKBNR w KQkq -,MODEL_PREDICTION_NOT_EMPIRICAL
PST-01,B5,2100,maia3-5m,1,e2e4,e4,0.5395658612251282,0.9888081029057503,0.541373665859982,519,41,440,rnbqkbnr/pp2ppp1/7p/2pp4/3P3B/8/PPP1PPPP/RN1QKBNR w KQkq -,MODEL_PREDICTION_NOT_EMPIRICAL
PST-01,B5,2100,maia3-5m,2,d2d4,d4,0.2930448055267334,0.9888081029057503,0.541373665859982,527,44,429,rnbqkbnr/pp2ppp1/7p/2pp4/3P3B/8/PPP1PPPP/RN1QKBNR w KQkq -,MODEL_PREDICTION_NOT_EMPIRICAL
PST-01,B5,2100,maia3-5m,3,c2c4,c4,0.051827896386384964,0.9888081029057503,0.541373665859982,535,42,423,rnbqkbnr/pp2ppp1/7p/2pp4/3P3B/8/PPP1PPPP/RN1QKBNR w KQkq -,MODEL_PREDICTION_NOT_EMPIRICAL
PST-01,B5,2100,maia3-5m,4,g1f3,Nf3,0.05066932365298271,0.9888081029057503,0.541373665859982,542,42,416,rnbqkbnr/pp2ppp1/7p/2pp4/3P3B/8/PPP1PPPP/RN1QKBNR w KQkq -,MODEL_PREDICTION_NOT_EMPIRICAL
PST-01,B5,2100,maia3-5m,5,f2f4,f4,0.013551043346524239,0.9888081029057503,0.541373665859982,526,37,437,rnbqkbnr/pp2ppp1/7p/2pp4/3P3B/8/PPP1PPPP/RN1QKBNR w KQkq -,MODEL_PREDICTION_NOT_EMPIRICAL
PST-01,B5,2100,maia3-5m,6,b2b3,b3,0.01229612436145544,0.9888081029057503,0.541373665859982,527,41,432,rnbqkbnr/pp2ppp1/7p/2pp4/3P3B/8/PPP1PPPP/RN1QKBNR w KQkq -,MODEL_PREDICTION_NOT_EMPIRICAL
PST-01,B5,2100,maia3-5m,7,g2g3,g3,0.009896432980895042,0.9888081029057503,0.541373665859982,531,42,427,rnbqkbnr/pp2ppp1/7p/2pp4/3P3B/8/PPP1PPPP/RN1QKBNR w KQkq -,MODEL_PREDICTION_NOT_EMPIRICAL
PST-01,B5,2100,maia3-5m,8,e2e3,e3,0.007974912412464619,0.9888081029057503,0.541373665859982,497,42,461,rnbqkbnr/pp2ppp1/7p/2pp4/3P3B/8/PPP1PPPP/RN1QKBNR w KQkq -,MODEL_PREDICTION_NOT_EMPIRICAL
PST-01,B5,2100,maia3-5m,9,b1c3,Nc3,0.0054556746035814285,0.9888081029057503,0.541373665859982,552,39,409,rnbqkbnr/pp2ppp1/7p/2pp4/3P3B/8/PPP1PPPP/RN1QKBNR w KQkq -,MODEL_PREDICTION_NOT_EMPIRICAL
PST-01,B5,2100,maia3-5m,10,d2d3,d3,0.004526028409600258,0.9888081029057503,0.541373665859982,513,43,444,rnbqkbnr/pp2ppp1/7p/2pp4/3P3B/8/PPP1PPPP/RN1QKBNR w KQkq -,MODEL_PREDICTION_NOT_EMPIRICAL
ORD-09,B6,1100,maia3-5m,1,e2e4,e4,0.6749164462089539,0.9871364636346698,0.4342553640682974,519,24,457,r1bqkb1r/pp1npppp/5n2/3p4/3N1B1P/8/PPP1PPP1/RN1QKB1R w KQkq -,MODEL_PREDICTION_NOT_EMPIRICAL
ORD-09,B6,1100,maia3-5m,2,d2d4,d4,0.21801438927650452,0.9871364636346698,0.4342553640682974,524,25,451,r1bqkb1r/pp1npppp/5n2/3p4/3N1B1P/8/PPP1PPP1/RN1QKB1R w KQkq -,MODEL_PREDICTION_NOT_EMPIRICAL
ORD-09,B6,1100,maia3-5m,3,e2e3,e3,0.022561196237802505,0.9871364636346698,0.4342553640682974,503,25,472,r1bqkb1r/pp1npppp/5n2/3p4/3N1B1P/8/PPP1PPP1/RN1QKB1R w KQkq -,MODEL_PREDICTION_NOT_EMPIRICAL
ORD-09,B6,1100,maia3-5m,4,g1f3,Nf3,0.0210112277418375,0.9871364636346698,0.4342553640682974,516,28,456,r1bqkb1r/pp1npppp/5n2/3p4/3N1B1P/8/PPP1PPP1/RN1QKB1R w KQkq -,MODEL_PREDICTION_NOT_EMPIRICAL
ORD-09,B6,1100,maia3-5m,5,c2c4,c4,0.016066906973719597,0.9871364636346698,0.4342553640682974,510,25,465,r1bqkb1r/pp1npppp/5n2/3p4/3N1B1P/8/PPP1PPP1/RN1QKB1R w KQkq -,MODEL_PREDICTION_NOT_EMPIRICAL
ORD-09,B6,1100,maia3-5m,6,g2g3,g3,0.011687462218105793,0.9871364636346698,0.4342553640682974,494,25,481,r1bqkb1r/pp1npppp/5n2/3p4/3N1B1P/8/PPP1PPP1/RN1QKB1R w KQkq -,MODEL_PREDICTION_NOT_EMPIRICAL
ORD-09,B6,1100,maia3-5m,7,b2b3,b3,0.007874177768826485,0.9871364636346698,0.4342553640682974,496,26,478,r1bqkb1r/pp1npppp/5n2/3p4/3N1B1P/8/PPP1PPP1/RN1QKB1R w KQkq -,MODEL_PREDICTION_NOT_EMPIRICAL
ORD-09,B6,1100,maia3-5m,8,d2d3,d3,0.005962725728750229,0.9871364636346698,0.4342553640682974,498,26,476,r1bqkb1r/pp1npppp/5n2/3p4/3N1B1P/8/PPP1PPP1/RN1QKB1R w KQkq -,MODEL_PREDICTION_NOT_EMPIRICAL
ORD-09,B6,1100,maia3-5m,9,b1c3,Nc3,0.00519427889958024,0.9871364636346698,0.4342553640682974,524,26,450,r1bqkb1r/pp1npppp/5n2/3p4/3N1B1P/8/PPP1PPP1/RN1QKB1R w KQkq -,MODEL_PREDICTION_NOT_EMPIRICAL
ORD-09,B6,1100,maia3-5m,10,f2f4,f4,0.003847652580589056,0.9871364636346698,0.4342553640682974,509,27,464,r1bqkb1r/pp1npppp/5n2/3p4/3N1B1P/8/PPP1PPP1/RN1QKB1R w KQkq -,MODEL_PREDICTION_NOT_EMPIRICAL
ORD-09,B6,1300,maia3-5m,1,e2e4,e4,0.6615840792655945,0.9876184498425573,0.44341396362140506,518,24,458,r1bqkb1r/pp1npppp/5n2/3p4/3N1B1P/8/PPP1PPP1/RN1QKB1R w KQkq -,MODEL_PREDICTION_NOT_EMPIRICAL
ORD-09,B6,1300,maia3-5m,2,d2d4,d4,0.2294148951768875,0.9876184498425573,0.44341396362140506,522,26,452,r1bqkb1r/pp1npppp/5n2/3p4/3N1B1P/8/PPP1PPP1/RN1QKB1R w KQkq -,MODEL_PREDICTION_NOT_EMPIRICAL
ORD-09,B6,1300,maia3-5m,3,g1f3,Nf3,0.02157282643020153,0.9876184498425573,0.44341396362140506,523,27,450,r1bqkb1r/pp1npppp/5n2/3p4/3N1B1P/8/PPP1PPP1/RN1QKB1R w KQkq -,MODEL_PREDICTION_NOT_EMPIRICAL
ORD-09,B6,1300,maia3-5m,4,c2c4,c4,0.020122205838561058,0.9876184498425573,0.44341396362140506,514,26,460,r1bqkb1r/pp1npppp/5n2/3p4/3N1B1P/8/PPP1PPP1/RN1QKB1R w KQkq -,MODEL_PREDICTION_NOT_EMPIRICAL
ORD-09,B6,1300,maia3-5m,5,e2e3,e3,0.019332410767674446,0.9876184498425573,0.44341396362140506,504,25,471,r1bqkb1r/pp1npppp/5n2/3p4/3N1B1P/8/PPP1PPP1/RN1QKB1R w KQkq -,MODEL_PREDICTION_NOT_EMPIRICAL
ORD-09,B6,1300,maia3-5m,6,g2g3,g3,0.012549953535199165,0.9876184498425573,0.44341396362140506,506,26,468,r1bqkb1r/pp1npppp/5n2/3p4/3N1B1P/8/PPP1PPP1/RN1QKB1R w KQkq -,MODEL_PREDICTION_NOT_EMPIRICAL
ORD-09,B6,1300,maia3-5m,7,b2b3,b3,0.009338651783764362,0.9876184498425573,0.44341396362140506,503,26,471,r1bqkb1r/pp1npppp/5n2/3p4/3N1B1P/8/PPP1PPP1/RN1QKB1R w KQkq -,MODEL_PREDICTION_NOT_EMPIRICAL
ORD-09,B6,1300,maia3-5m,8,d2d3,d3,0.005362409166991711,0.9876184498425573,0.44341396362140506,501,27,472,r1bqkb1r/pp1npppp/5n2/3p4/3N1B1P/8/PPP1PPP1/RN1QKB1R w KQkq -,MODEL_PREDICTION_NOT_EMPIRICAL
ORD-09,B6,1300,maia3-5m,9,f2f4,f4,0.004565780982375145,0.9876184498425573,0.44341396362140506,518,27,455,r1bqkb1r/pp1npppp/5n2/3p4/3N1B1P/8/PPP1PPP1/RN1QKB1R w KQkq -,MODEL_PREDICTION_NOT_EMPIRICAL
ORD-09,B6,1300,maia3-5m,10,b1c3,Nc3,0.0037752368953078985,0.9876184498425573,0.44341396362140506,529,25,446,r1bqkb1r/pp1npppp/5n2/3p4/3N1B1P/8/PPP1PPP1/RN1QKB1R w KQkq -,MODEL_PREDICTION_NOT_EMPIRICAL
ORD-09,B6,1500,maia3-5m,1,e2e4,e4,0.6428149938583374,0.98806171445176,0.4600856076991717,516,25,459,r1bqkb1r/pp1npppp/5n2/3p4/3N1B1P/8/PPP1PPP1/RN1QKB1R w KQkq -,MODEL_PREDICTION_NOT_EMPIRICAL
ORD-09,B6,1500,maia3-5m,2,d2d4,d4,0.2416517585515976,0.98806171445176,0.4600856076991717,521,27,452,r1bqkb1r/pp1npppp/5n2/3p4/3N1B1P/8/PPP1PPP1/RN1QKB1R w KQkq -,MODEL_PREDICTION_NOT_EMPIRICAL
ORD-09,B6,1500,maia3-5m,3,c2c4,c4,0.025009406730532646,0.98806171445176,0.4600856076991717,518,26,456,r1bqkb1r/pp1npppp/5n2/3p4/3N1B1P/8/PPP1PPP1/RN1QKB1R w KQkq -,MODEL_PREDICTION_NOT_EMPIRICAL
ORD-09,B6,1500,maia3-5m,4,g1f3,Nf3,0.022932549938559532,0.98806171445176,0.4600856076991717,528,27,445,r1bqkb1r/pp1npppp/5n2/3p4/3N1B1P/8/PPP1PPP1/RN1QKB1R w KQkq -,MODEL_PREDICTION_NOT_EMPIRICAL
ORD-09,B6,1500,maia3-5m,5,e2e3,e3,0.016669709235429764,0.98806171445176,0.4600856076991717,502,26,472,r1bqkb1r/pp1npppp/5n2/3p4/3N1B1P/8/PPP1PPP1/RN1QKB1R w KQkq -,MODEL_PREDICTION_NOT_EMPIRICAL
ORD-09,B6,1500,maia3-5m,6,g2g3,g3,0.013175034895539284,0.98806171445176,0.4600856076991717,516,27,457,r1bqkb1r/pp1npppp/5n2/3p4/3N1B1P/8/PPP1PPP1/RN1QKB1R w KQkq -,MODEL_PREDICTION_NOT_EMPIRICAL
ORD-09,B6,1500,maia3-5m,7,b2b3,b3,0.010849794372916222,0.98806171445176,0.4600856076991717,510,27,463,r1bqkb1r/pp1npppp/5n2/3p4/3N1B1P/8/PPP1PPP1/RN1QKB1R w KQkq -,MODEL_PREDICTION_NOT_EMPIRICAL
ORD-09,B6,1500,maia3-5m,8,f2f4,f4,0.0063391150906682014,0.98806171445176,0.4600856076991717,523,27,450,r1bqkb1r/pp1npppp/5n2/3p4/3N1B1P/8/PPP1PPP1/RN1QKB1R w KQkq -,MODEL_PREDICTION_NOT_EMPIRICAL
ORD-09,B6,1500,maia3-5m,9,d2d3,d3,0.004973711911588907,0.98806171445176,0.4600856076991717,504,28,468,r1bqkb1r/pp1npppp/5n2/3p4/3N1B1P/8/PPP1PPP1/RN1QKB1R w KQkq -,MODEL_PREDICTION_NOT_EMPIRICAL
ORD-09,B6,1500,maia3-5m,10,b2b4,b4,0.0036456398665905,0.98806171445176,0.4600856076991717,512,27,461,r1bqkb1r/pp1npppp/5n2/3p4/3N1B1P/8/PPP1PPP1/RN1QKB1R w KQkq -,MODEL_PREDICTION_NOT_EMPIRICAL
ORD-09,B6,1700,maia3-5m,1,e2e4,e4,0.6205705404281616,0.988658441696316,0.48012239459539624,513,27,460,r1bqkb1r/pp1npppp/5n2/3p4/3N1B1P/8/PPP1PPP1/RN1QKB1R w KQkq -,MODEL_PREDICTION_NOT_EMPIRICAL
ORD-09,B6,1700,maia3-5m,2,d2d4,d4,0.2547968029975891,0.988658441696316,0.48012239459539624,519,30,451,r1bqkb1r/pp1npppp/5n2/3p4/3N1B1P/8/PPP1PPP1/RN1QKB1R w KQkq -,MODEL_PREDICTION_NOT_EMPIRICAL
ORD-09,B6,1700,maia3-5m,3,c2c4,c4,0.030909236520528793,0.988658441696316,0.48012239459539624,524,29,447,r1bqkb1r/pp1npppp/5n2/3p4/3N1B1P/8/PPP1PPP1/RN1QKB1R w KQkq -,MODEL_PREDICTION_NOT_EMPIRICAL
ORD-09,B6,1700,maia3-5m,4,g1f3,Nf3,0.025549987331032753,0.988658441696316,0.48012239459539624,533,29,438,r1bqkb1r/pp1npppp/5n2/3p4/3N1B1P/8/PPP1PPP1/RN1QKB1R w KQkq -,MODEL_PREDICTION_NOT_EMPIRICAL
ORD-09,B6,1700,maia3-5m,5,e2e3,e3,0.013819748535752296,0.988658441696316,0.48012239459539624,498,29,473,r1bqkb1r/pp1npppp/5n2/3p4/3N1B1P/8/PPP1PPP1/RN1QKB1R w KQkq -,MODEL_PREDICTION_NOT_EMPIRICAL
ORD-09,B6,1700,maia3-5m,6,g2g3,g3,0.012876337394118309,0.988658441696316,0.48012239459539624,523,28,449,r1bqkb1r/pp1npppp/5n2/3p4/3N1B1P/8/PPP1PPP1/RN1QKB1R w KQkq -,MODEL_PREDICTION_NOT_EMPIRICAL
ORD-09,B6,1700,maia3-5m,7,b2b3,b3,0.01174180768430233,0.988658441696316,0.48012239459539624,516,29,455,r1bqkb1r/pp1npppp/5n2/3p4/3N1B1P/8/PPP1PPP1/RN1QKB1R w KQkq -,MODEL_PREDICTION_NOT_EMPIRICAL
ORD-09,B6,1700,maia3-5m,8,f2f4,f4,0.009360010735690594,0.988658441696316,0.48012239459539624,525,28,447,r1bqkb1r/pp1npppp/5n2/3p4/3N1B1P/8/PPP1PPP1/RN1QKB1R w KQkq -,MODEL_PREDICTION_NOT_EMPIRICAL
ORD-09,B6,1700,maia3-5m,9,d2d3,d3,0.004694441333413124,0.988658441696316,0.48012239459539624,505,30,465,r1bqkb1r/pp1npppp/5n2/3p4/3N1B1P/8/PPP1PPP1/RN1QKB1R w KQkq -,MODEL_PREDICTION_NOT_EMPIRICAL
ORD-09,B6,1700,maia3-5m,10,b2b4,b4,0.004339528735727072,0.988658441696316,0.48012239459539624,514,27,459,r1bqkb1r/pp1npppp/5n2/3p4/3N1B1P/8/PPP1PPP1/RN1QKB1R w KQkq -,MODEL_PREDICTION_NOT_EMPIRICAL
ORD-09,B6,1900,maia3-5m,1,e2e4,e4,0.5909685492515564,0.9884343789890409,0.5043124564545928,513,32,455,r1bqkb1r/pp1npppp/5n2/3p4/3N1B1P/8/PPP1PPP1/RN1QKB1R w KQkq -,MODEL_PREDICTION_NOT_EMPIRICAL
ORD-09,B6,1900,maia3-5m,2,d2d4,d4,0.2694249749183655,0.9884343789890409,0.5043124564545928,521,35,444,r1bqkb1r/pp1npppp/5n2/3p4/3N1B1P/8/PPP1PPP1/RN1QKB1R w KQkq -,MODEL_PREDICTION_NOT_EMPIRICAL
ORD-09,B6,1900,maia3-5m,3,c2c4,c4,0.03926251456141472,0.9884343789890409,0.5043124564545928,529,33,438,r1bqkb1r/pp1npppp/5n2/3p4/3N1B1P/8/PPP1PPP1/RN1QKB1R w KQkq -,MODEL_PREDICTION_NOT_EMPIRICAL
ORD-09,B6,1900,maia3-5m,4,g1f3,Nf3,0.032338257879018784,0.9884343789890409,0.5043124564545928,538,33,429,r1bqkb1r/pp1npppp/5n2/3p4/3N1B1P/8/PPP1PPP1/RN1QKB1R w KQkq -,MODEL_PREDICTION_NOT_EMPIRICAL
ORD-09,B6,1900,maia3-5m,5,f2f4,f4,0.01306967530399561,0.9884343789890409,0.5043124564545928,525,30,445,r1bqkb1r/pp1npppp/5n2/3p4/3N1B1P/8/PPP1PPP1/RN1QKB1R w KQkq -,MODEL_PREDICTION_NOT_EMPIRICAL
ORD-09,B6,1900,maia3-5m,6,b2b3,b3,0.011948314495384693,0.9884343789890409,0.5043124564545928,519,33,448,r1bqkb1r/pp1npppp/5n2/3p4/3N1B1P/8/PPP1PPP1/RN1QKB1R w KQkq -,MODEL_PREDICTION_NOT_EMPIRICAL
ORD-09,B6,1900,maia3-5m,7,g2g3,g3,0.01160159520804882,0.9884343789890409,0.5043124564545928,524,33,443,r1bqkb1r/pp1npppp/5n2/3p4/3N1B1P/8/PPP1PPP1/RN1QKB1R w KQkq -,MODEL_PREDICTION_NOT_EMPIRICAL
ORD-09,B6,1900,maia3-5m,8,e2e3,e3,0.010756749659776688,0.9884343789890409,0.5043124564545928,495,33,472,r1bqkb1r/pp1npppp/5n2/3p4/3N1B1P/8/PPP1PPP1/RN1QKB1R w KQkq -,MODEL_PREDICTION_NOT_EMPIRICAL
ORD-09,B6,1900,maia3-5m,9,b2b4,b4,0.0045842663384974,0.9884343789890409,0.5043124564545928,515,29,456,r1bqkb1r/pp1npppp/5n2/3p4/3N1B1P/8/PPP1PPP1/RN1QKB1R w KQkq -,MODEL_PREDICTION_NOT_EMPIRICAL
ORD-09,B6,1900,maia3-5m,10,d2d3,d3,0.0044794813729822636,0.9884343789890409,0.5043124564545928,505,34,461,r1bqkb1r/pp1npppp/5n2/3p4/3N1B1P/8/PPP1PPP1/RN1QKB1R w KQkq -,MODEL_PREDICTION_NOT_EMPIRICAL
ORD-09,B6,2100,maia3-5m,1,e2e4,e4,0.5395658612251282,0.9888081029057503,0.541373665859982,519,41,440,r1bqkb1r/pp1npppp/5n2/3p4/3N1B1P/8/PPP1PPP1/RN1QKB1R w KQkq -,MODEL_PREDICTION_NOT_EMPIRICAL
ORD-09,B6,2100,maia3-5m,2,d2d4,d4,0.2930448055267334,0.9888081029057503,0.541373665859982,527,44,429,r1bqkb1r/pp1npppp/5n2/3p4/3N1B1P/8/PPP1PPP1/RN1QKB1R w KQkq -,MODEL_PREDICTION_NOT_EMPIRICAL
ORD-09,B6,2100,maia3-5m,3,c2c4,c4,0.051827896386384964,0.9888081029057503,0.541373665859982,535,42,423,r1bqkb1r/pp1npppp/5n2/3p4/3N1B1P/8/PPP1PPP1/RN1QKB1R w KQkq -,MODEL_PREDICTION_NOT_EMPIRICAL
ORD-09,B6,2100,maia3-5m,4,g1f3,Nf3,0.05066932365298271,0.9888081029057503,0.541373665859982,542,42,416,r1bqkb1r/pp1npppp/5n2/3p4/3N1B1P/8/PPP1PPP1/RN1QKB1R w KQkq -,MODEL_PREDICTION_NOT_EMPIRICAL
ORD-09,B6,2100,maia3-5m,5,f2f4,f4,0.013551043346524239,0.9888081029057503,0.541373665859982,526,37,437,r1bqkb1r/pp1npppp/5n2/3p4/3N1B1P/8/PPP1PPP1/RN1QKB1R w KQkq -,MODEL_PREDICTION_NOT_EMPIRICAL
ORD-09,B6,2100,maia3-5m,6,b2b3,b3,0.01229612436145544,0.9888081029057503,0.541373665859982,527,41,432,r1bqkb1r/pp1npppp/5n2/3p4/3N1B1P/8/PPP1PPP1/RN1QKB1R w KQkq -,MODEL_PREDICTION_NOT_EMPIRICAL
ORD-09,B6,2100,maia3-5m,7,g2g3,g3,0.009896432980895042,0.9888081029057503,0.541373665859982,531,42,427,r1bqkb1r/pp1npppp/5n2/3p4/3N1B1P/8/PPP1PPP1/RN1QKB1R w KQkq -,MODEL_PREDICTION_NOT_EMPIRICAL
ORD-09,B6,2100,maia3-5m,8,e2e3,e3,0.007974912412464619,0.9888081029057503,0.541373665859982,497,42,461,r1bqkb1r/pp1npppp/5n2/3p4/3N1B1P/8/PPP1PPP1/RN1QKB1R w KQkq -,MODEL_PREDICTION_NOT_EMPIRICAL
ORD-09,B6,2100,maia3-5m,9,b1c3,Nc3,0.0054556746035814285,0.9888081029057503,0.541373665859982,552,39,409,r1bqkb1r/pp1npppp/5n2/3p4/3N1B1P/8/PPP1PPP1/RN1QKB1R w KQkq -,MODEL_PREDICTION_NOT_EMPIRICAL
ORD-09,B6,2100,maia3-5m,10,d2d3,d3,0.004526028409600258,0.9888081029057503,0.541373665859982,513,43,444,r1bqkb1r/pp1npppp/5n2/3p4/3N1B1P/8/PPP1PPP1/RN1QKB1R w KQkq -,MODEL_PREDICTION_NOT_EMPIRICAL
TOR-08,B6,1100,maia3-5m,1,e2e4,e4,0.6749164462089539,0.9871364636346698,0.4342553640682974,519,24,457,rnbqkb1r/ppp1p1pp/5p2/3p2B1/3Pn3/4PN2/PPP2PPP/RN1QKB1R w KQkq -,MODEL_PREDICTION_NOT_EMPIRICAL
TOR-08,B6,1100,maia3-5m,2,d2d4,d4,0.21801438927650452,0.9871364636346698,0.4342553640682974,524,25,451,rnbqkb1r/ppp1p1pp/5p2/3p2B1/3Pn3/4PN2/PPP2PPP/RN1QKB1R w KQkq -,MODEL_PREDICTION_NOT_EMPIRICAL
TOR-08,B6,1100,maia3-5m,3,e2e3,e3,0.022561196237802505,0.9871364636346698,0.4342553640682974,503,25,472,rnbqkb1r/ppp1p1pp/5p2/3p2B1/3Pn3/4PN2/PPP2PPP/RN1QKB1R w KQkq -,MODEL_PREDICTION_NOT_EMPIRICAL
TOR-08,B6,1100,maia3-5m,4,g1f3,Nf3,0.0210112277418375,0.9871364636346698,0.4342553640682974,516,28,456,rnbqkb1r/ppp1p1pp/5p2/3p2B1/3Pn3/4PN2/PPP2PPP/RN1QKB1R w KQkq -,MODEL_PREDICTION_NOT_EMPIRICAL
TOR-08,B6,1100,maia3-5m,5,c2c4,c4,0.016066906973719597,0.9871364636346698,0.4342553640682974,510,25,465,rnbqkb1r/ppp1p1pp/5p2/3p2B1/3Pn3/4PN2/PPP2PPP/RN1QKB1R w KQkq -,MODEL_PREDICTION_NOT_EMPIRICAL
TOR-08,B6,1100,maia3-5m,6,g2g3,g3,0.011687462218105793,0.9871364636346698,0.4342553640682974,494,25,481,rnbqkb1r/ppp1p1pp/5p2/3p2B1/3Pn3/4PN2/PPP2PPP/RN1QKB1R w KQkq -,MODEL_PREDICTION_NOT_EMPIRICAL
TOR-08,B6,1100,maia3-5m,7,b2b3,b3,0.007874177768826485,0.9871364636346698,0.4342553640682974,496,26,478,rnbqkb1r/ppp1p1pp/5p2/3p2B1/3Pn3/4PN2/PPP2PPP/RN1QKB1R w KQkq -,MODEL_PREDICTION_NOT_EMPIRICAL
TOR-08,B6,1100,maia3-5m,8,d2d3,d3,0.005962725728750229,0.9871364636346698,0.4342553640682974,498,26,476,rnbqkb1r/ppp1p1pp/5p2/3p2B1/3Pn3/4PN2/PPP2PPP/RN1QKB1R w KQkq -,MODEL_PREDICTION_NOT_EMPIRICAL
TOR-08,B6,1100,maia3-5m,9,b1c3,Nc3,0.00519427889958024,0.9871364636346698,0.4342553640682974,524,26,450,rnbqkb1r/ppp1p1pp/5p2/3p2B1/3Pn3/4PN2/PPP2PPP/RN1QKB1R w KQkq -,MODEL_PREDICTION_NOT_EMPIRICAL
TOR-08,B6,1100,maia3-5m,10,f2f4,f4,0.003847652580589056,0.9871364636346698,0.4342553640682974,509,27,464,rnbqkb1r/ppp1p1pp/5p2/3p2B1/3Pn3/4PN2/PPP2PPP/RN1QKB1R w KQkq -,MODEL_PREDICTION_NOT_EMPIRICAL
TOR-08,B6,1300,maia3-5m,1,e2e4,e4,0.6615840792655945,0.9876184498425573,0.44341396362140506,518,24,458,rnbqkb1r/ppp1p1pp/5p2/3p2B1/3Pn3/4PN2/PPP2PPP/RN1QKB1R w KQkq -,MODEL_PREDICTION_NOT_EMPIRICAL
TOR-08,B6,1300,maia3-5m,2,d2d4,d4,0.2294148951768875,0.9876184498425573,0.44341396362140506,522,26,452,rnbqkb1r/ppp1p1pp/5p2/3p2B1/3Pn3/4PN2/PPP2PPP/RN1QKB1R w KQkq -,MODEL_PREDICTION_NOT_EMPIRICAL
TOR-08,B6,1300,maia3-5m,3,g1f3,Nf3,0.02157282643020153,0.9876184498425573,0.44341396362140506,523,27,450,rnbqkb1r/ppp1p1pp/5p2/3p2B1/3Pn3/4PN2/PPP2PPP/RN1QKB1R w KQkq -,MODEL_PREDICTION_NOT_EMPIRICAL
TOR-08,B6,1300,maia3-5m,4,c2c4,c4,0.020122205838561058,0.9876184498425573,0.44341396362140506,514,26,460,rnbqkb1r/ppp1p1pp/5p2/3p2B1/3Pn3/4PN2/PPP2PPP/RN1QKB1R w KQkq -,MODEL_PREDICTION_NOT_EMPIRICAL
TOR-08,B6,1300,maia3-5m,5,e2e3,e3,0.019332410767674446,0.9876184498425573,0.44341396362140506,504,25,471,rnbqkb1r/ppp1p1pp/5p2/3p2B1/3Pn3/4PN2/PPP2PPP/RN1QKB1R w KQkq -,MODEL_PREDICTION_NOT_EMPIRICAL
TOR-08,B6,1300,maia3-5m,6,g2g3,g3,0.012549953535199165,0.9876184498425573,0.44341396362140506,506,26,468,rnbqkb1r/ppp1p1pp/5p2/3p2B1/3Pn3/4PN2/PPP2PPP/RN1QKB1R w KQkq -,MODEL_PREDICTION_NOT_EMPIRICAL
TOR-08,B6,1300,maia3-5m,7,b2b3,b3,0.009338651783764362,0.9876184498425573,0.44341396362140506,503,26,471,rnbqkb1r/ppp1p1pp/5p2/3p2B1/3Pn3/4PN2/PPP2PPP/RN1QKB1R w KQkq -,MODEL_PREDICTION_NOT_EMPIRICAL
TOR-08,B6,1300,maia3-5m,8,d2d3,d3,0.005362409166991711,0.9876184498425573,0.44341396362140506,501,27,472,rnbqkb1r/ppp1p1pp/5p2/3p2B1/3Pn3/4PN2/PPP2PPP/RN1QKB1R w KQkq -,MODEL_PREDICTION_NOT_EMPIRICAL
TOR-08,B6,1300,maia3-5m,9,f2f4,f4,0.004565780982375145,0.9876184498425573,0.44341396362140506,518,27,455,rnbqkb1r/ppp1p1pp/5p2/3p2B1/3Pn3/4PN2/PPP2PPP/RN1QKB1R w KQkq -,MODEL_PREDICTION_NOT_EMPIRICAL
TOR-08,B6,1300,maia3-5m,10,b1c3,Nc3,0.0037752368953078985,0.9876184498425573,0.44341396362140506,529,25,446,rnbqkb1r/ppp1p1pp/5p2/3p2B1/3Pn3/4PN2/PPP2PPP/RN1QKB1R w KQkq -,MODEL_PREDICTION_NOT_EMPIRICAL
TOR-08,B6,1500,maia3-5m,1,e2e4,e4,0.6428149938583374,0.98806171445176,0.4600856076991717,516,25,459,rnbqkb1r/ppp1p1pp/5p2/3p2B1/3Pn3/4PN2/PPP2PPP/RN1QKB1R w KQkq -,MODEL_PREDICTION_NOT_EMPIRICAL
TOR-08,B6,1500,maia3-5m,2,d2d4,d4,0.2416517585515976,0.98806171445176,0.4600856076991717,521,27,452,rnbqkb1r/ppp1p1pp/5p2/3p2B1/3Pn3/4PN2/PPP2PPP/RN1QKB1R w KQkq -,MODEL_PREDICTION_NOT_EMPIRICAL
TOR-08,B6,1500,maia3-5m,3,c2c4,c4,0.025009406730532646,0.98806171445176,0.4600856076991717,518,26,456,rnbqkb1r/ppp1p1pp/5p2/3p2B1/3Pn3/4PN2/PPP2PPP/RN1QKB1R w KQkq -,MODEL_PREDICTION_NOT_EMPIRICAL
TOR-08,B6,1500,maia3-5m,4,g1f3,Nf3,0.022932549938559532,0.98806171445176,0.4600856076991717,528,27,445,rnbqkb1r/ppp1p1pp/5p2/3p2B1/3Pn3/4PN2/PPP2PPP/RN1QKB1R w KQkq -,MODEL_PREDICTION_NOT_EMPIRICAL
TOR-08,B6,1500,maia3-5m,5,e2e3,e3,0.016669709235429764,0.98806171445176,0.4600856076991717,502,26,472,rnbqkb1r/ppp1p1pp/5p2/3p2B1/3Pn3/4PN2/PPP2PPP/RN1QKB1R w KQkq -,MODEL_PREDICTION_NOT_EMPIRICAL
TOR-08,B6,1500,maia3-5m,6,g2g3,g3,0.013175034895539284,0.98806171445176,0.4600856076991717,516,27,457,rnbqkb1r/ppp1p1pp/5p2/3p2B1/3Pn3/4PN2/PPP2PPP/RN1QKB1R w KQkq -,MODEL_PREDICTION_NOT_EMPIRICAL
TOR-08,B6,1500,maia3-5m,7,b2b3,b3,0.010849794372916222,0.98806171445176,0.4600856076991717,510,27,463,rnbqkb1r/ppp1p1pp/5p2/3p2B1/3Pn3/4PN2/PPP2PPP/RN1QKB1R w KQkq -,MODEL_PREDICTION_NOT_EMPIRICAL
TOR-08,B6,1500,maia3-5m,8,f2f4,f4,0.0063391150906682014,0.98806171445176,0.4600856076991717,523,27,450,rnbqkb1r/ppp1p1pp/5p2/3p2B1/3Pn3/4PN2/PPP2PPP/RN1QKB1R w KQkq -,MODEL_PREDICTION_NOT_EMPIRICAL
TOR-08,B6,1500,maia3-5m,9,d2d3,d3,0.004973711911588907,0.98806171445176,0.4600856076991717,504,28,468,rnbqkb1r/ppp1p1pp/5p2/3p2B1/3Pn3/4PN2/PPP2PPP/RN1QKB1R w KQkq -,MODEL_PREDICTION_NOT_EMPIRICAL
TOR-08,B6,1500,maia3-5m,10,b2b4,b4,0.0036456398665905,0.98806171445176,0.4600856076991717,512,27,461,rnbqkb1r/ppp1p1pp/5p2/3p2B1/3Pn3/4PN2/PPP2PPP/RN1QKB1R w KQkq -,MODEL_PREDICTION_NOT_EMPIRICAL
TOR-08,B6,1700,maia3-5m,1,e2e4,e4,0.6205705404281616,0.988658441696316,0.48012239459539624,513,27,460,rnbqkb1r/ppp1p1pp/5p2/3p2B1/3Pn3/4PN2/PPP2PPP/RN1QKB1R w KQkq -,MODEL_PREDICTION_NOT_EMPIRICAL
TOR-08,B6,1700,maia3-5m,2,d2d4,d4,0.2547968029975891,0.988658441696316,0.48012239459539624,519,30,451,rnbqkb1r/ppp1p1pp/5p2/3p2B1/3Pn3/4PN2/PPP2PPP/RN1QKB1R w KQkq -,MODEL_PREDICTION_NOT_EMPIRICAL
TOR-08,B6,1700,maia3-5m,3,c2c4,c4,0.030909236520528793,0.988658441696316,0.48012239459539624,524,29,447,rnbqkb1r/ppp1p1pp/5p2/3p2B1/3Pn3/4PN2/PPP2PPP/RN1QKB1R w KQkq -,MODEL_PREDICTION_NOT_EMPIRICAL
TOR-08,B6,1700,maia3-5m,4,g1f3,Nf3,0.025549987331032753,0.988658441696316,0.48012239459539624,533,29,438,rnbqkb1r/ppp1p1pp/5p2/3p2B1/3Pn3/4PN2/PPP2PPP/RN1QKB1R w KQkq -,MODEL_PREDICTION_NOT_EMPIRICAL
TOR-08,B6,1700,maia3-5m,5,e2e3,e3,0.013819748535752296,0.988658441696316,0.48012239459539624,498,29,473,rnbqkb1r/ppp1p1pp/5p2/3p2B1/3Pn3/4PN2/PPP2PPP/RN1QKB1R w KQkq -,MODEL_PREDICTION_NOT_EMPIRICAL
TOR-08,B6,1700,maia3-5m,6,g2g3,g3,0.012876337394118309,0.988658441696316,0.48012239459539624,523,28,449,rnbqkb1r/ppp1p1pp/5p2/3p2B1/3Pn3/4PN2/PPP2PPP/RN1QKB1R w KQkq -,MODEL_PREDICTION_NOT_EMPIRICAL
TOR-08,B6,1700,maia3-5m,7,b2b3,b3,0.01174180768430233,0.988658441696316,0.48012239459539624,516,29,455,rnbqkb1r/ppp1p1pp/5p2/3p2B1/3Pn3/4PN2/PPP2PPP/RN1QKB1R w KQkq -,MODEL_PREDICTION_NOT_EMPIRICAL
TOR-08,B6,1700,maia3-5m,8,f2f4,f4,0.009360010735690594,0.988658441696316,0.48012239459539624,525,28,447,rnbqkb1r/ppp1p1pp/5p2/3p2B1/3Pn3/4PN2/PPP2PPP/RN1QKB1R w KQkq -,MODEL_PREDICTION_NOT_EMPIRICAL
TOR-08,B6,1700,maia3-5m,9,d2d3,d3,0.004694441333413124,0.988658441696316,0.48012239459539624,505,30,465,rnbqkb1r/ppp1p1pp/5p2/3p2B1/3Pn3/4PN2/PPP2PPP/RN1QKB1R w KQkq -,MODEL_PREDICTION_NOT_EMPIRICAL
TOR-08,B6,1700,maia3-5m,10,b2b4,b4,0.004339528735727072,0.988658441696316,0.48012239459539624,514,27,459,rnbqkb1r/ppp1p1pp/5p2/3p2B1/3Pn3/4PN2/PPP2PPP/RN1QKB1R w KQkq -,MODEL_PREDICTION_NOT_EMPIRICAL
TOR-08,B6,1900,maia3-5m,1,e2e4,e4,0.5909685492515564,0.9884343789890409,0.5043124564545928,513,32,455,rnbqkb1r/ppp1p1pp/5p2/3p2B1/3Pn3/4PN2/PPP2PPP/RN1QKB1R w KQkq -,MODEL_PREDICTION_NOT_EMPIRICAL
TOR-08,B6,1900,maia3-5m,2,d2d4,d4,0.2694249749183655,0.9884343789890409,0.5043124564545928,521,35,444,rnbqkb1r/ppp1p1pp/5p2/3p2B1/3Pn3/4PN2/PPP2PPP/RN1QKB1R w KQkq -,MODEL_PREDICTION_NOT_EMPIRICAL
TOR-08,B6,1900,maia3-5m,3,c2c4,c4,0.03926251456141472,0.9884343789890409,0.5043124564545928,529,33,438,rnbqkb1r/ppp1p1pp/5p2/3p2B1/3Pn3/4PN2/PPP2PPP/RN1QKB1R w KQkq -,MODEL_PREDICTION_NOT_EMPIRICAL
TOR-08,B6,1900,maia3-5m,4,g1f3,Nf3,0.032338257879018784,0.9884343789890409,0.5043124564545928,538,33,429,rnbqkb1r/ppp1p1pp/5p2/3p2B1/3Pn3/4PN2/PPP2PPP/RN1QKB1R w KQkq -,MODEL_PREDICTION_NOT_EMPIRICAL
TOR-08,B6,1900,maia3-5m,5,f2f4,f4,0.01306967530399561,0.9884343789890409,0.5043124564545928,525,30,445,rnbqkb1r/ppp1p1pp/5p2/3p2B1/3Pn3/4PN2/PPP2PPP/RN1QKB1R w KQkq -,MODEL_PREDICTION_NOT_EMPIRICAL
TOR-08,B6,1900,maia3-5m,6,b2b3,b3,0.011948314495384693,0.9884343789890409,0.5043124564545928,519,33,448,rnbqkb1r/ppp1p1pp/5p2/3p2B1/3Pn3/4PN2/PPP2PPP/RN1QKB1R w KQkq -,MODEL_PREDICTION_NOT_EMPIRICAL
TOR-08,B6,1900,maia3-5m,7,g2g3,g3,0.01160159520804882,0.9884343789890409,0.5043124564545928,524,33,443,rnbqkb1r/ppp1p1pp/5p2/3p2B1/3Pn3/4PN2/PPP2PPP/RN1QKB1R w KQkq -,MODEL_PREDICTION_NOT_EMPIRICAL
TOR-08,B6,1900,maia3-5m,8,e2e3,e3,0.010756749659776688,0.9884343789890409,0.5043124564545928,495,33,472,rnbqkb1r/ppp1p1pp/5p2/3p2B1/3Pn3/4PN2/PPP2PPP/RN1QKB1R w KQkq -,MODEL_PREDICTION_NOT_EMPIRICAL
TOR-08,B6,1900,maia3-5m,9,b2b4,b4,0.0045842663384974,0.9884343789890409,0.5043124564545928,515,29,456,rnbqkb1r/ppp1p1pp/5p2/3p2B1/3Pn3/4PN2/PPP2PPP/RN1QKB1R w KQkq -,MODEL_PREDICTION_NOT_EMPIRICAL
TOR-08,B6,1900,maia3-5m,10,d2d3,d3,0.0044794813729822636,0.9884343789890409,0.5043124564545928,505,34,461,rnbqkb1r/ppp1p1pp/5p2/3p2B1/3Pn3/4PN2/PPP2PPP/RN1QKB1R w KQkq -,MODEL_PREDICTION_NOT_EMPIRICAL
TOR-08,B6,2100,maia3-5m,1,e2e4,e4,0.5395658612251282,0.9888081029057503,0.541373665859982,519,41,440,rnbqkb1r/ppp1p1pp/5p2/3p2B1/3Pn3/4PN2/PPP2PPP/RN1QKB1R w KQkq -,MODEL_PREDICTION_NOT_EMPIRICAL
TOR-08,B6,2100,maia3-5m,2,d2d4,d4,0.2930448055267334,0.9888081029057503,0.541373665859982,527,44,429,rnbqkb1r/ppp1p1pp/5p2/3p2B1/3Pn3/4PN2/PPP2PPP/RN1QKB1R w KQkq -,MODEL_PREDICTION_NOT_EMPIRICAL
TOR-08,B6,2100,maia3-5m,3,c2c4,c4,0.051827896386384964,0.9888081029057503,0.541373665859982,535,42,423,rnbqkb1r/ppp1p1pp/5p2/3p2B1/3Pn3/4PN2/PPP2PPP/RN1QKB1R w KQkq -,MODEL_PREDICTION_NOT_EMPIRICAL
TOR-08,B6,2100,maia3-5m,4,g1f3,Nf3,0.05066932365298271,0.9888081029057503,0.541373665859982,542,42,416,rnbqkb1r/ppp1p1pp/5p2/3p2B1/3Pn3/4PN2/PPP2PPP/RN1QKB1R w KQkq -,MODEL_PREDICTION_NOT_EMPIRICAL
TOR-08,B6,2100,maia3-5m,5,f2f4,f4,0.013551043346524239,0.9888081029057503,0.541373665859982,526,37,437,rnbqkb1r/ppp1p1pp/5p2/3p2B1/3Pn3/4PN2/PPP2PPP/RN1QKB1R w KQkq -,MODEL_PREDICTION_NOT_EMPIRICAL
TOR-08,B6,2100,maia3-5m,6,b2b3,b3,0.01229612436145544,0.9888081029057503,0.541373665859982,527,41,432,rnbqkb1r/ppp1p1pp/5p2/3p2B1/3Pn3/4PN2/PPP2PPP/RN1QKB1R w KQkq -,MODEL_PREDICTION_NOT_EMPIRICAL
TOR-08,B6,2100,maia3-5m,7,g2g3,g3,0.009896432980895042,0.9888081029057503,0.541373665859982,531,42,427,rnbqkb1r/ppp1p1pp/5p2/3p2B1/3Pn3/4PN2/PPP2PPP/RN1QKB1R w KQkq -,MODEL_PREDICTION_NOT_EMPIRICAL
TOR-08,B6,2100,maia3-5m,8,e2e3,e3,0.007974912412464619,0.9888081029057503,0.541373665859982,497,42,461,rnbqkb1r/ppp1p1pp/5p2/3p2B1/3Pn3/4PN2/PPP2PPP/RN1QKB1R w KQkq -,MODEL_PREDICTION_NOT_EMPIRICAL
TOR-08,B6,2100,maia3-5m,9,b1c3,Nc3,0.0054556746035814285,0.9888081029057503,0.541373665859982,552,39,409,rnbqkb1r/ppp1p1pp/5p2/3p2B1/3Pn3/4PN2/PPP2PPP/RN1QKB1R w KQkq -,MODEL_PREDICTION_NOT_EMPIRICAL
TOR-08,B6,2100,maia3-5m,10,d2d3,d3,0.004526028409600258,0.9888081029057503,0.541373665859982,513,43,444,rnbqkb1r/ppp1p1pp/5p2/3p2B1/3Pn3/4PN2/PPP2PPP/RN1QKB1R w KQkq -,MODEL_PREDICTION_NOT_EMPIRICAL
TOR-09,B6,1100,maia3-5m,1,e2e4,e4,0.6749164462089539,0.9871364636346698,0.4342553640682974,519,24,457,rnbqkb1r/ppp1p3/5p2/3p2pp/3P3B/4P3/PPPN1PPP/R2QKB1R w KQkq -,MODEL_PREDICTION_NOT_EMPIRICAL
TOR-09,B6,1100,maia3-5m,2,d2d4,d4,0.21801438927650452,0.9871364636346698,0.4342553640682974,524,25,451,rnbqkb1r/ppp1p3/5p2/3p2pp/3P3B/4P3/PPPN1PPP/R2QKB1R w KQkq -,MODEL_PREDICTION_NOT_EMPIRICAL
TOR-09,B6,1100,maia3-5m,3,e2e3,e3,0.022561196237802505,0.9871364636346698,0.4342553640682974,503,25,472,rnbqkb1r/ppp1p3/5p2/3p2pp/3P3B/4P3/PPPN1PPP/R2QKB1R w KQkq -,MODEL_PREDICTION_NOT_EMPIRICAL
TOR-09,B6,1100,maia3-5m,4,g1f3,Nf3,0.0210112277418375,0.9871364636346698,0.4342553640682974,516,28,456,rnbqkb1r/ppp1p3/5p2/3p2pp/3P3B/4P3/PPPN1PPP/R2QKB1R w KQkq -,MODEL_PREDICTION_NOT_EMPIRICAL
TOR-09,B6,1100,maia3-5m,5,c2c4,c4,0.016066906973719597,0.9871364636346698,0.4342553640682974,510,25,465,rnbqkb1r/ppp1p3/5p2/3p2pp/3P3B/4P3/PPPN1PPP/R2QKB1R w KQkq -,MODEL_PREDICTION_NOT_EMPIRICAL
TOR-09,B6,1100,maia3-5m,6,g2g3,g3,0.011687462218105793,0.9871364636346698,0.4342553640682974,494,25,481,rnbqkb1r/ppp1p3/5p2/3p2pp/3P3B/4P3/PPPN1PPP/R2QKB1R w KQkq -,MODEL_PREDICTION_NOT_EMPIRICAL
TOR-09,B6,1100,maia3-5m,7,b2b3,b3,0.007874177768826485,0.9871364636346698,0.4342553640682974,496,26,478,rnbqkb1r/ppp1p3/5p2/3p2pp/3P3B/4P3/PPPN1PPP/R2QKB1R w KQkq -,MODEL_PREDICTION_NOT_EMPIRICAL
TOR-09,B6,1100,maia3-5m,8,d2d3,d3,0.005962725728750229,0.9871364636346698,0.4342553640682974,498,26,476,rnbqkb1r/ppp1p3/5p2/3p2pp/3P3B/4P3/PPPN1PPP/R2QKB1R w KQkq -,MODEL_PREDICTION_NOT_EMPIRICAL
TOR-09,B6,1100,maia3-5m,9,b1c3,Nc3,0.00519427889958024,0.9871364636346698,0.4342553640682974,524,26,450,rnbqkb1r/ppp1p3/5p2/3p2pp/3P3B/4P3/PPPN1PPP/R2QKB1R w KQkq -,MODEL_PREDICTION_NOT_EMPIRICAL
TOR-09,B6,1100,maia3-5m,10,f2f4,f4,0.003847652580589056,0.9871364636346698,0.4342553640682974,509,27,464,rnbqkb1r/ppp1p3/5p2/3p2pp/3P3B/4P3/PPPN1PPP/R2QKB1R w KQkq -,MODEL_PREDICTION_NOT_EMPIRICAL
TOR-09,B6,1300,maia3-5m,1,e2e4,e4,0.6615840792655945,0.9876184498425573,0.44341396362140506,518,24,458,rnbqkb1r/ppp1p3/5p2/3p2pp/3P3B/4P3/PPPN1PPP/R2QKB1R w KQkq -,MODEL_PREDICTION_NOT_EMPIRICAL
TOR-09,B6,1300,maia3-5m,2,d2d4,d4,0.2294148951768875,0.9876184498425573,0.44341396362140506,522,26,452,rnbqkb1r/ppp1p3/5p2/3p2pp/3P3B/4P3/PPPN1PPP/R2QKB1R w KQkq -,MODEL_PREDICTION_NOT_EMPIRICAL
TOR-09,B6,1300,maia3-5m,3,g1f3,Nf3,0.02157282643020153,0.9876184498425573,0.44341396362140506,523,27,450,rnbqkb1r/ppp1p3/5p2/3p2pp/3P3B/4P3/PPPN1PPP/R2QKB1R w KQkq -,MODEL_PREDICTION_NOT_EMPIRICAL
TOR-09,B6,1300,maia3-5m,4,c2c4,c4,0.020122205838561058,0.9876184498425573,0.44341396362140506,514,26,460,rnbqkb1r/ppp1p3/5p2/3p2pp/3P3B/4P3/PPPN1PPP/R2QKB1R w KQkq -,MODEL_PREDICTION_NOT_EMPIRICAL
TOR-09,B6,1300,maia3-5m,5,e2e3,e3,0.019332410767674446,0.9876184498425573,0.44341396362140506,504,25,471,rnbqkb1r/ppp1p3/5p2/3p2pp/3P3B/4P3/PPPN1PPP/R2QKB1R w KQkq -,MODEL_PREDICTION_NOT_EMPIRICAL
TOR-09,B6,1300,maia3-5m,6,g2g3,g3,0.012549953535199165,0.9876184498425573,0.44341396362140506,506,26,468,rnbqkb1r/ppp1p3/5p2/3p2pp/3P3B/4P3/PPPN1PPP/R2QKB1R w KQkq -,MODEL_PREDICTION_NOT_EMPIRICAL
TOR-09,B6,1300,maia3-5m,7,b2b3,b3,0.009338651783764362,0.9876184498425573,0.44341396362140506,503,26,471,rnbqkb1r/ppp1p3/5p2/3p2pp/3P3B/4P3/PPPN1PPP/R2QKB1R w KQkq -,MODEL_PREDICTION_NOT_EMPIRICAL
TOR-09,B6,1300,maia3-5m,8,d2d3,d3,0.005362409166991711,0.9876184498425573,0.44341396362140506,501,27,472,rnbqkb1r/ppp1p3/5p2/3p2pp/3P3B/4P3/PPPN1PPP/R2QKB1R w KQkq -,MODEL_PREDICTION_NOT_EMPIRICAL
TOR-09,B6,1300,maia3-5m,9,f2f4,f4,0.004565780982375145,0.9876184498425573,0.44341396362140506,518,27,455,rnbqkb1r/ppp1p3/5p2/3p2pp/3P3B/4P3/PPPN1PPP/R2QKB1R w KQkq -,MODEL_PREDICTION_NOT_EMPIRICAL
TOR-09,B6,1300,maia3-5m,10,b1c3,Nc3,0.0037752368953078985,0.9876184498425573,0.44341396362140506,529,25,446,rnbqkb1r/ppp1p3/5p2/3p2pp/3P3B/4P3/PPPN1PPP/R2QKB1R w KQkq -,MODEL_PREDICTION_NOT_EMPIRICAL
TOR-09,B6,1500,maia3-5m,1,e2e4,e4,0.6428149938583374,0.98806171445176,0.4600856076991717,516,25,459,rnbqkb1r/ppp1p3/5p2/3p2pp/3P3B/4P3/PPPN1PPP/R2QKB1R w KQkq -,MODEL_PREDICTION_NOT_EMPIRICAL
TOR-09,B6,1500,maia3-5m,2,d2d4,d4,0.2416517585515976,0.98806171445176,0.4600856076991717,521,27,452,rnbqkb1r/ppp1p3/5p2/3p2pp/3P3B/4P3/PPPN1PPP/R2QKB1R w KQkq -,MODEL_PREDICTION_NOT_EMPIRICAL
TOR-09,B6,1500,maia3-5m,3,c2c4,c4,0.025009406730532646,0.98806171445176,0.4600856076991717,518,26,456,rnbqkb1r/ppp1p3/5p2/3p2pp/3P3B/4P3/PPPN1PPP/R2QKB1R w KQkq -,MODEL_PREDICTION_NOT_EMPIRICAL
TOR-09,B6,1500,maia3-5m,4,g1f3,Nf3,0.022932549938559532,0.98806171445176,0.4600856076991717,528,27,445,rnbqkb1r/ppp1p3/5p2/3p2pp/3P3B/4P3/PPPN1PPP/R2QKB1R w KQkq -,MODEL_PREDICTION_NOT_EMPIRICAL
TOR-09,B6,1500,maia3-5m,5,e2e3,e3,0.016669709235429764,0.98806171445176,0.4600856076991717,502,26,472,rnbqkb1r/ppp1p3/5p2/3p2pp/3P3B/4P3/PPPN1PPP/R2QKB1R w KQkq -,MODEL_PREDICTION_NOT_EMPIRICAL
TOR-09,B6,1500,maia3-5m,6,g2g3,g3,0.013175034895539284,0.98806171445176,0.4600856076991717,516,27,457,rnbqkb1r/ppp1p3/5p2/3p2pp/3P3B/4P3/PPPN1PPP/R2QKB1R w KQkq -,MODEL_PREDICTION_NOT_EMPIRICAL
TOR-09,B6,1500,maia3-5m,7,b2b3,b3,0.010849794372916222,0.98806171445176,0.4600856076991717,510,27,463,rnbqkb1r/ppp1p3/5p2/3p2pp/3P3B/4P3/PPPN1PPP/R2QKB1R w KQkq -,MODEL_PREDICTION_NOT_EMPIRICAL
TOR-09,B6,1500,maia3-5m,8,f2f4,f4,0.0063391150906682014,0.98806171445176,0.4600856076991717,523,27,450,rnbqkb1r/ppp1p3/5p2/3p2pp/3P3B/4P3/PPPN1PPP/R2QKB1R w KQkq -,MODEL_PREDICTION_NOT_EMPIRICAL
TOR-09,B6,1500,maia3-5m,9,d2d3,d3,0.004973711911588907,0.98806171445176,0.4600856076991717,504,28,468,rnbqkb1r/ppp1p3/5p2/3p2pp/3P3B/4P3/PPPN1PPP/R2QKB1R w KQkq -,MODEL_PREDICTION_NOT_EMPIRICAL
TOR-09,B6,1500,maia3-5m,10,b2b4,b4,0.0036456398665905,0.98806171445176,0.4600856076991717,512,27,461,rnbqkb1r/ppp1p3/5p2/3p2pp/3P3B/4P3/PPPN1PPP/R2QKB1R w KQkq -,MODEL_PREDICTION_NOT_EMPIRICAL
TOR-09,B6,1700,maia3-5m,1,e2e4,e4,0.6205705404281616,0.988658441696316,0.48012239459539624,513,27,460,rnbqkb1r/ppp1p3/5p2/3p2pp/3P3B/4P3/PPPN1PPP/R2QKB1R w KQkq -,MODEL_PREDICTION_NOT_EMPIRICAL
TOR-09,B6,1700,maia3-5m,2,d2d4,d4,0.2547968029975891,0.988658441696316,0.48012239459539624,519,30,451,rnbqkb1r/ppp1p3/5p2/3p2pp/3P3B/4P3/PPPN1PPP/R2QKB1R w KQkq -,MODEL_PREDICTION_NOT_EMPIRICAL
TOR-09,B6,1700,maia3-5m,3,c2c4,c4,0.030909236520528793,0.988658441696316,0.48012239459539624,524,29,447,rnbqkb1r/ppp1p3/5p2/3p2pp/3P3B/4P3/PPPN1PPP/R2QKB1R w KQkq -,MODEL_PREDICTION_NOT_EMPIRICAL
TOR-09,B6,1700,maia3-5m,4,g1f3,Nf3,0.025549987331032753,0.988658441696316,0.48012239459539624,533,29,438,rnbqkb1r/ppp1p3/5p2/3p2pp/3P3B/4P3/PPPN1PPP/R2QKB1R w KQkq -,MODEL_PREDICTION_NOT_EMPIRICAL
TOR-09,B6,1700,maia3-5m,5,e2e3,e3,0.013819748535752296,0.988658441696316,0.48012239459539624,498,29,473,rnbqkb1r/ppp1p3/5p2/3p2pp/3P3B/4P3/PPPN1PPP/R2QKB1R w KQkq -,MODEL_PREDICTION_NOT_EMPIRICAL
TOR-09,B6,1700,maia3-5m,6,g2g3,g3,0.012876337394118309,0.988658441696316,0.48012239459539624,523,28,449,rnbqkb1r/ppp1p3/5p2/3p2pp/3P3B/4P3/PPPN1PPP/R2QKB1R w KQkq -,MODEL_PREDICTION_NOT_EMPIRICAL
TOR-09,B6,1700,maia3-5m,7,b2b3,b3,0.01174180768430233,0.988658441696316,0.48012239459539624,516,29,455,rnbqkb1r/ppp1p3/5p2/3p2pp/3P3B/4P3/PPPN1PPP/R2QKB1R w KQkq -,MODEL_PREDICTION_NOT_EMPIRICAL
TOR-09,B6,1700,maia3-5m,8,f2f4,f4,0.009360010735690594,0.988658441696316,0.48012239459539624,525,28,447,rnbqkb1r/ppp1p3/5p2/3p2pp/3P3B/4P3/PPPN1PPP/R2QKB1R w KQkq -,MODEL_PREDICTION_NOT_EMPIRICAL
TOR-09,B6,1700,maia3-5m,9,d2d3,d3,0.004694441333413124,0.988658441696316,0.48012239459539624,505,30,465,rnbqkb1r/ppp1p3/5p2/3p2pp/3P3B/4P3/PPPN1PPP/R2QKB1R w KQkq -,MODEL_PREDICTION_NOT_EMPIRICAL
TOR-09,B6,1700,maia3-5m,10,b2b4,b4,0.004339528735727072,0.988658441696316,0.48012239459539624,514,27,459,rnbqkb1r/ppp1p3/5p2/3p2pp/3P3B/4P3/PPPN1PPP/R2QKB1R w KQkq -,MODEL_PREDICTION_NOT_EMPIRICAL
TOR-09,B6,1900,maia3-5m,1,e2e4,e4,0.5909685492515564,0.9884343789890409,0.5043124564545928,513,32,455,rnbqkb1r/ppp1p3/5p2/3p2pp/3P3B/4P3/PPPN1PPP/R2QKB1R w KQkq -,MODEL_PREDICTION_NOT_EMPIRICAL
TOR-09,B6,1900,maia3-5m,2,d2d4,d4,0.2694249749183655,0.9884343789890409,0.5043124564545928,521,35,444,rnbqkb1r/ppp1p3/5p2/3p2pp/3P3B/4P3/PPPN1PPP/R2QKB1R w KQkq -,MODEL_PREDICTION_NOT_EMPIRICAL
TOR-09,B6,1900,maia3-5m,3,c2c4,c4,0.03926251456141472,0.9884343789890409,0.5043124564545928,529,33,438,rnbqkb1r/ppp1p3/5p2/3p2pp/3P3B/4P3/PPPN1PPP/R2QKB1R w KQkq -,MODEL_PREDICTION_NOT_EMPIRICAL
TOR-09,B6,1900,maia3-5m,4,g1f3,Nf3,0.032338257879018784,0.9884343789890409,0.5043124564545928,538,33,429,rnbqkb1r/ppp1p3/5p2/3p2pp/3P3B/4P3/PPPN1PPP/R2QKB1R w KQkq -,MODEL_PREDICTION_NOT_EMPIRICAL
TOR-09,B6,1900,maia3-5m,5,f2f4,f4,0.01306967530399561,0.9884343789890409,0.5043124564545928,525,30,445,rnbqkb1r/ppp1p3/5p2/3p2pp/3P3B/4P3/PPPN1PPP/R2QKB1R w KQkq -,MODEL_PREDICTION_NOT_EMPIRICAL
TOR-09,B6,1900,maia3-5m,6,b2b3,b3,0.011948314495384693,0.9884343789890409,0.5043124564545928,519,33,448,rnbqkb1r/ppp1p3/5p2/3p2pp/3P3B/4P3/PPPN1PPP/R2QKB1R w KQkq -,MODEL_PREDICTION_NOT_EMPIRICAL
TOR-09,B6,1900,maia3-5m,7,g2g3,g3,0.01160159520804882,0.9884343789890409,0.5043124564545928,524,33,443,rnbqkb1r/ppp1p3/5p2/3p2pp/3P3B/4P3/PPPN1PPP/R2QKB1R w KQkq -,MODEL_PREDICTION_NOT_EMPIRICAL
TOR-09,B6,1900,maia3-5m,8,e2e3,e3,0.010756749659776688,0.9884343789890409,0.5043124564545928,495,33,472,rnbqkb1r/ppp1p3/5p2/3p2pp/3P3B/4P3/PPPN1PPP/R2QKB1R w KQkq -,MODEL_PREDICTION_NOT_EMPIRICAL
TOR-09,B6,1900,maia3-5m,9,b2b4,b4,0.0045842663384974,0.9884343789890409,0.5043124564545928,515,29,456,rnbqkb1r/ppp1p3/5p2/3p2pp/3P3B/4P3/PPPN1PPP/R2QKB1R w KQkq -,MODEL_PREDICTION_NOT_EMPIRICAL
TOR-09,B6,1900,maia3-5m,10,d2d3,d3,0.0044794813729822636,0.9884343789890409,0.5043124564545928,505,34,461,rnbqkb1r/ppp1p3/5p2/3p2pp/3P3B/4P3/PPPN1PPP/R2QKB1R w KQkq -,MODEL_PREDICTION_NOT_EMPIRICAL
TOR-09,B6,2100,maia3-5m,1,e2e4,e4,0.5395658612251282,0.9888081029057503,0.541373665859982,519,41,440,rnbqkb1r/ppp1p3/5p2/3p2pp/3P3B/4P3/PPPN1PPP/R2QKB1R w KQkq -,MODEL_PREDICTION_NOT_EMPIRICAL
TOR-09,B6,2100,maia3-5m,2,d2d4,d4,0.2930448055267334,0.9888081029057503,0.541373665859982,527,44,429,rnbqkb1r/ppp1p3/5p2/3p2pp/3P3B/4P3/PPPN1PPP/R2QKB1R w KQkq -,MODEL_PREDICTION_NOT_EMPIRICAL
TOR-09,B6,2100,maia3-5m,3,c2c4,c4,0.051827896386384964,0.9888081029057503,0.541373665859982,535,42,423,rnbqkb1r/ppp1p3/5p2/3p2pp/3P3B/4P3/PPPN1PPP/R2QKB1R w KQkq -,MODEL_PREDICTION_NOT_EMPIRICAL
TOR-09,B6,2100,maia3-5m,4,g1f3,Nf3,0.05066932365298271,0.9888081029057503,0.541373665859982,542,42,416,rnbqkb1r/ppp1p3/5p2/3p2pp/3P3B/4P3/PPPN1PPP/R2QKB1R w KQkq -,MODEL_PREDICTION_NOT_EMPIRICAL
TOR-09,B6,2100,maia3-5m,5,f2f4,f4,0.013551043346524239,0.9888081029057503,0.541373665859982,526,37,437,rnbqkb1r/ppp1p3/5p2/3p2pp/3P3B/4P3/PPPN1PPP/R2QKB1R w KQkq -,MODEL_PREDICTION_NOT_EMPIRICAL
TOR-09,B6,2100,maia3-5m,6,b2b3,b3,0.01229612436145544,0.9888081029057503,0.541373665859982,527,41,432,rnbqkb1r/ppp1p3/5p2/3p2pp/3P3B/4P3/PPPN1PPP/R2QKB1R w KQkq -,MODEL_PREDICTION_NOT_EMPIRICAL
TOR-09,B6,2100,maia3-5m,7,g2g3,g3,0.009896432980895042,0.9888081029057503,0.541373665859982,531,42,427,rnbqkb1r/ppp1p3/5p2/3p2pp/3P3B/4P3/PPPN1PPP/R2QKB1R w KQkq -,MODEL_PREDICTION_NOT_EMPIRICAL
TOR-09,B6,2100,maia3-5m,8,e2e3,e3,0.007974912412464619,0.9888081029057503,0.541373665859982,497,42,461,rnbqkb1r/ppp1p3/5p2/3p2pp/3P3B/4P3/PPPN1PPP/R2QKB1R w KQkq -,MODEL_PREDICTION_NOT_EMPIRICAL
TOR-09,B6,2100,maia3-5m,9,b1c3,Nc3,0.0054556746035814285,0.9888081029057503,0.541373665859982,552,39,409,rnbqkb1r/ppp1p3/5p2/3p2pp/3P3B/4P3/PPPN1PPP/R2QKB1R w KQkq -,MODEL_PREDICTION_NOT_EMPIRICAL
TOR-09,B6,2100,maia3-5m,10,d2d3,d3,0.004526028409600258,0.9888081029057503,0.541373665859982,513,43,444,rnbqkb1r/ppp1p3/5p2/3p2pp/3P3B/4P3/PPPN1PPP/R2QKB1R w KQkq -,MODEL_PREDICTION_NOT_EMPIRICAL
STO-01,B6,1100,maia3-5m,1,e2e4,e4,0.6749164462089539,0.9871364636346698,0.4342553640682974,519,24,457,rn1qkb1r/pp2pppp/5n2/3p1b2/2pP1P2/4P3/PPP1B1PP/RNBQK1NR w KQkq -,MODEL_PREDICTION_NOT_EMPIRICAL
STO-01,B6,1100,maia3-5m,2,d2d4,d4,0.21801438927650452,0.9871364636346698,0.4342553640682974,524,25,451,rn1qkb1r/pp2pppp/5n2/3p1b2/2pP1P2/4P3/PPP1B1PP/RNBQK1NR w KQkq -,MODEL_PREDICTION_NOT_EMPIRICAL
STO-01,B6,1100,maia3-5m,3,e2e3,e3,0.022561196237802505,0.9871364636346698,0.4342553640682974,503,25,472,rn1qkb1r/pp2pppp/5n2/3p1b2/2pP1P2/4P3/PPP1B1PP/RNBQK1NR w KQkq -,MODEL_PREDICTION_NOT_EMPIRICAL
STO-01,B6,1100,maia3-5m,4,g1f3,Nf3,0.0210112277418375,0.9871364636346698,0.4342553640682974,516,28,456,rn1qkb1r/pp2pppp/5n2/3p1b2/2pP1P2/4P3/PPP1B1PP/RNBQK1NR w KQkq -,MODEL_PREDICTION_NOT_EMPIRICAL
STO-01,B6,1100,maia3-5m,5,c2c4,c4,0.016066906973719597,0.9871364636346698,0.4342553640682974,510,25,465,rn1qkb1r/pp2pppp/5n2/3p1b2/2pP1P2/4P3/PPP1B1PP/RNBQK1NR w KQkq -,MODEL_PREDICTION_NOT_EMPIRICAL
STO-01,B6,1100,maia3-5m,6,g2g3,g3,0.011687462218105793,0.9871364636346698,0.4342553640682974,494,25,481,rn1qkb1r/pp2pppp/5n2/3p1b2/2pP1P2/4P3/PPP1B1PP/RNBQK1NR w KQkq -,MODEL_PREDICTION_NOT_EMPIRICAL
STO-01,B6,1100,maia3-5m,7,b2b3,b3,0.007874177768826485,0.9871364636346698,0.4342553640682974,496,26,478,rn1qkb1r/pp2pppp/5n2/3p1b2/2pP1P2/4P3/PPP1B1PP/RNBQK1NR w KQkq -,MODEL_PREDICTION_NOT_EMPIRICAL
STO-01,B6,1100,maia3-5m,8,d2d3,d3,0.005962725728750229,0.9871364636346698,0.4342553640682974,498,26,476,rn1qkb1r/pp2pppp/5n2/3p1b2/2pP1P2/4P3/PPP1B1PP/RNBQK1NR w KQkq -,MODEL_PREDICTION_NOT_EMPIRICAL
STO-01,B6,1100,maia3-5m,9,b1c3,Nc3,0.00519427889958024,0.9871364636346698,0.4342553640682974,524,26,450,rn1qkb1r/pp2pppp/5n2/3p1b2/2pP1P2/4P3/PPP1B1PP/RNBQK1NR w KQkq -,MODEL_PREDICTION_NOT_EMPIRICAL
STO-01,B6,1100,maia3-5m,10,f2f4,f4,0.003847652580589056,0.9871364636346698,0.4342553640682974,509,27,464,rn1qkb1r/pp2pppp/5n2/3p1b2/2pP1P2/4P3/PPP1B1PP/RNBQK1NR w KQkq -,MODEL_PREDICTION_NOT_EMPIRICAL
STO-01,B6,1300,maia3-5m,1,e2e4,e4,0.6615840792655945,0.9876184498425573,0.44341396362140506,518,24,458,rn1qkb1r/pp2pppp/5n2/3p1b2/2pP1P2/4P3/PPP1B1PP/RNBQK1NR w KQkq -,MODEL_PREDICTION_NOT_EMPIRICAL
STO-01,B6,1300,maia3-5m,2,d2d4,d4,0.2294148951768875,0.9876184498425573,0.44341396362140506,522,26,452,rn1qkb1r/pp2pppp/5n2/3p1b2/2pP1P2/4P3/PPP1B1PP/RNBQK1NR w KQkq -,MODEL_PREDICTION_NOT_EMPIRICAL
STO-01,B6,1300,maia3-5m,3,g1f3,Nf3,0.02157282643020153,0.9876184498425573,0.44341396362140506,523,27,450,rn1qkb1r/pp2pppp/5n2/3p1b2/2pP1P2/4P3/PPP1B1PP/RNBQK1NR w KQkq -,MODEL_PREDICTION_NOT_EMPIRICAL
STO-01,B6,1300,maia3-5m,4,c2c4,c4,0.020122205838561058,0.9876184498425573,0.44341396362140506,514,26,460,rn1qkb1r/pp2pppp/5n2/3p1b2/2pP1P2/4P3/PPP1B1PP/RNBQK1NR w KQkq -,MODEL_PREDICTION_NOT_EMPIRICAL
STO-01,B6,1300,maia3-5m,5,e2e3,e3,0.019332410767674446,0.9876184498425573,0.44341396362140506,504,25,471,rn1qkb1r/pp2pppp/5n2/3p1b2/2pP1P2/4P3/PPP1B1PP/RNBQK1NR w KQkq -,MODEL_PREDICTION_NOT_EMPIRICAL
STO-01,B6,1300,maia3-5m,6,g2g3,g3,0.012549953535199165,0.9876184498425573,0.44341396362140506,506,26,468,rn1qkb1r/pp2pppp/5n2/3p1b2/2pP1P2/4P3/PPP1B1PP/RNBQK1NR w KQkq -,MODEL_PREDICTION_NOT_EMPIRICAL
STO-01,B6,1300,maia3-5m,7,b2b3,b3,0.009338651783764362,0.9876184498425573,0.44341396362140506,503,26,471,rn1qkb1r/pp2pppp/5n2/3p1b2/2pP1P2/4P3/PPP1B1PP/RNBQK1NR w KQkq -,MODEL_PREDICTION_NOT_EMPIRICAL
STO-01,B6,1300,maia3-5m,8,d2d3,d3,0.005362409166991711,0.9876184498425573,0.44341396362140506,501,27,472,rn1qkb1r/pp2pppp/5n2/3p1b2/2pP1P2/4P3/PPP1B1PP/RNBQK1NR w KQkq -,MODEL_PREDICTION_NOT_EMPIRICAL
STO-01,B6,1300,maia3-5m,9,f2f4,f4,0.004565780982375145,0.9876184498425573,0.44341396362140506,518,27,455,rn1qkb1r/pp2pppp/5n2/3p1b2/2pP1P2/4P3/PPP1B1PP/RNBQK1NR w KQkq -,MODEL_PREDICTION_NOT_EMPIRICAL
STO-01,B6,1300,maia3-5m,10,b1c3,Nc3,0.0037752368953078985,0.9876184498425573,0.44341396362140506,529,25,446,rn1qkb1r/pp2pppp/5n2/3p1b2/2pP1P2/4P3/PPP1B1PP/RNBQK1NR w KQkq -,MODEL_PREDICTION_NOT_EMPIRICAL
STO-01,B6,1500,maia3-5m,1,e2e4,e4,0.6428149938583374,0.98806171445176,0.4600856076991717,516,25,459,rn1qkb1r/pp2pppp/5n2/3p1b2/2pP1P2/4P3/PPP1B1PP/RNBQK1NR w KQkq -,MODEL_PREDICTION_NOT_EMPIRICAL
STO-01,B6,1500,maia3-5m,2,d2d4,d4,0.2416517585515976,0.98806171445176,0.4600856076991717,521,27,452,rn1qkb1r/pp2pppp/5n2/3p1b2/2pP1P2/4P3/PPP1B1PP/RNBQK1NR w KQkq -,MODEL_PREDICTION_NOT_EMPIRICAL
STO-01,B6,1500,maia3-5m,3,c2c4,c4,0.025009406730532646,0.98806171445176,0.4600856076991717,518,26,456,rn1qkb1r/pp2pppp/5n2/3p1b2/2pP1P2/4P3/PPP1B1PP/RNBQK1NR w KQkq -,MODEL_PREDICTION_NOT_EMPIRICAL
STO-01,B6,1500,maia3-5m,4,g1f3,Nf3,0.022932549938559532,0.98806171445176,0.4600856076991717,528,27,445,rn1qkb1r/pp2pppp/5n2/3p1b2/2pP1P2/4P3/PPP1B1PP/RNBQK1NR w KQkq -,MODEL_PREDICTION_NOT_EMPIRICAL
STO-01,B6,1500,maia3-5m,5,e2e3,e3,0.016669709235429764,0.98806171445176,0.4600856076991717,502,26,472,rn1qkb1r/pp2pppp/5n2/3p1b2/2pP1P2/4P3/PPP1B1PP/RNBQK1NR w KQkq -,MODEL_PREDICTION_NOT_EMPIRICAL
STO-01,B6,1500,maia3-5m,6,g2g3,g3,0.013175034895539284,0.98806171445176,0.4600856076991717,516,27,457,rn1qkb1r/pp2pppp/5n2/3p1b2/2pP1P2/4P3/PPP1B1PP/RNBQK1NR w KQkq -,MODEL_PREDICTION_NOT_EMPIRICAL
STO-01,B6,1500,maia3-5m,7,b2b3,b3,0.010849794372916222,0.98806171445176,0.4600856076991717,510,27,463,rn1qkb1r/pp2pppp/5n2/3p1b2/2pP1P2/4P3/PPP1B1PP/RNBQK1NR w KQkq -,MODEL_PREDICTION_NOT_EMPIRICAL
STO-01,B6,1500,maia3-5m,8,f2f4,f4,0.0063391150906682014,0.98806171445176,0.4600856076991717,523,27,450,rn1qkb1r/pp2pppp/5n2/3p1b2/2pP1P2/4P3/PPP1B1PP/RNBQK1NR w KQkq -,MODEL_PREDICTION_NOT_EMPIRICAL
STO-01,B6,1500,maia3-5m,9,d2d3,d3,0.004973711911588907,0.98806171445176,0.4600856076991717,504,28,468,rn1qkb1r/pp2pppp/5n2/3p1b2/2pP1P2/4P3/PPP1B1PP/RNBQK1NR w KQkq -,MODEL_PREDICTION_NOT_EMPIRICAL
STO-01,B6,1500,maia3-5m,10,b2b4,b4,0.0036456398665905,0.98806171445176,0.4600856076991717,512,27,461,rn1qkb1r/pp2pppp/5n2/3p1b2/2pP1P2/4P3/PPP1B1PP/RNBQK1NR w KQkq -,MODEL_PREDICTION_NOT_EMPIRICAL
STO-01,B6,1700,maia3-5m,1,e2e4,e4,0.6205705404281616,0.988658441696316,0.48012239459539624,513,27,460,rn1qkb1r/pp2pppp/5n2/3p1b2/2pP1P2/4P3/PPP1B1PP/RNBQK1NR w KQkq -,MODEL_PREDICTION_NOT_EMPIRICAL
STO-01,B6,1700,maia3-5m,2,d2d4,d4,0.2547968029975891,0.988658441696316,0.48012239459539624,519,30,451,rn1qkb1r/pp2pppp/5n2/3p1b2/2pP1P2/4P3/PPP1B1PP/RNBQK1NR w KQkq -,MODEL_PREDICTION_NOT_EMPIRICAL
STO-01,B6,1700,maia3-5m,3,c2c4,c4,0.030909236520528793,0.988658441696316,0.48012239459539624,524,29,447,rn1qkb1r/pp2pppp/5n2/3p1b2/2pP1P2/4P3/PPP1B1PP/RNBQK1NR w KQkq -,MODEL_PREDICTION_NOT_EMPIRICAL
STO-01,B6,1700,maia3-5m,4,g1f3,Nf3,0.025549987331032753,0.988658441696316,0.48012239459539624,533,29,438,rn1qkb1r/pp2pppp/5n2/3p1b2/2pP1P2/4P3/PPP1B1PP/RNBQK1NR w KQkq -,MODEL_PREDICTION_NOT_EMPIRICAL
STO-01,B6,1700,maia3-5m,5,e2e3,e3,0.013819748535752296,0.988658441696316,0.48012239459539624,498,29,473,rn1qkb1r/pp2pppp/5n2/3p1b2/2pP1P2/4P3/PPP1B1PP/RNBQK1NR w KQkq -,MODEL_PREDICTION_NOT_EMPIRICAL
STO-01,B6,1700,maia3-5m,6,g2g3,g3,0.012876337394118309,0.988658441696316,0.48012239459539624,523,28,449,rn1qkb1r/pp2pppp/5n2/3p1b2/2pP1P2/4P3/PPP1B1PP/RNBQK1NR w KQkq -,MODEL_PREDICTION_NOT_EMPIRICAL
STO-01,B6,1700,maia3-5m,7,b2b3,b3,0.01174180768430233,0.988658441696316,0.48012239459539624,516,29,455,rn1qkb1r/pp2pppp/5n2/3p1b2/2pP1P2/4P3/PPP1B1PP/RNBQK1NR w KQkq -,MODEL_PREDICTION_NOT_EMPIRICAL
STO-01,B6,1700,maia3-5m,8,f2f4,f4,0.009360010735690594,0.988658441696316,0.48012239459539624,525,28,447,rn1qkb1r/pp2pppp/5n2/3p1b2/2pP1P2/4P3/PPP1B1PP/RNBQK1NR w KQkq -,MODEL_PREDICTION_NOT_EMPIRICAL
STO-01,B6,1700,maia3-5m,9,d2d3,d3,0.004694441333413124,0.988658441696316,0.48012239459539624,505,30,465,rn1qkb1r/pp2pppp/5n2/3p1b2/2pP1P2/4P3/PPP1B1PP/RNBQK1NR w KQkq -,MODEL_PREDICTION_NOT_EMPIRICAL
STO-01,B6,1700,maia3-5m,10,b2b4,b4,0.004339528735727072,0.988658441696316,0.48012239459539624,514,27,459,rn1qkb1r/pp2pppp/5n2/3p1b2/2pP1P2/4P3/PPP1B1PP/RNBQK1NR w KQkq -,MODEL_PREDICTION_NOT_EMPIRICAL
STO-01,B6,1900,maia3-5m,1,e2e4,e4,0.5909685492515564,0.9884343789890409,0.5043124564545928,513,32,455,rn1qkb1r/pp2pppp/5n2/3p1b2/2pP1P2/4P3/PPP1B1PP/RNBQK1NR w KQkq -,MODEL_PREDICTION_NOT_EMPIRICAL
STO-01,B6,1900,maia3-5m,2,d2d4,d4,0.2694249749183655,0.9884343789890409,0.5043124564545928,521,35,444,rn1qkb1r/pp2pppp/5n2/3p1b2/2pP1P2/4P3/PPP1B1PP/RNBQK1NR w KQkq -,MODEL_PREDICTION_NOT_EMPIRICAL
STO-01,B6,1900,maia3-5m,3,c2c4,c4,0.03926251456141472,0.9884343789890409,0.5043124564545928,529,33,438,rn1qkb1r/pp2pppp/5n2/3p1b2/2pP1P2/4P3/PPP1B1PP/RNBQK1NR w KQkq -,MODEL_PREDICTION_NOT_EMPIRICAL
STO-01,B6,1900,maia3-5m,4,g1f3,Nf3,0.032338257879018784,0.9884343789890409,0.5043124564545928,538,33,429,rn1qkb1r/pp2pppp/5n2/3p1b2/2pP1P2/4P3/PPP1B1PP/RNBQK1NR w KQkq -,MODEL_PREDICTION_NOT_EMPIRICAL
STO-01,B6,1900,maia3-5m,5,f2f4,f4,0.01306967530399561,0.9884343789890409,0.5043124564545928,525,30,445,rn1qkb1r/pp2pppp/5n2/3p1b2/2pP1P2/4P3/PPP1B1PP/RNBQK1NR w KQkq -,MODEL_PREDICTION_NOT_EMPIRICAL
STO-01,B6,1900,maia3-5m,6,b2b3,b3,0.011948314495384693,0.9884343789890409,0.5043124564545928,519,33,448,rn1qkb1r/pp2pppp/5n2/3p1b2/2pP1P2/4P3/PPP1B1PP/RNBQK1NR w KQkq -,MODEL_PREDICTION_NOT_EMPIRICAL
STO-01,B6,1900,maia3-5m,7,g2g3,g3,0.01160159520804882,0.9884343789890409,0.5043124564545928,524,33,443,rn1qkb1r/pp2pppp/5n2/3p1b2/2pP1P2/4P3/PPP1B1PP/RNBQK1NR w KQkq -,MODEL_PREDICTION_NOT_EMPIRICAL
STO-01,B6,1900,maia3-5m,8,e2e3,e3,0.010756749659776688,0.9884343789890409,0.5043124564545928,495,33,472,rn1qkb1r/pp2pppp/5n2/3p1b2/2pP1P2/4P3/PPP1B1PP/RNBQK1NR w KQkq -,MODEL_PREDICTION_NOT_EMPIRICAL
STO-01,B6,1900,maia3-5m,9,b2b4,b4,0.0045842663384974,0.9884343789890409,0.5043124564545928,515,29,456,rn1qkb1r/pp2pppp/5n2/3p1b2/2pP1P2/4P3/PPP1B1PP/RNBQK1NR w KQkq -,MODEL_PREDICTION_NOT_EMPIRICAL
STO-01,B6,1900,maia3-5m,10,d2d3,d3,0.0044794813729822636,0.9884343789890409,0.5043124564545928,505,34,461,rn1qkb1r/pp2pppp/5n2/3p1b2/2pP1P2/4P3/PPP1B1PP/RNBQK1NR w KQkq -,MODEL_PREDICTION_NOT_EMPIRICAL
STO-01,B6,2100,maia3-5m,1,e2e4,e4,0.5395658612251282,0.9888081029057503,0.541373665859982,519,41,440,rn1qkb1r/pp2pppp/5n2/3p1b2/2pP1P2/4P3/PPP1B1PP/RNBQK1NR w KQkq -,MODEL_PREDICTION_NOT_EMPIRICAL
STO-01,B6,2100,maia3-5m,2,d2d4,d4,0.2930448055267334,0.9888081029057503,0.541373665859982,527,44,429,rn1qkb1r/pp2pppp/5n2/3p1b2/2pP1P2/4P3/PPP1B1PP/RNBQK1NR w KQkq -,MODEL_PREDICTION_NOT_EMPIRICAL
STO-01,B6,2100,maia3-5m,3,c2c4,c4,0.051827896386384964,0.9888081029057503,0.541373665859982,535,42,423,rn1qkb1r/pp2pppp/5n2/3p1b2/2pP1P2/4P3/PPP1B1PP/RNBQK1NR w KQkq -,MODEL_PREDICTION_NOT_EMPIRICAL
STO-01,B6,2100,maia3-5m,4,g1f3,Nf3,0.05066932365298271,0.9888081029057503,0.541373665859982,542,42,416,rn1qkb1r/pp2pppp/5n2/3p1b2/2pP1P2/4P3/PPP1B1PP/RNBQK1NR w KQkq -,MODEL_PREDICTION_NOT_EMPIRICAL
STO-01,B6,2100,maia3-5m,5,f2f4,f4,0.013551043346524239,0.9888081029057503,0.541373665859982,526,37,437,rn1qkb1r/pp2pppp/5n2/3p1b2/2pP1P2/4P3/PPP1B1PP/RNBQK1NR w KQkq -,MODEL_PREDICTION_NOT_EMPIRICAL
STO-01,B6,2100,maia3-5m,6,b2b3,b3,0.01229612436145544,0.9888081029057503,0.541373665859982,527,41,432,rn1qkb1r/pp2pppp/5n2/3p1b2/2pP1P2/4P3/PPP1B1PP/RNBQK1NR w KQkq -,MODEL_PREDICTION_NOT_EMPIRICAL
STO-01,B6,2100,maia3-5m,7,g2g3,g3,0.009896432980895042,0.9888081029057503,0.541373665859982,531,42,427,rn1qkb1r/pp2pppp/5n2/3p1b2/2pP1P2/4P3/PPP1B1PP/RNBQK1NR w KQkq -,MODEL_PREDICTION_NOT_EMPIRICAL
STO-01,B6,2100,maia3-5m,8,e2e3,e3,0.007974912412464619,0.9888081029057503,0.541373665859982,497,42,461,rn1qkb1r/pp2pppp/5n2/3p1b2/2pP1P2/4P3/PPP1B1PP/RNBQK1NR w KQkq -,MODEL_PREDICTION_NOT_EMPIRICAL
STO-01,B6,2100,maia3-5m,9,b1c3,Nc3,0.0054556746035814285,0.9888081029057503,0.541373665859982,552,39,409,rn1qkb1r/pp2pppp/5n2/3p1b2/2pP1P2/4P3/PPP1B1PP/RNBQK1NR w KQkq -,MODEL_PREDICTION_NOT_EMPIRICAL
STO-01,B6,2100,maia3-5m,10,d2d3,d3,0.004526028409600258,0.9888081029057503,0.541373665859982,513,43,444,rn1qkb1r/pp2pppp/5n2/3p1b2/2pP1P2/4P3/PPP1B1PP/RNBQK1NR w KQkq -,MODEL_PREDICTION_NOT_EMPIRICAL
BDG-01,B6,1100,maia3-5m,1,e2e4,e4,0.6749164462089539,0.9871364636346698,0.4342553640682974,519,24,457,rn1qkb1r/ppp1pppp/5n2/5b2/3P4/2N2N2/PPP3PP/R1BQKB1R w KQkq -,MODEL_PREDICTION_NOT_EMPIRICAL
BDG-01,B6,1100,maia3-5m,2,d2d4,d4,0.21801438927650452,0.9871364636346698,0.4342553640682974,524,25,451,rn1qkb1r/ppp1pppp/5n2/5b2/3P4/2N2N2/PPP3PP/R1BQKB1R w KQkq -,MODEL_PREDICTION_NOT_EMPIRICAL
BDG-01,B6,1100,maia3-5m,3,e2e3,e3,0.022561196237802505,0.9871364636346698,0.4342553640682974,503,25,472,rn1qkb1r/ppp1pppp/5n2/5b2/3P4/2N2N2/PPP3PP/R1BQKB1R w KQkq -,MODEL_PREDICTION_NOT_EMPIRICAL
BDG-01,B6,1100,maia3-5m,4,g1f3,Nf3,0.0210112277418375,0.9871364636346698,0.4342553640682974,516,28,456,rn1qkb1r/ppp1pppp/5n2/5b2/3P4/2N2N2/PPP3PP/R1BQKB1R w KQkq -,MODEL_PREDICTION_NOT_EMPIRICAL
BDG-01,B6,1100,maia3-5m,5,c2c4,c4,0.016066906973719597,0.9871364636346698,0.4342553640682974,510,25,465,rn1qkb1r/ppp1pppp/5n2/5b2/3P4/2N2N2/PPP3PP/R1BQKB1R w KQkq -,MODEL_PREDICTION_NOT_EMPIRICAL
BDG-01,B6,1100,maia3-5m,6,g2g3,g3,0.011687462218105793,0.9871364636346698,0.4342553640682974,494,25,481,rn1qkb1r/ppp1pppp/5n2/5b2/3P4/2N2N2/PPP3PP/R1BQKB1R w KQkq -,MODEL_PREDICTION_NOT_EMPIRICAL
BDG-01,B6,1100,maia3-5m,7,b2b3,b3,0.007874177768826485,0.9871364636346698,0.4342553640682974,496,26,478,rn1qkb1r/ppp1pppp/5n2/5b2/3P4/2N2N2/PPP3PP/R1BQKB1R w KQkq -,MODEL_PREDICTION_NOT_EMPIRICAL
BDG-01,B6,1100,maia3-5m,8,d2d3,d3,0.005962725728750229,0.9871364636346698,0.4342553640682974,498,26,476,rn1qkb1r/ppp1pppp/5n2/5b2/3P4/2N2N2/PPP3PP/R1BQKB1R w KQkq -,MODEL_PREDICTION_NOT_EMPIRICAL
BDG-01,B6,1100,maia3-5m,9,b1c3,Nc3,0.00519427889958024,0.9871364636346698,0.4342553640682974,524,26,450,rn1qkb1r/ppp1pppp/5n2/5b2/3P4/2N2N2/PPP3PP/R1BQKB1R w KQkq -,MODEL_PREDICTION_NOT_EMPIRICAL
BDG-01,B6,1100,maia3-5m,10,f2f4,f4,0.003847652580589056,0.9871364636346698,0.4342553640682974,509,27,464,rn1qkb1r/ppp1pppp/5n2/5b2/3P4/2N2N2/PPP3PP/R1BQKB1R w KQkq -,MODEL_PREDICTION_NOT_EMPIRICAL
BDG-01,B6,1300,maia3-5m,1,e2e4,e4,0.6615840792655945,0.9876184498425573,0.44341396362140506,518,24,458,rn1qkb1r/ppp1pppp/5n2/5b2/3P4/2N2N2/PPP3PP/R1BQKB1R w KQkq -,MODEL_PREDICTION_NOT_EMPIRICAL
BDG-01,B6,1300,maia3-5m,2,d2d4,d4,0.2294148951768875,0.9876184498425573,0.44341396362140506,522,26,452,rn1qkb1r/ppp1pppp/5n2/5b2/3P4/2N2N2/PPP3PP/R1BQKB1R w KQkq -,MODEL_PREDICTION_NOT_EMPIRICAL
BDG-01,B6,1300,maia3-5m,3,g1f3,Nf3,0.02157282643020153,0.9876184498425573,0.44341396362140506,523,27,450,rn1qkb1r/ppp1pppp/5n2/5b2/3P4/2N2N2/PPP3PP/R1BQKB1R w KQkq -,MODEL_PREDICTION_NOT_EMPIRICAL
BDG-01,B6,1300,maia3-5m,4,c2c4,c4,0.020122205838561058,0.9876184498425573,0.44341396362140506,514,26,460,rn1qkb1r/ppp1pppp/5n2/5b2/3P4/2N2N2/PPP3PP/R1BQKB1R w KQkq -,MODEL_PREDICTION_NOT_EMPIRICAL
BDG-01,B6,1300,maia3-5m,5,e2e3,e3,0.019332410767674446,0.9876184498425573,0.44341396362140506,504,25,471,rn1qkb1r/ppp1pppp/5n2/5b2/3P4/2N2N2/PPP3PP/R1BQKB1R w KQkq -,MODEL_PREDICTION_NOT_EMPIRICAL
BDG-01,B6,1300,maia3-5m,6,g2g3,g3,0.012549953535199165,0.9876184498425573,0.44341396362140506,506,26,468,rn1qkb1r/ppp1pppp/5n2/5b2/3P4/2N2N2/PPP3PP/R1BQKB1R w KQkq -,MODEL_PREDICTION_NOT_EMPIRICAL
BDG-01,B6,1300,maia3-5m,7,b2b3,b3,0.009338651783764362,0.9876184498425573,0.44341396362140506,503,26,471,rn1qkb1r/ppp1pppp/5n2/5b2/3P4/2N2N2/PPP3PP/R1BQKB1R w KQkq -,MODEL_PREDICTION_NOT_EMPIRICAL
BDG-01,B6,1300,maia3-5m,8,d2d3,d3,0.005362409166991711,0.9876184498425573,0.44341396362140506,501,27,472,rn1qkb1r/ppp1pppp/5n2/5b2/3P4/2N2N2/PPP3PP/R1BQKB1R w KQkq -,MODEL_PREDICTION_NOT_EMPIRICAL
BDG-01,B6,1300,maia3-5m,9,f2f4,f4,0.004565780982375145,0.9876184498425573,0.44341396362140506,518,27,455,rn1qkb1r/ppp1pppp/5n2/5b2/3P4/2N2N2/PPP3PP/R1BQKB1R w KQkq -,MODEL_PREDICTION_NOT_EMPIRICAL
BDG-01,B6,1300,maia3-5m,10,b1c3,Nc3,0.0037752368953078985,0.9876184498425573,0.44341396362140506,529,25,446,rn1qkb1r/ppp1pppp/5n2/5b2/3P4/2N2N2/PPP3PP/R1BQKB1R w KQkq -,MODEL_PREDICTION_NOT_EMPIRICAL
BDG-01,B6,1500,maia3-5m,1,e2e4,e4,0.6428149938583374,0.98806171445176,0.4600856076991717,516,25,459,rn1qkb1r/ppp1pppp/5n2/5b2/3P4/2N2N2/PPP3PP/R1BQKB1R w KQkq -,MODEL_PREDICTION_NOT_EMPIRICAL
BDG-01,B6,1500,maia3-5m,2,d2d4,d4,0.2416517585515976,0.98806171445176,0.4600856076991717,521,27,452,rn1qkb1r/ppp1pppp/5n2/5b2/3P4/2N2N2/PPP3PP/R1BQKB1R w KQkq -,MODEL_PREDICTION_NOT_EMPIRICAL
BDG-01,B6,1500,maia3-5m,3,c2c4,c4,0.025009406730532646,0.98806171445176,0.4600856076991717,518,26,456,rn1qkb1r/ppp1pppp/5n2/5b2/3P4/2N2N2/PPP3PP/R1BQKB1R w KQkq -,MODEL_PREDICTION_NOT_EMPIRICAL
BDG-01,B6,1500,maia3-5m,4,g1f3,Nf3,0.022932549938559532,0.98806171445176,0.4600856076991717,528,27,445,rn1qkb1r/ppp1pppp/5n2/5b2/3P4/2N2N2/PPP3PP/R1BQKB1R w KQkq -,MODEL_PREDICTION_NOT_EMPIRICAL
BDG-01,B6,1500,maia3-5m,5,e2e3,e3,0.016669709235429764,0.98806171445176,0.4600856076991717,502,26,472,rn1qkb1r/ppp1pppp/5n2/5b2/3P4/2N2N2/PPP3PP/R1BQKB1R w KQkq -,MODEL_PREDICTION_NOT_EMPIRICAL
BDG-01,B6,1500,maia3-5m,6,g2g3,g3,0.013175034895539284,0.98806171445176,0.4600856076991717,516,27,457,rn1qkb1r/ppp1pppp/5n2/5b2/3P4/2N2N2/PPP3PP/R1BQKB1R w KQkq -,MODEL_PREDICTION_NOT_EMPIRICAL
BDG-01,B6,1500,maia3-5m,7,b2b3,b3,0.010849794372916222,0.98806171445176,0.4600856076991717,510,27,463,rn1qkb1r/ppp1pppp/5n2/5b2/3P4/2N2N2/PPP3PP/R1BQKB1R w KQkq -,MODEL_PREDICTION_NOT_EMPIRICAL
BDG-01,B6,1500,maia3-5m,8,f2f4,f4,0.0063391150906682014,0.98806171445176,0.4600856076991717,523,27,450,rn1qkb1r/ppp1pppp/5n2/5b2/3P4/2N2N2/PPP3PP/R1BQKB1R w KQkq -,MODEL_PREDICTION_NOT_EMPIRICAL
BDG-01,B6,1500,maia3-5m,9,d2d3,d3,0.004973711911588907,0.98806171445176,0.4600856076991717,504,28,468,rn1qkb1r/ppp1pppp/5n2/5b2/3P4/2N2N2/PPP3PP/R1BQKB1R w KQkq -,MODEL_PREDICTION_NOT_EMPIRICAL
BDG-01,B6,1500,maia3-5m,10,b2b4,b4,0.0036456398665905,0.98806171445176,0.4600856076991717,512,27,461,rn1qkb1r/ppp1pppp/5n2/5b2/3P4/2N2N2/PPP3PP/R1BQKB1R w KQkq -,MODEL_PREDICTION_NOT_EMPIRICAL
BDG-01,B6,1700,maia3-5m,1,e2e4,e4,0.6205705404281616,0.988658441696316,0.48012239459539624,513,27,460,rn1qkb1r/ppp1pppp/5n2/5b2/3P4/2N2N2/PPP3PP/R1BQKB1R w KQkq -,MODEL_PREDICTION_NOT_EMPIRICAL
BDG-01,B6,1700,maia3-5m,2,d2d4,d4,0.2547968029975891,0.988658441696316,0.48012239459539624,519,30,451,rn1qkb1r/ppp1pppp/5n2/5b2/3P4/2N2N2/PPP3PP/R1BQKB1R w KQkq -,MODEL_PREDICTION_NOT_EMPIRICAL
BDG-01,B6,1700,maia3-5m,3,c2c4,c4,0.030909236520528793,0.988658441696316,0.48012239459539624,524,29,447,rn1qkb1r/ppp1pppp/5n2/5b2/3P4/2N2N2/PPP3PP/R1BQKB1R w KQkq -,MODEL_PREDICTION_NOT_EMPIRICAL
BDG-01,B6,1700,maia3-5m,4,g1f3,Nf3,0.025549987331032753,0.988658441696316,0.48012239459539624,533,29,438,rn1qkb1r/ppp1pppp/5n2/5b2/3P4/2N2N2/PPP3PP/R1BQKB1R w KQkq -,MODEL_PREDICTION_NOT_EMPIRICAL
BDG-01,B6,1700,maia3-5m,5,e2e3,e3,0.013819748535752296,0.988658441696316,0.48012239459539624,498,29,473,rn1qkb1r/ppp1pppp/5n2/5b2/3P4/2N2N2/PPP3PP/R1BQKB1R w KQkq -,MODEL_PREDICTION_NOT_EMPIRICAL
BDG-01,B6,1700,maia3-5m,6,g2g3,g3,0.012876337394118309,0.988658441696316,0.48012239459539624,523,28,449,rn1qkb1r/ppp1pppp/5n2/5b2/3P4/2N2N2/PPP3PP/R1BQKB1R w KQkq -,MODEL_PREDICTION_NOT_EMPIRICAL
BDG-01,B6,1700,maia3-5m,7,b2b3,b3,0.01174180768430233,0.988658441696316,0.48012239459539624,516,29,455,rn1qkb1r/ppp1pppp/5n2/5b2/3P4/2N2N2/PPP3PP/R1BQKB1R w KQkq -,MODEL_PREDICTION_NOT_EMPIRICAL
BDG-01,B6,1700,maia3-5m,8,f2f4,f4,0.009360010735690594,0.988658441696316,0.48012239459539624,525,28,447,rn1qkb1r/ppp1pppp/5n2/5b2/3P4/2N2N2/PPP3PP/R1BQKB1R w KQkq -,MODEL_PREDICTION_NOT_EMPIRICAL
BDG-01,B6,1700,maia3-5m,9,d2d3,d3,0.004694441333413124,0.988658441696316,0.48012239459539624,505,30,465,rn1qkb1r/ppp1pppp/5n2/5b2/3P4/2N2N2/PPP3PP/R1BQKB1R w KQkq -,MODEL_PREDICTION_NOT_EMPIRICAL
BDG-01,B6,1700,maia3-5m,10,b2b4,b4,0.004339528735727072,0.988658441696316,0.48012239459539624,514,27,459,rn1qkb1r/ppp1pppp/5n2/5b2/3P4/2N2N2/PPP3PP/R1BQKB1R w KQkq -,MODEL_PREDICTION_NOT_EMPIRICAL
BDG-01,B6,1900,maia3-5m,1,e2e4,e4,0.5909685492515564,0.9884343789890409,0.5043124564545928,513,32,455,rn1qkb1r/ppp1pppp/5n2/5b2/3P4/2N2N2/PPP3PP/R1BQKB1R w KQkq -,MODEL_PREDICTION_NOT_EMPIRICAL
BDG-01,B6,1900,maia3-5m,2,d2d4,d4,0.2694249749183655,0.9884343789890409,0.5043124564545928,521,35,444,rn1qkb1r/ppp1pppp/5n2/5b2/3P4/2N2N2/PPP3PP/R1BQKB1R w KQkq -,MODEL_PREDICTION_NOT_EMPIRICAL
BDG-01,B6,1900,maia3-5m,3,c2c4,c4,0.03926251456141472,0.9884343789890409,0.5043124564545928,529,33,438,rn1qkb1r/ppp1pppp/5n2/5b2/3P4/2N2N2/PPP3PP/R1BQKB1R w KQkq -,MODEL_PREDICTION_NOT_EMPIRICAL
BDG-01,B6,1900,maia3-5m,4,g1f3,Nf3,0.032338257879018784,0.9884343789890409,0.5043124564545928,538,33,429,rn1qkb1r/ppp1pppp/5n2/5b2/3P4/2N2N2/PPP3PP/R1BQKB1R w KQkq -,MODEL_PREDICTION_NOT_EMPIRICAL
BDG-01,B6,1900,maia3-5m,5,f2f4,f4,0.01306967530399561,0.9884343789890409,0.5043124564545928,525,30,445,rn1qkb1r/ppp1pppp/5n2/5b2/3P4/2N2N2/PPP3PP/R1BQKB1R w KQkq -,MODEL_PREDICTION_NOT_EMPIRICAL
BDG-01,B6,1900,maia3-5m,6,b2b3,b3,0.011948314495384693,0.9884343789890409,0.5043124564545928,519,33,448,rn1qkb1r/ppp1pppp/5n2/5b2/3P4/2N2N2/PPP3PP/R1BQKB1R w KQkq -,MODEL_PREDICTION_NOT_EMPIRICAL
BDG-01,B6,1900,maia3-5m,7,g2g3,g3,0.01160159520804882,0.9884343789890409,0.5043124564545928,524,33,443,rn1qkb1r/ppp1pppp/5n2/5b2/3P4/2N2N2/PPP3PP/R1BQKB1R w KQkq -,MODEL_PREDICTION_NOT_EMPIRICAL
BDG-01,B6,1900,maia3-5m,8,e2e3,e3,0.010756749659776688,0.9884343789890409,0.5043124564545928,495,33,472,rn1qkb1r/ppp1pppp/5n2/5b2/3P4/2N2N2/PPP3PP/R1BQKB1R w KQkq -,MODEL_PREDICTION_NOT_EMPIRICAL
BDG-01,B6,1900,maia3-5m,9,b2b4,b4,0.0045842663384974,0.9884343789890409,0.5043124564545928,515,29,456,rn1qkb1r/ppp1pppp/5n2/5b2/3P4/2N2N2/PPP3PP/R1BQKB1R w KQkq -,MODEL_PREDICTION_NOT_EMPIRICAL
BDG-01,B6,1900,maia3-5m,10,d2d3,d3,0.0044794813729822636,0.9884343789890409,0.5043124564545928,505,34,461,rn1qkb1r/ppp1pppp/5n2/5b2/3P4/2N2N2/PPP3PP/R1BQKB1R w KQkq -,MODEL_PREDICTION_NOT_EMPIRICAL
BDG-01,B6,2100,maia3-5m,1,e2e4,e4,0.5395658612251282,0.9888081029057503,0.541373665859982,519,41,440,rn1qkb1r/ppp1pppp/5n2/5b2/3P4/2N2N2/PPP3PP/R1BQKB1R w KQkq -,MODEL_PREDICTION_NOT_EMPIRICAL
BDG-01,B6,2100,maia3-5m,2,d2d4,d4,0.2930448055267334,0.9888081029057503,0.541373665859982,527,44,429,rn1qkb1r/ppp1pppp/5n2/5b2/3P4/2N2N2/PPP3PP/R1BQKB1R w KQkq -,MODEL_PREDICTION_NOT_EMPIRICAL
BDG-01,B6,2100,maia3-5m,3,c2c4,c4,0.051827896386384964,0.9888081029057503,0.541373665859982,535,42,423,rn1qkb1r/ppp1pppp/5n2/5b2/3P4/2N2N2/PPP3PP/R1BQKB1R w KQkq -,MODEL_PREDICTION_NOT_EMPIRICAL
BDG-01,B6,2100,maia3-5m,4,g1f3,Nf3,0.05066932365298271,0.9888081029057503,0.541373665859982,542,42,416,rn1qkb1r/ppp1pppp/5n2/5b2/3P4/2N2N2/PPP3PP/R1BQKB1R w KQkq -,MODEL_PREDICTION_NOT_EMPIRICAL
BDG-01,B6,2100,maia3-5m,5,f2f4,f4,0.013551043346524239,0.9888081029057503,0.541373665859982,526,37,437,rn1qkb1r/ppp1pppp/5n2/5b2/3P4/2N2N2/PPP3PP/R1BQKB1R w KQkq -,MODEL_PREDICTION_NOT_EMPIRICAL
BDG-01,B6,2100,maia3-5m,6,b2b3,b3,0.01229612436145544,0.9888081029057503,0.541373665859982,527,41,432,rn1qkb1r/ppp1pppp/5n2/5b2/3P4/2N2N2/PPP3PP/R1BQKB1R w KQkq -,MODEL_PREDICTION_NOT_EMPIRICAL
BDG-01,B6,2100,maia3-5m,7,g2g3,g3,0.009896432980895042,0.9888081029057503,0.541373665859982,531,42,427,rn1qkb1r/ppp1pppp/5n2/5b2/3P4/2N2N2/PPP3PP/R1BQKB1R w KQkq -,MODEL_PREDICTION_NOT_EMPIRICAL
BDG-01,B6,2100,maia3-5m,8,e2e3,e3,0.007974912412464619,0.9888081029057503,0.541373665859982,497,42,461,rn1qkb1r/ppp1pppp/5n2/5b2/3P4/2N2N2/PPP3PP/R1BQKB1R w KQkq -,MODEL_PREDICTION_NOT_EMPIRICAL
BDG-01,B6,2100,maia3-5m,9,b1c3,Nc3,0.0054556746035814285,0.9888081029057503,0.541373665859982,552,39,409,rn1qkb1r/ppp1pppp/5n2/5b2/3P4/2N2N2/PPP3PP/R1BQKB1R w KQkq -,MODEL_PREDICTION_NOT_EMPIRICAL
BDG-01,B6,2100,maia3-5m,10,d2d3,d3,0.004526028409600258,0.9888081029057503,0.541373665859982,513,43,444,rn1qkb1r/ppp1pppp/5n2/5b2/3P4/2N2N2/PPP3PP/R1BQKB1R w KQkq -,MODEL_PREDICTION_NOT_EMPIRICAL
ORD-10,B7,1100,maia3-5m,1,e2e4,e4,0.6749164462089539,0.9871364636346698,0.4342553640682974,519,24,457,rnb1kb1r/pp2pppp/1q3n2/3p4/3N1B2/7P/PPP1PPP1/RN1QKB1R w KQkq -,MODEL_PREDICTION_NOT_EMPIRICAL
ORD-10,B7,1100,maia3-5m,2,d2d4,d4,0.21801438927650452,0.9871364636346698,0.4342553640682974,524,25,451,rnb1kb1r/pp2pppp/1q3n2/3p4/3N1B2/7P/PPP1PPP1/RN1QKB1R w KQkq -,MODEL_PREDICTION_NOT_EMPIRICAL
ORD-10,B7,1100,maia3-5m,3,e2e3,e3,0.022561196237802505,0.9871364636346698,0.4342553640682974,503,25,472,rnb1kb1r/pp2pppp/1q3n2/3p4/3N1B2/7P/PPP1PPP1/RN1QKB1R w KQkq -,MODEL_PREDICTION_NOT_EMPIRICAL
ORD-10,B7,1100,maia3-5m,4,g1f3,Nf3,0.0210112277418375,0.9871364636346698,0.4342553640682974,516,28,456,rnb1kb1r/pp2pppp/1q3n2/3p4/3N1B2/7P/PPP1PPP1/RN1QKB1R w KQkq -,MODEL_PREDICTION_NOT_EMPIRICAL
ORD-10,B7,1100,maia3-5m,5,c2c4,c4,0.016066906973719597,0.9871364636346698,0.4342553640682974,510,25,465,rnb1kb1r/pp2pppp/1q3n2/3p4/3N1B2/7P/PPP1PPP1/RN1QKB1R w KQkq -,MODEL_PREDICTION_NOT_EMPIRICAL
ORD-10,B7,1100,maia3-5m,6,g2g3,g3,0.011687462218105793,0.9871364636346698,0.4342553640682974,494,25,481,rnb1kb1r/pp2pppp/1q3n2/3p4/3N1B2/7P/PPP1PPP1/RN1QKB1R w KQkq -,MODEL_PREDICTION_NOT_EMPIRICAL
ORD-10,B7,1100,maia3-5m,7,b2b3,b3,0.007874177768826485,0.9871364636346698,0.4342553640682974,496,26,478,rnb1kb1r/pp2pppp/1q3n2/3p4/3N1B2/7P/PPP1PPP1/RN1QKB1R w KQkq -,MODEL_PREDICTION_NOT_EMPIRICAL
ORD-10,B7,1100,maia3-5m,8,d2d3,d3,0.005962725728750229,0.9871364636346698,0.4342553640682974,498,26,476,rnb1kb1r/pp2pppp/1q3n2/3p4/3N1B2/7P/PPP1PPP1/RN1QKB1R w KQkq -,MODEL_PREDICTION_NOT_EMPIRICAL
ORD-10,B7,1100,maia3-5m,9,b1c3,Nc3,0.00519427889958024,0.9871364636346698,0.4342553640682974,524,26,450,rnb1kb1r/pp2pppp/1q3n2/3p4/3N1B2/7P/PPP1PPP1/RN1QKB1R w KQkq -,MODEL_PREDICTION_NOT_EMPIRICAL
ORD-10,B7,1100,maia3-5m,10,f2f4,f4,0.003847652580589056,0.9871364636346698,0.4342553640682974,509,27,464,rnb1kb1r/pp2pppp/1q3n2/3p4/3N1B2/7P/PPP1PPP1/RN1QKB1R w KQkq -,MODEL_PREDICTION_NOT_EMPIRICAL
ORD-10,B7,1300,maia3-5m,1,e2e4,e4,0.6615840792655945,0.9876184498425573,0.44341396362140506,518,24,458,rnb1kb1r/pp2pppp/1q3n2/3p4/3N1B2/7P/PPP1PPP1/RN1QKB1R w KQkq -,MODEL_PREDICTION_NOT_EMPIRICAL
ORD-10,B7,1300,maia3-5m,2,d2d4,d4,0.2294148951768875,0.9876184498425573,0.44341396362140506,522,26,452,rnb1kb1r/pp2pppp/1q3n2/3p4/3N1B2/7P/PPP1PPP1/RN1QKB1R w KQkq -,MODEL_PREDICTION_NOT_EMPIRICAL
ORD-10,B7,1300,maia3-5m,3,g1f3,Nf3,0.02157282643020153,0.9876184498425573,0.44341396362140506,523,27,450,rnb1kb1r/pp2pppp/1q3n2/3p4/3N1B2/7P/PPP1PPP1/RN1QKB1R w KQkq -,MODEL_PREDICTION_NOT_EMPIRICAL
ORD-10,B7,1300,maia3-5m,4,c2c4,c4,0.020122205838561058,0.9876184498425573,0.44341396362140506,514,26,460,rnb1kb1r/pp2pppp/1q3n2/3p4/3N1B2/7P/PPP1PPP1/RN1QKB1R w KQkq -,MODEL_PREDICTION_NOT_EMPIRICAL
ORD-10,B7,1300,maia3-5m,5,e2e3,e3,0.019332410767674446,0.9876184498425573,0.44341396362140506,504,25,471,rnb1kb1r/pp2pppp/1q3n2/3p4/3N1B2/7P/PPP1PPP1/RN1QKB1R w KQkq -,MODEL_PREDICTION_NOT_EMPIRICAL
ORD-10,B7,1300,maia3-5m,6,g2g3,g3,0.012549953535199165,0.9876184498425573,0.44341396362140506,506,26,468,rnb1kb1r/pp2pppp/1q3n2/3p4/3N1B2/7P/PPP1PPP1/RN1QKB1R w KQkq -,MODEL_PREDICTION_NOT_EMPIRICAL
ORD-10,B7,1300,maia3-5m,7,b2b3,b3,0.009338651783764362,0.9876184498425573,0.44341396362140506,503,26,471,rnb1kb1r/pp2pppp/1q3n2/3p4/3N1B2/7P/PPP1PPP1/RN1QKB1R w KQkq -,MODEL_PREDICTION_NOT_EMPIRICAL
ORD-10,B7,1300,maia3-5m,8,d2d3,d3,0.005362409166991711,0.9876184498425573,0.44341396362140506,501,27,472,rnb1kb1r/pp2pppp/1q3n2/3p4/3N1B2/7P/PPP1PPP1/RN1QKB1R w KQkq -,MODEL_PREDICTION_NOT_EMPIRICAL
ORD-10,B7,1300,maia3-5m,9,f2f4,f4,0.004565780982375145,0.9876184498425573,0.44341396362140506,518,27,455,rnb1kb1r/pp2pppp/1q3n2/3p4/3N1B2/7P/PPP1PPP1/RN1QKB1R w KQkq -,MODEL_PREDICTION_NOT_EMPIRICAL
ORD-10,B7,1300,maia3-5m,10,b1c3,Nc3,0.0037752368953078985,0.9876184498425573,0.44341396362140506,529,25,446,rnb1kb1r/pp2pppp/1q3n2/3p4/3N1B2/7P/PPP1PPP1/RN1QKB1R w KQkq -,MODEL_PREDICTION_NOT_EMPIRICAL
ORD-10,B7,1500,maia3-5m,1,e2e4,e4,0.6428149938583374,0.98806171445176,0.4600856076991717,516,25,459,rnb1kb1r/pp2pppp/1q3n2/3p4/3N1B2/7P/PPP1PPP1/RN1QKB1R w KQkq -,MODEL_PREDICTION_NOT_EMPIRICAL
ORD-10,B7,1500,maia3-5m,2,d2d4,d4,0.2416517585515976,0.98806171445176,0.4600856076991717,521,27,452,rnb1kb1r/pp2pppp/1q3n2/3p4/3N1B2/7P/PPP1PPP1/RN1QKB1R w KQkq -,MODEL_PREDICTION_NOT_EMPIRICAL
ORD-10,B7,1500,maia3-5m,3,c2c4,c4,0.025009406730532646,0.98806171445176,0.4600856076991717,518,26,456,rnb1kb1r/pp2pppp/1q3n2/3p4/3N1B2/7P/PPP1PPP1/RN1QKB1R w KQkq -,MODEL_PREDICTION_NOT_EMPIRICAL
ORD-10,B7,1500,maia3-5m,4,g1f3,Nf3,0.022932549938559532,0.98806171445176,0.4600856076991717,528,27,445,rnb1kb1r/pp2pppp/1q3n2/3p4/3N1B2/7P/PPP1PPP1/RN1QKB1R w KQkq -,MODEL_PREDICTION_NOT_EMPIRICAL
ORD-10,B7,1500,maia3-5m,5,e2e3,e3,0.016669709235429764,0.98806171445176,0.4600856076991717,502,26,472,rnb1kb1r/pp2pppp/1q3n2/3p4/3N1B2/7P/PPP1PPP1/RN1QKB1R w KQkq -,MODEL_PREDICTION_NOT_EMPIRICAL
ORD-10,B7,1500,maia3-5m,6,g2g3,g3,0.013175034895539284,0.98806171445176,0.4600856076991717,516,27,457,rnb1kb1r/pp2pppp/1q3n2/3p4/3N1B2/7P/PPP1PPP1/RN1QKB1R w KQkq -,MODEL_PREDICTION_NOT_EMPIRICAL
ORD-10,B7,1500,maia3-5m,7,b2b3,b3,0.010849794372916222,0.98806171445176,0.4600856076991717,510,27,463,rnb1kb1r/pp2pppp/1q3n2/3p4/3N1B2/7P/PPP1PPP1/RN1QKB1R w KQkq -,MODEL_PREDICTION_NOT_EMPIRICAL
ORD-10,B7,1500,maia3-5m,8,f2f4,f4,0.0063391150906682014,0.98806171445176,0.4600856076991717,523,27,450,rnb1kb1r/pp2pppp/1q3n2/3p4/3N1B2/7P/PPP1PPP1/RN1QKB1R w KQkq -,MODEL_PREDICTION_NOT_EMPIRICAL
ORD-10,B7,1500,maia3-5m,9,d2d3,d3,0.004973711911588907,0.98806171445176,0.4600856076991717,504,28,468,rnb1kb1r/pp2pppp/1q3n2/3p4/3N1B2/7P/PPP1PPP1/RN1QKB1R w KQkq -,MODEL_PREDICTION_NOT_EMPIRICAL
ORD-10,B7,1500,maia3-5m,10,b2b4,b4,0.0036456398665905,0.98806171445176,0.4600856076991717,512,27,461,rnb1kb1r/pp2pppp/1q3n2/3p4/3N1B2/7P/PPP1PPP1/RN1QKB1R w KQkq -,MODEL_PREDICTION_NOT_EMPIRICAL
ORD-10,B7,1700,maia3-5m,1,e2e4,e4,0.6205705404281616,0.988658441696316,0.48012239459539624,513,27,460,rnb1kb1r/pp2pppp/1q3n2/3p4/3N1B2/7P/PPP1PPP1/RN1QKB1R w KQkq -,MODEL_PREDICTION_NOT_EMPIRICAL
ORD-10,B7,1700,maia3-5m,2,d2d4,d4,0.2547968029975891,0.988658441696316,0.48012239459539624,519,30,451,rnb1kb1r/pp2pppp/1q3n2/3p4/3N1B2/7P/PPP1PPP1/RN1QKB1R w KQkq -,MODEL_PREDICTION_NOT_EMPIRICAL
ORD-10,B7,1700,maia3-5m,3,c2c4,c4,0.030909236520528793,0.988658441696316,0.48012239459539624,524,29,447,rnb1kb1r/pp2pppp/1q3n2/3p4/3N1B2/7P/PPP1PPP1/RN1QKB1R w KQkq -,MODEL_PREDICTION_NOT_EMPIRICAL
ORD-10,B7,1700,maia3-5m,4,g1f3,Nf3,0.025549987331032753,0.988658441696316,0.48012239459539624,533,29,438,rnb1kb1r/pp2pppp/1q3n2/3p4/3N1B2/7P/PPP1PPP1/RN1QKB1R w KQkq -,MODEL_PREDICTION_NOT_EMPIRICAL
ORD-10,B7,1700,maia3-5m,5,e2e3,e3,0.013819748535752296,0.988658441696316,0.48012239459539624,498,29,473,rnb1kb1r/pp2pppp/1q3n2/3p4/3N1B2/7P/PPP1PPP1/RN1QKB1R w KQkq -,MODEL_PREDICTION_NOT_EMPIRICAL
ORD-10,B7,1700,maia3-5m,6,g2g3,g3,0.012876337394118309,0.988658441696316,0.48012239459539624,523,28,449,rnb1kb1r/pp2pppp/1q3n2/3p4/3N1B2/7P/PPP1PPP1/RN1QKB1R w KQkq -,MODEL_PREDICTION_NOT_EMPIRICAL
ORD-10,B7,1700,maia3-5m,7,b2b3,b3,0.01174180768430233,0.988658441696316,0.48012239459539624,516,29,455,rnb1kb1r/pp2pppp/1q3n2/3p4/3N1B2/7P/PPP1PPP1/RN1QKB1R w KQkq -,MODEL_PREDICTION_NOT_EMPIRICAL
ORD-10,B7,1700,maia3-5m,8,f2f4,f4,0.009360010735690594,0.988658441696316,0.48012239459539624,525,28,447,rnb1kb1r/pp2pppp/1q3n2/3p4/3N1B2/7P/PPP1PPP1/RN1QKB1R w KQkq -,MODEL_PREDICTION_NOT_EMPIRICAL
ORD-10,B7,1700,maia3-5m,9,d2d3,d3,0.004694441333413124,0.988658441696316,0.48012239459539624,505,30,465,rnb1kb1r/pp2pppp/1q3n2/3p4/3N1B2/7P/PPP1PPP1/RN1QKB1R w KQkq -,MODEL_PREDICTION_NOT_EMPIRICAL
ORD-10,B7,1700,maia3-5m,10,b2b4,b4,0.004339528735727072,0.988658441696316,0.48012239459539624,514,27,459,rnb1kb1r/pp2pppp/1q3n2/3p4/3N1B2/7P/PPP1PPP1/RN1QKB1R w KQkq -,MODEL_PREDICTION_NOT_EMPIRICAL
ORD-10,B7,1900,maia3-5m,1,e2e4,e4,0.5909685492515564,0.9884343789890409,0.5043124564545928,513,32,455,rnb1kb1r/pp2pppp/1q3n2/3p4/3N1B2/7P/PPP1PPP1/RN1QKB1R w KQkq -,MODEL_PREDICTION_NOT_EMPIRICAL
ORD-10,B7,1900,maia3-5m,2,d2d4,d4,0.2694249749183655,0.9884343789890409,0.5043124564545928,521,35,444,rnb1kb1r/pp2pppp/1q3n2/3p4/3N1B2/7P/PPP1PPP1/RN1QKB1R w KQkq -,MODEL_PREDICTION_NOT_EMPIRICAL
ORD-10,B7,1900,maia3-5m,3,c2c4,c4,0.03926251456141472,0.9884343789890409,0.5043124564545928,529,33,438,rnb1kb1r/pp2pppp/1q3n2/3p4/3N1B2/7P/PPP1PPP1/RN1QKB1R w KQkq -,MODEL_PREDICTION_NOT_EMPIRICAL
ORD-10,B7,1900,maia3-5m,4,g1f3,Nf3,0.032338257879018784,0.9884343789890409,0.5043124564545928,538,33,429,rnb1kb1r/pp2pppp/1q3n2/3p4/3N1B2/7P/PPP1PPP1/RN1QKB1R w KQkq -,MODEL_PREDICTION_NOT_EMPIRICAL
ORD-10,B7,1900,maia3-5m,5,f2f4,f4,0.01306967530399561,0.9884343789890409,0.5043124564545928,525,30,445,rnb1kb1r/pp2pppp/1q3n2/3p4/3N1B2/7P/PPP1PPP1/RN1QKB1R w KQkq -,MODEL_PREDICTION_NOT_EMPIRICAL
ORD-10,B7,1900,maia3-5m,6,b2b3,b3,0.011948314495384693,0.9884343789890409,0.5043124564545928,519,33,448,rnb1kb1r/pp2pppp/1q3n2/3p4/3N1B2/7P/PPP1PPP1/RN1QKB1R w KQkq -,MODEL_PREDICTION_NOT_EMPIRICAL
ORD-10,B7,1900,maia3-5m,7,g2g3,g3,0.01160159520804882,0.9884343789890409,0.5043124564545928,524,33,443,rnb1kb1r/pp2pppp/1q3n2/3p4/3N1B2/7P/PPP1PPP1/RN1QKB1R w KQkq -,MODEL_PREDICTION_NOT_EMPIRICAL
ORD-10,B7,1900,maia3-5m,8,e2e3,e3,0.010756749659776688,0.9884343789890409,0.5043124564545928,495,33,472,rnb1kb1r/pp2pppp/1q3n2/3p4/3N1B2/7P/PPP1PPP1/RN1QKB1R w KQkq -,MODEL_PREDICTION_NOT_EMPIRICAL
ORD-10,B7,1900,maia3-5m,9,b2b4,b4,0.0045842663384974,0.9884343789890409,0.5043124564545928,515,29,456,rnb1kb1r/pp2pppp/1q3n2/3p4/3N1B2/7P/PPP1PPP1/RN1QKB1R w KQkq -,MODEL_PREDICTION_NOT_EMPIRICAL
ORD-10,B7,1900,maia3-5m,10,d2d3,d3,0.0044794813729822636,0.9884343789890409,0.5043124564545928,505,34,461,rnb1kb1r/pp2pppp/1q3n2/3p4/3N1B2/7P/PPP1PPP1/RN1QKB1R w KQkq -,MODEL_PREDICTION_NOT_EMPIRICAL
ORD-10,B7,2100,maia3-5m,1,e2e4,e4,0.5395658612251282,0.9888081029057503,0.541373665859982,519,41,440,rnb1kb1r/pp2pppp/1q3n2/3p4/3N1B2/7P/PPP1PPP1/RN1QKB1R w KQkq -,MODEL_PREDICTION_NOT_EMPIRICAL
ORD-10,B7,2100,maia3-5m,2,d2d4,d4,0.2930448055267334,0.9888081029057503,0.541373665859982,527,44,429,rnb1kb1r/pp2pppp/1q3n2/3p4/3N1B2/7P/PPP1PPP1/RN1QKB1R w KQkq -,MODEL_PREDICTION_NOT_EMPIRICAL
ORD-10,B7,2100,maia3-5m,3,c2c4,c4,0.051827896386384964,0.9888081029057503,0.541373665859982,535,42,423,rnb1kb1r/pp2pppp/1q3n2/3p4/3N1B2/7P/PPP1PPP1/RN1QKB1R w KQkq -,MODEL_PREDICTION_NOT_EMPIRICAL
ORD-10,B7,2100,maia3-5m,4,g1f3,Nf3,0.05066932365298271,0.9888081029057503,0.541373665859982,542,42,416,rnb1kb1r/pp2pppp/1q3n2/3p4/3N1B2/7P/PPP1PPP1/RN1QKB1R w KQkq -,MODEL_PREDICTION_NOT_EMPIRICAL
ORD-10,B7,2100,maia3-5m,5,f2f4,f4,0.013551043346524239,0.9888081029057503,0.541373665859982,526,37,437,rnb1kb1r/pp2pppp/1q3n2/3p4/3N1B2/7P/PPP1PPP1/RN1QKB1R w KQkq -,MODEL_PREDICTION_NOT_EMPIRICAL
ORD-10,B7,2100,maia3-5m,6,b2b3,b3,0.01229612436145544,0.9888081029057503,0.541373665859982,527,41,432,rnb1kb1r/pp2pppp/1q3n2/3p4/3N1B2/7P/PPP1PPP1/RN1QKB1R w KQkq -,MODEL_PREDICTION_NOT_EMPIRICAL
ORD-10,B7,2100,maia3-5m,7,g2g3,g3,0.009896432980895042,0.9888081029057503,0.541373665859982,531,42,427,rnb1kb1r/pp2pppp/1q3n2/3p4/3N1B2/7P/PPP1PPP1/RN1QKB1R w KQkq -,MODEL_PREDICTION_NOT_EMPIRICAL
ORD-10,B7,2100,maia3-5m,8,e2e3,e3,0.007974912412464619,0.9888081029057503,0.541373665859982,497,42,461,rnb1kb1r/pp2pppp/1q3n2/3p4/3N1B2/7P/PPP1PPP1/RN1QKB1R w KQkq -,MODEL_PREDICTION_NOT_EMPIRICAL
ORD-10,B7,2100,maia3-5m,9,b1c3,Nc3,0.0054556746035814285,0.9888081029057503,0.541373665859982,552,39,409,rnb1kb1r/pp2pppp/1q3n2/3p4/3N1B2/7P/PPP1PPP1/RN1QKB1R w KQkq -,MODEL_PREDICTION_NOT_EMPIRICAL
ORD-10,B7,2100,maia3-5m,10,d2d3,d3,0.004526028409600258,0.9888081029057503,0.541373665859982,513,43,444,rnb1kb1r/pp2pppp/1q3n2/3p4/3N1B2/7P/PPP1PPP1/RN1QKB1R w KQkq -,MODEL_PREDICTION_NOT_EMPIRICAL
JOB-06,B7,1100,maia3-5m,1,e2e4,e4,0.6749164462089539,0.9871364636346698,0.4342553640682974,519,24,457,r1bqkb1r/pp2pppp/2n2n2/3p4/3Q1B2/2N2P2/PPP1P1PP/R3KBNR w KQkq -,MODEL_PREDICTION_NOT_EMPIRICAL
JOB-06,B7,1100,maia3-5m,2,d2d4,d4,0.21801438927650452,0.9871364636346698,0.4342553640682974,524,25,451,r1bqkb1r/pp2pppp/2n2n2/3p4/3Q1B2/2N2P2/PPP1P1PP/R3KBNR w KQkq -,MODEL_PREDICTION_NOT_EMPIRICAL
JOB-06,B7,1100,maia3-5m,3,e2e3,e3,0.022561196237802505,0.9871364636346698,0.4342553640682974,503,25,472,r1bqkb1r/pp2pppp/2n2n2/3p4/3Q1B2/2N2P2/PPP1P1PP/R3KBNR w KQkq -,MODEL_PREDICTION_NOT_EMPIRICAL
JOB-06,B7,1100,maia3-5m,4,g1f3,Nf3,0.0210112277418375,0.9871364636346698,0.4342553640682974,516,28,456,r1bqkb1r/pp2pppp/2n2n2/3p4/3Q1B2/2N2P2/PPP1P1PP/R3KBNR w KQkq -,MODEL_PREDICTION_NOT_EMPIRICAL
JOB-06,B7,1100,maia3-5m,5,c2c4,c4,0.016066906973719597,0.9871364636346698,0.4342553640682974,510,25,465,r1bqkb1r/pp2pppp/2n2n2/3p4/3Q1B2/2N2P2/PPP1P1PP/R3KBNR w KQkq -,MODEL_PREDICTION_NOT_EMPIRICAL
JOB-06,B7,1100,maia3-5m,6,g2g3,g3,0.011687462218105793,0.9871364636346698,0.4342553640682974,494,25,481,r1bqkb1r/pp2pppp/2n2n2/3p4/3Q1B2/2N2P2/PPP1P1PP/R3KBNR w KQkq -,MODEL_PREDICTION_NOT_EMPIRICAL
JOB-06,B7,1100,maia3-5m,7,b2b3,b3,0.007874177768826485,0.9871364636346698,0.4342553640682974,496,26,478,r1bqkb1r/pp2pppp/2n2n2/3p4/3Q1B2/2N2P2/PPP1P1PP/R3KBNR w KQkq -,MODEL_PREDICTION_NOT_EMPIRICAL
JOB-06,B7,1100,maia3-5m,8,d2d3,d3,0.005962725728750229,0.9871364636346698,0.4342553640682974,498,26,476,r1bqkb1r/pp2pppp/2n2n2/3p4/3Q1B2/2N2P2/PPP1P1PP/R3KBNR w KQkq -,MODEL_PREDICTION_NOT_EMPIRICAL
JOB-06,B7,1100,maia3-5m,9,b1c3,Nc3,0.00519427889958024,0.9871364636346698,0.4342553640682974,524,26,450,r1bqkb1r/pp2pppp/2n2n2/3p4/3Q1B2/2N2P2/PPP1P1PP/R3KBNR w KQkq -,MODEL_PREDICTION_NOT_EMPIRICAL
JOB-06,B7,1100,maia3-5m,10,f2f4,f4,0.003847652580589056,0.9871364636346698,0.4342553640682974,509,27,464,r1bqkb1r/pp2pppp/2n2n2/3p4/3Q1B2/2N2P2/PPP1P1PP/R3KBNR w KQkq -,MODEL_PREDICTION_NOT_EMPIRICAL
JOB-06,B7,1300,maia3-5m,1,e2e4,e4,0.6615840792655945,0.9876184498425573,0.44341396362140506,518,24,458,r1bqkb1r/pp2pppp/2n2n2/3p4/3Q1B2/2N2P2/PPP1P1PP/R3KBNR w KQkq -,MODEL_PREDICTION_NOT_EMPIRICAL
JOB-06,B7,1300,maia3-5m,2,d2d4,d4,0.2294148951768875,0.9876184498425573,0.44341396362140506,522,26,452,r1bqkb1r/pp2pppp/2n2n2/3p4/3Q1B2/2N2P2/PPP1P1PP/R3KBNR w KQkq -,MODEL_PREDICTION_NOT_EMPIRICAL
JOB-06,B7,1300,maia3-5m,3,g1f3,Nf3,0.02157282643020153,0.9876184498425573,0.44341396362140506,523,27,450,r1bqkb1r/pp2pppp/2n2n2/3p4/3Q1B2/2N2P2/PPP1P1PP/R3KBNR w KQkq -,MODEL_PREDICTION_NOT_EMPIRICAL
JOB-06,B7,1300,maia3-5m,4,c2c4,c4,0.020122205838561058,0.9876184498425573,0.44341396362140506,514,26,460,r1bqkb1r/pp2pppp/2n2n2/3p4/3Q1B2/2N2P2/PPP1P1PP/R3KBNR w KQkq -,MODEL_PREDICTION_NOT_EMPIRICAL
JOB-06,B7,1300,maia3-5m,5,e2e3,e3,0.019332410767674446,0.9876184498425573,0.44341396362140506,504,25,471,r1bqkb1r/pp2pppp/2n2n2/3p4/3Q1B2/2N2P2/PPP1P1PP/R3KBNR w KQkq -,MODEL_PREDICTION_NOT_EMPIRICAL
JOB-06,B7,1300,maia3-5m,6,g2g3,g3,0.012549953535199165,0.9876184498425573,0.44341396362140506,506,26,468,r1bqkb1r/pp2pppp/2n2n2/3p4/3Q1B2/2N2P2/PPP1P1PP/R3KBNR w KQkq -,MODEL_PREDICTION_NOT_EMPIRICAL
JOB-06,B7,1300,maia3-5m,7,b2b3,b3,0.009338651783764362,0.9876184498425573,0.44341396362140506,503,26,471,r1bqkb1r/pp2pppp/2n2n2/3p4/3Q1B2/2N2P2/PPP1P1PP/R3KBNR w KQkq -,MODEL_PREDICTION_NOT_EMPIRICAL
JOB-06,B7,1300,maia3-5m,8,d2d3,d3,0.005362409166991711,0.9876184498425573,0.44341396362140506,501,27,472,r1bqkb1r/pp2pppp/2n2n2/3p4/3Q1B2/2N2P2/PPP1P1PP/R3KBNR w KQkq -,MODEL_PREDICTION_NOT_EMPIRICAL
JOB-06,B7,1300,maia3-5m,9,f2f4,f4,0.004565780982375145,0.9876184498425573,0.44341396362140506,518,27,455,r1bqkb1r/pp2pppp/2n2n2/3p4/3Q1B2/2N2P2/PPP1P1PP/R3KBNR w KQkq -,MODEL_PREDICTION_NOT_EMPIRICAL
JOB-06,B7,1300,maia3-5m,10,b1c3,Nc3,0.0037752368953078985,0.9876184498425573,0.44341396362140506,529,25,446,r1bqkb1r/pp2pppp/2n2n2/3p4/3Q1B2/2N2P2/PPP1P1PP/R3KBNR w KQkq -,MODEL_PREDICTION_NOT_EMPIRICAL
JOB-06,B7,1500,maia3-5m,1,e2e4,e4,0.6428149938583374,0.98806171445176,0.4600856076991717,516,25,459,r1bqkb1r/pp2pppp/2n2n2/3p4/3Q1B2/2N2P2/PPP1P1PP/R3KBNR w KQkq -,MODEL_PREDICTION_NOT_EMPIRICAL
JOB-06,B7,1500,maia3-5m,2,d2d4,d4,0.2416517585515976,0.98806171445176,0.4600856076991717,521,27,452,r1bqkb1r/pp2pppp/2n2n2/3p4/3Q1B2/2N2P2/PPP1P1PP/R3KBNR w KQkq -,MODEL_PREDICTION_NOT_EMPIRICAL
JOB-06,B7,1500,maia3-5m,3,c2c4,c4,0.025009406730532646,0.98806171445176,0.4600856076991717,518,26,456,r1bqkb1r/pp2pppp/2n2n2/3p4/3Q1B2/2N2P2/PPP1P1PP/R3KBNR w KQkq -,MODEL_PREDICTION_NOT_EMPIRICAL
JOB-06,B7,1500,maia3-5m,4,g1f3,Nf3,0.022932549938559532,0.98806171445176,0.4600856076991717,528,27,445,r1bqkb1r/pp2pppp/2n2n2/3p4/3Q1B2/2N2P2/PPP1P1PP/R3KBNR w KQkq -,MODEL_PREDICTION_NOT_EMPIRICAL
JOB-06,B7,1500,maia3-5m,5,e2e3,e3,0.016669709235429764,0.98806171445176,0.4600856076991717,502,26,472,r1bqkb1r/pp2pppp/2n2n2/3p4/3Q1B2/2N2P2/PPP1P1PP/R3KBNR w KQkq -,MODEL_PREDICTION_NOT_EMPIRICAL
JOB-06,B7,1500,maia3-5m,6,g2g3,g3,0.013175034895539284,0.98806171445176,0.4600856076991717,516,27,457,r1bqkb1r/pp2pppp/2n2n2/3p4/3Q1B2/2N2P2/PPP1P1PP/R3KBNR w KQkq -,MODEL_PREDICTION_NOT_EMPIRICAL
JOB-06,B7,1500,maia3-5m,7,b2b3,b3,0.010849794372916222,0.98806171445176,0.4600856076991717,510,27,463,r1bqkb1r/pp2pppp/2n2n2/3p4/3Q1B2/2N2P2/PPP1P1PP/R3KBNR w KQkq -,MODEL_PREDICTION_NOT_EMPIRICAL
JOB-06,B7,1500,maia3-5m,8,f2f4,f4,0.0063391150906682014,0.98806171445176,0.4600856076991717,523,27,450,r1bqkb1r/pp2pppp/2n2n2/3p4/3Q1B2/2N2P2/PPP1P1PP/R3KBNR w KQkq -,MODEL_PREDICTION_NOT_EMPIRICAL
JOB-06,B7,1500,maia3-5m,9,d2d3,d3,0.004973711911588907,0.98806171445176,0.4600856076991717,504,28,468,r1bqkb1r/pp2pppp/2n2n2/3p4/3Q1B2/2N2P2/PPP1P1PP/R3KBNR w KQkq -,MODEL_PREDICTION_NOT_EMPIRICAL
JOB-06,B7,1500,maia3-5m,10,b2b4,b4,0.0036456398665905,0.98806171445176,0.4600856076991717,512,27,461,r1bqkb1r/pp2pppp/2n2n2/3p4/3Q1B2/2N2P2/PPP1P1PP/R3KBNR w KQkq -,MODEL_PREDICTION_NOT_EMPIRICAL
JOB-06,B7,1700,maia3-5m,1,e2e4,e4,0.6205705404281616,0.988658441696316,0.48012239459539624,513,27,460,r1bqkb1r/pp2pppp/2n2n2/3p4/3Q1B2/2N2P2/PPP1P1PP/R3KBNR w KQkq -,MODEL_PREDICTION_NOT_EMPIRICAL
JOB-06,B7,1700,maia3-5m,2,d2d4,d4,0.2547968029975891,0.988658441696316,0.48012239459539624,519,30,451,r1bqkb1r/pp2pppp/2n2n2/3p4/3Q1B2/2N2P2/PPP1P1PP/R3KBNR w KQkq -,MODEL_PREDICTION_NOT_EMPIRICAL
JOB-06,B7,1700,maia3-5m,3,c2c4,c4,0.030909236520528793,0.988658441696316,0.48012239459539624,524,29,447,r1bqkb1r/pp2pppp/2n2n2/3p4/3Q1B2/2N2P2/PPP1P1PP/R3KBNR w KQkq -,MODEL_PREDICTION_NOT_EMPIRICAL
JOB-06,B7,1700,maia3-5m,4,g1f3,Nf3,0.025549987331032753,0.988658441696316,0.48012239459539624,533,29,438,r1bqkb1r/pp2pppp/2n2n2/3p4/3Q1B2/2N2P2/PPP1P1PP/R3KBNR w KQkq -,MODEL_PREDICTION_NOT_EMPIRICAL
JOB-06,B7,1700,maia3-5m,5,e2e3,e3,0.013819748535752296,0.988658441696316,0.48012239459539624,498,29,473,r1bqkb1r/pp2pppp/2n2n2/3p4/3Q1B2/2N2P2/PPP1P1PP/R3KBNR w KQkq -,MODEL_PREDICTION_NOT_EMPIRICAL
JOB-06,B7,1700,maia3-5m,6,g2g3,g3,0.012876337394118309,0.988658441696316,0.48012239459539624,523,28,449,r1bqkb1r/pp2pppp/2n2n2/3p4/3Q1B2/2N2P2/PPP1P1PP/R3KBNR w KQkq -,MODEL_PREDICTION_NOT_EMPIRICAL
JOB-06,B7,1700,maia3-5m,7,b2b3,b3,0.01174180768430233,0.988658441696316,0.48012239459539624,516,29,455,r1bqkb1r/pp2pppp/2n2n2/3p4/3Q1B2/2N2P2/PPP1P1PP/R3KBNR w KQkq -,MODEL_PREDICTION_NOT_EMPIRICAL
JOB-06,B7,1700,maia3-5m,8,f2f4,f4,0.009360010735690594,0.988658441696316,0.48012239459539624,525,28,447,r1bqkb1r/pp2pppp/2n2n2/3p4/3Q1B2/2N2P2/PPP1P1PP/R3KBNR w KQkq -,MODEL_PREDICTION_NOT_EMPIRICAL
JOB-06,B7,1700,maia3-5m,9,d2d3,d3,0.004694441333413124,0.988658441696316,0.48012239459539624,505,30,465,r1bqkb1r/pp2pppp/2n2n2/3p4/3Q1B2/2N2P2/PPP1P1PP/R3KBNR w KQkq -,MODEL_PREDICTION_NOT_EMPIRICAL
JOB-06,B7,1700,maia3-5m,10,b2b4,b4,0.004339528735727072,0.988658441696316,0.48012239459539624,514,27,459,r1bqkb1r/pp2pppp/2n2n2/3p4/3Q1B2/2N2P2/PPP1P1PP/R3KBNR w KQkq -,MODEL_PREDICTION_NOT_EMPIRICAL
JOB-06,B7,1900,maia3-5m,1,e2e4,e4,0.5909685492515564,0.9884343789890409,0.5043124564545928,513,32,455,r1bqkb1r/pp2pppp/2n2n2/3p4/3Q1B2/2N2P2/PPP1P1PP/R3KBNR w KQkq -,MODEL_PREDICTION_NOT_EMPIRICAL
JOB-06,B7,1900,maia3-5m,2,d2d4,d4,0.2694249749183655,0.9884343789890409,0.5043124564545928,521,35,444,r1bqkb1r/pp2pppp/2n2n2/3p4/3Q1B2/2N2P2/PPP1P1PP/R3KBNR w KQkq -,MODEL_PREDICTION_NOT_EMPIRICAL
JOB-06,B7,1900,maia3-5m,3,c2c4,c4,0.03926251456141472,0.9884343789890409,0.5043124564545928,529,33,438,r1bqkb1r/pp2pppp/2n2n2/3p4/3Q1B2/2N2P2/PPP1P1PP/R3KBNR w KQkq -,MODEL_PREDICTION_NOT_EMPIRICAL
JOB-06,B7,1900,maia3-5m,4,g1f3,Nf3,0.032338257879018784,0.9884343789890409,0.5043124564545928,538,33,429,r1bqkb1r/pp2pppp/2n2n2/3p4/3Q1B2/2N2P2/PPP1P1PP/R3KBNR w KQkq -,MODEL_PREDICTION_NOT_EMPIRICAL
JOB-06,B7,1900,maia3-5m,5,f2f4,f4,0.01306967530399561,0.9884343789890409,0.5043124564545928,525,30,445,r1bqkb1r/pp2pppp/2n2n2/3p4/3Q1B2/2N2P2/PPP1P1PP/R3KBNR w KQkq -,MODEL_PREDICTION_NOT_EMPIRICAL
JOB-06,B7,1900,maia3-5m,6,b2b3,b3,0.011948314495384693,0.9884343789890409,0.5043124564545928,519,33,448,r1bqkb1r/pp2pppp/2n2n2/3p4/3Q1B2/2N2P2/PPP1P1PP/R3KBNR w KQkq -,MODEL_PREDICTION_NOT_EMPIRICAL
JOB-06,B7,1900,maia3-5m,7,g2g3,g3,0.01160159520804882,0.9884343789890409,0.5043124564545928,524,33,443,r1bqkb1r/pp2pppp/2n2n2/3p4/3Q1B2/2N2P2/PPP1P1PP/R3KBNR w KQkq -,MODEL_PREDICTION_NOT_EMPIRICAL
JOB-06,B7,1900,maia3-5m,8,e2e3,e3,0.010756749659776688,0.9884343789890409,0.5043124564545928,495,33,472,r1bqkb1r/pp2pppp/2n2n2/3p4/3Q1B2/2N2P2/PPP1P1PP/R3KBNR w KQkq -,MODEL_PREDICTION_NOT_EMPIRICAL
JOB-06,B7,1900,maia3-5m,9,b2b4,b4,0.0045842663384974,0.9884343789890409,0.5043124564545928,515,29,456,r1bqkb1r/pp2pppp/2n2n2/3p4/3Q1B2/2N2P2/PPP1P1PP/R3KBNR w KQkq -,MODEL_PREDICTION_NOT_EMPIRICAL
JOB-06,B7,1900,maia3-5m,10,d2d3,d3,0.0044794813729822636,0.9884343789890409,0.5043124564545928,505,34,461,r1bqkb1r/pp2pppp/2n2n2/3p4/3Q1B2/2N2P2/PPP1P1PP/R3KBNR w KQkq -,MODEL_PREDICTION_NOT_EMPIRICAL
JOB-06,B7,2100,maia3-5m,1,e2e4,e4,0.5395658612251282,0.9888081029057503,0.541373665859982,519,41,440,r1bqkb1r/pp2pppp/2n2n2/3p4/3Q1B2/2N2P2/PPP1P1PP/R3KBNR w KQkq -,MODEL_PREDICTION_NOT_EMPIRICAL
JOB-06,B7,2100,maia3-5m,2,d2d4,d4,0.2930448055267334,0.9888081029057503,0.541373665859982,527,44,429,r1bqkb1r/pp2pppp/2n2n2/3p4/3Q1B2/2N2P2/PPP1P1PP/R3KBNR w KQkq -,MODEL_PREDICTION_NOT_EMPIRICAL
JOB-06,B7,2100,maia3-5m,3,c2c4,c4,0.051827896386384964,0.9888081029057503,0.541373665859982,535,42,423,r1bqkb1r/pp2pppp/2n2n2/3p4/3Q1B2/2N2P2/PPP1P1PP/R3KBNR w KQkq -,MODEL_PREDICTION_NOT_EMPIRICAL
JOB-06,B7,2100,maia3-5m,4,g1f3,Nf3,0.05066932365298271,0.9888081029057503,0.541373665859982,542,42,416,r1bqkb1r/pp2pppp/2n2n2/3p4/3Q1B2/2N2P2/PPP1P1PP/R3KBNR w KQkq -,MODEL_PREDICTION_NOT_EMPIRICAL
JOB-06,B7,2100,maia3-5m,5,f2f4,f4,0.013551043346524239,0.9888081029057503,0.541373665859982,526,37,437,r1bqkb1r/pp2pppp/2n2n2/3p4/3Q1B2/2N2P2/PPP1P1PP/R3KBNR w KQkq -,MODEL_PREDICTION_NOT_EMPIRICAL
JOB-06,B7,2100,maia3-5m,6,b2b3,b3,0.01229612436145544,0.9888081029057503,0.541373665859982,527,41,432,r1bqkb1r/pp2pppp/2n2n2/3p4/3Q1B2/2N2P2/PPP1P1PP/R3KBNR w KQkq -,MODEL_PREDICTION_NOT_EMPIRICAL
JOB-06,B7,2100,maia3-5m,7,g2g3,g3,0.009896432980895042,0.9888081029057503,0.541373665859982,531,42,427,r1bqkb1r/pp2pppp/2n2n2/3p4/3Q1B2/2N2P2/PPP1P1PP/R3KBNR w KQkq -,MODEL_PREDICTION_NOT_EMPIRICAL
JOB-06,B7,2100,maia3-5m,8,e2e3,e3,0.007974912412464619,0.9888081029057503,0.541373665859982,497,42,461,r1bqkb1r/pp2pppp/2n2n2/3p4/3Q1B2/2N2P2/PPP1P1PP/R3KBNR w KQkq -,MODEL_PREDICTION_NOT_EMPIRICAL
JOB-06,B7,2100,maia3-5m,9,b1c3,Nc3,0.0054556746035814285,0.9888081029057503,0.541373665859982,552,39,409,r1bqkb1r/pp2pppp/2n2n2/3p4/3Q1B2/2N2P2/PPP1P1PP/R3KBNR w KQkq -,MODEL_PREDICTION_NOT_EMPIRICAL
JOB-06,B7,2100,maia3-5m,10,d2d3,d3,0.004526028409600258,0.9888081029057503,0.541373665859982,513,43,444,r1bqkb1r/pp2pppp/2n2n2/3p4/3Q1B2/2N2P2/PPP1P1PP/R3KBNR w KQkq -,MODEL_PREDICTION_NOT_EMPIRICAL
JOB-09,B7,1100,maia3-5m,1,e2e4,e4,0.6749164462089539,0.9871364636346698,0.4342553640682974,519,24,457,r1bqkb1r/pp2pppp/2n2n2/3p4/3Q1B2/P1N5/1PP1PPPP/R3KBNR w KQkq -,MODEL_PREDICTION_NOT_EMPIRICAL
JOB-09,B7,1100,maia3-5m,2,d2d4,d4,0.21801438927650452,0.9871364636346698,0.4342553640682974,524,25,451,r1bqkb1r/pp2pppp/2n2n2/3p4/3Q1B2/P1N5/1PP1PPPP/R3KBNR w KQkq -,MODEL_PREDICTION_NOT_EMPIRICAL
JOB-09,B7,1100,maia3-5m,3,e2e3,e3,0.022561196237802505,0.9871364636346698,0.4342553640682974,503,25,472,r1bqkb1r/pp2pppp/2n2n2/3p4/3Q1B2/P1N5/1PP1PPPP/R3KBNR w KQkq -,MODEL_PREDICTION_NOT_EMPIRICAL
JOB-09,B7,1100,maia3-5m,4,g1f3,Nf3,0.0210112277418375,0.9871364636346698,0.4342553640682974,516,28,456,r1bqkb1r/pp2pppp/2n2n2/3p4/3Q1B2/P1N5/1PP1PPPP/R3KBNR w KQkq -,MODEL_PREDICTION_NOT_EMPIRICAL
JOB-09,B7,1100,maia3-5m,5,c2c4,c4,0.016066906973719597,0.9871364636346698,0.4342553640682974,510,25,465,r1bqkb1r/pp2pppp/2n2n2/3p4/3Q1B2/P1N5/1PP1PPPP/R3KBNR w KQkq -,MODEL_PREDICTION_NOT_EMPIRICAL
JOB-09,B7,1100,maia3-5m,6,g2g3,g3,0.011687462218105793,0.9871364636346698,0.4342553640682974,494,25,481,r1bqkb1r/pp2pppp/2n2n2/3p4/3Q1B2/P1N5/1PP1PPPP/R3KBNR w KQkq -,MODEL_PREDICTION_NOT_EMPIRICAL
JOB-09,B7,1100,maia3-5m,7,b2b3,b3,0.007874177768826485,0.9871364636346698,0.4342553640682974,496,26,478,r1bqkb1r/pp2pppp/2n2n2/3p4/3Q1B2/P1N5/1PP1PPPP/R3KBNR w KQkq -,MODEL_PREDICTION_NOT_EMPIRICAL
JOB-09,B7,1100,maia3-5m,8,d2d3,d3,0.005962725728750229,0.9871364636346698,0.4342553640682974,498,26,476,r1bqkb1r/pp2pppp/2n2n2/3p4/3Q1B2/P1N5/1PP1PPPP/R3KBNR w KQkq -,MODEL_PREDICTION_NOT_EMPIRICAL
JOB-09,B7,1100,maia3-5m,9,b1c3,Nc3,0.00519427889958024,0.9871364636346698,0.4342553640682974,524,26,450,r1bqkb1r/pp2pppp/2n2n2/3p4/3Q1B2/P1N5/1PP1PPPP/R3KBNR w KQkq -,MODEL_PREDICTION_NOT_EMPIRICAL
JOB-09,B7,1100,maia3-5m,10,f2f4,f4,0.003847652580589056,0.9871364636346698,0.4342553640682974,509,27,464,r1bqkb1r/pp2pppp/2n2n2/3p4/3Q1B2/P1N5/1PP1PPPP/R3KBNR w KQkq -,MODEL_PREDICTION_NOT_EMPIRICAL
JOB-09,B7,1300,maia3-5m,1,e2e4,e4,0.6615840792655945,0.9876184498425573,0.44341396362140506,518,24,458,r1bqkb1r/pp2pppp/2n2n2/3p4/3Q1B2/P1N5/1PP1PPPP/R3KBNR w KQkq -,MODEL_PREDICTION_NOT_EMPIRICAL
JOB-09,B7,1300,maia3-5m,2,d2d4,d4,0.2294148951768875,0.9876184498425573,0.44341396362140506,522,26,452,r1bqkb1r/pp2pppp/2n2n2/3p4/3Q1B2/P1N5/1PP1PPPP/R3KBNR w KQkq -,MODEL_PREDICTION_NOT_EMPIRICAL
JOB-09,B7,1300,maia3-5m,3,g1f3,Nf3,0.02157282643020153,0.9876184498425573,0.44341396362140506,523,27,450,r1bqkb1r/pp2pppp/2n2n2/3p4/3Q1B2/P1N5/1PP1PPPP/R3KBNR w KQkq -,MODEL_PREDICTION_NOT_EMPIRICAL
JOB-09,B7,1300,maia3-5m,4,c2c4,c4,0.020122205838561058,0.9876184498425573,0.44341396362140506,514,26,460,r1bqkb1r/pp2pppp/2n2n2/3p4/3Q1B2/P1N5/1PP1PPPP/R3KBNR w KQkq -,MODEL_PREDICTION_NOT_EMPIRICAL
JOB-09,B7,1300,maia3-5m,5,e2e3,e3,0.019332410767674446,0.9876184498425573,0.44341396362140506,504,25,471,r1bqkb1r/pp2pppp/2n2n2/3p4/3Q1B2/P1N5/1PP1PPPP/R3KBNR w KQkq -,MODEL_PREDICTION_NOT_EMPIRICAL
JOB-09,B7,1300,maia3-5m,6,g2g3,g3,0.012549953535199165,0.9876184498425573,0.44341396362140506,506,26,468,r1bqkb1r/pp2pppp/2n2n2/3p4/3Q1B2/P1N5/1PP1PPPP/R3KBNR w KQkq -,MODEL_PREDICTION_NOT_EMPIRICAL
JOB-09,B7,1300,maia3-5m,7,b2b3,b3,0.009338651783764362,0.9876184498425573,0.44341396362140506,503,26,471,r1bqkb1r/pp2pppp/2n2n2/3p4/3Q1B2/P1N5/1PP1PPPP/R3KBNR w KQkq -,MODEL_PREDICTION_NOT_EMPIRICAL
JOB-09,B7,1300,maia3-5m,8,d2d3,d3,0.005362409166991711,0.9876184498425573,0.44341396362140506,501,27,472,r1bqkb1r/pp2pppp/2n2n2/3p4/3Q1B2/P1N5/1PP1PPPP/R3KBNR w KQkq -,MODEL_PREDICTION_NOT_EMPIRICAL
JOB-09,B7,1300,maia3-5m,9,f2f4,f4,0.004565780982375145,0.9876184498425573,0.44341396362140506,518,27,455,r1bqkb1r/pp2pppp/2n2n2/3p4/3Q1B2/P1N5/1PP1PPPP/R3KBNR w KQkq -,MODEL_PREDICTION_NOT_EMPIRICAL
JOB-09,B7,1300,maia3-5m,10,b1c3,Nc3,0.0037752368953078985,0.9876184498425573,0.44341396362140506,529,25,446,r1bqkb1r/pp2pppp/2n2n2/3p4/3Q1B2/P1N5/1PP1PPPP/R3KBNR w KQkq -,MODEL_PREDICTION_NOT_EMPIRICAL
JOB-09,B7,1500,maia3-5m,1,e2e4,e4,0.6428149938583374,0.98806171445176,0.4600856076991717,516,25,459,r1bqkb1r/pp2pppp/2n2n2/3p4/3Q1B2/P1N5/1PP1PPPP/R3KBNR w KQkq -,MODEL_PREDICTION_NOT_EMPIRICAL
JOB-09,B7,1500,maia3-5m,2,d2d4,d4,0.2416517585515976,0.98806171445176,0.4600856076991717,521,27,452,r1bqkb1r/pp2pppp/2n2n2/3p4/3Q1B2/P1N5/1PP1PPPP/R3KBNR w KQkq -,MODEL_PREDICTION_NOT_EMPIRICAL
JOB-09,B7,1500,maia3-5m,3,c2c4,c4,0.025009406730532646,0.98806171445176,0.4600856076991717,518,26,456,r1bqkb1r/pp2pppp/2n2n2/3p4/3Q1B2/P1N5/1PP1PPPP/R3KBNR w KQkq -,MODEL_PREDICTION_NOT_EMPIRICAL
JOB-09,B7,1500,maia3-5m,4,g1f3,Nf3,0.022932549938559532,0.98806171445176,0.4600856076991717,528,27,445,r1bqkb1r/pp2pppp/2n2n2/3p4/3Q1B2/P1N5/1PP1PPPP/R3KBNR w KQkq -,MODEL_PREDICTION_NOT_EMPIRICAL
JOB-09,B7,1500,maia3-5m,5,e2e3,e3,0.016669709235429764,0.98806171445176,0.4600856076991717,502,26,472,r1bqkb1r/pp2pppp/2n2n2/3p4/3Q1B2/P1N5/1PP1PPPP/R3KBNR w KQkq -,MODEL_PREDICTION_NOT_EMPIRICAL
JOB-09,B7,1500,maia3-5m,6,g2g3,g3,0.013175034895539284,0.98806171445176,0.4600856076991717,516,27,457,r1bqkb1r/pp2pppp/2n2n2/3p4/3Q1B2/P1N5/1PP1PPPP/R3KBNR w KQkq -,MODEL_PREDICTION_NOT_EMPIRICAL
JOB-09,B7,1500,maia3-5m,7,b2b3,b3,0.010849794372916222,0.98806171445176,0.4600856076991717,510,27,463,r1bqkb1r/pp2pppp/2n2n2/3p4/3Q1B2/P1N5/1PP1PPPP/R3KBNR w KQkq -,MODEL_PREDICTION_NOT_EMPIRICAL
JOB-09,B7,1500,maia3-5m,8,f2f4,f4,0.0063391150906682014,0.98806171445176,0.4600856076991717,523,27,450,r1bqkb1r/pp2pppp/2n2n2/3p4/3Q1B2/P1N5/1PP1PPPP/R3KBNR w KQkq -,MODEL_PREDICTION_NOT_EMPIRICAL
JOB-09,B7,1500,maia3-5m,9,d2d3,d3,0.004973711911588907,0.98806171445176,0.4600856076991717,504,28,468,r1bqkb1r/pp2pppp/2n2n2/3p4/3Q1B2/P1N5/1PP1PPPP/R3KBNR w KQkq -,MODEL_PREDICTION_NOT_EMPIRICAL
JOB-09,B7,1500,maia3-5m,10,b2b4,b4,0.0036456398665905,0.98806171445176,0.4600856076991717,512,27,461,r1bqkb1r/pp2pppp/2n2n2/3p4/3Q1B2/P1N5/1PP1PPPP/R3KBNR w KQkq -,MODEL_PREDICTION_NOT_EMPIRICAL
JOB-09,B7,1700,maia3-5m,1,e2e4,e4,0.6205705404281616,0.988658441696316,0.48012239459539624,513,27,460,r1bqkb1r/pp2pppp/2n2n2/3p4/3Q1B2/P1N5/1PP1PPPP/R3KBNR w KQkq -,MODEL_PREDICTION_NOT_EMPIRICAL
JOB-09,B7,1700,maia3-5m,2,d2d4,d4,0.2547968029975891,0.988658441696316,0.48012239459539624,519,30,451,r1bqkb1r/pp2pppp/2n2n2/3p4/3Q1B2/P1N5/1PP1PPPP/R3KBNR w KQkq -,MODEL_PREDICTION_NOT_EMPIRICAL
JOB-09,B7,1700,maia3-5m,3,c2c4,c4,0.030909236520528793,0.988658441696316,0.48012239459539624,524,29,447,r1bqkb1r/pp2pppp/2n2n2/3p4/3Q1B2/P1N5/1PP1PPPP/R3KBNR w KQkq -,MODEL_PREDICTION_NOT_EMPIRICAL
JOB-09,B7,1700,maia3-5m,4,g1f3,Nf3,0.025549987331032753,0.988658441696316,0.48012239459539624,533,29,438,r1bqkb1r/pp2pppp/2n2n2/3p4/3Q1B2/P1N5/1PP1PPPP/R3KBNR w KQkq -,MODEL_PREDICTION_NOT_EMPIRICAL
JOB-09,B7,1700,maia3-5m,5,e2e3,e3,0.013819748535752296,0.988658441696316,0.48012239459539624,498,29,473,r1bqkb1r/pp2pppp/2n2n2/3p4/3Q1B2/P1N5/1PP1PPPP/R3KBNR w KQkq -,MODEL_PREDICTION_NOT_EMPIRICAL
JOB-09,B7,1700,maia3-5m,6,g2g3,g3,0.012876337394118309,0.988658441696316,0.48012239459539624,523,28,449,r1bqkb1r/pp2pppp/2n2n2/3p4/3Q1B2/P1N5/1PP1PPPP/R3KBNR w KQkq -,MODEL_PREDICTION_NOT_EMPIRICAL
JOB-09,B7,1700,maia3-5m,7,b2b3,b3,0.01174180768430233,0.988658441696316,0.48012239459539624,516,29,455,r1bqkb1r/pp2pppp/2n2n2/3p4/3Q1B2/P1N5/1PP1PPPP/R3KBNR w KQkq -,MODEL_PREDICTION_NOT_EMPIRICAL
JOB-09,B7,1700,maia3-5m,8,f2f4,f4,0.009360010735690594,0.988658441696316,0.48012239459539624,525,28,447,r1bqkb1r/pp2pppp/2n2n2/3p4/3Q1B2/P1N5/1PP1PPPP/R3KBNR w KQkq -,MODEL_PREDICTION_NOT_EMPIRICAL
JOB-09,B7,1700,maia3-5m,9,d2d3,d3,0.004694441333413124,0.988658441696316,0.48012239459539624,505,30,465,r1bqkb1r/pp2pppp/2n2n2/3p4/3Q1B2/P1N5/1PP1PPPP/R3KBNR w KQkq -,MODEL_PREDICTION_NOT_EMPIRICAL
JOB-09,B7,1700,maia3-5m,10,b2b4,b4,0.004339528735727072,0.988658441696316,0.48012239459539624,514,27,459,r1bqkb1r/pp2pppp/2n2n2/3p4/3Q1B2/P1N5/1PP1PPPP/R3KBNR w KQkq -,MODEL_PREDICTION_NOT_EMPIRICAL
JOB-09,B7,1900,maia3-5m,1,e2e4,e4,0.5909685492515564,0.9884343789890409,0.5043124564545928,513,32,455,r1bqkb1r/pp2pppp/2n2n2/3p4/3Q1B2/P1N5/1PP1PPPP/R3KBNR w KQkq -,MODEL_PREDICTION_NOT_EMPIRICAL
JOB-09,B7,1900,maia3-5m,2,d2d4,d4,0.2694249749183655,0.9884343789890409,0.5043124564545928,521,35,444,r1bqkb1r/pp2pppp/2n2n2/3p4/3Q1B2/P1N5/1PP1PPPP/R3KBNR w KQkq -,MODEL_PREDICTION_NOT_EMPIRICAL
JOB-09,B7,1900,maia3-5m,3,c2c4,c4,0.03926251456141472,0.9884343789890409,0.5043124564545928,529,33,438,r1bqkb1r/pp2pppp/2n2n2/3p4/3Q1B2/P1N5/1PP1PPPP/R3KBNR w KQkq -,MODEL_PREDICTION_NOT_EMPIRICAL
JOB-09,B7,1900,maia3-5m,4,g1f3,Nf3,0.032338257879018784,0.9884343789890409,0.5043124564545928,538,33,429,r1bqkb1r/pp2pppp/2n2n2/3p4/3Q1B2/P1N5/1PP1PPPP/R3KBNR w KQkq -,MODEL_PREDICTION_NOT_EMPIRICAL
JOB-09,B7,1900,maia3-5m,5,f2f4,f4,0.01306967530399561,0.9884343789890409,0.5043124564545928,525,30,445,r1bqkb1r/pp2pppp/2n2n2/3p4/3Q1B2/P1N5/1PP1PPPP/R3KBNR w KQkq -,MODEL_PREDICTION_NOT_EMPIRICAL
JOB-09,B7,1900,maia3-5m,6,b2b3,b3,0.011948314495384693,0.9884343789890409,0.5043124564545928,519,33,448,r1bqkb1r/pp2pppp/2n2n2/3p4/3Q1B2/P1N5/1PP1PPPP/R3KBNR w KQkq -,MODEL_PREDICTION_NOT_EMPIRICAL
JOB-09,B7,1900,maia3-5m,7,g2g3,g3,0.01160159520804882,0.9884343789890409,0.5043124564545928,524,33,443,r1bqkb1r/pp2pppp/2n2n2/3p4/3Q1B2/P1N5/1PP1PPPP/R3KBNR w KQkq -,MODEL_PREDICTION_NOT_EMPIRICAL
JOB-09,B7,1900,maia3-5m,8,e2e3,e3,0.010756749659776688,0.9884343789890409,0.5043124564545928,495,33,472,r1bqkb1r/pp2pppp/2n2n2/3p4/3Q1B2/P1N5/1PP1PPPP/R3KBNR w KQkq -,MODEL_PREDICTION_NOT_EMPIRICAL
JOB-09,B7,1900,maia3-5m,9,b2b4,b4,0.0045842663384974,0.9884343789890409,0.5043124564545928,515,29,456,r1bqkb1r/pp2pppp/2n2n2/3p4/3Q1B2/P1N5/1PP1PPPP/R3KBNR w KQkq -,MODEL_PREDICTION_NOT_EMPIRICAL
JOB-09,B7,1900,maia3-5m,10,d2d3,d3,0.0044794813729822636,0.9884343789890409,0.5043124564545928,505,34,461,r1bqkb1r/pp2pppp/2n2n2/3p4/3Q1B2/P1N5/1PP1PPPP/R3KBNR w KQkq -,MODEL_PREDICTION_NOT_EMPIRICAL
JOB-09,B7,2100,maia3-5m,1,e2e4,e4,0.5395658612251282,0.9888081029057503,0.541373665859982,519,41,440,r1bqkb1r/pp2pppp/2n2n2/3p4/3Q1B2/P1N5/1PP1PPPP/R3KBNR w KQkq -,MODEL_PREDICTION_NOT_EMPIRICAL
JOB-09,B7,2100,maia3-5m,2,d2d4,d4,0.2930448055267334,0.9888081029057503,0.541373665859982,527,44,429,r1bqkb1r/pp2pppp/2n2n2/3p4/3Q1B2/P1N5/1PP1PPPP/R3KBNR w KQkq -,MODEL_PREDICTION_NOT_EMPIRICAL
JOB-09,B7,2100,maia3-5m,3,c2c4,c4,0.051827896386384964,0.9888081029057503,0.541373665859982,535,42,423,r1bqkb1r/pp2pppp/2n2n2/3p4/3Q1B2/P1N5/1PP1PPPP/R3KBNR w KQkq -,MODEL_PREDICTION_NOT_EMPIRICAL
JOB-09,B7,2100,maia3-5m,4,g1f3,Nf3,0.05066932365298271,0.9888081029057503,0.541373665859982,542,42,416,r1bqkb1r/pp2pppp/2n2n2/3p4/3Q1B2/P1N5/1PP1PPPP/R3KBNR w KQkq -,MODEL_PREDICTION_NOT_EMPIRICAL
JOB-09,B7,2100,maia3-5m,5,f2f4,f4,0.013551043346524239,0.9888081029057503,0.541373665859982,526,37,437,r1bqkb1r/pp2pppp/2n2n2/3p4/3Q1B2/P1N5/1PP1PPPP/R3KBNR w KQkq -,MODEL_PREDICTION_NOT_EMPIRICAL
JOB-09,B7,2100,maia3-5m,6,b2b3,b3,0.01229612436145544,0.9888081029057503,0.541373665859982,527,41,432,r1bqkb1r/pp2pppp/2n2n2/3p4/3Q1B2/P1N5/1PP1PPPP/R3KBNR w KQkq -,MODEL_PREDICTION_NOT_EMPIRICAL
JOB-09,B7,2100,maia3-5m,7,g2g3,g3,0.009896432980895042,0.9888081029057503,0.541373665859982,531,42,427,r1bqkb1r/pp2pppp/2n2n2/3p4/3Q1B2/P1N5/1PP1PPPP/R3KBNR w KQkq -,MODEL_PREDICTION_NOT_EMPIRICAL
JOB-09,B7,2100,maia3-5m,8,e2e3,e3,0.007974912412464619,0.9888081029057503,0.541373665859982,497,42,461,r1bqkb1r/pp2pppp/2n2n2/3p4/3Q1B2/P1N5/1PP1PPPP/R3KBNR w KQkq -,MODEL_PREDICTION_NOT_EMPIRICAL
JOB-09,B7,2100,maia3-5m,9,b1c3,Nc3,0.0054556746035814285,0.9888081029057503,0.541373665859982,552,39,409,r1bqkb1r/pp2pppp/2n2n2/3p4/3Q1B2/P1N5/1PP1PPPP/R3KBNR w KQkq -,MODEL_PREDICTION_NOT_EMPIRICAL
JOB-09,B7,2100,maia3-5m,10,d2d3,d3,0.004526028409600258,0.9888081029057503,0.541373665859982,513,43,444,r1bqkb1r/pp2pppp/2n2n2/3p4/3Q1B2/P1N5/1PP1PPPP/R3KBNR w KQkq -,MODEL_PREDICTION_NOT_EMPIRICAL
JOB-10,B7,1100,maia3-5m,1,e2e4,e4,0.6749164462089539,0.9871364636346698,0.4342553640682974,519,24,457,r1bqkb1r/pp2pppp/2n2n2/3p4/3Q1B1P/2N5/PPP1PPP1/R3KBNR w KQkq -,MODEL_PREDICTION_NOT_EMPIRICAL
JOB-10,B7,1100,maia3-5m,2,d2d4,d4,0.21801438927650452,0.9871364636346698,0.4342553640682974,524,25,451,r1bqkb1r/pp2pppp/2n2n2/3p4/3Q1B1P/2N5/PPP1PPP1/R3KBNR w KQkq -,MODEL_PREDICTION_NOT_EMPIRICAL
JOB-10,B7,1100,maia3-5m,3,e2e3,e3,0.022561196237802505,0.9871364636346698,0.4342553640682974,503,25,472,r1bqkb1r/pp2pppp/2n2n2/3p4/3Q1B1P/2N5/PPP1PPP1/R3KBNR w KQkq -,MODEL_PREDICTION_NOT_EMPIRICAL
JOB-10,B7,1100,maia3-5m,4,g1f3,Nf3,0.0210112277418375,0.9871364636346698,0.4342553640682974,516,28,456,r1bqkb1r/pp2pppp/2n2n2/3p4/3Q1B1P/2N5/PPP1PPP1/R3KBNR w KQkq -,MODEL_PREDICTION_NOT_EMPIRICAL
JOB-10,B7,1100,maia3-5m,5,c2c4,c4,0.016066906973719597,0.9871364636346698,0.4342553640682974,510,25,465,r1bqkb1r/pp2pppp/2n2n2/3p4/3Q1B1P/2N5/PPP1PPP1/R3KBNR w KQkq -,MODEL_PREDICTION_NOT_EMPIRICAL
JOB-10,B7,1100,maia3-5m,6,g2g3,g3,0.011687462218105793,0.9871364636346698,0.4342553640682974,494,25,481,r1bqkb1r/pp2pppp/2n2n2/3p4/3Q1B1P/2N5/PPP1PPP1/R3KBNR w KQkq -,MODEL_PREDICTION_NOT_EMPIRICAL
JOB-10,B7,1100,maia3-5m,7,b2b3,b3,0.007874177768826485,0.9871364636346698,0.4342553640682974,496,26,478,r1bqkb1r/pp2pppp/2n2n2/3p4/3Q1B1P/2N5/PPP1PPP1/R3KBNR w KQkq -,MODEL_PREDICTION_NOT_EMPIRICAL
JOB-10,B7,1100,maia3-5m,8,d2d3,d3,0.005962725728750229,0.9871364636346698,0.4342553640682974,498,26,476,r1bqkb1r/pp2pppp/2n2n2/3p4/3Q1B1P/2N5/PPP1PPP1/R3KBNR w KQkq -,MODEL_PREDICTION_NOT_EMPIRICAL
JOB-10,B7,1100,maia3-5m,9,b1c3,Nc3,0.00519427889958024,0.9871364636346698,0.4342553640682974,524,26,450,r1bqkb1r/pp2pppp/2n2n2/3p4/3Q1B1P/2N5/PPP1PPP1/R3KBNR w KQkq -,MODEL_PREDICTION_NOT_EMPIRICAL
JOB-10,B7,1100,maia3-5m,10,f2f4,f4,0.003847652580589056,0.9871364636346698,0.4342553640682974,509,27,464,r1bqkb1r/pp2pppp/2n2n2/3p4/3Q1B1P/2N5/PPP1PPP1/R3KBNR w KQkq -,MODEL_PREDICTION_NOT_EMPIRICAL
JOB-10,B7,1300,maia3-5m,1,e2e4,e4,0.6615840792655945,0.9876184498425573,0.44341396362140506,518,24,458,r1bqkb1r/pp2pppp/2n2n2/3p4/3Q1B1P/2N5/PPP1PPP1/R3KBNR w KQkq -,MODEL_PREDICTION_NOT_EMPIRICAL
JOB-10,B7,1300,maia3-5m,2,d2d4,d4,0.2294148951768875,0.9876184498425573,0.44341396362140506,522,26,452,r1bqkb1r/pp2pppp/2n2n2/3p4/3Q1B1P/2N5/PPP1PPP1/R3KBNR w KQkq -,MODEL_PREDICTION_NOT_EMPIRICAL
JOB-10,B7,1300,maia3-5m,3,g1f3,Nf3,0.02157282643020153,0.9876184498425573,0.44341396362140506,523,27,450,r1bqkb1r/pp2pppp/2n2n2/3p4/3Q1B1P/2N5/PPP1PPP1/R3KBNR w KQkq -,MODEL_PREDICTION_NOT_EMPIRICAL
JOB-10,B7,1300,maia3-5m,4,c2c4,c4,0.020122205838561058,0.9876184498425573,0.44341396362140506,514,26,460,r1bqkb1r/pp2pppp/2n2n2/3p4/3Q1B1P/2N5/PPP1PPP1/R3KBNR w KQkq -,MODEL_PREDICTION_NOT_EMPIRICAL
JOB-10,B7,1300,maia3-5m,5,e2e3,e3,0.019332410767674446,0.9876184498425573,0.44341396362140506,504,25,471,r1bqkb1r/pp2pppp/2n2n2/3p4/3Q1B1P/2N5/PPP1PPP1/R3KBNR w KQkq -,MODEL_PREDICTION_NOT_EMPIRICAL
JOB-10,B7,1300,maia3-5m,6,g2g3,g3,0.012549953535199165,0.9876184498425573,0.44341396362140506,506,26,468,r1bqkb1r/pp2pppp/2n2n2/3p4/3Q1B1P/2N5/PPP1PPP1/R3KBNR w KQkq -,MODEL_PREDICTION_NOT_EMPIRICAL
JOB-10,B7,1300,maia3-5m,7,b2b3,b3,0.009338651783764362,0.9876184498425573,0.44341396362140506,503,26,471,r1bqkb1r/pp2pppp/2n2n2/3p4/3Q1B1P/2N5/PPP1PPP1/R3KBNR w KQkq -,MODEL_PREDICTION_NOT_EMPIRICAL
JOB-10,B7,1300,maia3-5m,8,d2d3,d3,0.005362409166991711,0.9876184498425573,0.44341396362140506,501,27,472,r1bqkb1r/pp2pppp/2n2n2/3p4/3Q1B1P/2N5/PPP1PPP1/R3KBNR w KQkq -,MODEL_PREDICTION_NOT_EMPIRICAL
JOB-10,B7,1300,maia3-5m,9,f2f4,f4,0.004565780982375145,0.9876184498425573,0.44341396362140506,518,27,455,r1bqkb1r/pp2pppp/2n2n2/3p4/3Q1B1P/2N5/PPP1PPP1/R3KBNR w KQkq -,MODEL_PREDICTION_NOT_EMPIRICAL
JOB-10,B7,1300,maia3-5m,10,b1c3,Nc3,0.0037752368953078985,0.9876184498425573,0.44341396362140506,529,25,446,r1bqkb1r/pp2pppp/2n2n2/3p4/3Q1B1P/2N5/PPP1PPP1/R3KBNR w KQkq -,MODEL_PREDICTION_NOT_EMPIRICAL
JOB-10,B7,1500,maia3-5m,1,e2e4,e4,0.6428149938583374,0.98806171445176,0.4600856076991717,516,25,459,r1bqkb1r/pp2pppp/2n2n2/3p4/3Q1B1P/2N5/PPP1PPP1/R3KBNR w KQkq -,MODEL_PREDICTION_NOT_EMPIRICAL
JOB-10,B7,1500,maia3-5m,2,d2d4,d4,0.2416517585515976,0.98806171445176,0.4600856076991717,521,27,452,r1bqkb1r/pp2pppp/2n2n2/3p4/3Q1B1P/2N5/PPP1PPP1/R3KBNR w KQkq -,MODEL_PREDICTION_NOT_EMPIRICAL
JOB-10,B7,1500,maia3-5m,3,c2c4,c4,0.025009406730532646,0.98806171445176,0.4600856076991717,518,26,456,r1bqkb1r/pp2pppp/2n2n2/3p4/3Q1B1P/2N5/PPP1PPP1/R3KBNR w KQkq -,MODEL_PREDICTION_NOT_EMPIRICAL
JOB-10,B7,1500,maia3-5m,4,g1f3,Nf3,0.022932549938559532,0.98806171445176,0.4600856076991717,528,27,445,r1bqkb1r/pp2pppp/2n2n2/3p4/3Q1B1P/2N5/PPP1PPP1/R3KBNR w KQkq -,MODEL_PREDICTION_NOT_EMPIRICAL
JOB-10,B7,1500,maia3-5m,5,e2e3,e3,0.016669709235429764,0.98806171445176,0.4600856076991717,502,26,472,r1bqkb1r/pp2pppp/2n2n2/3p4/3Q1B1P/2N5/PPP1PPP1/R3KBNR w KQkq -,MODEL_PREDICTION_NOT_EMPIRICAL
JOB-10,B7,1500,maia3-5m,6,g2g3,g3,0.013175034895539284,0.98806171445176,0.4600856076991717,516,27,457,r1bqkb1r/pp2pppp/2n2n2/3p4/3Q1B1P/2N5/PPP1PPP1/R3KBNR w KQkq -,MODEL_PREDICTION_NOT_EMPIRICAL
JOB-10,B7,1500,maia3-5m,7,b2b3,b3,0.010849794372916222,0.98806171445176,0.4600856076991717,510,27,463,r1bqkb1r/pp2pppp/2n2n2/3p4/3Q1B1P/2N5/PPP1PPP1/R3KBNR w KQkq -,MODEL_PREDICTION_NOT_EMPIRICAL
JOB-10,B7,1500,maia3-5m,8,f2f4,f4,0.0063391150906682014,0.98806171445176,0.4600856076991717,523,27,450,r1bqkb1r/pp2pppp/2n2n2/3p4/3Q1B1P/2N5/PPP1PPP1/R3KBNR w KQkq -,MODEL_PREDICTION_NOT_EMPIRICAL
JOB-10,B7,1500,maia3-5m,9,d2d3,d3,0.004973711911588907,0.98806171445176,0.4600856076991717,504,28,468,r1bqkb1r/pp2pppp/2n2n2/3p4/3Q1B1P/2N5/PPP1PPP1/R3KBNR w KQkq -,MODEL_PREDICTION_NOT_EMPIRICAL
JOB-10,B7,1500,maia3-5m,10,b2b4,b4,0.0036456398665905,0.98806171445176,0.4600856076991717,512,27,461,r1bqkb1r/pp2pppp/2n2n2/3p4/3Q1B1P/2N5/PPP1PPP1/R3KBNR w KQkq -,MODEL_PREDICTION_NOT_EMPIRICAL
JOB-10,B7,1700,maia3-5m,1,e2e4,e4,0.6205705404281616,0.988658441696316,0.48012239459539624,513,27,460,r1bqkb1r/pp2pppp/2n2n2/3p4/3Q1B1P/2N5/PPP1PPP1/R3KBNR w KQkq -,MODEL_PREDICTION_NOT_EMPIRICAL
JOB-10,B7,1700,maia3-5m,2,d2d4,d4,0.2547968029975891,0.988658441696316,0.48012239459539624,519,30,451,r1bqkb1r/pp2pppp/2n2n2/3p4/3Q1B1P/2N5/PPP1PPP1/R3KBNR w KQkq -,MODEL_PREDICTION_NOT_EMPIRICAL
JOB-10,B7,1700,maia3-5m,3,c2c4,c4,0.030909236520528793,0.988658441696316,0.48012239459539624,524,29,447,r1bqkb1r/pp2pppp/2n2n2/3p4/3Q1B1P/2N5/PPP1PPP1/R3KBNR w KQkq -,MODEL_PREDICTION_NOT_EMPIRICAL
JOB-10,B7,1700,maia3-5m,4,g1f3,Nf3,0.025549987331032753,0.988658441696316,0.48012239459539624,533,29,438,r1bqkb1r/pp2pppp/2n2n2/3p4/3Q1B1P/2N5/PPP1PPP1/R3KBNR w KQkq -,MODEL_PREDICTION_NOT_EMPIRICAL
JOB-10,B7,1700,maia3-5m,5,e2e3,e3,0.013819748535752296,0.988658441696316,0.48012239459539624,498,29,473,r1bqkb1r/pp2pppp/2n2n2/3p4/3Q1B1P/2N5/PPP1PPP1/R3KBNR w KQkq -,MODEL_PREDICTION_NOT_EMPIRICAL
JOB-10,B7,1700,maia3-5m,6,g2g3,g3,0.012876337394118309,0.988658441696316,0.48012239459539624,523,28,449,r1bqkb1r/pp2pppp/2n2n2/3p4/3Q1B1P/2N5/PPP1PPP1/R3KBNR w KQkq -,MODEL_PREDICTION_NOT_EMPIRICAL
JOB-10,B7,1700,maia3-5m,7,b2b3,b3,0.01174180768430233,0.988658441696316,0.48012239459539624,516,29,455,r1bqkb1r/pp2pppp/2n2n2/3p4/3Q1B1P/2N5/PPP1PPP1/R3KBNR w KQkq -,MODEL_PREDICTION_NOT_EMPIRICAL
JOB-10,B7,1700,maia3-5m,8,f2f4,f4,0.009360010735690594,0.988658441696316,0.48012239459539624,525,28,447,r1bqkb1r/pp2pppp/2n2n2/3p4/3Q1B1P/2N5/PPP1PPP1/R3KBNR w KQkq -,MODEL_PREDICTION_NOT_EMPIRICAL
JOB-10,B7,1700,maia3-5m,9,d2d3,d3,0.004694441333413124,0.988658441696316,0.48012239459539624,505,30,465,r1bqkb1r/pp2pppp/2n2n2/3p4/3Q1B1P/2N5/PPP1PPP1/R3KBNR w KQkq -,MODEL_PREDICTION_NOT_EMPIRICAL
JOB-10,B7,1700,maia3-5m,10,b2b4,b4,0.004339528735727072,0.988658441696316,0.48012239459539624,514,27,459,r1bqkb1r/pp2pppp/2n2n2/3p4/3Q1B1P/2N5/PPP1PPP1/R3KBNR w KQkq -,MODEL_PREDICTION_NOT_EMPIRICAL
JOB-10,B7,1900,maia3-5m,1,e2e4,e4,0.5909685492515564,0.9884343789890409,0.5043124564545928,513,32,455,r1bqkb1r/pp2pppp/2n2n2/3p4/3Q1B1P/2N5/PPP1PPP1/R3KBNR w KQkq -,MODEL_PREDICTION_NOT_EMPIRICAL
JOB-10,B7,1900,maia3-5m,2,d2d4,d4,0.2694249749183655,0.9884343789890409,0.5043124564545928,521,35,444,r1bqkb1r/pp2pppp/2n2n2/3p4/3Q1B1P/2N5/PPP1PPP1/R3KBNR w KQkq -,MODEL_PREDICTION_NOT_EMPIRICAL
JOB-10,B7,1900,maia3-5m,3,c2c4,c4,0.03926251456141472,0.9884343789890409,0.5043124564545928,529,33,438,r1bqkb1r/pp2pppp/2n2n2/3p4/3Q1B1P/2N5/PPP1PPP1/R3KBNR w KQkq -,MODEL_PREDICTION_NOT_EMPIRICAL
JOB-10,B7,1900,maia3-5m,4,g1f3,Nf3,0.032338257879018784,0.9884343789890409,0.5043124564545928,538,33,429,r1bqkb1r/pp2pppp/2n2n2/3p4/3Q1B1P/2N5/PPP1PPP1/R3KBNR w KQkq -,MODEL_PREDICTION_NOT_EMPIRICAL
JOB-10,B7,1900,maia3-5m,5,f2f4,f4,0.01306967530399561,0.9884343789890409,0.5043124564545928,525,30,445,r1bqkb1r/pp2pppp/2n2n2/3p4/3Q1B1P/2N5/PPP1PPP1/R3KBNR w KQkq -,MODEL_PREDICTION_NOT_EMPIRICAL
JOB-10,B7,1900,maia3-5m,6,b2b3,b3,0.011948314495384693,0.9884343789890409,0.5043124564545928,519,33,448,r1bqkb1r/pp2pppp/2n2n2/3p4/3Q1B1P/2N5/PPP1PPP1/R3KBNR w KQkq -,MODEL_PREDICTION_NOT_EMPIRICAL
JOB-10,B7,1900,maia3-5m,7,g2g3,g3,0.01160159520804882,0.9884343789890409,0.5043124564545928,524,33,443,r1bqkb1r/pp2pppp/2n2n2/3p4/3Q1B1P/2N5/PPP1PPP1/R3KBNR w KQkq -,MODEL_PREDICTION_NOT_EMPIRICAL
JOB-10,B7,1900,maia3-5m,8,e2e3,e3,0.010756749659776688,0.9884343789890409,0.5043124564545928,495,33,472,r1bqkb1r/pp2pppp/2n2n2/3p4/3Q1B1P/2N5/PPP1PPP1/R3KBNR w KQkq -,MODEL_PREDICTION_NOT_EMPIRICAL
JOB-10,B7,1900,maia3-5m,9,b2b4,b4,0.0045842663384974,0.9884343789890409,0.5043124564545928,515,29,456,r1bqkb1r/pp2pppp/2n2n2/3p4/3Q1B1P/2N5/PPP1PPP1/R3KBNR w KQkq -,MODEL_PREDICTION_NOT_EMPIRICAL
JOB-10,B7,1900,maia3-5m,10,d2d3,d3,0.0044794813729822636,0.9884343789890409,0.5043124564545928,505,34,461,r1bqkb1r/pp2pppp/2n2n2/3p4/3Q1B1P/2N5/PPP1PPP1/R3KBNR w KQkq -,MODEL_PREDICTION_NOT_EMPIRICAL
JOB-10,B7,2100,maia3-5m,1,e2e4,e4,0.5395658612251282,0.9888081029057503,0.541373665859982,519,41,440,r1bqkb1r/pp2pppp/2n2n2/3p4/3Q1B1P/2N5/PPP1PPP1/R3KBNR w KQkq -,MODEL_PREDICTION_NOT_EMPIRICAL
JOB-10,B7,2100,maia3-5m,2,d2d4,d4,0.2930448055267334,0.9888081029057503,0.541373665859982,527,44,429,r1bqkb1r/pp2pppp/2n2n2/3p4/3Q1B1P/2N5/PPP1PPP1/R3KBNR w KQkq -,MODEL_PREDICTION_NOT_EMPIRICAL
JOB-10,B7,2100,maia3-5m,3,c2c4,c4,0.051827896386384964,0.9888081029057503,0.541373665859982,535,42,423,r1bqkb1r/pp2pppp/2n2n2/3p4/3Q1B1P/2N5/PPP1PPP1/R3KBNR w KQkq -,MODEL_PREDICTION_NOT_EMPIRICAL
JOB-10,B7,2100,maia3-5m,4,g1f3,Nf3,0.05066932365298271,0.9888081029057503,0.541373665859982,542,42,416,r1bqkb1r/pp2pppp/2n2n2/3p4/3Q1B1P/2N5/PPP1PPP1/R3KBNR w KQkq -,MODEL_PREDICTION_NOT_EMPIRICAL
JOB-10,B7,2100,maia3-5m,5,f2f4,f4,0.013551043346524239,0.9888081029057503,0.541373665859982,526,37,437,r1bqkb1r/pp2pppp/2n2n2/3p4/3Q1B1P/2N5/PPP1PPP1/R3KBNR w KQkq -,MODEL_PREDICTION_NOT_EMPIRICAL
JOB-10,B7,2100,maia3-5m,6,b2b3,b3,0.01229612436145544,0.9888081029057503,0.541373665859982,527,41,432,r1bqkb1r/pp2pppp/2n2n2/3p4/3Q1B1P/2N5/PPP1PPP1/R3KBNR w KQkq -,MODEL_PREDICTION_NOT_EMPIRICAL
JOB-10,B7,2100,maia3-5m,7,g2g3,g3,0.009896432980895042,0.9888081029057503,0.541373665859982,531,42,427,r1bqkb1r/pp2pppp/2n2n2/3p4/3Q1B1P/2N5/PPP1PPP1/R3KBNR w KQkq -,MODEL_PREDICTION_NOT_EMPIRICAL
JOB-10,B7,2100,maia3-5m,8,e2e3,e3,0.007974912412464619,0.9888081029057503,0.541373665859982,497,42,461,r1bqkb1r/pp2pppp/2n2n2/3p4/3Q1B1P/2N5/PPP1PPP1/R3KBNR w KQkq -,MODEL_PREDICTION_NOT_EMPIRICAL
JOB-10,B7,2100,maia3-5m,9,b1c3,Nc3,0.0054556746035814285,0.9888081029057503,0.541373665859982,552,39,409,r1bqkb1r/pp2pppp/2n2n2/3p4/3Q1B1P/2N5/PPP1PPP1/R3KBNR w KQkq -,MODEL_PREDICTION_NOT_EMPIRICAL
JOB-10,B7,2100,maia3-5m,10,d2d3,d3,0.004526028409600258,0.9888081029057503,0.541373665859982,513,43,444,r1bqkb1r/pp2pppp/2n2n2/3p4/3Q1B1P/2N5/PPP1PPP1/R3KBNR w KQkq -,MODEL_PREDICTION_NOT_EMPIRICAL
VER-08,B7,1100,maia3-5m,1,e2e4,e4,0.6749164462089539,0.9871364636346698,0.4342553640682974,519,24,457,r1bqkb1r/pp2pppp/2n2n2/3p2B1/3Q4/2N2P2/PPP1P1PP/R3KBNR w KQkq -,MODEL_PREDICTION_NOT_EMPIRICAL
VER-08,B7,1100,maia3-5m,2,d2d4,d4,0.21801438927650452,0.9871364636346698,0.4342553640682974,524,25,451,r1bqkb1r/pp2pppp/2n2n2/3p2B1/3Q4/2N2P2/PPP1P1PP/R3KBNR w KQkq -,MODEL_PREDICTION_NOT_EMPIRICAL
VER-08,B7,1100,maia3-5m,3,e2e3,e3,0.022561196237802505,0.9871364636346698,0.4342553640682974,503,25,472,r1bqkb1r/pp2pppp/2n2n2/3p2B1/3Q4/2N2P2/PPP1P1PP/R3KBNR w KQkq -,MODEL_PREDICTION_NOT_EMPIRICAL
VER-08,B7,1100,maia3-5m,4,g1f3,Nf3,0.0210112277418375,0.9871364636346698,0.4342553640682974,516,28,456,r1bqkb1r/pp2pppp/2n2n2/3p2B1/3Q4/2N2P2/PPP1P1PP/R3KBNR w KQkq -,MODEL_PREDICTION_NOT_EMPIRICAL
VER-08,B7,1100,maia3-5m,5,c2c4,c4,0.016066906973719597,0.9871364636346698,0.4342553640682974,510,25,465,r1bqkb1r/pp2pppp/2n2n2/3p2B1/3Q4/2N2P2/PPP1P1PP/R3KBNR w KQkq -,MODEL_PREDICTION_NOT_EMPIRICAL
VER-08,B7,1100,maia3-5m,6,g2g3,g3,0.011687462218105793,0.9871364636346698,0.4342553640682974,494,25,481,r1bqkb1r/pp2pppp/2n2n2/3p2B1/3Q4/2N2P2/PPP1P1PP/R3KBNR w KQkq -,MODEL_PREDICTION_NOT_EMPIRICAL
VER-08,B7,1100,maia3-5m,7,b2b3,b3,0.007874177768826485,0.9871364636346698,0.4342553640682974,496,26,478,r1bqkb1r/pp2pppp/2n2n2/3p2B1/3Q4/2N2P2/PPP1P1PP/R3KBNR w KQkq -,MODEL_PREDICTION_NOT_EMPIRICAL
VER-08,B7,1100,maia3-5m,8,d2d3,d3,0.005962725728750229,0.9871364636346698,0.4342553640682974,498,26,476,r1bqkb1r/pp2pppp/2n2n2/3p2B1/3Q4/2N2P2/PPP1P1PP/R3KBNR w KQkq -,MODEL_PREDICTION_NOT_EMPIRICAL
VER-08,B7,1100,maia3-5m,9,b1c3,Nc3,0.00519427889958024,0.9871364636346698,0.4342553640682974,524,26,450,r1bqkb1r/pp2pppp/2n2n2/3p2B1/3Q4/2N2P2/PPP1P1PP/R3KBNR w KQkq -,MODEL_PREDICTION_NOT_EMPIRICAL
VER-08,B7,1100,maia3-5m,10,f2f4,f4,0.003847652580589056,0.9871364636346698,0.4342553640682974,509,27,464,r1bqkb1r/pp2pppp/2n2n2/3p2B1/3Q4/2N2P2/PPP1P1PP/R3KBNR w KQkq -,MODEL_PREDICTION_NOT_EMPIRICAL
VER-08,B7,1300,maia3-5m,1,e2e4,e4,0.6615840792655945,0.9876184498425573,0.44341396362140506,518,24,458,r1bqkb1r/pp2pppp/2n2n2/3p2B1/3Q4/2N2P2/PPP1P1PP/R3KBNR w KQkq -,MODEL_PREDICTION_NOT_EMPIRICAL
VER-08,B7,1300,maia3-5m,2,d2d4,d4,0.2294148951768875,0.9876184498425573,0.44341396362140506,522,26,452,r1bqkb1r/pp2pppp/2n2n2/3p2B1/3Q4/2N2P2/PPP1P1PP/R3KBNR w KQkq -,MODEL_PREDICTION_NOT_EMPIRICAL
VER-08,B7,1300,maia3-5m,3,g1f3,Nf3,0.02157282643020153,0.9876184498425573,0.44341396362140506,523,27,450,r1bqkb1r/pp2pppp/2n2n2/3p2B1/3Q4/2N2P2/PPP1P1PP/R3KBNR w KQkq -,MODEL_PREDICTION_NOT_EMPIRICAL
VER-08,B7,1300,maia3-5m,4,c2c4,c4,0.020122205838561058,0.9876184498425573,0.44341396362140506,514,26,460,r1bqkb1r/pp2pppp/2n2n2/3p2B1/3Q4/2N2P2/PPP1P1PP/R3KBNR w KQkq -,MODEL_PREDICTION_NOT_EMPIRICAL
VER-08,B7,1300,maia3-5m,5,e2e3,e3,0.019332410767674446,0.9876184498425573,0.44341396362140506,504,25,471,r1bqkb1r/pp2pppp/2n2n2/3p2B1/3Q4/2N2P2/PPP1P1PP/R3KBNR w KQkq -,MODEL_PREDICTION_NOT_EMPIRICAL
VER-08,B7,1300,maia3-5m,6,g2g3,g3,0.012549953535199165,0.9876184498425573,0.44341396362140506,506,26,468,r1bqkb1r/pp2pppp/2n2n2/3p2B1/3Q4/2N2P2/PPP1P1PP/R3KBNR w KQkq -,MODEL_PREDICTION_NOT_EMPIRICAL
VER-08,B7,1300,maia3-5m,7,b2b3,b3,0.009338651783764362,0.9876184498425573,0.44341396362140506,503,26,471,r1bqkb1r/pp2pppp/2n2n2/3p2B1/3Q4/2N2P2/PPP1P1PP/R3KBNR w KQkq -,MODEL_PREDICTION_NOT_EMPIRICAL
VER-08,B7,1300,maia3-5m,8,d2d3,d3,0.005362409166991711,0.9876184498425573,0.44341396362140506,501,27,472,r1bqkb1r/pp2pppp/2n2n2/3p2B1/3Q4/2N2P2/PPP1P1PP/R3KBNR w KQkq -,MODEL_PREDICTION_NOT_EMPIRICAL
VER-08,B7,1300,maia3-5m,9,f2f4,f4,0.004565780982375145,0.9876184498425573,0.44341396362140506,518,27,455,r1bqkb1r/pp2pppp/2n2n2/3p2B1/3Q4/2N2P2/PPP1P1PP/R3KBNR w KQkq -,MODEL_PREDICTION_NOT_EMPIRICAL
VER-08,B7,1300,maia3-5m,10,b1c3,Nc3,0.0037752368953078985,0.9876184498425573,0.44341396362140506,529,25,446,r1bqkb1r/pp2pppp/2n2n2/3p2B1/3Q4/2N2P2/PPP1P1PP/R3KBNR w KQkq -,MODEL_PREDICTION_NOT_EMPIRICAL
VER-08,B7,1500,maia3-5m,1,e2e4,e4,0.6428149938583374,0.98806171445176,0.4600856076991717,516,25,459,r1bqkb1r/pp2pppp/2n2n2/3p2B1/3Q4/2N2P2/PPP1P1PP/R3KBNR w KQkq -,MODEL_PREDICTION_NOT_EMPIRICAL
VER-08,B7,1500,maia3-5m,2,d2d4,d4,0.2416517585515976,0.98806171445176,0.4600856076991717,521,27,452,r1bqkb1r/pp2pppp/2n2n2/3p2B1/3Q4/2N2P2/PPP1P1PP/R3KBNR w KQkq -,MODEL_PREDICTION_NOT_EMPIRICAL
VER-08,B7,1500,maia3-5m,3,c2c4,c4,0.025009406730532646,0.98806171445176,0.4600856076991717,518,26,456,r1bqkb1r/pp2pppp/2n2n2/3p2B1/3Q4/2N2P2/PPP1P1PP/R3KBNR w KQkq -,MODEL_PREDICTION_NOT_EMPIRICAL
VER-08,B7,1500,maia3-5m,4,g1f3,Nf3,0.022932549938559532,0.98806171445176,0.4600856076991717,528,27,445,r1bqkb1r/pp2pppp/2n2n2/3p2B1/3Q4/2N2P2/PPP1P1PP/R3KBNR w KQkq -,MODEL_PREDICTION_NOT_EMPIRICAL
VER-08,B7,1500,maia3-5m,5,e2e3,e3,0.016669709235429764,0.98806171445176,0.4600856076991717,502,26,472,r1bqkb1r/pp2pppp/2n2n2/3p2B1/3Q4/2N2P2/PPP1P1PP/R3KBNR w KQkq -,MODEL_PREDICTION_NOT_EMPIRICAL
VER-08,B7,1500,maia3-5m,6,g2g3,g3,0.013175034895539284,0.98806171445176,0.4600856076991717,516,27,457,r1bqkb1r/pp2pppp/2n2n2/3p2B1/3Q4/2N2P2/PPP1P1PP/R3KBNR w KQkq -,MODEL_PREDICTION_NOT_EMPIRICAL
VER-08,B7,1500,maia3-5m,7,b2b3,b3,0.010849794372916222,0.98806171445176,0.4600856076991717,510,27,463,r1bqkb1r/pp2pppp/2n2n2/3p2B1/3Q4/2N2P2/PPP1P1PP/R3KBNR w KQkq -,MODEL_PREDICTION_NOT_EMPIRICAL
VER-08,B7,1500,maia3-5m,8,f2f4,f4,0.0063391150906682014,0.98806171445176,0.4600856076991717,523,27,450,r1bqkb1r/pp2pppp/2n2n2/3p2B1/3Q4/2N2P2/PPP1P1PP/R3KBNR w KQkq -,MODEL_PREDICTION_NOT_EMPIRICAL
VER-08,B7,1500,maia3-5m,9,d2d3,d3,0.004973711911588907,0.98806171445176,0.4600856076991717,504,28,468,r1bqkb1r/pp2pppp/2n2n2/3p2B1/3Q4/2N2P2/PPP1P1PP/R3KBNR w KQkq -,MODEL_PREDICTION_NOT_EMPIRICAL
VER-08,B7,1500,maia3-5m,10,b2b4,b4,0.0036456398665905,0.98806171445176,0.4600856076991717,512,27,461,r1bqkb1r/pp2pppp/2n2n2/3p2B1/3Q4/2N2P2/PPP1P1PP/R3KBNR w KQkq -,MODEL_PREDICTION_NOT_EMPIRICAL
VER-08,B7,1700,maia3-5m,1,e2e4,e4,0.6205705404281616,0.988658441696316,0.48012239459539624,513,27,460,r1bqkb1r/pp2pppp/2n2n2/3p2B1/3Q4/2N2P2/PPP1P1PP/R3KBNR w KQkq -,MODEL_PREDICTION_NOT_EMPIRICAL
VER-08,B7,1700,maia3-5m,2,d2d4,d4,0.2547968029975891,0.988658441696316,0.48012239459539624,519,30,451,r1bqkb1r/pp2pppp/2n2n2/3p2B1/3Q4/2N2P2/PPP1P1PP/R3KBNR w KQkq -,MODEL_PREDICTION_NOT_EMPIRICAL
VER-08,B7,1700,maia3-5m,3,c2c4,c4,0.030909236520528793,0.988658441696316,0.48012239459539624,524,29,447,r1bqkb1r/pp2pppp/2n2n2/3p2B1/3Q4/2N2P2/PPP1P1PP/R3KBNR w KQkq -,MODEL_PREDICTION_NOT_EMPIRICAL
VER-08,B7,1700,maia3-5m,4,g1f3,Nf3,0.025549987331032753,0.988658441696316,0.48012239459539624,533,29,438,r1bqkb1r/pp2pppp/2n2n2/3p2B1/3Q4/2N2P2/PPP1P1PP/R3KBNR w KQkq -,MODEL_PREDICTION_NOT_EMPIRICAL
VER-08,B7,1700,maia3-5m,5,e2e3,e3,0.013819748535752296,0.988658441696316,0.48012239459539624,498,29,473,r1bqkb1r/pp2pppp/2n2n2/3p2B1/3Q4/2N2P2/PPP1P1PP/R3KBNR w KQkq -,MODEL_PREDICTION_NOT_EMPIRICAL
VER-08,B7,1700,maia3-5m,6,g2g3,g3,0.012876337394118309,0.988658441696316,0.48012239459539624,523,28,449,r1bqkb1r/pp2pppp/2n2n2/3p2B1/3Q4/2N2P2/PPP1P1PP/R3KBNR w KQkq -,MODEL_PREDICTION_NOT_EMPIRICAL
VER-08,B7,1700,maia3-5m,7,b2b3,b3,0.01174180768430233,0.988658441696316,0.48012239459539624,516,29,455,r1bqkb1r/pp2pppp/2n2n2/3p2B1/3Q4/2N2P2/PPP1P1PP/R3KBNR w KQkq -,MODEL_PREDICTION_NOT_EMPIRICAL
VER-08,B7,1700,maia3-5m,8,f2f4,f4,0.009360010735690594,0.988658441696316,0.48012239459539624,525,28,447,r1bqkb1r/pp2pppp/2n2n2/3p2B1/3Q4/2N2P2/PPP1P1PP/R3KBNR w KQkq -,MODEL_PREDICTION_NOT_EMPIRICAL
VER-08,B7,1700,maia3-5m,9,d2d3,d3,0.004694441333413124,0.988658441696316,0.48012239459539624,505,30,465,r1bqkb1r/pp2pppp/2n2n2/3p2B1/3Q4/2N2P2/PPP1P1PP/R3KBNR w KQkq -,MODEL_PREDICTION_NOT_EMPIRICAL
VER-08,B7,1700,maia3-5m,10,b2b4,b4,0.004339528735727072,0.988658441696316,0.48012239459539624,514,27,459,r1bqkb1r/pp2pppp/2n2n2/3p2B1/3Q4/2N2P2/PPP1P1PP/R3KBNR w KQkq -,MODEL_PREDICTION_NOT_EMPIRICAL
VER-08,B7,1900,maia3-5m,1,e2e4,e4,0.5909685492515564,0.9884343789890409,0.5043124564545928,513,32,455,r1bqkb1r/pp2pppp/2n2n2/3p2B1/3Q4/2N2P2/PPP1P1PP/R3KBNR w KQkq -,MODEL_PREDICTION_NOT_EMPIRICAL
VER-08,B7,1900,maia3-5m,2,d2d4,d4,0.2694249749183655,0.9884343789890409,0.5043124564545928,521,35,444,r1bqkb1r/pp2pppp/2n2n2/3p2B1/3Q4/2N2P2/PPP1P1PP/R3KBNR w KQkq -,MODEL_PREDICTION_NOT_EMPIRICAL
VER-08,B7,1900,maia3-5m,3,c2c4,c4,0.03926251456141472,0.9884343789890409,0.5043124564545928,529,33,438,r1bqkb1r/pp2pppp/2n2n2/3p2B1/3Q4/2N2P2/PPP1P1PP/R3KBNR w KQkq -,MODEL_PREDICTION_NOT_EMPIRICAL
VER-08,B7,1900,maia3-5m,4,g1f3,Nf3,0.032338257879018784,0.9884343789890409,0.5043124564545928,538,33,429,r1bqkb1r/pp2pppp/2n2n2/3p2B1/3Q4/2N2P2/PPP1P1PP/R3KBNR w KQkq -,MODEL_PREDICTION_NOT_EMPIRICAL
VER-08,B7,1900,maia3-5m,5,f2f4,f4,0.01306967530399561,0.9884343789890409,0.5043124564545928,525,30,445,r1bqkb1r/pp2pppp/2n2n2/3p2B1/3Q4/2N2P2/PPP1P1PP/R3KBNR w KQkq -,MODEL_PREDICTION_NOT_EMPIRICAL
VER-08,B7,1900,maia3-5m,6,b2b3,b3,0.011948314495384693,0.9884343789890409,0.5043124564545928,519,33,448,r1bqkb1r/pp2pppp/2n2n2/3p2B1/3Q4/2N2P2/PPP1P1PP/R3KBNR w KQkq -,MODEL_PREDICTION_NOT_EMPIRICAL
VER-08,B7,1900,maia3-5m,7,g2g3,g3,0.01160159520804882,0.9884343789890409,0.5043124564545928,524,33,443,r1bqkb1r/pp2pppp/2n2n2/3p2B1/3Q4/2N2P2/PPP1P1PP/R3KBNR w KQkq -,MODEL_PREDICTION_NOT_EMPIRICAL
VER-08,B7,1900,maia3-5m,8,e2e3,e3,0.010756749659776688,0.9884343789890409,0.5043124564545928,495,33,472,r1bqkb1r/pp2pppp/2n2n2/3p2B1/3Q4/2N2P2/PPP1P1PP/R3KBNR w KQkq -,MODEL_PREDICTION_NOT_EMPIRICAL
VER-08,B7,1900,maia3-5m,9,b2b4,b4,0.0045842663384974,0.9884343789890409,0.5043124564545928,515,29,456,r1bqkb1r/pp2pppp/2n2n2/3p2B1/3Q4/2N2P2/PPP1P1PP/R3KBNR w KQkq -,MODEL_PREDICTION_NOT_EMPIRICAL
VER-08,B7,1900,maia3-5m,10,d2d3,d3,0.0044794813729822636,0.9884343789890409,0.5043124564545928,505,34,461,r1bqkb1r/pp2pppp/2n2n2/3p2B1/3Q4/2N2P2/PPP1P1PP/R3KBNR w KQkq -,MODEL_PREDICTION_NOT_EMPIRICAL
VER-08,B7,2100,maia3-5m,1,e2e4,e4,0.5395658612251282,0.9888081029057503,0.541373665859982,519,41,440,r1bqkb1r/pp2pppp/2n2n2/3p2B1/3Q4/2N2P2/PPP1P1PP/R3KBNR w KQkq -,MODEL_PREDICTION_NOT_EMPIRICAL
VER-08,B7,2100,maia3-5m,2,d2d4,d4,0.2930448055267334,0.9888081029057503,0.541373665859982,527,44,429,r1bqkb1r/pp2pppp/2n2n2/3p2B1/3Q4/2N2P2/PPP1P1PP/R3KBNR w KQkq -,MODEL_PREDICTION_NOT_EMPIRICAL
VER-08,B7,2100,maia3-5m,3,c2c4,c4,0.051827896386384964,0.9888081029057503,0.541373665859982,535,42,423,r1bqkb1r/pp2pppp/2n2n2/3p2B1/3Q4/2N2P2/PPP1P1PP/R3KBNR w KQkq -,MODEL_PREDICTION_NOT_EMPIRICAL
VER-08,B7,2100,maia3-5m,4,g1f3,Nf3,0.05066932365298271,0.9888081029057503,0.541373665859982,542,42,416,r1bqkb1r/pp2pppp/2n2n2/3p2B1/3Q4/2N2P2/PPP1P1PP/R3KBNR w KQkq -,MODEL_PREDICTION_NOT_EMPIRICAL
VER-08,B7,2100,maia3-5m,5,f2f4,f4,0.013551043346524239,0.9888081029057503,0.541373665859982,526,37,437,r1bqkb1r/pp2pppp/2n2n2/3p2B1/3Q4/2N2P2/PPP1P1PP/R3KBNR w KQkq -,MODEL_PREDICTION_NOT_EMPIRICAL
VER-08,B7,2100,maia3-5m,6,b2b3,b3,0.01229612436145544,0.9888081029057503,0.541373665859982,527,41,432,r1bqkb1r/pp2pppp/2n2n2/3p2B1/3Q4/2N2P2/PPP1P1PP/R3KBNR w KQkq -,MODEL_PREDICTION_NOT_EMPIRICAL
VER-08,B7,2100,maia3-5m,7,g2g3,g3,0.009896432980895042,0.9888081029057503,0.541373665859982,531,42,427,r1bqkb1r/pp2pppp/2n2n2/3p2B1/3Q4/2N2P2/PPP1P1PP/R3KBNR w KQkq -,MODEL_PREDICTION_NOT_EMPIRICAL
VER-08,B7,2100,maia3-5m,8,e2e3,e3,0.007974912412464619,0.9888081029057503,0.541373665859982,497,42,461,r1bqkb1r/pp2pppp/2n2n2/3p2B1/3Q4/2N2P2/PPP1P1PP/R3KBNR w KQkq -,MODEL_PREDICTION_NOT_EMPIRICAL
VER-08,B7,2100,maia3-5m,9,b1c3,Nc3,0.0054556746035814285,0.9888081029057503,0.541373665859982,552,39,409,r1bqkb1r/pp2pppp/2n2n2/3p2B1/3Q4/2N2P2/PPP1P1PP/R3KBNR w KQkq -,MODEL_PREDICTION_NOT_EMPIRICAL
VER-08,B7,2100,maia3-5m,10,d2d3,d3,0.004526028409600258,0.9888081029057503,0.541373665859982,513,43,444,r1bqkb1r/pp2pppp/2n2n2/3p2B1/3Q4/2N2P2/PPP1P1PP/R3KBNR w KQkq -,MODEL_PREDICTION_NOT_EMPIRICAL
JOB-03,B8,1100,maia3-5m,1,e2e4,e4,0.6749164462089539,0.9871364636346698,0.4342553640682974,519,24,457,rnbqkb1r/pp2pppp/5n2/2P5/3p1B2/2N5/PPP1PPPP/R2QKBNR w KQkq -,MODEL_PREDICTION_NOT_EMPIRICAL
JOB-03,B8,1100,maia3-5m,2,d2d4,d4,0.21801438927650452,0.9871364636346698,0.4342553640682974,524,25,451,rnbqkb1r/pp2pppp/5n2/2P5/3p1B2/2N5/PPP1PPPP/R2QKBNR w KQkq -,MODEL_PREDICTION_NOT_EMPIRICAL
JOB-03,B8,1100,maia3-5m,3,e2e3,e3,0.022561196237802505,0.9871364636346698,0.4342553640682974,503,25,472,rnbqkb1r/pp2pppp/5n2/2P5/3p1B2/2N5/PPP1PPPP/R2QKBNR w KQkq -,MODEL_PREDICTION_NOT_EMPIRICAL
JOB-03,B8,1100,maia3-5m,4,g1f3,Nf3,0.0210112277418375,0.9871364636346698,0.4342553640682974,516,28,456,rnbqkb1r/pp2pppp/5n2/2P5/3p1B2/2N5/PPP1PPPP/R2QKBNR w KQkq -,MODEL_PREDICTION_NOT_EMPIRICAL
JOB-03,B8,1100,maia3-5m,5,c2c4,c4,0.016066906973719597,0.9871364636346698,0.4342553640682974,510,25,465,rnbqkb1r/pp2pppp/5n2/2P5/3p1B2/2N5/PPP1PPPP/R2QKBNR w KQkq -,MODEL_PREDICTION_NOT_EMPIRICAL
JOB-03,B8,1100,maia3-5m,6,g2g3,g3,0.011687462218105793,0.9871364636346698,0.4342553640682974,494,25,481,rnbqkb1r/pp2pppp/5n2/2P5/3p1B2/2N5/PPP1PPPP/R2QKBNR w KQkq -,MODEL_PREDICTION_NOT_EMPIRICAL
JOB-03,B8,1100,maia3-5m,7,b2b3,b3,0.007874177768826485,0.9871364636346698,0.4342553640682974,496,26,478,rnbqkb1r/pp2pppp/5n2/2P5/3p1B2/2N5/PPP1PPPP/R2QKBNR w KQkq -,MODEL_PREDICTION_NOT_EMPIRICAL
JOB-03,B8,1100,maia3-5m,8,d2d3,d3,0.005962725728750229,0.9871364636346698,0.4342553640682974,498,26,476,rnbqkb1r/pp2pppp/5n2/2P5/3p1B2/2N5/PPP1PPPP/R2QKBNR w KQkq -,MODEL_PREDICTION_NOT_EMPIRICAL
JOB-03,B8,1100,maia3-5m,9,b1c3,Nc3,0.00519427889958024,0.9871364636346698,0.4342553640682974,524,26,450,rnbqkb1r/pp2pppp/5n2/2P5/3p1B2/2N5/PPP1PPPP/R2QKBNR w KQkq -,MODEL_PREDICTION_NOT_EMPIRICAL
JOB-03,B8,1100,maia3-5m,10,f2f4,f4,0.003847652580589056,0.9871364636346698,0.4342553640682974,509,27,464,rnbqkb1r/pp2pppp/5n2/2P5/3p1B2/2N5/PPP1PPPP/R2QKBNR w KQkq -,MODEL_PREDICTION_NOT_EMPIRICAL
JOB-03,B8,1300,maia3-5m,1,e2e4,e4,0.6615840792655945,0.9876184498425573,0.44341396362140506,518,24,458,rnbqkb1r/pp2pppp/5n2/2P5/3p1B2/2N5/PPP1PPPP/R2QKBNR w KQkq -,MODEL_PREDICTION_NOT_EMPIRICAL
JOB-03,B8,1300,maia3-5m,2,d2d4,d4,0.2294148951768875,0.9876184498425573,0.44341396362140506,522,26,452,rnbqkb1r/pp2pppp/5n2/2P5/3p1B2/2N5/PPP1PPPP/R2QKBNR w KQkq -,MODEL_PREDICTION_NOT_EMPIRICAL
JOB-03,B8,1300,maia3-5m,3,g1f3,Nf3,0.02157282643020153,0.9876184498425573,0.44341396362140506,523,27,450,rnbqkb1r/pp2pppp/5n2/2P5/3p1B2/2N5/PPP1PPPP/R2QKBNR w KQkq -,MODEL_PREDICTION_NOT_EMPIRICAL
JOB-03,B8,1300,maia3-5m,4,c2c4,c4,0.020122205838561058,0.9876184498425573,0.44341396362140506,514,26,460,rnbqkb1r/pp2pppp/5n2/2P5/3p1B2/2N5/PPP1PPPP/R2QKBNR w KQkq -,MODEL_PREDICTION_NOT_EMPIRICAL
JOB-03,B8,1300,maia3-5m,5,e2e3,e3,0.019332410767674446,0.9876184498425573,0.44341396362140506,504,25,471,rnbqkb1r/pp2pppp/5n2/2P5/3p1B2/2N5/PPP1PPPP/R2QKBNR w KQkq -,MODEL_PREDICTION_NOT_EMPIRICAL
JOB-03,B8,1300,maia3-5m,6,g2g3,g3,0.012549953535199165,0.9876184498425573,0.44341396362140506,506,26,468,rnbqkb1r/pp2pppp/5n2/2P5/3p1B2/2N5/PPP1PPPP/R2QKBNR w KQkq -,MODEL_PREDICTION_NOT_EMPIRICAL
JOB-03,B8,1300,maia3-5m,7,b2b3,b3,0.009338651783764362,0.9876184498425573,0.44341396362140506,503,26,471,rnbqkb1r/pp2pppp/5n2/2P5/3p1B2/2N5/PPP1PPPP/R2QKBNR w KQkq -,MODEL_PREDICTION_NOT_EMPIRICAL
JOB-03,B8,1300,maia3-5m,8,d2d3,d3,0.005362409166991711,0.9876184498425573,0.44341396362140506,501,27,472,rnbqkb1r/pp2pppp/5n2/2P5/3p1B2/2N5/PPP1PPPP/R2QKBNR w KQkq -,MODEL_PREDICTION_NOT_EMPIRICAL
JOB-03,B8,1300,maia3-5m,9,f2f4,f4,0.004565780982375145,0.9876184498425573,0.44341396362140506,518,27,455,rnbqkb1r/pp2pppp/5n2/2P5/3p1B2/2N5/PPP1PPPP/R2QKBNR w KQkq -,MODEL_PREDICTION_NOT_EMPIRICAL
JOB-03,B8,1300,maia3-5m,10,b1c3,Nc3,0.0037752368953078985,0.9876184498425573,0.44341396362140506,529,25,446,rnbqkb1r/pp2pppp/5n2/2P5/3p1B2/2N5/PPP1PPPP/R2QKBNR w KQkq -,MODEL_PREDICTION_NOT_EMPIRICAL
JOB-03,B8,1500,maia3-5m,1,e2e4,e4,0.6428149938583374,0.98806171445176,0.4600856076991717,516,25,459,rnbqkb1r/pp2pppp/5n2/2P5/3p1B2/2N5/PPP1PPPP/R2QKBNR w KQkq -,MODEL_PREDICTION_NOT_EMPIRICAL
JOB-03,B8,1500,maia3-5m,2,d2d4,d4,0.2416517585515976,0.98806171445176,0.4600856076991717,521,27,452,rnbqkb1r/pp2pppp/5n2/2P5/3p1B2/2N5/PPP1PPPP/R2QKBNR w KQkq -,MODEL_PREDICTION_NOT_EMPIRICAL
JOB-03,B8,1500,maia3-5m,3,c2c4,c4,0.025009406730532646,0.98806171445176,0.4600856076991717,518,26,456,rnbqkb1r/pp2pppp/5n2/2P5/3p1B2/2N5/PPP1PPPP/R2QKBNR w KQkq -,MODEL_PREDICTION_NOT_EMPIRICAL
JOB-03,B8,1500,maia3-5m,4,g1f3,Nf3,0.022932549938559532,0.98806171445176,0.4600856076991717,528,27,445,rnbqkb1r/pp2pppp/5n2/2P5/3p1B2/2N5/PPP1PPPP/R2QKBNR w KQkq -,MODEL_PREDICTION_NOT_EMPIRICAL
JOB-03,B8,1500,maia3-5m,5,e2e3,e3,0.016669709235429764,0.98806171445176,0.4600856076991717,502,26,472,rnbqkb1r/pp2pppp/5n2/2P5/3p1B2/2N5/PPP1PPPP/R2QKBNR w KQkq -,MODEL_PREDICTION_NOT_EMPIRICAL
JOB-03,B8,1500,maia3-5m,6,g2g3,g3,0.013175034895539284,0.98806171445176,0.4600856076991717,516,27,457,rnbqkb1r/pp2pppp/5n2/2P5/3p1B2/2N5/PPP1PPPP/R2QKBNR w KQkq -,MODEL_PREDICTION_NOT_EMPIRICAL
JOB-03,B8,1500,maia3-5m,7,b2b3,b3,0.010849794372916222,0.98806171445176,0.4600856076991717,510,27,463,rnbqkb1r/pp2pppp/5n2/2P5/3p1B2/2N5/PPP1PPPP/R2QKBNR w KQkq -,MODEL_PREDICTION_NOT_EMPIRICAL
JOB-03,B8,1500,maia3-5m,8,f2f4,f4,0.0063391150906682014,0.98806171445176,0.4600856076991717,523,27,450,rnbqkb1r/pp2pppp/5n2/2P5/3p1B2/2N5/PPP1PPPP/R2QKBNR w KQkq -,MODEL_PREDICTION_NOT_EMPIRICAL
JOB-03,B8,1500,maia3-5m,9,d2d3,d3,0.004973711911588907,0.98806171445176,0.4600856076991717,504,28,468,rnbqkb1r/pp2pppp/5n2/2P5/3p1B2/2N5/PPP1PPPP/R2QKBNR w KQkq -,MODEL_PREDICTION_NOT_EMPIRICAL
JOB-03,B8,1500,maia3-5m,10,b2b4,b4,0.0036456398665905,0.98806171445176,0.4600856076991717,512,27,461,rnbqkb1r/pp2pppp/5n2/2P5/3p1B2/2N5/PPP1PPPP/R2QKBNR w KQkq -,MODEL_PREDICTION_NOT_EMPIRICAL
JOB-03,B8,1700,maia3-5m,1,e2e4,e4,0.6205705404281616,0.988658441696316,0.48012239459539624,513,27,460,rnbqkb1r/pp2pppp/5n2/2P5/3p1B2/2N5/PPP1PPPP/R2QKBNR w KQkq -,MODEL_PREDICTION_NOT_EMPIRICAL
JOB-03,B8,1700,maia3-5m,2,d2d4,d4,0.2547968029975891,0.988658441696316,0.48012239459539624,519,30,451,rnbqkb1r/pp2pppp/5n2/2P5/3p1B2/2N5/PPP1PPPP/R2QKBNR w KQkq -,MODEL_PREDICTION_NOT_EMPIRICAL
JOB-03,B8,1700,maia3-5m,3,c2c4,c4,0.030909236520528793,0.988658441696316,0.48012239459539624,524,29,447,rnbqkb1r/pp2pppp/5n2/2P5/3p1B2/2N5/PPP1PPPP/R2QKBNR w KQkq -,MODEL_PREDICTION_NOT_EMPIRICAL
JOB-03,B8,1700,maia3-5m,4,g1f3,Nf3,0.025549987331032753,0.988658441696316,0.48012239459539624,533,29,438,rnbqkb1r/pp2pppp/5n2/2P5/3p1B2/2N5/PPP1PPPP/R2QKBNR w KQkq -,MODEL_PREDICTION_NOT_EMPIRICAL
JOB-03,B8,1700,maia3-5m,5,e2e3,e3,0.013819748535752296,0.988658441696316,0.48012239459539624,498,29,473,rnbqkb1r/pp2pppp/5n2/2P5/3p1B2/2N5/PPP1PPPP/R2QKBNR w KQkq -,MODEL_PREDICTION_NOT_EMPIRICAL
JOB-03,B8,1700,maia3-5m,6,g2g3,g3,0.012876337394118309,0.988658441696316,0.48012239459539624,523,28,449,rnbqkb1r/pp2pppp/5n2/2P5/3p1B2/2N5/PPP1PPPP/R2QKBNR w KQkq -,MODEL_PREDICTION_NOT_EMPIRICAL
JOB-03,B8,1700,maia3-5m,7,b2b3,b3,0.01174180768430233,0.988658441696316,0.48012239459539624,516,29,455,rnbqkb1r/pp2pppp/5n2/2P5/3p1B2/2N5/PPP1PPPP/R2QKBNR w KQkq -,MODEL_PREDICTION_NOT_EMPIRICAL
JOB-03,B8,1700,maia3-5m,8,f2f4,f4,0.009360010735690594,0.988658441696316,0.48012239459539624,525,28,447,rnbqkb1r/pp2pppp/5n2/2P5/3p1B2/2N5/PPP1PPPP/R2QKBNR w KQkq -,MODEL_PREDICTION_NOT_EMPIRICAL
JOB-03,B8,1700,maia3-5m,9,d2d3,d3,0.004694441333413124,0.988658441696316,0.48012239459539624,505,30,465,rnbqkb1r/pp2pppp/5n2/2P5/3p1B2/2N5/PPP1PPPP/R2QKBNR w KQkq -,MODEL_PREDICTION_NOT_EMPIRICAL
JOB-03,B8,1700,maia3-5m,10,b2b4,b4,0.004339528735727072,0.988658441696316,0.48012239459539624,514,27,459,rnbqkb1r/pp2pppp/5n2/2P5/3p1B2/2N5/PPP1PPPP/R2QKBNR w KQkq -,MODEL_PREDICTION_NOT_EMPIRICAL
JOB-03,B8,1900,maia3-5m,1,e2e4,e4,0.5909685492515564,0.9884343789890409,0.5043124564545928,513,32,455,rnbqkb1r/pp2pppp/5n2/2P5/3p1B2/2N5/PPP1PPPP/R2QKBNR w KQkq -,MODEL_PREDICTION_NOT_EMPIRICAL
JOB-03,B8,1900,maia3-5m,2,d2d4,d4,0.2694249749183655,0.9884343789890409,0.5043124564545928,521,35,444,rnbqkb1r/pp2pppp/5n2/2P5/3p1B2/2N5/PPP1PPPP/R2QKBNR w KQkq -,MODEL_PREDICTION_NOT_EMPIRICAL
JOB-03,B8,1900,maia3-5m,3,c2c4,c4,0.03926251456141472,0.9884343789890409,0.5043124564545928,529,33,438,rnbqkb1r/pp2pppp/5n2/2P5/3p1B2/2N5/PPP1PPPP/R2QKBNR w KQkq -,MODEL_PREDICTION_NOT_EMPIRICAL
JOB-03,B8,1900,maia3-5m,4,g1f3,Nf3,0.032338257879018784,0.9884343789890409,0.5043124564545928,538,33,429,rnbqkb1r/pp2pppp/5n2/2P5/3p1B2/2N5/PPP1PPPP/R2QKBNR w KQkq -,MODEL_PREDICTION_NOT_EMPIRICAL
JOB-03,B8,1900,maia3-5m,5,f2f4,f4,0.01306967530399561,0.9884343789890409,0.5043124564545928,525,30,445,rnbqkb1r/pp2pppp/5n2/2P5/3p1B2/2N5/PPP1PPPP/R2QKBNR w KQkq -,MODEL_PREDICTION_NOT_EMPIRICAL
JOB-03,B8,1900,maia3-5m,6,b2b3,b3,0.011948314495384693,0.9884343789890409,0.5043124564545928,519,33,448,rnbqkb1r/pp2pppp/5n2/2P5/3p1B2/2N5/PPP1PPPP/R2QKBNR w KQkq -,MODEL_PREDICTION_NOT_EMPIRICAL
JOB-03,B8,1900,maia3-5m,7,g2g3,g3,0.01160159520804882,0.9884343789890409,0.5043124564545928,524,33,443,rnbqkb1r/pp2pppp/5n2/2P5/3p1B2/2N5/PPP1PPPP/R2QKBNR w KQkq -,MODEL_PREDICTION_NOT_EMPIRICAL
JOB-03,B8,1900,maia3-5m,8,e2e3,e3,0.010756749659776688,0.9884343789890409,0.5043124564545928,495,33,472,rnbqkb1r/pp2pppp/5n2/2P5/3p1B2/2N5/PPP1PPPP/R2QKBNR w KQkq -,MODEL_PREDICTION_NOT_EMPIRICAL
JOB-03,B8,1900,maia3-5m,9,b2b4,b4,0.0045842663384974,0.9884343789890409,0.5043124564545928,515,29,456,rnbqkb1r/pp2pppp/5n2/2P5/3p1B2/2N5/PPP1PPPP/R2QKBNR w KQkq -,MODEL_PREDICTION_NOT_EMPIRICAL
JOB-03,B8,1900,maia3-5m,10,d2d3,d3,0.0044794813729822636,0.9884343789890409,0.5043124564545928,505,34,461,rnbqkb1r/pp2pppp/5n2/2P5/3p1B2/2N5/PPP1PPPP/R2QKBNR w KQkq -,MODEL_PREDICTION_NOT_EMPIRICAL
JOB-03,B8,2100,maia3-5m,1,e2e4,e4,0.5395658612251282,0.9888081029057503,0.541373665859982,519,41,440,rnbqkb1r/pp2pppp/5n2/2P5/3p1B2/2N5/PPP1PPPP/R2QKBNR w KQkq -,MODEL_PREDICTION_NOT_EMPIRICAL
JOB-03,B8,2100,maia3-5m,2,d2d4,d4,0.2930448055267334,0.9888081029057503,0.541373665859982,527,44,429,rnbqkb1r/pp2pppp/5n2/2P5/3p1B2/2N5/PPP1PPPP/R2QKBNR w KQkq -,MODEL_PREDICTION_NOT_EMPIRICAL
JOB-03,B8,2100,maia3-5m,3,c2c4,c4,0.051827896386384964,0.9888081029057503,0.541373665859982,535,42,423,rnbqkb1r/pp2pppp/5n2/2P5/3p1B2/2N5/PPP1PPPP/R2QKBNR w KQkq -,MODEL_PREDICTION_NOT_EMPIRICAL
JOB-03,B8,2100,maia3-5m,4,g1f3,Nf3,0.05066932365298271,0.9888081029057503,0.541373665859982,542,42,416,rnbqkb1r/pp2pppp/5n2/2P5/3p1B2/2N5/PPP1PPPP/R2QKBNR w KQkq -,MODEL_PREDICTION_NOT_EMPIRICAL
JOB-03,B8,2100,maia3-5m,5,f2f4,f4,0.013551043346524239,0.9888081029057503,0.541373665859982,526,37,437,rnbqkb1r/pp2pppp/5n2/2P5/3p1B2/2N5/PPP1PPPP/R2QKBNR w KQkq -,MODEL_PREDICTION_NOT_EMPIRICAL
JOB-03,B8,2100,maia3-5m,6,b2b3,b3,0.01229612436145544,0.9888081029057503,0.541373665859982,527,41,432,rnbqkb1r/pp2pppp/5n2/2P5/3p1B2/2N5/PPP1PPPP/R2QKBNR w KQkq -,MODEL_PREDICTION_NOT_EMPIRICAL
JOB-03,B8,2100,maia3-5m,7,g2g3,g3,0.009896432980895042,0.9888081029057503,0.541373665859982,531,42,427,rnbqkb1r/pp2pppp/5n2/2P5/3p1B2/2N5/PPP1PPPP/R2QKBNR w KQkq -,MODEL_PREDICTION_NOT_EMPIRICAL
JOB-03,B8,2100,maia3-5m,8,e2e3,e3,0.007974912412464619,0.9888081029057503,0.541373665859982,497,42,461,rnbqkb1r/pp2pppp/5n2/2P5/3p1B2/2N5/PPP1PPPP/R2QKBNR w KQkq -,MODEL_PREDICTION_NOT_EMPIRICAL
JOB-03,B8,2100,maia3-5m,9,b1c3,Nc3,0.0054556746035814285,0.9888081029057503,0.541373665859982,552,39,409,rnbqkb1r/pp2pppp/5n2/2P5/3p1B2/2N5/PPP1PPPP/R2QKBNR w KQkq -,MODEL_PREDICTION_NOT_EMPIRICAL
JOB-03,B8,2100,maia3-5m,10,d2d3,d3,0.004526028409600258,0.9888081029057503,0.541373665859982,513,43,444,rnbqkb1r/pp2pppp/5n2/2P5/3p1B2/2N5/PPP1PPPP/R2QKBNR w KQkq -,MODEL_PREDICTION_NOT_EMPIRICAL
JOB-04,B8,1100,maia3-5m,1,e2e4,e4,0.6749164462089539,0.9871364636346698,0.4342553640682974,519,24,457,rnb1kb1r/pp2pppp/5n2/qNpp4/3P1B2/8/PPP1PPPP/R2QKBNR w KQkq -,MODEL_PREDICTION_NOT_EMPIRICAL
JOB-04,B8,1100,maia3-5m,2,d2d4,d4,0.21801438927650452,0.9871364636346698,0.4342553640682974,524,25,451,rnb1kb1r/pp2pppp/5n2/qNpp4/3P1B2/8/PPP1PPPP/R2QKBNR w KQkq -,MODEL_PREDICTION_NOT_EMPIRICAL
JOB-04,B8,1100,maia3-5m,3,e2e3,e3,0.022561196237802505,0.9871364636346698,0.4342553640682974,503,25,472,rnb1kb1r/pp2pppp/5n2/qNpp4/3P1B2/8/PPP1PPPP/R2QKBNR w KQkq -,MODEL_PREDICTION_NOT_EMPIRICAL
JOB-04,B8,1100,maia3-5m,4,g1f3,Nf3,0.0210112277418375,0.9871364636346698,0.4342553640682974,516,28,456,rnb1kb1r/pp2pppp/5n2/qNpp4/3P1B2/8/PPP1PPPP/R2QKBNR w KQkq -,MODEL_PREDICTION_NOT_EMPIRICAL
JOB-04,B8,1100,maia3-5m,5,c2c4,c4,0.016066906973719597,0.9871364636346698,0.4342553640682974,510,25,465,rnb1kb1r/pp2pppp/5n2/qNpp4/3P1B2/8/PPP1PPPP/R2QKBNR w KQkq -,MODEL_PREDICTION_NOT_EMPIRICAL
JOB-04,B8,1100,maia3-5m,6,g2g3,g3,0.011687462218105793,0.9871364636346698,0.4342553640682974,494,25,481,rnb1kb1r/pp2pppp/5n2/qNpp4/3P1B2/8/PPP1PPPP/R2QKBNR w KQkq -,MODEL_PREDICTION_NOT_EMPIRICAL
JOB-04,B8,1100,maia3-5m,7,b2b3,b3,0.007874177768826485,0.9871364636346698,0.4342553640682974,496,26,478,rnb1kb1r/pp2pppp/5n2/qNpp4/3P1B2/8/PPP1PPPP/R2QKBNR w KQkq -,MODEL_PREDICTION_NOT_EMPIRICAL
JOB-04,B8,1100,maia3-5m,8,d2d3,d3,0.005962725728750229,0.9871364636346698,0.4342553640682974,498,26,476,rnb1kb1r/pp2pppp/5n2/qNpp4/3P1B2/8/PPP1PPPP/R2QKBNR w KQkq -,MODEL_PREDICTION_NOT_EMPIRICAL
JOB-04,B8,1100,maia3-5m,9,b1c3,Nc3,0.00519427889958024,0.9871364636346698,0.4342553640682974,524,26,450,rnb1kb1r/pp2pppp/5n2/qNpp4/3P1B2/8/PPP1PPPP/R2QKBNR w KQkq -,MODEL_PREDICTION_NOT_EMPIRICAL
JOB-04,B8,1100,maia3-5m,10,f2f4,f4,0.003847652580589056,0.9871364636346698,0.4342553640682974,509,27,464,rnb1kb1r/pp2pppp/5n2/qNpp4/3P1B2/8/PPP1PPPP/R2QKBNR w KQkq -,MODEL_PREDICTION_NOT_EMPIRICAL
JOB-04,B8,1300,maia3-5m,1,e2e4,e4,0.6615840792655945,0.9876184498425573,0.44341396362140506,518,24,458,rnb1kb1r/pp2pppp/5n2/qNpp4/3P1B2/8/PPP1PPPP/R2QKBNR w KQkq -,MODEL_PREDICTION_NOT_EMPIRICAL
JOB-04,B8,1300,maia3-5m,2,d2d4,d4,0.2294148951768875,0.9876184498425573,0.44341396362140506,522,26,452,rnb1kb1r/pp2pppp/5n2/qNpp4/3P1B2/8/PPP1PPPP/R2QKBNR w KQkq -,MODEL_PREDICTION_NOT_EMPIRICAL
JOB-04,B8,1300,maia3-5m,3,g1f3,Nf3,0.02157282643020153,0.9876184498425573,0.44341396362140506,523,27,450,rnb1kb1r/pp2pppp/5n2/qNpp4/3P1B2/8/PPP1PPPP/R2QKBNR w KQkq -,MODEL_PREDICTION_NOT_EMPIRICAL
JOB-04,B8,1300,maia3-5m,4,c2c4,c4,0.020122205838561058,0.9876184498425573,0.44341396362140506,514,26,460,rnb1kb1r/pp2pppp/5n2/qNpp4/3P1B2/8/PPP1PPPP/R2QKBNR w KQkq -,MODEL_PREDICTION_NOT_EMPIRICAL
JOB-04,B8,1300,maia3-5m,5,e2e3,e3,0.019332410767674446,0.9876184498425573,0.44341396362140506,504,25,471,rnb1kb1r/pp2pppp/5n2/qNpp4/3P1B2/8/PPP1PPPP/R2QKBNR w KQkq -,MODEL_PREDICTION_NOT_EMPIRICAL
JOB-04,B8,1300,maia3-5m,6,g2g3,g3,0.012549953535199165,0.9876184498425573,0.44341396362140506,506,26,468,rnb1kb1r/pp2pppp/5n2/qNpp4/3P1B2/8/PPP1PPPP/R2QKBNR w KQkq -,MODEL_PREDICTION_NOT_EMPIRICAL
JOB-04,B8,1300,maia3-5m,7,b2b3,b3,0.009338651783764362,0.9876184498425573,0.44341396362140506,503,26,471,rnb1kb1r/pp2pppp/5n2/qNpp4/3P1B2/8/PPP1PPPP/R2QKBNR w KQkq -,MODEL_PREDICTION_NOT_EMPIRICAL
JOB-04,B8,1300,maia3-5m,8,d2d3,d3,0.005362409166991711,0.9876184498425573,0.44341396362140506,501,27,472,rnb1kb1r/pp2pppp/5n2/qNpp4/3P1B2/8/PPP1PPPP/R2QKBNR w KQkq -,MODEL_PREDICTION_NOT_EMPIRICAL
JOB-04,B8,1300,maia3-5m,9,f2f4,f4,0.004565780982375145,0.9876184498425573,0.44341396362140506,518,27,455,rnb1kb1r/pp2pppp/5n2/qNpp4/3P1B2/8/PPP1PPPP/R2QKBNR w KQkq -,MODEL_PREDICTION_NOT_EMPIRICAL
JOB-04,B8,1300,maia3-5m,10,b1c3,Nc3,0.0037752368953078985,0.9876184498425573,0.44341396362140506,529,25,446,rnb1kb1r/pp2pppp/5n2/qNpp4/3P1B2/8/PPP1PPPP/R2QKBNR w KQkq -,MODEL_PREDICTION_NOT_EMPIRICAL
JOB-04,B8,1500,maia3-5m,1,e2e4,e4,0.6428149938583374,0.98806171445176,0.4600856076991717,516,25,459,rnb1kb1r/pp2pppp/5n2/qNpp4/3P1B2/8/PPP1PPPP/R2QKBNR w KQkq -,MODEL_PREDICTION_NOT_EMPIRICAL
JOB-04,B8,1500,maia3-5m,2,d2d4,d4,0.2416517585515976,0.98806171445176,0.4600856076991717,521,27,452,rnb1kb1r/pp2pppp/5n2/qNpp4/3P1B2/8/PPP1PPPP/R2QKBNR w KQkq -,MODEL_PREDICTION_NOT_EMPIRICAL
JOB-04,B8,1500,maia3-5m,3,c2c4,c4,0.025009406730532646,0.98806171445176,0.4600856076991717,518,26,456,rnb1kb1r/pp2pppp/5n2/qNpp4/3P1B2/8/PPP1PPPP/R2QKBNR w KQkq -,MODEL_PREDICTION_NOT_EMPIRICAL
JOB-04,B8,1500,maia3-5m,4,g1f3,Nf3,0.022932549938559532,0.98806171445176,0.4600856076991717,528,27,445,rnb1kb1r/pp2pppp/5n2/qNpp4/3P1B2/8/PPP1PPPP/R2QKBNR w KQkq -,MODEL_PREDICTION_NOT_EMPIRICAL
JOB-04,B8,1500,maia3-5m,5,e2e3,e3,0.016669709235429764,0.98806171445176,0.4600856076991717,502,26,472,rnb1kb1r/pp2pppp/5n2/qNpp4/3P1B2/8/PPP1PPPP/R2QKBNR w KQkq -,MODEL_PREDICTION_NOT_EMPIRICAL
JOB-04,B8,1500,maia3-5m,6,g2g3,g3,0.013175034895539284,0.98806171445176,0.4600856076991717,516,27,457,rnb1kb1r/pp2pppp/5n2/qNpp4/3P1B2/8/PPP1PPPP/R2QKBNR w KQkq -,MODEL_PREDICTION_NOT_EMPIRICAL
JOB-04,B8,1500,maia3-5m,7,b2b3,b3,0.010849794372916222,0.98806171445176,0.4600856076991717,510,27,463,rnb1kb1r/pp2pppp/5n2/qNpp4/3P1B2/8/PPP1PPPP/R2QKBNR w KQkq -,MODEL_PREDICTION_NOT_EMPIRICAL
JOB-04,B8,1500,maia3-5m,8,f2f4,f4,0.0063391150906682014,0.98806171445176,0.4600856076991717,523,27,450,rnb1kb1r/pp2pppp/5n2/qNpp4/3P1B2/8/PPP1PPPP/R2QKBNR w KQkq -,MODEL_PREDICTION_NOT_EMPIRICAL
JOB-04,B8,1500,maia3-5m,9,d2d3,d3,0.004973711911588907,0.98806171445176,0.4600856076991717,504,28,468,rnb1kb1r/pp2pppp/5n2/qNpp4/3P1B2/8/PPP1PPPP/R2QKBNR w KQkq -,MODEL_PREDICTION_NOT_EMPIRICAL
JOB-04,B8,1500,maia3-5m,10,b2b4,b4,0.0036456398665905,0.98806171445176,0.4600856076991717,512,27,461,rnb1kb1r/pp2pppp/5n2/qNpp4/3P1B2/8/PPP1PPPP/R2QKBNR w KQkq -,MODEL_PREDICTION_NOT_EMPIRICAL
JOB-04,B8,1700,maia3-5m,1,e2e4,e4,0.6205705404281616,0.988658441696316,0.48012239459539624,513,27,460,rnb1kb1r/pp2pppp/5n2/qNpp4/3P1B2/8/PPP1PPPP/R2QKBNR w KQkq -,MODEL_PREDICTION_NOT_EMPIRICAL
JOB-04,B8,1700,maia3-5m,2,d2d4,d4,0.2547968029975891,0.988658441696316,0.48012239459539624,519,30,451,rnb1kb1r/pp2pppp/5n2/qNpp4/3P1B2/8/PPP1PPPP/R2QKBNR w KQkq -,MODEL_PREDICTION_NOT_EMPIRICAL
JOB-04,B8,1700,maia3-5m,3,c2c4,c4,0.030909236520528793,0.988658441696316,0.48012239459539624,524,29,447,rnb1kb1r/pp2pppp/5n2/qNpp4/3P1B2/8/PPP1PPPP/R2QKBNR w KQkq -,MODEL_PREDICTION_NOT_EMPIRICAL
JOB-04,B8,1700,maia3-5m,4,g1f3,Nf3,0.025549987331032753,0.988658441696316,0.48012239459539624,533,29,438,rnb1kb1r/pp2pppp/5n2/qNpp4/3P1B2/8/PPP1PPPP/R2QKBNR w KQkq -,MODEL_PREDICTION_NOT_EMPIRICAL
JOB-04,B8,1700,maia3-5m,5,e2e3,e3,0.013819748535752296,0.988658441696316,0.48012239459539624,498,29,473,rnb1kb1r/pp2pppp/5n2/qNpp4/3P1B2/8/PPP1PPPP/R2QKBNR w KQkq -,MODEL_PREDICTION_NOT_EMPIRICAL
JOB-04,B8,1700,maia3-5m,6,g2g3,g3,0.012876337394118309,0.988658441696316,0.48012239459539624,523,28,449,rnb1kb1r/pp2pppp/5n2/qNpp4/3P1B2/8/PPP1PPPP/R2QKBNR w KQkq -,MODEL_PREDICTION_NOT_EMPIRICAL
JOB-04,B8,1700,maia3-5m,7,b2b3,b3,0.01174180768430233,0.988658441696316,0.48012239459539624,516,29,455,rnb1kb1r/pp2pppp/5n2/qNpp4/3P1B2/8/PPP1PPPP/R2QKBNR w KQkq -,MODEL_PREDICTION_NOT_EMPIRICAL
JOB-04,B8,1700,maia3-5m,8,f2f4,f4,0.009360010735690594,0.988658441696316,0.48012239459539624,525,28,447,rnb1kb1r/pp2pppp/5n2/qNpp4/3P1B2/8/PPP1PPPP/R2QKBNR w KQkq -,MODEL_PREDICTION_NOT_EMPIRICAL
JOB-04,B8,1700,maia3-5m,9,d2d3,d3,0.004694441333413124,0.988658441696316,0.48012239459539624,505,30,465,rnb1kb1r/pp2pppp/5n2/qNpp4/3P1B2/8/PPP1PPPP/R2QKBNR w KQkq -,MODEL_PREDICTION_NOT_EMPIRICAL
JOB-04,B8,1700,maia3-5m,10,b2b4,b4,0.004339528735727072,0.988658441696316,0.48012239459539624,514,27,459,rnb1kb1r/pp2pppp/5n2/qNpp4/3P1B2/8/PPP1PPPP/R2QKBNR w KQkq -,MODEL_PREDICTION_NOT_EMPIRICAL
JOB-04,B8,1900,maia3-5m,1,e2e4,e4,0.5909685492515564,0.9884343789890409,0.5043124564545928,513,32,455,rnb1kb1r/pp2pppp/5n2/qNpp4/3P1B2/8/PPP1PPPP/R2QKBNR w KQkq -,MODEL_PREDICTION_NOT_EMPIRICAL
JOB-04,B8,1900,maia3-5m,2,d2d4,d4,0.2694249749183655,0.9884343789890409,0.5043124564545928,521,35,444,rnb1kb1r/pp2pppp/5n2/qNpp4/3P1B2/8/PPP1PPPP/R2QKBNR w KQkq -,MODEL_PREDICTION_NOT_EMPIRICAL
JOB-04,B8,1900,maia3-5m,3,c2c4,c4,0.03926251456141472,0.9884343789890409,0.5043124564545928,529,33,438,rnb1kb1r/pp2pppp/5n2/qNpp4/3P1B2/8/PPP1PPPP/R2QKBNR w KQkq -,MODEL_PREDICTION_NOT_EMPIRICAL
JOB-04,B8,1900,maia3-5m,4,g1f3,Nf3,0.032338257879018784,0.9884343789890409,0.5043124564545928,538,33,429,rnb1kb1r/pp2pppp/5n2/qNpp4/3P1B2/8/PPP1PPPP/R2QKBNR w KQkq -,MODEL_PREDICTION_NOT_EMPIRICAL
JOB-04,B8,1900,maia3-5m,5,f2f4,f4,0.01306967530399561,0.9884343789890409,0.5043124564545928,525,30,445,rnb1kb1r/pp2pppp/5n2/qNpp4/3P1B2/8/PPP1PPPP/R2QKBNR w KQkq -,MODEL_PREDICTION_NOT_EMPIRICAL
JOB-04,B8,1900,maia3-5m,6,b2b3,b3,0.011948314495384693,0.9884343789890409,0.5043124564545928,519,33,448,rnb1kb1r/pp2pppp/5n2/qNpp4/3P1B2/8/PPP1PPPP/R2QKBNR w KQkq -,MODEL_PREDICTION_NOT_EMPIRICAL
JOB-04,B8,1900,maia3-5m,7,g2g3,g3,0.01160159520804882,0.9884343789890409,0.5043124564545928,524,33,443,rnb1kb1r/pp2pppp/5n2/qNpp4/3P1B2/8/PPP1PPPP/R2QKBNR w KQkq -,MODEL_PREDICTION_NOT_EMPIRICAL
JOB-04,B8,1900,maia3-5m,8,e2e3,e3,0.010756749659776688,0.9884343789890409,0.5043124564545928,495,33,472,rnb1kb1r/pp2pppp/5n2/qNpp4/3P1B2/8/PPP1PPPP/R2QKBNR w KQkq -,MODEL_PREDICTION_NOT_EMPIRICAL
JOB-04,B8,1900,maia3-5m,9,b2b4,b4,0.0045842663384974,0.9884343789890409,0.5043124564545928,515,29,456,rnb1kb1r/pp2pppp/5n2/qNpp4/3P1B2/8/PPP1PPPP/R2QKBNR w KQkq -,MODEL_PREDICTION_NOT_EMPIRICAL
JOB-04,B8,1900,maia3-5m,10,d2d3,d3,0.0044794813729822636,0.9884343789890409,0.5043124564545928,505,34,461,rnb1kb1r/pp2pppp/5n2/qNpp4/3P1B2/8/PPP1PPPP/R2QKBNR w KQkq -,MODEL_PREDICTION_NOT_EMPIRICAL
JOB-04,B8,2100,maia3-5m,1,e2e4,e4,0.5395658612251282,0.9888081029057503,0.541373665859982,519,41,440,rnb1kb1r/pp2pppp/5n2/qNpp4/3P1B2/8/PPP1PPPP/R2QKBNR w KQkq -,MODEL_PREDICTION_NOT_EMPIRICAL
JOB-04,B8,2100,maia3-5m,2,d2d4,d4,0.2930448055267334,0.9888081029057503,0.541373665859982,527,44,429,rnb1kb1r/pp2pppp/5n2/qNpp4/3P1B2/8/PPP1PPPP/R2QKBNR w KQkq -,MODEL_PREDICTION_NOT_EMPIRICAL
JOB-04,B8,2100,maia3-5m,3,c2c4,c4,0.051827896386384964,0.9888081029057503,0.541373665859982,535,42,423,rnb1kb1r/pp2pppp/5n2/qNpp4/3P1B2/8/PPP1PPPP/R2QKBNR w KQkq -,MODEL_PREDICTION_NOT_EMPIRICAL
JOB-04,B8,2100,maia3-5m,4,g1f3,Nf3,0.05066932365298271,0.9888081029057503,0.541373665859982,542,42,416,rnb1kb1r/pp2pppp/5n2/qNpp4/3P1B2/8/PPP1PPPP/R2QKBNR w KQkq -,MODEL_PREDICTION_NOT_EMPIRICAL
JOB-04,B8,2100,maia3-5m,5,f2f4,f4,0.013551043346524239,0.9888081029057503,0.541373665859982,526,37,437,rnb1kb1r/pp2pppp/5n2/qNpp4/3P1B2/8/PPP1PPPP/R2QKBNR w KQkq -,MODEL_PREDICTION_NOT_EMPIRICAL
JOB-04,B8,2100,maia3-5m,6,b2b3,b3,0.01229612436145544,0.9888081029057503,0.541373665859982,527,41,432,rnb1kb1r/pp2pppp/5n2/qNpp4/3P1B2/8/PPP1PPPP/R2QKBNR w KQkq -,MODEL_PREDICTION_NOT_EMPIRICAL
JOB-04,B8,2100,maia3-5m,7,g2g3,g3,0.009896432980895042,0.9888081029057503,0.541373665859982,531,42,427,rnb1kb1r/pp2pppp/5n2/qNpp4/3P1B2/8/PPP1PPPP/R2QKBNR w KQkq -,MODEL_PREDICTION_NOT_EMPIRICAL
JOB-04,B8,2100,maia3-5m,8,e2e3,e3,0.007974912412464619,0.9888081029057503,0.541373665859982,497,42,461,rnb1kb1r/pp2pppp/5n2/qNpp4/3P1B2/8/PPP1PPPP/R2QKBNR w KQkq -,MODEL_PREDICTION_NOT_EMPIRICAL
JOB-04,B8,2100,maia3-5m,9,b1c3,Nc3,0.0054556746035814285,0.9888081029057503,0.541373665859982,552,39,409,rnb1kb1r/pp2pppp/5n2/qNpp4/3P1B2/8/PPP1PPPP/R2QKBNR w KQkq -,MODEL_PREDICTION_NOT_EMPIRICAL
JOB-04,B8,2100,maia3-5m,10,d2d3,d3,0.004526028409600258,0.9888081029057503,0.541373665859982,513,43,444,rnb1kb1r/pp2pppp/5n2/qNpp4/3P1B2/8/PPP1PPPP/R2QKBNR w KQkq -,MODEL_PREDICTION_NOT_EMPIRICAL
JOB-13,B8,1100,maia3-5m,1,e2e4,e4,0.6749164462089539,0.9871364636346698,0.4342553640682974,519,24,457,r3kb1r/pp2pppp/2n2n2/qNpp4/3P1B2/4P3/PPP1NPPP/R2QK2R w KQkq -,MODEL_PREDICTION_NOT_EMPIRICAL
JOB-13,B8,1100,maia3-5m,2,d2d4,d4,0.21801438927650452,0.9871364636346698,0.4342553640682974,524,25,451,r3kb1r/pp2pppp/2n2n2/qNpp4/3P1B2/4P3/PPP1NPPP/R2QK2R w KQkq -,MODEL_PREDICTION_NOT_EMPIRICAL
JOB-13,B8,1100,maia3-5m,3,e2e3,e3,0.022561196237802505,0.9871364636346698,0.4342553640682974,503,25,472,r3kb1r/pp2pppp/2n2n2/qNpp4/3P1B2/4P3/PPP1NPPP/R2QK2R w KQkq -,MODEL_PREDICTION_NOT_EMPIRICAL
JOB-13,B8,1100,maia3-5m,4,g1f3,Nf3,0.0210112277418375,0.9871364636346698,0.4342553640682974,516,28,456,r3kb1r/pp2pppp/2n2n2/qNpp4/3P1B2/4P3/PPP1NPPP/R2QK2R w KQkq -,MODEL_PREDICTION_NOT_EMPIRICAL
JOB-13,B8,1100,maia3-5m,5,c2c4,c4,0.016066906973719597,0.9871364636346698,0.4342553640682974,510,25,465,r3kb1r/pp2pppp/2n2n2/qNpp4/3P1B2/4P3/PPP1NPPP/R2QK2R w KQkq -,MODEL_PREDICTION_NOT_EMPIRICAL
JOB-13,B8,1100,maia3-5m,6,g2g3,g3,0.011687462218105793,0.9871364636346698,0.4342553640682974,494,25,481,r3kb1r/pp2pppp/2n2n2/qNpp4/3P1B2/4P3/PPP1NPPP/R2QK2R w KQkq -,MODEL_PREDICTION_NOT_EMPIRICAL
JOB-13,B8,1100,maia3-5m,7,b2b3,b3,0.007874177768826485,0.9871364636346698,0.4342553640682974,496,26,478,r3kb1r/pp2pppp/2n2n2/qNpp4/3P1B2/4P3/PPP1NPPP/R2QK2R w KQkq -,MODEL_PREDICTION_NOT_EMPIRICAL
JOB-13,B8,1100,maia3-5m,8,d2d3,d3,0.005962725728750229,0.9871364636346698,0.4342553640682974,498,26,476,r3kb1r/pp2pppp/2n2n2/qNpp4/3P1B2/4P3/PPP1NPPP/R2QK2R w KQkq -,MODEL_PREDICTION_NOT_EMPIRICAL
JOB-13,B8,1100,maia3-5m,9,b1c3,Nc3,0.00519427889958024,0.9871364636346698,0.4342553640682974,524,26,450,r3kb1r/pp2pppp/2n2n2/qNpp4/3P1B2/4P3/PPP1NPPP/R2QK2R w KQkq -,MODEL_PREDICTION_NOT_EMPIRICAL
JOB-13,B8,1100,maia3-5m,10,f2f4,f4,0.003847652580589056,0.9871364636346698,0.4342553640682974,509,27,464,r3kb1r/pp2pppp/2n2n2/qNpp4/3P1B2/4P3/PPP1NPPP/R2QK2R w KQkq -,MODEL_PREDICTION_NOT_EMPIRICAL
JOB-13,B8,1300,maia3-5m,1,e2e4,e4,0.6615840792655945,0.9876184498425573,0.44341396362140506,518,24,458,r3kb1r/pp2pppp/2n2n2/qNpp4/3P1B2/4P3/PPP1NPPP/R2QK2R w KQkq -,MODEL_PREDICTION_NOT_EMPIRICAL
JOB-13,B8,1300,maia3-5m,2,d2d4,d4,0.2294148951768875,0.9876184498425573,0.44341396362140506,522,26,452,r3kb1r/pp2pppp/2n2n2/qNpp4/3P1B2/4P3/PPP1NPPP/R2QK2R w KQkq -,MODEL_PREDICTION_NOT_EMPIRICAL
JOB-13,B8,1300,maia3-5m,3,g1f3,Nf3,0.02157282643020153,0.9876184498425573,0.44341396362140506,523,27,450,r3kb1r/pp2pppp/2n2n2/qNpp4/3P1B2/4P3/PPP1NPPP/R2QK2R w KQkq -,MODEL_PREDICTION_NOT_EMPIRICAL
JOB-13,B8,1300,maia3-5m,4,c2c4,c4,0.020122205838561058,0.9876184498425573,0.44341396362140506,514,26,460,r3kb1r/pp2pppp/2n2n2/qNpp4/3P1B2/4P3/PPP1NPPP/R2QK2R w KQkq -,MODEL_PREDICTION_NOT_EMPIRICAL
JOB-13,B8,1300,maia3-5m,5,e2e3,e3,0.019332410767674446,0.9876184498425573,0.44341396362140506,504,25,471,r3kb1r/pp2pppp/2n2n2/qNpp4/3P1B2/4P3/PPP1NPPP/R2QK2R w KQkq -,MODEL_PREDICTION_NOT_EMPIRICAL
JOB-13,B8,1300,maia3-5m,6,g2g3,g3,0.012549953535199165,0.9876184498425573,0.44341396362140506,506,26,468,r3kb1r/pp2pppp/2n2n2/qNpp4/3P1B2/4P3/PPP1NPPP/R2QK2R w KQkq -,MODEL_PREDICTION_NOT_EMPIRICAL
JOB-13,B8,1300,maia3-5m,7,b2b3,b3,0.009338651783764362,0.9876184498425573,0.44341396362140506,503,26,471,r3kb1r/pp2pppp/2n2n2/qNpp4/3P1B2/4P3/PPP1NPPP/R2QK2R w KQkq -,MODEL_PREDICTION_NOT_EMPIRICAL
JOB-13,B8,1300,maia3-5m,8,d2d3,d3,0.005362409166991711,0.9876184498425573,0.44341396362140506,501,27,472,r3kb1r/pp2pppp/2n2n2/qNpp4/3P1B2/4P3/PPP1NPPP/R2QK2R w KQkq -,MODEL_PREDICTION_NOT_EMPIRICAL
JOB-13,B8,1300,maia3-5m,9,f2f4,f4,0.004565780982375145,0.9876184498425573,0.44341396362140506,518,27,455,r3kb1r/pp2pppp/2n2n2/qNpp4/3P1B2/4P3/PPP1NPPP/R2QK2R w KQkq -,MODEL_PREDICTION_NOT_EMPIRICAL
JOB-13,B8,1300,maia3-5m,10,b1c3,Nc3,0.0037752368953078985,0.9876184498425573,0.44341396362140506,529,25,446,r3kb1r/pp2pppp/2n2n2/qNpp4/3P1B2/4P3/PPP1NPPP/R2QK2R w KQkq -,MODEL_PREDICTION_NOT_EMPIRICAL
JOB-13,B8,1500,maia3-5m,1,e2e4,e4,0.6428149938583374,0.98806171445176,0.4600856076991717,516,25,459,r3kb1r/pp2pppp/2n2n2/qNpp4/3P1B2/4P3/PPP1NPPP/R2QK2R w KQkq -,MODEL_PREDICTION_NOT_EMPIRICAL
JOB-13,B8,1500,maia3-5m,2,d2d4,d4,0.2416517585515976,0.98806171445176,0.4600856076991717,521,27,452,r3kb1r/pp2pppp/2n2n2/qNpp4/3P1B2/4P3/PPP1NPPP/R2QK2R w KQkq -,MODEL_PREDICTION_NOT_EMPIRICAL
JOB-13,B8,1500,maia3-5m,3,c2c4,c4,0.025009406730532646,0.98806171445176,0.4600856076991717,518,26,456,r3kb1r/pp2pppp/2n2n2/qNpp4/3P1B2/4P3/PPP1NPPP/R2QK2R w KQkq -,MODEL_PREDICTION_NOT_EMPIRICAL
JOB-13,B8,1500,maia3-5m,4,g1f3,Nf3,0.022932549938559532,0.98806171445176,0.4600856076991717,528,27,445,r3kb1r/pp2pppp/2n2n2/qNpp4/3P1B2/4P3/PPP1NPPP/R2QK2R w KQkq -,MODEL_PREDICTION_NOT_EMPIRICAL
JOB-13,B8,1500,maia3-5m,5,e2e3,e3,0.016669709235429764,0.98806171445176,0.4600856076991717,502,26,472,r3kb1r/pp2pppp/2n2n2/qNpp4/3P1B2/4P3/PPP1NPPP/R2QK2R w KQkq -,MODEL_PREDICTION_NOT_EMPIRICAL
JOB-13,B8,1500,maia3-5m,6,g2g3,g3,0.013175034895539284,0.98806171445176,0.4600856076991717,516,27,457,r3kb1r/pp2pppp/2n2n2/qNpp4/3P1B2/4P3/PPP1NPPP/R2QK2R w KQkq -,MODEL_PREDICTION_NOT_EMPIRICAL
JOB-13,B8,1500,maia3-5m,7,b2b3,b3,0.010849794372916222,0.98806171445176,0.4600856076991717,510,27,463,r3kb1r/pp2pppp/2n2n2/qNpp4/3P1B2/4P3/PPP1NPPP/R2QK2R w KQkq -,MODEL_PREDICTION_NOT_EMPIRICAL
JOB-13,B8,1500,maia3-5m,8,f2f4,f4,0.0063391150906682014,0.98806171445176,0.4600856076991717,523,27,450,r3kb1r/pp2pppp/2n2n2/qNpp4/3P1B2/4P3/PPP1NPPP/R2QK2R w KQkq -,MODEL_PREDICTION_NOT_EMPIRICAL
JOB-13,B8,1500,maia3-5m,9,d2d3,d3,0.004973711911588907,0.98806171445176,0.4600856076991717,504,28,468,r3kb1r/pp2pppp/2n2n2/qNpp4/3P1B2/4P3/PPP1NPPP/R2QK2R w KQkq -,MODEL_PREDICTION_NOT_EMPIRICAL
JOB-13,B8,1500,maia3-5m,10,b2b4,b4,0.0036456398665905,0.98806171445176,0.4600856076991717,512,27,461,r3kb1r/pp2pppp/2n2n2/qNpp4/3P1B2/4P3/PPP1NPPP/R2QK2R w KQkq -,MODEL_PREDICTION_NOT_EMPIRICAL
JOB-13,B8,1700,maia3-5m,1,e2e4,e4,0.6205705404281616,0.988658441696316,0.48012239459539624,513,27,460,r3kb1r/pp2pppp/2n2n2/qNpp4/3P1B2/4P3/PPP1NPPP/R2QK2R w KQkq -,MODEL_PREDICTION_NOT_EMPIRICAL
JOB-13,B8,1700,maia3-5m,2,d2d4,d4,0.2547968029975891,0.988658441696316,0.48012239459539624,519,30,451,r3kb1r/pp2pppp/2n2n2/qNpp4/3P1B2/4P3/PPP1NPPP/R2QK2R w KQkq -,MODEL_PREDICTION_NOT_EMPIRICAL
JOB-13,B8,1700,maia3-5m,3,c2c4,c4,0.030909236520528793,0.988658441696316,0.48012239459539624,524,29,447,r3kb1r/pp2pppp/2n2n2/qNpp4/3P1B2/4P3/PPP1NPPP/R2QK2R w KQkq -,MODEL_PREDICTION_NOT_EMPIRICAL
JOB-13,B8,1700,maia3-5m,4,g1f3,Nf3,0.025549987331032753,0.988658441696316,0.48012239459539624,533,29,438,r3kb1r/pp2pppp/2n2n2/qNpp4/3P1B2/4P3/PPP1NPPP/R2QK2R w KQkq -,MODEL_PREDICTION_NOT_EMPIRICAL
JOB-13,B8,1700,maia3-5m,5,e2e3,e3,0.013819748535752296,0.988658441696316,0.48012239459539624,498,29,473,r3kb1r/pp2pppp/2n2n2/qNpp4/3P1B2/4P3/PPP1NPPP/R2QK2R w KQkq -,MODEL_PREDICTION_NOT_EMPIRICAL
JOB-13,B8,1700,maia3-5m,6,g2g3,g3,0.012876337394118309,0.988658441696316,0.48012239459539624,523,28,449,r3kb1r/pp2pppp/2n2n2/qNpp4/3P1B2/4P3/PPP1NPPP/R2QK2R w KQkq -,MODEL_PREDICTION_NOT_EMPIRICAL
JOB-13,B8,1700,maia3-5m,7,b2b3,b3,0.01174180768430233,0.988658441696316,0.48012239459539624,516,29,455,r3kb1r/pp2pppp/2n2n2/qNpp4/3P1B2/4P3/PPP1NPPP/R2QK2R w KQkq -,MODEL_PREDICTION_NOT_EMPIRICAL
JOB-13,B8,1700,maia3-5m,8,f2f4,f4,0.009360010735690594,0.988658441696316,0.48012239459539624,525,28,447,r3kb1r/pp2pppp/2n2n2/qNpp4/3P1B2/4P3/PPP1NPPP/R2QK2R w KQkq -,MODEL_PREDICTION_NOT_EMPIRICAL
JOB-13,B8,1700,maia3-5m,9,d2d3,d3,0.004694441333413124,0.988658441696316,0.48012239459539624,505,30,465,r3kb1r/pp2pppp/2n2n2/qNpp4/3P1B2/4P3/PPP1NPPP/R2QK2R w KQkq -,MODEL_PREDICTION_NOT_EMPIRICAL
JOB-13,B8,1700,maia3-5m,10,b2b4,b4,0.004339528735727072,0.988658441696316,0.48012239459539624,514,27,459,r3kb1r/pp2pppp/2n2n2/qNpp4/3P1B2/4P3/PPP1NPPP/R2QK2R w KQkq -,MODEL_PREDICTION_NOT_EMPIRICAL
JOB-13,B8,1900,maia3-5m,1,e2e4,e4,0.5909685492515564,0.9884343789890409,0.5043124564545928,513,32,455,r3kb1r/pp2pppp/2n2n2/qNpp4/3P1B2/4P3/PPP1NPPP/R2QK2R w KQkq -,MODEL_PREDICTION_NOT_EMPIRICAL
JOB-13,B8,1900,maia3-5m,2,d2d4,d4,0.2694249749183655,0.9884343789890409,0.5043124564545928,521,35,444,r3kb1r/pp2pppp/2n2n2/qNpp4/3P1B2/4P3/PPP1NPPP/R2QK2R w KQkq -,MODEL_PREDICTION_NOT_EMPIRICAL
JOB-13,B8,1900,maia3-5m,3,c2c4,c4,0.03926251456141472,0.9884343789890409,0.5043124564545928,529,33,438,r3kb1r/pp2pppp/2n2n2/qNpp4/3P1B2/4P3/PPP1NPPP/R2QK2R w KQkq -,MODEL_PREDICTION_NOT_EMPIRICAL
JOB-13,B8,1900,maia3-5m,4,g1f3,Nf3,0.032338257879018784,0.9884343789890409,0.5043124564545928,538,33,429,r3kb1r/pp2pppp/2n2n2/qNpp4/3P1B2/4P3/PPP1NPPP/R2QK2R w KQkq -,MODEL_PREDICTION_NOT_EMPIRICAL
JOB-13,B8,1900,maia3-5m,5,f2f4,f4,0.01306967530399561,0.9884343789890409,0.5043124564545928,525,30,445,r3kb1r/pp2pppp/2n2n2/qNpp4/3P1B2/4P3/PPP1NPPP/R2QK2R w KQkq -,MODEL_PREDICTION_NOT_EMPIRICAL
JOB-13,B8,1900,maia3-5m,6,b2b3,b3,0.011948314495384693,0.9884343789890409,0.5043124564545928,519,33,448,r3kb1r/pp2pppp/2n2n2/qNpp4/3P1B2/4P3/PPP1NPPP/R2QK2R w KQkq -,MODEL_PREDICTION_NOT_EMPIRICAL
JOB-13,B8,1900,maia3-5m,7,g2g3,g3,0.01160159520804882,0.9884343789890409,0.5043124564545928,524,33,443,r3kb1r/pp2pppp/2n2n2/qNpp4/3P1B2/4P3/PPP1NPPP/R2QK2R w KQkq -,MODEL_PREDICTION_NOT_EMPIRICAL
JOB-13,B8,1900,maia3-5m,8,e2e3,e3,0.010756749659776688,0.9884343789890409,0.5043124564545928,495,33,472,r3kb1r/pp2pppp/2n2n2/qNpp4/3P1B2/4P3/PPP1NPPP/R2QK2R w KQkq -,MODEL_PREDICTION_NOT_EMPIRICAL
JOB-13,B8,1900,maia3-5m,9,b2b4,b4,0.0045842663384974,0.9884343789890409,0.5043124564545928,515,29,456,r3kb1r/pp2pppp/2n2n2/qNpp4/3P1B2/4P3/PPP1NPPP/R2QK2R w KQkq -,MODEL_PREDICTION_NOT_EMPIRICAL
JOB-13,B8,1900,maia3-5m,10,d2d3,d3,0.0044794813729822636,0.9884343789890409,0.5043124564545928,505,34,461,r3kb1r/pp2pppp/2n2n2/qNpp4/3P1B2/4P3/PPP1NPPP/R2QK2R w KQkq -,MODEL_PREDICTION_NOT_EMPIRICAL
JOB-13,B8,2100,maia3-5m,1,e2e4,e4,0.5395658612251282,0.9888081029057503,0.541373665859982,519,41,440,r3kb1r/pp2pppp/2n2n2/qNpp4/3P1B2/4P3/PPP1NPPP/R2QK2R w KQkq -,MODEL_PREDICTION_NOT_EMPIRICAL
JOB-13,B8,2100,maia3-5m,2,d2d4,d4,0.2930448055267334,0.9888081029057503,0.541373665859982,527,44,429,r3kb1r/pp2pppp/2n2n2/qNpp4/3P1B2/4P3/PPP1NPPP/R2QK2R w KQkq -,MODEL_PREDICTION_NOT_EMPIRICAL
JOB-13,B8,2100,maia3-5m,3,c2c4,c4,0.051827896386384964,0.9888081029057503,0.541373665859982,535,42,423,r3kb1r/pp2pppp/2n2n2/qNpp4/3P1B2/4P3/PPP1NPPP/R2QK2R w KQkq -,MODEL_PREDICTION_NOT_EMPIRICAL
JOB-13,B8,2100,maia3-5m,4,g1f3,Nf3,0.05066932365298271,0.9888081029057503,0.541373665859982,542,42,416,r3kb1r/pp2pppp/2n2n2/qNpp4/3P1B2/4P3/PPP1NPPP/R2QK2R w KQkq -,MODEL_PREDICTION_NOT_EMPIRICAL
JOB-13,B8,2100,maia3-5m,5,f2f4,f4,0.013551043346524239,0.9888081029057503,0.541373665859982,526,37,437,r3kb1r/pp2pppp/2n2n2/qNpp4/3P1B2/4P3/PPP1NPPP/R2QK2R w KQkq -,MODEL_PREDICTION_NOT_EMPIRICAL
JOB-13,B8,2100,maia3-5m,6,b2b3,b3,0.01229612436145544,0.9888081029057503,0.541373665859982,527,41,432,r3kb1r/pp2pppp/2n2n2/qNpp4/3P1B2/4P3/PPP1NPPP/R2QK2R w KQkq -,MODEL_PREDICTION_NOT_EMPIRICAL
JOB-13,B8,2100,maia3-5m,7,g2g3,g3,0.009896432980895042,0.9888081029057503,0.541373665859982,531,42,427,r3kb1r/pp2pppp/2n2n2/qNpp4/3P1B2/4P3/PPP1NPPP/R2QK2R w KQkq -,MODEL_PREDICTION_NOT_EMPIRICAL
JOB-13,B8,2100,maia3-5m,8,e2e3,e3,0.007974912412464619,0.9888081029057503,0.541373665859982,497,42,461,r3kb1r/pp2pppp/2n2n2/qNpp4/3P1B2/4P3/PPP1NPPP/R2QK2R w KQkq -,MODEL_PREDICTION_NOT_EMPIRICAL
JOB-13,B8,2100,maia3-5m,9,b1c3,Nc3,0.0054556746035814285,0.9888081029057503,0.541373665859982,552,39,409,r3kb1r/pp2pppp/2n2n2/qNpp4/3P1B2/4P3/PPP1NPPP/R2QK2R w KQkq -,MODEL_PREDICTION_NOT_EMPIRICAL
JOB-13,B8,2100,maia3-5m,10,d2d3,d3,0.004526028409600258,0.9888081029057503,0.541373665859982,513,43,444,r3kb1r/pp2pppp/2n2n2/qNpp4/3P1B2/4P3/PPP1NPPP/R2QK2R w KQkq -,MODEL_PREDICTION_NOT_EMPIRICAL
TOR-06,B8,1100,maia3-5m,1,e2e4,e4,0.6749164462089539,0.9871364636346698,0.4342553640682974,519,24,457,rnbqkb1r/ppp2ppp/8/3pp1N1/3P4/8/PPPNPPPP/R2QKB1R w KQkq -,MODEL_PREDICTION_NOT_EMPIRICAL
TOR-06,B8,1100,maia3-5m,2,d2d4,d4,0.21801438927650452,0.9871364636346698,0.4342553640682974,524,25,451,rnbqkb1r/ppp2ppp/8/3pp1N1/3P4/8/PPPNPPPP/R2QKB1R w KQkq -,MODEL_PREDICTION_NOT_EMPIRICAL
TOR-06,B8,1100,maia3-5m,3,e2e3,e3,0.022561196237802505,0.9871364636346698,0.4342553640682974,503,25,472,rnbqkb1r/ppp2ppp/8/3pp1N1/3P4/8/PPPNPPPP/R2QKB1R w KQkq -,MODEL_PREDICTION_NOT_EMPIRICAL
TOR-06,B8,1100,maia3-5m,4,g1f3,Nf3,0.0210112277418375,0.9871364636346698,0.4342553640682974,516,28,456,rnbqkb1r/ppp2ppp/8/3pp1N1/3P4/8/PPPNPPPP/R2QKB1R w KQkq -,MODEL_PREDICTION_NOT_EMPIRICAL
TOR-06,B8,1100,maia3-5m,5,c2c4,c4,0.016066906973719597,0.9871364636346698,0.4342553640682974,510,25,465,rnbqkb1r/ppp2ppp/8/3pp1N1/3P4/8/PPPNPPPP/R2QKB1R w KQkq -,MODEL_PREDICTION_NOT_EMPIRICAL
TOR-06,B8,1100,maia3-5m,6,g2g3,g3,0.011687462218105793,0.9871364636346698,0.4342553640682974,494,25,481,rnbqkb1r/ppp2ppp/8/3pp1N1/3P4/8/PPPNPPPP/R2QKB1R w KQkq -,MODEL_PREDICTION_NOT_EMPIRICAL
TOR-06,B8,1100,maia3-5m,7,b2b3,b3,0.007874177768826485,0.9871364636346698,0.4342553640682974,496,26,478,rnbqkb1r/ppp2ppp/8/3pp1N1/3P4/8/PPPNPPPP/R2QKB1R w KQkq -,MODEL_PREDICTION_NOT_EMPIRICAL
TOR-06,B8,1100,maia3-5m,8,d2d3,d3,0.005962725728750229,0.9871364636346698,0.4342553640682974,498,26,476,rnbqkb1r/ppp2ppp/8/3pp1N1/3P4/8/PPPNPPPP/R2QKB1R w KQkq -,MODEL_PREDICTION_NOT_EMPIRICAL
TOR-06,B8,1100,maia3-5m,9,b1c3,Nc3,0.00519427889958024,0.9871364636346698,0.4342553640682974,524,26,450,rnbqkb1r/ppp2ppp/8/3pp1N1/3P4/8/PPPNPPPP/R2QKB1R w KQkq -,MODEL_PREDICTION_NOT_EMPIRICAL
TOR-06,B8,1100,maia3-5m,10,f2f4,f4,0.003847652580589056,0.9871364636346698,0.4342553640682974,509,27,464,rnbqkb1r/ppp2ppp/8/3pp1N1/3P4/8/PPPNPPPP/R2QKB1R w KQkq -,MODEL_PREDICTION_NOT_EMPIRICAL
TOR-06,B8,1300,maia3-5m,1,e2e4,e4,0.6615840792655945,0.9876184498425573,0.44341396362140506,518,24,458,rnbqkb1r/ppp2ppp/8/3pp1N1/3P4/8/PPPNPPPP/R2QKB1R w KQkq -,MODEL_PREDICTION_NOT_EMPIRICAL
TOR-06,B8,1300,maia3-5m,2,d2d4,d4,0.2294148951768875,0.9876184498425573,0.44341396362140506,522,26,452,rnbqkb1r/ppp2ppp/8/3pp1N1/3P4/8/PPPNPPPP/R2QKB1R w KQkq -,MODEL_PREDICTION_NOT_EMPIRICAL
TOR-06,B8,1300,maia3-5m,3,g1f3,Nf3,0.02157282643020153,0.9876184498425573,0.44341396362140506,523,27,450,rnbqkb1r/ppp2ppp/8/3pp1N1/3P4/8/PPPNPPPP/R2QKB1R w KQkq -,MODEL_PREDICTION_NOT_EMPIRICAL
TOR-06,B8,1300,maia3-5m,4,c2c4,c4,0.020122205838561058,0.9876184498425573,0.44341396362140506,514,26,460,rnbqkb1r/ppp2ppp/8/3pp1N1/3P4/8/PPPNPPPP/R2QKB1R w KQkq -,MODEL_PREDICTION_NOT_EMPIRICAL
TOR-06,B8,1300,maia3-5m,5,e2e3,e3,0.019332410767674446,0.9876184498425573,0.44341396362140506,504,25,471,rnbqkb1r/ppp2ppp/8/3pp1N1/3P4/8/PPPNPPPP/R2QKB1R w KQkq -,MODEL_PREDICTION_NOT_EMPIRICAL
TOR-06,B8,1300,maia3-5m,6,g2g3,g3,0.012549953535199165,0.9876184498425573,0.44341396362140506,506,26,468,rnbqkb1r/ppp2ppp/8/3pp1N1/3P4/8/PPPNPPPP/R2QKB1R w KQkq -,MODEL_PREDICTION_NOT_EMPIRICAL
TOR-06,B8,1300,maia3-5m,7,b2b3,b3,0.009338651783764362,0.9876184498425573,0.44341396362140506,503,26,471,rnbqkb1r/ppp2ppp/8/3pp1N1/3P4/8/PPPNPPPP/R2QKB1R w KQkq -,MODEL_PREDICTION_NOT_EMPIRICAL
TOR-06,B8,1300,maia3-5m,8,d2d3,d3,0.005362409166991711,0.9876184498425573,0.44341396362140506,501,27,472,rnbqkb1r/ppp2ppp/8/3pp1N1/3P4/8/PPPNPPPP/R2QKB1R w KQkq -,MODEL_PREDICTION_NOT_EMPIRICAL
TOR-06,B8,1300,maia3-5m,9,f2f4,f4,0.004565780982375145,0.9876184498425573,0.44341396362140506,518,27,455,rnbqkb1r/ppp2ppp/8/3pp1N1/3P4/8/PPPNPPPP/R2QKB1R w KQkq -,MODEL_PREDICTION_NOT_EMPIRICAL
TOR-06,B8,1300,maia3-5m,10,b1c3,Nc3,0.0037752368953078985,0.9876184498425573,0.44341396362140506,529,25,446,rnbqkb1r/ppp2ppp/8/3pp1N1/3P4/8/PPPNPPPP/R2QKB1R w KQkq -,MODEL_PREDICTION_NOT_EMPIRICAL
TOR-06,B8,1500,maia3-5m,1,e2e4,e4,0.6428149938583374,0.98806171445176,0.4600856076991717,516,25,459,rnbqkb1r/ppp2ppp/8/3pp1N1/3P4/8/PPPNPPPP/R2QKB1R w KQkq -,MODEL_PREDICTION_NOT_EMPIRICAL
TOR-06,B8,1500,maia3-5m,2,d2d4,d4,0.2416517585515976,0.98806171445176,0.4600856076991717,521,27,452,rnbqkb1r/ppp2ppp/8/3pp1N1/3P4/8/PPPNPPPP/R2QKB1R w KQkq -,MODEL_PREDICTION_NOT_EMPIRICAL
TOR-06,B8,1500,maia3-5m,3,c2c4,c4,0.025009406730532646,0.98806171445176,0.4600856076991717,518,26,456,rnbqkb1r/ppp2ppp/8/3pp1N1/3P4/8/PPPNPPPP/R2QKB1R w KQkq -,MODEL_PREDICTION_NOT_EMPIRICAL
TOR-06,B8,1500,maia3-5m,4,g1f3,Nf3,0.022932549938559532,0.98806171445176,0.4600856076991717,528,27,445,rnbqkb1r/ppp2ppp/8/3pp1N1/3P4/8/PPPNPPPP/R2QKB1R w KQkq -,MODEL_PREDICTION_NOT_EMPIRICAL
TOR-06,B8,1500,maia3-5m,5,e2e3,e3,0.016669709235429764,0.98806171445176,0.4600856076991717,502,26,472,rnbqkb1r/ppp2ppp/8/3pp1N1/3P4/8/PPPNPPPP/R2QKB1R w KQkq -,MODEL_PREDICTION_NOT_EMPIRICAL
TOR-06,B8,1500,maia3-5m,6,g2g3,g3,0.013175034895539284,0.98806171445176,0.4600856076991717,516,27,457,rnbqkb1r/ppp2ppp/8/3pp1N1/3P4/8/PPPNPPPP/R2QKB1R w KQkq -,MODEL_PREDICTION_NOT_EMPIRICAL
TOR-06,B8,1500,maia3-5m,7,b2b3,b3,0.010849794372916222,0.98806171445176,0.4600856076991717,510,27,463,rnbqkb1r/ppp2ppp/8/3pp1N1/3P4/8/PPPNPPPP/R2QKB1R w KQkq -,MODEL_PREDICTION_NOT_EMPIRICAL
TOR-06,B8,1500,maia3-5m,8,f2f4,f4,0.0063391150906682014,0.98806171445176,0.4600856076991717,523,27,450,rnbqkb1r/ppp2ppp/8/3pp1N1/3P4/8/PPPNPPPP/R2QKB1R w KQkq -,MODEL_PREDICTION_NOT_EMPIRICAL
TOR-06,B8,1500,maia3-5m,9,d2d3,d3,0.004973711911588907,0.98806171445176,0.4600856076991717,504,28,468,rnbqkb1r/ppp2ppp/8/3pp1N1/3P4/8/PPPNPPPP/R2QKB1R w KQkq -,MODEL_PREDICTION_NOT_EMPIRICAL
TOR-06,B8,1500,maia3-5m,10,b2b4,b4,0.0036456398665905,0.98806171445176,0.4600856076991717,512,27,461,rnbqkb1r/ppp2ppp/8/3pp1N1/3P4/8/PPPNPPPP/R2QKB1R w KQkq -,MODEL_PREDICTION_NOT_EMPIRICAL
TOR-06,B8,1700,maia3-5m,1,e2e4,e4,0.6205705404281616,0.988658441696316,0.48012239459539624,513,27,460,rnbqkb1r/ppp2ppp/8/3pp1N1/3P4/8/PPPNPPPP/R2QKB1R w KQkq -,MODEL_PREDICTION_NOT_EMPIRICAL
TOR-06,B8,1700,maia3-5m,2,d2d4,d4,0.2547968029975891,0.988658441696316,0.48012239459539624,519,30,451,rnbqkb1r/ppp2ppp/8/3pp1N1/3P4/8/PPPNPPPP/R2QKB1R w KQkq -,MODEL_PREDICTION_NOT_EMPIRICAL
TOR-06,B8,1700,maia3-5m,3,c2c4,c4,0.030909236520528793,0.988658441696316,0.48012239459539624,524,29,447,rnbqkb1r/ppp2ppp/8/3pp1N1/3P4/8/PPPNPPPP/R2QKB1R w KQkq -,MODEL_PREDICTION_NOT_EMPIRICAL
TOR-06,B8,1700,maia3-5m,4,g1f3,Nf3,0.025549987331032753,0.988658441696316,0.48012239459539624,533,29,438,rnbqkb1r/ppp2ppp/8/3pp1N1/3P4/8/PPPNPPPP/R2QKB1R w KQkq -,MODEL_PREDICTION_NOT_EMPIRICAL
TOR-06,B8,1700,maia3-5m,5,e2e3,e3,0.013819748535752296,0.988658441696316,0.48012239459539624,498,29,473,rnbqkb1r/ppp2ppp/8/3pp1N1/3P4/8/PPPNPPPP/R2QKB1R w KQkq -,MODEL_PREDICTION_NOT_EMPIRICAL
TOR-06,B8,1700,maia3-5m,6,g2g3,g3,0.012876337394118309,0.988658441696316,0.48012239459539624,523,28,449,rnbqkb1r/ppp2ppp/8/3pp1N1/3P4/8/PPPNPPPP/R2QKB1R w KQkq -,MODEL_PREDICTION_NOT_EMPIRICAL
TOR-06,B8,1700,maia3-5m,7,b2b3,b3,0.01174180768430233,0.988658441696316,0.48012239459539624,516,29,455,rnbqkb1r/ppp2ppp/8/3pp1N1/3P4/8/PPPNPPPP/R2QKB1R w KQkq -,MODEL_PREDICTION_NOT_EMPIRICAL
TOR-06,B8,1700,maia3-5m,8,f2f4,f4,0.009360010735690594,0.988658441696316,0.48012239459539624,525,28,447,rnbqkb1r/ppp2ppp/8/3pp1N1/3P4/8/PPPNPPPP/R2QKB1R w KQkq -,MODEL_PREDICTION_NOT_EMPIRICAL
TOR-06,B8,1700,maia3-5m,9,d2d3,d3,0.004694441333413124,0.988658441696316,0.48012239459539624,505,30,465,rnbqkb1r/ppp2ppp/8/3pp1N1/3P4/8/PPPNPPPP/R2QKB1R w KQkq -,MODEL_PREDICTION_NOT_EMPIRICAL
TOR-06,B8,1700,maia3-5m,10,b2b4,b4,0.004339528735727072,0.988658441696316,0.48012239459539624,514,27,459,rnbqkb1r/ppp2ppp/8/3pp1N1/3P4/8/PPPNPPPP/R2QKB1R w KQkq -,MODEL_PREDICTION_NOT_EMPIRICAL
TOR-06,B8,1900,maia3-5m,1,e2e4,e4,0.5909685492515564,0.9884343789890409,0.5043124564545928,513,32,455,rnbqkb1r/ppp2ppp/8/3pp1N1/3P4/8/PPPNPPPP/R2QKB1R w KQkq -,MODEL_PREDICTION_NOT_EMPIRICAL
TOR-06,B8,1900,maia3-5m,2,d2d4,d4,0.2694249749183655,0.9884343789890409,0.5043124564545928,521,35,444,rnbqkb1r/ppp2ppp/8/3pp1N1/3P4/8/PPPNPPPP/R2QKB1R w KQkq -,MODEL_PREDICTION_NOT_EMPIRICAL
TOR-06,B8,1900,maia3-5m,3,c2c4,c4,0.03926251456141472,0.9884343789890409,0.5043124564545928,529,33,438,rnbqkb1r/ppp2ppp/8/3pp1N1/3P4/8/PPPNPPPP/R2QKB1R w KQkq -,MODEL_PREDICTION_NOT_EMPIRICAL
TOR-06,B8,1900,maia3-5m,4,g1f3,Nf3,0.032338257879018784,0.9884343789890409,0.5043124564545928,538,33,429,rnbqkb1r/ppp2ppp/8/3pp1N1/3P4/8/PPPNPPPP/R2QKB1R w KQkq -,MODEL_PREDICTION_NOT_EMPIRICAL
TOR-06,B8,1900,maia3-5m,5,f2f4,f4,0.01306967530399561,0.9884343789890409,0.5043124564545928,525,30,445,rnbqkb1r/ppp2ppp/8/3pp1N1/3P4/8/PPPNPPPP/R2QKB1R w KQkq -,MODEL_PREDICTION_NOT_EMPIRICAL
TOR-06,B8,1900,maia3-5m,6,b2b3,b3,0.011948314495384693,0.9884343789890409,0.5043124564545928,519,33,448,rnbqkb1r/ppp2ppp/8/3pp1N1/3P4/8/PPPNPPPP/R2QKB1R w KQkq -,MODEL_PREDICTION_NOT_EMPIRICAL
TOR-06,B8,1900,maia3-5m,7,g2g3,g3,0.01160159520804882,0.9884343789890409,0.5043124564545928,524,33,443,rnbqkb1r/ppp2ppp/8/3pp1N1/3P4/8/PPPNPPPP/R2QKB1R w KQkq -,MODEL_PREDICTION_NOT_EMPIRICAL
TOR-06,B8,1900,maia3-5m,8,e2e3,e3,0.010756749659776688,0.9884343789890409,0.5043124564545928,495,33,472,rnbqkb1r/ppp2ppp/8/3pp1N1/3P4/8/PPPNPPPP/R2QKB1R w KQkq -,MODEL_PREDICTION_NOT_EMPIRICAL
TOR-06,B8,1900,maia3-5m,9,b2b4,b4,0.0045842663384974,0.9884343789890409,0.5043124564545928,515,29,456,rnbqkb1r/ppp2ppp/8/3pp1N1/3P4/8/PPPNPPPP/R2QKB1R w KQkq -,MODEL_PREDICTION_NOT_EMPIRICAL
TOR-06,B8,1900,maia3-5m,10,d2d3,d3,0.0044794813729822636,0.9884343789890409,0.5043124564545928,505,34,461,rnbqkb1r/ppp2ppp/8/3pp1N1/3P4/8/PPPNPPPP/R2QKB1R w KQkq -,MODEL_PREDICTION_NOT_EMPIRICAL
TOR-06,B8,2100,maia3-5m,1,e2e4,e4,0.5395658612251282,0.9888081029057503,0.541373665859982,519,41,440,rnbqkb1r/ppp2ppp/8/3pp1N1/3P4/8/PPPNPPPP/R2QKB1R w KQkq -,MODEL_PREDICTION_NOT_EMPIRICAL
TOR-06,B8,2100,maia3-5m,2,d2d4,d4,0.2930448055267334,0.9888081029057503,0.541373665859982,527,44,429,rnbqkb1r/ppp2ppp/8/3pp1N1/3P4/8/PPPNPPPP/R2QKB1R w KQkq -,MODEL_PREDICTION_NOT_EMPIRICAL
TOR-06,B8,2100,maia3-5m,3,c2c4,c4,0.051827896386384964,0.9888081029057503,0.541373665859982,535,42,423,rnbqkb1r/ppp2ppp/8/3pp1N1/3P4/8/PPPNPPPP/R2QKB1R w KQkq -,MODEL_PREDICTION_NOT_EMPIRICAL
TOR-06,B8,2100,maia3-5m,4,g1f3,Nf3,0.05066932365298271,0.9888081029057503,0.541373665859982,542,42,416,rnbqkb1r/ppp2ppp/8/3pp1N1/3P4/8/PPPNPPPP/R2QKB1R w KQkq -,MODEL_PREDICTION_NOT_EMPIRICAL
TOR-06,B8,2100,maia3-5m,5,f2f4,f4,0.013551043346524239,0.9888081029057503,0.541373665859982,526,37,437,rnbqkb1r/ppp2ppp/8/3pp1N1/3P4/8/PPPNPPPP/R2QKB1R w KQkq -,MODEL_PREDICTION_NOT_EMPIRICAL
TOR-06,B8,2100,maia3-5m,6,b2b3,b3,0.01229612436145544,0.9888081029057503,0.541373665859982,527,41,432,rnbqkb1r/ppp2ppp/8/3pp1N1/3P4/8/PPPNPPPP/R2QKB1R w KQkq -,MODEL_PREDICTION_NOT_EMPIRICAL
TOR-06,B8,2100,maia3-5m,7,g2g3,g3,0.009896432980895042,0.9888081029057503,0.541373665859982,531,42,427,rnbqkb1r/ppp2ppp/8/3pp1N1/3P4/8/PPPNPPPP/R2QKB1R w KQkq -,MODEL_PREDICTION_NOT_EMPIRICAL
TOR-06,B8,2100,maia3-5m,8,e2e3,e3,0.007974912412464619,0.9888081029057503,0.541373665859982,497,42,461,rnbqkb1r/ppp2ppp/8/3pp1N1/3P4/8/PPPNPPPP/R2QKB1R w KQkq -,MODEL_PREDICTION_NOT_EMPIRICAL
TOR-06,B8,2100,maia3-5m,9,b1c3,Nc3,0.0054556746035814285,0.9888081029057503,0.541373665859982,552,39,409,rnbqkb1r/ppp2ppp/8/3pp1N1/3P4/8/PPPNPPPP/R2QKB1R w KQkq -,MODEL_PREDICTION_NOT_EMPIRICAL
TOR-06,B8,2100,maia3-5m,10,d2d3,d3,0.004526028409600258,0.9888081029057503,0.541373665859982,513,43,444,rnbqkb1r/ppp2ppp/8/3pp1N1/3P4/8/PPPNPPPP/R2QKB1R w KQkq -,MODEL_PREDICTION_NOT_EMPIRICAL
VER-03,B8,1100,maia3-5m,1,e2e4,e4,0.6749164462089539,0.9871364636346698,0.4342553640682974,519,24,457,rnbqkb1r/pp2pppp/5n2/2P3B1/3p4/2N5/PPP1PPPP/R2QKBNR w KQkq -,MODEL_PREDICTION_NOT_EMPIRICAL
VER-03,B8,1100,maia3-5m,2,d2d4,d4,0.21801438927650452,0.9871364636346698,0.4342553640682974,524,25,451,rnbqkb1r/pp2pppp/5n2/2P3B1/3p4/2N5/PPP1PPPP/R2QKBNR w KQkq -,MODEL_PREDICTION_NOT_EMPIRICAL
VER-03,B8,1100,maia3-5m,3,e2e3,e3,0.022561196237802505,0.9871364636346698,0.4342553640682974,503,25,472,rnbqkb1r/pp2pppp/5n2/2P3B1/3p4/2N5/PPP1PPPP/R2QKBNR w KQkq -,MODEL_PREDICTION_NOT_EMPIRICAL
VER-03,B8,1100,maia3-5m,4,g1f3,Nf3,0.0210112277418375,0.9871364636346698,0.4342553640682974,516,28,456,rnbqkb1r/pp2pppp/5n2/2P3B1/3p4/2N5/PPP1PPPP/R2QKBNR w KQkq -,MODEL_PREDICTION_NOT_EMPIRICAL
VER-03,B8,1100,maia3-5m,5,c2c4,c4,0.016066906973719597,0.9871364636346698,0.4342553640682974,510,25,465,rnbqkb1r/pp2pppp/5n2/2P3B1/3p4/2N5/PPP1PPPP/R2QKBNR w KQkq -,MODEL_PREDICTION_NOT_EMPIRICAL
VER-03,B8,1100,maia3-5m,6,g2g3,g3,0.011687462218105793,0.9871364636346698,0.4342553640682974,494,25,481,rnbqkb1r/pp2pppp/5n2/2P3B1/3p4/2N5/PPP1PPPP/R2QKBNR w KQkq -,MODEL_PREDICTION_NOT_EMPIRICAL
VER-03,B8,1100,maia3-5m,7,b2b3,b3,0.007874177768826485,0.9871364636346698,0.4342553640682974,496,26,478,rnbqkb1r/pp2pppp/5n2/2P3B1/3p4/2N5/PPP1PPPP/R2QKBNR w KQkq -,MODEL_PREDICTION_NOT_EMPIRICAL
VER-03,B8,1100,maia3-5m,8,d2d3,d3,0.005962725728750229,0.9871364636346698,0.4342553640682974,498,26,476,rnbqkb1r/pp2pppp/5n2/2P3B1/3p4/2N5/PPP1PPPP/R2QKBNR w KQkq -,MODEL_PREDICTION_NOT_EMPIRICAL
VER-03,B8,1100,maia3-5m,9,b1c3,Nc3,0.00519427889958024,0.9871364636346698,0.4342553640682974,524,26,450,rnbqkb1r/pp2pppp/5n2/2P3B1/3p4/2N5/PPP1PPPP/R2QKBNR w KQkq -,MODEL_PREDICTION_NOT_EMPIRICAL
VER-03,B8,1100,maia3-5m,10,f2f4,f4,0.003847652580589056,0.9871364636346698,0.4342553640682974,509,27,464,rnbqkb1r/pp2pppp/5n2/2P3B1/3p4/2N5/PPP1PPPP/R2QKBNR w KQkq -,MODEL_PREDICTION_NOT_EMPIRICAL
VER-03,B8,1300,maia3-5m,1,e2e4,e4,0.6615840792655945,0.9876184498425573,0.44341396362140506,518,24,458,rnbqkb1r/pp2pppp/5n2/2P3B1/3p4/2N5/PPP1PPPP/R2QKBNR w KQkq -,MODEL_PREDICTION_NOT_EMPIRICAL
VER-03,B8,1300,maia3-5m,2,d2d4,d4,0.2294148951768875,0.9876184498425573,0.44341396362140506,522,26,452,rnbqkb1r/pp2pppp/5n2/2P3B1/3p4/2N5/PPP1PPPP/R2QKBNR w KQkq -,MODEL_PREDICTION_NOT_EMPIRICAL
VER-03,B8,1300,maia3-5m,3,g1f3,Nf3,0.02157282643020153,0.9876184498425573,0.44341396362140506,523,27,450,rnbqkb1r/pp2pppp/5n2/2P3B1/3p4/2N5/PPP1PPPP/R2QKBNR w KQkq -,MODEL_PREDICTION_NOT_EMPIRICAL
VER-03,B8,1300,maia3-5m,4,c2c4,c4,0.020122205838561058,0.9876184498425573,0.44341396362140506,514,26,460,rnbqkb1r/pp2pppp/5n2/2P3B1/3p4/2N5/PPP1PPPP/R2QKBNR w KQkq -,MODEL_PREDICTION_NOT_EMPIRICAL
VER-03,B8,1300,maia3-5m,5,e2e3,e3,0.019332410767674446,0.9876184498425573,0.44341396362140506,504,25,471,rnbqkb1r/pp2pppp/5n2/2P3B1/3p4/2N5/PPP1PPPP/R2QKBNR w KQkq -,MODEL_PREDICTION_NOT_EMPIRICAL
VER-03,B8,1300,maia3-5m,6,g2g3,g3,0.012549953535199165,0.9876184498425573,0.44341396362140506,506,26,468,rnbqkb1r/pp2pppp/5n2/2P3B1/3p4/2N5/PPP1PPPP/R2QKBNR w KQkq -,MODEL_PREDICTION_NOT_EMPIRICAL
VER-03,B8,1300,maia3-5m,7,b2b3,b3,0.009338651783764362,0.9876184498425573,0.44341396362140506,503,26,471,rnbqkb1r/pp2pppp/5n2/2P3B1/3p4/2N5/PPP1PPPP/R2QKBNR w KQkq -,MODEL_PREDICTION_NOT_EMPIRICAL
VER-03,B8,1300,maia3-5m,8,d2d3,d3,0.005362409166991711,0.9876184498425573,0.44341396362140506,501,27,472,rnbqkb1r/pp2pppp/5n2/2P3B1/3p4/2N5/PPP1PPPP/R2QKBNR w KQkq -,MODEL_PREDICTION_NOT_EMPIRICAL
VER-03,B8,1300,maia3-5m,9,f2f4,f4,0.004565780982375145,0.9876184498425573,0.44341396362140506,518,27,455,rnbqkb1r/pp2pppp/5n2/2P3B1/3p4/2N5/PPP1PPPP/R2QKBNR w KQkq -,MODEL_PREDICTION_NOT_EMPIRICAL
VER-03,B8,1300,maia3-5m,10,b1c3,Nc3,0.0037752368953078985,0.9876184498425573,0.44341396362140506,529,25,446,rnbqkb1r/pp2pppp/5n2/2P3B1/3p4/2N5/PPP1PPPP/R2QKBNR w KQkq -,MODEL_PREDICTION_NOT_EMPIRICAL
VER-03,B8,1500,maia3-5m,1,e2e4,e4,0.6428149938583374,0.98806171445176,0.4600856076991717,516,25,459,rnbqkb1r/pp2pppp/5n2/2P3B1/3p4/2N5/PPP1PPPP/R2QKBNR w KQkq -,MODEL_PREDICTION_NOT_EMPIRICAL
VER-03,B8,1500,maia3-5m,2,d2d4,d4,0.2416517585515976,0.98806171445176,0.4600856076991717,521,27,452,rnbqkb1r/pp2pppp/5n2/2P3B1/3p4/2N5/PPP1PPPP/R2QKBNR w KQkq -,MODEL_PREDICTION_NOT_EMPIRICAL
VER-03,B8,1500,maia3-5m,3,c2c4,c4,0.025009406730532646,0.98806171445176,0.4600856076991717,518,26,456,rnbqkb1r/pp2pppp/5n2/2P3B1/3p4/2N5/PPP1PPPP/R2QKBNR w KQkq -,MODEL_PREDICTION_NOT_EMPIRICAL
VER-03,B8,1500,maia3-5m,4,g1f3,Nf3,0.022932549938559532,0.98806171445176,0.4600856076991717,528,27,445,rnbqkb1r/pp2pppp/5n2/2P3B1/3p4/2N5/PPP1PPPP/R2QKBNR w KQkq -,MODEL_PREDICTION_NOT_EMPIRICAL
VER-03,B8,1500,maia3-5m,5,e2e3,e3,0.016669709235429764,0.98806171445176,0.4600856076991717,502,26,472,rnbqkb1r/pp2pppp/5n2/2P3B1/3p4/2N5/PPP1PPPP/R2QKBNR w KQkq -,MODEL_PREDICTION_NOT_EMPIRICAL
VER-03,B8,1500,maia3-5m,6,g2g3,g3,0.013175034895539284,0.98806171445176,0.4600856076991717,516,27,457,rnbqkb1r/pp2pppp/5n2/2P3B1/3p4/2N5/PPP1PPPP/R2QKBNR w KQkq -,MODEL_PREDICTION_NOT_EMPIRICAL
VER-03,B8,1500,maia3-5m,7,b2b3,b3,0.010849794372916222,0.98806171445176,0.4600856076991717,510,27,463,rnbqkb1r/pp2pppp/5n2/2P3B1/3p4/2N5/PPP1PPPP/R2QKBNR w KQkq -,MODEL_PREDICTION_NOT_EMPIRICAL
VER-03,B8,1500,maia3-5m,8,f2f4,f4,0.0063391150906682014,0.98806171445176,0.4600856076991717,523,27,450,rnbqkb1r/pp2pppp/5n2/2P3B1/3p4/2N5/PPP1PPPP/R2QKBNR w KQkq -,MODEL_PREDICTION_NOT_EMPIRICAL
VER-03,B8,1500,maia3-5m,9,d2d3,d3,0.004973711911588907,0.98806171445176,0.4600856076991717,504,28,468,rnbqkb1r/pp2pppp/5n2/2P3B1/3p4/2N5/PPP1PPPP/R2QKBNR w KQkq -,MODEL_PREDICTION_NOT_EMPIRICAL
VER-03,B8,1500,maia3-5m,10,b2b4,b4,0.0036456398665905,0.98806171445176,0.4600856076991717,512,27,461,rnbqkb1r/pp2pppp/5n2/2P3B1/3p4/2N5/PPP1PPPP/R2QKBNR w KQkq -,MODEL_PREDICTION_NOT_EMPIRICAL
VER-03,B8,1700,maia3-5m,1,e2e4,e4,0.6205705404281616,0.988658441696316,0.48012239459539624,513,27,460,rnbqkb1r/pp2pppp/5n2/2P3B1/3p4/2N5/PPP1PPPP/R2QKBNR w KQkq -,MODEL_PREDICTION_NOT_EMPIRICAL
VER-03,B8,1700,maia3-5m,2,d2d4,d4,0.2547968029975891,0.988658441696316,0.48012239459539624,519,30,451,rnbqkb1r/pp2pppp/5n2/2P3B1/3p4/2N5/PPP1PPPP/R2QKBNR w KQkq -,MODEL_PREDICTION_NOT_EMPIRICAL
VER-03,B8,1700,maia3-5m,3,c2c4,c4,0.030909236520528793,0.988658441696316,0.48012239459539624,524,29,447,rnbqkb1r/pp2pppp/5n2/2P3B1/3p4/2N5/PPP1PPPP/R2QKBNR w KQkq -,MODEL_PREDICTION_NOT_EMPIRICAL
VER-03,B8,1700,maia3-5m,4,g1f3,Nf3,0.025549987331032753,0.988658441696316,0.48012239459539624,533,29,438,rnbqkb1r/pp2pppp/5n2/2P3B1/3p4/2N5/PPP1PPPP/R2QKBNR w KQkq -,MODEL_PREDICTION_NOT_EMPIRICAL
VER-03,B8,1700,maia3-5m,5,e2e3,e3,0.013819748535752296,0.988658441696316,0.48012239459539624,498,29,473,rnbqkb1r/pp2pppp/5n2/2P3B1/3p4/2N5/PPP1PPPP/R2QKBNR w KQkq -,MODEL_PREDICTION_NOT_EMPIRICAL
VER-03,B8,1700,maia3-5m,6,g2g3,g3,0.012876337394118309,0.988658441696316,0.48012239459539624,523,28,449,rnbqkb1r/pp2pppp/5n2/2P3B1/3p4/2N5/PPP1PPPP/R2QKBNR w KQkq -,MODEL_PREDICTION_NOT_EMPIRICAL
VER-03,B8,1700,maia3-5m,7,b2b3,b3,0.01174180768430233,0.988658441696316,0.48012239459539624,516,29,455,rnbqkb1r/pp2pppp/5n2/2P3B1/3p4/2N5/PPP1PPPP/R2QKBNR w KQkq -,MODEL_PREDICTION_NOT_EMPIRICAL
VER-03,B8,1700,maia3-5m,8,f2f4,f4,0.009360010735690594,0.988658441696316,0.48012239459539624,525,28,447,rnbqkb1r/pp2pppp/5n2/2P3B1/3p4/2N5/PPP1PPPP/R2QKBNR w KQkq -,MODEL_PREDICTION_NOT_EMPIRICAL
VER-03,B8,1700,maia3-5m,9,d2d3,d3,0.004694441333413124,0.988658441696316,0.48012239459539624,505,30,465,rnbqkb1r/pp2pppp/5n2/2P3B1/3p4/2N5/PPP1PPPP/R2QKBNR w KQkq -,MODEL_PREDICTION_NOT_EMPIRICAL
VER-03,B8,1700,maia3-5m,10,b2b4,b4,0.004339528735727072,0.988658441696316,0.48012239459539624,514,27,459,rnbqkb1r/pp2pppp/5n2/2P3B1/3p4/2N5/PPP1PPPP/R2QKBNR w KQkq -,MODEL_PREDICTION_NOT_EMPIRICAL
VER-03,B8,1900,maia3-5m,1,e2e4,e4,0.5909685492515564,0.9884343789890409,0.5043124564545928,513,32,455,rnbqkb1r/pp2pppp/5n2/2P3B1/3p4/2N5/PPP1PPPP/R2QKBNR w KQkq -,MODEL_PREDICTION_NOT_EMPIRICAL
VER-03,B8,1900,maia3-5m,2,d2d4,d4,0.2694249749183655,0.9884343789890409,0.5043124564545928,521,35,444,rnbqkb1r/pp2pppp/5n2/2P3B1/3p4/2N5/PPP1PPPP/R2QKBNR w KQkq -,MODEL_PREDICTION_NOT_EMPIRICAL
VER-03,B8,1900,maia3-5m,3,c2c4,c4,0.03926251456141472,0.9884343789890409,0.5043124564545928,529,33,438,rnbqkb1r/pp2pppp/5n2/2P3B1/3p4/2N5/PPP1PPPP/R2QKBNR w KQkq -,MODEL_PREDICTION_NOT_EMPIRICAL
VER-03,B8,1900,maia3-5m,4,g1f3,Nf3,0.032338257879018784,0.9884343789890409,0.5043124564545928,538,33,429,rnbqkb1r/pp2pppp/5n2/2P3B1/3p4/2N5/PPP1PPPP/R2QKBNR w KQkq -,MODEL_PREDICTION_NOT_EMPIRICAL
VER-03,B8,1900,maia3-5m,5,f2f4,f4,0.01306967530399561,0.9884343789890409,0.5043124564545928,525,30,445,rnbqkb1r/pp2pppp/5n2/2P3B1/3p4/2N5/PPP1PPPP/R2QKBNR w KQkq -,MODEL_PREDICTION_NOT_EMPIRICAL
VER-03,B8,1900,maia3-5m,6,b2b3,b3,0.011948314495384693,0.9884343789890409,0.5043124564545928,519,33,448,rnbqkb1r/pp2pppp/5n2/2P3B1/3p4/2N5/PPP1PPPP/R2QKBNR w KQkq -,MODEL_PREDICTION_NOT_EMPIRICAL
VER-03,B8,1900,maia3-5m,7,g2g3,g3,0.01160159520804882,0.9884343789890409,0.5043124564545928,524,33,443,rnbqkb1r/pp2pppp/5n2/2P3B1/3p4/2N5/PPP1PPPP/R2QKBNR w KQkq -,MODEL_PREDICTION_NOT_EMPIRICAL
VER-03,B8,1900,maia3-5m,8,e2e3,e3,0.010756749659776688,0.9884343789890409,0.5043124564545928,495,33,472,rnbqkb1r/pp2pppp/5n2/2P3B1/3p4/2N5/PPP1PPPP/R2QKBNR w KQkq -,MODEL_PREDICTION_NOT_EMPIRICAL
VER-03,B8,1900,maia3-5m,9,b2b4,b4,0.0045842663384974,0.9884343789890409,0.5043124564545928,515,29,456,rnbqkb1r/pp2pppp/5n2/2P3B1/3p4/2N5/PPP1PPPP/R2QKBNR w KQkq -,MODEL_PREDICTION_NOT_EMPIRICAL
VER-03,B8,1900,maia3-5m,10,d2d3,d3,0.0044794813729822636,0.9884343789890409,0.5043124564545928,505,34,461,rnbqkb1r/pp2pppp/5n2/2P3B1/3p4/2N5/PPP1PPPP/R2QKBNR w KQkq -,MODEL_PREDICTION_NOT_EMPIRICAL
VER-03,B8,2100,maia3-5m,1,e2e4,e4,0.5395658612251282,0.9888081029057503,0.541373665859982,519,41,440,rnbqkb1r/pp2pppp/5n2/2P3B1/3p4/2N5/PPP1PPPP/R2QKBNR w KQkq -,MODEL_PREDICTION_NOT_EMPIRICAL
VER-03,B8,2100,maia3-5m,2,d2d4,d4,0.2930448055267334,0.9888081029057503,0.541373665859982,527,44,429,rnbqkb1r/pp2pppp/5n2/2P3B1/3p4/2N5/PPP1PPPP/R2QKBNR w KQkq -,MODEL_PREDICTION_NOT_EMPIRICAL
VER-03,B8,2100,maia3-5m,3,c2c4,c4,0.051827896386384964,0.9888081029057503,0.541373665859982,535,42,423,rnbqkb1r/pp2pppp/5n2/2P3B1/3p4/2N5/PPP1PPPP/R2QKBNR w KQkq -,MODEL_PREDICTION_NOT_EMPIRICAL
VER-03,B8,2100,maia3-5m,4,g1f3,Nf3,0.05066932365298271,0.9888081029057503,0.541373665859982,542,42,416,rnbqkb1r/pp2pppp/5n2/2P3B1/3p4/2N5/PPP1PPPP/R2QKBNR w KQkq -,MODEL_PREDICTION_NOT_EMPIRICAL
VER-03,B8,2100,maia3-5m,5,f2f4,f4,0.013551043346524239,0.9888081029057503,0.541373665859982,526,37,437,rnbqkb1r/pp2pppp/5n2/2P3B1/3p4/2N5/PPP1PPPP/R2QKBNR w KQkq -,MODEL_PREDICTION_NOT_EMPIRICAL
VER-03,B8,2100,maia3-5m,6,b2b3,b3,0.01229612436145544,0.9888081029057503,0.541373665859982,527,41,432,rnbqkb1r/pp2pppp/5n2/2P3B1/3p4/2N5/PPP1PPPP/R2QKBNR w KQkq -,MODEL_PREDICTION_NOT_EMPIRICAL
VER-03,B8,2100,maia3-5m,7,g2g3,g3,0.009896432980895042,0.9888081029057503,0.541373665859982,531,42,427,rnbqkb1r/pp2pppp/5n2/2P3B1/3p4/2N5/PPP1PPPP/R2QKBNR w KQkq -,MODEL_PREDICTION_NOT_EMPIRICAL
VER-03,B8,2100,maia3-5m,8,e2e3,e3,0.007974912412464619,0.9888081029057503,0.541373665859982,497,42,461,rnbqkb1r/pp2pppp/5n2/2P3B1/3p4/2N5/PPP1PPPP/R2QKBNR w KQkq -,MODEL_PREDICTION_NOT_EMPIRICAL
VER-03,B8,2100,maia3-5m,9,b1c3,Nc3,0.0054556746035814285,0.9888081029057503,0.541373665859982,552,39,409,rnbqkb1r/pp2pppp/5n2/2P3B1/3p4/2N5/PPP1PPPP/R2QKBNR w KQkq -,MODEL_PREDICTION_NOT_EMPIRICAL
VER-03,B8,2100,maia3-5m,10,d2d3,d3,0.004526028409600258,0.9888081029057503,0.541373665859982,513,43,444,rnbqkb1r/pp2pppp/5n2/2P3B1/3p4/2N5/PPP1PPPP/R2QKBNR w KQkq -,MODEL_PREDICTION_NOT_EMPIRICAL
