line_id,bias_code,elo,model,rank,move_uci,move_san,policy_probability,topk_policy_mass,normalized_response_entropy_topk,wdl_win_permille,wdl_draw_permille,wdl_loss_permille,fen,status,position_role,frequency,source,best_eval_mover_cp,candidate_eval_mover_cp,response_loss_cp,response_quality,nodes
ORD-01,B1,1100,maia3-79m,1,f1e2,Be2,0.2540035843849182,0.9924695214722306,0.8341299516902619,542,25,433,r2qkbnr/pp2pppp/2n5/2pp4/3P1Bb1/4PN2/PPP2PPP/RN1QKB1R w KQkq -,MODEL_PREDICTION_NOT_EMPIRICAL,after_key,0.2540035843849182,maia3,31,11,20,OK,100000
ORD-01,B1,1100,maia3-79m,2,c2c3,c3,0.1962345838546753,0.9924695214722306,0.8341299516902619,531,25,444,r2qkbnr/pp2pppp/2n5/2pp4/3P1Bb1/4PN2/PPP2PPP/RN1QKB1R w KQkq -,MODEL_PREDICTION_NOT_EMPIRICAL,after_key,0.1962345838546753,maia3,19,16,3,OK,100000
ORD-01,B1,1100,maia3-79m,3,b1d2,Nbd2,0.1816002130508422,0.9924695214722306,0.8341299516902619,516,23,461,r2qkbnr/pp2pppp/2n5/2pp4/3P1Bb1/4PN2/PPP2PPP/RN1QKB1R w KQkq -,MODEL_PREDICTION_NOT_EMPIRICAL,after_key,0.1816002130508422,maia3,14,19,0,OK,100000
ORD-01,B1,1100,maia3-79m,4,h2h3,h3,0.1426282972097396,0.9924695214722306,0.8341299516902619,506,26,468,r2qkbnr/pp2pppp/2n5/2pp4/3P1Bb1/4PN2/PPP2PPP/RN1QKB1R w KQkq -,MODEL_PREDICTION_NOT_EMPIRICAL,after_key,0.1426282972097396,maia3,18,-97,115,SEVERE_ERROR,100000
ORD-01,B1,1100,maia3-79m,5,f1b5,Bb5,0.0737255066633224,0.9924695214722306,0.8341299516902619,528,22,450,r2qkbnr/pp2pppp/2n5/2pp4/3P1Bb1/4PN2/PPP2PPP/RN1QKB1R w KQkq -,MODEL_PREDICTION_NOT_EMPIRICAL,after_key,0.0737255066633224,maia3,17,-2,19,OK,100000
ORD-01,B1,1100,maia3-79m,6,f1d3,Bd3,0.0513550490140914,0.9924695214722306,0.8341299516902619,501,23,476,r2qkbnr/pp2pppp/2n5/2pp4/3P1Bb1/4PN2/PPP2PPP/RN1QKB1R w KQkq -,MODEL_PREDICTION_NOT_EMPIRICAL,after_key,0.0513550490140914,maia3,13,-94,107,SEVERE_ERROR,100000
ORD-01,B1,1100,maia3-79m,7,c2c4,c4,0.0505372658371925,0.9924695214722306,0.8341299516902619,513,23,464,r2qkbnr/pp2pppp/2n5/2pp4/3P1Bb1/4PN2/PPP2PPP/RN1QKB1R w KQkq -,MODEL_PREDICTION_NOT_EMPIRICAL,after_key,0.0505372658371925,maia3,13,-41,54,ERROR,100000
ORD-01,B1,1100,maia3-79m,8,d4c5,dxc5,0.0226319469511508,0.9924695214722306,0.8341299516902619,447,21,532,r2qkbnr/pp2pppp/2n5/2pp4/3P1Bb1/4PN2/PPP2PPP/RN1QKB1R w KQkq -,MODEL_PREDICTION_NOT_EMPIRICAL,after_key,0.0226319469511508,maia3,15,-209,224,SEVERE_ERROR,100000
ORD-01,B1,1100,maia3-79m,9,b1c3,Nc3,0.0176866985857486,0.9924695214722306,0.8341299516902619,517,24,459,r2qkbnr/pp2pppp/2n5/2pp4/3P1Bb1/4PN2/PPP2PPP/RN1QKB1R w KQkq -,MODEL_PREDICTION_NOT_EMPIRICAL,after_key,0.0176866985857486,maia3,10,-41,51,ERROR,100000
ORD-01,B1,1100,maia3-79m,10,b2b3,b3,0.002066375920549,0.9924695214722306,0.8341299516902619,498,24,478,r2qkbnr/pp2pppp/2n5/2pp4/3P1Bb1/4PN2/PPP2PPP/RN1QKB1R w KQkq -,MODEL_PREDICTION_NOT_EMPIRICAL,after_key,0.002066375920549,maia3,11,-156,167,SEVERE_ERROR,100000
ORD-01,B1,1300,maia3-79m,1,f1e2,Be2,0.278725117444992,0.9943295890698208,0.7966626605576077,534,25,441,r2qkbnr/pp2pppp/2n5/2pp4/3P1Bb1/4PN2/PPP2PPP/RN1QKB1R w KQkq -,MODEL_PREDICTION_NOT_EMPIRICAL,after_key,0.278725117444992,maia3,31,11,20,OK,100000
ORD-01,B1,1300,maia3-79m,2,b1d2,Nbd2,0.2129089385271072,0.9943295890698208,0.7966626605576077,517,24,459,r2qkbnr/pp2pppp/2n5/2pp4/3P1Bb1/4PN2/PPP2PPP/RN1QKB1R w KQkq -,MODEL_PREDICTION_NOT_EMPIRICAL,after_key,0.2129089385271072,maia3,14,19,0,OK,100000
ORD-01,B1,1300,maia3-79m,3,c2c3,c3,0.194941833615303,0.9943295890698208,0.7966626605576077,529,25,446,r2qkbnr/pp2pppp/2n5/2pp4/3P1Bb1/4PN2/PPP2PPP/RN1QKB1R w KQkq -,MODEL_PREDICTION_NOT_EMPIRICAL,after_key,0.194941833615303,maia3,19,16,3,OK,100000
ORD-01,B1,1300,maia3-79m,4,h2h3,h3,0.1312171816825866,0.9943295890698208,0.7966626605576077,509,26,465,r2qkbnr/pp2pppp/2n5/2pp4/3P1Bb1/4PN2/PPP2PPP/RN1QKB1R w KQkq -,MODEL_PREDICTION_NOT_EMPIRICAL,after_key,0.1312171816825866,maia3,18,-97,115,SEVERE_ERROR,100000
ORD-01,B1,1300,maia3-79m,5,f1b5,Bb5,0.0702162086963653,0.9943295890698208,0.7966626605576077,524,23,453,r2qkbnr/pp2pppp/2n5/2pp4/3P1Bb1/4PN2/PPP2PPP/RN1QKB1R w KQkq -,MODEL_PREDICTION_NOT_EMPIRICAL,after_key,0.0702162086963653,maia3,17,-2,19,OK,100000
ORD-01,B1,1300,maia3-79m,6,c2c4,c4,0.0485550388693809,0.9943295890698208,0.7966626605576077,512,23,465,r2qkbnr/pp2pppp/2n5/2pp4/3P1Bb1/4PN2/PPP2PPP/RN1QKB1R w KQkq -,MODEL_PREDICTION_NOT_EMPIRICAL,after_key,0.0485550388693809,maia3,13,-41,54,ERROR,100000
ORD-01,B1,1300,maia3-79m,7,f1d3,Bd3,0.0279156472533941,0.9943295890698208,0.7966626605576077,504,23,473,r2qkbnr/pp2pppp/2n5/2pp4/3P1Bb1/4PN2/PPP2PPP/RN1QKB1R w KQkq -,MODEL_PREDICTION_NOT_EMPIRICAL,after_key,0.0279156472533941,maia3,13,-94,107,SEVERE_ERROR,100000
ORD-01,B1,1300,maia3-79m,8,d4c5,dxc5,0.0155783770605921,0.9943295890698208,0.7966626605576077,445,21,534,r2qkbnr/pp2pppp/2n5/2pp4/3P1Bb1/4PN2/PPP2PPP/RN1QKB1R w KQkq -,MODEL_PREDICTION_NOT_EMPIRICAL,after_key,0.0155783770605921,maia3,15,-209,224,SEVERE_ERROR,100000
ORD-01,B1,1300,maia3-79m,9,b1c3,Nc3,0.0126942247152328,0.9943295890698208,0.7966626605576077,517,24,459,r2qkbnr/pp2pppp/2n5/2pp4/3P1Bb1/4PN2/PPP2PPP/RN1QKB1R w KQkq -,MODEL_PREDICTION_NOT_EMPIRICAL,after_key,0.0126942247152328,maia3,10,-41,51,ERROR,100000
ORD-01,B1,1300,maia3-79m,10,a2a3,a3,0.0015770212048664,0.9943295890698208,0.7966626605576077,518,24,458,r2qkbnr/pp2pppp/2n5/2pp4/3P1Bb1/4PN2/PPP2PPP/RN1QKB1R w KQkq -,MODEL_PREDICTION_NOT_EMPIRICAL,after_key,0.0015770212048664,maia3,9,-108,117,SEVERE_ERROR,100000
ORD-01,B1,1500,maia3-79m,1,f1e2,Be2,0.311705082654953,0.9956395183689892,0.7662054154369621,527,27,446,r2qkbnr/pp2pppp/2n5/2pp4/3P1Bb1/4PN2/PPP2PPP/RN1QKB1R w KQkq -,MODEL_PREDICTION_NOT_EMPIRICAL,after_key,0.311705082654953,maia3,31,11,20,OK,100000
ORD-01,B1,1500,maia3-79m,2,b1d2,Nbd2,0.2195052504539489,0.9956395183689892,0.7662054154369621,517,25,458,r2qkbnr/pp2pppp/2n5/2pp4/3P1Bb1/4PN2/PPP2PPP/RN1QKB1R w KQkq -,MODEL_PREDICTION_NOT_EMPIRICAL,after_key,0.2195052504539489,maia3,14,19,0,OK,100000
ORD-01,B1,1500,maia3-79m,3,c2c3,c3,0.1937130838632583,0.9956395183689892,0.7662054154369621,529,27,444,r2qkbnr/pp2pppp/2n5/2pp4/3P1Bb1/4PN2/PPP2PPP/RN1QKB1R w KQkq -,MODEL_PREDICTION_NOT_EMPIRICAL,after_key,0.1937130838632583,maia3,19,16,3,OK,100000
ORD-01,B1,1500,maia3-79m,4,h2h3,h3,0.1223416700959205,0.9956395183689892,0.7662054154369621,509,27,464,r2qkbnr/pp2pppp/2n5/2pp4/3P1Bb1/4PN2/PPP2PPP/RN1QKB1R w KQkq -,MODEL_PREDICTION_NOT_EMPIRICAL,after_key,0.1223416700959205,maia3,18,-97,115,SEVERE_ERROR,100000
ORD-01,B1,1500,maia3-79m,5,f1b5,Bb5,0.0631690621376037,0.9956395183689892,0.7662054154369621,517,24,459,r2qkbnr/pp2pppp/2n5/2pp4/3P1Bb1/4PN2/PPP2PPP/RN1QKB1R w KQkq -,MODEL_PREDICTION_NOT_EMPIRICAL,after_key,0.0631690621376037,maia3,17,-2,19,OK,100000
ORD-01,B1,1500,maia3-79m,6,c2c4,c4,0.0448536723852157,0.9956395183689892,0.7662054154369621,514,24,462,r2qkbnr/pp2pppp/2n5/2pp4/3P1Bb1/4PN2/PPP2PPP/RN1QKB1R w KQkq -,MODEL_PREDICTION_NOT_EMPIRICAL,after_key,0.0448536723852157,maia3,13,-41,54,ERROR,100000
ORD-01,B1,1500,maia3-79m,7,f1d3,Bd3,0.0150796798989176,0.9956395183689892,0.7662054154369621,505,24,471,r2qkbnr/pp2pppp/2n5/2pp4/3P1Bb1/4PN2/PPP2PPP/RN1QKB1R w KQkq -,MODEL_PREDICTION_NOT_EMPIRICAL,after_key,0.0150796798989176,maia3,13,-94,107,SEVERE_ERROR,100000
ORD-01,B1,1500,maia3-79m,8,d4c5,dxc5,0.0126122385263443,0.9956395183689892,0.7662054154369621,441,22,537,r2qkbnr/pp2pppp/2n5/2pp4/3P1Bb1/4PN2/PPP2PPP/RN1QKB1R w KQkq -,MODEL_PREDICTION_NOT_EMPIRICAL,after_key,0.0126122385263443,maia3,15,-209,224,SEVERE_ERROR,100000
ORD-01,B1,1500,maia3-79m,9,b1c3,Nc3,0.0105969561263918,0.9956395183689892,0.7662054154369621,516,26,458,r2qkbnr/pp2pppp/2n5/2pp4/3P1Bb1/4PN2/PPP2PPP/RN1QKB1R w KQkq -,MODEL_PREDICTION_NOT_EMPIRICAL,after_key,0.0105969561263918,maia3,10,-41,51,ERROR,100000
ORD-01,B1,1500,maia3-79m,10,a2a3,a3,0.0020628222264349,0.9956395183689892,0.7662054154369621,515,26,459,r2qkbnr/pp2pppp/2n5/2pp4/3P1Bb1/4PN2/PPP2PPP/RN1QKB1R w KQkq -,MODEL_PREDICTION_NOT_EMPIRICAL,after_key,0.0020628222264349,maia3,9,-108,117,SEVERE_ERROR,100000
ORD-01,B1,1700,maia3-79m,1,f1e2,Be2,0.3513652980327606,0.9963465242180972,0.7378709433164665,522,30,448,r2qkbnr/pp2pppp/2n5/2pp4/3P1Bb1/4PN2/PPP2PPP/RN1QKB1R w KQkq -,MODEL_PREDICTION_NOT_EMPIRICAL,after_key,0.3513652980327606,maia3,31,11,20,OK,100000
ORD-01,B1,1700,maia3-79m,2,b1d2,Nbd2,0.2084563821554184,0.9963465242180972,0.7378709433164665,522,29,449,r2qkbnr/pp2pppp/2n5/2pp4/3P1Bb1/4PN2/PPP2PPP/RN1QKB1R w KQkq -,MODEL_PREDICTION_NOT_EMPIRICAL,after_key,0.2084563821554184,maia3,14,19,0,OK,100000
ORD-01,B1,1700,maia3-79m,3,c2c3,c3,0.2053862810134887,0.9963465242180972,0.7378709433164665,531,31,438,r2qkbnr/pp2pppp/2n5/2pp4/3P1Bb1/4PN2/PPP2PPP/RN1QKB1R w KQkq -,MODEL_PREDICTION_NOT_EMPIRICAL,after_key,0.2053862810134887,maia3,19,16,3,OK,100000
ORD-01,B1,1700,maia3-79m,4,h2h3,h3,0.1017709746956825,0.9963465242180972,0.7378709433164665,508,31,461,r2qkbnr/pp2pppp/2n5/2pp4/3P1Bb1/4PN2/PPP2PPP/RN1QKB1R w KQkq -,MODEL_PREDICTION_NOT_EMPIRICAL,after_key,0.1017709746956825,maia3,18,-97,115,SEVERE_ERROR,100000
ORD-01,B1,1700,maia3-79m,5,f1b5,Bb5,0.0560715720057487,0.9963465242180972,0.7378709433164665,511,27,462,r2qkbnr/pp2pppp/2n5/2pp4/3P1Bb1/4PN2/PPP2PPP/RN1QKB1R w KQkq -,MODEL_PREDICTION_NOT_EMPIRICAL,after_key,0.0560715720057487,maia3,17,-2,19,OK,100000
ORD-01,B1,1700,maia3-79m,6,c2c4,c4,0.0390118174254894,0.9963465242180972,0.7378709433164665,519,27,454,r2qkbnr/pp2pppp/2n5/2pp4/3P1Bb1/4PN2/PPP2PPP/RN1QKB1R w KQkq -,MODEL_PREDICTION_NOT_EMPIRICAL,after_key,0.0390118174254894,maia3,13,-41,54,ERROR,100000
ORD-01,B1,1700,maia3-79m,7,d4c5,dxc5,0.0124905863776803,0.9963465242180972,0.7378709433164665,431,24,545,r2qkbnr/pp2pppp/2n5/2pp4/3P1Bb1/4PN2/PPP2PPP/RN1QKB1R w KQkq -,MODEL_PREDICTION_NOT_EMPIRICAL,after_key,0.0124905863776803,maia3,15,-209,224,SEVERE_ERROR,100000
ORD-01,B1,1700,maia3-79m,8,b1c3,Nc3,0.0106495451182127,0.9963465242180972,0.7378709433164665,522,29,449,r2qkbnr/pp2pppp/2n5/2pp4/3P1Bb1/4PN2/PPP2PPP/RN1QKB1R w KQkq -,MODEL_PREDICTION_NOT_EMPIRICAL,after_key,0.0106495451182127,maia3,10,-41,51,ERROR,100000
ORD-01,B1,1700,maia3-79m,9,f1d3,Bd3,0.0088500259444117,0.9963465242180972,0.7378709433164665,505,27,468,r2qkbnr/pp2pppp/2n5/2pp4/3P1Bb1/4PN2/PPP2PPP/RN1QKB1R w KQkq -,MODEL_PREDICTION_NOT_EMPIRICAL,after_key,0.0088500259444117,maia3,13,-94,107,SEVERE_ERROR,100000
ORD-01,B1,1700,maia3-79m,10,a2a3,a3,0.002294041449204,0.9963465242180972,0.7378709433164665,514,29,457,r2qkbnr/pp2pppp/2n5/2pp4/3P1Bb1/4PN2/PPP2PPP/RN1QKB1R w KQkq -,MODEL_PREDICTION_NOT_EMPIRICAL,after_key,0.002294041449204,maia3,9,-108,117,SEVERE_ERROR,100000
ORD-01,B1,1900,maia3-79m,1,f1e2,Be2,0.3721885085105896,0.9969533528201282,0.7095299435021231,521,35,444,r2qkbnr/pp2pppp/2n5/2pp4/3P1Bb1/4PN2/PPP2PPP/RN1QKB1R w KQkq -,MODEL_PREDICTION_NOT_EMPIRICAL,after_key,0.3721885085105896,maia3,31,11,20,OK,100000
ORD-01,B1,1900,maia3-79m,2,c2c3,c3,0.2460771203041076,0.9969533528201282,0.7095299435021231,530,36,434,r2qkbnr/pp2pppp/2n5/2pp4/3P1Bb1/4PN2/PPP2PPP/RN1QKB1R w KQkq -,MODEL_PREDICTION_NOT_EMPIRICAL,after_key,0.2460771203041076,maia3,19,16,3,OK,100000
ORD-01,B1,1900,maia3-79m,3,b1d2,Nbd2,0.1943480670452118,0.9969533528201282,0.7095299435021231,525,34,441,r2qkbnr/pp2pppp/2n5/2pp4/3P1Bb1/4PN2/PPP2PPP/RN1QKB1R w KQkq -,MODEL_PREDICTION_NOT_EMPIRICAL,after_key,0.1943480670452118,maia3,14,19,0,OK,100000
ORD-01,B1,1900,maia3-79m,4,h2h3,h3,0.0651794597506523,0.9969533528201282,0.7095299435021231,507,36,457,r2qkbnr/pp2pppp/2n5/2pp4/3P1Bb1/4PN2/PPP2PPP/RN1QKB1R w KQkq -,MODEL_PREDICTION_NOT_EMPIRICAL,after_key,0.0651794597506523,maia3,18,-97,115,SEVERE_ERROR,100000
ORD-01,B1,1900,maia3-79m,5,f1b5,Bb5,0.0519966259598732,0.9969533528201282,0.7095299435021231,509,31,460,r2qkbnr/pp2pppp/2n5/2pp4/3P1Bb1/4PN2/PPP2PPP/RN1QKB1R w KQkq -,MODEL_PREDICTION_NOT_EMPIRICAL,after_key,0.0519966259598732,maia3,17,-2,19,OK,100000
ORD-01,B1,1900,maia3-79m,6,c2c4,c4,0.0306936651468276,0.9969533528201282,0.7095299435021231,524,32,444,r2qkbnr/pp2pppp/2n5/2pp4/3P1Bb1/4PN2/PPP2PPP/RN1QKB1R w KQkq -,MODEL_PREDICTION_NOT_EMPIRICAL,after_key,0.0306936651468276,maia3,13,-41,54,ERROR,100000
ORD-01,B1,1900,maia3-79m,7,b1c3,Nc3,0.0154148871079087,0.9969533528201282,0.7095299435021231,530,33,437,r2qkbnr/pp2pppp/2n5/2pp4/3P1Bb1/4PN2/PPP2PPP/RN1QKB1R w KQkq -,MODEL_PREDICTION_NOT_EMPIRICAL,after_key,0.0154148871079087,maia3,10,-41,51,ERROR,100000
ORD-01,B1,1900,maia3-79m,8,d4c5,dxc5,0.0133526911959052,0.9969533528201282,0.7095299435021231,418,27,555,r2qkbnr/pp2pppp/2n5/2pp4/3P1Bb1/4PN2/PPP2PPP/RN1QKB1R w KQkq -,MODEL_PREDICTION_NOT_EMPIRICAL,after_key,0.0133526911959052,maia3,15,-209,224,SEVERE_ERROR,100000
ORD-01,B1,1900,maia3-79m,9,f1d3,Bd3,0.0056741740554571,0.9969533528201282,0.7095299435021231,505,32,463,r2qkbnr/pp2pppp/2n5/2pp4/3P1Bb1/4PN2/PPP2PPP/RN1QKB1R w KQkq -,MODEL_PREDICTION_NOT_EMPIRICAL,after_key,0.0056741740554571,maia3,13,-94,107,SEVERE_ERROR,100000
ORD-01,B1,1900,maia3-79m,10,a2a3,a3,0.0020281537435948,0.9969533528201282,0.7095299435021231,513,33,454,r2qkbnr/pp2pppp/2n5/2pp4/3P1Bb1/4PN2/PPP2PPP/RN1QKB1R w KQkq -,MODEL_PREDICTION_NOT_EMPIRICAL,after_key,0.0020281537435948,maia3,9,-108,117,SEVERE_ERROR,100000
ORD-01,B1,2100,maia3-79m,1,c2c3,c3,0.3258048295974731,0.9976175827905536,0.6930503876503702,519,46,435,r2qkbnr/pp2pppp/2n5/2pp4/3P1Bb1/4PN2/PPP2PPP/RN1QKB1R w KQkq -,MODEL_PREDICTION_NOT_EMPIRICAL,after_key,0.3258048295974731,maia3,19,16,3,OK,100000
ORD-01,B1,2100,maia3-79m,2,f1e2,Be2,0.3221663534641266,0.9976175827905536,0.6930503876503702,515,45,440,r2qkbnr/pp2pppp/2n5/2pp4/3P1Bb1/4PN2/PPP2PPP/RN1QKB1R w KQkq -,MODEL_PREDICTION_NOT_EMPIRICAL,after_key,0.3221663534641266,maia3,31,11,20,OK,100000
ORD-01,B1,2100,maia3-79m,3,b1d2,Nbd2,0.1919535547494888,0.9976175827905536,0.6930503876503702,526,43,431,r2qkbnr/pp2pppp/2n5/2pp4/3P1Bb1/4PN2/PPP2PPP/RN1QKB1R w KQkq -,MODEL_PREDICTION_NOT_EMPIRICAL,after_key,0.1919535547494888,maia3,14,19,0,OK,100000
ORD-01,B1,2100,maia3-79m,4,f1b5,Bb5,0.0521318018436431,0.9976175827905536,0.6930503876503702,501,39,460,r2qkbnr/pp2pppp/2n5/2pp4/3P1Bb1/4PN2/PPP2PPP/RN1QKB1R w KQkq -,MODEL_PREDICTION_NOT_EMPIRICAL,after_key,0.0521318018436431,maia3,17,-2,19,OK,100000
ORD-01,B1,2100,maia3-79m,5,b1c3,Nc3,0.0320184454321861,0.9976175827905536,0.6930503876503702,533,41,426,r2qkbnr/pp2pppp/2n5/2pp4/3P1Bb1/4PN2/PPP2PPP/RN1QKB1R w KQkq -,MODEL_PREDICTION_NOT_EMPIRICAL,after_key,0.0320184454321861,maia3,10,-41,51,ERROR,100000
ORD-01,B1,2100,maia3-79m,6,h2h3,h3,0.0299031604081392,0.9976175827905536,0.6930503876503702,499,44,457,r2qkbnr/pp2pppp/2n5/2pp4/3P1Bb1/4PN2/PPP2PPP/RN1QKB1R w KQkq -,MODEL_PREDICTION_NOT_EMPIRICAL,after_key,0.0299031604081392,maia3,18,-97,115,SEVERE_ERROR,100000
ORD-01,B1,2100,maia3-79m,7,c2c4,c4,0.024541575461626,0.9976175827905536,0.6930503876503702,524,40,436,r2qkbnr/pp2pppp/2n5/2pp4/3P1Bb1/4PN2/PPP2PPP/RN1QKB1R w KQkq -,MODEL_PREDICTION_NOT_EMPIRICAL,after_key,0.024541575461626,maia3,13,-41,54,ERROR,100000
ORD-01,B1,2100,maia3-79m,8,d4c5,dxc5,0.0147120533511042,0.9976175827905536,0.6930503876503702,419,32,549,r2qkbnr/pp2pppp/2n5/2pp4/3P1Bb1/4PN2/PPP2PPP/RN1QKB1R w KQkq -,MODEL_PREDICTION_NOT_EMPIRICAL,after_key,0.0147120533511042,maia3,15,-209,224,SEVERE_ERROR,100000
ORD-01,B1,2100,maia3-79m,9,f1d3,Bd3,0.0030577909201383,0.9976175827905536,0.6930503876503702,497,40,463,r2qkbnr/pp2pppp/2n5/2pp4/3P1Bb1/4PN2/PPP2PPP/RN1QKB1R w KQkq -,MODEL_PREDICTION_NOT_EMPIRICAL,after_key,0.0030577909201383,maia3,13,-94,107,SEVERE_ERROR,100000
ORD-01,B1,2100,maia3-79m,10,a2a3,a3,0.0013280175626277,0.9976175827905536,0.6930503876503702,504,42,454,r2qkbnr/pp2pppp/2n5/2pp4/3P1Bb1/4PN2/PPP2PPP/RN1QKB1R w KQkq -,MODEL_PREDICTION_NOT_EMPIRICAL,after_key,0.0013280175626277,maia3,9,-108,117,SEVERE_ERROR,100000
ORD-02,B1,1100,maia3-79m,1,d1c2,Qc2,0.317994475364685,0.9632458807900548,0.769676659507179,524,20,456,r1b1kb1r/pp2pppp/1qn2n2/2pp4/3P1B2/2P1PN2/PP3PPP/RN1QKB1R w KQkq -,MODEL_PREDICTION_NOT_EMPIRICAL,after_key,0.317994475364685,maia3,-3,8,0,OK,100000
ORD-02,B1,1100,maia3-79m,2,b2b3,b3,0.2409628033638,0.9632458807900548,0.769676659507179,527,19,454,r1b1kb1r/pp2pppp/1qn2n2/2pp4/3P1B2/2P1PN2/PP3PPP/RN1QKB1R w KQkq -,MODEL_PREDICTION_NOT_EMPIRICAL,after_key,0.2409628033638,maia3,8,-30,38,OK,100000
ORD-02,B1,1100,maia3-79m,3,d1b3,Qb3,0.1528932452201843,0.9632458807900548,0.769676659507179,545,31,424,r1b1kb1r/pp2pppp/1qn2n2/2pp4/3P1B2/2P1PN2/PP3PPP/RN1QKB1R w KQkq -,MODEL_PREDICTION_NOT_EMPIRICAL,after_key,0.1528932452201843,maia3,0,-35,35,OK,100000
ORD-02,B1,1100,maia3-79m,4,b1d2,Nbd2,0.076353907585144,0.9632458807900548,0.769676659507179,478,20,502,r1b1kb1r/pp2pppp/1qn2n2/2pp4/3P1B2/2P1PN2/PP3PPP/RN1QKB1R w KQkq -,MODEL_PREDICTION_NOT_EMPIRICAL,after_key,0.076353907585144,maia3,-1,-41,40,ERROR,100000
ORD-02,B1,1100,maia3-79m,5,f1d3,Bd3,0.0716324299573898,0.9632458807900548,0.769676659507179,460,17,523,r1b1kb1r/pp2pppp/1qn2n2/2pp4/3P1B2/2P1PN2/PP3PPP/RN1QKB1R w KQkq -,MODEL_PREDICTION_NOT_EMPIRICAL,after_key,0.0716324299573898,maia3,-2,-147,145,SEVERE_ERROR,100000
ORD-02,B1,1100,maia3-79m,6,d1d2,Qd2,0.0315823704004287,0.9632458807900548,0.769676659507179,461,21,518,r1b1kb1r/pp2pppp/1qn2n2/2pp4/3P1B2/2P1PN2/PP3PPP/RN1QKB1R w KQkq -,MODEL_PREDICTION_NOT_EMPIRICAL,after_key,0.0315823704004287,maia3,0,-42,42,ERROR,100000
ORD-02,B1,1100,maia3-79m,7,b1a3,Na3,0.0265497136861085,0.9632458807900548,0.769676659507179,420,18,562,r1b1kb1r/pp2pppp/1qn2n2/2pp4/3P1B2/2P1PN2/PP3PPP/RN1QKB1R w KQkq -,MODEL_PREDICTION_NOT_EMPIRICAL,after_key,0.0265497136861085,maia3,0,-58,58,ERROR,100000
ORD-02,B1,1100,maia3-79m,8,f3e5,Ne5,0.0206352155655622,0.9632458807900548,0.769676659507179,422,19,559,r1b1kb1r/pp2pppp/1qn2n2/2pp4/3P1B2/2P1PN2/PP3PPP/RN1QKB1R w KQkq -,MODEL_PREDICTION_NOT_EMPIRICAL,after_key,0.0206352155655622,maia3,0,-84,84,ERROR,100000
ORD-02,B1,1100,maia3-79m,9,d1c1,Qc1,0.0162415280938148,0.9632458807900548,0.769676659507179,511,20,469,r1b1kb1r/pp2pppp/1qn2n2/2pp4/3P1B2/2P1PN2/PP3PPP/RN1QKB1R w KQkq -,MODEL_PREDICTION_NOT_EMPIRICAL,after_key,0.0162415280938148,maia3,-2,-20,18,OK,100000
ORD-02,B1,1100,maia3-79m,10,d4c5,dxc5,0.008400191552937,0.9632458807900548,0.769676659507179,420,17,563,r1b1kb1r/pp2pppp/1qn2n2/2pp4/3P1B2/2P1PN2/PP3PPP/RN1QKB1R w KQkq -,MODEL_PREDICTION_NOT_EMPIRICAL,after_key,0.008400191552937,maia3,0,-89,89,ERROR,100000
ORD-02,B1,1300,maia3-79m,1,d1c2,Qc2,0.4210727512836456,0.9810997624881566,0.6784099008038565,497,22,481,r1b1kb1r/pp2pppp/1qn2n2/2pp4/3P1B2/2P1PN2/PP3PPP/RN1QKB1R w KQkq -,MODEL_PREDICTION_NOT_EMPIRICAL,after_key,0.4210727512836456,maia3,-3,8,0,OK,100000
ORD-02,B1,1300,maia3-79m,2,d1b3,Qb3,0.2158976346254348,0.9810997624881566,0.6784099008038565,528,33,439,r1b1kb1r/pp2pppp/1qn2n2/2pp4/3P1B2/2P1PN2/PP3PPP/RN1QKB1R w KQkq -,MODEL_PREDICTION_NOT_EMPIRICAL,after_key,0.2158976346254348,maia3,0,-35,35,OK,100000
ORD-02,B1,1300,maia3-79m,3,b2b3,b3,0.1977197974920272,0.9810997624881566,0.6784099008038565,511,20,469,r1b1kb1r/pp2pppp/1qn2n2/2pp4/3P1B2/2P1PN2/PP3PPP/RN1QKB1R w KQkq -,MODEL_PREDICTION_NOT_EMPIRICAL,after_key,0.1977197974920272,maia3,8,-30,38,OK,100000
ORD-02,B1,1300,maia3-79m,4,b1d2,Nbd2,0.0365774855017662,0.9810997624881566,0.6784099008038565,463,20,517,r1b1kb1r/pp2pppp/1qn2n2/2pp4/3P1B2/2P1PN2/PP3PPP/RN1QKB1R w KQkq -,MODEL_PREDICTION_NOT_EMPIRICAL,after_key,0.0365774855017662,maia3,-1,-41,40,ERROR,100000
ORD-02,B1,1300,maia3-79m,5,f1d3,Bd3,0.0292143356055021,0.9810997624881566,0.6784099008038565,463,18,519,r1b1kb1r/pp2pppp/1qn2n2/2pp4/3P1B2/2P1PN2/PP3PPP/RN1QKB1R w KQkq -,MODEL_PREDICTION_NOT_EMPIRICAL,after_key,0.0292143356055021,maia3,-2,-147,145,SEVERE_ERROR,100000
ORD-02,B1,1300,maia3-79m,6,d1c1,Qc1,0.0267897192388772,0.9810997624881566,0.6784099008038565,495,21,484,r1b1kb1r/pp2pppp/1qn2n2/2pp4/3P1B2/2P1PN2/PP3PPP/RN1QKB1R w KQkq -,MODEL_PREDICTION_NOT_EMPIRICAL,after_key,0.0267897192388772,maia3,-2,-20,18,OK,100000
ORD-02,B1,1300,maia3-79m,7,b1a3,Na3,0.0206677578389644,0.9810997624881566,0.6784099008038565,401,18,581,r1b1kb1r/pp2pppp/1qn2n2/2pp4/3P1B2/2P1PN2/PP3PPP/RN1QKB1R w KQkq -,MODEL_PREDICTION_NOT_EMPIRICAL,after_key,0.0206677578389644,maia3,0,-58,58,ERROR,100000
ORD-02,B1,1300,maia3-79m,8,d1d2,Qd2,0.0193104166537523,0.9810997624881566,0.6784099008038565,448,22,530,r1b1kb1r/pp2pppp/1qn2n2/2pp4/3P1B2/2P1PN2/PP3PPP/RN1QKB1R w KQkq -,MODEL_PREDICTION_NOT_EMPIRICAL,after_key,0.0193104166537523,maia3,0,-42,42,ERROR,100000
ORD-02,B1,1300,maia3-79m,9,d4c5,dxc5,0.0072874906472861,0.9810997624881566,0.6784099008038565,401,18,581,r1b1kb1r/pp2pppp/1qn2n2/2pp4/3P1B2/2P1PN2/PP3PPP/RN1QKB1R w KQkq -,MODEL_PREDICTION_NOT_EMPIRICAL,after_key,0.0072874906472861,maia3,0,-89,89,ERROR,100000
ORD-02,B1,1300,maia3-79m,10,f3e5,Ne5,0.0065623736009001,0.9810997624881566,0.6784099008038565,408,20,572,r1b1kb1r/pp2pppp/1qn2n2/2pp4/3P1B2/2P1PN2/PP3PPP/RN1QKB1R w KQkq -,MODEL_PREDICTION_NOT_EMPIRICAL,after_key,0.0065623736009001,maia3,0,-84,84,ERROR,100000
ORD-02,B1,1500,maia3-79m,1,d1c2,Qc2,0.4408378303050995,0.990700176684186,0.6386499314303185,477,24,499,r1b1kb1r/pp2pppp/1qn2n2/2pp4/3P1B2/2P1PN2/PP3PPP/RN1QKB1R w KQkq -,MODEL_PREDICTION_NOT_EMPIRICAL,after_key,0.4408378303050995,maia3,-3,8,0,OK,100000
ORD-02,B1,1500,maia3-79m,2,d1b3,Qb3,0.2679146230220794,0.990700176684186,0.6386499314303185,506,35,459,r1b1kb1r/pp2pppp/1qn2n2/2pp4/3P1B2/2P1PN2/PP3PPP/RN1QKB1R w KQkq -,MODEL_PREDICTION_NOT_EMPIRICAL,after_key,0.2679146230220794,maia3,0,-35,35,OK,100000
ORD-02,B1,1500,maia3-79m,3,b2b3,b3,0.1608235090970993,0.990700176684186,0.6386499314303185,497,23,480,r1b1kb1r/pp2pppp/1qn2n2/2pp4/3P1B2/2P1PN2/PP3PPP/RN1QKB1R w KQkq -,MODEL_PREDICTION_NOT_EMPIRICAL,after_key,0.1608235090970993,maia3,8,-30,38,OK,100000
ORD-02,B1,1500,maia3-79m,4,d1c1,Qc1,0.0444222278892993,0.990700176684186,0.6386499314303185,484,24,492,r1b1kb1r/pp2pppp/1qn2n2/2pp4/3P1B2/2P1PN2/PP3PPP/RN1QKB1R w KQkq -,MODEL_PREDICTION_NOT_EMPIRICAL,after_key,0.0444222278892993,maia3,-2,-20,18,OK,100000
ORD-02,B1,1500,maia3-79m,5,b1d2,Nbd2,0.0210858415812253,0.990700176684186,0.6386499314303185,454,22,524,r1b1kb1r/pp2pppp/1qn2n2/2pp4/3P1B2/2P1PN2/PP3PPP/RN1QKB1R w KQkq -,MODEL_PREDICTION_NOT_EMPIRICAL,after_key,0.0210858415812253,maia3,-1,-41,40,ERROR,100000
ORD-02,B1,1500,maia3-79m,6,b1a3,Na3,0.0196542777121067,0.990700176684186,0.6386499314303185,409,20,571,r1b1kb1r/pp2pppp/1qn2n2/2pp4/3P1B2/2P1PN2/PP3PPP/RN1QKB1R w KQkq -,MODEL_PREDICTION_NOT_EMPIRICAL,after_key,0.0196542777121067,maia3,0,-58,58,ERROR,100000
ORD-02,B1,1500,maia3-79m,7,f1d3,Bd3,0.013525809161365,0.990700176684186,0.6386499314303185,459,21,520,r1b1kb1r/pp2pppp/1qn2n2/2pp4/3P1B2/2P1PN2/PP3PPP/RN1QKB1R w KQkq -,MODEL_PREDICTION_NOT_EMPIRICAL,after_key,0.013525809161365,maia3,-2,-147,145,SEVERE_ERROR,100000
ORD-02,B1,1500,maia3-79m,8,d1d2,Qd2,0.0116650927811861,0.990700176684186,0.6386499314303185,449,24,527,r1b1kb1r/pp2pppp/1qn2n2/2pp4/3P1B2/2P1PN2/PP3PPP/RN1QKB1R w KQkq -,MODEL_PREDICTION_NOT_EMPIRICAL,after_key,0.0116650927811861,maia3,0,-42,42,ERROR,100000
ORD-02,B1,1500,maia3-79m,9,d4c5,dxc5,0.0072075338102877,0.990700176684186,0.6386499314303185,390,20,590,r1b1kb1r/pp2pppp/1qn2n2/2pp4/3P1B2/2P1PN2/PP3PPP/RN1QKB1R w KQkq -,MODEL_PREDICTION_NOT_EMPIRICAL,after_key,0.0072075338102877,maia3,0,-89,89,ERROR,100000
ORD-02,B1,1500,maia3-79m,10,f1e2,Be2,0.0035634313244372,0.990700176684186,0.6386499314303185,446,21,533,r1b1kb1r/pp2pppp/1qn2n2/2pp4/3P1B2/2P1PN2/PP3PPP/RN1QKB1R w KQkq -,MODEL_PREDICTION_NOT_EMPIRICAL,after_key,0.0035634313244372,maia3,0,-95,95,ERROR,100000
ORD-02,B1,1700,maia3-79m,1,d1c2,Qc2,0.3801339864730835,0.9942872126121074,0.6481864338324232,475,27,498,r1b1kb1r/pp2pppp/1qn2n2/2pp4/3P1B2/2P1PN2/PP3PPP/RN1QKB1R w KQkq -,MODEL_PREDICTION_NOT_EMPIRICAL,after_key,0.3801339864730835,maia3,-3,8,0,OK,100000
ORD-02,B1,1700,maia3-79m,2,d1b3,Qb3,0.3257044553756714,0.9942872126121074,0.6481864338324232,493,39,468,r1b1kb1r/pp2pppp/1qn2n2/2pp4/3P1B2/2P1PN2/PP3PPP/RN1QKB1R w KQkq -,MODEL_PREDICTION_NOT_EMPIRICAL,after_key,0.3257044553756714,maia3,0,-35,35,OK,100000
ORD-02,B1,1700,maia3-79m,3,b2b3,b3,0.1500058323144912,0.9942872126121074,0.6481864338324232,491,26,483,r1b1kb1r/pp2pppp/1qn2n2/2pp4/3P1B2/2P1PN2/PP3PPP/RN1QKB1R w KQkq -,MODEL_PREDICTION_NOT_EMPIRICAL,after_key,0.1500058323144912,maia3,8,-30,38,OK,100000
ORD-02,B1,1700,maia3-79m,4,d1c1,Qc1,0.0736761763691902,0.9942872126121074,0.6481864338324232,480,29,491,r1b1kb1r/pp2pppp/1qn2n2/2pp4/3P1B2/2P1PN2/PP3PPP/RN1QKB1R w KQkq -,MODEL_PREDICTION_NOT_EMPIRICAL,after_key,0.0736761763691902,maia3,-2,-20,18,OK,100000
ORD-02,B1,1700,maia3-79m,5,b1a3,Na3,0.0222228411585092,0.9942872126121074,0.6481864338324232,446,23,531,r1b1kb1r/pp2pppp/1qn2n2/2pp4/3P1B2/2P1PN2/PP3PPP/RN1QKB1R w KQkq -,MODEL_PREDICTION_NOT_EMPIRICAL,after_key,0.0222228411585092,maia3,0,-58,58,ERROR,100000
ORD-02,B1,1700,maia3-79m,6,b1d2,Nbd2,0.0145318210124969,0.9942872126121074,0.6481864338324232,458,25,517,r1b1kb1r/pp2pppp/1qn2n2/2pp4/3P1B2/2P1PN2/PP3PPP/RN1QKB1R w KQkq -,MODEL_PREDICTION_NOT_EMPIRICAL,after_key,0.0145318210124969,maia3,-1,-41,40,ERROR,100000
ORD-02,B1,1700,maia3-79m,7,d4c5,dxc5,0.0086181815713644,0.9942872126121074,0.6481864338324232,393,24,583,r1b1kb1r/pp2pppp/1qn2n2/2pp4/3P1B2/2P1PN2/PP3PPP/RN1QKB1R w KQkq -,MODEL_PREDICTION_NOT_EMPIRICAL,after_key,0.0086181815713644,maia3,0,-89,89,ERROR,100000
ORD-02,B1,1700,maia3-79m,8,d1d2,Qd2,0.0086081931367516,0.9942872126121074,0.6481864338324232,457,27,516,r1b1kb1r/pp2pppp/1qn2n2/2pp4/3P1B2/2P1PN2/PP3PPP/RN1QKB1R w KQkq -,MODEL_PREDICTION_NOT_EMPIRICAL,after_key,0.0086081931367516,maia3,0,-42,42,ERROR,100000
ORD-02,B1,1700,maia3-79m,9,f1d3,Bd3,0.0082382829859852,0.9942872126121074,0.6481864338324232,458,24,518,r1b1kb1r/pp2pppp/1qn2n2/2pp4/3P1B2/2P1PN2/PP3PPP/RN1QKB1R w KQkq -,MODEL_PREDICTION_NOT_EMPIRICAL,after_key,0.0082382829859852,maia3,-2,-147,145,SEVERE_ERROR,100000
ORD-02,B1,1700,maia3-79m,10,f1e2,Be2,0.0025474422145634,0.9942872126121074,0.6481864338324232,439,25,536,r1b1kb1r/pp2pppp/1qn2n2/2pp4/3P1B2/2P1PN2/PP3PPP/RN1QKB1R w KQkq -,MODEL_PREDICTION_NOT_EMPIRICAL,after_key,0.0025474422145634,maia3,0,-95,95,ERROR,100000
ORD-02,B1,1900,maia3-79m,1,d1b3,Qb3,0.4087735414505005,0.9960922405589372,0.6587017957421027,488,45,467,r1b1kb1r/pp2pppp/1qn2n2/2pp4/3P1B2/2P1PN2/PP3PPP/RN1QKB1R w KQkq -,MODEL_PREDICTION_NOT_EMPIRICAL,after_key,0.4087735414505005,maia3,0,-35,35,OK,100000
ORD-02,B1,1900,maia3-79m,2,d1c2,Qc2,0.259055346250534,0.9960922405589372,0.6587017957421027,483,33,484,r1b1kb1r/pp2pppp/1qn2n2/2pp4/3P1B2/2P1PN2/PP3PPP/RN1QKB1R w KQkq -,MODEL_PREDICTION_NOT_EMPIRICAL,after_key,0.259055346250534,maia3,-3,8,0,OK,100000
ORD-02,B1,1900,maia3-79m,3,b2b3,b3,0.1603811830282211,0.9960922405589372,0.6587017957421027,483,32,485,r1b1kb1r/pp2pppp/1qn2n2/2pp4/3P1B2/2P1PN2/PP3PPP/RN1QKB1R w KQkq -,MODEL_PREDICTION_NOT_EMPIRICAL,after_key,0.1603811830282211,maia3,8,-30,38,OK,100000
ORD-02,B1,1900,maia3-79m,4,d1c1,Qc1,0.1055155172944068,0.9960922405589372,0.6587017957421027,477,35,488,r1b1kb1r/pp2pppp/1qn2n2/2pp4/3P1B2/2P1PN2/PP3PPP/RN1QKB1R w KQkq -,MODEL_PREDICTION_NOT_EMPIRICAL,after_key,0.1055155172944068,maia3,-2,-20,18,OK,100000
ORD-02,B1,1900,maia3-79m,5,b1a3,Na3,0.0252588391304016,0.9960922405589372,0.6587017957421027,501,27,472,r1b1kb1r/pp2pppp/1qn2n2/2pp4/3P1B2/2P1PN2/PP3PPP/RN1QKB1R w KQkq -,MODEL_PREDICTION_NOT_EMPIRICAL,after_key,0.0252588391304016,maia3,0,-58,58,ERROR,100000
ORD-02,B1,1900,maia3-79m,6,b1d2,Nbd2,0.0118770282715559,0.9960922405589372,0.6587017957421027,473,31,496,r1b1kb1r/pp2pppp/1qn2n2/2pp4/3P1B2/2P1PN2/PP3PPP/RN1QKB1R w KQkq -,MODEL_PREDICTION_NOT_EMPIRICAL,after_key,0.0118770282715559,maia3,-1,-41,40,ERROR,100000
ORD-02,B1,1900,maia3-79m,7,d4c5,dxc5,0.010214315727353,0.9960922405589372,0.6587017957421027,401,28,571,r1b1kb1r/pp2pppp/1qn2n2/2pp4/3P1B2/2P1PN2/PP3PPP/RN1QKB1R w KQkq -,MODEL_PREDICTION_NOT_EMPIRICAL,after_key,0.010214315727353,maia3,0,-89,89,ERROR,100000
ORD-02,B1,1900,maia3-79m,8,d1d2,Qd2,0.0067176474258303,0.9960922405589372,0.6587017957421027,464,33,503,r1b1kb1r/pp2pppp/1qn2n2/2pp4/3P1B2/2P1PN2/PP3PPP/RN1QKB1R w KQkq -,MODEL_PREDICTION_NOT_EMPIRICAL,after_key,0.0067176474258303,maia3,0,-42,42,ERROR,100000
ORD-02,B1,1900,maia3-79m,9,f1d3,Bd3,0.0063419947400689,0.9960922405589372,0.6587017957421027,467,29,504,r1b1kb1r/pp2pppp/1qn2n2/2pp4/3P1B2/2P1PN2/PP3PPP/RN1QKB1R w KQkq -,MODEL_PREDICTION_NOT_EMPIRICAL,after_key,0.0063419947400689,maia3,-2,-147,145,SEVERE_ERROR,100000
ORD-02,B1,1900,maia3-79m,10,f1e2,Be2,0.0019568272400647,0.9960922405589372,0.6587017957421027,449,30,521,r1b1kb1r/pp2pppp/1qn2n2/2pp4/3P1B2/2P1PN2/PP3PPP/RN1QKB1R w KQkq -,MODEL_PREDICTION_NOT_EMPIRICAL,after_key,0.0019568272400647,maia3,0,-95,95,ERROR,100000
ORD-02,B1,2100,maia3-79m,1,d1b3,Qb3,0.500754714012146,0.997409908566624,0.6201793474825907,484,53,463,r1b1kb1r/pp2pppp/1qn2n2/2pp4/3P1B2/2P1PN2/PP3PPP/RN1QKB1R w KQkq -,MODEL_PREDICTION_NOT_EMPIRICAL,after_key,0.500754714012146,maia3,0,-35,35,OK,100000
ORD-02,B1,2100,maia3-79m,2,d1c2,Qc2,0.164556622505188,0.997409908566624,0.6201793474825907,495,44,461,r1b1kb1r/pp2pppp/1qn2n2/2pp4/3P1B2/2P1PN2/PP3PPP/RN1QKB1R w KQkq -,MODEL_PREDICTION_NOT_EMPIRICAL,after_key,0.164556622505188,maia3,-3,8,0,OK,100000
ORD-02,B1,2100,maia3-79m,3,b2b3,b3,0.1616029739379882,0.997409908566624,0.6201793474825907,472,42,486,r1b1kb1r/pp2pppp/1qn2n2/2pp4/3P1B2/2P1PN2/PP3PPP/RN1QKB1R w KQkq -,MODEL_PREDICTION_NOT_EMPIRICAL,after_key,0.1616029739379882,maia3,8,-30,38,OK,100000
ORD-02,B1,2100,maia3-79m,4,d1c1,Qc1,0.1151936799287796,0.997409908566624,0.6201793474825907,479,45,476,r1b1kb1r/pp2pppp/1qn2n2/2pp4/3P1B2/2P1PN2/PP3PPP/RN1QKB1R w KQkq -,MODEL_PREDICTION_NOT_EMPIRICAL,after_key,0.1151936799287796,maia3,-2,-20,18,OK,100000
ORD-02,B1,2100,maia3-79m,5,b1a3,Na3,0.0252782590687274,0.997409908566624,0.6201793474825907,548,34,418,r1b1kb1r/pp2pppp/1qn2n2/2pp4/3P1B2/2P1PN2/PP3PPP/RN1QKB1R w KQkq -,MODEL_PREDICTION_NOT_EMPIRICAL,after_key,0.0252782590687274,maia3,0,-58,58,ERROR,100000
ORD-02,B1,2100,maia3-79m,6,b1d2,Nbd2,0.010247447527945,0.997409908566624,0.6201793474825907,489,41,470,r1b1kb1r/pp2pppp/1qn2n2/2pp4/3P1B2/2P1PN2/PP3PPP/RN1QKB1R w KQkq -,MODEL_PREDICTION_NOT_EMPIRICAL,after_key,0.010247447527945,maia3,-1,-41,40,ERROR,100000
ORD-02,B1,2100,maia3-79m,7,d4c5,dxc5,0.0095148151740431,0.997409908566624,0.6201793474825907,420,36,544,r1b1kb1r/pp2pppp/1qn2n2/2pp4/3P1B2/2P1PN2/PP3PPP/RN1QKB1R w KQkq -,MODEL_PREDICTION_NOT_EMPIRICAL,after_key,0.0095148151740431,maia3,0,-89,89,ERROR,100000
ORD-02,B1,2100,maia3-79m,8,d1d2,Qd2,0.0045444858260452,0.997409908566624,0.6201793474825907,465,43,492,r1b1kb1r/pp2pppp/1qn2n2/2pp4/3P1B2/2P1PN2/PP3PPP/RN1QKB1R w KQkq -,MODEL_PREDICTION_NOT_EMPIRICAL,after_key,0.0045444858260452,maia3,0,-42,42,ERROR,100000
ORD-02,B1,2100,maia3-79m,9,f1d3,Bd3,0.0044639715924859,0.997409908566624,0.6201793474825907,479,37,484,r1b1kb1r/pp2pppp/1qn2n2/2pp4/3P1B2/2P1PN2/PP3PPP/RN1QKB1R w KQkq -,MODEL_PREDICTION_NOT_EMPIRICAL,after_key,0.0044639715924859,maia3,-2,-147,145,SEVERE_ERROR,100000
ORD-02,B1,2100,maia3-79m,10,f1e2,Be2,0.0012529389932751,0.997409908566624,0.6201793474825907,469,40,491,r1b1kb1r/pp2pppp/1qn2n2/2pp4/3P1B2/2P1PN2/PP3PPP/RN1QKB1R w KQkq -,MODEL_PREDICTION_NOT_EMPIRICAL,after_key,0.0012529389932751,maia3,0,-95,95,ERROR,100000
COL-01,B1,1100,maia3-79m,1,d3f5,Bxf5,0.4447374641895294,0.9767240257933736,0.734330305757848,521,33,446,rn1qkb1r/ppp2ppp/4pn2/3p1b2/3P4/3BPN2/PPP2PPP/RNBQK2R w KQkq -,MODEL_PREDICTION_NOT_EMPIRICAL,after_key,0.4447374641895294,maia3,16,18,0,OK,100000
COL-01,B1,1100,maia3-79m,2,e1g1,O-O,0.1715780347585678,0.9767240257933736,0.734330305757848,511,29,460,rn1qkb1r/ppp2ppp/4pn2/3p1b2/3P4/3BPN2/PPP2PPP/RNBQK2R w KQkq -,MODEL_PREDICTION_NOT_EMPIRICAL,after_key,0.1715780347585678,maia3,12,12,0,OK,100000
COL-01,B1,1100,maia3-79m,3,b1d2,Nbd2,0.0931482762098312,0.9767240257933736,0.734330305757848,494,31,475,rn1qkb1r/ppp2ppp/4pn2/3p1b2/3P4/3BPN2/PPP2PPP/RNBQK2R w KQkq -,MODEL_PREDICTION_NOT_EMPIRICAL,after_key,0.0931482762098312,maia3,12,-21,33,OK,100000
COL-01,B1,1100,maia3-79m,4,d1e2,Qe2,0.0784997791051864,0.9767240257933736,0.734330305757848,507,28,465,rn1qkb1r/ppp2ppp/4pn2/3p1b2/3P4/3BPN2/PPP2PPP/RNBQK2R w KQkq -,MODEL_PREDICTION_NOT_EMPIRICAL,after_key,0.0784997791051864,maia3,10,-29,39,OK,100000
COL-01,B1,1100,maia3-79m,5,c2c3,c3,0.0762167647480964,0.9767240257933736,0.734330305757848,509,31,460,rn1qkb1r/ppp2ppp/4pn2/3p1b2/3P4/3BPN2/PPP2PPP/RNBQK2R w KQkq -,MODEL_PREDICTION_NOT_EMPIRICAL,after_key,0.0762167647480964,maia3,13,-28,41,ERROR,100000
COL-01,B1,1100,maia3-79m,6,b1c3,Nc3,0.0405212119221687,0.9767240257933736,0.734330305757848,505,31,464,rn1qkb1r/ppp2ppp/4pn2/3p1b2/3P4/3BPN2/PPP2PPP/RNBQK2R w KQkq -,MODEL_PREDICTION_NOT_EMPIRICAL,after_key,0.0405212119221687,maia3,13,-15,28,OK,100000
COL-01,B1,1100,maia3-79m,7,f3e5,Ne5,0.0307147577404975,0.9767240257933736,0.734330305757848,510,28,462,rn1qkb1r/ppp2ppp/4pn2/3p1b2/3P4/3BPN2/PPP2PPP/RNBQK2R w KQkq -,MODEL_PREDICTION_NOT_EMPIRICAL,after_key,0.0307147577404975,maia3,14,-42,56,ERROR,100000
COL-01,B1,1100,maia3-79m,8,b2b3,b3,0.0212673339992761,0.9767240257933736,0.734330305757848,496,31,473,rn1qkb1r/ppp2ppp/4pn2/3p1b2/3P4/3BPN2/PPP2PPP/RNBQK2R w KQkq -,MODEL_PREDICTION_NOT_EMPIRICAL,after_key,0.0212673339992761,maia3,16,-12,28,OK,100000
COL-01,B1,1100,maia3-79m,9,c2c4,c4,0.0104182669892907,0.9767240257933736,0.734330305757848,508,29,463,rn1qkb1r/ppp2ppp/4pn2/3p1b2/3P4/3BPN2/PPP2PPP/RNBQK2R w KQkq -,MODEL_PREDICTION_NOT_EMPIRICAL,after_key,0.0104182669892907,maia3,16,4,12,OK,100000
COL-01,B1,1100,maia3-79m,10,h2h3,h3,0.0096221361309289,0.9767240257933736,0.734330305757848,511,29,460,rn1qkb1r/ppp2ppp/4pn2/3p1b2/3P4/3BPN2/PPP2PPP/RNBQK2R w KQkq -,MODEL_PREDICTION_NOT_EMPIRICAL,after_key,0.0096221361309289,maia3,19,-14,33,OK,100000
COL-01,B1,1300,maia3-79m,1,d3f5,Bxf5,0.5230507850646973,0.9794785706326364,0.6675020633667366,517,34,449,rn1qkb1r/ppp2ppp/4pn2/3p1b2/3P4/3BPN2/PPP2PPP/RNBQK2R w KQkq -,MODEL_PREDICTION_NOT_EMPIRICAL,after_key,0.5230507850646973,maia3,16,18,0,OK,100000
COL-01,B1,1300,maia3-79m,2,e1g1,O-O,0.1489529311656952,0.9794785706326364,0.6675020633667366,512,29,459,rn1qkb1r/ppp2ppp/4pn2/3p1b2/3P4/3BPN2/PPP2PPP/RNBQK2R w KQkq -,MODEL_PREDICTION_NOT_EMPIRICAL,after_key,0.1489529311656952,maia3,12,12,0,OK,100000
COL-01,B1,1300,maia3-79m,3,d1e2,Qe2,0.0797903761267662,0.9794785706326364,0.6675020633667366,509,27,464,rn1qkb1r/ppp2ppp/4pn2/3p1b2/3P4/3BPN2/PPP2PPP/RNBQK2R w KQkq -,MODEL_PREDICTION_NOT_EMPIRICAL,after_key,0.0797903761267662,maia3,10,-29,39,OK,100000
COL-01,B1,1300,maia3-79m,4,b1d2,Nbd2,0.0715258046984672,0.9794785706326364,0.6675020633667366,494,31,475,rn1qkb1r/ppp2ppp/4pn2/3p1b2/3P4/3BPN2/PPP2PPP/RNBQK2R w KQkq -,MODEL_PREDICTION_NOT_EMPIRICAL,after_key,0.0715258046984672,maia3,12,-21,33,OK,100000
COL-01,B1,1300,maia3-79m,5,c2c3,c3,0.0709827318787574,0.9794785706326364,0.6675020633667366,508,31,461,rn1qkb1r/ppp2ppp/4pn2/3p1b2/3P4/3BPN2/PPP2PPP/RNBQK2R w KQkq -,MODEL_PREDICTION_NOT_EMPIRICAL,after_key,0.0709827318787574,maia3,13,-28,41,ERROR,100000
COL-01,B1,1300,maia3-79m,6,b1c3,Nc3,0.0310622695833444,0.9794785706326364,0.6675020633667366,505,31,464,rn1qkb1r/ppp2ppp/4pn2/3p1b2/3P4/3BPN2/PPP2PPP/RNBQK2R w KQkq -,MODEL_PREDICTION_NOT_EMPIRICAL,after_key,0.0310622695833444,maia3,13,-15,28,OK,100000
COL-01,B1,1300,maia3-79m,7,b2b3,b3,0.0210076011717319,0.9794785706326364,0.6675020633667366,498,30,472,rn1qkb1r/ppp2ppp/4pn2/3p1b2/3P4/3BPN2/PPP2PPP/RNBQK2R w KQkq -,MODEL_PREDICTION_NOT_EMPIRICAL,after_key,0.0210076011717319,maia3,16,-12,28,OK,100000
COL-01,B1,1300,maia3-79m,8,f3e5,Ne5,0.0164031684398651,0.9794785706326364,0.6675020633667366,514,29,457,rn1qkb1r/ppp2ppp/4pn2/3p1b2/3P4/3BPN2/PPP2PPP/RNBQK2R w KQkq -,MODEL_PREDICTION_NOT_EMPIRICAL,after_key,0.0164031684398651,maia3,14,-42,56,ERROR,100000
COL-01,B1,1300,maia3-79m,9,c2c4,c4,0.0094159552827477,0.9794785706326364,0.6675020633667366,508,29,463,rn1qkb1r/ppp2ppp/4pn2/3p1b2/3P4/3BPN2/PPP2PPP/RNBQK2R w KQkq -,MODEL_PREDICTION_NOT_EMPIRICAL,after_key,0.0094159552827477,maia3,16,4,12,OK,100000
COL-01,B1,1300,maia3-79m,10,h2h3,h3,0.0072869472205638,0.9794785706326364,0.6675020633667366,509,29,462,rn1qkb1r/ppp2ppp/4pn2/3p1b2/3P4/3BPN2/PPP2PPP/RNBQK2R w KQkq -,MODEL_PREDICTION_NOT_EMPIRICAL,after_key,0.0072869472205638,maia3,19,-14,33,OK,100000
COL-01,B1,1500,maia3-79m,1,d3f5,Bxf5,0.5528113842010498,0.982316450215876,0.6418675881788171,512,36,452,rn1qkb1r/ppp2ppp/4pn2/3p1b2/3P4/3BPN2/PPP2PPP/RNBQK2R w KQkq -,MODEL_PREDICTION_NOT_EMPIRICAL,after_key,0.5528113842010498,maia3,16,18,0,OK,100000
COL-01,B1,1500,maia3-79m,2,e1g1,O-O,0.1442257016897201,0.982316450215876,0.6418675881788171,507,32,461,rn1qkb1r/ppp2ppp/4pn2/3p1b2/3P4/3BPN2/PPP2PPP/RNBQK2R w KQkq -,MODEL_PREDICTION_NOT_EMPIRICAL,after_key,0.1442257016897201,maia3,12,12,0,OK,100000
COL-01,B1,1500,maia3-79m,3,d1e2,Qe2,0.0731698051095008,0.982316450215876,0.6418675881788171,508,29,463,rn1qkb1r/ppp2ppp/4pn2/3p1b2/3P4/3BPN2/PPP2PPP/RNBQK2R w KQkq -,MODEL_PREDICTION_NOT_EMPIRICAL,after_key,0.0731698051095008,maia3,10,-29,39,OK,100000
COL-01,B1,1500,maia3-79m,4,c2c3,c3,0.0680907592177391,0.982316450215876,0.6418675881788171,504,34,462,rn1qkb1r/ppp2ppp/4pn2/3p1b2/3P4/3BPN2/PPP2PPP/RNBQK2R w KQkq -,MODEL_PREDICTION_NOT_EMPIRICAL,after_key,0.0680907592177391,maia3,13,-28,41,ERROR,100000
COL-01,B1,1500,maia3-79m,5,b1d2,Nbd2,0.0646014511585235,0.982316450215876,0.6418675881788171,490,34,476,rn1qkb1r/ppp2ppp/4pn2/3p1b2/3P4/3BPN2/PPP2PPP/RNBQK2R w KQkq -,MODEL_PREDICTION_NOT_EMPIRICAL,after_key,0.0646014511585235,maia3,12,-21,33,OK,100000
COL-01,B1,1500,maia3-79m,6,b1c3,Nc3,0.0265094991773366,0.982316450215876,0.6418675881788171,502,32,466,rn1qkb1r/ppp2ppp/4pn2/3p1b2/3P4/3BPN2/PPP2PPP/RNBQK2R w KQkq -,MODEL_PREDICTION_NOT_EMPIRICAL,after_key,0.0265094991773366,maia3,13,-15,28,OK,100000
COL-01,B1,1500,maia3-79m,7,b2b3,b3,0.0240444485098123,0.982316450215876,0.6418675881788171,499,32,469,rn1qkb1r/ppp2ppp/4pn2/3p1b2/3P4/3BPN2/PPP2PPP/RNBQK2R w KQkq -,MODEL_PREDICTION_NOT_EMPIRICAL,after_key,0.0240444485098123,maia3,16,-12,28,OK,100000
COL-01,B1,1500,maia3-79m,8,f3e5,Ne5,0.0104738511145114,0.982316450215876,0.6418675881788171,511,32,457,rn1qkb1r/ppp2ppp/4pn2/3p1b2/3P4/3BPN2/PPP2PPP/RNBQK2R w KQkq -,MODEL_PREDICTION_NOT_EMPIRICAL,after_key,0.0104738511145114,maia3,14,-42,56,ERROR,100000
COL-01,B1,1500,maia3-79m,9,c2c4,c4,0.0102036101743578,0.982316450215876,0.6418675881788171,506,31,463,rn1qkb1r/ppp2ppp/4pn2/3p1b2/3P4/3BPN2/PPP2PPP/RNBQK2R w KQkq -,MODEL_PREDICTION_NOT_EMPIRICAL,after_key,0.0102036101743578,maia3,16,4,12,OK,100000
COL-01,B1,1500,maia3-79m,10,a2a3,a3,0.0081859398633241,0.982316450215876,0.6418675881788171,508,33,459,rn1qkb1r/ppp2ppp/4pn2/3p1b2/3P4/3BPN2/PPP2PPP/RNBQK2R w KQkq -,MODEL_PREDICTION_NOT_EMPIRICAL,after_key,0.0081859398633241,maia3,22,-19,41,ERROR,100000
COL-01,B1,1700,maia3-79m,1,d3f5,Bxf5,0.5493029952049255,0.9846450965851544,0.6425993311334788,506,39,455,rn1qkb1r/ppp2ppp/4pn2/3p1b2/3P4/3BPN2/PPP2PPP/RNBQK2R w KQkq -,MODEL_PREDICTION_NOT_EMPIRICAL,after_key,0.5493029952049255,maia3,16,18,0,OK,100000
COL-01,B1,1700,maia3-79m,2,e1g1,O-O,0.1647816300392151,0.9846450965851544,0.6425993311334788,501,38,461,rn1qkb1r/ppp2ppp/4pn2/3p1b2/3P4/3BPN2/PPP2PPP/RNBQK2R w KQkq -,MODEL_PREDICTION_NOT_EMPIRICAL,after_key,0.1647816300392151,maia3,12,12,0,OK,100000
COL-01,B1,1700,maia3-79m,3,c2c3,c3,0.0635496973991394,0.9846450965851544,0.6425993311334788,499,38,463,rn1qkb1r/ppp2ppp/4pn2/3p1b2/3P4/3BPN2/PPP2PPP/RNBQK2R w KQkq -,MODEL_PREDICTION_NOT_EMPIRICAL,after_key,0.0635496973991394,maia3,13,-28,41,ERROR,100000
COL-01,B1,1700,maia3-79m,4,b1d2,Nbd2,0.0625747144222259,0.9846450965851544,0.6425993311334788,490,38,472,rn1qkb1r/ppp2ppp/4pn2/3p1b2/3P4/3BPN2/PPP2PPP/RNBQK2R w KQkq -,MODEL_PREDICTION_NOT_EMPIRICAL,after_key,0.0625747144222259,maia3,12,-21,33,OK,100000
COL-01,B1,1700,maia3-79m,5,d1e2,Qe2,0.0592004992067813,0.9846450965851544,0.6425993311334788,505,34,461,rn1qkb1r/ppp2ppp/4pn2/3p1b2/3P4/3BPN2/PPP2PPP/RNBQK2R w KQkq -,MODEL_PREDICTION_NOT_EMPIRICAL,after_key,0.0592004992067813,maia3,10,-29,39,OK,100000
COL-01,B1,1700,maia3-79m,6,b2b3,b3,0.0303914938122034,0.9846450965851544,0.6425993311334788,496,37,467,rn1qkb1r/ppp2ppp/4pn2/3p1b2/3P4/3BPN2/PPP2PPP/RNBQK2R w KQkq -,MODEL_PREDICTION_NOT_EMPIRICAL,after_key,0.0303914938122034,maia3,16,-12,28,OK,100000
COL-01,B1,1700,maia3-79m,7,b1c3,Nc3,0.0227517168968915,0.9846450965851544,0.6425993311334788,497,37,466,rn1qkb1r/ppp2ppp/4pn2/3p1b2/3P4/3BPN2/PPP2PPP/RNBQK2R w KQkq -,MODEL_PREDICTION_NOT_EMPIRICAL,after_key,0.0227517168968915,maia3,13,-15,28,OK,100000
COL-01,B1,1700,maia3-79m,8,c2c4,c4,0.012899630703032,0.9846450965851544,0.6425993311334788,509,35,456,rn1qkb1r/ppp2ppp/4pn2/3p1b2/3P4/3BPN2/PPP2PPP/RNBQK2R w KQkq -,MODEL_PREDICTION_NOT_EMPIRICAL,after_key,0.012899630703032,maia3,16,4,12,OK,100000
COL-01,B1,1700,maia3-79m,9,f3e5,Ne5,0.0100981704890728,0.9846450965851544,0.6425993311334788,506,37,457,rn1qkb1r/ppp2ppp/4pn2/3p1b2/3P4/3BPN2/PPP2PPP/RNBQK2R w KQkq -,MODEL_PREDICTION_NOT_EMPIRICAL,after_key,0.0100981704890728,maia3,14,-42,56,ERROR,100000
COL-01,B1,1700,maia3-79m,10,a2a3,a3,0.0090945484116673,0.9846450965851544,0.6425993311334788,503,37,460,rn1qkb1r/ppp2ppp/4pn2/3p1b2/3P4/3BPN2/PPP2PPP/RNBQK2R w KQkq -,MODEL_PREDICTION_NOT_EMPIRICAL,after_key,0.0090945484116673,maia3,22,-19,41,ERROR,100000
COL-01,B1,1900,maia3-79m,1,d3f5,Bxf5,0.5202398896217346,0.986421222332865,0.649451686524954,504,43,453,rn1qkb1r/ppp2ppp/4pn2/3p1b2/3P4/3BPN2/PPP2PPP/RNBQK2R w KQkq -,MODEL_PREDICTION_NOT_EMPIRICAL,after_key,0.5202398896217346,maia3,16,18,0,OK,100000
COL-01,B1,1900,maia3-79m,2,e1g1,O-O,0.2154639512300491,0.986421222332865,0.649451686524954,497,46,457,rn1qkb1r/ppp2ppp/4pn2/3p1b2/3P4/3BPN2/PPP2PPP/RNBQK2R w KQkq -,MODEL_PREDICTION_NOT_EMPIRICAL,after_key,0.2154639512300491,maia3,12,12,0,OK,100000
COL-01,B1,1900,maia3-79m,3,b1d2,Nbd2,0.059920459985733,0.986421222332865,0.649451686524954,491,46,463,rn1qkb1r/ppp2ppp/4pn2/3p1b2/3P4/3BPN2/PPP2PPP/RNBQK2R w KQkq -,MODEL_PREDICTION_NOT_EMPIRICAL,after_key,0.059920459985733,maia3,12,-21,33,OK,100000
COL-01,B1,1900,maia3-79m,4,c2c3,c3,0.0504230633378028,0.986421222332865,0.649451686524954,491,47,462,rn1qkb1r/ppp2ppp/4pn2/3p1b2/3P4/3BPN2/PPP2PPP/RNBQK2R w KQkq -,MODEL_PREDICTION_NOT_EMPIRICAL,after_key,0.0504230633378028,maia3,13,-28,41,ERROR,100000
COL-01,B1,1900,maia3-79m,5,d1e2,Qe2,0.0434326715767383,0.986421222332865,0.649451686524954,503,41,456,rn1qkb1r/ppp2ppp/4pn2/3p1b2/3P4/3BPN2/PPP2PPP/RNBQK2R w KQkq -,MODEL_PREDICTION_NOT_EMPIRICAL,after_key,0.0434326715767383,maia3,10,-29,39,OK,100000
COL-01,B1,1900,maia3-79m,6,b2b3,b3,0.0391389615833759,0.986421222332865,0.649451686524954,492,44,464,rn1qkb1r/ppp2ppp/4pn2/3p1b2/3P4/3BPN2/PPP2PPP/RNBQK2R w KQkq -,MODEL_PREDICTION_NOT_EMPIRICAL,after_key,0.0391389615833759,maia3,16,-12,28,OK,100000
COL-01,B1,1900,maia3-79m,7,c2c4,c4,0.0178302079439163,0.986421222332865,0.649451686524954,508,42,450,rn1qkb1r/ppp2ppp/4pn2/3p1b2/3P4/3BPN2/PPP2PPP/RNBQK2R w KQkq -,MODEL_PREDICTION_NOT_EMPIRICAL,after_key,0.0178302079439163,maia3,16,4,12,OK,100000
COL-01,B1,1900,maia3-79m,8,b1c3,Nc3,0.0163937825709581,0.986421222332865,0.649451686524954,496,43,461,rn1qkb1r/ppp2ppp/4pn2/3p1b2/3P4/3BPN2/PPP2PPP/RNBQK2R w KQkq -,MODEL_PREDICTION_NOT_EMPIRICAL,after_key,0.0163937825709581,maia3,13,-15,28,OK,100000
COL-01,B1,1900,maia3-79m,9,f3e5,Ne5,0.0159709192812442,0.986421222332865,0.649451686524954,503,44,453,rn1qkb1r/ppp2ppp/4pn2/3p1b2/3P4/3BPN2/PPP2PPP/RNBQK2R w KQkq -,MODEL_PREDICTION_NOT_EMPIRICAL,after_key,0.0159709192812442,maia3,14,-42,56,ERROR,100000
COL-01,B1,1900,maia3-79m,10,a2a3,a3,0.0076073152013123,0.986421222332865,0.649451686524954,496,45,459,rn1qkb1r/ppp2ppp/4pn2/3p1b2/3P4/3BPN2/PPP2PPP/RNBQK2R w KQkq -,MODEL_PREDICTION_NOT_EMPIRICAL,after_key,0.0076073152013123,maia3,22,-19,41,ERROR,100000
COL-01,B1,2100,maia3-79m,1,d3f5,Bxf5,0.4668839275836944,0.9920293684117496,0.6454234919224675,503,50,447,rn1qkb1r/ppp2ppp/4pn2/3p1b2/3P4/3BPN2/PPP2PPP/RNBQK2R w KQkq -,MODEL_PREDICTION_NOT_EMPIRICAL,after_key,0.4668839275836944,maia3,16,18,0,OK,100000
COL-01,B1,2100,maia3-79m,2,e1g1,O-O,0.2998213469982147,0.9920293684117496,0.6454234919224675,488,57,455,rn1qkb1r/ppp2ppp/4pn2/3p1b2/3P4/3BPN2/PPP2PPP/RNBQK2R w KQkq -,MODEL_PREDICTION_NOT_EMPIRICAL,after_key,0.2998213469982147,maia3,12,12,0,OK,100000
COL-01,B1,2100,maia3-79m,3,b1d2,Nbd2,0.0529186800122261,0.9920293684117496,0.6454234919224675,486,56,458,rn1qkb1r/ppp2ppp/4pn2/3p1b2/3P4/3BPN2/PPP2PPP/RNBQK2R w KQkq -,MODEL_PREDICTION_NOT_EMPIRICAL,after_key,0.0529186800122261,maia3,12,-21,33,OK,100000
COL-01,B1,2100,maia3-79m,4,b2b3,b3,0.0462819375097751,0.9920293684117496,0.6454234919224675,479,56,465,rn1qkb1r/ppp2ppp/4pn2/3p1b2/3P4/3BPN2/PPP2PPP/RNBQK2R w KQkq -,MODEL_PREDICTION_NOT_EMPIRICAL,after_key,0.0462819375097751,maia3,16,-12,28,OK,100000
COL-01,B1,2100,maia3-79m,5,f3e5,Ne5,0.0306657943874597,0.9920293684117496,0.6454234919224675,496,55,449,rn1qkb1r/ppp2ppp/4pn2/3p1b2/3P4/3BPN2/PPP2PPP/RNBQK2R w KQkq -,MODEL_PREDICTION_NOT_EMPIRICAL,after_key,0.0306657943874597,maia3,14,-42,56,ERROR,100000
COL-01,B1,2100,maia3-79m,6,d1e2,Qe2,0.0290334597229957,0.9920293684117496,0.6454234919224675,494,51,455,rn1qkb1r/ppp2ppp/4pn2/3p1b2/3P4/3BPN2/PPP2PPP/RNBQK2R w KQkq -,MODEL_PREDICTION_NOT_EMPIRICAL,after_key,0.0290334597229957,maia3,10,-29,39,OK,100000
COL-01,B1,2100,maia3-79m,7,c2c3,c3,0.0263684410601854,0.9920293684117496,0.6454234919224675,479,58,463,rn1qkb1r/ppp2ppp/4pn2/3p1b2/3P4/3BPN2/PPP2PPP/RNBQK2R w KQkq -,MODEL_PREDICTION_NOT_EMPIRICAL,after_key,0.0263684410601854,maia3,13,-28,41,ERROR,100000
COL-01,B1,2100,maia3-79m,8,c2c4,c4,0.0246652048081159,0.9920293684117496,0.6454234919224675,503,51,446,rn1qkb1r/ppp2ppp/4pn2/3p1b2/3P4/3BPN2/PPP2PPP/RNBQK2R w KQkq -,MODEL_PREDICTION_NOT_EMPIRICAL,after_key,0.0246652048081159,maia3,16,4,12,OK,100000
COL-01,B1,2100,maia3-79m,9,b1c3,Nc3,0.0085174525156617,0.9920293684117496,0.6454234919224675,488,53,459,rn1qkb1r/ppp2ppp/4pn2/3p1b2/3P4/3BPN2/PPP2PPP/RNBQK2R w KQkq -,MODEL_PREDICTION_NOT_EMPIRICAL,after_key,0.0085174525156617,maia3,13,-15,28,OK,100000
COL-01,B1,2100,maia3-79m,10,h2h3,h3,0.0068731238134205,0.9920293684117496,0.6454234919224675,481,55,464,rn1qkb1r/ppp2ppp/4pn2/3p1b2/3P4/3BPN2/PPP2PPP/RNBQK2R w KQkq -,MODEL_PREDICTION_NOT_EMPIRICAL,after_key,0.0068731238134205,maia3,19,-14,33,OK,100000
COL-10,B1,1100,maia3-79m,1,b1d2,Nbd2,0.2247326374053955,0.9780841656029224,0.8902278180039641,532,25,443,r1bqkb1r/pp3ppp/2n1pn2/2pp4/3P4/1P2PN2/PBP2PPP/RN1QKB1R w KQkq -,MODEL_PREDICTION_NOT_EMPIRICAL,after_key,0.2247326374053955,maia3,24,30,0,OK,100000
COL-10,B1,1100,maia3-79m,2,f1d3,Bd3,0.204361230134964,0.9780841656029224,0.8902278180039641,530,24,446,r1bqkb1r/pp3ppp/2n1pn2/2pp4/3P4/1P2PN2/PBP2PPP/RN1QKB1R w KQkq -,MODEL_PREDICTION_NOT_EMPIRICAL,after_key,0.204361230134964,maia3,30,22,8,OK,100000
COL-10,B1,1100,maia3-79m,3,f1b5,Bb5,0.1425735652446746,0.9780841656029224,0.8902278180039641,500,24,476,r1bqkb1r/pp3ppp/2n1pn2/2pp4/3P4/1P2PN2/PBP2PPP/RN1QKB1R w KQkq -,MODEL_PREDICTION_NOT_EMPIRICAL,after_key,0.1425735652446746,maia3,33,-44,77,ERROR,100000
COL-10,B1,1100,maia3-79m,4,a2a3,a3,0.1117997467517852,0.9780841656029224,0.8902278180039641,527,25,448,r1bqkb1r/pp3ppp/2n1pn2/2pp4/3P4/1P2PN2/PBP2PPP/RN1QKB1R w KQkq -,MODEL_PREDICTION_NOT_EMPIRICAL,after_key,0.1117997467517852,maia3,32,13,19,OK,100000
COL-10,B1,1100,maia3-79m,5,d4c5,dxc5,0.0733823180198669,0.9780841656029224,0.8902278180039641,467,25,508,r1bqkb1r/pp3ppp/2n1pn2/2pp4/3P4/1P2PN2/PBP2PPP/RN1QKB1R w KQkq -,MODEL_PREDICTION_NOT_EMPIRICAL,after_key,0.0733823180198669,maia3,24,-13,37,OK,100000
COL-10,B1,1100,maia3-79m,6,c2c4,c4,0.0720269680023193,0.9780841656029224,0.8902278180039641,522,25,453,r1bqkb1r/pp3ppp/2n1pn2/2pp4/3P4/1P2PN2/PBP2PPP/RN1QKB1R w KQkq -,MODEL_PREDICTION_NOT_EMPIRICAL,after_key,0.0720269680023193,maia3,16,-36,52,ERROR,100000
COL-10,B1,1100,maia3-79m,7,c2c3,c3,0.0539739057421684,0.9780841656029224,0.8902278180039641,534,25,441,r1bqkb1r/pp3ppp/2n1pn2/2pp4/3P4/1P2PN2/PBP2PPP/RN1QKB1R w KQkq -,MODEL_PREDICTION_NOT_EMPIRICAL,after_key,0.0539739057421684,maia3,20,-20,40,ERROR,100000
COL-10,B1,1100,maia3-79m,8,b1c3,Nc3,0.0339277423918247,0.9780841656029224,0.8902278180039641,512,26,462,r1bqkb1r/pp3ppp/2n1pn2/2pp4/3P4/1P2PN2/PBP2PPP/RN1QKB1R w KQkq -,MODEL_PREDICTION_NOT_EMPIRICAL,after_key,0.0339277423918247,maia3,22,-19,41,ERROR,100000
COL-10,B1,1100,maia3-79m,9,f1e2,Be2,0.0313300676643848,0.9780841656029224,0.8902278180039641,528,25,447,r1bqkb1r/pp3ppp/2n1pn2/2pp4/3P4/1P2PN2/PBP2PPP/RN1QKB1R w KQkq -,MODEL_PREDICTION_NOT_EMPIRICAL,after_key,0.0313300676643848,maia3,19,3,16,OK,100000
COL-10,B1,1100,maia3-79m,10,f3e5,Ne5,0.0299759842455387,0.9780841656029224,0.8902278180039641,508,26,466,r1bqkb1r/pp3ppp/2n1pn2/2pp4/3P4/1P2PN2/PBP2PPP/RN1QKB1R w KQkq -,MODEL_PREDICTION_NOT_EMPIRICAL,after_key,0.0299759842455387,maia3,23,-36,59,ERROR,100000
COL-10,B1,1300,maia3-79m,1,b1d2,Nbd2,0.2510354816913605,0.986993994563818,0.8567735273159757,531,25,444,r1bqkb1r/pp3ppp/2n1pn2/2pp4/3P4/1P2PN2/PBP2PPP/RN1QKB1R w KQkq -,MODEL_PREDICTION_NOT_EMPIRICAL,after_key,0.2510354816913605,maia3,24,30,0,OK,100000
COL-10,B1,1300,maia3-79m,2,f1d3,Bd3,0.2216754108667373,0.986993994563818,0.8567735273159757,534,24,442,r1bqkb1r/pp3ppp/2n1pn2/2pp4/3P4/1P2PN2/PBP2PPP/RN1QKB1R w KQkq -,MODEL_PREDICTION_NOT_EMPIRICAL,after_key,0.2216754108667373,maia3,30,22,8,OK,100000
COL-10,B1,1300,maia3-79m,3,a2a3,a3,0.1529531925916671,0.986993994563818,0.8567735273159757,525,25,450,r1bqkb1r/pp3ppp/2n1pn2/2pp4/3P4/1P2PN2/PBP2PPP/RN1QKB1R w KQkq -,MODEL_PREDICTION_NOT_EMPIRICAL,after_key,0.1529531925916671,maia3,32,13,19,OK,100000
COL-10,B1,1300,maia3-79m,4,f1b5,Bb5,0.1246245354413986,0.986993994563818,0.8567735273159757,499,25,476,r1bqkb1r/pp3ppp/2n1pn2/2pp4/3P4/1P2PN2/PBP2PPP/RN1QKB1R w KQkq -,MODEL_PREDICTION_NOT_EMPIRICAL,after_key,0.1246245354413986,maia3,33,-44,77,ERROR,100000
COL-10,B1,1300,maia3-79m,5,c2c4,c4,0.0638241320848465,0.986993994563818,0.8567735273159757,517,25,458,r1bqkb1r/pp3ppp/2n1pn2/2pp4/3P4/1P2PN2/PBP2PPP/RN1QKB1R w KQkq -,MODEL_PREDICTION_NOT_EMPIRICAL,after_key,0.0638241320848465,maia3,16,-36,52,ERROR,100000
COL-10,B1,1300,maia3-79m,6,d4c5,dxc5,0.0517962947487831,0.986993994563818,0.8567735273159757,472,25,503,r1bqkb1r/pp3ppp/2n1pn2/2pp4/3P4/1P2PN2/PBP2PPP/RN1QKB1R w KQkq -,MODEL_PREDICTION_NOT_EMPIRICAL,after_key,0.0517962947487831,maia3,24,-13,37,OK,100000
COL-10,B1,1300,maia3-79m,7,c2c3,c3,0.0477097928524017,0.986993994563818,0.8567735273159757,533,25,442,r1bqkb1r/pp3ppp/2n1pn2/2pp4/3P4/1P2PN2/PBP2PPP/RN1QKB1R w KQkq -,MODEL_PREDICTION_NOT_EMPIRICAL,after_key,0.0477097928524017,maia3,20,-20,40,ERROR,100000
COL-10,B1,1300,maia3-79m,8,f1e2,Be2,0.0309435557574033,0.986993994563818,0.8567735273159757,529,25,446,r1bqkb1r/pp3ppp/2n1pn2/2pp4/3P4/1P2PN2/PBP2PPP/RN1QKB1R w KQkq -,MODEL_PREDICTION_NOT_EMPIRICAL,after_key,0.0309435557574033,maia3,19,3,16,OK,100000
COL-10,B1,1300,maia3-79m,9,f3e5,Ne5,0.0217257142066955,0.986993994563818,0.8567735273159757,507,26,467,r1bqkb1r/pp3ppp/2n1pn2/2pp4/3P4/1P2PN2/PBP2PPP/RN1QKB1R w KQkq -,MODEL_PREDICTION_NOT_EMPIRICAL,after_key,0.0217257142066955,maia3,23,-36,59,ERROR,100000
COL-10,B1,1300,maia3-79m,10,b1c3,Nc3,0.020705884322524,0.986993994563818,0.8567735273159757,510,26,464,r1bqkb1r/pp3ppp/2n1pn2/2pp4/3P4/1P2PN2/PBP2PPP/RN1QKB1R w KQkq -,MODEL_PREDICTION_NOT_EMPIRICAL,after_key,0.020705884322524,maia3,22,-19,41,ERROR,100000
COL-10,B1,1500,maia3-79m,1,b1d2,Nbd2,0.2866023182868957,0.9907677583396436,0.8187689225664542,537,27,436,r1bqkb1r/pp3ppp/2n1pn2/2pp4/3P4/1P2PN2/PBP2PPP/RN1QKB1R w KQkq -,MODEL_PREDICTION_NOT_EMPIRICAL,after_key,0.2866023182868957,maia3,24,30,0,OK,100000
COL-10,B1,1500,maia3-79m,2,f1d3,Bd3,0.2277191877365112,0.9907677583396436,0.8187689225664542,541,26,433,r1bqkb1r/pp3ppp/2n1pn2/2pp4/3P4/1P2PN2/PBP2PPP/RN1QKB1R w KQkq -,MODEL_PREDICTION_NOT_EMPIRICAL,after_key,0.2277191877365112,maia3,30,22,8,OK,100000
COL-10,B1,1500,maia3-79m,3,a2a3,a3,0.184135302901268,0.9907677583396436,0.8187689225664542,527,27,446,r1bqkb1r/pp3ppp/2n1pn2/2pp4/3P4/1P2PN2/PBP2PPP/RN1QKB1R w KQkq -,MODEL_PREDICTION_NOT_EMPIRICAL,after_key,0.184135302901268,maia3,32,13,19,OK,100000
COL-10,B1,1500,maia3-79m,4,f1b5,Bb5,0.0916259661316871,0.9907677583396436,0.8187689225664542,507,27,466,r1bqkb1r/pp3ppp/2n1pn2/2pp4/3P4/1P2PN2/PBP2PPP/RN1QKB1R w KQkq -,MODEL_PREDICTION_NOT_EMPIRICAL,after_key,0.0916259661316871,maia3,33,-44,77,ERROR,100000
COL-10,B1,1500,maia3-79m,5,c2c4,c4,0.0536578148603439,0.9907677583396436,0.8187689225664542,519,28,453,r1bqkb1r/pp3ppp/2n1pn2/2pp4/3P4/1P2PN2/PBP2PPP/RN1QKB1R w KQkq -,MODEL_PREDICTION_NOT_EMPIRICAL,after_key,0.0536578148603439,maia3,16,-36,52,ERROR,100000
COL-10,B1,1500,maia3-79m,6,d4c5,dxc5,0.0431282632052898,0.9907677583396436,0.8187689225664542,478,28,494,r1bqkb1r/pp3ppp/2n1pn2/2pp4/3P4/1P2PN2/PBP2PPP/RN1QKB1R w KQkq -,MODEL_PREDICTION_NOT_EMPIRICAL,after_key,0.0431282632052898,maia3,24,-13,37,OK,100000
COL-10,B1,1500,maia3-79m,7,c2c3,c3,0.0421574115753173,0.9907677583396436,0.8187689225664542,537,27,436,r1bqkb1r/pp3ppp/2n1pn2/2pp4/3P4/1P2PN2/PBP2PPP/RN1QKB1R w KQkq -,MODEL_PREDICTION_NOT_EMPIRICAL,after_key,0.0421574115753173,maia3,20,-20,40,ERROR,100000
COL-10,B1,1500,maia3-79m,8,f1e2,Be2,0.0339992307126522,0.9907677583396436,0.8187689225664542,536,27,437,r1bqkb1r/pp3ppp/2n1pn2/2pp4/3P4/1P2PN2/PBP2PPP/RN1QKB1R w KQkq -,MODEL_PREDICTION_NOT_EMPIRICAL,after_key,0.0339992307126522,maia3,19,3,16,OK,100000
COL-10,B1,1500,maia3-79m,9,f3e5,Ne5,0.0146041559055447,0.9907677583396436,0.8187689225664542,511,28,461,r1bqkb1r/pp3ppp/2n1pn2/2pp4/3P4/1P2PN2/PBP2PPP/RN1QKB1R w KQkq -,MODEL_PREDICTION_NOT_EMPIRICAL,after_key,0.0146041559055447,maia3,23,-36,59,ERROR,100000
COL-10,B1,1500,maia3-79m,10,b1c3,Nc3,0.0131381070241332,0.9907677583396436,0.8187689225664542,513,27,460,r1bqkb1r/pp3ppp/2n1pn2/2pp4/3P4/1P2PN2/PBP2PPP/RN1QKB1R w KQkq -,MODEL_PREDICTION_NOT_EMPIRICAL,after_key,0.0131381070241332,maia3,22,-19,41,ERROR,100000
COL-10,B1,1700,maia3-79m,1,b1d2,Nbd2,0.3244263231754303,0.992704420350492,0.7727023790586272,544,31,425,r1bqkb1r/pp3ppp/2n1pn2/2pp4/3P4/1P2PN2/PBP2PPP/RN1QKB1R w KQkq -,MODEL_PREDICTION_NOT_EMPIRICAL,after_key,0.3244263231754303,maia3,24,30,0,OK,100000
COL-10,B1,1700,maia3-79m,2,f1d3,Bd3,0.2407072186470031,0.992704420350492,0.7727023790586272,550,29,421,r1bqkb1r/pp3ppp/2n1pn2/2pp4/3P4/1P2PN2/PBP2PPP/RN1QKB1R w KQkq -,MODEL_PREDICTION_NOT_EMPIRICAL,after_key,0.2407072186470031,maia3,30,22,8,OK,100000
COL-10,B1,1700,maia3-79m,3,a2a3,a3,0.196800410747528,0.992704420350492,0.7727023790586272,535,31,434,r1bqkb1r/pp3ppp/2n1pn2/2pp4/3P4/1P2PN2/PBP2PPP/RN1QKB1R w KQkq -,MODEL_PREDICTION_NOT_EMPIRICAL,after_key,0.196800410747528,maia3,32,13,19,OK,100000
COL-10,B1,1700,maia3-79m,4,f1b5,Bb5,0.0606172606348991,0.992704420350492,0.7727023790586272,520,31,449,r1bqkb1r/pp3ppp/2n1pn2/2pp4/3P4/1P2PN2/PBP2PPP/RN1QKB1R w KQkq -,MODEL_PREDICTION_NOT_EMPIRICAL,after_key,0.0606172606348991,maia3,33,-44,77,ERROR,100000
COL-10,B1,1700,maia3-79m,5,f1e2,Be2,0.0410722903907299,0.992704420350492,0.7727023790586272,543,31,426,r1bqkb1r/pp3ppp/2n1pn2/2pp4/3P4/1P2PN2/PBP2PPP/RN1QKB1R w KQkq -,MODEL_PREDICTION_NOT_EMPIRICAL,after_key,0.0410722903907299,maia3,19,3,16,OK,100000
COL-10,B1,1700,maia3-79m,6,c2c4,c4,0.0396640188992023,0.992704420350492,0.7727023790586272,525,32,443,r1bqkb1r/pp3ppp/2n1pn2/2pp4/3P4/1P2PN2/PBP2PPP/RN1QKB1R w KQkq -,MODEL_PREDICTION_NOT_EMPIRICAL,after_key,0.0396640188992023,maia3,16,-36,52,ERROR,100000
COL-10,B1,1700,maia3-79m,7,d4c5,dxc5,0.0362540520727634,0.992704420350492,0.7727023790586272,484,32,484,r1bqkb1r/pp3ppp/2n1pn2/2pp4/3P4/1P2PN2/PBP2PPP/RN1QKB1R w KQkq -,MODEL_PREDICTION_NOT_EMPIRICAL,after_key,0.0362540520727634,maia3,24,-13,37,OK,100000
COL-10,B1,1700,maia3-79m,8,c2c3,c3,0.0354515314102172,0.992704420350492,0.7727023790586272,542,31,427,r1bqkb1r/pp3ppp/2n1pn2/2pp4/3P4/1P2PN2/PBP2PPP/RN1QKB1R w KQkq -,MODEL_PREDICTION_NOT_EMPIRICAL,after_key,0.0354515314102172,maia3,20,-20,40,ERROR,100000
COL-10,B1,1700,maia3-79m,9,f3e5,Ne5,0.0099445767700672,0.992704420350492,0.7727023790586272,517,32,451,r1bqkb1r/pp3ppp/2n1pn2/2pp4/3P4/1P2PN2/PBP2PPP/RN1QKB1R w KQkq -,MODEL_PREDICTION_NOT_EMPIRICAL,after_key,0.0099445767700672,maia3,23,-36,59,ERROR,100000
COL-10,B1,1700,maia3-79m,10,b1c3,Nc3,0.0077667376026511,0.992704420350492,0.7727023790586272,522,31,447,r1bqkb1r/pp3ppp/2n1pn2/2pp4/3P4/1P2PN2/PBP2PPP/RN1QKB1R w KQkq -,MODEL_PREDICTION_NOT_EMPIRICAL,after_key,0.0077667376026511,maia3,22,-19,41,ERROR,100000
COL-10,B1,1900,maia3-79m,1,b1d2,Nbd2,0.3790478408336639,0.9943720763549208,0.709210730733935,549,38,413,r1bqkb1r/pp3ppp/2n1pn2/2pp4/3P4/1P2PN2/PBP2PPP/RN1QKB1R w KQkq -,MODEL_PREDICTION_NOT_EMPIRICAL,after_key,0.3790478408336639,maia3,24,30,0,OK,100000
COL-10,B1,1900,maia3-79m,2,f1d3,Bd3,0.2668333947658539,0.9943720763549208,0.709210730733935,552,35,413,r1bqkb1r/pp3ppp/2n1pn2/2pp4/3P4/1P2PN2/PBP2PPP/RN1QKB1R w KQkq -,MODEL_PREDICTION_NOT_EMPIRICAL,after_key,0.2668333947658539,maia3,30,22,8,OK,100000
COL-10,B1,1900,maia3-79m,3,a2a3,a3,0.1743366420269012,0.9943720763549208,0.709210730733935,537,37,426,r1bqkb1r/pp3ppp/2n1pn2/2pp4/3P4/1P2PN2/PBP2PPP/RN1QKB1R w KQkq -,MODEL_PREDICTION_NOT_EMPIRICAL,after_key,0.1743366420269012,maia3,32,13,19,OK,100000
COL-10,B1,1900,maia3-79m,4,f1e2,Be2,0.0496165193617343,0.9943720763549208,0.709210730733935,545,37,418,r1bqkb1r/pp3ppp/2n1pn2/2pp4/3P4/1P2PN2/PBP2PPP/RN1QKB1R w KQkq -,MODEL_PREDICTION_NOT_EMPIRICAL,after_key,0.0496165193617343,maia3,19,3,16,OK,100000
COL-10,B1,1900,maia3-79m,5,f1b5,Bb5,0.0393503457307815,0.9943720763549208,0.709210730733935,528,38,434,r1bqkb1r/pp3ppp/2n1pn2/2pp4/3P4/1P2PN2/PBP2PPP/RN1QKB1R w KQkq -,MODEL_PREDICTION_NOT_EMPIRICAL,after_key,0.0393503457307815,maia3,33,-44,77,ERROR,100000
COL-10,B1,1900,maia3-79m,6,c2c4,c4,0.0252408199012279,0.9943720763549208,0.709210730733935,527,39,434,r1bqkb1r/pp3ppp/2n1pn2/2pp4/3P4/1P2PN2/PBP2PPP/RN1QKB1R w KQkq -,MODEL_PREDICTION_NOT_EMPIRICAL,after_key,0.0252408199012279,maia3,16,-36,52,ERROR,100000
COL-10,B1,1900,maia3-79m,7,d4c5,dxc5,0.0252260435372591,0.9943720763549208,0.709210730733935,489,39,472,r1bqkb1r/pp3ppp/2n1pn2/2pp4/3P4/1P2PN2/PBP2PPP/RN1QKB1R w KQkq -,MODEL_PREDICTION_NOT_EMPIRICAL,after_key,0.0252260435372591,maia3,24,-13,37,OK,100000
COL-10,B1,1900,maia3-79m,8,c2c3,c3,0.0231182742863893,0.9943720763549208,0.709210730733935,542,38,420,r1bqkb1r/pp3ppp/2n1pn2/2pp4/3P4/1P2PN2/PBP2PPP/RN1QKB1R w KQkq -,MODEL_PREDICTION_NOT_EMPIRICAL,after_key,0.0231182742863893,maia3,20,-20,40,ERROR,100000
COL-10,B1,1900,maia3-79m,9,f3e5,Ne5,0.0076558738946914,0.9943720763549208,0.709210730733935,522,39,439,r1bqkb1r/pp3ppp/2n1pn2/2pp4/3P4/1P2PN2/PBP2PPP/RN1QKB1R w KQkq -,MODEL_PREDICTION_NOT_EMPIRICAL,after_key,0.0076558738946914,maia3,23,-36,59,ERROR,100000
COL-10,B1,1900,maia3-79m,10,g2g3,g3,0.0039463220164179,0.9943720763549208,0.709210730733935,534,38,428,r1bqkb1r/pp3ppp/2n1pn2/2pp4/3P4/1P2PN2/PBP2PPP/RN1QKB1R w KQkq -,MODEL_PREDICTION_NOT_EMPIRICAL,after_key,0.0039463220164179,maia3,25,-13,38,OK,100000
COL-10,B1,2100,maia3-79m,1,b1d2,Nbd2,0.4420499205589294,0.9973988910205662,0.6363129112172397,546,47,407,r1bqkb1r/pp3ppp/2n1pn2/2pp4/3P4/1P2PN2/PBP2PPP/RN1QKB1R w KQkq -,MODEL_PREDICTION_NOT_EMPIRICAL,after_key,0.4420499205589294,maia3,24,30,0,OK,100000
COL-10,B1,2100,maia3-79m,2,f1d3,Bd3,0.2941364347934723,0.9973988910205662,0.6363129112172397,545,45,410,r1bqkb1r/pp3ppp/2n1pn2/2pp4/3P4/1P2PN2/PBP2PPP/RN1QKB1R w KQkq -,MODEL_PREDICTION_NOT_EMPIRICAL,after_key,0.2941364347934723,maia3,30,22,8,OK,100000
COL-10,B1,2100,maia3-79m,3,a2a3,a3,0.130470722913742,0.9973988910205662,0.6363129112172397,532,46,422,r1bqkb1r/pp3ppp/2n1pn2/2pp4/3P4/1P2PN2/PBP2PPP/RN1QKB1R w KQkq -,MODEL_PREDICTION_NOT_EMPIRICAL,after_key,0.130470722913742,maia3,32,13,19,OK,100000
COL-10,B1,2100,maia3-79m,4,f1e2,Be2,0.0543307438492774,0.9973988910205662,0.6363129112172397,537,48,415,r1bqkb1r/pp3ppp/2n1pn2/2pp4/3P4/1P2PN2/PBP2PPP/RN1QKB1R w KQkq -,MODEL_PREDICTION_NOT_EMPIRICAL,after_key,0.0543307438492774,maia3,19,3,16,OK,100000
COL-10,B1,2100,maia3-79m,5,f1b5,Bb5,0.0265784729272127,0.9973988910205662,0.6363129112172397,523,47,430,r1bqkb1r/pp3ppp/2n1pn2/2pp4/3P4/1P2PN2/PBP2PPP/RN1QKB1R w KQkq -,MODEL_PREDICTION_NOT_EMPIRICAL,after_key,0.0265784729272127,maia3,33,-44,77,ERROR,100000
COL-10,B1,2100,maia3-79m,6,d4c5,dxc5,0.014977291226387,0.9973988910205662,0.6363129112172397,493,48,459,r1bqkb1r/pp3ppp/2n1pn2/2pp4/3P4/1P2PN2/PBP2PPP/RN1QKB1R w KQkq -,MODEL_PREDICTION_NOT_EMPIRICAL,after_key,0.014977291226387,maia3,24,-13,37,OK,100000
COL-10,B1,2100,maia3-79m,7,c2c4,c4,0.0146833173930644,0.9973988910205662,0.6363129112172397,517,50,433,r1bqkb1r/pp3ppp/2n1pn2/2pp4/3P4/1P2PN2/PBP2PPP/RN1QKB1R w KQkq -,MODEL_PREDICTION_NOT_EMPIRICAL,after_key,0.0146833173930644,maia3,16,-36,52,ERROR,100000
COL-10,B1,2100,maia3-79m,8,c2c3,c3,0.0099667180329561,0.9973988910205662,0.6363129112172397,534,48,418,r1bqkb1r/pp3ppp/2n1pn2/2pp4/3P4/1P2PN2/PBP2PPP/RN1QKB1R w KQkq -,MODEL_PREDICTION_NOT_EMPIRICAL,after_key,0.0099667180329561,maia3,20,-20,40,ERROR,100000
COL-10,B1,2100,maia3-79m,9,f3e5,Ne5,0.0069866552948951,0.9973988910205662,0.6363129112172397,522,49,429,r1bqkb1r/pp3ppp/2n1pn2/2pp4/3P4/1P2PN2/PBP2PPP/RN1QKB1R w KQkq -,MODEL_PREDICTION_NOT_EMPIRICAL,after_key,0.0069866552948951,maia3,23,-36,59,ERROR,100000
COL-10,B1,2100,maia3-79m,10,g2g3,g3,0.0032186140306293,0.9973988910205662,0.6363129112172397,531,49,420,r1bqkb1r/pp3ppp/2n1pn2/2pp4/3P4/1P2PN2/PBP2PPP/RN1QKB1R w KQkq -,MODEL_PREDICTION_NOT_EMPIRICAL,after_key,0.0032186140306293,maia3,25,-13,38,OK,100000
VER-01,B1,1100,maia3-79m,1,f1b5,Bb5+,0.3302895426750183,0.912217603996396,0.7056642428760328,504,27,469,rnbqkb1r/pp3ppp/4pn2/2pp2B1/3P4/2N1P3/PPP2PPP/R2QKBNR w KQkq -,MODEL_PREDICTION_NOT_EMPIRICAL,after_key,0.3302895426750183,maia3,-22,-50,28,OK,100000
VER-01,B1,1100,maia3-79m,2,g1f3,Nf3,0.2844120264053345,0.912217603996396,0.7056642428760328,527,24,449,rnbqkb1r/pp3ppp/4pn2/2pp2B1/3P4/2N1P3/PPP2PPP/R2QKBNR w KQkq -,MODEL_PREDICTION_NOT_EMPIRICAL,after_key,0.2844120264053345,maia3,-18,-19,1,OK,100000
VER-01,B1,1100,maia3-79m,3,g5f6,Bxf6,0.0894926786422729,0.912217603996396,0.7056642428760328,496,27,477,rnbqkb1r/pp3ppp/4pn2/2pp2B1/3P4/2N1P3/PPP2PPP/R2QKBNR w KQkq -,MODEL_PREDICTION_NOT_EMPIRICAL,after_key,0.0894926786422729,maia3,-20,-51,31,OK,100000
VER-01,B1,1100,maia3-79m,4,d4c5,dxc5,0.0686938092112541,0.912217603996396,0.7056642428760328,479,23,498,rnbqkb1r/pp3ppp/4pn2/2pp2B1/3P4/2N1P3/PPP2PPP/R2QKBNR w KQkq -,MODEL_PREDICTION_NOT_EMPIRICAL,after_key,0.0686938092112541,maia3,-22,-32,10,OK,100000
VER-01,B1,1100,maia3-79m,5,d1f3,Qf3,0.0446365252137184,0.912217603996396,0.7056642428760328,508,21,471,rnbqkb1r/pp3ppp/4pn2/2pp2B1/3P4/2N1P3/PPP2PPP/R2QKBNR w KQkq -,MODEL_PREDICTION_NOT_EMPIRICAL,after_key,0.0446365252137184,maia3,-25,-65,40,ERROR,100000
VER-01,B1,1100,maia3-79m,6,f1d3,Bd3,0.0402154438197612,0.912217603996396,0.7056642428760328,501,23,476,rnbqkb1r/pp3ppp/4pn2/2pp2B1/3P4/2N1P3/PPP2PPP/R2QKBNR w KQkq -,MODEL_PREDICTION_NOT_EMPIRICAL,after_key,0.0402154438197612,maia3,-22,-49,27,OK,100000
VER-01,B1,1100,maia3-79m,7,g5f4,Bf4,0.0158411115407943,0.912217603996396,0.7056642428760328,505,24,471,rnbqkb1r/pp3ppp/4pn2/2pp2B1/3P4/2N1P3/PPP2PPP/R2QKBNR w KQkq -,MODEL_PREDICTION_NOT_EMPIRICAL,after_key,0.0158411115407943,maia3,-24,-38,14,OK,100000
VER-01,B1,1100,maia3-79m,8,e3e4,e4,0.0153910564258694,0.912217603996396,0.7056642428760328,539,21,440,rnbqkb1r/pp3ppp/4pn2/2pp2B1/3P4/2N1P3/PPP2PPP/R2QKBNR w KQkq -,MODEL_PREDICTION_NOT_EMPIRICAL,after_key,0.0153910564258694,maia3,-24,-63,39,OK,100000
VER-01,B1,1100,maia3-79m,9,a2a3,a3,0.0125969154760241,0.912217603996396,0.7056642428760328,517,24,459,rnbqkb1r/pp3ppp/4pn2/2pp2B1/3P4/2N1P3/PPP2PPP/R2QKBNR w KQkq -,MODEL_PREDICTION_NOT_EMPIRICAL,after_key,0.0125969154760241,maia3,-21,-34,13,OK,100000
VER-01,B1,1100,maia3-79m,10,f2f4,f4,0.0106484945863485,0.912217603996396,0.7056642428760328,506,24,470,rnbqkb1r/pp3ppp/4pn2/2pp2B1/3P4/2N1P3/PPP2PPP/R2QKBNR w KQkq -,MODEL_PREDICTION_NOT_EMPIRICAL,after_key,0.0106484945863485,maia3,-19,-86,67,ERROR,100000
VER-01,B1,1300,maia3-79m,1,g1f3,Nf3,0.3505775332450866,0.9151118621230124,0.6878781268798038,521,25,454,rnbqkb1r/pp3ppp/4pn2/2pp2B1/3P4/2N1P3/PPP2PPP/R2QKBNR w KQkq -,MODEL_PREDICTION_NOT_EMPIRICAL,after_key,0.3505775332450866,maia3,-18,-19,1,OK,100000
VER-01,B1,1300,maia3-79m,2,f1b5,Bb5+,0.3042305409908294,0.9151118621230124,0.6878781268798038,500,27,473,rnbqkb1r/pp3ppp/4pn2/2pp2B1/3P4/2N1P3/PPP2PPP/R2QKBNR w KQkq -,MODEL_PREDICTION_NOT_EMPIRICAL,after_key,0.3042305409908294,maia3,-22,-50,28,OK,100000
VER-01,B1,1300,maia3-79m,3,g5f6,Bxf6,0.0553708001971244,0.9151118621230124,0.6878781268798038,502,27,471,rnbqkb1r/pp3ppp/4pn2/2pp2B1/3P4/2N1P3/PPP2PPP/R2QKBNR w KQkq -,MODEL_PREDICTION_NOT_EMPIRICAL,after_key,0.0553708001971244,maia3,-20,-51,31,OK,100000
VER-01,B1,1300,maia3-79m,4,d4c5,dxc5,0.0496903285384178,0.9151118621230124,0.6878781268798038,479,23,498,rnbqkb1r/pp3ppp/4pn2/2pp2B1/3P4/2N1P3/PPP2PPP/R2QKBNR w KQkq -,MODEL_PREDICTION_NOT_EMPIRICAL,after_key,0.0496903285384178,maia3,-22,-32,10,OK,100000
VER-01,B1,1300,maia3-79m,5,d1f3,Qf3,0.0460569523274898,0.9151118621230124,0.6878781268798038,493,22,485,rnbqkb1r/pp3ppp/4pn2/2pp2B1/3P4/2N1P3/PPP2PPP/R2QKBNR w KQkq -,MODEL_PREDICTION_NOT_EMPIRICAL,after_key,0.0460569523274898,maia3,-25,-65,40,ERROR,100000
VER-01,B1,1300,maia3-79m,6,f1d3,Bd3,0.044701874256134,0.9151118621230124,0.6878781268798038,499,23,478,rnbqkb1r/pp3ppp/4pn2/2pp2B1/3P4/2N1P3/PPP2PPP/R2QKBNR w KQkq -,MODEL_PREDICTION_NOT_EMPIRICAL,after_key,0.044701874256134,maia3,-22,-49,27,OK,100000
VER-01,B1,1300,maia3-79m,7,a2a3,a3,0.0225237347185611,0.9151118621230124,0.6878781268798038,515,25,460,rnbqkb1r/pp3ppp/4pn2/2pp2B1/3P4/2N1P3/PPP2PPP/R2QKBNR w KQkq -,MODEL_PREDICTION_NOT_EMPIRICAL,after_key,0.0225237347185611,maia3,-21,-34,13,OK,100000
VER-01,B1,1300,maia3-79m,8,g5f4,Bf4,0.015685549005866,0.9151118621230124,0.6878781268798038,503,24,473,rnbqkb1r/pp3ppp/4pn2/2pp2B1/3P4/2N1P3/PPP2PPP/R2QKBNR w KQkq -,MODEL_PREDICTION_NOT_EMPIRICAL,after_key,0.015685549005866,maia3,-24,-38,14,OK,100000
VER-01,B1,1300,maia3-79m,9,e3e4,e4,0.0143196051940321,0.9151118621230124,0.6878781268798038,530,21,449,rnbqkb1r/pp3ppp/4pn2/2pp2B1/3P4/2N1P3/PPP2PPP/R2QKBNR w KQkq -,MODEL_PREDICTION_NOT_EMPIRICAL,after_key,0.0143196051940321,maia3,-24,-63,39,OK,100000
VER-01,B1,1300,maia3-79m,10,d1d2,Qd2,0.0119549436494708,0.9151118621230124,0.6878781268798038,494,22,484,rnbqkb1r/pp3ppp/4pn2/2pp2B1/3P4/2N1P3/PPP2PPP/R2QKBNR w KQkq -,MODEL_PREDICTION_NOT_EMPIRICAL,after_key,0.0119549436494708,maia3,-20,-49,29,OK,100000
VER-01,B1,1500,maia3-79m,1,g1f3,Nf3,0.3926405310630798,0.9169125650078058,0.6788432419031178,517,27,456,rnbqkb1r/pp3ppp/4pn2/2pp2B1/3P4/2N1P3/PPP2PPP/R2QKBNR w KQkq -,MODEL_PREDICTION_NOT_EMPIRICAL,after_key,0.3926405310630798,maia3,-18,-19,1,OK,100000
VER-01,B1,1500,maia3-79m,2,f1b5,Bb5+,0.2739546597003937,0.9169125650078058,0.6788432419031178,506,29,465,rnbqkb1r/pp3ppp/4pn2/2pp2B1/3P4/2N1P3/PPP2PPP/R2QKBNR w KQkq -,MODEL_PREDICTION_NOT_EMPIRICAL,after_key,0.2739546597003937,maia3,-22,-50,28,OK,100000
VER-01,B1,1500,maia3-79m,3,d4c5,dxc5,0.0486664809286594,0.9169125650078058,0.6788432419031178,478,26,496,rnbqkb1r/pp3ppp/4pn2/2pp2B1/3P4/2N1P3/PPP2PPP/R2QKBNR w KQkq -,MODEL_PREDICTION_NOT_EMPIRICAL,after_key,0.0486664809286594,maia3,-22,-32,10,OK,100000
VER-01,B1,1500,maia3-79m,4,f1d3,Bd3,0.0431146323680877,0.9169125650078058,0.6788432419031178,505,25,470,rnbqkb1r/pp3ppp/4pn2/2pp2B1/3P4/2N1P3/PPP2PPP/R2QKBNR w KQkq -,MODEL_PREDICTION_NOT_EMPIRICAL,after_key,0.0431146323680877,maia3,-22,-49,27,OK,100000
VER-01,B1,1500,maia3-79m,5,d1f3,Qf3,0.0408075787127018,0.9169125650078058,0.6788432419031178,487,24,489,rnbqkb1r/pp3ppp/4pn2/2pp2B1/3P4/2N1P3/PPP2PPP/R2QKBNR w KQkq -,MODEL_PREDICTION_NOT_EMPIRICAL,after_key,0.0408075787127018,maia3,-25,-65,40,ERROR,100000
VER-01,B1,1500,maia3-79m,6,g5f6,Bxf6,0.0394578017294406,0.9169125650078058,0.6788432419031178,504,29,467,rnbqkb1r/pp3ppp/4pn2/2pp2B1/3P4/2N1P3/PPP2PPP/R2QKBNR w KQkq -,MODEL_PREDICTION_NOT_EMPIRICAL,after_key,0.0394578017294406,maia3,-20,-51,31,OK,100000
VER-01,B1,1500,maia3-79m,7,a2a3,a3,0.0351162552833557,0.9169125650078058,0.6788432419031178,516,26,458,rnbqkb1r/pp3ppp/4pn2/2pp2B1/3P4/2N1P3/PPP2PPP/R2QKBNR w KQkq -,MODEL_PREDICTION_NOT_EMPIRICAL,after_key,0.0351162552833557,maia3,-21,-34,13,OK,100000
VER-01,B1,1500,maia3-79m,8,f1e2,Be2,0.0152155011892318,0.9169125650078058,0.6788432419031178,497,26,477,rnbqkb1r/pp3ppp/4pn2/2pp2B1/3P4/2N1P3/PPP2PPP/R2QKBNR w KQkq -,MODEL_PREDICTION_NOT_EMPIRICAL,after_key,0.0152155011892318,maia3,-18,-31,13,OK,100000
VER-01,B1,1500,maia3-79m,9,d1d2,Qd2,0.0147373313084244,0.9169125650078058,0.6788432419031178,497,24,479,rnbqkb1r/pp3ppp/4pn2/2pp2B1/3P4/2N1P3/PPP2PPP/R2QKBNR w KQkq -,MODEL_PREDICTION_NOT_EMPIRICAL,after_key,0.0147373313084244,maia3,-20,-49,29,OK,100000
VER-01,B1,1500,maia3-79m,10,g5f4,Bf4,0.0132017927244305,0.9169125650078058,0.6788432419031178,505,26,469,rnbqkb1r/pp3ppp/4pn2/2pp2B1/3P4/2N1P3/PPP2PPP/R2QKBNR w KQkq -,MODEL_PREDICTION_NOT_EMPIRICAL,after_key,0.0132017927244305,maia3,-24,-38,14,OK,100000
VER-01,B1,1700,maia3-79m,1,g1f3,Nf3,0.4282678663730621,0.921748623251915,0.673765640308802,514,32,454,rnbqkb1r/pp3ppp/4pn2/2pp2B1/3P4/2N1P3/PPP2PPP/R2QKBNR w KQkq -,MODEL_PREDICTION_NOT_EMPIRICAL,after_key,0.4282678663730621,maia3,-18,-19,1,OK,100000
VER-01,B1,1700,maia3-79m,2,f1b5,Bb5+,0.2413056045770645,0.921748623251915,0.673765640308802,509,33,458,rnbqkb1r/pp3ppp/4pn2/2pp2B1/3P4/2N1P3/PPP2PPP/R2QKBNR w KQkq -,MODEL_PREDICTION_NOT_EMPIRICAL,after_key,0.2413056045770645,maia3,-22,-50,28,OK,100000
VER-01,B1,1700,maia3-79m,3,d4c5,dxc5,0.057416096329689,0.921748623251915,0.673765640308802,480,29,491,rnbqkb1r/pp3ppp/4pn2/2pp2B1/3P4/2N1P3/PPP2PPP/R2QKBNR w KQkq -,MODEL_PREDICTION_NOT_EMPIRICAL,after_key,0.057416096329689,maia3,-22,-32,10,OK,100000
VER-01,B1,1700,maia3-79m,4,a2a3,a3,0.0438634492456913,0.921748623251915,0.673765640308802,514,30,456,rnbqkb1r/pp3ppp/4pn2/2pp2B1/3P4/2N1P3/PPP2PPP/R2QKBNR w KQkq -,MODEL_PREDICTION_NOT_EMPIRICAL,after_key,0.0438634492456913,maia3,-21,-34,13,OK,100000
VER-01,B1,1700,maia3-79m,5,f1d3,Bd3,0.0386072359979152,0.921748623251915,0.673765640308802,517,28,455,rnbqkb1r/pp3ppp/4pn2/2pp2B1/3P4/2N1P3/PPP2PPP/R2QKBNR w KQkq -,MODEL_PREDICTION_NOT_EMPIRICAL,after_key,0.0386072359979152,maia3,-22,-49,27,OK,100000
VER-01,B1,1700,maia3-79m,6,g5f6,Bxf6,0.0343727171421051,0.921748623251915,0.673765640308802,506,33,461,rnbqkb1r/pp3ppp/4pn2/2pp2B1/3P4/2N1P3/PPP2PPP/R2QKBNR w KQkq -,MODEL_PREDICTION_NOT_EMPIRICAL,after_key,0.0343727171421051,maia3,-20,-51,31,OK,100000
VER-01,B1,1700,maia3-79m,7,d1f3,Qf3,0.0297909975051879,0.921748623251915,0.673765640308802,486,27,487,rnbqkb1r/pp3ppp/4pn2/2pp2B1/3P4/2N1P3/PPP2PPP/R2QKBNR w KQkq -,MODEL_PREDICTION_NOT_EMPIRICAL,after_key,0.0297909975051879,maia3,-25,-65,40,ERROR,100000
VER-01,B1,1700,maia3-79m,8,d1d2,Qd2,0.0196370147168636,0.921748623251915,0.673765640308802,503,28,469,rnbqkb1r/pp3ppp/4pn2/2pp2B1/3P4/2N1P3/PPP2PPP/R2QKBNR w KQkq -,MODEL_PREDICTION_NOT_EMPIRICAL,after_key,0.0196370147168636,maia3,-20,-49,29,OK,100000
VER-01,B1,1700,maia3-79m,9,f1e2,Be2,0.0169074479490518,0.921748623251915,0.673765640308802,504,30,466,rnbqkb1r/pp3ppp/4pn2/2pp2B1/3P4/2N1P3/PPP2PPP/R2QKBNR w KQkq -,MODEL_PREDICTION_NOT_EMPIRICAL,after_key,0.0169074479490518,maia3,-18,-31,13,OK,100000
VER-01,B1,1700,maia3-79m,10,h2h3,h3,0.0115801934152841,0.921748623251915,0.673765640308802,508,30,462,rnbqkb1r/pp3ppp/4pn2/2pp2B1/3P4/2N1P3/PPP2PPP/R2QKBNR w KQkq -,MODEL_PREDICTION_NOT_EMPIRICAL,after_key,0.0115801934152841,maia3,-23,-42,19,OK,100000
VER-01,B1,1900,maia3-79m,1,g1f3,Nf3,0.4769055843353271,0.9350381791591644,0.6657345331200332,509,38,453,rnbqkb1r/pp3ppp/4pn2/2pp2B1/3P4/2N1P3/PPP2PPP/R2QKBNR w KQkq -,MODEL_PREDICTION_NOT_EMPIRICAL,after_key,0.4769055843353271,maia3,-18,-19,1,OK,100000
VER-01,B1,1900,maia3-79m,2,f1b5,Bb5+,0.2034457474946975,0.9350381791591644,0.6657345331200332,511,40,449,rnbqkb1r/pp3ppp/4pn2/2pp2B1/3P4/2N1P3/PPP2PPP/R2QKBNR w KQkq -,MODEL_PREDICTION_NOT_EMPIRICAL,after_key,0.2034457474946975,maia3,-22,-50,28,OK,100000
VER-01,B1,1900,maia3-79m,3,d4c5,dxc5,0.0594623051583766,0.9350381791591644,0.6657345331200332,482,35,483,rnbqkb1r/pp3ppp/4pn2/2pp2B1/3P4/2N1P3/PPP2PPP/R2QKBNR w KQkq -,MODEL_PREDICTION_NOT_EMPIRICAL,after_key,0.0594623051583766,maia3,-22,-32,10,OK,100000
VER-01,B1,1900,maia3-79m,4,a2a3,a3,0.042709581553936,0.9350381791591644,0.6657345331200332,509,36,455,rnbqkb1r/pp3ppp/4pn2/2pp2B1/3P4/2N1P3/PPP2PPP/R2QKBNR w KQkq -,MODEL_PREDICTION_NOT_EMPIRICAL,after_key,0.042709581553936,maia3,-21,-34,13,OK,100000
VER-01,B1,1900,maia3-79m,5,g5f6,Bxf6,0.0353965461254119,0.9350381791591644,0.6657345331200332,510,38,452,rnbqkb1r/pp3ppp/4pn2/2pp2B1/3P4/2N1P3/PPP2PPP/R2QKBNR w KQkq -,MODEL_PREDICTION_NOT_EMPIRICAL,after_key,0.0353965461254119,maia3,-20,-51,31,OK,100000
VER-01,B1,1900,maia3-79m,6,f1d3,Bd3,0.0341059081256389,0.9350381791591644,0.6657345331200332,521,34,445,rnbqkb1r/pp3ppp/4pn2/2pp2B1/3P4/2N1P3/PPP2PPP/R2QKBNR w KQkq -,MODEL_PREDICTION_NOT_EMPIRICAL,after_key,0.0341059081256389,maia3,-22,-49,27,OK,100000
VER-01,B1,1900,maia3-79m,7,d1d2,Qd2,0.0279833041131496,0.9350381791591644,0.6657345331200332,504,33,463,rnbqkb1r/pp3ppp/4pn2/2pp2B1/3P4/2N1P3/PPP2PPP/R2QKBNR w KQkq -,MODEL_PREDICTION_NOT_EMPIRICAL,after_key,0.0279833041131496,maia3,-20,-49,29,OK,100000
VER-01,B1,1900,maia3-79m,8,f2f4,f4,0.0205784123390913,0.9350381791591644,0.6657345331200332,501,33,466,rnbqkb1r/pp3ppp/4pn2/2pp2B1/3P4/2N1P3/PPP2PPP/R2QKBNR w KQkq -,MODEL_PREDICTION_NOT_EMPIRICAL,after_key,0.0205784123390913,maia3,-19,-86,67,ERROR,100000
VER-01,B1,1900,maia3-79m,9,d1f3,Qf3,0.0182533487677574,0.9350381791591644,0.6657345331200332,487,31,482,rnbqkb1r/pp3ppp/4pn2/2pp2B1/3P4/2N1P3/PPP2PPP/R2QKBNR w KQkq -,MODEL_PREDICTION_NOT_EMPIRICAL,after_key,0.0182533487677574,maia3,-25,-65,40,ERROR,100000
VER-01,B1,1900,maia3-79m,10,f2f3,f3,0.0161974411457777,0.9350381791591644,0.6657345331200332,491,34,475,rnbqkb1r/pp3ppp/4pn2/2pp2B1/3P4/2N1P3/PPP2PPP/R2QKBNR w KQkq -,MODEL_PREDICTION_NOT_EMPIRICAL,after_key,0.0161974411457777,maia3,-18,-75,57,ERROR,100000
VER-01,B1,2100,maia3-79m,1,g1f3,Nf3,0.5484567284584045,0.9544307896867394,0.6426456118699394,496,47,457,rnbqkb1r/pp3ppp/4pn2/2pp2B1/3P4/2N1P3/PPP2PPP/R2QKBNR w KQkq -,MODEL_PREDICTION_NOT_EMPIRICAL,after_key,0.5484567284584045,maia3,-18,-19,1,OK,100000
VER-01,B1,2100,maia3-79m,2,f1b5,Bb5+,0.1497588157653808,0.9544307896867394,0.6426456118699394,507,49,444,rnbqkb1r/pp3ppp/4pn2/2pp2B1/3P4/2N1P3/PPP2PPP/R2QKBNR w KQkq -,MODEL_PREDICTION_NOT_EMPIRICAL,after_key,0.1497588157653808,maia3,-22,-50,28,OK,100000
VER-01,B1,2100,maia3-79m,3,d4c5,dxc5,0.0478683449327945,0.9544307896867394,0.6426456118699394,483,45,472,rnbqkb1r/pp3ppp/4pn2/2pp2B1/3P4/2N1P3/PPP2PPP/R2QKBNR w KQkq -,MODEL_PREDICTION_NOT_EMPIRICAL,after_key,0.0478683449327945,maia3,-22,-32,10,OK,100000
VER-01,B1,2100,maia3-79m,4,d1d2,Qd2,0.0472184382379055,0.9544307896867394,0.6426456118699394,499,41,460,rnbqkb1r/pp3ppp/4pn2/2pp2B1/3P4/2N1P3/PPP2PPP/R2QKBNR w KQkq -,MODEL_PREDICTION_NOT_EMPIRICAL,after_key,0.0472184382379055,maia3,-20,-49,29,OK,100000
VER-01,B1,2100,maia3-79m,5,f2f4,f4,0.0365083292126655,0.9544307896867394,0.6426456118699394,491,41,468,rnbqkb1r/pp3ppp/4pn2/2pp2B1/3P4/2N1P3/PPP2PPP/R2QKBNR w KQkq -,MODEL_PREDICTION_NOT_EMPIRICAL,after_key,0.0365083292126655,maia3,-19,-86,67,ERROR,100000
VER-01,B1,2100,maia3-79m,6,g5f6,Bxf6,0.0329086892306804,0.9544307896867394,0.6426456118699394,513,45,442,rnbqkb1r/pp3ppp/4pn2/2pp2B1/3P4/2N1P3/PPP2PPP/R2QKBNR w KQkq -,MODEL_PREDICTION_NOT_EMPIRICAL,after_key,0.0329086892306804,maia3,-20,-51,31,OK,100000
VER-01,B1,2100,maia3-79m,7,a2a3,a3,0.0296894963830709,0.9544307896867394,0.6426456118699394,498,45,457,rnbqkb1r/pp3ppp/4pn2/2pp2B1/3P4/2N1P3/PPP2PPP/R2QKBNR w KQkq -,MODEL_PREDICTION_NOT_EMPIRICAL,after_key,0.0296894963830709,maia3,-21,-34,13,OK,100000
VER-01,B1,2100,maia3-79m,8,f1d3,Bd3,0.0271081831306219,0.9544307896867394,0.6426456118699394,513,42,445,rnbqkb1r/pp3ppp/4pn2/2pp2B1/3P4/2N1P3/PPP2PPP/R2QKBNR w KQkq -,MODEL_PREDICTION_NOT_EMPIRICAL,after_key,0.0271081831306219,maia3,-22,-49,27,OK,100000
VER-01,B1,2100,maia3-79m,9,f2f3,f3,0.0201935619115829,0.9544307896867394,0.6426456118699394,480,42,478,rnbqkb1r/pp3ppp/4pn2/2pp2B1/3P4/2N1P3/PPP2PPP/R2QKBNR w KQkq -,MODEL_PREDICTION_NOT_EMPIRICAL,after_key,0.0201935619115829,maia3,-18,-75,57,ERROR,100000
VER-01,B1,2100,maia3-79m,10,d1f3,Qf3,0.0147202024236321,0.9544307896867394,0.6426456118699394,478,38,484,rnbqkb1r/pp3ppp/4pn2/2pp2B1/3P4/2N1P3/PPP2PPP/R2QKBNR w KQkq -,MODEL_PREDICTION_NOT_EMPIRICAL,after_key,0.0147202024236321,maia3,-25,-65,40,ERROR,100000
LON-02,B2,1100,maia3-79m,1,c2f5,Qxf5,0.3953717648983001,0.9921846452634782,0.6363992980147265,418,19,563,r3kb1r/pp2pppp/1qn2n2/3p1b2/2pP1B2/2P1PN2/PPQ2PPP/RN2KB1R w KQkq -,MODEL_PREDICTION_NOT_EMPIRICAL,after_key,0.3953717648983001,maia3,-36,-287,251,SEVERE_ERROR,100000
LON-02,B2,1100,maia3-79m,2,c2d2,Qd2,0.2728852331638336,0.9921846452634782,0.6363992980147265,348,24,628,r3kb1r/pp2pppp/1qn2n2/3p1b2/2pP1B2/2P1PN2/PPQ2PPP/RN2KB1R w KQkq -,MODEL_PREDICTION_NOT_EMPIRICAL,after_key,0.2728852331638336,maia3,-25,-77,52,ERROR,100000
LON-02,B2,1100,maia3-79m,3,c2c1,Qc1,0.222453698515892,0.9921846452634782,0.6363992980147265,473,21,506,r3kb1r/pp2pppp/1qn2n2/3p1b2/2pP1B2/2P1PN2/PPQ2PPP/RN2KB1R w KQkq -,MODEL_PREDICTION_NOT_EMPIRICAL,after_key,0.222453698515892,maia3,-47,-41,0,OK,100000
LON-02,B2,1100,maia3-79m,4,c2e2,Qe2,0.0332532599568367,0.9921846452634782,0.6363992980147265,346,23,631,r3kb1r/pp2pppp/1qn2n2/3p1b2/2pP1B2/2P1PN2/PPQ2PPP/RN2KB1R w KQkq -,MODEL_PREDICTION_NOT_EMPIRICAL,after_key,0.0332532599568367,maia3,-38,-123,85,ERROR,100000
LON-02,B2,1100,maia3-79m,5,c2d1,Qd1,0.0169942136853933,0.9921846452634782,0.6363992980147265,245,15,740,r3kb1r/pp2pppp/1qn2n2/3p1b2/2pP1B2/2P1PN2/PPQ2PPP/RN2KB1R w KQkq -,MODEL_PREDICTION_NOT_EMPIRICAL,after_key,0.0169942136853933,maia3,-37,-364,327,SEVERE_ERROR,100000
LON-02,B2,1100,maia3-79m,6,f1d3,Bd3,0.0164976734668016,0.9921846452634782,0.6363992980147265,140,12,848,r3kb1r/pp2pppp/1qn2n2/3p1b2/2pP1B2/2P1PN2/PPQ2PPP/RN2KB1R w KQkq -,MODEL_PREDICTION_NOT_EMPIRICAL,after_key,0.0164976734668016,maia3,-37,-551,514,SEVERE_ERROR,100000
LON-02,B2,1100,maia3-79m,7,c2a4,Qa4,0.0141390925273299,0.9921846452634782,0.6363992980147265,276,14,710,r3kb1r/pp2pppp/1qn2n2/3p1b2/2pP1B2/2P1PN2/PPQ2PPP/RN2KB1R w KQkq -,MODEL_PREDICTION_NOT_EMPIRICAL,after_key,0.0141390925273299,maia3,-39,-425,386,SEVERE_ERROR,100000
LON-02,B2,1100,maia3-79m,8,e3e4,e4,0.0117874322459101,0.9921846452634782,0.6363992980147265,238,14,748,r3kb1r/pp2pppp/1qn2n2/3p1b2/2pP1B2/2P1PN2/PPQ2PPP/RN2KB1R w KQkq -,MODEL_PREDICTION_NOT_EMPIRICAL,after_key,0.0117874322459101,maia3,-34,-242,208,SEVERE_ERROR,100000
LON-02,B2,1100,maia3-79m,9,b1d2,Nbd2,0.0061714476905763,0.9921846452634782,0.6363992980147265,36,4,960,r3kb1r/pp2pppp/1qn2n2/3p1b2/2pP1B2/2P1PN2/PPQ2PPP/RN2KB1R w KQkq -,MODEL_PREDICTION_NOT_EMPIRICAL,after_key,0.0061714476905763,maia3,-33,-662,629,SEVERE_ERROR,100000
LON-02,B2,1100,maia3-79m,10,f3e5,Ne5,0.0026308291126042,0.9921846452634782,0.6363992980147265,22,3,975,r3kb1r/pp2pppp/1qn2n2/3p1b2/2pP1B2/2P1PN2/PPQ2PPP/RN2KB1R w KQkq -,MODEL_PREDICTION_NOT_EMPIRICAL,after_key,0.0026308291126042,maia3,-30,-688,658,SEVERE_ERROR,100000
LON-02,B2,1300,maia3-79m,1,c2c1,Qc1,0.3170020878314972,0.9959251777036116,0.6023796568368135,466,24,510,r3kb1r/pp2pppp/1qn2n2/3p1b2/2pP1B2/2P1PN2/PPQ2PPP/RN2KB1R w KQkq -,MODEL_PREDICTION_NOT_EMPIRICAL,after_key,0.3170020878314972,maia3,-47,-41,0,OK,100000
LON-02,B2,1300,maia3-79m,2,c2d2,Qd2,0.3150431215763092,0.9959251777036116,0.6023796568368135,307,26,667,r3kb1r/pp2pppp/1qn2n2/3p1b2/2pP1B2/2P1PN2/PPQ2PPP/RN2KB1R w KQkq -,MODEL_PREDICTION_NOT_EMPIRICAL,after_key,0.3150431215763092,maia3,-25,-77,52,ERROR,100000
LON-02,B2,1300,maia3-79m,3,c2f5,Qxf5,0.2948450744152069,0.9959251777036116,0.6023796568368135,403,20,577,r3kb1r/pp2pppp/1qn2n2/3p1b2/2pP1B2/2P1PN2/PPQ2PPP/RN2KB1R w KQkq -,MODEL_PREDICTION_NOT_EMPIRICAL,after_key,0.2948450744152069,maia3,-36,-287,251,SEVERE_ERROR,100000
LON-02,B2,1300,maia3-79m,4,c2e2,Qe2,0.0252484455704689,0.9959251777036116,0.6023796568368135,305,27,668,r3kb1r/pp2pppp/1qn2n2/3p1b2/2pP1B2/2P1PN2/PPQ2PPP/RN2KB1R w KQkq -,MODEL_PREDICTION_NOT_EMPIRICAL,after_key,0.0252484455704689,maia3,-38,-123,85,ERROR,100000
LON-02,B2,1300,maia3-79m,5,c2d1,Qd1,0.0164776183664798,0.9959251777036116,0.6023796568368135,214,15,771,r3kb1r/pp2pppp/1qn2n2/3p1b2/2pP1B2/2P1PN2/PPQ2PPP/RN2KB1R w KQkq -,MODEL_PREDICTION_NOT_EMPIRICAL,after_key,0.0164776183664798,maia3,-37,-364,327,SEVERE_ERROR,100000
LON-02,B2,1300,maia3-79m,6,c2a4,Qa4,0.0102286683395504,0.9959251777036116,0.6023796568368135,233,13,754,r3kb1r/pp2pppp/1qn2n2/3p1b2/2pP1B2/2P1PN2/PPQ2PPP/RN2KB1R w KQkq -,MODEL_PREDICTION_NOT_EMPIRICAL,after_key,0.0102286683395504,maia3,-39,-425,386,SEVERE_ERROR,100000
LON-02,B2,1300,maia3-79m,7,f1d3,Bd3,0.0058959880843758,0.9959251777036116,0.6023796568368135,119,10,871,r3kb1r/pp2pppp/1qn2n2/3p1b2/2pP1B2/2P1PN2/PPQ2PPP/RN2KB1R w KQkq -,MODEL_PREDICTION_NOT_EMPIRICAL,after_key,0.0058959880843758,maia3,-37,-551,514,SEVERE_ERROR,100000
LON-02,B2,1300,maia3-79m,8,e3e4,e4,0.0054658614099025,0.9959251777036116,0.6023796568368135,209,13,778,r3kb1r/pp2pppp/1qn2n2/3p1b2/2pP1B2/2P1PN2/PPQ2PPP/RN2KB1R w KQkq -,MODEL_PREDICTION_NOT_EMPIRICAL,after_key,0.0054658614099025,maia3,-34,-242,208,SEVERE_ERROR,100000
LON-02,B2,1300,maia3-79m,9,b1d2,Nbd2,0.0043264999985694,0.9959251777036116,0.6023796568368135,24,3,973,r3kb1r/pp2pppp/1qn2n2/3p1b2/2pP1B2/2P1PN2/PPQ2PPP/RN2KB1R w KQkq -,MODEL_PREDICTION_NOT_EMPIRICAL,after_key,0.0043264999985694,maia3,-33,-662,629,SEVERE_ERROR,100000
LON-02,B2,1300,maia3-79m,10,b2b3,b3,0.001391812111251,0.9959251777036116,0.6023796568368135,27,3,970,r3kb1r/pp2pppp/1qn2n2/3p1b2/2pP1B2/2P1PN2/PPQ2PPP/RN2KB1R w KQkq -,MODEL_PREDICTION_NOT_EMPIRICAL,after_key,0.001391812111251,maia3,-33,-683,650,SEVERE_ERROR,100000
LON-02,B2,1500,maia3-79m,1,c2c1,Qc1,0.4356054663658142,0.9975940230069682,0.5519420627100263,462,28,510,r3kb1r/pp2pppp/1qn2n2/3p1b2/2pP1B2/2P1PN2/PPQ2PPP/RN2KB1R w KQkq -,MODEL_PREDICTION_NOT_EMPIRICAL,after_key,0.4356054663658142,maia3,-47,-41,0,OK,100000
LON-02,B2,1500,maia3-79m,2,c2d2,Qd2,0.2834474146366119,0.9975940230069682,0.5519420627100263,297,27,676,r3kb1r/pp2pppp/1qn2n2/3p1b2/2pP1B2/2P1PN2/PPQ2PPP/RN2KB1R w KQkq -,MODEL_PREDICTION_NOT_EMPIRICAL,after_key,0.2834474146366119,maia3,-25,-77,52,ERROR,100000
LON-02,B2,1500,maia3-79m,3,c2f5,Qxf5,0.2332669049501419,0.9975940230069682,0.5519420627100263,387,20,593,r3kb1r/pp2pppp/1qn2n2/3p1b2/2pP1B2/2P1PN2/PPQ2PPP/RN2KB1R w KQkq -,MODEL_PREDICTION_NOT_EMPIRICAL,after_key,0.2332669049501419,maia3,-36,-287,251,SEVERE_ERROR,100000
LON-02,B2,1500,maia3-79m,4,c2e2,Qe2,0.0171820763498544,0.9975940230069682,0.5519420627100263,288,30,682,r3kb1r/pp2pppp/1qn2n2/3p1b2/2pP1B2/2P1PN2/PPQ2PPP/RN2KB1R w KQkq -,MODEL_PREDICTION_NOT_EMPIRICAL,after_key,0.0171820763498544,maia3,-38,-123,85,ERROR,100000
LON-02,B2,1500,maia3-79m,5,c2d1,Qd1,0.0121560394763946,0.9975940230069682,0.5519420627100263,199,16,785,r3kb1r/pp2pppp/1qn2n2/3p1b2/2pP1B2/2P1PN2/PPQ2PPP/RN2KB1R w KQkq -,MODEL_PREDICTION_NOT_EMPIRICAL,after_key,0.0121560394763946,maia3,-37,-364,327,SEVERE_ERROR,100000
LON-02,B2,1500,maia3-79m,6,c2a4,Qa4,0.006796171888709,0.9975940230069682,0.5519420627100263,209,14,777,r3kb1r/pp2pppp/1qn2n2/3p1b2/2pP1B2/2P1PN2/PPQ2PPP/RN2KB1R w KQkq -,MODEL_PREDICTION_NOT_EMPIRICAL,after_key,0.006796171888709,maia3,-39,-425,386,SEVERE_ERROR,100000
LON-02,B2,1500,maia3-79m,7,b1d2,Nbd2,0.003349443199113,0.9975940230069682,0.5519420627100263,19,3,978,r3kb1r/pp2pppp/1qn2n2/3p1b2/2pP1B2/2P1PN2/PPQ2PPP/RN2KB1R w KQkq -,MODEL_PREDICTION_NOT_EMPIRICAL,after_key,0.003349443199113,maia3,-33,-662,629,SEVERE_ERROR,100000
LON-02,B2,1500,maia3-79m,8,e3e4,e4,0.0028616755735129,0.9975940230069682,0.5519420627100263,196,13,791,r3kb1r/pp2pppp/1qn2n2/3p1b2/2pP1B2/2P1PN2/PPQ2PPP/RN2KB1R w KQkq -,MODEL_PREDICTION_NOT_EMPIRICAL,after_key,0.0028616755735129,maia3,-34,-242,208,SEVERE_ERROR,100000
LON-02,B2,1500,maia3-79m,9,f1d3,Bd3,0.0021229754202067,0.9975940230069682,0.5519420627100263,100,9,891,r3kb1r/pp2pppp/1qn2n2/3p1b2/2pP1B2/2P1PN2/PPQ2PPP/RN2KB1R w KQkq -,MODEL_PREDICTION_NOT_EMPIRICAL,after_key,0.0021229754202067,maia3,-37,-551,514,SEVERE_ERROR,100000
LON-02,B2,1500,maia3-79m,10,b2b3,b3,0.0008058551466092,0.9975940230069682,0.5519420627100263,20,2,978,r3kb1r/pp2pppp/1qn2n2/3p1b2/2pP1B2/2P1PN2/PPQ2PPP/RN2KB1R w KQkq -,MODEL_PREDICTION_NOT_EMPIRICAL,after_key,0.0008058551466092,maia3,-33,-683,650,SEVERE_ERROR,100000
LON-02,B2,1700,maia3-79m,1,c2c1,Qc1,0.5865032076835632,0.9984201484185178,0.4699592116855843,468,32,500,r3kb1r/pp2pppp/1qn2n2/3p1b2/2pP1B2/2P1PN2/PPQ2PPP/RN2KB1R w KQkq -,MODEL_PREDICTION_NOT_EMPIRICAL,after_key,0.5865032076835632,maia3,-47,-41,0,OK,100000
LON-02,B2,1700,maia3-79m,2,c2d2,Qd2,0.1966894268989563,0.9984201484185178,0.4699592116855843,307,31,662,r3kb1r/pp2pppp/1qn2n2/3p1b2/2pP1B2/2P1PN2/PPQ2PPP/RN2KB1R w KQkq -,MODEL_PREDICTION_NOT_EMPIRICAL,after_key,0.1966894268989563,maia3,-25,-77,52,ERROR,100000
LON-02,B2,1700,maia3-79m,3,c2f5,Qxf5,0.1896909028291702,0.9984201484185178,0.4699592116855843,390,21,589,r3kb1r/pp2pppp/1qn2n2/3p1b2/2pP1B2/2P1PN2/PPQ2PPP/RN2KB1R w KQkq -,MODEL_PREDICTION_NOT_EMPIRICAL,after_key,0.1896909028291702,maia3,-36,-287,251,SEVERE_ERROR,100000
LON-02,B2,1700,maia3-79m,4,c2e2,Qe2,0.0096279615536332,0.9984201484185178,0.4699592116855843,287,31,682,r3kb1r/pp2pppp/1qn2n2/3p1b2/2pP1B2/2P1PN2/PPQ2PPP/RN2KB1R w KQkq -,MODEL_PREDICTION_NOT_EMPIRICAL,after_key,0.0096279615536332,maia3,-38,-123,85,ERROR,100000
LON-02,B2,1700,maia3-79m,5,c2d1,Qd1,0.0069578005932271,0.9984201484185178,0.4699592116855843,197,18,785,r3kb1r/pp2pppp/1qn2n2/3p1b2/2pP1B2/2P1PN2/PPQ2PPP/RN2KB1R w KQkq -,MODEL_PREDICTION_NOT_EMPIRICAL,after_key,0.0069578005932271,maia3,-37,-364,327,SEVERE_ERROR,100000
LON-02,B2,1700,maia3-79m,6,c2a4,Qa4,0.0037194150499999,0.9984201484185178,0.4699592116855843,208,16,776,r3kb1r/pp2pppp/1qn2n2/3p1b2/2pP1B2/2P1PN2/PPQ2PPP/RN2KB1R w KQkq -,MODEL_PREDICTION_NOT_EMPIRICAL,after_key,0.0037194150499999,maia3,-39,-425,386,SEVERE_ERROR,100000
LON-02,B2,1700,maia3-79m,7,b1d2,Nbd2,0.0022940475028008,0.9984201484185178,0.4699592116855843,16,3,981,r3kb1r/pp2pppp/1qn2n2/3p1b2/2pP1B2/2P1PN2/PPQ2PPP/RN2KB1R w KQkq -,MODEL_PREDICTION_NOT_EMPIRICAL,after_key,0.0022940475028008,maia3,-33,-662,629,SEVERE_ERROR,100000
LON-02,B2,1700,maia3-79m,8,e3e4,e4,0.001639972673729,0.9984201484185178,0.4699592116855843,192,14,794,r3kb1r/pp2pppp/1qn2n2/3p1b2/2pP1B2/2P1PN2/PPQ2PPP/RN2KB1R w KQkq -,MODEL_PREDICTION_NOT_EMPIRICAL,after_key,0.001639972673729,maia3,-34,-242,208,SEVERE_ERROR,100000
LON-02,B2,1700,maia3-79m,9,f1d3,Bd3,0.0008437582873739,0.9984201484185178,0.4699592116855843,79,8,913,r3kb1r/pp2pppp/1qn2n2/3p1b2/2pP1B2/2P1PN2/PPQ2PPP/RN2KB1R w KQkq -,MODEL_PREDICTION_NOT_EMPIRICAL,after_key,0.0008437582873739,maia3,-37,-551,514,SEVERE_ERROR,100000
LON-02,B2,1700,maia3-79m,10,f1e2,Be2,0.0004536553460638,0.9984201484185178,0.4699592116855843,13,2,985,r3kb1r/pp2pppp/1qn2n2/3p1b2/2pP1B2/2P1PN2/PPQ2PPP/RN2KB1R w KQkq -,MODEL_PREDICTION_NOT_EMPIRICAL,after_key,0.0004536553460638,maia3,-29,-679,650,SEVERE_ERROR,100000
LON-02,B2,1900,maia3-79m,1,c2c1,Qc1,0.756840169429779,0.9990414760832208,0.3351534661532445,472,39,489,r3kb1r/pp2pppp/1qn2n2/3p1b2/2pP1B2/2P1PN2/PPQ2PPP/RN2KB1R w KQkq -,MODEL_PREDICTION_NOT_EMPIRICAL,after_key,0.756840169429779,maia3,-47,-41,0,OK,100000
LON-02,B2,1900,maia3-79m,2,c2f5,Qxf5,0.1441770941019058,0.9990414760832208,0.3351534661532445,409,25,566,r3kb1r/pp2pppp/1qn2n2/3p1b2/2pP1B2/2P1PN2/PPQ2PPP/RN2KB1R w KQkq -,MODEL_PREDICTION_NOT_EMPIRICAL,after_key,0.1441770941019058,maia3,-36,-287,251,SEVERE_ERROR,100000
LON-02,B2,1900,maia3-79m,3,c2d2,Qd2,0.0865083634853363,0.9990414760832208,0.3351534661532445,327,37,636,r3kb1r/pp2pppp/1qn2n2/3p1b2/2pP1B2/2P1PN2/PPQ2PPP/RN2KB1R w KQkq -,MODEL_PREDICTION_NOT_EMPIRICAL,after_key,0.0865083634853363,maia3,-25,-77,52,ERROR,100000
LON-02,B2,1900,maia3-79m,4,c2e2,Qe2,0.0043062670156359,0.9990414760832208,0.3351534661532445,298,34,668,r3kb1r/pp2pppp/1qn2n2/3p1b2/2pP1B2/2P1PN2/PPQ2PPP/RN2KB1R w KQkq -,MODEL_PREDICTION_NOT_EMPIRICAL,after_key,0.0043062670156359,maia3,-38,-123,85,ERROR,100000
LON-02,B2,1900,maia3-79m,5,c2d1,Qd1,0.0030558900907635,0.9990414760832208,0.3351534661532445,209,22,769,r3kb1r/pp2pppp/1qn2n2/3p1b2/2pP1B2/2P1PN2/PPQ2PPP/RN2KB1R w KQkq -,MODEL_PREDICTION_NOT_EMPIRICAL,after_key,0.0030558900907635,maia3,-37,-364,327,SEVERE_ERROR,100000
LON-02,B2,1900,maia3-79m,6,c2a4,Qa4,0.0014625982148572,0.9990414760832208,0.3351534661532445,220,19,761,r3kb1r/pp2pppp/1qn2n2/3p1b2/2pP1B2/2P1PN2/PPQ2PPP/RN2KB1R w KQkq -,MODEL_PREDICTION_NOT_EMPIRICAL,after_key,0.0014625982148572,maia3,-39,-425,386,SEVERE_ERROR,100000
LON-02,B2,1900,maia3-79m,7,b1d2,Nbd2,0.0012837398098781,0.9990414760832208,0.3351534661532445,13,3,984,r3kb1r/pp2pppp/1qn2n2/3p1b2/2pP1B2/2P1PN2/PPQ2PPP/RN2KB1R w KQkq -,MODEL_PREDICTION_NOT_EMPIRICAL,after_key,0.0012837398098781,maia3,-33,-662,629,SEVERE_ERROR,100000
LON-02,B2,1900,maia3-79m,8,e3e4,e4,0.0007591753965243,0.9990414760832208,0.3351534661532445,199,16,785,r3kb1r/pp2pppp/1qn2n2/3p1b2/2pP1B2/2P1PN2/PPQ2PPP/RN2KB1R w KQkq -,MODEL_PREDICTION_NOT_EMPIRICAL,after_key,0.0007591753965243,maia3,-34,-242,208,SEVERE_ERROR,100000
LON-02,B2,1900,maia3-79m,9,f1d3,Bd3,0.0003782768035307,0.9990414760832208,0.3351534661532445,59,7,934,r3kb1r/pp2pppp/1qn2n2/3p1b2/2pP1B2/2P1PN2/PPQ2PPP/RN2KB1R w KQkq -,MODEL_PREDICTION_NOT_EMPIRICAL,after_key,0.0003782768035307,maia3,-37,-551,514,SEVERE_ERROR,100000
LON-02,B2,1900,maia3-79m,10,f1e2,Be2,0.0002699017350096,0.9990414760832208,0.3351534661532445,12,3,985,r3kb1r/pp2pppp/1qn2n2/3p1b2/2pP1B2/2P1PN2/PPQ2PPP/RN2KB1R w KQkq -,MODEL_PREDICTION_NOT_EMPIRICAL,after_key,0.0002699017350096,maia3,-29,-679,650,SEVERE_ERROR,100000
LON-02,B2,2100,maia3-79m,1,c2c1,Qc1,0.8815571069717407,0.9994953506975436,0.1902073230621414,476,48,476,r3kb1r/pp2pppp/1qn2n2/3p1b2/2pP1B2/2P1PN2/PPQ2PPP/RN2KB1R w KQkq -,MODEL_PREDICTION_NOT_EMPIRICAL,after_key,0.8815571069717407,maia3,-47,-41,0,OK,100000
LON-02,B2,2100,maia3-79m,2,c2f5,Qxf5,0.0952423140406608,0.9994953506975436,0.1902073230621414,438,33,529,r3kb1r/pp2pppp/1qn2n2/3p1b2/2pP1B2/2P1PN2/PPQ2PPP/RN2KB1R w KQkq -,MODEL_PREDICTION_NOT_EMPIRICAL,after_key,0.0952423140406608,maia3,-36,-287,251,SEVERE_ERROR,100000
LON-02,B2,2100,maia3-79m,3,c2d2,Qd2,0.0187405906617641,0.9994953506975436,0.1902073230621414,363,46,591,r3kb1r/pp2pppp/1qn2n2/3p1b2/2pP1B2/2P1PN2/PPQ2PPP/RN2KB1R w KQkq -,MODEL_PREDICTION_NOT_EMPIRICAL,after_key,0.0187405906617641,maia3,-25,-77,52,ERROR,100000
LON-02,B2,2100,maia3-79m,4,c2e2,Qe2,0.0013693706132471,0.9994953506975436,0.1902073230621414,324,42,634,r3kb1r/pp2pppp/1qn2n2/3p1b2/2pP1B2/2P1PN2/PPQ2PPP/RN2KB1R w KQkq -,MODEL_PREDICTION_NOT_EMPIRICAL,after_key,0.0013693706132471,maia3,-38,-123,85,ERROR,100000
LON-02,B2,2100,maia3-79m,5,c2d1,Qd1,0.0010621714172884,0.9994953506975436,0.1902073230621414,221,28,751,r3kb1r/pp2pppp/1qn2n2/3p1b2/2pP1B2/2P1PN2/PPQ2PPP/RN2KB1R w KQkq -,MODEL_PREDICTION_NOT_EMPIRICAL,after_key,0.0010621714172884,maia3,-37,-364,327,SEVERE_ERROR,100000
LON-02,B2,2100,maia3-79m,6,b1d2,Nbd2,0.0006822966970503,0.9994953506975436,0.1902073230621414,11,2,987,r3kb1r/pp2pppp/1qn2n2/3p1b2/2pP1B2/2P1PN2/PPQ2PPP/RN2KB1R w KQkq -,MODEL_PREDICTION_NOT_EMPIRICAL,after_key,0.0006822966970503,maia3,-33,-662,629,SEVERE_ERROR,100000
LON-02,B2,2100,maia3-79m,7,e3e4,e4,0.0002883152337744,0.9994953506975436,0.1902073230621414,212,20,768,r3kb1r/pp2pppp/1qn2n2/3p1b2/2pP1B2/2P1PN2/PPQ2PPP/RN2KB1R w KQkq -,MODEL_PREDICTION_NOT_EMPIRICAL,after_key,0.0002883152337744,maia3,-34,-242,208,SEVERE_ERROR,100000
LON-02,B2,2100,maia3-79m,8,c2a4,Qa4,0.0002651655231602,0.9994953506975436,0.1902073230621414,231,23,746,r3kb1r/pp2pppp/1qn2n2/3p1b2/2pP1B2/2P1PN2/PPQ2PPP/RN2KB1R w KQkq -,MODEL_PREDICTION_NOT_EMPIRICAL,after_key,0.0002651655231602,maia3,-39,-425,386,SEVERE_ERROR,100000
LON-02,B2,2100,maia3-79m,9,f1d3,Bd3,0.000159330185852,0.9994953506975436,0.1902073230621414,46,7,947,r3kb1r/pp2pppp/1qn2n2/3p1b2/2pP1B2/2P1PN2/PPQ2PPP/RN2KB1R w KQkq -,MODEL_PREDICTION_NOT_EMPIRICAL,after_key,0.000159330185852,maia3,-37,-551,514,SEVERE_ERROR,100000
LON-02,B2,2100,maia3-79m,10,f1e2,Be2,0.000128689353005,0.9994953506975436,0.1902073230621414,11,3,986,r3kb1r/pp2pppp/1qn2n2/3p1b2/2pP1B2/2P1PN2/PPQ2PPP/RN2KB1R w KQkq -,MODEL_PREDICTION_NOT_EMPIRICAL,after_key,0.000128689353005,maia3,-29,-679,650,SEVERE_ERROR,100000
LON-04,B2,1100,maia3-79m,1,b1d2,Nbd2,0.605571448802948,0.9674093197099864,0.563124963835004,480,22,498,r3kb1r/pp2pppp/1qn2n2/3p1b2/3P1B2/2P2N2/PP3PPP/RNQ1KB1R w KQkq -,MODEL_PREDICTION_NOT_EMPIRICAL,after_key,0.605571448802948,maia3,-21,-33,12,OK,100000
LON-04,B2,1100,maia3-79m,2,f1e2,Be2,0.1464133560657501,0.9674093197099864,0.563124963835004,501,22,477,r3kb1r/pp2pppp/1qn2n2/3p1b2/3P1B2/2P2N2/PP3PPP/RNQ1KB1R w KQkq -,MODEL_PREDICTION_NOT_EMPIRICAL,after_key,0.1464133560657501,maia3,-34,-26,0,OK,100000
LON-04,B2,1100,maia3-79m,3,f3e5,Ne5,0.0637189894914627,0.9674093197099864,0.563124963835004,443,22,535,r3kb1r/pp2pppp/1qn2n2/3p1b2/3P1B2/2P2N2/PP3PPP/RNQ1KB1R w KQkq -,MODEL_PREDICTION_NOT_EMPIRICAL,after_key,0.0637189894914627,maia3,-20,-66,46,ERROR,100000
LON-04,B2,1100,maia3-79m,4,b1a3,Na3,0.0606897436082363,0.9674093197099864,0.563124963835004,449,21,530,r3kb1r/pp2pppp/1qn2n2/3p1b2/3P1B2/2P2N2/PP3PPP/RNQ1KB1R w KQkq -,MODEL_PREDICTION_NOT_EMPIRICAL,after_key,0.0606897436082363,maia3,-22,-42,20,OK,100000
LON-04,B2,1100,maia3-79m,5,f3h4,Nh4,0.0297800209373235,0.9674093197099864,0.563124963835004,491,21,488,r3kb1r/pp2pppp/1qn2n2/3p1b2/3P1B2/2P2N2/PP3PPP/RNQ1KB1R w KQkq -,MODEL_PREDICTION_NOT_EMPIRICAL,after_key,0.0297800209373235,maia3,-25,-35,10,OK,100000
LON-04,B2,1100,maia3-79m,6,h2h3,h3,0.0200305376201868,0.9674093197099864,0.563124963835004,477,21,502,r3kb1r/pp2pppp/1qn2n2/3p1b2/3P1B2/2P2N2/PP3PPP/RNQ1KB1R w KQkq -,MODEL_PREDICTION_NOT_EMPIRICAL,after_key,0.0200305376201868,maia3,-23,-23,0,OK,100000
LON-04,B2,1100,maia3-79m,7,c1d2,Qd2,0.019822983071208,0.9674093197099864,0.563124963835004,403,20,577,r3kb1r/pp2pppp/1qn2n2/3p1b2/3P1B2/2P2N2/PP3PPP/RNQ1KB1R w KQkq -,MODEL_PREDICTION_NOT_EMPIRICAL,after_key,0.019822983071208,maia3,-25,-81,56,ERROR,100000
LON-04,B2,1100,maia3-79m,8,a2a4,a4,0.0082506602630019,0.9674093197099864,0.563124963835004,499,20,481,r3kb1r/pp2pppp/1qn2n2/3p1b2/3P1B2/2P2N2/PP3PPP/RNQ1KB1R w KQkq -,MODEL_PREDICTION_NOT_EMPIRICAL,after_key,0.0082506602630019,maia3,-25,-20,0,OK,100000
LON-04,B2,1100,maia3-79m,9,f1d3,Bd3,0.0076307151466608,0.9674093197099864,0.563124963835004,245,15,740,r3kb1r/pp2pppp/1qn2n2/3p1b2/3P1B2/2P2N2/PP3PPP/RNQ1KB1R w KQkq -,MODEL_PREDICTION_NOT_EMPIRICAL,after_key,0.0076307151466608,maia3,-17,-474,457,SEVERE_ERROR,100000
LON-04,B2,1100,maia3-79m,10,f4e3,Be3,0.0055008647032082,0.9674093197099864,0.563124963835004,478,21,501,r3kb1r/pp2pppp/1qn2n2/3p1b2/3P1B2/2P2N2/PP3PPP/RNQ1KB1R w KQkq -,MODEL_PREDICTION_NOT_EMPIRICAL,after_key,0.0055008647032082,maia3,-24,-76,52,ERROR,100000
LON-04,B2,1300,maia3-79m,1,b1d2,Nbd2,0.6365174651145935,0.980892120860517,0.5219175020237592,471,24,505,r3kb1r/pp2pppp/1qn2n2/3p1b2/3P1B2/2P2N2/PP3PPP/RNQ1KB1R w KQkq -,MODEL_PREDICTION_NOT_EMPIRICAL,after_key,0.6365174651145935,maia3,-21,-33,12,OK,100000
LON-04,B2,1300,maia3-79m,2,f1e2,Be2,0.1739501506090164,0.980892120860517,0.5219175020237592,495,24,481,r3kb1r/pp2pppp/1qn2n2/3p1b2/3P1B2/2P2N2/PP3PPP/RNQ1KB1R w KQkq -,MODEL_PREDICTION_NOT_EMPIRICAL,after_key,0.1739501506090164,maia3,-34,-26,0,OK,100000
LON-04,B2,1300,maia3-79m,3,b1a3,Na3,0.047863807529211,0.980892120860517,0.5219175020237592,431,22,547,r3kb1r/pp2pppp/1qn2n2/3p1b2/3P1B2/2P2N2/PP3PPP/RNQ1KB1R w KQkq -,MODEL_PREDICTION_NOT_EMPIRICAL,after_key,0.047863807529211,maia3,-22,-42,20,OK,100000
LON-04,B2,1300,maia3-79m,4,f3e5,Ne5,0.0411230586469173,0.980892120860517,0.5219175020237592,439,23,538,r3kb1r/pp2pppp/1qn2n2/3p1b2/3P1B2/2P2N2/PP3PPP/RNQ1KB1R w KQkq -,MODEL_PREDICTION_NOT_EMPIRICAL,after_key,0.0411230586469173,maia3,-20,-66,46,ERROR,100000
LON-04,B2,1300,maia3-79m,5,f3h4,Nh4,0.0301580913364887,0.980892120860517,0.5219175020237592,489,22,489,r3kb1r/pp2pppp/1qn2n2/3p1b2/3P1B2/2P2N2/PP3PPP/RNQ1KB1R w KQkq -,MODEL_PREDICTION_NOT_EMPIRICAL,after_key,0.0301580913364887,maia3,-25,-35,10,OK,100000
LON-04,B2,1300,maia3-79m,6,h2h3,h3,0.0186713021248579,0.980892120860517,0.5219175020237592,468,22,510,r3kb1r/pp2pppp/1qn2n2/3p1b2/3P1B2/2P2N2/PP3PPP/RNQ1KB1R w KQkq -,MODEL_PREDICTION_NOT_EMPIRICAL,after_key,0.0186713021248579,maia3,-23,-23,0,OK,100000
LON-04,B2,1300,maia3-79m,7,c1d2,Qd2,0.0139277540147304,0.980892120860517,0.5219175020237592,384,20,596,r3kb1r/pp2pppp/1qn2n2/3p1b2/3P1B2/2P2N2/PP3PPP/RNQ1KB1R w KQkq -,MODEL_PREDICTION_NOT_EMPIRICAL,after_key,0.0139277540147304,maia3,-25,-81,56,ERROR,100000
LON-04,B2,1300,maia3-79m,8,a2a4,a4,0.0091091822832822,0.980892120860517,0.5219175020237592,504,20,476,r3kb1r/pp2pppp/1qn2n2/3p1b2/3P1B2/2P2N2/PP3PPP/RNQ1KB1R w KQkq -,MODEL_PREDICTION_NOT_EMPIRICAL,after_key,0.0091091822832822,maia3,-25,-20,0,OK,100000
LON-04,B2,1300,maia3-79m,9,f1d3,Bd3,0.0054849521256983,0.980892120860517,0.5219175020237592,222,14,764,r3kb1r/pp2pppp/1qn2n2/3p1b2/3P1B2/2P2N2/PP3PPP/RNQ1KB1R w KQkq -,MODEL_PREDICTION_NOT_EMPIRICAL,after_key,0.0054849521256983,maia3,-17,-474,457,SEVERE_ERROR,100000
LON-04,B2,1300,maia3-79m,10,f4e3,Be3,0.004086357075721,0.980892120860517,0.5219175020237592,466,23,511,r3kb1r/pp2pppp/1qn2n2/3p1b2/3P1B2/2P2N2/PP3PPP/RNQ1KB1R w KQkq -,MODEL_PREDICTION_NOT_EMPIRICAL,after_key,0.004086357075721,maia3,-24,-76,52,ERROR,100000
LON-04,B2,1500,maia3-79m,1,b1d2,Nbd2,0.6668781042098999,0.9889659583568572,0.4750266638663555,464,26,510,r3kb1r/pp2pppp/1qn2n2/3p1b2/3P1B2/2P2N2/PP3PPP/RNQ1KB1R w KQkq -,MODEL_PREDICTION_NOT_EMPIRICAL,after_key,0.6668781042098999,maia3,-21,-33,12,OK,100000
LON-04,B2,1500,maia3-79m,2,f1e2,Be2,0.1897632181644439,0.9889659583568572,0.4750266638663555,486,26,488,r3kb1r/pp2pppp/1qn2n2/3p1b2/3P1B2/2P2N2/PP3PPP/RNQ1KB1R w KQkq -,MODEL_PREDICTION_NOT_EMPIRICAL,after_key,0.1897632181644439,maia3,-34,-26,0,OK,100000
LON-04,B2,1500,maia3-79m,3,b1a3,Na3,0.0372813083231449,0.9889659583568572,0.4750266638663555,422,24,554,r3kb1r/pp2pppp/1qn2n2/3p1b2/3P1B2/2P2N2/PP3PPP/RNQ1KB1R w KQkq -,MODEL_PREDICTION_NOT_EMPIRICAL,after_key,0.0372813083231449,maia3,-22,-42,20,OK,100000
LON-04,B2,1500,maia3-79m,4,f3h4,Nh4,0.0276571232825517,0.9889659583568572,0.4750266638663555,484,24,492,r3kb1r/pp2pppp/1qn2n2/3p1b2/3P1B2/2P2N2/PP3PPP/RNQ1KB1R w KQkq -,MODEL_PREDICTION_NOT_EMPIRICAL,after_key,0.0276571232825517,maia3,-25,-35,10,OK,100000
LON-04,B2,1500,maia3-79m,5,f3e5,Ne5,0.0249437000602483,0.9889659583568572,0.4750266638663555,435,25,540,r3kb1r/pp2pppp/1qn2n2/3p1b2/3P1B2/2P2N2/PP3PPP/RNQ1KB1R w KQkq -,MODEL_PREDICTION_NOT_EMPIRICAL,after_key,0.0249437000602483,maia3,-20,-66,46,ERROR,100000
LON-04,B2,1500,maia3-79m,6,h2h3,h3,0.0184575207531452,0.9889659583568572,0.4750266638663555,459,25,516,r3kb1r/pp2pppp/1qn2n2/3p1b2/3P1B2/2P2N2/PP3PPP/RNQ1KB1R w KQkq -,MODEL_PREDICTION_NOT_EMPIRICAL,after_key,0.0184575207531452,maia3,-23,-23,0,OK,100000
LON-04,B2,1500,maia3-79m,7,c1d2,Qd2,0.0085344715043902,0.9889659583568572,0.4750266638663555,378,23,599,r3kb1r/pp2pppp/1qn2n2/3p1b2/3P1B2/2P2N2/PP3PPP/RNQ1KB1R w KQkq -,MODEL_PREDICTION_NOT_EMPIRICAL,after_key,0.0085344715043902,maia3,-25,-81,56,ERROR,100000
LON-04,B2,1500,maia3-79m,8,a2a4,a4,0.008227614685893,0.9889659583568572,0.4750266638663555,505,22,473,r3kb1r/pp2pppp/1qn2n2/3p1b2/3P1B2/2P2N2/PP3PPP/RNQ1KB1R w KQkq -,MODEL_PREDICTION_NOT_EMPIRICAL,after_key,0.008227614685893,maia3,-25,-20,0,OK,100000
LON-04,B2,1500,maia3-79m,9,f1d3,Bd3,0.004375007469207,0.9889659583568572,0.4750266638663555,204,14,782,r3kb1r/pp2pppp/1qn2n2/3p1b2/3P1B2/2P2N2/PP3PPP/RNQ1KB1R w KQkq -,MODEL_PREDICTION_NOT_EMPIRICAL,after_key,0.004375007469207,maia3,-17,-474,457,SEVERE_ERROR,100000
LON-04,B2,1500,maia3-79m,10,f4e3,Be3,0.0028478899039328,0.9889659583568572,0.4750266638663555,459,25,516,r3kb1r/pp2pppp/1qn2n2/3p1b2/3P1B2/2P2N2/PP3PPP/RNQ1KB1R w KQkq -,MODEL_PREDICTION_NOT_EMPIRICAL,after_key,0.0028478899039328,maia3,-24,-76,52,ERROR,100000
LON-04,B2,1700,maia3-79m,1,b1d2,Nbd2,0.6888619661331177,0.993147297995165,0.4399581527131118,456,30,514,r3kb1r/pp2pppp/1qn2n2/3p1b2/3P1B2/2P2N2/PP3PPP/RNQ1KB1R w KQkq -,MODEL_PREDICTION_NOT_EMPIRICAL,after_key,0.6888619661331177,maia3,-21,-33,12,OK,100000
LON-04,B2,1700,maia3-79m,2,f1e2,Be2,0.1948308944702148,0.993147297995165,0.4399581527131118,473,31,496,r3kb1r/pp2pppp/1qn2n2/3p1b2/3P1B2/2P2N2/PP3PPP/RNQ1KB1R w KQkq -,MODEL_PREDICTION_NOT_EMPIRICAL,after_key,0.1948308944702148,maia3,-34,-26,0,OK,100000
LON-04,B2,1700,maia3-79m,3,b1a3,Na3,0.0305657163262367,0.993147297995165,0.4399581527131118,417,26,557,r3kb1r/pp2pppp/1qn2n2/3p1b2/3P1B2/2P2N2/PP3PPP/RNQ1KB1R w KQkq -,MODEL_PREDICTION_NOT_EMPIRICAL,after_key,0.0305657163262367,maia3,-22,-42,20,OK,100000
LON-04,B2,1700,maia3-79m,4,f3h4,Nh4,0.0252974703907966,0.993147297995165,0.4399581527131118,481,27,492,r3kb1r/pp2pppp/1qn2n2/3p1b2/3P1B2/2P2N2/PP3PPP/RNQ1KB1R w KQkq -,MODEL_PREDICTION_NOT_EMPIRICAL,after_key,0.0252974703907966,maia3,-25,-35,10,OK,100000
LON-04,B2,1700,maia3-79m,5,h2h3,h3,0.0208772700279951,0.993147297995165,0.4399581527131118,449,30,521,r3kb1r/pp2pppp/1qn2n2/3p1b2/3P1B2/2P2N2/PP3PPP/RNQ1KB1R w KQkq -,MODEL_PREDICTION_NOT_EMPIRICAL,after_key,0.0208772700279951,maia3,-23,-23,0,OK,100000
LON-04,B2,1700,maia3-79m,6,f3e5,Ne5,0.0151886101812124,0.993147297995165,0.4399581527131118,427,30,543,r3kb1r/pp2pppp/1qn2n2/3p1b2/3P1B2/2P2N2/PP3PPP/RNQ1KB1R w KQkq -,MODEL_PREDICTION_NOT_EMPIRICAL,after_key,0.0151886101812124,maia3,-20,-66,46,ERROR,100000
LON-04,B2,1700,maia3-79m,7,a2a4,a4,0.006664712447673,0.993147297995165,0.4399581527131118,498,25,477,r3kb1r/pp2pppp/1qn2n2/3p1b2/3P1B2/2P2N2/PP3PPP/RNQ1KB1R w KQkq -,MODEL_PREDICTION_NOT_EMPIRICAL,after_key,0.006664712447673,maia3,-25,-20,0,OK,100000
LON-04,B2,1700,maia3-79m,8,c1d2,Qd2,0.0053193825297057,0.993147297995165,0.4399581527131118,386,27,587,r3kb1r/pp2pppp/1qn2n2/3p1b2/3P1B2/2P2N2/PP3PPP/RNQ1KB1R w KQkq -,MODEL_PREDICTION_NOT_EMPIRICAL,after_key,0.0053193825297057,maia3,-25,-81,56,ERROR,100000
LON-04,B2,1700,maia3-79m,9,f1d3,Bd3,0.0036170401144772,0.993147297995165,0.4399581527131118,183,15,802,r3kb1r/pp2pppp/1qn2n2/3p1b2/3P1B2/2P2N2/PP3PPP/RNQ1KB1R w KQkq -,MODEL_PREDICTION_NOT_EMPIRICAL,after_key,0.0036170401144772,maia3,-17,-474,457,SEVERE_ERROR,100000
LON-04,B2,1700,maia3-79m,10,f4e3,Be3,0.0019242353737354,0.993147297995165,0.4399581527131118,448,29,523,r3kb1r/pp2pppp/1qn2n2/3p1b2/3P1B2/2P2N2/PP3PPP/RNQ1KB1R w KQkq -,MODEL_PREDICTION_NOT_EMPIRICAL,after_key,0.0019242353737354,maia3,-24,-76,52,ERROR,100000
LON-04,B2,1900,maia3-79m,1,b1d2,Nbd2,0.7015723586082458,0.9952254487434402,0.4194718833393223,443,37,520,r3kb1r/pp2pppp/1qn2n2/3p1b2/3P1B2/2P2N2/PP3PPP/RNQ1KB1R w KQkq -,MODEL_PREDICTION_NOT_EMPIRICAL,after_key,0.7015723586082458,maia3,-21,-33,12,OK,100000
LON-04,B2,1900,maia3-79m,2,f1e2,Be2,0.1952958106994629,0.9952254487434402,0.4194718833393223,458,38,504,r3kb1r/pp2pppp/1qn2n2/3p1b2/3P1B2/2P2N2/PP3PPP/RNQ1KB1R w KQkq -,MODEL_PREDICTION_NOT_EMPIRICAL,after_key,0.1952958106994629,maia3,-34,-26,0,OK,100000
LON-04,B2,1900,maia3-79m,3,b1a3,Na3,0.0273309033364057,0.9952254487434402,0.4194718833393223,416,31,553,r3kb1r/pp2pppp/1qn2n2/3p1b2/3P1B2/2P2N2/PP3PPP/RNQ1KB1R w KQkq -,MODEL_PREDICTION_NOT_EMPIRICAL,after_key,0.0273309033364057,maia3,-22,-42,20,OK,100000
LON-04,B2,1900,maia3-79m,4,f3h4,Nh4,0.0240074470639228,0.9952254487434402,0.4194718833393223,474,33,493,r3kb1r/pp2pppp/1qn2n2/3p1b2/3P1B2/2P2N2/PP3PPP/RNQ1KB1R w KQkq -,MODEL_PREDICTION_NOT_EMPIRICAL,after_key,0.0240074470639228,maia3,-25,-35,10,OK,100000
LON-04,B2,1900,maia3-79m,5,h2h3,h3,0.0230385996401309,0.9952254487434402,0.4194718833393223,435,37,528,r3kb1r/pp2pppp/1qn2n2/3p1b2/3P1B2/2P2N2/PP3PPP/RNQ1KB1R w KQkq -,MODEL_PREDICTION_NOT_EMPIRICAL,after_key,0.0230385996401309,maia3,-23,-23,0,OK,100000
LON-04,B2,1900,maia3-79m,6,f3e5,Ne5,0.0101965982466936,0.9952254487434402,0.4194718833393223,420,36,544,r3kb1r/pp2pppp/1qn2n2/3p1b2/3P1B2/2P2N2/PP3PPP/RNQ1KB1R w KQkq -,MODEL_PREDICTION_NOT_EMPIRICAL,after_key,0.0101965982466936,maia3,-20,-66,46,ERROR,100000
LON-04,B2,1900,maia3-79m,7,a2a4,a4,0.0056371791288256,0.9952254487434402,0.4194718833393223,490,31,479,r3kb1r/pp2pppp/1qn2n2/3p1b2/3P1B2/2P2N2/PP3PPP/RNQ1KB1R w KQkq -,MODEL_PREDICTION_NOT_EMPIRICAL,after_key,0.0056371791288256,maia3,-25,-20,0,OK,100000
LON-04,B2,1900,maia3-79m,8,c1d2,Qd2,0.0037578181363642,0.9952254487434402,0.4194718833393223,398,33,569,r3kb1r/pp2pppp/1qn2n2/3p1b2/3P1B2/2P2N2/PP3PPP/RNQ1KB1R w KQkq -,MODEL_PREDICTION_NOT_EMPIRICAL,after_key,0.0037578181363642,maia3,-25,-81,56,ERROR,100000
LON-04,B2,1900,maia3-79m,9,f1d3,Bd3,0.0030481202993541,0.9952254487434402,0.4194718833393223,160,15,825,r3kb1r/pp2pppp/1qn2n2/3p1b2/3P1B2/2P2N2/PP3PPP/RNQ1KB1R w KQkq -,MODEL_PREDICTION_NOT_EMPIRICAL,after_key,0.0030481202993541,maia3,-17,-474,457,SEVERE_ERROR,100000
LON-04,B2,1900,maia3-79m,10,b2b3,b3,0.0013406135840341,0.9952254487434402,0.4194718833393223,411,34,555,r3kb1r/pp2pppp/1qn2n2/3p1b2/3P1B2/2P2N2/PP3PPP/RNQ1KB1R w KQkq -,MODEL_PREDICTION_NOT_EMPIRICAL,after_key,0.0013406135840341,maia3,-26,-77,51,ERROR,100000
LON-04,B2,2100,maia3-79m,1,b1d2,Nbd2,0.7063276171684265,0.996599247213453,0.4158271923467112,433,48,519,r3kb1r/pp2pppp/1qn2n2/3p1b2/3P1B2/2P2N2/PP3PPP/RNQ1KB1R w KQkq -,MODEL_PREDICTION_NOT_EMPIRICAL,after_key,0.7063276171684265,maia3,-21,-33,12,OK,100000
LON-04,B2,2100,maia3-79m,2,f1e2,Be2,0.1900199502706527,0.996599247213453,0.4158271923467112,445,50,505,r3kb1r/pp2pppp/1qn2n2/3p1b2/3P1B2/2P2N2/PP3PPP/RNQ1KB1R w KQkq -,MODEL_PREDICTION_NOT_EMPIRICAL,after_key,0.1900199502706527,maia3,-34,-26,0,OK,100000
LON-04,B2,2100,maia3-79m,3,b1a3,Na3,0.0311092529445886,0.996599247213453,0.4158271923467112,428,39,533,r3kb1r/pp2pppp/1qn2n2/3p1b2/3P1B2/2P2N2/PP3PPP/RNQ1KB1R w KQkq -,MODEL_PREDICTION_NOT_EMPIRICAL,after_key,0.0311092529445886,maia3,-22,-42,20,OK,100000
LON-04,B2,2100,maia3-79m,4,f3h4,Nh4,0.0282858312129974,0.996599247213453,0.4158271923467112,471,43,486,r3kb1r/pp2pppp/1qn2n2/3p1b2/3P1B2/2P2N2/PP3PPP/RNQ1KB1R w KQkq -,MODEL_PREDICTION_NOT_EMPIRICAL,after_key,0.0282858312129974,maia3,-25,-35,10,OK,100000
LON-04,B2,2100,maia3-79m,5,h2h3,h3,0.0205957181751728,0.996599247213453,0.4158271923467112,423,48,529,r3kb1r/pp2pppp/1qn2n2/3p1b2/3P1B2/2P2N2/PP3PPP/RNQ1KB1R w KQkq -,MODEL_PREDICTION_NOT_EMPIRICAL,after_key,0.0205957181751728,maia3,-23,-23,0,OK,100000
LON-04,B2,2100,maia3-79m,6,f3e5,Ne5,0.0082442322745919,0.996599247213453,0.4158271923467112,414,47,539,r3kb1r/pp2pppp/1qn2n2/3p1b2/3P1B2/2P2N2/PP3PPP/RNQ1KB1R w KQkq -,MODEL_PREDICTION_NOT_EMPIRICAL,after_key,0.0082442322745919,maia3,-20,-66,46,ERROR,100000
LON-04,B2,2100,maia3-79m,7,a2a4,a4,0.0056163975968956,0.996599247213453,0.4158271923467112,495,41,464,r3kb1r/pp2pppp/1qn2n2/3p1b2/3P1B2/2P2N2/PP3PPP/RNQ1KB1R w KQkq -,MODEL_PREDICTION_NOT_EMPIRICAL,after_key,0.0056163975968956,maia3,-25,-20,0,OK,100000
LON-04,B2,2100,maia3-79m,8,c1d2,Qd2,0.0031086849048733,0.996599247213453,0.4158271923467112,410,43,547,r3kb1r/pp2pppp/1qn2n2/3p1b2/3P1B2/2P2N2/PP3PPP/RNQ1KB1R w KQkq -,MODEL_PREDICTION_NOT_EMPIRICAL,after_key,0.0031086849048733,maia3,-25,-81,56,ERROR,100000
LON-04,B2,2100,maia3-79m,9,f1d3,Bd3,0.0021038865670561,0.996599247213453,0.4158271923467112,130,15,855,r3kb1r/pp2pppp/1qn2n2/3p1b2/3P1B2/2P2N2/PP3PPP/RNQ1KB1R w KQkq -,MODEL_PREDICTION_NOT_EMPIRICAL,after_key,0.0021038865670561,maia3,-17,-474,457,SEVERE_ERROR,100000
LON-04,B2,2100,maia3-79m,10,a2a3,a3,0.0011876760981976,0.996599247213453,0.4158271923467112,415,45,540,r3kb1r/pp2pppp/1qn2n2/3p1b2/3P1B2/2P2N2/PP3PPP/RNQ1KB1R w KQkq -,MODEL_PREDICTION_NOT_EMPIRICAL,after_key,0.0011876760981976,maia3,-27,-45,18,OK,100000
LON-09,B2,1100,maia3-79m,1,f1e2,Be2,0.3500914871692657,0.9944992632372304,0.6474008042481714,525,22,453,r3kb1r/pp2pppp/1qn2n2/2pp4/3P1Bb1/1PP1PN2/P4PPP/RN1QKB1R w KQkq -,MODEL_PREDICTION_NOT_EMPIRICAL,after_key,0.3500914871692657,maia3,-17,-12,0,OK,100000
LON-09,B2,1100,maia3-79m,2,b1d2,Nbd2,0.2902449071407318,0.9944992632372304,0.6474008042481714,496,21,483,r3kb1r/pp2pppp/1qn2n2/2pp4/3P1Bb1/1PP1PN2/P4PPP/RN1QKB1R w KQkq -,MODEL_PREDICTION_NOT_EMPIRICAL,after_key,0.2902449071407318,maia3,-7,-69,62,ERROR,100000
LON-09,B2,1100,maia3-79m,3,h2h3,h3,0.1767701953649521,0.9944992632372304,0.6474008042481714,467,23,510,r3kb1r/pp2pppp/1qn2n2/2pp4/3P1Bb1/1PP1PN2/P4PPP/RN1QKB1R w KQkq -,MODEL_PREDICTION_NOT_EMPIRICAL,after_key,0.1767701953649521,maia3,-7,-10,3,OK,100000
LON-09,B2,1100,maia3-79m,4,f1d3,Bd3,0.1406088918447494,0.9944992632372304,0.6474008042481714,494,20,486,r3kb1r/pp2pppp/1qn2n2/2pp4/3P1Bb1/1PP1PN2/P4PPP/RN1QKB1R w KQkq -,MODEL_PREDICTION_NOT_EMPIRICAL,after_key,0.1406088918447494,maia3,-7,-23,16,OK,100000
LON-09,B2,1100,maia3-79m,5,c3c4,c4,0.0104489801451563,0.9944992632372304,0.6474008042481714,403,18,579,r3kb1r/pp2pppp/1qn2n2/2pp4/3P1Bb1/1PP1PN2/P4PPP/RN1QKB1R w KQkq -,MODEL_PREDICTION_NOT_EMPIRICAL,after_key,0.0104489801451563,maia3,-9,-260,251,SEVERE_ERROR,100000
LON-09,B2,1100,maia3-79m,6,a2a4,a4,0.0086654834449291,0.9944992632372304,0.6474008042481714,511,19,470,r3kb1r/pp2pppp/1qn2n2/2pp4/3P1Bb1/1PP1PN2/P4PPP/RN1QKB1R w KQkq -,MODEL_PREDICTION_NOT_EMPIRICAL,after_key,0.0086654834449291,maia3,3,-95,98,ERROR,100000
LON-09,B2,1100,maia3-79m,7,b1a3,Na3,0.0072503429837524,0.9944992632372304,0.6474008042481714,443,19,538,r3kb1r/pp2pppp/1qn2n2/2pp4/3P1Bb1/1PP1PN2/P4PPP/RN1QKB1R w KQkq -,MODEL_PREDICTION_NOT_EMPIRICAL,after_key,0.0072503429837524,maia3,3,-219,222,SEVERE_ERROR,100000
LON-09,B2,1100,maia3-79m,8,d4c5,dxc5,0.0061190170235931,0.9944992632372304,0.6474008042481714,460,19,521,r3kb1r/pp2pppp/1qn2n2/2pp4/3P1Bb1/1PP1PN2/P4PPP/RN1QKB1R w KQkq -,MODEL_PREDICTION_NOT_EMPIRICAL,after_key,0.0061190170235931,maia3,-1,2,0,OK,100000
LON-09,B2,1100,maia3-79m,9,f3e5,Ne5,0.0025672053452581,0.9944992632372304,0.6474008042481714,120,8,872,r3kb1r/pp2pppp/1qn2n2/2pp4/3P1Bb1/1PP1PN2/P4PPP/RN1QKB1R w KQkq -,MODEL_PREDICTION_NOT_EMPIRICAL,after_key,0.0025672053452581,maia3,5,-551,556,SEVERE_ERROR,100000
LON-09,B2,1100,maia3-79m,10,d1c2,Qc2,0.001732752774842,0.9944992632372304,0.6474008042481714,477,20,503,r3kb1r/pp2pppp/1qn2n2/2pp4/3P1Bb1/1PP1PN2/P4PPP/RN1QKB1R w KQkq -,MODEL_PREDICTION_NOT_EMPIRICAL,after_key,0.001732752774842,maia3,8,-161,169,SEVERE_ERROR,100000
LON-09,B2,1300,maia3-79m,1,f1e2,Be2,0.382308691740036,0.9970203971024604,0.6023324267671407,514,23,463,r3kb1r/pp2pppp/1qn2n2/2pp4/3P1Bb1/1PP1PN2/P4PPP/RN1QKB1R w KQkq -,MODEL_PREDICTION_NOT_EMPIRICAL,after_key,0.382308691740036,maia3,-17,-12,0,OK,100000
LON-09,B2,1300,maia3-79m,2,b1d2,Nbd2,0.3382883667945862,0.9970203971024604,0.6023324267671407,490,23,487,r3kb1r/pp2pppp/1qn2n2/2pp4/3P1Bb1/1PP1PN2/P4PPP/RN1QKB1R w KQkq -,MODEL_PREDICTION_NOT_EMPIRICAL,after_key,0.3382883667945862,maia3,-7,-69,62,ERROR,100000
LON-09,B2,1300,maia3-79m,3,h2h3,h3,0.1426062285900116,0.9970203971024604,0.6023324267671407,465,24,511,r3kb1r/pp2pppp/1qn2n2/2pp4/3P1Bb1/1PP1PN2/P4PPP/RN1QKB1R w KQkq -,MODEL_PREDICTION_NOT_EMPIRICAL,after_key,0.1426062285900116,maia3,-7,-10,3,OK,100000
LON-09,B2,1300,maia3-79m,4,f1d3,Bd3,0.1090180426836013,0.9970203971024604,0.6023324267671407,491,22,487,r3kb1r/pp2pppp/1qn2n2/2pp4/3P1Bb1/1PP1PN2/P4PPP/RN1QKB1R w KQkq -,MODEL_PREDICTION_NOT_EMPIRICAL,after_key,0.1090180426836013,maia3,-7,-23,16,OK,100000
LON-09,B2,1300,maia3-79m,5,a2a4,a4,0.0067912205122411,0.9970203971024604,0.6023324267671407,503,20,477,r3kb1r/pp2pppp/1qn2n2/2pp4/3P1Bb1/1PP1PN2/P4PPP/RN1QKB1R w KQkq -,MODEL_PREDICTION_NOT_EMPIRICAL,after_key,0.0067912205122411,maia3,3,-95,98,ERROR,100000
LON-09,B2,1300,maia3-79m,6,d4c5,dxc5,0.0052262325771152,0.9970203971024604,0.6023324267671407,457,19,524,r3kb1r/pp2pppp/1qn2n2/2pp4/3P1Bb1/1PP1PN2/P4PPP/RN1QKB1R w KQkq -,MODEL_PREDICTION_NOT_EMPIRICAL,after_key,0.0052262325771152,maia3,-1,2,0,OK,100000
LON-09,B2,1300,maia3-79m,7,c3c4,c4,0.004766296595335,0.9970203971024604,0.6023324267671407,388,19,593,r3kb1r/pp2pppp/1qn2n2/2pp4/3P1Bb1/1PP1PN2/P4PPP/RN1QKB1R w KQkq -,MODEL_PREDICTION_NOT_EMPIRICAL,after_key,0.004766296595335,maia3,-9,-260,251,SEVERE_ERROR,100000
LON-09,B2,1300,maia3-79m,8,b1a3,Na3,0.0045373570173978,0.9970203971024604,0.6023324267671407,422,20,558,r3kb1r/pp2pppp/1qn2n2/2pp4/3P1Bb1/1PP1PN2/P4PPP/RN1QKB1R w KQkq -,MODEL_PREDICTION_NOT_EMPIRICAL,after_key,0.0045373570173978,maia3,3,-219,222,SEVERE_ERROR,100000
LON-09,B2,1300,maia3-79m,9,d1c2,Qc2,0.0021912660449743,0.9970203971024604,0.6023324267671407,466,21,513,r3kb1r/pp2pppp/1qn2n2/2pp4/3P1Bb1/1PP1PN2/P4PPP/RN1QKB1R w KQkq -,MODEL_PREDICTION_NOT_EMPIRICAL,after_key,0.0021912660449743,maia3,8,-161,169,SEVERE_ERROR,100000
LON-09,B2,1300,maia3-79m,10,f3e5,Ne5,0.0012866945471614,0.9970203971024604,0.6023324267671407,92,7,901,r3kb1r/pp2pppp/1qn2n2/2pp4/3P1Bb1/1PP1PN2/P4PPP/RN1QKB1R w KQkq -,MODEL_PREDICTION_NOT_EMPIRICAL,after_key,0.0012866945471614,maia3,5,-551,556,SEVERE_ERROR,100000
LON-09,B2,1500,maia3-79m,1,f1e2,Be2,0.42548668384552,0.9981501712463796,0.5644902212476351,503,26,471,r3kb1r/pp2pppp/1qn2n2/2pp4/3P1Bb1/1PP1PN2/P4PPP/RN1QKB1R w KQkq -,MODEL_PREDICTION_NOT_EMPIRICAL,after_key,0.42548668384552,maia3,-17,-12,0,OK,100000
LON-09,B2,1500,maia3-79m,2,b1d2,Nbd2,0.3498983383178711,0.9981501712463796,0.5644902212476351,490,25,485,r3kb1r/pp2pppp/1qn2n2/2pp4/3P1Bb1/1PP1PN2/P4PPP/RN1QKB1R w KQkq -,MODEL_PREDICTION_NOT_EMPIRICAL,after_key,0.3498983383178711,maia3,-7,-69,62,ERROR,100000
LON-09,B2,1500,maia3-79m,3,h2h3,h3,0.1121871694922447,0.9981501712463796,0.5644902212476351,469,26,505,r3kb1r/pp2pppp/1qn2n2/2pp4/3P1Bb1/1PP1PN2/P4PPP/RN1QKB1R w KQkq -,MODEL_PREDICTION_NOT_EMPIRICAL,after_key,0.1121871694922447,maia3,-7,-10,3,OK,100000
LON-09,B2,1500,maia3-79m,4,f1d3,Bd3,0.0923245549201965,0.9981501712463796,0.5644902212476351,488,24,488,r3kb1r/pp2pppp/1qn2n2/2pp4/3P1Bb1/1PP1PN2/P4PPP/RN1QKB1R w KQkq -,MODEL_PREDICTION_NOT_EMPIRICAL,after_key,0.0923245549201965,maia3,-7,-23,16,OK,100000
LON-09,B2,1500,maia3-79m,5,d4c5,dxc5,0.0053443410433828,0.9981501712463796,0.5644902212476351,457,22,521,r3kb1r/pp2pppp/1qn2n2/2pp4/3P1Bb1/1PP1PN2/P4PPP/RN1QKB1R w KQkq -,MODEL_PREDICTION_NOT_EMPIRICAL,after_key,0.0053443410433828,maia3,-1,2,0,OK,100000
LON-09,B2,1500,maia3-79m,6,a2a4,a4,0.0042593930847942,0.9981501712463796,0.5644902212476351,501,22,477,r3kb1r/pp2pppp/1qn2n2/2pp4/3P1Bb1/1PP1PN2/P4PPP/RN1QKB1R w KQkq -,MODEL_PREDICTION_NOT_EMPIRICAL,after_key,0.0042593930847942,maia3,3,-95,98,ERROR,100000
LON-09,B2,1500,maia3-79m,7,d1c2,Qc2,0.0032243581954389,0.9981501712463796,0.5644902212476351,463,23,514,r3kb1r/pp2pppp/1qn2n2/2pp4/3P1Bb1/1PP1PN2/P4PPP/RN1QKB1R w KQkq -,MODEL_PREDICTION_NOT_EMPIRICAL,after_key,0.0032243581954389,maia3,8,-161,169,SEVERE_ERROR,100000
LON-09,B2,1500,maia3-79m,8,b1a3,Na3,0.0026734285056591,0.9981501712463796,0.5644902212476351,412,22,566,r3kb1r/pp2pppp/1qn2n2/2pp4/3P1Bb1/1PP1PN2/P4PPP/RN1QKB1R w KQkq -,MODEL_PREDICTION_NOT_EMPIRICAL,after_key,0.0026734285056591,maia3,3,-219,222,SEVERE_ERROR,100000
LON-09,B2,1500,maia3-79m,9,c3c4,c4,0.0019954582676291,0.9981501712463796,0.5644902212476351,383,20,597,r3kb1r/pp2pppp/1qn2n2/2pp4/3P1Bb1/1PP1PN2/P4PPP/RN1QKB1R w KQkq -,MODEL_PREDICTION_NOT_EMPIRICAL,after_key,0.0019954582676291,maia3,-9,-260,251,SEVERE_ERROR,100000
LON-09,B2,1500,maia3-79m,10,f3e5,Ne5,0.0007564455736428,0.9981501712463796,0.5644902212476351,77,6,917,r3kb1r/pp2pppp/1qn2n2/2pp4/3P1Bb1/1PP1PN2/P4PPP/RN1QKB1R w KQkq -,MODEL_PREDICTION_NOT_EMPIRICAL,after_key,0.0007564455736428,maia3,5,-551,556,SEVERE_ERROR,100000
LON-09,B2,1700,maia3-79m,1,f1e2,Be2,0.4838245511054992,0.9986006080871448,0.5314126226511715,494,31,475,r3kb1r/pp2pppp/1qn2n2/2pp4/3P1Bb1/1PP1PN2/P4PPP/RN1QKB1R w KQkq -,MODEL_PREDICTION_NOT_EMPIRICAL,after_key,0.4838245511054992,maia3,-17,-12,0,OK,100000
LON-09,B2,1700,maia3-79m,2,b1d2,Nbd2,0.3304693400859833,0.9986006080871448,0.5314126226511715,487,29,484,r3kb1r/pp2pppp/1qn2n2/2pp4/3P1Bb1/1PP1PN2/P4PPP/RN1QKB1R w KQkq -,MODEL_PREDICTION_NOT_EMPIRICAL,after_key,0.3304693400859833,maia3,-7,-69,62,ERROR,100000
LON-09,B2,1700,maia3-79m,3,f1d3,Bd3,0.0865406990051269,0.9986006080871448,0.5314126226511715,482,29,489,r3kb1r/pp2pppp/1qn2n2/2pp4/3P1Bb1/1PP1PN2/P4PPP/RN1QKB1R w KQkq -,MODEL_PREDICTION_NOT_EMPIRICAL,after_key,0.0865406990051269,maia3,-7,-23,16,OK,100000
LON-09,B2,1700,maia3-79m,4,h2h3,h3,0.0817309394478797,0.9986006080871448,0.5314126226511715,469,30,501,r3kb1r/pp2pppp/1qn2n2/2pp4/3P1Bb1/1PP1PN2/P4PPP/RN1QKB1R w KQkq -,MODEL_PREDICTION_NOT_EMPIRICAL,after_key,0.0817309394478797,maia3,-7,-10,3,OK,100000
LON-09,B2,1700,maia3-79m,5,d4c5,dxc5,0.0064559942111372,0.9986006080871448,0.5314126226511715,454,25,521,r3kb1r/pp2pppp/1qn2n2/2pp4/3P1Bb1/1PP1PN2/P4PPP/RN1QKB1R w KQkq -,MODEL_PREDICTION_NOT_EMPIRICAL,after_key,0.0064559942111372,maia3,-1,2,0,OK,100000
LON-09,B2,1700,maia3-79m,6,d1c2,Qc2,0.0044635171070694,0.9986006080871448,0.5314126226511715,458,27,515,r3kb1r/pp2pppp/1qn2n2/2pp4/3P1Bb1/1PP1PN2/P4PPP/RN1QKB1R w KQkq -,MODEL_PREDICTION_NOT_EMPIRICAL,after_key,0.0044635171070694,maia3,8,-161,169,SEVERE_ERROR,100000
LON-09,B2,1700,maia3-79m,7,a2a4,a4,0.0023607828188687,0.9986006080871448,0.5314126226511715,499,26,475,r3kb1r/pp2pppp/1qn2n2/2pp4/3P1Bb1/1PP1PN2/P4PPP/RN1QKB1R w KQkq -,MODEL_PREDICTION_NOT_EMPIRICAL,after_key,0.0023607828188687,maia3,3,-95,98,ERROR,100000
LON-09,B2,1700,maia3-79m,8,b1a3,Na3,0.0014954061480239,0.9986006080871448,0.5314126226511715,412,25,563,r3kb1r/pp2pppp/1qn2n2/2pp4/3P1Bb1/1PP1PN2/P4PPP/RN1QKB1R w KQkq -,MODEL_PREDICTION_NOT_EMPIRICAL,after_key,0.0014954061480239,maia3,3,-219,222,SEVERE_ERROR,100000
LON-09,B2,1700,maia3-79m,9,c3c4,c4,0.0007377080619335,0.9986006080871448,0.5314126226511715,381,24,595,r3kb1r/pp2pppp/1qn2n2/2pp4/3P1Bb1/1PP1PN2/P4PPP/RN1QKB1R w KQkq -,MODEL_PREDICTION_NOT_EMPIRICAL,after_key,0.0007377080619335,maia3,-9,-260,251,SEVERE_ERROR,100000
LON-09,B2,1700,maia3-79m,10,f3e5,Ne5,0.0005216700956225,0.9986006080871448,0.5314126226511715,65,6,929,r3kb1r/pp2pppp/1qn2n2/2pp4/3P1Bb1/1PP1PN2/P4PPP/RN1QKB1R w KQkq -,MODEL_PREDICTION_NOT_EMPIRICAL,after_key,0.0005216700956225,maia3,5,-551,556,SEVERE_ERROR,100000
LON-09,B2,1900,maia3-79m,1,f1e2,Be2,0.5339305400848389,0.99884333369846,0.4992655774962401,485,39,476,r3kb1r/pp2pppp/1qn2n2/2pp4/3P1Bb1/1PP1PN2/P4PPP/RN1QKB1R w KQkq -,MODEL_PREDICTION_NOT_EMPIRICAL,after_key,0.5339305400848389,maia3,-17,-12,0,OK,100000
LON-09,B2,1900,maia3-79m,2,b1d2,Nbd2,0.3054163157939911,0.99884333369846,0.4992655774962401,481,36,483,r3kb1r/pp2pppp/1qn2n2/2pp4/3P1Bb1/1PP1PN2/P4PPP/RN1QKB1R w KQkq -,MODEL_PREDICTION_NOT_EMPIRICAL,after_key,0.3054163157939911,maia3,-7,-69,62,ERROR,100000
LON-09,B2,1900,maia3-79m,3,f1d3,Bd3,0.0923027470707893,0.99884333369846,0.4992655774962401,475,35,490,r3kb1r/pp2pppp/1qn2n2/2pp4/3P1Bb1/1PP1PN2/P4PPP/RN1QKB1R w KQkq -,MODEL_PREDICTION_NOT_EMPIRICAL,after_key,0.0923027470707893,maia3,-7,-23,16,OK,100000
LON-09,B2,1900,maia3-79m,4,h2h3,h3,0.0535234361886978,0.99884333369846,0.4992655774962401,468,36,496,r3kb1r/pp2pppp/1qn2n2/2pp4/3P1Bb1/1PP1PN2/P4PPP/RN1QKB1R w KQkq -,MODEL_PREDICTION_NOT_EMPIRICAL,after_key,0.0535234361886978,maia3,-7,-10,3,OK,100000
LON-09,B2,1900,maia3-79m,5,d4c5,dxc5,0.0066896290518343,0.99884333369846,0.4992655774962401,443,31,526,r3kb1r/pp2pppp/1qn2n2/2pp4/3P1Bb1/1PP1PN2/P4PPP/RN1QKB1R w KQkq -,MODEL_PREDICTION_NOT_EMPIRICAL,after_key,0.0066896290518343,maia3,-1,2,0,OK,100000
LON-09,B2,1900,maia3-79m,6,d1c2,Qc2,0.0044757858850061,0.99884333369846,0.4992655774962401,453,33,514,r3kb1r/pp2pppp/1qn2n2/2pp4/3P1Bb1/1PP1PN2/P4PPP/RN1QKB1R w KQkq -,MODEL_PREDICTION_NOT_EMPIRICAL,after_key,0.0044757858850061,maia3,8,-161,169,SEVERE_ERROR,100000
LON-09,B2,1900,maia3-79m,7,a2a4,a4,0.0012645922834053,0.99884333369846,0.4992655774962401,501,31,468,r3kb1r/pp2pppp/1qn2n2/2pp4/3P1Bb1/1PP1PN2/P4PPP/RN1QKB1R w KQkq -,MODEL_PREDICTION_NOT_EMPIRICAL,after_key,0.0012645922834053,maia3,3,-95,98,ERROR,100000
LON-09,B2,1900,maia3-79m,8,b1a3,Na3,0.000648470420856,0.99884333369846,0.4992655774962401,415,29,556,r3kb1r/pp2pppp/1qn2n2/2pp4/3P1Bb1/1PP1PN2/P4PPP/RN1QKB1R w KQkq -,MODEL_PREDICTION_NOT_EMPIRICAL,after_key,0.000648470420856,maia3,3,-219,222,SEVERE_ERROR,100000
LON-09,B2,1900,maia3-79m,9,f3e5,Ne5,0.0003750621981453,0.99884333369846,0.4992655774962401,55,6,939,r3kb1r/pp2pppp/1qn2n2/2pp4/3P1Bb1/1PP1PN2/P4PPP/RN1QKB1R w KQkq -,MODEL_PREDICTION_NOT_EMPIRICAL,after_key,0.0003750621981453,maia3,5,-551,556,SEVERE_ERROR,100000
LON-09,B2,1900,maia3-79m,10,e1e2,Ke2,0.0002167547208955,0.99884333369846,0.4992655774962401,351,30,619,r3kb1r/pp2pppp/1qn2n2/2pp4/3P1Bb1/1PP1PN2/P4PPP/RN1QKB1R w KQkq -,MODEL_PREDICTION_NOT_EMPIRICAL,after_key,0.0002167547208955,maia3,3,-231,234,SEVERE_ERROR,100000
LON-09,B2,2100,maia3-79m,1,f1e2,Be2,0.554578959941864,0.999232545349514,0.4753327226050006,476,50,474,r3kb1r/pp2pppp/1qn2n2/2pp4/3P1Bb1/1PP1PN2/P4PPP/RN1QKB1R w KQkq -,MODEL_PREDICTION_NOT_EMPIRICAL,after_key,0.554578959941864,maia3,-17,-12,0,OK,100000
LON-09,B2,2100,maia3-79m,2,b1d2,Nbd2,0.2961869537830353,0.999232545349514,0.4753327226050006,476,46,478,r3kb1r/pp2pppp/1qn2n2/2pp4/3P1Bb1/1PP1PN2/P4PPP/RN1QKB1R w KQkq -,MODEL_PREDICTION_NOT_EMPIRICAL,after_key,0.2961869537830353,maia3,-7,-69,62,ERROR,100000
LON-09,B2,2100,maia3-79m,3,f1d3,Bd3,0.1044631898403167,0.999232545349514,0.4753327226050006,465,45,490,r3kb1r/pp2pppp/1qn2n2/2pp4/3P1Bb1/1PP1PN2/P4PPP/RN1QKB1R w KQkq -,MODEL_PREDICTION_NOT_EMPIRICAL,after_key,0.1044631898403167,maia3,-7,-23,16,OK,100000
LON-09,B2,2100,maia3-79m,4,h2h3,h3,0.034739214926958,0.999232545349514,0.4753327226050006,464,45,491,r3kb1r/pp2pppp/1qn2n2/2pp4/3P1Bb1/1PP1PN2/P4PPP/RN1QKB1R w KQkq -,MODEL_PREDICTION_NOT_EMPIRICAL,after_key,0.034739214926958,maia3,-7,-10,3,OK,100000
LON-09,B2,2100,maia3-79m,5,d4c5,dxc5,0.0051145534962415,0.999232545349514,0.4753327226050006,439,39,522,r3kb1r/pp2pppp/1qn2n2/2pp4/3P1Bb1/1PP1PN2/P4PPP/RN1QKB1R w KQkq -,MODEL_PREDICTION_NOT_EMPIRICAL,after_key,0.0051145534962415,maia3,-1,2,0,OK,100000
LON-09,B2,2100,maia3-79m,6,d1c2,Qc2,0.0025709106121212,0.999232545349514,0.4753327226050006,449,42,509,r3kb1r/pp2pppp/1qn2n2/2pp4/3P1Bb1/1PP1PN2/P4PPP/RN1QKB1R w KQkq -,MODEL_PREDICTION_NOT_EMPIRICAL,after_key,0.0025709106121212,maia3,8,-161,169,SEVERE_ERROR,100000
LON-09,B2,2100,maia3-79m,7,a2a4,a4,0.0007830350659787,0.999232545349514,0.4753327226050006,507,40,453,r3kb1r/pp2pppp/1qn2n2/2pp4/3P1Bb1/1PP1PN2/P4PPP/RN1QKB1R w KQkq -,MODEL_PREDICTION_NOT_EMPIRICAL,after_key,0.0007830350659787,maia3,3,-95,98,ERROR,100000
LON-09,B2,2100,maia3-79m,8,b1a3,Na3,0.0003125180373899,0.999232545349514,0.4753327226050006,416,36,548,r3kb1r/pp2pppp/1qn2n2/2pp4/3P1Bb1/1PP1PN2/P4PPP/RN1QKB1R w KQkq -,MODEL_PREDICTION_NOT_EMPIRICAL,after_key,0.0003125180373899,maia3,3,-219,222,SEVERE_ERROR,100000
LON-09,B2,2100,maia3-79m,9,f3e5,Ne5,0.0002553097729105,0.999232545349514,0.4753327226050006,44,5,951,r3kb1r/pp2pppp/1qn2n2/2pp4/3P1Bb1/1PP1PN2/P4PPP/RN1QKB1R w KQkq -,MODEL_PREDICTION_NOT_EMPIRICAL,after_key,0.0002553097729105,maia3,5,-551,556,SEVERE_ERROR,100000
LON-09,B2,2100,maia3-79m,10,e1e2,Ke2,0.0002278998726978,0.999232545349514,0.4753327226050006,349,37,614,r3kb1r/pp2pppp/1qn2n2/2pp4/3P1Bb1/1PP1PN2/P4PPP/RN1QKB1R w KQkq -,MODEL_PREDICTION_NOT_EMPIRICAL,after_key,0.0002278998726978,maia3,3,-231,234,SEVERE_ERROR,100000
JOB-12,B2,1100,maia3-79m,1,b2b3,b3,0.370088666677475,0.9440226461738348,0.7672277971905239,350,17,633,rnb1kb1r/pp2pppp/1q3n2/2pp4/3P1B2/8/PPP1PPPP/RN1QKBNR w KQkq -,MODEL_PREDICTION_NOT_EMPIRICAL,after_key,0.370088666677475,maia3,-166,-247,81,ERROR,100000
JOB-12,B2,1100,maia3-79m,2,c2c3,c3,0.1884011775255203,0.9440226461738348,0.7672277971905239,300,17,683,rnb1kb1r/pp2pppp/1q3n2/2pp4/3P1B2/8/PPP1PPPP/RN1QKBNR w KQkq -,MODEL_PREDICTION_NOT_EMPIRICAL,after_key,0.1884011775255203,maia3,-176,-232,56,ERROR,100000
JOB-12,B2,1100,maia3-79m,3,d4c5,dxc5,0.120601125061512,0.9440226461738348,0.7672277971905239,365,18,617,rnb1kb1r/pp2pppp/1q3n2/2pp4/3P1B2/8/PPP1PPPP/RN1QKBNR w KQkq -,MODEL_PREDICTION_NOT_EMPIRICAL,after_key,0.120601125061512,maia3,-164,-157,0,OK,100000
JOB-12,B2,1100,maia3-79m,4,e2e3,e3,0.0859412029385566,0.9440226461738348,0.7672277971905239,358,18,624,rnb1kb1r/pp2pppp/1q3n2/2pp4/3P1B2/8/PPP1PPPP/RN1QKBNR w KQkq -,MODEL_PREDICTION_NOT_EMPIRICAL,after_key,0.0859412029385566,maia3,-151,-159,8,OK,100000
JOB-12,B2,1100,maia3-79m,5,b1c3,Nc3,0.0446623973548412,0.9440226461738348,0.7672277971905239,352,18,630,rnb1kb1r/pp2pppp/1q3n2/2pp4/3P1B2/8/PPP1PPPP/RN1QKBNR w KQkq -,MODEL_PREDICTION_NOT_EMPIRICAL,after_key,0.0446623973548412,maia3,-179,-384,205,SEVERE_ERROR,100000
JOB-12,B2,1100,maia3-79m,6,g1f3,Nf3,0.0356202647089958,0.9440226461738348,0.7672277971905239,347,17,636,rnb1kb1r/pp2pppp/1q3n2/2pp4/3P1B2/8/PPP1PPPP/RN1QKBNR w KQkq -,MODEL_PREDICTION_NOT_EMPIRICAL,after_key,0.0356202647089958,maia3,-182,-192,10,OK,100000
JOB-12,B2,1100,maia3-79m,7,f4c1,Bc1,0.034409299492836,0.9440226461738348,0.7672277971905239,356,19,625,rnb1kb1r/pp2pppp/1q3n2/2pp4/3P1B2/8/PPP1PPPP/RN1QKBNR w KQkq -,MODEL_PREDICTION_NOT_EMPIRICAL,after_key,0.034409299492836,maia3,-174,-244,70,ERROR,100000
JOB-12,B2,1100,maia3-79m,8,d1c1,Qc1,0.0260948613286018,0.9440226461738348,0.7672277971905239,373,18,609,rnb1kb1r/pp2pppp/1q3n2/2pp4/3P1B2/8/PPP1PPPP/RN1QKBNR w KQkq -,MODEL_PREDICTION_NOT_EMPIRICAL,after_key,0.0260948613286018,maia3,-185,-239,54,ERROR,100000
JOB-12,B2,1100,maia3-79m,9,b1a3,Na3,0.0247080959379673,0.9440226461738348,0.7672277971905239,309,16,675,rnb1kb1r/pp2pppp/1q3n2/2pp4/3P1B2/8/PPP1PPPP/RN1QKBNR w KQkq -,MODEL_PREDICTION_NOT_EMPIRICAL,after_key,0.0247080959379673,maia3,-164,-362,198,SEVERE_ERROR,100000
JOB-12,B2,1100,maia3-79m,10,b1d2,Nd2,0.0134955551475286,0.9440226461738348,0.7672277971905239,393,19,588,rnb1kb1r/pp2pppp/1q3n2/2pp4/3P1B2/8/PPP1PPPP/RN1QKBNR w KQkq -,MODEL_PREDICTION_NOT_EMPIRICAL,after_key,0.0134955551475286,maia3,-160,-196,36,OK,100000
JOB-12,B2,1300,maia3-79m,1,b2b3,b3,0.4249203205108642,0.9582602120935916,0.7416132518911825,332,17,651,rnb1kb1r/pp2pppp/1q3n2/2pp4/3P1B2/8/PPP1PPPP/RN1QKBNR w KQkq -,MODEL_PREDICTION_NOT_EMPIRICAL,after_key,0.4249203205108642,maia3,-166,-247,81,ERROR,100000
JOB-12,B2,1300,maia3-79m,2,d4c5,dxc5,0.1560843735933303,0.9582602120935916,0.7416132518911825,338,17,645,rnb1kb1r/pp2pppp/1q3n2/2pp4/3P1B2/8/PPP1PPPP/RN1QKBNR w KQkq -,MODEL_PREDICTION_NOT_EMPIRICAL,after_key,0.1560843735933303,maia3,-164,-157,0,OK,100000
JOB-12,B2,1300,maia3-79m,3,c2c3,c3,0.1329044103622436,0.9582602120935916,0.7416132518911825,294,17,689,rnb1kb1r/pp2pppp/1q3n2/2pp4/3P1B2/8/PPP1PPPP/RN1QKBNR w KQkq -,MODEL_PREDICTION_NOT_EMPIRICAL,after_key,0.1329044103622436,maia3,-176,-232,56,ERROR,100000
JOB-12,B2,1300,maia3-79m,4,e2e3,e3,0.0667135342955589,0.9582602120935916,0.7416132518911825,349,18,633,rnb1kb1r/pp2pppp/1q3n2/2pp4/3P1B2/8/PPP1PPPP/RN1QKBNR w KQkq -,MODEL_PREDICTION_NOT_EMPIRICAL,after_key,0.0667135342955589,maia3,-151,-159,8,OK,100000
JOB-12,B2,1300,maia3-79m,5,f4c1,Bc1,0.0492906533181667,0.9582602120935916,0.7416132518911825,350,19,631,rnb1kb1r/pp2pppp/1q3n2/2pp4/3P1B2/8/PPP1PPPP/RN1QKBNR w KQkq -,MODEL_PREDICTION_NOT_EMPIRICAL,after_key,0.0492906533181667,maia3,-174,-244,70,ERROR,100000
JOB-12,B2,1300,maia3-79m,6,d1c1,Qc1,0.0436247251927852,0.9582602120935916,0.7416132518911825,359,18,623,rnb1kb1r/pp2pppp/1q3n2/2pp4/3P1B2/8/PPP1PPPP/RN1QKBNR w KQkq -,MODEL_PREDICTION_NOT_EMPIRICAL,after_key,0.0436247251927852,maia3,-185,-239,54,ERROR,100000
JOB-12,B2,1300,maia3-79m,7,g1f3,Nf3,0.0330960899591445,0.9582602120935916,0.7416132518911825,342,18,640,rnb1kb1r/pp2pppp/1q3n2/2pp4/3P1B2/8/PPP1PPPP/RN1QKBNR w KQkq -,MODEL_PREDICTION_NOT_EMPIRICAL,after_key,0.0330960899591445,maia3,-182,-192,10,OK,100000
JOB-12,B2,1300,maia3-79m,8,b1c3,Nc3,0.0245731249451637,0.9582602120935916,0.7416132518911825,336,18,646,rnb1kb1r/pp2pppp/1q3n2/2pp4/3P1B2/8/PPP1PPPP/RN1QKBNR w KQkq -,MODEL_PREDICTION_NOT_EMPIRICAL,after_key,0.0245731249451637,maia3,-179,-384,205,SEVERE_ERROR,100000
JOB-12,B2,1300,maia3-79m,9,b1d2,Nd2,0.0145017532631754,0.9582602120935916,0.7416132518911825,387,19,594,rnb1kb1r/pp2pppp/1q3n2/2pp4/3P1B2/8/PPP1PPPP/RN1QKBNR w KQkq -,MODEL_PREDICTION_NOT_EMPIRICAL,after_key,0.0145017532631754,maia3,-160,-196,36,OK,100000
JOB-12,B2,1300,maia3-79m,10,b1a3,Na3,0.0125512266531586,0.9582602120935916,0.7416132518911825,279,16,705,rnb1kb1r/pp2pppp/1q3n2/2pp4/3P1B2/8/PPP1PPPP/RN1QKBNR w KQkq -,MODEL_PREDICTION_NOT_EMPIRICAL,after_key,0.0125512266531586,maia3,-164,-362,198,SEVERE_ERROR,100000
JOB-12,B2,1500,maia3-79m,1,b2b3,b3,0.3857727944850921,0.9691103920340538,0.764545515145391,324,19,657,rnb1kb1r/pp2pppp/1q3n2/2pp4/3P1B2/8/PPP1PPPP/RN1QKBNR w KQkq -,MODEL_PREDICTION_NOT_EMPIRICAL,after_key,0.3857727944850921,maia3,-166,-247,81,ERROR,100000
JOB-12,B2,1500,maia3-79m,2,d4c5,dxc5,0.2174150198698043,0.9691103920340538,0.764545515145391,320,18,662,rnb1kb1r/pp2pppp/1q3n2/2pp4/3P1B2/8/PPP1PPPP/RN1QKBNR w KQkq -,MODEL_PREDICTION_NOT_EMPIRICAL,after_key,0.2174150198698043,maia3,-164,-157,0,OK,100000
JOB-12,B2,1500,maia3-79m,3,c2c3,c3,0.1007429659366607,0.9691103920340538,0.764545515145391,301,20,679,rnb1kb1r/pp2pppp/1q3n2/2pp4/3P1B2/8/PPP1PPPP/RN1QKBNR w KQkq -,MODEL_PREDICTION_NOT_EMPIRICAL,after_key,0.1007429659366607,maia3,-176,-232,56,ERROR,100000
JOB-12,B2,1500,maia3-79m,4,d1c1,Qc1,0.0629286095499992,0.9691103920340538,0.764545515145391,354,19,627,rnb1kb1r/pp2pppp/1q3n2/2pp4/3P1B2/8/PPP1PPPP/RN1QKBNR w KQkq -,MODEL_PREDICTION_NOT_EMPIRICAL,after_key,0.0629286095499992,maia3,-185,-239,54,ERROR,100000
JOB-12,B2,1500,maia3-79m,5,e2e3,e3,0.0595017038285732,0.9691103920340538,0.764545515145391,350,20,630,rnb1kb1r/pp2pppp/1q3n2/2pp4/3P1B2/8/PPP1PPPP/RN1QKBNR w KQkq -,MODEL_PREDICTION_NOT_EMPIRICAL,after_key,0.0595017038285732,maia3,-151,-159,8,OK,100000
JOB-12,B2,1500,maia3-79m,6,f4c1,Bc1,0.0574985891580581,0.9691103920340538,0.764545515145391,347,20,633,rnb1kb1r/pp2pppp/1q3n2/2pp4/3P1B2/8/PPP1PPPP/RN1QKBNR w KQkq -,MODEL_PREDICTION_NOT_EMPIRICAL,after_key,0.0574985891580581,maia3,-174,-244,70,ERROR,100000
JOB-12,B2,1500,maia3-79m,7,g1f3,Nf3,0.0328055433928966,0.9691103920340538,0.764545515145391,345,19,636,rnb1kb1r/pp2pppp/1q3n2/2pp4/3P1B2/8/PPP1PPPP/RN1QKBNR w KQkq -,MODEL_PREDICTION_NOT_EMPIRICAL,after_key,0.0328055433928966,maia3,-182,-192,10,OK,100000
JOB-12,B2,1500,maia3-79m,8,b1d2,Nd2,0.0192131288349628,0.9691103920340538,0.764545515145391,386,20,594,rnb1kb1r/pp2pppp/1q3n2/2pp4/3P1B2/8/PPP1PPPP/RN1QKBNR w KQkq -,MODEL_PREDICTION_NOT_EMPIRICAL,after_key,0.0192131288349628,maia3,-160,-196,36,OK,100000
JOB-12,B2,1500,maia3-79m,9,b1c3,Nc3,0.0190802346915006,0.9691103920340538,0.764545515145391,332,19,649,rnb1kb1r/pp2pppp/1q3n2/2pp4/3P1B2/8/PPP1PPPP/RN1QKBNR w KQkq -,MODEL_PREDICTION_NOT_EMPIRICAL,after_key,0.0190802346915006,maia3,-179,-384,205,SEVERE_ERROR,100000
JOB-12,B2,1500,maia3-79m,10,f4b8,Bxb8,0.0141518022865057,0.9691103920340538,0.764545515145391,292,20,688,rnb1kb1r/pp2pppp/1q3n2/2pp4/3P1B2/8/PPP1PPPP/RN1QKBNR w KQkq -,MODEL_PREDICTION_NOT_EMPIRICAL,after_key,0.0141518022865057,maia3,-171,-248,77,ERROR,100000
JOB-12,B2,1700,maia3-79m,1,b2b3,b3,0.3190158903598785,0.9767039474099874,0.7755459542464603,318,21,661,rnb1kb1r/pp2pppp/1q3n2/2pp4/3P1B2/8/PPP1PPPP/RN1QKBNR w KQkq -,MODEL_PREDICTION_NOT_EMPIRICAL,after_key,0.3190158903598785,maia3,-166,-247,81,ERROR,100000
JOB-12,B2,1700,maia3-79m,2,d4c5,dxc5,0.2994842827320099,0.9767039474099874,0.7755459542464603,315,20,665,rnb1kb1r/pp2pppp/1q3n2/2pp4/3P1B2/8/PPP1PPPP/RN1QKBNR w KQkq -,MODEL_PREDICTION_NOT_EMPIRICAL,after_key,0.2994842827320099,maia3,-164,-157,0,OK,100000
JOB-12,B2,1700,maia3-79m,3,c2c3,c3,0.0803625509142875,0.9767039474099874,0.7755459542464603,314,23,663,rnb1kb1r/pp2pppp/1q3n2/2pp4/3P1B2/8/PPP1PPPP/RN1QKBNR w KQkq -,MODEL_PREDICTION_NOT_EMPIRICAL,after_key,0.0803625509142875,maia3,-176,-232,56,ERROR,100000
JOB-12,B2,1700,maia3-79m,4,d1c1,Qc1,0.0661050602793693,0.9767039474099874,0.7755459542464603,352,21,627,rnb1kb1r/pp2pppp/1q3n2/2pp4/3P1B2/8/PPP1PPPP/RN1QKBNR w KQkq -,MODEL_PREDICTION_NOT_EMPIRICAL,after_key,0.0661050602793693,maia3,-185,-239,54,ERROR,100000
JOB-12,B2,1700,maia3-79m,5,e2e3,e3,0.0632142275571823,0.9767039474099874,0.7755459542464603,360,24,616,rnb1kb1r/pp2pppp/1q3n2/2pp4/3P1B2/8/PPP1PPPP/RN1QKBNR w KQkq -,MODEL_PREDICTION_NOT_EMPIRICAL,after_key,0.0632142275571823,maia3,-151,-159,8,OK,100000
JOB-12,B2,1700,maia3-79m,6,f4c1,Bc1,0.0574568510055542,0.9767039474099874,0.7755459542464603,344,22,634,rnb1kb1r/pp2pppp/1q3n2/2pp4/3P1B2/8/PPP1PPPP/RN1QKBNR w KQkq -,MODEL_PREDICTION_NOT_EMPIRICAL,after_key,0.0574568510055542,maia3,-174,-244,70,ERROR,100000
JOB-12,B2,1700,maia3-79m,7,g1f3,Nf3,0.0355626530945301,0.9767039474099874,0.7755459542464603,351,23,626,rnb1kb1r/pp2pppp/1q3n2/2pp4/3P1B2/8/PPP1PPPP/RN1QKBNR w KQkq -,MODEL_PREDICTION_NOT_EMPIRICAL,after_key,0.0355626530945301,maia3,-182,-192,10,OK,100000
JOB-12,B2,1700,maia3-79m,8,b1d2,Nd2,0.022745557129383,0.9767039474099874,0.7755459542464603,389,23,588,rnb1kb1r/pp2pppp/1q3n2/2pp4/3P1B2/8/PPP1PPPP/RN1QKBNR w KQkq -,MODEL_PREDICTION_NOT_EMPIRICAL,after_key,0.022745557129383,maia3,-160,-196,36,OK,100000
JOB-12,B2,1700,maia3-79m,9,b1c3,Nc3,0.0174970310181379,0.9767039474099874,0.7755459542464603,346,20,634,rnb1kb1r/pp2pppp/1q3n2/2pp4/3P1B2/8/PPP1PPPP/RN1QKBNR w KQkq -,MODEL_PREDICTION_NOT_EMPIRICAL,after_key,0.0174970310181379,maia3,-179,-384,205,SEVERE_ERROR,100000
JOB-12,B2,1700,maia3-79m,10,f4b8,Bxb8,0.0152598433196544,0.9767039474099874,0.7755459542464603,282,23,695,rnb1kb1r/pp2pppp/1q3n2/2pp4/3P1B2/8/PPP1PPPP/RN1QKBNR w KQkq -,MODEL_PREDICTION_NOT_EMPIRICAL,after_key,0.0152598433196544,maia3,-171,-248,77,ERROR,100000
JOB-12,B2,1900,maia3-79m,1,d4c5,dxc5,0.3991409242153168,0.9837722294032574,0.7567401025713013,320,24,656,rnb1kb1r/pp2pppp/1q3n2/2pp4/3P1B2/8/PPP1PPPP/RN1QKBNR w KQkq -,MODEL_PREDICTION_NOT_EMPIRICAL,after_key,0.3991409242153168,maia3,-164,-157,0,OK,100000
JOB-12,B2,1900,maia3-79m,2,b2b3,b3,0.2423790544271469,0.9837722294032574,0.7567401025713013,302,24,674,rnb1kb1r/pp2pppp/1q3n2/2pp4/3P1B2/8/PPP1PPPP/RN1QKBNR w KQkq -,MODEL_PREDICTION_NOT_EMPIRICAL,after_key,0.2423790544271469,maia3,-166,-247,81,ERROR,100000
JOB-12,B2,1900,maia3-79m,3,e2e3,e3,0.0802095904946327,0.9837722294032574,0.7567401025713013,374,29,597,rnb1kb1r/pp2pppp/1q3n2/2pp4/3P1B2/8/PPP1PPPP/RN1QKBNR w KQkq -,MODEL_PREDICTION_NOT_EMPIRICAL,after_key,0.0802095904946327,maia3,-151,-159,8,OK,100000
JOB-12,B2,1900,maia3-79m,4,c2c3,c3,0.0642359405755996,0.9837722294032574,0.7567401025713013,326,28,646,rnb1kb1r/pp2pppp/1q3n2/2pp4/3P1B2/8/PPP1PPPP/RN1QKBNR w KQkq -,MODEL_PREDICTION_NOT_EMPIRICAL,after_key,0.0642359405755996,maia3,-176,-232,56,ERROR,100000
JOB-12,B2,1900,maia3-79m,5,f4c1,Bc1,0.0520377121865749,0.9837722294032574,0.7567401025713013,333,26,641,rnb1kb1r/pp2pppp/1q3n2/2pp4/3P1B2/8/PPP1PPPP/RN1QKBNR w KQkq -,MODEL_PREDICTION_NOT_EMPIRICAL,after_key,0.0520377121865749,maia3,-174,-244,70,ERROR,100000
JOB-12,B2,1900,maia3-79m,6,d1c1,Qc1,0.0484491847455501,0.9837722294032574,0.7567401025713013,349,25,626,rnb1kb1r/pp2pppp/1q3n2/2pp4/3P1B2/8/PPP1PPPP/RN1QKBNR w KQkq -,MODEL_PREDICTION_NOT_EMPIRICAL,after_key,0.0484491847455501,maia3,-185,-239,54,ERROR,100000
JOB-12,B2,1900,maia3-79m,7,g1f3,Nf3,0.0424836874008178,0.9837722294032574,0.7567401025713013,358,28,614,rnb1kb1r/pp2pppp/1q3n2/2pp4/3P1B2/8/PPP1PPPP/RN1QKBNR w KQkq -,MODEL_PREDICTION_NOT_EMPIRICAL,after_key,0.0424836874008178,maia3,-182,-192,10,OK,100000
JOB-12,B2,1900,maia3-79m,8,b1d2,Nd2,0.0217622090131044,0.9837722294032574,0.7567401025713013,390,27,583,rnb1kb1r/pp2pppp/1q3n2/2pp4/3P1B2/8/PPP1PPPP/RN1QKBNR w KQkq -,MODEL_PREDICTION_NOT_EMPIRICAL,after_key,0.0217622090131044,maia3,-160,-196,36,OK,100000
JOB-12,B2,1900,maia3-79m,9,b1c3,Nc3,0.0165787879377603,0.9837722294032574,0.7567401025713013,365,22,613,rnb1kb1r/pp2pppp/1q3n2/2pp4/3P1B2/8/PPP1PPPP/RN1QKBNR w KQkq -,MODEL_PREDICTION_NOT_EMPIRICAL,after_key,0.0165787879377603,maia3,-179,-384,205,SEVERE_ERROR,100000
JOB-12,B2,1900,maia3-79m,10,f4b8,Bxb8,0.0164951384067535,0.9837722294032574,0.7567401025713013,278,29,693,rnb1kb1r/pp2pppp/1q3n2/2pp4/3P1B2/8/PPP1PPPP/RN1QKBNR w KQkq -,MODEL_PREDICTION_NOT_EMPIRICAL,after_key,0.0164951384067535,maia3,-171,-248,77,ERROR,100000
JOB-12,B2,2100,maia3-79m,1,d4c5,dxc5,0.4892535209655761,0.9873252548277378,0.7112060153315602,334,32,634,rnb1kb1r/pp2pppp/1q3n2/2pp4/3P1B2/8/PPP1PPPP/RN1QKBNR w KQkq -,MODEL_PREDICTION_NOT_EMPIRICAL,after_key,0.4892535209655761,maia3,-164,-157,0,OK,100000
JOB-12,B2,2100,maia3-79m,2,b2b3,b3,0.1640682965517044,0.9873252548277378,0.7112060153315602,285,29,686,rnb1kb1r/pp2pppp/1q3n2/2pp4/3P1B2/8/PPP1PPPP/RN1QKBNR w KQkq -,MODEL_PREDICTION_NOT_EMPIRICAL,after_key,0.1640682965517044,maia3,-166,-247,81,ERROR,100000
JOB-12,B2,2100,maia3-79m,3,e2e3,e3,0.1118940412998199,0.9873252548277378,0.7112060153315602,396,38,566,rnb1kb1r/pp2pppp/1q3n2/2pp4/3P1B2/8/PPP1PPPP/RN1QKBNR w KQkq -,MODEL_PREDICTION_NOT_EMPIRICAL,after_key,0.1118940412998199,maia3,-151,-159,8,OK,100000
JOB-12,B2,2100,maia3-79m,4,g1f3,Nf3,0.0507337860763073,0.9873252548277378,0.7112060153315602,371,36,593,rnb1kb1r/pp2pppp/1q3n2/2pp4/3P1B2/8/PPP1PPPP/RN1QKBNR w KQkq -,MODEL_PREDICTION_NOT_EMPIRICAL,after_key,0.0507337860763073,maia3,-182,-192,10,OK,100000
JOB-12,B2,2100,maia3-79m,5,c2c3,c3,0.0464476384222507,0.9873252548277378,0.7112060153315602,342,36,622,rnb1kb1r/pp2pppp/1q3n2/2pp4/3P1B2/8/PPP1PPPP/RN1QKBNR w KQkq -,MODEL_PREDICTION_NOT_EMPIRICAL,after_key,0.0464476384222507,maia3,-176,-232,56,ERROR,100000
JOB-12,B2,2100,maia3-79m,6,f4c1,Bc1,0.0425524860620498,0.9873252548277378,0.7112060153315602,316,31,653,rnb1kb1r/pp2pppp/1q3n2/2pp4/3P1B2/8/PPP1PPPP/RN1QKBNR w KQkq -,MODEL_PREDICTION_NOT_EMPIRICAL,after_key,0.0425524860620498,maia3,-174,-244,70,ERROR,100000
JOB-12,B2,2100,maia3-79m,7,d1c1,Qc1,0.0272644627839326,0.9873252548277378,0.7112060153315602,348,32,620,rnb1kb1r/pp2pppp/1q3n2/2pp4/3P1B2/8/PPP1PPPP/RN1QKBNR w KQkq -,MODEL_PREDICTION_NOT_EMPIRICAL,after_key,0.0272644627839326,maia3,-185,-239,54,ERROR,100000
JOB-12,B2,2100,maia3-79m,8,b1d2,Nd2,0.0209584049880504,0.9873252548277378,0.7112060153315602,389,35,576,rnb1kb1r/pp2pppp/1q3n2/2pp4/3P1B2/8/PPP1PPPP/RN1QKBNR w KQkq -,MODEL_PREDICTION_NOT_EMPIRICAL,after_key,0.0209584049880504,maia3,-160,-196,36,OK,100000
JOB-12,B2,2100,maia3-79m,9,b1c3,Nc3,0.0186091400682926,0.9873252548277378,0.7112060153315602,380,28,592,rnb1kb1r/pp2pppp/1q3n2/2pp4/3P1B2/8/PPP1PPPP/RN1QKBNR w KQkq -,MODEL_PREDICTION_NOT_EMPIRICAL,after_key,0.0186091400682926,maia3,-179,-384,205,SEVERE_ERROR,100000
JOB-12,B2,2100,maia3-79m,10,f4b8,Bxb8,0.0155434776097536,0.9873252548277378,0.7112060153315602,288,38,674,rnb1kb1r/pp2pppp/1q3n2/2pp4/3P1B2/8/PPP1PPPP/RN1QKBNR w KQkq -,MODEL_PREDICTION_NOT_EMPIRICAL,after_key,0.0155434776097536,maia3,-171,-248,77,ERROR,100000
TOR-10,B2,1100,maia3-79m,1,b2b3,b3,0.5388883352279663,0.9708002666011452,0.6731177291096698,459,19,522,rnb1kb1r/pp2pppp/1q6/2pp4/3PnB2/4PN2/PPP2PPP/RN1QKB1R w KQkq -,MODEL_PREDICTION_NOT_EMPIRICAL,after_key,0.5388883352279663,maia3,-19,-53,34,OK,100000
TOR-10,B2,1100,maia3-79m,2,b1c3,Nc3,0.1260733753442764,0.9708002666011452,0.6731177291096698,439,19,542,rnb1kb1r/pp2pppp/1q6/2pp4/3PnB2/4PN2/PPP2PPP/RN1QKB1R w KQkq -,MODEL_PREDICTION_NOT_EMPIRICAL,after_key,0.1260733753442764,maia3,-12,-10,0,OK,100000
TOR-10,B2,1100,maia3-79m,3,c2c3,c3,0.0669081658124923,0.9708002666011452,0.6731177291096698,323,16,661,rnb1kb1r/pp2pppp/1q6/2pp4/3PnB2/4PN2/PPP2PPP/RN1QKB1R w KQkq -,MODEL_PREDICTION_NOT_EMPIRICAL,after_key,0.0669081658124923,maia3,-10,-184,174,SEVERE_ERROR,100000
TOR-10,B2,1100,maia3-79m,4,f1d3,Bd3,0.060218870639801,0.9708002666011452,0.6731177291096698,434,19,547,rnb1kb1r/pp2pppp/1q6/2pp4/3PnB2/4PN2/PPP2PPP/RN1QKB1R w KQkq -,MODEL_PREDICTION_NOT_EMPIRICAL,after_key,0.060218870639801,maia3,-11,-193,182,SEVERE_ERROR,100000
TOR-10,B2,1100,maia3-79m,5,d1c1,Qc1,0.0472248829901218,0.9708002666011452,0.6731177291096698,489,18,493,rnb1kb1r/pp2pppp/1q6/2pp4/3PnB2/4PN2/PPP2PPP/RN1QKB1R w KQkq -,MODEL_PREDICTION_NOT_EMPIRICAL,after_key,0.0472248829901218,maia3,-8,-54,46,ERROR,100000
TOR-10,B2,1100,maia3-79m,6,b1d2,Nbd2,0.0450143627822399,0.9708002666011452,0.6731177291096698,488,20,492,rnb1kb1r/pp2pppp/1q6/2pp4/3PnB2/4PN2/PPP2PPP/RN1QKB1R w KQkq -,MODEL_PREDICTION_NOT_EMPIRICAL,after_key,0.0450143627822399,maia3,-10,-63,53,ERROR,100000
TOR-10,B2,1100,maia3-79m,7,d4c5,dxc5,0.0393158830702304,0.9708002666011452,0.6731177291096698,442,18,540,rnb1kb1r/pp2pppp/1q6/2pp4/3PnB2/4PN2/PPP2PPP/RN1QKB1R w KQkq -,MODEL_PREDICTION_NOT_EMPIRICAL,after_key,0.0393158830702304,maia3,-9,-42,33,OK,100000
TOR-10,B2,1100,maia3-79m,8,c2c4,c4,0.0188237819820642,0.9708002666011452,0.6731177291096698,343,15,642,rnb1kb1r/pp2pppp/1q6/2pp4/3PnB2/4PN2/PPP2PPP/RN1QKB1R w KQkq -,MODEL_PREDICTION_NOT_EMPIRICAL,after_key,0.0188237819820642,maia3,-15,-135,120,SEVERE_ERROR,100000
TOR-10,B2,1100,maia3-79m,9,b1a3,Na3,0.0176356807351112,0.9708002666011452,0.6731177291096698,398,17,585,rnb1kb1r/pp2pppp/1q6/2pp4/3PnB2/4PN2/PPP2PPP/RN1QKB1R w KQkq -,MODEL_PREDICTION_NOT_EMPIRICAL,after_key,0.0176356807351112,maia3,-12,-220,208,SEVERE_ERROR,100000
TOR-10,B2,1100,maia3-79m,10,f3e5,Ne5,0.0106969280168414,0.9708002666011452,0.6731177291096698,369,16,615,rnb1kb1r/pp2pppp/1q6/2pp4/3PnB2/4PN2/PPP2PPP/RN1QKB1R w KQkq -,MODEL_PREDICTION_NOT_EMPIRICAL,after_key,0.0106969280168414,maia3,-16,-188,172,SEVERE_ERROR,100000
TOR-10,B2,1300,maia3-79m,1,b2b3,b3,0.60960853099823,0.9830485652200878,0.5972612827967719,442,20,538,rnb1kb1r/pp2pppp/1q6/2pp4/3PnB2/4PN2/PPP2PPP/RN1QKB1R w KQkq -,MODEL_PREDICTION_NOT_EMPIRICAL,after_key,0.60960853099823,maia3,-19,-53,34,OK,100000
TOR-10,B2,1300,maia3-79m,2,d1c1,Qc1,0.1023701652884483,0.9830485652200878,0.5972612827967719,478,19,503,rnb1kb1r/pp2pppp/1q6/2pp4/3PnB2/4PN2/PPP2PPP/RN1QKB1R w KQkq -,MODEL_PREDICTION_NOT_EMPIRICAL,after_key,0.1023701652884483,maia3,-8,-54,46,ERROR,100000
TOR-10,B2,1300,maia3-79m,3,b1c3,Nc3,0.0884741023182869,0.9830485652200878,0.5972612827967719,441,19,540,rnb1kb1r/pp2pppp/1q6/2pp4/3PnB2/4PN2/PPP2PPP/RN1QKB1R w KQkq -,MODEL_PREDICTION_NOT_EMPIRICAL,after_key,0.0884741023182869,maia3,-12,-10,0,OK,100000
TOR-10,B2,1300,maia3-79m,4,b1d2,Nbd2,0.0490614734590053,0.9830485652200878,0.5972612827967719,484,20,496,rnb1kb1r/pp2pppp/1q6/2pp4/3PnB2/4PN2/PPP2PPP/RN1QKB1R w KQkq -,MODEL_PREDICTION_NOT_EMPIRICAL,after_key,0.0490614734590053,maia3,-10,-63,53,ERROR,100000
TOR-10,B2,1300,maia3-79m,5,c2c3,c3,0.0411891154944896,0.9830485652200878,0.5972612827967719,316,17,667,rnb1kb1r/pp2pppp/1q6/2pp4/3PnB2/4PN2/PPP2PPP/RN1QKB1R w KQkq -,MODEL_PREDICTION_NOT_EMPIRICAL,after_key,0.0411891154944896,maia3,-10,-184,174,SEVERE_ERROR,100000
TOR-10,B2,1300,maia3-79m,6,d4c5,dxc5,0.0369981005787849,0.9830485652200878,0.5972612827967719,426,18,556,rnb1kb1r/pp2pppp/1q6/2pp4/3PnB2/4PN2/PPP2PPP/RN1QKB1R w KQkq -,MODEL_PREDICTION_NOT_EMPIRICAL,after_key,0.0369981005787849,maia3,-9,-42,33,OK,100000
TOR-10,B2,1300,maia3-79m,7,f1d3,Bd3,0.0307633150368928,0.9830485652200878,0.5972612827967719,442,19,539,rnb1kb1r/pp2pppp/1q6/2pp4/3PnB2/4PN2/PPP2PPP/RN1QKB1R w KQkq -,MODEL_PREDICTION_NOT_EMPIRICAL,after_key,0.0307633150368928,maia3,-11,-193,182,SEVERE_ERROR,100000
TOR-10,B2,1300,maia3-79m,8,b1a3,Na3,0.0096634114161133,0.9830485652200878,0.5972612827967719,371,16,613,rnb1kb1r/pp2pppp/1q6/2pp4/3PnB2/4PN2/PPP2PPP/RN1QKB1R w KQkq -,MODEL_PREDICTION_NOT_EMPIRICAL,after_key,0.0096634114161133,maia3,-12,-220,208,SEVERE_ERROR,100000
TOR-10,B2,1300,maia3-79m,9,c2c4,c4,0.0095960404723882,0.9830485652200878,0.5972612827967719,339,15,646,rnb1kb1r/pp2pppp/1q6/2pp4/3PnB2/4PN2/PPP2PPP/RN1QKB1R w KQkq -,MODEL_PREDICTION_NOT_EMPIRICAL,after_key,0.0095960404723882,maia3,-15,-135,120,SEVERE_ERROR,100000
TOR-10,B2,1300,maia3-79m,10,f4b8,Bxb8,0.005324310157448,0.9830485652200878,0.5972612827967719,397,19,584,rnb1kb1r/pp2pppp/1q6/2pp4/3PnB2/4PN2/PPP2PPP/RN1QKB1R w KQkq -,MODEL_PREDICTION_NOT_EMPIRICAL,after_key,0.005324310157448,maia3,-5,-138,133,SEVERE_ERROR,100000
TOR-10,B2,1500,maia3-79m,1,b2b3,b3,0.5735231041908264,0.9900064091198146,0.5943063683343808,442,22,536,rnb1kb1r/pp2pppp/1q6/2pp4/3PnB2/4PN2/PPP2PPP/RN1QKB1R w KQkq -,MODEL_PREDICTION_NOT_EMPIRICAL,after_key,0.5735231041908264,maia3,-19,-53,34,OK,100000
TOR-10,B2,1500,maia3-79m,2,d1c1,Qc1,0.1862187832593917,0.9900064091198146,0.5943063683343808,475,21,504,rnb1kb1r/pp2pppp/1q6/2pp4/3PnB2/4PN2/PPP2PPP/RN1QKB1R w KQkq -,MODEL_PREDICTION_NOT_EMPIRICAL,after_key,0.1862187832593917,maia3,-8,-54,46,ERROR,100000
TOR-10,B2,1500,maia3-79m,3,b1c3,Nc3,0.0739520117640495,0.9900064091198146,0.5943063683343808,458,21,521,rnb1kb1r/pp2pppp/1q6/2pp4/3PnB2/4PN2/PPP2PPP/RN1QKB1R w KQkq -,MODEL_PREDICTION_NOT_EMPIRICAL,after_key,0.0739520117640495,maia3,-12,-10,0,OK,100000
TOR-10,B2,1500,maia3-79m,4,b1d2,Nbd2,0.0556771866977214,0.9900064091198146,0.5943063683343808,485,22,493,rnb1kb1r/pp2pppp/1q6/2pp4/3PnB2/4PN2/PPP2PPP/RN1QKB1R w KQkq -,MODEL_PREDICTION_NOT_EMPIRICAL,after_key,0.0556771866977214,maia3,-10,-63,53,ERROR,100000
TOR-10,B2,1500,maia3-79m,5,d4c5,dxc5,0.0379292406141757,0.9900064091198146,0.5943063683343808,415,19,566,rnb1kb1r/pp2pppp/1q6/2pp4/3PnB2/4PN2/PPP2PPP/RN1QKB1R w KQkq -,MODEL_PREDICTION_NOT_EMPIRICAL,after_key,0.0379292406141757,maia3,-9,-42,33,OK,100000
TOR-10,B2,1500,maia3-79m,6,c2c3,c3,0.0278728511184453,0.9900064091198146,0.5943063683343808,320,19,661,rnb1kb1r/pp2pppp/1q6/2pp4/3PnB2/4PN2/PPP2PPP/RN1QKB1R w KQkq -,MODEL_PREDICTION_NOT_EMPIRICAL,after_key,0.0278728511184453,maia3,-10,-184,174,SEVERE_ERROR,100000
TOR-10,B2,1500,maia3-79m,7,f1d3,Bd3,0.018073184415698,0.9900064091198146,0.5943063683343808,446,21,533,rnb1kb1r/pp2pppp/1q6/2pp4/3PnB2/4PN2/PPP2PPP/RN1QKB1R w KQkq -,MODEL_PREDICTION_NOT_EMPIRICAL,after_key,0.018073184415698,maia3,-11,-193,182,SEVERE_ERROR,100000
TOR-10,B2,1500,maia3-79m,8,b1a3,Na3,0.0063726515509188,0.9900064091198146,0.5943063683343808,369,17,614,rnb1kb1r/pp2pppp/1q6/2pp4/3PnB2/4PN2/PPP2PPP/RN1QKB1R w KQkq -,MODEL_PREDICTION_NOT_EMPIRICAL,after_key,0.0063726515509188,maia3,-12,-220,208,SEVERE_ERROR,100000
TOR-10,B2,1500,maia3-79m,9,c2c4,c4,0.0059286798350512,0.9900064091198146,0.5943063683343808,347,18,635,rnb1kb1r/pp2pppp/1q6/2pp4/3PnB2/4PN2/PPP2PPP/RN1QKB1R w KQkq -,MODEL_PREDICTION_NOT_EMPIRICAL,after_key,0.0059286798350512,maia3,-15,-135,120,SEVERE_ERROR,100000
TOR-10,B2,1500,maia3-79m,10,f4b8,Bxb8,0.004458715673536,0.9900064091198146,0.5943063683343808,383,21,596,rnb1kb1r/pp2pppp/1q6/2pp4/3PnB2/4PN2/PPP2PPP/RN1QKB1R w KQkq -,MODEL_PREDICTION_NOT_EMPIRICAL,after_key,0.004458715673536,maia3,-5,-138,133,SEVERE_ERROR,100000
TOR-10,B2,1700,maia3-79m,1,b2b3,b3,0.5127859711647034,0.9937098247464746,0.6008000931901517,446,26,528,rnb1kb1r/pp2pppp/1q6/2pp4/3PnB2/4PN2/PPP2PPP/RN1QKB1R w KQkq -,MODEL_PREDICTION_NOT_EMPIRICAL,after_key,0.5127859711647034,maia3,-19,-53,34,OK,100000
TOR-10,B2,1700,maia3-79m,2,d1c1,Qc1,0.2648370862007141,0.9937098247464746,0.6008000931901517,479,25,496,rnb1kb1r/pp2pppp/1q6/2pp4/3PnB2/4PN2/PPP2PPP/RN1QKB1R w KQkq -,MODEL_PREDICTION_NOT_EMPIRICAL,after_key,0.2648370862007141,maia3,-8,-54,46,ERROR,100000
TOR-10,B2,1700,maia3-79m,3,b1c3,Nc3,0.0672655776143074,0.9937098247464746,0.6008000931901517,501,24,475,rnb1kb1r/pp2pppp/1q6/2pp4/3PnB2/4PN2/PPP2PPP/RN1QKB1R w KQkq -,MODEL_PREDICTION_NOT_EMPIRICAL,after_key,0.0672655776143074,maia3,-12,-10,0,OK,100000
TOR-10,B2,1700,maia3-79m,4,b1d2,Nbd2,0.0618549436330795,0.9937098247464746,0.6008000931901517,486,26,488,rnb1kb1r/pp2pppp/1q6/2pp4/3PnB2/4PN2/PPP2PPP/RN1QKB1R w KQkq -,MODEL_PREDICTION_NOT_EMPIRICAL,after_key,0.0618549436330795,maia3,-10,-63,53,ERROR,100000
TOR-10,B2,1700,maia3-79m,5,d4c5,dxc5,0.0409819111227989,0.9937098247464746,0.6008000931901517,414,22,564,rnb1kb1r/pp2pppp/1q6/2pp4/3PnB2/4PN2/PPP2PPP/RN1QKB1R w KQkq -,MODEL_PREDICTION_NOT_EMPIRICAL,after_key,0.0409819111227989,maia3,-9,-42,33,OK,100000
TOR-10,B2,1700,maia3-79m,6,c2c3,c3,0.020421965047717,0.9937098247464746,0.6008000931901517,334,22,644,rnb1kb1r/pp2pppp/1q6/2pp4/3PnB2/4PN2/PPP2PPP/RN1QKB1R w KQkq -,MODEL_PREDICTION_NOT_EMPIRICAL,after_key,0.020421965047717,maia3,-10,-184,174,SEVERE_ERROR,100000
TOR-10,B2,1700,maia3-79m,7,f1d3,Bd3,0.013224727474153,0.9937098247464746,0.6008000931901517,448,24,528,rnb1kb1r/pp2pppp/1q6/2pp4/3PnB2/4PN2/PPP2PPP/RN1QKB1R w KQkq -,MODEL_PREDICTION_NOT_EMPIRICAL,after_key,0.013224727474153,maia3,-11,-193,182,SEVERE_ERROR,100000
TOR-10,B2,1700,maia3-79m,8,b1a3,Na3,0.0045479601249098,0.9937098247464746,0.6008000931901517,393,18,589,rnb1kb1r/pp2pppp/1q6/2pp4/3PnB2/4PN2/PPP2PPP/RN1QKB1R w KQkq -,MODEL_PREDICTION_NOT_EMPIRICAL,after_key,0.0045479601249098,maia3,-12,-220,208,SEVERE_ERROR,100000
TOR-10,B2,1700,maia3-79m,9,f4b8,Bxb8,0.0040000188164412,0.9937098247464746,0.6008000931901517,374,26,600,rnb1kb1r/pp2pppp/1q6/2pp4/3PnB2/4PN2/PPP2PPP/RN1QKB1R w KQkq -,MODEL_PREDICTION_NOT_EMPIRICAL,after_key,0.0040000188164412,maia3,-5,-138,133,SEVERE_ERROR,100000
TOR-10,B2,1700,maia3-79m,10,c2c4,c4,0.0037896635476499,0.9937098247464746,0.6008000931901517,371,21,608,rnb1kb1r/pp2pppp/1q6/2pp4/3PnB2/4PN2/PPP2PPP/RN1QKB1R w KQkq -,MODEL_PREDICTION_NOT_EMPIRICAL,after_key,0.0037896635476499,maia3,-15,-135,120,SEVERE_ERROR,100000
TOR-10,B2,1900,maia3-79m,1,b2b3,b3,0.448742926120758,0.9955456622410566,0.6002000101988979,450,31,519,rnb1kb1r/pp2pppp/1q6/2pp4/3PnB2/4PN2/PPP2PPP/RN1QKB1R w KQkq -,MODEL_PREDICTION_NOT_EMPIRICAL,after_key,0.448742926120758,maia3,-19,-53,34,OK,100000
TOR-10,B2,1900,maia3-79m,2,d1c1,Qc1,0.3357648551464081,0.9955456622410566,0.6002000101988979,489,31,480,rnb1kb1r/pp2pppp/1q6/2pp4/3PnB2/4PN2/PPP2PPP/RN1QKB1R w KQkq -,MODEL_PREDICTION_NOT_EMPIRICAL,after_key,0.3357648551464081,maia3,-8,-54,46,ERROR,100000
TOR-10,B2,1900,maia3-79m,3,b1c3,Nc3,0.0707311034202575,0.9955456622410566,0.6002000101988979,568,29,403,rnb1kb1r/pp2pppp/1q6/2pp4/3PnB2/4PN2/PPP2PPP/RN1QKB1R w KQkq -,MODEL_PREDICTION_NOT_EMPIRICAL,after_key,0.0707311034202575,maia3,-12,-10,0,OK,100000
TOR-10,B2,1900,maia3-79m,4,b1d2,Nbd2,0.0686303004622459,0.9955456622410566,0.6002000101988979,493,32,475,rnb1kb1r/pp2pppp/1q6/2pp4/3PnB2/4PN2/PPP2PPP/RN1QKB1R w KQkq -,MODEL_PREDICTION_NOT_EMPIRICAL,after_key,0.0686303004622459,maia3,-10,-63,53,ERROR,100000
TOR-10,B2,1900,maia3-79m,5,d4c5,dxc5,0.0382461920380592,0.9955456622410566,0.6002000101988979,426,28,546,rnb1kb1r/pp2pppp/1q6/2pp4/3PnB2/4PN2/PPP2PPP/RN1QKB1R w KQkq -,MODEL_PREDICTION_NOT_EMPIRICAL,after_key,0.0382461920380592,maia3,-9,-42,33,OK,100000
TOR-10,B2,1900,maia3-79m,6,c2c3,c3,0.013635748066008,0.9955456622410566,0.6002000101988979,357,28,615,rnb1kb1r/pp2pppp/1q6/2pp4/3PnB2/4PN2/PPP2PPP/RN1QKB1R w KQkq -,MODEL_PREDICTION_NOT_EMPIRICAL,after_key,0.013635748066008,maia3,-10,-184,174,SEVERE_ERROR,100000
TOR-10,B2,1900,maia3-79m,7,f1d3,Bd3,0.0104823447763919,0.9955456622410566,0.6002000101988979,463,30,507,rnb1kb1r/pp2pppp/1q6/2pp4/3PnB2/4PN2/PPP2PPP/RN1QKB1R w KQkq -,MODEL_PREDICTION_NOT_EMPIRICAL,after_key,0.0104823447763919,maia3,-11,-193,182,SEVERE_ERROR,100000
TOR-10,B2,1900,maia3-79m,8,b1a3,Na3,0.003662948263809,0.9955456622410566,0.6002000101988979,447,22,531,rnb1kb1r/pp2pppp/1q6/2pp4/3PnB2/4PN2/PPP2PPP/RN1QKB1R w KQkq -,MODEL_PREDICTION_NOT_EMPIRICAL,after_key,0.003662948263809,maia3,-12,-220,208,SEVERE_ERROR,100000
TOR-10,B2,1900,maia3-79m,9,f4b8,Bxb8,0.0033488061744719,0.9955456622410566,0.6002000101988979,384,33,583,rnb1kb1r/pp2pppp/1q6/2pp4/3PnB2/4PN2/PPP2PPP/RN1QKB1R w KQkq -,MODEL_PREDICTION_NOT_EMPIRICAL,after_key,0.0033488061744719,maia3,-5,-138,133,SEVERE_ERROR,100000
TOR-10,B2,1900,maia3-79m,10,c2c4,c4,0.0023004377726465,0.9955456622410566,0.6002000101988979,405,26,569,rnb1kb1r/pp2pppp/1q6/2pp4/3PnB2/4PN2/PPP2PPP/RN1QKB1R w KQkq -,MODEL_PREDICTION_NOT_EMPIRICAL,after_key,0.0023004377726465,maia3,-15,-135,120,SEVERE_ERROR,100000
TOR-10,B2,2100,maia3-79m,1,d1c1,Qc1,0.3924597501754761,0.9966376771917568,0.6099262858497008,496,40,464,rnb1kb1r/pp2pppp/1q6/2pp4/3PnB2/4PN2/PPP2PPP/RN1QKB1R w KQkq -,MODEL_PREDICTION_NOT_EMPIRICAL,after_key,0.3924597501754761,maia3,-8,-54,46,ERROR,100000
TOR-10,B2,2100,maia3-79m,2,b2b3,b3,0.3596628606319427,0.9966376771917568,0.6099262858497008,454,39,507,rnb1kb1r/pp2pppp/1q6/2pp4/3PnB2/4PN2/PPP2PPP/RN1QKB1R w KQkq -,MODEL_PREDICTION_NOT_EMPIRICAL,after_key,0.3596628606319427,maia3,-19,-53,34,OK,100000
TOR-10,B2,2100,maia3-79m,3,b1c3,Nc3,0.1121081709861755,0.9966376771917568,0.6099262858497008,613,38,349,rnb1kb1r/pp2pppp/1q6/2pp4/3PnB2/4PN2/PPP2PPP/RN1QKB1R w KQkq -,MODEL_PREDICTION_NOT_EMPIRICAL,after_key,0.1121081709861755,maia3,-12,-10,0,OK,100000
TOR-10,B2,2100,maia3-79m,4,b1d2,Nbd2,0.0820244699716568,0.9966376771917568,0.6099262858497008,511,42,447,rnb1kb1r/pp2pppp/1q6/2pp4/3PnB2/4PN2/PPP2PPP/RN1QKB1R w KQkq -,MODEL_PREDICTION_NOT_EMPIRICAL,after_key,0.0820244699716568,maia3,-10,-63,53,ERROR,100000
TOR-10,B2,2100,maia3-79m,5,d4c5,dxc5,0.0271616596728563,0.9966376771917568,0.6099262858497008,464,38,498,rnb1kb1r/pp2pppp/1q6/2pp4/3PnB2/4PN2/PPP2PPP/RN1QKB1R w KQkq -,MODEL_PREDICTION_NOT_EMPIRICAL,after_key,0.0271616596728563,maia3,-9,-42,33,OK,100000
TOR-10,B2,2100,maia3-79m,6,f1d3,Bd3,0.0083012515679001,0.9966376771917568,0.6099262858497008,492,39,469,rnb1kb1r/pp2pppp/1q6/2pp4/3PnB2/4PN2/PPP2PPP/RN1QKB1R w KQkq -,MODEL_PREDICTION_NOT_EMPIRICAL,after_key,0.0083012515679001,maia3,-11,-193,182,SEVERE_ERROR,100000
TOR-10,B2,2100,maia3-79m,7,c2c3,c3,0.0064248000271618,0.9966376771917568,0.6099262858497008,390,36,574,rnb1kb1r/pp2pppp/1q6/2pp4/3PnB2/4PN2/PPP2PPP/RN1QKB1R w KQkq -,MODEL_PREDICTION_NOT_EMPIRICAL,after_key,0.0064248000271618,maia3,-10,-184,174,SEVERE_ERROR,100000
TOR-10,B2,2100,maia3-79m,8,b1a3,Na3,0.004705193452537,0.9966376771917568,0.6099262858497008,503,28,469,rnb1kb1r/pp2pppp/1q6/2pp4/3PnB2/4PN2/PPP2PPP/RN1QKB1R w KQkq -,MODEL_PREDICTION_NOT_EMPIRICAL,after_key,0.004705193452537,maia3,-12,-220,208,SEVERE_ERROR,100000
TOR-10,B2,2100,maia3-79m,9,f4b8,Bxb8,0.0020942823030054,0.9966376771917568,0.6099262858497008,413,46,541,rnb1kb1r/pp2pppp/1q6/2pp4/3PnB2/4PN2/PPP2PPP/RN1QKB1R w KQkq -,MODEL_PREDICTION_NOT_EMPIRICAL,after_key,0.0020942823030054,maia3,-5,-138,133,SEVERE_ERROR,100000
TOR-10,B2,2100,maia3-79m,10,c2c4,c4,0.0016952384030446,0.9966376771917568,0.6099262858497008,443,33,524,rnb1kb1r/pp2pppp/1q6/2pp4/3PnB2/4PN2/PPP2PPP/RN1QKB1R w KQkq -,MODEL_PREDICTION_NOT_EMPIRICAL,after_key,0.0016952384030446,maia3,-15,-135,120,SEVERE_ERROR,100000
LON-01,B3,1100,maia3-79m,1,b1d2,Nbd2,0.4473444819450378,0.9857394611462952,0.7164474257190675,489,41,470,r1b1kb1r/1p2pppp/1pn2n2/3p4/2pP1B2/2P1PN2/PP3PPP/RN2KB1R w KQkq -,MODEL_PREDICTION_NOT_EMPIRICAL,after_key,0.4473444819450378,maia3,-55,-65,10,OK,100000
LON-01,B3,1100,maia3-79m,2,f1e2,Be2,0.1626214683055877,0.9857394611462952,0.7164474257190675,497,42,461,r1b1kb1r/1p2pppp/1pn2n2/3p4/2pP1B2/2P1PN2/PP3PPP/RN2KB1R w KQkq -,MODEL_PREDICTION_NOT_EMPIRICAL,after_key,0.1626214683055877,maia3,-59,-57,0,OK,100000
LON-01,B3,1100,maia3-79m,3,f3e5,Ne5,0.1177898421883583,0.9857394611462952,0.7164474257190675,480,46,474,r1b1kb1r/1p2pppp/1pn2n2/3p4/2pP1B2/2P1PN2/PP3PPP/RN2KB1R w KQkq -,MODEL_PREDICTION_NOT_EMPIRICAL,after_key,0.1177898421883583,maia3,-60,-78,18,OK,100000
LON-01,B3,1100,maia3-79m,4,b1a3,Na3,0.1002271622419357,0.9857394611462952,0.7164474257190675,522,39,439,r1b1kb1r/1p2pppp/1pn2n2/3p4/2pP1B2/2P1PN2/PP3PPP/RN2KB1R w KQkq -,MODEL_PREDICTION_NOT_EMPIRICAL,after_key,0.1002271622419357,maia3,-50,-65,15,OK,100000
LON-01,B3,1100,maia3-79m,5,b2b3,b3,0.0813215523958206,0.9857394611462952,0.7164474257190675,368,40,592,r1b1kb1r/1p2pppp/1pn2n2/3p4/2pP1B2/2P1PN2/PP3PPP/RN2KB1R w KQkq -,MODEL_PREDICTION_NOT_EMPIRICAL,after_key,0.0813215523958206,maia3,-51,-132,81,ERROR,100000
LON-01,B3,1100,maia3-79m,6,a2a3,a3,0.0325236059725284,0.9857394611462952,0.7164474257190675,473,45,482,r1b1kb1r/1p2pppp/1pn2n2/3p4/2pP1B2/2P1PN2/PP3PPP/RN2KB1R w KQkq -,MODEL_PREDICTION_NOT_EMPIRICAL,after_key,0.0325236059725284,maia3,-50,-54,4,OK,100000
LON-01,B3,1100,maia3-79m,7,f4c7,Bc7,0.014605144970119,0.9857394611462952,0.7164474257190675,499,40,461,r1b1kb1r/1p2pppp/1pn2n2/3p4/2pP1B2/2P1PN2/PP3PPP/RN2KB1R w KQkq -,MODEL_PREDICTION_NOT_EMPIRICAL,after_key,0.014605144970119,maia3,-54,-104,50,ERROR,100000
LON-01,B3,1100,maia3-79m,8,a2a4,a4,0.0132267754524946,0.9857394611462952,0.7164474257190675,457,45,498,r1b1kb1r/1p2pppp/1pn2n2/3p4/2pP1B2/2P1PN2/PP3PPP/RN2KB1R w KQkq -,MODEL_PREDICTION_NOT_EMPIRICAL,after_key,0.0132267754524946,maia3,-44,-105,61,ERROR,100000
LON-01,B3,1100,maia3-79m,9,g2g3,g3,0.0084123900160193,0.9857394611462952,0.7164474257190675,482,43,475,r1b1kb1r/1p2pppp/1pn2n2/3p4/2pP1B2/2P1PN2/PP3PPP/RN2KB1R w KQkq -,MODEL_PREDICTION_NOT_EMPIRICAL,after_key,0.0084123900160193,maia3,-49,-74,25,OK,100000
LON-01,B3,1100,maia3-79m,10,b2b4,b4,0.0076670376583933,0.9857394611462952,0.7164474257190675,448,39,513,r1b1kb1r/1p2pppp/1pn2n2/3p4/2pP1B2/2P1PN2/PP3PPP/RN2KB1R w KQkq -,MODEL_PREDICTION_NOT_EMPIRICAL,after_key,0.0076670376583933,maia3,-51,-149,98,ERROR,100000
LON-01,B3,1300,maia3-79m,1,b1d2,Nbd2,0.4732371866703033,0.9905146677047014,0.6923511337668247,466,41,493,r1b1kb1r/1p2pppp/1pn2n2/3p4/2pP1B2/2P1PN2/PP3PPP/RN2KB1R w KQkq -,MODEL_PREDICTION_NOT_EMPIRICAL,after_key,0.4732371866703033,maia3,-55,-65,10,OK,100000
LON-01,B3,1300,maia3-79m,2,f1e2,Be2,0.2010473608970642,0.9905146677047014,0.6923511337668247,477,42,481,r1b1kb1r/1p2pppp/1pn2n2/3p4/2pP1B2/2P1PN2/PP3PPP/RN2KB1R w KQkq -,MODEL_PREDICTION_NOT_EMPIRICAL,after_key,0.2010473608970642,maia3,-59,-57,0,OK,100000
LON-01,B3,1300,maia3-79m,3,f3e5,Ne5,0.0867189541459083,0.9905146677047014,0.6923511337668247,457,46,497,r1b1kb1r/1p2pppp/1pn2n2/3p4/2pP1B2/2P1PN2/PP3PPP/RN2KB1R w KQkq -,MODEL_PREDICTION_NOT_EMPIRICAL,after_key,0.0867189541459083,maia3,-60,-78,18,OK,100000
LON-01,B3,1300,maia3-79m,4,b1a3,Na3,0.0863151550292968,0.9905146677047014,0.6923511337668247,510,38,452,r1b1kb1r/1p2pppp/1pn2n2/3p4/2pP1B2/2P1PN2/PP3PPP/RN2KB1R w KQkq -,MODEL_PREDICTION_NOT_EMPIRICAL,after_key,0.0863151550292968,maia3,-50,-65,15,OK,100000
LON-01,B3,1300,maia3-79m,5,b2b3,b3,0.0585710927844047,0.9905146677047014,0.6923511337668247,342,37,621,r1b1kb1r/1p2pppp/1pn2n2/3p4/2pP1B2/2P1PN2/PP3PPP/RN2KB1R w KQkq -,MODEL_PREDICTION_NOT_EMPIRICAL,after_key,0.0585710927844047,maia3,-51,-132,81,ERROR,100000
LON-01,B3,1300,maia3-79m,6,a2a3,a3,0.0390749983489513,0.9905146677047014,0.6923511337668247,451,44,505,r1b1kb1r/1p2pppp/1pn2n2/3p4/2pP1B2/2P1PN2/PP3PPP/RN2KB1R w KQkq -,MODEL_PREDICTION_NOT_EMPIRICAL,after_key,0.0390749983489513,maia3,-50,-54,4,OK,100000
LON-01,B3,1300,maia3-79m,7,f4c7,Bc7,0.0157410595566034,0.9905146677047014,0.6923511337668247,463,40,497,r1b1kb1r/1p2pppp/1pn2n2/3p4/2pP1B2/2P1PN2/PP3PPP/RN2KB1R w KQkq -,MODEL_PREDICTION_NOT_EMPIRICAL,after_key,0.0157410595566034,maia3,-54,-104,50,ERROR,100000
LON-01,B3,1300,maia3-79m,8,a2a4,a4,0.0145562682300806,0.9905146677047014,0.6923511337668247,435,44,521,r1b1kb1r/1p2pppp/1pn2n2/3p4/2pP1B2/2P1PN2/PP3PPP/RN2KB1R w KQkq -,MODEL_PREDICTION_NOT_EMPIRICAL,after_key,0.0145562682300806,maia3,-44,-105,61,ERROR,100000
LON-01,B3,1300,maia3-79m,9,h2h3,h3,0.0082292109727859,0.9905146677047014,0.6923511337668247,463,42,495,r1b1kb1r/1p2pppp/1pn2n2/3p4/2pP1B2/2P1PN2/PP3PPP/RN2KB1R w KQkq -,MODEL_PREDICTION_NOT_EMPIRICAL,after_key,0.0082292109727859,maia3,-50,-51,1,OK,100000
LON-01,B3,1300,maia3-79m,10,g2g3,g3,0.0070233810693025,0.9905146677047014,0.6923511337668247,467,42,491,r1b1kb1r/1p2pppp/1pn2n2/3p4/2pP1B2/2P1PN2/PP3PPP/RN2KB1R w KQkq -,MODEL_PREDICTION_NOT_EMPIRICAL,after_key,0.0070233810693025,maia3,-49,-74,25,OK,100000
LON-01,B3,1500,maia3-79m,1,b1d2,Nbd2,0.4976568222045898,0.9934776611626148,0.6666588026857744,449,43,508,r1b1kb1r/1p2pppp/1pn2n2/3p4/2pP1B2/2P1PN2/PP3PPP/RN2KB1R w KQkq -,MODEL_PREDICTION_NOT_EMPIRICAL,after_key,0.4976568222045898,maia3,-55,-65,10,OK,100000
LON-01,B3,1500,maia3-79m,2,f1e2,Be2,0.2187912613153457,0.9934776611626148,0.6666588026857744,458,44,498,r1b1kb1r/1p2pppp/1pn2n2/3p4/2pP1B2/2P1PN2/PP3PPP/RN2KB1R w KQkq -,MODEL_PREDICTION_NOT_EMPIRICAL,after_key,0.2187912613153457,maia3,-59,-57,0,OK,100000
LON-01,B3,1500,maia3-79m,3,b1a3,Na3,0.0730104818940162,0.9934776611626148,0.6666588026857744,506,38,456,r1b1kb1r/1p2pppp/1pn2n2/3p4/2pP1B2/2P1PN2/PP3PPP/RN2KB1R w KQkq -,MODEL_PREDICTION_NOT_EMPIRICAL,after_key,0.0730104818940162,maia3,-50,-65,15,OK,100000
LON-01,B3,1500,maia3-79m,4,f3e5,Ne5,0.0630641803145408,0.9934776611626148,0.6666588026857744,436,48,516,r1b1kb1r/1p2pppp/1pn2n2/3p4/2pP1B2/2P1PN2/PP3PPP/RN2KB1R w KQkq -,MODEL_PREDICTION_NOT_EMPIRICAL,after_key,0.0630641803145408,maia3,-60,-78,18,OK,100000
LON-01,B3,1500,maia3-79m,5,a2a3,a3,0.0563157759606838,0.9934776611626148,0.6666588026857744,434,47,519,r1b1kb1r/1p2pppp/1pn2n2/3p4/2pP1B2/2P1PN2/PP3PPP/RN2KB1R w KQkq -,MODEL_PREDICTION_NOT_EMPIRICAL,after_key,0.0563157759606838,maia3,-50,-54,4,OK,100000
LON-01,B3,1500,maia3-79m,6,b2b3,b3,0.0380871370434761,0.9934776611626148,0.6666588026857744,327,38,635,r1b1kb1r/1p2pppp/1pn2n2/3p4/2pP1B2/2P1PN2/PP3PPP/RN2KB1R w KQkq -,MODEL_PREDICTION_NOT_EMPIRICAL,after_key,0.0380871370434761,maia3,-51,-132,81,ERROR,100000
LON-01,B3,1500,maia3-79m,7,a2a4,a4,0.0164052452892065,0.9934776611626148,0.6666588026857744,409,45,546,r1b1kb1r/1p2pppp/1pn2n2/3p4/2pP1B2/2P1PN2/PP3PPP/RN2KB1R w KQkq -,MODEL_PREDICTION_NOT_EMPIRICAL,after_key,0.0164052452892065,maia3,-44,-105,61,ERROR,100000
LON-01,B3,1500,maia3-79m,8,f4c7,Bc7,0.0154185043647885,0.9934776611626148,0.6666588026857744,434,42,524,r1b1kb1r/1p2pppp/1pn2n2/3p4/2pP1B2/2P1PN2/PP3PPP/RN2KB1R w KQkq -,MODEL_PREDICTION_NOT_EMPIRICAL,after_key,0.0154185043647885,maia3,-54,-104,50,ERROR,100000
LON-01,B3,1500,maia3-79m,9,h2h3,h3,0.0095477821305394,0.9934776611626148,0.6666588026857744,443,45,512,r1b1kb1r/1p2pppp/1pn2n2/3p4/2pP1B2/2P1PN2/PP3PPP/RN2KB1R w KQkq -,MODEL_PREDICTION_NOT_EMPIRICAL,after_key,0.0095477821305394,maia3,-50,-51,1,OK,100000
LON-01,B3,1500,maia3-79m,10,g2g3,g3,0.0051804706454277,0.9934776611626148,0.6666588026857744,445,44,511,r1b1kb1r/1p2pppp/1pn2n2/3p4/2pP1B2/2P1PN2/PP3PPP/RN2KB1R w KQkq -,MODEL_PREDICTION_NOT_EMPIRICAL,after_key,0.0051804706454277,maia3,-49,-74,25,OK,100000
LON-01,B3,1700,maia3-79m,1,b1d2,Nbd2,0.5205904245376587,0.9953767301049083,0.6419406554605672,430,48,522,r1b1kb1r/1p2pppp/1pn2n2/3p4/2pP1B2/2P1PN2/PP3PPP/RN2KB1R w KQkq -,MODEL_PREDICTION_NOT_EMPIRICAL,after_key,0.5205904245376587,maia3,-55,-65,10,OK,100000
LON-01,B3,1700,maia3-79m,2,f1e2,Be2,0.2105639427900314,0.9953767301049083,0.6419406554605672,445,49,506,r1b1kb1r/1p2pppp/1pn2n2/3p4/2pP1B2/2P1PN2/PP3PPP/RN2KB1R w KQkq -,MODEL_PREDICTION_NOT_EMPIRICAL,after_key,0.2105639427900314,maia3,-59,-57,0,OK,100000
LON-01,B3,1700,maia3-79m,3,a2a3,a3,0.086280383169651,0.9953767301049083,0.6419406554605672,429,52,519,r1b1kb1r/1p2pppp/1pn2n2/3p4/2pP1B2/2P1PN2/PP3PPP/RN2KB1R w KQkq -,MODEL_PREDICTION_NOT_EMPIRICAL,after_key,0.086280383169651,maia3,-50,-54,4,OK,100000
LON-01,B3,1700,maia3-79m,4,b1a3,Na3,0.0661800950765609,0.9953767301049083,0.6419406554605672,504,43,453,r1b1kb1r/1p2pppp/1pn2n2/3p4/2pP1B2/2P1PN2/PP3PPP/RN2KB1R w KQkq -,MODEL_PREDICTION_NOT_EMPIRICAL,after_key,0.0661800950765609,maia3,-50,-65,15,OK,100000
LON-01,B3,1700,maia3-79m,5,f3e5,Ne5,0.0449235811829566,0.9953767301049083,0.6419406554605672,423,52,525,r1b1kb1r/1p2pppp/1pn2n2/3p4/2pP1B2/2P1PN2/PP3PPP/RN2KB1R w KQkq -,MODEL_PREDICTION_NOT_EMPIRICAL,after_key,0.0449235811829566,maia3,-60,-78,18,OK,100000
LON-01,B3,1700,maia3-79m,6,b2b3,b3,0.0232490375638008,0.9953767301049083,0.6419406554605672,302,41,657,r1b1kb1r/1p2pppp/1pn2n2/3p4/2pP1B2/2P1PN2/PP3PPP/RN2KB1R w KQkq -,MODEL_PREDICTION_NOT_EMPIRICAL,after_key,0.0232490375638008,maia3,-51,-132,81,ERROR,100000
LON-01,B3,1700,maia3-79m,7,a2a4,a4,0.0146769750863313,0.9953767301049083,0.6419406554605672,383,48,569,r1b1kb1r/1p2pppp/1pn2n2/3p4/2pP1B2/2P1PN2/PP3PPP/RN2KB1R w KQkq -,MODEL_PREDICTION_NOT_EMPIRICAL,after_key,0.0146769750863313,maia3,-44,-105,61,ERROR,100000
LON-01,B3,1700,maia3-79m,8,f4c7,Bc7,0.0145018612965941,0.9953767301049083,0.6419406554605672,410,43,547,r1b1kb1r/1p2pppp/1pn2n2/3p4/2pP1B2/2P1PN2/PP3PPP/RN2KB1R w KQkq -,MODEL_PREDICTION_NOT_EMPIRICAL,after_key,0.0145018612965941,maia3,-54,-104,50,ERROR,100000
LON-01,B3,1700,maia3-79m,9,h2h3,h3,0.0110371289774775,0.9953767301049083,0.6419406554605672,429,51,520,r1b1kb1r/1p2pppp/1pn2n2/3p4/2pP1B2/2P1PN2/PP3PPP/RN2KB1R w KQkq -,MODEL_PREDICTION_NOT_EMPIRICAL,after_key,0.0110371289774775,maia3,-50,-51,1,OK,100000
LON-01,B3,1700,maia3-79m,10,g2g3,g3,0.0033733004238456,0.9953767301049083,0.6419406554605672,424,50,526,r1b1kb1r/1p2pppp/1pn2n2/3p4/2pP1B2/2P1PN2/PP3PPP/RN2KB1R w KQkq -,MODEL_PREDICTION_NOT_EMPIRICAL,after_key,0.0033733004238456,maia3,-49,-74,25,OK,100000
LON-01,B3,1900,maia3-79m,1,b1d2,Nbd2,0.5481173992156982,0.9967026093509048,0.6116084139507987,417,54,529,r1b1kb1r/1p2pppp/1pn2n2/3p4/2pP1B2/2P1PN2/PP3PPP/RN2KB1R w KQkq -,MODEL_PREDICTION_NOT_EMPIRICAL,after_key,0.5481173992156982,maia3,-55,-65,10,OK,100000
LON-01,B3,1900,maia3-79m,2,f1e2,Be2,0.1804423183202743,0.9967026093509048,0.6116084139507987,439,54,507,r1b1kb1r/1p2pppp/1pn2n2/3p4/2pP1B2/2P1PN2/PP3PPP/RN2KB1R w KQkq -,MODEL_PREDICTION_NOT_EMPIRICAL,after_key,0.1804423183202743,maia3,-59,-57,0,OK,100000
LON-01,B3,1900,maia3-79m,3,a2a3,a3,0.1122505292296409,0.9967026093509048,0.6116084139507987,429,57,514,r1b1kb1r/1p2pppp/1pn2n2/3p4/2pP1B2/2P1PN2/PP3PPP/RN2KB1R w KQkq -,MODEL_PREDICTION_NOT_EMPIRICAL,after_key,0.1122505292296409,maia3,-50,-54,4,OK,100000
LON-01,B3,1900,maia3-79m,4,b1a3,Na3,0.0744523480534553,0.9967026093509048,0.6116084139507987,501,47,452,r1b1kb1r/1p2pppp/1pn2n2/3p4/2pP1B2/2P1PN2/PP3PPP/RN2KB1R w KQkq -,MODEL_PREDICTION_NOT_EMPIRICAL,after_key,0.0744523480534553,maia3,-50,-65,15,OK,100000
LON-01,B3,1900,maia3-79m,5,f3e5,Ne5,0.0336683802306652,0.9967026093509048,0.6116084139507987,419,58,523,r1b1kb1r/1p2pppp/1pn2n2/3p4/2pP1B2/2P1PN2/PP3PPP/RN2KB1R w KQkq -,MODEL_PREDICTION_NOT_EMPIRICAL,after_key,0.0336683802306652,maia3,-60,-78,18,OK,100000
LON-01,B3,1900,maia3-79m,6,h2h3,h3,0.0130430562421679,0.9967026093509048,0.6116084139507987,424,56,520,r1b1kb1r/1p2pppp/1pn2n2/3p4/2pP1B2/2P1PN2/PP3PPP/RN2KB1R w KQkq -,MODEL_PREDICTION_NOT_EMPIRICAL,after_key,0.0130430562421679,maia3,-50,-51,1,OK,100000
LON-01,B3,1900,maia3-79m,7,b2b3,b3,0.012381063774228,0.9967026093509048,0.6116084139507987,275,41,684,r1b1kb1r/1p2pppp/1pn2n2/3p4/2pP1B2/2P1PN2/PP3PPP/RN2KB1R w KQkq -,MODEL_PREDICTION_NOT_EMPIRICAL,after_key,0.012381063774228,maia3,-51,-132,81,ERROR,100000
LON-01,B3,1900,maia3-79m,8,f4c7,Bc7,0.0116891339421272,0.9967026093509048,0.6116084139507987,398,45,557,r1b1kb1r/1p2pppp/1pn2n2/3p4/2pP1B2/2P1PN2/PP3PPP/RN2KB1R w KQkq -,MODEL_PREDICTION_NOT_EMPIRICAL,after_key,0.0116891339421272,maia3,-54,-104,50,ERROR,100000
LON-01,B3,1900,maia3-79m,9,a2a4,a4,0.0085605205968022,0.9967026093509048,0.6116084139507987,363,50,587,r1b1kb1r/1p2pppp/1pn2n2/3p4/2pP1B2/2P1PN2/PP3PPP/RN2KB1R w KQkq -,MODEL_PREDICTION_NOT_EMPIRICAL,after_key,0.0085605205968022,maia3,-44,-105,61,ERROR,100000
LON-01,B3,1900,maia3-79m,10,g2g3,g3,0.0020978597458451,0.9967026093509048,0.6116084139507987,416,54,530,r1b1kb1r/1p2pppp/1pn2n2/3p4/2pP1B2/2P1PN2/PP3PPP/RN2KB1R w KQkq -,MODEL_PREDICTION_NOT_EMPIRICAL,after_key,0.0020978597458451,maia3,-49,-74,25,OK,100000
LON-01,B3,2100,maia3-79m,1,b1d2,Nbd2,0.5569808483123779,0.9974078964442016,0.5892372592703212,416,63,521,r1b1kb1r/1p2pppp/1pn2n2/3p4/2pP1B2/2P1PN2/PP3PPP/RN2KB1R w KQkq -,MODEL_PREDICTION_NOT_EMPIRICAL,after_key,0.5569808483123779,maia3,-55,-65,10,OK,100000
LON-01,B3,2100,maia3-79m,2,f1e2,Be2,0.1456495076417923,0.9974078964442016,0.5892372592703212,435,64,501,r1b1kb1r/1p2pppp/1pn2n2/3p4/2pP1B2/2P1PN2/PP3PPP/RN2KB1R w KQkq -,MODEL_PREDICTION_NOT_EMPIRICAL,after_key,0.1456495076417923,maia3,-59,-57,0,OK,100000
LON-01,B3,2100,maia3-79m,3,b1a3,Na3,0.1232680976390838,0.9974078964442016,0.5892372592703212,495,55,450,r1b1kb1r/1p2pppp/1pn2n2/3p4/2pP1B2/2P1PN2/PP3PPP/RN2KB1R w KQkq -,MODEL_PREDICTION_NOT_EMPIRICAL,after_key,0.1232680976390838,maia3,-50,-65,15,OK,100000
LON-01,B3,2100,maia3-79m,4,a2a3,a3,0.1140909269452095,0.9974078964442016,0.5892372592703212,433,67,500,r1b1kb1r/1p2pppp/1pn2n2/3p4/2pP1B2/2P1PN2/PP3PPP/RN2KB1R w KQkq -,MODEL_PREDICTION_NOT_EMPIRICAL,after_key,0.1140909269452095,maia3,-50,-54,4,OK,100000
LON-01,B3,2100,maia3-79m,5,f3e5,Ne5,0.0274482835084199,0.9974078964442016,0.5892372592703212,423,67,510,r1b1kb1r/1p2pppp/1pn2n2/3p4/2pP1B2/2P1PN2/PP3PPP/RN2KB1R w KQkq -,MODEL_PREDICTION_NOT_EMPIRICAL,after_key,0.0274482835084199,maia3,-60,-78,18,OK,100000
LON-01,B3,2100,maia3-79m,6,h2h3,h3,0.0142661342397332,0.9974078964442016,0.5892372592703212,422,65,513,r1b1kb1r/1p2pppp/1pn2n2/3p4/2pP1B2/2P1PN2/PP3PPP/RN2KB1R w KQkq -,MODEL_PREDICTION_NOT_EMPIRICAL,after_key,0.0142661342397332,maia3,-50,-51,1,OK,100000
LON-01,B3,2100,maia3-79m,7,b2b3,b3,0.0058330516330897,0.9974078964442016,0.5892372592703212,243,42,715,r1b1kb1r/1p2pppp/1pn2n2/3p4/2pP1B2/2P1PN2/PP3PPP/RN2KB1R w KQkq -,MODEL_PREDICTION_NOT_EMPIRICAL,after_key,0.0058330516330897,maia3,-51,-132,81,ERROR,100000
LON-01,B3,2100,maia3-79m,8,f4c7,Bc7,0.0052086468786001,0.9974078964442016,0.5892372592703212,395,50,555,r1b1kb1r/1p2pppp/1pn2n2/3p4/2pP1B2/2P1PN2/PP3PPP/RN2KB1R w KQkq -,MODEL_PREDICTION_NOT_EMPIRICAL,after_key,0.0052086468786001,maia3,-54,-104,50,ERROR,100000
LON-01,B3,2100,maia3-79m,9,a2a4,a4,0.0033632570412009,0.9974078964442016,0.5892372592703212,360,59,581,r1b1kb1r/1p2pppp/1pn2n2/3p4/2pP1B2/2P1PN2/PP3PPP/RN2KB1R w KQkq -,MODEL_PREDICTION_NOT_EMPIRICAL,after_key,0.0033632570412009,maia3,-44,-105,61,ERROR,100000
LON-01,B3,2100,maia3-79m,10,g2g3,g3,0.0012991426046937,0.9974078964442016,0.5892372592703212,416,63,521,r1b1kb1r/1p2pppp/1pn2n2/3p4/2pP1B2/2P1PN2/PP3PPP/RN2KB1R w KQkq -,MODEL_PREDICTION_NOT_EMPIRICAL,after_key,0.0012991426046937,maia3,-49,-74,25,OK,100000
LON-03,B3,1100,maia3-79m,1,f1e2,Be2,0.355378657579422,0.9722360158339144,0.7597790860231557,462,44,494,r1b1kb1r/1p2pppp/2n2n2/1p1p4/2pP1B2/2P1PN2/PP1N1PPP/R3KB1R w KQkq -,MODEL_PREDICTION_NOT_EMPIRICAL,after_key,0.355378657579422,maia3,-68,-62,0,OK,100000
LON-03,B3,1100,maia3-79m,2,b2b3,b3,0.2088748961687088,0.9722360158339144,0.7597790860231557,421,44,535,r1b1kb1r/1p2pppp/2n2n2/1p1p4/2pP1B2/2P1PN2/PP1N1PPP/R3KB1R w KQkq -,MODEL_PREDICTION_NOT_EMPIRICAL,after_key,0.2088748961687088,maia3,-68,-151,83,ERROR,100000
LON-03,B3,1100,maia3-79m,3,f3e5,Ne5,0.1679868549108505,0.9722360158339144,0.7597790860231557,459,48,493,r1b1kb1r/1p2pppp/2n2n2/1p1p4/2pP1B2/2P1PN2/PP1N1PPP/R3KB1R w KQkq -,MODEL_PREDICTION_NOT_EMPIRICAL,after_key,0.1679868549108505,maia3,-50,-81,31,OK,100000
LON-03,B3,1100,maia3-79m,4,e1c1,O-O-O,0.0721890851855278,0.9722360158339144,0.7597790860231557,326,35,639,r1b1kb1r/1p2pppp/2n2n2/1p1p4/2pP1B2/2P1PN2/PP1N1PPP/R3KB1R w KQkq -,MODEL_PREDICTION_NOT_EMPIRICAL,after_key,0.0721890851855278,maia3,-50,-237,187,SEVERE_ERROR,100000
LON-03,B3,1100,maia3-79m,5,a2a3,a3,0.0561286658048629,0.9722360158339144,0.7597790860231557,449,47,504,r1b1kb1r/1p2pppp/2n2n2/1p1p4/2pP1B2/2P1PN2/PP1N1PPP/R3KB1R w KQkq -,MODEL_PREDICTION_NOT_EMPIRICAL,after_key,0.0561286658048629,maia3,-47,-50,3,OK,100000
LON-03,B3,1100,maia3-79m,6,b2b4,b4,0.0412221103906631,0.9722360158339144,0.7597790860231557,407,43,550,r1b1kb1r/1p2pppp/2n2n2/1p1p4/2pP1B2/2P1PN2/PP1N1PPP/R3KB1R w KQkq -,MODEL_PREDICTION_NOT_EMPIRICAL,after_key,0.0412221103906631,maia3,-46,-133,87,ERROR,100000
LON-03,B3,1100,maia3-79m,7,g2g3,g3,0.0333205945789814,0.9722360158339144,0.7597790860231557,446,44,510,r1b1kb1r/1p2pppp/2n2n2/1p1p4/2pP1B2/2P1PN2/PP1N1PPP/R3KB1R w KQkq -,MODEL_PREDICTION_NOT_EMPIRICAL,after_key,0.0333205945789814,maia3,-49,-76,27,OK,100000
LON-03,B3,1100,maia3-79m,8,h2h3,h3,0.0203383844345808,0.9722360158339144,0.7597790860231557,448,44,508,r1b1kb1r/1p2pppp/2n2n2/1p1p4/2pP1B2/2P1PN2/PP1N1PPP/R3KB1R w KQkq -,MODEL_PREDICTION_NOT_EMPIRICAL,after_key,0.0203383844345808,maia3,-47,-106,59,ERROR,100000
LON-03,B3,1100,maia3-79m,9,e3e4,e4,0.0107690906152129,0.9722360158339144,0.7597790860231557,423,43,534,r1b1kb1r/1p2pppp/2n2n2/1p1p4/2pP1B2/2P1PN2/PP1N1PPP/R3KB1R w KQkq -,MODEL_PREDICTION_NOT_EMPIRICAL,after_key,0.0107690906152129,maia3,-43,-163,120,SEVERE_ERROR,100000
LON-03,B3,1100,maia3-79m,10,a2a4,a4,0.0060276761651039,0.9722360158339144,0.7597790860231557,385,45,570,r1b1kb1r/1p2pppp/2n2n2/1p1p4/2pP1B2/2P1PN2/PP1N1PPP/R3KB1R w KQkq -,MODEL_PREDICTION_NOT_EMPIRICAL,after_key,0.0060276761651039,maia3,-50,-168,118,SEVERE_ERROR,100000
LON-03,B3,1300,maia3-79m,1,f1e2,Be2,0.4506846666336059,0.9770577545277774,0.6856820174407714,443,45,512,r1b1kb1r/1p2pppp/2n2n2/1p1p4/2pP1B2/2P1PN2/PP1N1PPP/R3KB1R w KQkq -,MODEL_PREDICTION_NOT_EMPIRICAL,after_key,0.4506846666336059,maia3,-68,-62,0,OK,100000
LON-03,B3,1300,maia3-79m,2,b2b3,b3,0.188565120100975,0.9770577545277774,0.6856820174407714,391,44,565,r1b1kb1r/1p2pppp/2n2n2/1p1p4/2pP1B2/2P1PN2/PP1N1PPP/R3KB1R w KQkq -,MODEL_PREDICTION_NOT_EMPIRICAL,after_key,0.188565120100975,maia3,-68,-151,83,ERROR,100000
LON-03,B3,1300,maia3-79m,3,f3e5,Ne5,0.1616211682558059,0.9770577545277774,0.6856820174407714,436,49,515,r1b1kb1r/1p2pppp/2n2n2/1p1p4/2pP1B2/2P1PN2/PP1N1PPP/R3KB1R w KQkq -,MODEL_PREDICTION_NOT_EMPIRICAL,after_key,0.1616211682558059,maia3,-50,-81,31,OK,100000
LON-03,B3,1300,maia3-79m,4,a2a3,a3,0.0598563812673091,0.9770577545277774,0.6856820174407714,424,47,529,r1b1kb1r/1p2pppp/2n2n2/1p1p4/2pP1B2/2P1PN2/PP1N1PPP/R3KB1R w KQkq -,MODEL_PREDICTION_NOT_EMPIRICAL,after_key,0.0598563812673091,maia3,-47,-50,3,OK,100000
LON-03,B3,1300,maia3-79m,5,g2g3,g3,0.0319533757865428,0.9770577545277774,0.6856820174407714,428,44,528,r1b1kb1r/1p2pppp/2n2n2/1p1p4/2pP1B2/2P1PN2/PP1N1PPP/R3KB1R w KQkq -,MODEL_PREDICTION_NOT_EMPIRICAL,after_key,0.0319533757865428,maia3,-49,-76,27,OK,100000
LON-03,B3,1300,maia3-79m,6,b2b4,b4,0.0263762343674898,0.9770577545277774,0.6856820174407714,381,42,577,r1b1kb1r/1p2pppp/2n2n2/1p1p4/2pP1B2/2P1PN2/PP1N1PPP/R3KB1R w KQkq -,MODEL_PREDICTION_NOT_EMPIRICAL,after_key,0.0263762343674898,maia3,-46,-133,87,ERROR,100000
LON-03,B3,1300,maia3-79m,7,e1c1,O-O-O,0.0233010202646255,0.9770577545277774,0.6856820174407714,283,33,684,r1b1kb1r/1p2pppp/2n2n2/1p1p4/2pP1B2/2P1PN2/PP1N1PPP/R3KB1R w KQkq -,MODEL_PREDICTION_NOT_EMPIRICAL,after_key,0.0233010202646255,maia3,-50,-237,187,SEVERE_ERROR,100000
LON-03,B3,1300,maia3-79m,8,h2h3,h3,0.0214635320007801,0.9770577545277774,0.6856820174407714,426,44,530,r1b1kb1r/1p2pppp/2n2n2/1p1p4/2pP1B2/2P1PN2/PP1N1PPP/R3KB1R w KQkq -,MODEL_PREDICTION_NOT_EMPIRICAL,after_key,0.0214635320007801,maia3,-47,-106,59,ERROR,100000
LON-03,B3,1300,maia3-79m,9,e3e4,e4,0.0082612242549657,0.9770577545277774,0.6856820174407714,407,43,550,r1b1kb1r/1p2pppp/2n2n2/1p1p4/2pP1B2/2P1PN2/PP1N1PPP/R3KB1R w KQkq -,MODEL_PREDICTION_NOT_EMPIRICAL,after_key,0.0082612242549657,maia3,-43,-163,120,SEVERE_ERROR,100000
LON-03,B3,1300,maia3-79m,10,a2a4,a4,0.0049750315956771,0.9770577545277774,0.6856820174407714,360,46,594,r1b1kb1r/1p2pppp/2n2n2/1p1p4/2pP1B2/2P1PN2/PP1N1PPP/R3KB1R w KQkq -,MODEL_PREDICTION_NOT_EMPIRICAL,after_key,0.0049750315956771,maia3,-50,-168,118,SEVERE_ERROR,100000
LON-03,B3,1500,maia3-79m,1,f1e2,Be2,0.5122439861297607,0.9812782043591142,0.6389750337128436,420,47,533,r1b1kb1r/1p2pppp/2n2n2/1p1p4/2pP1B2/2P1PN2/PP1N1PPP/R3KB1R w KQkq -,MODEL_PREDICTION_NOT_EMPIRICAL,after_key,0.5122439861297607,maia3,-68,-62,0,OK,100000
LON-03,B3,1500,maia3-79m,2,b2b3,b3,0.158253863453865,0.9812782043591142,0.6389750337128436,371,45,584,r1b1kb1r/1p2pppp/2n2n2/1p1p4/2pP1B2/2P1PN2/PP1N1PPP/R3KB1R w KQkq -,MODEL_PREDICTION_NOT_EMPIRICAL,after_key,0.158253863453865,maia3,-68,-151,83,ERROR,100000
LON-03,B3,1500,maia3-79m,3,f3e5,Ne5,0.1459157466888427,0.9812782043591142,0.6389750337128436,420,52,528,r1b1kb1r/1p2pppp/2n2n2/1p1p4/2pP1B2/2P1PN2/PP1N1PPP/R3KB1R w KQkq -,MODEL_PREDICTION_NOT_EMPIRICAL,after_key,0.1459157466888427,maia3,-50,-81,31,OK,100000
LON-03,B3,1500,maia3-79m,4,a2a3,a3,0.074491798877716,0.9812782043591142,0.6389750337128436,399,49,552,r1b1kb1r/1p2pppp/2n2n2/1p1p4/2pP1B2/2P1PN2/PP1N1PPP/R3KB1R w KQkq -,MODEL_PREDICTION_NOT_EMPIRICAL,after_key,0.074491798877716,maia3,-47,-50,3,OK,100000
LON-03,B3,1500,maia3-79m,5,g2g3,g3,0.0287942346185445,0.9812782043591142,0.6389750337128436,408,47,545,r1b1kb1r/1p2pppp/2n2n2/1p1p4/2pP1B2/2P1PN2/PP1N1PPP/R3KB1R w KQkq -,MODEL_PREDICTION_NOT_EMPIRICAL,after_key,0.0287942346185445,maia3,-49,-76,27,OK,100000
LON-03,B3,1500,maia3-79m,6,h2h3,h3,0.0233472101390361,0.9812782043591142,0.6389750337128436,405,47,548,r1b1kb1r/1p2pppp/2n2n2/1p1p4/2pP1B2/2P1PN2/PP1N1PPP/R3KB1R w KQkq -,MODEL_PREDICTION_NOT_EMPIRICAL,after_key,0.0233472101390361,maia3,-47,-106,59,ERROR,100000
LON-03,B3,1500,maia3-79m,7,b2b4,b4,0.0182781685143709,0.9812782043591142,0.6389750337128436,365,43,592,r1b1kb1r/1p2pppp/2n2n2/1p1p4/2pP1B2/2P1PN2/PP1N1PPP/R3KB1R w KQkq -,MODEL_PREDICTION_NOT_EMPIRICAL,after_key,0.0182781685143709,maia3,-46,-133,87,ERROR,100000
LON-03,B3,1500,maia3-79m,8,e3e4,e4,0.0080375066027045,0.9812782043591142,0.6389750337128436,399,45,556,r1b1kb1r/1p2pppp/2n2n2/1p1p4/2pP1B2/2P1PN2/PP1N1PPP/R3KB1R w KQkq -,MODEL_PREDICTION_NOT_EMPIRICAL,after_key,0.0080375066027045,maia3,-43,-163,120,SEVERE_ERROR,100000
LON-03,B3,1500,maia3-79m,9,e1c1,O-O-O,0.0072156931273639,0.9812782043591142,0.6389750337128436,249,32,719,r1b1kb1r/1p2pppp/2n2n2/1p1p4/2pP1B2/2P1PN2/PP1N1PPP/R3KB1R w KQkq -,MODEL_PREDICTION_NOT_EMPIRICAL,after_key,0.0072156931273639,maia3,-50,-237,187,SEVERE_ERROR,100000
LON-03,B3,1500,maia3-79m,10,a2a4,a4,0.0046999962069094,0.9812782043591142,0.6389750337128436,342,48,610,r1b1kb1r/1p2pppp/2n2n2/1p1p4/2pP1B2/2P1PN2/PP1N1PPP/R3KB1R w KQkq -,MODEL_PREDICTION_NOT_EMPIRICAL,after_key,0.0046999962069094,maia3,-50,-168,118,SEVERE_ERROR,100000
LON-03,B3,1700,maia3-79m,1,f1e2,Be2,0.5485168695449829,0.9856971518602222,0.615968942065324,400,52,548,r1b1kb1r/1p2pppp/2n2n2/1p1p4/2pP1B2/2P1PN2/PP1N1PPP/R3KB1R w KQkq -,MODEL_PREDICTION_NOT_EMPIRICAL,after_key,0.5485168695449829,maia3,-68,-62,0,OK,100000
LON-03,B3,1700,maia3-79m,2,f3e5,Ne5,0.1298544853925705,0.9856971518602222,0.615968942065324,405,55,540,r1b1kb1r/1p2pppp/2n2n2/1p1p4/2pP1B2/2P1PN2/PP1N1PPP/R3KB1R w KQkq -,MODEL_PREDICTION_NOT_EMPIRICAL,after_key,0.1298544853925705,maia3,-50,-81,31,OK,100000
LON-03,B3,1700,maia3-79m,3,b2b3,b3,0.1160988211631774,0.9856971518602222,0.615968942065324,356,49,595,r1b1kb1r/1p2pppp/2n2n2/1p1p4/2pP1B2/2P1PN2/PP1N1PPP/R3KB1R w KQkq -,MODEL_PREDICTION_NOT_EMPIRICAL,after_key,0.1160988211631774,maia3,-68,-151,83,ERROR,100000
LON-03,B3,1700,maia3-79m,4,a2a3,a3,0.110482208430767,0.9856971518602222,0.615968942065324,369,53,578,r1b1kb1r/1p2pppp/2n2n2/1p1p4/2pP1B2/2P1PN2/PP1N1PPP/R3KB1R w KQkq -,MODEL_PREDICTION_NOT_EMPIRICAL,after_key,0.110482208430767,maia3,-47,-50,3,OK,100000
LON-03,B3,1700,maia3-79m,5,h2h3,h3,0.0256751328706741,0.9856971518602222,0.615968942065324,388,51,561,r1b1kb1r/1p2pppp/2n2n2/1p1p4/2pP1B2/2P1PN2/PP1N1PPP/R3KB1R w KQkq -,MODEL_PREDICTION_NOT_EMPIRICAL,after_key,0.0256751328706741,maia3,-47,-106,59,ERROR,100000
LON-03,B3,1700,maia3-79m,6,g2g3,g3,0.0228305347263813,0.9856971518602222,0.615968942065324,384,52,564,r1b1kb1r/1p2pppp/2n2n2/1p1p4/2pP1B2/2P1PN2/PP1N1PPP/R3KB1R w KQkq -,MODEL_PREDICTION_NOT_EMPIRICAL,after_key,0.0228305347263813,maia3,-49,-76,27,OK,100000
LON-03,B3,1700,maia3-79m,7,b2b4,b4,0.0151391001418232,0.9856971518602222,0.615968942065324,350,46,604,r1b1kb1r/1p2pppp/2n2n2/1p1p4/2pP1B2/2P1PN2/PP1N1PPP/R3KB1R w KQkq -,MODEL_PREDICTION_NOT_EMPIRICAL,after_key,0.0151391001418232,maia3,-46,-133,87,ERROR,100000
LON-03,B3,1700,maia3-79m,8,e3e4,e4,0.0093177901580929,0.9856971518602222,0.615968942065324,390,49,561,r1b1kb1r/1p2pppp/2n2n2/1p1p4/2pP1B2/2P1PN2/PP1N1PPP/R3KB1R w KQkq -,MODEL_PREDICTION_NOT_EMPIRICAL,after_key,0.0093177901580929,maia3,-43,-163,120,SEVERE_ERROR,100000
LON-03,B3,1700,maia3-79m,9,a2a4,a4,0.0043401103466749,0.9856971518602222,0.615968942065324,329,50,621,r1b1kb1r/1p2pppp/2n2n2/1p1p4/2pP1B2/2P1PN2/PP1N1PPP/R3KB1R w KQkq -,MODEL_PREDICTION_NOT_EMPIRICAL,after_key,0.0043401103466749,maia3,-50,-168,118,SEVERE_ERROR,100000
LON-03,B3,1700,maia3-79m,10,e1e2,Ke2,0.0034420990850776,0.9856971518602222,0.615968942065324,338,47,615,r1b1kb1r/1p2pppp/2n2n2/1p1p4/2pP1B2/2P1PN2/PP1N1PPP/R3KB1R w KQkq -,MODEL_PREDICTION_NOT_EMPIRICAL,after_key,0.0034420990850776,maia3,-50,-151,101,SEVERE_ERROR,100000
LON-03,B3,1900,maia3-79m,1,f1e2,Be2,0.5426620841026306,0.988791511626914,0.6043743171897366,389,57,554,r1b1kb1r/1p2pppp/2n2n2/1p1p4/2pP1B2/2P1PN2/PP1N1PPP/R3KB1R w KQkq -,MODEL_PREDICTION_NOT_EMPIRICAL,after_key,0.5426620841026306,maia3,-68,-62,0,OK,100000
LON-03,B3,1900,maia3-79m,2,a2a3,a3,0.1776657402515411,0.988791511626914,0.6043743171897366,344,57,599,r1b1kb1r/1p2pppp/2n2n2/1p1p4/2pP1B2/2P1PN2/PP1N1PPP/R3KB1R w KQkq -,MODEL_PREDICTION_NOT_EMPIRICAL,after_key,0.1776657402515411,maia3,-47,-50,3,OK,100000
LON-03,B3,1900,maia3-79m,3,f3e5,Ne5,0.1257500499486923,0.988791511626914,0.6043743171897366,392,58,550,r1b1kb1r/1p2pppp/2n2n2/1p1p4/2pP1B2/2P1PN2/PP1N1PPP/R3KB1R w KQkq -,MODEL_PREDICTION_NOT_EMPIRICAL,after_key,0.1257500499486923,maia3,-50,-81,31,OK,100000
LON-03,B3,1900,maia3-79m,4,b2b3,b3,0.0683828070759773,0.988791511626914,0.6043743171897366,342,52,606,r1b1kb1r/1p2pppp/2n2n2/1p1p4/2pP1B2/2P1PN2/PP1N1PPP/R3KB1R w KQkq -,MODEL_PREDICTION_NOT_EMPIRICAL,after_key,0.0683828070759773,maia3,-68,-151,83,ERROR,100000
LON-03,B3,1900,maia3-79m,5,h2h3,h3,0.0277059879153966,0.988791511626914,0.6043743171897366,373,56,571,r1b1kb1r/1p2pppp/2n2n2/1p1p4/2pP1B2/2P1PN2/PP1N1PPP/R3KB1R w KQkq -,MODEL_PREDICTION_NOT_EMPIRICAL,after_key,0.0277059879153966,maia3,-47,-106,59,ERROR,100000
LON-03,B3,1900,maia3-79m,6,g2g3,g3,0.0153474062681198,0.988791511626914,0.6043743171897366,369,56,575,r1b1kb1r/1p2pppp/2n2n2/1p1p4/2pP1B2/2P1PN2/PP1N1PPP/R3KB1R w KQkq -,MODEL_PREDICTION_NOT_EMPIRICAL,after_key,0.0153474062681198,maia3,-49,-76,27,OK,100000
LON-03,B3,1900,maia3-79m,7,b2b4,b4,0.014043228700757,0.988791511626914,0.6043743171897366,339,49,612,r1b1kb1r/1p2pppp/2n2n2/1p1p4/2pP1B2/2P1PN2/PP1N1PPP/R3KB1R w KQkq -,MODEL_PREDICTION_NOT_EMPIRICAL,after_key,0.014043228700757,maia3,-46,-133,87,ERROR,100000
LON-03,B3,1900,maia3-79m,8,e3e4,e4,0.0111223384737968,0.988791511626914,0.6043743171897366,378,52,570,r1b1kb1r/1p2pppp/2n2n2/1p1p4/2pP1B2/2P1PN2/PP1N1PPP/R3KB1R w KQkq -,MODEL_PREDICTION_NOT_EMPIRICAL,after_key,0.0111223384737968,maia3,-43,-163,120,SEVERE_ERROR,100000
LON-03,B3,1900,maia3-79m,9,a2a4,a4,0.0034235776402056,0.988791511626914,0.6043743171897366,316,54,630,r1b1kb1r/1p2pppp/2n2n2/1p1p4/2pP1B2/2P1PN2/PP1N1PPP/R3KB1R w KQkq -,MODEL_PREDICTION_NOT_EMPIRICAL,after_key,0.0034235776402056,maia3,-50,-168,118,SEVERE_ERROR,100000
LON-03,B3,1900,maia3-79m,10,e1e2,Ke2,0.0026882912497967,0.988791511626914,0.6043743171897366,322,50,628,r1b1kb1r/1p2pppp/2n2n2/1p1p4/2pP1B2/2P1PN2/PP1N1PPP/R3KB1R w KQkq -,MODEL_PREDICTION_NOT_EMPIRICAL,after_key,0.0026882912497967,maia3,-50,-151,101,SEVERE_ERROR,100000
LON-03,B3,2100,maia3-79m,1,f1e2,Be2,0.4716196358203888,0.9891190687194468,0.6145240120897606,386,67,547,r1b1kb1r/1p2pppp/2n2n2/1p1p4/2pP1B2/2P1PN2/PP1N1PPP/R3KB1R w KQkq -,MODEL_PREDICTION_NOT_EMPIRICAL,after_key,0.4716196358203888,maia3,-68,-62,0,OK,100000
LON-03,B3,2100,maia3-79m,2,a2a3,a3,0.2527790069580078,0.9891190687194468,0.6145240120897606,331,64,605,r1b1kb1r/1p2pppp/2n2n2/1p1p4/2pP1B2/2P1PN2/PP1N1PPP/R3KB1R w KQkq -,MODEL_PREDICTION_NOT_EMPIRICAL,after_key,0.2527790069580078,maia3,-47,-50,3,OK,100000
LON-03,B3,2100,maia3-79m,3,f3e5,Ne5,0.1534425318241119,0.9891190687194468,0.6145240120897606,389,67,544,r1b1kb1r/1p2pppp/2n2n2/1p1p4/2pP1B2/2P1PN2/PP1N1PPP/R3KB1R w KQkq -,MODEL_PREDICTION_NOT_EMPIRICAL,after_key,0.1534425318241119,maia3,-50,-81,31,OK,100000
LON-03,B3,2100,maia3-79m,4,b2b3,b3,0.0390530824661254,0.9891190687194468,0.6145240120897606,332,58,610,r1b1kb1r/1p2pppp/2n2n2/1p1p4/2pP1B2/2P1PN2/PP1N1PPP/R3KB1R w KQkq -,MODEL_PREDICTION_NOT_EMPIRICAL,after_key,0.0390530824661254,maia3,-68,-151,83,ERROR,100000
LON-03,B3,2100,maia3-79m,5,h2h3,h3,0.0284995660185813,0.9891190687194468,0.6145240120897606,367,66,567,r1b1kb1r/1p2pppp/2n2n2/1p1p4/2pP1B2/2P1PN2/PP1N1PPP/R3KB1R w KQkq -,MODEL_PREDICTION_NOT_EMPIRICAL,after_key,0.0284995660185813,maia3,-47,-106,59,ERROR,100000
LON-03,B3,2100,maia3-79m,6,b2b4,b4,0.0153561048209667,0.9891190687194468,0.6145240120897606,331,57,612,r1b1kb1r/1p2pppp/2n2n2/1p1p4/2pP1B2/2P1PN2/PP1N1PPP/R3KB1R w KQkq -,MODEL_PREDICTION_NOT_EMPIRICAL,after_key,0.0153561048209667,maia3,-46,-133,87,ERROR,100000
LON-03,B3,2100,maia3-79m,7,e3e4,e4,0.0147483982145786,0.9891190687194468,0.6145240120897606,364,58,578,r1b1kb1r/1p2pppp/2n2n2/1p1p4/2pP1B2/2P1PN2/PP1N1PPP/R3KB1R w KQkq -,MODEL_PREDICTION_NOT_EMPIRICAL,after_key,0.0147483982145786,maia3,-43,-163,120,SEVERE_ERROR,100000
LON-03,B3,2100,maia3-79m,8,g2g3,g3,0.0086231008172035,0.9891190687194468,0.6145240120897606,370,65,565,r1b1kb1r/1p2pppp/2n2n2/1p1p4/2pP1B2/2P1PN2/PP1N1PPP/R3KB1R w KQkq -,MODEL_PREDICTION_NOT_EMPIRICAL,after_key,0.0086231008172035,maia3,-49,-76,27,OK,100000
LON-03,B3,2100,maia3-79m,9,f4g5,Bg5,0.0026522860862314,0.9891190687194468,0.6145240120897606,363,63,574,r1b1kb1r/1p2pppp/2n2n2/1p1p4/2pP1B2/2P1PN2/PP1N1PPP/R3KB1R w KQkq -,MODEL_PREDICTION_NOT_EMPIRICAL,after_key,0.0026522860862314,maia3,-47,-142,95,ERROR,100000
LON-03,B3,2100,maia3-79m,10,a2a4,a4,0.0023453556932508,0.9891190687194468,0.6145240120897606,313,62,625,r1b1kb1r/1p2pppp/2n2n2/1p1p4/2pP1B2/2P1PN2/PP1N1PPP/R3KB1R w KQkq -,MODEL_PREDICTION_NOT_EMPIRICAL,after_key,0.0023453556932508,maia3,-50,-168,118,SEVERE_ERROR,100000
LON-05,B3,1100,maia3-79m,1,b1c3,Nc3,0.4263752102851867,0.967418304644525,0.6735042795050161,458,22,520,r3kb1r/pp2pppp/1qn2n2/3p1b2/3P1B2/4PN2/PP3PPP/RNQ1KB1R w KQkq -,MODEL_PREDICTION_NOT_EMPIRICAL,after_key,0.4263752102851867,maia3,-11,-5,0,OK,100000
LON-05,B3,1100,maia3-79m,2,b1d2,Nbd2,0.2737846374511719,0.967418304644525,0.6735042795050161,413,22,565,r3kb1r/pp2pppp/1qn2n2/3p1b2/3P1B2/4PN2/PP3PPP/RNQ1KB1R w KQkq -,MODEL_PREDICTION_NOT_EMPIRICAL,after_key,0.2737846374511719,maia3,-9,-199,190,SEVERE_ERROR,100000
LON-05,B3,1100,maia3-79m,3,f1e2,Be2,0.0980555340647697,0.967418304644525,0.6735042795050161,473,24,503,r3kb1r/pp2pppp/1qn2n2/3p1b2/3P1B2/4PN2/PP3PPP/RNQ1KB1R w KQkq -,MODEL_PREDICTION_NOT_EMPIRICAL,after_key,0.0980555340647697,maia3,-16,-23,7,OK,100000
LON-05,B3,1100,maia3-79m,4,f3e5,Ne5,0.043386910110712,0.967418304644525,0.6735042795050161,412,22,566,r3kb1r/pp2pppp/1qn2n2/3p1b2/3P1B2/4PN2/PP3PPP/RNQ1KB1R w KQkq -,MODEL_PREDICTION_NOT_EMPIRICAL,after_key,0.043386910110712,maia3,-2,-92,90,ERROR,100000
LON-05,B3,1100,maia3-79m,5,a2a3,a3,0.0424635745584964,0.967418304644525,0.6735042795050161,457,22,521,r3kb1r/pp2pppp/1qn2n2/3p1b2/3P1B2/4PN2/PP3PPP/RNQ1KB1R w KQkq -,MODEL_PREDICTION_NOT_EMPIRICAL,after_key,0.0424635745584964,maia3,-8,-52,44,ERROR,100000
LON-05,B3,1100,maia3-79m,6,b1a3,Na3,0.0271461736410856,0.967418304644525,0.6735042795050161,394,22,584,r3kb1r/pp2pppp/1qn2n2/3p1b2/3P1B2/4PN2/PP3PPP/RNQ1KB1R w KQkq -,MODEL_PREDICTION_NOT_EMPIRICAL,after_key,0.0271461736410856,maia3,-4,-308,304,SEVERE_ERROR,100000
LON-05,B3,1100,maia3-79m,7,b2b3,b3,0.0214967671781778,0.967418304644525,0.6735042795050161,400,22,578,r3kb1r/pp2pppp/1qn2n2/3p1b2/3P1B2/4PN2/PP3PPP/RNQ1KB1R w KQkq -,MODEL_PREDICTION_NOT_EMPIRICAL,after_key,0.0214967671781778,maia3,1,-254,255,SEVERE_ERROR,100000
LON-05,B3,1100,maia3-79m,8,f3h4,Nh4,0.0136692589148879,0.967418304644525,0.6735042795050161,476,21,503,r3kb1r/pp2pppp/1qn2n2/3p1b2/3P1B2/4PN2/PP3PPP/RNQ1KB1R w KQkq -,MODEL_PREDICTION_NOT_EMPIRICAL,after_key,0.0136692589148879,maia3,-1,-199,198,SEVERE_ERROR,100000
LON-05,B3,1100,maia3-79m,9,c1d2,Qd2,0.0121595691889524,0.967418304644525,0.6735042795050161,334,19,647,r3kb1r/pp2pppp/1qn2n2/3p1b2/3P1B2/4PN2/PP3PPP/RNQ1KB1R w KQkq -,MODEL_PREDICTION_NOT_EMPIRICAL,after_key,0.0121595691889524,maia3,-5,-241,236,SEVERE_ERROR,100000
LON-05,B3,1100,maia3-79m,10,h2h3,h3,0.0088806692510843,0.967418304644525,0.6735042795050161,421,22,557,r3kb1r/pp2pppp/1qn2n2/3p1b2/3P1B2/4PN2/PP3PPP/RNQ1KB1R w KQkq -,MODEL_PREDICTION_NOT_EMPIRICAL,after_key,0.0088806692510843,maia3,3,-209,212,SEVERE_ERROR,100000
LON-05,B3,1300,maia3-79m,1,b1c3,Nc3,0.4453781843185425,0.9791671796701849,0.6509460732194596,451,23,526,r3kb1r/pp2pppp/1qn2n2/3p1b2/3P1B2/4PN2/PP3PPP/RNQ1KB1R w KQkq -,MODEL_PREDICTION_NOT_EMPIRICAL,after_key,0.4453781843185425,maia3,-11,-5,0,OK,100000
LON-05,B3,1300,maia3-79m,2,b1d2,Nbd2,0.2642631530761719,0.9791671796701849,0.6509460732194596,388,22,590,r3kb1r/pp2pppp/1qn2n2/3p1b2/3P1B2/4PN2/PP3PPP/RNQ1KB1R w KQkq -,MODEL_PREDICTION_NOT_EMPIRICAL,after_key,0.2642631530761719,maia3,-9,-199,190,SEVERE_ERROR,100000
LON-05,B3,1300,maia3-79m,3,f1e2,Be2,0.116152599453926,0.9791671796701849,0.6509460732194596,462,24,514,r3kb1r/pp2pppp/1qn2n2/3p1b2/3P1B2/4PN2/PP3PPP/RNQ1KB1R w KQkq -,MODEL_PREDICTION_NOT_EMPIRICAL,after_key,0.116152599453926,maia3,-16,-23,7,OK,100000
LON-05,B3,1300,maia3-79m,4,a2a3,a3,0.0690570548176765,0.9791671796701849,0.6509460732194596,453,24,523,r3kb1r/pp2pppp/1qn2n2/3p1b2/3P1B2/4PN2/PP3PPP/RNQ1KB1R w KQkq -,MODEL_PREDICTION_NOT_EMPIRICAL,after_key,0.0690570548176765,maia3,-8,-52,44,ERROR,100000
LON-05,B3,1300,maia3-79m,5,f3e5,Ne5,0.0232256911695003,0.9791671796701849,0.6509460732194596,392,22,586,r3kb1r/pp2pppp/1qn2n2/3p1b2/3P1B2/4PN2/PP3PPP/RNQ1KB1R w KQkq -,MODEL_PREDICTION_NOT_EMPIRICAL,after_key,0.0232256911695003,maia3,-2,-92,90,ERROR,100000
LON-05,B3,1300,maia3-79m,6,b1a3,Na3,0.0174543969333171,0.9791671796701849,0.6509460732194596,370,22,608,r3kb1r/pp2pppp/1qn2n2/3p1b2/3P1B2/4PN2/PP3PPP/RNQ1KB1R w KQkq -,MODEL_PREDICTION_NOT_EMPIRICAL,after_key,0.0174543969333171,maia3,-4,-308,304,SEVERE_ERROR,100000
LON-05,B3,1300,maia3-79m,7,b2b3,b3,0.0174216013401746,0.9791671796701849,0.6509460732194596,372,22,606,r3kb1r/pp2pppp/1qn2n2/3p1b2/3P1B2/4PN2/PP3PPP/RNQ1KB1R w KQkq -,MODEL_PREDICTION_NOT_EMPIRICAL,after_key,0.0174216013401746,maia3,1,-254,255,SEVERE_ERROR,100000
LON-05,B3,1300,maia3-79m,8,f3h4,Nh4,0.0110618956387043,0.9791671796701849,0.6509460732194596,474,22,504,r3kb1r/pp2pppp/1qn2n2/3p1b2/3P1B2/4PN2/PP3PPP/RNQ1KB1R w KQkq -,MODEL_PREDICTION_NOT_EMPIRICAL,after_key,0.0110618956387043,maia3,-1,-199,198,SEVERE_ERROR,100000
LON-05,B3,1300,maia3-79m,9,c1d2,Qd2,0.0084975445643067,0.9791671796701849,0.6509460732194596,322,20,658,r3kb1r/pp2pppp/1qn2n2/3p1b2/3P1B2/4PN2/PP3PPP/RNQ1KB1R w KQkq -,MODEL_PREDICTION_NOT_EMPIRICAL,after_key,0.0084975445643067,maia3,-5,-241,236,SEVERE_ERROR,100000
LON-05,B3,1300,maia3-79m,10,a2a4,a4,0.0066550583578646,0.9791671796701849,0.6509460732194596,433,21,546,r3kb1r/pp2pppp/1qn2n2/3p1b2/3P1B2/4PN2/PP3PPP/RNQ1KB1R w KQkq -,MODEL_PREDICTION_NOT_EMPIRICAL,after_key,0.0066550583578646,maia3,3,-110,113,SEVERE_ERROR,100000
LON-05,B3,1500,maia3-79m,1,b1c3,Nc3,0.4521036148071289,0.9870153330266476,0.6322225682710287,449,25,526,r3kb1r/pp2pppp/1qn2n2/3p1b2/3P1B2/4PN2/PP3PPP/RNQ1KB1R w KQkq -,MODEL_PREDICTION_NOT_EMPIRICAL,after_key,0.4521036148071289,maia3,-11,-5,0,OK,100000
LON-05,B3,1500,maia3-79m,2,b1d2,Nbd2,0.2525138854980469,0.9870153330266476,0.6322225682710287,375,24,601,r3kb1r/pp2pppp/1qn2n2/3p1b2/3P1B2/4PN2/PP3PPP/RNQ1KB1R w KQkq -,MODEL_PREDICTION_NOT_EMPIRICAL,after_key,0.2525138854980469,maia3,-9,-199,190,SEVERE_ERROR,100000
LON-05,B3,1500,maia3-79m,3,f1e2,Be2,0.1234811469912529,0.9870153330266476,0.6322225682710287,444,27,529,r3kb1r/pp2pppp/1qn2n2/3p1b2/3P1B2/4PN2/PP3PPP/RNQ1KB1R w KQkq -,MODEL_PREDICTION_NOT_EMPIRICAL,after_key,0.1234811469912529,maia3,-16,-23,7,OK,100000
LON-05,B3,1500,maia3-79m,4,a2a3,a3,0.1035943329334259,0.9870153330266476,0.6322225682710287,450,27,523,r3kb1r/pp2pppp/1qn2n2/3p1b2/3P1B2/4PN2/PP3PPP/RNQ1KB1R w KQkq -,MODEL_PREDICTION_NOT_EMPIRICAL,after_key,0.1035943329334259,maia3,-8,-52,44,ERROR,100000
LON-05,B3,1500,maia3-79m,5,b2b3,b3,0.0131317880004644,0.9870153330266476,0.6322225682710287,348,24,628,r3kb1r/pp2pppp/1qn2n2/3p1b2/3P1B2/4PN2/PP3PPP/RNQ1KB1R w KQkq -,MODEL_PREDICTION_NOT_EMPIRICAL,after_key,0.0131317880004644,maia3,1,-254,255,SEVERE_ERROR,100000
LON-05,B3,1500,maia3-79m,6,f3e5,Ne5,0.0116100003942847,0.9870153330266476,0.6322225682710287,378,24,598,r3kb1r/pp2pppp/1qn2n2/3p1b2/3P1B2/4PN2/PP3PPP/RNQ1KB1R w KQkq -,MODEL_PREDICTION_NOT_EMPIRICAL,after_key,0.0116100003942847,maia3,-2,-92,90,ERROR,100000
LON-05,B3,1500,maia3-79m,7,b1a3,Na3,0.0113736139610409,0.9870153330266476,0.6322225682710287,352,23,625,r3kb1r/pp2pppp/1qn2n2/3p1b2/3P1B2/4PN2/PP3PPP/RNQ1KB1R w KQkq -,MODEL_PREDICTION_NOT_EMPIRICAL,after_key,0.0113736139610409,maia3,-4,-308,304,SEVERE_ERROR,100000
LON-05,B3,1500,maia3-79m,8,f3h4,Nh4,0.0082436595112085,0.9870153330266476,0.6322225682710287,465,24,511,r3kb1r/pp2pppp/1qn2n2/3p1b2/3P1B2/4PN2/PP3PPP/RNQ1KB1R w KQkq -,MODEL_PREDICTION_NOT_EMPIRICAL,after_key,0.0082436595112085,maia3,-1,-199,198,SEVERE_ERROR,100000
LON-05,B3,1500,maia3-79m,9,c1d2,Qd2,0.0058179441839456,0.9870153330266476,0.6322225682710287,323,22,655,r3kb1r/pp2pppp/1qn2n2/3p1b2/3P1B2/4PN2/PP3PPP/RNQ1KB1R w KQkq -,MODEL_PREDICTION_NOT_EMPIRICAL,after_key,0.0058179441839456,maia3,-5,-241,236,SEVERE_ERROR,100000
LON-05,B3,1500,maia3-79m,10,h2h3,h3,0.0051453467458486,0.9870153330266476,0.6322225682710287,395,25,580,r3kb1r/pp2pppp/1qn2n2/3p1b2/3P1B2/4PN2/PP3PPP/RNQ1KB1R w KQkq -,MODEL_PREDICTION_NOT_EMPIRICAL,after_key,0.0051453467458486,maia3,3,-209,212,SEVERE_ERROR,100000
LON-05,B3,1700,maia3-79m,1,b1c3,Nc3,0.4534640908241272,0.9925642851740122,0.6205064595659724,444,29,527,r3kb1r/pp2pppp/1qn2n2/3p1b2/3P1B2/4PN2/PP3PPP/RNQ1KB1R w KQkq -,MODEL_PREDICTION_NOT_EMPIRICAL,after_key,0.4534640908241272,maia3,-11,-5,0,OK,100000
LON-05,B3,1700,maia3-79m,2,b1d2,Nbd2,0.2278147786855697,0.9925642851740122,0.6205064595659724,366,28,606,r3kb1r/pp2pppp/1qn2n2/3p1b2/3P1B2/4PN2/PP3PPP/RNQ1KB1R w KQkq -,MODEL_PREDICTION_NOT_EMPIRICAL,after_key,0.2278147786855697,maia3,-9,-199,190,SEVERE_ERROR,100000
LON-05,B3,1700,maia3-79m,3,a2a3,a3,0.1558039784431457,0.9925642851740122,0.6205064595659724,442,31,527,r3kb1r/pp2pppp/1qn2n2/3p1b2/3P1B2/4PN2/PP3PPP/RNQ1KB1R w KQkq -,MODEL_PREDICTION_NOT_EMPIRICAL,after_key,0.1558039784431457,maia3,-8,-52,44,ERROR,100000
LON-05,B3,1700,maia3-79m,4,f1e2,Be2,0.1170122846961021,0.9925642851740122,0.6205064595659724,425,31,544,r3kb1r/pp2pppp/1qn2n2/3p1b2/3P1B2/4PN2/PP3PPP/RNQ1KB1R w KQkq -,MODEL_PREDICTION_NOT_EMPIRICAL,after_key,0.1170122846961021,maia3,-16,-23,7,OK,100000
LON-05,B3,1700,maia3-79m,5,b2b3,b3,0.0090908389538526,0.9925642851740122,0.6205064595659724,328,26,646,r3kb1r/pp2pppp/1qn2n2/3p1b2/3P1B2/4PN2/PP3PPP/RNQ1KB1R w KQkq -,MODEL_PREDICTION_NOT_EMPIRICAL,after_key,0.0090908389538526,maia3,1,-254,255,SEVERE_ERROR,100000
LON-05,B3,1700,maia3-79m,6,b1a3,Na3,0.008885383605957,0.9925642851740122,0.6205064595659724,338,25,637,r3kb1r/pp2pppp/1qn2n2/3p1b2/3P1B2/4PN2/PP3PPP/RNQ1KB1R w KQkq -,MODEL_PREDICTION_NOT_EMPIRICAL,after_key,0.008885383605957,maia3,-4,-308,304,SEVERE_ERROR,100000
LON-05,B3,1700,maia3-79m,7,f3h4,Nh4,0.0063983756117522,0.9925642851740122,0.6205064595659724,455,27,518,r3kb1r/pp2pppp/1qn2n2/3p1b2/3P1B2/4PN2/PP3PPP/RNQ1KB1R w KQkq -,MODEL_PREDICTION_NOT_EMPIRICAL,after_key,0.0063983756117522,maia3,-1,-199,198,SEVERE_ERROR,100000
LON-05,B3,1700,maia3-79m,8,f3e5,Ne5,0.0055181859061121,0.9925642851740122,0.6205064595659724,365,27,608,r3kb1r/pp2pppp/1qn2n2/3p1b2/3P1B2/4PN2/PP3PPP/RNQ1KB1R w KQkq -,MODEL_PREDICTION_NOT_EMPIRICAL,after_key,0.0055181859061121,maia3,-2,-92,90,ERROR,100000
LON-05,B3,1700,maia3-79m,9,c1d2,Qd2,0.0045903651043772,0.9925642851740122,0.6205064595659724,329,26,645,r3kb1r/pp2pppp/1qn2n2/3p1b2/3P1B2/4PN2/PP3PPP/RNQ1KB1R w KQkq -,MODEL_PREDICTION_NOT_EMPIRICAL,after_key,0.0045903651043772,maia3,-5,-241,236,SEVERE_ERROR,100000
LON-05,B3,1700,maia3-79m,10,h2h3,h3,0.0039860033430159,0.9925642851740122,0.6205064595659724,383,28,589,r3kb1r/pp2pppp/1qn2n2/3p1b2/3P1B2/4PN2/PP3PPP/RNQ1KB1R w KQkq -,MODEL_PREDICTION_NOT_EMPIRICAL,after_key,0.0039860033430159,maia3,3,-209,212,SEVERE_ERROR,100000
LON-05,B3,1900,maia3-79m,1,b1c3,Nc3,0.4770883321762085,0.9961006005760282,0.5933917582442039,441,35,524,r3kb1r/pp2pppp/1qn2n2/3p1b2/3P1B2/4PN2/PP3PPP/RNQ1KB1R w KQkq -,MODEL_PREDICTION_NOT_EMPIRICAL,after_key,0.4770883321762085,maia3,-11,-5,0,OK,100000
LON-05,B3,1900,maia3-79m,2,a2a3,a3,0.2204215973615646,0.9961006005760282,0.5933917582442039,431,37,532,r3kb1r/pp2pppp/1qn2n2/3p1b2/3P1B2/4PN2/PP3PPP/RNQ1KB1R w KQkq -,MODEL_PREDICTION_NOT_EMPIRICAL,after_key,0.2204215973615646,maia3,-8,-52,44,ERROR,100000
LON-05,B3,1900,maia3-79m,3,b1d2,Nbd2,0.1740093529224395,0.9961006005760282,0.5933917582442039,356,32,612,r3kb1r/pp2pppp/1qn2n2/3p1b2/3P1B2/4PN2/PP3PPP/RNQ1KB1R w KQkq -,MODEL_PREDICTION_NOT_EMPIRICAL,after_key,0.1740093529224395,maia3,-9,-199,190,SEVERE_ERROR,100000
LON-05,B3,1900,maia3-79m,4,f1e2,Be2,0.095645435154438,0.9961006005760282,0.5933917582442039,412,38,550,r3kb1r/pp2pppp/1qn2n2/3p1b2/3P1B2/4PN2/PP3PPP/RNQ1KB1R w KQkq -,MODEL_PREDICTION_NOT_EMPIRICAL,after_key,0.095645435154438,maia3,-16,-23,7,OK,100000
LON-05,B3,1900,maia3-79m,5,b1a3,Na3,0.0093119125813245,0.9961006005760282,0.5933917582442039,327,28,645,r3kb1r/pp2pppp/1qn2n2/3p1b2/3P1B2/4PN2/PP3PPP/RNQ1KB1R w KQkq -,MODEL_PREDICTION_NOT_EMPIRICAL,after_key,0.0093119125813245,maia3,-4,-308,304,SEVERE_ERROR,100000
LON-05,B3,1900,maia3-79m,6,f3h4,Nh4,0.0058600595220923,0.9961006005760282,0.5933917582442039,445,32,523,r3kb1r/pp2pppp/1qn2n2/3p1b2/3P1B2/4PN2/PP3PPP/RNQ1KB1R w KQkq -,MODEL_PREDICTION_NOT_EMPIRICAL,after_key,0.0058600595220923,maia3,-1,-199,198,SEVERE_ERROR,100000
LON-05,B3,1900,maia3-79m,7,b2b3,b3,0.0049907104112207,0.9961006005760282,0.5933917582442039,304,29,667,r3kb1r/pp2pppp/1qn2n2/3p1b2/3P1B2/4PN2/PP3PPP/RNQ1KB1R w KQkq -,MODEL_PREDICTION_NOT_EMPIRICAL,after_key,0.0049907104112207,maia3,1,-254,255,SEVERE_ERROR,100000
LON-05,B3,1900,maia3-79m,8,c1d2,Qd2,0.0036595575511455,0.9961006005760282,0.5933917582442039,333,32,635,r3kb1r/pp2pppp/1qn2n2/3p1b2/3P1B2/4PN2/PP3PPP/RNQ1KB1R w KQkq -,MODEL_PREDICTION_NOT_EMPIRICAL,after_key,0.0036595575511455,maia3,-5,-241,236,SEVERE_ERROR,100000
LON-05,B3,1900,maia3-79m,9,f3e5,Ne5,0.0026440375950187,0.9961006005760282,0.5933917582442039,359,32,609,r3kb1r/pp2pppp/1qn2n2/3p1b2/3P1B2/4PN2/PP3PPP/RNQ1KB1R w KQkq -,MODEL_PREDICTION_NOT_EMPIRICAL,after_key,0.0026440375950187,maia3,-2,-92,90,ERROR,100000
LON-05,B3,1900,maia3-79m,10,h2h3,h3,0.0024696053005754,0.9961006005760282,0.5933917582442039,375,35,590,r3kb1r/pp2pppp/1qn2n2/3p1b2/3P1B2/4PN2/PP3PPP/RNQ1KB1R w KQkq -,MODEL_PREDICTION_NOT_EMPIRICAL,after_key,0.0024696053005754,maia3,3,-209,212,SEVERE_ERROR,100000
LON-05,B3,2100,maia3-79m,1,b1c3,Nc3,0.5573242902755737,0.9979694243520498,0.5293264228685765,438,44,518,r3kb1r/pp2pppp/1qn2n2/3p1b2/3P1B2/4PN2/PP3PPP/RNQ1KB1R w KQkq -,MODEL_PREDICTION_NOT_EMPIRICAL,after_key,0.5573242902755737,maia3,-11,-5,0,OK,100000
LON-05,B3,2100,maia3-79m,2,a2a3,a3,0.2459708899259567,0.9979694243520498,0.5293264228685765,429,48,523,r3kb1r/pp2pppp/1qn2n2/3p1b2/3P1B2/4PN2/PP3PPP/RNQ1KB1R w KQkq -,MODEL_PREDICTION_NOT_EMPIRICAL,after_key,0.2459708899259567,maia3,-8,-52,44,ERROR,100000
LON-05,B3,2100,maia3-79m,3,b1d2,Nbd2,0.0985380783677101,0.9979694243520498,0.5293264228685765,343,40,617,r3kb1r/pp2pppp/1qn2n2/3p1b2/3P1B2/4PN2/PP3PPP/RNQ1KB1R w KQkq -,MODEL_PREDICTION_NOT_EMPIRICAL,after_key,0.0985380783677101,maia3,-9,-199,190,SEVERE_ERROR,100000
LON-05,B3,2100,maia3-79m,4,f1e2,Be2,0.0700354129076004,0.9979694243520498,0.5293264228685765,413,49,538,r3kb1r/pp2pppp/1qn2n2/3p1b2/3P1B2/4PN2/PP3PPP/RNQ1KB1R w KQkq -,MODEL_PREDICTION_NOT_EMPIRICAL,after_key,0.0700354129076004,maia3,-16,-23,7,OK,100000
LON-05,B3,2100,maia3-79m,5,b1a3,Na3,0.0106889624148607,0.9979694243520498,0.5293264228685765,314,33,653,r3kb1r/pp2pppp/1qn2n2/3p1b2/3P1B2/4PN2/PP3PPP/RNQ1KB1R w KQkq -,MODEL_PREDICTION_NOT_EMPIRICAL,after_key,0.0106889624148607,maia3,-4,-308,304,SEVERE_ERROR,100000
LON-05,B3,2100,maia3-79m,6,f3h4,Nh4,0.0079989777877926,0.9979694243520498,0.5293264228685765,442,41,517,r3kb1r/pp2pppp/1qn2n2/3p1b2/3P1B2/4PN2/PP3PPP/RNQ1KB1R w KQkq -,MODEL_PREDICTION_NOT_EMPIRICAL,after_key,0.0079989777877926,maia3,-1,-199,198,SEVERE_ERROR,100000
LON-05,B3,2100,maia3-79m,7,c1d2,Qd2,0.0026021881494671,0.9979694243520498,0.5293264228685765,336,41,623,r3kb1r/pp2pppp/1qn2n2/3p1b2/3P1B2/4PN2/PP3PPP/RNQ1KB1R w KQkq -,MODEL_PREDICTION_NOT_EMPIRICAL,after_key,0.0026021881494671,maia3,-5,-241,236,SEVERE_ERROR,100000
LON-05,B3,2100,maia3-79m,8,b2b3,b3,0.0019472304265946,0.9979694243520498,0.5293264228685765,287,35,678,r3kb1r/pp2pppp/1qn2n2/3p1b2/3P1B2/4PN2/PP3PPP/RNQ1KB1R w KQkq -,MODEL_PREDICTION_NOT_EMPIRICAL,after_key,0.0019472304265946,maia3,1,-254,255,SEVERE_ERROR,100000
LON-05,B3,2100,maia3-79m,9,f3e5,Ne5,0.0017215134575963,0.9979694243520498,0.5293264228685765,363,42,595,r3kb1r/pp2pppp/1qn2n2/3p1b2/3P1B2/4PN2/PP3PPP/RNQ1KB1R w KQkq -,MODEL_PREDICTION_NOT_EMPIRICAL,after_key,0.0017215134575963,maia3,-2,-92,90,ERROR,100000
LON-05,B3,2100,maia3-79m,10,h2h3,h3,0.0011418806388974,0.9979694243520498,0.5293264228685765,374,46,580,r3kb1r/pp2pppp/1qn2n2/3p1b2/3P1B2/4PN2/PP3PPP/RNQ1KB1R w KQkq -,MODEL_PREDICTION_NOT_EMPIRICAL,after_key,0.0011418806388974,maia3,3,-209,212,SEVERE_ERROR,100000
JOB-11,B3,1100,maia3-79m,1,d4c5,dxc5,0.6784879565238953,0.9928978187963368,0.469081253520708,403,26,571,1rbqkb1r/pp2pppp/5n2/2pp4/3P4/2N5/PPP1PPPP/R2QKBNR w KQk -,MODEL_PREDICTION_NOT_EMPIRICAL,after_key,0.6784879565238953,maia3,-89,-161,72,ERROR,100000
JOB-11,B3,1100,maia3-79m,2,e2e3,e3,0.1666141152381897,0.9928978187963368,0.469081253520708,468,27,505,1rbqkb1r/pp2pppp/5n2/2pp4/3P4/2N5/PPP1PPPP/R2QKBNR w KQk -,MODEL_PREDICTION_NOT_EMPIRICAL,after_key,0.1666141152381897,maia3,-88,-83,0,OK,100000
JOB-11,B3,1100,maia3-79m,3,g1f3,Nf3,0.0664059892296791,0.9928978187963368,0.469081253520708,461,27,512,1rbqkb1r/pp2pppp/5n2/2pp4/3P4/2N5/PPP1PPPP/R2QKBNR w KQk -,MODEL_PREDICTION_NOT_EMPIRICAL,after_key,0.0664059892296791,maia3,-88,-104,16,OK,100000
JOB-11,B3,1100,maia3-79m,4,c3b5,Nb5,0.0318346060812473,0.9928978187963368,0.469081253520708,353,23,624,1rbqkb1r/pp2pppp/5n2/2pp4/3P4/2N5/PPP1PPPP/R2QKBNR w KQk -,MODEL_PREDICTION_NOT_EMPIRICAL,after_key,0.0318346060812473,maia3,-82,-288,206,SEVERE_ERROR,100000
JOB-11,B3,1100,maia3-79m,5,d1d3,Qd3,0.015948262065649,0.9928978187963368,0.469081253520708,395,23,582,1rbqkb1r/pp2pppp/5n2/2pp4/3P4/2N5/PPP1PPPP/R2QKBNR w KQk -,MODEL_PREDICTION_NOT_EMPIRICAL,after_key,0.015948262065649,maia3,-90,-163,73,ERROR,100000
JOB-11,B3,1100,maia3-79m,6,d1d2,Qd2,0.0105928145349025,0.9928978187963368,0.469081253520708,407,24,569,1rbqkb1r/pp2pppp/5n2/2pp4/3P4/2N5/PPP1PPPP/R2QKBNR w KQk -,MODEL_PREDICTION_NOT_EMPIRICAL,after_key,0.0105928145349025,maia3,-83,-124,41,ERROR,100000
JOB-11,B3,1100,maia3-79m,7,e2e4,e4,0.0102886082604527,0.9928978187963368,0.469081253520708,402,27,571,1rbqkb1r/pp2pppp/5n2/2pp4/3P4/2N5/PPP1PPPP/R2QKBNR w KQk -,MODEL_PREDICTION_NOT_EMPIRICAL,after_key,0.0102886082604527,maia3,-84,-129,45,ERROR,100000
JOB-11,B3,1100,maia3-79m,8,f2f3,f3,0.0077509032562375,0.9928978187963368,0.469081253520708,405,26,569,1rbqkb1r/pp2pppp/5n2/2pp4/3P4/2N5/PPP1PPPP/R2QKBNR w KQk -,MODEL_PREDICTION_NOT_EMPIRICAL,after_key,0.0077509032562375,maia3,-84,-177,93,ERROR,100000
JOB-11,B3,1100,maia3-79m,9,g2g3,g3,0.0032748947851359,0.9928978187963368,0.469081253520708,423,26,551,1rbqkb1r/pp2pppp/5n2/2pp4/3P4/2N5/PPP1PPPP/R2QKBNR w KQk -,MODEL_PREDICTION_NOT_EMPIRICAL,after_key,0.0032748947851359,maia3,-82,-178,96,ERROR,100000
JOB-11,B3,1100,maia3-79m,10,c3a4,Na4,0.0016996688209474,0.9928978187963368,0.469081253520708,358,24,618,1rbqkb1r/pp2pppp/5n2/2pp4/3P4/2N5/PPP1PPPP/R2QKBNR w KQk -,MODEL_PREDICTION_NOT_EMPIRICAL,after_key,0.0016996688209474,maia3,-86,-195,109,SEVERE_ERROR,100000
JOB-11,B3,1300,maia3-79m,1,d4c5,dxc5,0.6345943808555603,0.9933408237993716,0.4928099663646948,402,26,572,1rbqkb1r/pp2pppp/5n2/2pp4/3P4/2N5/PPP1PPPP/R2QKBNR w KQk -,MODEL_PREDICTION_NOT_EMPIRICAL,after_key,0.6345943808555603,maia3,-89,-161,72,ERROR,100000
JOB-11,B3,1300,maia3-79m,2,e2e3,e3,0.2085231244564056,0.9933408237993716,0.4928099663646948,466,27,507,1rbqkb1r/pp2pppp/5n2/2pp4/3P4/2N5/PPP1PPPP/R2QKBNR w KQk -,MODEL_PREDICTION_NOT_EMPIRICAL,after_key,0.2085231244564056,maia3,-88,-83,0,OK,100000
JOB-11,B3,1300,maia3-79m,3,g1f3,Nf3,0.0748522207140922,0.9933408237993716,0.4928099663646948,463,27,510,1rbqkb1r/pp2pppp/5n2/2pp4/3P4/2N5/PPP1PPPP/R2QKBNR w KQk -,MODEL_PREDICTION_NOT_EMPIRICAL,after_key,0.0748522207140922,maia3,-88,-104,16,OK,100000
JOB-11,B3,1300,maia3-79m,4,c3b5,Nb5,0.0248398762196302,0.9933408237993716,0.4928099663646948,343,22,635,1rbqkb1r/pp2pppp/5n2/2pp4/3P4/2N5/PPP1PPPP/R2QKBNR w KQk -,MODEL_PREDICTION_NOT_EMPIRICAL,after_key,0.0248398762196302,maia3,-82,-288,206,SEVERE_ERROR,100000
JOB-11,B3,1300,maia3-79m,5,d1d3,Qd3,0.0155371353030204,0.9933408237993716,0.4928099663646948,401,22,577,1rbqkb1r/pp2pppp/5n2/2pp4/3P4/2N5/PPP1PPPP/R2QKBNR w KQk -,MODEL_PREDICTION_NOT_EMPIRICAL,after_key,0.0155371353030204,maia3,-90,-163,73,ERROR,100000
JOB-11,B3,1300,maia3-79m,6,d1d2,Qd2,0.0119975600391626,0.9933408237993716,0.4928099663646948,411,24,565,1rbqkb1r/pp2pppp/5n2/2pp4/3P4/2N5/PPP1PPPP/R2QKBNR w KQk -,MODEL_PREDICTION_NOT_EMPIRICAL,after_key,0.0119975600391626,maia3,-83,-124,41,ERROR,100000
JOB-11,B3,1300,maia3-79m,7,e2e4,e4,0.0092495884746313,0.9933408237993716,0.4928099663646948,405,26,569,1rbqkb1r/pp2pppp/5n2/2pp4/3P4/2N5/PPP1PPPP/R2QKBNR w KQk -,MODEL_PREDICTION_NOT_EMPIRICAL,after_key,0.0092495884746313,maia3,-84,-129,45,ERROR,100000
JOB-11,B3,1300,maia3-79m,8,f2f3,f3,0.0078819813206791,0.9933408237993716,0.4928099663646948,400,26,574,1rbqkb1r/pp2pppp/5n2/2pp4/3P4/2N5/PPP1PPPP/R2QKBNR w KQk -,MODEL_PREDICTION_NOT_EMPIRICAL,after_key,0.0078819813206791,maia3,-84,-177,93,ERROR,100000
JOB-11,B3,1300,maia3-79m,9,g2g3,g3,0.0033204653300344,0.9933408237993716,0.4928099663646948,426,25,549,1rbqkb1r/pp2pppp/5n2/2pp4/3P4/2N5/PPP1PPPP/R2QKBNR w KQk -,MODEL_PREDICTION_NOT_EMPIRICAL,after_key,0.0033204653300344,maia3,-82,-178,96,ERROR,100000
JOB-11,B3,1300,maia3-79m,10,a2a3,a3,0.0025444910861551,0.9933408237993716,0.4928099663646948,417,26,557,1rbqkb1r/pp2pppp/5n2/2pp4/3P4/2N5/PPP1PPPP/R2QKBNR w KQk -,MODEL_PREDICTION_NOT_EMPIRICAL,after_key,0.0025444910861551,maia3,-91,-87,0,OK,100000
JOB-11,B3,1500,maia3-79m,1,d4c5,dxc5,0.578158438205719,0.9937477468047292,0.5259258565483145,405,27,568,1rbqkb1r/pp2pppp/5n2/2pp4/3P4/2N5/PPP1PPPP/R2QKBNR w KQk -,MODEL_PREDICTION_NOT_EMPIRICAL,after_key,0.578158438205719,maia3,-89,-161,72,ERROR,100000
JOB-11,B3,1500,maia3-79m,2,e2e3,e3,0.253711462020874,0.9937477468047292,0.5259258565483145,468,29,503,1rbqkb1r/pp2pppp/5n2/2pp4/3P4/2N5/PPP1PPPP/R2QKBNR w KQk -,MODEL_PREDICTION_NOT_EMPIRICAL,after_key,0.253711462020874,maia3,-88,-83,0,OK,100000
JOB-11,B3,1500,maia3-79m,3,g1f3,Nf3,0.0848312675952911,0.9937477468047292,0.5259258565483145,463,29,508,1rbqkb1r/pp2pppp/5n2/2pp4/3P4/2N5/PPP1PPPP/R2QKBNR w KQk -,MODEL_PREDICTION_NOT_EMPIRICAL,after_key,0.0848312675952911,maia3,-88,-104,16,OK,100000
JOB-11,B3,1500,maia3-79m,4,c3b5,Nb5,0.018325937911868,0.9937477468047292,0.5259258565483145,347,22,631,1rbqkb1r/pp2pppp/5n2/2pp4/3P4/2N5/PPP1PPPP/R2QKBNR w KQk -,MODEL_PREDICTION_NOT_EMPIRICAL,after_key,0.018325937911868,maia3,-82,-288,206,SEVERE_ERROR,100000
JOB-11,B3,1500,maia3-79m,5,d1d3,Qd3,0.0170752368867397,0.9937477468047292,0.5259258565483145,404,24,572,1rbqkb1r/pp2pppp/5n2/2pp4/3P4/2N5/PPP1PPPP/R2QKBNR w KQk -,MODEL_PREDICTION_NOT_EMPIRICAL,after_key,0.0170752368867397,maia3,-90,-163,73,ERROR,100000
JOB-11,B3,1500,maia3-79m,6,d1d2,Qd2,0.0146087622269988,0.9937477468047292,0.5259258565483145,415,26,559,1rbqkb1r/pp2pppp/5n2/2pp4/3P4/2N5/PPP1PPPP/R2QKBNR w KQk -,MODEL_PREDICTION_NOT_EMPIRICAL,after_key,0.0146087622269988,maia3,-83,-124,41,ERROR,100000
JOB-11,B3,1500,maia3-79m,7,e2e4,e4,0.0106722712516784,0.9937477468047292,0.5259258565483145,409,27,564,1rbqkb1r/pp2pppp/5n2/2pp4/3P4/2N5/PPP1PPPP/R2QKBNR w KQk -,MODEL_PREDICTION_NOT_EMPIRICAL,after_key,0.0106722712516784,maia3,-84,-129,45,ERROR,100000
JOB-11,B3,1500,maia3-79m,8,f2f3,f3,0.0086527476087212,0.9937477468047292,0.5259258565483145,401,27,572,1rbqkb1r/pp2pppp/5n2/2pp4/3P4/2N5/PPP1PPPP/R2QKBNR w KQk -,MODEL_PREDICTION_NOT_EMPIRICAL,after_key,0.0086527476087212,maia3,-84,-177,93,ERROR,100000
JOB-11,B3,1500,maia3-79m,9,g2g3,g3,0.0038870247080922,0.9937477468047292,0.5259258565483145,430,27,543,1rbqkb1r/pp2pppp/5n2/2pp4/3P4/2N5/PPP1PPPP/R2QKBNR w KQk -,MODEL_PREDICTION_NOT_EMPIRICAL,after_key,0.0038870247080922,maia3,-82,-178,96,ERROR,100000
JOB-11,B3,1500,maia3-79m,10,a2a3,a3,0.0038245983887463,0.9937477468047292,0.5259258565483145,418,27,555,1rbqkb1r/pp2pppp/5n2/2pp4/3P4/2N5/PPP1PPPP/R2QKBNR w KQk -,MODEL_PREDICTION_NOT_EMPIRICAL,after_key,0.0038245983887463,maia3,-91,-87,0,OK,100000
JOB-11,B3,1700,maia3-79m,1,d4c5,dxc5,0.5333583354949951,0.9948955778963864,0.5405437286230274,415,30,555,1rbqkb1r/pp2pppp/5n2/2pp4/3P4/2N5/PPP1PPPP/R2QKBNR w KQk -,MODEL_PREDICTION_NOT_EMPIRICAL,after_key,0.5333583354949951,maia3,-89,-161,72,ERROR,100000
JOB-11,B3,1700,maia3-79m,2,e2e3,e3,0.2970693409442901,0.9948955778963864,0.5405437286230274,472,33,495,1rbqkb1r/pp2pppp/5n2/2pp4/3P4/2N5/PPP1PPPP/R2QKBNR w KQk -,MODEL_PREDICTION_NOT_EMPIRICAL,after_key,0.2970693409442901,maia3,-88,-83,0,OK,100000
JOB-11,B3,1700,maia3-79m,3,g1f3,Nf3,0.089084506034851,0.9948955778963864,0.5405437286230274,462,33,505,1rbqkb1r/pp2pppp/5n2/2pp4/3P4/2N5/PPP1PPPP/R2QKBNR w KQk -,MODEL_PREDICTION_NOT_EMPIRICAL,after_key,0.089084506034851,maia3,-88,-104,16,OK,100000
JOB-11,B3,1700,maia3-79m,4,d1d3,Qd3,0.0168754309415817,0.9948955778963864,0.5405437286230274,411,27,562,1rbqkb1r/pp2pppp/5n2/2pp4/3P4/2N5/PPP1PPPP/R2QKBNR w KQk -,MODEL_PREDICTION_NOT_EMPIRICAL,after_key,0.0168754309415817,maia3,-90,-163,73,ERROR,100000
JOB-11,B3,1700,maia3-79m,5,d1d2,Qd2,0.0152769135311245,0.9948955778963864,0.5405437286230274,422,29,549,1rbqkb1r/pp2pppp/5n2/2pp4/3P4/2N5/PPP1PPPP/R2QKBNR w KQk -,MODEL_PREDICTION_NOT_EMPIRICAL,after_key,0.0152769135311245,maia3,-83,-124,41,ERROR,100000
JOB-11,B3,1700,maia3-79m,6,e2e4,e4,0.0137838367372751,0.9948955778963864,0.5405437286230274,411,29,560,1rbqkb1r/pp2pppp/5n2/2pp4/3P4/2N5/PPP1PPPP/R2QKBNR w KQk -,MODEL_PREDICTION_NOT_EMPIRICAL,after_key,0.0137838367372751,maia3,-84,-129,45,ERROR,100000
JOB-11,B3,1700,maia3-79m,7,c3b5,Nb5,0.0112858666107058,0.9948955778963864,0.5405437286230274,350,25,625,1rbqkb1r/pp2pppp/5n2/2pp4/3P4/2N5/PPP1PPPP/R2QKBNR w KQk -,MODEL_PREDICTION_NOT_EMPIRICAL,after_key,0.0112858666107058,maia3,-82,-288,206,SEVERE_ERROR,100000
JOB-11,B3,1700,maia3-79m,8,f2f3,f3,0.0099681997671723,0.9948955778963864,0.5405437286230274,406,30,564,1rbqkb1r/pp2pppp/5n2/2pp4/3P4/2N5/PPP1PPPP/R2QKBNR w KQk -,MODEL_PREDICTION_NOT_EMPIRICAL,after_key,0.0099681997671723,maia3,-84,-177,93,ERROR,100000
JOB-11,B3,1700,maia3-79m,9,a2a3,a3,0.0042544649913907,0.9948955778963864,0.5405437286230274,418,31,551,1rbqkb1r/pp2pppp/5n2/2pp4/3P4/2N5/PPP1PPPP/R2QKBNR w KQk -,MODEL_PREDICTION_NOT_EMPIRICAL,after_key,0.0042544649913907,maia3,-91,-87,0,OK,100000
JOB-11,B3,1700,maia3-79m,10,g2g3,g3,0.0039386828429996,0.9948955778963864,0.5405437286230274,436,31,533,1rbqkb1r/pp2pppp/5n2/2pp4/3P4/2N5/PPP1PPPP/R2QKBNR w KQk -,MODEL_PREDICTION_NOT_EMPIRICAL,after_key,0.0039386828429996,maia3,-82,-178,96,ERROR,100000
JOB-11,B3,1900,maia3-79m,1,d4c5,dxc5,0.470085859298706,0.9965394700411708,0.5466374668403237,425,35,540,1rbqkb1r/pp2pppp/5n2/2pp4/3P4/2N5/PPP1PPPP/R2QKBNR w KQk -,MODEL_PREDICTION_NOT_EMPIRICAL,after_key,0.470085859298706,maia3,-89,-161,72,ERROR,100000
JOB-11,B3,1900,maia3-79m,2,e2e3,e3,0.3651756942272186,0.9965394700411708,0.5466374668403237,474,39,487,1rbqkb1r/pp2pppp/5n2/2pp4/3P4/2N5/PPP1PPPP/R2QKBNR w KQk -,MODEL_PREDICTION_NOT_EMPIRICAL,after_key,0.3651756942272186,maia3,-88,-83,0,OK,100000
JOB-11,B3,1900,maia3-79m,3,g1f3,Nf3,0.0879615247249603,0.9965394700411708,0.5466374668403237,462,38,500,1rbqkb1r/pp2pppp/5n2/2pp4/3P4/2N5/PPP1PPPP/R2QKBNR w KQk -,MODEL_PREDICTION_NOT_EMPIRICAL,after_key,0.0879615247249603,maia3,-88,-104,16,OK,100000
JOB-11,B3,1900,maia3-79m,4,e2e4,e4,0.0205911565572023,0.9965394700411708,0.5466374668403237,410,33,557,1rbqkb1r/pp2pppp/5n2/2pp4/3P4/2N5/PPP1PPPP/R2QKBNR w KQk -,MODEL_PREDICTION_NOT_EMPIRICAL,after_key,0.0205911565572023,maia3,-84,-129,45,ERROR,100000
JOB-11,B3,1900,maia3-79m,5,d1d2,Qd2,0.0143893184140324,0.9965394700411708,0.5466374668403237,430,34,536,1rbqkb1r/pp2pppp/5n2/2pp4/3P4/2N5/PPP1PPPP/R2QKBNR w KQk -,MODEL_PREDICTION_NOT_EMPIRICAL,after_key,0.0143893184140324,maia3,-83,-124,41,ERROR,100000
JOB-11,B3,1900,maia3-79m,6,d1d3,Qd3,0.0135942278429865,0.9965394700411708,0.5466374668403237,418,31,551,1rbqkb1r/pp2pppp/5n2/2pp4/3P4/2N5/PPP1PPPP/R2QKBNR w KQk -,MODEL_PREDICTION_NOT_EMPIRICAL,after_key,0.0135942278429865,maia3,-90,-163,73,ERROR,100000
JOB-11,B3,1900,maia3-79m,7,f2f3,f3,0.011259009130299,0.9965394700411708,0.5466374668403237,406,33,561,1rbqkb1r/pp2pppp/5n2/2pp4/3P4/2N5/PPP1PPPP/R2QKBNR w KQk -,MODEL_PREDICTION_NOT_EMPIRICAL,after_key,0.011259009130299,maia3,-84,-177,93,ERROR,100000
JOB-11,B3,1900,maia3-79m,8,c3b5,Nb5,0.0065171220339834,0.9965394700411708,0.5466374668403237,348,29,623,1rbqkb1r/pp2pppp/5n2/2pp4/3P4/2N5/PPP1PPPP/R2QKBNR w KQk -,MODEL_PREDICTION_NOT_EMPIRICAL,after_key,0.0065171220339834,maia3,-82,-288,206,SEVERE_ERROR,100000
JOB-11,B3,1900,maia3-79m,9,a2a3,a3,0.0036161756142973,0.9965394700411708,0.5466374668403237,418,36,546,1rbqkb1r/pp2pppp/5n2/2pp4/3P4/2N5/PPP1PPPP/R2QKBNR w KQk -,MODEL_PREDICTION_NOT_EMPIRICAL,after_key,0.0036161756142973,maia3,-91,-87,0,OK,100000
JOB-11,B3,1900,maia3-79m,10,g2g3,g3,0.0033493821974843,0.9965394700411708,0.5466374668403237,441,36,523,1rbqkb1r/pp2pppp/5n2/2pp4/3P4/2N5/PPP1PPPP/R2QKBNR w KQk -,MODEL_PREDICTION_NOT_EMPIRICAL,after_key,0.0033493821974843,maia3,-82,-178,96,ERROR,100000
JOB-11,B3,2100,maia3-79m,1,e2e3,e3,0.4571473300457001,0.998355322284624,0.5403826533581344,469,48,483,1rbqkb1r/pp2pppp/5n2/2pp4/3P4/2N5/PPP1PPPP/R2QKBNR w KQk -,MODEL_PREDICTION_NOT_EMPIRICAL,after_key,0.4571473300457001,maia3,-88,-83,0,OK,100000
JOB-11,B3,2100,maia3-79m,2,d4c5,dxc5,0.3774749040603637,0.998355322284624,0.5403826533581344,433,41,526,1rbqkb1r/pp2pppp/5n2/2pp4/3P4/2N5/PPP1PPPP/R2QKBNR w KQk -,MODEL_PREDICTION_NOT_EMPIRICAL,after_key,0.3774749040603637,maia3,-89,-161,72,ERROR,100000
JOB-11,B3,2100,maia3-79m,3,g1f3,Nf3,0.0860727280378341,0.998355322284624,0.5403826533581344,457,47,496,1rbqkb1r/pp2pppp/5n2/2pp4/3P4/2N5/PPP1PPPP/R2QKBNR w KQk -,MODEL_PREDICTION_NOT_EMPIRICAL,after_key,0.0860727280378341,maia3,-88,-104,16,OK,100000
JOB-11,B3,2100,maia3-79m,4,e2e4,e4,0.0427425801753997,0.998355322284624,0.5403826533581344,413,41,546,1rbqkb1r/pp2pppp/5n2/2pp4/3P4/2N5/PPP1PPPP/R2QKBNR w KQk -,MODEL_PREDICTION_NOT_EMPIRICAL,after_key,0.0427425801753997,maia3,-84,-129,45,ERROR,100000
JOB-11,B3,2100,maia3-79m,5,d1d2,Qd2,0.0122357746586203,0.998355322284624,0.5403826533581344,423,40,537,1rbqkb1r/pp2pppp/5n2/2pp4/3P4/2N5/PPP1PPPP/R2QKBNR w KQk -,MODEL_PREDICTION_NOT_EMPIRICAL,after_key,0.0122357746586203,maia3,-83,-124,41,ERROR,100000
JOB-11,B3,2100,maia3-79m,6,d1d3,Qd3,0.0075957863591611,0.998355322284624,0.5403826533581344,416,37,547,1rbqkb1r/pp2pppp/5n2/2pp4/3P4/2N5/PPP1PPPP/R2QKBNR w KQk -,MODEL_PREDICTION_NOT_EMPIRICAL,after_key,0.0075957863591611,maia3,-90,-163,73,ERROR,100000
JOB-11,B3,2100,maia3-79m,7,f2f3,f3,0.0075484002009034,0.998355322284624,0.5403826533581344,391,38,571,1rbqkb1r/pp2pppp/5n2/2pp4/3P4/2N5/PPP1PPPP/R2QKBNR w KQk -,MODEL_PREDICTION_NOT_EMPIRICAL,after_key,0.0075484002009034,maia3,-84,-177,93,ERROR,100000
JOB-11,B3,2100,maia3-79m,8,c3b5,Nb5,0.0030529545620083,0.998355322284624,0.5403826533581344,323,34,643,1rbqkb1r/pp2pppp/5n2/2pp4/3P4/2N5/PPP1PPPP/R2QKBNR w KQk -,MODEL_PREDICTION_NOT_EMPIRICAL,after_key,0.0030529545620083,maia3,-82,-288,206,SEVERE_ERROR,100000
JOB-11,B3,2100,maia3-79m,9,g2g3,g3,0.0025010290555655,0.998355322284624,0.5403826533581344,434,43,523,1rbqkb1r/pp2pppp/5n2/2pp4/3P4/2N5/PPP1PPPP/R2QKBNR w KQk -,MODEL_PREDICTION_NOT_EMPIRICAL,after_key,0.0025010290555655,maia3,-82,-178,96,ERROR,100000
JOB-11,B3,2100,maia3-79m,10,a2a3,a3,0.0019838351290673,0.998355322284624,0.5403826533581344,415,42,543,1rbqkb1r/pp2pppp/5n2/2pp4/3P4/2N5/PPP1PPPP/R2QKBNR w KQk -,MODEL_PREDICTION_NOT_EMPIRICAL,after_key,0.0019838351290673,maia3,-91,-87,0,OK,100000
VER-05,B3,1100,maia3-79m,1,d4c5,dxc5,0.6067022681236267,0.994988748570904,0.5328606171952868,495,26,479,rnbqkb1r/pp2pp1p/5p2/2pp4/3P4/2N5/PPP1PPPP/R2QKBNR w KQkq -,MODEL_PREDICTION_NOT_EMPIRICAL,after_key,0.6067022681236267,maia3,-12,-96,84,ERROR,100000
VER-05,B3,1100,maia3-79m,2,e2e3,e3,0.1370877176523208,0.994988748570904,0.5328606171952868,524,26,450,rnbqkb1r/pp2pp1p/5p2/2pp4/3P4/2N5/PPP1PPPP/R2QKBNR w KQkq -,MODEL_PREDICTION_NOT_EMPIRICAL,after_key,0.1370877176523208,maia3,9,5,4,OK,100000
VER-05,B3,1100,maia3-79m,3,e2e4,e4,0.1294419765472412,0.994988748570904,0.5328606171952868,523,26,451,rnbqkb1r/pp2pp1p/5p2/2pp4/3P4/2N5/PPP1PPPP/R2QKBNR w KQkq -,MODEL_PREDICTION_NOT_EMPIRICAL,after_key,0.1294419765472412,maia3,1,-20,21,OK,100000
VER-05,B3,1100,maia3-79m,4,g1f3,Nf3,0.0870958790183067,0.994988748570904,0.5328606171952868,510,26,464,rnbqkb1r/pp2pp1p/5p2/2pp4/3P4/2N5/PPP1PPPP/R2QKBNR w KQkq -,MODEL_PREDICTION_NOT_EMPIRICAL,after_key,0.0870958790183067,maia3,-8,-39,31,OK,100000
VER-05,B3,1100,maia3-79m,5,d1d3,Qd3,0.0105235511437058,0.994988748570904,0.5328606171952868,475,22,503,rnbqkb1r/pp2pp1p/5p2/2pp4/3P4/2N5/PPP1PPPP/R2QKBNR w KQkq -,MODEL_PREDICTION_NOT_EMPIRICAL,after_key,0.0105235511437058,maia3,-16,-107,91,ERROR,100000
VER-05,B3,1100,maia3-79m,6,c3d5,Nxd5,0.0084504131227731,0.994988748570904,0.5328606171952868,316,26,658,rnbqkb1r/pp2pp1p/5p2/2pp4/3P4/2N5/PPP1PPPP/R2QKBNR w KQkq -,MODEL_PREDICTION_NOT_EMPIRICAL,after_key,0.0084504131227731,maia3,-23,-398,375,SEVERE_ERROR,100000
VER-05,B3,1100,maia3-79m,7,g2g3,g3,0.005501904990524,0.994988748570904,0.5328606171952868,493,25,482,rnbqkb1r/pp2pp1p/5p2/2pp4/3P4/2N5/PPP1PPPP/R2QKBNR w KQkq -,MODEL_PREDICTION_NOT_EMPIRICAL,after_key,0.005501904990524,maia3,-16,-75,59,ERROR,100000
VER-05,B3,1100,maia3-79m,8,d1d2,Qd2,0.0049706897698342,0.994988748570904,0.5328606171952868,487,23,490,rnbqkb1r/pp2pp1p/5p2/2pp4/3P4/2N5/PPP1PPPP/R2QKBNR w KQkq -,MODEL_PREDICTION_NOT_EMPIRICAL,after_key,0.0049706897698342,maia3,-16,-73,57,ERROR,100000
VER-05,B3,1100,maia3-79m,9,f2f3,f3,0.0032023964449763,0.994988748570904,0.5328606171952868,455,27,518,rnbqkb1r/pp2pp1p/5p2/2pp4/3P4/2N5/PPP1PPPP/R2QKBNR w KQkq -,MODEL_PREDICTION_NOT_EMPIRICAL,after_key,0.0032023964449763,maia3,-26,-153,127,SEVERE_ERROR,100000
VER-05,B3,1100,maia3-79m,10,c3b5,Nb5,0.0020119517575949,0.994988748570904,0.5328606171952868,421,24,555,rnbqkb1r/pp2pp1p/5p2/2pp4/3P4/2N5/PPP1PPPP/R2QKBNR w KQkq -,MODEL_PREDICTION_NOT_EMPIRICAL,after_key,0.0020119517575949,maia3,-25,-159,134,SEVERE_ERROR,100000
VER-05,B3,1300,maia3-79m,1,d4c5,dxc5,0.5749005675315857,0.995333773898892,0.5479285770151814,506,25,469,rnbqkb1r/pp2pp1p/5p2/2pp4/3P4/2N5/PPP1PPPP/R2QKBNR w KQkq -,MODEL_PREDICTION_NOT_EMPIRICAL,after_key,0.5749005675315857,maia3,-12,-96,84,ERROR,100000
VER-05,B3,1300,maia3-79m,2,e2e3,e3,0.1645663827657699,0.995333773898892,0.5479285770151814,519,25,456,rnbqkb1r/pp2pp1p/5p2/2pp4/3P4/2N5/PPP1PPPP/R2QKBNR w KQkq -,MODEL_PREDICTION_NOT_EMPIRICAL,after_key,0.1645663827657699,maia3,9,5,4,OK,100000
VER-05,B3,1300,maia3-79m,3,e2e4,e4,0.1270792633295059,0.995333773898892,0.5479285770151814,519,24,457,rnbqkb1r/pp2pp1p/5p2/2pp4/3P4/2N5/PPP1PPPP/R2QKBNR w KQkq -,MODEL_PREDICTION_NOT_EMPIRICAL,after_key,0.1270792633295059,maia3,1,-20,21,OK,100000
VER-05,B3,1300,maia3-79m,4,g1f3,Nf3,0.0984723344445228,0.995333773898892,0.5479285770151814,506,25,469,rnbqkb1r/pp2pp1p/5p2/2pp4/3P4/2N5/PPP1PPPP/R2QKBNR w KQkq -,MODEL_PREDICTION_NOT_EMPIRICAL,after_key,0.0984723344445228,maia3,-8,-39,31,OK,100000
VER-05,B3,1300,maia3-79m,5,d1d3,Qd3,0.0102948583662509,0.995333773898892,0.5479285770151814,478,21,501,rnbqkb1r/pp2pp1p/5p2/2pp4/3P4/2N5/PPP1PPPP/R2QKBNR w KQkq -,MODEL_PREDICTION_NOT_EMPIRICAL,after_key,0.0102948583662509,maia3,-16,-107,91,ERROR,100000
VER-05,B3,1300,maia3-79m,6,d1d2,Qd2,0.0055131213739514,0.995333773898892,0.5479285770151814,486,22,492,rnbqkb1r/pp2pp1p/5p2/2pp4/3P4/2N5/PPP1PPPP/R2QKBNR w KQkq -,MODEL_PREDICTION_NOT_EMPIRICAL,after_key,0.0055131213739514,maia3,-16,-73,57,ERROR,100000
VER-05,B3,1300,maia3-79m,7,c3d5,Nxd5,0.0051937391981482,0.995333773898892,0.5479285770151814,296,21,683,rnbqkb1r/pp2pp1p/5p2/2pp4/3P4/2N5/PPP1PPPP/R2QKBNR w KQkq -,MODEL_PREDICTION_NOT_EMPIRICAL,after_key,0.0051937391981482,maia3,-23,-398,375,SEVERE_ERROR,100000
VER-05,B3,1300,maia3-79m,8,g2g3,g3,0.0049555413424968,0.995333773898892,0.5479285770151814,489,24,487,rnbqkb1r/pp2pp1p/5p2/2pp4/3P4/2N5/PPP1PPPP/R2QKBNR w KQkq -,MODEL_PREDICTION_NOT_EMPIRICAL,after_key,0.0049555413424968,maia3,-16,-75,59,ERROR,100000
VER-05,B3,1300,maia3-79m,9,f2f3,f3,0.0025570853613317,0.995333773898892,0.5479285770151814,445,25,530,rnbqkb1r/pp2pp1p/5p2/2pp4/3P4/2N5/PPP1PPPP/R2QKBNR w KQkq -,MODEL_PREDICTION_NOT_EMPIRICAL,after_key,0.0025570853613317,maia3,-26,-153,127,SEVERE_ERROR,100000
VER-05,B3,1300,maia3-79m,10,h2h3,h3,0.0018008801853284,0.995333773898892,0.5479285770151814,465,24,511,rnbqkb1r/pp2pp1p/5p2/2pp4/3P4/2N5/PPP1PPPP/R2QKBNR w KQkq -,MODEL_PREDICTION_NOT_EMPIRICAL,after_key,0.0018008801853284,maia3,-18,-85,67,ERROR,100000
VER-05,B3,1500,maia3-79m,1,d4c5,dxc5,0.5593538880348206,0.9958130223676562,0.552706095425703,509,26,465,rnbqkb1r/pp2pp1p/5p2/2pp4/3P4/2N5/PPP1PPPP/R2QKBNR w KQkq -,MODEL_PREDICTION_NOT_EMPIRICAL,after_key,0.5593538880348206,maia3,-12,-96,84,ERROR,100000
VER-05,B3,1500,maia3-79m,2,e2e3,e3,0.1784770041704177,0.9958130223676562,0.552706095425703,513,26,461,rnbqkb1r/pp2pp1p/5p2/2pp4/3P4/2N5/PPP1PPPP/R2QKBNR w KQkq -,MODEL_PREDICTION_NOT_EMPIRICAL,after_key,0.1784770041704177,maia3,9,5,4,OK,100000
VER-05,B3,1500,maia3-79m,3,e2e4,e4,0.1295480579137802,0.9958130223676562,0.552706095425703,518,25,457,rnbqkb1r/pp2pp1p/5p2/2pp4/3P4/2N5/PPP1PPPP/R2QKBNR w KQkq -,MODEL_PREDICTION_NOT_EMPIRICAL,after_key,0.1295480579137802,maia3,1,-20,21,OK,100000
VER-05,B3,1500,maia3-79m,4,g1f3,Nf3,0.1011613234877586,0.9958130223676562,0.552706095425703,500,25,475,rnbqkb1r/pp2pp1p/5p2/2pp4/3P4/2N5/PPP1PPPP/R2QKBNR w KQkq -,MODEL_PREDICTION_NOT_EMPIRICAL,after_key,0.1011613234877586,maia3,-8,-39,31,OK,100000
VER-05,B3,1500,maia3-79m,5,d1d3,Qd3,0.0089192474260926,0.9958130223676562,0.552706095425703,474,22,504,rnbqkb1r/pp2pp1p/5p2/2pp4/3P4/2N5/PPP1PPPP/R2QKBNR w KQkq -,MODEL_PREDICTION_NOT_EMPIRICAL,after_key,0.0089192474260926,maia3,-16,-107,91,ERROR,100000
VER-05,B3,1500,maia3-79m,6,d1d2,Qd2,0.0059080044738948,0.9958130223676562,0.552706095425703,484,23,493,rnbqkb1r/pp2pp1p/5p2/2pp4/3P4/2N5/PPP1PPPP/R2QKBNR w KQkq -,MODEL_PREDICTION_NOT_EMPIRICAL,after_key,0.0059080044738948,maia3,-16,-73,57,ERROR,100000
VER-05,B3,1500,maia3-79m,7,g2g3,g3,0.0048108752816915,0.9958130223676562,0.552706095425703,486,25,489,rnbqkb1r/pp2pp1p/5p2/2pp4/3P4/2N5/PPP1PPPP/R2QKBNR w KQkq -,MODEL_PREDICTION_NOT_EMPIRICAL,after_key,0.0048108752816915,maia3,-16,-75,59,ERROR,100000
VER-05,B3,1500,maia3-79m,8,c3d5,Nxd5,0.0031394236721098,0.9958130223676562,0.552706095425703,266,18,716,rnbqkb1r/pp2pp1p/5p2/2pp4/3P4/2N5/PPP1PPPP/R2QKBNR w KQkq -,MODEL_PREDICTION_NOT_EMPIRICAL,after_key,0.0031394236721098,maia3,-23,-398,375,SEVERE_ERROR,100000
VER-05,B3,1500,maia3-79m,9,h2h3,h3,0.0022517498582601,0.9958130223676562,0.552706095425703,462,25,513,rnbqkb1r/pp2pp1p/5p2/2pp4/3P4/2N5/PPP1PPPP/R2QKBNR w KQkq -,MODEL_PREDICTION_NOT_EMPIRICAL,after_key,0.0022517498582601,maia3,-18,-85,67,ERROR,100000
VER-05,B3,1500,maia3-79m,10,f2f3,f3,0.00224344804883,0.9958130223676562,0.552706095425703,439,26,535,rnbqkb1r/pp2pp1p/5p2/2pp4/3P4/2N5/PPP1PPPP/R2QKBNR w KQkq -,MODEL_PREDICTION_NOT_EMPIRICAL,after_key,0.00224344804883,maia3,-26,-153,127,SEVERE_ERROR,100000
VER-05,B3,1700,maia3-79m,1,d4c5,dxc5,0.5488434433937073,0.9965550472261384,0.5501672862374353,512,29,459,rnbqkb1r/pp2pp1p/5p2/2pp4/3P4/2N5/PPP1PPPP/R2QKBNR w KQkq -,MODEL_PREDICTION_NOT_EMPIRICAL,after_key,0.5488434433937073,maia3,-12,-96,84,ERROR,100000
VER-05,B3,1700,maia3-79m,2,e2e3,e3,0.1888251453638076,0.9965550472261384,0.5501672862374353,510,29,461,rnbqkb1r/pp2pp1p/5p2/2pp4/3P4/2N5/PPP1PPPP/R2QKBNR w KQkq -,MODEL_PREDICTION_NOT_EMPIRICAL,after_key,0.1888251453638076,maia3,9,5,4,OK,100000
VER-05,B3,1700,maia3-79m,3,e2e4,e4,0.1411755532026291,0.9965550472261384,0.5501672862374353,524,28,448,rnbqkb1r/pp2pp1p/5p2/2pp4/3P4/2N5/PPP1PPPP/R2QKBNR w KQkq -,MODEL_PREDICTION_NOT_EMPIRICAL,after_key,0.1411755532026291,maia3,1,-20,21,OK,100000
VER-05,B3,1700,maia3-79m,4,g1f3,Nf3,0.0953876003623008,0.9965550472261384,0.5501672862374353,499,28,473,rnbqkb1r/pp2pp1p/5p2/2pp4/3P4/2N5/PPP1PPPP/R2QKBNR w KQkq -,MODEL_PREDICTION_NOT_EMPIRICAL,after_key,0.0953876003623008,maia3,-8,-39,31,OK,100000
VER-05,B3,1700,maia3-79m,5,d1d3,Qd3,0.0060286992229521,0.9965550472261384,0.5501672862374353,470,24,506,rnbqkb1r/pp2pp1p/5p2/2pp4/3P4/2N5/PPP1PPPP/R2QKBNR w KQkq -,MODEL_PREDICTION_NOT_EMPIRICAL,after_key,0.0060286992229521,maia3,-16,-107,91,ERROR,100000
VER-05,B3,1700,maia3-79m,6,d1d2,Qd2,0.0054711727425456,0.9965550472261384,0.5501672862374353,485,25,490,rnbqkb1r/pp2pp1p/5p2/2pp4/3P4/2N5/PPP1PPPP/R2QKBNR w KQkq -,MODEL_PREDICTION_NOT_EMPIRICAL,after_key,0.0054711727425456,maia3,-16,-73,57,ERROR,100000
VER-05,B3,1700,maia3-79m,7,g2g3,g3,0.0048972237855196,0.9965550472261384,0.5501672862374353,487,28,485,rnbqkb1r/pp2pp1p/5p2/2pp4/3P4/2N5/PPP1PPPP/R2QKBNR w KQkq -,MODEL_PREDICTION_NOT_EMPIRICAL,after_key,0.0048972237855196,maia3,-16,-75,59,ERROR,100000
VER-05,B3,1700,maia3-79m,8,f2f3,f3,0.0021712116431444,0.9965550472261384,0.5501672862374353,441,28,531,rnbqkb1r/pp2pp1p/5p2/2pp4/3P4/2N5/PPP1PPPP/R2QKBNR w KQkq -,MODEL_PREDICTION_NOT_EMPIRICAL,after_key,0.0021712116431444,maia3,-26,-153,127,SEVERE_ERROR,100000
VER-05,B3,1700,maia3-79m,9,a2a3,a3,0.0019300457788631,0.9965550472261384,0.5501672862374353,465,28,507,rnbqkb1r/pp2pp1p/5p2/2pp4/3P4/2N5/PPP1PPPP/R2QKBNR w KQkq -,MODEL_PREDICTION_NOT_EMPIRICAL,after_key,0.0019300457788631,maia3,-13,-82,69,ERROR,100000
VER-05,B3,1700,maia3-79m,10,h2h3,h3,0.0018249517306685,0.9965550472261384,0.5501672862374353,463,28,509,rnbqkb1r/pp2pp1p/5p2/2pp4/3P4/2N5/PPP1PPPP/R2QKBNR w KQkq -,MODEL_PREDICTION_NOT_EMPIRICAL,after_key,0.0018249517306685,maia3,-18,-85,67,ERROR,100000
VER-05,B3,1900,maia3-79m,1,d4c5,dxc5,0.4567746520042419,0.9980827945983036,0.5777390184426038,511,33,456,rnbqkb1r/pp2pp1p/5p2/2pp4/3P4/2N5/PPP1PPPP/R2QKBNR w KQkq -,MODEL_PREDICTION_NOT_EMPIRICAL,after_key,0.4567746520042419,maia3,-12,-96,84,ERROR,100000
VER-05,B3,1900,maia3-79m,2,e2e3,e3,0.2175353318452835,0.9980827945983036,0.5777390184426038,518,34,448,rnbqkb1r/pp2pp1p/5p2/2pp4/3P4/2N5/PPP1PPPP/R2QKBNR w KQkq -,MODEL_PREDICTION_NOT_EMPIRICAL,after_key,0.2175353318452835,maia3,9,5,4,OK,100000
VER-05,B3,1900,maia3-79m,3,e2e4,e4,0.2169072180986404,0.9980827945983036,0.5777390184426038,540,32,428,rnbqkb1r/pp2pp1p/5p2/2pp4/3P4/2N5/PPP1PPPP/R2QKBNR w KQkq -,MODEL_PREDICTION_NOT_EMPIRICAL,after_key,0.2169072180986404,maia3,1,-20,21,OK,100000
VER-05,B3,1900,maia3-79m,4,g1f3,Nf3,0.0912640169262886,0.9980827945983036,0.5777390184426038,507,33,460,rnbqkb1r/pp2pp1p/5p2/2pp4/3P4/2N5/PPP1PPPP/R2QKBNR w KQkq -,MODEL_PREDICTION_NOT_EMPIRICAL,after_key,0.0912640169262886,maia3,-8,-39,31,OK,100000
VER-05,B3,1900,maia3-79m,5,g2g3,g3,0.0049688024446368,0.9980827945983036,0.5777390184426038,494,33,473,rnbqkb1r/pp2pp1p/5p2/2pp4/3P4/2N5/PPP1PPPP/R2QKBNR w KQkq -,MODEL_PREDICTION_NOT_EMPIRICAL,after_key,0.0049688024446368,maia3,-16,-75,59,ERROR,100000
VER-05,B3,1900,maia3-79m,6,d1d2,Qd2,0.003777002217248,0.9980827945983036,0.5777390184426038,493,30,477,rnbqkb1r/pp2pp1p/5p2/2pp4/3P4/2N5/PPP1PPPP/R2QKBNR w KQkq -,MODEL_PREDICTION_NOT_EMPIRICAL,after_key,0.003777002217248,maia3,-16,-73,57,ERROR,100000
VER-05,B3,1900,maia3-79m,7,d1d3,Qd3,0.0026550567708909,0.9980827945983036,0.5777390184426038,473,28,499,rnbqkb1r/pp2pp1p/5p2/2pp4/3P4/2N5/PPP1PPPP/R2QKBNR w KQkq -,MODEL_PREDICTION_NOT_EMPIRICAL,after_key,0.0026550567708909,maia3,-16,-107,91,ERROR,100000
VER-05,B3,1900,maia3-79m,8,f2f3,f3,0.0019055077573284,0.9980827945983036,0.5777390184426038,444,32,524,rnbqkb1r/pp2pp1p/5p2/2pp4/3P4/2N5/PPP1PPPP/R2QKBNR w KQkq -,MODEL_PREDICTION_NOT_EMPIRICAL,after_key,0.0019055077573284,maia3,-26,-153,127,SEVERE_ERROR,100000
VER-05,B3,1900,maia3-79m,9,a2a3,a3,0.0014452800387516,0.9980827945983036,0.5777390184426038,472,32,496,rnbqkb1r/pp2pp1p/5p2/2pp4/3P4/2N5/PPP1PPPP/R2QKBNR w KQkq -,MODEL_PREDICTION_NOT_EMPIRICAL,after_key,0.0014452800387516,maia3,-13,-82,69,ERROR,100000
VER-05,B3,1900,maia3-79m,10,h2h3,h3,0.0008499264949932,0.9980827945983036,0.5777390184426038,471,32,497,rnbqkb1r/pp2pp1p/5p2/2pp4/3P4/2N5/PPP1PPPP/R2QKBNR w KQkq -,MODEL_PREDICTION_NOT_EMPIRICAL,after_key,0.0008499264949932,maia3,-18,-85,67,ERROR,100000
VER-05,B3,2100,maia3-79m,1,e2e4,e4,0.4276760220527649,0.9992923597455956,0.5630139996734711,547,40,413,rnbqkb1r/pp2pp1p/5p2/2pp4/3P4/2N5/PPP1PPPP/R2QKBNR w KQkq -,MODEL_PREDICTION_NOT_EMPIRICAL,after_key,0.4276760220527649,maia3,1,-20,21,OK,100000
VER-05,B3,2100,maia3-79m,2,d4c5,dxc5,0.2679556310176849,0.9992923597455956,0.5630139996734711,510,41,449,rnbqkb1r/pp2pp1p/5p2/2pp4/3P4/2N5/PPP1PPPP/R2QKBNR w KQkq -,MODEL_PREDICTION_NOT_EMPIRICAL,after_key,0.2679556310176849,maia3,-12,-96,84,ERROR,100000
VER-05,B3,2100,maia3-79m,3,e2e3,e3,0.2215776592493057,0.9992923597455956,0.5630139996734711,516,42,442,rnbqkb1r/pp2pp1p/5p2/2pp4/3P4/2N5/PPP1PPPP/R2QKBNR w KQkq -,MODEL_PREDICTION_NOT_EMPIRICAL,after_key,0.2215776592493057,maia3,9,5,4,OK,100000
VER-05,B3,2100,maia3-79m,4,g1f3,Nf3,0.0731169357895851,0.9992923597455956,0.5630139996734711,503,42,455,rnbqkb1r/pp2pp1p/5p2/2pp4/3P4/2N5/PPP1PPPP/R2QKBNR w KQkq -,MODEL_PREDICTION_NOT_EMPIRICAL,after_key,0.0731169357895851,maia3,-8,-39,31,OK,100000
VER-05,B3,2100,maia3-79m,5,g2g3,g3,0.0045907138846814,0.9992923597455956,0.5630139996734711,494,41,465,rnbqkb1r/pp2pp1p/5p2/2pp4/3P4/2N5/PPP1PPPP/R2QKBNR w KQkq -,MODEL_PREDICTION_NOT_EMPIRICAL,after_key,0.0045907138846814,maia3,-16,-75,59,ERROR,100000
VER-05,B3,2100,maia3-79m,6,d1d2,Qd2,0.0015705976402387,0.9992923597455956,0.5630139996734711,489,36,475,rnbqkb1r/pp2pp1p/5p2/2pp4/3P4/2N5/PPP1PPPP/R2QKBNR w KQkq -,MODEL_PREDICTION_NOT_EMPIRICAL,after_key,0.0015705976402387,maia3,-16,-73,57,ERROR,100000
VER-05,B3,2100,maia3-79m,7,f2f3,f3,0.0009404691518284,0.9992923597455956,0.5630139996734711,442,38,520,rnbqkb1r/pp2pp1p/5p2/2pp4/3P4/2N5/PPP1PPPP/R2QKBNR w KQkq -,MODEL_PREDICTION_NOT_EMPIRICAL,after_key,0.0009404691518284,maia3,-26,-153,127,SEVERE_ERROR,100000
VER-05,B3,2100,maia3-79m,8,d1d3,Qd3,0.0009047241765074,0.9992923597455956,0.5630139996734711,471,34,495,rnbqkb1r/pp2pp1p/5p2/2pp4/3P4/2N5/PPP1PPPP/R2QKBNR w KQkq -,MODEL_PREDICTION_NOT_EMPIRICAL,after_key,0.0009047241765074,maia3,-16,-107,91,ERROR,100000
VER-05,B3,2100,maia3-79m,9,a2a3,a3,0.0005241857143118,0.9992923597455956,0.5630139996734711,473,40,487,rnbqkb1r/pp2pp1p/5p2/2pp4/3P4/2N5/PPP1PPPP/R2QKBNR w KQkq -,MODEL_PREDICTION_NOT_EMPIRICAL,after_key,0.0005241857143118,maia3,-13,-82,69,ERROR,100000
VER-05,B3,2100,maia3-79m,10,c3d5,Nxd5,0.0004354210686869,0.9992923597455956,0.5630139996734711,225,22,753,rnbqkb1r/pp2pp1p/5p2/2pp4/3P4/2N5/PPP1PPPP/R2QKBNR w KQkq -,MODEL_PREDICTION_NOT_EMPIRICAL,after_key,0.0004354210686869,maia3,-23,-398,375,SEVERE_ERROR,100000
LON-10,B4,1100,maia3-79m,1,a1c1,Rc1,0.4852091372013092,0.9665836482308804,0.6460910914428057,479,19,502,r1b1kb1r/pp2pppp/2n2n2/2Pp4/5B2/2q1PN2/P2N1PPP/R2QKB1R w KQkq -,MODEL_PREDICTION_NOT_EMPIRICAL,after_key,0.4852091372013092,maia3,-53,-81,28,OK,100000
LON-10,B4,1100,maia3-79m,2,f1b5,Bb5,0.2200238853693008,0.9665836482308804,0.6460910914428057,462,22,516,r1b1kb1r/pp2pppp/2n2n2/2Pp4/5B2/2q1PN2/P2N1PPP/R2QKB1R w KQkq -,MODEL_PREDICTION_NOT_EMPIRICAL,after_key,0.2200238853693008,maia3,-92,-105,13,OK,100000
LON-10,B4,1100,maia3-79m,3,f1e2,Be2,0.1060024127364158,0.9665836482308804,0.6460910914428057,455,22,523,r1b1kb1r/pp2pppp/2n2n2/2Pp4/5B2/2q1PN2/P2N1PPP/R2QKB1R w KQkq -,MODEL_PREDICTION_NOT_EMPIRICAL,after_key,0.1060024127364158,maia3,-92,-119,27,OK,100000
LON-10,B4,1100,maia3-79m,4,f4e5,Be5,0.0397013500332832,0.9665836482308804,0.6460910914428057,325,19,656,r1b1kb1r/pp2pppp/2n2n2/2Pp4/5B2/2q1PN2/P2N1PPP/R2QKB1R w KQkq -,MODEL_PREDICTION_NOT_EMPIRICAL,after_key,0.0397013500332832,maia3,-90,-336,246,SEVERE_ERROR,100000
LON-10,B4,1100,maia3-79m,5,f3e5,Ne5,0.0380090847611427,0.9665836482308804,0.6460910914428057,326,20,654,r1b1kb1r/pp2pppp/2n2n2/2Pp4/5B2/2q1PN2/P2N1PPP/R2QKB1R w KQkq -,MODEL_PREDICTION_NOT_EMPIRICAL,after_key,0.0380090847611427,maia3,-96,-334,238,SEVERE_ERROR,100000
LON-10,B4,1100,maia3-79m,6,d1c1,Qc1,0.0306750815361738,0.9665836482308804,0.6460910914428057,406,31,563,r1b1kb1r/pp2pppp/2n2n2/2Pp4/5B2/2q1PN2/P2N1PPP/R2QKB1R w KQkq -,MODEL_PREDICTION_NOT_EMPIRICAL,after_key,0.0306750815361738,maia3,-96,-186,90,ERROR,100000
LON-10,B4,1100,maia3-79m,7,f3d4,Nd4,0.0172996334731578,0.9665836482308804,0.6460910914428057,370,20,610,r1b1kb1r/pp2pppp/2n2n2/2Pp4/5B2/2q1PN2/P2N1PPP/R2QKB1R w KQkq -,MODEL_PREDICTION_NOT_EMPIRICAL,after_key,0.0172996334731578,maia3,-104,-149,45,ERROR,100000
LON-10,B4,1100,maia3-79m,8,d1a4,Qa4,0.0114820897579193,0.9665836482308804,0.6460910914428057,249,15,736,r1b1kb1r/pp2pppp/2n2n2/2Pp4/5B2/2q1PN2/P2N1PPP/R2QKB1R w KQkq -,MODEL_PREDICTION_NOT_EMPIRICAL,after_key,0.0114820897579193,maia3,-95,-576,481,SEVERE_ERROR,100000
LON-10,B4,1100,maia3-79m,9,d1b3,Qb3,0.0110555374994874,0.9665836482308804,0.6460910914428057,275,23,702,r1b1kb1r/pp2pppp/2n2n2/2Pp4/5B2/2q1PN2/P2N1PPP/R2QKB1R w KQkq -,MODEL_PREDICTION_NOT_EMPIRICAL,after_key,0.0110555374994874,maia3,-98,-419,321,SEVERE_ERROR,100000
LON-10,B4,1100,maia3-79m,10,a1b1,Rb1,0.0071254358626902,0.9665836482308804,0.6460910914428057,450,21,529,r1b1kb1r/pp2pppp/2n2n2/2Pp4/5B2/2q1PN2/P2N1PPP/R2QKB1R w KQkq -,MODEL_PREDICTION_NOT_EMPIRICAL,after_key,0.0071254358626902,maia3,-93,-131,38,OK,100000
LON-10,B4,1300,maia3-79m,1,a1c1,Rc1,0.5045971274375916,0.9797186274081467,0.6101847189576798,460,19,521,r1b1kb1r/pp2pppp/2n2n2/2Pp4/5B2/2q1PN2/P2N1PPP/R2QKB1R w KQkq -,MODEL_PREDICTION_NOT_EMPIRICAL,after_key,0.5045971274375916,maia3,-53,-81,28,OK,100000
LON-10,B4,1300,maia3-79m,2,f1b5,Bb5,0.2254908084869384,0.9797186274081467,0.6101847189576798,464,22,514,r1b1kb1r/pp2pppp/2n2n2/2Pp4/5B2/2q1PN2/P2N1PPP/R2QKB1R w KQkq -,MODEL_PREDICTION_NOT_EMPIRICAL,after_key,0.2254908084869384,maia3,-92,-105,13,OK,100000
LON-10,B4,1300,maia3-79m,3,f1e2,Be2,0.1358470022678375,0.9797186274081467,0.6101847189576798,452,21,527,r1b1kb1r/pp2pppp/2n2n2/2Pp4/5B2/2q1PN2/P2N1PPP/R2QKB1R w KQkq -,MODEL_PREDICTION_NOT_EMPIRICAL,after_key,0.1358470022678375,maia3,-92,-119,27,OK,100000
LON-10,B4,1300,maia3-79m,4,f4e5,Be5,0.0294684320688247,0.9797186274081467,0.6101847189576798,289,17,694,r1b1kb1r/pp2pppp/2n2n2/2Pp4/5B2/2q1PN2/P2N1PPP/R2QKB1R w KQkq -,MODEL_PREDICTION_NOT_EMPIRICAL,after_key,0.0294684320688247,maia3,-90,-336,246,SEVERE_ERROR,100000
LON-10,B4,1300,maia3-79m,5,f3e5,Ne5,0.0236903857439756,0.9797186274081467,0.6101847189576798,314,20,666,r1b1kb1r/pp2pppp/2n2n2/2Pp4/5B2/2q1PN2/P2N1PPP/R2QKB1R w KQkq -,MODEL_PREDICTION_NOT_EMPIRICAL,after_key,0.0236903857439756,maia3,-96,-334,238,SEVERE_ERROR,100000
LON-10,B4,1300,maia3-79m,6,d1c1,Qc1,0.0223532449454069,0.9797186274081467,0.6101847189576798,385,31,584,r1b1kb1r/pp2pppp/2n2n2/2Pp4/5B2/2q1PN2/P2N1PPP/R2QKB1R w KQkq -,MODEL_PREDICTION_NOT_EMPIRICAL,after_key,0.0223532449454069,maia3,-96,-186,90,ERROR,100000
LON-10,B4,1300,maia3-79m,7,f3d4,Nd4,0.0159609820693731,0.9797186274081467,0.6101847189576798,366,19,615,r1b1kb1r/pp2pppp/2n2n2/2Pp4/5B2/2q1PN2/P2N1PPP/R2QKB1R w KQkq -,MODEL_PREDICTION_NOT_EMPIRICAL,after_key,0.0159609820693731,maia3,-104,-149,45,ERROR,100000
LON-10,B4,1300,maia3-79m,8,d1b3,Qb3,0.0082164006307721,0.9797186274081467,0.6101847189576798,257,20,723,r1b1kb1r/pp2pppp/2n2n2/2Pp4/5B2/2q1PN2/P2N1PPP/R2QKB1R w KQkq -,MODEL_PREDICTION_NOT_EMPIRICAL,after_key,0.0082164006307721,maia3,-98,-419,321,SEVERE_ERROR,100000
LON-10,B4,1300,maia3-79m,9,d1a4,Qa4,0.0071030296385288,0.9797186274081467,0.6101847189576798,225,13,762,r1b1kb1r/pp2pppp/2n2n2/2Pp4/5B2/2q1PN2/P2N1PPP/R2QKB1R w KQkq -,MODEL_PREDICTION_NOT_EMPIRICAL,after_key,0.0071030296385288,maia3,-95,-576,481,SEVERE_ERROR,100000
LON-10,B4,1300,maia3-79m,10,a1b1,Rb1,0.0069912141188979,0.9797186274081467,0.6101847189576798,444,21,535,r1b1kb1r/pp2pppp/2n2n2/2Pp4/5B2/2q1PN2/P2N1PPP/R2QKB1R w KQkq -,MODEL_PREDICTION_NOT_EMPIRICAL,after_key,0.0069912141188979,maia3,-93,-131,38,OK,100000
LON-10,B4,1500,maia3-79m,1,a1c1,Rc1,0.5314466953277588,0.9871701970696448,0.5679280151653948,449,19,532,r1b1kb1r/pp2pppp/2n2n2/2Pp4/5B2/2q1PN2/P2N1PPP/R2QKB1R w KQkq -,MODEL_PREDICTION_NOT_EMPIRICAL,after_key,0.5314466953277588,maia3,-53,-81,28,OK,100000
LON-10,B4,1500,maia3-79m,2,f1b5,Bb5,0.2214182764291763,0.9871701970696448,0.5679280151653948,468,23,509,r1b1kb1r/pp2pppp/2n2n2/2Pp4/5B2/2q1PN2/P2N1PPP/R2QKB1R w KQkq -,MODEL_PREDICTION_NOT_EMPIRICAL,after_key,0.2214182764291763,maia3,-92,-105,13,OK,100000
LON-10,B4,1500,maia3-79m,3,f1e2,Be2,0.1539610773324966,0.9871701970696448,0.5679280151653948,447,22,531,r1b1kb1r/pp2pppp/2n2n2/2Pp4/5B2/2q1PN2/P2N1PPP/R2QKB1R w KQkq -,MODEL_PREDICTION_NOT_EMPIRICAL,after_key,0.1539610773324966,maia3,-92,-119,27,OK,100000
LON-10,B4,1500,maia3-79m,4,f4e5,Be5,0.0189339146018028,0.9871701970696448,0.5679280151653948,265,16,719,r1b1kb1r/pp2pppp/2n2n2/2Pp4/5B2/2q1PN2/P2N1PPP/R2QKB1R w KQkq -,MODEL_PREDICTION_NOT_EMPIRICAL,after_key,0.0189339146018028,maia3,-90,-336,246,SEVERE_ERROR,100000
LON-10,B4,1500,maia3-79m,5,d1c1,Qc1,0.0170673988759517,0.9871701970696448,0.5679280151653948,372,32,596,r1b1kb1r/pp2pppp/2n2n2/2Pp4/5B2/2q1PN2/P2N1PPP/R2QKB1R w KQkq -,MODEL_PREDICTION_NOT_EMPIRICAL,after_key,0.0170673988759517,maia3,-96,-186,90,ERROR,100000
LON-10,B4,1500,maia3-79m,6,f3d4,Nd4,0.0139467539265751,0.9871701970696448,0.5679280151653948,366,19,615,r1b1kb1r/pp2pppp/2n2n2/2Pp4/5B2/2q1PN2/P2N1PPP/R2QKB1R w KQkq -,MODEL_PREDICTION_NOT_EMPIRICAL,after_key,0.0139467539265751,maia3,-104,-149,45,ERROR,100000
LON-10,B4,1500,maia3-79m,7,f3e5,Ne5,0.0130148632451891,0.9871701970696448,0.5679280151653948,305,20,675,r1b1kb1r/pp2pppp/2n2n2/2Pp4/5B2/2q1PN2/P2N1PPP/R2QKB1R w KQkq -,MODEL_PREDICTION_NOT_EMPIRICAL,after_key,0.0130148632451891,maia3,-96,-334,238,SEVERE_ERROR,100000
LON-10,B4,1500,maia3-79m,8,d1b3,Qb3,0.006751649081707,0.9871701970696448,0.5679280151653948,244,20,736,r1b1kb1r/pp2pppp/2n2n2/2Pp4/5B2/2q1PN2/P2N1PPP/R2QKB1R w KQkq -,MODEL_PREDICTION_NOT_EMPIRICAL,after_key,0.006751649081707,maia3,-98,-419,321,SEVERE_ERROR,100000
LON-10,B4,1500,maia3-79m,9,a1b1,Rb1,0.0064506819471716,0.9871701970696448,0.5679280151653948,443,22,535,r1b1kb1r/pp2pppp/2n2n2/2Pp4/5B2/2q1PN2/P2N1PPP/R2QKB1R w KQkq -,MODEL_PREDICTION_NOT_EMPIRICAL,after_key,0.0064506819471716,maia3,-93,-131,38,OK,100000
LON-10,B4,1500,maia3-79m,10,d1a4,Qa4,0.0041788863018155,0.9871701970696448,0.5679280151653948,208,13,779,r1b1kb1r/pp2pppp/2n2n2/2Pp4/5B2/2q1PN2/P2N1PPP/R2QKB1R w KQkq -,MODEL_PREDICTION_NOT_EMPIRICAL,after_key,0.0041788863018155,maia3,-95,-576,481,SEVERE_ERROR,100000
LON-10,B4,1700,maia3-79m,1,a1c1,Rc1,0.5818820595741272,0.9924100453499703,0.5084048825586385,440,21,539,r1b1kb1r/pp2pppp/2n2n2/2Pp4/5B2/2q1PN2/P2N1PPP/R2QKB1R w KQkq -,MODEL_PREDICTION_NOT_EMPIRICAL,after_key,0.5818820595741272,maia3,-53,-81,28,OK,100000
LON-10,B4,1700,maia3-79m,2,f1b5,Bb5,0.2092493176460266,0.9924100453499703,0.5084048825586385,469,25,506,r1b1kb1r/pp2pppp/2n2n2/2Pp4/5B2/2q1PN2/P2N1PPP/R2QKB1R w KQkq -,MODEL_PREDICTION_NOT_EMPIRICAL,after_key,0.2092493176460266,maia3,-92,-105,13,OK,100000
LON-10,B4,1700,maia3-79m,3,f1e2,Be2,0.1510104238986969,0.9924100453499703,0.5084048825586385,442,24,534,r1b1kb1r/pp2pppp/2n2n2/2Pp4/5B2/2q1PN2/P2N1PPP/R2QKB1R w KQkq -,MODEL_PREDICTION_NOT_EMPIRICAL,after_key,0.1510104238986969,maia3,-92,-119,27,OK,100000
LON-10,B4,1700,maia3-79m,4,d1c1,Qc1,0.011603258550167,0.9924100453499703,0.5084048825586385,367,36,597,r1b1kb1r/pp2pppp/2n2n2/2Pp4/5B2/2q1PN2/P2N1PPP/R2QKB1R w KQkq -,MODEL_PREDICTION_NOT_EMPIRICAL,after_key,0.011603258550167,maia3,-96,-186,90,ERROR,100000
LON-10,B4,1700,maia3-79m,5,f4e5,Be5,0.0102266063913702,0.9924100453499703,0.5084048825586385,243,17,740,r1b1kb1r/pp2pppp/2n2n2/2Pp4/5B2/2q1PN2/P2N1PPP/R2QKB1R w KQkq -,MODEL_PREDICTION_NOT_EMPIRICAL,after_key,0.0102266063913702,maia3,-90,-336,246,SEVERE_ERROR,100000
LON-10,B4,1700,maia3-79m,6,f3d4,Nd4,0.0100602637976408,0.9924100453499703,0.5084048825586385,374,21,605,r1b1kb1r/pp2pppp/2n2n2/2Pp4/5B2/2q1PN2/P2N1PPP/R2QKB1R w KQkq -,MODEL_PREDICTION_NOT_EMPIRICAL,after_key,0.0100602637976408,maia3,-104,-149,45,ERROR,100000
LON-10,B4,1700,maia3-79m,7,f3e5,Ne5,0.0058872587978839,0.9924100453499703,0.5084048825586385,301,22,677,r1b1kb1r/pp2pppp/2n2n2/2Pp4/5B2/2q1PN2/P2N1PPP/R2QKB1R w KQkq -,MODEL_PREDICTION_NOT_EMPIRICAL,after_key,0.0058872587978839,maia3,-96,-334,238,SEVERE_ERROR,100000
LON-10,B4,1700,maia3-79m,8,d1b3,Qb3,0.0052960296161472,0.9924100453499703,0.5084048825586385,235,21,744,r1b1kb1r/pp2pppp/2n2n2/2Pp4/5B2/2q1PN2/P2N1PPP/R2QKB1R w KQkq -,MODEL_PREDICTION_NOT_EMPIRICAL,after_key,0.0052960296161472,maia3,-98,-419,321,SEVERE_ERROR,100000
LON-10,B4,1700,maia3-79m,9,a1b1,Rb1,0.0049749040044844,0.9924100453499703,0.5084048825586385,443,24,533,r1b1kb1r/pp2pppp/2n2n2/2Pp4/5B2/2q1PN2/P2N1PPP/R2QKB1R w KQkq -,MODEL_PREDICTION_NOT_EMPIRICAL,after_key,0.0049749040044844,maia3,-93,-131,38,OK,100000
LON-10,B4,1700,maia3-79m,10,d1a4,Qa4,0.0022199230734258,0.9924100453499703,0.5084048825586385,190,13,797,r1b1kb1r/pp2pppp/2n2n2/2Pp4/5B2/2q1PN2/P2N1PPP/R2QKB1R w KQkq -,MODEL_PREDICTION_NOT_EMPIRICAL,after_key,0.0022199230734258,maia3,-95,-576,481,SEVERE_ERROR,100000
LON-10,B4,1900,maia3-79m,1,a1c1,Rc1,0.6636651754379272,0.99597843142692,0.427990005243807,439,25,536,r1b1kb1r/pp2pppp/2n2n2/2Pp4/5B2/2q1PN2/P2N1PPP/R2QKB1R w KQkq -,MODEL_PREDICTION_NOT_EMPIRICAL,after_key,0.6636651754379272,maia3,-53,-81,28,OK,100000
LON-10,B4,1900,maia3-79m,2,f1b5,Bb5,0.1871307343244552,0.99597843142692,0.427990005243807,468,28,504,r1b1kb1r/pp2pppp/2n2n2/2Pp4/5B2/2q1PN2/P2N1PPP/R2QKB1R w KQkq -,MODEL_PREDICTION_NOT_EMPIRICAL,after_key,0.1871307343244552,maia3,-92,-105,13,OK,100000
LON-10,B4,1900,maia3-79m,3,f1e2,Be2,0.1180941611528396,0.99597843142692,0.427990005243807,433,27,540,r1b1kb1r/pp2pppp/2n2n2/2Pp4/5B2/2q1PN2/P2N1PPP/R2QKB1R w KQkq -,MODEL_PREDICTION_NOT_EMPIRICAL,after_key,0.1180941611528396,maia3,-92,-119,27,OK,100000
LON-10,B4,1900,maia3-79m,4,d1c1,Qc1,0.0067713242024183,0.99597843142692,0.427990005243807,369,41,590,r1b1kb1r/pp2pppp/2n2n2/2Pp4/5B2/2q1PN2/P2N1PPP/R2QKB1R w KQkq -,MODEL_PREDICTION_NOT_EMPIRICAL,after_key,0.0067713242024183,maia3,-96,-186,90,ERROR,100000
LON-10,B4,1900,maia3-79m,5,f3d4,Nd4,0.0052123325876891,0.99597843142692,0.427990005243807,372,23,605,r1b1kb1r/pp2pppp/2n2n2/2Pp4/5B2/2q1PN2/P2N1PPP/R2QKB1R w KQkq -,MODEL_PREDICTION_NOT_EMPIRICAL,after_key,0.0052123325876891,maia3,-104,-149,45,ERROR,100000
LON-10,B4,1900,maia3-79m,6,f4e5,Be5,0.004678342025727,0.99597843142692,0.427990005243807,233,17,750,r1b1kb1r/pp2pppp/2n2n2/2Pp4/5B2/2q1PN2/P2N1PPP/R2QKB1R w KQkq -,MODEL_PREDICTION_NOT_EMPIRICAL,after_key,0.004678342025727,maia3,-90,-336,246,SEVERE_ERROR,100000
LON-10,B4,1900,maia3-79m,7,a1b1,Rb1,0.0038528672885149,0.99597843142692,0.427990005243807,446,28,526,r1b1kb1r/pp2pppp/2n2n2/2Pp4/5B2/2q1PN2/P2N1PPP/R2QKB1R w KQkq -,MODEL_PREDICTION_NOT_EMPIRICAL,after_key,0.0038528672885149,maia3,-93,-131,38,OK,100000
LON-10,B4,1900,maia3-79m,8,d1b3,Qb3,0.0031714199576526,0.99597843142692,0.427990005243807,227,22,751,r1b1kb1r/pp2pppp/2n2n2/2Pp4/5B2/2q1PN2/P2N1PPP/R2QKB1R w KQkq -,MODEL_PREDICTION_NOT_EMPIRICAL,after_key,0.0031714199576526,maia3,-98,-419,321,SEVERE_ERROR,100000
LON-10,B4,1900,maia3-79m,9,f3e5,Ne5,0.002259419998154,0.99597843142692,0.427990005243807,297,23,680,r1b1kb1r/pp2pppp/2n2n2/2Pp4/5B2/2q1PN2/P2N1PPP/R2QKB1R w KQkq -,MODEL_PREDICTION_NOT_EMPIRICAL,after_key,0.002259419998154,maia3,-96,-334,238,SEVERE_ERROR,100000
LON-10,B4,1900,maia3-79m,10,d1a4,Qa4,0.0011426544515416,0.99597843142692,0.427990005243807,162,13,825,r1b1kb1r/pp2pppp/2n2n2/2Pp4/5B2/2q1PN2/P2N1PPP/R2QKB1R w KQkq -,MODEL_PREDICTION_NOT_EMPIRICAL,after_key,0.0011426544515416,maia3,-95,-576,481,SEVERE_ERROR,100000
LON-10,B4,2100,maia3-79m,1,a1c1,Rc1,0.7482882142066956,0.9981562591856346,0.339963019709467,457,32,511,r1b1kb1r/pp2pppp/2n2n2/2Pp4/5B2/2q1PN2/P2N1PPP/R2QKB1R w KQkq -,MODEL_PREDICTION_NOT_EMPIRICAL,after_key,0.7482882142066956,maia3,-53,-81,28,OK,100000
LON-10,B4,2100,maia3-79m,2,f1b5,Bb5,0.1692288964986801,0.9981562591856346,0.339963019709467,472,36,492,r1b1kb1r/pp2pppp/2n2n2/2Pp4/5B2/2q1PN2/P2N1PPP/R2QKB1R w KQkq -,MODEL_PREDICTION_NOT_EMPIRICAL,after_key,0.1692288964986801,maia3,-92,-105,13,OK,100000
LON-10,B4,2100,maia3-79m,3,f1e2,Be2,0.0666664019227027,0.9981562591856346,0.339963019709467,422,34,544,r1b1kb1r/pp2pppp/2n2n2/2Pp4/5B2/2q1PN2/P2N1PPP/R2QKB1R w KQkq -,MODEL_PREDICTION_NOT_EMPIRICAL,after_key,0.0666664019227027,maia3,-92,-119,27,OK,100000
LON-10,B4,2100,maia3-79m,4,d1c1,Qc1,0.0038452104199677,0.9981562591856346,0.339963019709467,376,50,574,r1b1kb1r/pp2pppp/2n2n2/2Pp4/5B2/2q1PN2/P2N1PPP/R2QKB1R w KQkq -,MODEL_PREDICTION_NOT_EMPIRICAL,after_key,0.0038452104199677,maia3,-96,-186,90,ERROR,100000
LON-10,B4,2100,maia3-79m,5,a1b1,Rb1,0.0032357571180909,0.9981562591856346,0.339963019709467,441,36,523,r1b1kb1r/pp2pppp/2n2n2/2Pp4/5B2/2q1PN2/P2N1PPP/R2QKB1R w KQkq -,MODEL_PREDICTION_NOT_EMPIRICAL,after_key,0.0032357571180909,maia3,-93,-131,38,OK,100000
LON-10,B4,2100,maia3-79m,6,f3d4,Nd4,0.0022121593356132,0.9981562591856346,0.339963019709467,375,28,597,r1b1kb1r/pp2pppp/2n2n2/2Pp4/5B2/2q1PN2/P2N1PPP/R2QKB1R w KQkq -,MODEL_PREDICTION_NOT_EMPIRICAL,after_key,0.0022121593356132,maia3,-104,-149,45,ERROR,100000
LON-10,B4,2100,maia3-79m,7,f4e5,Be5,0.0017378247575834,0.9981562591856346,0.339963019709467,238,20,742,r1b1kb1r/pp2pppp/2n2n2/2Pp4/5B2/2q1PN2/P2N1PPP/R2QKB1R w KQkq -,MODEL_PREDICTION_NOT_EMPIRICAL,after_key,0.0017378247575834,maia3,-90,-336,246,SEVERE_ERROR,100000
LON-10,B4,2100,maia3-79m,8,d1b3,Qb3,0.0015150175895541,0.9981562591856346,0.339963019709467,214,24,762,r1b1kb1r/pp2pppp/2n2n2/2Pp4/5B2/2q1PN2/P2N1PPP/R2QKB1R w KQkq -,MODEL_PREDICTION_NOT_EMPIRICAL,after_key,0.0015150175895541,maia3,-98,-419,321,SEVERE_ERROR,100000
LON-10,B4,2100,maia3-79m,9,f3e5,Ne5,0.0008698537712916,0.9981562591856346,0.339963019709467,285,26,689,r1b1kb1r/pp2pppp/2n2n2/2Pp4/5B2/2q1PN2/P2N1PPP/R2QKB1R w KQkq -,MODEL_PREDICTION_NOT_EMPIRICAL,after_key,0.0008698537712916,maia3,-96,-334,238,SEVERE_ERROR,100000
LON-10,B4,2100,maia3-79m,10,d1a4,Qa4,0.0005569235654547,0.9981562591856346,0.339963019709467,134,14,852,r1b1kb1r/pp2pppp/2n2n2/2Pp4/5B2/2q1PN2/P2N1PPP/R2QKB1R w KQkq -,MODEL_PREDICTION_NOT_EMPIRICAL,after_key,0.0005569235654547,maia3,-95,-576,481,SEVERE_ERROR,100000
LON-11,B4,1100,maia3-79m,1,f1b5,Bb5,0.2929671108722687,0.9562093792483212,0.8071551510013169,566,19,415,r1b1kb1r/pp2pppp/2n2n2/2pp4/3P1B2/2q1PN2/P2N1PPP/1R1QKB1R w Kkq -,MODEL_PREDICTION_NOT_EMPIRICAL,after_key,0.2929671108722687,maia3,-53,-53,0,OK,100000
LON-11,B4,1100,maia3-79m,2,b1b3,Rb3,0.1915554851293563,0.9562093792483212,0.8071551510013169,447,29,524,r1b1kb1r/pp2pppp/2n2n2/2pp4/3P1B2/2q1PN2/P2N1PPP/1R1QKB1R w Kkq -,MODEL_PREDICTION_NOT_EMPIRICAL,after_key,0.1915554851293563,maia3,-64,-150,86,ERROR,100000
LON-11,B4,1100,maia3-79m,3,b1c1,Rc1,0.1409820020198822,0.9562093792483212,0.8071551510013169,466,25,509,r1b1kb1r/pp2pppp/2n2n2/2pp4/3P1B2/2q1PN2/P2N1PPP/1R1QKB1R w Kkq -,MODEL_PREDICTION_NOT_EMPIRICAL,after_key,0.1409820020198822,maia3,-61,-141,80,ERROR,100000
LON-11,B4,1100,maia3-79m,4,f1e2,Be2,0.100912220776081,0.9562093792483212,0.8071551510013169,490,19,491,r1b1kb1r/pp2pppp/2n2n2/2pp4/3P1B2/2q1PN2/P2N1PPP/1R1QKB1R w Kkq -,MODEL_PREDICTION_NOT_EMPIRICAL,after_key,0.100912220776081,maia3,-51,-146,95,ERROR,100000
LON-11,B4,1100,maia3-79m,5,f3e5,Ne5,0.0894114598631858,0.9562093792483212,0.8071551510013169,483,20,497,r1b1kb1r/pp2pppp/2n2n2/2pp4/3P1B2/2q1PN2/P2N1PPP/1R1QKB1R w Kkq -,MODEL_PREDICTION_NOT_EMPIRICAL,after_key,0.0894114598631858,maia3,-57,-228,171,SEVERE_ERROR,100000
LON-11,B4,1100,maia3-79m,6,d4c5,dxc5,0.0725372731685638,0.9562093792483212,0.8071551510013169,464,20,516,r1b1kb1r/pp2pppp/2n2n2/2pp4/3P1B2/2q1PN2/P2N1PPP/1R1QKB1R w Kkq -,MODEL_PREDICTION_NOT_EMPIRICAL,after_key,0.0725372731685638,maia3,-58,-137,79,ERROR,100000
LON-11,B4,1100,maia3-79m,7,d1a4,Qa4,0.0294359419494867,0.9562093792483212,0.8071551510013169,509,17,474,r1b1kb1r/pp2pppp/2n2n2/2pp4/3P1B2/2q1PN2/P2N1PPP/1R1QKB1R w Kkq -,MODEL_PREDICTION_NOT_EMPIRICAL,after_key,0.0294359419494867,maia3,-65,-259,194,SEVERE_ERROR,100000
LON-11,B4,1100,maia3-79m,8,d1b3,Qb3,0.0198012944310903,0.9562093792483212,0.8071551510013169,422,34,544,r1b1kb1r/pp2pppp/2n2n2/2pp4/3P1B2/2q1PN2/P2N1PPP/1R1QKB1R w Kkq -,MODEL_PREDICTION_NOT_EMPIRICAL,after_key,0.0198012944310903,maia3,-56,-313,257,SEVERE_ERROR,100000
LON-11,B4,1100,maia3-79m,9,d1c1,Qc1,0.0093875713646411,0.9562093792483212,0.8071551510013169,396,32,572,r1b1kb1r/pp2pppp/2n2n2/2pp4/3P1B2/2q1PN2/P2N1PPP/1R1QKB1R w Kkq -,MODEL_PREDICTION_NOT_EMPIRICAL,after_key,0.0093875713646411,maia3,-56,-340,284,SEVERE_ERROR,100000
LON-11,B4,1100,maia3-79m,10,f1d3,Bd3,0.0092190196737647,0.9562093792483212,0.8071551510013169,301,16,683,r1b1kb1r/pp2pppp/2n2n2/2pp4/3P1B2/2q1PN2/P2N1PPP/1R1QKB1R w Kkq -,MODEL_PREDICTION_NOT_EMPIRICAL,after_key,0.0092190196737647,maia3,-63,-452,389,SEVERE_ERROR,100000
LON-11,B4,1300,maia3-79m,1,f1b5,Bb5,0.3392136394977569,0.9684611205011606,0.7843661436823942,556,20,424,r1b1kb1r/pp2pppp/2n2n2/2pp4/3P1B2/2q1PN2/P2N1PPP/1R1QKB1R w Kkq -,MODEL_PREDICTION_NOT_EMPIRICAL,after_key,0.3392136394977569,maia3,-53,-53,0,OK,100000
LON-11,B4,1300,maia3-79m,2,b1b3,Rb3,0.163405030965805,0.9684611205011606,0.7843661436823942,432,27,541,r1b1kb1r/pp2pppp/2n2n2/2pp4/3P1B2/2q1PN2/P2N1PPP/1R1QKB1R w Kkq -,MODEL_PREDICTION_NOT_EMPIRICAL,after_key,0.163405030965805,maia3,-64,-150,86,ERROR,100000
LON-11,B4,1300,maia3-79m,3,f1e2,Be2,0.1290797293186187,0.9684611205011606,0.7843661436823942,478,19,503,r1b1kb1r/pp2pppp/2n2n2/2pp4/3P1B2/2q1PN2/P2N1PPP/1R1QKB1R w Kkq -,MODEL_PREDICTION_NOT_EMPIRICAL,after_key,0.1290797293186187,maia3,-51,-146,95,ERROR,100000
LON-11,B4,1300,maia3-79m,4,b1c1,Rc1,0.1213834434747695,0.9684611205011606,0.7843661436823942,460,23,517,r1b1kb1r/pp2pppp/2n2n2/2pp4/3P1B2/2q1PN2/P2N1PPP/1R1QKB1R w Kkq -,MODEL_PREDICTION_NOT_EMPIRICAL,after_key,0.1213834434747695,maia3,-61,-141,80,ERROR,100000
LON-11,B4,1300,maia3-79m,5,d4c5,dxc5,0.0846449583768844,0.9684611205011606,0.7843661436823942,459,20,521,r1b1kb1r/pp2pppp/2n2n2/2pp4/3P1B2/2q1PN2/P2N1PPP/1R1QKB1R w Kkq -,MODEL_PREDICTION_NOT_EMPIRICAL,after_key,0.0846449583768844,maia3,-58,-137,79,ERROR,100000
LON-11,B4,1300,maia3-79m,6,f3e5,Ne5,0.0793521925806999,0.9684611205011606,0.7843661436823942,464,20,516,r1b1kb1r/pp2pppp/2n2n2/2pp4/3P1B2/2q1PN2/P2N1PPP/1R1QKB1R w Kkq -,MODEL_PREDICTION_NOT_EMPIRICAL,after_key,0.0793521925806999,maia3,-57,-228,171,SEVERE_ERROR,100000
LON-11,B4,1300,maia3-79m,7,d1a4,Qa4,0.0268056560307741,0.9684611205011606,0.7843661436823942,500,17,483,r1b1kb1r/pp2pppp/2n2n2/2pp4/3P1B2/2q1PN2/P2N1PPP/1R1QKB1R w Kkq -,MODEL_PREDICTION_NOT_EMPIRICAL,after_key,0.0268056560307741,maia3,-65,-259,194,SEVERE_ERROR,100000
LON-11,B4,1300,maia3-79m,8,d1b3,Qb3,0.0130509072914719,0.9684611205011606,0.7843661436823942,399,32,569,r1b1kb1r/pp2pppp/2n2n2/2pp4/3P1B2/2q1PN2/P2N1PPP/1R1QKB1R w Kkq -,MODEL_PREDICTION_NOT_EMPIRICAL,after_key,0.0130509072914719,maia3,-56,-313,257,SEVERE_ERROR,100000
LON-11,B4,1300,maia3-79m,9,f1d3,Bd3,0.006379859521985,0.9684611205011606,0.7843661436823942,288,14,698,r1b1kb1r/pp2pppp/2n2n2/2pp4/3P1B2/2q1PN2/P2N1PPP/1R1QKB1R w Kkq -,MODEL_PREDICTION_NOT_EMPIRICAL,after_key,0.006379859521985,maia3,-63,-452,389,SEVERE_ERROR,100000
LON-11,B4,1300,maia3-79m,10,f4c7,Bc7,0.0051457034423947,0.9684611205011606,0.7843661436823942,457,20,523,r1b1kb1r/pp2pppp/2n2n2/2pp4/3P1B2/2q1PN2/P2N1PPP/1R1QKB1R w Kkq -,MODEL_PREDICTION_NOT_EMPIRICAL,after_key,0.0051457034423947,maia3,-67,-183,116,SEVERE_ERROR,100000
LON-11,B4,1500,maia3-79m,1,f1b5,Bb5,0.3587538003921509,0.9781542886048556,0.7720476455951928,552,21,427,r1b1kb1r/pp2pppp/2n2n2/2pp4/3P1B2/2q1PN2/P2N1PPP/1R1QKB1R w Kkq -,MODEL_PREDICTION_NOT_EMPIRICAL,after_key,0.3587538003921509,maia3,-53,-53,0,OK,100000
LON-11,B4,1500,maia3-79m,2,f1e2,Be2,0.1493869125843048,0.9781542886048556,0.7720476455951928,473,20,507,r1b1kb1r/pp2pppp/2n2n2/2pp4/3P1B2/2q1PN2/P2N1PPP/1R1QKB1R w Kkq -,MODEL_PREDICTION_NOT_EMPIRICAL,after_key,0.1493869125843048,maia3,-51,-146,95,ERROR,100000
LON-11,B4,1500,maia3-79m,3,b1b3,Rb3,0.1424351036548614,0.9781542886048556,0.7720476455951928,424,27,549,r1b1kb1r/pp2pppp/2n2n2/2pp4/3P1B2/2q1PN2/P2N1PPP/1R1QKB1R w Kkq -,MODEL_PREDICTION_NOT_EMPIRICAL,after_key,0.1424351036548614,maia3,-64,-150,86,ERROR,100000
LON-11,B4,1500,maia3-79m,4,b1c1,Rc1,0.1108295917510986,0.9781542886048556,0.7720476455951928,463,24,513,r1b1kb1r/pp2pppp/2n2n2/2pp4/3P1B2/2q1PN2/P2N1PPP/1R1QKB1R w Kkq -,MODEL_PREDICTION_NOT_EMPIRICAL,after_key,0.1108295917510986,maia3,-61,-141,80,ERROR,100000
LON-11,B4,1500,maia3-79m,5,d4c5,dxc5,0.1090892851352691,0.9781542886048556,0.7720476455951928,457,21,522,r1b1kb1r/pp2pppp/2n2n2/2pp4/3P1B2/2q1PN2/P2N1PPP/1R1QKB1R w Kkq -,MODEL_PREDICTION_NOT_EMPIRICAL,after_key,0.1090892851352691,maia3,-58,-137,79,ERROR,100000
LON-11,B4,1500,maia3-79m,6,f3e5,Ne5,0.0648467615246772,0.9781542886048556,0.7720476455951928,460,21,519,r1b1kb1r/pp2pppp/2n2n2/2pp4/3P1B2/2q1PN2/P2N1PPP/1R1QKB1R w Kkq -,MODEL_PREDICTION_NOT_EMPIRICAL,after_key,0.0648467615246772,maia3,-57,-228,171,SEVERE_ERROR,100000
LON-11,B4,1500,maia3-79m,7,d1a4,Qa4,0.0227728635072708,0.9781542886048556,0.7720476455951928,494,18,488,r1b1kb1r/pp2pppp/2n2n2/2pp4/3P1B2/2q1PN2/P2N1PPP/1R1QKB1R w Kkq -,MODEL_PREDICTION_NOT_EMPIRICAL,after_key,0.0227728635072708,maia3,-65,-259,194,SEVERE_ERROR,100000
LON-11,B4,1500,maia3-79m,8,d1b3,Qb3,0.0098211066797375,0.9781542886048556,0.7720476455951928,382,32,586,r1b1kb1r/pp2pppp/2n2n2/2pp4/3P1B2/2q1PN2/P2N1PPP/1R1QKB1R w Kkq -,MODEL_PREDICTION_NOT_EMPIRICAL,after_key,0.0098211066797375,maia3,-56,-313,257,SEVERE_ERROR,100000
LON-11,B4,1500,maia3-79m,9,f4c7,Bc7,0.0054339035414159,0.9781542886048556,0.7720476455951928,440,20,540,r1b1kb1r/pp2pppp/2n2n2/2pp4/3P1B2/2q1PN2/P2N1PPP/1R1QKB1R w Kkq -,MODEL_PREDICTION_NOT_EMPIRICAL,after_key,0.0054339035414159,maia3,-67,-183,116,SEVERE_ERROR,100000
LON-11,B4,1500,maia3-79m,10,f1d3,Bd3,0.004784959834069,0.9781542886048556,0.7720476455951928,276,14,710,r1b1kb1r/pp2pppp/2n2n2/2pp4/3P1B2/2q1PN2/P2N1PPP/1R1QKB1R w Kkq -,MODEL_PREDICTION_NOT_EMPIRICAL,after_key,0.004784959834069,maia3,-63,-452,389,SEVERE_ERROR,100000
LON-11,B4,1700,maia3-79m,1,f1b5,Bb5,0.3608288168907165,0.9857321148738264,0.7583281049080868,548,22,430,r1b1kb1r/pp2pppp/2n2n2/2pp4/3P1B2/2q1PN2/P2N1PPP/1R1QKB1R w Kkq -,MODEL_PREDICTION_NOT_EMPIRICAL,after_key,0.3608288168907165,maia3,-53,-53,0,OK,100000
LON-11,B4,1700,maia3-79m,2,f1e2,Be2,0.1511538028717041,0.9857321148738264,0.7583281049080868,473,21,506,r1b1kb1r/pp2pppp/2n2n2/2pp4/3P1B2/2q1PN2/P2N1PPP/1R1QKB1R w Kkq -,MODEL_PREDICTION_NOT_EMPIRICAL,after_key,0.1511538028717041,maia3,-51,-146,95,ERROR,100000
LON-11,B4,1700,maia3-79m,3,d4c5,dxc5,0.1475380361080169,0.9857321148738264,0.7583281049080868,460,23,517,r1b1kb1r/pp2pppp/2n2n2/2pp4/3P1B2/2q1PN2/P2N1PPP/1R1QKB1R w Kkq -,MODEL_PREDICTION_NOT_EMPIRICAL,after_key,0.1475380361080169,maia3,-58,-137,79,ERROR,100000
LON-11,B4,1700,maia3-79m,4,b1b3,Rb3,0.1300708055496215,0.9857321148738264,0.7583281049080868,425,28,547,r1b1kb1r/pp2pppp/2n2n2/2pp4/3P1B2/2q1PN2/P2N1PPP/1R1QKB1R w Kkq -,MODEL_PREDICTION_NOT_EMPIRICAL,after_key,0.1300708055496215,maia3,-64,-150,86,ERROR,100000
LON-11,B4,1700,maia3-79m,5,b1c1,Rc1,0.1167142018675804,0.9857321148738264,0.7583281049080868,477,26,497,r1b1kb1r/pp2pppp/2n2n2/2pp4/3P1B2/2q1PN2/P2N1PPP/1R1QKB1R w Kkq -,MODEL_PREDICTION_NOT_EMPIRICAL,after_key,0.1167142018675804,maia3,-61,-141,80,ERROR,100000
LON-11,B4,1700,maia3-79m,6,f3e5,Ne5,0.0458996146917343,0.9857321148738264,0.7583281049080868,453,23,524,r1b1kb1r/pp2pppp/2n2n2/2pp4/3P1B2/2q1PN2/P2N1PPP/1R1QKB1R w Kkq -,MODEL_PREDICTION_NOT_EMPIRICAL,after_key,0.0458996146917343,maia3,-57,-228,171,SEVERE_ERROR,100000
LON-11,B4,1700,maia3-79m,7,d1a4,Qa4,0.0184795521199703,0.9857321148738264,0.7583281049080868,483,21,496,r1b1kb1r/pp2pppp/2n2n2/2pp4/3P1B2/2q1PN2/P2N1PPP/1R1QKB1R w Kkq -,MODEL_PREDICTION_NOT_EMPIRICAL,after_key,0.0184795521199703,maia3,-65,-259,194,SEVERE_ERROR,100000
LON-11,B4,1700,maia3-79m,8,d1b3,Qb3,0.0065049231052398,0.9857321148738264,0.7583281049080868,372,34,594,r1b1kb1r/pp2pppp/2n2n2/2pp4/3P1B2/2q1PN2/P2N1PPP/1R1QKB1R w Kkq -,MODEL_PREDICTION_NOT_EMPIRICAL,after_key,0.0065049231052398,maia3,-56,-313,257,SEVERE_ERROR,100000
LON-11,B4,1700,maia3-79m,9,f4c7,Bc7,0.0051574567332863,0.9857321148738264,0.7583281049080868,431,20,549,r1b1kb1r/pp2pppp/2n2n2/2pp4/3P1B2/2q1PN2/P2N1PPP/1R1QKB1R w Kkq -,MODEL_PREDICTION_NOT_EMPIRICAL,after_key,0.0051574567332863,maia3,-67,-183,116,SEVERE_ERROR,100000
LON-11,B4,1700,maia3-79m,10,f1d3,Bd3,0.003384904935956,0.9857321148738264,0.7583281049080868,258,14,728,r1b1kb1r/pp2pppp/2n2n2/2pp4/3P1B2/2q1PN2/P2N1PPP/1R1QKB1R w Kkq -,MODEL_PREDICTION_NOT_EMPIRICAL,after_key,0.003384904935956,maia3,-63,-452,389,SEVERE_ERROR,100000
LON-11,B4,1900,maia3-79m,1,f1b5,Bb5,0.3575150370597839,0.9920643953373656,0.7379651849954919,536,26,438,r1b1kb1r/pp2pppp/2n2n2/2pp4/3P1B2/2q1PN2/P2N1PPP/1R1QKB1R w Kkq -,MODEL_PREDICTION_NOT_EMPIRICAL,after_key,0.3575150370597839,maia3,-53,-53,0,OK,100000
LON-11,B4,1900,maia3-79m,2,d4c5,dxc5,0.177385613322258,0.9920643953373656,0.7379651849954919,461,27,512,r1b1kb1r/pp2pppp/2n2n2/2pp4/3P1B2/2q1PN2/P2N1PPP/1R1QKB1R w Kkq -,MODEL_PREDICTION_NOT_EMPIRICAL,after_key,0.177385613322258,maia3,-58,-137,79,ERROR,100000
LON-11,B4,1900,maia3-79m,3,b1c1,Rc1,0.1531459689140319,0.9920643953373656,0.7379651849954919,488,32,480,r1b1kb1r/pp2pppp/2n2n2/2pp4/3P1B2/2q1PN2/P2N1PPP/1R1QKB1R w Kkq -,MODEL_PREDICTION_NOT_EMPIRICAL,after_key,0.1531459689140319,maia3,-61,-141,80,ERROR,100000
LON-11,B4,1900,maia3-79m,4,b1b3,Rb3,0.1325989812612533,0.9920643953373656,0.7379651849954919,426,33,541,r1b1kb1r/pp2pppp/2n2n2/2pp4/3P1B2/2q1PN2/P2N1PPP/1R1QKB1R w Kkq -,MODEL_PREDICTION_NOT_EMPIRICAL,after_key,0.1325989812612533,maia3,-64,-150,86,ERROR,100000
LON-11,B4,1900,maia3-79m,5,f1e2,Be2,0.1203302070498466,0.9920643953373656,0.7379651849954919,469,24,507,r1b1kb1r/pp2pppp/2n2n2/2pp4/3P1B2/2q1PN2/P2N1PPP/1R1QKB1R w Kkq -,MODEL_PREDICTION_NOT_EMPIRICAL,after_key,0.1203302070498466,maia3,-51,-146,95,ERROR,100000
LON-11,B4,1900,maia3-79m,6,f3e5,Ne5,0.0256455931812524,0.9920643953373656,0.7379651849954919,430,26,544,r1b1kb1r/pp2pppp/2n2n2/2pp4/3P1B2/2q1PN2/P2N1PPP/1R1QKB1R w Kkq -,MODEL_PREDICTION_NOT_EMPIRICAL,after_key,0.0256455931812524,maia3,-57,-228,171,SEVERE_ERROR,100000
LON-11,B4,1900,maia3-79m,7,d1a4,Qa4,0.0153106460347771,0.9920643953373656,0.7379651849954919,466,26,508,r1b1kb1r/pp2pppp/2n2n2/2pp4/3P1B2/2q1PN2/P2N1PPP/1R1QKB1R w Kkq -,MODEL_PREDICTION_NOT_EMPIRICAL,after_key,0.0153106460347771,maia3,-65,-259,194,SEVERE_ERROR,100000
LON-11,B4,1900,maia3-79m,8,f4c7,Bc7,0.0053558866493403,0.9920643953373656,0.7379651849954919,424,23,553,r1b1kb1r/pp2pppp/2n2n2/2pp4/3P1B2/2q1PN2/P2N1PPP/1R1QKB1R w Kkq -,MODEL_PREDICTION_NOT_EMPIRICAL,after_key,0.0053558866493403,maia3,-67,-183,116,SEVERE_ERROR,100000
LON-11,B4,1900,maia3-79m,9,d1b3,Qb3,0.0029359480831772,0.9920643953373656,0.7379651849954919,363,38,599,r1b1kb1r/pp2pppp/2n2n2/2pp4/3P1B2/2q1PN2/P2N1PPP/1R1QKB1R w Kkq -,MODEL_PREDICTION_NOT_EMPIRICAL,after_key,0.0029359480831772,maia3,-56,-313,257,SEVERE_ERROR,100000
LON-11,B4,1900,maia3-79m,10,f1d3,Bd3,0.0018405137816444,0.9920643953373656,0.7379651849954919,223,15,762,r1b1kb1r/pp2pppp/2n2n2/2pp4/3P1B2/2q1PN2/P2N1PPP/1R1QKB1R w Kkq -,MODEL_PREDICTION_NOT_EMPIRICAL,after_key,0.0018405137816444,maia3,-63,-452,389,SEVERE_ERROR,100000
LON-11,B4,2100,maia3-79m,1,f1b5,Bb5,0.3470022678375244,0.9962193522369488,0.7000236929628164,517,35,448,r1b1kb1r/pp2pppp/2n2n2/2pp4/3P1B2/2q1PN2/P2N1PPP/1R1QKB1R w Kkq -,MODEL_PREDICTION_NOT_EMPIRICAL,after_key,0.3470022678375244,maia3,-53,-53,0,OK,100000
LON-11,B4,2100,maia3-79m,2,b1c1,Rc1,0.257831335067749,0.9962193522369488,0.7000236929628164,494,41,465,r1b1kb1r/pp2pppp/2n2n2/2pp4/3P1B2/2q1PN2/P2N1PPP/1R1QKB1R w Kkq -,MODEL_PREDICTION_NOT_EMPIRICAL,after_key,0.257831335067749,maia3,-61,-141,80,ERROR,100000
LON-11,B4,2100,maia3-79m,3,b1b3,Rb3,0.1532286554574966,0.9962193522369488,0.7000236929628164,429,45,526,r1b1kb1r/pp2pppp/2n2n2/2pp4/3P1B2/2q1PN2/P2N1PPP/1R1QKB1R w Kkq -,MODEL_PREDICTION_NOT_EMPIRICAL,after_key,0.1532286554574966,maia3,-64,-150,86,ERROR,100000
LON-11,B4,2100,maia3-79m,4,d4c5,dxc5,0.1411977559328079,0.9962193522369488,0.7000236929628164,447,34,519,r1b1kb1r/pp2pppp/2n2n2/2pp4/3P1B2/2q1PN2/P2N1PPP/1R1QKB1R w Kkq -,MODEL_PREDICTION_NOT_EMPIRICAL,after_key,0.1411977559328079,maia3,-58,-137,79,ERROR,100000
LON-11,B4,2100,maia3-79m,5,f1e2,Be2,0.0627804100513458,0.9962193522369488,0.7000236929628164,454,31,515,r1b1kb1r/pp2pppp/2n2n2/2pp4/3P1B2/2q1PN2/P2N1PPP/1R1QKB1R w Kkq -,MODEL_PREDICTION_NOT_EMPIRICAL,after_key,0.0627804100513458,maia3,-51,-146,95,ERROR,100000
LON-11,B4,2100,maia3-79m,6,d1a4,Qa4,0.0137084163725376,0.9962193522369488,0.7000236929628164,456,36,508,r1b1kb1r/pp2pppp/2n2n2/2pp4/3P1B2/2q1PN2/P2N1PPP/1R1QKB1R w Kkq -,MODEL_PREDICTION_NOT_EMPIRICAL,after_key,0.0137084163725376,maia3,-65,-259,194,SEVERE_ERROR,100000
LON-11,B4,2100,maia3-79m,7,f3e5,Ne5,0.0116445058956742,0.9962193522369488,0.7000236929628164,405,32,563,r1b1kb1r/pp2pppp/2n2n2/2pp4/3P1B2/2q1PN2/P2N1PPP/1R1QKB1R w Kkq -,MODEL_PREDICTION_NOT_EMPIRICAL,after_key,0.0116445058956742,maia3,-57,-228,171,SEVERE_ERROR,100000
LON-11,B4,2100,maia3-79m,8,f4c7,Bc7,0.0073162047192454,0.9962193522369488,0.7000236929628164,407,29,564,r1b1kb1r/pp2pppp/2n2n2/2pp4/3P1B2/2q1PN2/P2N1PPP/1R1QKB1R w Kkq -,MODEL_PREDICTION_NOT_EMPIRICAL,after_key,0.0073162047192454,maia3,-67,-183,116,SEVERE_ERROR,100000
LON-11,B4,2100,maia3-79m,9,d1b3,Qb3,0.0007574748597107,0.9962193522369488,0.7000236929628164,351,44,605,r1b1kb1r/pp2pppp/2n2n2/2pp4/3P1B2/2q1PN2/P2N1PPP/1R1QKB1R w Kkq -,MODEL_PREDICTION_NOT_EMPIRICAL,after_key,0.0007574748597107,maia3,-56,-313,257,SEVERE_ERROR,100000
LON-11,B4,2100,maia3-79m,10,b1b2,Rb2,0.000752326042857,0.9962193522369488,0.7000236929628164,77,9,914,r1b1kb1r/pp2pppp/2n2n2/2pp4/3P1B2/2q1PN2/P2N1PPP/1R1QKB1R w Kkq -,MODEL_PREDICTION_NOT_EMPIRICAL,after_key,0.000752326042857,maia3,-54,-522,468,SEVERE_ERROR,100000
LON-12,B4,1100,maia3-79m,1,e1g1,O-O,0.24152272939682,0.9375817757099868,0.873468879871603,328,15,657,r1b1kb1r/pp2pppp/2n2n2/2pp4/3P1B2/2qBPN2/P2N1PPP/R2QK2R w KQkq -,MODEL_PREDICTION_NOT_EMPIRICAL,after_key,0.24152272939682,maia3,-136,-404,268,SEVERE_ERROR,100000
LON-12,B4,1100,maia3-79m,2,a1c1,Rc1,0.1721190065145492,0.9375817757099868,0.873468879871603,293,15,692,r1b1kb1r/pp2pppp/2n2n2/2pp4/3P1B2/2qBPN2/P2N1PPP/R2QK2R w KQkq -,MODEL_PREDICTION_NOT_EMPIRICAL,after_key,0.1721190065145492,maia3,-147,-472,325,SEVERE_ERROR,100000
LON-12,B4,1100,maia3-79m,3,d3b5,Bb5,0.1424721926450729,0.9375817757099868,0.873468879871603,504,20,476,r1b1kb1r/pp2pppp/2n2n2/2pp4/3P1B2/2qBPN2/P2N1PPP/R2QK2R w KQkq -,MODEL_PREDICTION_NOT_EMPIRICAL,after_key,0.1424721926450729,maia3,-147,-144,0,OK,100000
LON-12,B4,1100,maia3-79m,4,d3e2,Be2,0.0757102966308593,0.9375817757099868,0.873468879871603,439,19,542,r1b1kb1r/pp2pppp/2n2n2/2pp4/3P1B2/2qBPN2/P2N1PPP/R2QK2R w KQkq -,MODEL_PREDICTION_NOT_EMPIRICAL,after_key,0.0757102966308593,maia3,-153,-217,64,ERROR,100000
LON-12,B4,1100,maia3-79m,5,d3c2,Bc2,0.0750264674425125,0.9375817757099868,0.873468879871603,421,18,561,r1b1kb1r/pp2pppp/2n2n2/2pp4/3P1B2/2qBPN2/P2N1PPP/R2QK2R w KQkq -,MODEL_PREDICTION_NOT_EMPIRICAL,after_key,0.0750264674425125,maia3,-150,-216,66,ERROR,100000
LON-12,B4,1100,maia3-79m,6,f3e5,Ne5,0.0697795301675796,0.9375817757099868,0.873468879871603,402,18,580,r1b1kb1r/pp2pppp/2n2n2/2pp4/3P1B2/2qBPN2/P2N1PPP/R2QK2R w KQkq -,MODEL_PREDICTION_NOT_EMPIRICAL,after_key,0.0697795301675796,maia3,-159,-376,217,SEVERE_ERROR,100000
LON-12,B4,1100,maia3-79m,7,d1e2,Qe2,0.0531704872846603,0.9375817757099868,0.873468879871603,221,13,766,r1b1kb1r/pp2pppp/2n2n2/2pp4/3P1B2/2qBPN2/P2N1PPP/R2QK2R w KQkq -,MODEL_PREDICTION_NOT_EMPIRICAL,after_key,0.0531704872846603,maia3,-159,-480,321,SEVERE_ERROR,100000
LON-12,B4,1100,maia3-79m,8,d4c5,dxc5,0.0414894595742225,0.9375817757099868,0.873468879871603,274,16,710,r1b1kb1r/pp2pppp/2n2n2/2pp4/3P1B2/2qBPN2/P2N1PPP/R2QK2R w KQkq -,MODEL_PREDICTION_NOT_EMPIRICAL,after_key,0.0414894595742225,maia3,-149,-438,289,SEVERE_ERROR,100000
LON-12,B4,1100,maia3-79m,9,d1c2,Qc2,0.0407886914908885,0.9375817757099868,0.873468879871603,236,20,744,r1b1kb1r/pp2pppp/2n2n2/2pp4/3P1B2/2qBPN2/P2N1PPP/R2QK2R w KQkq -,MODEL_PREDICTION_NOT_EMPIRICAL,after_key,0.0407886914908885,maia3,-161,-513,352,SEVERE_ERROR,100000
LON-12,B4,1100,maia3-79m,10,d1b1,Qb1,0.0255029145628213,0.9375817757099868,0.873468879871603,426,17,557,r1b1kb1r/pp2pppp/2n2n2/2pp4/3P1B2/2qBPN2/P2N1PPP/R2QK2R w KQkq -,MODEL_PREDICTION_NOT_EMPIRICAL,after_key,0.0255029145628213,maia3,-163,-254,91,ERROR,100000
LON-12,B4,1300,maia3-79m,1,e1g1,O-O,0.2547928988933563,0.954885988496244,0.8641760320943487,312,14,674,r1b1kb1r/pp2pppp/2n2n2/2pp4/3P1B2/2qBPN2/P2N1PPP/R2QK2R w KQkq -,MODEL_PREDICTION_NOT_EMPIRICAL,after_key,0.2547928988933563,maia3,-136,-404,268,SEVERE_ERROR,100000
LON-12,B4,1300,maia3-79m,2,a1c1,Rc1,0.1664610505104065,0.954885988496244,0.8641760320943487,271,14,715,r1b1kb1r/pp2pppp/2n2n2/2pp4/3P1B2/2qBPN2/P2N1PPP/R2QK2R w KQkq -,MODEL_PREDICTION_NOT_EMPIRICAL,after_key,0.1664610505104065,maia3,-147,-472,325,SEVERE_ERROR,100000
LON-12,B4,1300,maia3-79m,3,d3b5,Bb5,0.1467887759208679,0.954885988496244,0.8641760320943487,496,20,484,r1b1kb1r/pp2pppp/2n2n2/2pp4/3P1B2/2qBPN2/P2N1PPP/R2QK2R w KQkq -,MODEL_PREDICTION_NOT_EMPIRICAL,after_key,0.1467887759208679,maia3,-147,-144,0,OK,100000
LON-12,B4,1300,maia3-79m,4,d3e2,Be2,0.110334001481533,0.954885988496244,0.8641760320943487,426,19,555,r1b1kb1r/pp2pppp/2n2n2/2pp4/3P1B2/2qBPN2/P2N1PPP/R2QK2R w KQkq -,MODEL_PREDICTION_NOT_EMPIRICAL,after_key,0.110334001481533,maia3,-153,-217,64,ERROR,100000
LON-12,B4,1300,maia3-79m,5,d3c2,Bc2,0.0911962613463401,0.954885988496244,0.8641760320943487,411,18,571,r1b1kb1r/pp2pppp/2n2n2/2pp4/3P1B2/2qBPN2/P2N1PPP/R2QK2R w KQkq -,MODEL_PREDICTION_NOT_EMPIRICAL,after_key,0.0911962613463401,maia3,-150,-216,66,ERROR,100000
LON-12,B4,1300,maia3-79m,6,f3e5,Ne5,0.0485816299915313,0.954885988496244,0.8641760320943487,383,18,599,r1b1kb1r/pp2pppp/2n2n2/2pp4/3P1B2/2qBPN2/P2N1PPP/R2QK2R w KQkq -,MODEL_PREDICTION_NOT_EMPIRICAL,after_key,0.0485816299915313,maia3,-159,-376,217,SEVERE_ERROR,100000
LON-12,B4,1300,maia3-79m,7,d4c5,dxc5,0.0440003164112567,0.954885988496244,0.8641760320943487,249,16,735,r1b1kb1r/pp2pppp/2n2n2/2pp4/3P1B2/2qBPN2/P2N1PPP/R2QK2R w KQkq -,MODEL_PREDICTION_NOT_EMPIRICAL,after_key,0.0440003164112567,maia3,-149,-438,289,SEVERE_ERROR,100000
LON-12,B4,1300,maia3-79m,8,d1e2,Qe2,0.0413574203848838,0.954885988496244,0.8641760320943487,206,12,782,r1b1kb1r/pp2pppp/2n2n2/2pp4/3P1B2/2qBPN2/P2N1PPP/R2QK2R w KQkq -,MODEL_PREDICTION_NOT_EMPIRICAL,after_key,0.0413574203848838,maia3,-159,-480,321,SEVERE_ERROR,100000
LON-12,B4,1300,maia3-79m,9,d1c2,Qc2,0.0362636037170887,0.954885988496244,0.8641760320943487,208,18,774,r1b1kb1r/pp2pppp/2n2n2/2pp4/3P1B2/2qBPN2/P2N1PPP/R2QK2R w KQkq -,MODEL_PREDICTION_NOT_EMPIRICAL,after_key,0.0362636037170887,maia3,-161,-513,352,SEVERE_ERROR,100000
LON-12,B4,1300,maia3-79m,10,d1b1,Qb1,0.0151100298389792,0.954885988496244,0.8641760320943487,407,16,577,r1b1kb1r/pp2pppp/2n2n2/2pp4/3P1B2/2qBPN2/P2N1PPP/R2QK2R w KQkq -,MODEL_PREDICTION_NOT_EMPIRICAL,after_key,0.0151100298389792,maia3,-163,-254,91,ERROR,100000
LON-12,B4,1500,maia3-79m,1,e1g1,O-O,0.249804139137268,0.9662687880918384,0.8595637302684925,292,14,694,r1b1kb1r/pp2pppp/2n2n2/2pp4/3P1B2/2qBPN2/P2N1PPP/R2QK2R w KQkq -,MODEL_PREDICTION_NOT_EMPIRICAL,after_key,0.249804139137268,maia3,-136,-404,268,SEVERE_ERROR,100000
LON-12,B4,1500,maia3-79m,2,a1c1,Rc1,0.1606663763523101,0.9662687880918384,0.8595637302684925,252,14,734,r1b1kb1r/pp2pppp/2n2n2/2pp4/3P1B2/2qBPN2/P2N1PPP/R2QK2R w KQkq -,MODEL_PREDICTION_NOT_EMPIRICAL,after_key,0.1606663763523101,maia3,-147,-472,325,SEVERE_ERROR,100000
LON-12,B4,1500,maia3-79m,3,d3b5,Bb5,0.1512964069843292,0.9662687880918384,0.8595637302684925,489,20,491,r1b1kb1r/pp2pppp/2n2n2/2pp4/3P1B2/2qBPN2/P2N1PPP/R2QK2R w KQkq -,MODEL_PREDICTION_NOT_EMPIRICAL,after_key,0.1512964069843292,maia3,-147,-144,0,OK,100000
LON-12,B4,1500,maia3-79m,4,d3e2,Be2,0.1397462785243988,0.9662687880918384,0.8595637302684925,416,19,565,r1b1kb1r/pp2pppp/2n2n2/2pp4/3P1B2/2qBPN2/P2N1PPP/R2QK2R w KQkq -,MODEL_PREDICTION_NOT_EMPIRICAL,after_key,0.1397462785243988,maia3,-153,-217,64,ERROR,100000
LON-12,B4,1500,maia3-79m,5,d3c2,Bc2,0.1005462855100631,0.9662687880918384,0.8595637302684925,402,18,580,r1b1kb1r/pp2pppp/2n2n2/2pp4/3P1B2/2qBPN2/P2N1PPP/R2QK2R w KQkq -,MODEL_PREDICTION_NOT_EMPIRICAL,after_key,0.1005462855100631,maia3,-150,-216,66,ERROR,100000
LON-12,B4,1500,maia3-79m,6,d4c5,dxc5,0.0494089126586914,0.9662687880918384,0.8595637302684925,224,16,760,r1b1kb1r/pp2pppp/2n2n2/2pp4/3P1B2/2qBPN2/P2N1PPP/R2QK2R w KQkq -,MODEL_PREDICTION_NOT_EMPIRICAL,after_key,0.0494089126586914,maia3,-149,-438,289,SEVERE_ERROR,100000
LON-12,B4,1500,maia3-79m,7,d1c2,Qc2,0.0361814424395561,0.9662687880918384,0.8595637302684925,196,18,786,r1b1kb1r/pp2pppp/2n2n2/2pp4/3P1B2/2qBPN2/P2N1PPP/R2QK2R w KQkq -,MODEL_PREDICTION_NOT_EMPIRICAL,after_key,0.0361814424395561,maia3,-161,-513,352,SEVERE_ERROR,100000
LON-12,B4,1500,maia3-79m,8,d1e2,Qe2,0.0349972918629646,0.9662687880918384,0.8595637302684925,201,12,787,r1b1kb1r/pp2pppp/2n2n2/2pp4/3P1B2/2qBPN2/P2N1PPP/R2QK2R w KQkq -,MODEL_PREDICTION_NOT_EMPIRICAL,after_key,0.0349972918629646,maia3,-159,-480,321,SEVERE_ERROR,100000
LON-12,B4,1500,maia3-79m,9,f3e5,Ne5,0.032658789306879,0.9662687880918384,0.8595637302684925,354,18,628,r1b1kb1r/pp2pppp/2n2n2/2pp4/3P1B2/2qBPN2/P2N1PPP/R2QK2R w KQkq -,MODEL_PREDICTION_NOT_EMPIRICAL,after_key,0.032658789306879,maia3,-159,-376,217,SEVERE_ERROR,100000
LON-12,B4,1500,maia3-79m,10,d1b1,Qb1,0.0109628653153777,0.9662687880918384,0.8595637302684925,400,17,583,r1b1kb1r/pp2pppp/2n2n2/2pp4/3P1B2/2qBPN2/P2N1PPP/R2QK2R w KQkq -,MODEL_PREDICTION_NOT_EMPIRICAL,after_key,0.0109628653153777,maia3,-163,-254,91,ERROR,100000
LON-12,B4,1700,maia3-79m,1,e1g1,O-O,0.2103866338729858,0.9750730823725462,0.8595185100126317,267,14,719,r1b1kb1r/pp2pppp/2n2n2/2pp4/3P1B2/2qBPN2/P2N1PPP/R2QK2R w KQkq -,MODEL_PREDICTION_NOT_EMPIRICAL,after_key,0.2103866338729858,maia3,-136,-404,268,SEVERE_ERROR,100000
LON-12,B4,1700,maia3-79m,2,d3b5,Bb5,0.1818277090787887,0.9750730823725462,0.8595185100126317,484,23,493,r1b1kb1r/pp2pppp/2n2n2/2pp4/3P1B2/2qBPN2/P2N1PPP/R2QK2R w KQkq -,MODEL_PREDICTION_NOT_EMPIRICAL,after_key,0.1818277090787887,maia3,-147,-144,0,OK,100000
LON-12,B4,1700,maia3-79m,3,d3e2,Be2,0.1743032336235046,0.9750730823725462,0.8595185100126317,410,21,569,r1b1kb1r/pp2pppp/2n2n2/2pp4/3P1B2/2qBPN2/P2N1PPP/R2QK2R w KQkq -,MODEL_PREDICTION_NOT_EMPIRICAL,after_key,0.1743032336235046,maia3,-153,-217,64,ERROR,100000
LON-12,B4,1700,maia3-79m,4,a1c1,Rc1,0.1478936970233917,0.9750730823725462,0.8595185100126317,231,14,755,r1b1kb1r/pp2pppp/2n2n2/2pp4/3P1B2/2qBPN2/P2N1PPP/R2QK2R w KQkq -,MODEL_PREDICTION_NOT_EMPIRICAL,after_key,0.1478936970233917,maia3,-147,-472,325,SEVERE_ERROR,100000
LON-12,B4,1700,maia3-79m,5,d3c2,Bc2,0.1069285199046135,0.9750730823725462,0.8595185100126317,396,19,585,r1b1kb1r/pp2pppp/2n2n2/2pp4/3P1B2/2qBPN2/P2N1PPP/R2QK2R w KQkq -,MODEL_PREDICTION_NOT_EMPIRICAL,after_key,0.1069285199046135,maia3,-150,-216,66,ERROR,100000
LON-12,B4,1700,maia3-79m,6,d4c5,dxc5,0.0552684739232063,0.9750730823725462,0.8595185100126317,206,16,778,r1b1kb1r/pp2pppp/2n2n2/2pp4/3P1B2/2qBPN2/P2N1PPP/R2QK2R w KQkq -,MODEL_PREDICTION_NOT_EMPIRICAL,after_key,0.0552684739232063,maia3,-149,-438,289,SEVERE_ERROR,100000
LON-12,B4,1700,maia3-79m,7,d1c2,Qc2,0.0356613509356975,0.9750730823725462,0.8595185100126317,203,20,777,r1b1kb1r/pp2pppp/2n2n2/2pp4/3P1B2/2qBPN2/P2N1PPP/R2QK2R w KQkq -,MODEL_PREDICTION_NOT_EMPIRICAL,after_key,0.0356613509356975,maia3,-161,-513,352,SEVERE_ERROR,100000
LON-12,B4,1700,maia3-79m,8,d1e2,Qe2,0.0332986041903495,0.9750730823725462,0.8595185100126317,204,12,784,r1b1kb1r/pp2pppp/2n2n2/2pp4/3P1B2/2qBPN2/P2N1PPP/R2QK2R w KQkq -,MODEL_PREDICTION_NOT_EMPIRICAL,after_key,0.0332986041903495,maia3,-159,-480,321,SEVERE_ERROR,100000
LON-12,B4,1700,maia3-79m,9,f3e5,Ne5,0.0195971671491861,0.9750730823725462,0.8595185100126317,334,19,647,r1b1kb1r/pp2pppp/2n2n2/2pp4/3P1B2/2qBPN2/P2N1PPP/R2QK2R w KQkq -,MODEL_PREDICTION_NOT_EMPIRICAL,after_key,0.0195971671491861,maia3,-159,-376,217,SEVERE_ERROR,100000
LON-12,B4,1700,maia3-79m,10,d1b1,Qb1,0.0099076926708221,0.9750730823725462,0.8595185100126317,403,18,579,r1b1kb1r/pp2pppp/2n2n2/2pp4/3P1B2/2qBPN2/P2N1PPP/R2QK2R w KQkq -,MODEL_PREDICTION_NOT_EMPIRICAL,after_key,0.0099076926708221,maia3,-163,-254,91,ERROR,100000
LON-12,B4,1900,maia3-79m,1,d3b5,Bb5,0.2637755870819092,0.9794166097417474,0.8358303643225101,472,27,501,r1b1kb1r/pp2pppp/2n2n2/2pp4/3P1B2/2qBPN2/P2N1PPP/R2QK2R w KQkq -,MODEL_PREDICTION_NOT_EMPIRICAL,after_key,0.2637755870819092,maia3,-147,-144,0,OK,100000
LON-12,B4,1900,maia3-79m,2,d3e2,Be2,0.2108323872089386,0.9794166097417474,0.8358303643225101,403,23,574,r1b1kb1r/pp2pppp/2n2n2/2pp4/3P1B2/2qBPN2/P2N1PPP/R2QK2R w KQkq -,MODEL_PREDICTION_NOT_EMPIRICAL,after_key,0.2108323872089386,maia3,-153,-217,64,ERROR,100000
LON-12,B4,1900,maia3-79m,3,e1g1,O-O,0.136416807770729,0.9794166097417474,0.8358303643225101,235,15,750,r1b1kb1r/pp2pppp/2n2n2/2pp4/3P1B2/2qBPN2/P2N1PPP/R2QK2R w KQkq -,MODEL_PREDICTION_NOT_EMPIRICAL,after_key,0.136416807770729,maia3,-136,-404,268,SEVERE_ERROR,100000
LON-12,B4,1900,maia3-79m,4,a1c1,Rc1,0.1217161491513252,0.9794166097417474,0.8358303643225101,203,14,783,r1b1kb1r/pp2pppp/2n2n2/2pp4/3P1B2/2qBPN2/P2N1PPP/R2QK2R w KQkq -,MODEL_PREDICTION_NOT_EMPIRICAL,after_key,0.1217161491513252,maia3,-147,-472,325,SEVERE_ERROR,100000
LON-12,B4,1900,maia3-79m,5,d3c2,Bc2,0.1074514240026474,0.9794166097417474,0.8358303643225101,394,21,585,r1b1kb1r/pp2pppp/2n2n2/2pp4/3P1B2/2qBPN2/P2N1PPP/R2QK2R w KQkq -,MODEL_PREDICTION_NOT_EMPIRICAL,after_key,0.1074514240026474,maia3,-150,-216,66,ERROR,100000
LON-12,B4,1900,maia3-79m,6,d4c5,dxc5,0.0522339679300785,0.9794166097417474,0.8358303643225101,181,16,803,r1b1kb1r/pp2pppp/2n2n2/2pp4/3P1B2/2qBPN2/P2N1PPP/R2QK2R w KQkq -,MODEL_PREDICTION_NOT_EMPIRICAL,after_key,0.0522339679300785,maia3,-149,-438,289,SEVERE_ERROR,100000
LON-12,B4,1900,maia3-79m,7,d1e2,Qe2,0.0335924066603183,0.9794166097417474,0.8358303643225101,194,12,794,r1b1kb1r/pp2pppp/2n2n2/2pp4/3P1B2/2qBPN2/P2N1PPP/R2QK2R w KQkq -,MODEL_PREDICTION_NOT_EMPIRICAL,after_key,0.0335924066603183,maia3,-159,-480,321,SEVERE_ERROR,100000
LON-12,B4,1900,maia3-79m,8,d1c2,Qc2,0.0303779784590005,0.9794166097417474,0.8358303643225101,213,23,764,r1b1kb1r/pp2pppp/2n2n2/2pp4/3P1B2/2qBPN2/P2N1PPP/R2QK2R w KQkq -,MODEL_PREDICTION_NOT_EMPIRICAL,after_key,0.0303779784590005,maia3,-161,-513,352,SEVERE_ERROR,100000
LON-12,B4,1900,maia3-79m,9,d1b1,Qb1,0.0122007094323635,0.9794166097417474,0.8358303643225101,399,21,580,r1b1kb1r/pp2pppp/2n2n2/2pp4/3P1B2/2qBPN2/P2N1PPP/R2QK2R w KQkq -,MODEL_PREDICTION_NOT_EMPIRICAL,after_key,0.0122007094323635,maia3,-163,-254,91,ERROR,100000
LON-12,B4,1900,maia3-79m,10,f3e5,Ne5,0.0108191920444369,0.9794166097417474,0.8358303643225101,308,20,672,r1b1kb1r/pp2pppp/2n2n2/2pp4/3P1B2/2qBPN2/P2N1PPP/R2QK2R w KQkq -,MODEL_PREDICTION_NOT_EMPIRICAL,after_key,0.0108191920444369,maia3,-159,-376,217,SEVERE_ERROR,100000
LON-12,B4,2100,maia3-79m,1,d3b5,Bb5,0.40762460231781,0.9822705453261732,0.7478074836425302,458,34,508,r1b1kb1r/pp2pppp/2n2n2/2pp4/3P1B2/2qBPN2/P2N1PPP/R2QK2R w KQkq -,MODEL_PREDICTION_NOT_EMPIRICAL,after_key,0.40762460231781,maia3,-147,-144,0,OK,100000
LON-12,B4,2100,maia3-79m,2,d3e2,Be2,0.2238302528858184,0.9822705453261732,0.7478074836425302,382,28,590,r1b1kb1r/pp2pppp/2n2n2/2pp4/3P1B2/2qBPN2/P2N1PPP/R2QK2R w KQkq -,MODEL_PREDICTION_NOT_EMPIRICAL,after_key,0.2238302528858184,maia3,-153,-217,64,ERROR,100000
LON-12,B4,2100,maia3-79m,3,d3c2,Bc2,0.0899648889899253,0.9822705453261732,0.7478074836425302,383,26,591,r1b1kb1r/pp2pppp/2n2n2/2pp4/3P1B2/2qBPN2/P2N1PPP/R2QK2R w KQkq -,MODEL_PREDICTION_NOT_EMPIRICAL,after_key,0.0899648889899253,maia3,-150,-216,66,ERROR,100000
LON-12,B4,2100,maia3-79m,4,a1c1,Rc1,0.0767966508865356,0.9822705453261732,0.7478074836425302,182,14,804,r1b1kb1r/pp2pppp/2n2n2/2pp4/3P1B2/2qBPN2/P2N1PPP/R2QK2R w KQkq -,MODEL_PREDICTION_NOT_EMPIRICAL,after_key,0.0767966508865356,maia3,-147,-472,325,SEVERE_ERROR,100000
LON-12,B4,2100,maia3-79m,5,e1g1,O-O,0.0718115419149398,0.9822705453261732,0.7478074836425302,197,15,788,r1b1kb1r/pp2pppp/2n2n2/2pp4/3P1B2/2qBPN2/P2N1PPP/R2QK2R w KQkq -,MODEL_PREDICTION_NOT_EMPIRICAL,after_key,0.0718115419149398,maia3,-136,-404,268,SEVERE_ERROR,100000
LON-12,B4,2100,maia3-79m,6,d4c5,dxc5,0.0334098674356937,0.9822705453261732,0.7478074836425302,143,16,841,r1b1kb1r/pp2pppp/2n2n2/2pp4/3P1B2/2qBPN2/P2N1PPP/R2QK2R w KQkq -,MODEL_PREDICTION_NOT_EMPIRICAL,after_key,0.0334098674356937,maia3,-149,-438,289,SEVERE_ERROR,100000
LON-12,B4,2100,maia3-79m,7,d1e2,Qe2,0.029169799759984,0.9822705453261732,0.7478074836425302,159,12,829,r1b1kb1r/pp2pppp/2n2n2/2pp4/3P1B2/2qBPN2/P2N1PPP/R2QK2R w KQkq -,MODEL_PREDICTION_NOT_EMPIRICAL,after_key,0.029169799759984,maia3,-159,-480,321,SEVERE_ERROR,100000
LON-12,B4,2100,maia3-79m,8,d1c2,Qc2,0.0201238710433244,0.9822705453261732,0.7478074836425302,208,26,766,r1b1kb1r/pp2pppp/2n2n2/2pp4/3P1B2/2qBPN2/P2N1PPP/R2QK2R w KQkq -,MODEL_PREDICTION_NOT_EMPIRICAL,after_key,0.0201238710433244,maia3,-161,-513,352,SEVERE_ERROR,100000
LON-12,B4,2100,maia3-79m,9,d1b1,Qb1,0.0196400862187147,0.9822705453261732,0.7478074836425302,386,26,588,r1b1kb1r/pp2pppp/2n2n2/2pp4/3P1B2/2qBPN2/P2N1PPP/R2QK2R w KQkq -,MODEL_PREDICTION_NOT_EMPIRICAL,after_key,0.0196400862187147,maia3,-163,-254,91,ERROR,100000
LON-12,B4,2100,maia3-79m,10,e1e2,Ke2,0.0098989838734269,0.9822705453261732,0.7478074836425302,284,23,693,r1b1kb1r/pp2pppp/2n2n2/2pp4/3P1B2/2qBPN2/P2N1PPP/R2QK2R w KQkq -,MODEL_PREDICTION_NOT_EMPIRICAL,after_key,0.0098989838734269,maia3,-159,-284,125,SEVERE_ERROR,100000
LON-15,B4,1100,maia3-79m,1,f1b5,Bb5,0.4521774053573608,0.9405373921617866,0.6971793343775081,386,20,594,r1b1kb1r/pp2pppp/2n2n2/2pp4/Q2P1B2/2P1PN2/Pq3PPP/RN2KB1R w KQkq -,MODEL_PREDICTION_NOT_EMPIRICAL,after_key,0.4521774053573608,maia3,-161,-146,0,OK,100000
LON-15,B4,1100,maia3-79m,2,f3e5,Ne5,0.1961221992969513,0.9405373921617866,0.6971793343775081,360,21,619,r1b1kb1r/pp2pppp/2n2n2/2pp4/Q2P1B2/2P1PN2/Pq3PPP/RN2KB1R w KQkq -,MODEL_PREDICTION_NOT_EMPIRICAL,after_key,0.1961221992969513,maia3,-186,-318,132,SEVERE_ERROR,100000
LON-15,B4,1100,maia3-79m,3,f1d3,Bd3,0.0665052458643913,0.9405373921617866,0.6971793343775081,427,16,557,r1b1kb1r/pp2pppp/2n2n2/2pp4/Q2P1B2/2P1PN2/Pq3PPP/RN2KB1R w KQkq -,MODEL_PREDICTION_NOT_EMPIRICAL,after_key,0.0665052458643913,maia3,-190,-361,171,SEVERE_ERROR,100000
LON-15,B4,1100,maia3-79m,4,b1d2,Nbd2,0.0634746327996254,0.9405373921617866,0.6971793343775081,225,12,763,r1b1kb1r/pp2pppp/2n2n2/2pp4/Q2P1B2/2P1PN2/Pq3PPP/RN2KB1R w KQkq -,MODEL_PREDICTION_NOT_EMPIRICAL,after_key,0.0634746327996254,maia3,-195,-594,399,SEVERE_ERROR,100000
LON-15,B4,1100,maia3-79m,5,a4b3,Qb3,0.0484732389450073,0.9405373921617866,0.6971793343775081,320,33,647,r1b1kb1r/pp2pppp/2n2n2/2pp4/Q2P1B2/2P1PN2/Pq3PPP/RN2KB1R w KQkq -,MODEL_PREDICTION_NOT_EMPIRICAL,after_key,0.0484732389450073,maia3,-161,-302,141,SEVERE_ERROR,100000
LON-15,B4,1100,maia3-79m,6,d4c5,dxc5,0.0323446877300739,0.9405373921617866,0.6971793343775081,272,16,712,r1b1kb1r/pp2pppp/2n2n2/2pp4/Q2P1B2/2P1PN2/Pq3PPP/RN2KB1R w KQkq -,MODEL_PREDICTION_NOT_EMPIRICAL,after_key,0.0323446877300739,maia3,-162,-369,207,SEVERE_ERROR,100000
LON-15,B4,1100,maia3-79m,7,f3d2,Nfd2,0.026597287505865,0.9405373921617866,0.6971793343775081,336,17,647,r1b1kb1r/pp2pppp/2n2n2/2pp4/Q2P1B2/2P1PN2/Pq3PPP/RN2KB1R w KQkq -,MODEL_PREDICTION_NOT_EMPIRICAL,after_key,0.026597287505865,maia3,-173,-355,182,SEVERE_ERROR,100000
LON-15,B4,1100,maia3-79m,8,a4d1,Qd1,0.0253311432898044,0.9405373921617866,0.6971793343775081,228,17,755,r1b1kb1r/pp2pppp/2n2n2/2pp4/Q2P1B2/2P1PN2/Pq3PPP/RN2KB1R w KQkq -,MODEL_PREDICTION_NOT_EMPIRICAL,after_key,0.0253311432898044,maia3,-151,-414,263,SEVERE_ERROR,100000
LON-15,B4,1100,maia3-79m,9,f1a6,Ba6,0.0153724690899252,0.9405373921617866,0.6971793343775081,405,19,576,r1b1kb1r/pp2pppp/2n2n2/2pp4/Q2P1B2/2P1PN2/Pq3PPP/RN2KB1R w KQkq -,MODEL_PREDICTION_NOT_EMPIRICAL,after_key,0.0153724690899252,maia3,-184,-315,131,SEVERE_ERROR,100000
LON-15,B4,1100,maia3-79m,10,b1a3,Na3,0.0141390822827816,0.9405373921617866,0.6971793343775081,194,12,794,r1b1kb1r/pp2pppp/2n2n2/2pp4/Q2P1B2/2P1PN2/Pq3PPP/RN2KB1R w KQkq -,MODEL_PREDICTION_NOT_EMPIRICAL,after_key,0.0141390822827816,maia3,-201,-679,478,SEVERE_ERROR,100000
LON-15,B4,1300,maia3-79m,1,f1b5,Bb5,0.4829901158809662,0.9537474289536476,0.6684789889060953,372,20,608,r1b1kb1r/pp2pppp/2n2n2/2pp4/Q2P1B2/2P1PN2/Pq3PPP/RN2KB1R w KQkq -,MODEL_PREDICTION_NOT_EMPIRICAL,after_key,0.4829901158809662,maia3,-161,-146,0,OK,100000
LON-15,B4,1300,maia3-79m,2,f3e5,Ne5,0.2019167244434356,0.9537474289536476,0.6684789889060953,329,21,650,r1b1kb1r/pp2pppp/2n2n2/2pp4/Q2P1B2/2P1PN2/Pq3PPP/RN2KB1R w KQkq -,MODEL_PREDICTION_NOT_EMPIRICAL,after_key,0.2019167244434356,maia3,-186,-318,132,SEVERE_ERROR,100000
LON-15,B4,1300,maia3-79m,3,b1d2,Nbd2,0.0607041493058204,0.9537474289536476,0.6684789889060953,192,10,798,r1b1kb1r/pp2pppp/2n2n2/2pp4/Q2P1B2/2P1PN2/Pq3PPP/RN2KB1R w KQkq -,MODEL_PREDICTION_NOT_EMPIRICAL,after_key,0.0607041493058204,maia3,-195,-594,399,SEVERE_ERROR,100000
LON-15,B4,1300,maia3-79m,4,f1d3,Bd3,0.059855081140995,0.9537474289536476,0.6684789889060953,404,16,580,r1b1kb1r/pp2pppp/2n2n2/2pp4/Q2P1B2/2P1PN2/Pq3PPP/RN2KB1R w KQkq -,MODEL_PREDICTION_NOT_EMPIRICAL,after_key,0.059855081140995,maia3,-190,-361,171,SEVERE_ERROR,100000
LON-15,B4,1300,maia3-79m,5,a4b3,Qb3,0.0543249361217021,0.9537474289536476,0.6684789889060953,295,31,674,r1b1kb1r/pp2pppp/2n2n2/2pp4/Q2P1B2/2P1PN2/Pq3PPP/RN2KB1R w KQkq -,MODEL_PREDICTION_NOT_EMPIRICAL,after_key,0.0543249361217021,maia3,-161,-302,141,SEVERE_ERROR,100000
LON-15,B4,1300,maia3-79m,6,f3d2,Nfd2,0.0293104108422994,0.9537474289536476,0.6684789889060953,312,17,671,r1b1kb1r/pp2pppp/2n2n2/2pp4/Q2P1B2/2P1PN2/Pq3PPP/RN2KB1R w KQkq -,MODEL_PREDICTION_NOT_EMPIRICAL,after_key,0.0293104108422994,maia3,-173,-355,182,SEVERE_ERROR,100000
LON-15,B4,1300,maia3-79m,7,d4c5,dxc5,0.0217809416353702,0.9537474289536476,0.6684789889060953,243,15,742,r1b1kb1r/pp2pppp/2n2n2/2pp4/Q2P1B2/2P1PN2/Pq3PPP/RN2KB1R w KQkq -,MODEL_PREDICTION_NOT_EMPIRICAL,after_key,0.0217809416353702,maia3,-162,-369,207,SEVERE_ERROR,100000
LON-15,B4,1300,maia3-79m,8,a4d1,Qd1,0.0173717401921749,0.9537474289536476,0.6684789889060953,204,16,780,r1b1kb1r/pp2pppp/2n2n2/2pp4/Q2P1B2/2P1PN2/Pq3PPP/RN2KB1R w KQkq -,MODEL_PREDICTION_NOT_EMPIRICAL,after_key,0.0173717401921749,maia3,-151,-414,263,SEVERE_ERROR,100000
LON-15,B4,1300,maia3-79m,9,f1e2,Be2,0.0155074317008256,0.9537474289536476,0.6684789889060953,338,16,646,r1b1kb1r/pp2pppp/2n2n2/2pp4/Q2P1B2/2P1PN2/Pq3PPP/RN2KB1R w KQkq -,MODEL_PREDICTION_NOT_EMPIRICAL,after_key,0.0155074317008256,maia3,-171,-352,181,SEVERE_ERROR,100000
LON-15,B4,1300,maia3-79m,10,b1a3,Na3,0.0099858976900577,0.9537474289536476,0.6684789889060953,158,10,832,r1b1kb1r/pp2pppp/2n2n2/2pp4/Q2P1B2/2P1PN2/Pq3PPP/RN2KB1R w KQkq -,MODEL_PREDICTION_NOT_EMPIRICAL,after_key,0.0099858976900577,maia3,-201,-679,478,SEVERE_ERROR,100000
LON-15,B4,1500,maia3-79m,1,f1b5,Bb5,0.4907293617725372,0.9624393312260509,0.6693903348917725,372,21,607,r1b1kb1r/pp2pppp/2n2n2/2pp4/Q2P1B2/2P1PN2/Pq3PPP/RN2KB1R w KQkq -,MODEL_PREDICTION_NOT_EMPIRICAL,after_key,0.4907293617725372,maia3,-161,-146,0,OK,100000
LON-15,B4,1500,maia3-79m,2,f3e5,Ne5,0.1948437839746475,0.9624393312260509,0.6693903348917725,307,23,670,r1b1kb1r/pp2pppp/2n2n2/2pp4/Q2P1B2/2P1PN2/Pq3PPP/RN2KB1R w KQkq -,MODEL_PREDICTION_NOT_EMPIRICAL,after_key,0.1948437839746475,maia3,-186,-318,132,SEVERE_ERROR,100000
LON-15,B4,1500,maia3-79m,3,a4b3,Qb3,0.0648213550448417,0.9624393312260509,0.6693903348917725,272,30,698,r1b1kb1r/pp2pppp/2n2n2/2pp4/Q2P1B2/2P1PN2/Pq3PPP/RN2KB1R w KQkq -,MODEL_PREDICTION_NOT_EMPIRICAL,after_key,0.0648213550448417,maia3,-161,-302,141,SEVERE_ERROR,100000
LON-15,B4,1500,maia3-79m,4,b1d2,Nbd2,0.0605260320007801,0.9624393312260509,0.6693903348917725,167,9,824,r1b1kb1r/pp2pppp/2n2n2/2pp4/Q2P1B2/2P1PN2/Pq3PPP/RN2KB1R w KQkq -,MODEL_PREDICTION_NOT_EMPIRICAL,after_key,0.0605260320007801,maia3,-195,-594,399,SEVERE_ERROR,100000
LON-15,B4,1500,maia3-79m,5,f1d3,Bd3,0.0582547448575496,0.9624393312260509,0.6693903348917725,402,16,582,r1b1kb1r/pp2pppp/2n2n2/2pp4/Q2P1B2/2P1PN2/Pq3PPP/RN2KB1R w KQkq -,MODEL_PREDICTION_NOT_EMPIRICAL,after_key,0.0582547448575496,maia3,-190,-361,171,SEVERE_ERROR,100000
LON-15,B4,1500,maia3-79m,6,f3d2,Nfd2,0.0350679531693458,0.9624393312260509,0.6693903348917725,298,17,685,r1b1kb1r/pp2pppp/2n2n2/2pp4/Q2P1B2/2P1PN2/Pq3PPP/RN2KB1R w KQkq -,MODEL_PREDICTION_NOT_EMPIRICAL,after_key,0.0350679531693458,maia3,-173,-355,182,SEVERE_ERROR,100000
LON-15,B4,1500,maia3-79m,7,f1e2,Be2,0.0196959301829338,0.9624393312260509,0.6693903348917725,328,16,656,r1b1kb1r/pp2pppp/2n2n2/2pp4/Q2P1B2/2P1PN2/Pq3PPP/RN2KB1R w KQkq -,MODEL_PREDICTION_NOT_EMPIRICAL,after_key,0.0196959301829338,maia3,-171,-352,181,SEVERE_ERROR,100000
LON-15,B4,1500,maia3-79m,8,d4c5,dxc5,0.0173921417444944,0.9624393312260509,0.6693903348917725,230,15,755,r1b1kb1r/pp2pppp/2n2n2/2pp4/Q2P1B2/2P1PN2/Pq3PPP/RN2KB1R w KQkq -,MODEL_PREDICTION_NOT_EMPIRICAL,after_key,0.0173921417444944,maia3,-162,-369,207,SEVERE_ERROR,100000
LON-15,B4,1500,maia3-79m,9,a4d1,Qd1,0.0134308412671089,0.9624393312260509,0.6693903348917725,184,16,800,r1b1kb1r/pp2pppp/2n2n2/2pp4/Q2P1B2/2P1PN2/Pq3PPP/RN2KB1R w KQkq -,MODEL_PREDICTION_NOT_EMPIRICAL,after_key,0.0134308412671089,maia3,-151,-414,263,SEVERE_ERROR,100000
LON-15,B4,1500,maia3-79m,10,b1a3,Na3,0.0076771872118115,0.9624393312260509,0.6693903348917725,141,9,850,r1b1kb1r/pp2pppp/2n2n2/2pp4/Q2P1B2/2P1PN2/Pq3PPP/RN2KB1R w KQkq -,MODEL_PREDICTION_NOT_EMPIRICAL,after_key,0.0076771872118115,maia3,-201,-679,478,SEVERE_ERROR,100000
LON-15,B4,1700,maia3-79m,1,f1b5,Bb5,0.5034275650978088,0.9686322035267948,0.6701482087435108,380,23,597,r1b1kb1r/pp2pppp/2n2n2/2pp4/Q2P1B2/2P1PN2/Pq3PPP/RN2KB1R w KQkq -,MODEL_PREDICTION_NOT_EMPIRICAL,after_key,0.5034275650978088,maia3,-161,-146,0,OK,100000
LON-15,B4,1700,maia3-79m,2,f3e5,Ne5,0.1771209239959716,0.9686322035267948,0.6701482087435108,291,25,684,r1b1kb1r/pp2pppp/2n2n2/2pp4/Q2P1B2/2P1PN2/Pq3PPP/RN2KB1R w KQkq -,MODEL_PREDICTION_NOT_EMPIRICAL,after_key,0.1771209239959716,maia3,-186,-318,132,SEVERE_ERROR,100000
LON-15,B4,1700,maia3-79m,3,a4b3,Qb3,0.0704488605260849,0.9686322035267948,0.6701482087435108,262,30,708,r1b1kb1r/pp2pppp/2n2n2/2pp4/Q2P1B2/2P1PN2/Pq3PPP/RN2KB1R w KQkq -,MODEL_PREDICTION_NOT_EMPIRICAL,after_key,0.0704488605260849,maia3,-161,-302,141,SEVERE_ERROR,100000
LON-15,B4,1700,maia3-79m,4,f1d3,Bd3,0.0590174794197082,0.9686322035267948,0.6701482087435108,404,17,579,r1b1kb1r/pp2pppp/2n2n2/2pp4/Q2P1B2/2P1PN2/Pq3PPP/RN2KB1R w KQkq -,MODEL_PREDICTION_NOT_EMPIRICAL,after_key,0.0590174794197082,maia3,-190,-361,171,SEVERE_ERROR,100000
LON-15,B4,1700,maia3-79m,5,b1d2,Nbd2,0.058933787047863,0.9686322035267948,0.6701482087435108,147,9,844,r1b1kb1r/pp2pppp/2n2n2/2pp4/Q2P1B2/2P1PN2/Pq3PPP/RN2KB1R w KQkq -,MODEL_PREDICTION_NOT_EMPIRICAL,after_key,0.058933787047863,maia3,-195,-594,399,SEVERE_ERROR,100000
LON-15,B4,1700,maia3-79m,6,f3d2,Nfd2,0.0436673387885093,0.9686322035267948,0.6701482087435108,298,18,684,r1b1kb1r/pp2pppp/2n2n2/2pp4/Q2P1B2/2P1PN2/Pq3PPP/RN2KB1R w KQkq -,MODEL_PREDICTION_NOT_EMPIRICAL,after_key,0.0436673387885093,maia3,-173,-355,182,SEVERE_ERROR,100000
LON-15,B4,1700,maia3-79m,7,f1e2,Be2,0.023065909743309,0.9686322035267948,0.6701482087435108,320,16,664,r1b1kb1r/pp2pppp/2n2n2/2pp4/Q2P1B2/2P1PN2/Pq3PPP/RN2KB1R w KQkq -,MODEL_PREDICTION_NOT_EMPIRICAL,after_key,0.023065909743309,maia3,-171,-352,181,SEVERE_ERROR,100000
LON-15,B4,1700,maia3-79m,8,d4c5,dxc5,0.0162327028810977,0.9686322035267948,0.6701482087435108,220,16,764,r1b1kb1r/pp2pppp/2n2n2/2pp4/Q2P1B2/2P1PN2/Pq3PPP/RN2KB1R w KQkq -,MODEL_PREDICTION_NOT_EMPIRICAL,after_key,0.0162327028810977,maia3,-162,-369,207,SEVERE_ERROR,100000
LON-15,B4,1700,maia3-79m,9,a4d1,Qd1,0.0100298663601279,0.9686322035267948,0.6701482087435108,176,16,808,r1b1kb1r/pp2pppp/2n2n2/2pp4/Q2P1B2/2P1PN2/Pq3PPP/RN2KB1R w KQkq -,MODEL_PREDICTION_NOT_EMPIRICAL,after_key,0.0100298663601279,maia3,-151,-414,263,SEVERE_ERROR,100000
LON-15,B4,1700,maia3-79m,10,a4a3,Qa3,0.0066877696663141,0.9686322035267948,0.6701482087435108,200,19,781,r1b1kb1r/pp2pppp/2n2n2/2pp4/Q2P1B2/2P1PN2/Pq3PPP/RN2KB1R w KQkq -,MODEL_PREDICTION_NOT_EMPIRICAL,after_key,0.0066877696663141,maia3,-178,-478,300,SEVERE_ERROR,100000
LON-15,B4,1900,maia3-79m,1,f1b5,Bb5,0.5354253649711609,0.9755390956997873,0.6603534831589667,383,27,590,r1b1kb1r/pp2pppp/2n2n2/2pp4/Q2P1B2/2P1PN2/Pq3PPP/RN2KB1R w KQkq -,MODEL_PREDICTION_NOT_EMPIRICAL,after_key,0.5354253649711609,maia3,-161,-146,0,OK,100000
LON-15,B4,1900,maia3-79m,2,f3e5,Ne5,0.1433596312999725,0.9755390956997873,0.6603534831589667,283,30,687,r1b1kb1r/pp2pppp/2n2n2/2pp4/Q2P1B2/2P1PN2/Pq3PPP/RN2KB1R w KQkq -,MODEL_PREDICTION_NOT_EMPIRICAL,after_key,0.1433596312999725,maia3,-186,-318,132,SEVERE_ERROR,100000
LON-15,B4,1900,maia3-79m,3,a4b3,Qb3,0.0719176530838012,0.9755390956997873,0.6603534831589667,263,31,706,r1b1kb1r/pp2pppp/2n2n2/2pp4/Q2P1B2/2P1PN2/Pq3PPP/RN2KB1R w KQkq -,MODEL_PREDICTION_NOT_EMPIRICAL,after_key,0.0719176530838012,maia3,-161,-302,141,SEVERE_ERROR,100000
LON-15,B4,1900,maia3-79m,4,f1d3,Bd3,0.0612719170749187,0.9755390956997873,0.6603534831589667,398,20,582,r1b1kb1r/pp2pppp/2n2n2/2pp4/Q2P1B2/2P1PN2/Pq3PPP/RN2KB1R w KQkq -,MODEL_PREDICTION_NOT_EMPIRICAL,after_key,0.0612719170749187,maia3,-190,-361,171,SEVERE_ERROR,100000
LON-15,B4,1900,maia3-79m,5,f3d2,Nfd2,0.0545452497899532,0.9755390956997873,0.6603534831589667,294,20,686,r1b1kb1r/pp2pppp/2n2n2/2pp4/Q2P1B2/2P1PN2/Pq3PPP/RN2KB1R w KQkq -,MODEL_PREDICTION_NOT_EMPIRICAL,after_key,0.0545452497899532,maia3,-173,-355,182,SEVERE_ERROR,100000
LON-15,B4,1900,maia3-79m,6,b1d2,Nbd2,0.0521224439144134,0.9755390956997873,0.6603534831589667,133,9,858,r1b1kb1r/pp2pppp/2n2n2/2pp4/Q2P1B2/2P1PN2/Pq3PPP/RN2KB1R w KQkq -,MODEL_PREDICTION_NOT_EMPIRICAL,after_key,0.0521224439144134,maia3,-195,-594,399,SEVERE_ERROR,100000
LON-15,B4,1900,maia3-79m,7,f1e2,Be2,0.025361493229866,0.9755390956997873,0.6603534831589667,312,18,670,r1b1kb1r/pp2pppp/2n2n2/2pp4/Q2P1B2/2P1PN2/Pq3PPP/RN2KB1R w KQkq -,MODEL_PREDICTION_NOT_EMPIRICAL,after_key,0.025361493229866,maia3,-171,-352,181,SEVERE_ERROR,100000
LON-15,B4,1900,maia3-79m,8,d4c5,dxc5,0.016242504119873,0.9755390956997873,0.6603534831589667,206,17,777,r1b1kb1r/pp2pppp/2n2n2/2pp4/Q2P1B2/2P1PN2/Pq3PPP/RN2KB1R w KQkq -,MODEL_PREDICTION_NOT_EMPIRICAL,after_key,0.016242504119873,maia3,-162,-369,207,SEVERE_ERROR,100000
LON-15,B4,1900,maia3-79m,9,a4a3,Qa3,0.0085102319717407,0.9755390956997873,0.6603534831589667,209,21,770,r1b1kb1r/pp2pppp/2n2n2/2pp4/Q2P1B2/2P1PN2/Pq3PPP/RN2KB1R w KQkq -,MODEL_PREDICTION_NOT_EMPIRICAL,after_key,0.0085102319717407,maia3,-178,-478,300,SEVERE_ERROR,100000
LON-15,B4,1900,maia3-79m,10,a4d1,Qd1,0.0067826062440872,0.9755390956997873,0.6603534831589667,176,17,807,r1b1kb1r/pp2pppp/2n2n2/2pp4/Q2P1B2/2P1PN2/Pq3PPP/RN2KB1R w KQkq -,MODEL_PREDICTION_NOT_EMPIRICAL,after_key,0.0067826062440872,maia3,-151,-414,263,SEVERE_ERROR,100000
LON-15,B4,2100,maia3-79m,1,f1b5,Bb5,0.5891987085342407,0.9834425458684564,0.6290050429684692,378,34,588,r1b1kb1r/pp2pppp/2n2n2/2pp4/Q2P1B2/2P1PN2/Pq3PPP/RN2KB1R w KQkq -,MODEL_PREDICTION_NOT_EMPIRICAL,after_key,0.5891987085342407,maia3,-161,-146,0,OK,100000
LON-15,B4,2100,maia3-79m,2,f3e5,Ne5,0.0923947319388389,0.9834425458684564,0.6290050429684692,279,38,683,r1b1kb1r/pp2pppp/2n2n2/2pp4/Q2P1B2/2P1PN2/Pq3PPP/RN2KB1R w KQkq -,MODEL_PREDICTION_NOT_EMPIRICAL,after_key,0.0923947319388389,maia3,-186,-318,132,SEVERE_ERROR,100000
LON-15,B4,2100,maia3-79m,3,a4b3,Qb3,0.0771071538329124,0.9834425458684564,0.6290050429684692,269,34,697,r1b1kb1r/pp2pppp/2n2n2/2pp4/Q2P1B2/2P1PN2/Pq3PPP/RN2KB1R w KQkq -,MODEL_PREDICTION_NOT_EMPIRICAL,after_key,0.0771071538329124,maia3,-161,-302,141,SEVERE_ERROR,100000
LON-15,B4,2100,maia3-79m,4,f1d3,Bd3,0.064870573580265,0.9834425458684564,0.6290050429684692,378,25,597,r1b1kb1r/pp2pppp/2n2n2/2pp4/Q2P1B2/2P1PN2/Pq3PPP/RN2KB1R w KQkq -,MODEL_PREDICTION_NOT_EMPIRICAL,after_key,0.064870573580265,maia3,-190,-361,171,SEVERE_ERROR,100000
LON-15,B4,2100,maia3-79m,5,f3d2,Nfd2,0.061738982796669,0.9834425458684564,0.6290050429684692,278,23,699,r1b1kb1r/pp2pppp/2n2n2/2pp4/Q2P1B2/2P1PN2/Pq3PPP/RN2KB1R w KQkq -,MODEL_PREDICTION_NOT_EMPIRICAL,after_key,0.061738982796669,maia3,-173,-355,182,SEVERE_ERROR,100000
LON-15,B4,2100,maia3-79m,6,b1d2,Nbd2,0.0366865321993827,0.9834425458684564,0.6290050429684692,120,10,870,r1b1kb1r/pp2pppp/2n2n2/2pp4/Q2P1B2/2P1PN2/Pq3PPP/RN2KB1R w KQkq -,MODEL_PREDICTION_NOT_EMPIRICAL,after_key,0.0366865321993827,maia3,-195,-594,399,SEVERE_ERROR,100000
LON-15,B4,2100,maia3-79m,7,f1e2,Be2,0.0268329661339521,0.9834425458684564,0.6290050429684692,307,22,671,r1b1kb1r/pp2pppp/2n2n2/2pp4/Q2P1B2/2P1PN2/Pq3PPP/RN2KB1R w KQkq -,MODEL_PREDICTION_NOT_EMPIRICAL,after_key,0.0268329661339521,maia3,-171,-352,181,SEVERE_ERROR,100000
LON-15,B4,2100,maia3-79m,8,d4c5,dxc5,0.0163509976118803,0.9834425458684564,0.6290050429684692,194,20,786,r1b1kb1r/pp2pppp/2n2n2/2pp4/Q2P1B2/2P1PN2/Pq3PPP/RN2KB1R w KQkq -,MODEL_PREDICTION_NOT_EMPIRICAL,after_key,0.0163509976118803,maia3,-162,-369,207,SEVERE_ERROR,100000
LON-15,B4,2100,maia3-79m,9,a4a3,Qa3,0.0130451181903481,0.9834425458684564,0.6290050429684692,217,24,759,r1b1kb1r/pp2pppp/2n2n2/2pp4/Q2P1B2/2P1PN2/Pq3PPP/RN2KB1R w KQkq -,MODEL_PREDICTION_NOT_EMPIRICAL,after_key,0.0130451181903481,maia3,-178,-478,300,SEVERE_ERROR,100000
LON-15,B4,2100,maia3-79m,10,e3e4,e4,0.0052167810499668,0.9834425458684564,0.6290050429684692,232,17,751,r1b1kb1r/pp2pppp/2n2n2/2pp4/Q2P1B2/2P1PN2/Pq3PPP/RN2KB1R w KQkq -,MODEL_PREDICTION_NOT_EMPIRICAL,after_key,0.0052167810499668,maia3,-189,-446,257,SEVERE_ERROR,100000
PST-04,B4,1100,maia3-79m,1,g1f3,Nf3,0.1785092800855636,0.8919449914246798,0.8713878795484268,290,30,680,rnbqkbn1/ppp1ppp1/7r/3p4/3P4/8/PPP1PPPP/RN1QKBNR w KQq -,MODEL_PREDICTION_NOT_EMPIRICAL,after_key,0.1785092800855636,maia3,-399,-400,1,OK,100000
PST-04,B4,1100,maia3-79m,2,d1d2,Qd2,0.1296701282262802,0.8919449914246798,0.8713878795484268,219,30,751,rnbqkbn1/ppp1ppp1/7r/3p4/3P4/8/PPP1PPPP/RN1QKBNR w KQq -,MODEL_PREDICTION_NOT_EMPIRICAL,after_key,0.1296701282262802,maia3,-400,-432,32,OK,100000
PST-04,B4,1100,maia3-79m,3,e2e3,e3,0.116653986275196,0.8919449914246798,0.8713878795484268,284,30,686,rnbqkbn1/ppp1ppp1/7r/3p4/3P4/8/PPP1PPPP/RN1QKBNR w KQq -,MODEL_PREDICTION_NOT_EMPIRICAL,after_key,0.116653986275196,maia3,-406,-404,0,OK,100000
PST-04,B4,1100,maia3-79m,4,b1c3,Nc3,0.1159116551280021,0.8919449914246798,0.8713878795484268,266,30,704,rnbqkbn1/ppp1ppp1/7r/3p4/3P4/8/PPP1PPPP/RN1QKBNR w KQq -,MODEL_PREDICTION_NOT_EMPIRICAL,after_key,0.1159116551280021,maia3,-403,-414,11,OK,100000
PST-04,B4,1100,maia3-79m,5,e2e4,e4,0.0969354063272476,0.8919449914246798,0.8713878795484268,228,28,744,rnbqkbn1/ppp1ppp1/7r/3p4/3P4/8/PPP1PPPP/RN1QKBNR w KQq -,MODEL_PREDICTION_NOT_EMPIRICAL,after_key,0.0969354063272476,maia3,-397,-421,24,OK,100000
PST-04,B4,1100,maia3-79m,6,d1d3,Qd3,0.0933111757040023,0.8919449914246798,0.8713878795484268,225,27,748,rnbqkbn1/ppp1ppp1/7r/3p4/3P4/8/PPP1PPPP/RN1QKBNR w KQq -,MODEL_PREDICTION_NOT_EMPIRICAL,after_key,0.0933111757040023,maia3,-406,-432,26,OK,100000
PST-04,B4,1100,maia3-79m,7,h2h4,h4,0.0805505737662315,0.8919449914246798,0.8713878795484268,220,31,749,rnbqkbn1/ppp1ppp1/7r/3p4/3P4/8/PPP1PPPP/RN1QKBNR w KQq -,MODEL_PREDICTION_NOT_EMPIRICAL,after_key,0.0805505737662315,maia3,-394,-430,36,OK,100000
PST-04,B4,1100,maia3-79m,8,g2g4,g4,0.0441698208451271,0.8919449914246798,0.8713878795484268,187,31,782,rnbqkbn1/ppp1ppp1/7r/3p4/3P4/8/PPP1PPPP/RN1QKBNR w KQq -,MODEL_PREDICTION_NOT_EMPIRICAL,after_key,0.0441698208451271,maia3,-401,-511,110,SEVERE_ERROR,100000
PST-04,B4,1100,maia3-79m,9,f2f4,f4,0.0184803083539009,0.8919449914246798,0.8713878795484268,203,33,764,rnbqkbn1/ppp1ppp1/7r/3p4/3P4/8/PPP1PPPP/RN1QKBNR w KQq -,MODEL_PREDICTION_NOT_EMPIRICAL,after_key,0.0184803083539009,maia3,-400,-455,55,ERROR,100000
PST-04,B4,1100,maia3-79m,10,c2c4,c4,0.017752656713128,0.8919449914246798,0.8713878795484268,247,29,724,rnbqkbn1/ppp1ppp1/7r/3p4/3P4/8/PPP1PPPP/RN1QKBNR w KQq -,MODEL_PREDICTION_NOT_EMPIRICAL,after_key,0.017752656713128,maia3,-401,-397,0,OK,100000
PST-04,B4,1300,maia3-79m,1,g1f3,Nf3,0.212683692574501,0.9025280280038714,0.8547453512895637,281,27,692,rnbqkbn1/ppp1ppp1/7r/3p4/3P4/8/PPP1PPPP/RN1QKBNR w KQq -,MODEL_PREDICTION_NOT_EMPIRICAL,after_key,0.212683692574501,maia3,-399,-400,1,OK,100000
PST-04,B4,1300,maia3-79m,2,e2e3,e3,0.1433167606592178,0.9025280280038714,0.8547453512895637,279,28,693,rnbqkbn1/ppp1ppp1/7r/3p4/3P4/8/PPP1PPPP/RN1QKBNR w KQq -,MODEL_PREDICTION_NOT_EMPIRICAL,after_key,0.1433167606592178,maia3,-406,-404,0,OK,100000
PST-04,B4,1300,maia3-79m,3,b1c3,Nc3,0.1256528198719024,0.9025280280038714,0.8547453512895637,265,27,708,rnbqkbn1/ppp1ppp1/7r/3p4/3P4/8/PPP1PPPP/RN1QKBNR w KQq -,MODEL_PREDICTION_NOT_EMPIRICAL,after_key,0.1256528198719024,maia3,-403,-414,11,OK,100000
PST-04,B4,1300,maia3-79m,4,d1d2,Qd2,0.121044211089611,0.9025280280038714,0.8547453512895637,221,26,753,rnbqkbn1/ppp1ppp1/7r/3p4/3P4/8/PPP1PPPP/RN1QKBNR w KQq -,MODEL_PREDICTION_NOT_EMPIRICAL,after_key,0.121044211089611,maia3,-400,-432,32,OK,100000
PST-04,B4,1300,maia3-79m,5,e2e4,e4,0.0879786908626556,0.9025280280038714,0.8547453512895637,232,24,744,rnbqkbn1/ppp1ppp1/7r/3p4/3P4/8/PPP1PPPP/RN1QKBNR w KQq -,MODEL_PREDICTION_NOT_EMPIRICAL,after_key,0.0879786908626556,maia3,-397,-421,24,OK,100000
PST-04,B4,1300,maia3-79m,6,d1d3,Qd3,0.0790471583604812,0.9025280280038714,0.8547453512895637,218,24,758,rnbqkbn1/ppp1ppp1/7r/3p4/3P4/8/PPP1PPPP/RN1QKBNR w KQq -,MODEL_PREDICTION_NOT_EMPIRICAL,after_key,0.0790471583604812,maia3,-406,-432,26,OK,100000
PST-04,B4,1300,maia3-79m,7,h2h4,h4,0.0650430098176002,0.9025280280038714,0.8547453512895637,217,28,755,rnbqkbn1/ppp1ppp1/7r/3p4/3P4/8/PPP1PPPP/RN1QKBNR w KQq -,MODEL_PREDICTION_NOT_EMPIRICAL,after_key,0.0650430098176002,maia3,-394,-430,36,OK,100000
PST-04,B4,1300,maia3-79m,8,g2g4,g4,0.0348068512976169,0.9025280280038714,0.8547453512895637,175,26,799,rnbqkbn1/ppp1ppp1/7r/3p4/3P4/8/PPP1PPPP/RN1QKBNR w KQq -,MODEL_PREDICTION_NOT_EMPIRICAL,after_key,0.0348068512976169,maia3,-401,-511,110,SEVERE_ERROR,100000
PST-04,B4,1300,maia3-79m,9,c2c4,c4,0.0179039128124713,0.9025280280038714,0.8547453512895637,259,25,716,rnbqkbn1/ppp1ppp1/7r/3p4/3P4/8/PPP1PPPP/RN1QKBNR w KQq -,MODEL_PREDICTION_NOT_EMPIRICAL,after_key,0.0179039128124713,maia3,-401,-397,0,OK,100000
PST-04,B4,1300,maia3-79m,10,h2h3,h3,0.0150509206578135,0.9025280280038714,0.8547453512895637,261,30,709,rnbqkbn1/ppp1ppp1/7r/3p4/3P4/8/PPP1PPPP/RN1QKBNR w KQq -,MODEL_PREDICTION_NOT_EMPIRICAL,after_key,0.0150509206578135,maia3,-398,-431,33,OK,100000
PST-04,B4,1500,maia3-79m,1,g1f3,Nf3,0.2409039288759231,0.9078325405716896,0.8398520356265957,269,26,705,rnbqkbn1/ppp1ppp1/7r/3p4/3P4/8/PPP1PPPP/RN1QKBNR w KQq -,MODEL_PREDICTION_NOT_EMPIRICAL,after_key,0.2409039288759231,maia3,-399,-400,1,OK,100000
PST-04,B4,1500,maia3-79m,2,e2e3,e3,0.157210111618042,0.9078325405716896,0.8398520356265957,269,26,705,rnbqkbn1/ppp1ppp1/7r/3p4/3P4/8/PPP1PPPP/RN1QKBNR w KQq -,MODEL_PREDICTION_NOT_EMPIRICAL,after_key,0.157210111618042,maia3,-406,-404,0,OK,100000
PST-04,B4,1500,maia3-79m,3,b1c3,Nc3,0.1351786702871322,0.9078325405716896,0.8398520356265957,255,25,720,rnbqkbn1/ppp1ppp1/7r/3p4/3P4/8/PPP1PPPP/RN1QKBNR w KQq -,MODEL_PREDICTION_NOT_EMPIRICAL,after_key,0.1351786702871322,maia3,-403,-414,11,OK,100000
PST-04,B4,1500,maia3-79m,4,d1d2,Qd2,0.105779655277729,0.9078325405716896,0.8398520356265957,217,24,759,rnbqkbn1/ppp1ppp1/7r/3p4/3P4/8/PPP1PPPP/RN1QKBNR w KQq -,MODEL_PREDICTION_NOT_EMPIRICAL,after_key,0.105779655277729,maia3,-400,-432,32,OK,100000
PST-04,B4,1500,maia3-79m,5,e2e4,e4,0.0815782025456428,0.9078325405716896,0.8398520356265957,221,22,757,rnbqkbn1/ppp1ppp1/7r/3p4/3P4/8/PPP1PPPP/RN1QKBNR w KQq -,MODEL_PREDICTION_NOT_EMPIRICAL,after_key,0.0815782025456428,maia3,-397,-421,24,OK,100000
PST-04,B4,1500,maia3-79m,6,d1d3,Qd3,0.0675836354494094,0.9078325405716896,0.8398520356265957,209,23,768,rnbqkbn1/ppp1ppp1/7r/3p4/3P4/8/PPP1PPPP/RN1QKBNR w KQq -,MODEL_PREDICTION_NOT_EMPIRICAL,after_key,0.0675836354494094,maia3,-406,-432,26,OK,100000
PST-04,B4,1500,maia3-79m,7,h2h4,h4,0.0550863482058048,0.9078325405716896,0.8398520356265957,202,27,771,rnbqkbn1/ppp1ppp1/7r/3p4/3P4/8/PPP1PPPP/RN1QKBNR w KQq -,MODEL_PREDICTION_NOT_EMPIRICAL,after_key,0.0550863482058048,maia3,-394,-430,36,OK,100000
PST-04,B4,1500,maia3-79m,8,g2g4,g4,0.0286645647138357,0.9078325405716896,0.8398520356265957,155,25,820,rnbqkbn1/ppp1ppp1/7r/3p4/3P4/8/PPP1PPPP/RN1QKBNR w KQq -,MODEL_PREDICTION_NOT_EMPIRICAL,after_key,0.0286645647138357,maia3,-401,-511,110,SEVERE_ERROR,100000
PST-04,B4,1500,maia3-79m,9,c2c4,c4,0.0201736968010664,0.9078325405716896,0.8398520356265957,257,24,719,rnbqkbn1/ppp1ppp1/7r/3p4/3P4/8/PPP1PPPP/RN1QKBNR w KQq -,MODEL_PREDICTION_NOT_EMPIRICAL,after_key,0.0201736968010664,maia3,-401,-397,0,OK,100000
PST-04,B4,1500,maia3-79m,10,h2h3,h3,0.0156737267971038,0.9078325405716896,0.8398520356265957,246,28,726,rnbqkbn1/ppp1ppp1/7r/3p4/3P4/8/PPP1PPPP/RN1QKBNR w KQq -,MODEL_PREDICTION_NOT_EMPIRICAL,after_key,0.0156737267971038,maia3,-398,-431,33,OK,100000
PST-04,B4,1700,maia3-79m,1,g1f3,Nf3,0.2720163464546203,0.9123310577124356,0.8145596491334283,256,25,719,rnbqkbn1/ppp1ppp1/7r/3p4/3P4/8/PPP1PPPP/RN1QKBNR w KQq -,MODEL_PREDICTION_NOT_EMPIRICAL,after_key,0.2720163464546203,maia3,-399,-400,1,OK,100000
PST-04,B4,1700,maia3-79m,2,e2e3,e3,0.1816372573375702,0.9123310577124356,0.8145596491334283,255,26,719,rnbqkbn1/ppp1ppp1/7r/3p4/3P4/8/PPP1PPPP/RN1QKBNR w KQq -,MODEL_PREDICTION_NOT_EMPIRICAL,after_key,0.1816372573375702,maia3,-406,-404,0,OK,100000
PST-04,B4,1700,maia3-79m,3,b1c3,Nc3,0.1382904350757599,0.9123310577124356,0.8145596491334283,243,25,732,rnbqkbn1/ppp1ppp1/7r/3p4/3P4/8/PPP1PPPP/RN1QKBNR w KQq -,MODEL_PREDICTION_NOT_EMPIRICAL,after_key,0.1382904350757599,maia3,-403,-414,11,OK,100000
PST-04,B4,1700,maia3-79m,4,d1d2,Qd2,0.0831329524517059,0.9123310577124356,0.8145596491334283,214,23,763,rnbqkbn1/ppp1ppp1/7r/3p4/3P4/8/PPP1PPPP/RN1QKBNR w KQq -,MODEL_PREDICTION_NOT_EMPIRICAL,after_key,0.0831329524517059,maia3,-400,-432,32,OK,100000
PST-04,B4,1700,maia3-79m,5,e2e4,e4,0.0777540355920791,0.9123310577124356,0.8145596491334283,202,21,777,rnbqkbn1/ppp1ppp1/7r/3p4/3P4/8/PPP1PPPP/RN1QKBNR w KQq -,MODEL_PREDICTION_NOT_EMPIRICAL,after_key,0.0777540355920791,maia3,-397,-421,24,OK,100000
PST-04,B4,1700,maia3-79m,6,d1d3,Qd3,0.0537967383861541,0.9123310577124356,0.8145596491334283,202,22,776,rnbqkbn1/ppp1ppp1/7r/3p4/3P4/8/PPP1PPPP/RN1QKBNR w KQq -,MODEL_PREDICTION_NOT_EMPIRICAL,after_key,0.0537967383861541,maia3,-406,-432,26,OK,100000
PST-04,B4,1700,maia3-79m,7,h2h4,h4,0.0450770370662212,0.9123310577124356,0.8145596491334283,196,26,778,rnbqkbn1/ppp1ppp1/7r/3p4/3P4/8/PPP1PPPP/RN1QKBNR w KQq -,MODEL_PREDICTION_NOT_EMPIRICAL,after_key,0.0450770370662212,maia3,-394,-430,36,OK,100000
PST-04,B4,1700,maia3-79m,8,c2c4,c4,0.0238700192421674,0.9123310577124356,0.8145596491334283,252,24,724,rnbqkbn1/ppp1ppp1/7r/3p4/3P4/8/PPP1PPPP/RN1QKBNR w KQq -,MODEL_PREDICTION_NOT_EMPIRICAL,after_key,0.0238700192421674,maia3,-401,-397,0,OK,100000
PST-04,B4,1700,maia3-79m,9,g2g4,g4,0.0208473373204469,0.9123310577124356,0.8145596491334283,141,23,836,rnbqkbn1/ppp1ppp1/7r/3p4/3P4/8/PPP1PPPP/RN1QKBNR w KQq -,MODEL_PREDICTION_NOT_EMPIRICAL,after_key,0.0208473373204469,maia3,-401,-511,110,SEVERE_ERROR,100000
PST-04,B4,1700,maia3-79m,10,h2h3,h3,0.0159088987857103,0.9123310577124356,0.8145596491334283,238,28,734,rnbqkbn1/ppp1ppp1/7r/3p4/3P4/8/PPP1PPPP/RN1QKBNR w KQq -,MODEL_PREDICTION_NOT_EMPIRICAL,after_key,0.0159088987857103,maia3,-398,-431,33,OK,100000
PST-04,B4,1900,maia3-79m,1,g1f3,Nf3,0.3083784878253937,0.9231540244072676,0.7905769139266061,236,26,738,rnbqkbn1/ppp1ppp1/7r/3p4/3P4/8/PPP1PPPP/RN1QKBNR w KQq -,MODEL_PREDICTION_NOT_EMPIRICAL,after_key,0.3083784878253937,maia3,-399,-400,1,OK,100000
PST-04,B4,1900,maia3-79m,2,e2e3,e3,0.2030070722103119,0.9231540244072676,0.7905769139266061,234,27,739,rnbqkbn1/ppp1ppp1/7r/3p4/3P4/8/PPP1PPPP/RN1QKBNR w KQq -,MODEL_PREDICTION_NOT_EMPIRICAL,after_key,0.2030070722103119,maia3,-406,-404,0,OK,100000
PST-04,B4,1900,maia3-79m,3,b1c3,Nc3,0.1341492980718612,0.9231540244072676,0.7905769139266061,229,25,746,rnbqkbn1/ppp1ppp1/7r/3p4/3P4/8/PPP1PPPP/RN1QKBNR w KQq -,MODEL_PREDICTION_NOT_EMPIRICAL,after_key,0.1341492980718612,maia3,-403,-414,11,OK,100000
PST-04,B4,1900,maia3-79m,4,e2e4,e4,0.0763463526964187,0.9231540244072676,0.7905769139266061,176,21,803,rnbqkbn1/ppp1ppp1/7r/3p4/3P4/8/PPP1PPPP/RN1QKBNR w KQq -,MODEL_PREDICTION_NOT_EMPIRICAL,after_key,0.0763463526964187,maia3,-397,-421,24,OK,100000
PST-04,B4,1900,maia3-79m,5,d1d2,Qd2,0.0567048527300357,0.9231540244072676,0.7905769139266061,206,24,770,rnbqkbn1/ppp1ppp1/7r/3p4/3P4/8/PPP1PPPP/RN1QKBNR w KQq -,MODEL_PREDICTION_NOT_EMPIRICAL,after_key,0.0567048527300357,maia3,-400,-432,32,OK,100000
PST-04,B4,1900,maia3-79m,6,d1d3,Qd3,0.0407917462289333,0.9231540244072676,0.7905769139266061,192,23,785,rnbqkbn1/ppp1ppp1/7r/3p4/3P4/8/PPP1PPPP/RN1QKBNR w KQq -,MODEL_PREDICTION_NOT_EMPIRICAL,after_key,0.0407917462289333,maia3,-406,-432,26,OK,100000
PST-04,B4,1900,maia3-79m,7,h2h4,h4,0.0360834188759326,0.9231540244072676,0.7905769139266061,192,26,782,rnbqkbn1/ppp1ppp1/7r/3p4/3P4/8/PPP1PPPP/RN1QKBNR w KQq -,MODEL_PREDICTION_NOT_EMPIRICAL,after_key,0.0360834188759326,maia3,-394,-430,36,OK,100000
PST-04,B4,1900,maia3-79m,8,c2c4,c4,0.0289855450391769,0.9231540244072676,0.7905769139266061,241,25,734,rnbqkbn1/ppp1ppp1/7r/3p4/3P4/8/PPP1PPPP/RN1QKBNR w KQq -,MODEL_PREDICTION_NOT_EMPIRICAL,after_key,0.0289855450391769,maia3,-401,-397,0,OK,100000
PST-04,B4,1900,maia3-79m,9,c2c3,c3,0.0222319606691598,0.9231540244072676,0.7905769139266061,212,27,761,rnbqkbn1/ppp1ppp1/7r/3p4/3P4/8/PPP1PPPP/RN1QKBNR w KQq -,MODEL_PREDICTION_NOT_EMPIRICAL,after_key,0.0222319606691598,maia3,-405,-399,0,OK,100000
PST-04,B4,1900,maia3-79m,10,b1d2,Nd2,0.0164752900600433,0.9231540244072676,0.7905769139266061,208,26,766,rnbqkbn1/ppp1ppp1/7r/3p4/3P4/8/PPP1PPPP/RN1QKBNR w KQq -,MODEL_PREDICTION_NOT_EMPIRICAL,after_key,0.0164752900600433,maia3,-396,-414,18,OK,100000
PST-04,B4,2100,maia3-79m,1,g1f3,Nf3,0.343787282705307,0.9295790940523148,0.7843841112782143,204,27,769,rnbqkbn1/ppp1ppp1/7r/3p4/3P4/8/PPP1PPPP/RN1QKBNR w KQq -,MODEL_PREDICTION_NOT_EMPIRICAL,after_key,0.343787282705307,maia3,-399,-400,1,OK,100000
PST-04,B4,2100,maia3-79m,2,e2e3,e3,0.1780397593975067,0.9295790940523148,0.7843841112782143,200,29,771,rnbqkbn1/ppp1ppp1/7r/3p4/3P4/8/PPP1PPPP/RN1QKBNR w KQq -,MODEL_PREDICTION_NOT_EMPIRICAL,after_key,0.1780397593975067,maia3,-406,-404,0,OK,100000
PST-04,B4,2100,maia3-79m,3,b1c3,Nc3,0.1333245187997818,0.9295790940523148,0.7843841112782143,206,27,767,rnbqkbn1/ppp1ppp1/7r/3p4/3P4/8/PPP1PPPP/RN1QKBNR w KQq -,MODEL_PREDICTION_NOT_EMPIRICAL,after_key,0.1333245187997818,maia3,-403,-414,11,OK,100000
PST-04,B4,2100,maia3-79m,4,e2e4,e4,0.0800354108214378,0.9295790940523148,0.7843841112782143,140,20,840,rnbqkbn1/ppp1ppp1/7r/3p4/3P4/8/PPP1PPPP/RN1QKBNR w KQq -,MODEL_PREDICTION_NOT_EMPIRICAL,after_key,0.0800354108214378,maia3,-397,-421,24,OK,100000
PST-04,B4,2100,maia3-79m,5,d1d2,Qd2,0.0398644097149372,0.9295790940523148,0.7843841112782143,187,26,787,rnbqkbn1/ppp1ppp1/7r/3p4/3P4/8/PPP1PPPP/RN1QKBNR w KQq -,MODEL_PREDICTION_NOT_EMPIRICAL,after_key,0.0398644097149372,maia3,-400,-432,32,OK,100000
PST-04,B4,2100,maia3-79m,6,d1d3,Qd3,0.036996055394411,0.9295790940523148,0.7843841112782143,175,24,801,rnbqkbn1/ppp1ppp1/7r/3p4/3P4/8/PPP1PPPP/RN1QKBNR w KQq -,MODEL_PREDICTION_NOT_EMPIRICAL,after_key,0.036996055394411,maia3,-406,-432,26,OK,100000
PST-04,B4,2100,maia3-79m,7,c2c4,c4,0.0364058874547481,0.9295790940523148,0.7843841112782143,209,26,765,rnbqkbn1/ppp1ppp1/7r/3p4/3P4/8/PPP1PPPP/RN1QKBNR w KQq -,MODEL_PREDICTION_NOT_EMPIRICAL,after_key,0.0364058874547481,maia3,-401,-397,0,OK,100000
PST-04,B4,2100,maia3-79m,8,h2h4,h4,0.0345961786806583,0.9295790940523148,0.7843841112782143,178,27,795,rnbqkbn1/ppp1ppp1/7r/3p4/3P4/8/PPP1PPPP/RN1QKBNR w KQq -,MODEL_PREDICTION_NOT_EMPIRICAL,after_key,0.0345961786806583,maia3,-394,-430,36,OK,100000
PST-04,B4,2100,maia3-79m,9,c2c3,c3,0.0289089996367692,0.9295790940523148,0.7843841112782143,187,29,784,rnbqkbn1/ppp1ppp1/7r/3p4/3P4/8/PPP1PPPP/RN1QKBNR w KQq -,MODEL_PREDICTION_NOT_EMPIRICAL,after_key,0.0289089996367692,maia3,-405,-399,0,OK,100000
PST-04,B4,2100,maia3-79m,10,b1d2,Nd2,0.0176205914467573,0.9295790940523148,0.7843841112782143,187,27,786,rnbqkbn1/ppp1ppp1/7r/3p4/3P4/8/PPP1PPPP/RN1QKBNR w KQq -,MODEL_PREDICTION_NOT_EMPIRICAL,after_key,0.0176205914467573,maia3,-396,-414,18,OK,100000
LON-06,B5,1100,maia3-79m,1,g7g6,g6,0.3115356862545013,0.9631842207163572,0.8491225142891635,453,24,523,r1b1kb1r/pp2pppp/1qn5/2pp4/3P4/2P1PNP1/PPQ2PP1/RN2KB1R b KQkq -,MODEL_PREDICTION_NOT_EMPIRICAL,after_key,0.3115356862545013,maia3,49,46,3,OK,100000
LON-06,B5,1100,maia3-79m,2,c8g4,Bg4,0.1514277905225753,0.9631842207163572,0.8491225142891635,396,22,582,r1b1kb1r/pp2pppp/1qn5/2pp4/3P4/2P1PNP1/PPQ2PP1/RN2KB1R b KQkq -,MODEL_PREDICTION_NOT_EMPIRICAL,after_key,0.1514277905225753,maia3,43,12,31,OK,100000
LON-06,B5,1100,maia3-79m,3,e7e6,e6,0.1385680884122848,0.9631842207163572,0.8491225142891635,393,23,584,r1b1kb1r/pp2pppp/1qn5/2pp4/3P4/2P1PNP1/PPQ2PP1/RN2KB1R b KQkq -,MODEL_PREDICTION_NOT_EMPIRICAL,after_key,0.1385680884122848,maia3,41,16,25,OK,100000
LON-06,B5,1100,maia3-79m,4,c5d4,cxd4,0.0963135883212089,0.9631842207163572,0.8491225142891635,414,22,564,r1b1kb1r/pp2pppp/1qn5/2pp4/3P4/2P1PNP1/PPQ2PP1/RN2KB1R b KQkq -,MODEL_PREDICTION_NOT_EMPIRICAL,after_key,0.0963135883212089,maia3,38,0,38,OK,100000
LON-06,B5,1100,maia3-79m,5,c8f5,Bf5,0.0651418194174766,0.9631842207163572,0.8491225142891635,397,21,582,r1b1kb1r/pp2pppp/1qn5/2pp4/3P4/2P1PNP1/PPQ2PP1/RN2KB1R b KQkq -,MODEL_PREDICTION_NOT_EMPIRICAL,after_key,0.0651418194174766,maia3,37,-242,279,SEVERE_ERROR,100000
LON-06,B5,1100,maia3-79m,6,b6c7,Qc7,0.0507770366966724,0.9631842207163572,0.8491225142891635,348,21,631,r1b1kb1r/pp2pppp/1qn5/2pp4/3P4/2P1PNP1/PPQ2PP1/RN2KB1R b KQkq -,MODEL_PREDICTION_NOT_EMPIRICAL,after_key,0.0507770366966724,maia3,41,-56,97,ERROR,100000
LON-06,B5,1100,maia3-79m,7,h7h6,h6,0.0482730157673358,0.9631842207163572,0.8491225142891635,429,23,548,r1b1kb1r/pp2pppp/1qn5/2pp4/3P4/2P1PNP1/PPQ2PP1/RN2KB1R b KQkq -,MODEL_PREDICTION_NOT_EMPIRICAL,after_key,0.0482730157673358,maia3,34,4,30,OK,100000
LON-06,B5,1100,maia3-79m,8,f7f6,f6,0.0456133149564266,0.9631842207163572,0.8491225142891635,393,24,583,r1b1kb1r/pp2pppp/1qn5/2pp4/3P4/2P1PNP1/PPQ2PP1/RN2KB1R b KQkq -,MODEL_PREDICTION_NOT_EMPIRICAL,after_key,0.0456133149564266,maia3,37,-64,101,SEVERE_ERROR,100000
LON-06,B5,1100,maia3-79m,9,e7e5,e5,0.0428573451936244,0.9631842207163572,0.8491225142891635,441,24,535,r1b1kb1r/pp2pppp/1qn5/2pp4/3P4/2P1PNP1/PPQ2PP1/RN2KB1R b KQkq -,MODEL_PREDICTION_NOT_EMPIRICAL,after_key,0.0428573451936244,maia3,41,-72,113,SEVERE_ERROR,100000
LON-06,B5,1100,maia3-79m,10,c8d7,Bd7,0.0126765351742506,0.9631842207163572,0.8491225142891635,406,22,572,r1b1kb1r/pp2pppp/1qn5/2pp4/3P4/2P1PNP1/PPQ2PP1/RN2KB1R b KQkq -,MODEL_PREDICTION_NOT_EMPIRICAL,after_key,0.0126765351742506,maia3,40,4,36,OK,100000
LON-06,B5,1300,maia3-79m,1,g7g6,g6,0.3213829100131988,0.9702503625303508,0.8422276976955969,461,25,514,r1b1kb1r/pp2pppp/1qn5/2pp4/3P4/2P1PNP1/PPQ2PP1/RN2KB1R b KQkq -,MODEL_PREDICTION_NOT_EMPIRICAL,after_key,0.3213829100131988,maia3,49,46,3,OK,100000
LON-06,B5,1300,maia3-79m,2,c8g4,Bg4,0.1639926731586456,0.9702503625303508,0.8422276976955969,400,24,576,r1b1kb1r/pp2pppp/1qn5/2pp4/3P4/2P1PNP1/PPQ2PP1/RN2KB1R b KQkq -,MODEL_PREDICTION_NOT_EMPIRICAL,after_key,0.1639926731586456,maia3,43,12,31,OK,100000
LON-06,B5,1300,maia3-79m,3,e7e6,e6,0.1216277405619621,0.9702503625303508,0.8422276976955969,406,24,570,r1b1kb1r/pp2pppp/1qn5/2pp4/3P4/2P1PNP1/PPQ2PP1/RN2KB1R b KQkq -,MODEL_PREDICTION_NOT_EMPIRICAL,after_key,0.1216277405619621,maia3,41,16,25,OK,100000
LON-06,B5,1300,maia3-79m,4,c5d4,cxd4,0.096833124756813,0.9702503625303508,0.8422276976955969,420,24,556,r1b1kb1r/pp2pppp/1qn5/2pp4/3P4/2P1PNP1/PPQ2PP1/RN2KB1R b KQkq -,MODEL_PREDICTION_NOT_EMPIRICAL,after_key,0.096833124756813,maia3,38,0,38,OK,100000
LON-06,B5,1300,maia3-79m,5,c8f5,Bf5,0.0773434415459632,0.9702503625303508,0.8422276976955969,414,23,563,r1b1kb1r/pp2pppp/1qn5/2pp4/3P4/2P1PNP1/PPQ2PP1/RN2KB1R b KQkq -,MODEL_PREDICTION_NOT_EMPIRICAL,after_key,0.0773434415459632,maia3,37,-242,279,SEVERE_ERROR,100000
LON-06,B5,1300,maia3-79m,6,h7h6,h6,0.0719281584024429,0.9702503625303508,0.8422276976955969,441,24,535,r1b1kb1r/pp2pppp/1qn5/2pp4/3P4/2P1PNP1/PPQ2PP1/RN2KB1R b KQkq -,MODEL_PREDICTION_NOT_EMPIRICAL,after_key,0.0719281584024429,maia3,34,4,30,OK,100000
LON-06,B5,1300,maia3-79m,7,b6c7,Qc7,0.0404011011123657,0.9702503625303508,0.8422276976955969,360,22,618,r1b1kb1r/pp2pppp/1qn5/2pp4/3P4/2P1PNP1/PPQ2PP1/RN2KB1R b KQkq -,MODEL_PREDICTION_NOT_EMPIRICAL,after_key,0.0404011011123657,maia3,41,-56,97,ERROR,100000
LON-06,B5,1300,maia3-79m,8,e7e5,e5,0.0315616615116596,0.9702503625303508,0.8422276976955969,444,24,532,r1b1kb1r/pp2pppp/1qn5/2pp4/3P4/2P1PNP1/PPQ2PP1/RN2KB1R b KQkq -,MODEL_PREDICTION_NOT_EMPIRICAL,after_key,0.0315616615116596,maia3,41,-72,113,SEVERE_ERROR,100000
LON-06,B5,1300,maia3-79m,9,f7f6,f6,0.0284928176552057,0.9702503625303508,0.8422276976955969,393,24,583,r1b1kb1r/pp2pppp/1qn5/2pp4/3P4/2P1PNP1/PPQ2PP1/RN2KB1R b KQkq -,MODEL_PREDICTION_NOT_EMPIRICAL,after_key,0.0284928176552057,maia3,37,-64,101,SEVERE_ERROR,100000
LON-06,B5,1300,maia3-79m,10,c8d7,Bd7,0.0166867338120937,0.9702503625303508,0.8422276976955969,423,23,554,r1b1kb1r/pp2pppp/1qn5/2pp4/3P4/2P1PNP1/PPQ2PP1/RN2KB1R b KQkq -,MODEL_PREDICTION_NOT_EMPIRICAL,after_key,0.0166867338120937,maia3,40,4,36,OK,100000
LON-06,B5,1500,maia3-79m,1,g7g6,g6,0.3389045298099518,0.9734141658991576,0.8261678656999758,471,27,502,r1b1kb1r/pp2pppp/1qn5/2pp4/3P4/2P1PNP1/PPQ2PP1/RN2KB1R b KQkq -,MODEL_PREDICTION_NOT_EMPIRICAL,after_key,0.3389045298099518,maia3,49,46,3,OK,100000
LON-06,B5,1500,maia3-79m,2,c8g4,Bg4,0.1488833129405975,0.9734141658991576,0.8261678656999758,406,27,567,r1b1kb1r/pp2pppp/1qn5/2pp4/3P4/2P1PNP1/PPQ2PP1/RN2KB1R b KQkq -,MODEL_PREDICTION_NOT_EMPIRICAL,after_key,0.1488833129405975,maia3,43,12,31,OK,100000
LON-06,B5,1500,maia3-79m,3,h7h6,h6,0.1099628359079361,0.9734141658991576,0.8261678656999758,450,26,524,r1b1kb1r/pp2pppp/1qn5/2pp4/3P4/2P1PNP1/PPQ2PP1/RN2KB1R b KQkq -,MODEL_PREDICTION_NOT_EMPIRICAL,after_key,0.1099628359079361,maia3,34,4,30,OK,100000
LON-06,B5,1500,maia3-79m,4,e7e6,e6,0.1005089879035949,0.9734141658991576,0.8261678656999758,416,27,557,r1b1kb1r/pp2pppp/1qn5/2pp4/3P4/2P1PNP1/PPQ2PP1/RN2KB1R b KQkq -,MODEL_PREDICTION_NOT_EMPIRICAL,after_key,0.1005089879035949,maia3,41,16,25,OK,100000
LON-06,B5,1500,maia3-79m,5,c5d4,cxd4,0.0970144718885421,0.9734141658991576,0.8261678656999758,425,27,548,r1b1kb1r/pp2pppp/1qn5/2pp4/3P4/2P1PNP1/PPQ2PP1/RN2KB1R b KQkq -,MODEL_PREDICTION_NOT_EMPIRICAL,after_key,0.0970144718885421,maia3,38,0,38,OK,100000
LON-06,B5,1500,maia3-79m,6,c8f5,Bf5,0.0897192656993866,0.9734141658991576,0.8261678656999758,444,25,531,r1b1kb1r/pp2pppp/1qn5/2pp4/3P4/2P1PNP1/PPQ2PP1/RN2KB1R b KQkq -,MODEL_PREDICTION_NOT_EMPIRICAL,after_key,0.0897192656993866,maia3,37,-242,279,SEVERE_ERROR,100000
LON-06,B5,1500,maia3-79m,7,b6c7,Qc7,0.0286432020366191,0.9734141658991576,0.8261678656999758,373,25,602,r1b1kb1r/pp2pppp/1qn5/2pp4/3P4/2P1PNP1/PPQ2PP1/RN2KB1R b KQkq -,MODEL_PREDICTION_NOT_EMPIRICAL,after_key,0.0286432020366191,maia3,41,-56,97,ERROR,100000
LON-06,B5,1500,maia3-79m,8,e7e5,e5,0.0215936172753572,0.9734141658991576,0.8261678656999758,434,27,539,r1b1kb1r/pp2pppp/1qn5/2pp4/3P4/2P1PNP1/PPQ2PP1/RN2KB1R b KQkq -,MODEL_PREDICTION_NOT_EMPIRICAL,after_key,0.0215936172753572,maia3,41,-72,113,SEVERE_ERROR,100000
LON-06,B5,1500,maia3-79m,9,f7f6,f6,0.0192648656666278,0.9734141658991576,0.8261678656999758,393,26,581,r1b1kb1r/pp2pppp/1qn5/2pp4/3P4/2P1PNP1/PPQ2PP1/RN2KB1R b KQkq -,MODEL_PREDICTION_NOT_EMPIRICAL,after_key,0.0192648656666278,maia3,37,-64,101,SEVERE_ERROR,100000
LON-06,B5,1500,maia3-79m,10,c8d7,Bd7,0.018919076770544,0.9734141658991576,0.8261678656999758,432,25,543,r1b1kb1r/pp2pppp/1qn5/2pp4/3P4/2P1PNP1/PPQ2PP1/RN2KB1R b KQkq -,MODEL_PREDICTION_NOT_EMPIRICAL,after_key,0.018919076770544,maia3,40,4,36,OK,100000
LON-06,B5,1700,maia3-79m,1,g7g6,g6,0.375475138425827,0.9762946078553796,0.7876886541080328,487,30,483,r1b1kb1r/pp2pppp/1qn5/2pp4/3P4/2P1PNP1/PPQ2PP1/RN2KB1R b KQkq -,MODEL_PREDICTION_NOT_EMPIRICAL,after_key,0.375475138425827,maia3,49,46,3,OK,100000
LON-06,B5,1700,maia3-79m,2,h7h6,h6,0.1587797999382019,0.9762946078553796,0.7876886541080328,460,29,511,r1b1kb1r/pp2pppp/1qn5/2pp4/3P4/2P1PNP1/PPQ2PP1/RN2KB1R b KQkq -,MODEL_PREDICTION_NOT_EMPIRICAL,after_key,0.1587797999382019,maia3,34,4,30,OK,100000
LON-06,B5,1700,maia3-79m,3,c8g4,Bg4,0.1108474433422088,0.9762946078553796,0.7876886541080328,415,30,555,r1b1kb1r/pp2pppp/1qn5/2pp4/3P4/2P1PNP1/PPQ2PP1/RN2KB1R b KQkq -,MODEL_PREDICTION_NOT_EMPIRICAL,after_key,0.1108474433422088,maia3,43,12,31,OK,100000
LON-06,B5,1700,maia3-79m,4,c8f5,Bf5,0.1061746105551719,0.9762946078553796,0.7876886541080328,476,29,495,r1b1kb1r/pp2pppp/1qn5/2pp4/3P4/2P1PNP1/PPQ2PP1/RN2KB1R b KQkq -,MODEL_PREDICTION_NOT_EMPIRICAL,after_key,0.1061746105551719,maia3,37,-242,279,SEVERE_ERROR,100000
LON-06,B5,1700,maia3-79m,5,c5d4,cxd4,0.0856033414602279,0.9762946078553796,0.7876886541080328,432,31,537,r1b1kb1r/pp2pppp/1qn5/2pp4/3P4/2P1PNP1/PPQ2PP1/RN2KB1R b KQkq -,MODEL_PREDICTION_NOT_EMPIRICAL,after_key,0.0856033414602279,maia3,38,0,38,OK,100000
LON-06,B5,1700,maia3-79m,6,e7e6,e6,0.0740479156374931,0.9762946078553796,0.7876886541080328,427,31,542,r1b1kb1r/pp2pppp/1qn5/2pp4/3P4/2P1PNP1/PPQ2PP1/RN2KB1R b KQkq -,MODEL_PREDICTION_NOT_EMPIRICAL,after_key,0.0740479156374931,maia3,41,16,25,OK,100000
LON-06,B5,1700,maia3-79m,7,c8d7,Bd7,0.0180476773530244,0.9762946078553796,0.7876886541080328,439,29,532,r1b1kb1r/pp2pppp/1qn5/2pp4/3P4/2P1PNP1/PPQ2PP1/RN2KB1R b KQkq -,MODEL_PREDICTION_NOT_EMPIRICAL,after_key,0.0180476773530244,maia3,40,4,36,OK,100000
LON-06,B5,1700,maia3-79m,8,b6c7,Qc7,0.0177221801131963,0.9762946078553796,0.7876886541080328,382,28,590,r1b1kb1r/pp2pppp/1qn5/2pp4/3P4/2P1PNP1/PPQ2PP1/RN2KB1R b KQkq -,MODEL_PREDICTION_NOT_EMPIRICAL,after_key,0.0177221801131963,maia3,41,-56,97,ERROR,100000
LON-06,B5,1700,maia3-79m,9,f7f6,f6,0.0148969246074557,0.9762946078553796,0.7876886541080328,385,28,587,r1b1kb1r/pp2pppp/1qn5/2pp4/3P4/2P1PNP1/PPQ2PP1/RN2KB1R b KQkq -,MODEL_PREDICTION_NOT_EMPIRICAL,after_key,0.0148969246074557,maia3,37,-64,101,SEVERE_ERROR,100000
LON-06,B5,1700,maia3-79m,10,e7e5,e5,0.0146995764225721,0.9762946078553796,0.7876886541080328,419,30,551,r1b1kb1r/pp2pppp/1qn5/2pp4/3P4/2P1PNP1/PPQ2PP1/RN2KB1R b KQkq -,MODEL_PREDICTION_NOT_EMPIRICAL,after_key,0.0146995764225721,maia3,41,-72,113,SEVERE_ERROR,100000
LON-06,B5,1900,maia3-79m,1,g7g6,g6,0.4459984898567199,0.9825390046462416,0.7140988437201088,501,36,463,r1b1kb1r/pp2pppp/1qn5/2pp4/3P4/2P1PNP1/PPQ2PP1/RN2KB1R b KQkq -,MODEL_PREDICTION_NOT_EMPIRICAL,after_key,0.4459984898567199,maia3,49,46,3,OK,100000
LON-06,B5,1900,maia3-79m,2,h7h6,h6,0.183922454714775,0.9825390046462416,0.7140988437201088,467,35,498,r1b1kb1r/pp2pppp/1qn5/2pp4/3P4/2P1PNP1/PPQ2PP1/RN2KB1R b KQkq -,MODEL_PREDICTION_NOT_EMPIRICAL,after_key,0.183922454714775,maia3,34,4,30,OK,100000
LON-06,B5,1900,maia3-79m,3,c8f5,Bf5,0.1227264553308487,0.9825390046462416,0.7140988437201088,498,36,466,r1b1kb1r/pp2pppp/1qn5/2pp4/3P4/2P1PNP1/PPQ2PP1/RN2KB1R b KQkq -,MODEL_PREDICTION_NOT_EMPIRICAL,after_key,0.1227264553308487,maia3,37,-242,279,SEVERE_ERROR,100000
LON-06,B5,1900,maia3-79m,4,c8g4,Bg4,0.0751192569732666,0.9825390046462416,0.7140988437201088,425,34,541,r1b1kb1r/pp2pppp/1qn5/2pp4/3P4/2P1PNP1/PPQ2PP1/RN2KB1R b KQkq -,MODEL_PREDICTION_NOT_EMPIRICAL,after_key,0.0751192569732666,maia3,43,12,31,OK,100000
LON-06,B5,1900,maia3-79m,5,c5d4,cxd4,0.0614242106676101,0.9825390046462416,0.7140988437201088,434,38,528,r1b1kb1r/pp2pppp/1qn5/2pp4/3P4/2P1PNP1/PPQ2PP1/RN2KB1R b KQkq -,MODEL_PREDICTION_NOT_EMPIRICAL,after_key,0.0614242106676101,maia3,38,0,38,OK,100000
LON-06,B5,1900,maia3-79m,6,e7e6,e6,0.0473341308534145,0.9825390046462416,0.7140988437201088,435,36,529,r1b1kb1r/pp2pppp/1qn5/2pp4/3P4/2P1PNP1/PPQ2PP1/RN2KB1R b KQkq -,MODEL_PREDICTION_NOT_EMPIRICAL,after_key,0.0473341308534145,maia3,41,16,25,OK,100000
LON-06,B5,1900,maia3-79m,7,c8d7,Bd7,0.014146888628602,0.9825390046462416,0.7140988437201088,442,33,525,r1b1kb1r/pp2pppp/1qn5/2pp4/3P4/2P1PNP1/PPQ2PP1/RN2KB1R b KQkq -,MODEL_PREDICTION_NOT_EMPIRICAL,after_key,0.014146888628602,maia3,40,4,36,OK,100000
LON-06,B5,1900,maia3-79m,8,f7f6,f6,0.0109008848667144,0.9825390046462416,0.7140988437201088,366,32,602,r1b1kb1r/pp2pppp/1qn5/2pp4/3P4/2P1PNP1/PPQ2PP1/RN2KB1R b KQkq -,MODEL_PREDICTION_NOT_EMPIRICAL,after_key,0.0109008848667144,maia3,37,-64,101,SEVERE_ERROR,100000
LON-06,B5,1900,maia3-79m,9,e7e5,e5,0.0108520509675145,0.9825390046462416,0.7140988437201088,404,35,561,r1b1kb1r/pp2pppp/1qn5/2pp4/3P4/2P1PNP1/PPQ2PP1/RN2KB1R b KQkq -,MODEL_PREDICTION_NOT_EMPIRICAL,after_key,0.0108520509675145,maia3,41,-72,113,SEVERE_ERROR,100000
LON-06,B5,1900,maia3-79m,10,c5c4,c4,0.0101141817867755,0.9825390046462416,0.7140988437201088,424,34,542,r1b1kb1r/pp2pppp/1qn5/2pp4/3P4/2P1PNP1/PPQ2PP1/RN2KB1R b KQkq -,MODEL_PREDICTION_NOT_EMPIRICAL,after_key,0.0101141817867755,maia3,37,-70,107,SEVERE_ERROR,100000
LON-06,B5,2100,maia3-79m,1,g7g6,g6,0.5735131502151489,0.9906000634655356,0.6022733181190514,506,46,448,r1b1kb1r/pp2pppp/1qn5/2pp4/3P4/2P1PNP1/PPQ2PP1/RN2KB1R b KQkq -,MODEL_PREDICTION_NOT_EMPIRICAL,after_key,0.5735131502151489,maia3,49,46,3,OK,100000
LON-06,B5,2100,maia3-79m,2,h7h6,h6,0.1450012922286987,0.9906000634655356,0.6022733181190514,464,44,492,r1b1kb1r/pp2pppp/1qn5/2pp4/3P4/2P1PNP1/PPQ2PP1/RN2KB1R b KQkq -,MODEL_PREDICTION_NOT_EMPIRICAL,after_key,0.1450012922286987,maia3,34,4,30,OK,100000
LON-06,B5,2100,maia3-79m,3,c8f5,Bf5,0.1223658546805381,0.9906000634655356,0.6022733181190514,495,46,459,r1b1kb1r/pp2pppp/1qn5/2pp4/3P4/2P1PNP1/PPQ2PP1/RN2KB1R b KQkq -,MODEL_PREDICTION_NOT_EMPIRICAL,after_key,0.1223658546805381,maia3,37,-242,279,SEVERE_ERROR,100000
LON-06,B5,2100,maia3-79m,4,c8g4,Bg4,0.0524978637695312,0.9906000634655356,0.6022733181190514,434,41,525,r1b1kb1r/pp2pppp/1qn5/2pp4/3P4/2P1PNP1/PPQ2PP1/RN2KB1R b KQkq -,MODEL_PREDICTION_NOT_EMPIRICAL,after_key,0.0524978637695312,maia3,43,12,31,OK,100000
LON-06,B5,2100,maia3-79m,5,c5d4,cxd4,0.0367510542273521,0.9906000634655356,0.6022733181190514,431,46,523,r1b1kb1r/pp2pppp/1qn5/2pp4/3P4/2P1PNP1/PPQ2PP1/RN2KB1R b KQkq -,MODEL_PREDICTION_NOT_EMPIRICAL,after_key,0.0367510542273521,maia3,38,0,38,OK,100000
LON-06,B5,2100,maia3-79m,6,e7e6,e6,0.0288584511727094,0.9906000634655356,0.6022733181190514,439,44,517,r1b1kb1r/pp2pppp/1qn5/2pp4/3P4/2P1PNP1/PPQ2PP1/RN2KB1R b KQkq -,MODEL_PREDICTION_NOT_EMPIRICAL,after_key,0.0288584511727094,maia3,41,16,25,OK,100000
LON-06,B5,2100,maia3-79m,7,e7e5,e5,0.0096691185608506,0.9906000634655356,0.6022733181190514,397,42,561,r1b1kb1r/pp2pppp/1qn5/2pp4/3P4/2P1PNP1/PPQ2PP1/RN2KB1R b KQkq -,MODEL_PREDICTION_NOT_EMPIRICAL,after_key,0.0096691185608506,maia3,41,-72,113,SEVERE_ERROR,100000
LON-06,B5,2100,maia3-79m,8,c8d7,Bd7,0.0090758670121431,0.9906000634655356,0.6022733181190514,444,41,515,r1b1kb1r/pp2pppp/1qn5/2pp4/3P4/2P1PNP1/PPQ2PP1/RN2KB1R b KQkq -,MODEL_PREDICTION_NOT_EMPIRICAL,after_key,0.0090758670121431,maia3,40,4,36,OK,100000
LON-06,B5,2100,maia3-79m,9,c5c4,c4,0.0068434053100645,0.9906000634655356,0.6022733181190514,421,41,538,r1b1kb1r/pp2pppp/1qn5/2pp4/3P4/2P1PNP1/PPQ2PP1/RN2KB1R b KQkq -,MODEL_PREDICTION_NOT_EMPIRICAL,after_key,0.0068434053100645,maia3,37,-70,107,SEVERE_ERROR,100000
LON-06,B5,2100,maia3-79m,10,f7f6,f6,0.0060240062884986,0.9906000634655356,0.6022733181190514,351,37,612,r1b1kb1r/pp2pppp/1qn5/2pp4/3P4/2P1PNP1/PPQ2PP1/RN2KB1R b KQkq -,MODEL_PREDICTION_NOT_EMPIRICAL,after_key,0.0060240062884986,maia3,37,-64,101,SEVERE_ERROR,100000
LON-07,B5,1100,maia3-79m,1,h4g3,Bg3,0.903509795665741,0.998130411200691,0.1969536519150642,511,21,468,r1b1kb1r/pp2pp2/1qn4p/2pp2pn/3P3B/2P1PN2/PPQ2PPP/RN2KB1R w KQkq -,MODEL_PREDICTION_NOT_EMPIRICAL,after_key,0.903509795665741,maia3,-65,-77,12,OK,100000
LON-07,B5,1100,maia3-79m,2,f3g5,Nxg5,0.0453268326818943,0.998130411200691,0.1969536519150642,382,18,600,r1b1kb1r/pp2pp2/1qn4p/2pp2pn/3P3B/2P1PN2/PPQ2PPP/RN2KB1R w KQkq -,MODEL_PREDICTION_NOT_EMPIRICAL,after_key,0.0453268326818943,maia3,-86,-302,216,SEVERE_ERROR,100000
LON-07,B5,1100,maia3-79m,3,h4g5,Bxg5,0.0252459924668073,0.998130411200691,0.1969536519150642,377,19,604,r1b1kb1r/pp2pp2/1qn4p/2pp2pn/3P3B/2P1PN2/PPQ2PPP/RN2KB1R w KQkq -,MODEL_PREDICTION_NOT_EMPIRICAL,after_key,0.0252459924668073,maia3,-75,-325,250,SEVERE_ERROR,100000
LON-07,B5,1100,maia3-79m,4,g2g4,g4,0.0095203937962651,0.998130411200691,0.1969536519150642,413,24,563,r1b1kb1r/pp2pp2/1qn4p/2pp2pn/3P3B/2P1PN2/PPQ2PPP/RN2KB1R w KQkq -,MODEL_PREDICTION_NOT_EMPIRICAL,after_key,0.0095203937962651,maia3,-78,-342,264,SEVERE_ERROR,100000
LON-07,B5,1100,maia3-79m,5,f1e2,Be2,0.0059744948521256,0.998130411200691,0.1969536519150642,419,18,563,r1b1kb1r/pp2pp2/1qn4p/2pp2pn/3P3B/2P1PN2/PPQ2PPP/RN2KB1R w KQkq -,MODEL_PREDICTION_NOT_EMPIRICAL,after_key,0.0059744948521256,maia3,-77,-360,283,SEVERE_ERROR,100000
LON-07,B5,1100,maia3-79m,6,c2f5,Qf5,0.0029003182426095,0.998130411200691,0.1969536519150642,81,7,912,r1b1kb1r/pp2pp2/1qn4p/2pp2pn/3P3B/2P1PN2/PPQ2PPP/RN2KB1R w KQkq -,MODEL_PREDICTION_NOT_EMPIRICAL,after_key,0.0029003182426095,maia3,-67,-766,699,SEVERE_ERROR,100000
LON-07,B5,1100,maia3-79m,7,d4c5,dxc5,0.0020670886151492,0.998130411200691,0.1969536519150642,436,19,545,r1b1kb1r/pp2pp2/1qn4p/2pp2pn/3P3B/2P1PN2/PPQ2PPP/RN2KB1R w KQkq -,MODEL_PREDICTION_NOT_EMPIRICAL,after_key,0.0020670886151492,maia3,-48,-55,7,OK,100000
LON-07,B5,1100,maia3-79m,8,f3e5,Ne5,0.0014063180424273,0.998130411200691,0.1969536519150642,334,18,648,r1b1kb1r/pp2pp2/1qn4p/2pp2pn/3P3B/2P1PN2/PPQ2PPP/RN2KB1R w KQkq -,MODEL_PREDICTION_NOT_EMPIRICAL,after_key,0.0014063180424273,maia3,-62,-395,333,SEVERE_ERROR,100000
LON-07,B5,1100,maia3-79m,9,g2g3,g3,0.001234914176166,0.998130411200691,0.1969536519150642,325,18,657,r1b1kb1r/pp2pp2/1qn4p/2pp2pn/3P3B/2P1PN2/PPQ2PPP/RN2KB1R w KQkq -,MODEL_PREDICTION_NOT_EMPIRICAL,after_key,0.001234914176166,maia3,-81,-361,280,SEVERE_ERROR,100000
LON-07,B5,1100,maia3-79m,10,f1d3,Bd3,0.0009442626615054,0.998130411200691,0.1969536519150642,398,17,585,r1b1kb1r/pp2pp2/1qn4p/2pp2pn/3P3B/2P1PN2/PPQ2PPP/RN2KB1R w KQkq -,MODEL_PREDICTION_NOT_EMPIRICAL,after_key,0.0009442626615054,maia3,-73,-378,305,SEVERE_ERROR,100000
LON-07,B5,1300,maia3-79m,1,h4g3,Bg3,0.9132253527641296,0.9987688086694106,0.178248515436253,509,21,470,r1b1kb1r/pp2pp2/1qn4p/2pp2pn/3P3B/2P1PN2/PPQ2PPP/RN2KB1R w KQkq -,MODEL_PREDICTION_NOT_EMPIRICAL,after_key,0.9132253527641296,maia3,-65,-77,12,OK,100000
LON-07,B5,1300,maia3-79m,2,f3g5,Nxg5,0.0459447130560874,0.9987688086694106,0.178248515436253,354,16,630,r1b1kb1r/pp2pp2/1qn4p/2pp2pn/3P3B/2P1PN2/PPQ2PPP/RN2KB1R w KQkq -,MODEL_PREDICTION_NOT_EMPIRICAL,after_key,0.0459447130560874,maia3,-86,-302,216,SEVERE_ERROR,100000
LON-07,B5,1300,maia3-79m,3,h4g5,Bxg5,0.02004149928689,0.9987688086694106,0.178248515436253,361,17,622,r1b1kb1r/pp2pp2/1qn4p/2pp2pn/3P3B/2P1PN2/PPQ2PPP/RN2KB1R w KQkq -,MODEL_PREDICTION_NOT_EMPIRICAL,after_key,0.02004149928689,maia3,-75,-325,250,SEVERE_ERROR,100000
LON-07,B5,1300,maia3-79m,4,f1e2,Be2,0.0071794330142438,0.9987688086694106,0.178248515436253,397,17,586,r1b1kb1r/pp2pp2/1qn4p/2pp2pn/3P3B/2P1PN2/PPQ2PPP/RN2KB1R w KQkq -,MODEL_PREDICTION_NOT_EMPIRICAL,after_key,0.0071794330142438,maia3,-77,-360,283,SEVERE_ERROR,100000
LON-07,B5,1300,maia3-79m,5,g2g4,g4,0.006036574486643,0.9987688086694106,0.178248515436253,406,22,572,r1b1kb1r/pp2pp2/1qn4p/2pp2pn/3P3B/2P1PN2/PPQ2PPP/RN2KB1R w KQkq -,MODEL_PREDICTION_NOT_EMPIRICAL,after_key,0.006036574486643,maia3,-78,-342,264,SEVERE_ERROR,100000
LON-07,B5,1300,maia3-79m,6,c2f5,Qf5,0.0022586844861507,0.9987688086694106,0.178248515436253,55,5,940,r1b1kb1r/pp2pp2/1qn4p/2pp2pn/3P3B/2P1PN2/PPQ2PPP/RN2KB1R w KQkq -,MODEL_PREDICTION_NOT_EMPIRICAL,after_key,0.0022586844861507,maia3,-67,-766,699,SEVERE_ERROR,100000
LON-07,B5,1300,maia3-79m,7,d4c5,dxc5,0.001863129553385,0.9987688086694106,0.178248515436253,420,18,562,r1b1kb1r/pp2pp2/1qn4p/2pp2pn/3P3B/2P1PN2/PPQ2PPP/RN2KB1R w KQkq -,MODEL_PREDICTION_NOT_EMPIRICAL,after_key,0.001863129553385,maia3,-48,-55,7,OK,100000
LON-07,B5,1300,maia3-79m,8,g2g3,g3,0.001062630675733,0.9987688086694106,0.178248515436253,294,17,689,r1b1kb1r/pp2pp2/1qn4p/2pp2pn/3P3B/2P1PN2/PPQ2PPP/RN2KB1R w KQkq -,MODEL_PREDICTION_NOT_EMPIRICAL,after_key,0.001062630675733,maia3,-81,-361,280,SEVERE_ERROR,100000
LON-07,B5,1300,maia3-79m,9,f3e5,Ne5,0.0006532906554639,0.9987688086694106,0.178248515436253,297,16,687,r1b1kb1r/pp2pp2/1qn4p/2pp2pn/3P3B/2P1PN2/PPQ2PPP/RN2KB1R w KQkq -,MODEL_PREDICTION_NOT_EMPIRICAL,after_key,0.0006532906554639,maia3,-62,-395,333,SEVERE_ERROR,100000
LON-07,B5,1300,maia3-79m,10,f1d3,Bd3,0.0005035006906837,0.9987688086694106,0.178248515436253,377,16,607,r1b1kb1r/pp2pp2/1qn4p/2pp2pn/3P3B/2P1PN2/PPQ2PPP/RN2KB1R w KQkq -,MODEL_PREDICTION_NOT_EMPIRICAL,after_key,0.0005035006906837,maia3,-73,-378,305,SEVERE_ERROR,100000
LON-07,B5,1500,maia3-79m,1,h4g3,Bg3,0.922019064426422,0.999039777816506,0.1636577021252956,509,23,468,r1b1kb1r/pp2pp2/1qn4p/2pp2pn/3P3B/2P1PN2/PPQ2PPP/RN2KB1R w KQkq -,MODEL_PREDICTION_NOT_EMPIRICAL,after_key,0.922019064426422,maia3,-65,-77,12,OK,100000
LON-07,B5,1500,maia3-79m,2,f3g5,Nxg5,0.0423406548798084,0.999039777816506,0.1636577021252956,333,16,651,r1b1kb1r/pp2pp2/1qn4p/2pp2pn/3P3B/2P1PN2/PPQ2PPP/RN2KB1R w KQkq -,MODEL_PREDICTION_NOT_EMPIRICAL,after_key,0.0423406548798084,maia3,-86,-302,216,SEVERE_ERROR,100000
LON-07,B5,1500,maia3-79m,3,h4g5,Bxg5,0.0170679632574319,0.999039777816506,0.1636577021252956,352,17,631,r1b1kb1r/pp2pp2/1qn4p/2pp2pn/3P3B/2P1PN2/PPQ2PPP/RN2KB1R w KQkq -,MODEL_PREDICTION_NOT_EMPIRICAL,after_key,0.0170679632574319,maia3,-75,-325,250,SEVERE_ERROR,100000
LON-07,B5,1500,maia3-79m,4,f1e2,Be2,0.0069261086173355,0.999039777816506,0.1636577021252956,375,18,607,r1b1kb1r/pp2pp2/1qn4p/2pp2pn/3P3B/2P1PN2/PPQ2PPP/RN2KB1R w KQkq -,MODEL_PREDICTION_NOT_EMPIRICAL,after_key,0.0069261086173355,maia3,-77,-360,283,SEVERE_ERROR,100000
LON-07,B5,1500,maia3-79m,5,g2g4,g4,0.0045145703479647,0.999039777816506,0.1636577021252956,392,22,586,r1b1kb1r/pp2pp2/1qn4p/2pp2pn/3P3B/2P1PN2/PPQ2PPP/RN2KB1R w KQkq -,MODEL_PREDICTION_NOT_EMPIRICAL,after_key,0.0045145703479647,maia3,-78,-342,264,SEVERE_ERROR,100000
LON-07,B5,1500,maia3-79m,6,d4c5,dxc5,0.0025524771772325,0.999039777816506,0.1636577021252956,414,19,567,r1b1kb1r/pp2pp2/1qn4p/2pp2pn/3P3B/2P1PN2/PPQ2PPP/RN2KB1R w KQkq -,MODEL_PREDICTION_NOT_EMPIRICAL,after_key,0.0025524771772325,maia3,-48,-55,7,OK,100000
LON-07,B5,1500,maia3-79m,7,c2f5,Qf5,0.00193175021559,0.999039777816506,0.1636577021252956,41,4,955,r1b1kb1r/pp2pp2/1qn4p/2pp2pn/3P3B/2P1PN2/PPQ2PPP/RN2KB1R w KQkq -,MODEL_PREDICTION_NOT_EMPIRICAL,after_key,0.00193175021559,maia3,-67,-766,699,SEVERE_ERROR,100000
LON-07,B5,1500,maia3-79m,8,g2g3,g3,0.0008878270164132,0.999039777816506,0.1636577021252956,269,16,715,r1b1kb1r/pp2pp2/1qn4p/2pp2pn/3P3B/2P1PN2/PPQ2PPP/RN2KB1R w KQkq -,MODEL_PREDICTION_NOT_EMPIRICAL,after_key,0.0008878270164132,maia3,-81,-361,280,SEVERE_ERROR,100000
LON-07,B5,1500,maia3-79m,9,f3e5,Ne5,0.000448352569947,0.999039777816506,0.1636577021252956,267,15,718,r1b1kb1r/pp2pp2/1qn4p/2pp2pn/3P3B/2P1PN2/PPQ2PPP/RN2KB1R w KQkq -,MODEL_PREDICTION_NOT_EMPIRICAL,after_key,0.000448352569947,maia3,-62,-395,333,SEVERE_ERROR,100000
LON-07,B5,1500,maia3-79m,10,f1d3,Bd3,0.0003510093083605,0.999039777816506,0.1636577021252956,356,16,628,r1b1kb1r/pp2pp2/1qn4p/2pp2pn/3P3B/2P1PN2/PPQ2PPP/RN2KB1R w KQkq -,MODEL_PREDICTION_NOT_EMPIRICAL,after_key,0.0003510093083605,maia3,-73,-378,305,SEVERE_ERROR,100000
LON-07,B5,1700,maia3-79m,1,h4g3,Bg3,0.9450200200080872,0.9992624394362792,0.1270843824551587,506,26,468,r1b1kb1r/pp2pp2/1qn4p/2pp2pn/3P3B/2P1PN2/PPQ2PPP/RN2KB1R w KQkq -,MODEL_PREDICTION_NOT_EMPIRICAL,after_key,0.9450200200080872,maia3,-65,-77,12,OK,100000
LON-07,B5,1700,maia3-79m,2,f3g5,Nxg5,0.026016678661108,0.9992624394362792,0.1270843824551587,307,17,676,r1b1kb1r/pp2pp2/1qn4p/2pp2pn/3P3B/2P1PN2/PPQ2PPP/RN2KB1R w KQkq -,MODEL_PREDICTION_NOT_EMPIRICAL,after_key,0.026016678661108,maia3,-86,-302,216,SEVERE_ERROR,100000
LON-07,B5,1700,maia3-79m,3,h4g5,Bxg5,0.0129276504740118,0.9992624394362792,0.1270843824551587,341,18,641,r1b1kb1r/pp2pp2/1qn4p/2pp2pn/3P3B/2P1PN2/PPQ2PPP/RN2KB1R w KQkq -,MODEL_PREDICTION_NOT_EMPIRICAL,after_key,0.0129276504740118,maia3,-75,-325,250,SEVERE_ERROR,100000
LON-07,B5,1700,maia3-79m,4,f1e2,Be2,0.0049471822567284,0.9992624394362792,0.1270843824551587,353,19,628,r1b1kb1r/pp2pp2/1qn4p/2pp2pn/3P3B/2P1PN2/PPQ2PPP/RN2KB1R w KQkq -,MODEL_PREDICTION_NOT_EMPIRICAL,after_key,0.0049471822567284,maia3,-77,-360,283,SEVERE_ERROR,100000
LON-07,B5,1700,maia3-79m,5,d4c5,dxc5,0.0044592907652258,0.9992624394362792,0.1270843824551587,415,20,565,r1b1kb1r/pp2pp2/1qn4p/2pp2pn/3P3B/2P1PN2/PPQ2PPP/RN2KB1R w KQkq -,MODEL_PREDICTION_NOT_EMPIRICAL,after_key,0.0044592907652258,maia3,-48,-55,7,OK,100000
LON-07,B5,1700,maia3-79m,6,g2g4,g4,0.0031337647233158,0.9992624394362792,0.1270843824551587,372,23,605,r1b1kb1r/pp2pp2/1qn4p/2pp2pn/3P3B/2P1PN2/PPQ2PPP/RN2KB1R w KQkq -,MODEL_PREDICTION_NOT_EMPIRICAL,after_key,0.0031337647233158,maia3,-78,-342,264,SEVERE_ERROR,100000
LON-07,B5,1700,maia3-79m,7,c2f5,Qf5,0.0014050928875803,0.9992624394362792,0.1270843824551587,29,3,968,r1b1kb1r/pp2pp2/1qn4p/2pp2pn/3P3B/2P1PN2/PPQ2PPP/RN2KB1R w KQkq -,MODEL_PREDICTION_NOT_EMPIRICAL,after_key,0.0014050928875803,maia3,-67,-766,699,SEVERE_ERROR,100000
LON-07,B5,1700,maia3-79m,8,g2g3,g3,0.0006831040955148,0.9992624394362792,0.1270843824551587,255,17,728,r1b1kb1r/pp2pp2/1qn4p/2pp2pn/3P3B/2P1PN2/PPQ2PPP/RN2KB1R w KQkq -,MODEL_PREDICTION_NOT_EMPIRICAL,after_key,0.0006831040955148,maia3,-81,-361,280,SEVERE_ERROR,100000
LON-07,B5,1700,maia3-79m,9,f3e5,Ne5,0.0003614214947447,0.9992624394362792,0.1270843824551587,240,15,745,r1b1kb1r/pp2pp2/1qn4p/2pp2pn/3P3B/2P1PN2/PPQ2PPP/RN2KB1R w KQkq -,MODEL_PREDICTION_NOT_EMPIRICAL,after_key,0.0003614214947447,maia3,-62,-395,333,SEVERE_ERROR,100000
LON-07,B5,1700,maia3-79m,10,f1d3,Bd3,0.000308234069962,0.9992624394362792,0.1270843824551587,338,16,646,r1b1kb1r/pp2pp2/1qn4p/2pp2pn/3P3B/2P1PN2/PPQ2PPP/RN2KB1R w KQkq -,MODEL_PREDICTION_NOT_EMPIRICAL,after_key,0.000308234069962,maia3,-73,-378,305,SEVERE_ERROR,100000
LON-07,B5,1900,maia3-79m,1,h4g3,Bg3,0.969407320022583,0.9993848466547206,0.0803120080486403,500,31,469,r1b1kb1r/pp2pp2/1qn4p/2pp2pn/3P3B/2P1PN2/PPQ2PPP/RN2KB1R w KQkq -,MODEL_PREDICTION_NOT_EMPIRICAL,after_key,0.969407320022583,maia3,-65,-77,12,OK,100000
LON-07,B5,1900,maia3-79m,2,f3g5,Nxg5,0.0091154016554355,0.9993848466547206,0.0803120080486403,274,17,709,r1b1kb1r/pp2pp2/1qn4p/2pp2pn/3P3B/2P1PN2/PPQ2PPP/RN2KB1R w KQkq -,MODEL_PREDICTION_NOT_EMPIRICAL,after_key,0.0091154016554355,maia3,-86,-302,216,SEVERE_ERROR,100000
LON-07,B5,1900,maia3-79m,3,d4c5,dxc5,0.0082049136981368,0.9993848466547206,0.0803120080486403,415,23,562,r1b1kb1r/pp2pp2/1qn4p/2pp2pn/3P3B/2P1PN2/PPQ2PPP/RN2KB1R w KQkq -,MODEL_PREDICTION_NOT_EMPIRICAL,after_key,0.0082049136981368,maia3,-48,-55,7,OK,100000
LON-07,B5,1900,maia3-79m,4,h4g5,Bxg5,0.0070664836093783,0.9993848466547206,0.0803120080486403,308,20,672,r1b1kb1r/pp2pp2/1qn4p/2pp2pn/3P3B/2P1PN2/PPQ2PPP/RN2KB1R w KQkq -,MODEL_PREDICTION_NOT_EMPIRICAL,after_key,0.0070664836093783,maia3,-75,-325,250,SEVERE_ERROR,100000
LON-07,B5,1900,maia3-79m,5,f1e2,Be2,0.0022088175173848,0.9993848466547206,0.0803120080486403,332,21,647,r1b1kb1r/pp2pp2/1qn4p/2pp2pn/3P3B/2P1PN2/PPQ2PPP/RN2KB1R w KQkq -,MODEL_PREDICTION_NOT_EMPIRICAL,after_key,0.0022088175173848,maia3,-77,-360,283,SEVERE_ERROR,100000
LON-07,B5,1900,maia3-79m,6,g2g4,g4,0.0015183398500084,0.9993848466547206,0.0803120080486403,344,25,631,r1b1kb1r/pp2pp2/1qn4p/2pp2pn/3P3B/2P1PN2/PPQ2PPP/RN2KB1R w KQkq -,MODEL_PREDICTION_NOT_EMPIRICAL,after_key,0.0015183398500084,maia3,-78,-342,264,SEVERE_ERROR,100000
LON-07,B5,1900,maia3-79m,7,c2f5,Qf5,0.0006965229404158,0.9993848466547206,0.0803120080486403,16,2,982,r1b1kb1r/pp2pp2/1qn4p/2pp2pn/3P3B/2P1PN2/PPQ2PPP/RN2KB1R w KQkq -,MODEL_PREDICTION_NOT_EMPIRICAL,after_key,0.0006965229404158,maia3,-67,-766,699,SEVERE_ERROR,100000
LON-07,B5,1900,maia3-79m,8,g2g3,g3,0.0004617027007043,0.9993848466547206,0.0803120080486403,245,19,736,r1b1kb1r/pp2pp2/1qn4p/2pp2pn/3P3B/2P1PN2/PPQ2PPP/RN2KB1R w KQkq -,MODEL_PREDICTION_NOT_EMPIRICAL,after_key,0.0004617027007043,maia3,-81,-361,280,SEVERE_ERROR,100000
LON-07,B5,1900,maia3-79m,9,f3e5,Ne5,0.0003543422208167,0.9993848466547206,0.0803120080486403,213,16,771,r1b1kb1r/pp2pp2/1qn4p/2pp2pn/3P3B/2P1PN2/PPQ2PPP/RN2KB1R w KQkq -,MODEL_PREDICTION_NOT_EMPIRICAL,after_key,0.0003543422208167,maia3,-62,-395,333,SEVERE_ERROR,100000
LON-07,B5,1900,maia3-79m,10,f1d3,Bd3,0.0003510024398565,0.9993848466547206,0.0803120080486403,313,18,669,r1b1kb1r/pp2pp2/1qn4p/2pp2pn/3P3B/2P1PN2/PPQ2PPP/RN2KB1R w KQkq -,MODEL_PREDICTION_NOT_EMPIRICAL,after_key,0.0003510024398565,maia3,-73,-378,305,SEVERE_ERROR,100000
LON-07,B5,2100,maia3-79m,1,h4g3,Bg3,0.9791918396949768,0.9994161349895876,0.053711333486691,487,41,472,r1b1kb1r/pp2pp2/1qn4p/2pp2pn/3P3B/2P1PN2/PPQ2PPP/RN2KB1R w KQkq -,MODEL_PREDICTION_NOT_EMPIRICAL,after_key,0.9791918396949768,maia3,-65,-77,12,OK,100000
LON-07,B5,2100,maia3-79m,2,d4c5,dxc5,0.0137278418987989,0.9994161349895876,0.053711333486691,415,30,555,r1b1kb1r/pp2pp2/1qn4p/2pp2pn/3P3B/2P1PN2/PPQ2PPP/RN2KB1R w KQkq -,MODEL_PREDICTION_NOT_EMPIRICAL,after_key,0.0137278418987989,maia3,-48,-55,7,OK,100000
LON-07,B5,2100,maia3-79m,3,h4g5,Bxg5,0.0021881272550672,0.9994161349895876,0.053711333486691,261,21,718,r1b1kb1r/pp2pp2/1qn4p/2pp2pn/3P3B/2P1PN2/PPQ2PPP/RN2KB1R w KQkq -,MODEL_PREDICTION_NOT_EMPIRICAL,after_key,0.0021881272550672,maia3,-75,-325,250,SEVERE_ERROR,100000
LON-07,B5,2100,maia3-79m,4,f3g5,Nxg5,0.001612928463146,0.9994161349895876,0.053711333486691,238,19,743,r1b1kb1r/pp2pp2/1qn4p/2pp2pn/3P3B/2P1PN2/PPQ2PPP/RN2KB1R w KQkq -,MODEL_PREDICTION_NOT_EMPIRICAL,after_key,0.001612928463146,maia3,-86,-302,216,SEVERE_ERROR,100000
LON-07,B5,2100,maia3-79m,5,f1e2,Be2,0.0009536428842693,0.9994161349895876,0.053711333486691,304,25,671,r1b1kb1r/pp2pp2/1qn4p/2pp2pn/3P3B/2P1PN2/PPQ2PPP/RN2KB1R w KQkq -,MODEL_PREDICTION_NOT_EMPIRICAL,after_key,0.0009536428842693,maia3,-77,-360,283,SEVERE_ERROR,100000
LON-07,B5,2100,maia3-79m,6,g2g4,g4,0.0005092851351946,0.9994161349895876,0.053711333486691,308,28,664,r1b1kb1r/pp2pp2/1qn4p/2pp2pn/3P3B/2P1PN2/PPQ2PPP/RN2KB1R w KQkq -,MODEL_PREDICTION_NOT_EMPIRICAL,after_key,0.0005092851351946,maia3,-78,-342,264,SEVERE_ERROR,100000
LON-07,B5,2100,maia3-79m,7,f1d3,Bd3,0.0003747988084796,0.9994161349895876,0.053711333486691,276,21,703,r1b1kb1r/pp2pp2/1qn4p/2pp2pn/3P3B/2P1PN2/PPQ2PPP/RN2KB1R w KQkq -,MODEL_PREDICTION_NOT_EMPIRICAL,after_key,0.0003747988084796,maia3,-73,-378,305,SEVERE_ERROR,100000
LON-07,B5,2100,maia3-79m,8,f3e5,Ne5,0.0003257293137721,0.9994161349895876,0.053711333486691,174,17,809,r1b1kb1r/pp2pp2/1qn4p/2pp2pn/3P3B/2P1PN2/PPQ2PPP/RN2KB1R w KQkq -,MODEL_PREDICTION_NOT_EMPIRICAL,after_key,0.0003257293137721,maia3,-62,-395,333,SEVERE_ERROR,100000
LON-07,B5,2100,maia3-79m,9,b1d2,Nbd2,0.0002930371556431,0.9994161349895876,0.053711333486691,284,22,694,r1b1kb1r/pp2pp2/1qn4p/2pp2pn/3P3B/2P1PN2/PPQ2PPP/RN2KB1R w KQkq -,MODEL_PREDICTION_NOT_EMPIRICAL,after_key,0.0002930371556431,maia3,-73,-368,295,SEVERE_ERROR,100000
LON-07,B5,2100,maia3-79m,10,g2g3,g3,0.0002389043802395,0.9994161349895876,0.053711333486691,235,23,742,r1b1kb1r/pp2pp2/1qn4p/2pp2pn/3P3B/2P1PN2/PPQ2PPP/RN2KB1R w KQkq -,MODEL_PREDICTION_NOT_EMPIRICAL,after_key,0.0002389043802395,maia3,-81,-361,280,SEVERE_ERROR,100000
TOR-02,B5,1100,maia3-79m,1,e2e3,e3,0.4050721228122711,0.9651540098711848,0.7583141719712653,487,24,489,rnbqkb1r/ppp1ppp1/8/3p3p/3Pn2B/5N2/PPP1PPPP/RN1QKB1R w KQkq -,MODEL_PREDICTION_NOT_EMPIRICAL,after_key,0.4050721228122711,maia3,-68,-42,0,OK,100000
TOR-02,B5,1100,maia3-79m,2,b1d2,Nbd2,0.1812375634908676,0.9651540098711848,0.7583141719712653,518,25,457,rnbqkb1r/ppp1ppp1/8/3p3p/3Pn2B/5N2/PPP1PPPP/RN1QKB1R w KQkq -,MODEL_PREDICTION_NOT_EMPIRICAL,after_key,0.1812375634908676,maia3,-31,-133,102,SEVERE_ERROR,100000
TOR-02,B5,1100,maia3-79m,3,b1c3,Nc3,0.1229790672659874,0.9651540098711848,0.7583141719712653,517,27,456,rnbqkb1r/ppp1ppp1/8/3p3p/3Pn2B/5N2/PPP1PPPP/RN1QKB1R w KQkq -,MODEL_PREDICTION_NOT_EMPIRICAL,after_key,0.1229790672659874,maia3,-17,-78,61,ERROR,100000
TOR-02,B5,1100,maia3-79m,4,h2h3,h3,0.0728767290711402,0.9651540098711848,0.7583141719712653,487,26,487,rnbqkb1r/ppp1ppp1/8/3p3p/3Pn2B/5N2/PPP1PPPP/RN1QKB1R w KQkq -,MODEL_PREDICTION_NOT_EMPIRICAL,after_key,0.0728767290711402,maia3,-19,-46,27,OK,100000
TOR-02,B5,1100,maia3-79m,5,f3g5,Ng5,0.0441258177161216,0.9651540098711848,0.7583141719712653,487,26,487,rnbqkb1r/ppp1ppp1/8/3p3p/3Pn2B/5N2/PPP1PPPP/RN1QKB1R w KQkq -,MODEL_PREDICTION_NOT_EMPIRICAL,after_key,0.0441258177161216,maia3,-25,-143,118,SEVERE_ERROR,100000
TOR-02,B5,1100,maia3-79m,6,f3e5,Ne5,0.0430657640099525,0.9651540098711848,0.7583141719712653,419,21,560,rnbqkb1r/ppp1ppp1/8/3p3p/3Pn2B/5N2/PPP1PPPP/RN1QKB1R w KQkq -,MODEL_PREDICTION_NOT_EMPIRICAL,after_key,0.0430657640099525,maia3,-17,-138,121,SEVERE_ERROR,100000
TOR-02,B5,1100,maia3-79m,7,d1d3,Qd3,0.0422812327742576,0.9651540098711848,0.7583141719712653,449,24,527,rnbqkb1r/ppp1ppp1/8/3p3p/3Pn2B/5N2/PPP1PPPP/RN1QKB1R w KQkq -,MODEL_PREDICTION_NOT_EMPIRICAL,after_key,0.0422812327742576,maia3,-22,-84,62,ERROR,100000
TOR-02,B5,1100,maia3-79m,8,h4g3,Bg3,0.0207139234989881,0.9651540098711848,0.7583141719712653,449,28,523,rnbqkb1r/ppp1ppp1/8/3p3p/3Pn2B/5N2/PPP1PPPP/RN1QKB1R w KQkq -,MODEL_PREDICTION_NOT_EMPIRICAL,after_key,0.0207139234989881,maia3,-25,-179,154,SEVERE_ERROR,100000
TOR-02,B5,1100,maia3-79m,9,f3d2,Nfd2,0.0179788321256637,0.9651540098711848,0.7583141719712653,433,24,543,rnbqkb1r/ppp1ppp1/8/3p3p/3Pn2B/5N2/PPP1PPPP/RN1QKB1R w KQkq -,MODEL_PREDICTION_NOT_EMPIRICAL,after_key,0.0179788321256637,maia3,-19,-63,44,ERROR,100000
TOR-02,B5,1100,maia3-79m,10,c2c4,c4,0.0148229571059346,0.9651540098711848,0.7583141719712653,490,23,487,rnbqkb1r/ppp1ppp1/8/3p3p/3Pn2B/5N2/PPP1PPPP/RN1QKB1R w KQkq -,MODEL_PREDICTION_NOT_EMPIRICAL,after_key,0.0148229571059346,maia3,-20,-101,81,ERROR,100000
TOR-02,B5,1300,maia3-79m,1,e2e3,e3,0.3665742874145508,0.9774562064558268,0.7435248304784796,478,22,500,rnbqkb1r/ppp1ppp1/8/3p3p/3Pn2B/5N2/PPP1PPPP/RN1QKB1R w KQkq -,MODEL_PREDICTION_NOT_EMPIRICAL,after_key,0.3665742874145508,maia3,-68,-42,0,OK,100000
TOR-02,B5,1300,maia3-79m,2,b1d2,Nbd2,0.2583135366439819,0.9774562064558268,0.7435248304784796,514,23,463,rnbqkb1r/ppp1ppp1/8/3p3p/3Pn2B/5N2/PPP1PPPP/RN1QKB1R w KQkq -,MODEL_PREDICTION_NOT_EMPIRICAL,after_key,0.2583135366439819,maia3,-31,-133,102,SEVERE_ERROR,100000
TOR-02,B5,1300,maia3-79m,3,h2h3,h3,0.1321401447057724,0.9774562064558268,0.7435248304784796,478,24,498,rnbqkb1r/ppp1ppp1/8/3p3p/3Pn2B/5N2/PPP1PPPP/RN1QKB1R w KQkq -,MODEL_PREDICTION_NOT_EMPIRICAL,after_key,0.1321401447057724,maia3,-19,-46,27,OK,100000
TOR-02,B5,1300,maia3-79m,4,b1c3,Nc3,0.0779791250824928,0.9774562064558268,0.7435248304784796,506,24,470,rnbqkb1r/ppp1ppp1/8/3p3p/3Pn2B/5N2/PPP1PPPP/RN1QKB1R w KQkq -,MODEL_PREDICTION_NOT_EMPIRICAL,after_key,0.0779791250824928,maia3,-17,-78,61,ERROR,100000
TOR-02,B5,1300,maia3-79m,5,f3g5,Ng5,0.0334461592137813,0.9774562064558268,0.7435248304784796,476,24,500,rnbqkb1r/ppp1ppp1/8/3p3p/3Pn2B/5N2/PPP1PPPP/RN1QKB1R w KQkq -,MODEL_PREDICTION_NOT_EMPIRICAL,after_key,0.0334461592137813,maia3,-25,-143,118,SEVERE_ERROR,100000
TOR-02,B5,1300,maia3-79m,6,h4g3,Bg3,0.0302707739174366,0.9774562064558268,0.7435248304784796,447,25,528,rnbqkb1r/ppp1ppp1/8/3p3p/3Pn2B/5N2/PPP1PPPP/RN1QKB1R w KQkq -,MODEL_PREDICTION_NOT_EMPIRICAL,after_key,0.0302707739174366,maia3,-25,-179,154,SEVERE_ERROR,100000
TOR-02,B5,1300,maia3-79m,7,d1d3,Qd3,0.023774079978466,0.9774562064558268,0.7435248304784796,434,21,545,rnbqkb1r/ppp1ppp1/8/3p3p/3Pn2B/5N2/PPP1PPPP/RN1QKB1R w KQkq -,MODEL_PREDICTION_NOT_EMPIRICAL,after_key,0.023774079978466,maia3,-22,-84,62,ERROR,100000
TOR-02,B5,1300,maia3-79m,8,f3d2,Nfd2,0.0195474848151206,0.9774562064558268,0.7435248304784796,417,21,562,rnbqkb1r/ppp1ppp1/8/3p3p/3Pn2B/5N2/PPP1PPPP/RN1QKB1R w KQkq -,MODEL_PREDICTION_NOT_EMPIRICAL,after_key,0.0195474848151206,maia3,-19,-63,44,ERROR,100000
TOR-02,B5,1300,maia3-79m,9,f3e5,Ne5,0.0187036413699388,0.9774562064558268,0.7435248304784796,394,19,587,rnbqkb1r/ppp1ppp1/8/3p3p/3Pn2B/5N2/PPP1PPPP/RN1QKB1R w KQkq -,MODEL_PREDICTION_NOT_EMPIRICAL,after_key,0.0187036413699388,maia3,-17,-138,121,SEVERE_ERROR,100000
TOR-02,B5,1300,maia3-79m,10,c2c4,c4,0.0167069733142852,0.9774562064558268,0.7435248304784796,486,21,493,rnbqkb1r/ppp1ppp1/8/3p3p/3Pn2B/5N2/PPP1PPPP/RN1QKB1R w KQkq -,MODEL_PREDICTION_NOT_EMPIRICAL,after_key,0.0167069733142852,maia3,-20,-101,81,ERROR,100000
TOR-02,B5,1500,maia3-79m,1,e2e3,e3,0.3154595494270324,0.9855159986764191,0.7191024976110931,479,22,499,rnbqkb1r/ppp1ppp1/8/3p3p/3Pn2B/5N2/PPP1PPPP/RN1QKB1R w KQkq -,MODEL_PREDICTION_NOT_EMPIRICAL,after_key,0.3154595494270324,maia3,-68,-42,0,OK,100000
TOR-02,B5,1500,maia3-79m,2,b1d2,Nbd2,0.3112300038337707,0.9855159986764191,0.7191024976110931,517,22,461,rnbqkb1r/ppp1ppp1/8/3p3p/3Pn2B/5N2/PPP1PPPP/RN1QKB1R w KQkq -,MODEL_PREDICTION_NOT_EMPIRICAL,after_key,0.3112300038337707,maia3,-31,-133,102,SEVERE_ERROR,100000
TOR-02,B5,1500,maia3-79m,3,h2h3,h3,0.1863913089036941,0.9855159986764191,0.7191024976110931,483,24,493,rnbqkb1r/ppp1ppp1/8/3p3p/3Pn2B/5N2/PPP1PPPP/RN1QKB1R w KQkq -,MODEL_PREDICTION_NOT_EMPIRICAL,after_key,0.1863913089036941,maia3,-19,-46,27,OK,100000
TOR-02,B5,1500,maia3-79m,4,b1c3,Nc3,0.0532780885696411,0.9855159986764191,0.7191024976110931,508,24,468,rnbqkb1r/ppp1ppp1/8/3p3p/3Pn2B/5N2/PPP1PPPP/RN1QKB1R w KQkq -,MODEL_PREDICTION_NOT_EMPIRICAL,after_key,0.0532780885696411,maia3,-17,-78,61,ERROR,100000
TOR-02,B5,1500,maia3-79m,5,h4g3,Bg3,0.0349569544196128,0.9855159986764191,0.7191024976110931,442,26,532,rnbqkb1r/ppp1ppp1/8/3p3p/3Pn2B/5N2/PPP1PPPP/RN1QKB1R w KQkq -,MODEL_PREDICTION_NOT_EMPIRICAL,after_key,0.0349569544196128,maia3,-25,-179,154,SEVERE_ERROR,100000
TOR-02,B5,1500,maia3-79m,6,f3g5,Ng5,0.0238212533295154,0.9855159986764191,0.7191024976110931,477,24,499,rnbqkb1r/ppp1ppp1/8/3p3p/3Pn2B/5N2/PPP1PPPP/RN1QKB1R w KQkq -,MODEL_PREDICTION_NOT_EMPIRICAL,after_key,0.0238212533295154,maia3,-25,-143,118,SEVERE_ERROR,100000
TOR-02,B5,1500,maia3-79m,7,f3d2,Nfd2,0.0169718582183122,0.9855159986764191,0.7191024976110931,419,20,561,rnbqkb1r/ppp1ppp1/8/3p3p/3Pn2B/5N2/PPP1PPPP/RN1QKB1R w KQkq -,MODEL_PREDICTION_NOT_EMPIRICAL,after_key,0.0169718582183122,maia3,-19,-63,44,ERROR,100000
TOR-02,B5,1500,maia3-79m,8,c2c4,c4,0.015626473352313,0.9855159986764191,0.7191024976110931,489,21,490,rnbqkb1r/ppp1ppp1/8/3p3p/3Pn2B/5N2/PPP1PPPP/RN1QKB1R w KQkq -,MODEL_PREDICTION_NOT_EMPIRICAL,after_key,0.015626473352313,maia3,-20,-101,81,ERROR,100000
TOR-02,B5,1500,maia3-79m,9,d1d3,Qd3,0.0142162106931209,0.9855159986764191,0.7191024976110931,438,20,542,rnbqkb1r/ppp1ppp1/8/3p3p/3Pn2B/5N2/PPP1PPPP/RN1QKB1R w KQkq -,MODEL_PREDICTION_NOT_EMPIRICAL,after_key,0.0142162106931209,maia3,-22,-84,62,ERROR,100000
TOR-02,B5,1500,maia3-79m,10,c2c3,c3,0.0135642979294061,0.9855159986764191,0.7191024976110931,467,23,510,rnbqkb1r/ppp1ppp1/8/3p3p/3Pn2B/5N2/PPP1PPPP/RN1QKB1R w KQkq -,MODEL_PREDICTION_NOT_EMPIRICAL,after_key,0.0135642979294061,maia3,-17,-91,74,ERROR,100000
TOR-02,B5,1700,maia3-79m,1,b1d2,Nbd2,0.3315668404102325,0.9909694734960794,0.6985084250386356,524,24,452,rnbqkb1r/ppp1ppp1/8/3p3p/3Pn2B/5N2/PPP1PPPP/RN1QKB1R w KQkq -,MODEL_PREDICTION_NOT_EMPIRICAL,after_key,0.3315668404102325,maia3,-31,-133,102,SEVERE_ERROR,100000
TOR-02,B5,1700,maia3-79m,2,e2e3,e3,0.2874314188957214,0.9909694734960794,0.6985084250386356,480,23,497,rnbqkb1r/ppp1ppp1/8/3p3p/3Pn2B/5N2/PPP1PPPP/RN1QKB1R w KQkq -,MODEL_PREDICTION_NOT_EMPIRICAL,after_key,0.2874314188957214,maia3,-68,-42,0,OK,100000
TOR-02,B5,1700,maia3-79m,3,h2h3,h3,0.2255270481109619,0.9909694734960794,0.6985084250386356,489,26,485,rnbqkb1r/ppp1ppp1/8/3p3p/3Pn2B/5N2/PPP1PPPP/RN1QKB1R w KQkq -,MODEL_PREDICTION_NOT_EMPIRICAL,after_key,0.2255270481109619,maia3,-19,-46,27,OK,100000
TOR-02,B5,1700,maia3-79m,4,h4g3,Bg3,0.0383303649723529,0.9909694734960794,0.6985084250386356,446,27,527,rnbqkb1r/ppp1ppp1/8/3p3p/3Pn2B/5N2/PPP1PPPP/RN1QKB1R w KQkq -,MODEL_PREDICTION_NOT_EMPIRICAL,after_key,0.0383303649723529,maia3,-25,-179,154,SEVERE_ERROR,100000
TOR-02,B5,1700,maia3-79m,5,b1c3,Nc3,0.0363225899636745,0.9909694734960794,0.6985084250386356,511,25,464,rnbqkb1r/ppp1ppp1/8/3p3p/3Pn2B/5N2/PPP1PPPP/RN1QKB1R w KQkq -,MODEL_PREDICTION_NOT_EMPIRICAL,after_key,0.0363225899636745,maia3,-17,-78,61,ERROR,100000
TOR-02,B5,1700,maia3-79m,6,c2c3,c3,0.0189658962190151,0.9909694734960794,0.6985084250386356,476,23,501,rnbqkb1r/ppp1ppp1/8/3p3p/3Pn2B/5N2/PPP1PPPP/RN1QKB1R w KQkq -,MODEL_PREDICTION_NOT_EMPIRICAL,after_key,0.0189658962190151,maia3,-17,-91,74,ERROR,100000
TOR-02,B5,1700,maia3-79m,7,f3g5,Ng5,0.0161650348454713,0.9909694734960794,0.6985084250386356,485,26,489,rnbqkb1r/ppp1ppp1/8/3p3p/3Pn2B/5N2/PPP1PPPP/RN1QKB1R w KQkq -,MODEL_PREDICTION_NOT_EMPIRICAL,after_key,0.0161650348454713,maia3,-25,-143,118,SEVERE_ERROR,100000
TOR-02,B5,1700,maia3-79m,8,c2c4,c4,0.014200952835381,0.9909694734960794,0.6985084250386356,494,22,484,rnbqkb1r/ppp1ppp1/8/3p3p/3Pn2B/5N2/PPP1PPPP/RN1QKB1R w KQkq -,MODEL_PREDICTION_NOT_EMPIRICAL,after_key,0.014200952835381,maia3,-20,-101,81,ERROR,100000
TOR-02,B5,1700,maia3-79m,9,f3d2,Nfd2,0.013471633195877,0.9909694734960794,0.6985084250386356,428,21,551,rnbqkb1r/ppp1ppp1/8/3p3p/3Pn2B/5N2/PPP1PPPP/RN1QKB1R w KQkq -,MODEL_PREDICTION_NOT_EMPIRICAL,after_key,0.013471633195877,maia3,-19,-63,44,ERROR,100000
TOR-02,B5,1700,maia3-79m,10,d1d3,Qd3,0.0089876940473914,0.9909694734960794,0.6985084250386356,449,21,530,rnbqkb1r/ppp1ppp1/8/3p3p/3Pn2B/5N2/PPP1PPPP/RN1QKB1R w KQkq -,MODEL_PREDICTION_NOT_EMPIRICAL,after_key,0.0089876940473914,maia3,-22,-84,62,ERROR,100000
TOR-02,B5,1900,maia3-79m,1,b1d2,Nbd2,0.3356141448020935,0.9930695565417408,0.6836991085027024,528,27,445,rnbqkb1r/ppp1ppp1/8/3p3p/3Pn2B/5N2/PPP1PPPP/RN1QKB1R w KQkq -,MODEL_PREDICTION_NOT_EMPIRICAL,after_key,0.3356141448020935,maia3,-31,-133,102,SEVERE_ERROR,100000
TOR-02,B5,1900,maia3-79m,2,e2e3,e3,0.2856399416923523,0.9930695565417408,0.6836991085027024,485,25,490,rnbqkb1r/ppp1ppp1/8/3p3p/3Pn2B/5N2/PPP1PPPP/RN1QKB1R w KQkq -,MODEL_PREDICTION_NOT_EMPIRICAL,after_key,0.2856399416923523,maia3,-68,-42,0,OK,100000
TOR-02,B5,1900,maia3-79m,3,h2h3,h3,0.2386715710163116,0.9930695565417408,0.6836991085027024,492,29,479,rnbqkb1r/ppp1ppp1/8/3p3p/3Pn2B/5N2/PPP1PPPP/RN1QKB1R w KQkq -,MODEL_PREDICTION_NOT_EMPIRICAL,after_key,0.2386715710163116,maia3,-19,-46,27,OK,100000
TOR-02,B5,1900,maia3-79m,4,h4g3,Bg3,0.0370079204440116,0.9930695565417408,0.6836991085027024,443,30,527,rnbqkb1r/ppp1ppp1/8/3p3p/3Pn2B/5N2/PPP1PPPP/RN1QKB1R w KQkq -,MODEL_PREDICTION_NOT_EMPIRICAL,after_key,0.0370079204440116,maia3,-25,-179,154,SEVERE_ERROR,100000
TOR-02,B5,1900,maia3-79m,5,c2c3,c3,0.0286283381283283,0.9930695565417408,0.6836991085027024,487,25,488,rnbqkb1r/ppp1ppp1/8/3p3p/3Pn2B/5N2/PPP1PPPP/RN1QKB1R w KQkq -,MODEL_PREDICTION_NOT_EMPIRICAL,after_key,0.0286283381283283,maia3,-17,-91,74,ERROR,100000
TOR-02,B5,1900,maia3-79m,6,b1c3,Nc3,0.0237029194831848,0.9930695565417408,0.6836991085027024,513,28,459,rnbqkb1r/ppp1ppp1/8/3p3p/3Pn2B/5N2/PPP1PPPP/RN1QKB1R w KQkq -,MODEL_PREDICTION_NOT_EMPIRICAL,after_key,0.0237029194831848,maia3,-17,-78,61,ERROR,100000
TOR-02,B5,1900,maia3-79m,7,c2c4,c4,0.013824894092977,0.9930695565417408,0.6836991085027024,492,24,484,rnbqkb1r/ppp1ppp1/8/3p3p/3Pn2B/5N2/PPP1PPPP/RN1QKB1R w KQkq -,MODEL_PREDICTION_NOT_EMPIRICAL,after_key,0.013824894092977,maia3,-20,-101,81,ERROR,100000
TOR-02,B5,1900,maia3-79m,8,f3g5,Ng5,0.0125654954463243,0.9930695565417408,0.6836991085027024,496,28,476,rnbqkb1r/ppp1ppp1/8/3p3p/3Pn2B/5N2/PPP1PPPP/RN1QKB1R w KQkq -,MODEL_PREDICTION_NOT_EMPIRICAL,after_key,0.0125654954463243,maia3,-25,-143,118,SEVERE_ERROR,100000
TOR-02,B5,1900,maia3-79m,9,f3d2,Nfd2,0.011922463774681,0.9930695565417408,0.6836991085027024,430,23,547,rnbqkb1r/ppp1ppp1/8/3p3p/3Pn2B/5N2/PPP1PPPP/RN1QKB1R w KQkq -,MODEL_PREDICTION_NOT_EMPIRICAL,after_key,0.011922463774681,maia3,-19,-63,44,ERROR,100000
TOR-02,B5,1900,maia3-79m,10,d1d3,Qd3,0.0054918676614761,0.9930695565417408,0.6836991085027024,460,22,518,rnbqkb1r/ppp1ppp1/8/3p3p/3Pn2B/5N2/PPP1PPPP/RN1QKB1R w KQkq -,MODEL_PREDICTION_NOT_EMPIRICAL,after_key,0.0054918676614761,maia3,-22,-84,62,ERROR,100000
TOR-02,B5,2100,maia3-79m,1,b1d2,Nbd2,0.3498857617378235,0.993597072083503,0.6857972669352997,525,33,442,rnbqkb1r/ppp1ppp1/8/3p3p/3Pn2B/5N2/PPP1PPPP/RN1QKB1R w KQkq -,MODEL_PREDICTION_NOT_EMPIRICAL,after_key,0.3498857617378235,maia3,-31,-133,102,SEVERE_ERROR,100000
TOR-02,B5,2100,maia3-79m,2,e2e3,e3,0.2751695811748504,0.993597072083503,0.6857972669352997,488,30,482,rnbqkb1r/ppp1ppp1/8/3p3p/3Pn2B/5N2/PPP1PPPP/RN1QKB1R w KQkq -,MODEL_PREDICTION_NOT_EMPIRICAL,after_key,0.2751695811748504,maia3,-68,-42,0,OK,100000
TOR-02,B5,2100,maia3-79m,3,h2h3,h3,0.2329261749982834,0.993597072083503,0.6857972669352997,483,36,481,rnbqkb1r/ppp1ppp1/8/3p3p/3Pn2B/5N2/PPP1PPPP/RN1QKB1R w KQkq -,MODEL_PREDICTION_NOT_EMPIRICAL,after_key,0.2329261749982834,maia3,-19,-46,27,OK,100000
TOR-02,B5,2100,maia3-79m,4,c2c3,c3,0.0341040082275867,0.993597072083503,0.6857972669352997,493,31,476,rnbqkb1r/ppp1ppp1/8/3p3p/3Pn2B/5N2/PPP1PPPP/RN1QKB1R w KQkq -,MODEL_PREDICTION_NOT_EMPIRICAL,after_key,0.0341040082275867,maia3,-17,-91,74,ERROR,100000
TOR-02,B5,2100,maia3-79m,5,h4g3,Bg3,0.0309780500829219,0.993597072083503,0.6857972669352997,443,36,521,rnbqkb1r/ppp1ppp1/8/3p3p/3Pn2B/5N2/PPP1PPPP/RN1QKB1R w KQkq -,MODEL_PREDICTION_NOT_EMPIRICAL,after_key,0.0309780500829219,maia3,-25,-179,154,SEVERE_ERROR,100000
TOR-02,B5,2100,maia3-79m,6,f3d2,Nfd2,0.0191785842180252,0.993597072083503,0.6857972669352997,435,29,536,rnbqkb1r/ppp1ppp1/8/3p3p/3Pn2B/5N2/PPP1PPPP/RN1QKB1R w KQkq -,MODEL_PREDICTION_NOT_EMPIRICAL,after_key,0.0191785842180252,maia3,-19,-63,44,ERROR,100000
TOR-02,B5,2100,maia3-79m,7,b1c3,Nc3,0.0164325926452875,0.993597072083503,0.6857972669352997,508,34,458,rnbqkb1r/ppp1ppp1/8/3p3p/3Pn2B/5N2/PPP1PPPP/RN1QKB1R w KQkq -,MODEL_PREDICTION_NOT_EMPIRICAL,after_key,0.0164325926452875,maia3,-17,-78,61,ERROR,100000
TOR-02,B5,2100,maia3-79m,8,c2c4,c4,0.0160287413746118,0.993597072083503,0.6857972669352997,501,29,470,rnbqkb1r/ppp1ppp1/8/3p3p/3Pn2B/5N2/PPP1PPPP/RN1QKB1R w KQkq -,MODEL_PREDICTION_NOT_EMPIRICAL,after_key,0.0160287413746118,maia3,-20,-101,81,ERROR,100000
TOR-02,B5,2100,maia3-79m,9,f3g5,Ng5,0.014864508062601,0.993597072083503,0.6857972669352997,499,37,464,rnbqkb1r/ppp1ppp1/8/3p3p/3Pn2B/5N2/PPP1PPPP/RN1QKB1R w KQkq -,MODEL_PREDICTION_NOT_EMPIRICAL,after_key,0.014864508062601,maia3,-25,-143,118,SEVERE_ERROR,100000
TOR-02,B5,2100,maia3-79m,10,f3e5,Ne5,0.0040290695615112,0.993597072083503,0.6857972669352997,360,23,617,rnbqkb1r/ppp1ppp1/8/3p3p/3Pn2B/5N2/PPP1PPPP/RN1QKB1R w KQkq -,MODEL_PREDICTION_NOT_EMPIRICAL,after_key,0.0040290695615112,maia3,-17,-138,121,SEVERE_ERROR,100000
TOR-05,B5,1100,maia3-79m,1,d4c5,dxc5,0.3266960978507995,0.9647233532741666,0.7821566078922076,514,21,465,rnbqkb1r/pp2pppp/8/2pp2B1/3Pn2P/5N2/PPP1PPP1/RN1QKB1R w KQkq -,MODEL_PREDICTION_NOT_EMPIRICAL,after_key,0.3266960978507995,maia3,-54,-86,32,OK,100000
TOR-05,B5,1100,maia3-79m,2,e2e3,e3,0.2146349549293518,0.9647233532741666,0.7821566078922076,537,20,443,rnbqkb1r/pp2pppp/8/2pp2B1/3Pn2P/5N2/PPP1PPP1/RN1QKB1R w KQkq -,MODEL_PREDICTION_NOT_EMPIRICAL,after_key,0.2146349549293518,maia3,-48,-54,6,OK,100000
TOR-05,B5,1100,maia3-79m,3,c2c3,c3,0.123622253537178,0.9647233532741666,0.7821566078922076,535,21,444,rnbqkb1r/pp2pppp/8/2pp2B1/3Pn2P/5N2/PPP1PPP1/RN1QKB1R w KQkq -,MODEL_PREDICTION_NOT_EMPIRICAL,after_key,0.123622253537178,maia3,-47,-57,10,OK,100000
TOR-05,B5,1100,maia3-79m,4,b1c3,Nc3,0.1120815947651863,0.9647233532741666,0.7821566078922076,540,22,438,rnbqkb1r/pp2pppp/8/2pp2B1/3Pn2P/5N2/PPP1PPP1/RN1QKB1R w KQkq -,MODEL_PREDICTION_NOT_EMPIRICAL,after_key,0.1120815947651863,maia3,-45,-84,39,OK,100000
TOR-05,B5,1100,maia3-79m,5,b1d2,Nbd2,0.0754089429974556,0.9647233532741666,0.7821566078922076,540,21,439,rnbqkb1r/pp2pppp/8/2pp2B1/3Pn2P/5N2/PPP1PPP1/RN1QKB1R w KQkq -,MODEL_PREDICTION_NOT_EMPIRICAL,after_key,0.0754089429974556,maia3,-49,-108,59,ERROR,100000
TOR-05,B5,1100,maia3-79m,6,f3e5,Ne5,0.0490045323967933,0.9647233532741666,0.7821566078922076,465,19,516,rnbqkb1r/pp2pppp/8/2pp2B1/3Pn2P/5N2/PPP1PPP1/RN1QKB1R w KQkq -,MODEL_PREDICTION_NOT_EMPIRICAL,after_key,0.0490045323967933,maia3,-48,-267,219,SEVERE_ERROR,100000
TOR-05,B5,1100,maia3-79m,7,d1d3,Qd3,0.0249754171818494,0.9647233532741666,0.7821566078922076,486,19,495,rnbqkb1r/pp2pppp/8/2pp2B1/3Pn2P/5N2/PPP1PPP1/RN1QKB1R w KQkq -,MODEL_PREDICTION_NOT_EMPIRICAL,after_key,0.0249754171818494,maia3,-43,-155,112,SEVERE_ERROR,100000
TOR-05,B5,1100,maia3-79m,8,c2c4,c4,0.015347572043538,0.9647233532741666,0.7821566078922076,497,20,483,rnbqkb1r/pp2pppp/8/2pp2B1/3Pn2P/5N2/PPP1PPP1/RN1QKB1R w KQkq -,MODEL_PREDICTION_NOT_EMPIRICAL,after_key,0.015347572043538,maia3,-46,-66,20,OK,100000
TOR-05,B5,1100,maia3-79m,9,g2g3,g3,0.0119619611650705,0.9647233532741666,0.7821566078922076,475,21,504,rnbqkb1r/pp2pppp/8/2pp2B1/3Pn2P/5N2/PPP1PPP1/RN1QKB1R w KQkq -,MODEL_PREDICTION_NOT_EMPIRICAL,after_key,0.0119619611650705,maia3,-42,-103,61,ERROR,100000
TOR-05,B5,1100,maia3-79m,10,g5e3,Be3,0.0109900264069437,0.9647233532741666,0.7821566078922076,499,21,480,rnbqkb1r/pp2pppp/8/2pp2B1/3Pn2P/5N2/PPP1PPP1/RN1QKB1R w KQkq -,MODEL_PREDICTION_NOT_EMPIRICAL,after_key,0.0109900264069437,maia3,-46,-105,59,ERROR,100000
TOR-05,B5,1300,maia3-79m,1,d4c5,dxc5,0.2769968807697296,0.9701453736051916,0.7810088194209014,512,20,468,rnbqkb1r/pp2pppp/8/2pp2B1/3Pn2P/5N2/PPP1PPP1/RN1QKB1R w KQkq -,MODEL_PREDICTION_NOT_EMPIRICAL,after_key,0.2769968807697296,maia3,-54,-86,32,OK,100000
TOR-05,B5,1300,maia3-79m,2,e2e3,e3,0.2495556324720382,0.9701453736051916,0.7810088194209014,525,19,456,rnbqkb1r/pp2pppp/8/2pp2B1/3Pn2P/5N2/PPP1PPP1/RN1QKB1R w KQkq -,MODEL_PREDICTION_NOT_EMPIRICAL,after_key,0.2495556324720382,maia3,-48,-54,6,OK,100000
TOR-05,B5,1300,maia3-79m,3,c2c3,c3,0.1362144351005554,0.9701453736051916,0.7810088194209014,523,20,457,rnbqkb1r/pp2pppp/8/2pp2B1/3Pn2P/5N2/PPP1PPP1/RN1QKB1R w KQkq -,MODEL_PREDICTION_NOT_EMPIRICAL,after_key,0.1362144351005554,maia3,-47,-57,10,OK,100000
TOR-05,B5,1300,maia3-79m,4,b1d2,Nbd2,0.1252740174531936,0.9701453736051916,0.7810088194209014,532,21,447,rnbqkb1r/pp2pppp/8/2pp2B1/3Pn2P/5N2/PPP1PPP1/RN1QKB1R w KQkq -,MODEL_PREDICTION_NOT_EMPIRICAL,after_key,0.1252740174531936,maia3,-49,-108,59,ERROR,100000
TOR-05,B5,1300,maia3-79m,5,b1c3,Nc3,0.0991063341498375,0.9701453736051916,0.7810088194209014,532,21,447,rnbqkb1r/pp2pppp/8/2pp2B1/3Pn2P/5N2/PPP1PPP1/RN1QKB1R w KQkq -,MODEL_PREDICTION_NOT_EMPIRICAL,after_key,0.0991063341498375,maia3,-45,-84,39,OK,100000
TOR-05,B5,1300,maia3-79m,6,f3e5,Ne5,0.026564285159111,0.9701453736051916,0.7810088194209014,444,17,539,rnbqkb1r/pp2pppp/8/2pp2B1/3Pn2P/5N2/PPP1PPP1/RN1QKB1R w KQkq -,MODEL_PREDICTION_NOT_EMPIRICAL,after_key,0.026564285159111,maia3,-48,-267,219,SEVERE_ERROR,100000
TOR-05,B5,1300,maia3-79m,7,d1d3,Qd3,0.0188320502638816,0.9701453736051916,0.7810088194209014,482,19,499,rnbqkb1r/pp2pppp/8/2pp2B1/3Pn2P/5N2/PPP1PPP1/RN1QKB1R w KQkq -,MODEL_PREDICTION_NOT_EMPIRICAL,after_key,0.0188320502638816,maia3,-43,-155,112,SEVERE_ERROR,100000
TOR-05,B5,1300,maia3-79m,8,c2c4,c4,0.0150520112365484,0.9701453736051916,0.7810088194209014,501,20,479,rnbqkb1r/pp2pppp/8/2pp2B1/3Pn2P/5N2/PPP1PPP1/RN1QKB1R w KQkq -,MODEL_PREDICTION_NOT_EMPIRICAL,after_key,0.0150520112365484,maia3,-46,-66,20,OK,100000
TOR-05,B5,1300,maia3-79m,9,g5f4,Bf4,0.0115348352119326,0.9701453736051916,0.7810088194209014,489,20,491,rnbqkb1r/pp2pppp/8/2pp2B1/3Pn2P/5N2/PPP1PPP1/RN1QKB1R w KQkq -,MODEL_PREDICTION_NOT_EMPIRICAL,after_key,0.0115348352119326,maia3,-45,-91,46,ERROR,100000
TOR-05,B5,1300,maia3-79m,10,g5e3,Be3,0.0110148917883634,0.9701453736051916,0.7810088194209014,489,20,491,rnbqkb1r/pp2pppp/8/2pp2B1/3Pn2P/5N2/PPP1PPP1/RN1QKB1R w KQkq -,MODEL_PREDICTION_NOT_EMPIRICAL,after_key,0.0110148917883634,maia3,-46,-105,59,ERROR,100000
TOR-05,B5,1500,maia3-79m,1,e2e3,e3,0.2770033180713653,0.9786117784678936,0.7586111639167586,514,20,466,rnbqkb1r/pp2pppp/8/2pp2B1/3Pn2P/5N2/PPP1PPP1/RN1QKB1R w KQkq -,MODEL_PREDICTION_NOT_EMPIRICAL,after_key,0.2770033180713653,maia3,-48,-54,6,OK,100000
TOR-05,B5,1500,maia3-79m,2,d4c5,dxc5,0.2560499012470245,0.9786117784678936,0.7586111639167586,509,22,469,rnbqkb1r/pp2pppp/8/2pp2B1/3Pn2P/5N2/PPP1PPP1/RN1QKB1R w KQkq -,MODEL_PREDICTION_NOT_EMPIRICAL,after_key,0.2560499012470245,maia3,-54,-86,32,OK,100000
TOR-05,B5,1500,maia3-79m,3,c2c3,c3,0.1541705578565597,0.9786117784678936,0.7586111639167586,513,21,466,rnbqkb1r/pp2pppp/8/2pp2B1/3Pn2P/5N2/PPP1PPP1/RN1QKB1R w KQkq -,MODEL_PREDICTION_NOT_EMPIRICAL,after_key,0.1541705578565597,maia3,-47,-57,10,OK,100000
TOR-05,B5,1500,maia3-79m,4,b1d2,Nbd2,0.1530569046735763,0.9786117784678936,0.7586111639167586,528,22,450,rnbqkb1r/pp2pppp/8/2pp2B1/3Pn2P/5N2/PPP1PPP1/RN1QKB1R w KQkq -,MODEL_PREDICTION_NOT_EMPIRICAL,after_key,0.1530569046735763,maia3,-49,-108,59,ERROR,100000
TOR-05,B5,1500,maia3-79m,5,b1c3,Nc3,0.0769464299082756,0.9786117784678936,0.7586111639167586,531,22,447,rnbqkb1r/pp2pppp/8/2pp2B1/3Pn2P/5N2/PPP1PPP1/RN1QKB1R w KQkq -,MODEL_PREDICTION_NOT_EMPIRICAL,after_key,0.0769464299082756,maia3,-45,-84,39,OK,100000
TOR-05,B5,1500,maia3-79m,6,d1d3,Qd3,0.0137206045910716,0.9786117784678936,0.7586111639167586,474,19,507,rnbqkb1r/pp2pppp/8/2pp2B1/3Pn2P/5N2/PPP1PPP1/RN1QKB1R w KQkq -,MODEL_PREDICTION_NOT_EMPIRICAL,after_key,0.0137206045910716,maia3,-43,-155,112,SEVERE_ERROR,100000
TOR-05,B5,1500,maia3-79m,7,c2c4,c4,0.0135869039222598,0.9786117784678936,0.7586111639167586,508,20,472,rnbqkb1r/pp2pppp/8/2pp2B1/3Pn2P/5N2/PPP1PPP1/RN1QKB1R w KQkq -,MODEL_PREDICTION_NOT_EMPIRICAL,after_key,0.0135869039222598,maia3,-46,-66,20,OK,100000
TOR-05,B5,1500,maia3-79m,8,g5f4,Bf4,0.0129032135009765,0.9786117784678936,0.7586111639167586,483,21,496,rnbqkb1r/pp2pppp/8/2pp2B1/3Pn2P/5N2/PPP1PPP1/RN1QKB1R w KQkq -,MODEL_PREDICTION_NOT_EMPIRICAL,after_key,0.0129032135009765,maia3,-45,-91,46,ERROR,100000
TOR-05,B5,1500,maia3-79m,9,f3e5,Ne5,0.0121272755786776,0.9786117784678936,0.7586111639167586,428,18,554,rnbqkb1r/pp2pppp/8/2pp2B1/3Pn2P/5N2/PPP1PPP1/RN1QKB1R w KQkq -,MODEL_PREDICTION_NOT_EMPIRICAL,after_key,0.0121272755786776,maia3,-48,-267,219,SEVERE_ERROR,100000
TOR-05,B5,1500,maia3-79m,10,g5e3,Be3,0.0090466691181063,0.9786117784678936,0.7586111639167586,484,21,495,rnbqkb1r/pp2pppp/8/2pp2B1/3Pn2P/5N2/PPP1PPP1/RN1QKB1R w KQkq -,MODEL_PREDICTION_NOT_EMPIRICAL,after_key,0.0090466691181063,maia3,-46,-105,59,ERROR,100000
TOR-05,B5,1700,maia3-79m,1,e2e3,e3,0.313387006521225,0.9856419106945395,0.7233946595528705,499,23,478,rnbqkb1r/pp2pppp/8/2pp2B1/3Pn2P/5N2/PPP1PPP1/RN1QKB1R w KQkq -,MODEL_PREDICTION_NOT_EMPIRICAL,after_key,0.313387006521225,maia3,-48,-54,6,OK,100000
TOR-05,B5,1700,maia3-79m,2,d4c5,dxc5,0.2444364130496978,0.9856419106945395,0.7233946595528705,508,25,467,rnbqkb1r/pp2pppp/8/2pp2B1/3Pn2P/5N2/PPP1PPP1/RN1QKB1R w KQkq -,MODEL_PREDICTION_NOT_EMPIRICAL,after_key,0.2444364130496978,maia3,-54,-86,32,OK,100000
TOR-05,B5,1700,maia3-79m,3,c2c3,c3,0.1857333779335022,0.9856419106945395,0.7233946595528705,503,24,473,rnbqkb1r/pp2pppp/8/2pp2B1/3Pn2P/5N2/PPP1PPP1/RN1QKB1R w KQkq -,MODEL_PREDICTION_NOT_EMPIRICAL,after_key,0.1857333779335022,maia3,-47,-57,10,OK,100000
TOR-05,B5,1700,maia3-79m,4,b1d2,Nbd2,0.1422680020332336,0.9856419106945395,0.7233946595528705,523,25,452,rnbqkb1r/pp2pppp/8/2pp2B1/3Pn2P/5N2/PPP1PPP1/RN1QKB1R w KQkq -,MODEL_PREDICTION_NOT_EMPIRICAL,after_key,0.1422680020332336,maia3,-49,-108,59,ERROR,100000
TOR-05,B5,1700,maia3-79m,5,b1c3,Nc3,0.0553691871464252,0.9856419106945395,0.7233946595528705,528,25,447,rnbqkb1r/pp2pppp/8/2pp2B1/3Pn2P/5N2/PPP1PPP1/RN1QKB1R w KQkq -,MODEL_PREDICTION_NOT_EMPIRICAL,after_key,0.0553691871464252,maia3,-45,-84,39,OK,100000
TOR-05,B5,1700,maia3-79m,6,g5f4,Bf4,0.0123149398714303,0.9856419106945395,0.7233946595528705,477,24,499,rnbqkb1r/pp2pppp/8/2pp2B1/3Pn2P/5N2/PPP1PPP1/RN1QKB1R w KQkq -,MODEL_PREDICTION_NOT_EMPIRICAL,after_key,0.0123149398714303,maia3,-45,-91,46,ERROR,100000
TOR-05,B5,1700,maia3-79m,7,c2c4,c4,0.0120929293334484,0.9856419106945395,0.7233946595528705,511,23,466,rnbqkb1r/pp2pppp/8/2pp2B1/3Pn2P/5N2/PPP1PPP1/RN1QKB1R w KQkq -,MODEL_PREDICTION_NOT_EMPIRICAL,after_key,0.0120929293334484,maia3,-46,-66,20,OK,100000
TOR-05,B5,1700,maia3-79m,8,d1d3,Qd3,0.0084388926625251,0.9856419106945395,0.7233946595528705,459,22,519,rnbqkb1r/pp2pppp/8/2pp2B1/3Pn2P/5N2/PPP1PPP1/RN1QKB1R w KQkq -,MODEL_PREDICTION_NOT_EMPIRICAL,after_key,0.0084388926625251,maia3,-43,-155,112,SEVERE_ERROR,100000
TOR-05,B5,1700,maia3-79m,9,g5e3,Be3,0.006913143210113,0.9856419106945395,0.7233946595528705,478,25,497,rnbqkb1r/pp2pppp/8/2pp2B1/3Pn2P/5N2/PPP1PPP1/RN1QKB1R w KQkq -,MODEL_PREDICTION_NOT_EMPIRICAL,after_key,0.006913143210113,maia3,-46,-105,59,ERROR,100000
TOR-05,B5,1700,maia3-79m,10,f3e5,Ne5,0.0046880189329385,0.9856419106945395,0.7233946595528705,416,20,564,rnbqkb1r/pp2pppp/8/2pp2B1/3Pn2P/5N2/PPP1PPP1/RN1QKB1R w KQkq -,MODEL_PREDICTION_NOT_EMPIRICAL,after_key,0.0046880189329385,maia3,-48,-267,219,SEVERE_ERROR,100000
TOR-05,B5,1900,maia3-79m,1,e2e3,e3,0.3624348044395447,0.991987087763846,0.6831549149547607,479,29,492,rnbqkb1r/pp2pppp/8/2pp2B1/3Pn2P/5N2/PPP1PPP1/RN1QKB1R w KQkq -,MODEL_PREDICTION_NOT_EMPIRICAL,after_key,0.3624348044395447,maia3,-48,-54,6,OK,100000
TOR-05,B5,1900,maia3-79m,2,c2c3,c3,0.2283298671245575,0.991987087763846,0.6831549149547607,486,30,484,rnbqkb1r/pp2pppp/8/2pp2B1/3Pn2P/5N2/PPP1PPP1/RN1QKB1R w KQkq -,MODEL_PREDICTION_NOT_EMPIRICAL,after_key,0.2283298671245575,maia3,-47,-57,10,OK,100000
TOR-05,B5,1900,maia3-79m,3,d4c5,dxc5,0.2145901620388031,0.991987087763846,0.6831549149547607,506,31,463,rnbqkb1r/pp2pppp/8/2pp2B1/3Pn2P/5N2/PPP1PPP1/RN1QKB1R w KQkq -,MODEL_PREDICTION_NOT_EMPIRICAL,after_key,0.2145901620388031,maia3,-54,-86,32,OK,100000
TOR-05,B5,1900,maia3-79m,4,b1d2,Nbd2,0.1126372069120407,0.991987087763846,0.6831549149547607,513,31,456,rnbqkb1r/pp2pppp/8/2pp2B1/3Pn2P/5N2/PPP1PPP1/RN1QKB1R w KQkq -,MODEL_PREDICTION_NOT_EMPIRICAL,after_key,0.1126372069120407,maia3,-49,-108,59,ERROR,100000
TOR-05,B5,1900,maia3-79m,5,b1c3,Nc3,0.0412237532436847,0.991987087763846,0.6831549149547607,521,30,449,rnbqkb1r/pp2pppp/8/2pp2B1/3Pn2P/5N2/PPP1PPP1/RN1QKB1R w KQkq -,MODEL_PREDICTION_NOT_EMPIRICAL,after_key,0.0412237532436847,maia3,-45,-84,39,OK,100000
TOR-05,B5,1900,maia3-79m,6,c2c4,c4,0.0107497973367571,0.991987087763846,0.6831549149547607,511,28,461,rnbqkb1r/pp2pppp/8/2pp2B1/3Pn2P/5N2/PPP1PPP1/RN1QKB1R w KQkq -,MODEL_PREDICTION_NOT_EMPIRICAL,after_key,0.0107497973367571,maia3,-46,-66,20,OK,100000
TOR-05,B5,1900,maia3-79m,7,g5f4,Bf4,0.0105873979628086,0.991987087763846,0.6831549149547607,467,31,502,rnbqkb1r/pp2pppp/8/2pp2B1/3Pn2P/5N2/PPP1PPP1/RN1QKB1R w KQkq -,MODEL_PREDICTION_NOT_EMPIRICAL,after_key,0.0105873979628086,maia3,-45,-91,46,ERROR,100000
TOR-05,B5,1900,maia3-79m,8,g5e3,Be3,0.0049861213192343,0.991987087763846,0.6831549149547607,467,30,503,rnbqkb1r/pp2pppp/8/2pp2B1/3Pn2P/5N2/PPP1PPP1/RN1QKB1R w KQkq -,MODEL_PREDICTION_NOT_EMPIRICAL,after_key,0.0049861213192343,maia3,-46,-105,59,ERROR,100000
TOR-05,B5,1900,maia3-79m,9,d1d3,Qd3,0.0034812854137271,0.991987087763846,0.6831549149547607,434,26,540,rnbqkb1r/pp2pppp/8/2pp2B1/3Pn2P/5N2/PPP1PPP1/RN1QKB1R w KQkq -,MODEL_PREDICTION_NOT_EMPIRICAL,after_key,0.0034812854137271,maia3,-43,-155,112,SEVERE_ERROR,100000
TOR-05,B5,1900,maia3-79m,10,h4h5,h5,0.0029666919726878,0.991987087763846,0.6831549149547607,434,27,539,rnbqkb1r/pp2pppp/8/2pp2B1/3Pn2P/5N2/PPP1PPP1/RN1QKB1R w KQkq -,MODEL_PREDICTION_NOT_EMPIRICAL,after_key,0.0029666919726878,maia3,-47,-224,177,SEVERE_ERROR,100000
TOR-05,B5,2100,maia3-79m,1,e2e3,e3,0.4073493182659149,0.995958891522605,0.6459296300062748,454,38,508,rnbqkb1r/pp2pppp/8/2pp2B1/3Pn2P/5N2/PPP1PPP1/RN1QKB1R w KQkq -,MODEL_PREDICTION_NOT_EMPIRICAL,after_key,0.4073493182659149,maia3,-48,-54,6,OK,100000
TOR-05,B5,2100,maia3-79m,2,c2c3,c3,0.2639759480953216,0.995958891522605,0.6459296300062748,459,41,500,rnbqkb1r/pp2pppp/8/2pp2B1/3Pn2P/5N2/PPP1PPP1/RN1QKB1R w KQkq -,MODEL_PREDICTION_NOT_EMPIRICAL,after_key,0.2639759480953216,maia3,-47,-57,10,OK,100000
TOR-05,B5,2100,maia3-79m,3,d4c5,dxc5,0.1689068973064422,0.995958891522605,0.6459296300062748,505,41,454,rnbqkb1r/pp2pppp/8/2pp2B1/3Pn2P/5N2/PPP1PPP1/RN1QKB1R w KQkq -,MODEL_PREDICTION_NOT_EMPIRICAL,after_key,0.1689068973064422,maia3,-54,-86,32,OK,100000
TOR-05,B5,2100,maia3-79m,4,b1d2,Nbd2,0.0938505008816719,0.995958891522605,0.6459296300062748,492,42,466,rnbqkb1r/pp2pppp/8/2pp2B1/3Pn2P/5N2/PPP1PPP1/RN1QKB1R w KQkq -,MODEL_PREDICTION_NOT_EMPIRICAL,after_key,0.0938505008816719,maia3,-49,-108,59,ERROR,100000
TOR-05,B5,2100,maia3-79m,5,b1c3,Nc3,0.0369402393698692,0.995958891522605,0.6459296300062748,504,40,456,rnbqkb1r/pp2pppp/8/2pp2B1/3Pn2P/5N2/PPP1PPP1/RN1QKB1R w KQkq -,MODEL_PREDICTION_NOT_EMPIRICAL,after_key,0.0369402393698692,maia3,-45,-84,39,OK,100000
TOR-05,B5,2100,maia3-79m,6,c2c4,c4,0.0096577079966664,0.995958891522605,0.6459296300062748,505,38,457,rnbqkb1r/pp2pppp/8/2pp2B1/3Pn2P/5N2/PPP1PPP1/RN1QKB1R w KQkq -,MODEL_PREDICTION_NOT_EMPIRICAL,after_key,0.0096577079966664,maia3,-46,-66,20,OK,100000
TOR-05,B5,2100,maia3-79m,7,g5f4,Bf4,0.0085535626858472,0.995958891522605,0.6459296300062748,452,41,507,rnbqkb1r/pp2pppp/8/2pp2B1/3Pn2P/5N2/PPP1PPP1/RN1QKB1R w KQkq -,MODEL_PREDICTION_NOT_EMPIRICAL,after_key,0.0085535626858472,maia3,-45,-91,46,ERROR,100000
TOR-05,B5,2100,maia3-79m,8,g5e3,Be3,0.0037489822134375,0.995958891522605,0.6459296300062748,449,40,511,rnbqkb1r/pp2pppp/8/2pp2B1/3Pn2P/5N2/PPP1PPP1/RN1QKB1R w KQkq -,MODEL_PREDICTION_NOT_EMPIRICAL,after_key,0.0037489822134375,maia3,-46,-105,59,ERROR,100000
TOR-05,B5,2100,maia3-79m,9,h4h5,h5,0.0020958967506885,0.995958891522605,0.6459296300062748,412,33,555,rnbqkb1r/pp2pppp/8/2pp2B1/3Pn2P/5N2/PPP1PPP1/RN1QKB1R w KQkq -,MODEL_PREDICTION_NOT_EMPIRICAL,after_key,0.0020958967506885,maia3,-47,-224,177,SEVERE_ERROR,100000
TOR-05,B5,2100,maia3-79m,10,a2a3,a3,0.0008798379567451,0.995958891522605,0.6459296300062748,445,38,517,rnbqkb1r/pp2pppp/8/2pp2B1/3Pn2P/5N2/PPP1PPP1/RN1QKB1R w KQkq -,MODEL_PREDICTION_NOT_EMPIRICAL,after_key,0.0008798379567451,maia3,-45,-125,80,ERROR,100000
PST-01,B5,1100,maia3-79m,1,d4c5,dxc5,0.3391035497188568,0.9852988496422768,0.6839799640509124,524,23,453,rnbqkbnr/pp2ppp1/7p/2pp4/3P3B/8/PPP1PPPP/RN1QKBNR w KQkq -,MODEL_PREDICTION_NOT_EMPIRICAL,after_key,0.3391035497188568,maia3,-19,-55,36,OK,100000
PST-01,B5,1100,maia3-79m,2,e2e3,e3,0.3156701624393463,0.9852988496422768,0.6839799640509124,543,22,435,rnbqkbnr/pp2ppp1/7p/2pp4/3P3B/8/PPP1PPPP/RN1QKBNR w KQkq -,MODEL_PREDICTION_NOT_EMPIRICAL,after_key,0.3156701624393463,maia3,-21,-16,0,OK,100000
PST-01,B5,1100,maia3-79m,3,c2c3,c3,0.1347806304693222,0.9852988496422768,0.6839799640509124,526,24,450,rnbqkbnr/pp2ppp1/7p/2pp4/3P3B/8/PPP1PPPP/RN1QKBNR w KQkq -,MODEL_PREDICTION_NOT_EMPIRICAL,after_key,0.1347806304693222,maia3,-19,-33,14,OK,100000
PST-01,B5,1100,maia3-79m,4,g1f3,Nf3,0.1137840896844863,0.9852988496422768,0.6839799640509124,539,22,439,rnbqkbnr/pp2ppp1/7p/2pp4/3P3B/8/PPP1PPPP/RN1QKBNR w KQkq -,MODEL_PREDICTION_NOT_EMPIRICAL,after_key,0.1137840896844863,maia3,-20,-32,12,OK,100000
PST-01,B5,1100,maia3-79m,5,b1c3,Nc3,0.0352289043366909,0.9852988496422768,0.6839799640509124,528,22,450,rnbqkbnr/pp2ppp1/7p/2pp4/3P3B/8/PPP1PPPP/RN1QKBNR w KQkq -,MODEL_PREDICTION_NOT_EMPIRICAL,after_key,0.0352289043366909,maia3,-22,-35,13,OK,100000
PST-01,B5,1100,maia3-79m,6,c2c4,c4,0.0211636759340763,0.9852988496422768,0.6839799640509124,491,24,485,rnbqkbnr/pp2ppp1/7p/2pp4/3P3B/8/PPP1PPPP/RN1QKBNR w KQkq -,MODEL_PREDICTION_NOT_EMPIRICAL,after_key,0.0211636759340763,maia3,-18,-88,70,ERROR,100000
PST-01,B5,1100,maia3-79m,7,h2h3,h3,0.0090740071609616,0.9852988496422768,0.6839799640509124,490,23,487,rnbqkbnr/pp2ppp1/7p/2pp4/3P3B/8/PPP1PPPP/RN1QKBNR w KQkq -,MODEL_PREDICTION_NOT_EMPIRICAL,after_key,0.0090740071609616,maia3,-23,-109,86,ERROR,100000
PST-01,B5,1100,maia3-79m,8,e2e4,e4,0.00835573207587,0.9852988496422768,0.6839799640509124,493,21,486,rnbqkbnr/pp2ppp1/7p/2pp4/3P3B/8/PPP1PPPP/RN1QKBNR w KQkq -,MODEL_PREDICTION_NOT_EMPIRICAL,after_key,0.00835573207587,maia3,-29,-156,127,SEVERE_ERROR,100000
PST-01,B5,1100,maia3-79m,9,h4g3,Bg3,0.0047624241560697,0.9852988496422768,0.6839799640509124,502,24,474,rnbqkbnr/pp2ppp1/7p/2pp4/3P3B/8/PPP1PPPP/RN1QKBNR w KQkq -,MODEL_PREDICTION_NOT_EMPIRICAL,after_key,0.0047624241560697,maia3,-30,-67,37,OK,100000
PST-01,B5,1100,maia3-79m,10,d1d3,Qd3,0.0033756736665964,0.9852988496422768,0.6839799640509124,467,20,513,rnbqkbnr/pp2ppp1/7p/2pp4/3P3B/8/PPP1PPPP/RN1QKBNR w KQkq -,MODEL_PREDICTION_NOT_EMPIRICAL,after_key,0.0033756736665964,maia3,-29,-104,75,ERROR,100000
PST-01,B5,1300,maia3-79m,1,e2e3,e3,0.337978333234787,0.9910857488866897,0.6862510230680356,547,22,431,rnbqkbnr/pp2ppp1/7p/2pp4/3P3B/8/PPP1PPPP/RN1QKBNR w KQkq -,MODEL_PREDICTION_NOT_EMPIRICAL,after_key,0.337978333234787,maia3,-21,-16,0,OK,100000
PST-01,B5,1300,maia3-79m,2,d4c5,dxc5,0.2783763408660888,0.9910857488866897,0.6862510230680356,521,23,456,rnbqkbnr/pp2ppp1/7p/2pp4/3P3B/8/PPP1PPPP/RN1QKBNR w KQkq -,MODEL_PREDICTION_NOT_EMPIRICAL,after_key,0.2783763408660888,maia3,-19,-55,36,OK,100000
PST-01,B5,1300,maia3-79m,3,c2c3,c3,0.1987190544605255,0.9910857488866897,0.6862510230680356,523,23,454,rnbqkbnr/pp2ppp1/7p/2pp4/3P3B/8/PPP1PPPP/RN1QKBNR w KQkq -,MODEL_PREDICTION_NOT_EMPIRICAL,after_key,0.1987190544605255,maia3,-19,-33,14,OK,100000
PST-01,B5,1300,maia3-79m,4,g1f3,Nf3,0.1010277792811393,0.9910857488866897,0.6862510230680356,542,22,436,rnbqkbnr/pp2ppp1/7p/2pp4/3P3B/8/PPP1PPPP/RN1QKBNR w KQkq -,MODEL_PREDICTION_NOT_EMPIRICAL,after_key,0.1010277792811393,maia3,-20,-32,12,OK,100000
PST-01,B5,1300,maia3-79m,5,b1c3,Nc3,0.0273009091615676,0.9910857488866897,0.6862510230680356,527,22,451,rnbqkbnr/pp2ppp1/7p/2pp4/3P3B/8/PPP1PPPP/RN1QKBNR w KQkq -,MODEL_PREDICTION_NOT_EMPIRICAL,after_key,0.0273009091615676,maia3,-22,-35,13,OK,100000
PST-01,B5,1300,maia3-79m,6,c2c4,c4,0.0250117573887109,0.9910857488866897,0.6862510230680356,496,22,482,rnbqkbnr/pp2ppp1/7p/2pp4/3P3B/8/PPP1PPPP/RN1QKBNR w KQkq -,MODEL_PREDICTION_NOT_EMPIRICAL,after_key,0.0250117573887109,maia3,-18,-88,70,ERROR,100000
PST-01,B5,1300,maia3-79m,7,h2h3,h3,0.0100379278883337,0.9910857488866897,0.6862510230680356,491,22,487,rnbqkbnr/pp2ppp1/7p/2pp4/3P3B/8/PPP1PPPP/RN1QKBNR w KQkq -,MODEL_PREDICTION_NOT_EMPIRICAL,after_key,0.0100379278883337,maia3,-23,-109,86,ERROR,100000
PST-01,B5,1300,maia3-79m,8,e2e4,e4,0.0064815171062946,0.9910857488866897,0.6862510230680356,501,20,479,rnbqkbnr/pp2ppp1/7p/2pp4/3P3B/8/PPP1PPPP/RN1QKBNR w KQkq -,MODEL_PREDICTION_NOT_EMPIRICAL,after_key,0.0064815171062946,maia3,-29,-156,127,SEVERE_ERROR,100000
PST-01,B5,1300,maia3-79m,9,h4g3,Bg3,0.0037470166571438,0.9910857488866897,0.6862510230680356,509,23,468,rnbqkbnr/pp2ppp1/7p/2pp4/3P3B/8/PPP1PPPP/RN1QKBNR w KQkq -,MODEL_PREDICTION_NOT_EMPIRICAL,after_key,0.0037470166571438,maia3,-30,-67,37,OK,100000
PST-01,B5,1300,maia3-79m,10,a2a3,a3,0.0024051128420978,0.9910857488866897,0.6862510230680356,502,21,477,rnbqkbnr/pp2ppp1/7p/2pp4/3P3B/8/PPP1PPPP/RN1QKBNR w KQkq -,MODEL_PREDICTION_NOT_EMPIRICAL,after_key,0.0024051128420978,maia3,-23,-122,99,ERROR,100000
PST-01,B5,1500,maia3-79m,1,e2e3,e3,0.3465974628925323,0.9936446384526788,0.6720791901744686,548,24,428,rnbqkbnr/pp2ppp1/7p/2pp4/3P3B/8/PPP1PPPP/RN1QKBNR w KQkq -,MODEL_PREDICTION_NOT_EMPIRICAL,after_key,0.3465974628925323,maia3,-21,-16,0,OK,100000
PST-01,B5,1500,maia3-79m,2,d4c5,dxc5,0.2561388313770294,0.9936446384526788,0.6720791901744686,521,24,455,rnbqkbnr/pp2ppp1/7p/2pp4/3P3B/8/PPP1PPPP/RN1QKBNR w KQkq -,MODEL_PREDICTION_NOT_EMPIRICAL,after_key,0.2561388313770294,maia3,-19,-55,36,OK,100000
PST-01,B5,1500,maia3-79m,3,c2c3,c3,0.2386593073606491,0.9936446384526788,0.6720791901744686,527,25,448,rnbqkbnr/pp2ppp1/7p/2pp4/3P3B/8/PPP1PPPP/RN1QKBNR w KQkq -,MODEL_PREDICTION_NOT_EMPIRICAL,after_key,0.2386593073606491,maia3,-19,-33,14,OK,100000
PST-01,B5,1500,maia3-79m,4,g1f3,Nf3,0.0860771909356117,0.9936446384526788,0.6720791901744686,543,23,434,rnbqkbnr/pp2ppp1/7p/2pp4/3P3B/8/PPP1PPPP/RN1QKBNR w KQkq -,MODEL_PREDICTION_NOT_EMPIRICAL,after_key,0.0860771909356117,maia3,-20,-32,12,OK,100000
PST-01,B5,1500,maia3-79m,5,c2c4,c4,0.0232819151133298,0.9936446384526788,0.6720791901744686,506,23,471,rnbqkbnr/pp2ppp1/7p/2pp4/3P3B/8/PPP1PPPP/RN1QKBNR w KQkq -,MODEL_PREDICTION_NOT_EMPIRICAL,after_key,0.0232819151133298,maia3,-18,-88,70,ERROR,100000
PST-01,B5,1500,maia3-79m,6,b1c3,Nc3,0.0225564837455749,0.9936446384526788,0.6720791901744686,529,22,449,rnbqkbnr/pp2ppp1/7p/2pp4/3P3B/8/PPP1PPPP/RN1QKBNR w KQkq -,MODEL_PREDICTION_NOT_EMPIRICAL,after_key,0.0225564837455749,maia3,-22,-35,13,OK,100000
PST-01,B5,1500,maia3-79m,7,h2h3,h3,0.0083868708461523,0.9936446384526788,0.6720791901744686,494,23,483,rnbqkbnr/pp2ppp1/7p/2pp4/3P3B/8/PPP1PPPP/RN1QKBNR w KQkq -,MODEL_PREDICTION_NOT_EMPIRICAL,after_key,0.0083868708461523,maia3,-23,-109,86,ERROR,100000
PST-01,B5,1500,maia3-79m,8,e2e4,e4,0.0061371009796857,0.9936446384526788,0.6720791901744686,513,21,466,rnbqkbnr/pp2ppp1/7p/2pp4/3P3B/8/PPP1PPPP/RN1QKBNR w KQkq -,MODEL_PREDICTION_NOT_EMPIRICAL,after_key,0.0061371009796857,maia3,-29,-156,127,SEVERE_ERROR,100000
PST-01,B5,1500,maia3-79m,9,h4g3,Bg3,0.0029756149742752,0.9936446384526788,0.6720791901744686,514,24,462,rnbqkbnr/pp2ppp1/7p/2pp4/3P3B/8/PPP1PPPP/RN1QKBNR w KQkq -,MODEL_PREDICTION_NOT_EMPIRICAL,after_key,0.0029756149742752,maia3,-30,-67,37,OK,100000
PST-01,B5,1500,maia3-79m,10,a2a3,a3,0.0028338602278381,0.9936446384526788,0.6720791901744686,504,22,474,rnbqkbnr/pp2ppp1/7p/2pp4/3P3B/8/PPP1PPPP/RN1QKBNR w KQkq -,MODEL_PREDICTION_NOT_EMPIRICAL,after_key,0.0028338602278381,maia3,-23,-122,99,ERROR,100000
PST-01,B5,1700,maia3-79m,1,e2e3,e3,0.3609778881072998,0.9944462538696826,0.6497030800506293,551,26,423,rnbqkbnr/pp2ppp1/7p/2pp4/3P3B/8/PPP1PPPP/RN1QKBNR w KQkq -,MODEL_PREDICTION_NOT_EMPIRICAL,after_key,0.3609778881072998,maia3,-21,-16,0,OK,100000
PST-01,B5,1700,maia3-79m,2,c2c3,c3,0.2615989148616791,0.9944462538696826,0.6497030800506293,536,28,436,rnbqkbnr/pp2ppp1/7p/2pp4/3P3B/8/PPP1PPPP/RN1QKBNR w KQkq -,MODEL_PREDICTION_NOT_EMPIRICAL,after_key,0.2615989148616791,maia3,-19,-33,14,OK,100000
PST-01,B5,1700,maia3-79m,3,d4c5,dxc5,0.2433862686157226,0.9944462538696826,0.6497030800506293,519,27,454,rnbqkbnr/pp2ppp1/7p/2pp4/3P3B/8/PPP1PPPP/RN1QKBNR w KQkq -,MODEL_PREDICTION_NOT_EMPIRICAL,after_key,0.2433862686157226,maia3,-19,-55,36,OK,100000
PST-01,B5,1700,maia3-79m,4,g1f3,Nf3,0.0737360045313835,0.9944462538696826,0.6497030800506293,543,26,431,rnbqkbnr/pp2ppp1/7p/2pp4/3P3B/8/PPP1PPPP/RN1QKBNR w KQkq -,MODEL_PREDICTION_NOT_EMPIRICAL,after_key,0.0737360045313835,maia3,-20,-32,12,OK,100000
PST-01,B5,1700,maia3-79m,5,b1c3,Nc3,0.020396776497364,0.9944462538696826,0.6497030800506293,535,24,441,rnbqkbnr/pp2ppp1/7p/2pp4/3P3B/8/PPP1PPPP/RN1QKBNR w KQkq -,MODEL_PREDICTION_NOT_EMPIRICAL,after_key,0.020396776497364,maia3,-22,-35,13,OK,100000
PST-01,B5,1700,maia3-79m,6,c2c4,c4,0.0170263554900884,0.9944462538696826,0.6497030800506293,517,26,457,rnbqkbnr/pp2ppp1/7p/2pp4/3P3B/8/PPP1PPPP/RN1QKBNR w KQkq -,MODEL_PREDICTION_NOT_EMPIRICAL,after_key,0.0170263554900884,maia3,-18,-88,70,ERROR,100000
PST-01,B5,1700,maia3-79m,7,e2e4,e4,0.0070613045245409,0.9944462538696826,0.6497030800506293,523,23,454,rnbqkbnr/pp2ppp1/7p/2pp4/3P3B/8/PPP1PPPP/RN1QKBNR w KQkq -,MODEL_PREDICTION_NOT_EMPIRICAL,after_key,0.0070613045245409,maia3,-29,-156,127,SEVERE_ERROR,100000
PST-01,B5,1700,maia3-79m,8,h2h3,h3,0.0053567732684314,0.9944462538696826,0.6497030800506293,500,26,474,rnbqkbnr/pp2ppp1/7p/2pp4/3P3B/8/PPP1PPPP/RN1QKBNR w KQkq -,MODEL_PREDICTION_NOT_EMPIRICAL,after_key,0.0053567732684314,maia3,-23,-109,86,ERROR,100000
PST-01,B5,1700,maia3-79m,9,a2a3,a3,0.002523694653064,0.9944462538696826,0.6497030800506293,510,25,465,rnbqkbnr/pp2ppp1/7p/2pp4/3P3B/8/PPP1PPPP/RN1QKBNR w KQkq -,MODEL_PREDICTION_NOT_EMPIRICAL,after_key,0.002523694653064,maia3,-23,-122,99,ERROR,100000
PST-01,B5,1700,maia3-79m,10,h4g3,Bg3,0.0023822733201086,0.9944462538696826,0.6497030800506293,519,27,454,rnbqkbnr/pp2ppp1/7p/2pp4/3P3B/8/PPP1PPPP/RN1QKBNR w KQkq -,MODEL_PREDICTION_NOT_EMPIRICAL,after_key,0.0023822733201086,maia3,-30,-67,37,OK,100000
PST-01,B5,1900,maia3-79m,1,e2e3,e3,0.3734616339206695,0.995587433804758,0.6317874422350332,546,31,423,rnbqkbnr/pp2ppp1/7p/2pp4/3P3B/8/PPP1PPPP/RN1QKBNR w KQkq -,MODEL_PREDICTION_NOT_EMPIRICAL,after_key,0.3734616339206695,maia3,-21,-16,0,OK,100000
PST-01,B5,1900,maia3-79m,2,c2c3,c3,0.2664980888366699,0.995587433804758,0.6317874422350332,534,33,433,rnbqkbnr/pp2ppp1/7p/2pp4/3P3B/8/PPP1PPPP/RN1QKBNR w KQkq -,MODEL_PREDICTION_NOT_EMPIRICAL,after_key,0.2664980888366699,maia3,-19,-33,14,OK,100000
PST-01,B5,1900,maia3-79m,3,d4c5,dxc5,0.2446410506963729,0.995587433804758,0.6317874422350332,517,31,452,rnbqkbnr/pp2ppp1/7p/2pp4/3P3B/8/PPP1PPPP/RN1QKBNR w KQkq -,MODEL_PREDICTION_NOT_EMPIRICAL,after_key,0.2446410506963729,maia3,-19,-55,36,OK,100000
PST-01,B5,1900,maia3-79m,4,g1f3,Nf3,0.0609107241034507,0.995587433804758,0.6317874422350332,538,31,431,rnbqkbnr/pp2ppp1/7p/2pp4/3P3B/8/PPP1PPPP/RN1QKBNR w KQkq -,MODEL_PREDICTION_NOT_EMPIRICAL,after_key,0.0609107241034507,maia3,-20,-32,12,OK,100000
PST-01,B5,1900,maia3-79m,5,b1c3,Nc3,0.0235071051865816,0.995587433804758,0.6317874422350332,540,28,432,rnbqkbnr/pp2ppp1/7p/2pp4/3P3B/8/PPP1PPPP/RN1QKBNR w KQkq -,MODEL_PREDICTION_NOT_EMPIRICAL,after_key,0.0235071051865816,maia3,-22,-35,13,OK,100000
PST-01,B5,1900,maia3-79m,6,c2c4,c4,0.0109153185039758,0.995587433804758,0.6317874422350332,528,30,442,rnbqkbnr/pp2ppp1/7p/2pp4/3P3B/8/PPP1PPPP/RN1QKBNR w KQkq -,MODEL_PREDICTION_NOT_EMPIRICAL,after_key,0.0109153185039758,maia3,-18,-88,70,ERROR,100000
PST-01,B5,1900,maia3-79m,7,e2e4,e4,0.009598639793694,0.995587433804758,0.6317874422350332,528,26,446,rnbqkbnr/pp2ppp1/7p/2pp4/3P3B/8/PPP1PPPP/RN1QKBNR w KQkq -,MODEL_PREDICTION_NOT_EMPIRICAL,after_key,0.009598639793694,maia3,-29,-156,127,SEVERE_ERROR,100000
PST-01,B5,1900,maia3-79m,8,f2f3,f3,0.0023419649805873,0.995587433804758,0.6317874422350332,506,29,465,rnbqkbnr/pp2ppp1/7p/2pp4/3P3B/8/PPP1PPPP/RN1QKBNR w KQkq -,MODEL_PREDICTION_NOT_EMPIRICAL,after_key,0.0023419649805873,maia3,-27,-115,88,ERROR,100000
PST-01,B5,1900,maia3-79m,9,h2h3,h3,0.0019709663465619,0.995587433804758,0.6317874422350332,496,30,474,rnbqkbnr/pp2ppp1/7p/2pp4/3P3B/8/PPP1PPPP/RN1QKBNR w KQkq -,MODEL_PREDICTION_NOT_EMPIRICAL,after_key,0.0019709663465619,maia3,-23,-109,86,ERROR,100000
PST-01,B5,1900,maia3-79m,10,b1d2,Nd2,0.0017419414361938,0.995587433804758,0.6317874422350332,505,29,466,rnbqkbnr/pp2ppp1/7p/2pp4/3P3B/8/PPP1PPPP/RN1QKBNR w KQkq -,MODEL_PREDICTION_NOT_EMPIRICAL,after_key,0.0017419414361938,maia3,-26,-147,121,SEVERE_ERROR,100000
PST-01,B5,2100,maia3-79m,1,d4c5,dxc5,0.3563911616802215,0.9979244662681594,0.6234483177258142,513,39,448,rnbqkbnr/pp2ppp1/7p/2pp4/3P3B/8/PPP1PPPP/RN1QKBNR w KQkq -,MODEL_PREDICTION_NOT_EMPIRICAL,after_key,0.3563911616802215,maia3,-19,-55,36,OK,100000
PST-01,B5,2100,maia3-79m,2,e2e3,e3,0.3514981567859649,0.9979244662681594,0.6234483177258142,523,40,437,rnbqkbnr/pp2ppp1/7p/2pp4/3P3B/8/PPP1PPPP/RN1QKBNR w KQkq -,MODEL_PREDICTION_NOT_EMPIRICAL,after_key,0.3514981567859649,maia3,-21,-16,0,OK,100000
PST-01,B5,2100,maia3-79m,3,c2c3,c3,0.1830395609140396,0.9979244662681594,0.6234483177258142,516,42,442,rnbqkbnr/pp2ppp1/7p/2pp4/3P3B/8/PPP1PPPP/RN1QKBNR w KQkq -,MODEL_PREDICTION_NOT_EMPIRICAL,after_key,0.1830395609140396,maia3,-19,-33,14,OK,100000
PST-01,B5,2100,maia3-79m,4,g1f3,Nf3,0.0411315225064754,0.9979244662681594,0.6234483177258142,520,40,440,rnbqkbnr/pp2ppp1/7p/2pp4/3P3B/8/PPP1PPPP/RN1QKBNR w KQkq -,MODEL_PREDICTION_NOT_EMPIRICAL,after_key,0.0411315225064754,maia3,-20,-32,12,OK,100000
PST-01,B5,2100,maia3-79m,5,b1c3,Nc3,0.0349754467606544,0.9979244662681594,0.6234483177258142,540,35,425,rnbqkbnr/pp2ppp1/7p/2pp4/3P3B/8/PPP1PPPP/RN1QKBNR w KQkq -,MODEL_PREDICTION_NOT_EMPIRICAL,after_key,0.0349754467606544,maia3,-22,-35,13,OK,100000
PST-01,B5,2100,maia3-79m,6,e2e4,e4,0.0181673597544431,0.9979244662681594,0.6234483177258142,523,33,444,rnbqkbnr/pp2ppp1/7p/2pp4/3P3B/8/PPP1PPPP/RN1QKBNR w KQkq -,MODEL_PREDICTION_NOT_EMPIRICAL,after_key,0.0181673597544431,maia3,-29,-156,127,SEVERE_ERROR,100000
PST-01,B5,2100,maia3-79m,7,c2c4,c4,0.0083132935687899,0.9979244662681594,0.6234483177258142,525,38,437,rnbqkbnr/pp2ppp1/7p/2pp4/3P3B/8/PPP1PPPP/RN1QKBNR w KQkq -,MODEL_PREDICTION_NOT_EMPIRICAL,after_key,0.0083132935687899,maia3,-18,-88,70,ERROR,100000
PST-01,B5,2100,maia3-79m,8,b1d2,Nd2,0.0020440719090402,0.9979244662681594,0.6234483177258142,494,37,469,rnbqkbnr/pp2ppp1/7p/2pp4/3P3B/8/PPP1PPPP/RN1QKBNR w KQkq -,MODEL_PREDICTION_NOT_EMPIRICAL,after_key,0.0020440719090402,maia3,-26,-147,121,SEVERE_ERROR,100000
PST-01,B5,2100,maia3-79m,9,f2f3,f3,0.00169612118043,0.9979244662681594,0.6234483177258142,486,37,477,rnbqkbnr/pp2ppp1/7p/2pp4/3P3B/8/PPP1PPPP/RN1QKBNR w KQkq -,MODEL_PREDICTION_NOT_EMPIRICAL,after_key,0.00169612118043,maia3,-27,-115,88,ERROR,100000
PST-01,B5,2100,maia3-79m,10,h4g3,Bg3,0.0006677712081,0.9979244662681594,0.6234483177258142,512,41,447,rnbqkbnr/pp2ppp1/7p/2pp4/3P3B/8/PPP1PPPP/RN1QKBNR w KQkq -,MODEL_PREDICTION_NOT_EMPIRICAL,after_key,0.0006677712081,maia3,-30,-67,37,OK,100000
ORD-09,B6,1100,maia3-79m,1,e2e3,e3,0.3005922734737396,0.8724059201776981,0.8059708361250384,361,25,614,r1bqkb1r/pp1npppp/5n2/3p4/3N1B1P/8/PPP1PPP1/RN1QKB1R w KQkq -,MODEL_PREDICTION_NOT_EMPIRICAL,after_key,0.3005922734737396,maia3,-124,-395,271,SEVERE_ERROR,100000
ORD-09,B6,1100,maia3-79m,2,d4b5,Nb5,0.1136733889579773,0.8724059201776981,0.8059708361250384,490,20,490,r1bqkb1r/pp1npppp/5n2/3p4/3N1B1P/8/PPP1PPP1/RN1QKB1R w KQkq -,MODEL_PREDICTION_NOT_EMPIRICAL,after_key,0.1136733889579773,maia3,-124,-285,161,SEVERE_ERROR,100000
ORD-09,B6,1100,maia3-79m,3,b1c3,Nc3,0.1116117537021637,0.8724059201776981,0.8059708361250384,333,24,643,r1bqkb1r/pp1npppp/5n2/3p4/3N1B1P/8/PPP1PPP1/RN1QKB1R w KQkq -,MODEL_PREDICTION_NOT_EMPIRICAL,after_key,0.1116117537021637,maia3,-122,-332,210,SEVERE_ERROR,100000
ORD-09,B6,1100,maia3-79m,4,d4f3,Nf3,0.1046437621116638,0.8724059201776981,0.8059708361250384,485,25,490,r1bqkb1r/pp1npppp/5n2/3p4/3N1B1P/8/PPP1PPP1/RN1QKB1R w KQkq -,MODEL_PREDICTION_NOT_EMPIRICAL,after_key,0.1046437621116638,maia3,-131,-141,10,OK,100000
ORD-09,B6,1100,maia3-79m,5,f4h2,Bh2,0.0644439458847045,0.8724059201776981,0.8059708361250384,416,23,561,r1bqkb1r/pp1npppp/5n2/3p4/3N1B1P/8/PPP1PPP1/RN1QKB1R w KQkq -,MODEL_PREDICTION_NOT_EMPIRICAL,after_key,0.0644439458847045,maia3,-135,-130,0,OK,100000
ORD-09,B6,1100,maia3-79m,6,h4h5,h5,0.0444845855236053,0.8724059201776981,0.8059708361250384,359,24,617,r1bqkb1r/pp1npppp/5n2/3p4/3N1B1P/8/PPP1PPP1/RN1QKB1R w KQkq -,MODEL_PREDICTION_NOT_EMPIRICAL,after_key,0.0444845855236053,maia3,-133,-363,230,SEVERE_ERROR,100000
ORD-09,B6,1100,maia3-79m,7,c2c3,c3,0.0414054691791534,0.8724059201776981,0.8059708361250384,330,26,644,r1bqkb1r/pp1npppp/5n2/3p4/3N1B1P/8/PPP1PPP1/RN1QKB1R w KQkq -,MODEL_PREDICTION_NOT_EMPIRICAL,after_key,0.0414054691791534,maia3,-131,-400,269,SEVERE_ERROR,100000
ORD-09,B6,1100,maia3-79m,8,g2g3,g3,0.0317087322473526,0.8724059201776981,0.8059708361250384,311,25,664,r1bqkb1r/pp1npppp/5n2/3p4/3N1B1P/8/PPP1PPP1/RN1QKB1R w KQkq -,MODEL_PREDICTION_NOT_EMPIRICAL,after_key,0.0317087322473526,maia3,-126,-394,268,SEVERE_ERROR,100000
ORD-09,B6,1100,maia3-79m,9,f2f3,f3,0.0311433281749486,0.8724059201776981,0.8059708361250384,306,26,668,r1bqkb1r/pp1npppp/5n2/3p4/3N1B1P/8/PPP1PPP1/RN1QKB1R w KQkq -,MODEL_PREDICTION_NOT_EMPIRICAL,after_key,0.0311433281749486,maia3,-136,-408,272,SEVERE_ERROR,100000
ORD-09,B6,1100,maia3-79m,10,f4g5,Bg5,0.028698680922389,0.8724059201776981,0.8059708361250384,428,25,547,r1bqkb1r/pp1npppp/5n2/3p4/3N1B1P/8/PPP1PPP1/RN1QKB1R w KQkq -,MODEL_PREDICTION_NOT_EMPIRICAL,after_key,0.028698680922389,maia3,-127,-159,32,OK,100000
ORD-09,B6,1300,maia3-79m,1,e2e3,e3,0.2857774496078491,0.8916039168834686,0.8131756613992034,351,24,625,r1bqkb1r/pp1npppp/5n2/3p4/3N1B1P/8/PPP1PPP1/RN1QKB1R w KQkq -,MODEL_PREDICTION_NOT_EMPIRICAL,after_key,0.2857774496078491,maia3,-124,-395,271,SEVERE_ERROR,100000
ORD-09,B6,1300,maia3-79m,2,d4f3,Nf3,0.1558880507946014,0.8916039168834686,0.8131756613992034,487,23,490,r1bqkb1r/pp1npppp/5n2/3p4/3N1B1P/8/PPP1PPP1/RN1QKB1R w KQkq -,MODEL_PREDICTION_NOT_EMPIRICAL,after_key,0.1558880507946014,maia3,-131,-141,10,OK,100000
ORD-09,B6,1300,maia3-79m,3,d4b5,Nb5,0.111983798444271,0.8916039168834686,0.8131756613992034,448,18,534,r1bqkb1r/pp1npppp/5n2/3p4/3N1B1P/8/PPP1PPP1/RN1QKB1R w KQkq -,MODEL_PREDICTION_NOT_EMPIRICAL,after_key,0.111983798444271,maia3,-124,-285,161,SEVERE_ERROR,100000
ORD-09,B6,1300,maia3-79m,4,b1c3,Nc3,0.1006314158439636,0.8916039168834686,0.8131756613992034,313,24,663,r1bqkb1r/pp1npppp/5n2/3p4/3N1B1P/8/PPP1PPP1/RN1QKB1R w KQkq -,MODEL_PREDICTION_NOT_EMPIRICAL,after_key,0.1006314158439636,maia3,-122,-332,210,SEVERE_ERROR,100000
ORD-09,B6,1300,maia3-79m,5,f4h2,Bh2,0.0708737075328826,0.8916039168834686,0.8131756613992034,404,21,575,r1bqkb1r/pp1npppp/5n2/3p4/3N1B1P/8/PPP1PPP1/RN1QKB1R w KQkq -,MODEL_PREDICTION_NOT_EMPIRICAL,after_key,0.0708737075328826,maia3,-135,-130,0,OK,100000
ORD-09,B6,1300,maia3-79m,6,h4h5,h5,0.0408099628984928,0.8916039168834686,0.8131756613992034,333,23,644,r1bqkb1r/pp1npppp/5n2/3p4/3N1B1P/8/PPP1PPP1/RN1QKB1R w KQkq -,MODEL_PREDICTION_NOT_EMPIRICAL,after_key,0.0408099628984928,maia3,-133,-363,230,SEVERE_ERROR,100000
ORD-09,B6,1300,maia3-79m,7,c2c3,c3,0.0399294346570968,0.8916039168834686,0.8131756613992034,312,25,663,r1bqkb1r/pp1npppp/5n2/3p4/3N1B1P/8/PPP1PPP1/RN1QKB1R w KQkq -,MODEL_PREDICTION_NOT_EMPIRICAL,after_key,0.0399294346570968,maia3,-131,-400,269,SEVERE_ERROR,100000
ORD-09,B6,1300,maia3-79m,8,f4g3,Bg3,0.0370967797935009,0.8916039168834686,0.8131756613992034,403,21,576,r1bqkb1r/pp1npppp/5n2/3p4/3N1B1P/8/PPP1PPP1/RN1QKB1R w KQkq -,MODEL_PREDICTION_NOT_EMPIRICAL,after_key,0.0370967797935009,maia3,-126,-185,59,ERROR,100000
ORD-09,B6,1300,maia3-79m,9,f4g5,Bg5,0.0296197142452001,0.8916039168834686,0.8131756613992034,416,23,561,r1bqkb1r/pp1npppp/5n2/3p4/3N1B1P/8/PPP1PPP1/RN1QKB1R w KQkq -,MODEL_PREDICTION_NOT_EMPIRICAL,after_key,0.0296197142452001,maia3,-127,-159,32,OK,100000
ORD-09,B6,1300,maia3-79m,10,f2f3,f3,0.0189936030656099,0.8916039168834686,0.8131756613992034,282,25,693,r1bqkb1r/pp1npppp/5n2/3p4/3N1B1P/8/PPP1PPP1/RN1QKB1R w KQkq -,MODEL_PREDICTION_NOT_EMPIRICAL,after_key,0.0189936030656099,maia3,-136,-408,272,SEVERE_ERROR,100000
ORD-09,B6,1500,maia3-79m,1,e2e3,e3,0.2759594917297363,0.9090324770659208,0.8199656461344119,337,24,639,r1bqkb1r/pp1npppp/5n2/3p4/3N1B1P/8/PPP1PPP1/RN1QKB1R w KQkq -,MODEL_PREDICTION_NOT_EMPIRICAL,after_key,0.2759594917297363,maia3,-124,-395,271,SEVERE_ERROR,100000
ORD-09,B6,1500,maia3-79m,2,d4f3,Nf3,0.1974534541368484,0.9090324770659208,0.8199656461344119,489,23,488,r1bqkb1r/pp1npppp/5n2/3p4/3N1B1P/8/PPP1PPP1/RN1QKB1R w KQkq -,MODEL_PREDICTION_NOT_EMPIRICAL,after_key,0.1974534541368484,maia3,-131,-141,10,OK,100000
ORD-09,B6,1500,maia3-79m,3,d4b5,Nb5,0.1045735329389572,0.9090324770659208,0.8199656461344119,418,18,564,r1bqkb1r/pp1npppp/5n2/3p4/3N1B1P/8/PPP1PPP1/RN1QKB1R w KQkq -,MODEL_PREDICTION_NOT_EMPIRICAL,after_key,0.1045735329389572,maia3,-124,-285,161,SEVERE_ERROR,100000
ORD-09,B6,1500,maia3-79m,4,b1c3,Nc3,0.0884359329938888,0.9090324770659208,0.8199656461344119,298,23,679,r1bqkb1r/pp1npppp/5n2/3p4/3N1B1P/8/PPP1PPP1/RN1QKB1R w KQkq -,MODEL_PREDICTION_NOT_EMPIRICAL,after_key,0.0884359329938888,maia3,-122,-332,210,SEVERE_ERROR,100000
ORD-09,B6,1500,maia3-79m,5,f4h2,Bh2,0.069234199821949,0.9090324770659208,0.8199656461344119,403,21,576,r1bqkb1r/pp1npppp/5n2/3p4/3N1B1P/8/PPP1PPP1/RN1QKB1R w KQkq -,MODEL_PREDICTION_NOT_EMPIRICAL,after_key,0.069234199821949,maia3,-135,-130,0,OK,100000
ORD-09,B6,1500,maia3-79m,6,f4g3,Bg3,0.0455110259354114,0.9090324770659208,0.8199656461344119,402,21,577,r1bqkb1r/pp1npppp/5n2/3p4/3N1B1P/8/PPP1PPP1/RN1QKB1R w KQkq -,MODEL_PREDICTION_NOT_EMPIRICAL,after_key,0.0455110259354114,maia3,-126,-185,59,ERROR,100000
ORD-09,B6,1500,maia3-79m,7,c2c3,c3,0.0387848280370235,0.9090324770659208,0.8199656461344119,294,25,681,r1bqkb1r/pp1npppp/5n2/3p4/3N1B1P/8/PPP1PPP1/RN1QKB1R w KQkq -,MODEL_PREDICTION_NOT_EMPIRICAL,after_key,0.0387848280370235,maia3,-131,-400,269,SEVERE_ERROR,100000
ORD-09,B6,1500,maia3-79m,8,h4h5,h5,0.0379684120416641,0.9090324770659208,0.8199656461344119,308,23,669,r1bqkb1r/pp1npppp/5n2/3p4/3N1B1P/8/PPP1PPP1/RN1QKB1R w KQkq -,MODEL_PREDICTION_NOT_EMPIRICAL,after_key,0.0379684120416641,maia3,-133,-363,230,SEVERE_ERROR,100000
ORD-09,B6,1500,maia3-79m,9,f4g5,Bg5,0.0313772931694984,0.9090324770659208,0.8199656461344119,408,23,569,r1bqkb1r/pp1npppp/5n2/3p4/3N1B1P/8/PPP1PPP1/RN1QKB1R w KQkq -,MODEL_PREDICTION_NOT_EMPIRICAL,after_key,0.0313772931694984,maia3,-127,-159,32,OK,100000
ORD-09,B6,1500,maia3-79m,10,d4b3,Nb3,0.0197343062609434,0.9090324770659208,0.8199656461344119,381,20,599,r1bqkb1r/pp1npppp/5n2/3p4/3N1B1P/8/PPP1PPP1/RN1QKB1R w KQkq -,MODEL_PREDICTION_NOT_EMPIRICAL,after_key,0.0197343062609434,maia3,-138,-143,5,OK,100000
ORD-09,B6,1700,maia3-79m,1,e2e3,e3,0.2565489113330841,0.9252385310828686,0.8270211565337464,319,25,656,r1bqkb1r/pp1npppp/5n2/3p4/3N1B1P/8/PPP1PPP1/RN1QKB1R w KQkq -,MODEL_PREDICTION_NOT_EMPIRICAL,after_key,0.2565489113330841,maia3,-124,-395,271,SEVERE_ERROR,100000
ORD-09,B6,1700,maia3-79m,2,d4f3,Nf3,0.244956225156784,0.9252385310828686,0.8270211565337464,487,25,488,r1bqkb1r/pp1npppp/5n2/3p4/3N1B1P/8/PPP1PPP1/RN1QKB1R w KQkq -,MODEL_PREDICTION_NOT_EMPIRICAL,after_key,0.244956225156784,maia3,-131,-141,10,OK,100000
ORD-09,B6,1700,maia3-79m,3,d4b5,Nb5,0.0959059298038482,0.9252385310828686,0.8270211565337464,396,18,586,r1bqkb1r/pp1npppp/5n2/3p4/3N1B1P/8/PPP1PPP1/RN1QKB1R w KQkq -,MODEL_PREDICTION_NOT_EMPIRICAL,after_key,0.0959059298038482,maia3,-124,-285,161,SEVERE_ERROR,100000
ORD-09,B6,1700,maia3-79m,4,b1c3,Nc3,0.0724076777696609,0.9252385310828686,0.8270211565337464,295,23,682,r1bqkb1r/pp1npppp/5n2/3p4/3N1B1P/8/PPP1PPP1/RN1QKB1R w KQkq -,MODEL_PREDICTION_NOT_EMPIRICAL,after_key,0.0724076777696609,maia3,-122,-332,210,SEVERE_ERROR,100000
ORD-09,B6,1700,maia3-79m,5,f4h2,Bh2,0.0628090053796768,0.9252385310828686,0.8270211565337464,401,23,576,r1bqkb1r/pp1npppp/5n2/3p4/3N1B1P/8/PPP1PPP1/RN1QKB1R w KQkq -,MODEL_PREDICTION_NOT_EMPIRICAL,after_key,0.0628090053796768,maia3,-135,-130,0,OK,100000
ORD-09,B6,1700,maia3-79m,6,f4g3,Bg3,0.0552064441144466,0.9252385310828686,0.8270211565337464,399,23,578,r1bqkb1r/pp1npppp/5n2/3p4/3N1B1P/8/PPP1PPP1/RN1QKB1R w KQkq -,MODEL_PREDICTION_NOT_EMPIRICAL,after_key,0.0552064441144466,maia3,-126,-185,59,ERROR,100000
ORD-09,B6,1700,maia3-79m,7,c2c3,c3,0.0389297343790531,0.9252385310828686,0.8270211565337464,279,24,697,r1bqkb1r/pp1npppp/5n2/3p4/3N1B1P/8/PPP1PPP1/RN1QKB1R w KQkq -,MODEL_PREDICTION_NOT_EMPIRICAL,after_key,0.0389297343790531,maia3,-131,-400,269,SEVERE_ERROR,100000
ORD-09,B6,1700,maia3-79m,8,h4h5,h5,0.0374142341315746,0.9252385310828686,0.8270211565337464,284,23,693,r1bqkb1r/pp1npppp/5n2/3p4/3N1B1P/8/PPP1PPP1/RN1QKB1R w KQkq -,MODEL_PREDICTION_NOT_EMPIRICAL,after_key,0.0374142341315746,maia3,-133,-363,230,SEVERE_ERROR,100000
ORD-09,B6,1700,maia3-79m,9,f4g5,Bg5,0.0337372422218322,0.9252385310828686,0.8270211565337464,400,24,576,r1bqkb1r/pp1npppp/5n2/3p4/3N1B1P/8/PPP1PPP1/RN1QKB1R w KQkq -,MODEL_PREDICTION_NOT_EMPIRICAL,after_key,0.0337372422218322,maia3,-127,-159,32,OK,100000
ORD-09,B6,1700,maia3-79m,10,d4b3,Nb3,0.0273231267929077,0.9252385310828686,0.8270211565337464,367,21,612,r1bqkb1r/pp1npppp/5n2/3p4/3N1B1P/8/PPP1PPP1/RN1QKB1R w KQkq -,MODEL_PREDICTION_NOT_EMPIRICAL,after_key,0.0273231267929077,maia3,-138,-143,5,OK,100000
ORD-09,B6,1900,maia3-79m,1,d4f3,Nf3,0.301505446434021,0.9409899413585664,0.8285408548564072,477,28,495,r1bqkb1r/pp1npppp/5n2/3p4/3N1B1P/8/PPP1PPP1/RN1QKB1R w KQkq -,MODEL_PREDICTION_NOT_EMPIRICAL,after_key,0.301505446434021,maia3,-131,-141,10,OK,100000
ORD-09,B6,1900,maia3-79m,2,e2e3,e3,0.220447301864624,0.9409899413585664,0.8285408548564072,301,25,674,r1bqkb1r/pp1npppp/5n2/3p4/3N1B1P/8/PPP1PPP1/RN1QKB1R w KQkq -,MODEL_PREDICTION_NOT_EMPIRICAL,after_key,0.220447301864624,maia3,-124,-395,271,SEVERE_ERROR,100000
ORD-09,B6,1900,maia3-79m,3,d4b5,Nb5,0.085855484008789,0.9409899413585664,0.8285408548564072,378,20,602,r1bqkb1r/pp1npppp/5n2/3p4/3N1B1P/8/PPP1PPP1/RN1QKB1R w KQkq -,MODEL_PREDICTION_NOT_EMPIRICAL,after_key,0.085855484008789,maia3,-124,-285,161,SEVERE_ERROR,100000
ORD-09,B6,1900,maia3-79m,4,f4g3,Bg3,0.072847656905651,0.9409899413585664,0.8285408548564072,392,25,583,r1bqkb1r/pp1npppp/5n2/3p4/3N1B1P/8/PPP1PPP1/RN1QKB1R w KQkq -,MODEL_PREDICTION_NOT_EMPIRICAL,after_key,0.072847656905651,maia3,-126,-185,59,ERROR,100000
ORD-09,B6,1900,maia3-79m,5,f4h2,Bh2,0.0580465421080589,0.9409899413585664,0.8285408548564072,394,25,581,r1bqkb1r/pp1npppp/5n2/3p4/3N1B1P/8/PPP1PPP1/RN1QKB1R w KQkq -,MODEL_PREDICTION_NOT_EMPIRICAL,after_key,0.0580465421080589,maia3,-135,-130,0,OK,100000
ORD-09,B6,1900,maia3-79m,6,b1c3,Nc3,0.0540579780936241,0.9409899413585664,0.8285408548564072,305,23,672,r1bqkb1r/pp1npppp/5n2/3p4/3N1B1P/8/PPP1PPP1/RN1QKB1R w KQkq -,MODEL_PREDICTION_NOT_EMPIRICAL,after_key,0.0540579780936241,maia3,-122,-332,210,SEVERE_ERROR,100000
ORD-09,B6,1900,maia3-79m,7,d4b3,Nb3,0.0387050360441207,0.9409899413585664,0.8285408548564072,343,22,635,r1bqkb1r/pp1npppp/5n2/3p4/3N1B1P/8/PPP1PPP1/RN1QKB1R w KQkq -,MODEL_PREDICTION_NOT_EMPIRICAL,after_key,0.0387050360441207,maia3,-138,-143,5,OK,100000
ORD-09,B6,1900,maia3-79m,8,f4g5,Bg5,0.0370245054364204,0.9409899413585664,0.8285408548564072,387,26,587,r1bqkb1r/pp1npppp/5n2/3p4/3N1B1P/8/PPP1PPP1/RN1QKB1R w KQkq -,MODEL_PREDICTION_NOT_EMPIRICAL,after_key,0.0370245054364204,maia3,-127,-159,32,OK,100000
ORD-09,B6,1900,maia3-79m,9,c2c3,c3,0.0367149449884891,0.9409899413585664,0.8285408548564072,262,24,714,r1bqkb1r/pp1npppp/5n2/3p4/3N1B1P/8/PPP1PPP1/RN1QKB1R w KQkq -,MODEL_PREDICTION_NOT_EMPIRICAL,after_key,0.0367149449884891,maia3,-131,-400,269,SEVERE_ERROR,100000
ORD-09,B6,1900,maia3-79m,10,h4h5,h5,0.0357850454747676,0.9409899413585664,0.8285408548564072,261,22,717,r1bqkb1r/pp1npppp/5n2/3p4/3N1B1P/8/PPP1PPP1/RN1QKB1R w KQkq -,MODEL_PREDICTION_NOT_EMPIRICAL,after_key,0.0357850454747676,maia3,-133,-363,230,SEVERE_ERROR,100000
ORD-09,B6,2100,maia3-79m,1,d4f3,Nf3,0.3692949116230011,0.9547851458191872,0.806057962599201,459,35,506,r1bqkb1r/pp1npppp/5n2/3p4/3N1B1P/8/PPP1PPP1/RN1QKB1R w KQkq -,MODEL_PREDICTION_NOT_EMPIRICAL,after_key,0.3692949116230011,maia3,-131,-141,10,OK,100000
ORD-09,B6,2100,maia3-79m,2,e2e3,e3,0.1744818240404129,0.9547851458191872,0.806057962599201,294,27,679,r1bqkb1r/pp1npppp/5n2/3p4/3N1B1P/8/PPP1PPP1/RN1QKB1R w KQkq -,MODEL_PREDICTION_NOT_EMPIRICAL,after_key,0.1744818240404129,maia3,-124,-395,271,SEVERE_ERROR,100000
ORD-09,B6,2100,maia3-79m,3,f4g3,Bg3,0.1010239496827125,0.9547851458191872,0.806057962599201,388,30,582,r1bqkb1r/pp1npppp/5n2/3p4/3N1B1P/8/PPP1PPP1/RN1QKB1R w KQkq -,MODEL_PREDICTION_NOT_EMPIRICAL,after_key,0.1010239496827125,maia3,-126,-185,59,ERROR,100000
ORD-09,B6,2100,maia3-79m,4,d4b5,Nb5,0.0645558759570121,0.9547851458191872,0.806057962599201,376,24,600,r1bqkb1r/pp1npppp/5n2/3p4/3N1B1P/8/PPP1PPP1/RN1QKB1R w KQkq -,MODEL_PREDICTION_NOT_EMPIRICAL,after_key,0.0645558759570121,maia3,-124,-285,161,SEVERE_ERROR,100000
ORD-09,B6,2100,maia3-79m,5,f4h2,Bh2,0.0590746141970157,0.9547851458191872,0.806057962599201,393,30,577,r1bqkb1r/pp1npppp/5n2/3p4/3N1B1P/8/PPP1PPP1/RN1QKB1R w KQkq -,MODEL_PREDICTION_NOT_EMPIRICAL,after_key,0.0590746141970157,maia3,-135,-130,0,OK,100000
ORD-09,B6,2100,maia3-79m,6,d4b3,Nb3,0.0542110539972782,0.9547851458191872,0.806057962599201,332,26,642,r1bqkb1r/pp1npppp/5n2/3p4/3N1B1P/8/PPP1PPP1/RN1QKB1R w KQkq -,MODEL_PREDICTION_NOT_EMPIRICAL,after_key,0.0542110539972782,maia3,-138,-143,5,OK,100000
ORD-09,B6,2100,maia3-79m,7,f4g5,Bg5,0.0376542508602142,0.9547851458191872,0.806057962599201,375,31,594,r1bqkb1r/pp1npppp/5n2/3p4/3N1B1P/8/PPP1PPP1/RN1QKB1R w KQkq -,MODEL_PREDICTION_NOT_EMPIRICAL,after_key,0.0376542508602142,maia3,-127,-159,32,OK,100000
ORD-09,B6,2100,maia3-79m,8,b1c3,Nc3,0.0351526923477649,0.9547851458191872,0.806057962599201,315,24,661,r1bqkb1r/pp1npppp/5n2/3p4/3N1B1P/8/PPP1PPP1/RN1QKB1R w KQkq -,MODEL_PREDICTION_NOT_EMPIRICAL,after_key,0.0351526923477649,maia3,-122,-332,210,SEVERE_ERROR,100000
ORD-09,B6,2100,maia3-79m,9,h4h5,h5,0.0303161758929491,0.9547851458191872,0.806057962599201,237,22,741,r1bqkb1r/pp1npppp/5n2/3p4/3N1B1P/8/PPP1PPP1/RN1QKB1R w KQkq -,MODEL_PREDICTION_NOT_EMPIRICAL,after_key,0.0303161758929491,maia3,-133,-363,230,SEVERE_ERROR,100000
ORD-09,B6,2100,maia3-79m,10,c2c3,c3,0.0290197972208261,0.9547851458191872,0.806057962599201,248,25,727,r1bqkb1r/pp1npppp/5n2/3p4/3N1B1P/8/PPP1PPP1/RN1QKB1R w KQkq -,MODEL_PREDICTION_NOT_EMPIRICAL,after_key,0.0290197972208261,maia3,-131,-400,269,SEVERE_ERROR,100000
TOR-08,B6,1100,maia3-79m,1,g5f4,Bf4,0.506884753704071,0.9955519019858912,0.4266762766610044,523,25,452,rnbqkb1r/ppp1p1pp/5p2/3p2B1/3Pn3/4PN2/PPP2PPP/RN1QKB1R w KQkq -,MODEL_PREDICTION_NOT_EMPIRICAL,after_key,0.506884753704071,maia3,-34,-83,49,ERROR,100000
TOR-08,B6,1100,maia3-79m,2,g5h4,Bh4,0.4232515692710876,0.9955519019858912,0.4266762766610044,501,24,475,rnbqkb1r/ppp1p1pp/5p2/3p2B1/3Pn3/4PN2/PPP2PPP/RN1QKB1R w KQkq -,MODEL_PREDICTION_NOT_EMPIRICAL,after_key,0.4232515692710876,maia3,-88,-104,16,OK,100000
TOR-08,B6,1100,maia3-79m,3,f1d3,Bd3,0.0326320528984069,0.9955519019858912,0.4266762766610044,353,26,621,rnbqkb1r/ppp1p1pp/5p2/3p2B1/3Pn3/4PN2/PPP2PPP/RN1QKB1R w KQkq -,MODEL_PREDICTION_NOT_EMPIRICAL,after_key,0.0326320528984069,maia3,-99,-257,158,SEVERE_ERROR,100000
TOR-08,B6,1100,maia3-79m,4,f1b5,Bb5+,0.0160729624330997,0.9955519019858912,0.4266762766610044,386,26,588,rnbqkb1r/ppp1p1pp/5p2/3p2B1/3Pn3/4PN2/PPP2PPP/RN1QKB1R w KQkq -,MODEL_PREDICTION_NOT_EMPIRICAL,after_key,0.0160729624330997,maia3,-96,-328,232,SEVERE_ERROR,100000
TOR-08,B6,1100,maia3-79m,5,b1c3,Nc3,0.0047262851148843,0.9955519019858912,0.4266762766610044,370,26,604,rnbqkb1r/ppp1p1pp/5p2/3p2B1/3Pn3/4PN2/PPP2PPP/RN1QKB1R w KQkq -,MODEL_PREDICTION_NOT_EMPIRICAL,after_key,0.0047262851148843,maia3,-98,-260,162,SEVERE_ERROR,100000
TOR-08,B6,1100,maia3-79m,6,b1d2,Nbd2,0.0046785874292254,0.9955519019858912,0.4266762766610044,352,25,623,rnbqkb1r/ppp1p1pp/5p2/3p2B1/3Pn3/4PN2/PPP2PPP/RN1QKB1R w KQkq -,MODEL_PREDICTION_NOT_EMPIRICAL,after_key,0.0046785874292254,maia3,-94,-292,198,SEVERE_ERROR,100000
TOR-08,B6,1100,maia3-79m,7,g5f6,Bxf6,0.0027226009406149,0.9955519019858912,0.4266762766610044,422,27,551,rnbqkb1r/ppp1p1pp/5p2/3p2B1/3Pn3/4PN2/PPP2PPP/RN1QKB1R w KQkq -,MODEL_PREDICTION_NOT_EMPIRICAL,after_key,0.0027226009406149,maia3,-94,-326,232,SEVERE_ERROR,100000
TOR-08,B6,1100,maia3-79m,8,c2c4,c4,0.0020659663714468,0.9955519019858912,0.4266762766610044,346,23,631,rnbqkb1r/ppp1p1pp/5p2/3p2B1/3Pn3/4PN2/PPP2PPP/RN1QKB1R w KQkq -,MODEL_PREDICTION_NOT_EMPIRICAL,after_key,0.0020659663714468,maia3,-101,-260,159,SEVERE_ERROR,100000
TOR-08,B6,1100,maia3-79m,9,h2h4,h4,0.0013238297542557,0.9955519019858912,0.4266762766610044,406,25,569,rnbqkb1r/ppp1p1pp/5p2/3p2B1/3Pn3/4PN2/PPP2PPP/RN1QKB1R w KQkq -,MODEL_PREDICTION_NOT_EMPIRICAL,after_key,0.0013238297542557,maia3,-98,-240,142,SEVERE_ERROR,100000
TOR-08,B6,1100,maia3-79m,10,c2c3,c3,0.0011932940687984,0.9955519019858912,0.4266762766610044,320,24,656,rnbqkb1r/ppp1p1pp/5p2/3p2B1/3Pn3/4PN2/PPP2PPP/RN1QKB1R w KQkq -,MODEL_PREDICTION_NOT_EMPIRICAL,after_key,0.0011932940687984,maia3,-95,-308,213,SEVERE_ERROR,100000
TOR-08,B6,1300,maia3-79m,1,g5h4,Bh4,0.5084503293037415,0.9971779262414202,0.3751407041290964,501,23,476,rnbqkb1r/ppp1p1pp/5p2/3p2B1/3Pn3/4PN2/PPP2PPP/RN1QKB1R w KQkq -,MODEL_PREDICTION_NOT_EMPIRICAL,after_key,0.5084503293037415,maia3,-88,-104,16,OK,100000
TOR-08,B6,1300,maia3-79m,2,g5f4,Bf4,0.4560928344726562,0.9971779262414202,0.3751407041290964,523,23,454,rnbqkb1r/ppp1p1pp/5p2/3p2B1/3Pn3/4PN2/PPP2PPP/RN1QKB1R w KQkq -,MODEL_PREDICTION_NOT_EMPIRICAL,after_key,0.4560928344726562,maia3,-34,-83,49,ERROR,100000
TOR-08,B6,1300,maia3-79m,3,f1d3,Bd3,0.0163148622959852,0.9971779262414202,0.3751407041290964,347,22,631,rnbqkb1r/ppp1p1pp/5p2/3p2B1/3Pn3/4PN2/PPP2PPP/RN1QKB1R w KQkq -,MODEL_PREDICTION_NOT_EMPIRICAL,after_key,0.0163148622959852,maia3,-99,-257,158,SEVERE_ERROR,100000
TOR-08,B6,1300,maia3-79m,4,f1b5,Bb5+,0.0058738379739224,0.9971779262414202,0.3751407041290964,386,25,589,rnbqkb1r/ppp1p1pp/5p2/3p2B1/3Pn3/4PN2/PPP2PPP/RN1QKB1R w KQkq -,MODEL_PREDICTION_NOT_EMPIRICAL,after_key,0.0058738379739224,maia3,-96,-328,232,SEVERE_ERROR,100000
TOR-08,B6,1300,maia3-79m,5,b1d2,Nbd2,0.0040651205927133,0.9971779262414202,0.3751407041290964,347,22,631,rnbqkb1r/ppp1p1pp/5p2/3p2B1/3Pn3/4PN2/PPP2PPP/RN1QKB1R w KQkq -,MODEL_PREDICTION_NOT_EMPIRICAL,after_key,0.0040651205927133,maia3,-94,-292,198,SEVERE_ERROR,100000
TOR-08,B6,1300,maia3-79m,6,b1c3,Nc3,0.0019999672658741,0.9971779262414202,0.3751407041290964,352,22,626,rnbqkb1r/ppp1p1pp/5p2/3p2B1/3Pn3/4PN2/PPP2PPP/RN1QKB1R w KQkq -,MODEL_PREDICTION_NOT_EMPIRICAL,after_key,0.0019999672658741,maia3,-98,-260,162,SEVERE_ERROR,100000
TOR-08,B6,1300,maia3-79m,7,g5f6,Bxf6,0.0014943878632038,0.9971779262414202,0.3751407041290964,417,25,558,rnbqkb1r/ppp1p1pp/5p2/3p2B1/3Pn3/4PN2/PPP2PPP/RN1QKB1R w KQkq -,MODEL_PREDICTION_NOT_EMPIRICAL,after_key,0.0014943878632038,maia3,-94,-326,232,SEVERE_ERROR,100000
TOR-08,B6,1300,maia3-79m,8,c2c4,c4,0.0012853576336055,0.9971779262414202,0.3751407041290964,334,20,646,rnbqkb1r/ppp1p1pp/5p2/3p2B1/3Pn3/4PN2/PPP2PPP/RN1QKB1R w KQkq -,MODEL_PREDICTION_NOT_EMPIRICAL,after_key,0.0012853576336055,maia3,-101,-260,159,SEVERE_ERROR,100000
TOR-08,B6,1300,maia3-79m,9,h2h4,h4,0.0008461751276627,0.9971779262414202,0.3751407041290964,388,22,590,rnbqkb1r/ppp1p1pp/5p2/3p2B1/3Pn3/4PN2/PPP2PPP/RN1QKB1R w KQkq -,MODEL_PREDICTION_NOT_EMPIRICAL,after_key,0.0008461751276627,maia3,-98,-240,142,SEVERE_ERROR,100000
TOR-08,B6,1300,maia3-79m,10,f3h4,Nh4,0.000755053712055,0.9971779262414202,0.3751407041290964,310,20,670,rnbqkb1r/ppp1p1pp/5p2/3p2B1/3Pn3/4PN2/PPP2PPP/RN1QKB1R w KQkq -,MODEL_PREDICTION_NOT_EMPIRICAL,after_key,0.000755053712055,maia3,-92,-400,308,SEVERE_ERROR,100000
TOR-08,B6,1500,maia3-79m,1,g5h4,Bh4,0.5802220106124878,0.998025965760462,0.3426114098922139,511,23,466,rnbqkb1r/ppp1p1pp/5p2/3p2B1/3Pn3/4PN2/PPP2PPP/RN1QKB1R w KQkq -,MODEL_PREDICTION_NOT_EMPIRICAL,after_key,0.5802220106124878,maia3,-88,-104,16,OK,100000
TOR-08,B6,1500,maia3-79m,2,g5f4,Bf4,0.398605465888977,0.998025965760462,0.3426114098922139,528,24,448,rnbqkb1r/ppp1p1pp/5p2/3p2B1/3Pn3/4PN2/PPP2PPP/RN1QKB1R w KQkq -,MODEL_PREDICTION_NOT_EMPIRICAL,after_key,0.398605465888977,maia3,-34,-83,49,ERROR,100000
TOR-08,B6,1500,maia3-79m,3,f1d3,Bd3,0.0092880893498659,0.998025965760462,0.3426114098922139,338,21,641,rnbqkb1r/ppp1p1pp/5p2/3p2B1/3Pn3/4PN2/PPP2PPP/RN1QKB1R w KQkq -,MODEL_PREDICTION_NOT_EMPIRICAL,after_key,0.0092880893498659,maia3,-99,-257,158,SEVERE_ERROR,100000
TOR-08,B6,1500,maia3-79m,4,b1d2,Nbd2,0.0033024726435542,0.998025965760462,0.3426114098922139,333,21,646,rnbqkb1r/ppp1p1pp/5p2/3p2B1/3Pn3/4PN2/PPP2PPP/RN1QKB1R w KQkq -,MODEL_PREDICTION_NOT_EMPIRICAL,after_key,0.0033024726435542,maia3,-94,-292,198,SEVERE_ERROR,100000
TOR-08,B6,1500,maia3-79m,5,f1b5,Bb5+,0.0025155437178909,0.998025965760462,0.3426114098922139,385,23,592,rnbqkb1r/ppp1p1pp/5p2/3p2B1/3Pn3/4PN2/PPP2PPP/RN1QKB1R w KQkq -,MODEL_PREDICTION_NOT_EMPIRICAL,after_key,0.0025155437178909,maia3,-96,-328,232,SEVERE_ERROR,100000
TOR-08,B6,1500,maia3-79m,6,c2c4,c4,0.0009583359351381,0.998025965760462,0.3426114098922139,324,19,657,rnbqkb1r/ppp1p1pp/5p2/3p2B1/3Pn3/4PN2/PPP2PPP/RN1QKB1R w KQkq -,MODEL_PREDICTION_NOT_EMPIRICAL,after_key,0.0009583359351381,maia3,-101,-260,159,SEVERE_ERROR,100000
TOR-08,B6,1500,maia3-79m,7,f3h4,Nh4,0.000899699924048,0.998025965760462,0.3426114098922139,401,18,581,rnbqkb1r/ppp1p1pp/5p2/3p2B1/3Pn3/4PN2/PPP2PPP/RN1QKB1R w KQkq -,MODEL_PREDICTION_NOT_EMPIRICAL,after_key,0.000899699924048,maia3,-92,-400,308,SEVERE_ERROR,100000
TOR-08,B6,1500,maia3-79m,8,b1c3,Nc3,0.000886446039658,0.998025965760462,0.3426114098922139,326,20,654,rnbqkb1r/ppp1p1pp/5p2/3p2B1/3Pn3/4PN2/PPP2PPP/RN1QKB1R w KQkq -,MODEL_PREDICTION_NOT_EMPIRICAL,after_key,0.000886446039658,maia3,-98,-260,162,SEVERE_ERROR,100000
TOR-08,B6,1500,maia3-79m,9,g5f6,Bxf6,0.0007363277254626,0.998025965760462,0.3426114098922139,409,26,565,rnbqkb1r/ppp1p1pp/5p2/3p2B1/3Pn3/4PN2/PPP2PPP/RN1QKB1R w KQkq -,MODEL_PREDICTION_NOT_EMPIRICAL,after_key,0.0007363277254626,maia3,-94,-326,232,SEVERE_ERROR,100000
TOR-08,B6,1500,maia3-79m,10,h2h4,h4,0.0006115739233791,0.998025965760462,0.3426114098922139,374,21,605,rnbqkb1r/ppp1p1pp/5p2/3p2B1/3Pn3/4PN2/PPP2PPP/RN1QKB1R w KQkq -,MODEL_PREDICTION_NOT_EMPIRICAL,after_key,0.0006115739233791,maia3,-98,-240,142,SEVERE_ERROR,100000
TOR-08,B6,1700,maia3-79m,1,g5h4,Bh4,0.6345823407173157,0.9987075433600694,0.3159536202616167,525,26,449,rnbqkb1r/ppp1p1pp/5p2/3p2B1/3Pn3/4PN2/PPP2PPP/RN1QKB1R w KQkq -,MODEL_PREDICTION_NOT_EMPIRICAL,after_key,0.6345823407173157,maia3,-88,-104,16,OK,100000
TOR-08,B6,1700,maia3-79m,2,g5f4,Bf4,0.3523370027542114,0.9987075433600694,0.3159536202616167,539,26,435,rnbqkb1r/ppp1p1pp/5p2/3p2B1/3Pn3/4PN2/PPP2PPP/RN1QKB1R w KQkq -,MODEL_PREDICTION_NOT_EMPIRICAL,after_key,0.3523370027542114,maia3,-34,-83,49,ERROR,100000
TOR-08,B6,1700,maia3-79m,3,f1d3,Bd3,0.0056026745587587,0.9987075433600694,0.3159536202616167,324,21,655,rnbqkb1r/ppp1p1pp/5p2/3p2B1/3Pn3/4PN2/PPP2PPP/RN1QKB1R w KQkq -,MODEL_PREDICTION_NOT_EMPIRICAL,after_key,0.0056026745587587,maia3,-99,-257,158,SEVERE_ERROR,100000
TOR-08,B6,1700,maia3-79m,4,b1d2,Nbd2,0.0022957527544349,0.9987075433600694,0.3159536202616167,313,20,667,rnbqkb1r/ppp1p1pp/5p2/3p2B1/3Pn3/4PN2/PPP2PPP/RN1QKB1R w KQkq -,MODEL_PREDICTION_NOT_EMPIRICAL,after_key,0.0022957527544349,maia3,-94,-292,198,SEVERE_ERROR,100000
TOR-08,B6,1700,maia3-79m,5,f1b5,Bb5+,0.000905490014702,0.9987075433600694,0.3159536202616167,389,23,588,rnbqkb1r/ppp1p1pp/5p2/3p2B1/3Pn3/4PN2/PPP2PPP/RN1QKB1R w KQkq -,MODEL_PREDICTION_NOT_EMPIRICAL,after_key,0.000905490014702,maia3,-96,-328,232,SEVERE_ERROR,100000
TOR-08,B6,1700,maia3-79m,6,f3h4,Nh4,0.000894030497875,0.9987075433600694,0.3159536202616167,378,19,603,rnbqkb1r/ppp1p1pp/5p2/3p2B1/3Pn3/4PN2/PPP2PPP/RN1QKB1R w KQkq -,MODEL_PREDICTION_NOT_EMPIRICAL,after_key,0.000894030497875,maia3,-92,-400,308,SEVERE_ERROR,100000
TOR-08,B6,1700,maia3-79m,7,c2c4,c4,0.0007133803446777,0.9987075433600694,0.3159536202616167,311,19,670,rnbqkb1r/ppp1p1pp/5p2/3p2B1/3Pn3/4PN2/PPP2PPP/RN1QKB1R w KQkq -,MODEL_PREDICTION_NOT_EMPIRICAL,after_key,0.0007133803446777,maia3,-101,-260,159,SEVERE_ERROR,100000
TOR-08,B6,1700,maia3-79m,8,h2h4,h4,0.0005273005226626,0.9987075433600694,0.3159536202616167,366,22,612,rnbqkb1r/ppp1p1pp/5p2/3p2B1/3Pn3/4PN2/PPP2PPP/RN1QKB1R w KQkq -,MODEL_PREDICTION_NOT_EMPIRICAL,after_key,0.0005273005226626,maia3,-98,-240,142,SEVERE_ERROR,100000
TOR-08,B6,1700,maia3-79m,9,f3e5,Ne5,0.0004268637858331,0.9987075433600694,0.3159536202616167,450,21,529,rnbqkb1r/ppp1p1pp/5p2/3p2B1/3Pn3/4PN2/PPP2PPP/RN1QKB1R w KQkq -,MODEL_PREDICTION_NOT_EMPIRICAL,after_key,0.0004268637858331,maia3,-83,-372,289,SEVERE_ERROR,100000
TOR-08,B6,1700,maia3-79m,10,c2c3,c3,0.0004227074095979,0.9987075433600694,0.3159536202616167,273,19,708,rnbqkb1r/ppp1p1pp/5p2/3p2B1/3Pn3/4PN2/PPP2PPP/RN1QKB1R w KQkq -,MODEL_PREDICTION_NOT_EMPIRICAL,after_key,0.0004227074095979,maia3,-95,-308,213,SEVERE_ERROR,100000
TOR-08,B6,1900,maia3-79m,1,g5h4,Bh4,0.6603506803512573,0.9993336187035312,0.2992783647478894,535,30,435,rnbqkb1r/ppp1p1pp/5p2/3p2B1/3Pn3/4PN2/PPP2PPP/RN1QKB1R w KQkq -,MODEL_PREDICTION_NOT_EMPIRICAL,after_key,0.6603506803512573,maia3,-88,-104,16,OK,100000
TOR-08,B6,1900,maia3-79m,2,g5f4,Bf4,0.3314415514469147,0.9993336187035312,0.2992783647478894,544,31,425,rnbqkb1r/ppp1p1pp/5p2/3p2B1/3Pn3/4PN2/PPP2PPP/RN1QKB1R w KQkq -,MODEL_PREDICTION_NOT_EMPIRICAL,after_key,0.3314415514469147,maia3,-34,-83,49,ERROR,100000
TOR-08,B6,1900,maia3-79m,3,f1d3,Bd3,0.0034747263416647,0.9993336187035312,0.2992783647478894,305,21,674,rnbqkb1r/ppp1p1pp/5p2/3p2B1/3Pn3/4PN2/PPP2PPP/RN1QKB1R w KQkq -,MODEL_PREDICTION_NOT_EMPIRICAL,after_key,0.0034747263416647,maia3,-99,-257,158,SEVERE_ERROR,100000
TOR-08,B6,1900,maia3-79m,4,b1d2,Nbd2,0.0016032585408538,0.9993336187035312,0.2992783647478894,292,21,687,rnbqkb1r/ppp1p1pp/5p2/3p2B1/3Pn3/4PN2/PPP2PPP/RN1QKB1R w KQkq -,MODEL_PREDICTION_NOT_EMPIRICAL,after_key,0.0016032585408538,maia3,-94,-292,198,SEVERE_ERROR,100000
TOR-08,B6,1900,maia3-79m,5,f3h4,Nh4,0.0005895870854146,0.9993336187035312,0.2992783647478894,300,20,680,rnbqkb1r/ppp1p1pp/5p2/3p2B1/3Pn3/4PN2/PPP2PPP/RN1QKB1R w KQkq -,MODEL_PREDICTION_NOT_EMPIRICAL,after_key,0.0005895870854146,maia3,-92,-400,308,SEVERE_ERROR,100000
TOR-08,B6,1900,maia3-79m,6,h2h4,h4,0.0005407621501944,0.9993336187035312,0.2992783647478894,365,23,612,rnbqkb1r/ppp1p1pp/5p2/3p2B1/3Pn3/4PN2/PPP2PPP/RN1QKB1R w KQkq -,MODEL_PREDICTION_NOT_EMPIRICAL,after_key,0.0005407621501944,maia3,-98,-240,142,SEVERE_ERROR,100000
TOR-08,B6,1900,maia3-79m,7,c2c4,c4,0.0004976690979674,0.9993336187035312,0.2992783647478894,290,19,691,rnbqkb1r/ppp1p1pp/5p2/3p2B1/3Pn3/4PN2/PPP2PPP/RN1QKB1R w KQkq -,MODEL_PREDICTION_NOT_EMPIRICAL,after_key,0.0004976690979674,maia3,-101,-260,159,SEVERE_ERROR,100000
TOR-08,B6,1900,maia3-79m,8,f3e5,Ne5,0.0003064217744395,0.9993336187035312,0.2992783647478894,395,26,579,rnbqkb1r/ppp1p1pp/5p2/3p2B1/3Pn3/4PN2/PPP2PPP/RN1QKB1R w KQkq -,MODEL_PREDICTION_NOT_EMPIRICAL,after_key,0.0003064217744395,maia3,-83,-372,289,SEVERE_ERROR,100000
TOR-08,B6,1900,maia3-79m,9,f1b5,Bb5+,0.0002647775691002,0.9993336187035312,0.2992783647478894,393,26,581,rnbqkb1r/ppp1p1pp/5p2/3p2B1/3Pn3/4PN2/PPP2PPP/RN1QKB1R w KQkq -,MODEL_PREDICTION_NOT_EMPIRICAL,after_key,0.0002647775691002,maia3,-96,-328,232,SEVERE_ERROR,100000
TOR-08,B6,1900,maia3-79m,10,c2c3,c3,0.000264184345724,0.9993336187035312,0.2992783647478894,248,19,733,rnbqkb1r/ppp1p1pp/5p2/3p2B1/3Pn3/4PN2/PPP2PPP/RN1QKB1R w KQkq -,MODEL_PREDICTION_NOT_EMPIRICAL,after_key,0.000264184345724,maia3,-95,-308,213,SEVERE_ERROR,100000
TOR-08,B6,2100,maia3-79m,1,g5h4,Bh4,0.6335292458534241,0.999649386794772,0.2996517392935235,536,39,425,rnbqkb1r/ppp1p1pp/5p2/3p2B1/3Pn3/4PN2/PPP2PPP/RN1QKB1R w KQkq -,MODEL_PREDICTION_NOT_EMPIRICAL,after_key,0.6335292458534241,maia3,-88,-104,16,OK,100000
TOR-08,B6,2100,maia3-79m,2,g5f4,Bf4,0.3613846898078918,0.999649386794772,0.2996517392935235,545,38,417,rnbqkb1r/ppp1p1pp/5p2/3p2B1/3Pn3/4PN2/PPP2PPP/RN1QKB1R w KQkq -,MODEL_PREDICTION_NOT_EMPIRICAL,after_key,0.3613846898078918,maia3,-34,-83,49,ERROR,100000
TOR-08,B6,2100,maia3-79m,3,f1d3,Bd3,0.0020153236109763,0.999649386794772,0.2996517392935235,273,22,705,rnbqkb1r/ppp1p1pp/5p2/3p2B1/3Pn3/4PN2/PPP2PPP/RN1QKB1R w KQkq -,MODEL_PREDICTION_NOT_EMPIRICAL,after_key,0.0020153236109763,maia3,-99,-257,158,SEVERE_ERROR,100000
TOR-08,B6,2100,maia3-79m,4,b1d2,Nbd2,0.0011332725407555,0.999649386794772,0.2996517392935235,262,23,715,rnbqkb1r/ppp1p1pp/5p2/3p2B1/3Pn3/4PN2/PPP2PPP/RN1QKB1R w KQkq -,MODEL_PREDICTION_NOT_EMPIRICAL,after_key,0.0011332725407555,maia3,-94,-292,198,SEVERE_ERROR,100000
TOR-08,B6,2100,maia3-79m,5,h2h4,h4,0.0005758304614573,0.999649386794772,0.2996517392935235,372,28,600,rnbqkb1r/ppp1p1pp/5p2/3p2B1/3Pn3/4PN2/PPP2PPP/RN1QKB1R w KQkq -,MODEL_PREDICTION_NOT_EMPIRICAL,after_key,0.0005758304614573,maia3,-98,-240,142,SEVERE_ERROR,100000
TOR-08,B6,2100,maia3-79m,6,c2c4,c4,0.0003370694175828,0.999649386794772,0.2996517392935235,257,21,722,rnbqkb1r/ppp1p1pp/5p2/3p2B1/3Pn3/4PN2/PPP2PPP/RN1QKB1R w KQkq -,MODEL_PREDICTION_NOT_EMPIRICAL,after_key,0.0003370694175828,maia3,-101,-260,159,SEVERE_ERROR,100000
TOR-08,B6,2100,maia3-79m,7,f3h4,Nh4,0.0002929875918198,0.999649386794772,0.2996517392935235,277,21,702,rnbqkb1r/ppp1p1pp/5p2/3p2B1/3Pn3/4PN2/PPP2PPP/RN1QKB1R w KQkq -,MODEL_PREDICTION_NOT_EMPIRICAL,after_key,0.0002929875918198,maia3,-92,-400,308,SEVERE_ERROR,100000
TOR-08,B6,2100,maia3-79m,8,f3e5,Ne5,0.0001678388362051,0.999649386794772,0.2996517392935235,320,29,651,rnbqkb1r/ppp1p1pp/5p2/3p2B1/3Pn3/4PN2/PPP2PPP/RN1QKB1R w KQkq -,MODEL_PREDICTION_NOT_EMPIRICAL,after_key,0.0001678388362051,maia3,-83,-372,289,SEVERE_ERROR,100000
TOR-08,B6,2100,maia3-79m,9,c2c3,c3,0.000109179301944,0.999649386794772,0.2996517392935235,209,20,771,rnbqkb1r/ppp1p1pp/5p2/3p2B1/3Pn3/4PN2/PPP2PPP/RN1QKB1R w KQkq -,MODEL_PREDICTION_NOT_EMPIRICAL,after_key,0.000109179301944,maia3,-95,-308,213,SEVERE_ERROR,100000
TOR-08,B6,2100,maia3-79m,10,f1e2,Be2,0.0001039493727148,0.999649386794772,0.2996517392935235,229,21,750,rnbqkb1r/ppp1p1pp/5p2/3p2B1/3Pn3/4PN2/PPP2PPP/RN1QKB1R w KQkq -,MODEL_PREDICTION_NOT_EMPIRICAL,after_key,0.0001039493727148,maia3,-89,-337,248,SEVERE_ERROR,100000
TOR-09,B6,1100,maia3-79m,1,h4g3,Bg3,0.7512713670730591,0.9846685065422208,0.4048714418617772,369,29,602,rnbqkb1r/ppp1p3/5p2/3p2pp/3P3B/4P3/PPPN1PPP/R2QKB1R w KQkq -,MODEL_PREDICTION_NOT_EMPIRICAL,after_key,0.7512713670730591,maia3,-203,-232,29,OK,100000
TOR-09,B6,1100,maia3-79m,2,h4g5,Bxg5,0.0982113555073738,0.9846685065422208,0.4048714418617772,468,32,500,rnbqkb1r/ppp1p3/5p2/3p2pp/3P3B/4P3/PPPN1PPP/R2QKB1R w KQkq -,MODEL_PREDICTION_NOT_EMPIRICAL,after_key,0.0982113555073738,maia3,-197,-197,0,OK,100000
TOR-09,B6,1100,maia3-79m,3,f1e2,Be2,0.0450630001723766,0.9846685065422208,0.4048714418617772,443,28,529,rnbqkb1r/ppp1p3/5p2/3p2pp/3P3B/4P3/PPPN1PPP/R2QKB1R w KQkq -,MODEL_PREDICTION_NOT_EMPIRICAL,after_key,0.0450630001723766,maia3,-201,-238,37,OK,100000
TOR-09,B6,1100,maia3-79m,4,f1b5,Bb5+,0.0417696498334407,0.9846685065422208,0.4048714418617772,403,30,567,rnbqkb1r/ppp1p3/5p2/3p2pp/3P3B/4P3/PPPN1PPP/R2QKB1R w KQkq -,MODEL_PREDICTION_NOT_EMPIRICAL,after_key,0.0417696498334407,maia3,-205,-285,80,ERROR,100000
TOR-09,B6,1100,maia3-79m,5,f1d3,Bd3,0.0222270637750625,0.9846685065422208,0.4048714418617772,520,21,459,rnbqkb1r/ppp1p3/5p2/3p2pp/3P3B/4P3/PPPN1PPP/R2QKB1R w KQkq -,MODEL_PREDICTION_NOT_EMPIRICAL,after_key,0.0222270637750625,maia3,-200,-264,64,ERROR,100000
TOR-09,B6,1100,maia3-79m,6,d2f3,Nf3,0.0118527151644229,0.9846685065422208,0.4048714418617772,370,30,600,rnbqkb1r/ppp1p3/5p2/3p2pp/3P3B/4P3/PPPN1PPP/R2QKB1R w KQkq -,MODEL_PREDICTION_NOT_EMPIRICAL,after_key,0.0118527151644229,maia3,-197,-288,91,ERROR,100000
TOR-09,B6,1100,maia3-79m,7,g2g4,g4,0.004953954834491,0.9846685065422208,0.4048714418617772,338,31,631,rnbqkb1r/ppp1p3/5p2/3p2pp/3P3B/4P3/PPPN1PPP/R2QKB1R w KQkq -,MODEL_PREDICTION_NOT_EMPIRICAL,after_key,0.004953954834491,maia3,-198,-300,102,SEVERE_ERROR,100000
TOR-09,B6,1100,maia3-79m,8,c2c4,c4,0.0036839146632701,0.9846685065422208,0.4048714418617772,369,27,604,rnbqkb1r/ppp1p3/5p2/3p2pp/3P3B/4P3/PPPN1PPP/R2QKB1R w KQkq -,MODEL_PREDICTION_NOT_EMPIRICAL,after_key,0.0036839146632701,maia3,-206,-265,59,ERROR,100000
TOR-09,B6,1100,maia3-79m,9,f2f4,f4,0.0031699442770332,0.9846685065422208,0.4048714418617772,331,31,638,rnbqkb1r/ppp1p3/5p2/3p2pp/3P3B/4P3/PPPN1PPP/R2QKB1R w KQkq -,MODEL_PREDICTION_NOT_EMPIRICAL,after_key,0.0031699442770332,maia3,-197,-274,77,ERROR,100000
TOR-09,B6,1100,maia3-79m,10,c2c3,c3,0.0024655412416905,0.9846685065422208,0.4048714418617772,360,28,612,rnbqkb1r/ppp1p3/5p2/3p2pp/3P3B/4P3/PPPN1PPP/R2QKB1R w KQkq -,MODEL_PREDICTION_NOT_EMPIRICAL,after_key,0.0024655412416905,maia3,-197,-293,96,ERROR,100000
TOR-09,B6,1300,maia3-79m,1,h4g3,Bg3,0.7089595794677734,0.9880622155033052,0.4461191477377672,336,25,639,rnbqkb1r/ppp1p3/5p2/3p2pp/3P3B/4P3/PPPN1PPP/R2QKB1R w KQkq -,MODEL_PREDICTION_NOT_EMPIRICAL,after_key,0.7089595794677734,maia3,-203,-232,29,OK,100000
TOR-09,B6,1300,maia3-79m,2,h4g5,Bxg5,0.1216691359877586,0.9880622155033052,0.4461191477377672,471,27,502,rnbqkb1r/ppp1p3/5p2/3p2pp/3P3B/4P3/PPPN1PPP/R2QKB1R w KQkq -,MODEL_PREDICTION_NOT_EMPIRICAL,after_key,0.1216691359877586,maia3,-197,-197,0,OK,100000
TOR-09,B6,1300,maia3-79m,3,f1e2,Be2,0.0672853142023086,0.9880622155033052,0.4461191477377672,458,25,517,rnbqkb1r/ppp1p3/5p2/3p2pp/3P3B/4P3/PPPN1PPP/R2QKB1R w KQkq -,MODEL_PREDICTION_NOT_EMPIRICAL,after_key,0.0672853142023086,maia3,-201,-238,37,OK,100000
TOR-09,B6,1300,maia3-79m,4,f1d3,Bd3,0.0379642881453037,0.9880622155033052,0.4461191477377672,519,19,462,rnbqkb1r/ppp1p3/5p2/3p2pp/3P3B/4P3/PPPN1PPP/R2QKB1R w KQkq -,MODEL_PREDICTION_NOT_EMPIRICAL,after_key,0.0379642881453037,maia3,-200,-264,64,ERROR,100000
TOR-09,B6,1300,maia3-79m,5,f1b5,Bb5+,0.0294393841177225,0.9880622155033052,0.4461191477377672,397,27,576,rnbqkb1r/ppp1p3/5p2/3p2pp/3P3B/4P3/PPPN1PPP/R2QKB1R w KQkq -,MODEL_PREDICTION_NOT_EMPIRICAL,after_key,0.0294393841177225,maia3,-205,-285,80,ERROR,100000
TOR-09,B6,1300,maia3-79m,6,d2f3,Nf3,0.0113208135589957,0.9880622155033052,0.4461191477377672,371,26,603,rnbqkb1r/ppp1p3/5p2/3p2pp/3P3B/4P3/PPPN1PPP/R2QKB1R w KQkq -,MODEL_PREDICTION_NOT_EMPIRICAL,after_key,0.0113208135589957,maia3,-197,-288,91,ERROR,100000
TOR-09,B6,1300,maia3-79m,7,c2c4,c4,0.0033322100061923,0.9880622155033052,0.4461191477377672,368,23,609,rnbqkb1r/ppp1p3/5p2/3p2pp/3P3B/4P3/PPPN1PPP/R2QKB1R w KQkq -,MODEL_PREDICTION_NOT_EMPIRICAL,after_key,0.0033322100061923,maia3,-206,-265,59,ERROR,100000
TOR-09,B6,1300,maia3-79m,8,g2g4,g4,0.0031554989982396,0.9880622155033052,0.4461191477377672,327,26,647,rnbqkb1r/ppp1p3/5p2/3p2pp/3P3B/4P3/PPPN1PPP/R2QKB1R w KQkq -,MODEL_PREDICTION_NOT_EMPIRICAL,after_key,0.0031554989982396,maia3,-198,-300,102,SEVERE_ERROR,100000
TOR-09,B6,1300,maia3-79m,9,f2f4,f4,0.0027009982150048,0.9880622155033052,0.4461191477377672,318,25,657,rnbqkb1r/ppp1p3/5p2/3p2pp/3P3B/4P3/PPPN1PPP/R2QKB1R w KQkq -,MODEL_PREDICTION_NOT_EMPIRICAL,after_key,0.0027009982150048,maia3,-197,-274,77,ERROR,100000
TOR-09,B6,1300,maia3-79m,10,c2c3,c3,0.0022349928040057,0.9880622155033052,0.4461191477377672,354,24,622,rnbqkb1r/ppp1p3/5p2/3p2pp/3P3B/4P3/PPPN1PPP/R2QKB1R w KQkq -,MODEL_PREDICTION_NOT_EMPIRICAL,after_key,0.0022349928040057,maia3,-197,-293,96,ERROR,100000
TOR-09,B6,1500,maia3-79m,1,h4g3,Bg3,0.6741600036621094,0.9905334766954184,0.4775931849008129,325,23,652,rnbqkb1r/ppp1p3/5p2/3p2pp/3P3B/4P3/PPPN1PPP/R2QKB1R w KQkq -,MODEL_PREDICTION_NOT_EMPIRICAL,after_key,0.6741600036621094,maia3,-203,-232,29,OK,100000
TOR-09,B6,1500,maia3-79m,2,h4g5,Bxg5,0.1289130598306656,0.9905334766954184,0.4775931849008129,467,25,508,rnbqkb1r/ppp1p3/5p2/3p2pp/3P3B/4P3/PPPN1PPP/R2QKB1R w KQkq -,MODEL_PREDICTION_NOT_EMPIRICAL,after_key,0.1289130598306656,maia3,-197,-197,0,OK,100000
TOR-09,B6,1500,maia3-79m,3,f1e2,Be2,0.0866107121109962,0.9905334766954184,0.4775931849008129,488,23,489,rnbqkb1r/ppp1p3/5p2/3p2pp/3P3B/4P3/PPPN1PPP/R2QKB1R w KQkq -,MODEL_PREDICTION_NOT_EMPIRICAL,after_key,0.0866107121109962,maia3,-201,-238,37,OK,100000
TOR-09,B6,1500,maia3-79m,4,f1d3,Bd3,0.0579536966979503,0.9905334766954184,0.4775931849008129,521,19,460,rnbqkb1r/ppp1p3/5p2/3p2pp/3P3B/4P3/PPPN1PPP/R2QKB1R w KQkq -,MODEL_PREDICTION_NOT_EMPIRICAL,after_key,0.0579536966979503,maia3,-200,-264,64,ERROR,100000
TOR-09,B6,1500,maia3-79m,5,f1b5,Bb5+,0.0216209646314382,0.9905334766954184,0.4775931849008129,393,27,580,rnbqkb1r/ppp1p3/5p2/3p2pp/3P3B/4P3/PPPN1PPP/R2QKB1R w KQkq -,MODEL_PREDICTION_NOT_EMPIRICAL,after_key,0.0216209646314382,maia3,-205,-285,80,ERROR,100000
TOR-09,B6,1500,maia3-79m,6,d2f3,Nf3,0.0114320637658238,0.9905334766954184,0.4775931849008129,378,24,598,rnbqkb1r/ppp1p3/5p2/3p2pp/3P3B/4P3/PPPN1PPP/R2QKB1R w KQkq -,MODEL_PREDICTION_NOT_EMPIRICAL,after_key,0.0114320637658238,maia3,-197,-288,91,ERROR,100000
TOR-09,B6,1500,maia3-79m,7,c2c4,c4,0.003526329062879,0.9905334766954184,0.4775931849008129,369,21,610,rnbqkb1r/ppp1p3/5p2/3p2pp/3P3B/4P3/PPPN1PPP/R2QKB1R w KQkq -,MODEL_PREDICTION_NOT_EMPIRICAL,after_key,0.003526329062879,maia3,-206,-265,59,ERROR,100000
TOR-09,B6,1500,maia3-79m,8,f2f4,f4,0.0021864739246666,0.9905334766954184,0.4775931849008129,308,23,669,rnbqkb1r/ppp1p3/5p2/3p2pp/3P3B/4P3/PPPN1PPP/R2QKB1R w KQkq -,MODEL_PREDICTION_NOT_EMPIRICAL,after_key,0.0021864739246666,maia3,-197,-274,77,ERROR,100000
TOR-09,B6,1500,maia3-79m,9,c2c3,c3,0.0021164906211197,0.9905334766954184,0.4775931849008129,348,22,630,rnbqkb1r/ppp1p3/5p2/3p2pp/3P3B/4P3/PPPN1PPP/R2QKB1R w KQkq -,MODEL_PREDICTION_NOT_EMPIRICAL,after_key,0.0021164906211197,maia3,-197,-293,96,ERROR,100000
TOR-09,B6,1500,maia3-79m,10,g2g4,g4,0.0020136823877692,0.9905334766954184,0.4775931849008129,317,23,660,rnbqkb1r/ppp1p3/5p2/3p2pp/3P3B/4P3/PPPN1PPP/R2QKB1R w KQkq -,MODEL_PREDICTION_NOT_EMPIRICAL,after_key,0.0020136823877692,maia3,-198,-300,102,SEVERE_ERROR,100000
TOR-09,B6,1700,maia3-79m,1,h4g3,Bg3,0.6446711421012878,0.9932860472472383,0.5019114084918338,316,23,661,rnbqkb1r/ppp1p3/5p2/3p2pp/3P3B/4P3/PPPN1PPP/R2QKB1R w KQkq -,MODEL_PREDICTION_NOT_EMPIRICAL,after_key,0.6446711421012878,maia3,-203,-232,29,OK,100000
TOR-09,B6,1700,maia3-79m,2,f1e2,Be2,0.1136220470070838,0.9932860472472383,0.5019114084918338,508,24,468,rnbqkb1r/ppp1p3/5p2/3p2pp/3P3B/4P3/PPPN1PPP/R2QKB1R w KQkq -,MODEL_PREDICTION_NOT_EMPIRICAL,after_key,0.1136220470070838,maia3,-201,-238,37,OK,100000
TOR-09,B6,1700,maia3-79m,3,h4g5,Bxg5,0.1086771041154861,0.9932860472472383,0.5019114084918338,462,24,514,rnbqkb1r/ppp1p3/5p2/3p2pp/3P3B/4P3/PPPN1PPP/R2QKB1R w KQkq -,MODEL_PREDICTION_NOT_EMPIRICAL,after_key,0.1086771041154861,maia3,-197,-197,0,OK,100000
TOR-09,B6,1700,maia3-79m,4,f1d3,Bd3,0.0919921845197677,0.9932860472472383,0.5019114084918338,516,21,463,rnbqkb1r/ppp1p3/5p2/3p2pp/3P3B/4P3/PPPN1PPP/R2QKB1R w KQkq -,MODEL_PREDICTION_NOT_EMPIRICAL,after_key,0.0919921845197677,maia3,-200,-264,64,ERROR,100000
TOR-09,B6,1700,maia3-79m,5,f1b5,Bb5+,0.0141001949086785,0.9932860472472383,0.5019114084918338,392,27,581,rnbqkb1r/ppp1p3/5p2/3p2pp/3P3B/4P3/PPPN1PPP/R2QKB1R w KQkq -,MODEL_PREDICTION_NOT_EMPIRICAL,after_key,0.0141001949086785,maia3,-205,-285,80,ERROR,100000
TOR-09,B6,1700,maia3-79m,6,d2f3,Nf3,0.010963536798954,0.9932860472472383,0.5019114084918338,389,24,587,rnbqkb1r/ppp1p3/5p2/3p2pp/3P3B/4P3/PPPN1PPP/R2QKB1R w KQkq -,MODEL_PREDICTION_NOT_EMPIRICAL,after_key,0.010963536798954,maia3,-197,-288,91,ERROR,100000
TOR-09,B6,1700,maia3-79m,7,c2c4,c4,0.0041743265464901,0.9932860472472383,0.5019114084918338,362,20,618,rnbqkb1r/ppp1p3/5p2/3p2pp/3P3B/4P3/PPPN1PPP/R2QKB1R w KQkq -,MODEL_PREDICTION_NOT_EMPIRICAL,after_key,0.0041743265464901,maia3,-206,-265,59,ERROR,100000
TOR-09,B6,1700,maia3-79m,8,c2c3,c3,0.001898193033412,0.9932860472472383,0.5019114084918338,339,21,640,rnbqkb1r/ppp1p3/5p2/3p2pp/3P3B/4P3/PPPN1PPP/R2QKB1R w KQkq -,MODEL_PREDICTION_NOT_EMPIRICAL,after_key,0.001898193033412,maia3,-197,-293,96,ERROR,100000
TOR-09,B6,1700,maia3-79m,9,f2f4,f4,0.0016340475995093,0.9932860472472383,0.5019114084918338,289,21,690,rnbqkb1r/ppp1p3/5p2/3p2pp/3P3B/4P3/PPPN1PPP/R2QKB1R w KQkq -,MODEL_PREDICTION_NOT_EMPIRICAL,after_key,0.0016340475995093,maia3,-197,-274,77,ERROR,100000
TOR-09,B6,1700,maia3-79m,10,f2f3,f3,0.0015532706165686,0.9932860472472383,0.5019114084918338,317,20,663,rnbqkb1r/ppp1p3/5p2/3p2pp/3P3B/4P3/PPPN1PPP/R2QKB1R w KQkq -,MODEL_PREDICTION_NOT_EMPIRICAL,after_key,0.0015532706165686,maia3,-204,-332,128,SEVERE_ERROR,100000
TOR-09,B6,1900,maia3-79m,1,h4g3,Bg3,0.6025921106338501,0.9961435765726492,0.5108250913643629,298,24,678,rnbqkb1r/ppp1p3/5p2/3p2pp/3P3B/4P3/PPPN1PPP/R2QKB1R w KQkq -,MODEL_PREDICTION_NOT_EMPIRICAL,after_key,0.6025921106338501,maia3,-203,-232,29,OK,100000
TOR-09,B6,1900,maia3-79m,2,f1e2,Be2,0.1597602814435959,0.9961435765726492,0.5108250913643629,533,27,440,rnbqkb1r/ppp1p3/5p2/3p2pp/3P3B/4P3/PPPN1PPP/R2QKB1R w KQkq -,MODEL_PREDICTION_NOT_EMPIRICAL,after_key,0.1597602814435959,maia3,-201,-238,37,OK,100000
TOR-09,B6,1900,maia3-79m,3,f1d3,Bd3,0.1505823880434036,0.9961435765726492,0.5108250913643629,518,23,459,rnbqkb1r/ppp1p3/5p2/3p2pp/3P3B/4P3/PPPN1PPP/R2QKB1R w KQkq -,MODEL_PREDICTION_NOT_EMPIRICAL,after_key,0.1505823880434036,maia3,-200,-264,64,ERROR,100000
TOR-09,B6,1900,maia3-79m,4,h4g5,Bxg5,0.0594043210148811,0.9961435765726492,0.5108250913643629,438,24,538,rnbqkb1r/ppp1p3/5p2/3p2pp/3P3B/4P3/PPPN1PPP/R2QKB1R w KQkq -,MODEL_PREDICTION_NOT_EMPIRICAL,after_key,0.0594043210148811,maia3,-197,-197,0,OK,100000
TOR-09,B6,1900,maia3-79m,5,d2f3,Nf3,0.0081564839929342,0.9961435765726492,0.5108250913643629,397,24,579,rnbqkb1r/ppp1p3/5p2/3p2pp/3P3B/4P3/PPPN1PPP/R2QKB1R w KQkq -,MODEL_PREDICTION_NOT_EMPIRICAL,after_key,0.0081564839929342,maia3,-197,-288,91,ERROR,100000
TOR-09,B6,1900,maia3-79m,6,f1b5,Bb5+,0.0070910062640905,0.9961435765726492,0.5108250913643629,400,30,570,rnbqkb1r/ppp1p3/5p2/3p2pp/3P3B/4P3/PPPN1PPP/R2QKB1R w KQkq -,MODEL_PREDICTION_NOT_EMPIRICAL,after_key,0.0070910062640905,maia3,-205,-285,80,ERROR,100000
TOR-09,B6,1900,maia3-79m,7,c2c4,c4,0.0047016735188663,0.9961435765726492,0.5108250913643629,349,20,631,rnbqkb1r/ppp1p3/5p2/3p2pp/3P3B/4P3/PPPN1PPP/R2QKB1R w KQkq -,MODEL_PREDICTION_NOT_EMPIRICAL,after_key,0.0047016735188663,maia3,-206,-265,59,ERROR,100000
TOR-09,B6,1900,maia3-79m,8,f2f3,f3,0.0014007578138262,0.9961435765726492,0.5108250913643629,302,20,678,rnbqkb1r/ppp1p3/5p2/3p2pp/3P3B/4P3/PPPN1PPP/R2QKB1R w KQkq -,MODEL_PREDICTION_NOT_EMPIRICAL,after_key,0.0014007578138262,maia3,-204,-332,128,SEVERE_ERROR,100000
TOR-09,B6,1900,maia3-79m,9,c2c3,c3,0.0012709340080618,0.9961435765726492,0.5108250913643629,318,21,661,rnbqkb1r/ppp1p3/5p2/3p2pp/3P3B/4P3/PPPN1PPP/R2QKB1R w KQkq -,MODEL_PREDICTION_NOT_EMPIRICAL,after_key,0.0012709340080618,maia3,-197,-293,96,ERROR,100000
TOR-09,B6,1900,maia3-79m,10,f2f4,f4,0.0011836198391392,0.9961435765726492,0.5108250913643629,271,20,709,rnbqkb1r/ppp1p3/5p2/3p2pp/3P3B/4P3/PPPN1PPP/R2QKB1R w KQkq -,MODEL_PREDICTION_NOT_EMPIRICAL,after_key,0.0011836198391392,maia3,-197,-274,77,ERROR,100000
TOR-09,B6,2100,maia3-79m,1,h4g3,Bg3,0.4462805092334747,0.9977871873998084,0.5369670505315335,282,26,692,rnbqkb1r/ppp1p3/5p2/3p2pp/3P3B/4P3/PPPN1PPP/R2QKB1R w KQkq -,MODEL_PREDICTION_NOT_EMPIRICAL,after_key,0.4462805092334747,maia3,-203,-232,29,OK,100000
TOR-09,B6,2100,maia3-79m,2,f1d3,Bd3,0.2566579282283783,0.9977871873998084,0.5369670505315335,527,29,444,rnbqkb1r/ppp1p3/5p2/3p2pp/3P3B/4P3/PPPN1PPP/R2QKB1R w KQkq -,MODEL_PREDICTION_NOT_EMPIRICAL,after_key,0.2566579282283783,maia3,-200,-264,64,ERROR,100000
TOR-09,B6,2100,maia3-79m,3,f1e2,Be2,0.2538226246833801,0.9977871873998084,0.5369670505315335,557,33,410,rnbqkb1r/ppp1p3/5p2/3p2pp/3P3B/4P3/PPPN1PPP/R2QKB1R w KQkq -,MODEL_PREDICTION_NOT_EMPIRICAL,after_key,0.2538226246833801,maia3,-201,-238,37,OK,100000
TOR-09,B6,2100,maia3-79m,4,h4g5,Bxg5,0.027275051921606,0.9977871873998084,0.5369670505315335,384,27,589,rnbqkb1r/ppp1p3/5p2/3p2pp/3P3B/4P3/PPPN1PPP/R2QKB1R w KQkq -,MODEL_PREDICTION_NOT_EMPIRICAL,after_key,0.027275051921606,maia3,-197,-197,0,OK,100000
TOR-09,B6,2100,maia3-79m,5,d2f3,Nf3,0.0044540842063724,0.9977871873998084,0.5369670505315335,401,29,570,rnbqkb1r/ppp1p3/5p2/3p2pp/3P3B/4P3/PPPN1PPP/R2QKB1R w KQkq -,MODEL_PREDICTION_NOT_EMPIRICAL,after_key,0.0044540842063724,maia3,-197,-288,91,ERROR,100000
TOR-09,B6,2100,maia3-79m,6,c2c4,c4,0.0037189084105193,0.9977871873998084,0.5369670505315335,338,22,640,rnbqkb1r/ppp1p3/5p2/3p2pp/3P3B/4P3/PPPN1PPP/R2QKB1R w KQkq -,MODEL_PREDICTION_NOT_EMPIRICAL,after_key,0.0037189084105193,maia3,-206,-265,59,ERROR,100000
TOR-09,B6,2100,maia3-79m,7,f1b5,Bb5+,0.002319982741028,0.9977871873998084,0.5369670505315335,424,37,539,rnbqkb1r/ppp1p3/5p2/3p2pp/3P3B/4P3/PPPN1PPP/R2QKB1R w KQkq -,MODEL_PREDICTION_NOT_EMPIRICAL,after_key,0.002319982741028,maia3,-205,-285,80,ERROR,100000
TOR-09,B6,2100,maia3-79m,8,f2f3,f3,0.0013942356454208,0.9977871873998084,0.5369670505315335,284,21,695,rnbqkb1r/ppp1p3/5p2/3p2pp/3P3B/4P3/PPPN1PPP/R2QKB1R w KQkq -,MODEL_PREDICTION_NOT_EMPIRICAL,after_key,0.0013942356454208,maia3,-204,-332,128,SEVERE_ERROR,100000
TOR-09,B6,2100,maia3-79m,9,f2f4,f4,0.0012814250076189,0.9977871873998084,0.5369670505315335,254,20,726,rnbqkb1r/ppp1p3/5p2/3p2pp/3P3B/4P3/PPPN1PPP/R2QKB1R w KQkq -,MODEL_PREDICTION_NOT_EMPIRICAL,after_key,0.0012814250076189,maia3,-197,-274,77,ERROR,100000
TOR-09,B6,2100,maia3-79m,10,c2c3,c3,0.0005824373220093,0.9977871873998084,0.5369670505315335,299,23,678,rnbqkb1r/ppp1p3/5p2/3p2pp/3P3B/4P3/PPPN1PPP/R2QKB1R w KQkq -,MODEL_PREDICTION_NOT_EMPIRICAL,after_key,0.0005824373220093,maia3,-197,-293,96,ERROR,100000
STO-01,B6,1100,maia3-79m,1,g1f3,Nf3,0.4332951009273529,0.9895839812234044,0.7111039799462907,477,24,499,rn1qkb1r/pp2pppp/5n2/3p1b2/2pP1P2/4P3/PPP1B1PP/RNBQK1NR w KQkq -,MODEL_PREDICTION_NOT_EMPIRICAL,after_key,0.4332951009273529,maia3,-63,-59,0,OK,100000
STO-01,B6,1100,maia3-79m,2,c2c3,c3,0.2245612740516662,0.9895839812234044,0.7111039799462907,438,24,538,rn1qkb1r/pp2pppp/5n2/3p1b2/2pP1P2/4P3/PPP1B1PP/RNBQK1NR w KQkq -,MODEL_PREDICTION_NOT_EMPIRICAL,after_key,0.2245612740516662,maia3,-56,-76,20,OK,100000
STO-01,B6,1100,maia3-79m,3,b2b3,b3,0.1130235865712165,0.9895839812234044,0.7111039799462907,437,23,540,rn1qkb1r/pp2pppp/5n2/3p1b2/2pP1P2/4P3/PPP1B1PP/RNBQK1NR w KQkq -,MODEL_PREDICTION_NOT_EMPIRICAL,after_key,0.1130235865712165,maia3,-54,-69,15,OK,100000
STO-01,B6,1100,maia3-79m,4,b1c3,Nc3,0.0719981342554092,0.9895839812234044,0.7111039799462907,428,23,549,rn1qkb1r/pp2pppp/5n2/3p1b2/2pP1P2/4P3/PPP1B1PP/RNBQK1NR w KQkq -,MODEL_PREDICTION_NOT_EMPIRICAL,after_key,0.0719981342554092,maia3,-52,-69,17,OK,100000
STO-01,B6,1100,maia3-79m,5,b1d2,Nd2,0.0643621832132339,0.9895839812234044,0.7111039799462907,419,23,558,rn1qkb1r/pp2pppp/5n2/3p1b2/2pP1P2/4P3/PPP1B1PP/RNBQK1NR w KQkq -,MODEL_PREDICTION_NOT_EMPIRICAL,after_key,0.0643621832132339,maia3,-65,-73,8,OK,100000
STO-01,B6,1100,maia3-79m,6,g2g4,g4,0.0282148327678442,0.9895839812234044,0.7111039799462907,421,24,555,rn1qkb1r/pp2pppp/5n2/3p1b2/2pP1P2/4P3/PPP1B1PP/RNBQK1NR w KQkq -,MODEL_PREDICTION_NOT_EMPIRICAL,after_key,0.0282148327678442,maia3,-66,-65,0,OK,100000
STO-01,B6,1100,maia3-79m,7,e2f3,Bf3,0.0217481981962919,0.9895839812234044,0.7111039799462907,422,24,554,rn1qkb1r/pp2pppp/5n2/3p1b2/2pP1P2/4P3/PPP1B1PP/RNBQK1NR w KQkq -,MODEL_PREDICTION_NOT_EMPIRICAL,after_key,0.0217481981962919,maia3,-53,-106,53,ERROR,100000
STO-01,B6,1100,maia3-79m,8,h2h3,h3,0.0176848042756319,0.9895839812234044,0.7111039799462907,433,23,544,rn1qkb1r/pp2pppp/5n2/3p1b2/2pP1P2/4P3/PPP1B1PP/RNBQK1NR w KQkq -,MODEL_PREDICTION_NOT_EMPIRICAL,after_key,0.0176848042756319,maia3,-49,-130,81,ERROR,100000
STO-01,B6,1100,maia3-79m,9,c1d2,Bd2,0.0088369343429803,0.9895839812234044,0.7111039799462907,407,23,570,rn1qkb1r/pp2pppp/5n2/3p1b2/2pP1P2/4P3/PPP1B1PP/RNBQK1NR w KQkq -,MODEL_PREDICTION_NOT_EMPIRICAL,after_key,0.0088369343429803,maia3,-51,-64,13,OK,100000
STO-01,B6,1100,maia3-79m,10,b1a3,Na3,0.005858932621777,0.9895839812234044,0.7111039799462907,388,22,590,rn1qkb1r/pp2pppp/5n2/3p1b2/2pP1P2/4P3/PPP1B1PP/RNBQK1NR w KQkq -,MODEL_PREDICTION_NOT_EMPIRICAL,after_key,0.005858932621777,maia3,-52,-137,85,ERROR,100000
STO-01,B6,1300,maia3-79m,1,g1f3,Nf3,0.4180767238140106,0.9930609224829824,0.6597175595040486,485,25,490,rn1qkb1r/pp2pppp/5n2/3p1b2/2pP1P2/4P3/PPP1B1PP/RNBQK1NR w KQkq -,MODEL_PREDICTION_NOT_EMPIRICAL,after_key,0.4180767238140106,maia3,-63,-59,0,OK,100000
STO-01,B6,1300,maia3-79m,2,c2c3,c3,0.3062106072902679,0.9930609224829824,0.6597175595040486,443,25,532,rn1qkb1r/pp2pppp/5n2/3p1b2/2pP1P2/4P3/PPP1B1PP/RNBQK1NR w KQkq -,MODEL_PREDICTION_NOT_EMPIRICAL,after_key,0.3062106072902679,maia3,-56,-76,20,OK,100000
STO-01,B6,1300,maia3-79m,3,b2b3,b3,0.1047539860010147,0.9930609224829824,0.6597175595040486,434,24,542,rn1qkb1r/pp2pppp/5n2/3p1b2/2pP1P2/4P3/PPP1B1PP/RNBQK1NR w KQkq -,MODEL_PREDICTION_NOT_EMPIRICAL,after_key,0.1047539860010147,maia3,-54,-69,15,OK,100000
STO-01,B6,1300,maia3-79m,4,b1d2,Nd2,0.0624478720128536,0.9930609224829824,0.6597175595040486,420,23,557,rn1qkb1r/pp2pppp/5n2/3p1b2/2pP1P2/4P3/PPP1B1PP/RNBQK1NR w KQkq -,MODEL_PREDICTION_NOT_EMPIRICAL,after_key,0.0624478720128536,maia3,-65,-73,8,OK,100000
STO-01,B6,1300,maia3-79m,5,b1c3,Nc3,0.0434439852833747,0.9930609224829824,0.6597175595040486,433,24,543,rn1qkb1r/pp2pppp/5n2/3p1b2/2pP1P2/4P3/PPP1B1PP/RNBQK1NR w KQkq -,MODEL_PREDICTION_NOT_EMPIRICAL,after_key,0.0434439852833747,maia3,-52,-69,17,OK,100000
STO-01,B6,1300,maia3-79m,6,g2g4,g4,0.0207028426229953,0.9930609224829824,0.6597175595040486,403,22,575,rn1qkb1r/pp2pppp/5n2/3p1b2/2pP1P2/4P3/PPP1B1PP/RNBQK1NR w KQkq -,MODEL_PREDICTION_NOT_EMPIRICAL,after_key,0.0207028426229953,maia3,-66,-65,0,OK,100000
STO-01,B6,1300,maia3-79m,7,e2f3,Bf3,0.0186280533671379,0.9930609224829824,0.6597175595040486,425,24,551,rn1qkb1r/pp2pppp/5n2/3p1b2/2pP1P2/4P3/PPP1B1PP/RNBQK1NR w KQkq -,MODEL_PREDICTION_NOT_EMPIRICAL,after_key,0.0186280533671379,maia3,-53,-106,53,ERROR,100000
STO-01,B6,1300,maia3-79m,8,h2h3,h3,0.0108310105279088,0.9930609224829824,0.6597175595040486,436,23,541,rn1qkb1r/pp2pppp/5n2/3p1b2/2pP1P2/4P3/PPP1B1PP/RNBQK1NR w KQkq -,MODEL_PREDICTION_NOT_EMPIRICAL,after_key,0.0108310105279088,maia3,-49,-130,81,ERROR,100000
STO-01,B6,1300,maia3-79m,9,c1d2,Bd2,0.0061369542963802,0.9930609224829824,0.6597175595040486,413,23,564,rn1qkb1r/pp2pppp/5n2/3p1b2/2pP1P2/4P3/PPP1B1PP/RNBQK1NR w KQkq -,MODEL_PREDICTION_NOT_EMPIRICAL,after_key,0.0061369542963802,maia3,-51,-64,13,OK,100000
STO-01,B6,1300,maia3-79m,10,b1a3,Na3,0.0018288872670382,0.9930609224829824,0.6597175595040486,376,22,602,rn1qkb1r/pp2pppp/5n2/3p1b2/2pP1P2/4P3/PPP1B1PP/RNBQK1NR w KQkq -,MODEL_PREDICTION_NOT_EMPIRICAL,after_key,0.0018288872670382,maia3,-52,-137,85,ERROR,100000
STO-01,B6,1500,maia3-79m,1,g1f3,Nf3,0.3928893804550171,0.995531470514834,0.614867305940921,494,27,479,rn1qkb1r/pp2pppp/5n2/3p1b2/2pP1P2/4P3/PPP1B1PP/RNBQK1NR w KQkq -,MODEL_PREDICTION_NOT_EMPIRICAL,after_key,0.3928893804550171,maia3,-63,-59,0,OK,100000
STO-01,B6,1500,maia3-79m,2,c2c3,c3,0.3860515654087066,0.995531470514834,0.614867305940921,459,26,515,rn1qkb1r/pp2pppp/5n2/3p1b2/2pP1P2/4P3/PPP1B1PP/RNBQK1NR w KQkq -,MODEL_PREDICTION_NOT_EMPIRICAL,after_key,0.3860515654087066,maia3,-56,-76,20,OK,100000
STO-01,B6,1500,maia3-79m,3,b2b3,b3,0.0862378925085067,0.995531470514834,0.614867305940921,440,25,535,rn1qkb1r/pp2pppp/5n2/3p1b2/2pP1P2/4P3/PPP1B1PP/RNBQK1NR w KQkq -,MODEL_PREDICTION_NOT_EMPIRICAL,after_key,0.0862378925085067,maia3,-54,-69,15,OK,100000
STO-01,B6,1500,maia3-79m,4,b1d2,Nd2,0.0584014691412448,0.995531470514834,0.614867305940921,434,25,541,rn1qkb1r/pp2pppp/5n2/3p1b2/2pP1P2/4P3/PPP1B1PP/RNBQK1NR w KQkq -,MODEL_PREDICTION_NOT_EMPIRICAL,after_key,0.0584014691412448,maia3,-65,-73,8,OK,100000
STO-01,B6,1500,maia3-79m,5,b1c3,Nc3,0.0240642465651035,0.995531470514834,0.614867305940921,450,25,525,rn1qkb1r/pp2pppp/5n2/3p1b2/2pP1P2/4P3/PPP1B1PP/RNBQK1NR w KQkq -,MODEL_PREDICTION_NOT_EMPIRICAL,after_key,0.0240642465651035,maia3,-52,-69,17,OK,100000
STO-01,B6,1500,maia3-79m,6,e2f3,Bf3,0.0174122843891382,0.995531470514834,0.614867305940921,438,26,536,rn1qkb1r/pp2pppp/5n2/3p1b2/2pP1P2/4P3/PPP1B1PP/RNBQK1NR w KQkq -,MODEL_PREDICTION_NOT_EMPIRICAL,after_key,0.0174122843891382,maia3,-53,-106,53,ERROR,100000
STO-01,B6,1500,maia3-79m,7,g2g4,g4,0.0154571495950222,0.995531470514834,0.614867305940921,407,23,570,rn1qkb1r/pp2pppp/5n2/3p1b2/2pP1P2/4P3/PPP1B1PP/RNBQK1NR w KQkq -,MODEL_PREDICTION_NOT_EMPIRICAL,after_key,0.0154571495950222,maia3,-66,-65,0,OK,100000
STO-01,B6,1500,maia3-79m,8,h2h3,h3,0.005981536116451,0.995531470514834,0.614867305940921,451,25,524,rn1qkb1r/pp2pppp/5n2/3p1b2/2pP1P2/4P3/PPP1B1PP/RNBQK1NR w KQkq -,MODEL_PREDICTION_NOT_EMPIRICAL,after_key,0.005981536116451,maia3,-49,-130,81,ERROR,100000
STO-01,B6,1500,maia3-79m,9,a2a4,a4,0.0046684495173394,0.995531470514834,0.614867305940921,431,24,545,rn1qkb1r/pp2pppp/5n2/3p1b2/2pP1P2/4P3/PPP1B1PP/RNBQK1NR w KQkq -,MODEL_PREDICTION_NOT_EMPIRICAL,after_key,0.0046684495173394,maia3,-46,-92,46,ERROR,100000
STO-01,B6,1500,maia3-79m,10,c1d2,Bd2,0.004367496818304,0.995531470514834,0.614867305940921,431,25,544,rn1qkb1r/pp2pppp/5n2/3p1b2/2pP1P2/4P3/PPP1B1PP/RNBQK1NR w KQkq -,MODEL_PREDICTION_NOT_EMPIRICAL,after_key,0.004367496818304,maia3,-51,-64,13,OK,100000
STO-01,B6,1700,maia3-79m,1,c2c3,c3,0.432186484336853,0.9968229583464564,0.5803515582686524,479,30,491,rn1qkb1r/pp2pppp/5n2/3p1b2/2pP1P2/4P3/PPP1B1PP/RNBQK1NR w KQkq -,MODEL_PREDICTION_NOT_EMPIRICAL,after_key,0.432186484336853,maia3,-56,-76,20,OK,100000
STO-01,B6,1700,maia3-79m,2,g1f3,Nf3,0.3810781836509704,0.9968229583464564,0.5803515582686524,503,29,468,rn1qkb1r/pp2pppp/5n2/3p1b2/2pP1P2/4P3/PPP1B1PP/RNBQK1NR w KQkq -,MODEL_PREDICTION_NOT_EMPIRICAL,after_key,0.3810781836509704,maia3,-63,-59,0,OK,100000
STO-01,B6,1700,maia3-79m,3,b2b3,b3,0.06368188560009,0.9968229583464564,0.5803515582686524,457,28,515,rn1qkb1r/pp2pppp/5n2/3p1b2/2pP1P2/4P3/PPP1B1PP/RNBQK1NR w KQkq -,MODEL_PREDICTION_NOT_EMPIRICAL,after_key,0.06368188560009,maia3,-54,-69,15,OK,100000
STO-01,B6,1700,maia3-79m,4,b1d2,Nd2,0.0623188056051731,0.9968229583464564,0.5803515582686524,460,28,512,rn1qkb1r/pp2pppp/5n2/3p1b2/2pP1P2/4P3/PPP1B1PP/RNBQK1NR w KQkq -,MODEL_PREDICTION_NOT_EMPIRICAL,after_key,0.0623188056051731,maia3,-65,-73,8,OK,100000
STO-01,B6,1700,maia3-79m,5,e2f3,Bf3,0.0181003846228122,0.9968229583464564,0.5803515582686524,456,30,514,rn1qkb1r/pp2pppp/5n2/3p1b2/2pP1P2/4P3/PPP1B1PP/RNBQK1NR w KQkq -,MODEL_PREDICTION_NOT_EMPIRICAL,after_key,0.0181003846228122,maia3,-53,-106,53,ERROR,100000
STO-01,B6,1700,maia3-79m,6,b1c3,Nc3,0.0131707079708576,0.9968229583464564,0.5803515582686524,476,28,496,rn1qkb1r/pp2pppp/5n2/3p1b2/2pP1P2/4P3/PPP1B1PP/RNBQK1NR w KQkq -,MODEL_PREDICTION_NOT_EMPIRICAL,after_key,0.0131707079708576,maia3,-52,-69,17,OK,100000
STO-01,B6,1700,maia3-79m,7,g2g4,g4,0.010911488905549,0.9968229583464564,0.5803515582686524,420,25,555,rn1qkb1r/pp2pppp/5n2/3p1b2/2pP1P2/4P3/PPP1B1PP/RNBQK1NR w KQkq -,MODEL_PREDICTION_NOT_EMPIRICAL,after_key,0.010911488905549,maia3,-66,-65,0,OK,100000
STO-01,B6,1700,maia3-79m,8,a2a4,a4,0.0091920932754874,0.9968229583464564,0.5803515582686524,455,28,517,rn1qkb1r/pp2pppp/5n2/3p1b2/2pP1P2/4P3/PPP1B1PP/RNBQK1NR w KQkq -,MODEL_PREDICTION_NOT_EMPIRICAL,after_key,0.0091920932754874,maia3,-46,-92,46,ERROR,100000
STO-01,B6,1700,maia3-79m,9,c1d2,Bd2,0.0032614280935376,0.9968229583464564,0.5803515582686524,457,29,514,rn1qkb1r/pp2pppp/5n2/3p1b2/2pP1P2/4P3/PPP1B1PP/RNBQK1NR w KQkq -,MODEL_PREDICTION_NOT_EMPIRICAL,after_key,0.0032614280935376,maia3,-51,-64,13,OK,100000
STO-01,B6,1700,maia3-79m,10,h2h3,h3,0.0029214962851256,0.9968229583464564,0.5803515582686524,468,27,505,rn1qkb1r/pp2pppp/5n2/3p1b2/2pP1P2/4P3/PPP1B1PP/RNBQK1NR w KQkq -,MODEL_PREDICTION_NOT_EMPIRICAL,after_key,0.0029214962851256,maia3,-49,-130,81,ERROR,100000
STO-01,B6,1900,maia3-79m,1,c2c3,c3,0.4116700887680053,0.997971702949144,0.5698845446850568,489,35,476,rn1qkb1r/pp2pppp/5n2/3p1b2/2pP1P2/4P3/PPP1B1PP/RNBQK1NR w KQkq -,MODEL_PREDICTION_NOT_EMPIRICAL,after_key,0.4116700887680053,maia3,-56,-76,20,OK,100000
STO-01,B6,1900,maia3-79m,2,g1f3,Nf3,0.4081346988677978,0.997971702949144,0.5698845446850568,509,35,456,rn1qkb1r/pp2pppp/5n2/3p1b2/2pP1P2/4P3/PPP1B1PP/RNBQK1NR w KQkq -,MODEL_PREDICTION_NOT_EMPIRICAL,after_key,0.4081346988677978,maia3,-63,-59,0,OK,100000
STO-01,B6,1900,maia3-79m,3,b1d2,Nd2,0.0716765746474266,0.997971702949144,0.5698845446850568,481,33,486,rn1qkb1r/pp2pppp/5n2/3p1b2/2pP1P2/4P3/PPP1B1PP/RNBQK1NR w KQkq -,MODEL_PREDICTION_NOT_EMPIRICAL,after_key,0.0716765746474266,maia3,-65,-73,8,OK,100000
STO-01,B6,1900,maia3-79m,4,b2b3,b3,0.0528907254338264,0.997971702949144,0.5698845446850568,472,32,496,rn1qkb1r/pp2pppp/5n2/3p1b2/2pP1P2/4P3/PPP1B1PP/RNBQK1NR w KQkq -,MODEL_PREDICTION_NOT_EMPIRICAL,after_key,0.0528907254338264,maia3,-54,-69,15,OK,100000
STO-01,B6,1900,maia3-79m,5,e2f3,Bf3,0.0226369109004735,0.997971702949144,0.5698845446850568,466,35,499,rn1qkb1r/pp2pppp/5n2/3p1b2/2pP1P2/4P3/PPP1B1PP/RNBQK1NR w KQkq -,MODEL_PREDICTION_NOT_EMPIRICAL,after_key,0.0226369109004735,maia3,-53,-106,53,ERROR,100000
STO-01,B6,1900,maia3-79m,6,a2a4,a4,0.0113410530611872,0.997971702949144,0.5698845446850568,470,32,498,rn1qkb1r/pp2pppp/5n2/3p1b2/2pP1P2/4P3/PPP1B1PP/RNBQK1NR w KQkq -,MODEL_PREDICTION_NOT_EMPIRICAL,after_key,0.0113410530611872,maia3,-46,-92,46,ERROR,100000
STO-01,B6,1900,maia3-79m,7,g2g4,g4,0.0084915459156036,0.997971702949144,0.5698845446850568,432,28,540,rn1qkb1r/pp2pppp/5n2/3p1b2/2pP1P2/4P3/PPP1B1PP/RNBQK1NR w KQkq -,MODEL_PREDICTION_NOT_EMPIRICAL,after_key,0.0084915459156036,maia3,-66,-65,0,OK,100000
STO-01,B6,1900,maia3-79m,8,b1c3,Nc3,0.0073904697783291,0.997971702949144,0.5698845446850568,495,33,472,rn1qkb1r/pp2pppp/5n2/3p1b2/2pP1P2/4P3/PPP1B1PP/RNBQK1NR w KQkq -,MODEL_PREDICTION_NOT_EMPIRICAL,after_key,0.0073904697783291,maia3,-52,-69,17,OK,100000
STO-01,B6,1900,maia3-79m,9,c1d2,Bd2,0.0023166027385741,0.997971702949144,0.5698845446850568,473,34,493,rn1qkb1r/pp2pppp/5n2/3p1b2/2pP1P2/4P3/PPP1B1PP/RNBQK1NR w KQkq -,MODEL_PREDICTION_NOT_EMPIRICAL,after_key,0.0023166027385741,maia3,-51,-64,13,OK,100000
STO-01,B6,1900,maia3-79m,10,h2h3,h3,0.0014230328379198,0.997971702949144,0.5698845446850568,474,31,495,rn1qkb1r/pp2pppp/5n2/3p1b2/2pP1P2/4P3/PPP1B1PP/RNBQK1NR w KQkq -,MODEL_PREDICTION_NOT_EMPIRICAL,after_key,0.0014230328379198,maia3,-49,-130,81,ERROR,100000
STO-01,B6,2100,maia3-79m,1,g1f3,Nf3,0.4747301042079925,0.9986626919126138,0.5722348100554189,507,44,449,rn1qkb1r/pp2pppp/5n2/3p1b2/2pP1P2/4P3/PPP1B1PP/RNBQK1NR w KQkq -,MODEL_PREDICTION_NOT_EMPIRICAL,after_key,0.4747301042079925,maia3,-63,-59,0,OK,100000
STO-01,B6,2100,maia3-79m,2,c2c3,c3,0.3301084637641907,0.9986626919126138,0.5722348100554189,488,43,469,rn1qkb1r/pp2pppp/5n2/3p1b2/2pP1P2/4P3/PPP1B1PP/RNBQK1NR w KQkq -,MODEL_PREDICTION_NOT_EMPIRICAL,after_key,0.3301084637641907,maia3,-56,-76,20,OK,100000
STO-01,B6,2100,maia3-79m,3,b2b3,b3,0.071089319884777,0.9986626919126138,0.5722348100554189,484,39,477,rn1qkb1r/pp2pppp/5n2/3p1b2/2pP1P2/4P3/PPP1B1PP/RNBQK1NR w KQkq -,MODEL_PREDICTION_NOT_EMPIRICAL,after_key,0.071089319884777,maia3,-54,-69,15,OK,100000
STO-01,B6,2100,maia3-79m,4,b1d2,Nd2,0.0695363655686378,0.9986626919126138,0.5722348100554189,485,40,475,rn1qkb1r/pp2pppp/5n2/3p1b2/2pP1P2/4P3/PPP1B1PP/RNBQK1NR w KQkq -,MODEL_PREDICTION_NOT_EMPIRICAL,after_key,0.0695363655686378,maia3,-65,-73,8,OK,100000
STO-01,B6,2100,maia3-79m,5,e2f3,Bf3,0.028884582221508,0.9986626919126138,0.5722348100554189,469,43,488,rn1qkb1r/pp2pppp/5n2/3p1b2/2pP1P2/4P3/PPP1B1PP/RNBQK1NR w KQkq -,MODEL_PREDICTION_NOT_EMPIRICAL,after_key,0.028884582221508,maia3,-53,-106,53,ERROR,100000
STO-01,B6,2100,maia3-79m,6,a2a4,a4,0.009031219407916,0.9986626919126138,0.5722348100554189,476,41,483,rn1qkb1r/pp2pppp/5n2/3p1b2/2pP1P2/4P3/PPP1B1PP/RNBQK1NR w KQkq -,MODEL_PREDICTION_NOT_EMPIRICAL,after_key,0.009031219407916,maia3,-46,-92,46,ERROR,100000
STO-01,B6,2100,maia3-79m,7,g2g4,g4,0.0087996274232864,0.9986626919126138,0.5722348100554189,445,34,521,rn1qkb1r/pp2pppp/5n2/3p1b2/2pP1P2/4P3/PPP1B1PP/RNBQK1NR w KQkq -,MODEL_PREDICTION_NOT_EMPIRICAL,after_key,0.0087996274232864,maia3,-66,-65,0,OK,100000
STO-01,B6,2100,maia3-79m,8,b1c3,Nc3,0.0042685121297836,0.9986626919126138,0.5722348100554189,502,40,458,rn1qkb1r/pp2pppp/5n2/3p1b2/2pP1P2/4P3/PPP1B1PP/RNBQK1NR w KQkq -,MODEL_PREDICTION_NOT_EMPIRICAL,after_key,0.0042685121297836,maia3,-52,-69,17,OK,100000
STO-01,B6,2100,maia3-79m,9,c1d2,Bd2,0.001517895841971,0.9986626919126138,0.5722348100554189,475,42,483,rn1qkb1r/pp2pppp/5n2/3p1b2/2pP1P2/4P3/PPP1B1PP/RNBQK1NR w KQkq -,MODEL_PREDICTION_NOT_EMPIRICAL,after_key,0.001517895841971,maia3,-51,-64,13,OK,100000
STO-01,B6,2100,maia3-79m,10,h2h3,h3,0.0006966014625504,0.9986626919126138,0.5722348100554189,472,39,489,rn1qkb1r/pp2pppp/5n2/3p1b2/2pP1P2/4P3/PPP1B1PP/RNBQK1NR w KQkq -,MODEL_PREDICTION_NOT_EMPIRICAL,after_key,0.0006966014625504,maia3,-49,-130,81,ERROR,100000
BDG-01,B6,1100,maia3-79m,1,f1c4,Bc4,0.2587078511714935,0.939537100493908,0.8323949299508487,522,22,456,rn1qkb1r/ppp1pppp/5n2/5b2/3P4/2N2N2/PPP3PP/R1BQKB1R w KQkq -,MODEL_PREDICTION_NOT_EMPIRICAL,after_key,0.2587078511714935,maia3,-63,-86,23,OK,100000
BDG-01,B6,1100,maia3-79m,2,f1d3,Bd3,0.2413967102766037,0.939537100493908,0.8323949299508487,516,30,454,rn1qkb1r/ppp1pppp/5n2/5b2/3P4/2N2N2/PPP3PP/R1BQKB1R w KQkq -,MODEL_PREDICTION_NOT_EMPIRICAL,after_key,0.2413967102766037,maia3,-50,-50,0,OK,100000
BDG-01,B6,1100,maia3-79m,3,c1f4,Bf4,0.0837699919939041,0.939537100493908,0.8323949299508487,534,23,443,rn1qkb1r/ppp1pppp/5n2/5b2/3P4/2N2N2/PPP3PP/R1BQKB1R w KQkq -,MODEL_PREDICTION_NOT_EMPIRICAL,after_key,0.0837699919939041,maia3,-45,-85,40,ERROR,100000
BDG-01,B6,1100,maia3-79m,4,c1g5,Bg5,0.078387975692749,0.939537100493908,0.8323949299508487,492,26,482,rn1qkb1r/ppp1pppp/5n2/5b2/3P4/2N2N2/PPP3PP/R1BQKB1R w KQkq -,MODEL_PREDICTION_NOT_EMPIRICAL,after_key,0.078387975692749,maia3,-46,-56,10,OK,100000
BDG-01,B6,1100,maia3-79m,5,f3e5,Ne5,0.0768859013915062,0.939537100493908,0.8323949299508487,504,22,474,rn1qkb1r/ppp1pppp/5n2/5b2/3P4/2N2N2/PPP3PP/R1BQKB1R w KQkq -,MODEL_PREDICTION_NOT_EMPIRICAL,after_key,0.0768859013915062,maia3,-54,-66,12,OK,100000
BDG-01,B6,1100,maia3-79m,6,c1e3,Be3,0.0741853937506675,0.939537100493908,0.8323949299508487,467,25,508,rn1qkb1r/ppp1pppp/5n2/5b2/3P4/2N2N2/PPP3PP/R1BQKB1R w KQkq -,MODEL_PREDICTION_NOT_EMPIRICAL,after_key,0.0741853937506675,maia3,-59,-79,20,OK,100000
BDG-01,B6,1100,maia3-79m,7,f1b5,Bb5+,0.0541435703635215,0.939537100493908,0.8323949299508487,487,28,485,rn1qkb1r/ppp1pppp/5n2/5b2/3P4/2N2N2/PPP3PP/R1BQKB1R w KQkq -,MODEL_PREDICTION_NOT_EMPIRICAL,after_key,0.0541435703635215,maia3,-54,-101,47,ERROR,100000
BDG-01,B6,1100,maia3-79m,8,h2h3,h3,0.0271547231823205,0.939537100493908,0.8323949299508487,484,27,489,rn1qkb1r/ppp1pppp/5n2/5b2/3P4/2N2N2/PPP3PP/R1BQKB1R w KQkq -,MODEL_PREDICTION_NOT_EMPIRICAL,after_key,0.0271547231823205,maia3,-56,-95,39,OK,100000
BDG-01,B6,1100,maia3-79m,9,f3h4,Nh4,0.0233802311122417,0.939537100493908,0.8323949299508487,482,25,493,rn1qkb1r/ppp1pppp/5n2/5b2/3P4/2N2N2/PPP3PP/R1BQKB1R w KQkq -,MODEL_PREDICTION_NOT_EMPIRICAL,after_key,0.0233802311122417,maia3,-53,-114,61,ERROR,100000
BDG-01,B6,1100,maia3-79m,10,d4d5,d5,0.0215247515588998,0.939537100493908,0.8323949299508487,530,26,444,rn1qkb1r/ppp1pppp/5n2/5b2/3P4/2N2N2/PPP3PP/R1BQKB1R w KQkq -,MODEL_PREDICTION_NOT_EMPIRICAL,after_key,0.0215247515588998,maia3,-61,-134,73,ERROR,100000
BDG-01,B6,1300,maia3-79m,1,f1c4,Bc4,0.316545695066452,0.9585035052150488,0.8189262344995349,526,21,453,rn1qkb1r/ppp1pppp/5n2/5b2/3P4/2N2N2/PPP3PP/R1BQKB1R w KQkq -,MODEL_PREDICTION_NOT_EMPIRICAL,after_key,0.316545695066452,maia3,-63,-86,23,OK,100000
BDG-01,B6,1300,maia3-79m,2,f1d3,Bd3,0.2245428711175918,0.9585035052150488,0.8189262344995349,523,29,448,rn1qkb1r/ppp1pppp/5n2/5b2/3P4/2N2N2/PPP3PP/R1BQKB1R w KQkq -,MODEL_PREDICTION_NOT_EMPIRICAL,after_key,0.2245428711175918,maia3,-50,-50,0,OK,100000
BDG-01,B6,1300,maia3-79m,3,c1e3,Be3,0.0944916829466819,0.9585035052150488,0.8189262344995349,474,24,502,rn1qkb1r/ppp1pppp/5n2/5b2/3P4/2N2N2/PPP3PP/R1BQKB1R w KQkq -,MODEL_PREDICTION_NOT_EMPIRICAL,after_key,0.0944916829466819,maia3,-59,-79,20,OK,100000
BDG-01,B6,1300,maia3-79m,4,c1g5,Bg5,0.0739772096276283,0.9585035052150488,0.8189262344995349,491,25,484,rn1qkb1r/ppp1pppp/5n2/5b2/3P4/2N2N2/PPP3PP/R1BQKB1R w KQkq -,MODEL_PREDICTION_NOT_EMPIRICAL,after_key,0.0739772096276283,maia3,-46,-56,10,OK,100000
BDG-01,B6,1300,maia3-79m,5,f3e5,Ne5,0.0679669231176376,0.9585035052150488,0.8189262344995349,508,21,471,rn1qkb1r/ppp1pppp/5n2/5b2/3P4/2N2N2/PPP3PP/R1BQKB1R w KQkq -,MODEL_PREDICTION_NOT_EMPIRICAL,after_key,0.0679669231176376,maia3,-54,-66,12,OK,100000
BDG-01,B6,1300,maia3-79m,6,c1f4,Bf4,0.0581592582166194,0.9585035052150488,0.8189262344995349,539,22,439,rn1qkb1r/ppp1pppp/5n2/5b2/3P4/2N2N2/PPP3PP/R1BQKB1R w KQkq -,MODEL_PREDICTION_NOT_EMPIRICAL,after_key,0.0581592582166194,maia3,-45,-85,40,ERROR,100000
BDG-01,B6,1300,maia3-79m,7,f1b5,Bb5+,0.0460945405066013,0.9585035052150488,0.8189262344995349,492,27,481,rn1qkb1r/ppp1pppp/5n2/5b2/3P4/2N2N2/PPP3PP/R1BQKB1R w KQkq -,MODEL_PREDICTION_NOT_EMPIRICAL,after_key,0.0460945405066013,maia3,-54,-101,47,ERROR,100000
BDG-01,B6,1300,maia3-79m,8,h2h3,h3,0.0306165758520364,0.9585035052150488,0.8189262344995349,478,25,497,rn1qkb1r/ppp1pppp/5n2/5b2/3P4/2N2N2/PPP3PP/R1BQKB1R w KQkq -,MODEL_PREDICTION_NOT_EMPIRICAL,after_key,0.0306165758520364,maia3,-56,-95,39,OK,100000
BDG-01,B6,1300,maia3-79m,9,f1e2,Be2,0.0236199703067541,0.9585035052150488,0.8189262344995349,486,25,489,rn1qkb1r/ppp1pppp/5n2/5b2/3P4/2N2N2/PPP3PP/R1BQKB1R w KQkq -,MODEL_PREDICTION_NOT_EMPIRICAL,after_key,0.0236199703067541,maia3,-59,-101,42,ERROR,100000
BDG-01,B6,1300,maia3-79m,10,f3h4,Nh4,0.0224887784570455,0.9585035052150488,0.8189262344995349,490,23,487,rn1qkb1r/ppp1pppp/5n2/5b2/3P4/2N2N2/PPP3PP/R1BQKB1R w KQkq -,MODEL_PREDICTION_NOT_EMPIRICAL,after_key,0.0224887784570455,maia3,-53,-114,61,ERROR,100000
BDG-01,B6,1500,maia3-79m,1,f1c4,Bc4,0.3845885694026947,0.972503436729312,0.7839821217081342,528,22,450,rn1qkb1r/ppp1pppp/5n2/5b2/3P4/2N2N2/PPP3PP/R1BQKB1R w KQkq -,MODEL_PREDICTION_NOT_EMPIRICAL,after_key,0.3845885694026947,maia3,-63,-86,23,OK,100000
BDG-01,B6,1500,maia3-79m,2,f1d3,Bd3,0.2088651955127716,0.972503436729312,0.7839821217081342,532,29,439,rn1qkb1r/ppp1pppp/5n2/5b2/3P4/2N2N2/PPP3PP/R1BQKB1R w KQkq -,MODEL_PREDICTION_NOT_EMPIRICAL,after_key,0.2088651955127716,maia3,-50,-50,0,OK,100000
BDG-01,B6,1500,maia3-79m,3,c1e3,Be3,0.0929017663002014,0.972503436729312,0.7839821217081342,483,24,493,rn1qkb1r/ppp1pppp/5n2/5b2/3P4/2N2N2/PPP3PP/R1BQKB1R w KQkq -,MODEL_PREDICTION_NOT_EMPIRICAL,after_key,0.0929017663002014,maia3,-59,-79,20,OK,100000
BDG-01,B6,1500,maia3-79m,4,c1g5,Bg5,0.0667991042137146,0.972503436729312,0.7839821217081342,494,25,481,rn1qkb1r/ppp1pppp/5n2/5b2/3P4/2N2N2/PPP3PP/R1BQKB1R w KQkq -,MODEL_PREDICTION_NOT_EMPIRICAL,after_key,0.0667991042137146,maia3,-46,-56,10,OK,100000
BDG-01,B6,1500,maia3-79m,5,f3e5,Ne5,0.0644187182188034,0.972503436729312,0.7839821217081342,508,22,470,rn1qkb1r/ppp1pppp/5n2/5b2/3P4/2N2N2/PPP3PP/R1BQKB1R w KQkq -,MODEL_PREDICTION_NOT_EMPIRICAL,after_key,0.0644187182188034,maia3,-54,-66,12,OK,100000
BDG-01,B6,1500,maia3-79m,6,c1f4,Bf4,0.0407618060708045,0.972503436729312,0.7839821217081342,540,22,438,rn1qkb1r/ppp1pppp/5n2/5b2/3P4/2N2N2/PPP3PP/R1BQKB1R w KQkq -,MODEL_PREDICTION_NOT_EMPIRICAL,after_key,0.0407618060708045,maia3,-45,-85,40,ERROR,100000
BDG-01,B6,1500,maia3-79m,7,f1b5,Bb5+,0.0393656082451343,0.972503436729312,0.7839821217081342,498,27,475,rn1qkb1r/ppp1pppp/5n2/5b2/3P4/2N2N2/PPP3PP/R1BQKB1R w KQkq -,MODEL_PREDICTION_NOT_EMPIRICAL,after_key,0.0393656082451343,maia3,-54,-101,47,ERROR,100000
BDG-01,B6,1500,maia3-79m,8,h2h3,h3,0.030984878540039,0.972503436729312,0.7839821217081342,480,25,495,rn1qkb1r/ppp1pppp/5n2/5b2/3P4/2N2N2/PPP3PP/R1BQKB1R w KQkq -,MODEL_PREDICTION_NOT_EMPIRICAL,after_key,0.030984878540039,maia3,-56,-95,39,OK,100000
BDG-01,B6,1500,maia3-79m,9,f1e2,Be2,0.0250235442072153,0.972503436729312,0.7839821217081342,497,25,478,rn1qkb1r/ppp1pppp/5n2/5b2/3P4/2N2N2/PPP3PP/R1BQKB1R w KQkq -,MODEL_PREDICTION_NOT_EMPIRICAL,after_key,0.0250235442072153,maia3,-59,-101,42,ERROR,100000
BDG-01,B6,1500,maia3-79m,10,f3h4,Nh4,0.0187942460179328,0.972503436729312,0.7839821217081342,494,24,482,rn1qkb1r/ppp1pppp/5n2/5b2/3P4/2N2N2/PPP3PP/R1BQKB1R w KQkq -,MODEL_PREDICTION_NOT_EMPIRICAL,after_key,0.0187942460179328,maia3,-53,-114,61,ERROR,100000
BDG-01,B6,1700,maia3-79m,1,f1c4,Bc4,0.4647286236286163,0.9817840922623872,0.7280854909779894,533,23,444,rn1qkb1r/ppp1pppp/5n2/5b2/3P4/2N2N2/PPP3PP/R1BQKB1R w KQkq -,MODEL_PREDICTION_NOT_EMPIRICAL,after_key,0.4647286236286163,maia3,-63,-86,23,OK,100000
BDG-01,B6,1700,maia3-79m,2,f1d3,Bd3,0.1877021789550781,0.9817840922623872,0.7280854909779894,539,31,430,rn1qkb1r/ppp1pppp/5n2/5b2/3P4/2N2N2/PPP3PP/R1BQKB1R w KQkq -,MODEL_PREDICTION_NOT_EMPIRICAL,after_key,0.1877021789550781,maia3,-50,-50,0,OK,100000
BDG-01,B6,1700,maia3-79m,3,c1e3,Be3,0.0732751041650772,0.9817840922623872,0.7280854909779894,493,26,481,rn1qkb1r/ppp1pppp/5n2/5b2/3P4/2N2N2/PPP3PP/R1BQKB1R w KQkq -,MODEL_PREDICTION_NOT_EMPIRICAL,after_key,0.0732751041650772,maia3,-59,-79,20,OK,100000
BDG-01,B6,1700,maia3-79m,4,f3e5,Ne5,0.0706264823675155,0.9817840922623872,0.7280854909779894,512,23,465,rn1qkb1r/ppp1pppp/5n2/5b2/3P4/2N2N2/PPP3PP/R1BQKB1R w KQkq -,MODEL_PREDICTION_NOT_EMPIRICAL,after_key,0.0706264823675155,maia3,-54,-66,12,OK,100000
BDG-01,B6,1700,maia3-79m,5,c1g5,Bg5,0.0591150633990764,0.9817840922623872,0.7280854909779894,502,26,472,rn1qkb1r/ppp1pppp/5n2/5b2/3P4/2N2N2/PPP3PP/R1BQKB1R w KQkq -,MODEL_PREDICTION_NOT_EMPIRICAL,after_key,0.0591150633990764,maia3,-46,-56,10,OK,100000
BDG-01,B6,1700,maia3-79m,6,f1b5,Bb5+,0.0311304815113544,0.9817840922623872,0.7280854909779894,502,30,468,rn1qkb1r/ppp1pppp/5n2/5b2/3P4/2N2N2/PPP3PP/R1BQKB1R w KQkq -,MODEL_PREDICTION_NOT_EMPIRICAL,after_key,0.0311304815113544,maia3,-54,-101,47,ERROR,100000
BDG-01,B6,1700,maia3-79m,7,h2h3,h3,0.03011916577816,0.9817840922623872,0.7280854909779894,487,27,486,rn1qkb1r/ppp1pppp/5n2/5b2/3P4/2N2N2/PPP3PP/R1BQKB1R w KQkq -,MODEL_PREDICTION_NOT_EMPIRICAL,after_key,0.03011916577816,maia3,-56,-95,39,OK,100000
BDG-01,B6,1700,maia3-79m,8,c1f4,Bf4,0.0299385767430067,0.9817840922623872,0.7280854909779894,543,24,433,rn1qkb1r/ppp1pppp/5n2/5b2/3P4/2N2N2/PPP3PP/R1BQKB1R w KQkq -,MODEL_PREDICTION_NOT_EMPIRICAL,after_key,0.0299385767430067,maia3,-45,-85,40,ERROR,100000
BDG-01,B6,1700,maia3-79m,9,f1e2,Be2,0.0190778728574514,0.9817840922623872,0.7280854909779894,508,27,465,rn1qkb1r/ppp1pppp/5n2/5b2/3P4/2N2N2/PPP3PP/R1BQKB1R w KQkq -,MODEL_PREDICTION_NOT_EMPIRICAL,after_key,0.0190778728574514,maia3,-59,-101,42,ERROR,100000
BDG-01,B6,1700,maia3-79m,10,f3h4,Nh4,0.0160705428570508,0.9817840922623872,0.7280854909779894,502,25,473,rn1qkb1r/ppp1pppp/5n2/5b2/3P4/2N2N2/PPP3PP/R1BQKB1R w KQkq -,MODEL_PREDICTION_NOT_EMPIRICAL,after_key,0.0160705428570508,maia3,-53,-114,61,ERROR,100000
BDG-01,B6,1900,maia3-79m,1,f1c4,Bc4,0.5455112457275391,0.9879870573058724,0.65550707142997,540,26,434,rn1qkb1r/ppp1pppp/5n2/5b2/3P4/2N2N2/PPP3PP/R1BQKB1R w KQkq -,MODEL_PREDICTION_NOT_EMPIRICAL,after_key,0.5455112457275391,maia3,-63,-86,23,OK,100000
BDG-01,B6,1900,maia3-79m,2,f1d3,Bd3,0.1516205966472625,0.9879870573058724,0.65550707142997,544,35,421,rn1qkb1r/ppp1pppp/5n2/5b2/3P4/2N2N2/PPP3PP/R1BQKB1R w KQkq -,MODEL_PREDICTION_NOT_EMPIRICAL,after_key,0.1516205966472625,maia3,-50,-50,0,OK,100000
BDG-01,B6,1900,maia3-79m,3,f3e5,Ne5,0.1008243933320045,0.9879870573058724,0.65550707142997,521,26,453,rn1qkb1r/ppp1pppp/5n2/5b2/3P4/2N2N2/PPP3PP/R1BQKB1R w KQkq -,MODEL_PREDICTION_NOT_EMPIRICAL,after_key,0.1008243933320045,maia3,-54,-66,12,OK,100000
BDG-01,B6,1900,maia3-79m,4,c1g5,Bg5,0.0498108901083469,0.9879870573058724,0.65550707142997,512,29,459,rn1qkb1r/ppp1pppp/5n2/5b2/3P4/2N2N2/PPP3PP/R1BQKB1R w KQkq -,MODEL_PREDICTION_NOT_EMPIRICAL,after_key,0.0498108901083469,maia3,-46,-56,10,OK,100000
BDG-01,B6,1900,maia3-79m,5,c1e3,Be3,0.0440998747944831,0.9879870573058724,0.65550707142997,498,29,473,rn1qkb1r/ppp1pppp/5n2/5b2/3P4/2N2N2/PPP3PP/R1BQKB1R w KQkq -,MODEL_PREDICTION_NOT_EMPIRICAL,after_key,0.0440998747944831,maia3,-59,-79,20,OK,100000
BDG-01,B6,1900,maia3-79m,6,h2h3,h3,0.0274610575288534,0.9879870573058724,0.65550707142997,492,29,479,rn1qkb1r/ppp1pppp/5n2/5b2/3P4/2N2N2/PPP3PP/R1BQKB1R w KQkq -,MODEL_PREDICTION_NOT_EMPIRICAL,after_key,0.0274610575288534,maia3,-56,-95,39,OK,100000
BDG-01,B6,1900,maia3-79m,7,f1b5,Bb5+,0.0224598348140716,0.9879870573058724,0.65550707142997,502,34,464,rn1qkb1r/ppp1pppp/5n2/5b2/3P4/2N2N2/PPP3PP/R1BQKB1R w KQkq -,MODEL_PREDICTION_NOT_EMPIRICAL,after_key,0.0224598348140716,maia3,-54,-101,47,ERROR,100000
BDG-01,B6,1900,maia3-79m,8,c1f4,Bf4,0.0222348663955926,0.9879870573058724,0.65550707142997,547,26,427,rn1qkb1r/ppp1pppp/5n2/5b2/3P4/2N2N2/PPP3PP/R1BQKB1R w KQkq -,MODEL_PREDICTION_NOT_EMPIRICAL,after_key,0.0222348663955926,maia3,-45,-85,40,ERROR,100000
BDG-01,B6,1900,maia3-79m,9,f3h4,Nh4,0.0137793458998203,0.9879870573058724,0.65550707142997,507,28,465,rn1qkb1r/ppp1pppp/5n2/5b2/3P4/2N2N2/PPP3PP/R1BQKB1R w KQkq -,MODEL_PREDICTION_NOT_EMPIRICAL,after_key,0.0137793458998203,maia3,-53,-114,61,ERROR,100000
BDG-01,B6,1900,maia3-79m,10,f1e2,Be2,0.010184952057898,0.9879870573058724,0.65550707142997,518,30,452,rn1qkb1r/ppp1pppp/5n2/5b2/3P4/2N2N2/PPP3PP/R1BQKB1R w KQkq -,MODEL_PREDICTION_NOT_EMPIRICAL,after_key,0.010184952057898,maia3,-59,-101,42,ERROR,100000
BDG-01,B6,2100,maia3-79m,1,f1c4,Bc4,0.5727971792221069,0.9914801730774344,0.5964730281673396,536,31,433,rn1qkb1r/ppp1pppp/5n2/5b2/3P4/2N2N2/PPP3PP/R1BQKB1R w KQkq -,MODEL_PREDICTION_NOT_EMPIRICAL,after_key,0.5727971792221069,maia3,-63,-86,23,OK,100000
BDG-01,B6,2100,maia3-79m,2,f3e5,Ne5,0.176634207367897,0.9914801730774344,0.5964730281673396,523,32,445,rn1qkb1r/ppp1pppp/5n2/5b2/3P4/2N2N2/PPP3PP/R1BQKB1R w KQkq -,MODEL_PREDICTION_NOT_EMPIRICAL,after_key,0.176634207367897,maia3,-54,-66,12,OK,100000
BDG-01,B6,2100,maia3-79m,3,f1d3,Bd3,0.1083291321992874,0.9914801730774344,0.5964730281673396,543,42,415,rn1qkb1r/ppp1pppp/5n2/5b2/3P4/2N2N2/PPP3PP/R1BQKB1R w KQkq -,MODEL_PREDICTION_NOT_EMPIRICAL,after_key,0.1083291321992874,maia3,-50,-50,0,OK,100000
BDG-01,B6,2100,maia3-79m,4,c1g5,Bg5,0.0416940785944461,0.9914801730774344,0.5964730281673396,512,34,454,rn1qkb1r/ppp1pppp/5n2/5b2/3P4/2N2N2/PPP3PP/R1BQKB1R w KQkq -,MODEL_PREDICTION_NOT_EMPIRICAL,after_key,0.0416940785944461,maia3,-46,-56,10,OK,100000
BDG-01,B6,2100,maia3-79m,5,h2h3,h3,0.024662297219038,0.9914801730774344,0.5964730281673396,485,35,480,rn1qkb1r/ppp1pppp/5n2/5b2/3P4/2N2N2/PPP3PP/R1BQKB1R w KQkq -,MODEL_PREDICTION_NOT_EMPIRICAL,after_key,0.024662297219038,maia3,-56,-95,39,OK,100000
BDG-01,B6,2100,maia3-79m,6,c1e3,Be3,0.0199384149163961,0.9914801730774344,0.5964730281673396,490,34,476,rn1qkb1r/ppp1pppp/5n2/5b2/3P4/2N2N2/PPP3PP/R1BQKB1R w KQkq -,MODEL_PREDICTION_NOT_EMPIRICAL,after_key,0.0199384149163961,maia3,-59,-79,20,OK,100000
BDG-01,B6,2100,maia3-79m,7,c1f4,Bf4,0.0176585279405117,0.9914801730774344,0.5964730281673396,541,31,428,rn1qkb1r/ppp1pppp/5n2/5b2/3P4/2N2N2/PPP3PP/R1BQKB1R w KQkq -,MODEL_PREDICTION_NOT_EMPIRICAL,after_key,0.0176585279405117,maia3,-45,-85,40,ERROR,100000
BDG-01,B6,2100,maia3-79m,8,f1b5,Bb5+,0.0150736887007951,0.9914801730774344,0.5964730281673396,494,40,466,rn1qkb1r/ppp1pppp/5n2/5b2/3P4/2N2N2/PPP3PP/R1BQKB1R w KQkq -,MODEL_PREDICTION_NOT_EMPIRICAL,after_key,0.0150736887007951,maia3,-54,-101,47,ERROR,100000
BDG-01,B6,2100,maia3-79m,9,f3h4,Nh4,0.0103874094784259,0.9914801730774344,0.5964730281673396,513,33,454,rn1qkb1r/ppp1pppp/5n2/5b2/3P4/2N2N2/PPP3PP/R1BQKB1R w KQkq -,MODEL_PREDICTION_NOT_EMPIRICAL,after_key,0.0103874094784259,maia3,-53,-114,61,ERROR,100000
BDG-01,B6,2100,maia3-79m,10,f1e2,Be2,0.0043052374385297,0.9914801730774344,0.5964730281673396,513,36,451,rn1qkb1r/ppp1pppp/5n2/5b2/3P4/2N2N2/PPP3PP/R1BQKB1R w KQkq -,MODEL_PREDICTION_NOT_EMPIRICAL,after_key,0.0043052374385297,maia3,-59,-101,42,ERROR,100000
ORD-10,B7,1100,maia3-79m,1,b2b3,b3,0.4298571348190307,0.9579141279682516,0.7198687057456986,394,20,586,rnb1kb1r/pp2pppp/1q3n2/3p4/3N1B2/7P/PPP1PPP1/RN1QKB1R w KQkq -,MODEL_PREDICTION_NOT_EMPIRICAL,after_key,0.4298571348190307,maia3,-59,-159,100,SEVERE_ERROR,100000
ORD-10,B7,1100,maia3-79m,2,e2e3,e3,0.2113732397556305,0.9579141279682516,0.7198687057456986,455,19,526,rnb1kb1r/pp2pppp/1q3n2/3p4/3N1B2/7P/PPP1PPP1/RN1QKB1R w KQkq -,MODEL_PREDICTION_NOT_EMPIRICAL,after_key,0.2113732397556305,maia3,-66,-51,0,OK,100000
ORD-10,B7,1100,maia3-79m,3,d4b3,Nb3,0.1020176783204078,0.9579141279682516,0.7198687057456986,453,20,527,rnb1kb1r/pp2pppp/1q3n2/3p4/3N1B2/7P/PPP1PPP1/RN1QKB1R w KQkq -,MODEL_PREDICTION_NOT_EMPIRICAL,after_key,0.1020176783204078,maia3,-32,-80,48,ERROR,100000
ORD-10,B7,1100,maia3-79m,4,b1c3,Nc3,0.0451704487204551,0.9579141279682516,0.7198687057456986,446,20,534,rnb1kb1r/pp2pppp/1q3n2/3p4/3N1B2/7P/PPP1PPP1/RN1QKB1R w KQkq -,MODEL_PREDICTION_NOT_EMPIRICAL,after_key,0.0451704487204551,maia3,-35,-148,113,SEVERE_ERROR,100000
ORD-10,B7,1100,maia3-79m,5,c2c3,c3,0.0449355132877826,0.9579141279682516,0.7198687057456986,401,20,579,rnb1kb1r/pp2pppp/1q3n2/3p4/3N1B2/7P/PPP1PPP1/RN1QKB1R w KQkq -,MODEL_PREDICTION_NOT_EMPIRICAL,after_key,0.0449355132877826,maia3,-32,-63,31,OK,100000
ORD-10,B7,1100,maia3-79m,6,f4e3,Be3,0.0376760885119438,0.9579141279682516,0.7198687057456986,388,19,593,rnb1kb1r/pp2pppp/1q3n2/3p4/3N1B2/7P/PPP1PPP1/RN1QKB1R w KQkq -,MODEL_PREDICTION_NOT_EMPIRICAL,after_key,0.0376760885119438,maia3,-36,-213,177,SEVERE_ERROR,100000
ORD-10,B7,1100,maia3-79m,7,d1c1,Qc1,0.0262919180095195,0.9579141279682516,0.7198687057456986,257,16,727,rnb1kb1r/pp2pppp/1q3n2/3p4/3N1B2/7P/PPP1PPP1/RN1QKB1R w KQkq -,MODEL_PREDICTION_NOT_EMPIRICAL,after_key,0.0262919180095195,maia3,-34,-430,396,SEVERE_ERROR,100000
ORD-10,B7,1100,maia3-79m,8,f4c1,Bc1,0.0238543767482042,0.9579141279682516,0.7198687057456986,369,20,611,rnb1kb1r/pp2pppp/1q3n2/3p4/3N1B2/7P/PPP1PPP1/RN1QKB1R w KQkq -,MODEL_PREDICTION_NOT_EMPIRICAL,after_key,0.0238543767482042,maia3,-33,-175,142,SEVERE_ERROR,100000
ORD-10,B7,1100,maia3-79m,9,d4f3,Nf3,0.0230589751154184,0.9579141279682516,0.7198687057456986,373,20,607,rnb1kb1r/pp2pppp/1q3n2/3p4/3N1B2/7P/PPP1PPP1/RN1QKB1R w KQkq -,MODEL_PREDICTION_NOT_EMPIRICAL,after_key,0.0230589751154184,maia3,-32,-132,100,SEVERE_ERROR,100000
ORD-10,B7,1100,maia3-79m,10,f4h2,Bh2,0.0136787546798586,0.9579141279682516,0.7198687057456986,347,19,634,rnb1kb1r/pp2pppp/1q3n2/3p4/3N1B2/7P/PPP1PPP1/RN1QKB1R w KQkq -,MODEL_PREDICTION_NOT_EMPIRICAL,after_key,0.0136787546798586,maia3,-30,-192,162,SEVERE_ERROR,100000
ORD-10,B7,1300,maia3-79m,1,b2b3,b3,0.4524830281734466,0.9614727757871152,0.6914451994484517,377,19,604,rnb1kb1r/pp2pppp/1q3n2/3p4/3N1B2/7P/PPP1PPP1/RN1QKB1R w KQkq -,MODEL_PREDICTION_NOT_EMPIRICAL,after_key,0.4524830281734466,maia3,-59,-159,100,SEVERE_ERROR,100000
ORD-10,B7,1300,maia3-79m,2,d4b3,Nb3,0.2040893882513046,0.9614727757871152,0.6914451994484517,452,20,528,rnb1kb1r/pp2pppp/1q3n2/3p4/3N1B2/7P/PPP1PPP1/RN1QKB1R w KQkq -,MODEL_PREDICTION_NOT_EMPIRICAL,after_key,0.2040893882513046,maia3,-32,-80,48,ERROR,100000
ORD-10,B7,1300,maia3-79m,3,e2e3,e3,0.1259119808673858,0.9614727757871152,0.6914451994484517,452,20,528,rnb1kb1r/pp2pppp/1q3n2/3p4/3N1B2/7P/PPP1PPP1/RN1QKB1R w KQkq -,MODEL_PREDICTION_NOT_EMPIRICAL,after_key,0.1259119808673858,maia3,-66,-51,0,OK,100000
ORD-10,B7,1300,maia3-79m,4,f4c1,Bc1,0.0340809449553489,0.9614727757871152,0.6914451994484517,352,19,629,rnb1kb1r/pp2pppp/1q3n2/3p4/3N1B2/7P/PPP1PPP1/RN1QKB1R w KQkq -,MODEL_PREDICTION_NOT_EMPIRICAL,after_key,0.0340809449553489,maia3,-33,-175,142,SEVERE_ERROR,100000
ORD-10,B7,1300,maia3-79m,5,b1c3,Nc3,0.0309118423610925,0.9614727757871152,0.6914451994484517,431,19,550,rnb1kb1r/pp2pppp/1q3n2/3p4/3N1B2/7P/PPP1PPP1/RN1QKB1R w KQkq -,MODEL_PREDICTION_NOT_EMPIRICAL,after_key,0.0309118423610925,maia3,-35,-148,113,SEVERE_ERROR,100000
ORD-10,B7,1300,maia3-79m,6,d1c1,Qc1,0.0303710717707872,0.9614727757871152,0.6914451994484517,222,14,764,rnb1kb1r/pp2pppp/1q3n2/3p4/3N1B2/7P/PPP1PPP1/RN1QKB1R w KQkq -,MODEL_PREDICTION_NOT_EMPIRICAL,after_key,0.0303710717707872,maia3,-34,-430,396,SEVERE_ERROR,100000
ORD-10,B7,1300,maia3-79m,7,f4e3,Be3,0.029268305748701,0.9614727757871152,0.6914451994484517,374,18,608,rnb1kb1r/pp2pppp/1q3n2/3p4/3N1B2/7P/PPP1PPP1/RN1QKB1R w KQkq -,MODEL_PREDICTION_NOT_EMPIRICAL,after_key,0.029268305748701,maia3,-36,-213,177,SEVERE_ERROR,100000
ORD-10,B7,1300,maia3-79m,8,c2c3,c3,0.0237676575779914,0.9614727757871152,0.6914451994484517,402,19,579,rnb1kb1r/pp2pppp/1q3n2/3p4/3N1B2/7P/PPP1PPP1/RN1QKB1R w KQkq -,MODEL_PREDICTION_NOT_EMPIRICAL,after_key,0.0237676575779914,maia3,-32,-63,31,OK,100000
ORD-10,B7,1300,maia3-79m,9,d4f3,Nf3,0.018803846091032,0.9614727757871152,0.6914451994484517,366,19,615,rnb1kb1r/pp2pppp/1q3n2/3p4/3N1B2/7P/PPP1PPP1/RN1QKB1R w KQkq -,MODEL_PREDICTION_NOT_EMPIRICAL,after_key,0.018803846091032,maia3,-32,-132,100,SEVERE_ERROR,100000
ORD-10,B7,1300,maia3-79m,10,f4h2,Bh2,0.0117847099900245,0.9614727757871152,0.6914451994484517,338,18,644,rnb1kb1r/pp2pppp/1q3n2/3p4/3N1B2/7P/PPP1PPP1/RN1QKB1R w KQkq -,MODEL_PREDICTION_NOT_EMPIRICAL,after_key,0.0117847099900245,maia3,-30,-192,162,SEVERE_ERROR,100000
ORD-10,B7,1500,maia3-79m,1,b2b3,b3,0.4223322570323944,0.9647526303306222,0.6598198953674359,374,20,606,rnb1kb1r/pp2pppp/1q3n2/3p4/3N1B2/7P/PPP1PPP1/RN1QKB1R w KQkq -,MODEL_PREDICTION_NOT_EMPIRICAL,after_key,0.4223322570323944,maia3,-59,-159,100,SEVERE_ERROR,100000
ORD-10,B7,1500,maia3-79m,2,d4b3,Nb3,0.2978037595748901,0.9647526303306222,0.6598198953674359,451,23,526,rnb1kb1r/pp2pppp/1q3n2/3p4/3N1B2/7P/PPP1PPP1/RN1QKB1R w KQkq -,MODEL_PREDICTION_NOT_EMPIRICAL,after_key,0.2978037595748901,maia3,-32,-80,48,ERROR,100000
ORD-10,B7,1500,maia3-79m,3,e2e3,e3,0.0883044004440307,0.9647526303306222,0.6598198953674359,456,21,523,rnb1kb1r/pp2pppp/1q3n2/3p4/3N1B2/7P/PPP1PPP1/RN1QKB1R w KQkq -,MODEL_PREDICTION_NOT_EMPIRICAL,after_key,0.0883044004440307,maia3,-66,-51,0,OK,100000
ORD-10,B7,1500,maia3-79m,4,f4c1,Bc1,0.042936835438013,0.9647526303306222,0.6598198953674359,341,20,639,rnb1kb1r/pp2pppp/1q3n2/3p4/3N1B2/7P/PPP1PPP1/RN1QKB1R w KQkq -,MODEL_PREDICTION_NOT_EMPIRICAL,after_key,0.042936835438013,maia3,-33,-175,142,SEVERE_ERROR,100000
ORD-10,B7,1500,maia3-79m,5,d1c1,Qc1,0.0273526590317487,0.9647526303306222,0.6598198953674359,207,14,779,rnb1kb1r/pp2pppp/1q3n2/3p4/3N1B2/7P/PPP1PPP1/RN1QKB1R w KQkq -,MODEL_PREDICTION_NOT_EMPIRICAL,after_key,0.0273526590317487,maia3,-34,-430,396,SEVERE_ERROR,100000
ORD-10,B7,1500,maia3-79m,6,b1c3,Nc3,0.0249192304909229,0.9647526303306222,0.6598198953674359,442,19,539,rnb1kb1r/pp2pppp/1q3n2/3p4/3N1B2/7P/PPP1PPP1/RN1QKB1R w KQkq -,MODEL_PREDICTION_NOT_EMPIRICAL,after_key,0.0249192304909229,maia3,-35,-148,113,SEVERE_ERROR,100000
ORD-10,B7,1500,maia3-79m,7,f4e3,Be3,0.0189530681818723,0.9647526303306222,0.6598198953674359,366,19,615,rnb1kb1r/pp2pppp/1q3n2/3p4/3N1B2/7P/PPP1PPP1/RN1QKB1R w KQkq -,MODEL_PREDICTION_NOT_EMPIRICAL,after_key,0.0189530681818723,maia3,-36,-213,177,SEVERE_ERROR,100000
ORD-10,B7,1500,maia3-79m,8,d4f3,Nf3,0.0155753875151276,0.9647526303306222,0.6598198953674359,361,21,618,rnb1kb1r/pp2pppp/1q3n2/3p4/3N1B2/7P/PPP1PPP1/RN1QKB1R w KQkq -,MODEL_PREDICTION_NOT_EMPIRICAL,after_key,0.0155753875151276,maia3,-32,-132,100,SEVERE_ERROR,100000
ORD-10,B7,1500,maia3-79m,9,c2c3,c3,0.0149982012808322,0.9647526303306222,0.6598198953674359,405,20,575,rnb1kb1r/pp2pppp/1q3n2/3p4/3N1B2/7P/PPP1PPP1/RN1QKB1R w KQkq -,MODEL_PREDICTION_NOT_EMPIRICAL,after_key,0.0149982012808322,maia3,-32,-63,31,OK,100000
ORD-10,B7,1500,maia3-79m,10,f4b8,Bxb8,0.0115768313407897,0.9647526303306222,0.6598198953674359,317,20,663,rnb1kb1r/pp2pppp/1q3n2/3p4/3N1B2/7P/PPP1PPP1/RN1QKB1R w KQkq -,MODEL_PREDICTION_NOT_EMPIRICAL,after_key,0.0115768313407897,maia3,-31,-155,124,SEVERE_ERROR,100000
ORD-10,B7,1700,maia3-79m,1,b2b3,b3,0.3862626850605011,0.9714396325871348,0.6200948968694806,377,23,600,rnb1kb1r/pp2pppp/1q3n2/3p4/3N1B2/7P/PPP1PPP1/RN1QKB1R w KQkq -,MODEL_PREDICTION_NOT_EMPIRICAL,after_key,0.3862626850605011,maia3,-59,-159,100,SEVERE_ERROR,100000
ORD-10,B7,1700,maia3-79m,2,d4b3,Nb3,0.3817764222621918,0.9714396325871348,0.6200948968694806,446,26,528,rnb1kb1r/pp2pppp/1q3n2/3p4/3N1B2/7P/PPP1PPP1/RN1QKB1R w KQkq -,MODEL_PREDICTION_NOT_EMPIRICAL,after_key,0.3817764222621918,maia3,-32,-80,48,ERROR,100000
ORD-10,B7,1700,maia3-79m,3,e2e3,e3,0.0690192803740501,0.9714396325871348,0.6200948968694806,463,25,512,rnb1kb1r/pp2pppp/1q3n2/3p4/3N1B2/7P/PPP1PPP1/RN1QKB1R w KQkq -,MODEL_PREDICTION_NOT_EMPIRICAL,after_key,0.0690192803740501,maia3,-66,-51,0,OK,100000
ORD-10,B7,1700,maia3-79m,4,f4c1,Bc1,0.0480279773473739,0.9714396325871348,0.6200948968694806,336,22,642,rnb1kb1r/pp2pppp/1q3n2/3p4/3N1B2/7P/PPP1PPP1/RN1QKB1R w KQkq -,MODEL_PREDICTION_NOT_EMPIRICAL,after_key,0.0480279773473739,maia3,-33,-175,142,SEVERE_ERROR,100000
ORD-10,B7,1700,maia3-79m,5,b1c3,Nc3,0.0217502992600202,0.9714396325871348,0.6200948968694806,471,21,508,rnb1kb1r/pp2pppp/1q3n2/3p4/3N1B2/7P/PPP1PPP1/RN1QKB1R w KQkq -,MODEL_PREDICTION_NOT_EMPIRICAL,after_key,0.0217502992600202,maia3,-35,-148,113,SEVERE_ERROR,100000
ORD-10,B7,1700,maia3-79m,6,d1c1,Qc1,0.0190648231655359,0.9714396325871348,0.6200948968694806,195,14,791,rnb1kb1r/pp2pppp/1q3n2/3p4/3N1B2/7P/PPP1PPP1/RN1QKB1R w KQkq -,MODEL_PREDICTION_NOT_EMPIRICAL,after_key,0.0190648231655359,maia3,-34,-430,396,SEVERE_ERROR,100000
ORD-10,B7,1700,maia3-79m,7,f4b8,Bxb8,0.0122352791950106,0.9714396325871348,0.6200948968694806,311,23,666,rnb1kb1r/pp2pppp/1q3n2/3p4/3N1B2/7P/PPP1PPP1/RN1QKB1R w KQkq -,MODEL_PREDICTION_NOT_EMPIRICAL,after_key,0.0122352791950106,maia3,-31,-155,124,SEVERE_ERROR,100000
ORD-10,B7,1700,maia3-79m,8,d4f3,Nf3,0.0117113823071122,0.9714396325871348,0.6200948968694806,360,23,617,rnb1kb1r/pp2pppp/1q3n2/3p4/3N1B2/7P/PPP1PPP1/RN1QKB1R w KQkq -,MODEL_PREDICTION_NOT_EMPIRICAL,after_key,0.0117113823071122,maia3,-32,-132,100,SEVERE_ERROR,100000
ORD-10,B7,1700,maia3-79m,9,c2c3,c3,0.0115251755341887,0.9714396325871348,0.6200948968694806,406,23,571,rnb1kb1r/pp2pppp/1q3n2/3p4/3N1B2/7P/PPP1PPP1/RN1QKB1R w KQkq -,MODEL_PREDICTION_NOT_EMPIRICAL,after_key,0.0115251755341887,maia3,-32,-63,31,OK,100000
ORD-10,B7,1700,maia3-79m,10,b1d2,Nd2,0.01006630808115,0.9714396325871348,0.6200948968694806,287,18,695,rnb1kb1r/pp2pppp/1q3n2/3p4/3N1B2/7P/PPP1PPP1/RN1QKB1R w KQkq -,MODEL_PREDICTION_NOT_EMPIRICAL,after_key,0.01006630808115,maia3,-33,-376,343,SEVERE_ERROR,100000
ORD-10,B7,1900,maia3-79m,1,d4b3,Nb3,0.4737693667411804,0.9849991071969272,0.5742925202799197,428,32,540,rnb1kb1r/pp2pppp/1q3n2/3p4/3N1B2/7P/PPP1PPP1/RN1QKB1R w KQkq -,MODEL_PREDICTION_NOT_EMPIRICAL,after_key,0.4737693667411804,maia3,-32,-80,48,ERROR,100000
ORD-10,B7,1900,maia3-79m,2,b2b3,b3,0.3405118584632873,0.9849991071969272,0.5742925202799197,379,28,593,rnb1kb1r/pp2pppp/1q3n2/3p4/3N1B2/7P/PPP1PPP1/RN1QKB1R w KQkq -,MODEL_PREDICTION_NOT_EMPIRICAL,after_key,0.3405118584632873,maia3,-59,-159,100,SEVERE_ERROR,100000
ORD-10,B7,1900,maia3-79m,3,e2e3,e3,0.0549296773970127,0.9849991071969272,0.5742925202799197,474,30,496,rnb1kb1r/pp2pppp/1q3n2/3p4/3N1B2/7P/PPP1PPP1/RN1QKB1R w KQkq -,MODEL_PREDICTION_NOT_EMPIRICAL,after_key,0.0549296773970127,maia3,-66,-51,0,OK,100000
ORD-10,B7,1900,maia3-79m,4,f4c1,Bc1,0.0494772940874099,0.9849991071969272,0.5742925202799197,339,26,635,rnb1kb1r/pp2pppp/1q3n2/3p4/3N1B2/7P/PPP1PPP1/RN1QKB1R w KQkq -,MODEL_PREDICTION_NOT_EMPIRICAL,after_key,0.0494772940874099,maia3,-33,-175,142,SEVERE_ERROR,100000
ORD-10,B7,1900,maia3-79m,5,b1c3,Nc3,0.0206839833408594,0.9849991071969272,0.5742925202799197,508,24,468,rnb1kb1r/pp2pppp/1q3n2/3p4/3N1B2/7P/PPP1PPP1/RN1QKB1R w KQkq -,MODEL_PREDICTION_NOT_EMPIRICAL,after_key,0.0206839833408594,maia3,-35,-148,113,SEVERE_ERROR,100000
ORD-10,B7,1900,maia3-79m,6,f4b8,Bxb8,0.0112134516239166,0.9849991071969272,0.5742925202799197,311,27,662,rnb1kb1r/pp2pppp/1q3n2/3p4/3N1B2/7P/PPP1PPP1/RN1QKB1R w KQkq -,MODEL_PREDICTION_NOT_EMPIRICAL,after_key,0.0112134516239166,maia3,-31,-155,124,SEVERE_ERROR,100000
ORD-10,B7,1900,maia3-79m,7,d1c1,Qc1,0.0110828531906008,0.9849991071969272,0.5742925202799197,186,16,798,rnb1kb1r/pp2pppp/1q3n2/3p4/3N1B2/7P/PPP1PPP1/RN1QKB1R w KQkq -,MODEL_PREDICTION_NOT_EMPIRICAL,after_key,0.0110828531906008,maia3,-34,-430,396,SEVERE_ERROR,100000
ORD-10,B7,1900,maia3-79m,8,c2c3,c3,0.0095521761104464,0.9849991071969272,0.5742925202799197,410,28,562,rnb1kb1r/pp2pppp/1q3n2/3p4/3N1B2/7P/PPP1PPP1/RN1QKB1R w KQkq -,MODEL_PREDICTION_NOT_EMPIRICAL,after_key,0.0095521761104464,maia3,-32,-63,31,OK,100000
ORD-10,B7,1900,maia3-79m,9,b1d2,Nd2,0.0072485427372157,0.9849991071969272,0.5742925202799197,279,20,701,rnb1kb1r/pp2pppp/1q3n2/3p4/3N1B2/7P/PPP1PPP1/RN1QKB1R w KQkq -,MODEL_PREDICTION_NOT_EMPIRICAL,after_key,0.0072485427372157,maia3,-33,-376,343,SEVERE_ERROR,100000
ORD-10,B7,1900,maia3-79m,10,d4f3,Nf3,0.0065299035049974,0.9849991071969272,0.5742925202799197,360,27,613,rnb1kb1r/pp2pppp/1q3n2/3p4/3N1B2/7P/PPP1PPP1/RN1QKB1R w KQkq -,MODEL_PREDICTION_NOT_EMPIRICAL,after_key,0.0065299035049974,maia3,-32,-132,100,SEVERE_ERROR,100000
ORD-10,B7,2100,maia3-79m,1,d4b3,Nb3,0.5738005638122559,0.9920462013687938,0.5219145443755517,415,42,543,rnb1kb1r/pp2pppp/1q3n2/3p4/3N1B2/7P/PPP1PPP1/RN1QKB1R w KQkq -,MODEL_PREDICTION_NOT_EMPIRICAL,after_key,0.5738005638122559,maia3,-32,-80,48,ERROR,100000
ORD-10,B7,2100,maia3-79m,2,b2b3,b3,0.2692402899265289,0.9920462013687938,0.5219145443755517,374,36,590,rnb1kb1r/pp2pppp/1q3n2/3p4/3N1B2/7P/PPP1PPP1/RN1QKB1R w KQkq -,MODEL_PREDICTION_NOT_EMPIRICAL,after_key,0.2692402899265289,maia3,-59,-159,100,SEVERE_ERROR,100000
ORD-10,B7,2100,maia3-79m,3,f4c1,Bc1,0.047705553472042,0.9920462013687938,0.5219145443755517,340,33,627,rnb1kb1r/pp2pppp/1q3n2/3p4/3N1B2/7P/PPP1PPP1/RN1QKB1R w KQkq -,MODEL_PREDICTION_NOT_EMPIRICAL,after_key,0.047705553472042,maia3,-33,-175,142,SEVERE_ERROR,100000
ORD-10,B7,2100,maia3-79m,4,e2e3,e3,0.0464237369596958,0.9920462013687938,0.5219145443755517,497,39,464,rnb1kb1r/pp2pppp/1q3n2/3p4/3N1B2/7P/PPP1PPP1/RN1QKB1R w KQkq -,MODEL_PREDICTION_NOT_EMPIRICAL,after_key,0.0464237369596958,maia3,-66,-51,0,OK,100000
ORD-10,B7,2100,maia3-79m,5,b1c3,Nc3,0.0258954372256994,0.9920462013687938,0.5219145443755517,546,30,424,rnb1kb1r/pp2pppp/1q3n2/3p4/3N1B2/7P/PPP1PPP1/RN1QKB1R w KQkq -,MODEL_PREDICTION_NOT_EMPIRICAL,after_key,0.0258954372256994,maia3,-35,-148,113,SEVERE_ERROR,100000
ORD-10,B7,2100,maia3-79m,6,f4b8,Bxb8,0.0082885110750794,0.9920462013687938,0.5219145443755517,314,35,651,rnb1kb1r/pp2pppp/1q3n2/3p4/3N1B2/7P/PPP1PPP1/RN1QKB1R w KQkq -,MODEL_PREDICTION_NOT_EMPIRICAL,after_key,0.0082885110750794,maia3,-31,-155,124,SEVERE_ERROR,100000
ORD-10,B7,2100,maia3-79m,7,c2c3,c3,0.0074888598173856,0.9920462013687938,0.5219145443755517,422,38,540,rnb1kb1r/pp2pppp/1q3n2/3p4/3N1B2/7P/PPP1PPP1/RN1QKB1R w KQkq -,MODEL_PREDICTION_NOT_EMPIRICAL,after_key,0.0074888598173856,maia3,-32,-63,31,OK,100000
ORD-10,B7,2100,maia3-79m,8,d1c1,Qc1,0.0059959525242447,0.9920462013687938,0.5219145443755517,176,18,806,rnb1kb1r/pp2pppp/1q3n2/3p4/3N1B2/7P/PPP1PPP1/RN1QKB1R w KQkq -,MODEL_PREDICTION_NOT_EMPIRICAL,after_key,0.0059959525242447,maia3,-34,-430,396,SEVERE_ERROR,100000
ORD-10,B7,2100,maia3-79m,9,b1d2,Nd2,0.0043447315692901,0.9920462013687938,0.5219145443755517,269,24,707,rnb1kb1r/pp2pppp/1q3n2/3p4/3N1B2/7P/PPP1PPP1/RN1QKB1R w KQkq -,MODEL_PREDICTION_NOT_EMPIRICAL,after_key,0.0043447315692901,maia3,-33,-376,343,SEVERE_ERROR,100000
ORD-10,B7,2100,maia3-79m,10,d4f3,Nf3,0.0028625649865716,0.9920462013687938,0.5219145443755517,364,36,600,rnb1kb1r/pp2pppp/1q3n2/3p4/3N1B2/7P/PPP1PPP1/RN1QKB1R w KQkq -,MODEL_PREDICTION_NOT_EMPIRICAL,after_key,0.0028625649865716,maia3,-32,-132,100,SEVERE_ERROR,100000
JOB-06,B7,1100,maia3-79m,1,d4a4,Qa4,0.31058070063591,0.9819036331027746,0.7871642814637425,414,20,566,r1bqkb1r/pp2pppp/2n2n2/3p4/3Q1B2/2N2P2/PPP1P1PP/R3KBNR w KQkq -,MODEL_PREDICTION_NOT_EMPIRICAL,after_key,0.31058070063591,maia3,-233,-253,20,OK,100000
JOB-06,B7,1100,maia3-79m,2,d4d2,Qd2,0.2383354157209396,0.9819036331027746,0.7871642814637425,380,21,599,r1bqkb1r/pp2pppp/2n2n2/3p4/3Q1B2/2N2P2/PPP1P1PP/R3KBNR w KQkq -,MODEL_PREDICTION_NOT_EMPIRICAL,after_key,0.2383354157209396,maia3,-225,-236,11,OK,100000
JOB-06,B7,1100,maia3-79m,3,d4d1,Qd1,0.1629931926727295,0.9819036331027746,0.7871642814637425,352,22,626,r1bqkb1r/pp2pppp/2n2n2/3p4/3Q1B2/2N2P2/PPP1P1PP/R3KBNR w KQkq -,MODEL_PREDICTION_NOT_EMPIRICAL,after_key,0.1629931926727295,maia3,-237,-308,71,ERROR,100000
JOB-06,B7,1100,maia3-79m,4,d4d3,Qd3,0.0897870436310768,0.9819036331027746,0.7871642814637425,359,19,622,r1bqkb1r/pp2pppp/2n2n2/3p4/3Q1B2/2N2P2/PPP1P1PP/R3KBNR w KQkq -,MODEL_PREDICTION_NOT_EMPIRICAL,after_key,0.0897870436310768,maia3,-238,-235,0,OK,100000
JOB-06,B7,1100,maia3-79m,5,d4c5,Qc5,0.0684347003698349,0.9819036331027746,0.7871642814637425,228,15,757,r1bqkb1r/pp2pppp/2n2n2/3p4/3Q1B2/2N2P2/PPP1P1PP/R3KBNR w KQkq -,MODEL_PREDICTION_NOT_EMPIRICAL,after_key,0.0684347003698349,maia3,-244,-508,264,SEVERE_ERROR,100000
JOB-06,B7,1100,maia3-79m,6,d4f2,Qf2,0.0379115641117095,0.9819036331027746,0.7871642814637425,368,19,613,r1bqkb1r/pp2pppp/2n2n2/3p4/3Q1B2/2N2P2/PPP1P1PP/R3KBNR w KQkq -,MODEL_PREDICTION_NOT_EMPIRICAL,after_key,0.0379115641117095,maia3,-234,-262,28,OK,100000
JOB-06,B7,1100,maia3-79m,7,d4e3,Qe3,0.0282954592257738,0.9819036331027746,0.7871642814637425,325,18,657,r1bqkb1r/pp2pppp/2n2n2/3p4/3Q1B2/2N2P2/PPP1P1PP/R3KBNR w KQkq -,MODEL_PREDICTION_NOT_EMPIRICAL,after_key,0.0282954592257738,maia3,-247,-456,209,SEVERE_ERROR,100000
JOB-06,B7,1100,maia3-79m,8,c3b5,Nb5,0.0232041534036397,0.9819036331027746,0.7871642814637425,244,15,741,r1bqkb1r/pp2pppp/2n2n2/3p4/3Q1B2/2N2P2/PPP1P1PP/R3KBNR w KQkq -,MODEL_PREDICTION_NOT_EMPIRICAL,after_key,0.0232041534036397,maia3,-244,-618,374,SEVERE_ERROR,100000
JOB-06,B7,1100,maia3-79m,9,e2e4,e4,0.0141891501843929,0.9819036331027746,0.7871642814637425,77,9,914,r1bqkb1r/pp2pppp/2n2n2/3p4/3Q1B2/2N2P2/PPP1P1PP/R3KBNR w KQkq -,MODEL_PREDICTION_NOT_EMPIRICAL,after_key,0.0141891501843929,maia3,-240,-524,284,SEVERE_ERROR,100000
JOB-06,B7,1100,maia3-79m,10,e1c1,O-O-O,0.0081722531467676,0.9819036331027746,0.7871642814637425,111,9,880,r1bqkb1r/pp2pppp/2n2n2/3p4/3Q1B2/2N2P2/PPP1P1PP/R3KBNR w KQkq -,MODEL_PREDICTION_NOT_EMPIRICAL,after_key,0.0081722531467676,maia3,-221,-516,295,SEVERE_ERROR,100000
JOB-06,B7,1300,maia3-79m,1,d4d2,Qd2,0.3280529975891113,0.9884519684128464,0.7240291224502744,369,21,610,r1bqkb1r/pp2pppp/2n2n2/3p4/3Q1B2/2N2P2/PPP1P1PP/R3KBNR w KQkq -,MODEL_PREDICTION_NOT_EMPIRICAL,after_key,0.3280529975891113,maia3,-225,-236,11,OK,100000
JOB-06,B7,1300,maia3-79m,2,d4a4,Qa4,0.2789289355278015,0.9884519684128464,0.7240291224502744,405,19,576,r1bqkb1r/pp2pppp/2n2n2/3p4/3Q1B2/2N2P2/PPP1P1PP/R3KBNR w KQkq -,MODEL_PREDICTION_NOT_EMPIRICAL,after_key,0.2789289355278015,maia3,-233,-253,20,OK,100000
JOB-06,B7,1300,maia3-79m,3,d4d1,Qd1,0.196426659822464,0.9884519684128464,0.7240291224502744,339,21,640,r1bqkb1r/pp2pppp/2n2n2/3p4/3Q1B2/2N2P2/PPP1P1PP/R3KBNR w KQkq -,MODEL_PREDICTION_NOT_EMPIRICAL,after_key,0.196426659822464,maia3,-237,-308,71,ERROR,100000
JOB-06,B7,1300,maia3-79m,4,d4d3,Qd3,0.0604543797671794,0.9884519684128464,0.7240291224502744,355,19,626,r1bqkb1r/pp2pppp/2n2n2/3p4/3Q1B2/2N2P2/PPP1P1PP/R3KBNR w KQkq -,MODEL_PREDICTION_NOT_EMPIRICAL,after_key,0.0604543797671794,maia3,-238,-235,0,OK,100000
JOB-06,B7,1300,maia3-79m,5,d4f2,Qf2,0.0467141009867191,0.9884519684128464,0.7240291224502744,359,19,622,r1bqkb1r/pp2pppp/2n2n2/3p4/3Q1B2/2N2P2/PPP1P1PP/R3KBNR w KQkq -,MODEL_PREDICTION_NOT_EMPIRICAL,after_key,0.0467141009867191,maia3,-234,-262,28,OK,100000
JOB-06,B7,1300,maia3-79m,6,d4c5,Qc5,0.0276987887918949,0.9884519684128464,0.7240291224502744,194,13,793,r1bqkb1r/pp2pppp/2n2n2/3p4/3Q1B2/2N2P2/PPP1P1PP/R3KBNR w KQkq -,MODEL_PREDICTION_NOT_EMPIRICAL,after_key,0.0276987887918949,maia3,-244,-508,264,SEVERE_ERROR,100000
JOB-06,B7,1300,maia3-79m,7,d4e3,Qe3,0.0191478934139013,0.9884519684128464,0.7240291224502744,299,17,684,r1bqkb1r/pp2pppp/2n2n2/3p4/3Q1B2/2N2P2/PPP1P1PP/R3KBNR w KQkq -,MODEL_PREDICTION_NOT_EMPIRICAL,after_key,0.0191478934139013,maia3,-247,-456,209,SEVERE_ERROR,100000
JOB-06,B7,1300,maia3-79m,8,c3b5,Nb5,0.0180240832269191,0.9884519684128464,0.7240291224502744,210,12,778,r1bqkb1r/pp2pppp/2n2n2/3p4/3Q1B2/2N2P2/PPP1P1PP/R3KBNR w KQkq -,MODEL_PREDICTION_NOT_EMPIRICAL,after_key,0.0180240832269191,maia3,-244,-618,374,SEVERE_ERROR,100000
JOB-06,B7,1300,maia3-79m,9,e1c1,O-O-O,0.0067574330605566,0.9884519684128464,0.7240291224502744,101,7,892,r1bqkb1r/pp2pppp/2n2n2/3p4/3Q1B2/2N2P2/PPP1P1PP/R3KBNR w KQkq -,MODEL_PREDICTION_NOT_EMPIRICAL,after_key,0.0067574330605566,maia3,-221,-516,295,SEVERE_ERROR,100000
JOB-06,B7,1300,maia3-79m,10,e2e4,e4,0.0062466962262988,0.9884519684128464,0.7240291224502744,62,6,932,r1bqkb1r/pp2pppp/2n2n2/3p4/3Q1B2/2N2P2/PPP1P1PP/R3KBNR w KQkq -,MODEL_PREDICTION_NOT_EMPIRICAL,after_key,0.0062466962262988,maia3,-240,-524,284,SEVERE_ERROR,100000
JOB-06,B7,1500,maia3-79m,1,d4d2,Qd2,0.4055761992931366,0.9915071956347674,0.6641624411256344,355,21,624,r1bqkb1r/pp2pppp/2n2n2/3p4/3Q1B2/2N2P2/PPP1P1PP/R3KBNR w KQkq -,MODEL_PREDICTION_NOT_EMPIRICAL,after_key,0.4055761992931366,maia3,-225,-236,11,OK,100000
JOB-06,B7,1500,maia3-79m,2,d4a4,Qa4,0.2328650653362274,0.9915071956347674,0.6641624411256344,399,20,581,r1bqkb1r/pp2pppp/2n2n2/3p4/3Q1B2/2N2P2/PPP1P1PP/R3KBNR w KQkq -,MODEL_PREDICTION_NOT_EMPIRICAL,after_key,0.2328650653362274,maia3,-233,-253,20,OK,100000
JOB-06,B7,1500,maia3-79m,3,d4d1,Qd1,0.2122769355773925,0.9915071956347674,0.6641624411256344,324,22,654,r1bqkb1r/pp2pppp/2n2n2/3p4/3Q1B2/2N2P2/PPP1P1PP/R3KBNR w KQkq -,MODEL_PREDICTION_NOT_EMPIRICAL,after_key,0.2122769355773925,maia3,-237,-308,71,ERROR,100000
JOB-06,B7,1500,maia3-79m,4,d4f2,Qf2,0.0577081069350242,0.9915071956347674,0.6641624411256344,350,20,630,r1bqkb1r/pp2pppp/2n2n2/3p4/3Q1B2/2N2P2/PPP1P1PP/R3KBNR w KQkq -,MODEL_PREDICTION_NOT_EMPIRICAL,after_key,0.0577081069350242,maia3,-234,-262,28,OK,100000
JOB-06,B7,1500,maia3-79m,5,d4d3,Qd3,0.0392288826406002,0.9915071956347674,0.6641624411256344,345,19,636,r1bqkb1r/pp2pppp/2n2n2/3p4/3Q1B2/2N2P2/PPP1P1PP/R3KBNR w KQkq -,MODEL_PREDICTION_NOT_EMPIRICAL,after_key,0.0392288826406002,maia3,-238,-235,0,OK,100000
JOB-06,B7,1500,maia3-79m,6,d4c5,Qc5,0.0125278327614068,0.9915071956347674,0.6641624411256344,167,12,821,r1bqkb1r/pp2pppp/2n2n2/3p4/3Q1B2/2N2P2/PPP1P1PP/R3KBNR w KQkq -,MODEL_PREDICTION_NOT_EMPIRICAL,after_key,0.0125278327614068,maia3,-244,-508,264,SEVERE_ERROR,100000
JOB-06,B7,1500,maia3-79m,7,d4e3,Qe3,0.0122700668871402,0.9915071956347674,0.6641624411256344,264,16,720,r1bqkb1r/pp2pppp/2n2n2/3p4/3Q1B2/2N2P2/PPP1P1PP/R3KBNR w KQkq -,MODEL_PREDICTION_NOT_EMPIRICAL,after_key,0.0122700668871402,maia3,-247,-456,209,SEVERE_ERROR,100000
JOB-06,B7,1500,maia3-79m,8,c3b5,Nb5,0.0103787695989012,0.9915071956347674,0.6641624411256344,184,11,805,r1bqkb1r/pp2pppp/2n2n2/3p4/3Q1B2/2N2P2/PPP1P1PP/R3KBNR w KQkq -,MODEL_PREDICTION_NOT_EMPIRICAL,after_key,0.0103787695989012,maia3,-244,-618,374,SEVERE_ERROR,100000
JOB-06,B7,1500,maia3-79m,9,e1c1,O-O-O,0.0052356026135385,0.9915071956347674,0.6641624411256344,92,7,901,r1bqkb1r/pp2pppp/2n2n2/3p4/3Q1B2/2N2P2/PPP1P1PP/R3KBNR w KQkq -,MODEL_PREDICTION_NOT_EMPIRICAL,after_key,0.0052356026135385,maia3,-221,-516,295,SEVERE_ERROR,100000
JOB-06,B7,1500,maia3-79m,10,e2e4,e4,0.0034397339913994,0.9915071956347674,0.6641624411256344,49,5,946,r1bqkb1r/pp2pppp/2n2n2/3p4/3Q1B2/2N2P2/PPP1P1PP/R3KBNR w KQkq -,MODEL_PREDICTION_NOT_EMPIRICAL,after_key,0.0034397339913994,maia3,-240,-524,284,SEVERE_ERROR,100000
JOB-06,B7,1700,maia3-79m,1,d4d2,Qd2,0.4605082869529724,0.993945142487064,0.6154777979528957,338,22,640,r1bqkb1r/pp2pppp/2n2n2/3p4/3Q1B2/2N2P2/PPP1P1PP/R3KBNR w KQkq -,MODEL_PREDICTION_NOT_EMPIRICAL,after_key,0.4605082869529724,maia3,-225,-236,11,OK,100000
JOB-06,B7,1700,maia3-79m,2,d4d1,Qd1,0.2131765186786651,0.993945142487064,0.6154777979528957,307,22,671,r1bqkb1r/pp2pppp/2n2n2/3p4/3Q1B2/2N2P2/PPP1P1PP/R3KBNR w KQkq -,MODEL_PREDICTION_NOT_EMPIRICAL,after_key,0.2131765186786651,maia3,-237,-308,71,ERROR,100000
JOB-06,B7,1700,maia3-79m,3,d4a4,Qa4,0.1990881711244583,0.993945142487064,0.6154777979528957,399,22,579,r1bqkb1r/pp2pppp/2n2n2/3p4/3Q1B2/2N2P2/PPP1P1PP/R3KBNR w KQkq -,MODEL_PREDICTION_NOT_EMPIRICAL,after_key,0.1990881711244583,maia3,-233,-253,20,OK,100000
JOB-06,B7,1700,maia3-79m,4,d4f2,Qf2,0.0703237727284431,0.993945142487064,0.6154777979528957,336,21,643,r1bqkb1r/pp2pppp/2n2n2/3p4/3Q1B2/2N2P2/PPP1P1PP/R3KBNR w KQkq -,MODEL_PREDICTION_NOT_EMPIRICAL,after_key,0.0703237727284431,maia3,-234,-262,28,OK,100000
JOB-06,B7,1700,maia3-79m,5,d4d3,Qd3,0.027129041031003,0.993945142487064,0.6154777979528957,328,20,652,r1bqkb1r/pp2pppp/2n2n2/3p4/3Q1B2/2N2P2/PPP1P1PP/R3KBNR w KQkq -,MODEL_PREDICTION_NOT_EMPIRICAL,after_key,0.027129041031003,maia3,-238,-235,0,OK,100000
JOB-06,B7,1700,maia3-79m,6,d4e3,Qe3,0.0069433553144335,0.993945142487064,0.6154777979528957,222,15,763,r1bqkb1r/pp2pppp/2n2n2/3p4/3Q1B2/2N2P2/PPP1P1PP/R3KBNR w KQkq -,MODEL_PREDICTION_NOT_EMPIRICAL,after_key,0.0069433553144335,maia3,-247,-456,209,SEVERE_ERROR,100000
JOB-06,B7,1700,maia3-79m,7,d4c5,Qc5,0.0069327554665505,0.993945142487064,0.6154777979528957,144,12,844,r1bqkb1r/pp2pppp/2n2n2/3p4/3Q1B2/2N2P2/PPP1P1PP/R3KBNR w KQkq -,MODEL_PREDICTION_NOT_EMPIRICAL,after_key,0.0069327554665505,maia3,-244,-508,264,SEVERE_ERROR,100000
JOB-06,B7,1700,maia3-79m,8,c3b5,Nb5,0.0044406373053789,0.993945142487064,0.6154777979528957,174,10,816,r1bqkb1r/pp2pppp/2n2n2/3p4/3Q1B2/2N2P2/PPP1P1PP/R3KBNR w KQkq -,MODEL_PREDICTION_NOT_EMPIRICAL,after_key,0.0044406373053789,maia3,-244,-618,374,SEVERE_ERROR,100000
JOB-06,B7,1700,maia3-79m,9,e1c1,O-O-O,0.0035097794607281,0.993945142487064,0.6154777979528957,85,7,908,r1bqkb1r/pp2pppp/2n2n2/3p4/3Q1B2/2N2P2/PPP1P1PP/R3KBNR w KQkq -,MODEL_PREDICTION_NOT_EMPIRICAL,after_key,0.0035097794607281,maia3,-221,-516,295,SEVERE_ERROR,100000
JOB-06,B7,1700,maia3-79m,10,e2e4,e4,0.0018928244244307,0.993945142487064,0.6154777979528957,39,4,957,r1bqkb1r/pp2pppp/2n2n2/3p4/3Q1B2/2N2P2/PPP1P1PP/R3KBNR w KQkq -,MODEL_PREDICTION_NOT_EMPIRICAL,after_key,0.0018928244244307,maia3,-240,-524,284,SEVERE_ERROR,100000
JOB-06,B7,1900,maia3-79m,1,d4d2,Qd2,0.5111282467842102,0.9961008502868935,0.5751405771107927,326,24,650,r1bqkb1r/pp2pppp/2n2n2/3p4/3Q1B2/2N2P2/PPP1P1PP/R3KBNR w KQkq -,MODEL_PREDICTION_NOT_EMPIRICAL,after_key,0.5111282467842102,maia3,-225,-236,11,OK,100000
JOB-06,B7,1900,maia3-79m,2,d4a4,Qa4,0.1904639154672622,0.9961008502868935,0.5751405771107927,406,25,569,r1bqkb1r/pp2pppp/2n2n2/3p4/3Q1B2/2N2P2/PPP1P1PP/R3KBNR w KQkq -,MODEL_PREDICTION_NOT_EMPIRICAL,after_key,0.1904639154672622,maia3,-233,-253,20,OK,100000
JOB-06,B7,1900,maia3-79m,3,d4d1,Qd1,0.1799252927303314,0.9961008502868935,0.5751405771107927,285,22,693,r1bqkb1r/pp2pppp/2n2n2/3p4/3Q1B2/2N2P2/PPP1P1PP/R3KBNR w KQkq -,MODEL_PREDICTION_NOT_EMPIRICAL,after_key,0.1799252927303314,maia3,-237,-308,71,ERROR,100000
JOB-06,B7,1900,maia3-79m,4,d4f2,Qf2,0.0825316533446312,0.9961008502868935,0.5751405771107927,320,22,658,r1bqkb1r/pp2pppp/2n2n2/3p4/3Q1B2/2N2P2/PPP1P1PP/R3KBNR w KQkq -,MODEL_PREDICTION_NOT_EMPIRICAL,after_key,0.0825316533446312,maia3,-234,-262,28,OK,100000
JOB-06,B7,1900,maia3-79m,5,d4d3,Qd3,0.0191421266645193,0.9961008502868935,0.5751405771107927,316,21,663,r1bqkb1r/pp2pppp/2n2n2/3p4/3Q1B2/2N2P2/PPP1P1PP/R3KBNR w KQkq -,MODEL_PREDICTION_NOT_EMPIRICAL,after_key,0.0191421266645193,maia3,-238,-235,0,OK,100000
JOB-06,B7,1900,maia3-79m,6,d4c5,Qc5,0.0049686972051858,0.9961008502868935,0.5751405771107927,130,12,858,r1bqkb1r/pp2pppp/2n2n2/3p4/3Q1B2/2N2P2/PPP1P1PP/R3KBNR w KQkq -,MODEL_PREDICTION_NOT_EMPIRICAL,after_key,0.0049686972051858,maia3,-244,-508,264,SEVERE_ERROR,100000
JOB-06,B7,1900,maia3-79m,7,d4e3,Qe3,0.0031655570492148,0.9961008502868935,0.5751405771107927,184,14,802,r1bqkb1r/pp2pppp/2n2n2/3p4/3Q1B2/2N2P2/PPP1P1PP/R3KBNR w KQkq -,MODEL_PREDICTION_NOT_EMPIRICAL,after_key,0.0031655570492148,maia3,-247,-456,209,SEVERE_ERROR,100000
JOB-06,B7,1900,maia3-79m,8,e1c1,O-O-O,0.0020186009351164,0.9961008502868935,0.5751405771107927,75,7,918,r1bqkb1r/pp2pppp/2n2n2/3p4/3Q1B2/2N2P2/PPP1P1PP/R3KBNR w KQkq -,MODEL_PREDICTION_NOT_EMPIRICAL,after_key,0.0020186009351164,maia3,-221,-516,295,SEVERE_ERROR,100000
JOB-06,B7,1900,maia3-79m,9,c3b5,Nb5,0.0016307219630107,0.9961008502868935,0.5751405771107927,165,11,824,r1bqkb1r/pp2pppp/2n2n2/3p4/3Q1B2/2N2P2/PPP1P1PP/R3KBNR w KQkq -,MODEL_PREDICTION_NOT_EMPIRICAL,after_key,0.0016307219630107,maia3,-244,-618,374,SEVERE_ERROR,100000
JOB-06,B7,1900,maia3-79m,10,e2e4,e4,0.0011260381434112,0.9961008502868935,0.5751405771107927,33,4,963,r1bqkb1r/pp2pppp/2n2n2/3p4/3Q1B2/2N2P2/PPP1P1PP/R3KBNR w KQkq -,MODEL_PREDICTION_NOT_EMPIRICAL,after_key,0.0011260381434112,maia3,-240,-524,284,SEVERE_ERROR,100000
JOB-06,B7,2100,maia3-79m,1,d4d2,Qd2,0.5495180487632751,0.9973641341784968,0.5342654885028448,334,29,637,r1bqkb1r/pp2pppp/2n2n2/3p4/3Q1B2/2N2P2/PPP1P1PP/R3KBNR w KQkq -,MODEL_PREDICTION_NOT_EMPIRICAL,after_key,0.5495180487632751,maia3,-225,-236,11,OK,100000
JOB-06,B7,2100,maia3-79m,2,d4a4,Qa4,0.2305420041084289,0.9973641341784968,0.5342654885028448,430,31,539,r1bqkb1r/pp2pppp/2n2n2/3p4/3Q1B2/2N2P2/PPP1P1PP/R3KBNR w KQkq -,MODEL_PREDICTION_NOT_EMPIRICAL,after_key,0.2305420041084289,maia3,-233,-253,20,OK,100000
JOB-06,B7,2100,maia3-79m,3,d4d1,Qd1,0.107102446258068,0.9973641341784968,0.5342654885028448,268,24,708,r1bqkb1r/pp2pppp/2n2n2/3p4/3Q1B2/2N2P2/PPP1P1PP/R3KBNR w KQkq -,MODEL_PREDICTION_NOT_EMPIRICAL,after_key,0.107102446258068,maia3,-237,-308,71,ERROR,100000
JOB-06,B7,2100,maia3-79m,4,d4f2,Qf2,0.0882894843816757,0.9973641341784968,0.5342654885028448,320,25,655,r1bqkb1r/pp2pppp/2n2n2/3p4/3Q1B2/2N2P2/PPP1P1PP/R3KBNR w KQkq -,MODEL_PREDICTION_NOT_EMPIRICAL,after_key,0.0882894843816757,maia3,-234,-262,28,OK,100000
JOB-06,B7,2100,maia3-79m,5,d4d3,Qd3,0.0139206694439053,0.9973641341784968,0.5342654885028448,318,25,657,r1bqkb1r/pp2pppp/2n2n2/3p4/3Q1B2/2N2P2/PPP1P1PP/R3KBNR w KQkq -,MODEL_PREDICTION_NOT_EMPIRICAL,after_key,0.0139206694439053,maia3,-238,-235,0,OK,100000
JOB-06,B7,2100,maia3-79m,6,d4c5,Qc5,0.0038249620702117,0.9973641341784968,0.5342654885028448,127,12,861,r1bqkb1r/pp2pppp/2n2n2/3p4/3Q1B2/2N2P2/PPP1P1PP/R3KBNR w KQkq -,MODEL_PREDICTION_NOT_EMPIRICAL,after_key,0.0038249620702117,maia3,-244,-508,264,SEVERE_ERROR,100000
JOB-06,B7,2100,maia3-79m,7,e1c1,O-O-O,0.0011710530379787,0.9973641341784968,0.5342654885028448,57,7,936,r1bqkb1r/pp2pppp/2n2n2/3p4/3Q1B2/2N2P2/PPP1P1PP/R3KBNR w KQkq -,MODEL_PREDICTION_NOT_EMPIRICAL,after_key,0.0011710530379787,maia3,-221,-516,295,SEVERE_ERROR,100000
JOB-06,B7,2100,maia3-79m,8,d4e3,Qe3,0.0011450628517195,0.9973641341784968,0.5342654885028448,150,14,836,r1bqkb1r/pp2pppp/2n2n2/3p4/3Q1B2/2N2P2/PPP1P1PP/R3KBNR w KQkq -,MODEL_PREDICTION_NOT_EMPIRICAL,after_key,0.0011450628517195,maia3,-247,-456,209,SEVERE_ERROR,100000
JOB-06,B7,2100,maia3-79m,9,c3b5,Nb5,0.0010724593885242,0.9973641341784968,0.5342654885028448,149,12,839,r1bqkb1r/pp2pppp/2n2n2/3p4/3Q1B2/2N2P2/PPP1P1PP/R3KBNR w KQkq -,MODEL_PREDICTION_NOT_EMPIRICAL,after_key,0.0010724593885242,maia3,-244,-618,374,SEVERE_ERROR,100000
JOB-06,B7,2100,maia3-79m,10,e2e4,e4,0.0007779438747093,0.9973641341784968,0.5342654885028448,29,4,967,r1bqkb1r/pp2pppp/2n2n2/3p4/3Q1B2/2N2P2/PPP1P1PP/R3KBNR w KQkq -,MODEL_PREDICTION_NOT_EMPIRICAL,after_key,0.0007779438747093,maia3,-240,-524,284,SEVERE_ERROR,100000
JOB-09,B7,1100,maia3-79m,1,d4d1,Qd1,0.2862616777420044,0.9904990635113792,0.7493575998658482,368,22,610,r1bqkb1r/pp2pppp/2n2n2/3p4/3Q1B2/P1N5/1PP1PPPP/R3KBNR w KQkq -,MODEL_PREDICTION_NOT_EMPIRICAL,after_key,0.2862616777420044,maia3,-202,-259,57,ERROR,100000
JOB-09,B7,1100,maia3-79m,2,d4d2,Qd2,0.2294489592313766,0.9904990635113792,0.7493575998658482,383,21,596,r1bqkb1r/pp2pppp/2n2n2/3p4/3Q1B2/P1N5/1PP1PPPP/R3KBNR w KQkq -,MODEL_PREDICTION_NOT_EMPIRICAL,after_key,0.2294489592313766,maia3,-190,-232,42,ERROR,100000
JOB-09,B7,1100,maia3-79m,3,d4a4,Qa4,0.2267593592405319,0.9904990635113792,0.7493575998658482,424,20,556,r1bqkb1r/pp2pppp/2n2n2/3p4/3Q1B2/P1N5/1PP1PPPP/R3KBNR w KQkq -,MODEL_PREDICTION_NOT_EMPIRICAL,after_key,0.2267593592405319,maia3,-189,-226,37,OK,100000
JOB-09,B7,1100,maia3-79m,4,d4d3,Qd3,0.1087783351540565,0.9904990635113792,0.7493575998658482,382,20,598,r1bqkb1r/pp2pppp/2n2n2/3p4/3Q1B2/P1N5/1PP1PPPP/R3KBNR w KQkq -,MODEL_PREDICTION_NOT_EMPIRICAL,after_key,0.1087783351540565,maia3,-197,-193,0,OK,100000
JOB-09,B7,1100,maia3-79m,5,d4e3,Qe3,0.0506404004991054,0.9904990635113792,0.7493575998658482,331,19,650,r1bqkb1r/pp2pppp/2n2n2/3p4/3Q1B2/P1N5/1PP1PPPP/R3KBNR w KQkq -,MODEL_PREDICTION_NOT_EMPIRICAL,after_key,0.0506404004991054,maia3,-195,-460,265,SEVERE_ERROR,100000
JOB-09,B7,1100,maia3-79m,6,d4c5,Qc5,0.0494790114462375,0.9904990635113792,0.7493575998658482,231,15,754,r1bqkb1r/pp2pppp/2n2n2/3p4/3Q1B2/P1N5/1PP1PPPP/R3KBNR w KQkq -,MODEL_PREDICTION_NOT_EMPIRICAL,after_key,0.0494790114462375,maia3,-194,-495,301,SEVERE_ERROR,100000
JOB-09,B7,1100,maia3-79m,7,c3b5,Nb5,0.0323453769087791,0.9904990635113792,0.7493575998658482,243,14,743,r1bqkb1r/pp2pppp/2n2n2/3p4/3Q1B2/P1N5/1PP1PPPP/R3KBNR w KQkq -,MODEL_PREDICTION_NOT_EMPIRICAL,after_key,0.0323453769087791,maia3,-181,-570,389,SEVERE_ERROR,100000
JOB-09,B7,1100,maia3-79m,8,e2e3,e3,0.0028781460132449,0.9904990635113792,0.7493575998658482,131,11,858,r1bqkb1r/pp2pppp/2n2n2/3p4/3Q1B2/P1N5/1PP1PPPP/R3KBNR w KQkq -,MODEL_PREDICTION_NOT_EMPIRICAL,after_key,0.0028781460132449,maia3,-191,-499,308,SEVERE_ERROR,100000
JOB-09,B7,1100,maia3-79m,9,e1c1,O-O-O,0.0025453721173107,0.9904990635113792,0.7493575998658482,113,9,878,r1bqkb1r/pp2pppp/2n2n2/3p4/3Q1B2/P1N5/1PP1PPPP/R3KBNR w KQkq -,MODEL_PREDICTION_NOT_EMPIRICAL,after_key,0.0025453721173107,maia3,-191,-483,292,SEVERE_ERROR,100000
JOB-09,B7,1100,maia3-79m,10,d4e5,Qe5,0.0013624251587316,0.9904990635113792,0.7493575998658482,103,10,887,r1bqkb1r/pp2pppp/2n2n2/3p4/3Q1B2/P1N5/1PP1PPPP/R3KBNR w KQkq -,MODEL_PREDICTION_NOT_EMPIRICAL,after_key,0.0013624251587316,maia3,-198,-511,313,SEVERE_ERROR,100000
JOB-09,B7,1300,maia3-79m,1,d4d1,Qd1,0.3493408262729645,0.9943922439124436,0.6838995503957319,357,21,622,r1bqkb1r/pp2pppp/2n2n2/3p4/3Q1B2/P1N5/1PP1PPPP/R3KBNR w KQkq -,MODEL_PREDICTION_NOT_EMPIRICAL,after_key,0.3493408262729645,maia3,-202,-259,57,ERROR,100000
JOB-09,B7,1300,maia3-79m,2,d4d2,Qd2,0.2664547562599182,0.9943922439124436,0.6838995503957319,375,21,604,r1bqkb1r/pp2pppp/2n2n2/3p4/3Q1B2/P1N5/1PP1PPPP/R3KBNR w KQkq -,MODEL_PREDICTION_NOT_EMPIRICAL,after_key,0.2664547562599182,maia3,-190,-232,42,ERROR,100000
JOB-09,B7,1300,maia3-79m,3,d4a4,Qa4,0.2073414921760559,0.9943922439124436,0.6838995503957319,416,20,564,r1bqkb1r/pp2pppp/2n2n2/3p4/3Q1B2/P1N5/1PP1PPPP/R3KBNR w KQkq -,MODEL_PREDICTION_NOT_EMPIRICAL,after_key,0.2073414921760559,maia3,-189,-226,37,OK,100000
JOB-09,B7,1300,maia3-79m,4,d4d3,Qd3,0.0853185132145881,0.9943922439124436,0.6838995503957319,377,19,604,r1bqkb1r/pp2pppp/2n2n2/3p4/3Q1B2/P1N5/1PP1PPPP/R3KBNR w KQkq -,MODEL_PREDICTION_NOT_EMPIRICAL,after_key,0.0853185132145881,maia3,-197,-193,0,OK,100000
JOB-09,B7,1300,maia3-79m,5,d4e3,Qe3,0.0394754745066165,0.9943922439124436,0.6838995503957319,305,17,678,r1bqkb1r/pp2pppp/2n2n2/3p4/3Q1B2/P1N5/1PP1PPPP/R3KBNR w KQkq -,MODEL_PREDICTION_NOT_EMPIRICAL,after_key,0.0394754745066165,maia3,-195,-460,265,SEVERE_ERROR,100000
JOB-09,B7,1300,maia3-79m,6,d4c5,Qc5,0.021465104073286,0.9943922439124436,0.6838995503957319,196,13,791,r1bqkb1r/pp2pppp/2n2n2/3p4/3Q1B2/P1N5/1PP1PPPP/R3KBNR w KQkq -,MODEL_PREDICTION_NOT_EMPIRICAL,after_key,0.021465104073286,maia3,-194,-495,301,SEVERE_ERROR,100000
JOB-09,B7,1300,maia3-79m,7,c3b5,Nb5,0.0204728506505489,0.9943922439124436,0.6838995503957319,211,11,778,r1bqkb1r/pp2pppp/2n2n2/3p4/3Q1B2/P1N5/1PP1PPPP/R3KBNR w KQkq -,MODEL_PREDICTION_NOT_EMPIRICAL,after_key,0.0204728506505489,maia3,-181,-570,389,SEVERE_ERROR,100000
JOB-09,B7,1300,maia3-79m,8,e2e3,e3,0.0021911219228059,0.9943922439124436,0.6838995503957319,108,8,884,r1bqkb1r/pp2pppp/2n2n2/3p4/3Q1B2/P1N5/1PP1PPPP/R3KBNR w KQkq -,MODEL_PREDICTION_NOT_EMPIRICAL,after_key,0.0021911219228059,maia3,-191,-499,308,SEVERE_ERROR,100000
JOB-09,B7,1300,maia3-79m,9,e1c1,O-O-O,0.0015342326369136,0.9943922439124436,0.6838995503957319,100,8,892,r1bqkb1r/pp2pppp/2n2n2/3p4/3Q1B2/P1N5/1PP1PPPP/R3KBNR w KQkq -,MODEL_PREDICTION_NOT_EMPIRICAL,after_key,0.0015342326369136,maia3,-191,-483,292,SEVERE_ERROR,100000
JOB-09,B7,1300,maia3-79m,10,d4d5,Qxd5,0.0007978721987456,0.9943922439124436,0.6838995503957319,71,9,920,r1bqkb1r/pp2pppp/2n2n2/3p4/3Q1B2/P1N5/1PP1PPPP/R3KBNR w KQkq -,MODEL_PREDICTION_NOT_EMPIRICAL,after_key,0.0007978721987456,maia3,-188,-605,417,SEVERE_ERROR,100000
JOB-09,B7,1500,maia3-79m,1,d4d1,Qd1,0.401656836271286,0.9959045529249124,0.6242789896509966,343,22,635,r1bqkb1r/pp2pppp/2n2n2/3p4/3Q1B2/P1N5/1PP1PPPP/R3KBNR w KQkq -,MODEL_PREDICTION_NOT_EMPIRICAL,after_key,0.401656836271286,maia3,-202,-259,57,ERROR,100000
JOB-09,B7,1500,maia3-79m,2,d4d2,Qd2,0.2982441484928131,0.9959045529249124,0.6242789896509966,362,21,617,r1bqkb1r/pp2pppp/2n2n2/3p4/3Q1B2/P1N5/1PP1PPPP/R3KBNR w KQkq -,MODEL_PREDICTION_NOT_EMPIRICAL,after_key,0.2982441484928131,maia3,-190,-232,42,ERROR,100000
JOB-09,B7,1500,maia3-79m,3,d4a4,Qa4,0.1773683428764343,0.9959045529249124,0.6242789896509966,410,20,570,r1bqkb1r/pp2pppp/2n2n2/3p4/3Q1B2/P1N5/1PP1PPPP/R3KBNR w KQkq -,MODEL_PREDICTION_NOT_EMPIRICAL,after_key,0.1773683428764343,maia3,-189,-226,37,OK,100000
JOB-09,B7,1500,maia3-79m,4,d4d3,Qd3,0.0617964752018451,0.9959045529249124,0.6242789896509966,365,20,615,r1bqkb1r/pp2pppp/2n2n2/3p4/3Q1B2/P1N5/1PP1PPPP/R3KBNR w KQkq -,MODEL_PREDICTION_NOT_EMPIRICAL,after_key,0.0617964752018451,maia3,-197,-193,0,OK,100000
JOB-09,B7,1500,maia3-79m,5,d4e3,Qe3,0.0313752219080925,0.9959045529249124,0.6242789896509966,269,16,715,r1bqkb1r/pp2pppp/2n2n2/3p4/3Q1B2/P1N5/1PP1PPPP/R3KBNR w KQkq -,MODEL_PREDICTION_NOT_EMPIRICAL,after_key,0.0313752219080925,maia3,-195,-460,265,SEVERE_ERROR,100000
JOB-09,B7,1500,maia3-79m,6,d4c5,Qc5,0.0110909780487418,0.9959045529249124,0.6242789896509966,170,12,818,r1bqkb1r/pp2pppp/2n2n2/3p4/3Q1B2/P1N5/1PP1PPPP/R3KBNR w KQkq -,MODEL_PREDICTION_NOT_EMPIRICAL,after_key,0.0110909780487418,maia3,-194,-495,301,SEVERE_ERROR,100000
JOB-09,B7,1500,maia3-79m,7,c3b5,Nb5,0.0106544997543096,0.9959045529249124,0.6242789896509966,187,10,803,r1bqkb1r/pp2pppp/2n2n2/3p4/3Q1B2/P1N5/1PP1PPPP/R3KBNR w KQkq -,MODEL_PREDICTION_NOT_EMPIRICAL,after_key,0.0106544997543096,maia3,-181,-570,389,SEVERE_ERROR,100000
JOB-09,B7,1500,maia3-79m,8,e2e3,e3,0.0019628391601145,0.9959045529249124,0.6242789896509966,92,7,901,r1bqkb1r/pp2pppp/2n2n2/3p4/3Q1B2/P1N5/1PP1PPPP/R3KBNR w KQkq -,MODEL_PREDICTION_NOT_EMPIRICAL,after_key,0.0019628391601145,maia3,-191,-499,308,SEVERE_ERROR,100000
JOB-09,B7,1500,maia3-79m,9,e1c1,O-O-O,0.0011159778805449,0.9959045529249124,0.6242789896509966,91,7,902,r1bqkb1r/pp2pppp/2n2n2/3p4/3Q1B2/P1N5/1PP1PPPP/R3KBNR w KQkq -,MODEL_PREDICTION_NOT_EMPIRICAL,after_key,0.0011159778805449,maia3,-191,-483,292,SEVERE_ERROR,100000
JOB-09,B7,1500,maia3-79m,10,d4d5,Qxd5,0.0006392333307303,0.9959045529249124,0.6242789896509966,69,8,923,r1bqkb1r/pp2pppp/2n2n2/3p4/3Q1B2/P1N5/1PP1PPPP/R3KBNR w KQkq -,MODEL_PREDICTION_NOT_EMPIRICAL,after_key,0.0006392333307303,maia3,-188,-605,417,SEVERE_ERROR,100000
JOB-09,B7,1700,maia3-79m,1,d4d1,Qd1,0.428676038980484,0.9967487308895217,0.5768543388933279,328,23,649,r1bqkb1r/pp2pppp/2n2n2/3p4/3Q1B2/P1N5/1PP1PPPP/R3KBNR w KQkq -,MODEL_PREDICTION_NOT_EMPIRICAL,after_key,0.428676038980484,maia3,-202,-259,57,ERROR,100000
JOB-09,B7,1700,maia3-79m,2,d4d2,Qd2,0.3303459584712982,0.9967487308895217,0.5768543388933279,347,23,630,r1bqkb1r/pp2pppp/2n2n2/3p4/3Q1B2/P1N5/1PP1PPPP/R3KBNR w KQkq -,MODEL_PREDICTION_NOT_EMPIRICAL,after_key,0.3303459584712982,maia3,-190,-232,42,ERROR,100000
JOB-09,B7,1700,maia3-79m,3,d4a4,Qa4,0.1523787528276443,0.9967487308895217,0.5768543388933279,413,22,565,r1bqkb1r/pp2pppp/2n2n2/3p4/3Q1B2/P1N5/1PP1PPPP/R3KBNR w KQkq -,MODEL_PREDICTION_NOT_EMPIRICAL,after_key,0.1523787528276443,maia3,-189,-226,37,OK,100000
JOB-09,B7,1700,maia3-79m,4,d4d3,Qd3,0.0481239221990108,0.9967487308895217,0.5768543388933279,341,21,638,r1bqkb1r/pp2pppp/2n2n2/3p4/3Q1B2/P1N5/1PP1PPPP/R3KBNR w KQkq -,MODEL_PREDICTION_NOT_EMPIRICAL,after_key,0.0481239221990108,maia3,-197,-193,0,OK,100000
JOB-09,B7,1700,maia3-79m,5,d4e3,Qe3,0.0223074238747358,0.9967487308895217,0.5768543388933279,234,15,751,r1bqkb1r/pp2pppp/2n2n2/3p4/3Q1B2/P1N5/1PP1PPPP/R3KBNR w KQkq -,MODEL_PREDICTION_NOT_EMPIRICAL,after_key,0.0223074238747358,maia3,-195,-460,265,SEVERE_ERROR,100000
JOB-09,B7,1700,maia3-79m,6,d4c5,Qc5,0.0069130617193877,0.9967487308895217,0.5768543388933279,148,12,840,r1bqkb1r/pp2pppp/2n2n2/3p4/3Q1B2/P1N5/1PP1PPPP/R3KBNR w KQkq -,MODEL_PREDICTION_NOT_EMPIRICAL,after_key,0.0069130617193877,maia3,-194,-495,301,SEVERE_ERROR,100000
JOB-09,B7,1700,maia3-79m,7,c3b5,Nb5,0.0046822889707982,0.9967487308895217,0.5768543388933279,171,10,819,r1bqkb1r/pp2pppp/2n2n2/3p4/3Q1B2/P1N5/1PP1PPPP/R3KBNR w KQkq -,MODEL_PREDICTION_NOT_EMPIRICAL,after_key,0.0046822889707982,maia3,-181,-570,389,SEVERE_ERROR,100000
JOB-09,B7,1700,maia3-79m,8,e2e3,e3,0.0018115901621058,0.9967487308895217,0.5768543388933279,84,7,909,r1bqkb1r/pp2pppp/2n2n2/3p4/3Q1B2/P1N5/1PP1PPPP/R3KBNR w KQkq -,MODEL_PREDICTION_NOT_EMPIRICAL,after_key,0.0018115901621058,maia3,-191,-499,308,SEVERE_ERROR,100000
JOB-09,B7,1700,maia3-79m,9,e1c1,O-O-O,0.0009787551825866,0.9967487308895217,0.5768543388933279,83,7,910,r1bqkb1r/pp2pppp/2n2n2/3p4/3Q1B2/P1N5/1PP1PPPP/R3KBNR w KQkq -,MODEL_PREDICTION_NOT_EMPIRICAL,after_key,0.0009787551825866,maia3,-191,-483,292,SEVERE_ERROR,100000
JOB-09,B7,1700,maia3-79m,10,d4d5,Qxd5,0.0005309385014697,0.9967487308895217,0.5768543388933279,64,9,927,r1bqkb1r/pp2pppp/2n2n2/3p4/3Q1B2/P1N5/1PP1PPPP/R3KBNR w KQkq -,MODEL_PREDICTION_NOT_EMPIRICAL,after_key,0.0005309385014697,maia3,-188,-605,417,SEVERE_ERROR,100000
JOB-09,B7,1900,maia3-79m,1,d4d1,Qd1,0.4034547507762909,0.99762523805839,0.5480126747361923,316,24,660,r1bqkb1r/pp2pppp/2n2n2/3p4/3Q1B2/P1N5/1PP1PPPP/R3KBNR w KQkq -,MODEL_PREDICTION_NOT_EMPIRICAL,after_key,0.4034547507762909,maia3,-202,-259,57,ERROR,100000
JOB-09,B7,1900,maia3-79m,2,d4d2,Qd2,0.3804585039615631,0.99762523805839,0.5480126747361923,344,25,631,r1bqkb1r/pp2pppp/2n2n2/3p4/3Q1B2/P1N5/1PP1PPPP/R3KBNR w KQkq -,MODEL_PREDICTION_NOT_EMPIRICAL,after_key,0.3804585039615631,maia3,-190,-232,42,ERROR,100000
JOB-09,B7,1900,maia3-79m,3,d4a4,Qa4,0.1498755365610122,0.99762523805839,0.5480126747361923,426,25,549,r1bqkb1r/pp2pppp/2n2n2/3p4/3Q1B2/P1N5/1PP1PPPP/R3KBNR w KQkq -,MODEL_PREDICTION_NOT_EMPIRICAL,after_key,0.1498755365610122,maia3,-189,-226,37,OK,100000
JOB-09,B7,1900,maia3-79m,4,d4d3,Qd3,0.0415166579186916,0.99762523805839,0.5480126747361923,327,22,651,r1bqkb1r/pp2pppp/2n2n2/3p4/3Q1B2/P1N5/1PP1PPPP/R3KBNR w KQkq -,MODEL_PREDICTION_NOT_EMPIRICAL,after_key,0.0415166579186916,maia3,-197,-193,0,OK,100000
JOB-09,B7,1900,maia3-79m,5,d4e3,Qe3,0.0131139503791928,0.99762523805839,0.5480126747361923,202,14,784,r1bqkb1r/pp2pppp/2n2n2/3p4/3Q1B2/P1N5/1PP1PPPP/R3KBNR w KQkq -,MODEL_PREDICTION_NOT_EMPIRICAL,after_key,0.0131139503791928,maia3,-195,-460,265,SEVERE_ERROR,100000
JOB-09,B7,1900,maia3-79m,6,d4c5,Qc5,0.0051505346782505,0.99762523805839,0.5480126747361923,137,12,851,r1bqkb1r/pp2pppp/2n2n2/3p4/3Q1B2/P1N5/1PP1PPPP/R3KBNR w KQkq -,MODEL_PREDICTION_NOT_EMPIRICAL,after_key,0.0051505346782505,maia3,-194,-495,301,SEVERE_ERROR,100000
JOB-09,B7,1900,maia3-79m,7,c3b5,Nb5,0.0015906719490885,0.99762523805839,0.5480126747361923,168,12,820,r1bqkb1r/pp2pppp/2n2n2/3p4/3Q1B2/P1N5/1PP1PPPP/R3KBNR w KQkq -,MODEL_PREDICTION_NOT_EMPIRICAL,after_key,0.0015906719490885,maia3,-181,-570,389,SEVERE_ERROR,100000
JOB-09,B7,1900,maia3-79m,8,e2e3,e3,0.0013772646198049,0.99762523805839,0.5480126747361923,75,7,918,r1bqkb1r/pp2pppp/2n2n2/3p4/3Q1B2/P1N5/1PP1PPPP/R3KBNR w KQkq -,MODEL_PREDICTION_NOT_EMPIRICAL,after_key,0.0013772646198049,maia3,-191,-499,308,SEVERE_ERROR,100000
JOB-09,B7,1900,maia3-79m,9,e1c1,O-O-O,0.0007091565639711,0.99762523805839,0.5480126747361923,77,7,916,r1bqkb1r/pp2pppp/2n2n2/3p4/3Q1B2/P1N5/1PP1PPPP/R3KBNR w KQkq -,MODEL_PREDICTION_NOT_EMPIRICAL,after_key,0.0007091565639711,maia3,-191,-483,292,SEVERE_ERROR,100000
JOB-09,B7,1900,maia3-79m,10,d4d5,Qxd5,0.0003782106505241,0.99762523805839,0.5480126747361923,59,9,932,r1bqkb1r/pp2pppp/2n2n2/3p4/3Q1B2/P1N5/1PP1PPPP/R3KBNR w KQkq -,MODEL_PREDICTION_NOT_EMPIRICAL,after_key,0.0003782106505241,maia3,-188,-605,417,SEVERE_ERROR,100000
JOB-09,B7,2100,maia3-79m,1,d4d2,Qd2,0.435376763343811,0.9982889153179711,0.5495159491665087,360,30,610,r1bqkb1r/pp2pppp/2n2n2/3p4/3Q1B2/P1N5/1PP1PPPP/R3KBNR w KQkq -,MODEL_PREDICTION_NOT_EMPIRICAL,after_key,0.435376763343811,maia3,-190,-232,42,ERROR,100000
JOB-09,B7,2100,maia3-79m,2,d4d1,Qd1,0.2978063225746155,0.9982889153179711,0.5495159491665087,310,28,662,r1bqkb1r/pp2pppp/2n2n2/3p4/3Q1B2/P1N5/1PP1PPPP/R3KBNR w KQkq -,MODEL_PREDICTION_NOT_EMPIRICAL,after_key,0.2978063225746155,maia3,-202,-259,57,ERROR,100000
JOB-09,B7,2100,maia3-79m,3,d4a4,Qa4,0.2048763483762741,0.9982889153179711,0.5495159491665087,461,32,507,r1bqkb1r/pp2pppp/2n2n2/3p4/3Q1B2/P1N5/1PP1PPPP/R3KBNR w KQkq -,MODEL_PREDICTION_NOT_EMPIRICAL,after_key,0.2048763483762741,maia3,-189,-226,37,OK,100000
JOB-09,B7,2100,maia3-79m,4,d4d3,Qd3,0.0471684522926807,0.9982889153179711,0.5495159491665087,337,27,636,r1bqkb1r/pp2pppp/2n2n2/3p4/3Q1B2/P1N5/1PP1PPPP/R3KBNR w KQkq -,MODEL_PREDICTION_NOT_EMPIRICAL,after_key,0.0471684522926807,maia3,-197,-193,0,OK,100000
JOB-09,B7,2100,maia3-79m,5,d4e3,Qe3,0.0057165096513926,0.9982889153179711,0.5495159491665087,181,15,804,r1bqkb1r/pp2pppp/2n2n2/3p4/3Q1B2/P1N5/1PP1PPPP/R3KBNR w KQkq -,MODEL_PREDICTION_NOT_EMPIRICAL,after_key,0.0057165096513926,maia3,-195,-460,265,SEVERE_ERROR,100000
JOB-09,B7,2100,maia3-79m,6,d4c5,Qc5,0.0047713965177536,0.9982889153179711,0.5495159491665087,140,13,847,r1bqkb1r/pp2pppp/2n2n2/3p4/3Q1B2/P1N5/1PP1PPPP/R3KBNR w KQkq -,MODEL_PREDICTION_NOT_EMPIRICAL,after_key,0.0047713965177536,maia3,-194,-495,301,SEVERE_ERROR,100000
JOB-09,B7,2100,maia3-79m,7,e2e3,e3,0.0010216298978775,0.9982889153179711,0.5495159491665087,64,7,929,r1bqkb1r/pp2pppp/2n2n2/3p4/3Q1B2/P1N5/1PP1PPPP/R3KBNR w KQkq -,MODEL_PREDICTION_NOT_EMPIRICAL,after_key,0.0010216298978775,maia3,-191,-499,308,SEVERE_ERROR,100000
JOB-09,B7,2100,maia3-79m,8,c3b5,Nb5,0.0007798106526024,0.9982889153179711,0.5495159491665087,151,12,837,r1bqkb1r/pp2pppp/2n2n2/3p4/3Q1B2/P1N5/1PP1PPPP/R3KBNR w KQkq -,MODEL_PREDICTION_NOT_EMPIRICAL,after_key,0.0007798106526024,maia3,-181,-570,389,SEVERE_ERROR,100000
JOB-09,B7,2100,maia3-79m,9,e1c1,O-O-O,0.0004847082891501,0.9982889153179711,0.5495159491665087,60,7,933,r1bqkb1r/pp2pppp/2n2n2/3p4/3Q1B2/P1N5/1PP1PPPP/R3KBNR w KQkq -,MODEL_PREDICTION_NOT_EMPIRICAL,after_key,0.0004847082891501,maia3,-191,-483,292,SEVERE_ERROR,100000
JOB-09,B7,2100,maia3-79m,10,d4d5,Qxd5,0.0002869737218134,0.9982889153179711,0.5495159491665087,51,8,941,r1bqkb1r/pp2pppp/2n2n2/3p4/3Q1B2/P1N5/1PP1PPPP/R3KBNR w KQkq -,MODEL_PREDICTION_NOT_EMPIRICAL,after_key,0.0002869737218134,maia3,-188,-605,417,SEVERE_ERROR,100000
JOB-10,B7,1100,maia3-79m,1,d4a4,Qa4,0.2801616191864013,0.982785435160622,0.7609694372309519,423,20,557,r1bqkb1r/pp2pppp/2n2n2/3p4/3Q1B1P/2N5/PPP1PPP1/R3KBNR w KQkq -,MODEL_PREDICTION_NOT_EMPIRICAL,after_key,0.2801616191864013,maia3,-276,-270,0,OK,100000
JOB-10,B7,1100,maia3-79m,2,d4d2,Qd2,0.2222937196493148,0.982785435160622,0.7609694372309519,378,21,601,r1bqkb1r/pp2pppp/2n2n2/3p4/3Q1B1P/2N5/PPP1PPP1/R3KBNR w KQkq -,MODEL_PREDICTION_NOT_EMPIRICAL,after_key,0.2222937196493148,maia3,-256,-250,0,OK,100000
JOB-10,B7,1100,maia3-79m,3,d4d1,Qd1,0.2173921018838882,0.982785435160622,0.7609694372309519,362,21,617,r1bqkb1r/pp2pppp/2n2n2/3p4/3Q1B1P/2N5/PPP1PPP1/R3KBNR w KQkq -,MODEL_PREDICTION_NOT_EMPIRICAL,after_key,0.2173921018838882,maia3,-257,-329,72,ERROR,100000
JOB-10,B7,1100,maia3-79m,4,d4d3,Qd3,0.1006662845611572,0.982785435160622,0.7609694372309519,370,19,611,r1bqkb1r/pp2pppp/2n2n2/3p4/3Q1B1P/2N5/PPP1PPP1/R3KBNR w KQkq -,MODEL_PREDICTION_NOT_EMPIRICAL,after_key,0.1006662845611572,maia3,-257,-254,0,OK,100000
JOB-10,B7,1100,maia3-79m,5,d4e3,Qe3,0.0677246674895286,0.982785435160622,0.7609694372309519,329,18,653,r1bqkb1r/pp2pppp/2n2n2/3p4/3Q1B1P/2N5/PPP1PPP1/R3KBNR w KQkq -,MODEL_PREDICTION_NOT_EMPIRICAL,after_key,0.0677246674895286,maia3,-258,-473,215,SEVERE_ERROR,100000
JOB-10,B7,1100,maia3-79m,6,d4c5,Qc5,0.0608018673956394,0.982785435160622,0.7609694372309519,230,14,756,r1bqkb1r/pp2pppp/2n2n2/3p4/3Q1B1P/2N5/PPP1PPP1/R3KBNR w KQkq -,MODEL_PREDICTION_NOT_EMPIRICAL,after_key,0.0608018673956394,maia3,-258,-518,260,SEVERE_ERROR,100000
JOB-10,B7,1100,maia3-79m,7,c3b5,Nb5,0.0235911514610052,0.982785435160622,0.7609694372309519,253,14,733,r1bqkb1r/pp2pppp/2n2n2/3p4/3Q1B1P/2N5/PPP1PPP1/R3KBNR w KQkq -,MODEL_PREDICTION_NOT_EMPIRICAL,after_key,0.0235911514610052,maia3,-263,-566,303,SEVERE_ERROR,100000
JOB-10,B7,1100,maia3-79m,8,e1c1,O-O-O,0.0040987688116729,0.982785435160622,0.7609694372309519,112,9,879,r1bqkb1r/pp2pppp/2n2n2/3p4/3Q1B1P/2N5/PPP1PPP1/R3KBNR w KQkq -,MODEL_PREDICTION_NOT_EMPIRICAL,after_key,0.0040987688116729,maia3,-263,-464,201,SEVERE_ERROR,100000
JOB-10,B7,1100,maia3-79m,9,e2e3,e3,0.0034626335836946,0.982785435160622,0.7609694372309519,129,10,861,r1bqkb1r/pp2pppp/2n2n2/3p4/3Q1B1P/2N5/PPP1PPP1/R3KBNR w KQkq -,MODEL_PREDICTION_NOT_EMPIRICAL,after_key,0.0034626335836946,maia3,-262,-481,219,SEVERE_ERROR,100000
JOB-10,B7,1100,maia3-79m,10,h4h5,h5,0.0025926211383193,0.982785435160622,0.7609694372309519,87,9,904,r1bqkb1r/pp2pppp/2n2n2/3p4/3Q1B1P/2N5/PPP1PPP1/R3KBNR w KQkq -,MODEL_PREDICTION_NOT_EMPIRICAL,after_key,0.0025926211383193,maia3,-258,-567,309,SEVERE_ERROR,100000
JOB-10,B7,1300,maia3-79m,1,d4d2,Qd2,0.2964044511318207,0.989551228005439,0.7011648732130887,370,20,610,r1bqkb1r/pp2pppp/2n2n2/3p4/3Q1B1P/2N5/PPP1PPP1/R3KBNR w KQkq -,MODEL_PREDICTION_NOT_EMPIRICAL,after_key,0.2964044511318207,maia3,-256,-250,0,OK,100000
JOB-10,B7,1300,maia3-79m,2,d4a4,Qa4,0.262691468000412,0.989551228005439,0.7011648732130887,419,19,562,r1bqkb1r/pp2pppp/2n2n2/3p4/3Q1B1P/2N5/PPP1PPP1/R3KBNR w KQkq -,MODEL_PREDICTION_NOT_EMPIRICAL,after_key,0.262691468000412,maia3,-276,-270,0,OK,100000
JOB-10,B7,1300,maia3-79m,3,d4d1,Qd1,0.2517015635967254,0.989551228005439,0.7011648732130887,350,21,629,r1bqkb1r/pp2pppp/2n2n2/3p4/3Q1B1P/2N5/PPP1PPP1/R3KBNR w KQkq -,MODEL_PREDICTION_NOT_EMPIRICAL,after_key,0.2517015635967254,maia3,-257,-329,72,ERROR,100000
JOB-10,B7,1300,maia3-79m,4,d4d3,Qd3,0.0779141932725906,0.989551228005439,0.7011648732130887,367,18,615,r1bqkb1r/pp2pppp/2n2n2/3p4/3Q1B1P/2N5/PPP1PPP1/R3KBNR w KQkq -,MODEL_PREDICTION_NOT_EMPIRICAL,after_key,0.0779141932725906,maia3,-257,-254,0,OK,100000
JOB-10,B7,1300,maia3-79m,5,d4e3,Qe3,0.0540903583168983,0.989551228005439,0.7011648732130887,311,17,672,r1bqkb1r/pp2pppp/2n2n2/3p4/3Q1B1P/2N5/PPP1PPP1/R3KBNR w KQkq -,MODEL_PREDICTION_NOT_EMPIRICAL,after_key,0.0540903583168983,maia3,-258,-473,215,SEVERE_ERROR,100000
JOB-10,B7,1300,maia3-79m,6,d4c5,Qc5,0.0245351251214742,0.989551228005439,0.7011648732130887,199,13,788,r1bqkb1r/pp2pppp/2n2n2/3p4/3Q1B1P/2N5/PPP1PPP1/R3KBNR w KQkq -,MODEL_PREDICTION_NOT_EMPIRICAL,after_key,0.0245351251214742,maia3,-258,-518,260,SEVERE_ERROR,100000
JOB-10,B7,1300,maia3-79m,7,c3b5,Nb5,0.0139476535841822,0.989551228005439,0.7011648732130887,218,12,770,r1bqkb1r/pp2pppp/2n2n2/3p4/3Q1B1P/2N5/PPP1PPP1/R3KBNR w KQkq -,MODEL_PREDICTION_NOT_EMPIRICAL,after_key,0.0139476535841822,maia3,-263,-566,303,SEVERE_ERROR,100000
JOB-10,B7,1300,maia3-79m,8,e1c1,O-O-O,0.0034556000027805,0.989551228005439,0.7011648732130887,108,8,884,r1bqkb1r/pp2pppp/2n2n2/3p4/3Q1B1P/2N5/PPP1PPP1/R3KBNR w KQkq -,MODEL_PREDICTION_NOT_EMPIRICAL,after_key,0.0034556000027805,maia3,-263,-464,201,SEVERE_ERROR,100000
JOB-10,B7,1300,maia3-79m,9,e2e3,e3,0.0029361883644014,0.989551228005439,0.7011648732130887,107,8,885,r1bqkb1r/pp2pppp/2n2n2/3p4/3Q1B1P/2N5/PPP1PPP1/R3KBNR w KQkq -,MODEL_PREDICTION_NOT_EMPIRICAL,after_key,0.0029361883644014,maia3,-262,-481,219,SEVERE_ERROR,100000
JOB-10,B7,1300,maia3-79m,10,h4h5,h5,0.0018746266141533,0.989551228005439,0.7011648732130887,73,6,921,r1bqkb1r/pp2pppp/2n2n2/3p4/3Q1B1P/2N5/PPP1PPP1/R3KBNR w KQkq -,MODEL_PREDICTION_NOT_EMPIRICAL,after_key,0.0018746266141533,maia3,-258,-567,309,SEVERE_ERROR,100000
JOB-10,B7,1500,maia3-79m,1,d4d2,Qd2,0.3501512110233307,0.9924480422632768,0.6522984349500278,360,20,620,r1bqkb1r/pp2pppp/2n2n2/3p4/3Q1B1P/2N5/PPP1PPP1/R3KBNR w KQkq -,MODEL_PREDICTION_NOT_EMPIRICAL,after_key,0.3501512110233307,maia3,-256,-250,0,OK,100000
JOB-10,B7,1500,maia3-79m,2,d4d1,Qd1,0.2764551043510437,0.9924480422632768,0.6522984349500278,338,21,641,r1bqkb1r/pp2pppp/2n2n2/3p4/3Q1B1P/2N5/PPP1PPP1/R3KBNR w KQkq -,MODEL_PREDICTION_NOT_EMPIRICAL,after_key,0.2764551043510437,maia3,-257,-329,72,ERROR,100000
JOB-10,B7,1500,maia3-79m,3,d4a4,Qa4,0.2354703694581985,0.9924480422632768,0.6522984349500278,417,20,563,r1bqkb1r/pp2pppp/2n2n2/3p4/3Q1B1P/2N5/PPP1PPP1/R3KBNR w KQkq -,MODEL_PREDICTION_NOT_EMPIRICAL,after_key,0.2354703694581985,maia3,-276,-270,0,OK,100000
JOB-10,B7,1500,maia3-79m,4,d4d3,Qd3,0.0595820136368274,0.9924480422632768,0.6522984349500278,357,18,625,r1bqkb1r/pp2pppp/2n2n2/3p4/3Q1B1P/2N5/PPP1PPP1/R3KBNR w KQkq -,MODEL_PREDICTION_NOT_EMPIRICAL,after_key,0.0595820136368274,maia3,-257,-254,0,OK,100000
JOB-10,B7,1500,maia3-79m,5,d4e3,Qe3,0.0440713316202163,0.9924480422632768,0.6522984349500278,280,16,704,r1bqkb1r/pp2pppp/2n2n2/3p4/3Q1B1P/2N5/PPP1PPP1/R3KBNR w KQkq -,MODEL_PREDICTION_NOT_EMPIRICAL,after_key,0.0440713316202163,maia3,-258,-473,215,SEVERE_ERROR,100000
JOB-10,B7,1500,maia3-79m,6,d4c5,Qc5,0.0123991835862398,0.9924480422632768,0.6522984349500278,173,12,815,r1bqkb1r/pp2pppp/2n2n2/3p4/3Q1B1P/2N5/PPP1PPP1/R3KBNR w KQkq -,MODEL_PREDICTION_NOT_EMPIRICAL,after_key,0.0123991835862398,maia3,-258,-518,260,SEVERE_ERROR,100000
JOB-10,B7,1500,maia3-79m,7,c3b5,Nb5,0.007046956103295,0.9924480422632768,0.6522984349500278,191,11,798,r1bqkb1r/pp2pppp/2n2n2/3p4/3Q1B1P/2N5/PPP1PPP1/R3KBNR w KQkq -,MODEL_PREDICTION_NOT_EMPIRICAL,after_key,0.007046956103295,maia3,-263,-566,303,SEVERE_ERROR,100000
JOB-10,B7,1500,maia3-79m,8,e1c1,O-O-O,0.0030019877012819,0.9924480422632768,0.6522984349500278,103,7,890,r1bqkb1r/pp2pppp/2n2n2/3p4/3Q1B1P/2N5/PPP1PPP1/R3KBNR w KQkq -,MODEL_PREDICTION_NOT_EMPIRICAL,after_key,0.0030019877012819,maia3,-263,-464,201,SEVERE_ERROR,100000
JOB-10,B7,1500,maia3-79m,9,e2e3,e3,0.0026452408637851,0.9924480422632768,0.6522984349500278,93,7,900,r1bqkb1r/pp2pppp/2n2n2/3p4/3Q1B1P/2N5/PPP1PPP1/R3KBNR w KQkq -,MODEL_PREDICTION_NOT_EMPIRICAL,after_key,0.0026452408637851,maia3,-262,-481,219,SEVERE_ERROR,100000
JOB-10,B7,1500,maia3-79m,10,h4h5,h5,0.0016246439190581,0.9924480422632768,0.6522984349500278,59,5,936,r1bqkb1r/pp2pppp/2n2n2/3p4/3Q1B1P/2N5/PPP1PPP1/R3KBNR w KQkq -,MODEL_PREDICTION_NOT_EMPIRICAL,after_key,0.0016246439190581,maia3,-258,-567,309,SEVERE_ERROR,100000
JOB-10,B7,1700,maia3-79m,1,d4d2,Qd2,0.3860307931900024,0.9943982895929366,0.6084460835808849,345,21,634,r1bqkb1r/pp2pppp/2n2n2/3p4/3Q1B1P/2N5/PPP1PPP1/R3KBNR w KQkq -,MODEL_PREDICTION_NOT_EMPIRICAL,after_key,0.3860307931900024,maia3,-256,-250,0,OK,100000
JOB-10,B7,1700,maia3-79m,2,d4d1,Qd1,0.2973970472812652,0.9943982895929366,0.6084460835808849,321,21,658,r1bqkb1r/pp2pppp/2n2n2/3p4/3Q1B1P/2N5/PPP1PPP1/R3KBNR w KQkq -,MODEL_PREDICTION_NOT_EMPIRICAL,after_key,0.2973970472812652,maia3,-257,-329,72,ERROR,100000
JOB-10,B7,1700,maia3-79m,3,d4a4,Qa4,0.2176932543516159,0.9943982895929366,0.6084460835808849,421,21,558,r1bqkb1r/pp2pppp/2n2n2/3p4/3Q1B1P/2N5/PPP1PPP1/R3KBNR w KQkq -,MODEL_PREDICTION_NOT_EMPIRICAL,after_key,0.2176932543516159,maia3,-276,-270,0,OK,100000
JOB-10,B7,1700,maia3-79m,4,d4d3,Qd3,0.0435349084436893,0.9943982895929366,0.6084460835808849,337,19,644,r1bqkb1r/pp2pppp/2n2n2/3p4/3Q1B1P/2N5/PPP1PPP1/R3KBNR w KQkq -,MODEL_PREDICTION_NOT_EMPIRICAL,after_key,0.0435349084436893,maia3,-257,-254,0,OK,100000
JOB-10,B7,1700,maia3-79m,5,d4e3,Qe3,0.0329420752823352,0.9943982895929366,0.6084460835808849,247,15,738,r1bqkb1r/pp2pppp/2n2n2/3p4/3Q1B1P/2N5/PPP1PPP1/R3KBNR w KQkq -,MODEL_PREDICTION_NOT_EMPIRICAL,after_key,0.0329420752823352,maia3,-258,-473,215,SEVERE_ERROR,100000
JOB-10,B7,1700,maia3-79m,6,d4c5,Qc5,0.0078895129263401,0.9943982895929366,0.6084460835808849,151,12,837,r1bqkb1r/pp2pppp/2n2n2/3p4/3Q1B1P/2N5/PPP1PPP1/R3KBNR w KQkq -,MODEL_PREDICTION_NOT_EMPIRICAL,after_key,0.0078895129263401,maia3,-258,-518,260,SEVERE_ERROR,100000
JOB-10,B7,1700,maia3-79m,7,c3b5,Nb5,0.0031915751751512,0.9943982895929366,0.6084460835808849,186,11,803,r1bqkb1r/pp2pppp/2n2n2/3p4/3Q1B1P/2N5/PPP1PPP1/R3KBNR w KQkq -,MODEL_PREDICTION_NOT_EMPIRICAL,after_key,0.0031915751751512,maia3,-263,-566,303,SEVERE_ERROR,100000
JOB-10,B7,1700,maia3-79m,8,e1c1,O-O-O,0.0024349046871066,0.9943982895929366,0.6084460835808849,97,7,896,r1bqkb1r/pp2pppp/2n2n2/3p4/3Q1B1P/2N5/PPP1PPP1/R3KBNR w KQkq -,MODEL_PREDICTION_NOT_EMPIRICAL,after_key,0.0024349046871066,maia3,-263,-464,201,SEVERE_ERROR,100000
JOB-10,B7,1700,maia3-79m,9,e2e3,e3,0.0021076765842735,0.9943982895929366,0.6084460835808849,84,7,909,r1bqkb1r/pp2pppp/2n2n2/3p4/3Q1B1P/2N5/PPP1PPP1/R3KBNR w KQkq -,MODEL_PREDICTION_NOT_EMPIRICAL,after_key,0.0021076765842735,maia3,-262,-481,219,SEVERE_ERROR,100000
JOB-10,B7,1700,maia3-79m,10,h4h5,h5,0.0011765416711568,0.9943982895929366,0.6084460835808849,47,5,948,r1bqkb1r/pp2pppp/2n2n2/3p4/3Q1B1P/2N5/PPP1PPP1/R3KBNR w KQkq -,MODEL_PREDICTION_NOT_EMPIRICAL,after_key,0.0011765416711568,maia3,-258,-567,309,SEVERE_ERROR,100000
JOB-10,B7,1900,maia3-79m,1,d4d2,Qd2,0.4098299741744995,0.9961047357064672,0.5735085263393933,331,22,647,r1bqkb1r/pp2pppp/2n2n2/3p4/3Q1B1P/2N5/PPP1PPP1/R3KBNR w KQkq -,MODEL_PREDICTION_NOT_EMPIRICAL,after_key,0.4098299741744995,maia3,-256,-250,0,OK,100000
JOB-10,B7,1900,maia3-79m,2,d4d1,Qd1,0.2875275909900665,0.9961047357064672,0.5735085263393933,294,21,685,r1bqkb1r/pp2pppp/2n2n2/3p4/3Q1B1P/2N5/PPP1PPP1/R3KBNR w KQkq -,MODEL_PREDICTION_NOT_EMPIRICAL,after_key,0.2875275909900665,maia3,-257,-329,72,ERROR,100000
JOB-10,B7,1900,maia3-79m,3,d4a4,Qa4,0.234239861369133,0.9961047357064672,0.5735085263393933,431,24,545,r1bqkb1r/pp2pppp/2n2n2/3p4/3Q1B1P/2N5/PPP1PPP1/R3KBNR w KQkq -,MODEL_PREDICTION_NOT_EMPIRICAL,after_key,0.234239861369133,maia3,-276,-270,0,OK,100000
JOB-10,B7,1900,maia3-79m,4,d4d3,Qd3,0.031781617552042,0.9961047357064672,0.5735085263393933,319,20,661,r1bqkb1r/pp2pppp/2n2n2/3p4/3Q1B1P/2N5/PPP1PPP1/R3KBNR w KQkq -,MODEL_PREDICTION_NOT_EMPIRICAL,after_key,0.031781617552042,maia3,-257,-254,0,OK,100000
JOB-10,B7,1900,maia3-79m,5,d4e3,Qe3,0.0218518339097499,0.9961047357064672,0.5735085263393933,210,14,776,r1bqkb1r/pp2pppp/2n2n2/3p4/3Q1B1P/2N5/PPP1PPP1/R3KBNR w KQkq -,MODEL_PREDICTION_NOT_EMPIRICAL,after_key,0.0218518339097499,maia3,-258,-473,215,SEVERE_ERROR,100000
JOB-10,B7,1900,maia3-79m,6,d4c5,Qc5,0.0058230417780578,0.9961047357064672,0.5735085263393933,136,11,853,r1bqkb1r/pp2pppp/2n2n2/3p4/3Q1B1P/2N5/PPP1PPP1/R3KBNR w KQkq -,MODEL_PREDICTION_NOT_EMPIRICAL,after_key,0.0058230417780578,maia3,-258,-518,260,SEVERE_ERROR,100000
JOB-10,B7,1900,maia3-79m,7,e1c1,O-O-O,0.0015612519346177,0.9961047357064672,0.5735085263393933,87,7,906,r1bqkb1r/pp2pppp/2n2n2/3p4/3Q1B1P/2N5/PPP1PPP1/R3KBNR w KQkq -,MODEL_PREDICTION_NOT_EMPIRICAL,after_key,0.0015612519346177,maia3,-263,-464,201,SEVERE_ERROR,100000
JOB-10,B7,1900,maia3-79m,8,e2e3,e3,0.0014780987985432,0.9961047357064672,0.5735085263393933,79,7,914,r1bqkb1r/pp2pppp/2n2n2/3p4/3Q1B1P/2N5/PPP1PPP1/R3KBNR w KQkq -,MODEL_PREDICTION_NOT_EMPIRICAL,after_key,0.0014780987985432,maia3,-262,-481,219,SEVERE_ERROR,100000
JOB-10,B7,1900,maia3-79m,9,c3b5,Nb5,0.0013424106873571,0.9961047357064672,0.5735085263393933,179,12,809,r1bqkb1r/pp2pppp/2n2n2/3p4/3Q1B1P/2N5/PPP1PPP1/R3KBNR w KQkq -,MODEL_PREDICTION_NOT_EMPIRICAL,after_key,0.0013424106873571,maia3,-263,-566,303,SEVERE_ERROR,100000
JOB-10,B7,1900,maia3-79m,10,h4h5,h5,0.0006690545124001,0.9961047357064672,0.5735085263393933,38,4,958,r1bqkb1r/pp2pppp/2n2n2/3p4/3Q1B1P/2N5/PPP1PPP1/R3KBNR w KQkq -,MODEL_PREDICTION_NOT_EMPIRICAL,after_key,0.0006690545124001,maia3,-258,-567,309,SEVERE_ERROR,100000
JOB-10,B7,2100,maia3-79m,1,d4d2,Qd2,0.4054367840290069,0.997249640058726,0.5437585294431397,333,26,641,r1bqkb1r/pp2pppp/2n2n2/3p4/3Q1B1P/2N5/PPP1PPP1/R3KBNR w KQkq -,MODEL_PREDICTION_NOT_EMPIRICAL,after_key,0.4054367840290069,maia3,-256,-250,0,OK,100000
JOB-10,B7,2100,maia3-79m,2,d4a4,Qa4,0.3264979422092438,0.997249640058726,0.5437585294431397,454,30,516,r1bqkb1r/pp2pppp/2n2n2/3p4/3Q1B1P/2N5/PPP1PPP1/R3KBNR w KQkq -,MODEL_PREDICTION_NOT_EMPIRICAL,after_key,0.3264979422092438,maia3,-276,-270,0,OK,100000
JOB-10,B7,2100,maia3-79m,3,d4d1,Qd1,0.2221152633428573,0.997249640058726,0.5437585294431397,269,23,708,r1bqkb1r/pp2pppp/2n2n2/3p4/3Q1B1P/2N5/PPP1PPP1/R3KBNR w KQkq -,MODEL_PREDICTION_NOT_EMPIRICAL,after_key,0.2221152633428573,maia3,-257,-329,72,ERROR,100000
JOB-10,B7,2100,maia3-79m,4,d4d3,Qd3,0.0255555938929319,0.997249640058726,0.5437585294431397,308,23,669,r1bqkb1r/pp2pppp/2n2n2/3p4/3Q1B1P/2N5/PPP1PPP1/R3KBNR w KQkq -,MODEL_PREDICTION_NOT_EMPIRICAL,after_key,0.0255555938929319,maia3,-257,-254,0,OK,100000
JOB-10,B7,2100,maia3-79m,5,d4e3,Qe3,0.0102412123233079,0.997249640058726,0.5437585294431397,180,15,805,r1bqkb1r/pp2pppp/2n2n2/3p4/3Q1B1P/2N5/PPP1PPP1/R3KBNR w KQkq -,MODEL_PREDICTION_NOT_EMPIRICAL,after_key,0.0102412123233079,maia3,-258,-473,215,SEVERE_ERROR,100000
JOB-10,B7,2100,maia3-79m,6,d4c5,Qc5,0.0041888677515089,0.997249640058726,0.5437585294431397,133,12,855,r1bqkb1r/pp2pppp/2n2n2/3p4/3Q1B1P/2N5/PPP1PPP1/R3KBNR w KQkq -,MODEL_PREDICTION_NOT_EMPIRICAL,after_key,0.0041888677515089,maia3,-258,-518,260,SEVERE_ERROR,100000
JOB-10,B7,2100,maia3-79m,7,e2e3,e3,0.0010783282341435,0.997249640058726,0.5437585294431397,67,7,926,r1bqkb1r/pp2pppp/2n2n2/3p4/3Q1B1P/2N5/PPP1PPP1/R3KBNR w KQkq -,MODEL_PREDICTION_NOT_EMPIRICAL,after_key,0.0010783282341435,maia3,-262,-481,219,SEVERE_ERROR,100000
JOB-10,B7,2100,maia3-79m,8,e1c1,O-O-O,0.0008722771890461,0.997249640058726,0.5437585294431397,65,7,928,r1bqkb1r/pp2pppp/2n2n2/3p4/3Q1B1P/2N5/PPP1PPP1/R3KBNR w KQkq -,MODEL_PREDICTION_NOT_EMPIRICAL,after_key,0.0008722771890461,maia3,-263,-464,201,SEVERE_ERROR,100000
JOB-10,B7,2100,maia3-79m,9,c3b5,Nb5,0.0006696258787997,0.997249640058726,0.5437585294431397,163,12,825,r1bqkb1r/pp2pppp/2n2n2/3p4/3Q1B1P/2N5/PPP1PPP1/R3KBNR w KQkq -,MODEL_PREDICTION_NOT_EMPIRICAL,after_key,0.0006696258787997,maia3,-263,-566,303,SEVERE_ERROR,100000
JOB-10,B7,2100,maia3-79m,10,d4b4,Qb4,0.0005937452078796,0.997249640058726,0.5437585294431397,43,5,952,r1bqkb1r/pp2pppp/2n2n2/3p4/3Q1B1P/2N5/PPP1PPP1/R3KBNR w KQkq -,MODEL_PREDICTION_NOT_EMPIRICAL,after_key,0.0005937452078796,maia3,-251,-663,412,SEVERE_ERROR,100000
VER-08,B7,1100,maia3-79m,1,d4a4,Qa4,0.3414009511470794,0.963243892416358,0.8027608929792863,441,22,537,r1bqkb1r/pp2pppp/2n2n2/3p2B1/3Q4/2N2P2/PPP1P1PP/R3KBNR w KQkq -,MODEL_PREDICTION_NOT_EMPIRICAL,after_key,0.3414009511470794,maia3,-168,-185,17,OK,100000
VER-08,B7,1100,maia3-79m,2,d4d2,Qd2,0.1728245913982391,0.963243892416358,0.8027608929792863,441,23,536,r1bqkb1r/pp2pppp/2n2n2/3p2B1/3Q4/2N2P2/PPP1P1PP/R3KBNR w KQkq -,MODEL_PREDICTION_NOT_EMPIRICAL,after_key,0.1728245913982391,maia3,-156,-160,4,OK,100000
VER-08,B7,1100,maia3-79m,3,d4d1,Qd1,0.1442539095878601,0.963243892416358,0.8027608929792863,413,24,563,r1bqkb1r/pp2pppp/2n2n2/3p2B1/3Q4/2N2P2/PPP1P1PP/R3KBNR w KQkq -,MODEL_PREDICTION_NOT_EMPIRICAL,after_key,0.1442539095878601,maia3,-164,-239,75,ERROR,100000
VER-08,B7,1100,maia3-79m,4,d4d3,Qd3,0.1028383076190948,0.963243892416358,0.8027608929792863,435,22,543,r1bqkb1r/pp2pppp/2n2n2/3p2B1/3Q4/2N2P2/PPP1P1PP/R3KBNR w KQkq -,MODEL_PREDICTION_NOT_EMPIRICAL,after_key,0.1028383076190948,maia3,-172,-189,17,OK,100000
VER-08,B7,1100,maia3-79m,5,d4c5,Qc5,0.0638025030493736,0.963243892416358,0.8027608929792863,312,19,669,r1bqkb1r/pp2pppp/2n2n2/3p2B1/3Q4/2N2P2/PPP1P1PP/R3KBNR w KQkq -,MODEL_PREDICTION_NOT_EMPIRICAL,after_key,0.0638025030493736,maia3,-163,-283,120,SEVERE_ERROR,100000
VER-08,B7,1100,maia3-79m,6,g5f6,Bxf6,0.043865580111742,0.963243892416358,0.8027608929792863,184,16,800,r1bqkb1r/pp2pppp/2n2n2/3p2B1/3Q4/2N2P2/PPP1P1PP/R3KBNR w KQkq -,MODEL_PREDICTION_NOT_EMPIRICAL,after_key,0.043865580111742,maia3,-167,-320,153,SEVERE_ERROR,100000
VER-08,B7,1100,maia3-79m,7,d4f4,Qf4,0.0286569632589817,0.963243892416358,0.8027608929792863,408,20,572,r1bqkb1r/pp2pppp/2n2n2/3p2B1/3Q4/2N2P2/PPP1P1PP/R3KBNR w KQkq -,MODEL_PREDICTION_NOT_EMPIRICAL,after_key,0.0286569632589817,maia3,-164,-259,95,ERROR,100000
VER-08,B7,1100,maia3-79m,8,d4h4,Qh4,0.0251853708177804,0.963243892416358,0.8027608929792863,463,22,515,r1bqkb1r/pp2pppp/2n2n2/3p2B1/3Q4/2N2P2/PPP1P1PP/R3KBNR w KQkq -,MODEL_PREDICTION_NOT_EMPIRICAL,after_key,0.0251853708177804,maia3,-166,-228,62,ERROR,100000
VER-08,B7,1100,maia3-79m,9,d4e3,Qe3,0.0209450591355562,0.963243892416358,0.8027608929792863,350,19,631,r1bqkb1r/pp2pppp/2n2n2/3p2B1/3Q4/2N2P2/PPP1P1PP/R3KBNR w KQkq -,MODEL_PREDICTION_NOT_EMPIRICAL,after_key,0.0209450591355562,maia3,-161,-449,288,SEVERE_ERROR,100000
VER-08,B7,1100,maia3-79m,10,d4f2,Qf2,0.0194706562906503,0.963243892416358,0.8027608929792863,430,21,549,r1bqkb1r/pp2pppp/2n2n2/3p2B1/3Q4/2N2P2/PPP1P1PP/R3KBNR w KQkq -,MODEL_PREDICTION_NOT_EMPIRICAL,after_key,0.0194706562906503,maia3,-164,-186,22,OK,100000
VER-08,B7,1300,maia3-79m,1,d4a4,Qa4,0.334076851606369,0.9786803787574172,0.773477818587237,434,21,545,r1bqkb1r/pp2pppp/2n2n2/3p2B1/3Q4/2N2P2/PPP1P1PP/R3KBNR w KQkq -,MODEL_PREDICTION_NOT_EMPIRICAL,after_key,0.334076851606369,maia3,-168,-185,17,OK,100000
VER-08,B7,1300,maia3-79m,2,d4d2,Qd2,0.2191096544265747,0.9786803787574172,0.773477818587237,437,22,541,r1bqkb1r/pp2pppp/2n2n2/3p2B1/3Q4/2N2P2/PPP1P1PP/R3KBNR w KQkq -,MODEL_PREDICTION_NOT_EMPIRICAL,after_key,0.2191096544265747,maia3,-156,-160,4,OK,100000
VER-08,B7,1300,maia3-79m,3,d4d1,Qd1,0.184808924794197,0.9786803787574172,0.773477818587237,403,23,574,r1bqkb1r/pp2pppp/2n2n2/3p2B1/3Q4/2N2P2/PPP1P1PP/R3KBNR w KQkq -,MODEL_PREDICTION_NOT_EMPIRICAL,after_key,0.184808924794197,maia3,-164,-239,75,ERROR,100000
VER-08,B7,1300,maia3-79m,4,d4d3,Qd3,0.0860116928815841,0.9786803787574172,0.773477818587237,432,21,547,r1bqkb1r/pp2pppp/2n2n2/3p2B1/3Q4/2N2P2/PPP1P1PP/R3KBNR w KQkq -,MODEL_PREDICTION_NOT_EMPIRICAL,after_key,0.0860116928815841,maia3,-172,-189,17,OK,100000
VER-08,B7,1300,maia3-79m,5,d4h4,Qh4,0.0346291251480579,0.9786803787574172,0.773477818587237,460,21,519,r1bqkb1r/pp2pppp/2n2n2/3p2B1/3Q4/2N2P2/PPP1P1PP/R3KBNR w KQkq -,MODEL_PREDICTION_NOT_EMPIRICAL,after_key,0.0346291251480579,maia3,-166,-228,62,ERROR,100000
VER-08,B7,1300,maia3-79m,6,g5f6,Bxf6,0.0325985699892044,0.9786803787574172,0.773477818587237,172,13,815,r1bqkb1r/pp2pppp/2n2n2/3p2B1/3Q4/2N2P2/PPP1P1PP/R3KBNR w KQkq -,MODEL_PREDICTION_NOT_EMPIRICAL,after_key,0.0325985699892044,maia3,-167,-320,153,SEVERE_ERROR,100000
VER-08,B7,1300,maia3-79m,7,d4c5,Qc5,0.0293363761156797,0.9786803787574172,0.773477818587237,311,18,671,r1bqkb1r/pp2pppp/2n2n2/3p2B1/3Q4/2N2P2/PPP1P1PP/R3KBNR w KQkq -,MODEL_PREDICTION_NOT_EMPIRICAL,after_key,0.0293363761156797,maia3,-163,-283,120,SEVERE_ERROR,100000
VER-08,B7,1300,maia3-79m,8,d4f2,Qf2,0.0260261073708534,0.9786803787574172,0.773477818587237,423,20,557,r1bqkb1r/pp2pppp/2n2n2/3p2B1/3Q4/2N2P2/PPP1P1PP/R3KBNR w KQkq -,MODEL_PREDICTION_NOT_EMPIRICAL,after_key,0.0260261073708534,maia3,-164,-186,22,OK,100000
VER-08,B7,1300,maia3-79m,9,d4f4,Qf4,0.0173490010201931,0.9786803787574172,0.773477818587237,399,19,582,r1bqkb1r/pp2pppp/2n2n2/3p2B1/3Q4/2N2P2/PPP1P1PP/R3KBNR w KQkq -,MODEL_PREDICTION_NOT_EMPIRICAL,after_key,0.0173490010201931,maia3,-164,-259,95,ERROR,100000
VER-08,B7,1300,maia3-79m,10,d4e3,Qe3,0.0147340754047036,0.9786803787574172,0.773477818587237,321,17,662,r1bqkb1r/pp2pppp/2n2n2/3p2B1/3Q4/2N2P2/PPP1P1PP/R3KBNR w KQkq -,MODEL_PREDICTION_NOT_EMPIRICAL,after_key,0.0147340754047036,maia3,-161,-449,288,SEVERE_ERROR,100000
VER-08,B7,1500,maia3-79m,1,d4a4,Qa4,0.295176237821579,0.9870210895314812,0.7531573854689506,434,22,544,r1bqkb1r/pp2pppp/2n2n2/3p2B1/3Q4/2N2P2/PPP1P1PP/R3KBNR w KQkq -,MODEL_PREDICTION_NOT_EMPIRICAL,after_key,0.295176237821579,maia3,-168,-185,17,OK,100000
VER-08,B7,1500,maia3-79m,2,d4d2,Qd2,0.2651509940624237,0.9870210895314812,0.7531573854689506,430,23,547,r1bqkb1r/pp2pppp/2n2n2/3p2B1/3Q4/2N2P2/PPP1P1PP/R3KBNR w KQkq -,MODEL_PREDICTION_NOT_EMPIRICAL,after_key,0.2651509940624237,maia3,-156,-160,4,OK,100000
VER-08,B7,1500,maia3-79m,3,d4d1,Qd1,0.2151074707508087,0.9870210895314812,0.7531573854689506,390,24,586,r1bqkb1r/pp2pppp/2n2n2/3p2B1/3Q4/2N2P2/PPP1P1PP/R3KBNR w KQkq -,MODEL_PREDICTION_NOT_EMPIRICAL,after_key,0.2151074707508087,maia3,-164,-239,75,ERROR,100000
VER-08,B7,1500,maia3-79m,4,d4d3,Qd3,0.0647914260625839,0.9870210895314812,0.7531573854689506,427,21,552,r1bqkb1r/pp2pppp/2n2n2/3p2B1/3Q4/2N2P2/PPP1P1PP/R3KBNR w KQkq -,MODEL_PREDICTION_NOT_EMPIRICAL,after_key,0.0647914260625839,maia3,-172,-189,17,OK,100000
VER-08,B7,1500,maia3-79m,5,d4h4,Qh4,0.0560894198715686,0.9870210895314812,0.7531573854689506,455,22,523,r1bqkb1r/pp2pppp/2n2n2/3p2B1/3Q4/2N2P2/PPP1P1PP/R3KBNR w KQkq -,MODEL_PREDICTION_NOT_EMPIRICAL,after_key,0.0560894198715686,maia3,-166,-228,62,ERROR,100000
VER-08,B7,1500,maia3-79m,6,d4f2,Qf2,0.0353712365031242,0.9870210895314812,0.7531573854689506,420,21,559,r1bqkb1r/pp2pppp/2n2n2/3p2B1/3Q4/2N2P2/PPP1P1PP/R3KBNR w KQkq -,MODEL_PREDICTION_NOT_EMPIRICAL,after_key,0.0353712365031242,maia3,-164,-186,22,OK,100000
VER-08,B7,1500,maia3-79m,7,g5f6,Bxf6,0.0203303638845682,0.9870210895314812,0.7531573854689506,159,12,829,r1bqkb1r/pp2pppp/2n2n2/3p2B1/3Q4/2N2P2/PPP1P1PP/R3KBNR w KQkq -,MODEL_PREDICTION_NOT_EMPIRICAL,after_key,0.0203303638845682,maia3,-167,-320,153,SEVERE_ERROR,100000
VER-08,B7,1500,maia3-79m,8,d4c5,Qc5,0.0145320063456892,0.9870210895314812,0.7531573854689506,301,18,681,r1bqkb1r/pp2pppp/2n2n2/3p2B1/3Q4/2N2P2/PPP1P1PP/R3KBNR w KQkq -,MODEL_PREDICTION_NOT_EMPIRICAL,after_key,0.0145320063456892,maia3,-163,-283,120,SEVERE_ERROR,100000
VER-08,B7,1500,maia3-79m,9,d4f4,Qf4,0.0110154170542955,0.9870210895314812,0.7531573854689506,383,19,598,r1bqkb1r/pp2pppp/2n2n2/3p2B1/3Q4/2N2P2/PPP1P1PP/R3KBNR w KQkq -,MODEL_PREDICTION_NOT_EMPIRICAL,after_key,0.0110154170542955,maia3,-164,-259,95,ERROR,100000
VER-08,B7,1500,maia3-79m,10,d4e3,Qe3,0.0094565171748399,0.9870210895314812,0.7531573854689506,286,16,698,r1bqkb1r/pp2pppp/2n2n2/3p2B1/3Q4/2N2P2/PPP1P1PP/R3KBNR w KQkq -,MODEL_PREDICTION_NOT_EMPIRICAL,after_key,0.0094565171748399,maia3,-161,-449,288,SEVERE_ERROR,100000
VER-08,B7,1700,maia3-79m,1,d4d2,Qd2,0.3026707470417022,0.9915654733777046,0.7405994544608999,425,25,550,r1bqkb1r/pp2pppp/2n2n2/3p2B1/3Q4/2N2P2/PPP1P1PP/R3KBNR w KQkq -,MODEL_PREDICTION_NOT_EMPIRICAL,after_key,0.3026707470417022,maia3,-156,-160,4,OK,100000
VER-08,B7,1700,maia3-79m,2,d4a4,Qa4,0.249305173754692,0.9915654733777046,0.7405994544608999,437,24,539,r1bqkb1r/pp2pppp/2n2n2/3p2B1/3Q4/2N2P2/PPP1P1PP/R3KBNR w KQkq -,MODEL_PREDICTION_NOT_EMPIRICAL,after_key,0.249305173754692,maia3,-168,-185,17,OK,100000
VER-08,B7,1700,maia3-79m,3,d4d1,Qd1,0.2163436710834503,0.9915654733777046,0.7405994544608999,380,25,595,r1bqkb1r/pp2pppp/2n2n2/3p2B1/3Q4/2N2P2/PPP1P1PP/R3KBNR w KQkq -,MODEL_PREDICTION_NOT_EMPIRICAL,after_key,0.2163436710834503,maia3,-164,-239,75,ERROR,100000
VER-08,B7,1700,maia3-79m,4,d4h4,Qh4,0.0992946997284889,0.9915654733777046,0.7405994544608999,451,23,526,r1bqkb1r/pp2pppp/2n2n2/3p2B1/3Q4/2N2P2/PPP1P1PP/R3KBNR w KQkq -,MODEL_PREDICTION_NOT_EMPIRICAL,after_key,0.0992946997284889,maia3,-166,-228,62,ERROR,100000
VER-08,B7,1700,maia3-79m,5,d4f2,Qf2,0.0475940704345703,0.9915654733777046,0.7405994544608999,420,22,558,r1bqkb1r/pp2pppp/2n2n2/3p2B1/3Q4/2N2P2/PPP1P1PP/R3KBNR w KQkq -,MODEL_PREDICTION_NOT_EMPIRICAL,after_key,0.0475940704345703,maia3,-164,-186,22,OK,100000
VER-08,B7,1700,maia3-79m,6,d4d3,Qd3,0.0439988523721694,0.9915654733777046,0.7405994544608999,422,23,555,r1bqkb1r/pp2pppp/2n2n2/3p2B1/3Q4/2N2P2/PPP1P1PP/R3KBNR w KQkq -,MODEL_PREDICTION_NOT_EMPIRICAL,after_key,0.0439988523721694,maia3,-172,-189,17,OK,100000
VER-08,B7,1700,maia3-79m,7,g5f6,Bxf6,0.0120918052271008,0.9915654733777046,0.7405994544608999,148,12,840,r1bqkb1r/pp2pppp/2n2n2/3p2B1/3Q4/2N2P2/PPP1P1PP/R3KBNR w KQkq -,MODEL_PREDICTION_NOT_EMPIRICAL,after_key,0.0120918052271008,maia3,-167,-320,153,SEVERE_ERROR,100000
VER-08,B7,1700,maia3-79m,8,d4c5,Qc5,0.007617934141308,0.9915654733777046,0.7405994544608999,289,18,693,r1bqkb1r/pp2pppp/2n2n2/3p2B1/3Q4/2N2P2/PPP1P1PP/R3KBNR w KQkq -,MODEL_PREDICTION_NOT_EMPIRICAL,after_key,0.007617934141308,maia3,-163,-283,120,SEVERE_ERROR,100000
VER-08,B7,1700,maia3-79m,9,d4f4,Qf4,0.0074951667338609,0.9915654733777046,0.7405994544608999,363,20,617,r1bqkb1r/pp2pppp/2n2n2/3p2B1/3Q4/2N2P2/PPP1P1PP/R3KBNR w KQkq -,MODEL_PREDICTION_NOT_EMPIRICAL,after_key,0.0074951667338609,maia3,-164,-259,95,ERROR,100000
VER-08,B7,1700,maia3-79m,10,d4e3,Qe3,0.0051533528603613,0.9915654733777046,0.7405994544608999,245,16,739,r1bqkb1r/pp2pppp/2n2n2/3p2B1/3Q4/2N2P2/PPP1P1PP/R3KBNR w KQkq -,MODEL_PREDICTION_NOT_EMPIRICAL,after_key,0.0051533528603613,maia3,-161,-449,288,SEVERE_ERROR,100000
VER-08,B7,1900,maia3-79m,1,d4d2,Qd2,0.3160462081432342,0.994304631720297,0.7219065161592771,421,28,551,r1bqkb1r/pp2pppp/2n2n2/3p2B1/3Q4/2N2P2/PPP1P1PP/R3KBNR w KQkq -,MODEL_PREDICTION_NOT_EMPIRICAL,after_key,0.3160462081432342,maia3,-156,-160,4,OK,100000
VER-08,B7,1900,maia3-79m,2,d4a4,Qa4,0.2235583066940307,0.994304631720297,0.7219065161592771,440,27,533,r1bqkb1r/pp2pppp/2n2n2/3p2B1/3Q4/2N2P2/PPP1P1PP/R3KBNR w KQkq -,MODEL_PREDICTION_NOT_EMPIRICAL,after_key,0.2235583066940307,maia3,-168,-185,17,OK,100000
VER-08,B7,1900,maia3-79m,3,d4h4,Qh4,0.1954728662967682,0.994304631720297,0.7219065161592771,445,26,529,r1bqkb1r/pp2pppp/2n2n2/3p2B1/3Q4/2N2P2/PPP1P1PP/R3KBNR w KQkq -,MODEL_PREDICTION_NOT_EMPIRICAL,after_key,0.1954728662967682,maia3,-166,-228,62,ERROR,100000
VER-08,B7,1900,maia3-79m,4,d4d1,Qd1,0.1613098084926605,0.994304631720297,0.7219065161592771,364,27,609,r1bqkb1r/pp2pppp/2n2n2/3p2B1/3Q4/2N2P2/PPP1P1PP/R3KBNR w KQkq -,MODEL_PREDICTION_NOT_EMPIRICAL,after_key,0.1613098084926605,maia3,-164,-239,75,ERROR,100000
VER-08,B7,1900,maia3-79m,5,d4f2,Qf2,0.0519716963171958,0.994304631720297,0.7219065161592771,412,25,563,r1bqkb1r/pp2pppp/2n2n2/3p2B1/3Q4/2N2P2/PPP1P1PP/R3KBNR w KQkq -,MODEL_PREDICTION_NOT_EMPIRICAL,after_key,0.0519716963171958,maia3,-164,-186,22,OK,100000
VER-08,B7,1900,maia3-79m,6,d4d3,Qd3,0.02743536606431,0.994304631720297,0.7219065161592771,418,26,556,r1bqkb1r/pp2pppp/2n2n2/3p2B1/3Q4/2N2P2/PPP1P1PP/R3KBNR w KQkq -,MODEL_PREDICTION_NOT_EMPIRICAL,after_key,0.02743536606431,maia3,-172,-189,17,OK,100000
VER-08,B7,1900,maia3-79m,7,g5f6,Bxf6,0.0075976438820362,0.994304631720297,0.7219065161592771,131,12,857,r1bqkb1r/pp2pppp/2n2n2/3p2B1/3Q4/2N2P2/PPP1P1PP/R3KBNR w KQkq -,MODEL_PREDICTION_NOT_EMPIRICAL,after_key,0.0075976438820362,maia3,-167,-320,153,SEVERE_ERROR,100000
VER-08,B7,1900,maia3-79m,8,d4f4,Qf4,0.0048466953448951,0.994304631720297,0.7219065161592771,344,22,634,r1bqkb1r/pp2pppp/2n2n2/3p2B1/3Q4/2N2P2/PPP1P1PP/R3KBNR w KQkq -,MODEL_PREDICTION_NOT_EMPIRICAL,after_key,0.0048466953448951,maia3,-164,-259,95,ERROR,100000
VER-08,B7,1900,maia3-79m,9,d4c5,Qc5,0.0042388685978949,0.994304631720297,0.7219065161592771,279,19,702,r1bqkb1r/pp2pppp/2n2n2/3p2B1/3Q4/2N2P2/PPP1P1PP/R3KBNR w KQkq -,MODEL_PREDICTION_NOT_EMPIRICAL,after_key,0.0042388685978949,maia3,-163,-283,120,SEVERE_ERROR,100000
VER-08,B7,1900,maia3-79m,10,d4e3,Qe3,0.0018271718872711,0.994304631720297,0.7219065161592771,218,16,766,r1bqkb1r/pp2pppp/2n2n2/3p2B1/3Q4/2N2P2/PPP1P1PP/R3KBNR w KQkq -,MODEL_PREDICTION_NOT_EMPIRICAL,after_key,0.0018271718872711,maia3,-161,-449,288,SEVERE_ERROR,100000
VER-08,B7,2100,maia3-79m,1,d4h4,Qh4,0.365693062543869,0.9967243109131232,0.6503789604930464,438,31,531,r1bqkb1r/pp2pppp/2n2n2/3p2B1/3Q4/2N2P2/PPP1P1PP/R3KBNR w KQkq -,MODEL_PREDICTION_NOT_EMPIRICAL,after_key,0.365693062543869,maia3,-166,-228,62,ERROR,100000
VER-08,B7,2100,maia3-79m,2,d4d2,Qd2,0.2695104479789734,0.9967243109131232,0.6503789604930464,419,35,546,r1bqkb1r/pp2pppp/2n2n2/3p2B1/3Q4/2N2P2/PPP1P1PP/R3KBNR w KQkq -,MODEL_PREDICTION_NOT_EMPIRICAL,after_key,0.2695104479789734,maia3,-156,-160,4,OK,100000
VER-08,B7,2100,maia3-79m,3,d4a4,Qa4,0.2273851335048675,0.9967243109131232,0.6503789604930464,454,33,513,r1bqkb1r/pp2pppp/2n2n2/3p2B1/3Q4/2N2P2/PPP1P1PP/R3KBNR w KQkq -,MODEL_PREDICTION_NOT_EMPIRICAL,after_key,0.2273851335048675,maia3,-168,-185,17,OK,100000
VER-08,B7,2100,maia3-79m,4,d4d1,Qd1,0.0659488141536712,0.9967243109131232,0.6503789604930464,347,32,621,r1bqkb1r/pp2pppp/2n2n2/3p2B1/3Q4/2N2P2/PPP1P1PP/R3KBNR w KQkq -,MODEL_PREDICTION_NOT_EMPIRICAL,after_key,0.0659488141536712,maia3,-164,-239,75,ERROR,100000
VER-08,B7,2100,maia3-79m,5,d4f2,Qf2,0.0410936884582042,0.9967243109131232,0.6503789604930464,403,30,567,r1bqkb1r/pp2pppp/2n2n2/3p2B1/3Q4/2N2P2/PPP1P1PP/R3KBNR w KQkq -,MODEL_PREDICTION_NOT_EMPIRICAL,after_key,0.0410936884582042,maia3,-164,-186,22,OK,100000
VER-08,B7,2100,maia3-79m,6,d4d3,Qd3,0.0163839273154735,0.9967243109131232,0.6503789604930464,407,32,561,r1bqkb1r/pp2pppp/2n2n2/3p2B1/3Q4/2N2P2/PPP1P1PP/R3KBNR w KQkq -,MODEL_PREDICTION_NOT_EMPIRICAL,after_key,0.0163839273154735,maia3,-172,-189,17,OK,100000
VER-08,B7,2100,maia3-79m,7,g5f6,Bxf6,0.0051131946966052,0.9967243109131232,0.6503789604930464,103,12,885,r1bqkb1r/pp2pppp/2n2n2/3p2B1/3Q4/2N2P2/PPP1P1PP/R3KBNR w KQkq -,MODEL_PREDICTION_NOT_EMPIRICAL,after_key,0.0051131946966052,maia3,-167,-320,153,SEVERE_ERROR,100000
VER-08,B7,2100,maia3-79m,8,d4f4,Qf4,0.0026144401635974,0.9967243109131232,0.6503789604930464,336,26,638,r1bqkb1r/pp2pppp/2n2n2/3p2B1/3Q4/2N2P2/PPP1P1PP/R3KBNR w KQkq -,MODEL_PREDICTION_NOT_EMPIRICAL,after_key,0.0026144401635974,maia3,-164,-259,95,ERROR,100000
VER-08,B7,2100,maia3-79m,9,d4c5,Qc5,0.0020756633020937,0.9967243109131232,0.6503789604930464,275,23,702,r1bqkb1r/pp2pppp/2n2n2/3p2B1/3Q4/2N2P2/PPP1P1PP/R3KBNR w KQkq -,MODEL_PREDICTION_NOT_EMPIRICAL,after_key,0.0020756633020937,maia3,-163,-283,120,SEVERE_ERROR,100000
VER-08,B7,2100,maia3-79m,10,e1c1,O-O-O,0.0009059387957677,0.9967243109131232,0.6503789604930464,62,7,931,r1bqkb1r/pp2pppp/2n2n2/3p2B1/3Q4/2N2P2/PPP1P1PP/R3KBNR w KQkq -,MODEL_PREDICTION_NOT_EMPIRICAL,after_key,0.0009059387957677,maia3,-151,-514,363,SEVERE_ERROR,100000
JOB-03,B8,1100,maia3-79m,1,c3b5,Nb5,0.8050331473350525,0.996323513914831,0.3265420575102188,533,18,449,rnbqkb1r/pp2pppp/5n2/2P5/3p1B2/2N5/PPP1PPPP/R2QKBNR w KQkq -,MODEL_PREDICTION_NOT_EMPIRICAL,after_key,0.8050331473350525,maia3,-72,-289,217,SEVERE_ERROR,100000
JOB-03,B8,1100,maia3-79m,2,c3a4,Na4,0.1021902784705162,0.996323513914831,0.3265420575102188,423,19,558,rnbqkb1r/pp2pppp/5n2/2P5/3p1B2/2N5/PPP1PPPP/R2QKBNR w KQkq -,MODEL_PREDICTION_NOT_EMPIRICAL,after_key,0.1021902784705162,maia3,-60,-214,154,SEVERE_ERROR,100000
JOB-03,B8,1100,maia3-79m,3,c3b1,Nb1,0.0436549820005893,0.996323513914831,0.3265420575102188,422,22,556,rnbqkb1r/pp2pppp/5n2/2P5/3p1B2/2N5/PPP1PPPP/R2QKBNR w KQkq -,MODEL_PREDICTION_NOT_EMPIRICAL,after_key,0.0436549820005893,maia3,-68,-58,0,OK,100000
JOB-03,B8,1100,maia3-79m,4,c3e4,Ne4,0.0202704202383756,0.996323513914831,0.3265420575102188,302,18,680,rnbqkb1r/pp2pppp/5n2/2P5/3p1B2/2N5/PPP1PPPP/R2QKBNR w KQkq -,MODEL_PREDICTION_NOT_EMPIRICAL,after_key,0.0202704202383756,maia3,-75,-408,333,SEVERE_ERROR,100000
JOB-03,B8,1100,maia3-79m,5,f4b8,Bxb8,0.0133137386292219,0.996323513914831,0.3265420575102188,458,26,516,rnbqkb1r/pp2pppp/5n2/2P5/3p1B2/2N5/PPP1PPPP/R2QKBNR w KQkq -,MODEL_PREDICTION_NOT_EMPIRICAL,after_key,0.0133137386292219,maia3,-84,-160,76,ERROR,100000
JOB-03,B8,1100,maia3-79m,6,e2e3,e3,0.0038899502251297,0.996323513914831,0.3265420575102188,416,26,558,rnbqkb1r/pp2pppp/5n2/2P5/3p1B2/2N5/PPP1PPPP/R2QKBNR w KQkq -,MODEL_PREDICTION_NOT_EMPIRICAL,after_key,0.0038899502251297,maia3,-82,-286,204,SEVERE_ERROR,100000
JOB-03,B8,1100,maia3-79m,7,d1d4,Qxd4,0.0027024263981729,0.996323513914831,0.3265420575102188,173,15,812,rnbqkb1r/pp2pppp/5n2/2P5/3p1B2/2N5/PPP1PPPP/R2QKBNR w KQkq -,MODEL_PREDICTION_NOT_EMPIRICAL,after_key,0.0027024263981729,maia3,-85,-484,399,SEVERE_ERROR,100000
JOB-03,B8,1100,maia3-79m,8,g1f3,Nf3,0.0019180038943886,0.996323513914831,0.3265420575102188,407,26,567,rnbqkb1r/pp2pppp/5n2/2P5/3p1B2/2N5/PPP1PPPP/R2QKBNR w KQkq -,MODEL_PREDICTION_NOT_EMPIRICAL,after_key,0.0019180038943886,maia3,-60,-297,237,SEVERE_ERROR,100000
JOB-03,B8,1100,maia3-79m,9,c3d5,Nd5,0.0016898066969588,0.996323513914831,0.3265420575102188,284,18,698,rnbqkb1r/pp2pppp/5n2/2P5/3p1B2/2N5/PPP1PPPP/R2QKBNR w KQkq -,MODEL_PREDICTION_NOT_EMPIRICAL,after_key,0.0016898066969588,maia3,-63,-447,384,SEVERE_ERROR,100000
JOB-03,B8,1100,maia3-79m,10,f4e5,Be5,0.0016607600264251,0.996323513914831,0.3265420575102188,365,27,608,rnbqkb1r/pp2pppp/5n2/2P5/3p1B2/2N5/PPP1PPPP/R2QKBNR w KQkq -,MODEL_PREDICTION_NOT_EMPIRICAL,after_key,0.0016607600264251,maia3,-68,-348,280,SEVERE_ERROR,100000
JOB-03,B8,1300,maia3-79m,1,c3b5,Nb5,0.7821502685546875,0.9964716309914364,0.3503803215344548,472,17,511,rnbqkb1r/pp2pppp/5n2/2P5/3p1B2/2N5/PPP1PPPP/R2QKBNR w KQkq -,MODEL_PREDICTION_NOT_EMPIRICAL,after_key,0.7821502685546875,maia3,-72,-289,217,SEVERE_ERROR,100000
JOB-03,B8,1300,maia3-79m,2,c3a4,Na4,0.0984137430787086,0.9964716309914364,0.3503803215344548,406,18,576,rnbqkb1r/pp2pppp/5n2/2P5/3p1B2/2N5/PPP1PPPP/R2QKBNR w KQkq -,MODEL_PREDICTION_NOT_EMPIRICAL,after_key,0.0984137430787086,maia3,-60,-214,154,SEVERE_ERROR,100000
JOB-03,B8,1300,maia3-79m,3,c3b1,Nb1,0.0746225863695144,0.9964716309914364,0.3503803215344548,410,20,570,rnbqkb1r/pp2pppp/5n2/2P5/3p1B2/2N5/PPP1PPPP/R2QKBNR w KQkq -,MODEL_PREDICTION_NOT_EMPIRICAL,after_key,0.0746225863695144,maia3,-68,-58,0,OK,100000
JOB-03,B8,1300,maia3-79m,4,c3e4,Ne4,0.0158883687108755,0.9964716309914364,0.3503803215344548,276,16,708,rnbqkb1r/pp2pppp/5n2/2P5/3p1B2/2N5/PPP1PPPP/R2QKBNR w KQkq -,MODEL_PREDICTION_NOT_EMPIRICAL,after_key,0.0158883687108755,maia3,-75,-408,333,SEVERE_ERROR,100000
JOB-03,B8,1300,maia3-79m,5,f4b8,Bxb8,0.0139938369393348,0.9964716309914364,0.3503803215344548,463,25,512,rnbqkb1r/pp2pppp/5n2/2P5/3p1B2/2N5/PPP1PPPP/R2QKBNR w KQkq -,MODEL_PREDICTION_NOT_EMPIRICAL,after_key,0.0139938369393348,maia3,-84,-160,76,ERROR,100000
JOB-03,B8,1300,maia3-79m,6,e2e3,e3,0.0050436505116522,0.9964716309914364,0.3503803215344548,398,24,578,rnbqkb1r/pp2pppp/5n2/2P5/3p1B2/2N5/PPP1PPPP/R2QKBNR w KQkq -,MODEL_PREDICTION_NOT_EMPIRICAL,after_key,0.0050436505116522,maia3,-82,-286,204,SEVERE_ERROR,100000
JOB-03,B8,1300,maia3-79m,7,g1f3,Nf3,0.002506737364456,0.9964716309914364,0.3503803215344548,394,25,581,rnbqkb1r/pp2pppp/5n2/2P5/3p1B2/2N5/PPP1PPPP/R2QKBNR w KQkq -,MODEL_PREDICTION_NOT_EMPIRICAL,after_key,0.002506737364456,maia3,-60,-297,237,SEVERE_ERROR,100000
JOB-03,B8,1300,maia3-79m,8,f4e5,Be5,0.0016479407204315,0.9964716309914364,0.3503803215344548,360,25,615,rnbqkb1r/pp2pppp/5n2/2P5/3p1B2/2N5/PPP1PPPP/R2QKBNR w KQkq -,MODEL_PREDICTION_NOT_EMPIRICAL,after_key,0.0016479407204315,maia3,-68,-348,280,SEVERE_ERROR,100000
JOB-03,B8,1300,maia3-79m,9,d1d4,Qxd4,0.001374670304358,0.9964716309914364,0.3503803215344548,165,14,821,rnbqkb1r/pp2pppp/5n2/2P5/3p1B2/2N5/PPP1PPPP/R2QKBNR w KQkq -,MODEL_PREDICTION_NOT_EMPIRICAL,after_key,0.001374670304358,maia3,-85,-484,399,SEVERE_ERROR,100000
JOB-03,B8,1300,maia3-79m,10,d1d3,Qd3,0.0008298284374177,0.9964716309914364,0.3503803215344548,354,21,625,rnbqkb1r/pp2pppp/5n2/2P5/3p1B2/2N5/PPP1PPPP/R2QKBNR w KQkq -,MODEL_PREDICTION_NOT_EMPIRICAL,after_key,0.0008298284374177,maia3,-73,-368,295,SEVERE_ERROR,100000
JOB-03,B8,1500,maia3-79m,1,c3b5,Nb5,0.7243555188179016,0.9959749249392188,0.4060522103831861,426,16,558,rnbqkb1r/pp2pppp/5n2/2P5/3p1B2/2N5/PPP1PPPP/R2QKBNR w KQkq -,MODEL_PREDICTION_NOT_EMPIRICAL,after_key,0.7243555188179016,maia3,-72,-289,217,SEVERE_ERROR,100000
JOB-03,B8,1500,maia3-79m,2,c3b1,Nb1,0.1276185512542724,0.9959749249392188,0.4060522103831861,405,21,574,rnbqkb1r/pp2pppp/5n2/2P5/3p1B2/2N5/PPP1PPPP/R2QKBNR w KQkq -,MODEL_PREDICTION_NOT_EMPIRICAL,after_key,0.1276185512542724,maia3,-68,-58,0,OK,100000
JOB-03,B8,1500,maia3-79m,3,c3a4,Na4,0.0979064032435417,0.9959749249392188,0.4060522103831861,401,18,581,rnbqkb1r/pp2pppp/5n2/2P5/3p1B2/2N5/PPP1PPPP/R2QKBNR w KQkq -,MODEL_PREDICTION_NOT_EMPIRICAL,after_key,0.0979064032435417,maia3,-60,-214,154,SEVERE_ERROR,100000
JOB-03,B8,1500,maia3-79m,4,f4b8,Bxb8,0.0181311871856451,0.9959749249392188,0.4060522103831861,455,26,519,rnbqkb1r/pp2pppp/5n2/2P5/3p1B2/2N5/PPP1PPPP/R2QKBNR w KQkq -,MODEL_PREDICTION_NOT_EMPIRICAL,after_key,0.0181311871856451,maia3,-84,-160,76,ERROR,100000
JOB-03,B8,1500,maia3-79m,5,c3e4,Ne4,0.0136023145169019,0.9959749249392188,0.4060522103831861,256,15,729,rnbqkb1r/pp2pppp/5n2/2P5/3p1B2/2N5/PPP1PPPP/R2QKBNR w KQkq -,MODEL_PREDICTION_NOT_EMPIRICAL,after_key,0.0136023145169019,maia3,-75,-408,333,SEVERE_ERROR,100000
JOB-03,B8,1500,maia3-79m,6,e2e3,e3,0.0070645180530846,0.9959749249392188,0.4060522103831861,381,24,595,rnbqkb1r/pp2pppp/5n2/2P5/3p1B2/2N5/PPP1PPPP/R2QKBNR w KQkq -,MODEL_PREDICTION_NOT_EMPIRICAL,after_key,0.0070645180530846,maia3,-82,-286,204,SEVERE_ERROR,100000
JOB-03,B8,1500,maia3-79m,7,g1f3,Nf3,0.003316679270938,0.9959749249392188,0.4060522103831861,384,25,591,rnbqkb1r/pp2pppp/5n2/2P5/3p1B2/2N5/PPP1PPPP/R2QKBNR w KQkq -,MODEL_PREDICTION_NOT_EMPIRICAL,after_key,0.003316679270938,maia3,-60,-297,237,SEVERE_ERROR,100000
JOB-03,B8,1500,maia3-79m,8,f4e5,Be5,0.0020883253309875,0.9959749249392188,0.4060522103831861,348,25,627,rnbqkb1r/pp2pppp/5n2/2P5/3p1B2/2N5/PPP1PPPP/R2QKBNR w KQkq -,MODEL_PREDICTION_NOT_EMPIRICAL,after_key,0.0020883253309875,maia3,-68,-348,280,SEVERE_ERROR,100000
JOB-03,B8,1500,maia3-79m,9,d1d3,Qd3,0.0009507241193205,0.9959749249392188,0.4060522103831861,337,21,642,rnbqkb1r/pp2pppp/5n2/2P5/3p1B2/2N5/PPP1PPPP/R2QKBNR w KQkq -,MODEL_PREDICTION_NOT_EMPIRICAL,after_key,0.0009507241193205,maia3,-73,-368,295,SEVERE_ERROR,100000
JOB-03,B8,1500,maia3-79m,10,e2e4,e4,0.0009407031466253,0.9959749249392188,0.4060522103831861,374,22,604,rnbqkb1r/pp2pppp/5n2/2P5/3p1B2/2N5/PPP1PPPP/R2QKBNR w KQkq -,MODEL_PREDICTION_NOT_EMPIRICAL,after_key,0.0009407031466253,maia3,-66,-273,207,SEVERE_ERROR,100000
JOB-03,B8,1700,maia3-79m,1,c3b5,Nb5,0.5776899456977844,0.9945596529869364,0.511786605765211,408,17,575,rnbqkb1r/pp2pppp/5n2/2P5/3p1B2/2N5/PPP1PPPP/R2QKBNR w KQkq -,MODEL_PREDICTION_NOT_EMPIRICAL,after_key,0.5776899456977844,maia3,-72,-289,217,SEVERE_ERROR,100000
JOB-03,B8,1700,maia3-79m,2,c3b1,Nb1,0.238867312669754,0.9945596529869364,0.511786605765211,407,23,570,rnbqkb1r/pp2pppp/5n2/2P5/3p1B2/2N5/PPP1PPPP/R2QKBNR w KQkq -,MODEL_PREDICTION_NOT_EMPIRICAL,after_key,0.238867312669754,maia3,-68,-58,0,OK,100000
JOB-03,B8,1700,maia3-79m,3,c3a4,Na4,0.1134659051895141,0.9945596529869364,0.511786605765211,401,20,579,rnbqkb1r/pp2pppp/5n2/2P5/3p1B2/2N5/PPP1PPPP/R2QKBNR w KQkq -,MODEL_PREDICTION_NOT_EMPIRICAL,after_key,0.1134659051895141,maia3,-60,-214,154,SEVERE_ERROR,100000
JOB-03,B8,1700,maia3-79m,4,f4b8,Bxb8,0.029404317960143,0.9945596529869364,0.511786605765211,452,28,520,rnbqkb1r/pp2pppp/5n2/2P5/3p1B2/2N5/PPP1PPPP/R2QKBNR w KQkq -,MODEL_PREDICTION_NOT_EMPIRICAL,after_key,0.029404317960143,maia3,-84,-160,76,ERROR,100000
JOB-03,B8,1700,maia3-79m,5,c3e4,Ne4,0.0148365516215562,0.9945596529869364,0.511786605765211,236,15,749,rnbqkb1r/pp2pppp/5n2/2P5/3p1B2/2N5/PPP1PPPP/R2QKBNR w KQkq -,MODEL_PREDICTION_NOT_EMPIRICAL,after_key,0.0148365516215562,maia3,-75,-408,333,SEVERE_ERROR,100000
JOB-03,B8,1700,maia3-79m,6,e2e3,e3,0.0098223853856325,0.9945596529869364,0.511786605765211,367,25,608,rnbqkb1r/pp2pppp/5n2/2P5/3p1B2/2N5/PPP1PPPP/R2QKBNR w KQkq -,MODEL_PREDICTION_NOT_EMPIRICAL,after_key,0.0098223853856325,maia3,-82,-286,204,SEVERE_ERROR,100000
JOB-03,B8,1700,maia3-79m,7,g1f3,Nf3,0.0046712271869182,0.9945596529869364,0.511786605765211,375,26,599,rnbqkb1r/pp2pppp/5n2/2P5/3p1B2/2N5/PPP1PPPP/R2QKBNR w KQkq -,MODEL_PREDICTION_NOT_EMPIRICAL,after_key,0.0046712271869182,maia3,-60,-297,237,SEVERE_ERROR,100000
JOB-03,B8,1700,maia3-79m,8,f4e5,Be5,0.0029208550695329,0.9945596529869364,0.511786605765211,332,25,643,rnbqkb1r/pp2pppp/5n2/2P5/3p1B2/2N5/PPP1PPPP/R2QKBNR w KQkq -,MODEL_PREDICTION_NOT_EMPIRICAL,after_key,0.0029208550695329,maia3,-68,-348,280,SEVERE_ERROR,100000
JOB-03,B8,1700,maia3-79m,9,e2e4,e4,0.0017119658878073,0.9945596529869364,0.511786605765211,365,22,613,rnbqkb1r/pp2pppp/5n2/2P5/3p1B2/2N5/PPP1PPPP/R2QKBNR w KQkq -,MODEL_PREDICTION_NOT_EMPIRICAL,after_key,0.0017119658878073,maia3,-66,-273,207,SEVERE_ERROR,100000
JOB-03,B8,1700,maia3-79m,10,d1d3,Qd3,0.0011691863182932,0.9945596529869364,0.511786605765211,326,22,652,rnbqkb1r/pp2pppp/5n2/2P5/3p1B2/2N5/PPP1PPPP/R2QKBNR w KQkq -,MODEL_PREDICTION_NOT_EMPIRICAL,after_key,0.0011691863182932,maia3,-73,-368,295,SEVERE_ERROR,100000
JOB-03,B8,1900,maia3-79m,1,c3b1,Nb1,0.4224950969219208,0.992375256260857,0.5958236460346282,413,27,560,rnbqkb1r/pp2pppp/5n2/2P5/3p1B2/2N5/PPP1PPPP/R2QKBNR w KQkq -,MODEL_PREDICTION_NOT_EMPIRICAL,after_key,0.4224950969219208,maia3,-68,-58,0,OK,100000
JOB-03,B8,1900,maia3-79m,2,c3b5,Nb5,0.3249307870864868,0.992375256260857,0.5958236460346282,419,21,560,rnbqkb1r/pp2pppp/5n2/2P5/3p1B2/2N5/PPP1PPPP/R2QKBNR w KQkq -,MODEL_PREDICTION_NOT_EMPIRICAL,after_key,0.3249307870864868,maia3,-72,-289,217,SEVERE_ERROR,100000
JOB-03,B8,1900,maia3-79m,3,c3a4,Na4,0.1512798815965652,0.992375256260857,0.5958236460346282,400,23,577,rnbqkb1r/pp2pppp/5n2/2P5/3p1B2/2N5/PPP1PPPP/R2QKBNR w KQkq -,MODEL_PREDICTION_NOT_EMPIRICAL,after_key,0.1512798815965652,maia3,-60,-214,154,SEVERE_ERROR,100000
JOB-03,B8,1900,maia3-79m,4,f4b8,Bxb8,0.0474294982850551,0.992375256260857,0.5958236460346282,456,32,512,rnbqkb1r/pp2pppp/5n2/2P5/3p1B2/2N5/PPP1PPPP/R2QKBNR w KQkq -,MODEL_PREDICTION_NOT_EMPIRICAL,after_key,0.0474294982850551,maia3,-84,-160,76,ERROR,100000
JOB-03,B8,1900,maia3-79m,5,c3e4,Ne4,0.0172944329679012,0.992375256260857,0.5958236460346282,220,16,764,rnbqkb1r/pp2pppp/5n2/2P5/3p1B2/2N5/PPP1PPPP/R2QKBNR w KQkq -,MODEL_PREDICTION_NOT_EMPIRICAL,after_key,0.0172944329679012,maia3,-75,-408,333,SEVERE_ERROR,100000
JOB-03,B8,1900,maia3-79m,6,e2e3,e3,0.0140512408688664,0.992375256260857,0.5958236460346282,349,26,625,rnbqkb1r/pp2pppp/5n2/2P5/3p1B2/2N5/PPP1PPPP/R2QKBNR w KQkq -,MODEL_PREDICTION_NOT_EMPIRICAL,after_key,0.0140512408688664,maia3,-82,-286,204,SEVERE_ERROR,100000
JOB-03,B8,1900,maia3-79m,7,g1f3,Nf3,0.005953914951533,0.992375256260857,0.5958236460346282,373,28,599,rnbqkb1r/pp2pppp/5n2/2P5/3p1B2/2N5/PPP1PPPP/R2QKBNR w KQkq -,MODEL_PREDICTION_NOT_EMPIRICAL,after_key,0.005953914951533,maia3,-60,-297,237,SEVERE_ERROR,100000
JOB-03,B8,1900,maia3-79m,8,f4e5,Be5,0.0036917685065418,0.992375256260857,0.5958236460346282,316,26,658,rnbqkb1r/pp2pppp/5n2/2P5/3p1B2/2N5/PPP1PPPP/R2QKBNR w KQkq -,MODEL_PREDICTION_NOT_EMPIRICAL,after_key,0.0036917685065418,maia3,-68,-348,280,SEVERE_ERROR,100000
JOB-03,B8,1900,maia3-79m,9,e2e4,e4,0.0031922606285661,0.992375256260857,0.5958236460346282,357,23,620,rnbqkb1r/pp2pppp/5n2/2P5/3p1B2/2N5/PPP1PPPP/R2QKBNR w KQkq -,MODEL_PREDICTION_NOT_EMPIRICAL,after_key,0.0031922606285661,maia3,-66,-273,207,SEVERE_ERROR,100000
JOB-03,B8,1900,maia3-79m,10,b2b4,b4,0.0020563744474202,0.992375256260857,0.5958236460346282,249,21,730,rnbqkb1r/pp2pppp/5n2/2P5/3p1B2/2N5/PPP1PPPP/R2QKBNR w KQkq -,MODEL_PREDICTION_NOT_EMPIRICAL,after_key,0.0020563744474202,maia3,-73,-266,193,SEVERE_ERROR,100000
JOB-03,B8,2100,maia3-79m,1,c3b1,Nb1,0.4735030829906463,0.9906648641917856,0.5970652998801098,414,34,552,rnbqkb1r/pp2pppp/5n2/2P5/3p1B2/2N5/PPP1PPPP/R2QKBNR w KQkq -,MODEL_PREDICTION_NOT_EMPIRICAL,after_key,0.4735030829906463,maia3,-68,-58,0,OK,100000
JOB-03,B8,2100,maia3-79m,2,c3a4,Na4,0.249748557806015,0.9906648641917856,0.5970652998801098,403,28,569,rnbqkb1r/pp2pppp/5n2/2P5/3p1B2/2N5/PPP1PPPP/R2QKBNR w KQkq -,MODEL_PREDICTION_NOT_EMPIRICAL,after_key,0.249748557806015,maia3,-60,-214,154,SEVERE_ERROR,100000
JOB-03,B8,2100,maia3-79m,3,c3b5,Nb5,0.1711258292198181,0.9906648641917856,0.5970652998801098,427,27,546,rnbqkb1r/pp2pppp/5n2/2P5/3p1B2/2N5/PPP1PPPP/R2QKBNR w KQkq -,MODEL_PREDICTION_NOT_EMPIRICAL,after_key,0.1711258292198181,maia3,-72,-289,217,SEVERE_ERROR,100000
JOB-03,B8,2100,maia3-79m,4,f4b8,Bxb8,0.0450479760766029,0.9906648641917856,0.5970652998801098,470,40,490,rnbqkb1r/pp2pppp/5n2/2P5/3p1B2/2N5/PPP1PPPP/R2QKBNR w KQkq -,MODEL_PREDICTION_NOT_EMPIRICAL,after_key,0.0450479760766029,maia3,-84,-160,76,ERROR,100000
JOB-03,B8,2100,maia3-79m,5,e2e3,e3,0.0176859851926565,0.9906648641917856,0.5970652998801098,331,29,640,rnbqkb1r/pp2pppp/5n2/2P5/3p1B2/2N5/PPP1PPPP/R2QKBNR w KQkq -,MODEL_PREDICTION_NOT_EMPIRICAL,after_key,0.0176859851926565,maia3,-82,-286,204,SEVERE_ERROR,100000
JOB-03,B8,2100,maia3-79m,6,c3e4,Ne4,0.0155243379995226,0.9906648641917856,0.5970652998801098,198,17,785,rnbqkb1r/pp2pppp/5n2/2P5/3p1B2/2N5/PPP1PPPP/R2QKBNR w KQkq -,MODEL_PREDICTION_NOT_EMPIRICAL,after_key,0.0155243379995226,maia3,-75,-408,333,SEVERE_ERROR,100000
JOB-03,B8,2100,maia3-79m,7,g1f3,Nf3,0.0068694511428475,0.9906648641917856,0.5970652998801098,364,30,606,rnbqkb1r/pp2pppp/5n2/2P5/3p1B2/2N5/PPP1PPPP/R2QKBNR w KQkq -,MODEL_PREDICTION_NOT_EMPIRICAL,after_key,0.0068694511428475,maia3,-60,-297,237,SEVERE_ERROR,100000
JOB-03,B8,2100,maia3-79m,8,e2e4,e4,0.0043562776409089,0.9906648641917856,0.5970652998801098,337,26,637,rnbqkb1r/pp2pppp/5n2/2P5/3p1B2/2N5/PPP1PPPP/R2QKBNR w KQkq -,MODEL_PREDICTION_NOT_EMPIRICAL,after_key,0.0043562776409089,maia3,-66,-273,207,SEVERE_ERROR,100000
JOB-03,B8,2100,maia3-79m,9,d1d2,Qd2,0.0035823034122586,0.9906648641917856,0.5970652998801098,231,23,746,rnbqkb1r/pp2pppp/5n2/2P5/3p1B2/2N5/PPP1PPPP/R2QKBNR w KQkq -,MODEL_PREDICTION_NOT_EMPIRICAL,after_key,0.0035823034122586,maia3,-74,-360,286,SEVERE_ERROR,100000
JOB-03,B8,2100,maia3-79m,10,f4e5,Be5,0.0032210627105087,0.9906648641917856,0.5970652998801098,300,28,672,rnbqkb1r/pp2pppp/5n2/2P5/3p1B2/2N5/PPP1PPPP/R2QKBNR w KQkq -,MODEL_PREDICTION_NOT_EMPIRICAL,after_key,0.0032210627105087,maia3,-68,-348,280,SEVERE_ERROR,100000
JOB-04,B8,1100,maia3-79m,1,b5c3,Nc3,0.8024957180023193,0.999999993480742,0.4353183495697,468,21,511,rnb1kb1r/pp2pppp/5n2/qNpp4/3P1B2/8/PPP1PPPP/R2QKBNR w KQkq -,MODEL_PREDICTION_NOT_EMPIRICAL,after_key,0.8024957180023193,maia3,-225,-222,0,OK,100000
JOB-04,B8,1100,maia3-79m,2,c2c3,c3,0.1191564127802848,0.999999993480742,0.4353183495697,365,18,617,rnb1kb1r/pp2pppp/5n2/qNpp4/3P1B2/8/PPP1PPPP/R2QKBNR w KQkq -,MODEL_PREDICTION_NOT_EMPIRICAL,after_key,0.1191564127802848,maia3,-228,-364,136,SEVERE_ERROR,100000
JOB-04,B8,1100,maia3-79m,3,d1d2,Qd2,0.0492716990411281,0.999999993480742,0.4353183495697,335,22,643,rnb1kb1r/pp2pppp/5n2/qNpp4/3P1B2/8/PPP1PPPP/R2QKBNR w KQkq -,MODEL_PREDICTION_NOT_EMPIRICAL,after_key,0.0492716990411281,maia3,-231,-430,199,SEVERE_ERROR,100000
JOB-04,B8,1100,maia3-79m,4,f4d2,Bd2,0.0179041102528572,0.999999993480742,0.4353183495697,293,16,691,rnb1kb1r/pp2pppp/5n2/qNpp4/3P1B2/8/PPP1PPPP/R2QKBNR w KQkq -,MODEL_PREDICTION_NOT_EMPIRICAL,after_key,0.0179041102528572,maia3,-241,-408,167,SEVERE_ERROR,100000
JOB-04,B8,1100,maia3-79m,5,b2b4,b4,0.0111720534041523,0.999999993480742,0.4353183495697,389,19,592,rnb1kb1r/pp2pppp/5n2/qNpp4/3P1B2/8/PPP1PPPP/R2QKBNR w KQkq -,MODEL_PREDICTION_NOT_EMPIRICAL,after_key,0.0111720534041523,maia3,-244,-413,169,SEVERE_ERROR,100000
JOB-04,B8,1300,maia3-79m,1,b5c3,Nc3,0.904099941253662,1.0000000321306288,0.25274764988188,456,21,523,rnb1kb1r/pp2pppp/5n2/qNpp4/3P1B2/8/PPP1PPPP/R2QKBNR w KQkq -,MODEL_PREDICTION_NOT_EMPIRICAL,after_key,0.904099941253662,maia3,-225,-222,0,OK,100000
JOB-04,B8,1300,maia3-79m,2,c2c3,c3,0.0641572251915931,1.0000000321306288,0.25274764988188,322,16,662,rnb1kb1r/pp2pppp/5n2/qNpp4/3P1B2/8/PPP1PPPP/R2QKBNR w KQkq -,MODEL_PREDICTION_NOT_EMPIRICAL,after_key,0.0641572251915931,maia3,-228,-364,136,SEVERE_ERROR,100000
JOB-04,B8,1300,maia3-79m,3,d1d2,Qd2,0.0191299226135015,1.0000000321306288,0.25274764988188,284,18,698,rnb1kb1r/pp2pppp/5n2/qNpp4/3P1B2/8/PPP1PPPP/R2QKBNR w KQkq -,MODEL_PREDICTION_NOT_EMPIRICAL,after_key,0.0191299226135015,maia3,-231,-430,199,SEVERE_ERROR,100000
JOB-04,B8,1300,maia3-79m,4,f4d2,Bd2,0.0072934757918119,1.0000000321306288,0.25274764988188,271,14,715,rnb1kb1r/pp2pppp/5n2/qNpp4/3P1B2/8/PPP1PPPP/R2QKBNR w KQkq -,MODEL_PREDICTION_NOT_EMPIRICAL,after_key,0.0072934757918119,maia3,-241,-408,167,SEVERE_ERROR,100000
JOB-04,B8,1300,maia3-79m,5,b2b4,b4,0.00531946728006,1.0000000321306288,0.25274764988188,398,17,585,rnb1kb1r/pp2pppp/5n2/qNpp4/3P1B2/8/PPP1PPPP/R2QKBNR w KQkq -,MODEL_PREDICTION_NOT_EMPIRICAL,after_key,0.00531946728006,maia3,-244,-413,169,SEVERE_ERROR,100000
JOB-04,B8,1500,maia3-79m,1,b5c3,Nc3,0.9355508089065552,0.9999999133870006,0.1806044923983387,455,22,523,rnb1kb1r/pp2pppp/5n2/qNpp4/3P1B2/8/PPP1PPPP/R2QKBNR w KQkq -,MODEL_PREDICTION_NOT_EMPIRICAL,after_key,0.9355508089065552,maia3,-225,-222,0,OK,100000
JOB-04,B8,1500,maia3-79m,2,c2c3,c3,0.0486511029303073,0.9999999133870006,0.1806044923983387,284,15,701,rnb1kb1r/pp2pppp/5n2/qNpp4/3P1B2/8/PPP1PPPP/R2QKBNR w KQkq -,MODEL_PREDICTION_NOT_EMPIRICAL,after_key,0.0486511029303073,maia3,-228,-364,136,SEVERE_ERROR,100000
JOB-04,B8,1500,maia3-79m,3,d1d2,Qd2,0.0087453844025731,0.9999999133870006,0.1806044923983387,250,15,735,rnb1kb1r/pp2pppp/5n2/qNpp4/3P1B2/8/PPP1PPPP/R2QKBNR w KQkq -,MODEL_PREDICTION_NOT_EMPIRICAL,after_key,0.0087453844025731,maia3,-231,-430,199,SEVERE_ERROR,100000
JOB-04,B8,1500,maia3-79m,4,f4d2,Bd2,0.0036810159217566,0.9999999133870006,0.1806044923983387,249,13,738,rnb1kb1r/pp2pppp/5n2/qNpp4/3P1B2/8/PPP1PPPP/R2QKBNR w KQkq -,MODEL_PREDICTION_NOT_EMPIRICAL,after_key,0.0036810159217566,maia3,-241,-408,167,SEVERE_ERROR,100000
JOB-04,B8,1500,maia3-79m,5,b2b4,b4,0.0033716012258082,0.9999999133870006,0.1806044923983387,378,16,606,rnb1kb1r/pp2pppp/5n2/qNpp4/3P1B2/8/PPP1PPPP/R2QKBNR w KQkq -,MODEL_PREDICTION_NOT_EMPIRICAL,after_key,0.0033716012258082,maia3,-244,-413,169,SEVERE_ERROR,100000
JOB-04,B8,1700,maia3-79m,1,b5c3,Nc3,0.9403157830238342,1.0000000107102096,0.1630786300842659,454,25,521,rnb1kb1r/pp2pppp/5n2/qNpp4/3P1B2/8/PPP1PPPP/R2QKBNR w KQkq -,MODEL_PREDICTION_NOT_EMPIRICAL,after_key,0.9403157830238342,maia3,-225,-222,0,OK,100000
JOB-04,B8,1700,maia3-79m,2,c2c3,c3,0.0500621274113655,1.0000000107102096,0.1630786300842659,263,15,722,rnb1kb1r/pp2pppp/5n2/qNpp4/3P1B2/8/PPP1PPPP/R2QKBNR w KQkq -,MODEL_PREDICTION_NOT_EMPIRICAL,after_key,0.0500621274113655,maia3,-228,-364,136,SEVERE_ERROR,100000
JOB-04,B8,1700,maia3-79m,3,d1d2,Qd2,0.0047695618122816,1.0000000107102096,0.1630786300842659,232,15,753,rnb1kb1r/pp2pppp/5n2/qNpp4/3P1B2/8/PPP1PPPP/R2QKBNR w KQkq -,MODEL_PREDICTION_NOT_EMPIRICAL,after_key,0.0047695618122816,maia3,-231,-430,199,SEVERE_ERROR,100000
JOB-04,B8,1700,maia3-79m,4,b2b4,b4,0.0026819398626685,1.0000000107102096,0.1630786300842659,344,17,639,rnb1kb1r/pp2pppp/5n2/qNpp4/3P1B2/8/PPP1PPPP/R2QKBNR w KQkq -,MODEL_PREDICTION_NOT_EMPIRICAL,after_key,0.0026819398626685,maia3,-244,-413,169,SEVERE_ERROR,100000
JOB-04,B8,1700,maia3-79m,5,f4d2,Bd2,0.0021705986000597,1.0000000107102096,0.1630786300842659,240,13,747,rnb1kb1r/pp2pppp/5n2/qNpp4/3P1B2/8/PPP1PPPP/R2QKBNR w KQkq -,MODEL_PREDICTION_NOT_EMPIRICAL,after_key,0.0021705986000597,maia3,-241,-408,167,SEVERE_ERROR,100000
JOB-04,B8,1900,maia3-79m,1,b5c3,Nc3,0.9233087301254272,0.999999996391125,0.1880594479415784,451,29,520,rnb1kb1r/pp2pppp/5n2/qNpp4/3P1B2/8/PPP1PPPP/R2QKBNR w KQkq -,MODEL_PREDICTION_NOT_EMPIRICAL,after_key,0.9233087301254272,maia3,-225,-222,0,OK,100000
JOB-04,B8,1900,maia3-79m,2,c2c3,c3,0.0693065524101257,0.999999996391125,0.1880594479415784,250,16,734,rnb1kb1r/pp2pppp/5n2/qNpp4/3P1B2/8/PPP1PPPP/R2QKBNR w KQkq -,MODEL_PREDICTION_NOT_EMPIRICAL,after_key,0.0693065524101257,maia3,-228,-364,136,SEVERE_ERROR,100000
JOB-04,B8,1900,maia3-79m,3,d1d2,Qd2,0.0033044447191059,0.999999996391125,0.1880594479415784,225,16,759,rnb1kb1r/pp2pppp/5n2/qNpp4/3P1B2/8/PPP1PPPP/R2QKBNR w KQkq -,MODEL_PREDICTION_NOT_EMPIRICAL,after_key,0.0033044447191059,maia3,-231,-430,199,SEVERE_ERROR,100000
JOB-04,B8,1900,maia3-79m,4,b2b4,b4,0.0025885263457894,0.999999996391125,0.1880594479415784,320,20,660,rnb1kb1r/pp2pppp/5n2/qNpp4/3P1B2/8/PPP1PPPP/R2QKBNR w KQkq -,MODEL_PREDICTION_NOT_EMPIRICAL,after_key,0.0025885263457894,maia3,-244,-413,169,SEVERE_ERROR,100000
JOB-04,B8,1900,maia3-79m,5,f4d2,Bd2,0.0014917427906766,0.999999996391125,0.1880594479415784,240,13,747,rnb1kb1r/pp2pppp/5n2/qNpp4/3P1B2/8/PPP1PPPP/R2QKBNR w KQkq -,MODEL_PREDICTION_NOT_EMPIRICAL,after_key,0.0014917427906766,maia3,-241,-408,167,SEVERE_ERROR,100000
JOB-04,B8,2100,maia3-79m,1,b5c3,Nc3,0.859402596950531,0.999999997089617,0.2738945987257282,438,35,527,rnb1kb1r/pp2pppp/5n2/qNpp4/3P1B2/8/PPP1PPPP/R2QKBNR w KQkq -,MODEL_PREDICTION_NOT_EMPIRICAL,after_key,0.859402596950531,maia3,-225,-222,0,OK,100000
JOB-04,B8,2100,maia3-79m,2,c2c3,c3,0.1336999237537384,0.999999997089617,0.2738945987257282,247,19,734,rnb1kb1r/pp2pppp/5n2/qNpp4/3P1B2/8/PPP1PPPP/R2QKBNR w KQkq -,MODEL_PREDICTION_NOT_EMPIRICAL,after_key,0.1336999237537384,maia3,-228,-364,136,SEVERE_ERROR,100000
JOB-04,B8,2100,maia3-79m,3,d1d2,Qd2,0.0030099586583673,0.999999997089617,0.2738945987257282,221,20,759,rnb1kb1r/pp2pppp/5n2/qNpp4/3P1B2/8/PPP1PPPP/R2QKBNR w KQkq -,MODEL_PREDICTION_NOT_EMPIRICAL,after_key,0.0030099586583673,maia3,-231,-430,199,SEVERE_ERROR,100000
JOB-04,B8,2100,maia3-79m,4,b2b4,b4,0.0025132144801318,0.999999997089617,0.2738945987257282,330,25,645,rnb1kb1r/pp2pppp/5n2/qNpp4/3P1B2/8/PPP1PPPP/R2QKBNR w KQkq -,MODEL_PREDICTION_NOT_EMPIRICAL,after_key,0.0025132144801318,maia3,-244,-413,169,SEVERE_ERROR,100000
JOB-04,B8,2100,maia3-79m,5,f4d2,Bd2,0.0013743032468482,0.999999997089617,0.2738945987257282,243,15,742,rnb1kb1r/pp2pppp/5n2/qNpp4/3P1B2/8/PPP1PPPP/R2QKBNR w KQkq -,MODEL_PREDICTION_NOT_EMPIRICAL,after_key,0.0013743032468482,maia3,-241,-408,167,SEVERE_ERROR,100000
JOB-13,B8,1100,maia3-79m,1,e2c3,Nec3,0.5121688842773438,0.9999999813735484,0.5219514979483489,705,18,277,r3kb1r/pp2pppp/2n2n2/qNpp4/3P1B2/4P3/PPP1NPPP/R2QK2R w KQkq -,MODEL_PREDICTION_NOT_EMPIRICAL,after_key,0.5121688842773438,maia3,-55,-52,0,OK,100000
JOB-13,B8,1100,maia3-79m,2,b5c3,Nbc3,0.4197113811969757,0.9999999813735484,0.5219514979483489,553,24,423,r3kb1r/pp2pppp/2n2n2/qNpp4/3P1B2/4P3/PPP1NPPP/R2QK2R w KQkq -,MODEL_PREDICTION_NOT_EMPIRICAL,after_key,0.4197113811969757,maia3,-47,-46,0,OK,100000
JOB-13,B8,1100,maia3-79m,3,c2c3,c3,0.053630705922842,0.9999999813735484,0.5219514979483489,374,21,605,r3kb1r/pp2pppp/2n2n2/qNpp4/3P1B2/4P3/PPP1NPPP/R2QK2R w KQkq -,MODEL_PREDICTION_NOT_EMPIRICAL,after_key,0.053630705922842,maia3,-53,-365,312,SEVERE_ERROR,100000
JOB-13,B8,1100,maia3-79m,4,d1d2,Qd2,0.0108184348791837,0.9999999813735484,0.5219514979483489,316,26,658,r3kb1r/pp2pppp/2n2n2/qNpp4/3P1B2/4P3/PPP1NPPP/R2QK2R w KQkq -,MODEL_PREDICTION_NOT_EMPIRICAL,after_key,0.0108184348791837,maia3,-50,-438,388,SEVERE_ERROR,100000
JOB-13,B8,1100,maia3-79m,5,b2b4,b4,0.0030457754619419,0.9999999813735484,0.5219514979483489,458,24,518,r3kb1r/pp2pppp/2n2n2/qNpp4/3P1B2/4P3/PPP1NPPP/R2QK2R w KQkq -,MODEL_PREDICTION_NOT_EMPIRICAL,after_key,0.0030457754619419,maia3,-53,-366,313,SEVERE_ERROR,100000
JOB-13,B8,1100,maia3-79m,6,e1f1,Kf1,0.0006247996352612,0.9999999813735484,0.5219514979483489,327,20,653,r3kb1r/pp2pppp/2n2n2/qNpp4/3P1B2/4P3/PPP1NPPP/R2QK2R w KQkq -,MODEL_PREDICTION_NOT_EMPIRICAL,after_key,0.0006247996352612,maia3,-52,-480,428,SEVERE_ERROR,100000
JOB-13,B8,1300,maia3-79m,1,e2c3,Nec3,0.4881946742534637,1.0000000009022187,0.4677751096697951,677,19,304,r3kb1r/pp2pppp/2n2n2/qNpp4/3P1B2/4P3/PPP1NPPP/R2QK2R w KQkq -,MODEL_PREDICTION_NOT_EMPIRICAL,after_key,0.4881946742534637,maia3,-55,-52,0,OK,100000
JOB-13,B8,1300,maia3-79m,2,b5c3,Nbc3,0.4781069755554199,1.0000000009022187,0.4677751096697951,546,24,430,r3kb1r/pp2pppp/2n2n2/qNpp4/3P1B2/4P3/PPP1NPPP/R2QK2R w KQkq -,MODEL_PREDICTION_NOT_EMPIRICAL,after_key,0.4781069755554199,maia3,-47,-46,0,OK,100000
JOB-13,B8,1300,maia3-79m,3,c2c3,c3,0.0274368282407522,1.0000000009022187,0.4677751096697951,327,19,654,r3kb1r/pp2pppp/2n2n2/qNpp4/3P1B2/4P3/PPP1NPPP/R2QK2R w KQkq -,MODEL_PREDICTION_NOT_EMPIRICAL,after_key,0.0274368282407522,maia3,-53,-365,312,SEVERE_ERROR,100000
JOB-13,B8,1300,maia3-79m,4,d1d2,Qd2,0.004195921588689,1.0000000009022187,0.4677751096697951,264,22,714,r3kb1r/pp2pppp/2n2n2/qNpp4/3P1B2/4P3/PPP1NPPP/R2QK2R w KQkq -,MODEL_PREDICTION_NOT_EMPIRICAL,after_key,0.004195921588689,maia3,-50,-438,388,SEVERE_ERROR,100000
JOB-13,B8,1300,maia3-79m,5,b2b4,b4,0.0017498426605015,1.0000000009022187,0.4677751096697951,430,22,548,r3kb1r/pp2pppp/2n2n2/qNpp4/3P1B2/4P3/PPP1NPPP/R2QK2R w KQkq -,MODEL_PREDICTION_NOT_EMPIRICAL,after_key,0.0017498426605015,maia3,-53,-366,313,SEVERE_ERROR,100000
JOB-13,B8,1300,maia3-79m,6,e1f1,Kf1,0.0003157586033921,1.0000000009022187,0.4677751096697951,284,17,699,r3kb1r/pp2pppp/2n2n2/qNpp4/3P1B2/4P3/PPP1NPPP/R2QK2R w KQkq -,MODEL_PREDICTION_NOT_EMPIRICAL,after_key,0.0003157586033921,maia3,-52,-480,428,SEVERE_ERROR,100000
JOB-13,B8,1500,maia3-79m,1,e2c3,Nec3,0.5079376697540283,1.0000000114378054,0.4420955737434366,649,21,330,r3kb1r/pp2pppp/2n2n2/qNpp4/3P1B2/4P3/PPP1NPPP/R2QK2R w KQkq -,MODEL_PREDICTION_NOT_EMPIRICAL,after_key,0.5079376697540283,maia3,-55,-52,0,OK,100000
JOB-13,B8,1500,maia3-79m,2,b5c3,Nbc3,0.4710063636302948,1.0000000114378054,0.4420955737434366,538,26,436,r3kb1r/pp2pppp/2n2n2/qNpp4/3P1B2/4P3/PPP1NPPP/R2QK2R w KQkq -,MODEL_PREDICTION_NOT_EMPIRICAL,after_key,0.4710063636302948,maia3,-47,-46,0,OK,100000
JOB-13,B8,1500,maia3-79m,3,c2c3,c3,0.0177024938166141,1.0000000114378054,0.4420955737434366,287,17,696,r3kb1r/pp2pppp/2n2n2/qNpp4/3P1B2/4P3/PPP1NPPP/R2QK2R w KQkq -,MODEL_PREDICTION_NOT_EMPIRICAL,after_key,0.0177024938166141,maia3,-53,-365,312,SEVERE_ERROR,100000
JOB-13,B8,1500,maia3-79m,4,d1d2,Qd2,0.0018374189967289,1.0000000114378054,0.4420955737434366,226,20,754,r3kb1r/pp2pppp/2n2n2/qNpp4/3P1B2/4P3/PPP1NPPP/R2QK2R w KQkq -,MODEL_PREDICTION_NOT_EMPIRICAL,after_key,0.0018374189967289,maia3,-50,-438,388,SEVERE_ERROR,100000
JOB-13,B8,1500,maia3-79m,5,b2b4,b4,0.0013051088899374,1.0000000114378054,0.4420955737434366,393,21,586,r3kb1r/pp2pppp/2n2n2/qNpp4/3P1B2/4P3/PPP1NPPP/R2QK2R w KQkq -,MODEL_PREDICTION_NOT_EMPIRICAL,after_key,0.0013051088899374,maia3,-53,-366,313,SEVERE_ERROR,100000
JOB-13,B8,1500,maia3-79m,6,e1f1,Kf1,0.0002109563502017,1.0000000114378054,0.4420955737434366,243,15,742,r3kb1r/pp2pppp/2n2n2/qNpp4/3P1B2/4P3/PPP1NPPP/R2QK2R w KQkq -,MODEL_PREDICTION_NOT_EMPIRICAL,after_key,0.0002109563502017,maia3,-52,-480,428,SEVERE_ERROR,100000
JOB-13,B8,1700,maia3-79m,1,e2c3,Nec3,0.5878524780273438,1.000000062296749,0.421127482851912,627,23,350,r3kb1r/pp2pppp/2n2n2/qNpp4/3P1B2/4P3/PPP1NPPP/R2QK2R w KQkq -,MODEL_PREDICTION_NOT_EMPIRICAL,after_key,0.5878524780273438,maia3,-55,-52,0,OK,100000
JOB-13,B8,1700,maia3-79m,2,b5c3,Nbc3,0.3959465026855469,1.000000062296749,0.421127482851912,531,29,440,r3kb1r/pp2pppp/2n2n2/qNpp4/3P1B2/4P3/PPP1NPPP/R2QK2R w KQkq -,MODEL_PREDICTION_NOT_EMPIRICAL,after_key,0.3959465026855469,maia3,-47,-46,0,OK,100000
JOB-13,B8,1700,maia3-79m,3,c2c3,c3,0.0139481788501143,1.000000062296749,0.421127482851912,260,16,724,r3kb1r/pp2pppp/2n2n2/qNpp4/3P1B2/4P3/PPP1NPPP/R2QK2R w KQkq -,MODEL_PREDICTION_NOT_EMPIRICAL,after_key,0.0139481788501143,maia3,-53,-365,312,SEVERE_ERROR,100000
JOB-13,B8,1700,maia3-79m,4,b2b4,b4,0.0010847836965695,1.000000062296749,0.421127482851912,360,22,618,r3kb1r/pp2pppp/2n2n2/qNpp4/3P1B2/4P3/PPP1NPPP/R2QK2R w KQkq -,MODEL_PREDICTION_NOT_EMPIRICAL,after_key,0.0010847836965695,maia3,-53,-366,313,SEVERE_ERROR,100000
JOB-13,B8,1700,maia3-79m,5,d1d2,Qd2,0.0009740319801494,1.000000062296749,0.421127482851912,205,18,777,r3kb1r/pp2pppp/2n2n2/qNpp4/3P1B2/4P3/PPP1NPPP/R2QK2R w KQkq -,MODEL_PREDICTION_NOT_EMPIRICAL,after_key,0.0009740319801494,maia3,-50,-438,388,SEVERE_ERROR,100000
JOB-13,B8,1700,maia3-79m,6,e1f1,Kf1,0.0001940870570251,1.000000062296749,0.421127482851912,214,14,772,r3kb1r/pp2pppp/2n2n2/qNpp4/3P1B2/4P3/PPP1NPPP/R2QK2R w KQkq -,MODEL_PREDICTION_NOT_EMPIRICAL,after_key,0.0001940870570251,maia3,-52,-480,428,SEVERE_ERROR,100000
JOB-13,B8,1900,maia3-79m,1,e2c3,Nec3,0.7110282182693481,0.9999999466963344,0.3703152023251189,593,27,380,r3kb1r/pp2pppp/2n2n2/qNpp4/3P1B2/4P3/PPP1NPPP/R2QK2R w KQkq -,MODEL_PREDICTION_NOT_EMPIRICAL,after_key,0.7110282182693481,maia3,-55,-52,0,OK,100000
JOB-13,B8,1900,maia3-79m,2,b5c3,Nbc3,0.2752291262149811,0.9999999466963344,0.3703152023251189,520,34,446,r3kb1r/pp2pppp/2n2n2/qNpp4/3P1B2/4P3/PPP1NPPP/R2QK2R w KQkq -,MODEL_PREDICTION_NOT_EMPIRICAL,after_key,0.2752291262149811,maia3,-47,-46,0,OK,100000
JOB-13,B8,1900,maia3-79m,3,c2c3,c3,0.0119598442688584,0.9999999466963344,0.3703152023251189,235,16,749,r3kb1r/pp2pppp/2n2n2/qNpp4/3P1B2/4P3/PPP1NPPP/R2QK2R w KQkq -,MODEL_PREDICTION_NOT_EMPIRICAL,after_key,0.0119598442688584,maia3,-53,-365,312,SEVERE_ERROR,100000
JOB-13,B8,1900,maia3-79m,4,b2b4,b4,0.0009322062251158,0.9999999466963344,0.3703152023251189,323,24,653,r3kb1r/pp2pppp/2n2n2/qNpp4/3P1B2/4P3/PPP1NPPP/R2QK2R w KQkq -,MODEL_PREDICTION_NOT_EMPIRICAL,after_key,0.0009322062251158,maia3,-53,-366,313,SEVERE_ERROR,100000
JOB-13,B8,1900,maia3-79m,5,d1d2,Qd2,0.0006339633837342,0.9999999466963344,0.3703152023251189,188,19,793,r3kb1r/pp2pppp/2n2n2/qNpp4/3P1B2/4P3/PPP1NPPP/R2QK2R w KQkq -,MODEL_PREDICTION_NOT_EMPIRICAL,after_key,0.0006339633837342,maia3,-50,-438,388,SEVERE_ERROR,100000
JOB-13,B8,1900,maia3-79m,6,e1f1,Kf1,0.0002165883342968,0.9999999466963344,0.3703152023251189,182,14,804,r3kb1r/pp2pppp/2n2n2/qNpp4/3P1B2/4P3/PPP1NPPP/R2QK2R w KQkq -,MODEL_PREDICTION_NOT_EMPIRICAL,after_key,0.0002165883342968,maia3,-52,-480,428,SEVERE_ERROR,100000
JOB-13,B8,2100,maia3-79m,1,e2c3,Nec3,0.8254490494728088,0.9999998943821992,0.2843366299121068,561,35,404,r3kb1r/pp2pppp/2n2n2/qNpp4/3P1B2/4P3/PPP1NPPP/R2QK2R w KQkq -,MODEL_PREDICTION_NOT_EMPIRICAL,after_key,0.8254490494728088,maia3,-55,-52,0,OK,100000
JOB-13,B8,2100,maia3-79m,2,b5c3,Nbc3,0.1634976118803024,0.9999998943821992,0.2843366299121068,511,44,445,r3kb1r/pp2pppp/2n2n2/qNpp4/3P1B2/4P3/PPP1NPPP/R2QK2R w KQkq -,MODEL_PREDICTION_NOT_EMPIRICAL,after_key,0.1634976118803024,maia3,-47,-46,0,OK,100000
JOB-13,B8,2100,maia3-79m,3,c2c3,c3,0.0097829028964042,0.9999998943821992,0.2843366299121068,194,17,789,r3kb1r/pp2pppp/2n2n2/qNpp4/3P1B2/4P3/PPP1NPPP/R2QK2R w KQkq -,MODEL_PREDICTION_NOT_EMPIRICAL,after_key,0.0097829028964042,maia3,-53,-365,312,SEVERE_ERROR,100000
JOB-13,B8,2100,maia3-79m,4,b2b4,b4,0.0006234515458345,0.9999998943821992,0.2843366299121068,283,26,691,r3kb1r/pp2pppp/2n2n2/qNpp4/3P1B2/4P3/PPP1NPPP/R2QK2R w KQkq -,MODEL_PREDICTION_NOT_EMPIRICAL,after_key,0.0006234515458345,maia3,-53,-366,313,SEVERE_ERROR,100000
JOB-13,B8,2100,maia3-79m,5,d1d2,Qd2,0.0004285986651666,0.9999998943821992,0.2843366299121068,156,19,825,r3kb1r/pp2pppp/2n2n2/qNpp4/3P1B2/4P3/PPP1NPPP/R2QK2R w KQkq -,MODEL_PREDICTION_NOT_EMPIRICAL,after_key,0.0004285986651666,maia3,-50,-438,388,SEVERE_ERROR,100000
JOB-13,B8,2100,maia3-79m,6,e1f1,Kf1,0.0002182799216825,0.9999998943821992,0.2843366299121068,142,14,844,r3kb1r/pp2pppp/2n2n2/qNpp4/3P1B2/4P3/PPP1NPPP/R2QK2R w KQkq -,MODEL_PREDICTION_NOT_EMPIRICAL,after_key,0.0002182799216825,maia3,-52,-480,428,SEVERE_ERROR,100000
TOR-06,B8,1100,maia3-79m,1,d4e5,dxe5,0.3720543682575226,0.9883810980245472,0.7518061672403932,288,24,688,rnbqkb1r/ppp2ppp/8/3pp1N1/3P4/8/PPPNPPPP/R2QKB1R w KQkq -,MODEL_PREDICTION_NOT_EMPIRICAL,after_key,0.3720543682575226,maia3,-97,-412,315,SEVERE_ERROR,100000
TOR-06,B8,1100,maia3-79m,2,g5f3,Ngf3,0.25177001953125,0.9883810980245472,0.7518061672403932,466,26,508,rnbqkb1r/ppp2ppp/8/3pp1N1/3P4/8/PPPNPPPP/R2QKB1R w KQkq -,MODEL_PREDICTION_NOT_EMPIRICAL,after_key,0.25177001953125,maia3,-96,-109,13,OK,100000
TOR-06,B8,1100,maia3-79m,3,e2e3,e3,0.1091132014989852,0.9883810980245472,0.7518061672403932,288,20,692,rnbqkb1r/ppp2ppp/8/3pp1N1/3P4/8/PPPNPPPP/R2QKB1R w KQkq -,MODEL_PREDICTION_NOT_EMPIRICAL,after_key,0.1091132014989852,maia3,-109,-417,308,SEVERE_ERROR,100000
TOR-06,B8,1100,maia3-79m,4,d2f3,Ndf3,0.1001622900366783,0.9883810980245472,0.7518061672403932,448,25,527,rnbqkb1r/ppp2ppp/8/3pp1N1/3P4/8/PPPNPPPP/R2QKB1R w KQkq -,MODEL_PREDICTION_NOT_EMPIRICAL,after_key,0.1001622900366783,maia3,-92,-355,263,SEVERE_ERROR,100000
TOR-06,B8,1100,maia3-79m,5,e2e4,e4,0.0460078008472919,0.9883810980245472,0.7518061672403932,305,21,674,rnbqkb1r/ppp2ppp/8/3pp1N1/3P4/8/PPPNPPPP/R2QKB1R w KQkq -,MODEL_PREDICTION_NOT_EMPIRICAL,after_key,0.0460078008472919,maia3,-97,-357,260,SEVERE_ERROR,100000
TOR-06,B8,1100,maia3-79m,6,h2h4,h4,0.0446125343441963,0.9883810980245472,0.7518061672403932,493,24,483,rnbqkb1r/ppp2ppp/8/3pp1N1/3P4/8/PPPNPPPP/R2QKB1R w KQkq -,MODEL_PREDICTION_NOT_EMPIRICAL,after_key,0.0446125343441963,maia3,-101,-179,78,ERROR,100000
TOR-06,B8,1100,maia3-79m,7,c2c3,c3,0.02176627330482,0.9883810980245472,0.7518061672403932,269,20,711,rnbqkb1r/ppp2ppp/8/3pp1N1/3P4/8/PPPNPPPP/R2QKB1R w KQkq -,MODEL_PREDICTION_NOT_EMPIRICAL,after_key,0.02176627330482,maia3,-104,-418,314,SEVERE_ERROR,100000
TOR-06,B8,1100,maia3-79m,8,g5f7,Nxf7,0.0201049949973821,0.9883810980245472,0.7518061672403932,478,28,494,rnbqkb1r/ppp2ppp/8/3pp1N1/3P4/8/PPPNPPPP/R2QKB1R w KQkq -,MODEL_PREDICTION_NOT_EMPIRICAL,after_key,0.0201049949973821,maia3,-113,-224,111,SEVERE_ERROR,100000
TOR-06,B8,1100,maia3-79m,9,d2b3,Nb3,0.0135816819965839,0.9883810980245472,0.7518061672403932,285,20,695,rnbqkb1r/ppp2ppp/8/3pp1N1/3P4/8/PPPNPPPP/R2QKB1R w KQkq -,MODEL_PREDICTION_NOT_EMPIRICAL,after_key,0.0135816819965839,maia3,-114,-467,353,SEVERE_ERROR,100000
TOR-06,B8,1100,maia3-79m,10,g5h3,Nh3,0.0092079332098364,0.9883810980245472,0.7518061672403932,421,27,552,rnbqkb1r/ppp2ppp/8/3pp1N1/3P4/8/PPPNPPPP/R2QKB1R w KQkq -,MODEL_PREDICTION_NOT_EMPIRICAL,after_key,0.0092079332098364,maia3,-107,-184,77,ERROR,100000
TOR-06,B8,1300,maia3-79m,1,g5f3,Ngf3,0.3637134134769439,0.9910110142081976,0.7437177487299884,453,24,523,rnbqkb1r/ppp2ppp/8/3pp1N1/3P4/8/PPPNPPPP/R2QKB1R w KQkq -,MODEL_PREDICTION_NOT_EMPIRICAL,after_key,0.3637134134769439,maia3,-96,-109,13,OK,100000
TOR-06,B8,1300,maia3-79m,2,d4e5,dxe5,0.2933000922203064,0.9910110142081976,0.7437177487299884,258,19,723,rnbqkb1r/ppp2ppp/8/3pp1N1/3P4/8/PPPNPPPP/R2QKB1R w KQkq -,MODEL_PREDICTION_NOT_EMPIRICAL,after_key,0.2933000922203064,maia3,-97,-412,315,SEVERE_ERROR,100000
TOR-06,B8,1300,maia3-79m,3,d2f3,Ndf3,0.0847349017858505,0.9910110142081976,0.7437177487299884,400,22,578,rnbqkb1r/ppp2ppp/8/3pp1N1/3P4/8/PPPNPPPP/R2QKB1R w KQkq -,MODEL_PREDICTION_NOT_EMPIRICAL,after_key,0.0847349017858505,maia3,-92,-355,263,SEVERE_ERROR,100000
TOR-06,B8,1300,maia3-79m,4,e2e3,e3,0.0834629088640213,0.9910110142081976,0.7437177487299884,235,16,749,rnbqkb1r/ppp2ppp/8/3pp1N1/3P4/8/PPPNPPPP/R2QKB1R w KQkq -,MODEL_PREDICTION_NOT_EMPIRICAL,after_key,0.0834629088640213,maia3,-109,-417,308,SEVERE_ERROR,100000
TOR-06,B8,1300,maia3-79m,5,h2h4,h4,0.0550431720912456,0.9910110142081976,0.7437177487299884,489,22,489,rnbqkb1r/ppp2ppp/8/3pp1N1/3P4/8/PPPNPPPP/R2QKB1R w KQkq -,MODEL_PREDICTION_NOT_EMPIRICAL,after_key,0.0550431720912456,maia3,-101,-179,78,ERROR,100000
TOR-06,B8,1300,maia3-79m,6,g5f7,Nxf7,0.0397710017859935,0.9910110142081976,0.7437177487299884,490,25,485,rnbqkb1r/ppp2ppp/8/3pp1N1/3P4/8/PPPNPPPP/R2QKB1R w KQkq -,MODEL_PREDICTION_NOT_EMPIRICAL,after_key,0.0397710017859935,maia3,-113,-224,111,SEVERE_ERROR,100000
TOR-06,B8,1300,maia3-79m,7,e2e4,e4,0.0287626460194587,0.9910110142081976,0.7437177487299884,254,16,730,rnbqkb1r/ppp2ppp/8/3pp1N1/3P4/8/PPPNPPPP/R2QKB1R w KQkq -,MODEL_PREDICTION_NOT_EMPIRICAL,after_key,0.0287626460194587,maia3,-97,-357,260,SEVERE_ERROR,100000
TOR-06,B8,1300,maia3-79m,8,g5h3,Nh3,0.0175890289247035,0.9910110142081976,0.7437177487299884,415,25,560,rnbqkb1r/ppp2ppp/8/3pp1N1/3P4/8/PPPNPPPP/R2QKB1R w KQkq -,MODEL_PREDICTION_NOT_EMPIRICAL,after_key,0.0175890289247035,maia3,-107,-184,77,ERROR,100000
TOR-06,B8,1300,maia3-79m,9,c2c3,c3,0.0155220860615372,0.9910110142081976,0.7437177487299884,222,16,762,rnbqkb1r/ppp2ppp/8/3pp1N1/3P4/8/PPPNPPPP/R2QKB1R w KQkq -,MODEL_PREDICTION_NOT_EMPIRICAL,after_key,0.0155220860615372,maia3,-104,-418,314,SEVERE_ERROR,100000
TOR-06,B8,1300,maia3-79m,10,d2b3,Nb3,0.0091117629781365,0.9910110142081976,0.7437177487299884,253,16,731,rnbqkb1r/ppp2ppp/8/3pp1N1/3P4/8/PPPNPPPP/R2QKB1R w KQkq -,MODEL_PREDICTION_NOT_EMPIRICAL,after_key,0.0091117629781365,maia3,-114,-467,353,SEVERE_ERROR,100000
TOR-06,B8,1500,maia3-79m,1,g5f3,Ngf3,0.4689249098300934,0.9926904742605984,0.7009353908002404,446,24,530,rnbqkb1r/ppp2ppp/8/3pp1N1/3P4/8/PPPNPPPP/R2QKB1R w KQkq -,MODEL_PREDICTION_NOT_EMPIRICAL,after_key,0.4689249098300934,maia3,-96,-109,13,OK,100000
TOR-06,B8,1500,maia3-79m,2,d4e5,dxe5,0.2169390320777893,0.9926904742605984,0.7009353908002404,219,17,764,rnbqkb1r/ppp2ppp/8/3pp1N1/3P4/8/PPPNPPPP/R2QKB1R w KQkq -,MODEL_PREDICTION_NOT_EMPIRICAL,after_key,0.2169390320777893,maia3,-97,-412,315,SEVERE_ERROR,100000
TOR-06,B8,1500,maia3-79m,3,d2f3,Ndf3,0.0691975653171539,0.9926904742605984,0.7009353908002404,354,19,627,rnbqkb1r/ppp2ppp/8/3pp1N1/3P4/8/PPPNPPPP/R2QKB1R w KQkq -,MODEL_PREDICTION_NOT_EMPIRICAL,after_key,0.0691975653171539,maia3,-92,-355,263,SEVERE_ERROR,100000
TOR-06,B8,1500,maia3-79m,4,h2h4,h4,0.0662414580583572,0.9926904742605984,0.7009353908002404,483,22,495,rnbqkb1r/ppp2ppp/8/3pp1N1/3P4/8/PPPNPPPP/R2QKB1R w KQkq -,MODEL_PREDICTION_NOT_EMPIRICAL,after_key,0.0662414580583572,maia3,-101,-179,78,ERROR,100000
TOR-06,B8,1500,maia3-79m,5,e2e3,e3,0.0575933046638965,0.9926904742605984,0.7009353908002404,197,14,789,rnbqkb1r/ppp2ppp/8/3pp1N1/3P4/8/PPPNPPPP/R2QKB1R w KQkq -,MODEL_PREDICTION_NOT_EMPIRICAL,after_key,0.0575933046638965,maia3,-109,-417,308,SEVERE_ERROR,100000
TOR-06,B8,1500,maia3-79m,6,g5f7,Nxf7,0.0557449497282505,0.9926904742605984,0.7009353908002404,493,25,482,rnbqkb1r/ppp2ppp/8/3pp1N1/3P4/8/PPPNPPPP/R2QKB1R w KQkq -,MODEL_PREDICTION_NOT_EMPIRICAL,after_key,0.0557449497282505,maia3,-113,-224,111,SEVERE_ERROR,100000
TOR-06,B8,1500,maia3-79m,7,g5h3,Nh3,0.0248911995440721,0.9926904742605984,0.7009353908002404,412,25,563,rnbqkb1r/ppp2ppp/8/3pp1N1/3P4/8/PPPNPPPP/R2QKB1R w KQkq -,MODEL_PREDICTION_NOT_EMPIRICAL,after_key,0.0248911995440721,maia3,-107,-184,77,ERROR,100000
TOR-06,B8,1500,maia3-79m,8,e2e4,e4,0.0181037429720163,0.9926904742605984,0.7009353908002404,213,14,773,rnbqkb1r/ppp2ppp/8/3pp1N1/3P4/8/PPPNPPPP/R2QKB1R w KQkq -,MODEL_PREDICTION_NOT_EMPIRICAL,after_key,0.0181037429720163,maia3,-97,-357,260,SEVERE_ERROR,100000
TOR-06,B8,1500,maia3-79m,9,c2c3,c3,0.0099256914108991,0.9926904742605984,0.7009353908002404,188,14,798,rnbqkb1r/ppp2ppp/8/3pp1N1/3P4/8/PPPNPPPP/R2QKB1R w KQkq -,MODEL_PREDICTION_NOT_EMPIRICAL,after_key,0.0099256914108991,maia3,-104,-418,314,SEVERE_ERROR,100000
TOR-06,B8,1500,maia3-79m,10,d2b3,Nb3,0.0051286206580698,0.9926904742605984,0.7009353908002404,219,14,767,rnbqkb1r/ppp2ppp/8/3pp1N1/3P4/8/PPPNPPPP/R2QKB1R w KQkq -,MODEL_PREDICTION_NOT_EMPIRICAL,after_key,0.0051286206580698,maia3,-114,-467,353,SEVERE_ERROR,100000
TOR-06,B8,1700,maia3-79m,1,g5f3,Ngf3,0.5642613172531128,0.9946476726327091,0.6385470764849347,444,25,531,rnbqkb1r/ppp2ppp/8/3pp1N1/3P4/8/PPPNPPPP/R2QKB1R w KQkq -,MODEL_PREDICTION_NOT_EMPIRICAL,after_key,0.5642613172531128,maia3,-96,-109,13,OK,100000
TOR-06,B8,1700,maia3-79m,2,d4e5,dxe5,0.1420577466487884,0.9946476726327091,0.6385470764849347,186,15,799,rnbqkb1r/ppp2ppp/8/3pp1N1/3P4/8/PPPNPPPP/R2QKB1R w KQkq -,MODEL_PREDICTION_NOT_EMPIRICAL,after_key,0.1420577466487884,maia3,-97,-412,315,SEVERE_ERROR,100000
TOR-06,B8,1700,maia3-79m,3,h2h4,h4,0.0797875449061393,0.9946476726327091,0.6385470764849347,475,23,502,rnbqkb1r/ppp2ppp/8/3pp1N1/3P4/8/PPPNPPPP/R2QKB1R w KQkq -,MODEL_PREDICTION_NOT_EMPIRICAL,after_key,0.0797875449061393,maia3,-101,-179,78,ERROR,100000
TOR-06,B8,1700,maia3-79m,4,g5f7,Nxf7,0.0691307485103607,0.9946476726327091,0.6385470764849347,486,24,490,rnbqkb1r/ppp2ppp/8/3pp1N1/3P4/8/PPPNPPPP/R2QKB1R w KQkq -,MODEL_PREDICTION_NOT_EMPIRICAL,after_key,0.0691307485103607,maia3,-113,-224,111,SEVERE_ERROR,100000
TOR-06,B8,1700,maia3-79m,5,d2f3,Ndf3,0.0509356223046779,0.9946476726327091,0.6385470764849347,336,18,646,rnbqkb1r/ppp2ppp/8/3pp1N1/3P4/8/PPPNPPPP/R2QKB1R w KQkq -,MODEL_PREDICTION_NOT_EMPIRICAL,after_key,0.0509356223046779,maia3,-92,-355,263,SEVERE_ERROR,100000
TOR-06,B8,1700,maia3-79m,6,e2e3,e3,0.0373206362128257,0.9946476726327091,0.6385470764849347,163,12,825,rnbqkb1r/ppp2ppp/8/3pp1N1/3P4/8/PPPNPPPP/R2QKB1R w KQkq -,MODEL_PREDICTION_NOT_EMPIRICAL,after_key,0.0373206362128257,maia3,-109,-417,308,SEVERE_ERROR,100000
TOR-06,B8,1700,maia3-79m,7,g5h3,Nh3,0.0284868627786636,0.9946476726327091,0.6385470764849347,410,27,563,rnbqkb1r/ppp2ppp/8/3pp1N1/3P4/8/PPPNPPPP/R2QKB1R w KQkq -,MODEL_PREDICTION_NOT_EMPIRICAL,after_key,0.0284868627786636,maia3,-107,-184,77,ERROR,100000
TOR-06,B8,1700,maia3-79m,8,e2e4,e4,0.012659209780395,0.9946476726327091,0.6385470764849347,184,12,804,rnbqkb1r/ppp2ppp/8/3pp1N1/3P4/8/PPPNPPPP/R2QKB1R w KQkq -,MODEL_PREDICTION_NOT_EMPIRICAL,after_key,0.012659209780395,maia3,-97,-357,260,SEVERE_ERROR,100000
TOR-06,B8,1700,maia3-79m,9,c2c3,c3,0.0062318868003785,0.9946476726327091,0.6385470764849347,161,13,826,rnbqkb1r/ppp2ppp/8/3pp1N1/3P4/8/PPPNPPPP/R2QKB1R w KQkq -,MODEL_PREDICTION_NOT_EMPIRICAL,after_key,0.0062318868003785,maia3,-104,-418,314,SEVERE_ERROR,100000
TOR-06,B8,1700,maia3-79m,10,f2f4,f4,0.0037760974373668,0.9946476726327091,0.6385470764849347,364,19,617,rnbqkb1r/ppp2ppp/8/3pp1N1/3P4/8/PPPNPPPP/R2QKB1R w KQkq -,MODEL_PREDICTION_NOT_EMPIRICAL,after_key,0.0037760974373668,maia3,-108,-296,188,SEVERE_ERROR,100000
TOR-06,B8,1900,maia3-79m,1,g5f3,Ngf3,0.6313144564628601,0.996783320326358,0.5756044627027086,441,28,531,rnbqkb1r/ppp2ppp/8/3pp1N1/3P4/8/PPPNPPPP/R2QKB1R w KQkq -,MODEL_PREDICTION_NOT_EMPIRICAL,after_key,0.6313144564628601,maia3,-96,-109,13,OK,100000
TOR-06,B8,1900,maia3-79m,2,h2h4,h4,0.0964752957224845,0.996783320326358,0.5756044627027086,463,27,510,rnbqkb1r/ppp2ppp/8/3pp1N1/3P4/8/PPPNPPPP/R2QKB1R w KQkq -,MODEL_PREDICTION_NOT_EMPIRICAL,after_key,0.0964752957224845,maia3,-101,-179,78,ERROR,100000
TOR-06,B8,1900,maia3-79m,3,g5f7,Nxf7,0.084454521536827,0.996783320326358,0.5756044627027086,459,25,516,rnbqkb1r/ppp2ppp/8/3pp1N1/3P4/8/PPPNPPPP/R2QKB1R w KQkq -,MODEL_PREDICTION_NOT_EMPIRICAL,after_key,0.084454521536827,maia3,-113,-224,111,SEVERE_ERROR,100000
TOR-06,B8,1900,maia3-79m,4,d4e5,dxe5,0.0797377228736877,0.996783320326358,0.5756044627027086,155,14,831,rnbqkb1r/ppp2ppp/8/3pp1N1/3P4/8/PPPNPPPP/R2QKB1R w KQkq -,MODEL_PREDICTION_NOT_EMPIRICAL,after_key,0.0797377228736877,maia3,-97,-412,315,SEVERE_ERROR,100000
TOR-06,B8,1900,maia3-79m,5,d2f3,Ndf3,0.0342292226850986,0.996783320326358,0.5756044627027086,311,18,671,rnbqkb1r/ppp2ppp/8/3pp1N1/3P4/8/PPPNPPPP/R2QKB1R w KQkq -,MODEL_PREDICTION_NOT_EMPIRICAL,after_key,0.0342292226850986,maia3,-92,-355,263,SEVERE_ERROR,100000
TOR-06,B8,1900,maia3-79m,6,g5h3,Nh3,0.0271891206502914,0.996783320326358,0.5756044627027086,407,30,563,rnbqkb1r/ppp2ppp/8/3pp1N1/3P4/8/PPPNPPPP/R2QKB1R w KQkq -,MODEL_PREDICTION_NOT_EMPIRICAL,after_key,0.0271891206502914,maia3,-107,-184,77,ERROR,100000
TOR-06,B8,1900,maia3-79m,7,e2e3,e3,0.0243373326957225,0.996783320326358,0.5756044627027086,124,11,865,rnbqkb1r/ppp2ppp/8/3pp1N1/3P4/8/PPPNPPPP/R2QKB1R w KQkq -,MODEL_PREDICTION_NOT_EMPIRICAL,after_key,0.0243373326957225,maia3,-109,-417,308,SEVERE_ERROR,100000
TOR-06,B8,1900,maia3-79m,8,e2e4,e4,0.0096955420449376,0.996783320326358,0.5756044627027086,154,12,834,rnbqkb1r/ppp2ppp/8/3pp1N1/3P4/8/PPPNPPPP/R2QKB1R w KQkq -,MODEL_PREDICTION_NOT_EMPIRICAL,after_key,0.0096955420449376,maia3,-97,-357,260,SEVERE_ERROR,100000
TOR-06,B8,1900,maia3-79m,9,f2f4,f4,0.0052342643029987,0.996783320326358,0.5756044627027086,348,20,632,rnbqkb1r/ppp2ppp/8/3pp1N1/3P4/8/PPPNPPPP/R2QKB1R w KQkq -,MODEL_PREDICTION_NOT_EMPIRICAL,after_key,0.0052342643029987,maia3,-108,-296,188,SEVERE_ERROR,100000
TOR-06,B8,1900,maia3-79m,10,c2c3,c3,0.0041158413514494,0.996783320326358,0.5756044627027086,131,12,857,rnbqkb1r/ppp2ppp/8/3pp1N1/3P4/8/PPPNPPPP/R2QKB1R w KQkq -,MODEL_PREDICTION_NOT_EMPIRICAL,after_key,0.0041158413514494,maia3,-104,-418,314,SEVERE_ERROR,100000
TOR-06,B8,2100,maia3-79m,1,g5f3,Ngf3,0.6641233563423157,0.9979910750407726,0.5189034642114141,433,35,532,rnbqkb1r/ppp2ppp/8/3pp1N1/3P4/8/PPPNPPPP/R2QKB1R w KQkq -,MODEL_PREDICTION_NOT_EMPIRICAL,after_key,0.6641233563423157,maia3,-96,-109,13,OK,100000
TOR-06,B8,2100,maia3-79m,2,h2h4,h4,0.1253753155469894,0.9979910750407726,0.5189034642114141,448,34,518,rnbqkb1r/ppp2ppp/8/3pp1N1/3P4/8/PPPNPPPP/R2QKB1R w KQkq -,MODEL_PREDICTION_NOT_EMPIRICAL,after_key,0.1253753155469894,maia3,-101,-179,78,ERROR,100000
TOR-06,B8,2100,maia3-79m,3,g5f7,Nxf7,0.0938935279846191,0.9979910750407726,0.5189034642114141,426,30,544,rnbqkb1r/ppp2ppp/8/3pp1N1/3P4/8/PPPNPPPP/R2QKB1R w KQkq -,MODEL_PREDICTION_NOT_EMPIRICAL,after_key,0.0938935279846191,maia3,-113,-224,111,SEVERE_ERROR,100000
TOR-06,B8,2100,maia3-79m,4,d4e5,dxe5,0.0401884727180004,0.9979910750407726,0.5189034642114141,135,15,850,rnbqkb1r/ppp2ppp/8/3pp1N1/3P4/8/PPPNPPPP/R2QKB1R w KQkq -,MODEL_PREDICTION_NOT_EMPIRICAL,after_key,0.0401884727180004,maia3,-97,-412,315,SEVERE_ERROR,100000
TOR-06,B8,2100,maia3-79m,5,d2f3,Ndf3,0.0229318290948867,0.9979910750407726,0.5189034642114141,278,20,702,rnbqkb1r/ppp2ppp/8/3pp1N1/3P4/8/PPPNPPPP/R2QKB1R w KQkq -,MODEL_PREDICTION_NOT_EMPIRICAL,after_key,0.0229318290948867,maia3,-92,-355,263,SEVERE_ERROR,100000
TOR-06,B8,2100,maia3-79m,6,g5h3,Nh3,0.0206678863614797,0.9979910750407726,0.5189034642114141,396,35,569,rnbqkb1r/ppp2ppp/8/3pp1N1/3P4/8/PPPNPPPP/R2QKB1R w KQkq -,MODEL_PREDICTION_NOT_EMPIRICAL,after_key,0.0206678863614797,maia3,-107,-184,77,ERROR,100000
TOR-06,B8,2100,maia3-79m,7,e2e3,e3,0.0145804462954401,0.9979910750407726,0.5189034642114141,90,10,900,rnbqkb1r/ppp2ppp/8/3pp1N1/3P4/8/PPPNPPPP/R2QKB1R w KQkq -,MODEL_PREDICTION_NOT_EMPIRICAL,after_key,0.0145804462954401,maia3,-109,-417,308,SEVERE_ERROR,100000
TOR-06,B8,2100,maia3-79m,8,e2e4,e4,0.0073786871507763,0.9979910750407726,0.5189034642114141,133,13,854,rnbqkb1r/ppp2ppp/8/3pp1N1/3P4/8/PPPNPPPP/R2QKB1R w KQkq -,MODEL_PREDICTION_NOT_EMPIRICAL,after_key,0.0073786871507763,maia3,-97,-357,260,SEVERE_ERROR,100000
TOR-06,B8,2100,maia3-79m,9,f2f4,f4,0.0066900853998959,0.9979910750407726,0.5189034642114141,321,23,656,rnbqkb1r/ppp2ppp/8/3pp1N1/3P4/8/PPPNPPPP/R2QKB1R w KQkq -,MODEL_PREDICTION_NOT_EMPIRICAL,after_key,0.0066900853998959,maia3,-108,-296,188,SEVERE_ERROR,100000
TOR-06,B8,2100,maia3-79m,10,c2c3,c3,0.0021614681463688,0.9979910750407726,0.5189034642114141,105,11,884,rnbqkb1r/ppp2ppp/8/3pp1N1/3P4/8/PPPNPPPP/R2QKB1R w KQkq -,MODEL_PREDICTION_NOT_EMPIRICAL,after_key,0.0021614681463688,maia3,-104,-418,314,SEVERE_ERROR,100000
VER-03,B8,1100,maia3-79m,1,c3b5,Nb5,0.3972620666027069,0.9971987421740778,0.5923679720096293,427,20,553,rnbqkb1r/pp2pppp/5n2/2P3B1/3p4/2N5/PPP1PPPP/R2QKBNR w KQkq -,MODEL_PREDICTION_NOT_EMPIRICAL,after_key,0.3972620666027069,maia3,-113,-304,191,SEVERE_ERROR,100000
VER-03,B8,1100,maia3-79m,2,g5f6,Bxf6,0.3420220017433166,0.9971987421740778,0.5923679720096293,469,28,503,rnbqkb1r/pp2pppp/5n2/2P3B1/3p4/2N5/PPP1PPPP/R2QKBNR w KQkq -,MODEL_PREDICTION_NOT_EMPIRICAL,after_key,0.3420220017433166,maia3,-108,-105,0,OK,100000
VER-03,B8,1100,maia3-79m,3,c3a4,Na4,0.1487983465194702,0.9971987421740778,0.5923679720096293,427,21,552,rnbqkb1r/pp2pppp/5n2/2P3B1/3p4/2N5/PPP1PPPP/R2QKBNR w KQkq -,MODEL_PREDICTION_NOT_EMPIRICAL,after_key,0.1487983465194702,maia3,-106,-223,117,SEVERE_ERROR,100000
VER-03,B8,1100,maia3-79m,4,c3b1,Nb1,0.0687569230794906,0.9971987421740778,0.5923679720096293,415,23,562,rnbqkb1r/pp2pppp/5n2/2P3B1/3p4/2N5/PPP1PPPP/R2QKBNR w KQkq -,MODEL_PREDICTION_NOT_EMPIRICAL,after_key,0.0687569230794906,maia3,-116,-111,0,OK,100000
VER-03,B8,1100,maia3-79m,5,c3e4,Ne4,0.032014176249504,0.9971987421740778,0.5923679720096293,285,18,697,rnbqkb1r/pp2pppp/5n2/2P3B1/3p4/2N5/PPP1PPPP/R2QKBNR w KQkq -,MODEL_PREDICTION_NOT_EMPIRICAL,after_key,0.032014176249504,maia3,-105,-458,353,SEVERE_ERROR,100000
VER-03,B8,1100,maia3-79m,6,d1d4,Qxd4,0.00278788106516,0.9971987421740778,0.5923679720096293,137,15,848,rnbqkb1r/pp2pppp/5n2/2P3B1/3p4/2N5/PPP1PPPP/R2QKBNR w KQkq -,MODEL_PREDICTION_NOT_EMPIRICAL,after_key,0.00278788106516,maia3,-101,-496,395,SEVERE_ERROR,100000
VER-03,B8,1100,maia3-79m,7,c3d5,Nd5,0.0021779439412057,0.9971987421740778,0.5923679720096293,257,19,724,rnbqkb1r/pp2pppp/5n2/2P3B1/3p4/2N5/PPP1PPPP/R2QKBNR w KQkq -,MODEL_PREDICTION_NOT_EMPIRICAL,after_key,0.0021779439412057,maia3,-91,-422,331,SEVERE_ERROR,100000
VER-03,B8,1100,maia3-79m,8,e2e3,e3,0.0014458344085142,0.9971987421740778,0.5923679720096293,385,29,586,rnbqkb1r/pp2pppp/5n2/2P3B1/3p4/2N5/PPP1PPPP/R2QKBNR w KQkq -,MODEL_PREDICTION_NOT_EMPIRICAL,after_key,0.0014458344085142,maia3,-96,-328,232,SEVERE_ERROR,100000
VER-03,B8,1100,maia3-79m,9,g1f3,Nf3,0.0012278363574296,0.9971987421740778,0.5923679720096293,387,27,586,rnbqkb1r/pp2pppp/5n2/2P3B1/3p4/2N5/PPP1PPPP/R2QKBNR w KQkq -,MODEL_PREDICTION_NOT_EMPIRICAL,after_key,0.0012278363574296,maia3,-90,-323,233,SEVERE_ERROR,100000
VER-03,B8,1100,maia3-79m,10,d1d3,Qd3,0.0007057322072796,0.9971987421740778,0.5923679720096293,369,24,607,rnbqkb1r/pp2pppp/5n2/2P3B1/3p4/2N5/PPP1PPPP/R2QKBNR w KQkq -,MODEL_PREDICTION_NOT_EMPIRICAL,after_key,0.0007057322072796,maia3,-87,-373,286,SEVERE_ERROR,100000
VER-03,B8,1300,maia3-79m,1,g5f6,Bxf6,0.4327763617038727,0.9979314593947493,0.5665843975493382,483,28,489,rnbqkb1r/pp2pppp/5n2/2P3B1/3p4/2N5/PPP1PPPP/R2QKBNR w KQkq -,MODEL_PREDICTION_NOT_EMPIRICAL,after_key,0.4327763617038727,maia3,-108,-105,0,OK,100000
VER-03,B8,1300,maia3-79m,2,c3b5,Nb5,0.337322473526001,0.9979314593947493,0.5665843975493382,386,18,596,rnbqkb1r/pp2pppp/5n2/2P3B1/3p4/2N5/PPP1PPPP/R2QKBNR w KQkq -,MODEL_PREDICTION_NOT_EMPIRICAL,after_key,0.337322473526001,maia3,-113,-304,191,SEVERE_ERROR,100000
VER-03,B8,1300,maia3-79m,3,c3a4,Na4,0.1144176125526428,0.9979314593947493,0.5665843975493382,411,19,570,rnbqkb1r/pp2pppp/5n2/2P3B1/3p4/2N5/PPP1PPPP/R2QKBNR w KQkq -,MODEL_PREDICTION_NOT_EMPIRICAL,after_key,0.1144176125526428,maia3,-106,-223,117,SEVERE_ERROR,100000
VER-03,B8,1300,maia3-79m,4,c3b1,Nb1,0.0888027772307396,0.9979314593947493,0.5665843975493382,407,21,572,rnbqkb1r/pp2pppp/5n2/2P3B1/3p4/2N5/PPP1PPPP/R2QKBNR w KQkq -,MODEL_PREDICTION_NOT_EMPIRICAL,after_key,0.0888027772307396,maia3,-116,-111,0,OK,100000
VER-03,B8,1300,maia3-79m,5,c3e4,Ne4,0.0192347876727581,0.9979314593947493,0.5665843975493382,252,15,733,rnbqkb1r/pp2pppp/5n2/2P3B1/3p4/2N5/PPP1PPPP/R2QKBNR w KQkq -,MODEL_PREDICTION_NOT_EMPIRICAL,after_key,0.0192347876727581,maia3,-105,-458,353,SEVERE_ERROR,100000
VER-03,B8,1300,maia3-79m,6,e2e3,e3,0.0014954837970435,0.9979314593947493,0.5665843975493382,381,26,593,rnbqkb1r/pp2pppp/5n2/2P3B1/3p4/2N5/PPP1PPPP/R2QKBNR w KQkq -,MODEL_PREDICTION_NOT_EMPIRICAL,after_key,0.0014954837970435,maia3,-96,-328,232,SEVERE_ERROR,100000
VER-03,B8,1300,maia3-79m,7,d1d4,Qxd4,0.001238650875166,0.9979314593947493,0.5665843975493382,136,14,850,rnbqkb1r/pp2pppp/5n2/2P3B1/3p4/2N5/PPP1PPPP/R2QKBNR w KQkq -,MODEL_PREDICTION_NOT_EMPIRICAL,after_key,0.001238650875166,maia3,-101,-496,395,SEVERE_ERROR,100000
VER-03,B8,1300,maia3-79m,8,g1f3,Nf3,0.001229868736118,0.9979314593947493,0.5665843975493382,378,25,597,rnbqkb1r/pp2pppp/5n2/2P3B1/3p4/2N5/PPP1PPPP/R2QKBNR w KQkq -,MODEL_PREDICTION_NOT_EMPIRICAL,after_key,0.001229868736118,maia3,-90,-323,233,SEVERE_ERROR,100000
VER-03,B8,1300,maia3-79m,9,c3d5,Nd5,0.0007905350648798,0.9979314593947493,0.5665843975493382,241,16,743,rnbqkb1r/pp2pppp/5n2/2P3B1/3p4/2N5/PPP1PPPP/R2QKBNR w KQkq -,MODEL_PREDICTION_NOT_EMPIRICAL,after_key,0.0007905350648798,maia3,-91,-422,331,SEVERE_ERROR,100000
VER-03,B8,1300,maia3-79m,10,d1d3,Qd3,0.0006229082355275,0.9979314593947493,0.5665843975493382,350,22,628,rnbqkb1r/pp2pppp/5n2/2P3B1/3p4/2N5/PPP1PPPP/R2QKBNR w KQkq -,MODEL_PREDICTION_NOT_EMPIRICAL,after_key,0.0006229082355275,maia3,-87,-373,286,SEVERE_ERROR,100000
VER-03,B8,1500,maia3-79m,1,g5f6,Bxf6,0.5315410494804382,0.9981433252687566,0.5186270997685851,492,29,479,rnbqkb1r/pp2pppp/5n2/2P3B1/3p4/2N5/PPP1PPPP/R2QKBNR w KQkq -,MODEL_PREDICTION_NOT_EMPIRICAL,after_key,0.5315410494804382,maia3,-108,-105,0,OK,100000
VER-03,B8,1500,maia3-79m,2,c3b5,Nb5,0.2835599184036255,0.9981433252687566,0.5186270997685851,358,17,625,rnbqkb1r/pp2pppp/5n2/2P3B1/3p4/2N5/PPP1PPPP/R2QKBNR w KQkq -,MODEL_PREDICTION_NOT_EMPIRICAL,after_key,0.2835599184036255,maia3,-113,-304,191,SEVERE_ERROR,100000
VER-03,B8,1500,maia3-79m,3,c3b1,Nb1,0.092998020350933,0.9981433252687566,0.5186270997685851,405,22,573,rnbqkb1r/pp2pppp/5n2/2P3B1/3p4/2N5/PPP1PPPP/R2QKBNR w KQkq -,MODEL_PREDICTION_NOT_EMPIRICAL,after_key,0.092998020350933,maia3,-116,-111,0,OK,100000
VER-03,B8,1500,maia3-79m,4,c3a4,Na4,0.0722151920199394,0.9981433252687566,0.5186270997685851,406,18,576,rnbqkb1r/pp2pppp/5n2/2P3B1/3p4/2N5/PPP1PPPP/R2QKBNR w KQkq -,MODEL_PREDICTION_NOT_EMPIRICAL,after_key,0.0722151920199394,maia3,-106,-223,117,SEVERE_ERROR,100000
VER-03,B8,1500,maia3-79m,5,c3e4,Ne4,0.0126398261636495,0.9981433252687566,0.5186270997685851,227,13,760,rnbqkb1r/pp2pppp/5n2/2P3B1/3p4/2N5/PPP1PPPP/R2QKBNR w KQkq -,MODEL_PREDICTION_NOT_EMPIRICAL,after_key,0.0126398261636495,maia3,-105,-458,353,SEVERE_ERROR,100000
VER-03,B8,1500,maia3-79m,6,e2e3,e3,0.001942382659763,0.9981433252687566,0.5186270997685851,367,25,608,rnbqkb1r/pp2pppp/5n2/2P3B1/3p4/2N5/PPP1PPPP/R2QKBNR w KQkq -,MODEL_PREDICTION_NOT_EMPIRICAL,after_key,0.001942382659763,maia3,-96,-328,232,SEVERE_ERROR,100000
VER-03,B8,1500,maia3-79m,7,g1f3,Nf3,0.0014099365798756,0.9981433252687566,0.5186270997685851,369,25,606,rnbqkb1r/pp2pppp/5n2/2P3B1/3p4/2N5/PPP1PPPP/R2QKBNR w KQkq -,MODEL_PREDICTION_NOT_EMPIRICAL,after_key,0.0014099365798756,maia3,-90,-323,233,SEVERE_ERROR,100000
VER-03,B8,1500,maia3-79m,8,d1d4,Qxd4,0.0007045613019727,0.9981433252687566,0.5186270997685851,132,13,855,rnbqkb1r/pp2pppp/5n2/2P3B1/3p4/2N5/PPP1PPPP/R2QKBNR w KQkq -,MODEL_PREDICTION_NOT_EMPIRICAL,after_key,0.0007045613019727,maia3,-101,-496,395,SEVERE_ERROR,100000
VER-03,B8,1500,maia3-79m,9,d1d3,Qd3,0.0006129600806161,0.9981433252687566,0.5186270997685851,337,22,641,rnbqkb1r/pp2pppp/5n2/2P3B1/3p4/2N5/PPP1PPPP/R2QKBNR w KQkq -,MODEL_PREDICTION_NOT_EMPIRICAL,after_key,0.0006129600806161,maia3,-87,-373,286,SEVERE_ERROR,100000
VER-03,B8,1500,maia3-79m,10,e2e4,e4,0.0005194782279431,0.9981433252687566,0.5186270997685851,354,23,623,rnbqkb1r/pp2pppp/5n2/2P3B1/3p4/2N5/PPP1PPPP/R2QKBNR w KQkq -,MODEL_PREDICTION_NOT_EMPIRICAL,after_key,0.0005194782279431,maia3,-88,-303,215,SEVERE_ERROR,100000
VER-03,B8,1700,maia3-79m,1,g5f6,Bxf6,0.6742797493934631,0.99816926359199,0.4343629801967247,503,32,465,rnbqkb1r/pp2pppp/5n2/2P3B1/3p4/2N5/PPP1PPPP/R2QKBNR w KQkq -,MODEL_PREDICTION_NOT_EMPIRICAL,after_key,0.6742797493934631,maia3,-108,-105,0,OK,100000
VER-03,B8,1700,maia3-79m,2,c3b5,Nb5,0.1845731884241104,0.99816926359199,0.4343629801967247,351,18,631,rnbqkb1r/pp2pppp/5n2/2P3B1/3p4/2N5/PPP1PPPP/R2QKBNR w KQkq -,MODEL_PREDICTION_NOT_EMPIRICAL,after_key,0.1845731884241104,maia3,-113,-304,191,SEVERE_ERROR,100000
VER-03,B8,1700,maia3-79m,3,c3b1,Nb1,0.0816377773880958,0.99816926359199,0.4343629801967247,409,23,568,rnbqkb1r/pp2pppp/5n2/2P3B1/3p4/2N5/PPP1PPPP/R2QKBNR w KQkq -,MODEL_PREDICTION_NOT_EMPIRICAL,after_key,0.0816377773880958,maia3,-116,-111,0,OK,100000
VER-03,B8,1700,maia3-79m,4,c3a4,Na4,0.0411765426397323,0.99816926359199,0.4343629801967247,408,20,572,rnbqkb1r/pp2pppp/5n2/2P3B1/3p4/2N5/PPP1PPPP/R2QKBNR w KQkq -,MODEL_PREDICTION_NOT_EMPIRICAL,after_key,0.0411765426397323,maia3,-106,-223,117,SEVERE_ERROR,100000
VER-03,B8,1700,maia3-79m,5,c3e4,Ne4,0.010718866251409,0.99816926359199,0.4343629801967247,212,13,775,rnbqkb1r/pp2pppp/5n2/2P3B1/3p4/2N5/PPP1PPPP/R2QKBNR w KQkq -,MODEL_PREDICTION_NOT_EMPIRICAL,after_key,0.010718866251409,maia3,-105,-458,353,SEVERE_ERROR,100000
VER-03,B8,1700,maia3-79m,6,e2e3,e3,0.002430418273434,0.99816926359199,0.4343629801967247,351,26,623,rnbqkb1r/pp2pppp/5n2/2P3B1/3p4/2N5/PPP1PPPP/R2QKBNR w KQkq -,MODEL_PREDICTION_NOT_EMPIRICAL,after_key,0.002430418273434,maia3,-96,-328,232,SEVERE_ERROR,100000
VER-03,B8,1700,maia3-79m,7,g1f3,Nf3,0.0015316341305151,0.99816926359199,0.4343629801967247,361,26,613,rnbqkb1r/pp2pppp/5n2/2P3B1/3p4/2N5/PPP1PPPP/R2QKBNR w KQkq -,MODEL_PREDICTION_NOT_EMPIRICAL,after_key,0.0015316341305151,maia3,-90,-323,233,SEVERE_ERROR,100000
VER-03,B8,1700,maia3-79m,8,e2e4,e4,0.0006946225184947,0.99816926359199,0.4343629801967247,338,23,639,rnbqkb1r/pp2pppp/5n2/2P3B1/3p4/2N5/PPP1PPPP/R2QKBNR w KQkq -,MODEL_PREDICTION_NOT_EMPIRICAL,after_key,0.0006946225184947,maia3,-88,-303,215,SEVERE_ERROR,100000
VER-03,B8,1700,maia3-79m,9,d1d3,Qd3,0.0005949501064606,0.99816926359199,0.4343629801967247,329,22,649,rnbqkb1r/pp2pppp/5n2/2P3B1/3p4/2N5/PPP1PPPP/R2QKBNR w KQkq -,MODEL_PREDICTION_NOT_EMPIRICAL,after_key,0.0005949501064606,maia3,-87,-373,286,SEVERE_ERROR,100000
VER-03,B8,1700,maia3-79m,10,b2b4,b4,0.0005315144662745,0.99816926359199,0.4343629801967247,251,21,728,rnbqkb1r/pp2pppp/5n2/2P3B1/3p4/2N5/PPP1PPPP/R2QKBNR w KQkq -,MODEL_PREDICTION_NOT_EMPIRICAL,after_key,0.0005315144662745,maia3,-90,-336,246,SEVERE_ERROR,100000
VER-03,B8,1900,maia3-79m,1,g5f6,Bxf6,0.830649197101593,0.9985120911733248,0.2950006862265889,514,38,448,rnbqkb1r/pp2pppp/5n2/2P3B1/3p4/2N5/PPP1PPPP/R2QKBNR w KQkq -,MODEL_PREDICTION_NOT_EMPIRICAL,after_key,0.830649197101593,maia3,-108,-105,0,OK,100000
VER-03,B8,1900,maia3-79m,2,c3b5,Nb5,0.0715823695063591,0.9985120911733248,0.2950006862265889,354,20,626,rnbqkb1r/pp2pppp/5n2/2P3B1/3p4/2N5/PPP1PPPP/R2QKBNR w KQkq -,MODEL_PREDICTION_NOT_EMPIRICAL,after_key,0.0715823695063591,maia3,-113,-304,191,SEVERE_ERROR,100000
VER-03,B8,1900,maia3-79m,3,c3b1,Nb1,0.0558972507715225,0.9985120911733248,0.2950006862265889,414,27,559,rnbqkb1r/pp2pppp/5n2/2P3B1/3p4/2N5/PPP1PPPP/R2QKBNR w KQkq -,MODEL_PREDICTION_NOT_EMPIRICAL,after_key,0.0558972507715225,maia3,-116,-111,0,OK,100000
VER-03,B8,1900,maia3-79m,4,c3a4,Na4,0.0244176983833313,0.9985120911733248,0.2950006862265889,418,23,559,rnbqkb1r/pp2pppp/5n2/2P3B1/3p4/2N5/PPP1PPPP/R2QKBNR w KQkq -,MODEL_PREDICTION_NOT_EMPIRICAL,after_key,0.0244176983833313,maia3,-106,-223,117,SEVERE_ERROR,100000
VER-03,B8,1900,maia3-79m,5,c3e4,Ne4,0.010356985963881,0.9985120911733248,0.2950006862265889,198,14,788,rnbqkb1r/pp2pppp/5n2/2P3B1/3p4/2N5/PPP1PPPP/R2QKBNR w KQkq -,MODEL_PREDICTION_NOT_EMPIRICAL,after_key,0.010356985963881,maia3,-105,-458,353,SEVERE_ERROR,100000
VER-03,B8,1900,maia3-79m,6,e2e3,e3,0.0023882323876023,0.9985120911733248,0.2950006862265889,338,28,634,rnbqkb1r/pp2pppp/5n2/2P3B1/3p4/2N5/PPP1PPPP/R2QKBNR w KQkq -,MODEL_PREDICTION_NOT_EMPIRICAL,after_key,0.0023882323876023,maia3,-96,-328,232,SEVERE_ERROR,100000
VER-03,B8,1900,maia3-79m,7,g1f3,Nf3,0.0011294225696474,0.9985120911733248,0.2950006862265889,354,29,617,rnbqkb1r/pp2pppp/5n2/2P3B1/3p4/2N5/PPP1PPPP/R2QKBNR w KQkq -,MODEL_PREDICTION_NOT_EMPIRICAL,after_key,0.0011294225696474,maia3,-90,-323,233,SEVERE_ERROR,100000
VER-03,B8,1900,maia3-79m,8,e2e4,e4,0.0010026321979239,0.9985120911733248,0.2950006862265889,320,24,656,rnbqkb1r/pp2pppp/5n2/2P3B1/3p4/2N5/PPP1PPPP/R2QKBNR w KQkq -,MODEL_PREDICTION_NOT_EMPIRICAL,after_key,0.0010026321979239,maia3,-88,-303,215,SEVERE_ERROR,100000
VER-03,B8,1900,maia3-79m,9,b2b4,b4,0.0005995315732434,0.9985120911733248,0.2950006862265889,240,22,738,rnbqkb1r/pp2pppp/5n2/2P3B1/3p4/2N5/PPP1PPPP/R2QKBNR w KQkq -,MODEL_PREDICTION_NOT_EMPIRICAL,after_key,0.0005995315732434,maia3,-90,-336,246,SEVERE_ERROR,100000
VER-03,B8,1900,maia3-79m,10,d1d3,Qd3,0.0004887707182206,0.9985120911733248,0.2950006862265889,311,24,665,rnbqkb1r/pp2pppp/5n2/2P3B1/3p4/2N5/PPP1PPPP/R2QKBNR w KQkq -,MODEL_PREDICTION_NOT_EMPIRICAL,after_key,0.0004887707182206,maia3,-87,-373,286,SEVERE_ERROR,100000
VER-03,B8,2100,maia3-79m,1,g5f6,Bxf6,0.9083144068717957,0.9986741247121244,0.1916101386623345,515,47,438,rnbqkb1r/pp2pppp/5n2/2P3B1/3p4/2N5/PPP1PPPP/R2QKBNR w KQkq -,MODEL_PREDICTION_NOT_EMPIRICAL,after_key,0.9083144068717957,maia3,-108,-105,0,OK,100000
VER-03,B8,2100,maia3-79m,2,c3b1,Nb1,0.0295245982706546,0.9986741247121244,0.1916101386623345,419,34,547,rnbqkb1r/pp2pppp/5n2/2P3B1/3p4/2N5/PPP1PPPP/R2QKBNR w KQkq -,MODEL_PREDICTION_NOT_EMPIRICAL,after_key,0.0295245982706546,maia3,-116,-111,0,OK,100000
VER-03,B8,2100,maia3-79m,3,c3a4,Na4,0.027003888040781,0.9986741247121244,0.1916101386623345,431,30,539,rnbqkb1r/pp2pppp/5n2/2P3B1/3p4/2N5/PPP1PPPP/R2QKBNR w KQkq -,MODEL_PREDICTION_NOT_EMPIRICAL,after_key,0.027003888040781,maia3,-106,-223,117,SEVERE_ERROR,100000
VER-03,B8,2100,maia3-79m,4,c3b5,Nb5,0.0211518965661525,0.9986741247121244,0.1916101386623345,354,25,621,rnbqkb1r/pp2pppp/5n2/2P3B1/3p4/2N5/PPP1PPPP/R2QKBNR w KQkq -,MODEL_PREDICTION_NOT_EMPIRICAL,after_key,0.0211518965661525,maia3,-113,-304,191,SEVERE_ERROR,100000
VER-03,B8,2100,maia3-79m,5,c3e4,Ne4,0.0077147870324552,0.9986741247121244,0.1916101386623345,170,15,815,rnbqkb1r/pp2pppp/5n2/2P3B1/3p4/2N5/PPP1PPPP/R2QKBNR w KQkq -,MODEL_PREDICTION_NOT_EMPIRICAL,after_key,0.0077147870324552,maia3,-105,-458,353,SEVERE_ERROR,100000
VER-03,B8,2100,maia3-79m,6,e2e3,e3,0.0021508657373487,0.9986741247121244,0.1916101386623345,324,31,645,rnbqkb1r/pp2pppp/5n2/2P3B1/3p4/2N5/PPP1PPPP/R2QKBNR w KQkq -,MODEL_PREDICTION_NOT_EMPIRICAL,after_key,0.0021508657373487,maia3,-96,-328,232,SEVERE_ERROR,100000
VER-03,B8,2100,maia3-79m,7,e2e4,e4,0.0013907710090279,0.9986741247121244,0.1916101386623345,295,26,679,rnbqkb1r/pp2pppp/5n2/2P3B1/3p4/2N5/PPP1PPPP/R2QKBNR w KQkq -,MODEL_PREDICTION_NOT_EMPIRICAL,after_key,0.0013907710090279,maia3,-88,-303,215,SEVERE_ERROR,100000
VER-03,B8,2100,maia3-79m,8,g1f3,Nf3,0.0005913775530643,0.9986741247121244,0.1916101386623345,341,33,626,rnbqkb1r/pp2pppp/5n2/2P3B1/3p4/2N5/PPP1PPPP/R2QKBNR w KQkq -,MODEL_PREDICTION_NOT_EMPIRICAL,after_key,0.0005913775530643,maia3,-90,-323,233,SEVERE_ERROR,100000
VER-03,B8,2100,maia3-79m,9,b2b4,b4,0.0004474611778277,0.9986741247121244,0.1916101386623345,237,25,738,rnbqkb1r/pp2pppp/5n2/2P3B1/3p4/2N5/PPP1PPPP/R2QKBNR w KQkq -,MODEL_PREDICTION_NOT_EMPIRICAL,after_key,0.0004474611778277,maia3,-90,-336,246,SEVERE_ERROR,100000
VER-03,B8,2100,maia3-79m,10,d1d3,Qd3,0.0003840724530164,0.9986741247121244,0.1916101386623345,284,26,690,rnbqkb1r/pp2pppp/5n2/2P3B1/3p4/2N5/PPP1PPPP/R2QKBNR w KQkq -,MODEL_PREDICTION_NOT_EMPIRICAL,after_key,0.0003840724530164,maia3,-87,-373,286,SEVERE_ERROR,100000
