line_id,bias_code,elo,model,rank,move_uci,move_san,policy_probability,topk_policy_mass,normalized_response_entropy_topk,wdl_win_permille,wdl_draw_permille,wdl_loss_permille,fen,status
ORD-01,B1,1100,maia3-79m,1,e2e4,e4,0.6771548986434937,0.9878678212407976,0.42561317674662125,513,26,461,r2qkbnr/pp2pppp/2n5/2pp4/3P1Bb1/4PN2/PPP2PPP/RN1QKB1R w KQkq -,MODEL_PREDICTION_NOT_EMPIRICAL
ORD-01,B1,1100,maia3-79m,2,d2d4,d4,0.22272434830665588,0.9878678212407976,0.42561317674662125,521,27,452,r2qkbnr/pp2pppp/2n5/2pp4/3P1Bb1/4PN2/PPP2PPP/RN1QKB1R w KQkq -,MODEL_PREDICTION_NOT_EMPIRICAL
ORD-01,B1,1100,maia3-79m,3,e2e3,e3,0.020852725952863693,0.9878678212407976,0.42561317674662125,500,27,473,r2qkbnr/pp2pppp/2n5/2pp4/3P1Bb1/4PN2/PPP2PPP/RN1QKB1R w KQkq -,MODEL_PREDICTION_NOT_EMPIRICAL
ORD-01,B1,1100,maia3-79m,4,g1f3,Nf3,0.0199762973934412,0.9878678212407976,0.42561317674662125,517,27,456,r2qkbnr/pp2pppp/2n5/2pp4/3P1Bb1/4PN2/PPP2PPP/RN1QKB1R w KQkq -,MODEL_PREDICTION_NOT_EMPIRICAL
ORD-01,B1,1100,maia3-79m,5,c2c4,c4,0.015163088217377663,0.9878678212407976,0.42561317674662125,513,25,462,r2qkbnr/pp2pppp/2n5/2pp4/3P1Bb1/4PN2/PPP2PPP/RN1QKB1R w KQkq -,MODEL_PREDICTION_NOT_EMPIRICAL
ORD-01,B1,1100,maia3-79m,6,g2g3,g3,0.010951454751193523,0.9878678212407976,0.42561317674662125,497,27,476,r2qkbnr/pp2pppp/2n5/2pp4/3P1Bb1/4PN2/PPP2PPP/RN1QKB1R w KQkq -,MODEL_PREDICTION_NOT_EMPIRICAL
ORD-01,B1,1100,maia3-79m,7,b2b3,b3,0.007491483353078365,0.9878678212407976,0.42561317674662125,494,27,479,r2qkbnr/pp2pppp/2n5/2pp4/3P1Bb1/4PN2/PPP2PPP/RN1QKB1R w KQkq -,MODEL_PREDICTION_NOT_EMPIRICAL
ORD-01,B1,1100,maia3-79m,8,d2d3,d3,0.005036455579102039,0.9878678212407976,0.42561317674662125,493,27,480,r2qkbnr/pp2pppp/2n5/2pp4/3P1Bb1/4PN2/PPP2PPP/RN1QKB1R w KQkq -,MODEL_PREDICTION_NOT_EMPIRICAL
ORD-01,B1,1100,maia3-79m,9,b1c3,Nc3,0.004941529594361782,0.9878678212407976,0.42561317674662125,507,27,466,r2qkbnr/pp2pppp/2n5/2pp4/3P1Bb1/4PN2/PPP2PPP/RN1QKB1R w KQkq -,MODEL_PREDICTION_NOT_EMPIRICAL
ORD-01,B1,1100,maia3-79m,10,f2f4,f4,0.0035755394492298365,0.9878678212407976,0.42561317674662125,500,26,474,r2qkbnr/pp2pppp/2n5/2pp4/3P1Bb1/4PN2/PPP2PPP/RN1QKB1R w KQkq -,MODEL_PREDICTION_NOT_EMPIRICAL
ORD-01,B1,1300,maia3-79m,1,e2e4,e4,0.6652060747146606,0.9883486481849104,0.4312486267262949,508,25,467,r2qkbnr/pp2pppp/2n5/2pp4/3P1Bb1/4PN2/PPP2PPP/RN1QKB1R w KQkq -,MODEL_PREDICTION_NOT_EMPIRICAL
ORD-01,B1,1300,maia3-79m,2,d2d4,d4,0.23515543341636658,0.9883486481849104,0.4312486267262949,519,26,455,r2qkbnr/pp2pppp/2n5/2pp4/3P1Bb1/4PN2/PPP2PPP/RN1QKB1R w KQkq -,MODEL_PREDICTION_NOT_EMPIRICAL
ORD-01,B1,1300,maia3-79m,3,g1f3,Nf3,0.019363317638635635,0.9883486481849104,0.4312486267262949,521,27,452,r2qkbnr/pp2pppp/2n5/2pp4/3P1Bb1/4PN2/PPP2PPP/RN1QKB1R w KQkq -,MODEL_PREDICTION_NOT_EMPIRICAL
ORD-01,B1,1300,maia3-79m,4,c2c4,c4,0.018627913668751717,0.9883486481849104,0.4312486267262949,513,25,462,r2qkbnr/pp2pppp/2n5/2pp4/3P1Bb1/4PN2/PPP2PPP/RN1QKB1R w KQkq -,MODEL_PREDICTION_NOT_EMPIRICAL
ORD-01,B1,1300,maia3-79m,5,e2e3,e3,0.017626332119107246,0.9883486481849104,0.4312486267262949,499,26,475,r2qkbnr/pp2pppp/2n5/2pp4/3P1Bb1/4PN2/PPP2PPP/RN1QKB1R w KQkq -,MODEL_PREDICTION_NOT_EMPIRICAL
ORD-01,B1,1300,maia3-79m,6,g2g3,g3,0.011335160583257675,0.9883486481849104,0.4312486267262949,500,27,473,r2qkbnr/pp2pppp/2n5/2pp4/3P1Bb1/4PN2/PPP2PPP/RN1QKB1R w KQkq -,MODEL_PREDICTION_NOT_EMPIRICAL
ORD-01,B1,1300,maia3-79m,7,b2b3,b3,0.008808943443000317,0.9883486481849104,0.4312486267262949,503,26,471,r2qkbnr/pp2pppp/2n5/2pp4/3P1Bb1/4PN2/PPP2PPP/RN1QKB1R w KQkq -,MODEL_PREDICTION_NOT_EMPIRICAL
ORD-01,B1,1300,maia3-79m,8,d2d3,d3,0.004596428479999304,0.9883486481849104,0.4312486267262949,494,27,479,r2qkbnr/pp2pppp/2n5/2pp4/3P1Bb1/4PN2/PPP2PPP/RN1QKB1R w KQkq -,MODEL_PREDICTION_NOT_EMPIRICAL
ORD-01,B1,1300,maia3-79m,9,f2f4,f4,0.0041140238754451275,0.9883486481849104,0.4312486267262949,506,25,469,r2qkbnr/pp2pppp/2n5/2pp4/3P1Bb1/4PN2/PPP2PPP/RN1QKB1R w KQkq -,MODEL_PREDICTION_NOT_EMPIRICAL
ORD-01,B1,1300,maia3-79m,10,b1c3,Nc3,0.0035150202456861734,0.9883486481849104,0.4312486267262949,513,26,461,r2qkbnr/pp2pppp/2n5/2pp4/3P1Bb1/4PN2/PPP2PPP/RN1QKB1R w KQkq -,MODEL_PREDICTION_NOT_EMPIRICAL
ORD-01,B1,1500,maia3-79m,1,e2e4,e4,0.6482347846031189,0.9890689314343035,0.44840463559511406,505,27,468,r2qkbnr/pp2pppp/2n5/2pp4/3P1Bb1/4PN2/PPP2PPP/RN1QKB1R w KQkq -,MODEL_PREDICTION_NOT_EMPIRICAL
ORD-01,B1,1500,maia3-79m,2,d2d4,d4,0.24543097615242004,0.9890689314343035,0.44840463559511406,515,28,457,r2qkbnr/pp2pppp/2n5/2pp4/3P1Bb1/4PN2/PPP2PPP/RN1QKB1R w KQkq -,MODEL_PREDICTION_NOT_EMPIRICAL
ORD-01,B1,1500,maia3-79m,3,c2c4,c4,0.02303183265030384,0.9890689314343035,0.44840463559511406,511,27,462,r2qkbnr/pp2pppp/2n5/2pp4/3P1Bb1/4PN2/PPP2PPP/RN1QKB1R w KQkq -,MODEL_PREDICTION_NOT_EMPIRICAL
ORD-01,B1,1500,maia3-79m,4,g1f3,Nf3,0.02068304643034935,0.9890689314343035,0.44840463559511406,525,27,448,r2qkbnr/pp2pppp/2n5/2pp4/3P1Bb1/4PN2/PPP2PPP/RN1QKB1R w KQkq -,MODEL_PREDICTION_NOT_EMPIRICAL
ORD-01,B1,1500,maia3-79m,5,e2e3,e3,0.015259450301527977,0.9890689314343035,0.44840463559511406,497,27,476,r2qkbnr/pp2pppp/2n5/2pp4/3P1Bb1/4PN2/PPP2PPP/RN1QKB1R w KQkq -,MODEL_PREDICTION_NOT_EMPIRICAL
ORD-01,B1,1500,maia3-79m,6,g2g3,g3,0.011820637620985508,0.9890689314343035,0.44840463559511406,503,28,469,r2qkbnr/pp2pppp/2n5/2pp4/3P1Bb1/4PN2/PPP2PPP/RN1QKB1R w KQkq -,MODEL_PREDICTION_NOT_EMPIRICAL
ORD-01,B1,1500,maia3-79m,7,b2b3,b3,0.01035252958536148,0.9890689314343035,0.44840463559511406,505,27,468,r2qkbnr/pp2pppp/2n5/2pp4/3P1Bb1/4PN2/PPP2PPP/RN1QKB1R w KQkq -,MODEL_PREDICTION_NOT_EMPIRICAL
ORD-01,B1,1500,maia3-79m,8,f2f4,f4,0.005875293631106615,0.9890689314343035,0.44840463559511406,507,25,468,r2qkbnr/pp2pppp/2n5/2pp4/3P1Bb1/4PN2/PPP2PPP/RN1QKB1R w KQkq -,MODEL_PREDICTION_NOT_EMPIRICAL
ORD-01,B1,1500,maia3-79m,9,d2d3,d3,0.00447371369227767,0.9890689314343035,0.44840463559511406,496,28,476,r2qkbnr/pp2pppp/2n5/2pp4/3P1Bb1/4PN2/PPP2PPP/RN1QKB1R w KQkq -,MODEL_PREDICTION_NOT_EMPIRICAL
ORD-01,B1,1500,maia3-79m,10,b2b4,b4,0.00390666676685214,0.9890689314343035,0.44840463559511406,515,24,461,r2qkbnr/pp2pppp/2n5/2pp4/3P1Bb1/4PN2/PPP2PPP/RN1QKB1R w KQkq -,MODEL_PREDICTION_NOT_EMPIRICAL
ORD-01,B1,1700,maia3-79m,1,e2e4,e4,0.625694990158081,0.9896683357656002,0.47033680283448054,504,29,467,r2qkbnr/pp2pppp/2n5/2pp4/3P1Bb1/4PN2/PPP2PPP/RN1QKB1R w KQkq -,MODEL_PREDICTION_NOT_EMPIRICAL
ORD-01,B1,1700,maia3-79m,2,d2d4,d4,0.257449209690094,0.9896683357656002,0.47033680283448054,515,31,454,r2qkbnr/pp2pppp/2n5/2pp4/3P1Bb1/4PN2/PPP2PPP/RN1QKB1R w KQkq -,MODEL_PREDICTION_NOT_EMPIRICAL
ORD-01,B1,1700,maia3-79m,3,c2c4,c4,0.029208268970251083,0.9896683357656002,0.47033680283448054,513,30,457,r2qkbnr/pp2pppp/2n5/2pp4/3P1Bb1/4PN2/PPP2PPP/RN1QKB1R w KQkq -,MODEL_PREDICTION_NOT_EMPIRICAL
ORD-01,B1,1700,maia3-79m,4,g1f3,Nf3,0.023894039914011955,0.9896683357656002,0.47033680283448054,530,30,440,r2qkbnr/pp2pppp/2n5/2pp4/3P1Bb1/4PN2/PPP2PPP/RN1QKB1R w KQkq -,MODEL_PREDICTION_NOT_EMPIRICAL
ORD-01,B1,1700,maia3-79m,5,e2e3,e3,0.012733161449432373,0.9896683357656002,0.47033680283448054,501,29,470,r2qkbnr/pp2pppp/2n5/2pp4/3P1Bb1/4PN2/PPP2PPP/RN1QKB1R w KQkq -,MODEL_PREDICTION_NOT_EMPIRICAL
ORD-01,B1,1700,maia3-79m,6,g2g3,g3,0.011797066777944565,0.9896683357656002,0.47033680283448054,508,30,462,r2qkbnr/pp2pppp/2n5/2pp4/3P1Bb1/4PN2/PPP2PPP/RN1QKB1R w KQkq -,MODEL_PREDICTION_NOT_EMPIRICAL
ORD-01,B1,1700,maia3-79m,7,b2b3,b3,0.011401703581213951,0.9896683357656002,0.47033680283448054,510,29,461,r2qkbnr/pp2pppp/2n5/2pp4/3P1Bb1/4PN2/PPP2PPP/RN1QKB1R w KQkq -,MODEL_PREDICTION_NOT_EMPIRICAL
ORD-01,B1,1700,maia3-79m,8,f2f4,f4,0.00882899109274149,0.9896683357656002,0.47033680283448054,507,28,465,r2qkbnr/pp2pppp/2n5/2pp4/3P1Bb1/4PN2/PPP2PPP/RN1QKB1R w KQkq -,MODEL_PREDICTION_NOT_EMPIRICAL
ORD-01,B1,1700,maia3-79m,9,b2b4,b4,0.004424287937581539,0.9896683357656002,0.47033680283448054,518,27,455,r2qkbnr/pp2pppp/2n5/2pp4/3P1Bb1/4PN2/PPP2PPP/RN1QKB1R w KQkq -,MODEL_PREDICTION_NOT_EMPIRICAL
ORD-01,B1,1700,maia3-79m,10,d2d3,d3,0.0042366161942481995,0.9896683357656002,0.47033680283448054,500,30,470,r2qkbnr/pp2pppp/2n5/2pp4/3P1Bb1/4PN2/PPP2PPP/RN1QKB1R w KQkq -,MODEL_PREDICTION_NOT_EMPIRICAL
ORD-01,B1,1900,maia3-79m,1,e2e4,e4,0.5982585549354553,0.9897327157668769,0.4932666454104177,503,33,464,r2qkbnr/pp2pppp/2n5/2pp4/3P1Bb1/4PN2/PPP2PPP/RN1QKB1R w KQkq -,MODEL_PREDICTION_NOT_EMPIRICAL
ORD-01,B1,1900,maia3-79m,2,d2d4,d4,0.27083200216293335,0.9897327157668769,0.4932666454104177,513,36,451,r2qkbnr/pp2pppp/2n5/2pp4/3P1Bb1/4PN2/PPP2PPP/RN1QKB1R w KQkq -,MODEL_PREDICTION_NOT_EMPIRICAL
ORD-01,B1,1900,maia3-79m,3,c2c4,c4,0.03720775246620178,0.9897327157668769,0.4932666454104177,512,35,453,r2qkbnr/pp2pppp/2n5/2pp4/3P1Bb1/4PN2/PPP2PPP/RN1QKB1R w KQkq -,MODEL_PREDICTION_NOT_EMPIRICAL
ORD-01,B1,1900,maia3-79m,4,g1f3,Nf3,0.030766692012548447,0.9897327157668769,0.4932666454104177,527,36,437,r2qkbnr/pp2pppp/2n5/2pp4/3P1Bb1/4PN2/PPP2PPP/RN1QKB1R w KQkq -,MODEL_PREDICTION_NOT_EMPIRICAL
ORD-01,B1,1900,maia3-79m,5,f2f4,f4,0.012273138388991356,0.9897327157668769,0.4932666454104177,504,32,464,r2qkbnr/pp2pppp/2n5/2pp4/3P1Bb1/4PN2/PPP2PPP/RN1QKB1R w KQkq -,MODEL_PREDICTION_NOT_EMPIRICAL
ORD-01,B1,1900,maia3-79m,6,b2b3,b3,0.011618333868682384,0.9897327157668769,0.4932666454104177,513,34,453,r2qkbnr/pp2pppp/2n5/2pp4/3P1Bb1/4PN2/PPP2PPP/RN1QKB1R w KQkq -,MODEL_PREDICTION_NOT_EMPIRICAL
ORD-01,B1,1900,maia3-79m,7,g2g3,g3,0.010595535859465599,0.9897327157668769,0.4932666454104177,509,35,456,r2qkbnr/pp2pppp/2n5/2pp4/3P1Bb1/4PN2/PPP2PPP/RN1QKB1R w KQkq -,MODEL_PREDICTION_NOT_EMPIRICAL
ORD-01,B1,1900,maia3-79m,8,e2e3,e3,0.009855199605226517,0.9897327157668769,0.4932666454104177,501,34,465,r2qkbnr/pp2pppp/2n5/2pp4/3P1Bb1/4PN2/PPP2PPP/RN1QKB1R w KQkq -,MODEL_PREDICTION_NOT_EMPIRICAL
ORD-01,B1,1900,maia3-79m,9,b2b4,b4,0.0044146692380309105,0.9897327157668769,0.4932666454104177,517,31,452,r2qkbnr/pp2pppp/2n5/2pp4/3P1Bb1/4PN2/PPP2PPP/RN1QKB1R w KQkq -,MODEL_PREDICTION_NOT_EMPIRICAL
ORD-01,B1,1900,maia3-79m,10,d2d3,d3,0.0039108372293412685,0.9897327157668769,0.4932666454104177,497,35,468,r2qkbnr/pp2pppp/2n5/2pp4/3P1Bb1/4PN2/PPP2PPP/RN1QKB1R w KQkq -,MODEL_PREDICTION_NOT_EMPIRICAL
ORD-01,B1,2100,maia3-79m,1,e2e4,e4,0.5516610741615295,0.9894236333202571,0.5245369929792545,498,41,461,r2qkbnr/pp2pppp/2n5/2pp4/3P1Bb1/4PN2/PPP2PPP/RN1QKB1R w KQkq -,MODEL_PREDICTION_NOT_EMPIRICAL
ORD-01,B1,2100,maia3-79m,2,d2d4,d4,0.29356226325035095,0.9894236333202571,0.5245369929792545,510,44,446,r2qkbnr/pp2pppp/2n5/2pp4/3P1Bb1/4PN2/PPP2PPP/RN1QKB1R w KQkq -,MODEL_PREDICTION_NOT_EMPIRICAL
ORD-01,B1,2100,maia3-79m,3,g1f3,Nf3,0.0481594055891037,0.9894236333202571,0.5245369929792545,516,45,439,r2qkbnr/pp2pppp/2n5/2pp4/3P1Bb1/4PN2/PPP2PPP/RN1QKB1R w KQkq -,MODEL_PREDICTION_NOT_EMPIRICAL
ORD-01,B1,2100,maia3-79m,4,c2c4,c4,0.0476539246737957,0.9894236333202571,0.5245369929792545,507,43,450,r2qkbnr/pp2pppp/2n5/2pp4/3P1Bb1/4PN2/PPP2PPP/RN1QKB1R w KQkq -,MODEL_PREDICTION_NOT_EMPIRICAL
ORD-01,B1,2100,maia3-79m,5,f2f4,f4,0.012484685517847538,0.9894236333202571,0.5245369929792545,497,40,463,r2qkbnr/pp2pppp/2n5/2pp4/3P1Bb1/4PN2/PPP2PPP/RN1QKB1R w KQkq -,MODEL_PREDICTION_NOT_EMPIRICAL
ORD-01,B1,2100,maia3-79m,6,b2b3,b3,0.012168200686573982,0.9894236333202571,0.5245369929792545,507,42,451,r2qkbnr/pp2pppp/2n5/2pp4/3P1Bb1/4PN2/PPP2PPP/RN1QKB1R w KQkq -,MODEL_PREDICTION_NOT_EMPIRICAL
ORD-01,B1,2100,maia3-79m,7,g2g3,g3,0.008714002557098866,0.9894236333202571,0.5245369929792545,505,42,453,r2qkbnr/pp2pppp/2n5/2pp4/3P1Bb1/4PN2/PPP2PPP/RN1QKB1R w KQkq -,MODEL_PREDICTION_NOT_EMPIRICAL
ORD-01,B1,2100,maia3-79m,8,e2e3,e3,0.006894053891301155,0.9894236333202571,0.5245369929792545,497,43,460,r2qkbnr/pp2pppp/2n5/2pp4/3P1Bb1/4PN2/PPP2PPP/RN1QKB1R w KQkq -,MODEL_PREDICTION_NOT_EMPIRICAL
ORD-01,B1,2100,maia3-79m,9,b1c3,Nc3,0.0044635990634560585,0.9894236333202571,0.5245369929792545,521,42,437,r2qkbnr/pp2pppp/2n5/2pp4/3P1Bb1/4PN2/PPP2PPP/RN1QKB1R w KQkq -,MODEL_PREDICTION_NOT_EMPIRICAL
ORD-01,B1,2100,maia3-79m,10,d2d3,d3,0.0036624239291995764,0.9894236333202571,0.5245369929792545,489,44,467,r2qkbnr/pp2pppp/2n5/2pp4/3P1Bb1/4PN2/PPP2PPP/RN1QKB1R w KQkq -,MODEL_PREDICTION_NOT_EMPIRICAL
ORD-02,B1,1100,maia3-79m,1,e2e4,e4,0.6771548986434937,0.9878678212407976,0.42561317674662125,513,26,461,r1b1kb1r/pp2pppp/1qn2n2/2pp4/3P1B2/2P1PN2/PP3PPP/RN1QKB1R w KQkq -,MODEL_PREDICTION_NOT_EMPIRICAL
ORD-02,B1,1100,maia3-79m,2,d2d4,d4,0.22272434830665588,0.9878678212407976,0.42561317674662125,521,27,452,r1b1kb1r/pp2pppp/1qn2n2/2pp4/3P1B2/2P1PN2/PP3PPP/RN1QKB1R w KQkq -,MODEL_PREDICTION_NOT_EMPIRICAL
ORD-02,B1,1100,maia3-79m,3,e2e3,e3,0.020852725952863693,0.9878678212407976,0.42561317674662125,500,27,473,r1b1kb1r/pp2pppp/1qn2n2/2pp4/3P1B2/2P1PN2/PP3PPP/RN1QKB1R w KQkq -,MODEL_PREDICTION_NOT_EMPIRICAL
ORD-02,B1,1100,maia3-79m,4,g1f3,Nf3,0.0199762973934412,0.9878678212407976,0.42561317674662125,517,27,456,r1b1kb1r/pp2pppp/1qn2n2/2pp4/3P1B2/2P1PN2/PP3PPP/RN1QKB1R w KQkq -,MODEL_PREDICTION_NOT_EMPIRICAL
ORD-02,B1,1100,maia3-79m,5,c2c4,c4,0.015163088217377663,0.9878678212407976,0.42561317674662125,513,25,462,r1b1kb1r/pp2pppp/1qn2n2/2pp4/3P1B2/2P1PN2/PP3PPP/RN1QKB1R w KQkq -,MODEL_PREDICTION_NOT_EMPIRICAL
ORD-02,B1,1100,maia3-79m,6,g2g3,g3,0.010951454751193523,0.9878678212407976,0.42561317674662125,497,27,476,r1b1kb1r/pp2pppp/1qn2n2/2pp4/3P1B2/2P1PN2/PP3PPP/RN1QKB1R w KQkq -,MODEL_PREDICTION_NOT_EMPIRICAL
ORD-02,B1,1100,maia3-79m,7,b2b3,b3,0.007491483353078365,0.9878678212407976,0.42561317674662125,494,27,479,r1b1kb1r/pp2pppp/1qn2n2/2pp4/3P1B2/2P1PN2/PP3PPP/RN1QKB1R w KQkq -,MODEL_PREDICTION_NOT_EMPIRICAL
ORD-02,B1,1100,maia3-79m,8,d2d3,d3,0.005036455579102039,0.9878678212407976,0.42561317674662125,493,27,480,r1b1kb1r/pp2pppp/1qn2n2/2pp4/3P1B2/2P1PN2/PP3PPP/RN1QKB1R w KQkq -,MODEL_PREDICTION_NOT_EMPIRICAL
ORD-02,B1,1100,maia3-79m,9,b1c3,Nc3,0.004941529594361782,0.9878678212407976,0.42561317674662125,507,27,466,r1b1kb1r/pp2pppp/1qn2n2/2pp4/3P1B2/2P1PN2/PP3PPP/RN1QKB1R w KQkq -,MODEL_PREDICTION_NOT_EMPIRICAL
ORD-02,B1,1100,maia3-79m,10,f2f4,f4,0.0035755394492298365,0.9878678212407976,0.42561317674662125,500,26,474,r1b1kb1r/pp2pppp/1qn2n2/2pp4/3P1B2/2P1PN2/PP3PPP/RN1QKB1R w KQkq -,MODEL_PREDICTION_NOT_EMPIRICAL
ORD-02,B1,1300,maia3-79m,1,e2e4,e4,0.6652060747146606,0.9883486481849104,0.4312486267262949,508,25,467,r1b1kb1r/pp2pppp/1qn2n2/2pp4/3P1B2/2P1PN2/PP3PPP/RN1QKB1R w KQkq -,MODEL_PREDICTION_NOT_EMPIRICAL
ORD-02,B1,1300,maia3-79m,2,d2d4,d4,0.23515543341636658,0.9883486481849104,0.4312486267262949,519,26,455,r1b1kb1r/pp2pppp/1qn2n2/2pp4/3P1B2/2P1PN2/PP3PPP/RN1QKB1R w KQkq -,MODEL_PREDICTION_NOT_EMPIRICAL
ORD-02,B1,1300,maia3-79m,3,g1f3,Nf3,0.019363317638635635,0.9883486481849104,0.4312486267262949,521,27,452,r1b1kb1r/pp2pppp/1qn2n2/2pp4/3P1B2/2P1PN2/PP3PPP/RN1QKB1R w KQkq -,MODEL_PREDICTION_NOT_EMPIRICAL
ORD-02,B1,1300,maia3-79m,4,c2c4,c4,0.018627913668751717,0.9883486481849104,0.4312486267262949,513,25,462,r1b1kb1r/pp2pppp/1qn2n2/2pp4/3P1B2/2P1PN2/PP3PPP/RN1QKB1R w KQkq -,MODEL_PREDICTION_NOT_EMPIRICAL
ORD-02,B1,1300,maia3-79m,5,e2e3,e3,0.017626332119107246,0.9883486481849104,0.4312486267262949,499,26,475,r1b1kb1r/pp2pppp/1qn2n2/2pp4/3P1B2/2P1PN2/PP3PPP/RN1QKB1R w KQkq -,MODEL_PREDICTION_NOT_EMPIRICAL
ORD-02,B1,1300,maia3-79m,6,g2g3,g3,0.011335160583257675,0.9883486481849104,0.4312486267262949,500,27,473,r1b1kb1r/pp2pppp/1qn2n2/2pp4/3P1B2/2P1PN2/PP3PPP/RN1QKB1R w KQkq -,MODEL_PREDICTION_NOT_EMPIRICAL
ORD-02,B1,1300,maia3-79m,7,b2b3,b3,0.008808943443000317,0.9883486481849104,0.4312486267262949,503,26,471,r1b1kb1r/pp2pppp/1qn2n2/2pp4/3P1B2/2P1PN2/PP3PPP/RN1QKB1R w KQkq -,MODEL_PREDICTION_NOT_EMPIRICAL
ORD-02,B1,1300,maia3-79m,8,d2d3,d3,0.004596428479999304,0.9883486481849104,0.4312486267262949,494,27,479,r1b1kb1r/pp2pppp/1qn2n2/2pp4/3P1B2/2P1PN2/PP3PPP/RN1QKB1R w KQkq -,MODEL_PREDICTION_NOT_EMPIRICAL
ORD-02,B1,1300,maia3-79m,9,f2f4,f4,0.0041140238754451275,0.9883486481849104,0.4312486267262949,506,25,469,r1b1kb1r/pp2pppp/1qn2n2/2pp4/3P1B2/2P1PN2/PP3PPP/RN1QKB1R w KQkq -,MODEL_PREDICTION_NOT_EMPIRICAL
ORD-02,B1,1300,maia3-79m,10,b1c3,Nc3,0.0035150202456861734,0.9883486481849104,0.4312486267262949,513,26,461,r1b1kb1r/pp2pppp/1qn2n2/2pp4/3P1B2/2P1PN2/PP3PPP/RN1QKB1R w KQkq -,MODEL_PREDICTION_NOT_EMPIRICAL
ORD-02,B1,1500,maia3-79m,1,e2e4,e4,0.6482347846031189,0.9890689314343035,0.44840463559511406,505,27,468,r1b1kb1r/pp2pppp/1qn2n2/2pp4/3P1B2/2P1PN2/PP3PPP/RN1QKB1R w KQkq -,MODEL_PREDICTION_NOT_EMPIRICAL
ORD-02,B1,1500,maia3-79m,2,d2d4,d4,0.24543097615242004,0.9890689314343035,0.44840463559511406,515,28,457,r1b1kb1r/pp2pppp/1qn2n2/2pp4/3P1B2/2P1PN2/PP3PPP/RN1QKB1R w KQkq -,MODEL_PREDICTION_NOT_EMPIRICAL
ORD-02,B1,1500,maia3-79m,3,c2c4,c4,0.02303183265030384,0.9890689314343035,0.44840463559511406,511,27,462,r1b1kb1r/pp2pppp/1qn2n2/2pp4/3P1B2/2P1PN2/PP3PPP/RN1QKB1R w KQkq -,MODEL_PREDICTION_NOT_EMPIRICAL
ORD-02,B1,1500,maia3-79m,4,g1f3,Nf3,0.02068304643034935,0.9890689314343035,0.44840463559511406,525,27,448,r1b1kb1r/pp2pppp/1qn2n2/2pp4/3P1B2/2P1PN2/PP3PPP/RN1QKB1R w KQkq -,MODEL_PREDICTION_NOT_EMPIRICAL
ORD-02,B1,1500,maia3-79m,5,e2e3,e3,0.015259450301527977,0.9890689314343035,0.44840463559511406,497,27,476,r1b1kb1r/pp2pppp/1qn2n2/2pp4/3P1B2/2P1PN2/PP3PPP/RN1QKB1R w KQkq -,MODEL_PREDICTION_NOT_EMPIRICAL
ORD-02,B1,1500,maia3-79m,6,g2g3,g3,0.011820637620985508,0.9890689314343035,0.44840463559511406,503,28,469,r1b1kb1r/pp2pppp/1qn2n2/2pp4/3P1B2/2P1PN2/PP3PPP/RN1QKB1R w KQkq -,MODEL_PREDICTION_NOT_EMPIRICAL
ORD-02,B1,1500,maia3-79m,7,b2b3,b3,0.01035252958536148,0.9890689314343035,0.44840463559511406,505,27,468,r1b1kb1r/pp2pppp/1qn2n2/2pp4/3P1B2/2P1PN2/PP3PPP/RN1QKB1R w KQkq -,MODEL_PREDICTION_NOT_EMPIRICAL
ORD-02,B1,1500,maia3-79m,8,f2f4,f4,0.005875293631106615,0.9890689314343035,0.44840463559511406,507,25,468,r1b1kb1r/pp2pppp/1qn2n2/2pp4/3P1B2/2P1PN2/PP3PPP/RN1QKB1R w KQkq -,MODEL_PREDICTION_NOT_EMPIRICAL
ORD-02,B1,1500,maia3-79m,9,d2d3,d3,0.00447371369227767,0.9890689314343035,0.44840463559511406,496,28,476,r1b1kb1r/pp2pppp/1qn2n2/2pp4/3P1B2/2P1PN2/PP3PPP/RN1QKB1R w KQkq -,MODEL_PREDICTION_NOT_EMPIRICAL
ORD-02,B1,1500,maia3-79m,10,b2b4,b4,0.00390666676685214,0.9890689314343035,0.44840463559511406,515,24,461,r1b1kb1r/pp2pppp/1qn2n2/2pp4/3P1B2/2P1PN2/PP3PPP/RN1QKB1R w KQkq -,MODEL_PREDICTION_NOT_EMPIRICAL
ORD-02,B1,1700,maia3-79m,1,e2e4,e4,0.625694990158081,0.9896683357656002,0.47033680283448054,504,29,467,r1b1kb1r/pp2pppp/1qn2n2/2pp4/3P1B2/2P1PN2/PP3PPP/RN1QKB1R w KQkq -,MODEL_PREDICTION_NOT_EMPIRICAL
ORD-02,B1,1700,maia3-79m,2,d2d4,d4,0.257449209690094,0.9896683357656002,0.47033680283448054,515,31,454,r1b1kb1r/pp2pppp/1qn2n2/2pp4/3P1B2/2P1PN2/PP3PPP/RN1QKB1R w KQkq -,MODEL_PREDICTION_NOT_EMPIRICAL
ORD-02,B1,1700,maia3-79m,3,c2c4,c4,0.029208268970251083,0.9896683357656002,0.47033680283448054,513,30,457,r1b1kb1r/pp2pppp/1qn2n2/2pp4/3P1B2/2P1PN2/PP3PPP/RN1QKB1R w KQkq -,MODEL_PREDICTION_NOT_EMPIRICAL
ORD-02,B1,1700,maia3-79m,4,g1f3,Nf3,0.023894039914011955,0.9896683357656002,0.47033680283448054,530,30,440,r1b1kb1r/pp2pppp/1qn2n2/2pp4/3P1B2/2P1PN2/PP3PPP/RN1QKB1R w KQkq -,MODEL_PREDICTION_NOT_EMPIRICAL
ORD-02,B1,1700,maia3-79m,5,e2e3,e3,0.012733161449432373,0.9896683357656002,0.47033680283448054,501,29,470,r1b1kb1r/pp2pppp/1qn2n2/2pp4/3P1B2/2P1PN2/PP3PPP/RN1QKB1R w KQkq -,MODEL_PREDICTION_NOT_EMPIRICAL
ORD-02,B1,1700,maia3-79m,6,g2g3,g3,0.011797066777944565,0.9896683357656002,0.47033680283448054,508,30,462,r1b1kb1r/pp2pppp/1qn2n2/2pp4/3P1B2/2P1PN2/PP3PPP/RN1QKB1R w KQkq -,MODEL_PREDICTION_NOT_EMPIRICAL
ORD-02,B1,1700,maia3-79m,7,b2b3,b3,0.011401703581213951,0.9896683357656002,0.47033680283448054,510,29,461,r1b1kb1r/pp2pppp/1qn2n2/2pp4/3P1B2/2P1PN2/PP3PPP/RN1QKB1R w KQkq -,MODEL_PREDICTION_NOT_EMPIRICAL
ORD-02,B1,1700,maia3-79m,8,f2f4,f4,0.00882899109274149,0.9896683357656002,0.47033680283448054,507,28,465,r1b1kb1r/pp2pppp/1qn2n2/2pp4/3P1B2/2P1PN2/PP3PPP/RN1QKB1R w KQkq -,MODEL_PREDICTION_NOT_EMPIRICAL
ORD-02,B1,1700,maia3-79m,9,b2b4,b4,0.004424287937581539,0.9896683357656002,0.47033680283448054,518,27,455,r1b1kb1r/pp2pppp/1qn2n2/2pp4/3P1B2/2P1PN2/PP3PPP/RN1QKB1R w KQkq -,MODEL_PREDICTION_NOT_EMPIRICAL
ORD-02,B1,1700,maia3-79m,10,d2d3,d3,0.0042366161942481995,0.9896683357656002,0.47033680283448054,500,30,470,r1b1kb1r/pp2pppp/1qn2n2/2pp4/3P1B2/2P1PN2/PP3PPP/RN1QKB1R w KQkq -,MODEL_PREDICTION_NOT_EMPIRICAL
ORD-02,B1,1900,maia3-79m,1,e2e4,e4,0.5982585549354553,0.9897327157668769,0.4932666454104177,503,33,464,r1b1kb1r/pp2pppp/1qn2n2/2pp4/3P1B2/2P1PN2/PP3PPP/RN1QKB1R w KQkq -,MODEL_PREDICTION_NOT_EMPIRICAL
ORD-02,B1,1900,maia3-79m,2,d2d4,d4,0.27083200216293335,0.9897327157668769,0.4932666454104177,513,36,451,r1b1kb1r/pp2pppp/1qn2n2/2pp4/3P1B2/2P1PN2/PP3PPP/RN1QKB1R w KQkq -,MODEL_PREDICTION_NOT_EMPIRICAL
ORD-02,B1,1900,maia3-79m,3,c2c4,c4,0.03720775246620178,0.9897327157668769,0.4932666454104177,512,35,453,r1b1kb1r/pp2pppp/1qn2n2/2pp4/3P1B2/2P1PN2/PP3PPP/RN1QKB1R w KQkq -,MODEL_PREDICTION_NOT_EMPIRICAL
ORD-02,B1,1900,maia3-79m,4,g1f3,Nf3,0.030766692012548447,0.9897327157668769,0.4932666454104177,527,36,437,r1b1kb1r/pp2pppp/1qn2n2/2pp4/3P1B2/2P1PN2/PP3PPP/RN1QKB1R w KQkq -,MODEL_PREDICTION_NOT_EMPIRICAL
ORD-02,B1,1900,maia3-79m,5,f2f4,f4,0.012273138388991356,0.9897327157668769,0.4932666454104177,504,32,464,r1b1kb1r/pp2pppp/1qn2n2/2pp4/3P1B2/2P1PN2/PP3PPP/RN1QKB1R w KQkq -,MODEL_PREDICTION_NOT_EMPIRICAL
ORD-02,B1,1900,maia3-79m,6,b2b3,b3,0.011618333868682384,0.9897327157668769,0.4932666454104177,513,34,453,r1b1kb1r/pp2pppp/1qn2n2/2pp4/3P1B2/2P1PN2/PP3PPP/RN1QKB1R w KQkq -,MODEL_PREDICTION_NOT_EMPIRICAL
ORD-02,B1,1900,maia3-79m,7,g2g3,g3,0.010595535859465599,0.9897327157668769,0.4932666454104177,509,35,456,r1b1kb1r/pp2pppp/1qn2n2/2pp4/3P1B2/2P1PN2/PP3PPP/RN1QKB1R w KQkq -,MODEL_PREDICTION_NOT_EMPIRICAL
ORD-02,B1,1900,maia3-79m,8,e2e3,e3,0.009855199605226517,0.9897327157668769,0.4932666454104177,501,34,465,r1b1kb1r/pp2pppp/1qn2n2/2pp4/3P1B2/2P1PN2/PP3PPP/RN1QKB1R w KQkq -,MODEL_PREDICTION_NOT_EMPIRICAL
ORD-02,B1,1900,maia3-79m,9,b2b4,b4,0.0044146692380309105,0.9897327157668769,0.4932666454104177,517,31,452,r1b1kb1r/pp2pppp/1qn2n2/2pp4/3P1B2/2P1PN2/PP3PPP/RN1QKB1R w KQkq -,MODEL_PREDICTION_NOT_EMPIRICAL
ORD-02,B1,1900,maia3-79m,10,d2d3,d3,0.0039108372293412685,0.9897327157668769,0.4932666454104177,497,35,468,r1b1kb1r/pp2pppp/1qn2n2/2pp4/3P1B2/2P1PN2/PP3PPP/RN1QKB1R w KQkq -,MODEL_PREDICTION_NOT_EMPIRICAL
ORD-02,B1,2100,maia3-79m,1,e2e4,e4,0.5516610741615295,0.9894236333202571,0.5245369929792545,498,41,461,r1b1kb1r/pp2pppp/1qn2n2/2pp4/3P1B2/2P1PN2/PP3PPP/RN1QKB1R w KQkq -,MODEL_PREDICTION_NOT_EMPIRICAL
ORD-02,B1,2100,maia3-79m,2,d2d4,d4,0.29356226325035095,0.9894236333202571,0.5245369929792545,510,44,446,r1b1kb1r/pp2pppp/1qn2n2/2pp4/3P1B2/2P1PN2/PP3PPP/RN1QKB1R w KQkq -,MODEL_PREDICTION_NOT_EMPIRICAL
ORD-02,B1,2100,maia3-79m,3,g1f3,Nf3,0.0481594055891037,0.9894236333202571,0.5245369929792545,516,45,439,r1b1kb1r/pp2pppp/1qn2n2/2pp4/3P1B2/2P1PN2/PP3PPP/RN1QKB1R w KQkq -,MODEL_PREDICTION_NOT_EMPIRICAL
ORD-02,B1,2100,maia3-79m,4,c2c4,c4,0.0476539246737957,0.9894236333202571,0.5245369929792545,507,43,450,r1b1kb1r/pp2pppp/1qn2n2/2pp4/3P1B2/2P1PN2/PP3PPP/RN1QKB1R w KQkq -,MODEL_PREDICTION_NOT_EMPIRICAL
ORD-02,B1,2100,maia3-79m,5,f2f4,f4,0.012484685517847538,0.9894236333202571,0.5245369929792545,497,40,463,r1b1kb1r/pp2pppp/1qn2n2/2pp4/3P1B2/2P1PN2/PP3PPP/RN1QKB1R w KQkq -,MODEL_PREDICTION_NOT_EMPIRICAL
ORD-02,B1,2100,maia3-79m,6,b2b3,b3,0.012168200686573982,0.9894236333202571,0.5245369929792545,507,42,451,r1b1kb1r/pp2pppp/1qn2n2/2pp4/3P1B2/2P1PN2/PP3PPP/RN1QKB1R w KQkq -,MODEL_PREDICTION_NOT_EMPIRICAL
ORD-02,B1,2100,maia3-79m,7,g2g3,g3,0.008714002557098866,0.9894236333202571,0.5245369929792545,505,42,453,r1b1kb1r/pp2pppp/1qn2n2/2pp4/3P1B2/2P1PN2/PP3PPP/RN1QKB1R w KQkq -,MODEL_PREDICTION_NOT_EMPIRICAL
ORD-02,B1,2100,maia3-79m,8,e2e3,e3,0.006894053891301155,0.9894236333202571,0.5245369929792545,497,43,460,r1b1kb1r/pp2pppp/1qn2n2/2pp4/3P1B2/2P1PN2/PP3PPP/RN1QKB1R w KQkq -,MODEL_PREDICTION_NOT_EMPIRICAL
ORD-02,B1,2100,maia3-79m,9,b1c3,Nc3,0.0044635990634560585,0.9894236333202571,0.5245369929792545,521,42,437,r1b1kb1r/pp2pppp/1qn2n2/2pp4/3P1B2/2P1PN2/PP3PPP/RN1QKB1R w KQkq -,MODEL_PREDICTION_NOT_EMPIRICAL
ORD-02,B1,2100,maia3-79m,10,d2d3,d3,0.0036624239291995764,0.9894236333202571,0.5245369929792545,489,44,467,r1b1kb1r/pp2pppp/1qn2n2/2pp4/3P1B2/2P1PN2/PP3PPP/RN1QKB1R w KQkq -,MODEL_PREDICTION_NOT_EMPIRICAL
COL-01,B1,1100,maia3-79m,1,e2e4,e4,0.6771548986434937,0.9878678212407976,0.42561317674662125,513,26,461,rn1qkb1r/ppp2ppp/4pn2/3p1b2/3P4/3BPN2/PPP2PPP/RNBQK2R w KQkq -,MODEL_PREDICTION_NOT_EMPIRICAL
COL-01,B1,1100,maia3-79m,2,d2d4,d4,0.22272434830665588,0.9878678212407976,0.42561317674662125,521,27,452,rn1qkb1r/ppp2ppp/4pn2/3p1b2/3P4/3BPN2/PPP2PPP/RNBQK2R w KQkq -,MODEL_PREDICTION_NOT_EMPIRICAL
COL-01,B1,1100,maia3-79m,3,e2e3,e3,0.020852725952863693,0.9878678212407976,0.42561317674662125,500,27,473,rn1qkb1r/ppp2ppp/4pn2/3p1b2/3P4/3BPN2/PPP2PPP/RNBQK2R w KQkq -,MODEL_PREDICTION_NOT_EMPIRICAL
COL-01,B1,1100,maia3-79m,4,g1f3,Nf3,0.0199762973934412,0.9878678212407976,0.42561317674662125,517,27,456,rn1qkb1r/ppp2ppp/4pn2/3p1b2/3P4/3BPN2/PPP2PPP/RNBQK2R w KQkq -,MODEL_PREDICTION_NOT_EMPIRICAL
COL-01,B1,1100,maia3-79m,5,c2c4,c4,0.015163088217377663,0.9878678212407976,0.42561317674662125,513,25,462,rn1qkb1r/ppp2ppp/4pn2/3p1b2/3P4/3BPN2/PPP2PPP/RNBQK2R w KQkq -,MODEL_PREDICTION_NOT_EMPIRICAL
COL-01,B1,1100,maia3-79m,6,g2g3,g3,0.010951454751193523,0.9878678212407976,0.42561317674662125,497,27,476,rn1qkb1r/ppp2ppp/4pn2/3p1b2/3P4/3BPN2/PPP2PPP/RNBQK2R w KQkq -,MODEL_PREDICTION_NOT_EMPIRICAL
COL-01,B1,1100,maia3-79m,7,b2b3,b3,0.007491483353078365,0.9878678212407976,0.42561317674662125,494,27,479,rn1qkb1r/ppp2ppp/4pn2/3p1b2/3P4/3BPN2/PPP2PPP/RNBQK2R w KQkq -,MODEL_PREDICTION_NOT_EMPIRICAL
COL-01,B1,1100,maia3-79m,8,d2d3,d3,0.005036455579102039,0.9878678212407976,0.42561317674662125,493,27,480,rn1qkb1r/ppp2ppp/4pn2/3p1b2/3P4/3BPN2/PPP2PPP/RNBQK2R w KQkq -,MODEL_PREDICTION_NOT_EMPIRICAL
COL-01,B1,1100,maia3-79m,9,b1c3,Nc3,0.004941529594361782,0.9878678212407976,0.42561317674662125,507,27,466,rn1qkb1r/ppp2ppp/4pn2/3p1b2/3P4/3BPN2/PPP2PPP/RNBQK2R w KQkq -,MODEL_PREDICTION_NOT_EMPIRICAL
COL-01,B1,1100,maia3-79m,10,f2f4,f4,0.0035755394492298365,0.9878678212407976,0.42561317674662125,500,26,474,rn1qkb1r/ppp2ppp/4pn2/3p1b2/3P4/3BPN2/PPP2PPP/RNBQK2R w KQkq -,MODEL_PREDICTION_NOT_EMPIRICAL
COL-01,B1,1300,maia3-79m,1,e2e4,e4,0.6652060747146606,0.9883486481849104,0.4312486267262949,508,25,467,rn1qkb1r/ppp2ppp/4pn2/3p1b2/3P4/3BPN2/PPP2PPP/RNBQK2R w KQkq -,MODEL_PREDICTION_NOT_EMPIRICAL
COL-01,B1,1300,maia3-79m,2,d2d4,d4,0.23515543341636658,0.9883486481849104,0.4312486267262949,519,26,455,rn1qkb1r/ppp2ppp/4pn2/3p1b2/3P4/3BPN2/PPP2PPP/RNBQK2R w KQkq -,MODEL_PREDICTION_NOT_EMPIRICAL
COL-01,B1,1300,maia3-79m,3,g1f3,Nf3,0.019363317638635635,0.9883486481849104,0.4312486267262949,521,27,452,rn1qkb1r/ppp2ppp/4pn2/3p1b2/3P4/3BPN2/PPP2PPP/RNBQK2R w KQkq -,MODEL_PREDICTION_NOT_EMPIRICAL
COL-01,B1,1300,maia3-79m,4,c2c4,c4,0.018627913668751717,0.9883486481849104,0.4312486267262949,513,25,462,rn1qkb1r/ppp2ppp/4pn2/3p1b2/3P4/3BPN2/PPP2PPP/RNBQK2R w KQkq -,MODEL_PREDICTION_NOT_EMPIRICAL
COL-01,B1,1300,maia3-79m,5,e2e3,e3,0.017626332119107246,0.9883486481849104,0.4312486267262949,499,26,475,rn1qkb1r/ppp2ppp/4pn2/3p1b2/3P4/3BPN2/PPP2PPP/RNBQK2R w KQkq -,MODEL_PREDICTION_NOT_EMPIRICAL
COL-01,B1,1300,maia3-79m,6,g2g3,g3,0.011335160583257675,0.9883486481849104,0.4312486267262949,500,27,473,rn1qkb1r/ppp2ppp/4pn2/3p1b2/3P4/3BPN2/PPP2PPP/RNBQK2R w KQkq -,MODEL_PREDICTION_NOT_EMPIRICAL
COL-01,B1,1300,maia3-79m,7,b2b3,b3,0.008808943443000317,0.9883486481849104,0.4312486267262949,503,26,471,rn1qkb1r/ppp2ppp/4pn2/3p1b2/3P4/3BPN2/PPP2PPP/RNBQK2R w KQkq -,MODEL_PREDICTION_NOT_EMPIRICAL
COL-01,B1,1300,maia3-79m,8,d2d3,d3,0.004596428479999304,0.9883486481849104,0.4312486267262949,494,27,479,rn1qkb1r/ppp2ppp/4pn2/3p1b2/3P4/3BPN2/PPP2PPP/RNBQK2R w KQkq -,MODEL_PREDICTION_NOT_EMPIRICAL
COL-01,B1,1300,maia3-79m,9,f2f4,f4,0.0041140238754451275,0.9883486481849104,0.4312486267262949,506,25,469,rn1qkb1r/ppp2ppp/4pn2/3p1b2/3P4/3BPN2/PPP2PPP/RNBQK2R w KQkq -,MODEL_PREDICTION_NOT_EMPIRICAL
COL-01,B1,1300,maia3-79m,10,b1c3,Nc3,0.0035150202456861734,0.9883486481849104,0.4312486267262949,513,26,461,rn1qkb1r/ppp2ppp/4pn2/3p1b2/3P4/3BPN2/PPP2PPP/RNBQK2R w KQkq -,MODEL_PREDICTION_NOT_EMPIRICAL
COL-01,B1,1500,maia3-79m,1,e2e4,e4,0.6482347846031189,0.9890689314343035,0.44840463559511406,505,27,468,rn1qkb1r/ppp2ppp/4pn2/3p1b2/3P4/3BPN2/PPP2PPP/RNBQK2R w KQkq -,MODEL_PREDICTION_NOT_EMPIRICAL
COL-01,B1,1500,maia3-79m,2,d2d4,d4,0.24543097615242004,0.9890689314343035,0.44840463559511406,515,28,457,rn1qkb1r/ppp2ppp/4pn2/3p1b2/3P4/3BPN2/PPP2PPP/RNBQK2R w KQkq -,MODEL_PREDICTION_NOT_EMPIRICAL
COL-01,B1,1500,maia3-79m,3,c2c4,c4,0.02303183265030384,0.9890689314343035,0.44840463559511406,511,27,462,rn1qkb1r/ppp2ppp/4pn2/3p1b2/3P4/3BPN2/PPP2PPP/RNBQK2R w KQkq -,MODEL_PREDICTION_NOT_EMPIRICAL
COL-01,B1,1500,maia3-79m,4,g1f3,Nf3,0.02068304643034935,0.9890689314343035,0.44840463559511406,525,27,448,rn1qkb1r/ppp2ppp/4pn2/3p1b2/3P4/3BPN2/PPP2PPP/RNBQK2R w KQkq -,MODEL_PREDICTION_NOT_EMPIRICAL
COL-01,B1,1500,maia3-79m,5,e2e3,e3,0.015259450301527977,0.9890689314343035,0.44840463559511406,497,27,476,rn1qkb1r/ppp2ppp/4pn2/3p1b2/3P4/3BPN2/PPP2PPP/RNBQK2R w KQkq -,MODEL_PREDICTION_NOT_EMPIRICAL
COL-01,B1,1500,maia3-79m,6,g2g3,g3,0.011820637620985508,0.9890689314343035,0.44840463559511406,503,28,469,rn1qkb1r/ppp2ppp/4pn2/3p1b2/3P4/3BPN2/PPP2PPP/RNBQK2R w KQkq -,MODEL_PREDICTION_NOT_EMPIRICAL
COL-01,B1,1500,maia3-79m,7,b2b3,b3,0.01035252958536148,0.9890689314343035,0.44840463559511406,505,27,468,rn1qkb1r/ppp2ppp/4pn2/3p1b2/3P4/3BPN2/PPP2PPP/RNBQK2R w KQkq -,MODEL_PREDICTION_NOT_EMPIRICAL
COL-01,B1,1500,maia3-79m,8,f2f4,f4,0.005875293631106615,0.9890689314343035,0.44840463559511406,507,25,468,rn1qkb1r/ppp2ppp/4pn2/3p1b2/3P4/3BPN2/PPP2PPP/RNBQK2R w KQkq -,MODEL_PREDICTION_NOT_EMPIRICAL
COL-01,B1,1500,maia3-79m,9,d2d3,d3,0.00447371369227767,0.9890689314343035,0.44840463559511406,496,28,476,rn1qkb1r/ppp2ppp/4pn2/3p1b2/3P4/3BPN2/PPP2PPP/RNBQK2R w KQkq -,MODEL_PREDICTION_NOT_EMPIRICAL
COL-01,B1,1500,maia3-79m,10,b2b4,b4,0.00390666676685214,0.9890689314343035,0.44840463559511406,515,24,461,rn1qkb1r/ppp2ppp/4pn2/3p1b2/3P4/3BPN2/PPP2PPP/RNBQK2R w KQkq -,MODEL_PREDICTION_NOT_EMPIRICAL
COL-01,B1,1700,maia3-79m,1,e2e4,e4,0.625694990158081,0.9896683357656002,0.47033680283448054,504,29,467,rn1qkb1r/ppp2ppp/4pn2/3p1b2/3P4/3BPN2/PPP2PPP/RNBQK2R w KQkq -,MODEL_PREDICTION_NOT_EMPIRICAL
COL-01,B1,1700,maia3-79m,2,d2d4,d4,0.257449209690094,0.9896683357656002,0.47033680283448054,515,31,454,rn1qkb1r/ppp2ppp/4pn2/3p1b2/3P4/3BPN2/PPP2PPP/RNBQK2R w KQkq -,MODEL_PREDICTION_NOT_EMPIRICAL
COL-01,B1,1700,maia3-79m,3,c2c4,c4,0.029208268970251083,0.9896683357656002,0.47033680283448054,513,30,457,rn1qkb1r/ppp2ppp/4pn2/3p1b2/3P4/3BPN2/PPP2PPP/RNBQK2R w KQkq -,MODEL_PREDICTION_NOT_EMPIRICAL
COL-01,B1,1700,maia3-79m,4,g1f3,Nf3,0.023894039914011955,0.9896683357656002,0.47033680283448054,530,30,440,rn1qkb1r/ppp2ppp/4pn2/3p1b2/3P4/3BPN2/PPP2PPP/RNBQK2R w KQkq -,MODEL_PREDICTION_NOT_EMPIRICAL
COL-01,B1,1700,maia3-79m,5,e2e3,e3,0.012733161449432373,0.9896683357656002,0.47033680283448054,501,29,470,rn1qkb1r/ppp2ppp/4pn2/3p1b2/3P4/3BPN2/PPP2PPP/RNBQK2R w KQkq -,MODEL_PREDICTION_NOT_EMPIRICAL
COL-01,B1,1700,maia3-79m,6,g2g3,g3,0.011797066777944565,0.9896683357656002,0.47033680283448054,508,30,462,rn1qkb1r/ppp2ppp/4pn2/3p1b2/3P4/3BPN2/PPP2PPP/RNBQK2R w KQkq -,MODEL_PREDICTION_NOT_EMPIRICAL
COL-01,B1,1700,maia3-79m,7,b2b3,b3,0.011401703581213951,0.9896683357656002,0.47033680283448054,510,29,461,rn1qkb1r/ppp2ppp/4pn2/3p1b2/3P4/3BPN2/PPP2PPP/RNBQK2R w KQkq -,MODEL_PREDICTION_NOT_EMPIRICAL
COL-01,B1,1700,maia3-79m,8,f2f4,f4,0.00882899109274149,0.9896683357656002,0.47033680283448054,507,28,465,rn1qkb1r/ppp2ppp/4pn2/3p1b2/3P4/3BPN2/PPP2PPP/RNBQK2R w KQkq -,MODEL_PREDICTION_NOT_EMPIRICAL
COL-01,B1,1700,maia3-79m,9,b2b4,b4,0.004424287937581539,0.9896683357656002,0.47033680283448054,518,27,455,rn1qkb1r/ppp2ppp/4pn2/3p1b2/3P4/3BPN2/PPP2PPP/RNBQK2R w KQkq -,MODEL_PREDICTION_NOT_EMPIRICAL
COL-01,B1,1700,maia3-79m,10,d2d3,d3,0.0042366161942481995,0.9896683357656002,0.47033680283448054,500,30,470,rn1qkb1r/ppp2ppp/4pn2/3p1b2/3P4/3BPN2/PPP2PPP/RNBQK2R w KQkq -,MODEL_PREDICTION_NOT_EMPIRICAL
COL-01,B1,1900,maia3-79m,1,e2e4,e4,0.5982585549354553,0.9897327157668769,0.4932666454104177,503,33,464,rn1qkb1r/ppp2ppp/4pn2/3p1b2/3P4/3BPN2/PPP2PPP/RNBQK2R w KQkq -,MODEL_PREDICTION_NOT_EMPIRICAL
COL-01,B1,1900,maia3-79m,2,d2d4,d4,0.27083200216293335,0.9897327157668769,0.4932666454104177,513,36,451,rn1qkb1r/ppp2ppp/4pn2/3p1b2/3P4/3BPN2/PPP2PPP/RNBQK2R w KQkq -,MODEL_PREDICTION_NOT_EMPIRICAL
COL-01,B1,1900,maia3-79m,3,c2c4,c4,0.03720775246620178,0.9897327157668769,0.4932666454104177,512,35,453,rn1qkb1r/ppp2ppp/4pn2/3p1b2/3P4/3BPN2/PPP2PPP/RNBQK2R w KQkq -,MODEL_PREDICTION_NOT_EMPIRICAL
COL-01,B1,1900,maia3-79m,4,g1f3,Nf3,0.030766692012548447,0.9897327157668769,0.4932666454104177,527,36,437,rn1qkb1r/ppp2ppp/4pn2/3p1b2/3P4/3BPN2/PPP2PPP/RNBQK2R w KQkq -,MODEL_PREDICTION_NOT_EMPIRICAL
COL-01,B1,1900,maia3-79m,5,f2f4,f4,0.012273138388991356,0.9897327157668769,0.4932666454104177,504,32,464,rn1qkb1r/ppp2ppp/4pn2/3p1b2/3P4/3BPN2/PPP2PPP/RNBQK2R w KQkq -,MODEL_PREDICTION_NOT_EMPIRICAL
COL-01,B1,1900,maia3-79m,6,b2b3,b3,0.011618333868682384,0.9897327157668769,0.4932666454104177,513,34,453,rn1qkb1r/ppp2ppp/4pn2/3p1b2/3P4/3BPN2/PPP2PPP/RNBQK2R w KQkq -,MODEL_PREDICTION_NOT_EMPIRICAL
COL-01,B1,1900,maia3-79m,7,g2g3,g3,0.010595535859465599,0.9897327157668769,0.4932666454104177,509,35,456,rn1qkb1r/ppp2ppp/4pn2/3p1b2/3P4/3BPN2/PPP2PPP/RNBQK2R w KQkq -,MODEL_PREDICTION_NOT_EMPIRICAL
COL-01,B1,1900,maia3-79m,8,e2e3,e3,0.009855199605226517,0.9897327157668769,0.4932666454104177,501,34,465,rn1qkb1r/ppp2ppp/4pn2/3p1b2/3P4/3BPN2/PPP2PPP/RNBQK2R w KQkq -,MODEL_PREDICTION_NOT_EMPIRICAL
COL-01,B1,1900,maia3-79m,9,b2b4,b4,0.0044146692380309105,0.9897327157668769,0.4932666454104177,517,31,452,rn1qkb1r/ppp2ppp/4pn2/3p1b2/3P4/3BPN2/PPP2PPP/RNBQK2R w KQkq -,MODEL_PREDICTION_NOT_EMPIRICAL
COL-01,B1,1900,maia3-79m,10,d2d3,d3,0.0039108372293412685,0.9897327157668769,0.4932666454104177,497,35,468,rn1qkb1r/ppp2ppp/4pn2/3p1b2/3P4/3BPN2/PPP2PPP/RNBQK2R w KQkq -,MODEL_PREDICTION_NOT_EMPIRICAL
COL-01,B1,2100,maia3-79m,1,e2e4,e4,0.5516610741615295,0.9894236333202571,0.5245369929792545,498,41,461,rn1qkb1r/ppp2ppp/4pn2/3p1b2/3P4/3BPN2/PPP2PPP/RNBQK2R w KQkq -,MODEL_PREDICTION_NOT_EMPIRICAL
COL-01,B1,2100,maia3-79m,2,d2d4,d4,0.29356226325035095,0.9894236333202571,0.5245369929792545,510,44,446,rn1qkb1r/ppp2ppp/4pn2/3p1b2/3P4/3BPN2/PPP2PPP/RNBQK2R w KQkq -,MODEL_PREDICTION_NOT_EMPIRICAL
COL-01,B1,2100,maia3-79m,3,g1f3,Nf3,0.0481594055891037,0.9894236333202571,0.5245369929792545,516,45,439,rn1qkb1r/ppp2ppp/4pn2/3p1b2/3P4/3BPN2/PPP2PPP/RNBQK2R w KQkq -,MODEL_PREDICTION_NOT_EMPIRICAL
COL-01,B1,2100,maia3-79m,4,c2c4,c4,0.0476539246737957,0.9894236333202571,0.5245369929792545,507,43,450,rn1qkb1r/ppp2ppp/4pn2/3p1b2/3P4/3BPN2/PPP2PPP/RNBQK2R w KQkq -,MODEL_PREDICTION_NOT_EMPIRICAL
COL-01,B1,2100,maia3-79m,5,f2f4,f4,0.012484685517847538,0.9894236333202571,0.5245369929792545,497,40,463,rn1qkb1r/ppp2ppp/4pn2/3p1b2/3P4/3BPN2/PPP2PPP/RNBQK2R w KQkq -,MODEL_PREDICTION_NOT_EMPIRICAL
COL-01,B1,2100,maia3-79m,6,b2b3,b3,0.012168200686573982,0.9894236333202571,0.5245369929792545,507,42,451,rn1qkb1r/ppp2ppp/4pn2/3p1b2/3P4/3BPN2/PPP2PPP/RNBQK2R w KQkq -,MODEL_PREDICTION_NOT_EMPIRICAL
COL-01,B1,2100,maia3-79m,7,g2g3,g3,0.008714002557098866,0.9894236333202571,0.5245369929792545,505,42,453,rn1qkb1r/ppp2ppp/4pn2/3p1b2/3P4/3BPN2/PPP2PPP/RNBQK2R w KQkq -,MODEL_PREDICTION_NOT_EMPIRICAL
COL-01,B1,2100,maia3-79m,8,e2e3,e3,0.006894053891301155,0.9894236333202571,0.5245369929792545,497,43,460,rn1qkb1r/ppp2ppp/4pn2/3p1b2/3P4/3BPN2/PPP2PPP/RNBQK2R w KQkq -,MODEL_PREDICTION_NOT_EMPIRICAL
COL-01,B1,2100,maia3-79m,9,b1c3,Nc3,0.0044635990634560585,0.9894236333202571,0.5245369929792545,521,42,437,rn1qkb1r/ppp2ppp/4pn2/3p1b2/3P4/3BPN2/PPP2PPP/RNBQK2R w KQkq -,MODEL_PREDICTION_NOT_EMPIRICAL
COL-01,B1,2100,maia3-79m,10,d2d3,d3,0.0036624239291995764,0.9894236333202571,0.5245369929792545,489,44,467,rn1qkb1r/ppp2ppp/4pn2/3p1b2/3P4/3BPN2/PPP2PPP/RNBQK2R w KQkq -,MODEL_PREDICTION_NOT_EMPIRICAL
COL-10,B1,1100,maia3-79m,1,e2e4,e4,0.6771548986434937,0.9878678212407976,0.42561317674662125,513,26,461,r1bqkb1r/pp3ppp/2n1pn2/2pp4/3P4/1P2PN2/PBP2PPP/RN1QKB1R w KQkq -,MODEL_PREDICTION_NOT_EMPIRICAL
COL-10,B1,1100,maia3-79m,2,d2d4,d4,0.22272434830665588,0.9878678212407976,0.42561317674662125,521,27,452,r1bqkb1r/pp3ppp/2n1pn2/2pp4/3P4/1P2PN2/PBP2PPP/RN1QKB1R w KQkq -,MODEL_PREDICTION_NOT_EMPIRICAL
COL-10,B1,1100,maia3-79m,3,e2e3,e3,0.020852725952863693,0.9878678212407976,0.42561317674662125,500,27,473,r1bqkb1r/pp3ppp/2n1pn2/2pp4/3P4/1P2PN2/PBP2PPP/RN1QKB1R w KQkq -,MODEL_PREDICTION_NOT_EMPIRICAL
COL-10,B1,1100,maia3-79m,4,g1f3,Nf3,0.0199762973934412,0.9878678212407976,0.42561317674662125,517,27,456,r1bqkb1r/pp3ppp/2n1pn2/2pp4/3P4/1P2PN2/PBP2PPP/RN1QKB1R w KQkq -,MODEL_PREDICTION_NOT_EMPIRICAL
COL-10,B1,1100,maia3-79m,5,c2c4,c4,0.015163088217377663,0.9878678212407976,0.42561317674662125,513,25,462,r1bqkb1r/pp3ppp/2n1pn2/2pp4/3P4/1P2PN2/PBP2PPP/RN1QKB1R w KQkq -,MODEL_PREDICTION_NOT_EMPIRICAL
COL-10,B1,1100,maia3-79m,6,g2g3,g3,0.010951454751193523,0.9878678212407976,0.42561317674662125,497,27,476,r1bqkb1r/pp3ppp/2n1pn2/2pp4/3P4/1P2PN2/PBP2PPP/RN1QKB1R w KQkq -,MODEL_PREDICTION_NOT_EMPIRICAL
COL-10,B1,1100,maia3-79m,7,b2b3,b3,0.007491483353078365,0.9878678212407976,0.42561317674662125,494,27,479,r1bqkb1r/pp3ppp/2n1pn2/2pp4/3P4/1P2PN2/PBP2PPP/RN1QKB1R w KQkq -,MODEL_PREDICTION_NOT_EMPIRICAL
COL-10,B1,1100,maia3-79m,8,d2d3,d3,0.005036455579102039,0.9878678212407976,0.42561317674662125,493,27,480,r1bqkb1r/pp3ppp/2n1pn2/2pp4/3P4/1P2PN2/PBP2PPP/RN1QKB1R w KQkq -,MODEL_PREDICTION_NOT_EMPIRICAL
COL-10,B1,1100,maia3-79m,9,b1c3,Nc3,0.004941529594361782,0.9878678212407976,0.42561317674662125,507,27,466,r1bqkb1r/pp3ppp/2n1pn2/2pp4/3P4/1P2PN2/PBP2PPP/RN1QKB1R w KQkq -,MODEL_PREDICTION_NOT_EMPIRICAL
COL-10,B1,1100,maia3-79m,10,f2f4,f4,0.0035755394492298365,0.9878678212407976,0.42561317674662125,500,26,474,r1bqkb1r/pp3ppp/2n1pn2/2pp4/3P4/1P2PN2/PBP2PPP/RN1QKB1R w KQkq -,MODEL_PREDICTION_NOT_EMPIRICAL
COL-10,B1,1300,maia3-79m,1,e2e4,e4,0.6652060747146606,0.9883486481849104,0.4312486267262949,508,25,467,r1bqkb1r/pp3ppp/2n1pn2/2pp4/3P4/1P2PN2/PBP2PPP/RN1QKB1R w KQkq -,MODEL_PREDICTION_NOT_EMPIRICAL
COL-10,B1,1300,maia3-79m,2,d2d4,d4,0.23515543341636658,0.9883486481849104,0.4312486267262949,519,26,455,r1bqkb1r/pp3ppp/2n1pn2/2pp4/3P4/1P2PN2/PBP2PPP/RN1QKB1R w KQkq -,MODEL_PREDICTION_NOT_EMPIRICAL
COL-10,B1,1300,maia3-79m,3,g1f3,Nf3,0.019363317638635635,0.9883486481849104,0.4312486267262949,521,27,452,r1bqkb1r/pp3ppp/2n1pn2/2pp4/3P4/1P2PN2/PBP2PPP/RN1QKB1R w KQkq -,MODEL_PREDICTION_NOT_EMPIRICAL
COL-10,B1,1300,maia3-79m,4,c2c4,c4,0.018627913668751717,0.9883486481849104,0.4312486267262949,513,25,462,r1bqkb1r/pp3ppp/2n1pn2/2pp4/3P4/1P2PN2/PBP2PPP/RN1QKB1R w KQkq -,MODEL_PREDICTION_NOT_EMPIRICAL
COL-10,B1,1300,maia3-79m,5,e2e3,e3,0.017626332119107246,0.9883486481849104,0.4312486267262949,499,26,475,r1bqkb1r/pp3ppp/2n1pn2/2pp4/3P4/1P2PN2/PBP2PPP/RN1QKB1R w KQkq -,MODEL_PREDICTION_NOT_EMPIRICAL
COL-10,B1,1300,maia3-79m,6,g2g3,g3,0.011335160583257675,0.9883486481849104,0.4312486267262949,500,27,473,r1bqkb1r/pp3ppp/2n1pn2/2pp4/3P4/1P2PN2/PBP2PPP/RN1QKB1R w KQkq -,MODEL_PREDICTION_NOT_EMPIRICAL
COL-10,B1,1300,maia3-79m,7,b2b3,b3,0.008808943443000317,0.9883486481849104,0.4312486267262949,503,26,471,r1bqkb1r/pp3ppp/2n1pn2/2pp4/3P4/1P2PN2/PBP2PPP/RN1QKB1R w KQkq -,MODEL_PREDICTION_NOT_EMPIRICAL
COL-10,B1,1300,maia3-79m,8,d2d3,d3,0.004596428479999304,0.9883486481849104,0.4312486267262949,494,27,479,r1bqkb1r/pp3ppp/2n1pn2/2pp4/3P4/1P2PN2/PBP2PPP/RN1QKB1R w KQkq -,MODEL_PREDICTION_NOT_EMPIRICAL
COL-10,B1,1300,maia3-79m,9,f2f4,f4,0.0041140238754451275,0.9883486481849104,0.4312486267262949,506,25,469,r1bqkb1r/pp3ppp/2n1pn2/2pp4/3P4/1P2PN2/PBP2PPP/RN1QKB1R w KQkq -,MODEL_PREDICTION_NOT_EMPIRICAL
COL-10,B1,1300,maia3-79m,10,b1c3,Nc3,0.0035150202456861734,0.9883486481849104,0.4312486267262949,513,26,461,r1bqkb1r/pp3ppp/2n1pn2/2pp4/3P4/1P2PN2/PBP2PPP/RN1QKB1R w KQkq -,MODEL_PREDICTION_NOT_EMPIRICAL
COL-10,B1,1500,maia3-79m,1,e2e4,e4,0.6482347846031189,0.9890689314343035,0.44840463559511406,505,27,468,r1bqkb1r/pp3ppp/2n1pn2/2pp4/3P4/1P2PN2/PBP2PPP/RN1QKB1R w KQkq -,MODEL_PREDICTION_NOT_EMPIRICAL
COL-10,B1,1500,maia3-79m,2,d2d4,d4,0.24543097615242004,0.9890689314343035,0.44840463559511406,515,28,457,r1bqkb1r/pp3ppp/2n1pn2/2pp4/3P4/1P2PN2/PBP2PPP/RN1QKB1R w KQkq -,MODEL_PREDICTION_NOT_EMPIRICAL
COL-10,B1,1500,maia3-79m,3,c2c4,c4,0.02303183265030384,0.9890689314343035,0.44840463559511406,511,27,462,r1bqkb1r/pp3ppp/2n1pn2/2pp4/3P4/1P2PN2/PBP2PPP/RN1QKB1R w KQkq -,MODEL_PREDICTION_NOT_EMPIRICAL
COL-10,B1,1500,maia3-79m,4,g1f3,Nf3,0.02068304643034935,0.9890689314343035,0.44840463559511406,525,27,448,r1bqkb1r/pp3ppp/2n1pn2/2pp4/3P4/1P2PN2/PBP2PPP/RN1QKB1R w KQkq -,MODEL_PREDICTION_NOT_EMPIRICAL
COL-10,B1,1500,maia3-79m,5,e2e3,e3,0.015259450301527977,0.9890689314343035,0.44840463559511406,497,27,476,r1bqkb1r/pp3ppp/2n1pn2/2pp4/3P4/1P2PN2/PBP2PPP/RN1QKB1R w KQkq -,MODEL_PREDICTION_NOT_EMPIRICAL
COL-10,B1,1500,maia3-79m,6,g2g3,g3,0.011820637620985508,0.9890689314343035,0.44840463559511406,503,28,469,r1bqkb1r/pp3ppp/2n1pn2/2pp4/3P4/1P2PN2/PBP2PPP/RN1QKB1R w KQkq -,MODEL_PREDICTION_NOT_EMPIRICAL
COL-10,B1,1500,maia3-79m,7,b2b3,b3,0.01035252958536148,0.9890689314343035,0.44840463559511406,505,27,468,r1bqkb1r/pp3ppp/2n1pn2/2pp4/3P4/1P2PN2/PBP2PPP/RN1QKB1R w KQkq -,MODEL_PREDICTION_NOT_EMPIRICAL
COL-10,B1,1500,maia3-79m,8,f2f4,f4,0.005875293631106615,0.9890689314343035,0.44840463559511406,507,25,468,r1bqkb1r/pp3ppp/2n1pn2/2pp4/3P4/1P2PN2/PBP2PPP/RN1QKB1R w KQkq -,MODEL_PREDICTION_NOT_EMPIRICAL
COL-10,B1,1500,maia3-79m,9,d2d3,d3,0.00447371369227767,0.9890689314343035,0.44840463559511406,496,28,476,r1bqkb1r/pp3ppp/2n1pn2/2pp4/3P4/1P2PN2/PBP2PPP/RN1QKB1R w KQkq -,MODEL_PREDICTION_NOT_EMPIRICAL
COL-10,B1,1500,maia3-79m,10,b2b4,b4,0.00390666676685214,0.9890689314343035,0.44840463559511406,515,24,461,r1bqkb1r/pp3ppp/2n1pn2/2pp4/3P4/1P2PN2/PBP2PPP/RN1QKB1R w KQkq -,MODEL_PREDICTION_NOT_EMPIRICAL
COL-10,B1,1700,maia3-79m,1,e2e4,e4,0.625694990158081,0.9896683357656002,0.47033680283448054,504,29,467,r1bqkb1r/pp3ppp/2n1pn2/2pp4/3P4/1P2PN2/PBP2PPP/RN1QKB1R w KQkq -,MODEL_PREDICTION_NOT_EMPIRICAL
COL-10,B1,1700,maia3-79m,2,d2d4,d4,0.257449209690094,0.9896683357656002,0.47033680283448054,515,31,454,r1bqkb1r/pp3ppp/2n1pn2/2pp4/3P4/1P2PN2/PBP2PPP/RN1QKB1R w KQkq -,MODEL_PREDICTION_NOT_EMPIRICAL
COL-10,B1,1700,maia3-79m,3,c2c4,c4,0.029208268970251083,0.9896683357656002,0.47033680283448054,513,30,457,r1bqkb1r/pp3ppp/2n1pn2/2pp4/3P4/1P2PN2/PBP2PPP/RN1QKB1R w KQkq -,MODEL_PREDICTION_NOT_EMPIRICAL
COL-10,B1,1700,maia3-79m,4,g1f3,Nf3,0.023894039914011955,0.9896683357656002,0.47033680283448054,530,30,440,r1bqkb1r/pp3ppp/2n1pn2/2pp4/3P4/1P2PN2/PBP2PPP/RN1QKB1R w KQkq -,MODEL_PREDICTION_NOT_EMPIRICAL
COL-10,B1,1700,maia3-79m,5,e2e3,e3,0.012733161449432373,0.9896683357656002,0.47033680283448054,501,29,470,r1bqkb1r/pp3ppp/2n1pn2/2pp4/3P4/1P2PN2/PBP2PPP/RN1QKB1R w KQkq -,MODEL_PREDICTION_NOT_EMPIRICAL
COL-10,B1,1700,maia3-79m,6,g2g3,g3,0.011797066777944565,0.9896683357656002,0.47033680283448054,508,30,462,r1bqkb1r/pp3ppp/2n1pn2/2pp4/3P4/1P2PN2/PBP2PPP/RN1QKB1R w KQkq -,MODEL_PREDICTION_NOT_EMPIRICAL
COL-10,B1,1700,maia3-79m,7,b2b3,b3,0.011401703581213951,0.9896683357656002,0.47033680283448054,510,29,461,r1bqkb1r/pp3ppp/2n1pn2/2pp4/3P4/1P2PN2/PBP2PPP/RN1QKB1R w KQkq -,MODEL_PREDICTION_NOT_EMPIRICAL
COL-10,B1,1700,maia3-79m,8,f2f4,f4,0.00882899109274149,0.9896683357656002,0.47033680283448054,507,28,465,r1bqkb1r/pp3ppp/2n1pn2/2pp4/3P4/1P2PN2/PBP2PPP/RN1QKB1R w KQkq -,MODEL_PREDICTION_NOT_EMPIRICAL
COL-10,B1,1700,maia3-79m,9,b2b4,b4,0.004424287937581539,0.9896683357656002,0.47033680283448054,518,27,455,r1bqkb1r/pp3ppp/2n1pn2/2pp4/3P4/1P2PN2/PBP2PPP/RN1QKB1R w KQkq -,MODEL_PREDICTION_NOT_EMPIRICAL
COL-10,B1,1700,maia3-79m,10,d2d3,d3,0.0042366161942481995,0.9896683357656002,0.47033680283448054,500,30,470,r1bqkb1r/pp3ppp/2n1pn2/2pp4/3P4/1P2PN2/PBP2PPP/RN1QKB1R w KQkq -,MODEL_PREDICTION_NOT_EMPIRICAL
COL-10,B1,1900,maia3-79m,1,e2e4,e4,0.5982585549354553,0.9897327157668769,0.4932666454104177,503,33,464,r1bqkb1r/pp3ppp/2n1pn2/2pp4/3P4/1P2PN2/PBP2PPP/RN1QKB1R w KQkq -,MODEL_PREDICTION_NOT_EMPIRICAL
COL-10,B1,1900,maia3-79m,2,d2d4,d4,0.27083200216293335,0.9897327157668769,0.4932666454104177,513,36,451,r1bqkb1r/pp3ppp/2n1pn2/2pp4/3P4/1P2PN2/PBP2PPP/RN1QKB1R w KQkq -,MODEL_PREDICTION_NOT_EMPIRICAL
COL-10,B1,1900,maia3-79m,3,c2c4,c4,0.03720775246620178,0.9897327157668769,0.4932666454104177,512,35,453,r1bqkb1r/pp3ppp/2n1pn2/2pp4/3P4/1P2PN2/PBP2PPP/RN1QKB1R w KQkq -,MODEL_PREDICTION_NOT_EMPIRICAL
COL-10,B1,1900,maia3-79m,4,g1f3,Nf3,0.030766692012548447,0.9897327157668769,0.4932666454104177,527,36,437,r1bqkb1r/pp3ppp/2n1pn2/2pp4/3P4/1P2PN2/PBP2PPP/RN1QKB1R w KQkq -,MODEL_PREDICTION_NOT_EMPIRICAL
COL-10,B1,1900,maia3-79m,5,f2f4,f4,0.012273138388991356,0.9897327157668769,0.4932666454104177,504,32,464,r1bqkb1r/pp3ppp/2n1pn2/2pp4/3P4/1P2PN2/PBP2PPP/RN1QKB1R w KQkq -,MODEL_PREDICTION_NOT_EMPIRICAL
COL-10,B1,1900,maia3-79m,6,b2b3,b3,0.011618333868682384,0.9897327157668769,0.4932666454104177,513,34,453,r1bqkb1r/pp3ppp/2n1pn2/2pp4/3P4/1P2PN2/PBP2PPP/RN1QKB1R w KQkq -,MODEL_PREDICTION_NOT_EMPIRICAL
COL-10,B1,1900,maia3-79m,7,g2g3,g3,0.010595535859465599,0.9897327157668769,0.4932666454104177,509,35,456,r1bqkb1r/pp3ppp/2n1pn2/2pp4/3P4/1P2PN2/PBP2PPP/RN1QKB1R w KQkq -,MODEL_PREDICTION_NOT_EMPIRICAL
COL-10,B1,1900,maia3-79m,8,e2e3,e3,0.009855199605226517,0.9897327157668769,0.4932666454104177,501,34,465,r1bqkb1r/pp3ppp/2n1pn2/2pp4/3P4/1P2PN2/PBP2PPP/RN1QKB1R w KQkq -,MODEL_PREDICTION_NOT_EMPIRICAL
COL-10,B1,1900,maia3-79m,9,b2b4,b4,0.0044146692380309105,0.9897327157668769,0.4932666454104177,517,31,452,r1bqkb1r/pp3ppp/2n1pn2/2pp4/3P4/1P2PN2/PBP2PPP/RN1QKB1R w KQkq -,MODEL_PREDICTION_NOT_EMPIRICAL
COL-10,B1,1900,maia3-79m,10,d2d3,d3,0.0039108372293412685,0.9897327157668769,0.4932666454104177,497,35,468,r1bqkb1r/pp3ppp/2n1pn2/2pp4/3P4/1P2PN2/PBP2PPP/RN1QKB1R w KQkq -,MODEL_PREDICTION_NOT_EMPIRICAL
COL-10,B1,2100,maia3-79m,1,e2e4,e4,0.5516610741615295,0.9894236333202571,0.5245369929792545,498,41,461,r1bqkb1r/pp3ppp/2n1pn2/2pp4/3P4/1P2PN2/PBP2PPP/RN1QKB1R w KQkq -,MODEL_PREDICTION_NOT_EMPIRICAL
COL-10,B1,2100,maia3-79m,2,d2d4,d4,0.29356226325035095,0.9894236333202571,0.5245369929792545,510,44,446,r1bqkb1r/pp3ppp/2n1pn2/2pp4/3P4/1P2PN2/PBP2PPP/RN1QKB1R w KQkq -,MODEL_PREDICTION_NOT_EMPIRICAL
COL-10,B1,2100,maia3-79m,3,g1f3,Nf3,0.0481594055891037,0.9894236333202571,0.5245369929792545,516,45,439,r1bqkb1r/pp3ppp/2n1pn2/2pp4/3P4/1P2PN2/PBP2PPP/RN1QKB1R w KQkq -,MODEL_PREDICTION_NOT_EMPIRICAL
COL-10,B1,2100,maia3-79m,4,c2c4,c4,0.0476539246737957,0.9894236333202571,0.5245369929792545,507,43,450,r1bqkb1r/pp3ppp/2n1pn2/2pp4/3P4/1P2PN2/PBP2PPP/RN1QKB1R w KQkq -,MODEL_PREDICTION_NOT_EMPIRICAL
COL-10,B1,2100,maia3-79m,5,f2f4,f4,0.012484685517847538,0.9894236333202571,0.5245369929792545,497,40,463,r1bqkb1r/pp3ppp/2n1pn2/2pp4/3P4/1P2PN2/PBP2PPP/RN1QKB1R w KQkq -,MODEL_PREDICTION_NOT_EMPIRICAL
COL-10,B1,2100,maia3-79m,6,b2b3,b3,0.012168200686573982,0.9894236333202571,0.5245369929792545,507,42,451,r1bqkb1r/pp3ppp/2n1pn2/2pp4/3P4/1P2PN2/PBP2PPP/RN1QKB1R w KQkq -,MODEL_PREDICTION_NOT_EMPIRICAL
COL-10,B1,2100,maia3-79m,7,g2g3,g3,0.008714002557098866,0.9894236333202571,0.5245369929792545,505,42,453,r1bqkb1r/pp3ppp/2n1pn2/2pp4/3P4/1P2PN2/PBP2PPP/RN1QKB1R w KQkq -,MODEL_PREDICTION_NOT_EMPIRICAL
COL-10,B1,2100,maia3-79m,8,e2e3,e3,0.006894053891301155,0.9894236333202571,0.5245369929792545,497,43,460,r1bqkb1r/pp3ppp/2n1pn2/2pp4/3P4/1P2PN2/PBP2PPP/RN1QKB1R w KQkq -,MODEL_PREDICTION_NOT_EMPIRICAL
COL-10,B1,2100,maia3-79m,9,b1c3,Nc3,0.0044635990634560585,0.9894236333202571,0.5245369929792545,521,42,437,r1bqkb1r/pp3ppp/2n1pn2/2pp4/3P4/1P2PN2/PBP2PPP/RN1QKB1R w KQkq -,MODEL_PREDICTION_NOT_EMPIRICAL
COL-10,B1,2100,maia3-79m,10,d2d3,d3,0.0036624239291995764,0.9894236333202571,0.5245369929792545,489,44,467,r1bqkb1r/pp3ppp/2n1pn2/2pp4/3P4/1P2PN2/PBP2PPP/RN1QKB1R w KQkq -,MODEL_PREDICTION_NOT_EMPIRICAL
VER-01,B1,1100,maia3-79m,1,e2e4,e4,0.6771548986434937,0.9878678212407976,0.42561317674662125,513,26,461,rnbqkb1r/pp3ppp/4pn2/2pp2B1/3P4/2N1P3/PPP2PPP/R2QKBNR w KQkq -,MODEL_PREDICTION_NOT_EMPIRICAL
VER-01,B1,1100,maia3-79m,2,d2d4,d4,0.22272434830665588,0.9878678212407976,0.42561317674662125,521,27,452,rnbqkb1r/pp3ppp/4pn2/2pp2B1/3P4/2N1P3/PPP2PPP/R2QKBNR w KQkq -,MODEL_PREDICTION_NOT_EMPIRICAL
VER-01,B1,1100,maia3-79m,3,e2e3,e3,0.020852725952863693,0.9878678212407976,0.42561317674662125,500,27,473,rnbqkb1r/pp3ppp/4pn2/2pp2B1/3P4/2N1P3/PPP2PPP/R2QKBNR w KQkq -,MODEL_PREDICTION_NOT_EMPIRICAL
VER-01,B1,1100,maia3-79m,4,g1f3,Nf3,0.0199762973934412,0.9878678212407976,0.42561317674662125,517,27,456,rnbqkb1r/pp3ppp/4pn2/2pp2B1/3P4/2N1P3/PPP2PPP/R2QKBNR w KQkq -,MODEL_PREDICTION_NOT_EMPIRICAL
VER-01,B1,1100,maia3-79m,5,c2c4,c4,0.015163088217377663,0.9878678212407976,0.42561317674662125,513,25,462,rnbqkb1r/pp3ppp/4pn2/2pp2B1/3P4/2N1P3/PPP2PPP/R2QKBNR w KQkq -,MODEL_PREDICTION_NOT_EMPIRICAL
VER-01,B1,1100,maia3-79m,6,g2g3,g3,0.010951454751193523,0.9878678212407976,0.42561317674662125,497,27,476,rnbqkb1r/pp3ppp/4pn2/2pp2B1/3P4/2N1P3/PPP2PPP/R2QKBNR w KQkq -,MODEL_PREDICTION_NOT_EMPIRICAL
VER-01,B1,1100,maia3-79m,7,b2b3,b3,0.007491483353078365,0.9878678212407976,0.42561317674662125,494,27,479,rnbqkb1r/pp3ppp/4pn2/2pp2B1/3P4/2N1P3/PPP2PPP/R2QKBNR w KQkq -,MODEL_PREDICTION_NOT_EMPIRICAL
VER-01,B1,1100,maia3-79m,8,d2d3,d3,0.005036455579102039,0.9878678212407976,0.42561317674662125,493,27,480,rnbqkb1r/pp3ppp/4pn2/2pp2B1/3P4/2N1P3/PPP2PPP/R2QKBNR w KQkq -,MODEL_PREDICTION_NOT_EMPIRICAL
VER-01,B1,1100,maia3-79m,9,b1c3,Nc3,0.004941529594361782,0.9878678212407976,0.42561317674662125,507,27,466,rnbqkb1r/pp3ppp/4pn2/2pp2B1/3P4/2N1P3/PPP2PPP/R2QKBNR w KQkq -,MODEL_PREDICTION_NOT_EMPIRICAL
VER-01,B1,1100,maia3-79m,10,f2f4,f4,0.0035755394492298365,0.9878678212407976,0.42561317674662125,500,26,474,rnbqkb1r/pp3ppp/4pn2/2pp2B1/3P4/2N1P3/PPP2PPP/R2QKBNR w KQkq -,MODEL_PREDICTION_NOT_EMPIRICAL
VER-01,B1,1300,maia3-79m,1,e2e4,e4,0.6652060747146606,0.9883486481849104,0.4312486267262949,508,25,467,rnbqkb1r/pp3ppp/4pn2/2pp2B1/3P4/2N1P3/PPP2PPP/R2QKBNR w KQkq -,MODEL_PREDICTION_NOT_EMPIRICAL
VER-01,B1,1300,maia3-79m,2,d2d4,d4,0.23515543341636658,0.9883486481849104,0.4312486267262949,519,26,455,rnbqkb1r/pp3ppp/4pn2/2pp2B1/3P4/2N1P3/PPP2PPP/R2QKBNR w KQkq -,MODEL_PREDICTION_NOT_EMPIRICAL
VER-01,B1,1300,maia3-79m,3,g1f3,Nf3,0.019363317638635635,0.9883486481849104,0.4312486267262949,521,27,452,rnbqkb1r/pp3ppp/4pn2/2pp2B1/3P4/2N1P3/PPP2PPP/R2QKBNR w KQkq -,MODEL_PREDICTION_NOT_EMPIRICAL
VER-01,B1,1300,maia3-79m,4,c2c4,c4,0.018627913668751717,0.9883486481849104,0.4312486267262949,513,25,462,rnbqkb1r/pp3ppp/4pn2/2pp2B1/3P4/2N1P3/PPP2PPP/R2QKBNR w KQkq -,MODEL_PREDICTION_NOT_EMPIRICAL
VER-01,B1,1300,maia3-79m,5,e2e3,e3,0.017626332119107246,0.9883486481849104,0.4312486267262949,499,26,475,rnbqkb1r/pp3ppp/4pn2/2pp2B1/3P4/2N1P3/PPP2PPP/R2QKBNR w KQkq -,MODEL_PREDICTION_NOT_EMPIRICAL
VER-01,B1,1300,maia3-79m,6,g2g3,g3,0.011335160583257675,0.9883486481849104,0.4312486267262949,500,27,473,rnbqkb1r/pp3ppp/4pn2/2pp2B1/3P4/2N1P3/PPP2PPP/R2QKBNR w KQkq -,MODEL_PREDICTION_NOT_EMPIRICAL
VER-01,B1,1300,maia3-79m,7,b2b3,b3,0.008808943443000317,0.9883486481849104,0.4312486267262949,503,26,471,rnbqkb1r/pp3ppp/4pn2/2pp2B1/3P4/2N1P3/PPP2PPP/R2QKBNR w KQkq -,MODEL_PREDICTION_NOT_EMPIRICAL
VER-01,B1,1300,maia3-79m,8,d2d3,d3,0.004596428479999304,0.9883486481849104,0.4312486267262949,494,27,479,rnbqkb1r/pp3ppp/4pn2/2pp2B1/3P4/2N1P3/PPP2PPP/R2QKBNR w KQkq -,MODEL_PREDICTION_NOT_EMPIRICAL
VER-01,B1,1300,maia3-79m,9,f2f4,f4,0.0041140238754451275,0.9883486481849104,0.4312486267262949,506,25,469,rnbqkb1r/pp3ppp/4pn2/2pp2B1/3P4/2N1P3/PPP2PPP/R2QKBNR w KQkq -,MODEL_PREDICTION_NOT_EMPIRICAL
VER-01,B1,1300,maia3-79m,10,b1c3,Nc3,0.0035150202456861734,0.9883486481849104,0.4312486267262949,513,26,461,rnbqkb1r/pp3ppp/4pn2/2pp2B1/3P4/2N1P3/PPP2PPP/R2QKBNR w KQkq -,MODEL_PREDICTION_NOT_EMPIRICAL
VER-01,B1,1500,maia3-79m,1,e2e4,e4,0.6482347846031189,0.9890689314343035,0.44840463559511406,505,27,468,rnbqkb1r/pp3ppp/4pn2/2pp2B1/3P4/2N1P3/PPP2PPP/R2QKBNR w KQkq -,MODEL_PREDICTION_NOT_EMPIRICAL
VER-01,B1,1500,maia3-79m,2,d2d4,d4,0.24543097615242004,0.9890689314343035,0.44840463559511406,515,28,457,rnbqkb1r/pp3ppp/4pn2/2pp2B1/3P4/2N1P3/PPP2PPP/R2QKBNR w KQkq -,MODEL_PREDICTION_NOT_EMPIRICAL
VER-01,B1,1500,maia3-79m,3,c2c4,c4,0.02303183265030384,0.9890689314343035,0.44840463559511406,511,27,462,rnbqkb1r/pp3ppp/4pn2/2pp2B1/3P4/2N1P3/PPP2PPP/R2QKBNR w KQkq -,MODEL_PREDICTION_NOT_EMPIRICAL
VER-01,B1,1500,maia3-79m,4,g1f3,Nf3,0.02068304643034935,0.9890689314343035,0.44840463559511406,525,27,448,rnbqkb1r/pp3ppp/4pn2/2pp2B1/3P4/2N1P3/PPP2PPP/R2QKBNR w KQkq -,MODEL_PREDICTION_NOT_EMPIRICAL
VER-01,B1,1500,maia3-79m,5,e2e3,e3,0.015259450301527977,0.9890689314343035,0.44840463559511406,497,27,476,rnbqkb1r/pp3ppp/4pn2/2pp2B1/3P4/2N1P3/PPP2PPP/R2QKBNR w KQkq -,MODEL_PREDICTION_NOT_EMPIRICAL
VER-01,B1,1500,maia3-79m,6,g2g3,g3,0.011820637620985508,0.9890689314343035,0.44840463559511406,503,28,469,rnbqkb1r/pp3ppp/4pn2/2pp2B1/3P4/2N1P3/PPP2PPP/R2QKBNR w KQkq -,MODEL_PREDICTION_NOT_EMPIRICAL
VER-01,B1,1500,maia3-79m,7,b2b3,b3,0.01035252958536148,0.9890689314343035,0.44840463559511406,505,27,468,rnbqkb1r/pp3ppp/4pn2/2pp2B1/3P4/2N1P3/PPP2PPP/R2QKBNR w KQkq -,MODEL_PREDICTION_NOT_EMPIRICAL
VER-01,B1,1500,maia3-79m,8,f2f4,f4,0.005875293631106615,0.9890689314343035,0.44840463559511406,507,25,468,rnbqkb1r/pp3ppp/4pn2/2pp2B1/3P4/2N1P3/PPP2PPP/R2QKBNR w KQkq -,MODEL_PREDICTION_NOT_EMPIRICAL
VER-01,B1,1500,maia3-79m,9,d2d3,d3,0.00447371369227767,0.9890689314343035,0.44840463559511406,496,28,476,rnbqkb1r/pp3ppp/4pn2/2pp2B1/3P4/2N1P3/PPP2PPP/R2QKBNR w KQkq -,MODEL_PREDICTION_NOT_EMPIRICAL
VER-01,B1,1500,maia3-79m,10,b2b4,b4,0.00390666676685214,0.9890689314343035,0.44840463559511406,515,24,461,rnbqkb1r/pp3ppp/4pn2/2pp2B1/3P4/2N1P3/PPP2PPP/R2QKBNR w KQkq -,MODEL_PREDICTION_NOT_EMPIRICAL
VER-01,B1,1700,maia3-79m,1,e2e4,e4,0.625694990158081,0.9896683357656002,0.47033680283448054,504,29,467,rnbqkb1r/pp3ppp/4pn2/2pp2B1/3P4/2N1P3/PPP2PPP/R2QKBNR w KQkq -,MODEL_PREDICTION_NOT_EMPIRICAL
VER-01,B1,1700,maia3-79m,2,d2d4,d4,0.257449209690094,0.9896683357656002,0.47033680283448054,515,31,454,rnbqkb1r/pp3ppp/4pn2/2pp2B1/3P4/2N1P3/PPP2PPP/R2QKBNR w KQkq -,MODEL_PREDICTION_NOT_EMPIRICAL
VER-01,B1,1700,maia3-79m,3,c2c4,c4,0.029208268970251083,0.9896683357656002,0.47033680283448054,513,30,457,rnbqkb1r/pp3ppp/4pn2/2pp2B1/3P4/2N1P3/PPP2PPP/R2QKBNR w KQkq -,MODEL_PREDICTION_NOT_EMPIRICAL
VER-01,B1,1700,maia3-79m,4,g1f3,Nf3,0.023894039914011955,0.9896683357656002,0.47033680283448054,530,30,440,rnbqkb1r/pp3ppp/4pn2/2pp2B1/3P4/2N1P3/PPP2PPP/R2QKBNR w KQkq -,MODEL_PREDICTION_NOT_EMPIRICAL
VER-01,B1,1700,maia3-79m,5,e2e3,e3,0.012733161449432373,0.9896683357656002,0.47033680283448054,501,29,470,rnbqkb1r/pp3ppp/4pn2/2pp2B1/3P4/2N1P3/PPP2PPP/R2QKBNR w KQkq -,MODEL_PREDICTION_NOT_EMPIRICAL
VER-01,B1,1700,maia3-79m,6,g2g3,g3,0.011797066777944565,0.9896683357656002,0.47033680283448054,508,30,462,rnbqkb1r/pp3ppp/4pn2/2pp2B1/3P4/2N1P3/PPP2PPP/R2QKBNR w KQkq -,MODEL_PREDICTION_NOT_EMPIRICAL
VER-01,B1,1700,maia3-79m,7,b2b3,b3,0.011401703581213951,0.9896683357656002,0.47033680283448054,510,29,461,rnbqkb1r/pp3ppp/4pn2/2pp2B1/3P4/2N1P3/PPP2PPP/R2QKBNR w KQkq -,MODEL_PREDICTION_NOT_EMPIRICAL
VER-01,B1,1700,maia3-79m,8,f2f4,f4,0.00882899109274149,0.9896683357656002,0.47033680283448054,507,28,465,rnbqkb1r/pp3ppp/4pn2/2pp2B1/3P4/2N1P3/PPP2PPP/R2QKBNR w KQkq -,MODEL_PREDICTION_NOT_EMPIRICAL
VER-01,B1,1700,maia3-79m,9,b2b4,b4,0.004424287937581539,0.9896683357656002,0.47033680283448054,518,27,455,rnbqkb1r/pp3ppp/4pn2/2pp2B1/3P4/2N1P3/PPP2PPP/R2QKBNR w KQkq -,MODEL_PREDICTION_NOT_EMPIRICAL
VER-01,B1,1700,maia3-79m,10,d2d3,d3,0.0042366161942481995,0.9896683357656002,0.47033680283448054,500,30,470,rnbqkb1r/pp3ppp/4pn2/2pp2B1/3P4/2N1P3/PPP2PPP/R2QKBNR w KQkq -,MODEL_PREDICTION_NOT_EMPIRICAL
VER-01,B1,1900,maia3-79m,1,e2e4,e4,0.5982585549354553,0.9897327157668769,0.4932666454104177,503,33,464,rnbqkb1r/pp3ppp/4pn2/2pp2B1/3P4/2N1P3/PPP2PPP/R2QKBNR w KQkq -,MODEL_PREDICTION_NOT_EMPIRICAL
VER-01,B1,1900,maia3-79m,2,d2d4,d4,0.27083200216293335,0.9897327157668769,0.4932666454104177,513,36,451,rnbqkb1r/pp3ppp/4pn2/2pp2B1/3P4/2N1P3/PPP2PPP/R2QKBNR w KQkq -,MODEL_PREDICTION_NOT_EMPIRICAL
VER-01,B1,1900,maia3-79m,3,c2c4,c4,0.03720775246620178,0.9897327157668769,0.4932666454104177,512,35,453,rnbqkb1r/pp3ppp/4pn2/2pp2B1/3P4/2N1P3/PPP2PPP/R2QKBNR w KQkq -,MODEL_PREDICTION_NOT_EMPIRICAL
VER-01,B1,1900,maia3-79m,4,g1f3,Nf3,0.030766692012548447,0.9897327157668769,0.4932666454104177,527,36,437,rnbqkb1r/pp3ppp/4pn2/2pp2B1/3P4/2N1P3/PPP2PPP/R2QKBNR w KQkq -,MODEL_PREDICTION_NOT_EMPIRICAL
VER-01,B1,1900,maia3-79m,5,f2f4,f4,0.012273138388991356,0.9897327157668769,0.4932666454104177,504,32,464,rnbqkb1r/pp3ppp/4pn2/2pp2B1/3P4/2N1P3/PPP2PPP/R2QKBNR w KQkq -,MODEL_PREDICTION_NOT_EMPIRICAL
VER-01,B1,1900,maia3-79m,6,b2b3,b3,0.011618333868682384,0.9897327157668769,0.4932666454104177,513,34,453,rnbqkb1r/pp3ppp/4pn2/2pp2B1/3P4/2N1P3/PPP2PPP/R2QKBNR w KQkq -,MODEL_PREDICTION_NOT_EMPIRICAL
VER-01,B1,1900,maia3-79m,7,g2g3,g3,0.010595535859465599,0.9897327157668769,0.4932666454104177,509,35,456,rnbqkb1r/pp3ppp/4pn2/2pp2B1/3P4/2N1P3/PPP2PPP/R2QKBNR w KQkq -,MODEL_PREDICTION_NOT_EMPIRICAL
VER-01,B1,1900,maia3-79m,8,e2e3,e3,0.009855199605226517,0.9897327157668769,0.4932666454104177,501,34,465,rnbqkb1r/pp3ppp/4pn2/2pp2B1/3P4/2N1P3/PPP2PPP/R2QKBNR w KQkq -,MODEL_PREDICTION_NOT_EMPIRICAL
VER-01,B1,1900,maia3-79m,9,b2b4,b4,0.0044146692380309105,0.9897327157668769,0.4932666454104177,517,31,452,rnbqkb1r/pp3ppp/4pn2/2pp2B1/3P4/2N1P3/PPP2PPP/R2QKBNR w KQkq -,MODEL_PREDICTION_NOT_EMPIRICAL
VER-01,B1,1900,maia3-79m,10,d2d3,d3,0.0039108372293412685,0.9897327157668769,0.4932666454104177,497,35,468,rnbqkb1r/pp3ppp/4pn2/2pp2B1/3P4/2N1P3/PPP2PPP/R2QKBNR w KQkq -,MODEL_PREDICTION_NOT_EMPIRICAL
VER-01,B1,2100,maia3-79m,1,e2e4,e4,0.5516610741615295,0.9894236333202571,0.5245369929792545,498,41,461,rnbqkb1r/pp3ppp/4pn2/2pp2B1/3P4/2N1P3/PPP2PPP/R2QKBNR w KQkq -,MODEL_PREDICTION_NOT_EMPIRICAL
VER-01,B1,2100,maia3-79m,2,d2d4,d4,0.29356226325035095,0.9894236333202571,0.5245369929792545,510,44,446,rnbqkb1r/pp3ppp/4pn2/2pp2B1/3P4/2N1P3/PPP2PPP/R2QKBNR w KQkq -,MODEL_PREDICTION_NOT_EMPIRICAL
VER-01,B1,2100,maia3-79m,3,g1f3,Nf3,0.0481594055891037,0.9894236333202571,0.5245369929792545,516,45,439,rnbqkb1r/pp3ppp/4pn2/2pp2B1/3P4/2N1P3/PPP2PPP/R2QKBNR w KQkq -,MODEL_PREDICTION_NOT_EMPIRICAL
VER-01,B1,2100,maia3-79m,4,c2c4,c4,0.0476539246737957,0.9894236333202571,0.5245369929792545,507,43,450,rnbqkb1r/pp3ppp/4pn2/2pp2B1/3P4/2N1P3/PPP2PPP/R2QKBNR w KQkq -,MODEL_PREDICTION_NOT_EMPIRICAL
VER-01,B1,2100,maia3-79m,5,f2f4,f4,0.012484685517847538,0.9894236333202571,0.5245369929792545,497,40,463,rnbqkb1r/pp3ppp/4pn2/2pp2B1/3P4/2N1P3/PPP2PPP/R2QKBNR w KQkq -,MODEL_PREDICTION_NOT_EMPIRICAL
VER-01,B1,2100,maia3-79m,6,b2b3,b3,0.012168200686573982,0.9894236333202571,0.5245369929792545,507,42,451,rnbqkb1r/pp3ppp/4pn2/2pp2B1/3P4/2N1P3/PPP2PPP/R2QKBNR w KQkq -,MODEL_PREDICTION_NOT_EMPIRICAL
VER-01,B1,2100,maia3-79m,7,g2g3,g3,0.008714002557098866,0.9894236333202571,0.5245369929792545,505,42,453,rnbqkb1r/pp3ppp/4pn2/2pp2B1/3P4/2N1P3/PPP2PPP/R2QKBNR w KQkq -,MODEL_PREDICTION_NOT_EMPIRICAL
VER-01,B1,2100,maia3-79m,8,e2e3,e3,0.006894053891301155,0.9894236333202571,0.5245369929792545,497,43,460,rnbqkb1r/pp3ppp/4pn2/2pp2B1/3P4/2N1P3/PPP2PPP/R2QKBNR w KQkq -,MODEL_PREDICTION_NOT_EMPIRICAL
VER-01,B1,2100,maia3-79m,9,b1c3,Nc3,0.0044635990634560585,0.9894236333202571,0.5245369929792545,521,42,437,rnbqkb1r/pp3ppp/4pn2/2pp2B1/3P4/2N1P3/PPP2PPP/R2QKBNR w KQkq -,MODEL_PREDICTION_NOT_EMPIRICAL
VER-01,B1,2100,maia3-79m,10,d2d3,d3,0.0036624239291995764,0.9894236333202571,0.5245369929792545,489,44,467,rnbqkb1r/pp3ppp/4pn2/2pp2B1/3P4/2N1P3/PPP2PPP/R2QKBNR w KQkq -,MODEL_PREDICTION_NOT_EMPIRICAL
LON-02,B2,1100,maia3-79m,1,e2e4,e4,0.6771548986434937,0.9878678212407976,0.42561317674662125,513,26,461,r3kb1r/pp2pppp/1qn2n2/3p1b2/2pP1B2/2P1PN2/PPQ2PPP/RN2KB1R w KQkq -,MODEL_PREDICTION_NOT_EMPIRICAL
LON-02,B2,1100,maia3-79m,2,d2d4,d4,0.22272434830665588,0.9878678212407976,0.42561317674662125,521,27,452,r3kb1r/pp2pppp/1qn2n2/3p1b2/2pP1B2/2P1PN2/PPQ2PPP/RN2KB1R w KQkq -,MODEL_PREDICTION_NOT_EMPIRICAL
LON-02,B2,1100,maia3-79m,3,e2e3,e3,0.020852725952863693,0.9878678212407976,0.42561317674662125,500,27,473,r3kb1r/pp2pppp/1qn2n2/3p1b2/2pP1B2/2P1PN2/PPQ2PPP/RN2KB1R w KQkq -,MODEL_PREDICTION_NOT_EMPIRICAL
LON-02,B2,1100,maia3-79m,4,g1f3,Nf3,0.0199762973934412,0.9878678212407976,0.42561317674662125,517,27,456,r3kb1r/pp2pppp/1qn2n2/3p1b2/2pP1B2/2P1PN2/PPQ2PPP/RN2KB1R w KQkq -,MODEL_PREDICTION_NOT_EMPIRICAL
LON-02,B2,1100,maia3-79m,5,c2c4,c4,0.015163088217377663,0.9878678212407976,0.42561317674662125,513,25,462,r3kb1r/pp2pppp/1qn2n2/3p1b2/2pP1B2/2P1PN2/PPQ2PPP/RN2KB1R w KQkq -,MODEL_PREDICTION_NOT_EMPIRICAL
LON-02,B2,1100,maia3-79m,6,g2g3,g3,0.010951454751193523,0.9878678212407976,0.42561317674662125,497,27,476,r3kb1r/pp2pppp/1qn2n2/3p1b2/2pP1B2/2P1PN2/PPQ2PPP/RN2KB1R w KQkq -,MODEL_PREDICTION_NOT_EMPIRICAL
LON-02,B2,1100,maia3-79m,7,b2b3,b3,0.007491483353078365,0.9878678212407976,0.42561317674662125,494,27,479,r3kb1r/pp2pppp/1qn2n2/3p1b2/2pP1B2/2P1PN2/PPQ2PPP/RN2KB1R w KQkq -,MODEL_PREDICTION_NOT_EMPIRICAL
LON-02,B2,1100,maia3-79m,8,d2d3,d3,0.005036455579102039,0.9878678212407976,0.42561317674662125,493,27,480,r3kb1r/pp2pppp/1qn2n2/3p1b2/2pP1B2/2P1PN2/PPQ2PPP/RN2KB1R w KQkq -,MODEL_PREDICTION_NOT_EMPIRICAL
LON-02,B2,1100,maia3-79m,9,b1c3,Nc3,0.004941529594361782,0.9878678212407976,0.42561317674662125,507,27,466,r3kb1r/pp2pppp/1qn2n2/3p1b2/2pP1B2/2P1PN2/PPQ2PPP/RN2KB1R w KQkq -,MODEL_PREDICTION_NOT_EMPIRICAL
LON-02,B2,1100,maia3-79m,10,f2f4,f4,0.0035755394492298365,0.9878678212407976,0.42561317674662125,500,26,474,r3kb1r/pp2pppp/1qn2n2/3p1b2/2pP1B2/2P1PN2/PPQ2PPP/RN2KB1R w KQkq -,MODEL_PREDICTION_NOT_EMPIRICAL
LON-02,B2,1300,maia3-79m,1,e2e4,e4,0.6652060747146606,0.9883486481849104,0.4312486267262949,508,25,467,r3kb1r/pp2pppp/1qn2n2/3p1b2/2pP1B2/2P1PN2/PPQ2PPP/RN2KB1R w KQkq -,MODEL_PREDICTION_NOT_EMPIRICAL
LON-02,B2,1300,maia3-79m,2,d2d4,d4,0.23515543341636658,0.9883486481849104,0.4312486267262949,519,26,455,r3kb1r/pp2pppp/1qn2n2/3p1b2/2pP1B2/2P1PN2/PPQ2PPP/RN2KB1R w KQkq -,MODEL_PREDICTION_NOT_EMPIRICAL
LON-02,B2,1300,maia3-79m,3,g1f3,Nf3,0.019363317638635635,0.9883486481849104,0.4312486267262949,521,27,452,r3kb1r/pp2pppp/1qn2n2/3p1b2/2pP1B2/2P1PN2/PPQ2PPP/RN2KB1R w KQkq -,MODEL_PREDICTION_NOT_EMPIRICAL
LON-02,B2,1300,maia3-79m,4,c2c4,c4,0.018627913668751717,0.9883486481849104,0.4312486267262949,513,25,462,r3kb1r/pp2pppp/1qn2n2/3p1b2/2pP1B2/2P1PN2/PPQ2PPP/RN2KB1R w KQkq -,MODEL_PREDICTION_NOT_EMPIRICAL
LON-02,B2,1300,maia3-79m,5,e2e3,e3,0.017626332119107246,0.9883486481849104,0.4312486267262949,499,26,475,r3kb1r/pp2pppp/1qn2n2/3p1b2/2pP1B2/2P1PN2/PPQ2PPP/RN2KB1R w KQkq -,MODEL_PREDICTION_NOT_EMPIRICAL
LON-02,B2,1300,maia3-79m,6,g2g3,g3,0.011335160583257675,0.9883486481849104,0.4312486267262949,500,27,473,r3kb1r/pp2pppp/1qn2n2/3p1b2/2pP1B2/2P1PN2/PPQ2PPP/RN2KB1R w KQkq -,MODEL_PREDICTION_NOT_EMPIRICAL
LON-02,B2,1300,maia3-79m,7,b2b3,b3,0.008808943443000317,0.9883486481849104,0.4312486267262949,503,26,471,r3kb1r/pp2pppp/1qn2n2/3p1b2/2pP1B2/2P1PN2/PPQ2PPP/RN2KB1R w KQkq -,MODEL_PREDICTION_NOT_EMPIRICAL
LON-02,B2,1300,maia3-79m,8,d2d3,d3,0.004596428479999304,0.9883486481849104,0.4312486267262949,494,27,479,r3kb1r/pp2pppp/1qn2n2/3p1b2/2pP1B2/2P1PN2/PPQ2PPP/RN2KB1R w KQkq -,MODEL_PREDICTION_NOT_EMPIRICAL
LON-02,B2,1300,maia3-79m,9,f2f4,f4,0.0041140238754451275,0.9883486481849104,0.4312486267262949,506,25,469,r3kb1r/pp2pppp/1qn2n2/3p1b2/2pP1B2/2P1PN2/PPQ2PPP/RN2KB1R w KQkq -,MODEL_PREDICTION_NOT_EMPIRICAL
LON-02,B2,1300,maia3-79m,10,b1c3,Nc3,0.0035150202456861734,0.9883486481849104,0.4312486267262949,513,26,461,r3kb1r/pp2pppp/1qn2n2/3p1b2/2pP1B2/2P1PN2/PPQ2PPP/RN2KB1R w KQkq -,MODEL_PREDICTION_NOT_EMPIRICAL
LON-02,B2,1500,maia3-79m,1,e2e4,e4,0.6482347846031189,0.9890689314343035,0.44840463559511406,505,27,468,r3kb1r/pp2pppp/1qn2n2/3p1b2/2pP1B2/2P1PN2/PPQ2PPP/RN2KB1R w KQkq -,MODEL_PREDICTION_NOT_EMPIRICAL
LON-02,B2,1500,maia3-79m,2,d2d4,d4,0.24543097615242004,0.9890689314343035,0.44840463559511406,515,28,457,r3kb1r/pp2pppp/1qn2n2/3p1b2/2pP1B2/2P1PN2/PPQ2PPP/RN2KB1R w KQkq -,MODEL_PREDICTION_NOT_EMPIRICAL
LON-02,B2,1500,maia3-79m,3,c2c4,c4,0.02303183265030384,0.9890689314343035,0.44840463559511406,511,27,462,r3kb1r/pp2pppp/1qn2n2/3p1b2/2pP1B2/2P1PN2/PPQ2PPP/RN2KB1R w KQkq -,MODEL_PREDICTION_NOT_EMPIRICAL
LON-02,B2,1500,maia3-79m,4,g1f3,Nf3,0.02068304643034935,0.9890689314343035,0.44840463559511406,525,27,448,r3kb1r/pp2pppp/1qn2n2/3p1b2/2pP1B2/2P1PN2/PPQ2PPP/RN2KB1R w KQkq -,MODEL_PREDICTION_NOT_EMPIRICAL
LON-02,B2,1500,maia3-79m,5,e2e3,e3,0.015259450301527977,0.9890689314343035,0.44840463559511406,497,27,476,r3kb1r/pp2pppp/1qn2n2/3p1b2/2pP1B2/2P1PN2/PPQ2PPP/RN2KB1R w KQkq -,MODEL_PREDICTION_NOT_EMPIRICAL
LON-02,B2,1500,maia3-79m,6,g2g3,g3,0.011820637620985508,0.9890689314343035,0.44840463559511406,503,28,469,r3kb1r/pp2pppp/1qn2n2/3p1b2/2pP1B2/2P1PN2/PPQ2PPP/RN2KB1R w KQkq -,MODEL_PREDICTION_NOT_EMPIRICAL
LON-02,B2,1500,maia3-79m,7,b2b3,b3,0.01035252958536148,0.9890689314343035,0.44840463559511406,505,27,468,r3kb1r/pp2pppp/1qn2n2/3p1b2/2pP1B2/2P1PN2/PPQ2PPP/RN2KB1R w KQkq -,MODEL_PREDICTION_NOT_EMPIRICAL
LON-02,B2,1500,maia3-79m,8,f2f4,f4,0.005875293631106615,0.9890689314343035,0.44840463559511406,507,25,468,r3kb1r/pp2pppp/1qn2n2/3p1b2/2pP1B2/2P1PN2/PPQ2PPP/RN2KB1R w KQkq -,MODEL_PREDICTION_NOT_EMPIRICAL
LON-02,B2,1500,maia3-79m,9,d2d3,d3,0.00447371369227767,0.9890689314343035,0.44840463559511406,496,28,476,r3kb1r/pp2pppp/1qn2n2/3p1b2/2pP1B2/2P1PN2/PPQ2PPP/RN2KB1R w KQkq -,MODEL_PREDICTION_NOT_EMPIRICAL
LON-02,B2,1500,maia3-79m,10,b2b4,b4,0.00390666676685214,0.9890689314343035,0.44840463559511406,515,24,461,r3kb1r/pp2pppp/1qn2n2/3p1b2/2pP1B2/2P1PN2/PPQ2PPP/RN2KB1R w KQkq -,MODEL_PREDICTION_NOT_EMPIRICAL
LON-02,B2,1700,maia3-79m,1,e2e4,e4,0.625694990158081,0.9896683357656002,0.47033680283448054,504,29,467,r3kb1r/pp2pppp/1qn2n2/3p1b2/2pP1B2/2P1PN2/PPQ2PPP/RN2KB1R w KQkq -,MODEL_PREDICTION_NOT_EMPIRICAL
LON-02,B2,1700,maia3-79m,2,d2d4,d4,0.257449209690094,0.9896683357656002,0.47033680283448054,515,31,454,r3kb1r/pp2pppp/1qn2n2/3p1b2/2pP1B2/2P1PN2/PPQ2PPP/RN2KB1R w KQkq -,MODEL_PREDICTION_NOT_EMPIRICAL
LON-02,B2,1700,maia3-79m,3,c2c4,c4,0.029208268970251083,0.9896683357656002,0.47033680283448054,513,30,457,r3kb1r/pp2pppp/1qn2n2/3p1b2/2pP1B2/2P1PN2/PPQ2PPP/RN2KB1R w KQkq -,MODEL_PREDICTION_NOT_EMPIRICAL
LON-02,B2,1700,maia3-79m,4,g1f3,Nf3,0.023894039914011955,0.9896683357656002,0.47033680283448054,530,30,440,r3kb1r/pp2pppp/1qn2n2/3p1b2/2pP1B2/2P1PN2/PPQ2PPP/RN2KB1R w KQkq -,MODEL_PREDICTION_NOT_EMPIRICAL
LON-02,B2,1700,maia3-79m,5,e2e3,e3,0.012733161449432373,0.9896683357656002,0.47033680283448054,501,29,470,r3kb1r/pp2pppp/1qn2n2/3p1b2/2pP1B2/2P1PN2/PPQ2PPP/RN2KB1R w KQkq -,MODEL_PREDICTION_NOT_EMPIRICAL
LON-02,B2,1700,maia3-79m,6,g2g3,g3,0.011797066777944565,0.9896683357656002,0.47033680283448054,508,30,462,r3kb1r/pp2pppp/1qn2n2/3p1b2/2pP1B2/2P1PN2/PPQ2PPP/RN2KB1R w KQkq -,MODEL_PREDICTION_NOT_EMPIRICAL
LON-02,B2,1700,maia3-79m,7,b2b3,b3,0.011401703581213951,0.9896683357656002,0.47033680283448054,510,29,461,r3kb1r/pp2pppp/1qn2n2/3p1b2/2pP1B2/2P1PN2/PPQ2PPP/RN2KB1R w KQkq -,MODEL_PREDICTION_NOT_EMPIRICAL
LON-02,B2,1700,maia3-79m,8,f2f4,f4,0.00882899109274149,0.9896683357656002,0.47033680283448054,507,28,465,r3kb1r/pp2pppp/1qn2n2/3p1b2/2pP1B2/2P1PN2/PPQ2PPP/RN2KB1R w KQkq -,MODEL_PREDICTION_NOT_EMPIRICAL
LON-02,B2,1700,maia3-79m,9,b2b4,b4,0.004424287937581539,0.9896683357656002,0.47033680283448054,518,27,455,r3kb1r/pp2pppp/1qn2n2/3p1b2/2pP1B2/2P1PN2/PPQ2PPP/RN2KB1R w KQkq -,MODEL_PREDICTION_NOT_EMPIRICAL
LON-02,B2,1700,maia3-79m,10,d2d3,d3,0.0042366161942481995,0.9896683357656002,0.47033680283448054,500,30,470,r3kb1r/pp2pppp/1qn2n2/3p1b2/2pP1B2/2P1PN2/PPQ2PPP/RN2KB1R w KQkq -,MODEL_PREDICTION_NOT_EMPIRICAL
LON-02,B2,1900,maia3-79m,1,e2e4,e4,0.5982585549354553,0.9897327157668769,0.4932666454104177,503,33,464,r3kb1r/pp2pppp/1qn2n2/3p1b2/2pP1B2/2P1PN2/PPQ2PPP/RN2KB1R w KQkq -,MODEL_PREDICTION_NOT_EMPIRICAL
LON-02,B2,1900,maia3-79m,2,d2d4,d4,0.27083200216293335,0.9897327157668769,0.4932666454104177,513,36,451,r3kb1r/pp2pppp/1qn2n2/3p1b2/2pP1B2/2P1PN2/PPQ2PPP/RN2KB1R w KQkq -,MODEL_PREDICTION_NOT_EMPIRICAL
LON-02,B2,1900,maia3-79m,3,c2c4,c4,0.03720775246620178,0.9897327157668769,0.4932666454104177,512,35,453,r3kb1r/pp2pppp/1qn2n2/3p1b2/2pP1B2/2P1PN2/PPQ2PPP/RN2KB1R w KQkq -,MODEL_PREDICTION_NOT_EMPIRICAL
LON-02,B2,1900,maia3-79m,4,g1f3,Nf3,0.030766692012548447,0.9897327157668769,0.4932666454104177,527,36,437,r3kb1r/pp2pppp/1qn2n2/3p1b2/2pP1B2/2P1PN2/PPQ2PPP/RN2KB1R w KQkq -,MODEL_PREDICTION_NOT_EMPIRICAL
LON-02,B2,1900,maia3-79m,5,f2f4,f4,0.012273138388991356,0.9897327157668769,0.4932666454104177,504,32,464,r3kb1r/pp2pppp/1qn2n2/3p1b2/2pP1B2/2P1PN2/PPQ2PPP/RN2KB1R w KQkq -,MODEL_PREDICTION_NOT_EMPIRICAL
LON-02,B2,1900,maia3-79m,6,b2b3,b3,0.011618333868682384,0.9897327157668769,0.4932666454104177,513,34,453,r3kb1r/pp2pppp/1qn2n2/3p1b2/2pP1B2/2P1PN2/PPQ2PPP/RN2KB1R w KQkq -,MODEL_PREDICTION_NOT_EMPIRICAL
LON-02,B2,1900,maia3-79m,7,g2g3,g3,0.010595535859465599,0.9897327157668769,0.4932666454104177,509,35,456,r3kb1r/pp2pppp/1qn2n2/3p1b2/2pP1B2/2P1PN2/PPQ2PPP/RN2KB1R w KQkq -,MODEL_PREDICTION_NOT_EMPIRICAL
LON-02,B2,1900,maia3-79m,8,e2e3,e3,0.009855199605226517,0.9897327157668769,0.4932666454104177,501,34,465,r3kb1r/pp2pppp/1qn2n2/3p1b2/2pP1B2/2P1PN2/PPQ2PPP/RN2KB1R w KQkq -,MODEL_PREDICTION_NOT_EMPIRICAL
LON-02,B2,1900,maia3-79m,9,b2b4,b4,0.0044146692380309105,0.9897327157668769,0.4932666454104177,517,31,452,r3kb1r/pp2pppp/1qn2n2/3p1b2/2pP1B2/2P1PN2/PPQ2PPP/RN2KB1R w KQkq -,MODEL_PREDICTION_NOT_EMPIRICAL
LON-02,B2,1900,maia3-79m,10,d2d3,d3,0.0039108372293412685,0.9897327157668769,0.4932666454104177,497,35,468,r3kb1r/pp2pppp/1qn2n2/3p1b2/2pP1B2/2P1PN2/PPQ2PPP/RN2KB1R w KQkq -,MODEL_PREDICTION_NOT_EMPIRICAL
LON-02,B2,2100,maia3-79m,1,e2e4,e4,0.5516610741615295,0.9894236333202571,0.5245369929792545,498,41,461,r3kb1r/pp2pppp/1qn2n2/3p1b2/2pP1B2/2P1PN2/PPQ2PPP/RN2KB1R w KQkq -,MODEL_PREDICTION_NOT_EMPIRICAL
LON-02,B2,2100,maia3-79m,2,d2d4,d4,0.29356226325035095,0.9894236333202571,0.5245369929792545,510,44,446,r3kb1r/pp2pppp/1qn2n2/3p1b2/2pP1B2/2P1PN2/PPQ2PPP/RN2KB1R w KQkq -,MODEL_PREDICTION_NOT_EMPIRICAL
LON-02,B2,2100,maia3-79m,3,g1f3,Nf3,0.0481594055891037,0.9894236333202571,0.5245369929792545,516,45,439,r3kb1r/pp2pppp/1qn2n2/3p1b2/2pP1B2/2P1PN2/PPQ2PPP/RN2KB1R w KQkq -,MODEL_PREDICTION_NOT_EMPIRICAL
LON-02,B2,2100,maia3-79m,4,c2c4,c4,0.0476539246737957,0.9894236333202571,0.5245369929792545,507,43,450,r3kb1r/pp2pppp/1qn2n2/3p1b2/2pP1B2/2P1PN2/PPQ2PPP/RN2KB1R w KQkq -,MODEL_PREDICTION_NOT_EMPIRICAL
LON-02,B2,2100,maia3-79m,5,f2f4,f4,0.012484685517847538,0.9894236333202571,0.5245369929792545,497,40,463,r3kb1r/pp2pppp/1qn2n2/3p1b2/2pP1B2/2P1PN2/PPQ2PPP/RN2KB1R w KQkq -,MODEL_PREDICTION_NOT_EMPIRICAL
LON-02,B2,2100,maia3-79m,6,b2b3,b3,0.012168200686573982,0.9894236333202571,0.5245369929792545,507,42,451,r3kb1r/pp2pppp/1qn2n2/3p1b2/2pP1B2/2P1PN2/PPQ2PPP/RN2KB1R w KQkq -,MODEL_PREDICTION_NOT_EMPIRICAL
LON-02,B2,2100,maia3-79m,7,g2g3,g3,0.008714002557098866,0.9894236333202571,0.5245369929792545,505,42,453,r3kb1r/pp2pppp/1qn2n2/3p1b2/2pP1B2/2P1PN2/PPQ2PPP/RN2KB1R w KQkq -,MODEL_PREDICTION_NOT_EMPIRICAL
LON-02,B2,2100,maia3-79m,8,e2e3,e3,0.006894053891301155,0.9894236333202571,0.5245369929792545,497,43,460,r3kb1r/pp2pppp/1qn2n2/3p1b2/2pP1B2/2P1PN2/PPQ2PPP/RN2KB1R w KQkq -,MODEL_PREDICTION_NOT_EMPIRICAL
LON-02,B2,2100,maia3-79m,9,b1c3,Nc3,0.0044635990634560585,0.9894236333202571,0.5245369929792545,521,42,437,r3kb1r/pp2pppp/1qn2n2/3p1b2/2pP1B2/2P1PN2/PPQ2PPP/RN2KB1R w KQkq -,MODEL_PREDICTION_NOT_EMPIRICAL
LON-02,B2,2100,maia3-79m,10,d2d3,d3,0.0036624239291995764,0.9894236333202571,0.5245369929792545,489,44,467,r3kb1r/pp2pppp/1qn2n2/3p1b2/2pP1B2/2P1PN2/PPQ2PPP/RN2KB1R w KQkq -,MODEL_PREDICTION_NOT_EMPIRICAL
LON-04,B2,1100,maia3-79m,1,e2e4,e4,0.6771548986434937,0.9878678212407976,0.42561317674662125,513,26,461,r3kb1r/pp2pppp/1qn2n2/3p1b2/3P1B2/2P2N2/PP3PPP/RNQ1KB1R w KQkq -,MODEL_PREDICTION_NOT_EMPIRICAL
LON-04,B2,1100,maia3-79m,2,d2d4,d4,0.22272434830665588,0.9878678212407976,0.42561317674662125,521,27,452,r3kb1r/pp2pppp/1qn2n2/3p1b2/3P1B2/2P2N2/PP3PPP/RNQ1KB1R w KQkq -,MODEL_PREDICTION_NOT_EMPIRICAL
LON-04,B2,1100,maia3-79m,3,e2e3,e3,0.020852725952863693,0.9878678212407976,0.42561317674662125,500,27,473,r3kb1r/pp2pppp/1qn2n2/3p1b2/3P1B2/2P2N2/PP3PPP/RNQ1KB1R w KQkq -,MODEL_PREDICTION_NOT_EMPIRICAL
LON-04,B2,1100,maia3-79m,4,g1f3,Nf3,0.0199762973934412,0.9878678212407976,0.42561317674662125,517,27,456,r3kb1r/pp2pppp/1qn2n2/3p1b2/3P1B2/2P2N2/PP3PPP/RNQ1KB1R w KQkq -,MODEL_PREDICTION_NOT_EMPIRICAL
LON-04,B2,1100,maia3-79m,5,c2c4,c4,0.015163088217377663,0.9878678212407976,0.42561317674662125,513,25,462,r3kb1r/pp2pppp/1qn2n2/3p1b2/3P1B2/2P2N2/PP3PPP/RNQ1KB1R w KQkq -,MODEL_PREDICTION_NOT_EMPIRICAL
LON-04,B2,1100,maia3-79m,6,g2g3,g3,0.010951454751193523,0.9878678212407976,0.42561317674662125,497,27,476,r3kb1r/pp2pppp/1qn2n2/3p1b2/3P1B2/2P2N2/PP3PPP/RNQ1KB1R w KQkq -,MODEL_PREDICTION_NOT_EMPIRICAL
LON-04,B2,1100,maia3-79m,7,b2b3,b3,0.007491483353078365,0.9878678212407976,0.42561317674662125,494,27,479,r3kb1r/pp2pppp/1qn2n2/3p1b2/3P1B2/2P2N2/PP3PPP/RNQ1KB1R w KQkq -,MODEL_PREDICTION_NOT_EMPIRICAL
LON-04,B2,1100,maia3-79m,8,d2d3,d3,0.005036455579102039,0.9878678212407976,0.42561317674662125,493,27,480,r3kb1r/pp2pppp/1qn2n2/3p1b2/3P1B2/2P2N2/PP3PPP/RNQ1KB1R w KQkq -,MODEL_PREDICTION_NOT_EMPIRICAL
LON-04,B2,1100,maia3-79m,9,b1c3,Nc3,0.004941529594361782,0.9878678212407976,0.42561317674662125,507,27,466,r3kb1r/pp2pppp/1qn2n2/3p1b2/3P1B2/2P2N2/PP3PPP/RNQ1KB1R w KQkq -,MODEL_PREDICTION_NOT_EMPIRICAL
LON-04,B2,1100,maia3-79m,10,f2f4,f4,0.0035755394492298365,0.9878678212407976,0.42561317674662125,500,26,474,r3kb1r/pp2pppp/1qn2n2/3p1b2/3P1B2/2P2N2/PP3PPP/RNQ1KB1R w KQkq -,MODEL_PREDICTION_NOT_EMPIRICAL
LON-04,B2,1300,maia3-79m,1,e2e4,e4,0.6652060747146606,0.9883486481849104,0.4312486267262949,508,25,467,r3kb1r/pp2pppp/1qn2n2/3p1b2/3P1B2/2P2N2/PP3PPP/RNQ1KB1R w KQkq -,MODEL_PREDICTION_NOT_EMPIRICAL
LON-04,B2,1300,maia3-79m,2,d2d4,d4,0.23515543341636658,0.9883486481849104,0.4312486267262949,519,26,455,r3kb1r/pp2pppp/1qn2n2/3p1b2/3P1B2/2P2N2/PP3PPP/RNQ1KB1R w KQkq -,MODEL_PREDICTION_NOT_EMPIRICAL
LON-04,B2,1300,maia3-79m,3,g1f3,Nf3,0.019363317638635635,0.9883486481849104,0.4312486267262949,521,27,452,r3kb1r/pp2pppp/1qn2n2/3p1b2/3P1B2/2P2N2/PP3PPP/RNQ1KB1R w KQkq -,MODEL_PREDICTION_NOT_EMPIRICAL
LON-04,B2,1300,maia3-79m,4,c2c4,c4,0.018627913668751717,0.9883486481849104,0.4312486267262949,513,25,462,r3kb1r/pp2pppp/1qn2n2/3p1b2/3P1B2/2P2N2/PP3PPP/RNQ1KB1R w KQkq -,MODEL_PREDICTION_NOT_EMPIRICAL
LON-04,B2,1300,maia3-79m,5,e2e3,e3,0.017626332119107246,0.9883486481849104,0.4312486267262949,499,26,475,r3kb1r/pp2pppp/1qn2n2/3p1b2/3P1B2/2P2N2/PP3PPP/RNQ1KB1R w KQkq -,MODEL_PREDICTION_NOT_EMPIRICAL
LON-04,B2,1300,maia3-79m,6,g2g3,g3,0.011335160583257675,0.9883486481849104,0.4312486267262949,500,27,473,r3kb1r/pp2pppp/1qn2n2/3p1b2/3P1B2/2P2N2/PP3PPP/RNQ1KB1R w KQkq -,MODEL_PREDICTION_NOT_EMPIRICAL
LON-04,B2,1300,maia3-79m,7,b2b3,b3,0.008808943443000317,0.9883486481849104,0.4312486267262949,503,26,471,r3kb1r/pp2pppp/1qn2n2/3p1b2/3P1B2/2P2N2/PP3PPP/RNQ1KB1R w KQkq -,MODEL_PREDICTION_NOT_EMPIRICAL
LON-04,B2,1300,maia3-79m,8,d2d3,d3,0.004596428479999304,0.9883486481849104,0.4312486267262949,494,27,479,r3kb1r/pp2pppp/1qn2n2/3p1b2/3P1B2/2P2N2/PP3PPP/RNQ1KB1R w KQkq -,MODEL_PREDICTION_NOT_EMPIRICAL
LON-04,B2,1300,maia3-79m,9,f2f4,f4,0.0041140238754451275,0.9883486481849104,0.4312486267262949,506,25,469,r3kb1r/pp2pppp/1qn2n2/3p1b2/3P1B2/2P2N2/PP3PPP/RNQ1KB1R w KQkq -,MODEL_PREDICTION_NOT_EMPIRICAL
LON-04,B2,1300,maia3-79m,10,b1c3,Nc3,0.0035150202456861734,0.9883486481849104,0.4312486267262949,513,26,461,r3kb1r/pp2pppp/1qn2n2/3p1b2/3P1B2/2P2N2/PP3PPP/RNQ1KB1R w KQkq -,MODEL_PREDICTION_NOT_EMPIRICAL
LON-04,B2,1500,maia3-79m,1,e2e4,e4,0.6482347846031189,0.9890689314343035,0.44840463559511406,505,27,468,r3kb1r/pp2pppp/1qn2n2/3p1b2/3P1B2/2P2N2/PP3PPP/RNQ1KB1R w KQkq -,MODEL_PREDICTION_NOT_EMPIRICAL
LON-04,B2,1500,maia3-79m,2,d2d4,d4,0.24543097615242004,0.9890689314343035,0.44840463559511406,515,28,457,r3kb1r/pp2pppp/1qn2n2/3p1b2/3P1B2/2P2N2/PP3PPP/RNQ1KB1R w KQkq -,MODEL_PREDICTION_NOT_EMPIRICAL
LON-04,B2,1500,maia3-79m,3,c2c4,c4,0.02303183265030384,0.9890689314343035,0.44840463559511406,511,27,462,r3kb1r/pp2pppp/1qn2n2/3p1b2/3P1B2/2P2N2/PP3PPP/RNQ1KB1R w KQkq -,MODEL_PREDICTION_NOT_EMPIRICAL
LON-04,B2,1500,maia3-79m,4,g1f3,Nf3,0.02068304643034935,0.9890689314343035,0.44840463559511406,525,27,448,r3kb1r/pp2pppp/1qn2n2/3p1b2/3P1B2/2P2N2/PP3PPP/RNQ1KB1R w KQkq -,MODEL_PREDICTION_NOT_EMPIRICAL
LON-04,B2,1500,maia3-79m,5,e2e3,e3,0.015259450301527977,0.9890689314343035,0.44840463559511406,497,27,476,r3kb1r/pp2pppp/1qn2n2/3p1b2/3P1B2/2P2N2/PP3PPP/RNQ1KB1R w KQkq -,MODEL_PREDICTION_NOT_EMPIRICAL
LON-04,B2,1500,maia3-79m,6,g2g3,g3,0.011820637620985508,0.9890689314343035,0.44840463559511406,503,28,469,r3kb1r/pp2pppp/1qn2n2/3p1b2/3P1B2/2P2N2/PP3PPP/RNQ1KB1R w KQkq -,MODEL_PREDICTION_NOT_EMPIRICAL
LON-04,B2,1500,maia3-79m,7,b2b3,b3,0.01035252958536148,0.9890689314343035,0.44840463559511406,505,27,468,r3kb1r/pp2pppp/1qn2n2/3p1b2/3P1B2/2P2N2/PP3PPP/RNQ1KB1R w KQkq -,MODEL_PREDICTION_NOT_EMPIRICAL
LON-04,B2,1500,maia3-79m,8,f2f4,f4,0.005875293631106615,0.9890689314343035,0.44840463559511406,507,25,468,r3kb1r/pp2pppp/1qn2n2/3p1b2/3P1B2/2P2N2/PP3PPP/RNQ1KB1R w KQkq -,MODEL_PREDICTION_NOT_EMPIRICAL
LON-04,B2,1500,maia3-79m,9,d2d3,d3,0.00447371369227767,0.9890689314343035,0.44840463559511406,496,28,476,r3kb1r/pp2pppp/1qn2n2/3p1b2/3P1B2/2P2N2/PP3PPP/RNQ1KB1R w KQkq -,MODEL_PREDICTION_NOT_EMPIRICAL
LON-04,B2,1500,maia3-79m,10,b2b4,b4,0.00390666676685214,0.9890689314343035,0.44840463559511406,515,24,461,r3kb1r/pp2pppp/1qn2n2/3p1b2/3P1B2/2P2N2/PP3PPP/RNQ1KB1R w KQkq -,MODEL_PREDICTION_NOT_EMPIRICAL
LON-04,B2,1700,maia3-79m,1,e2e4,e4,0.625694990158081,0.9896683357656002,0.47033680283448054,504,29,467,r3kb1r/pp2pppp/1qn2n2/3p1b2/3P1B2/2P2N2/PP3PPP/RNQ1KB1R w KQkq -,MODEL_PREDICTION_NOT_EMPIRICAL
LON-04,B2,1700,maia3-79m,2,d2d4,d4,0.257449209690094,0.9896683357656002,0.47033680283448054,515,31,454,r3kb1r/pp2pppp/1qn2n2/3p1b2/3P1B2/2P2N2/PP3PPP/RNQ1KB1R w KQkq -,MODEL_PREDICTION_NOT_EMPIRICAL
LON-04,B2,1700,maia3-79m,3,c2c4,c4,0.029208268970251083,0.9896683357656002,0.47033680283448054,513,30,457,r3kb1r/pp2pppp/1qn2n2/3p1b2/3P1B2/2P2N2/PP3PPP/RNQ1KB1R w KQkq -,MODEL_PREDICTION_NOT_EMPIRICAL
LON-04,B2,1700,maia3-79m,4,g1f3,Nf3,0.023894039914011955,0.9896683357656002,0.47033680283448054,530,30,440,r3kb1r/pp2pppp/1qn2n2/3p1b2/3P1B2/2P2N2/PP3PPP/RNQ1KB1R w KQkq -,MODEL_PREDICTION_NOT_EMPIRICAL
LON-04,B2,1700,maia3-79m,5,e2e3,e3,0.012733161449432373,0.9896683357656002,0.47033680283448054,501,29,470,r3kb1r/pp2pppp/1qn2n2/3p1b2/3P1B2/2P2N2/PP3PPP/RNQ1KB1R w KQkq -,MODEL_PREDICTION_NOT_EMPIRICAL
LON-04,B2,1700,maia3-79m,6,g2g3,g3,0.011797066777944565,0.9896683357656002,0.47033680283448054,508,30,462,r3kb1r/pp2pppp/1qn2n2/3p1b2/3P1B2/2P2N2/PP3PPP/RNQ1KB1R w KQkq -,MODEL_PREDICTION_NOT_EMPIRICAL
LON-04,B2,1700,maia3-79m,7,b2b3,b3,0.011401703581213951,0.9896683357656002,0.47033680283448054,510,29,461,r3kb1r/pp2pppp/1qn2n2/3p1b2/3P1B2/2P2N2/PP3PPP/RNQ1KB1R w KQkq -,MODEL_PREDICTION_NOT_EMPIRICAL
LON-04,B2,1700,maia3-79m,8,f2f4,f4,0.00882899109274149,0.9896683357656002,0.47033680283448054,507,28,465,r3kb1r/pp2pppp/1qn2n2/3p1b2/3P1B2/2P2N2/PP3PPP/RNQ1KB1R w KQkq -,MODEL_PREDICTION_NOT_EMPIRICAL
LON-04,B2,1700,maia3-79m,9,b2b4,b4,0.004424287937581539,0.9896683357656002,0.47033680283448054,518,27,455,r3kb1r/pp2pppp/1qn2n2/3p1b2/3P1B2/2P2N2/PP3PPP/RNQ1KB1R w KQkq -,MODEL_PREDICTION_NOT_EMPIRICAL
LON-04,B2,1700,maia3-79m,10,d2d3,d3,0.0042366161942481995,0.9896683357656002,0.47033680283448054,500,30,470,r3kb1r/pp2pppp/1qn2n2/3p1b2/3P1B2/2P2N2/PP3PPP/RNQ1KB1R w KQkq -,MODEL_PREDICTION_NOT_EMPIRICAL
LON-04,B2,1900,maia3-79m,1,e2e4,e4,0.5982585549354553,0.9897327157668769,0.4932666454104177,503,33,464,r3kb1r/pp2pppp/1qn2n2/3p1b2/3P1B2/2P2N2/PP3PPP/RNQ1KB1R w KQkq -,MODEL_PREDICTION_NOT_EMPIRICAL
LON-04,B2,1900,maia3-79m,2,d2d4,d4,0.27083200216293335,0.9897327157668769,0.4932666454104177,513,36,451,r3kb1r/pp2pppp/1qn2n2/3p1b2/3P1B2/2P2N2/PP3PPP/RNQ1KB1R w KQkq -,MODEL_PREDICTION_NOT_EMPIRICAL
LON-04,B2,1900,maia3-79m,3,c2c4,c4,0.03720775246620178,0.9897327157668769,0.4932666454104177,512,35,453,r3kb1r/pp2pppp/1qn2n2/3p1b2/3P1B2/2P2N2/PP3PPP/RNQ1KB1R w KQkq -,MODEL_PREDICTION_NOT_EMPIRICAL
LON-04,B2,1900,maia3-79m,4,g1f3,Nf3,0.030766692012548447,0.9897327157668769,0.4932666454104177,527,36,437,r3kb1r/pp2pppp/1qn2n2/3p1b2/3P1B2/2P2N2/PP3PPP/RNQ1KB1R w KQkq -,MODEL_PREDICTION_NOT_EMPIRICAL
LON-04,B2,1900,maia3-79m,5,f2f4,f4,0.012273138388991356,0.9897327157668769,0.4932666454104177,504,32,464,r3kb1r/pp2pppp/1qn2n2/3p1b2/3P1B2/2P2N2/PP3PPP/RNQ1KB1R w KQkq -,MODEL_PREDICTION_NOT_EMPIRICAL
LON-04,B2,1900,maia3-79m,6,b2b3,b3,0.011618333868682384,0.9897327157668769,0.4932666454104177,513,34,453,r3kb1r/pp2pppp/1qn2n2/3p1b2/3P1B2/2P2N2/PP3PPP/RNQ1KB1R w KQkq -,MODEL_PREDICTION_NOT_EMPIRICAL
LON-04,B2,1900,maia3-79m,7,g2g3,g3,0.010595535859465599,0.9897327157668769,0.4932666454104177,509,35,456,r3kb1r/pp2pppp/1qn2n2/3p1b2/3P1B2/2P2N2/PP3PPP/RNQ1KB1R w KQkq -,MODEL_PREDICTION_NOT_EMPIRICAL
LON-04,B2,1900,maia3-79m,8,e2e3,e3,0.009855199605226517,0.9897327157668769,0.4932666454104177,501,34,465,r3kb1r/pp2pppp/1qn2n2/3p1b2/3P1B2/2P2N2/PP3PPP/RNQ1KB1R w KQkq -,MODEL_PREDICTION_NOT_EMPIRICAL
LON-04,B2,1900,maia3-79m,9,b2b4,b4,0.0044146692380309105,0.9897327157668769,0.4932666454104177,517,31,452,r3kb1r/pp2pppp/1qn2n2/3p1b2/3P1B2/2P2N2/PP3PPP/RNQ1KB1R w KQkq -,MODEL_PREDICTION_NOT_EMPIRICAL
LON-04,B2,1900,maia3-79m,10,d2d3,d3,0.0039108372293412685,0.9897327157668769,0.4932666454104177,497,35,468,r3kb1r/pp2pppp/1qn2n2/3p1b2/3P1B2/2P2N2/PP3PPP/RNQ1KB1R w KQkq -,MODEL_PREDICTION_NOT_EMPIRICAL
LON-04,B2,2100,maia3-79m,1,e2e4,e4,0.5516610741615295,0.9894236333202571,0.5245369929792545,498,41,461,r3kb1r/pp2pppp/1qn2n2/3p1b2/3P1B2/2P2N2/PP3PPP/RNQ1KB1R w KQkq -,MODEL_PREDICTION_NOT_EMPIRICAL
LON-04,B2,2100,maia3-79m,2,d2d4,d4,0.29356226325035095,0.9894236333202571,0.5245369929792545,510,44,446,r3kb1r/pp2pppp/1qn2n2/3p1b2/3P1B2/2P2N2/PP3PPP/RNQ1KB1R w KQkq -,MODEL_PREDICTION_NOT_EMPIRICAL
LON-04,B2,2100,maia3-79m,3,g1f3,Nf3,0.0481594055891037,0.9894236333202571,0.5245369929792545,516,45,439,r3kb1r/pp2pppp/1qn2n2/3p1b2/3P1B2/2P2N2/PP3PPP/RNQ1KB1R w KQkq -,MODEL_PREDICTION_NOT_EMPIRICAL
LON-04,B2,2100,maia3-79m,4,c2c4,c4,0.0476539246737957,0.9894236333202571,0.5245369929792545,507,43,450,r3kb1r/pp2pppp/1qn2n2/3p1b2/3P1B2/2P2N2/PP3PPP/RNQ1KB1R w KQkq -,MODEL_PREDICTION_NOT_EMPIRICAL
LON-04,B2,2100,maia3-79m,5,f2f4,f4,0.012484685517847538,0.9894236333202571,0.5245369929792545,497,40,463,r3kb1r/pp2pppp/1qn2n2/3p1b2/3P1B2/2P2N2/PP3PPP/RNQ1KB1R w KQkq -,MODEL_PREDICTION_NOT_EMPIRICAL
LON-04,B2,2100,maia3-79m,6,b2b3,b3,0.012168200686573982,0.9894236333202571,0.5245369929792545,507,42,451,r3kb1r/pp2pppp/1qn2n2/3p1b2/3P1B2/2P2N2/PP3PPP/RNQ1KB1R w KQkq -,MODEL_PREDICTION_NOT_EMPIRICAL
LON-04,B2,2100,maia3-79m,7,g2g3,g3,0.008714002557098866,0.9894236333202571,0.5245369929792545,505,42,453,r3kb1r/pp2pppp/1qn2n2/3p1b2/3P1B2/2P2N2/PP3PPP/RNQ1KB1R w KQkq -,MODEL_PREDICTION_NOT_EMPIRICAL
LON-04,B2,2100,maia3-79m,8,e2e3,e3,0.006894053891301155,0.9894236333202571,0.5245369929792545,497,43,460,r3kb1r/pp2pppp/1qn2n2/3p1b2/3P1B2/2P2N2/PP3PPP/RNQ1KB1R w KQkq -,MODEL_PREDICTION_NOT_EMPIRICAL
LON-04,B2,2100,maia3-79m,9,b1c3,Nc3,0.0044635990634560585,0.9894236333202571,0.5245369929792545,521,42,437,r3kb1r/pp2pppp/1qn2n2/3p1b2/3P1B2/2P2N2/PP3PPP/RNQ1KB1R w KQkq -,MODEL_PREDICTION_NOT_EMPIRICAL
LON-04,B2,2100,maia3-79m,10,d2d3,d3,0.0036624239291995764,0.9894236333202571,0.5245369929792545,489,44,467,r3kb1r/pp2pppp/1qn2n2/3p1b2/3P1B2/2P2N2/PP3PPP/RNQ1KB1R w KQkq -,MODEL_PREDICTION_NOT_EMPIRICAL
LON-09,B2,1100,maia3-79m,1,e2e4,e4,0.6771548986434937,0.9878678212407976,0.42561317674662125,513,26,461,r3kb1r/pp2pppp/1qn2n2/2pp4/3P1Bb1/1PP1PN2/P4PPP/RN1QKB1R w KQkq -,MODEL_PREDICTION_NOT_EMPIRICAL
LON-09,B2,1100,maia3-79m,2,d2d4,d4,0.22272434830665588,0.9878678212407976,0.42561317674662125,521,27,452,r3kb1r/pp2pppp/1qn2n2/2pp4/3P1Bb1/1PP1PN2/P4PPP/RN1QKB1R w KQkq -,MODEL_PREDICTION_NOT_EMPIRICAL
LON-09,B2,1100,maia3-79m,3,e2e3,e3,0.020852725952863693,0.9878678212407976,0.42561317674662125,500,27,473,r3kb1r/pp2pppp/1qn2n2/2pp4/3P1Bb1/1PP1PN2/P4PPP/RN1QKB1R w KQkq -,MODEL_PREDICTION_NOT_EMPIRICAL
LON-09,B2,1100,maia3-79m,4,g1f3,Nf3,0.0199762973934412,0.9878678212407976,0.42561317674662125,517,27,456,r3kb1r/pp2pppp/1qn2n2/2pp4/3P1Bb1/1PP1PN2/P4PPP/RN1QKB1R w KQkq -,MODEL_PREDICTION_NOT_EMPIRICAL
LON-09,B2,1100,maia3-79m,5,c2c4,c4,0.015163088217377663,0.9878678212407976,0.42561317674662125,513,25,462,r3kb1r/pp2pppp/1qn2n2/2pp4/3P1Bb1/1PP1PN2/P4PPP/RN1QKB1R w KQkq -,MODEL_PREDICTION_NOT_EMPIRICAL
LON-09,B2,1100,maia3-79m,6,g2g3,g3,0.010951454751193523,0.9878678212407976,0.42561317674662125,497,27,476,r3kb1r/pp2pppp/1qn2n2/2pp4/3P1Bb1/1PP1PN2/P4PPP/RN1QKB1R w KQkq -,MODEL_PREDICTION_NOT_EMPIRICAL
LON-09,B2,1100,maia3-79m,7,b2b3,b3,0.007491483353078365,0.9878678212407976,0.42561317674662125,494,27,479,r3kb1r/pp2pppp/1qn2n2/2pp4/3P1Bb1/1PP1PN2/P4PPP/RN1QKB1R w KQkq -,MODEL_PREDICTION_NOT_EMPIRICAL
LON-09,B2,1100,maia3-79m,8,d2d3,d3,0.005036455579102039,0.9878678212407976,0.42561317674662125,493,27,480,r3kb1r/pp2pppp/1qn2n2/2pp4/3P1Bb1/1PP1PN2/P4PPP/RN1QKB1R w KQkq -,MODEL_PREDICTION_NOT_EMPIRICAL
LON-09,B2,1100,maia3-79m,9,b1c3,Nc3,0.004941529594361782,0.9878678212407976,0.42561317674662125,507,27,466,r3kb1r/pp2pppp/1qn2n2/2pp4/3P1Bb1/1PP1PN2/P4PPP/RN1QKB1R w KQkq -,MODEL_PREDICTION_NOT_EMPIRICAL
LON-09,B2,1100,maia3-79m,10,f2f4,f4,0.0035755394492298365,0.9878678212407976,0.42561317674662125,500,26,474,r3kb1r/pp2pppp/1qn2n2/2pp4/3P1Bb1/1PP1PN2/P4PPP/RN1QKB1R w KQkq -,MODEL_PREDICTION_NOT_EMPIRICAL
LON-09,B2,1300,maia3-79m,1,e2e4,e4,0.6652060747146606,0.9883486481849104,0.4312486267262949,508,25,467,r3kb1r/pp2pppp/1qn2n2/2pp4/3P1Bb1/1PP1PN2/P4PPP/RN1QKB1R w KQkq -,MODEL_PREDICTION_NOT_EMPIRICAL
LON-09,B2,1300,maia3-79m,2,d2d4,d4,0.23515543341636658,0.9883486481849104,0.4312486267262949,519,26,455,r3kb1r/pp2pppp/1qn2n2/2pp4/3P1Bb1/1PP1PN2/P4PPP/RN1QKB1R w KQkq -,MODEL_PREDICTION_NOT_EMPIRICAL
LON-09,B2,1300,maia3-79m,3,g1f3,Nf3,0.019363317638635635,0.9883486481849104,0.4312486267262949,521,27,452,r3kb1r/pp2pppp/1qn2n2/2pp4/3P1Bb1/1PP1PN2/P4PPP/RN1QKB1R w KQkq -,MODEL_PREDICTION_NOT_EMPIRICAL
LON-09,B2,1300,maia3-79m,4,c2c4,c4,0.018627913668751717,0.9883486481849104,0.4312486267262949,513,25,462,r3kb1r/pp2pppp/1qn2n2/2pp4/3P1Bb1/1PP1PN2/P4PPP/RN1QKB1R w KQkq -,MODEL_PREDICTION_NOT_EMPIRICAL
LON-09,B2,1300,maia3-79m,5,e2e3,e3,0.017626332119107246,0.9883486481849104,0.4312486267262949,499,26,475,r3kb1r/pp2pppp/1qn2n2/2pp4/3P1Bb1/1PP1PN2/P4PPP/RN1QKB1R w KQkq -,MODEL_PREDICTION_NOT_EMPIRICAL
LON-09,B2,1300,maia3-79m,6,g2g3,g3,0.011335160583257675,0.9883486481849104,0.4312486267262949,500,27,473,r3kb1r/pp2pppp/1qn2n2/2pp4/3P1Bb1/1PP1PN2/P4PPP/RN1QKB1R w KQkq -,MODEL_PREDICTION_NOT_EMPIRICAL
LON-09,B2,1300,maia3-79m,7,b2b3,b3,0.008808943443000317,0.9883486481849104,0.4312486267262949,503,26,471,r3kb1r/pp2pppp/1qn2n2/2pp4/3P1Bb1/1PP1PN2/P4PPP/RN1QKB1R w KQkq -,MODEL_PREDICTION_NOT_EMPIRICAL
LON-09,B2,1300,maia3-79m,8,d2d3,d3,0.004596428479999304,0.9883486481849104,0.4312486267262949,494,27,479,r3kb1r/pp2pppp/1qn2n2/2pp4/3P1Bb1/1PP1PN2/P4PPP/RN1QKB1R w KQkq -,MODEL_PREDICTION_NOT_EMPIRICAL
LON-09,B2,1300,maia3-79m,9,f2f4,f4,0.0041140238754451275,0.9883486481849104,0.4312486267262949,506,25,469,r3kb1r/pp2pppp/1qn2n2/2pp4/3P1Bb1/1PP1PN2/P4PPP/RN1QKB1R w KQkq -,MODEL_PREDICTION_NOT_EMPIRICAL
LON-09,B2,1300,maia3-79m,10,b1c3,Nc3,0.0035150202456861734,0.9883486481849104,0.4312486267262949,513,26,461,r3kb1r/pp2pppp/1qn2n2/2pp4/3P1Bb1/1PP1PN2/P4PPP/RN1QKB1R w KQkq -,MODEL_PREDICTION_NOT_EMPIRICAL
LON-09,B2,1500,maia3-79m,1,e2e4,e4,0.6482347846031189,0.9890689314343035,0.44840463559511406,505,27,468,r3kb1r/pp2pppp/1qn2n2/2pp4/3P1Bb1/1PP1PN2/P4PPP/RN1QKB1R w KQkq -,MODEL_PREDICTION_NOT_EMPIRICAL
LON-09,B2,1500,maia3-79m,2,d2d4,d4,0.24543097615242004,0.9890689314343035,0.44840463559511406,515,28,457,r3kb1r/pp2pppp/1qn2n2/2pp4/3P1Bb1/1PP1PN2/P4PPP/RN1QKB1R w KQkq -,MODEL_PREDICTION_NOT_EMPIRICAL
LON-09,B2,1500,maia3-79m,3,c2c4,c4,0.02303183265030384,0.9890689314343035,0.44840463559511406,511,27,462,r3kb1r/pp2pppp/1qn2n2/2pp4/3P1Bb1/1PP1PN2/P4PPP/RN1QKB1R w KQkq -,MODEL_PREDICTION_NOT_EMPIRICAL
LON-09,B2,1500,maia3-79m,4,g1f3,Nf3,0.02068304643034935,0.9890689314343035,0.44840463559511406,525,27,448,r3kb1r/pp2pppp/1qn2n2/2pp4/3P1Bb1/1PP1PN2/P4PPP/RN1QKB1R w KQkq -,MODEL_PREDICTION_NOT_EMPIRICAL
LON-09,B2,1500,maia3-79m,5,e2e3,e3,0.015259450301527977,0.9890689314343035,0.44840463559511406,497,27,476,r3kb1r/pp2pppp/1qn2n2/2pp4/3P1Bb1/1PP1PN2/P4PPP/RN1QKB1R w KQkq -,MODEL_PREDICTION_NOT_EMPIRICAL
LON-09,B2,1500,maia3-79m,6,g2g3,g3,0.011820637620985508,0.9890689314343035,0.44840463559511406,503,28,469,r3kb1r/pp2pppp/1qn2n2/2pp4/3P1Bb1/1PP1PN2/P4PPP/RN1QKB1R w KQkq -,MODEL_PREDICTION_NOT_EMPIRICAL
LON-09,B2,1500,maia3-79m,7,b2b3,b3,0.01035252958536148,0.9890689314343035,0.44840463559511406,505,27,468,r3kb1r/pp2pppp/1qn2n2/2pp4/3P1Bb1/1PP1PN2/P4PPP/RN1QKB1R w KQkq -,MODEL_PREDICTION_NOT_EMPIRICAL
LON-09,B2,1500,maia3-79m,8,f2f4,f4,0.005875293631106615,0.9890689314343035,0.44840463559511406,507,25,468,r3kb1r/pp2pppp/1qn2n2/2pp4/3P1Bb1/1PP1PN2/P4PPP/RN1QKB1R w KQkq -,MODEL_PREDICTION_NOT_EMPIRICAL
LON-09,B2,1500,maia3-79m,9,d2d3,d3,0.00447371369227767,0.9890689314343035,0.44840463559511406,496,28,476,r3kb1r/pp2pppp/1qn2n2/2pp4/3P1Bb1/1PP1PN2/P4PPP/RN1QKB1R w KQkq -,MODEL_PREDICTION_NOT_EMPIRICAL
LON-09,B2,1500,maia3-79m,10,b2b4,b4,0.00390666676685214,0.9890689314343035,0.44840463559511406,515,24,461,r3kb1r/pp2pppp/1qn2n2/2pp4/3P1Bb1/1PP1PN2/P4PPP/RN1QKB1R w KQkq -,MODEL_PREDICTION_NOT_EMPIRICAL
LON-09,B2,1700,maia3-79m,1,e2e4,e4,0.625694990158081,0.9896683357656002,0.47033680283448054,504,29,467,r3kb1r/pp2pppp/1qn2n2/2pp4/3P1Bb1/1PP1PN2/P4PPP/RN1QKB1R w KQkq -,MODEL_PREDICTION_NOT_EMPIRICAL
LON-09,B2,1700,maia3-79m,2,d2d4,d4,0.257449209690094,0.9896683357656002,0.47033680283448054,515,31,454,r3kb1r/pp2pppp/1qn2n2/2pp4/3P1Bb1/1PP1PN2/P4PPP/RN1QKB1R w KQkq -,MODEL_PREDICTION_NOT_EMPIRICAL
LON-09,B2,1700,maia3-79m,3,c2c4,c4,0.029208268970251083,0.9896683357656002,0.47033680283448054,513,30,457,r3kb1r/pp2pppp/1qn2n2/2pp4/3P1Bb1/1PP1PN2/P4PPP/RN1QKB1R w KQkq -,MODEL_PREDICTION_NOT_EMPIRICAL
LON-09,B2,1700,maia3-79m,4,g1f3,Nf3,0.023894039914011955,0.9896683357656002,0.47033680283448054,530,30,440,r3kb1r/pp2pppp/1qn2n2/2pp4/3P1Bb1/1PP1PN2/P4PPP/RN1QKB1R w KQkq -,MODEL_PREDICTION_NOT_EMPIRICAL
LON-09,B2,1700,maia3-79m,5,e2e3,e3,0.012733161449432373,0.9896683357656002,0.47033680283448054,501,29,470,r3kb1r/pp2pppp/1qn2n2/2pp4/3P1Bb1/1PP1PN2/P4PPP/RN1QKB1R w KQkq -,MODEL_PREDICTION_NOT_EMPIRICAL
LON-09,B2,1700,maia3-79m,6,g2g3,g3,0.011797066777944565,0.9896683357656002,0.47033680283448054,508,30,462,r3kb1r/pp2pppp/1qn2n2/2pp4/3P1Bb1/1PP1PN2/P4PPP/RN1QKB1R w KQkq -,MODEL_PREDICTION_NOT_EMPIRICAL
LON-09,B2,1700,maia3-79m,7,b2b3,b3,0.011401703581213951,0.9896683357656002,0.47033680283448054,510,29,461,r3kb1r/pp2pppp/1qn2n2/2pp4/3P1Bb1/1PP1PN2/P4PPP/RN1QKB1R w KQkq -,MODEL_PREDICTION_NOT_EMPIRICAL
LON-09,B2,1700,maia3-79m,8,f2f4,f4,0.00882899109274149,0.9896683357656002,0.47033680283448054,507,28,465,r3kb1r/pp2pppp/1qn2n2/2pp4/3P1Bb1/1PP1PN2/P4PPP/RN1QKB1R w KQkq -,MODEL_PREDICTION_NOT_EMPIRICAL
LON-09,B2,1700,maia3-79m,9,b2b4,b4,0.004424287937581539,0.9896683357656002,0.47033680283448054,518,27,455,r3kb1r/pp2pppp/1qn2n2/2pp4/3P1Bb1/1PP1PN2/P4PPP/RN1QKB1R w KQkq -,MODEL_PREDICTION_NOT_EMPIRICAL
LON-09,B2,1700,maia3-79m,10,d2d3,d3,0.0042366161942481995,0.9896683357656002,0.47033680283448054,500,30,470,r3kb1r/pp2pppp/1qn2n2/2pp4/3P1Bb1/1PP1PN2/P4PPP/RN1QKB1R w KQkq -,MODEL_PREDICTION_NOT_EMPIRICAL
LON-09,B2,1900,maia3-79m,1,e2e4,e4,0.5982585549354553,0.9897327157668769,0.4932666454104177,503,33,464,r3kb1r/pp2pppp/1qn2n2/2pp4/3P1Bb1/1PP1PN2/P4PPP/RN1QKB1R w KQkq -,MODEL_PREDICTION_NOT_EMPIRICAL
LON-09,B2,1900,maia3-79m,2,d2d4,d4,0.27083200216293335,0.9897327157668769,0.4932666454104177,513,36,451,r3kb1r/pp2pppp/1qn2n2/2pp4/3P1Bb1/1PP1PN2/P4PPP/RN1QKB1R w KQkq -,MODEL_PREDICTION_NOT_EMPIRICAL
LON-09,B2,1900,maia3-79m,3,c2c4,c4,0.03720775246620178,0.9897327157668769,0.4932666454104177,512,35,453,r3kb1r/pp2pppp/1qn2n2/2pp4/3P1Bb1/1PP1PN2/P4PPP/RN1QKB1R w KQkq -,MODEL_PREDICTION_NOT_EMPIRICAL
LON-09,B2,1900,maia3-79m,4,g1f3,Nf3,0.030766692012548447,0.9897327157668769,0.4932666454104177,527,36,437,r3kb1r/pp2pppp/1qn2n2/2pp4/3P1Bb1/1PP1PN2/P4PPP/RN1QKB1R w KQkq -,MODEL_PREDICTION_NOT_EMPIRICAL
LON-09,B2,1900,maia3-79m,5,f2f4,f4,0.012273138388991356,0.9897327157668769,0.4932666454104177,504,32,464,r3kb1r/pp2pppp/1qn2n2/2pp4/3P1Bb1/1PP1PN2/P4PPP/RN1QKB1R w KQkq -,MODEL_PREDICTION_NOT_EMPIRICAL
LON-09,B2,1900,maia3-79m,6,b2b3,b3,0.011618333868682384,0.9897327157668769,0.4932666454104177,513,34,453,r3kb1r/pp2pppp/1qn2n2/2pp4/3P1Bb1/1PP1PN2/P4PPP/RN1QKB1R w KQkq -,MODEL_PREDICTION_NOT_EMPIRICAL
LON-09,B2,1900,maia3-79m,7,g2g3,g3,0.010595535859465599,0.9897327157668769,0.4932666454104177,509,35,456,r3kb1r/pp2pppp/1qn2n2/2pp4/3P1Bb1/1PP1PN2/P4PPP/RN1QKB1R w KQkq -,MODEL_PREDICTION_NOT_EMPIRICAL
LON-09,B2,1900,maia3-79m,8,e2e3,e3,0.009855199605226517,0.9897327157668769,0.4932666454104177,501,34,465,r3kb1r/pp2pppp/1qn2n2/2pp4/3P1Bb1/1PP1PN2/P4PPP/RN1QKB1R w KQkq -,MODEL_PREDICTION_NOT_EMPIRICAL
LON-09,B2,1900,maia3-79m,9,b2b4,b4,0.0044146692380309105,0.9897327157668769,0.4932666454104177,517,31,452,r3kb1r/pp2pppp/1qn2n2/2pp4/3P1Bb1/1PP1PN2/P4PPP/RN1QKB1R w KQkq -,MODEL_PREDICTION_NOT_EMPIRICAL
LON-09,B2,1900,maia3-79m,10,d2d3,d3,0.0039108372293412685,0.9897327157668769,0.4932666454104177,497,35,468,r3kb1r/pp2pppp/1qn2n2/2pp4/3P1Bb1/1PP1PN2/P4PPP/RN1QKB1R w KQkq -,MODEL_PREDICTION_NOT_EMPIRICAL
LON-09,B2,2100,maia3-79m,1,e2e4,e4,0.5516610741615295,0.9894236333202571,0.5245369929792545,498,41,461,r3kb1r/pp2pppp/1qn2n2/2pp4/3P1Bb1/1PP1PN2/P4PPP/RN1QKB1R w KQkq -,MODEL_PREDICTION_NOT_EMPIRICAL
LON-09,B2,2100,maia3-79m,2,d2d4,d4,0.29356226325035095,0.9894236333202571,0.5245369929792545,510,44,446,r3kb1r/pp2pppp/1qn2n2/2pp4/3P1Bb1/1PP1PN2/P4PPP/RN1QKB1R w KQkq -,MODEL_PREDICTION_NOT_EMPIRICAL
LON-09,B2,2100,maia3-79m,3,g1f3,Nf3,0.0481594055891037,0.9894236333202571,0.5245369929792545,516,45,439,r3kb1r/pp2pppp/1qn2n2/2pp4/3P1Bb1/1PP1PN2/P4PPP/RN1QKB1R w KQkq -,MODEL_PREDICTION_NOT_EMPIRICAL
LON-09,B2,2100,maia3-79m,4,c2c4,c4,0.0476539246737957,0.9894236333202571,0.5245369929792545,507,43,450,r3kb1r/pp2pppp/1qn2n2/2pp4/3P1Bb1/1PP1PN2/P4PPP/RN1QKB1R w KQkq -,MODEL_PREDICTION_NOT_EMPIRICAL
LON-09,B2,2100,maia3-79m,5,f2f4,f4,0.012484685517847538,0.9894236333202571,0.5245369929792545,497,40,463,r3kb1r/pp2pppp/1qn2n2/2pp4/3P1Bb1/1PP1PN2/P4PPP/RN1QKB1R w KQkq -,MODEL_PREDICTION_NOT_EMPIRICAL
LON-09,B2,2100,maia3-79m,6,b2b3,b3,0.012168200686573982,0.9894236333202571,0.5245369929792545,507,42,451,r3kb1r/pp2pppp/1qn2n2/2pp4/3P1Bb1/1PP1PN2/P4PPP/RN1QKB1R w KQkq -,MODEL_PREDICTION_NOT_EMPIRICAL
LON-09,B2,2100,maia3-79m,7,g2g3,g3,0.008714002557098866,0.9894236333202571,0.5245369929792545,505,42,453,r3kb1r/pp2pppp/1qn2n2/2pp4/3P1Bb1/1PP1PN2/P4PPP/RN1QKB1R w KQkq -,MODEL_PREDICTION_NOT_EMPIRICAL
LON-09,B2,2100,maia3-79m,8,e2e3,e3,0.006894053891301155,0.9894236333202571,0.5245369929792545,497,43,460,r3kb1r/pp2pppp/1qn2n2/2pp4/3P1Bb1/1PP1PN2/P4PPP/RN1QKB1R w KQkq -,MODEL_PREDICTION_NOT_EMPIRICAL
LON-09,B2,2100,maia3-79m,9,b1c3,Nc3,0.0044635990634560585,0.9894236333202571,0.5245369929792545,521,42,437,r3kb1r/pp2pppp/1qn2n2/2pp4/3P1Bb1/1PP1PN2/P4PPP/RN1QKB1R w KQkq -,MODEL_PREDICTION_NOT_EMPIRICAL
LON-09,B2,2100,maia3-79m,10,d2d3,d3,0.0036624239291995764,0.9894236333202571,0.5245369929792545,489,44,467,r3kb1r/pp2pppp/1qn2n2/2pp4/3P1Bb1/1PP1PN2/P4PPP/RN1QKB1R w KQkq -,MODEL_PREDICTION_NOT_EMPIRICAL
JOB-12,B2,1100,maia3-79m,1,e2e4,e4,0.6771548986434937,0.9878678212407976,0.42561317674662125,513,26,461,rnb1kb1r/pp2pppp/1q3n2/2pp4/3P1B2/8/PPP1PPPP/RN1QKBNR w KQkq -,MODEL_PREDICTION_NOT_EMPIRICAL
JOB-12,B2,1100,maia3-79m,2,d2d4,d4,0.22272434830665588,0.9878678212407976,0.42561317674662125,521,27,452,rnb1kb1r/pp2pppp/1q3n2/2pp4/3P1B2/8/PPP1PPPP/RN1QKBNR w KQkq -,MODEL_PREDICTION_NOT_EMPIRICAL
JOB-12,B2,1100,maia3-79m,3,e2e3,e3,0.020852725952863693,0.9878678212407976,0.42561317674662125,500,27,473,rnb1kb1r/pp2pppp/1q3n2/2pp4/3P1B2/8/PPP1PPPP/RN1QKBNR w KQkq -,MODEL_PREDICTION_NOT_EMPIRICAL
JOB-12,B2,1100,maia3-79m,4,g1f3,Nf3,0.0199762973934412,0.9878678212407976,0.42561317674662125,517,27,456,rnb1kb1r/pp2pppp/1q3n2/2pp4/3P1B2/8/PPP1PPPP/RN1QKBNR w KQkq -,MODEL_PREDICTION_NOT_EMPIRICAL
JOB-12,B2,1100,maia3-79m,5,c2c4,c4,0.015163088217377663,0.9878678212407976,0.42561317674662125,513,25,462,rnb1kb1r/pp2pppp/1q3n2/2pp4/3P1B2/8/PPP1PPPP/RN1QKBNR w KQkq -,MODEL_PREDICTION_NOT_EMPIRICAL
JOB-12,B2,1100,maia3-79m,6,g2g3,g3,0.010951454751193523,0.9878678212407976,0.42561317674662125,497,27,476,rnb1kb1r/pp2pppp/1q3n2/2pp4/3P1B2/8/PPP1PPPP/RN1QKBNR w KQkq -,MODEL_PREDICTION_NOT_EMPIRICAL
JOB-12,B2,1100,maia3-79m,7,b2b3,b3,0.007491483353078365,0.9878678212407976,0.42561317674662125,494,27,479,rnb1kb1r/pp2pppp/1q3n2/2pp4/3P1B2/8/PPP1PPPP/RN1QKBNR w KQkq -,MODEL_PREDICTION_NOT_EMPIRICAL
JOB-12,B2,1100,maia3-79m,8,d2d3,d3,0.005036455579102039,0.9878678212407976,0.42561317674662125,493,27,480,rnb1kb1r/pp2pppp/1q3n2/2pp4/3P1B2/8/PPP1PPPP/RN1QKBNR w KQkq -,MODEL_PREDICTION_NOT_EMPIRICAL
JOB-12,B2,1100,maia3-79m,9,b1c3,Nc3,0.004941529594361782,0.9878678212407976,0.42561317674662125,507,27,466,rnb1kb1r/pp2pppp/1q3n2/2pp4/3P1B2/8/PPP1PPPP/RN1QKBNR w KQkq -,MODEL_PREDICTION_NOT_EMPIRICAL
JOB-12,B2,1100,maia3-79m,10,f2f4,f4,0.0035755394492298365,0.9878678212407976,0.42561317674662125,500,26,474,rnb1kb1r/pp2pppp/1q3n2/2pp4/3P1B2/8/PPP1PPPP/RN1QKBNR w KQkq -,MODEL_PREDICTION_NOT_EMPIRICAL
JOB-12,B2,1300,maia3-79m,1,e2e4,e4,0.6652060747146606,0.9883486481849104,0.4312486267262949,508,25,467,rnb1kb1r/pp2pppp/1q3n2/2pp4/3P1B2/8/PPP1PPPP/RN1QKBNR w KQkq -,MODEL_PREDICTION_NOT_EMPIRICAL
JOB-12,B2,1300,maia3-79m,2,d2d4,d4,0.23515543341636658,0.9883486481849104,0.4312486267262949,519,26,455,rnb1kb1r/pp2pppp/1q3n2/2pp4/3P1B2/8/PPP1PPPP/RN1QKBNR w KQkq -,MODEL_PREDICTION_NOT_EMPIRICAL
JOB-12,B2,1300,maia3-79m,3,g1f3,Nf3,0.019363317638635635,0.9883486481849104,0.4312486267262949,521,27,452,rnb1kb1r/pp2pppp/1q3n2/2pp4/3P1B2/8/PPP1PPPP/RN1QKBNR w KQkq -,MODEL_PREDICTION_NOT_EMPIRICAL
JOB-12,B2,1300,maia3-79m,4,c2c4,c4,0.018627913668751717,0.9883486481849104,0.4312486267262949,513,25,462,rnb1kb1r/pp2pppp/1q3n2/2pp4/3P1B2/8/PPP1PPPP/RN1QKBNR w KQkq -,MODEL_PREDICTION_NOT_EMPIRICAL
JOB-12,B2,1300,maia3-79m,5,e2e3,e3,0.017626332119107246,0.9883486481849104,0.4312486267262949,499,26,475,rnb1kb1r/pp2pppp/1q3n2/2pp4/3P1B2/8/PPP1PPPP/RN1QKBNR w KQkq -,MODEL_PREDICTION_NOT_EMPIRICAL
JOB-12,B2,1300,maia3-79m,6,g2g3,g3,0.011335160583257675,0.9883486481849104,0.4312486267262949,500,27,473,rnb1kb1r/pp2pppp/1q3n2/2pp4/3P1B2/8/PPP1PPPP/RN1QKBNR w KQkq -,MODEL_PREDICTION_NOT_EMPIRICAL
JOB-12,B2,1300,maia3-79m,7,b2b3,b3,0.008808943443000317,0.9883486481849104,0.4312486267262949,503,26,471,rnb1kb1r/pp2pppp/1q3n2/2pp4/3P1B2/8/PPP1PPPP/RN1QKBNR w KQkq -,MODEL_PREDICTION_NOT_EMPIRICAL
JOB-12,B2,1300,maia3-79m,8,d2d3,d3,0.004596428479999304,0.9883486481849104,0.4312486267262949,494,27,479,rnb1kb1r/pp2pppp/1q3n2/2pp4/3P1B2/8/PPP1PPPP/RN1QKBNR w KQkq -,MODEL_PREDICTION_NOT_EMPIRICAL
JOB-12,B2,1300,maia3-79m,9,f2f4,f4,0.0041140238754451275,0.9883486481849104,0.4312486267262949,506,25,469,rnb1kb1r/pp2pppp/1q3n2/2pp4/3P1B2/8/PPP1PPPP/RN1QKBNR w KQkq -,MODEL_PREDICTION_NOT_EMPIRICAL
JOB-12,B2,1300,maia3-79m,10,b1c3,Nc3,0.0035150202456861734,0.9883486481849104,0.4312486267262949,513,26,461,rnb1kb1r/pp2pppp/1q3n2/2pp4/3P1B2/8/PPP1PPPP/RN1QKBNR w KQkq -,MODEL_PREDICTION_NOT_EMPIRICAL
JOB-12,B2,1500,maia3-79m,1,e2e4,e4,0.6482347846031189,0.9890689314343035,0.44840463559511406,505,27,468,rnb1kb1r/pp2pppp/1q3n2/2pp4/3P1B2/8/PPP1PPPP/RN1QKBNR w KQkq -,MODEL_PREDICTION_NOT_EMPIRICAL
JOB-12,B2,1500,maia3-79m,2,d2d4,d4,0.24543097615242004,0.9890689314343035,0.44840463559511406,515,28,457,rnb1kb1r/pp2pppp/1q3n2/2pp4/3P1B2/8/PPP1PPPP/RN1QKBNR w KQkq -,MODEL_PREDICTION_NOT_EMPIRICAL
JOB-12,B2,1500,maia3-79m,3,c2c4,c4,0.02303183265030384,0.9890689314343035,0.44840463559511406,511,27,462,rnb1kb1r/pp2pppp/1q3n2/2pp4/3P1B2/8/PPP1PPPP/RN1QKBNR w KQkq -,MODEL_PREDICTION_NOT_EMPIRICAL
JOB-12,B2,1500,maia3-79m,4,g1f3,Nf3,0.02068304643034935,0.9890689314343035,0.44840463559511406,525,27,448,rnb1kb1r/pp2pppp/1q3n2/2pp4/3P1B2/8/PPP1PPPP/RN1QKBNR w KQkq -,MODEL_PREDICTION_NOT_EMPIRICAL
JOB-12,B2,1500,maia3-79m,5,e2e3,e3,0.015259450301527977,0.9890689314343035,0.44840463559511406,497,27,476,rnb1kb1r/pp2pppp/1q3n2/2pp4/3P1B2/8/PPP1PPPP/RN1QKBNR w KQkq -,MODEL_PREDICTION_NOT_EMPIRICAL
JOB-12,B2,1500,maia3-79m,6,g2g3,g3,0.011820637620985508,0.9890689314343035,0.44840463559511406,503,28,469,rnb1kb1r/pp2pppp/1q3n2/2pp4/3P1B2/8/PPP1PPPP/RN1QKBNR w KQkq -,MODEL_PREDICTION_NOT_EMPIRICAL
JOB-12,B2,1500,maia3-79m,7,b2b3,b3,0.01035252958536148,0.9890689314343035,0.44840463559511406,505,27,468,rnb1kb1r/pp2pppp/1q3n2/2pp4/3P1B2/8/PPP1PPPP/RN1QKBNR w KQkq -,MODEL_PREDICTION_NOT_EMPIRICAL
JOB-12,B2,1500,maia3-79m,8,f2f4,f4,0.005875293631106615,0.9890689314343035,0.44840463559511406,507,25,468,rnb1kb1r/pp2pppp/1q3n2/2pp4/3P1B2/8/PPP1PPPP/RN1QKBNR w KQkq -,MODEL_PREDICTION_NOT_EMPIRICAL
JOB-12,B2,1500,maia3-79m,9,d2d3,d3,0.00447371369227767,0.9890689314343035,0.44840463559511406,496,28,476,rnb1kb1r/pp2pppp/1q3n2/2pp4/3P1B2/8/PPP1PPPP/RN1QKBNR w KQkq -,MODEL_PREDICTION_NOT_EMPIRICAL
JOB-12,B2,1500,maia3-79m,10,b2b4,b4,0.00390666676685214,0.9890689314343035,0.44840463559511406,515,24,461,rnb1kb1r/pp2pppp/1q3n2/2pp4/3P1B2/8/PPP1PPPP/RN1QKBNR w KQkq -,MODEL_PREDICTION_NOT_EMPIRICAL
JOB-12,B2,1700,maia3-79m,1,e2e4,e4,0.625694990158081,0.9896683357656002,0.47033680283448054,504,29,467,rnb1kb1r/pp2pppp/1q3n2/2pp4/3P1B2/8/PPP1PPPP/RN1QKBNR w KQkq -,MODEL_PREDICTION_NOT_EMPIRICAL
JOB-12,B2,1700,maia3-79m,2,d2d4,d4,0.257449209690094,0.9896683357656002,0.47033680283448054,515,31,454,rnb1kb1r/pp2pppp/1q3n2/2pp4/3P1B2/8/PPP1PPPP/RN1QKBNR w KQkq -,MODEL_PREDICTION_NOT_EMPIRICAL
JOB-12,B2,1700,maia3-79m,3,c2c4,c4,0.029208268970251083,0.9896683357656002,0.47033680283448054,513,30,457,rnb1kb1r/pp2pppp/1q3n2/2pp4/3P1B2/8/PPP1PPPP/RN1QKBNR w KQkq -,MODEL_PREDICTION_NOT_EMPIRICAL
JOB-12,B2,1700,maia3-79m,4,g1f3,Nf3,0.023894039914011955,0.9896683357656002,0.47033680283448054,530,30,440,rnb1kb1r/pp2pppp/1q3n2/2pp4/3P1B2/8/PPP1PPPP/RN1QKBNR w KQkq -,MODEL_PREDICTION_NOT_EMPIRICAL
JOB-12,B2,1700,maia3-79m,5,e2e3,e3,0.012733161449432373,0.9896683357656002,0.47033680283448054,501,29,470,rnb1kb1r/pp2pppp/1q3n2/2pp4/3P1B2/8/PPP1PPPP/RN1QKBNR w KQkq -,MODEL_PREDICTION_NOT_EMPIRICAL
JOB-12,B2,1700,maia3-79m,6,g2g3,g3,0.011797066777944565,0.9896683357656002,0.47033680283448054,508,30,462,rnb1kb1r/pp2pppp/1q3n2/2pp4/3P1B2/8/PPP1PPPP/RN1QKBNR w KQkq -,MODEL_PREDICTION_NOT_EMPIRICAL
JOB-12,B2,1700,maia3-79m,7,b2b3,b3,0.011401703581213951,0.9896683357656002,0.47033680283448054,510,29,461,rnb1kb1r/pp2pppp/1q3n2/2pp4/3P1B2/8/PPP1PPPP/RN1QKBNR w KQkq -,MODEL_PREDICTION_NOT_EMPIRICAL
JOB-12,B2,1700,maia3-79m,8,f2f4,f4,0.00882899109274149,0.9896683357656002,0.47033680283448054,507,28,465,rnb1kb1r/pp2pppp/1q3n2/2pp4/3P1B2/8/PPP1PPPP/RN1QKBNR w KQkq -,MODEL_PREDICTION_NOT_EMPIRICAL
JOB-12,B2,1700,maia3-79m,9,b2b4,b4,0.004424287937581539,0.9896683357656002,0.47033680283448054,518,27,455,rnb1kb1r/pp2pppp/1q3n2/2pp4/3P1B2/8/PPP1PPPP/RN1QKBNR w KQkq -,MODEL_PREDICTION_NOT_EMPIRICAL
JOB-12,B2,1700,maia3-79m,10,d2d3,d3,0.0042366161942481995,0.9896683357656002,0.47033680283448054,500,30,470,rnb1kb1r/pp2pppp/1q3n2/2pp4/3P1B2/8/PPP1PPPP/RN1QKBNR w KQkq -,MODEL_PREDICTION_NOT_EMPIRICAL
JOB-12,B2,1900,maia3-79m,1,e2e4,e4,0.5982585549354553,0.9897327157668769,0.4932666454104177,503,33,464,rnb1kb1r/pp2pppp/1q3n2/2pp4/3P1B2/8/PPP1PPPP/RN1QKBNR w KQkq -,MODEL_PREDICTION_NOT_EMPIRICAL
JOB-12,B2,1900,maia3-79m,2,d2d4,d4,0.27083200216293335,0.9897327157668769,0.4932666454104177,513,36,451,rnb1kb1r/pp2pppp/1q3n2/2pp4/3P1B2/8/PPP1PPPP/RN1QKBNR w KQkq -,MODEL_PREDICTION_NOT_EMPIRICAL
JOB-12,B2,1900,maia3-79m,3,c2c4,c4,0.03720775246620178,0.9897327157668769,0.4932666454104177,512,35,453,rnb1kb1r/pp2pppp/1q3n2/2pp4/3P1B2/8/PPP1PPPP/RN1QKBNR w KQkq -,MODEL_PREDICTION_NOT_EMPIRICAL
JOB-12,B2,1900,maia3-79m,4,g1f3,Nf3,0.030766692012548447,0.9897327157668769,0.4932666454104177,527,36,437,rnb1kb1r/pp2pppp/1q3n2/2pp4/3P1B2/8/PPP1PPPP/RN1QKBNR w KQkq -,MODEL_PREDICTION_NOT_EMPIRICAL
JOB-12,B2,1900,maia3-79m,5,f2f4,f4,0.012273138388991356,0.9897327157668769,0.4932666454104177,504,32,464,rnb1kb1r/pp2pppp/1q3n2/2pp4/3P1B2/8/PPP1PPPP/RN1QKBNR w KQkq -,MODEL_PREDICTION_NOT_EMPIRICAL
JOB-12,B2,1900,maia3-79m,6,b2b3,b3,0.011618333868682384,0.9897327157668769,0.4932666454104177,513,34,453,rnb1kb1r/pp2pppp/1q3n2/2pp4/3P1B2/8/PPP1PPPP/RN1QKBNR w KQkq -,MODEL_PREDICTION_NOT_EMPIRICAL
JOB-12,B2,1900,maia3-79m,7,g2g3,g3,0.010595535859465599,0.9897327157668769,0.4932666454104177,509,35,456,rnb1kb1r/pp2pppp/1q3n2/2pp4/3P1B2/8/PPP1PPPP/RN1QKBNR w KQkq -,MODEL_PREDICTION_NOT_EMPIRICAL
JOB-12,B2,1900,maia3-79m,8,e2e3,e3,0.009855199605226517,0.9897327157668769,0.4932666454104177,501,34,465,rnb1kb1r/pp2pppp/1q3n2/2pp4/3P1B2/8/PPP1PPPP/RN1QKBNR w KQkq -,MODEL_PREDICTION_NOT_EMPIRICAL
JOB-12,B2,1900,maia3-79m,9,b2b4,b4,0.0044146692380309105,0.9897327157668769,0.4932666454104177,517,31,452,rnb1kb1r/pp2pppp/1q3n2/2pp4/3P1B2/8/PPP1PPPP/RN1QKBNR w KQkq -,MODEL_PREDICTION_NOT_EMPIRICAL
JOB-12,B2,1900,maia3-79m,10,d2d3,d3,0.0039108372293412685,0.9897327157668769,0.4932666454104177,497,35,468,rnb1kb1r/pp2pppp/1q3n2/2pp4/3P1B2/8/PPP1PPPP/RN1QKBNR w KQkq -,MODEL_PREDICTION_NOT_EMPIRICAL
JOB-12,B2,2100,maia3-79m,1,e2e4,e4,0.5516610741615295,0.9894236333202571,0.5245369929792545,498,41,461,rnb1kb1r/pp2pppp/1q3n2/2pp4/3P1B2/8/PPP1PPPP/RN1QKBNR w KQkq -,MODEL_PREDICTION_NOT_EMPIRICAL
JOB-12,B2,2100,maia3-79m,2,d2d4,d4,0.29356226325035095,0.9894236333202571,0.5245369929792545,510,44,446,rnb1kb1r/pp2pppp/1q3n2/2pp4/3P1B2/8/PPP1PPPP/RN1QKBNR w KQkq -,MODEL_PREDICTION_NOT_EMPIRICAL
JOB-12,B2,2100,maia3-79m,3,g1f3,Nf3,0.0481594055891037,0.9894236333202571,0.5245369929792545,516,45,439,rnb1kb1r/pp2pppp/1q3n2/2pp4/3P1B2/8/PPP1PPPP/RN1QKBNR w KQkq -,MODEL_PREDICTION_NOT_EMPIRICAL
JOB-12,B2,2100,maia3-79m,4,c2c4,c4,0.0476539246737957,0.9894236333202571,0.5245369929792545,507,43,450,rnb1kb1r/pp2pppp/1q3n2/2pp4/3P1B2/8/PPP1PPPP/RN1QKBNR w KQkq -,MODEL_PREDICTION_NOT_EMPIRICAL
JOB-12,B2,2100,maia3-79m,5,f2f4,f4,0.012484685517847538,0.9894236333202571,0.5245369929792545,497,40,463,rnb1kb1r/pp2pppp/1q3n2/2pp4/3P1B2/8/PPP1PPPP/RN1QKBNR w KQkq -,MODEL_PREDICTION_NOT_EMPIRICAL
JOB-12,B2,2100,maia3-79m,6,b2b3,b3,0.012168200686573982,0.9894236333202571,0.5245369929792545,507,42,451,rnb1kb1r/pp2pppp/1q3n2/2pp4/3P1B2/8/PPP1PPPP/RN1QKBNR w KQkq -,MODEL_PREDICTION_NOT_EMPIRICAL
JOB-12,B2,2100,maia3-79m,7,g2g3,g3,0.008714002557098866,0.9894236333202571,0.5245369929792545,505,42,453,rnb1kb1r/pp2pppp/1q3n2/2pp4/3P1B2/8/PPP1PPPP/RN1QKBNR w KQkq -,MODEL_PREDICTION_NOT_EMPIRICAL
JOB-12,B2,2100,maia3-79m,8,e2e3,e3,0.006894053891301155,0.9894236333202571,0.5245369929792545,497,43,460,rnb1kb1r/pp2pppp/1q3n2/2pp4/3P1B2/8/PPP1PPPP/RN1QKBNR w KQkq -,MODEL_PREDICTION_NOT_EMPIRICAL
JOB-12,B2,2100,maia3-79m,9,b1c3,Nc3,0.0044635990634560585,0.9894236333202571,0.5245369929792545,521,42,437,rnb1kb1r/pp2pppp/1q3n2/2pp4/3P1B2/8/PPP1PPPP/RN1QKBNR w KQkq -,MODEL_PREDICTION_NOT_EMPIRICAL
JOB-12,B2,2100,maia3-79m,10,d2d3,d3,0.0036624239291995764,0.9894236333202571,0.5245369929792545,489,44,467,rnb1kb1r/pp2pppp/1q3n2/2pp4/3P1B2/8/PPP1PPPP/RN1QKBNR w KQkq -,MODEL_PREDICTION_NOT_EMPIRICAL
TOR-10,B2,1100,maia3-79m,1,e2e4,e4,0.6771548986434937,0.9878678212407976,0.42561317674662125,513,26,461,rnb1kb1r/pp2pppp/1q6/2pp4/3PnB2/4PN2/PPP2PPP/RN1QKB1R w KQkq -,MODEL_PREDICTION_NOT_EMPIRICAL
TOR-10,B2,1100,maia3-79m,2,d2d4,d4,0.22272434830665588,0.9878678212407976,0.42561317674662125,521,27,452,rnb1kb1r/pp2pppp/1q6/2pp4/3PnB2/4PN2/PPP2PPP/RN1QKB1R w KQkq -,MODEL_PREDICTION_NOT_EMPIRICAL
TOR-10,B2,1100,maia3-79m,3,e2e3,e3,0.020852725952863693,0.9878678212407976,0.42561317674662125,500,27,473,rnb1kb1r/pp2pppp/1q6/2pp4/3PnB2/4PN2/PPP2PPP/RN1QKB1R w KQkq -,MODEL_PREDICTION_NOT_EMPIRICAL
TOR-10,B2,1100,maia3-79m,4,g1f3,Nf3,0.0199762973934412,0.9878678212407976,0.42561317674662125,517,27,456,rnb1kb1r/pp2pppp/1q6/2pp4/3PnB2/4PN2/PPP2PPP/RN1QKB1R w KQkq -,MODEL_PREDICTION_NOT_EMPIRICAL
TOR-10,B2,1100,maia3-79m,5,c2c4,c4,0.015163088217377663,0.9878678212407976,0.42561317674662125,513,25,462,rnb1kb1r/pp2pppp/1q6/2pp4/3PnB2/4PN2/PPP2PPP/RN1QKB1R w KQkq -,MODEL_PREDICTION_NOT_EMPIRICAL
TOR-10,B2,1100,maia3-79m,6,g2g3,g3,0.010951454751193523,0.9878678212407976,0.42561317674662125,497,27,476,rnb1kb1r/pp2pppp/1q6/2pp4/3PnB2/4PN2/PPP2PPP/RN1QKB1R w KQkq -,MODEL_PREDICTION_NOT_EMPIRICAL
TOR-10,B2,1100,maia3-79m,7,b2b3,b3,0.007491483353078365,0.9878678212407976,0.42561317674662125,494,27,479,rnb1kb1r/pp2pppp/1q6/2pp4/3PnB2/4PN2/PPP2PPP/RN1QKB1R w KQkq -,MODEL_PREDICTION_NOT_EMPIRICAL
TOR-10,B2,1100,maia3-79m,8,d2d3,d3,0.005036455579102039,0.9878678212407976,0.42561317674662125,493,27,480,rnb1kb1r/pp2pppp/1q6/2pp4/3PnB2/4PN2/PPP2PPP/RN1QKB1R w KQkq -,MODEL_PREDICTION_NOT_EMPIRICAL
TOR-10,B2,1100,maia3-79m,9,b1c3,Nc3,0.004941529594361782,0.9878678212407976,0.42561317674662125,507,27,466,rnb1kb1r/pp2pppp/1q6/2pp4/3PnB2/4PN2/PPP2PPP/RN1QKB1R w KQkq -,MODEL_PREDICTION_NOT_EMPIRICAL
TOR-10,B2,1100,maia3-79m,10,f2f4,f4,0.0035755394492298365,0.9878678212407976,0.42561317674662125,500,26,474,rnb1kb1r/pp2pppp/1q6/2pp4/3PnB2/4PN2/PPP2PPP/RN1QKB1R w KQkq -,MODEL_PREDICTION_NOT_EMPIRICAL
TOR-10,B2,1300,maia3-79m,1,e2e4,e4,0.6652060747146606,0.9883486481849104,0.4312486267262949,508,25,467,rnb1kb1r/pp2pppp/1q6/2pp4/3PnB2/4PN2/PPP2PPP/RN1QKB1R w KQkq -,MODEL_PREDICTION_NOT_EMPIRICAL
TOR-10,B2,1300,maia3-79m,2,d2d4,d4,0.23515543341636658,0.9883486481849104,0.4312486267262949,519,26,455,rnb1kb1r/pp2pppp/1q6/2pp4/3PnB2/4PN2/PPP2PPP/RN1QKB1R w KQkq -,MODEL_PREDICTION_NOT_EMPIRICAL
TOR-10,B2,1300,maia3-79m,3,g1f3,Nf3,0.019363317638635635,0.9883486481849104,0.4312486267262949,521,27,452,rnb1kb1r/pp2pppp/1q6/2pp4/3PnB2/4PN2/PPP2PPP/RN1QKB1R w KQkq -,MODEL_PREDICTION_NOT_EMPIRICAL
TOR-10,B2,1300,maia3-79m,4,c2c4,c4,0.018627913668751717,0.9883486481849104,0.4312486267262949,513,25,462,rnb1kb1r/pp2pppp/1q6/2pp4/3PnB2/4PN2/PPP2PPP/RN1QKB1R w KQkq -,MODEL_PREDICTION_NOT_EMPIRICAL
TOR-10,B2,1300,maia3-79m,5,e2e3,e3,0.017626332119107246,0.9883486481849104,0.4312486267262949,499,26,475,rnb1kb1r/pp2pppp/1q6/2pp4/3PnB2/4PN2/PPP2PPP/RN1QKB1R w KQkq -,MODEL_PREDICTION_NOT_EMPIRICAL
TOR-10,B2,1300,maia3-79m,6,g2g3,g3,0.011335160583257675,0.9883486481849104,0.4312486267262949,500,27,473,rnb1kb1r/pp2pppp/1q6/2pp4/3PnB2/4PN2/PPP2PPP/RN1QKB1R w KQkq -,MODEL_PREDICTION_NOT_EMPIRICAL
TOR-10,B2,1300,maia3-79m,7,b2b3,b3,0.008808943443000317,0.9883486481849104,0.4312486267262949,503,26,471,rnb1kb1r/pp2pppp/1q6/2pp4/3PnB2/4PN2/PPP2PPP/RN1QKB1R w KQkq -,MODEL_PREDICTION_NOT_EMPIRICAL
TOR-10,B2,1300,maia3-79m,8,d2d3,d3,0.004596428479999304,0.9883486481849104,0.4312486267262949,494,27,479,rnb1kb1r/pp2pppp/1q6/2pp4/3PnB2/4PN2/PPP2PPP/RN1QKB1R w KQkq -,MODEL_PREDICTION_NOT_EMPIRICAL
TOR-10,B2,1300,maia3-79m,9,f2f4,f4,0.0041140238754451275,0.9883486481849104,0.4312486267262949,506,25,469,rnb1kb1r/pp2pppp/1q6/2pp4/3PnB2/4PN2/PPP2PPP/RN1QKB1R w KQkq -,MODEL_PREDICTION_NOT_EMPIRICAL
TOR-10,B2,1300,maia3-79m,10,b1c3,Nc3,0.0035150202456861734,0.9883486481849104,0.4312486267262949,513,26,461,rnb1kb1r/pp2pppp/1q6/2pp4/3PnB2/4PN2/PPP2PPP/RN1QKB1R w KQkq -,MODEL_PREDICTION_NOT_EMPIRICAL
TOR-10,B2,1500,maia3-79m,1,e2e4,e4,0.6482347846031189,0.9890689314343035,0.44840463559511406,505,27,468,rnb1kb1r/pp2pppp/1q6/2pp4/3PnB2/4PN2/PPP2PPP/RN1QKB1R w KQkq -,MODEL_PREDICTION_NOT_EMPIRICAL
TOR-10,B2,1500,maia3-79m,2,d2d4,d4,0.24543097615242004,0.9890689314343035,0.44840463559511406,515,28,457,rnb1kb1r/pp2pppp/1q6/2pp4/3PnB2/4PN2/PPP2PPP/RN1QKB1R w KQkq -,MODEL_PREDICTION_NOT_EMPIRICAL
TOR-10,B2,1500,maia3-79m,3,c2c4,c4,0.02303183265030384,0.9890689314343035,0.44840463559511406,511,27,462,rnb1kb1r/pp2pppp/1q6/2pp4/3PnB2/4PN2/PPP2PPP/RN1QKB1R w KQkq -,MODEL_PREDICTION_NOT_EMPIRICAL
TOR-10,B2,1500,maia3-79m,4,g1f3,Nf3,0.02068304643034935,0.9890689314343035,0.44840463559511406,525,27,448,rnb1kb1r/pp2pppp/1q6/2pp4/3PnB2/4PN2/PPP2PPP/RN1QKB1R w KQkq -,MODEL_PREDICTION_NOT_EMPIRICAL
TOR-10,B2,1500,maia3-79m,5,e2e3,e3,0.015259450301527977,0.9890689314343035,0.44840463559511406,497,27,476,rnb1kb1r/pp2pppp/1q6/2pp4/3PnB2/4PN2/PPP2PPP/RN1QKB1R w KQkq -,MODEL_PREDICTION_NOT_EMPIRICAL
TOR-10,B2,1500,maia3-79m,6,g2g3,g3,0.011820637620985508,0.9890689314343035,0.44840463559511406,503,28,469,rnb1kb1r/pp2pppp/1q6/2pp4/3PnB2/4PN2/PPP2PPP/RN1QKB1R w KQkq -,MODEL_PREDICTION_NOT_EMPIRICAL
TOR-10,B2,1500,maia3-79m,7,b2b3,b3,0.01035252958536148,0.9890689314343035,0.44840463559511406,505,27,468,rnb1kb1r/pp2pppp/1q6/2pp4/3PnB2/4PN2/PPP2PPP/RN1QKB1R w KQkq -,MODEL_PREDICTION_NOT_EMPIRICAL
TOR-10,B2,1500,maia3-79m,8,f2f4,f4,0.005875293631106615,0.9890689314343035,0.44840463559511406,507,25,468,rnb1kb1r/pp2pppp/1q6/2pp4/3PnB2/4PN2/PPP2PPP/RN1QKB1R w KQkq -,MODEL_PREDICTION_NOT_EMPIRICAL
TOR-10,B2,1500,maia3-79m,9,d2d3,d3,0.00447371369227767,0.9890689314343035,0.44840463559511406,496,28,476,rnb1kb1r/pp2pppp/1q6/2pp4/3PnB2/4PN2/PPP2PPP/RN1QKB1R w KQkq -,MODEL_PREDICTION_NOT_EMPIRICAL
TOR-10,B2,1500,maia3-79m,10,b2b4,b4,0.00390666676685214,0.9890689314343035,0.44840463559511406,515,24,461,rnb1kb1r/pp2pppp/1q6/2pp4/3PnB2/4PN2/PPP2PPP/RN1QKB1R w KQkq -,MODEL_PREDICTION_NOT_EMPIRICAL
TOR-10,B2,1700,maia3-79m,1,e2e4,e4,0.625694990158081,0.9896683357656002,0.47033680283448054,504,29,467,rnb1kb1r/pp2pppp/1q6/2pp4/3PnB2/4PN2/PPP2PPP/RN1QKB1R w KQkq -,MODEL_PREDICTION_NOT_EMPIRICAL
TOR-10,B2,1700,maia3-79m,2,d2d4,d4,0.257449209690094,0.9896683357656002,0.47033680283448054,515,31,454,rnb1kb1r/pp2pppp/1q6/2pp4/3PnB2/4PN2/PPP2PPP/RN1QKB1R w KQkq -,MODEL_PREDICTION_NOT_EMPIRICAL
TOR-10,B2,1700,maia3-79m,3,c2c4,c4,0.029208268970251083,0.9896683357656002,0.47033680283448054,513,30,457,rnb1kb1r/pp2pppp/1q6/2pp4/3PnB2/4PN2/PPP2PPP/RN1QKB1R w KQkq -,MODEL_PREDICTION_NOT_EMPIRICAL
TOR-10,B2,1700,maia3-79m,4,g1f3,Nf3,0.023894039914011955,0.9896683357656002,0.47033680283448054,530,30,440,rnb1kb1r/pp2pppp/1q6/2pp4/3PnB2/4PN2/PPP2PPP/RN1QKB1R w KQkq -,MODEL_PREDICTION_NOT_EMPIRICAL
TOR-10,B2,1700,maia3-79m,5,e2e3,e3,0.012733161449432373,0.9896683357656002,0.47033680283448054,501,29,470,rnb1kb1r/pp2pppp/1q6/2pp4/3PnB2/4PN2/PPP2PPP/RN1QKB1R w KQkq -,MODEL_PREDICTION_NOT_EMPIRICAL
TOR-10,B2,1700,maia3-79m,6,g2g3,g3,0.011797066777944565,0.9896683357656002,0.47033680283448054,508,30,462,rnb1kb1r/pp2pppp/1q6/2pp4/3PnB2/4PN2/PPP2PPP/RN1QKB1R w KQkq -,MODEL_PREDICTION_NOT_EMPIRICAL
TOR-10,B2,1700,maia3-79m,7,b2b3,b3,0.011401703581213951,0.9896683357656002,0.47033680283448054,510,29,461,rnb1kb1r/pp2pppp/1q6/2pp4/3PnB2/4PN2/PPP2PPP/RN1QKB1R w KQkq -,MODEL_PREDICTION_NOT_EMPIRICAL
TOR-10,B2,1700,maia3-79m,8,f2f4,f4,0.00882899109274149,0.9896683357656002,0.47033680283448054,507,28,465,rnb1kb1r/pp2pppp/1q6/2pp4/3PnB2/4PN2/PPP2PPP/RN1QKB1R w KQkq -,MODEL_PREDICTION_NOT_EMPIRICAL
TOR-10,B2,1700,maia3-79m,9,b2b4,b4,0.004424287937581539,0.9896683357656002,0.47033680283448054,518,27,455,rnb1kb1r/pp2pppp/1q6/2pp4/3PnB2/4PN2/PPP2PPP/RN1QKB1R w KQkq -,MODEL_PREDICTION_NOT_EMPIRICAL
TOR-10,B2,1700,maia3-79m,10,d2d3,d3,0.0042366161942481995,0.9896683357656002,0.47033680283448054,500,30,470,rnb1kb1r/pp2pppp/1q6/2pp4/3PnB2/4PN2/PPP2PPP/RN1QKB1R w KQkq -,MODEL_PREDICTION_NOT_EMPIRICAL
TOR-10,B2,1900,maia3-79m,1,e2e4,e4,0.5982585549354553,0.9897327157668769,0.4932666454104177,503,33,464,rnb1kb1r/pp2pppp/1q6/2pp4/3PnB2/4PN2/PPP2PPP/RN1QKB1R w KQkq -,MODEL_PREDICTION_NOT_EMPIRICAL
TOR-10,B2,1900,maia3-79m,2,d2d4,d4,0.27083200216293335,0.9897327157668769,0.4932666454104177,513,36,451,rnb1kb1r/pp2pppp/1q6/2pp4/3PnB2/4PN2/PPP2PPP/RN1QKB1R w KQkq -,MODEL_PREDICTION_NOT_EMPIRICAL
TOR-10,B2,1900,maia3-79m,3,c2c4,c4,0.03720775246620178,0.9897327157668769,0.4932666454104177,512,35,453,rnb1kb1r/pp2pppp/1q6/2pp4/3PnB2/4PN2/PPP2PPP/RN1QKB1R w KQkq -,MODEL_PREDICTION_NOT_EMPIRICAL
TOR-10,B2,1900,maia3-79m,4,g1f3,Nf3,0.030766692012548447,0.9897327157668769,0.4932666454104177,527,36,437,rnb1kb1r/pp2pppp/1q6/2pp4/3PnB2/4PN2/PPP2PPP/RN1QKB1R w KQkq -,MODEL_PREDICTION_NOT_EMPIRICAL
TOR-10,B2,1900,maia3-79m,5,f2f4,f4,0.012273138388991356,0.9897327157668769,0.4932666454104177,504,32,464,rnb1kb1r/pp2pppp/1q6/2pp4/3PnB2/4PN2/PPP2PPP/RN1QKB1R w KQkq -,MODEL_PREDICTION_NOT_EMPIRICAL
TOR-10,B2,1900,maia3-79m,6,b2b3,b3,0.011618333868682384,0.9897327157668769,0.4932666454104177,513,34,453,rnb1kb1r/pp2pppp/1q6/2pp4/3PnB2/4PN2/PPP2PPP/RN1QKB1R w KQkq -,MODEL_PREDICTION_NOT_EMPIRICAL
TOR-10,B2,1900,maia3-79m,7,g2g3,g3,0.010595535859465599,0.9897327157668769,0.4932666454104177,509,35,456,rnb1kb1r/pp2pppp/1q6/2pp4/3PnB2/4PN2/PPP2PPP/RN1QKB1R w KQkq -,MODEL_PREDICTION_NOT_EMPIRICAL
TOR-10,B2,1900,maia3-79m,8,e2e3,e3,0.009855199605226517,0.9897327157668769,0.4932666454104177,501,34,465,rnb1kb1r/pp2pppp/1q6/2pp4/3PnB2/4PN2/PPP2PPP/RN1QKB1R w KQkq -,MODEL_PREDICTION_NOT_EMPIRICAL
TOR-10,B2,1900,maia3-79m,9,b2b4,b4,0.0044146692380309105,0.9897327157668769,0.4932666454104177,517,31,452,rnb1kb1r/pp2pppp/1q6/2pp4/3PnB2/4PN2/PPP2PPP/RN1QKB1R w KQkq -,MODEL_PREDICTION_NOT_EMPIRICAL
TOR-10,B2,1900,maia3-79m,10,d2d3,d3,0.0039108372293412685,0.9897327157668769,0.4932666454104177,497,35,468,rnb1kb1r/pp2pppp/1q6/2pp4/3PnB2/4PN2/PPP2PPP/RN1QKB1R w KQkq -,MODEL_PREDICTION_NOT_EMPIRICAL
TOR-10,B2,2100,maia3-79m,1,e2e4,e4,0.5516610741615295,0.9894236333202571,0.5245369929792545,498,41,461,rnb1kb1r/pp2pppp/1q6/2pp4/3PnB2/4PN2/PPP2PPP/RN1QKB1R w KQkq -,MODEL_PREDICTION_NOT_EMPIRICAL
TOR-10,B2,2100,maia3-79m,2,d2d4,d4,0.29356226325035095,0.9894236333202571,0.5245369929792545,510,44,446,rnb1kb1r/pp2pppp/1q6/2pp4/3PnB2/4PN2/PPP2PPP/RN1QKB1R w KQkq -,MODEL_PREDICTION_NOT_EMPIRICAL
TOR-10,B2,2100,maia3-79m,3,g1f3,Nf3,0.0481594055891037,0.9894236333202571,0.5245369929792545,516,45,439,rnb1kb1r/pp2pppp/1q6/2pp4/3PnB2/4PN2/PPP2PPP/RN1QKB1R w KQkq -,MODEL_PREDICTION_NOT_EMPIRICAL
TOR-10,B2,2100,maia3-79m,4,c2c4,c4,0.0476539246737957,0.9894236333202571,0.5245369929792545,507,43,450,rnb1kb1r/pp2pppp/1q6/2pp4/3PnB2/4PN2/PPP2PPP/RN1QKB1R w KQkq -,MODEL_PREDICTION_NOT_EMPIRICAL
TOR-10,B2,2100,maia3-79m,5,f2f4,f4,0.012484685517847538,0.9894236333202571,0.5245369929792545,497,40,463,rnb1kb1r/pp2pppp/1q6/2pp4/3PnB2/4PN2/PPP2PPP/RN1QKB1R w KQkq -,MODEL_PREDICTION_NOT_EMPIRICAL
TOR-10,B2,2100,maia3-79m,6,b2b3,b3,0.012168200686573982,0.9894236333202571,0.5245369929792545,507,42,451,rnb1kb1r/pp2pppp/1q6/2pp4/3PnB2/4PN2/PPP2PPP/RN1QKB1R w KQkq -,MODEL_PREDICTION_NOT_EMPIRICAL
TOR-10,B2,2100,maia3-79m,7,g2g3,g3,0.008714002557098866,0.9894236333202571,0.5245369929792545,505,42,453,rnb1kb1r/pp2pppp/1q6/2pp4/3PnB2/4PN2/PPP2PPP/RN1QKB1R w KQkq -,MODEL_PREDICTION_NOT_EMPIRICAL
TOR-10,B2,2100,maia3-79m,8,e2e3,e3,0.006894053891301155,0.9894236333202571,0.5245369929792545,497,43,460,rnb1kb1r/pp2pppp/1q6/2pp4/3PnB2/4PN2/PPP2PPP/RN1QKB1R w KQkq -,MODEL_PREDICTION_NOT_EMPIRICAL
TOR-10,B2,2100,maia3-79m,9,b1c3,Nc3,0.0044635990634560585,0.9894236333202571,0.5245369929792545,521,42,437,rnb1kb1r/pp2pppp/1q6/2pp4/3PnB2/4PN2/PPP2PPP/RN1QKB1R w KQkq -,MODEL_PREDICTION_NOT_EMPIRICAL
TOR-10,B2,2100,maia3-79m,10,d2d3,d3,0.0036624239291995764,0.9894236333202571,0.5245369929792545,489,44,467,rnb1kb1r/pp2pppp/1q6/2pp4/3PnB2/4PN2/PPP2PPP/RN1QKB1R w KQkq -,MODEL_PREDICTION_NOT_EMPIRICAL
LON-01,B3,1100,maia3-79m,1,e2e4,e4,0.6771548986434937,0.9878678212407976,0.42561317674662125,513,26,461,r1b1kb1r/1p2pppp/1pn2n2/3p4/2pP1B2/2P1PN2/PP3PPP/RN2KB1R w KQkq -,MODEL_PREDICTION_NOT_EMPIRICAL
LON-01,B3,1100,maia3-79m,2,d2d4,d4,0.22272434830665588,0.9878678212407976,0.42561317674662125,521,27,452,r1b1kb1r/1p2pppp/1pn2n2/3p4/2pP1B2/2P1PN2/PP3PPP/RN2KB1R w KQkq -,MODEL_PREDICTION_NOT_EMPIRICAL
LON-01,B3,1100,maia3-79m,3,e2e3,e3,0.020852725952863693,0.9878678212407976,0.42561317674662125,500,27,473,r1b1kb1r/1p2pppp/1pn2n2/3p4/2pP1B2/2P1PN2/PP3PPP/RN2KB1R w KQkq -,MODEL_PREDICTION_NOT_EMPIRICAL
LON-01,B3,1100,maia3-79m,4,g1f3,Nf3,0.0199762973934412,0.9878678212407976,0.42561317674662125,517,27,456,r1b1kb1r/1p2pppp/1pn2n2/3p4/2pP1B2/2P1PN2/PP3PPP/RN2KB1R w KQkq -,MODEL_PREDICTION_NOT_EMPIRICAL
LON-01,B3,1100,maia3-79m,5,c2c4,c4,0.015163088217377663,0.9878678212407976,0.42561317674662125,513,25,462,r1b1kb1r/1p2pppp/1pn2n2/3p4/2pP1B2/2P1PN2/PP3PPP/RN2KB1R w KQkq -,MODEL_PREDICTION_NOT_EMPIRICAL
LON-01,B3,1100,maia3-79m,6,g2g3,g3,0.010951454751193523,0.9878678212407976,0.42561317674662125,497,27,476,r1b1kb1r/1p2pppp/1pn2n2/3p4/2pP1B2/2P1PN2/PP3PPP/RN2KB1R w KQkq -,MODEL_PREDICTION_NOT_EMPIRICAL
LON-01,B3,1100,maia3-79m,7,b2b3,b3,0.007491483353078365,0.9878678212407976,0.42561317674662125,494,27,479,r1b1kb1r/1p2pppp/1pn2n2/3p4/2pP1B2/2P1PN2/PP3PPP/RN2KB1R w KQkq -,MODEL_PREDICTION_NOT_EMPIRICAL
LON-01,B3,1100,maia3-79m,8,d2d3,d3,0.005036455579102039,0.9878678212407976,0.42561317674662125,493,27,480,r1b1kb1r/1p2pppp/1pn2n2/3p4/2pP1B2/2P1PN2/PP3PPP/RN2KB1R w KQkq -,MODEL_PREDICTION_NOT_EMPIRICAL
LON-01,B3,1100,maia3-79m,9,b1c3,Nc3,0.004941529594361782,0.9878678212407976,0.42561317674662125,507,27,466,r1b1kb1r/1p2pppp/1pn2n2/3p4/2pP1B2/2P1PN2/PP3PPP/RN2KB1R w KQkq -,MODEL_PREDICTION_NOT_EMPIRICAL
LON-01,B3,1100,maia3-79m,10,f2f4,f4,0.0035755394492298365,0.9878678212407976,0.42561317674662125,500,26,474,r1b1kb1r/1p2pppp/1pn2n2/3p4/2pP1B2/2P1PN2/PP3PPP/RN2KB1R w KQkq -,MODEL_PREDICTION_NOT_EMPIRICAL
LON-01,B3,1300,maia3-79m,1,e2e4,e4,0.6652060747146606,0.9883486481849104,0.4312486267262949,508,25,467,r1b1kb1r/1p2pppp/1pn2n2/3p4/2pP1B2/2P1PN2/PP3PPP/RN2KB1R w KQkq -,MODEL_PREDICTION_NOT_EMPIRICAL
LON-01,B3,1300,maia3-79m,2,d2d4,d4,0.23515543341636658,0.9883486481849104,0.4312486267262949,519,26,455,r1b1kb1r/1p2pppp/1pn2n2/3p4/2pP1B2/2P1PN2/PP3PPP/RN2KB1R w KQkq -,MODEL_PREDICTION_NOT_EMPIRICAL
LON-01,B3,1300,maia3-79m,3,g1f3,Nf3,0.019363317638635635,0.9883486481849104,0.4312486267262949,521,27,452,r1b1kb1r/1p2pppp/1pn2n2/3p4/2pP1B2/2P1PN2/PP3PPP/RN2KB1R w KQkq -,MODEL_PREDICTION_NOT_EMPIRICAL
LON-01,B3,1300,maia3-79m,4,c2c4,c4,0.018627913668751717,0.9883486481849104,0.4312486267262949,513,25,462,r1b1kb1r/1p2pppp/1pn2n2/3p4/2pP1B2/2P1PN2/PP3PPP/RN2KB1R w KQkq -,MODEL_PREDICTION_NOT_EMPIRICAL
LON-01,B3,1300,maia3-79m,5,e2e3,e3,0.017626332119107246,0.9883486481849104,0.4312486267262949,499,26,475,r1b1kb1r/1p2pppp/1pn2n2/3p4/2pP1B2/2P1PN2/PP3PPP/RN2KB1R w KQkq -,MODEL_PREDICTION_NOT_EMPIRICAL
LON-01,B3,1300,maia3-79m,6,g2g3,g3,0.011335160583257675,0.9883486481849104,0.4312486267262949,500,27,473,r1b1kb1r/1p2pppp/1pn2n2/3p4/2pP1B2/2P1PN2/PP3PPP/RN2KB1R w KQkq -,MODEL_PREDICTION_NOT_EMPIRICAL
LON-01,B3,1300,maia3-79m,7,b2b3,b3,0.008808943443000317,0.9883486481849104,0.4312486267262949,503,26,471,r1b1kb1r/1p2pppp/1pn2n2/3p4/2pP1B2/2P1PN2/PP3PPP/RN2KB1R w KQkq -,MODEL_PREDICTION_NOT_EMPIRICAL
LON-01,B3,1300,maia3-79m,8,d2d3,d3,0.004596428479999304,0.9883486481849104,0.4312486267262949,494,27,479,r1b1kb1r/1p2pppp/1pn2n2/3p4/2pP1B2/2P1PN2/PP3PPP/RN2KB1R w KQkq -,MODEL_PREDICTION_NOT_EMPIRICAL
LON-01,B3,1300,maia3-79m,9,f2f4,f4,0.0041140238754451275,0.9883486481849104,0.4312486267262949,506,25,469,r1b1kb1r/1p2pppp/1pn2n2/3p4/2pP1B2/2P1PN2/PP3PPP/RN2KB1R w KQkq -,MODEL_PREDICTION_NOT_EMPIRICAL
LON-01,B3,1300,maia3-79m,10,b1c3,Nc3,0.0035150202456861734,0.9883486481849104,0.4312486267262949,513,26,461,r1b1kb1r/1p2pppp/1pn2n2/3p4/2pP1B2/2P1PN2/PP3PPP/RN2KB1R w KQkq -,MODEL_PREDICTION_NOT_EMPIRICAL
LON-01,B3,1500,maia3-79m,1,e2e4,e4,0.6482347846031189,0.9890689314343035,0.44840463559511406,505,27,468,r1b1kb1r/1p2pppp/1pn2n2/3p4/2pP1B2/2P1PN2/PP3PPP/RN2KB1R w KQkq -,MODEL_PREDICTION_NOT_EMPIRICAL
LON-01,B3,1500,maia3-79m,2,d2d4,d4,0.24543097615242004,0.9890689314343035,0.44840463559511406,515,28,457,r1b1kb1r/1p2pppp/1pn2n2/3p4/2pP1B2/2P1PN2/PP3PPP/RN2KB1R w KQkq -,MODEL_PREDICTION_NOT_EMPIRICAL
LON-01,B3,1500,maia3-79m,3,c2c4,c4,0.02303183265030384,0.9890689314343035,0.44840463559511406,511,27,462,r1b1kb1r/1p2pppp/1pn2n2/3p4/2pP1B2/2P1PN2/PP3PPP/RN2KB1R w KQkq -,MODEL_PREDICTION_NOT_EMPIRICAL
LON-01,B3,1500,maia3-79m,4,g1f3,Nf3,0.02068304643034935,0.9890689314343035,0.44840463559511406,525,27,448,r1b1kb1r/1p2pppp/1pn2n2/3p4/2pP1B2/2P1PN2/PP3PPP/RN2KB1R w KQkq -,MODEL_PREDICTION_NOT_EMPIRICAL
LON-01,B3,1500,maia3-79m,5,e2e3,e3,0.015259450301527977,0.9890689314343035,0.44840463559511406,497,27,476,r1b1kb1r/1p2pppp/1pn2n2/3p4/2pP1B2/2P1PN2/PP3PPP/RN2KB1R w KQkq -,MODEL_PREDICTION_NOT_EMPIRICAL
LON-01,B3,1500,maia3-79m,6,g2g3,g3,0.011820637620985508,0.9890689314343035,0.44840463559511406,503,28,469,r1b1kb1r/1p2pppp/1pn2n2/3p4/2pP1B2/2P1PN2/PP3PPP/RN2KB1R w KQkq -,MODEL_PREDICTION_NOT_EMPIRICAL
LON-01,B3,1500,maia3-79m,7,b2b3,b3,0.01035252958536148,0.9890689314343035,0.44840463559511406,505,27,468,r1b1kb1r/1p2pppp/1pn2n2/3p4/2pP1B2/2P1PN2/PP3PPP/RN2KB1R w KQkq -,MODEL_PREDICTION_NOT_EMPIRICAL
LON-01,B3,1500,maia3-79m,8,f2f4,f4,0.005875293631106615,0.9890689314343035,0.44840463559511406,507,25,468,r1b1kb1r/1p2pppp/1pn2n2/3p4/2pP1B2/2P1PN2/PP3PPP/RN2KB1R w KQkq -,MODEL_PREDICTION_NOT_EMPIRICAL
LON-01,B3,1500,maia3-79m,9,d2d3,d3,0.00447371369227767,0.9890689314343035,0.44840463559511406,496,28,476,r1b1kb1r/1p2pppp/1pn2n2/3p4/2pP1B2/2P1PN2/PP3PPP/RN2KB1R w KQkq -,MODEL_PREDICTION_NOT_EMPIRICAL
LON-01,B3,1500,maia3-79m,10,b2b4,b4,0.00390666676685214,0.9890689314343035,0.44840463559511406,515,24,461,r1b1kb1r/1p2pppp/1pn2n2/3p4/2pP1B2/2P1PN2/PP3PPP/RN2KB1R w KQkq -,MODEL_PREDICTION_NOT_EMPIRICAL
LON-01,B3,1700,maia3-79m,1,e2e4,e4,0.625694990158081,0.9896683357656002,0.47033680283448054,504,29,467,r1b1kb1r/1p2pppp/1pn2n2/3p4/2pP1B2/2P1PN2/PP3PPP/RN2KB1R w KQkq -,MODEL_PREDICTION_NOT_EMPIRICAL
LON-01,B3,1700,maia3-79m,2,d2d4,d4,0.257449209690094,0.9896683357656002,0.47033680283448054,515,31,454,r1b1kb1r/1p2pppp/1pn2n2/3p4/2pP1B2/2P1PN2/PP3PPP/RN2KB1R w KQkq -,MODEL_PREDICTION_NOT_EMPIRICAL
LON-01,B3,1700,maia3-79m,3,c2c4,c4,0.029208268970251083,0.9896683357656002,0.47033680283448054,513,30,457,r1b1kb1r/1p2pppp/1pn2n2/3p4/2pP1B2/2P1PN2/PP3PPP/RN2KB1R w KQkq -,MODEL_PREDICTION_NOT_EMPIRICAL
LON-01,B3,1700,maia3-79m,4,g1f3,Nf3,0.023894039914011955,0.9896683357656002,0.47033680283448054,530,30,440,r1b1kb1r/1p2pppp/1pn2n2/3p4/2pP1B2/2P1PN2/PP3PPP/RN2KB1R w KQkq -,MODEL_PREDICTION_NOT_EMPIRICAL
LON-01,B3,1700,maia3-79m,5,e2e3,e3,0.012733161449432373,0.9896683357656002,0.47033680283448054,501,29,470,r1b1kb1r/1p2pppp/1pn2n2/3p4/2pP1B2/2P1PN2/PP3PPP/RN2KB1R w KQkq -,MODEL_PREDICTION_NOT_EMPIRICAL
LON-01,B3,1700,maia3-79m,6,g2g3,g3,0.011797066777944565,0.9896683357656002,0.47033680283448054,508,30,462,r1b1kb1r/1p2pppp/1pn2n2/3p4/2pP1B2/2P1PN2/PP3PPP/RN2KB1R w KQkq -,MODEL_PREDICTION_NOT_EMPIRICAL
LON-01,B3,1700,maia3-79m,7,b2b3,b3,0.011401703581213951,0.9896683357656002,0.47033680283448054,510,29,461,r1b1kb1r/1p2pppp/1pn2n2/3p4/2pP1B2/2P1PN2/PP3PPP/RN2KB1R w KQkq -,MODEL_PREDICTION_NOT_EMPIRICAL
LON-01,B3,1700,maia3-79m,8,f2f4,f4,0.00882899109274149,0.9896683357656002,0.47033680283448054,507,28,465,r1b1kb1r/1p2pppp/1pn2n2/3p4/2pP1B2/2P1PN2/PP3PPP/RN2KB1R w KQkq -,MODEL_PREDICTION_NOT_EMPIRICAL
LON-01,B3,1700,maia3-79m,9,b2b4,b4,0.004424287937581539,0.9896683357656002,0.47033680283448054,518,27,455,r1b1kb1r/1p2pppp/1pn2n2/3p4/2pP1B2/2P1PN2/PP3PPP/RN2KB1R w KQkq -,MODEL_PREDICTION_NOT_EMPIRICAL
LON-01,B3,1700,maia3-79m,10,d2d3,d3,0.0042366161942481995,0.9896683357656002,0.47033680283448054,500,30,470,r1b1kb1r/1p2pppp/1pn2n2/3p4/2pP1B2/2P1PN2/PP3PPP/RN2KB1R w KQkq -,MODEL_PREDICTION_NOT_EMPIRICAL
LON-01,B3,1900,maia3-79m,1,e2e4,e4,0.5982585549354553,0.9897327157668769,0.4932666454104177,503,33,464,r1b1kb1r/1p2pppp/1pn2n2/3p4/2pP1B2/2P1PN2/PP3PPP/RN2KB1R w KQkq -,MODEL_PREDICTION_NOT_EMPIRICAL
LON-01,B3,1900,maia3-79m,2,d2d4,d4,0.27083200216293335,0.9897327157668769,0.4932666454104177,513,36,451,r1b1kb1r/1p2pppp/1pn2n2/3p4/2pP1B2/2P1PN2/PP3PPP/RN2KB1R w KQkq -,MODEL_PREDICTION_NOT_EMPIRICAL
LON-01,B3,1900,maia3-79m,3,c2c4,c4,0.03720775246620178,0.9897327157668769,0.4932666454104177,512,35,453,r1b1kb1r/1p2pppp/1pn2n2/3p4/2pP1B2/2P1PN2/PP3PPP/RN2KB1R w KQkq -,MODEL_PREDICTION_NOT_EMPIRICAL
LON-01,B3,1900,maia3-79m,4,g1f3,Nf3,0.030766692012548447,0.9897327157668769,0.4932666454104177,527,36,437,r1b1kb1r/1p2pppp/1pn2n2/3p4/2pP1B2/2P1PN2/PP3PPP/RN2KB1R w KQkq -,MODEL_PREDICTION_NOT_EMPIRICAL
LON-01,B3,1900,maia3-79m,5,f2f4,f4,0.012273138388991356,0.9897327157668769,0.4932666454104177,504,32,464,r1b1kb1r/1p2pppp/1pn2n2/3p4/2pP1B2/2P1PN2/PP3PPP/RN2KB1R w KQkq -,MODEL_PREDICTION_NOT_EMPIRICAL
LON-01,B3,1900,maia3-79m,6,b2b3,b3,0.011618333868682384,0.9897327157668769,0.4932666454104177,513,34,453,r1b1kb1r/1p2pppp/1pn2n2/3p4/2pP1B2/2P1PN2/PP3PPP/RN2KB1R w KQkq -,MODEL_PREDICTION_NOT_EMPIRICAL
LON-01,B3,1900,maia3-79m,7,g2g3,g3,0.010595535859465599,0.9897327157668769,0.4932666454104177,509,35,456,r1b1kb1r/1p2pppp/1pn2n2/3p4/2pP1B2/2P1PN2/PP3PPP/RN2KB1R w KQkq -,MODEL_PREDICTION_NOT_EMPIRICAL
LON-01,B3,1900,maia3-79m,8,e2e3,e3,0.009855199605226517,0.9897327157668769,0.4932666454104177,501,34,465,r1b1kb1r/1p2pppp/1pn2n2/3p4/2pP1B2/2P1PN2/PP3PPP/RN2KB1R w KQkq -,MODEL_PREDICTION_NOT_EMPIRICAL
LON-01,B3,1900,maia3-79m,9,b2b4,b4,0.0044146692380309105,0.9897327157668769,0.4932666454104177,517,31,452,r1b1kb1r/1p2pppp/1pn2n2/3p4/2pP1B2/2P1PN2/PP3PPP/RN2KB1R w KQkq -,MODEL_PREDICTION_NOT_EMPIRICAL
LON-01,B3,1900,maia3-79m,10,d2d3,d3,0.0039108372293412685,0.9897327157668769,0.4932666454104177,497,35,468,r1b1kb1r/1p2pppp/1pn2n2/3p4/2pP1B2/2P1PN2/PP3PPP/RN2KB1R w KQkq -,MODEL_PREDICTION_NOT_EMPIRICAL
LON-01,B3,2100,maia3-79m,1,e2e4,e4,0.5516610741615295,0.9894236333202571,0.5245369929792545,498,41,461,r1b1kb1r/1p2pppp/1pn2n2/3p4/2pP1B2/2P1PN2/PP3PPP/RN2KB1R w KQkq -,MODEL_PREDICTION_NOT_EMPIRICAL
LON-01,B3,2100,maia3-79m,2,d2d4,d4,0.29356226325035095,0.9894236333202571,0.5245369929792545,510,44,446,r1b1kb1r/1p2pppp/1pn2n2/3p4/2pP1B2/2P1PN2/PP3PPP/RN2KB1R w KQkq -,MODEL_PREDICTION_NOT_EMPIRICAL
LON-01,B3,2100,maia3-79m,3,g1f3,Nf3,0.0481594055891037,0.9894236333202571,0.5245369929792545,516,45,439,r1b1kb1r/1p2pppp/1pn2n2/3p4/2pP1B2/2P1PN2/PP3PPP/RN2KB1R w KQkq -,MODEL_PREDICTION_NOT_EMPIRICAL
LON-01,B3,2100,maia3-79m,4,c2c4,c4,0.0476539246737957,0.9894236333202571,0.5245369929792545,507,43,450,r1b1kb1r/1p2pppp/1pn2n2/3p4/2pP1B2/2P1PN2/PP3PPP/RN2KB1R w KQkq -,MODEL_PREDICTION_NOT_EMPIRICAL
LON-01,B3,2100,maia3-79m,5,f2f4,f4,0.012484685517847538,0.9894236333202571,0.5245369929792545,497,40,463,r1b1kb1r/1p2pppp/1pn2n2/3p4/2pP1B2/2P1PN2/PP3PPP/RN2KB1R w KQkq -,MODEL_PREDICTION_NOT_EMPIRICAL
LON-01,B3,2100,maia3-79m,6,b2b3,b3,0.012168200686573982,0.9894236333202571,0.5245369929792545,507,42,451,r1b1kb1r/1p2pppp/1pn2n2/3p4/2pP1B2/2P1PN2/PP3PPP/RN2KB1R w KQkq -,MODEL_PREDICTION_NOT_EMPIRICAL
LON-01,B3,2100,maia3-79m,7,g2g3,g3,0.008714002557098866,0.9894236333202571,0.5245369929792545,505,42,453,r1b1kb1r/1p2pppp/1pn2n2/3p4/2pP1B2/2P1PN2/PP3PPP/RN2KB1R w KQkq -,MODEL_PREDICTION_NOT_EMPIRICAL
LON-01,B3,2100,maia3-79m,8,e2e3,e3,0.006894053891301155,0.9894236333202571,0.5245369929792545,497,43,460,r1b1kb1r/1p2pppp/1pn2n2/3p4/2pP1B2/2P1PN2/PP3PPP/RN2KB1R w KQkq -,MODEL_PREDICTION_NOT_EMPIRICAL
LON-01,B3,2100,maia3-79m,9,b1c3,Nc3,0.0044635990634560585,0.9894236333202571,0.5245369929792545,521,42,437,r1b1kb1r/1p2pppp/1pn2n2/3p4/2pP1B2/2P1PN2/PP3PPP/RN2KB1R w KQkq -,MODEL_PREDICTION_NOT_EMPIRICAL
LON-01,B3,2100,maia3-79m,10,d2d3,d3,0.0036624239291995764,0.9894236333202571,0.5245369929792545,489,44,467,r1b1kb1r/1p2pppp/1pn2n2/3p4/2pP1B2/2P1PN2/PP3PPP/RN2KB1R w KQkq -,MODEL_PREDICTION_NOT_EMPIRICAL
LON-03,B3,1100,maia3-79m,1,e2e4,e4,0.6771548986434937,0.9878678212407976,0.42561317674662125,513,26,461,r1b1kb1r/1p2pppp/2n2n2/1p1p4/2pP1B2/2P1PN2/PP1N1PPP/R3KB1R w KQkq -,MODEL_PREDICTION_NOT_EMPIRICAL
LON-03,B3,1100,maia3-79m,2,d2d4,d4,0.22272434830665588,0.9878678212407976,0.42561317674662125,521,27,452,r1b1kb1r/1p2pppp/2n2n2/1p1p4/2pP1B2/2P1PN2/PP1N1PPP/R3KB1R w KQkq -,MODEL_PREDICTION_NOT_EMPIRICAL
LON-03,B3,1100,maia3-79m,3,e2e3,e3,0.020852725952863693,0.9878678212407976,0.42561317674662125,500,27,473,r1b1kb1r/1p2pppp/2n2n2/1p1p4/2pP1B2/2P1PN2/PP1N1PPP/R3KB1R w KQkq -,MODEL_PREDICTION_NOT_EMPIRICAL
LON-03,B3,1100,maia3-79m,4,g1f3,Nf3,0.0199762973934412,0.9878678212407976,0.42561317674662125,517,27,456,r1b1kb1r/1p2pppp/2n2n2/1p1p4/2pP1B2/2P1PN2/PP1N1PPP/R3KB1R w KQkq -,MODEL_PREDICTION_NOT_EMPIRICAL
LON-03,B3,1100,maia3-79m,5,c2c4,c4,0.015163088217377663,0.9878678212407976,0.42561317674662125,513,25,462,r1b1kb1r/1p2pppp/2n2n2/1p1p4/2pP1B2/2P1PN2/PP1N1PPP/R3KB1R w KQkq -,MODEL_PREDICTION_NOT_EMPIRICAL
LON-03,B3,1100,maia3-79m,6,g2g3,g3,0.010951454751193523,0.9878678212407976,0.42561317674662125,497,27,476,r1b1kb1r/1p2pppp/2n2n2/1p1p4/2pP1B2/2P1PN2/PP1N1PPP/R3KB1R w KQkq -,MODEL_PREDICTION_NOT_EMPIRICAL
LON-03,B3,1100,maia3-79m,7,b2b3,b3,0.007491483353078365,0.9878678212407976,0.42561317674662125,494,27,479,r1b1kb1r/1p2pppp/2n2n2/1p1p4/2pP1B2/2P1PN2/PP1N1PPP/R3KB1R w KQkq -,MODEL_PREDICTION_NOT_EMPIRICAL
LON-03,B3,1100,maia3-79m,8,d2d3,d3,0.005036455579102039,0.9878678212407976,0.42561317674662125,493,27,480,r1b1kb1r/1p2pppp/2n2n2/1p1p4/2pP1B2/2P1PN2/PP1N1PPP/R3KB1R w KQkq -,MODEL_PREDICTION_NOT_EMPIRICAL
LON-03,B3,1100,maia3-79m,9,b1c3,Nc3,0.004941529594361782,0.9878678212407976,0.42561317674662125,507,27,466,r1b1kb1r/1p2pppp/2n2n2/1p1p4/2pP1B2/2P1PN2/PP1N1PPP/R3KB1R w KQkq -,MODEL_PREDICTION_NOT_EMPIRICAL
LON-03,B3,1100,maia3-79m,10,f2f4,f4,0.0035755394492298365,0.9878678212407976,0.42561317674662125,500,26,474,r1b1kb1r/1p2pppp/2n2n2/1p1p4/2pP1B2/2P1PN2/PP1N1PPP/R3KB1R w KQkq -,MODEL_PREDICTION_NOT_EMPIRICAL
LON-03,B3,1300,maia3-79m,1,e2e4,e4,0.6652060747146606,0.9883486481849104,0.4312486267262949,508,25,467,r1b1kb1r/1p2pppp/2n2n2/1p1p4/2pP1B2/2P1PN2/PP1N1PPP/R3KB1R w KQkq -,MODEL_PREDICTION_NOT_EMPIRICAL
LON-03,B3,1300,maia3-79m,2,d2d4,d4,0.23515543341636658,0.9883486481849104,0.4312486267262949,519,26,455,r1b1kb1r/1p2pppp/2n2n2/1p1p4/2pP1B2/2P1PN2/PP1N1PPP/R3KB1R w KQkq -,MODEL_PREDICTION_NOT_EMPIRICAL
LON-03,B3,1300,maia3-79m,3,g1f3,Nf3,0.019363317638635635,0.9883486481849104,0.4312486267262949,521,27,452,r1b1kb1r/1p2pppp/2n2n2/1p1p4/2pP1B2/2P1PN2/PP1N1PPP/R3KB1R w KQkq -,MODEL_PREDICTION_NOT_EMPIRICAL
LON-03,B3,1300,maia3-79m,4,c2c4,c4,0.018627913668751717,0.9883486481849104,0.4312486267262949,513,25,462,r1b1kb1r/1p2pppp/2n2n2/1p1p4/2pP1B2/2P1PN2/PP1N1PPP/R3KB1R w KQkq -,MODEL_PREDICTION_NOT_EMPIRICAL
LON-03,B3,1300,maia3-79m,5,e2e3,e3,0.017626332119107246,0.9883486481849104,0.4312486267262949,499,26,475,r1b1kb1r/1p2pppp/2n2n2/1p1p4/2pP1B2/2P1PN2/PP1N1PPP/R3KB1R w KQkq -,MODEL_PREDICTION_NOT_EMPIRICAL
LON-03,B3,1300,maia3-79m,6,g2g3,g3,0.011335160583257675,0.9883486481849104,0.4312486267262949,500,27,473,r1b1kb1r/1p2pppp/2n2n2/1p1p4/2pP1B2/2P1PN2/PP1N1PPP/R3KB1R w KQkq -,MODEL_PREDICTION_NOT_EMPIRICAL
LON-03,B3,1300,maia3-79m,7,b2b3,b3,0.008808943443000317,0.9883486481849104,0.4312486267262949,503,26,471,r1b1kb1r/1p2pppp/2n2n2/1p1p4/2pP1B2/2P1PN2/PP1N1PPP/R3KB1R w KQkq -,MODEL_PREDICTION_NOT_EMPIRICAL
LON-03,B3,1300,maia3-79m,8,d2d3,d3,0.004596428479999304,0.9883486481849104,0.4312486267262949,494,27,479,r1b1kb1r/1p2pppp/2n2n2/1p1p4/2pP1B2/2P1PN2/PP1N1PPP/R3KB1R w KQkq -,MODEL_PREDICTION_NOT_EMPIRICAL
LON-03,B3,1300,maia3-79m,9,f2f4,f4,0.0041140238754451275,0.9883486481849104,0.4312486267262949,506,25,469,r1b1kb1r/1p2pppp/2n2n2/1p1p4/2pP1B2/2P1PN2/PP1N1PPP/R3KB1R w KQkq -,MODEL_PREDICTION_NOT_EMPIRICAL
LON-03,B3,1300,maia3-79m,10,b1c3,Nc3,0.0035150202456861734,0.9883486481849104,0.4312486267262949,513,26,461,r1b1kb1r/1p2pppp/2n2n2/1p1p4/2pP1B2/2P1PN2/PP1N1PPP/R3KB1R w KQkq -,MODEL_PREDICTION_NOT_EMPIRICAL
LON-03,B3,1500,maia3-79m,1,e2e4,e4,0.6482347846031189,0.9890689314343035,0.44840463559511406,505,27,468,r1b1kb1r/1p2pppp/2n2n2/1p1p4/2pP1B2/2P1PN2/PP1N1PPP/R3KB1R w KQkq -,MODEL_PREDICTION_NOT_EMPIRICAL
LON-03,B3,1500,maia3-79m,2,d2d4,d4,0.24543097615242004,0.9890689314343035,0.44840463559511406,515,28,457,r1b1kb1r/1p2pppp/2n2n2/1p1p4/2pP1B2/2P1PN2/PP1N1PPP/R3KB1R w KQkq -,MODEL_PREDICTION_NOT_EMPIRICAL
LON-03,B3,1500,maia3-79m,3,c2c4,c4,0.02303183265030384,0.9890689314343035,0.44840463559511406,511,27,462,r1b1kb1r/1p2pppp/2n2n2/1p1p4/2pP1B2/2P1PN2/PP1N1PPP/R3KB1R w KQkq -,MODEL_PREDICTION_NOT_EMPIRICAL
LON-03,B3,1500,maia3-79m,4,g1f3,Nf3,0.02068304643034935,0.9890689314343035,0.44840463559511406,525,27,448,r1b1kb1r/1p2pppp/2n2n2/1p1p4/2pP1B2/2P1PN2/PP1N1PPP/R3KB1R w KQkq -,MODEL_PREDICTION_NOT_EMPIRICAL
LON-03,B3,1500,maia3-79m,5,e2e3,e3,0.015259450301527977,0.9890689314343035,0.44840463559511406,497,27,476,r1b1kb1r/1p2pppp/2n2n2/1p1p4/2pP1B2/2P1PN2/PP1N1PPP/R3KB1R w KQkq -,MODEL_PREDICTION_NOT_EMPIRICAL
LON-03,B3,1500,maia3-79m,6,g2g3,g3,0.011820637620985508,0.9890689314343035,0.44840463559511406,503,28,469,r1b1kb1r/1p2pppp/2n2n2/1p1p4/2pP1B2/2P1PN2/PP1N1PPP/R3KB1R w KQkq -,MODEL_PREDICTION_NOT_EMPIRICAL
LON-03,B3,1500,maia3-79m,7,b2b3,b3,0.01035252958536148,0.9890689314343035,0.44840463559511406,505,27,468,r1b1kb1r/1p2pppp/2n2n2/1p1p4/2pP1B2/2P1PN2/PP1N1PPP/R3KB1R w KQkq -,MODEL_PREDICTION_NOT_EMPIRICAL
LON-03,B3,1500,maia3-79m,8,f2f4,f4,0.005875293631106615,0.9890689314343035,0.44840463559511406,507,25,468,r1b1kb1r/1p2pppp/2n2n2/1p1p4/2pP1B2/2P1PN2/PP1N1PPP/R3KB1R w KQkq -,MODEL_PREDICTION_NOT_EMPIRICAL
LON-03,B3,1500,maia3-79m,9,d2d3,d3,0.00447371369227767,0.9890689314343035,0.44840463559511406,496,28,476,r1b1kb1r/1p2pppp/2n2n2/1p1p4/2pP1B2/2P1PN2/PP1N1PPP/R3KB1R w KQkq -,MODEL_PREDICTION_NOT_EMPIRICAL
LON-03,B3,1500,maia3-79m,10,b2b4,b4,0.00390666676685214,0.9890689314343035,0.44840463559511406,515,24,461,r1b1kb1r/1p2pppp/2n2n2/1p1p4/2pP1B2/2P1PN2/PP1N1PPP/R3KB1R w KQkq -,MODEL_PREDICTION_NOT_EMPIRICAL
LON-03,B3,1700,maia3-79m,1,e2e4,e4,0.625694990158081,0.9896683357656002,0.47033680283448054,504,29,467,r1b1kb1r/1p2pppp/2n2n2/1p1p4/2pP1B2/2P1PN2/PP1N1PPP/R3KB1R w KQkq -,MODEL_PREDICTION_NOT_EMPIRICAL
LON-03,B3,1700,maia3-79m,2,d2d4,d4,0.257449209690094,0.9896683357656002,0.47033680283448054,515,31,454,r1b1kb1r/1p2pppp/2n2n2/1p1p4/2pP1B2/2P1PN2/PP1N1PPP/R3KB1R w KQkq -,MODEL_PREDICTION_NOT_EMPIRICAL
LON-03,B3,1700,maia3-79m,3,c2c4,c4,0.029208268970251083,0.9896683357656002,0.47033680283448054,513,30,457,r1b1kb1r/1p2pppp/2n2n2/1p1p4/2pP1B2/2P1PN2/PP1N1PPP/R3KB1R w KQkq -,MODEL_PREDICTION_NOT_EMPIRICAL
LON-03,B3,1700,maia3-79m,4,g1f3,Nf3,0.023894039914011955,0.9896683357656002,0.47033680283448054,530,30,440,r1b1kb1r/1p2pppp/2n2n2/1p1p4/2pP1B2/2P1PN2/PP1N1PPP/R3KB1R w KQkq -,MODEL_PREDICTION_NOT_EMPIRICAL
LON-03,B3,1700,maia3-79m,5,e2e3,e3,0.012733161449432373,0.9896683357656002,0.47033680283448054,501,29,470,r1b1kb1r/1p2pppp/2n2n2/1p1p4/2pP1B2/2P1PN2/PP1N1PPP/R3KB1R w KQkq -,MODEL_PREDICTION_NOT_EMPIRICAL
LON-03,B3,1700,maia3-79m,6,g2g3,g3,0.011797066777944565,0.9896683357656002,0.47033680283448054,508,30,462,r1b1kb1r/1p2pppp/2n2n2/1p1p4/2pP1B2/2P1PN2/PP1N1PPP/R3KB1R w KQkq -,MODEL_PREDICTION_NOT_EMPIRICAL
LON-03,B3,1700,maia3-79m,7,b2b3,b3,0.011401703581213951,0.9896683357656002,0.47033680283448054,510,29,461,r1b1kb1r/1p2pppp/2n2n2/1p1p4/2pP1B2/2P1PN2/PP1N1PPP/R3KB1R w KQkq -,MODEL_PREDICTION_NOT_EMPIRICAL
LON-03,B3,1700,maia3-79m,8,f2f4,f4,0.00882899109274149,0.9896683357656002,0.47033680283448054,507,28,465,r1b1kb1r/1p2pppp/2n2n2/1p1p4/2pP1B2/2P1PN2/PP1N1PPP/R3KB1R w KQkq -,MODEL_PREDICTION_NOT_EMPIRICAL
LON-03,B3,1700,maia3-79m,9,b2b4,b4,0.004424287937581539,0.9896683357656002,0.47033680283448054,518,27,455,r1b1kb1r/1p2pppp/2n2n2/1p1p4/2pP1B2/2P1PN2/PP1N1PPP/R3KB1R w KQkq -,MODEL_PREDICTION_NOT_EMPIRICAL
LON-03,B3,1700,maia3-79m,10,d2d3,d3,0.0042366161942481995,0.9896683357656002,0.47033680283448054,500,30,470,r1b1kb1r/1p2pppp/2n2n2/1p1p4/2pP1B2/2P1PN2/PP1N1PPP/R3KB1R w KQkq -,MODEL_PREDICTION_NOT_EMPIRICAL
LON-03,B3,1900,maia3-79m,1,e2e4,e4,0.5982585549354553,0.9897327157668769,0.4932666454104177,503,33,464,r1b1kb1r/1p2pppp/2n2n2/1p1p4/2pP1B2/2P1PN2/PP1N1PPP/R3KB1R w KQkq -,MODEL_PREDICTION_NOT_EMPIRICAL
LON-03,B3,1900,maia3-79m,2,d2d4,d4,0.27083200216293335,0.9897327157668769,0.4932666454104177,513,36,451,r1b1kb1r/1p2pppp/2n2n2/1p1p4/2pP1B2/2P1PN2/PP1N1PPP/R3KB1R w KQkq -,MODEL_PREDICTION_NOT_EMPIRICAL
LON-03,B3,1900,maia3-79m,3,c2c4,c4,0.03720775246620178,0.9897327157668769,0.4932666454104177,512,35,453,r1b1kb1r/1p2pppp/2n2n2/1p1p4/2pP1B2/2P1PN2/PP1N1PPP/R3KB1R w KQkq -,MODEL_PREDICTION_NOT_EMPIRICAL
LON-03,B3,1900,maia3-79m,4,g1f3,Nf3,0.030766692012548447,0.9897327157668769,0.4932666454104177,527,36,437,r1b1kb1r/1p2pppp/2n2n2/1p1p4/2pP1B2/2P1PN2/PP1N1PPP/R3KB1R w KQkq -,MODEL_PREDICTION_NOT_EMPIRICAL
LON-03,B3,1900,maia3-79m,5,f2f4,f4,0.012273138388991356,0.9897327157668769,0.4932666454104177,504,32,464,r1b1kb1r/1p2pppp/2n2n2/1p1p4/2pP1B2/2P1PN2/PP1N1PPP/R3KB1R w KQkq -,MODEL_PREDICTION_NOT_EMPIRICAL
LON-03,B3,1900,maia3-79m,6,b2b3,b3,0.011618333868682384,0.9897327157668769,0.4932666454104177,513,34,453,r1b1kb1r/1p2pppp/2n2n2/1p1p4/2pP1B2/2P1PN2/PP1N1PPP/R3KB1R w KQkq -,MODEL_PREDICTION_NOT_EMPIRICAL
LON-03,B3,1900,maia3-79m,7,g2g3,g3,0.010595535859465599,0.9897327157668769,0.4932666454104177,509,35,456,r1b1kb1r/1p2pppp/2n2n2/1p1p4/2pP1B2/2P1PN2/PP1N1PPP/R3KB1R w KQkq -,MODEL_PREDICTION_NOT_EMPIRICAL
LON-03,B3,1900,maia3-79m,8,e2e3,e3,0.009855199605226517,0.9897327157668769,0.4932666454104177,501,34,465,r1b1kb1r/1p2pppp/2n2n2/1p1p4/2pP1B2/2P1PN2/PP1N1PPP/R3KB1R w KQkq -,MODEL_PREDICTION_NOT_EMPIRICAL
LON-03,B3,1900,maia3-79m,9,b2b4,b4,0.0044146692380309105,0.9897327157668769,0.4932666454104177,517,31,452,r1b1kb1r/1p2pppp/2n2n2/1p1p4/2pP1B2/2P1PN2/PP1N1PPP/R3KB1R w KQkq -,MODEL_PREDICTION_NOT_EMPIRICAL
LON-03,B3,1900,maia3-79m,10,d2d3,d3,0.0039108372293412685,0.9897327157668769,0.4932666454104177,497,35,468,r1b1kb1r/1p2pppp/2n2n2/1p1p4/2pP1B2/2P1PN2/PP1N1PPP/R3KB1R w KQkq -,MODEL_PREDICTION_NOT_EMPIRICAL
LON-03,B3,2100,maia3-79m,1,e2e4,e4,0.5516610741615295,0.9894236333202571,0.5245369929792545,498,41,461,r1b1kb1r/1p2pppp/2n2n2/1p1p4/2pP1B2/2P1PN2/PP1N1PPP/R3KB1R w KQkq -,MODEL_PREDICTION_NOT_EMPIRICAL
LON-03,B3,2100,maia3-79m,2,d2d4,d4,0.29356226325035095,0.9894236333202571,0.5245369929792545,510,44,446,r1b1kb1r/1p2pppp/2n2n2/1p1p4/2pP1B2/2P1PN2/PP1N1PPP/R3KB1R w KQkq -,MODEL_PREDICTION_NOT_EMPIRICAL
LON-03,B3,2100,maia3-79m,3,g1f3,Nf3,0.0481594055891037,0.9894236333202571,0.5245369929792545,516,45,439,r1b1kb1r/1p2pppp/2n2n2/1p1p4/2pP1B2/2P1PN2/PP1N1PPP/R3KB1R w KQkq -,MODEL_PREDICTION_NOT_EMPIRICAL
LON-03,B3,2100,maia3-79m,4,c2c4,c4,0.0476539246737957,0.9894236333202571,0.5245369929792545,507,43,450,r1b1kb1r/1p2pppp/2n2n2/1p1p4/2pP1B2/2P1PN2/PP1N1PPP/R3KB1R w KQkq -,MODEL_PREDICTION_NOT_EMPIRICAL
LON-03,B3,2100,maia3-79m,5,f2f4,f4,0.012484685517847538,0.9894236333202571,0.5245369929792545,497,40,463,r1b1kb1r/1p2pppp/2n2n2/1p1p4/2pP1B2/2P1PN2/PP1N1PPP/R3KB1R w KQkq -,MODEL_PREDICTION_NOT_EMPIRICAL
LON-03,B3,2100,maia3-79m,6,b2b3,b3,0.012168200686573982,0.9894236333202571,0.5245369929792545,507,42,451,r1b1kb1r/1p2pppp/2n2n2/1p1p4/2pP1B2/2P1PN2/PP1N1PPP/R3KB1R w KQkq -,MODEL_PREDICTION_NOT_EMPIRICAL
LON-03,B3,2100,maia3-79m,7,g2g3,g3,0.008714002557098866,0.9894236333202571,0.5245369929792545,505,42,453,r1b1kb1r/1p2pppp/2n2n2/1p1p4/2pP1B2/2P1PN2/PP1N1PPP/R3KB1R w KQkq -,MODEL_PREDICTION_NOT_EMPIRICAL
LON-03,B3,2100,maia3-79m,8,e2e3,e3,0.006894053891301155,0.9894236333202571,0.5245369929792545,497,43,460,r1b1kb1r/1p2pppp/2n2n2/1p1p4/2pP1B2/2P1PN2/PP1N1PPP/R3KB1R w KQkq -,MODEL_PREDICTION_NOT_EMPIRICAL
LON-03,B3,2100,maia3-79m,9,b1c3,Nc3,0.0044635990634560585,0.9894236333202571,0.5245369929792545,521,42,437,r1b1kb1r/1p2pppp/2n2n2/1p1p4/2pP1B2/2P1PN2/PP1N1PPP/R3KB1R w KQkq -,MODEL_PREDICTION_NOT_EMPIRICAL
LON-03,B3,2100,maia3-79m,10,d2d3,d3,0.0036624239291995764,0.9894236333202571,0.5245369929792545,489,44,467,r1b1kb1r/1p2pppp/2n2n2/1p1p4/2pP1B2/2P1PN2/PP1N1PPP/R3KB1R w KQkq -,MODEL_PREDICTION_NOT_EMPIRICAL
LON-05,B3,1100,maia3-79m,1,e2e4,e4,0.6771548986434937,0.9878678212407976,0.42561317674662125,513,26,461,r3kb1r/pp2pppp/1qn2n2/3p1b2/3P1B2/4PN2/PP3PPP/RNQ1KB1R w KQkq -,MODEL_PREDICTION_NOT_EMPIRICAL
LON-05,B3,1100,maia3-79m,2,d2d4,d4,0.22272434830665588,0.9878678212407976,0.42561317674662125,521,27,452,r3kb1r/pp2pppp/1qn2n2/3p1b2/3P1B2/4PN2/PP3PPP/RNQ1KB1R w KQkq -,MODEL_PREDICTION_NOT_EMPIRICAL
LON-05,B3,1100,maia3-79m,3,e2e3,e3,0.020852725952863693,0.9878678212407976,0.42561317674662125,500,27,473,r3kb1r/pp2pppp/1qn2n2/3p1b2/3P1B2/4PN2/PP3PPP/RNQ1KB1R w KQkq -,MODEL_PREDICTION_NOT_EMPIRICAL
LON-05,B3,1100,maia3-79m,4,g1f3,Nf3,0.0199762973934412,0.9878678212407976,0.42561317674662125,517,27,456,r3kb1r/pp2pppp/1qn2n2/3p1b2/3P1B2/4PN2/PP3PPP/RNQ1KB1R w KQkq -,MODEL_PREDICTION_NOT_EMPIRICAL
LON-05,B3,1100,maia3-79m,5,c2c4,c4,0.015163088217377663,0.9878678212407976,0.42561317674662125,513,25,462,r3kb1r/pp2pppp/1qn2n2/3p1b2/3P1B2/4PN2/PP3PPP/RNQ1KB1R w KQkq -,MODEL_PREDICTION_NOT_EMPIRICAL
LON-05,B3,1100,maia3-79m,6,g2g3,g3,0.010951454751193523,0.9878678212407976,0.42561317674662125,497,27,476,r3kb1r/pp2pppp/1qn2n2/3p1b2/3P1B2/4PN2/PP3PPP/RNQ1KB1R w KQkq -,MODEL_PREDICTION_NOT_EMPIRICAL
LON-05,B3,1100,maia3-79m,7,b2b3,b3,0.007491483353078365,0.9878678212407976,0.42561317674662125,494,27,479,r3kb1r/pp2pppp/1qn2n2/3p1b2/3P1B2/4PN2/PP3PPP/RNQ1KB1R w KQkq -,MODEL_PREDICTION_NOT_EMPIRICAL
LON-05,B3,1100,maia3-79m,8,d2d3,d3,0.005036455579102039,0.9878678212407976,0.42561317674662125,493,27,480,r3kb1r/pp2pppp/1qn2n2/3p1b2/3P1B2/4PN2/PP3PPP/RNQ1KB1R w KQkq -,MODEL_PREDICTION_NOT_EMPIRICAL
LON-05,B3,1100,maia3-79m,9,b1c3,Nc3,0.004941529594361782,0.9878678212407976,0.42561317674662125,507,27,466,r3kb1r/pp2pppp/1qn2n2/3p1b2/3P1B2/4PN2/PP3PPP/RNQ1KB1R w KQkq -,MODEL_PREDICTION_NOT_EMPIRICAL
LON-05,B3,1100,maia3-79m,10,f2f4,f4,0.0035755394492298365,0.9878678212407976,0.42561317674662125,500,26,474,r3kb1r/pp2pppp/1qn2n2/3p1b2/3P1B2/4PN2/PP3PPP/RNQ1KB1R w KQkq -,MODEL_PREDICTION_NOT_EMPIRICAL
LON-05,B3,1300,maia3-79m,1,e2e4,e4,0.6652060747146606,0.9883486481849104,0.4312486267262949,508,25,467,r3kb1r/pp2pppp/1qn2n2/3p1b2/3P1B2/4PN2/PP3PPP/RNQ1KB1R w KQkq -,MODEL_PREDICTION_NOT_EMPIRICAL
LON-05,B3,1300,maia3-79m,2,d2d4,d4,0.23515543341636658,0.9883486481849104,0.4312486267262949,519,26,455,r3kb1r/pp2pppp/1qn2n2/3p1b2/3P1B2/4PN2/PP3PPP/RNQ1KB1R w KQkq -,MODEL_PREDICTION_NOT_EMPIRICAL
LON-05,B3,1300,maia3-79m,3,g1f3,Nf3,0.019363317638635635,0.9883486481849104,0.4312486267262949,521,27,452,r3kb1r/pp2pppp/1qn2n2/3p1b2/3P1B2/4PN2/PP3PPP/RNQ1KB1R w KQkq -,MODEL_PREDICTION_NOT_EMPIRICAL
LON-05,B3,1300,maia3-79m,4,c2c4,c4,0.018627913668751717,0.9883486481849104,0.4312486267262949,513,25,462,r3kb1r/pp2pppp/1qn2n2/3p1b2/3P1B2/4PN2/PP3PPP/RNQ1KB1R w KQkq -,MODEL_PREDICTION_NOT_EMPIRICAL
LON-05,B3,1300,maia3-79m,5,e2e3,e3,0.017626332119107246,0.9883486481849104,0.4312486267262949,499,26,475,r3kb1r/pp2pppp/1qn2n2/3p1b2/3P1B2/4PN2/PP3PPP/RNQ1KB1R w KQkq -,MODEL_PREDICTION_NOT_EMPIRICAL
LON-05,B3,1300,maia3-79m,6,g2g3,g3,0.011335160583257675,0.9883486481849104,0.4312486267262949,500,27,473,r3kb1r/pp2pppp/1qn2n2/3p1b2/3P1B2/4PN2/PP3PPP/RNQ1KB1R w KQkq -,MODEL_PREDICTION_NOT_EMPIRICAL
LON-05,B3,1300,maia3-79m,7,b2b3,b3,0.008808943443000317,0.9883486481849104,0.4312486267262949,503,26,471,r3kb1r/pp2pppp/1qn2n2/3p1b2/3P1B2/4PN2/PP3PPP/RNQ1KB1R w KQkq -,MODEL_PREDICTION_NOT_EMPIRICAL
LON-05,B3,1300,maia3-79m,8,d2d3,d3,0.004596428479999304,0.9883486481849104,0.4312486267262949,494,27,479,r3kb1r/pp2pppp/1qn2n2/3p1b2/3P1B2/4PN2/PP3PPP/RNQ1KB1R w KQkq -,MODEL_PREDICTION_NOT_EMPIRICAL
LON-05,B3,1300,maia3-79m,9,f2f4,f4,0.0041140238754451275,0.9883486481849104,0.4312486267262949,506,25,469,r3kb1r/pp2pppp/1qn2n2/3p1b2/3P1B2/4PN2/PP3PPP/RNQ1KB1R w KQkq -,MODEL_PREDICTION_NOT_EMPIRICAL
LON-05,B3,1300,maia3-79m,10,b1c3,Nc3,0.0035150202456861734,0.9883486481849104,0.4312486267262949,513,26,461,r3kb1r/pp2pppp/1qn2n2/3p1b2/3P1B2/4PN2/PP3PPP/RNQ1KB1R w KQkq -,MODEL_PREDICTION_NOT_EMPIRICAL
LON-05,B3,1500,maia3-79m,1,e2e4,e4,0.6482347846031189,0.9890689314343035,0.44840463559511406,505,27,468,r3kb1r/pp2pppp/1qn2n2/3p1b2/3P1B2/4PN2/PP3PPP/RNQ1KB1R w KQkq -,MODEL_PREDICTION_NOT_EMPIRICAL
LON-05,B3,1500,maia3-79m,2,d2d4,d4,0.24543097615242004,0.9890689314343035,0.44840463559511406,515,28,457,r3kb1r/pp2pppp/1qn2n2/3p1b2/3P1B2/4PN2/PP3PPP/RNQ1KB1R w KQkq -,MODEL_PREDICTION_NOT_EMPIRICAL
LON-05,B3,1500,maia3-79m,3,c2c4,c4,0.02303183265030384,0.9890689314343035,0.44840463559511406,511,27,462,r3kb1r/pp2pppp/1qn2n2/3p1b2/3P1B2/4PN2/PP3PPP/RNQ1KB1R w KQkq -,MODEL_PREDICTION_NOT_EMPIRICAL
LON-05,B3,1500,maia3-79m,4,g1f3,Nf3,0.02068304643034935,0.9890689314343035,0.44840463559511406,525,27,448,r3kb1r/pp2pppp/1qn2n2/3p1b2/3P1B2/4PN2/PP3PPP/RNQ1KB1R w KQkq -,MODEL_PREDICTION_NOT_EMPIRICAL
LON-05,B3,1500,maia3-79m,5,e2e3,e3,0.015259450301527977,0.9890689314343035,0.44840463559511406,497,27,476,r3kb1r/pp2pppp/1qn2n2/3p1b2/3P1B2/4PN2/PP3PPP/RNQ1KB1R w KQkq -,MODEL_PREDICTION_NOT_EMPIRICAL
LON-05,B3,1500,maia3-79m,6,g2g3,g3,0.011820637620985508,0.9890689314343035,0.44840463559511406,503,28,469,r3kb1r/pp2pppp/1qn2n2/3p1b2/3P1B2/4PN2/PP3PPP/RNQ1KB1R w KQkq -,MODEL_PREDICTION_NOT_EMPIRICAL
LON-05,B3,1500,maia3-79m,7,b2b3,b3,0.01035252958536148,0.9890689314343035,0.44840463559511406,505,27,468,r3kb1r/pp2pppp/1qn2n2/3p1b2/3P1B2/4PN2/PP3PPP/RNQ1KB1R w KQkq -,MODEL_PREDICTION_NOT_EMPIRICAL
LON-05,B3,1500,maia3-79m,8,f2f4,f4,0.005875293631106615,0.9890689314343035,0.44840463559511406,507,25,468,r3kb1r/pp2pppp/1qn2n2/3p1b2/3P1B2/4PN2/PP3PPP/RNQ1KB1R w KQkq -,MODEL_PREDICTION_NOT_EMPIRICAL
LON-05,B3,1500,maia3-79m,9,d2d3,d3,0.00447371369227767,0.9890689314343035,0.44840463559511406,496,28,476,r3kb1r/pp2pppp/1qn2n2/3p1b2/3P1B2/4PN2/PP3PPP/RNQ1KB1R w KQkq -,MODEL_PREDICTION_NOT_EMPIRICAL
LON-05,B3,1500,maia3-79m,10,b2b4,b4,0.00390666676685214,0.9890689314343035,0.44840463559511406,515,24,461,r3kb1r/pp2pppp/1qn2n2/3p1b2/3P1B2/4PN2/PP3PPP/RNQ1KB1R w KQkq -,MODEL_PREDICTION_NOT_EMPIRICAL
LON-05,B3,1700,maia3-79m,1,e2e4,e4,0.625694990158081,0.9896683357656002,0.47033680283448054,504,29,467,r3kb1r/pp2pppp/1qn2n2/3p1b2/3P1B2/4PN2/PP3PPP/RNQ1KB1R w KQkq -,MODEL_PREDICTION_NOT_EMPIRICAL
LON-05,B3,1700,maia3-79m,2,d2d4,d4,0.257449209690094,0.9896683357656002,0.47033680283448054,515,31,454,r3kb1r/pp2pppp/1qn2n2/3p1b2/3P1B2/4PN2/PP3PPP/RNQ1KB1R w KQkq -,MODEL_PREDICTION_NOT_EMPIRICAL
LON-05,B3,1700,maia3-79m,3,c2c4,c4,0.029208268970251083,0.9896683357656002,0.47033680283448054,513,30,457,r3kb1r/pp2pppp/1qn2n2/3p1b2/3P1B2/4PN2/PP3PPP/RNQ1KB1R w KQkq -,MODEL_PREDICTION_NOT_EMPIRICAL
LON-05,B3,1700,maia3-79m,4,g1f3,Nf3,0.023894039914011955,0.9896683357656002,0.47033680283448054,530,30,440,r3kb1r/pp2pppp/1qn2n2/3p1b2/3P1B2/4PN2/PP3PPP/RNQ1KB1R w KQkq -,MODEL_PREDICTION_NOT_EMPIRICAL
LON-05,B3,1700,maia3-79m,5,e2e3,e3,0.012733161449432373,0.9896683357656002,0.47033680283448054,501,29,470,r3kb1r/pp2pppp/1qn2n2/3p1b2/3P1B2/4PN2/PP3PPP/RNQ1KB1R w KQkq -,MODEL_PREDICTION_NOT_EMPIRICAL
LON-05,B3,1700,maia3-79m,6,g2g3,g3,0.011797066777944565,0.9896683357656002,0.47033680283448054,508,30,462,r3kb1r/pp2pppp/1qn2n2/3p1b2/3P1B2/4PN2/PP3PPP/RNQ1KB1R w KQkq -,MODEL_PREDICTION_NOT_EMPIRICAL
LON-05,B3,1700,maia3-79m,7,b2b3,b3,0.011401703581213951,0.9896683357656002,0.47033680283448054,510,29,461,r3kb1r/pp2pppp/1qn2n2/3p1b2/3P1B2/4PN2/PP3PPP/RNQ1KB1R w KQkq -,MODEL_PREDICTION_NOT_EMPIRICAL
LON-05,B3,1700,maia3-79m,8,f2f4,f4,0.00882899109274149,0.9896683357656002,0.47033680283448054,507,28,465,r3kb1r/pp2pppp/1qn2n2/3p1b2/3P1B2/4PN2/PP3PPP/RNQ1KB1R w KQkq -,MODEL_PREDICTION_NOT_EMPIRICAL
LON-05,B3,1700,maia3-79m,9,b2b4,b4,0.004424287937581539,0.9896683357656002,0.47033680283448054,518,27,455,r3kb1r/pp2pppp/1qn2n2/3p1b2/3P1B2/4PN2/PP3PPP/RNQ1KB1R w KQkq -,MODEL_PREDICTION_NOT_EMPIRICAL
LON-05,B3,1700,maia3-79m,10,d2d3,d3,0.0042366161942481995,0.9896683357656002,0.47033680283448054,500,30,470,r3kb1r/pp2pppp/1qn2n2/3p1b2/3P1B2/4PN2/PP3PPP/RNQ1KB1R w KQkq -,MODEL_PREDICTION_NOT_EMPIRICAL
LON-05,B3,1900,maia3-79m,1,e2e4,e4,0.5982585549354553,0.9897327157668769,0.4932666454104177,503,33,464,r3kb1r/pp2pppp/1qn2n2/3p1b2/3P1B2/4PN2/PP3PPP/RNQ1KB1R w KQkq -,MODEL_PREDICTION_NOT_EMPIRICAL
LON-05,B3,1900,maia3-79m,2,d2d4,d4,0.27083200216293335,0.9897327157668769,0.4932666454104177,513,36,451,r3kb1r/pp2pppp/1qn2n2/3p1b2/3P1B2/4PN2/PP3PPP/RNQ1KB1R w KQkq -,MODEL_PREDICTION_NOT_EMPIRICAL
LON-05,B3,1900,maia3-79m,3,c2c4,c4,0.03720775246620178,0.9897327157668769,0.4932666454104177,512,35,453,r3kb1r/pp2pppp/1qn2n2/3p1b2/3P1B2/4PN2/PP3PPP/RNQ1KB1R w KQkq -,MODEL_PREDICTION_NOT_EMPIRICAL
LON-05,B3,1900,maia3-79m,4,g1f3,Nf3,0.030766692012548447,0.9897327157668769,0.4932666454104177,527,36,437,r3kb1r/pp2pppp/1qn2n2/3p1b2/3P1B2/4PN2/PP3PPP/RNQ1KB1R w KQkq -,MODEL_PREDICTION_NOT_EMPIRICAL
LON-05,B3,1900,maia3-79m,5,f2f4,f4,0.012273138388991356,0.9897327157668769,0.4932666454104177,504,32,464,r3kb1r/pp2pppp/1qn2n2/3p1b2/3P1B2/4PN2/PP3PPP/RNQ1KB1R w KQkq -,MODEL_PREDICTION_NOT_EMPIRICAL
LON-05,B3,1900,maia3-79m,6,b2b3,b3,0.011618333868682384,0.9897327157668769,0.4932666454104177,513,34,453,r3kb1r/pp2pppp/1qn2n2/3p1b2/3P1B2/4PN2/PP3PPP/RNQ1KB1R w KQkq -,MODEL_PREDICTION_NOT_EMPIRICAL
LON-05,B3,1900,maia3-79m,7,g2g3,g3,0.010595535859465599,0.9897327157668769,0.4932666454104177,509,35,456,r3kb1r/pp2pppp/1qn2n2/3p1b2/3P1B2/4PN2/PP3PPP/RNQ1KB1R w KQkq -,MODEL_PREDICTION_NOT_EMPIRICAL
LON-05,B3,1900,maia3-79m,8,e2e3,e3,0.009855199605226517,0.9897327157668769,0.4932666454104177,501,34,465,r3kb1r/pp2pppp/1qn2n2/3p1b2/3P1B2/4PN2/PP3PPP/RNQ1KB1R w KQkq -,MODEL_PREDICTION_NOT_EMPIRICAL
LON-05,B3,1900,maia3-79m,9,b2b4,b4,0.0044146692380309105,0.9897327157668769,0.4932666454104177,517,31,452,r3kb1r/pp2pppp/1qn2n2/3p1b2/3P1B2/4PN2/PP3PPP/RNQ1KB1R w KQkq -,MODEL_PREDICTION_NOT_EMPIRICAL
LON-05,B3,1900,maia3-79m,10,d2d3,d3,0.0039108372293412685,0.9897327157668769,0.4932666454104177,497,35,468,r3kb1r/pp2pppp/1qn2n2/3p1b2/3P1B2/4PN2/PP3PPP/RNQ1KB1R w KQkq -,MODEL_PREDICTION_NOT_EMPIRICAL
LON-05,B3,2100,maia3-79m,1,e2e4,e4,0.5516610741615295,0.9894236333202571,0.5245369929792545,498,41,461,r3kb1r/pp2pppp/1qn2n2/3p1b2/3P1B2/4PN2/PP3PPP/RNQ1KB1R w KQkq -,MODEL_PREDICTION_NOT_EMPIRICAL
LON-05,B3,2100,maia3-79m,2,d2d4,d4,0.29356226325035095,0.9894236333202571,0.5245369929792545,510,44,446,r3kb1r/pp2pppp/1qn2n2/3p1b2/3P1B2/4PN2/PP3PPP/RNQ1KB1R w KQkq -,MODEL_PREDICTION_NOT_EMPIRICAL
LON-05,B3,2100,maia3-79m,3,g1f3,Nf3,0.0481594055891037,0.9894236333202571,0.5245369929792545,516,45,439,r3kb1r/pp2pppp/1qn2n2/3p1b2/3P1B2/4PN2/PP3PPP/RNQ1KB1R w KQkq -,MODEL_PREDICTION_NOT_EMPIRICAL
LON-05,B3,2100,maia3-79m,4,c2c4,c4,0.0476539246737957,0.9894236333202571,0.5245369929792545,507,43,450,r3kb1r/pp2pppp/1qn2n2/3p1b2/3P1B2/4PN2/PP3PPP/RNQ1KB1R w KQkq -,MODEL_PREDICTION_NOT_EMPIRICAL
LON-05,B3,2100,maia3-79m,5,f2f4,f4,0.012484685517847538,0.9894236333202571,0.5245369929792545,497,40,463,r3kb1r/pp2pppp/1qn2n2/3p1b2/3P1B2/4PN2/PP3PPP/RNQ1KB1R w KQkq -,MODEL_PREDICTION_NOT_EMPIRICAL
LON-05,B3,2100,maia3-79m,6,b2b3,b3,0.012168200686573982,0.9894236333202571,0.5245369929792545,507,42,451,r3kb1r/pp2pppp/1qn2n2/3p1b2/3P1B2/4PN2/PP3PPP/RNQ1KB1R w KQkq -,MODEL_PREDICTION_NOT_EMPIRICAL
LON-05,B3,2100,maia3-79m,7,g2g3,g3,0.008714002557098866,0.9894236333202571,0.5245369929792545,505,42,453,r3kb1r/pp2pppp/1qn2n2/3p1b2/3P1B2/4PN2/PP3PPP/RNQ1KB1R w KQkq -,MODEL_PREDICTION_NOT_EMPIRICAL
LON-05,B3,2100,maia3-79m,8,e2e3,e3,0.006894053891301155,0.9894236333202571,0.5245369929792545,497,43,460,r3kb1r/pp2pppp/1qn2n2/3p1b2/3P1B2/4PN2/PP3PPP/RNQ1KB1R w KQkq -,MODEL_PREDICTION_NOT_EMPIRICAL
LON-05,B3,2100,maia3-79m,9,b1c3,Nc3,0.0044635990634560585,0.9894236333202571,0.5245369929792545,521,42,437,r3kb1r/pp2pppp/1qn2n2/3p1b2/3P1B2/4PN2/PP3PPP/RNQ1KB1R w KQkq -,MODEL_PREDICTION_NOT_EMPIRICAL
LON-05,B3,2100,maia3-79m,10,d2d3,d3,0.0036624239291995764,0.9894236333202571,0.5245369929792545,489,44,467,r3kb1r/pp2pppp/1qn2n2/3p1b2/3P1B2/4PN2/PP3PPP/RNQ1KB1R w KQkq -,MODEL_PREDICTION_NOT_EMPIRICAL
JOB-11,B3,1100,maia3-79m,1,e2e4,e4,0.6771548986434937,0.9878678212407976,0.42561317674662125,513,26,461,1rbqkb1r/pp2pppp/5n2/2pp4/3P4/2N5/PPP1PPPP/R2QKBNR w KQk -,MODEL_PREDICTION_NOT_EMPIRICAL
JOB-11,B3,1100,maia3-79m,2,d2d4,d4,0.22272434830665588,0.9878678212407976,0.42561317674662125,521,27,452,1rbqkb1r/pp2pppp/5n2/2pp4/3P4/2N5/PPP1PPPP/R2QKBNR w KQk -,MODEL_PREDICTION_NOT_EMPIRICAL
JOB-11,B3,1100,maia3-79m,3,e2e3,e3,0.020852725952863693,0.9878678212407976,0.42561317674662125,500,27,473,1rbqkb1r/pp2pppp/5n2/2pp4/3P4/2N5/PPP1PPPP/R2QKBNR w KQk -,MODEL_PREDICTION_NOT_EMPIRICAL
JOB-11,B3,1100,maia3-79m,4,g1f3,Nf3,0.0199762973934412,0.9878678212407976,0.42561317674662125,517,27,456,1rbqkb1r/pp2pppp/5n2/2pp4/3P4/2N5/PPP1PPPP/R2QKBNR w KQk -,MODEL_PREDICTION_NOT_EMPIRICAL
JOB-11,B3,1100,maia3-79m,5,c2c4,c4,0.015163088217377663,0.9878678212407976,0.42561317674662125,513,25,462,1rbqkb1r/pp2pppp/5n2/2pp4/3P4/2N5/PPP1PPPP/R2QKBNR w KQk -,MODEL_PREDICTION_NOT_EMPIRICAL
JOB-11,B3,1100,maia3-79m,6,g2g3,g3,0.010951454751193523,0.9878678212407976,0.42561317674662125,497,27,476,1rbqkb1r/pp2pppp/5n2/2pp4/3P4/2N5/PPP1PPPP/R2QKBNR w KQk -,MODEL_PREDICTION_NOT_EMPIRICAL
JOB-11,B3,1100,maia3-79m,7,b2b3,b3,0.007491483353078365,0.9878678212407976,0.42561317674662125,494,27,479,1rbqkb1r/pp2pppp/5n2/2pp4/3P4/2N5/PPP1PPPP/R2QKBNR w KQk -,MODEL_PREDICTION_NOT_EMPIRICAL
JOB-11,B3,1100,maia3-79m,8,d2d3,d3,0.005036455579102039,0.9878678212407976,0.42561317674662125,493,27,480,1rbqkb1r/pp2pppp/5n2/2pp4/3P4/2N5/PPP1PPPP/R2QKBNR w KQk -,MODEL_PREDICTION_NOT_EMPIRICAL
JOB-11,B3,1100,maia3-79m,9,b1c3,Nc3,0.004941529594361782,0.9878678212407976,0.42561317674662125,507,27,466,1rbqkb1r/pp2pppp/5n2/2pp4/3P4/2N5/PPP1PPPP/R2QKBNR w KQk -,MODEL_PREDICTION_NOT_EMPIRICAL
JOB-11,B3,1100,maia3-79m,10,f2f4,f4,0.0035755394492298365,0.9878678212407976,0.42561317674662125,500,26,474,1rbqkb1r/pp2pppp/5n2/2pp4/3P4/2N5/PPP1PPPP/R2QKBNR w KQk -,MODEL_PREDICTION_NOT_EMPIRICAL
JOB-11,B3,1300,maia3-79m,1,e2e4,e4,0.6652060747146606,0.9883486481849104,0.4312486267262949,508,25,467,1rbqkb1r/pp2pppp/5n2/2pp4/3P4/2N5/PPP1PPPP/R2QKBNR w KQk -,MODEL_PREDICTION_NOT_EMPIRICAL
JOB-11,B3,1300,maia3-79m,2,d2d4,d4,0.23515543341636658,0.9883486481849104,0.4312486267262949,519,26,455,1rbqkb1r/pp2pppp/5n2/2pp4/3P4/2N5/PPP1PPPP/R2QKBNR w KQk -,MODEL_PREDICTION_NOT_EMPIRICAL
JOB-11,B3,1300,maia3-79m,3,g1f3,Nf3,0.019363317638635635,0.9883486481849104,0.4312486267262949,521,27,452,1rbqkb1r/pp2pppp/5n2/2pp4/3P4/2N5/PPP1PPPP/R2QKBNR w KQk -,MODEL_PREDICTION_NOT_EMPIRICAL
JOB-11,B3,1300,maia3-79m,4,c2c4,c4,0.018627913668751717,0.9883486481849104,0.4312486267262949,513,25,462,1rbqkb1r/pp2pppp/5n2/2pp4/3P4/2N5/PPP1PPPP/R2QKBNR w KQk -,MODEL_PREDICTION_NOT_EMPIRICAL
JOB-11,B3,1300,maia3-79m,5,e2e3,e3,0.017626332119107246,0.9883486481849104,0.4312486267262949,499,26,475,1rbqkb1r/pp2pppp/5n2/2pp4/3P4/2N5/PPP1PPPP/R2QKBNR w KQk -,MODEL_PREDICTION_NOT_EMPIRICAL
JOB-11,B3,1300,maia3-79m,6,g2g3,g3,0.011335160583257675,0.9883486481849104,0.4312486267262949,500,27,473,1rbqkb1r/pp2pppp/5n2/2pp4/3P4/2N5/PPP1PPPP/R2QKBNR w KQk -,MODEL_PREDICTION_NOT_EMPIRICAL
JOB-11,B3,1300,maia3-79m,7,b2b3,b3,0.008808943443000317,0.9883486481849104,0.4312486267262949,503,26,471,1rbqkb1r/pp2pppp/5n2/2pp4/3P4/2N5/PPP1PPPP/R2QKBNR w KQk -,MODEL_PREDICTION_NOT_EMPIRICAL
JOB-11,B3,1300,maia3-79m,8,d2d3,d3,0.004596428479999304,0.9883486481849104,0.4312486267262949,494,27,479,1rbqkb1r/pp2pppp/5n2/2pp4/3P4/2N5/PPP1PPPP/R2QKBNR w KQk -,MODEL_PREDICTION_NOT_EMPIRICAL
JOB-11,B3,1300,maia3-79m,9,f2f4,f4,0.0041140238754451275,0.9883486481849104,0.4312486267262949,506,25,469,1rbqkb1r/pp2pppp/5n2/2pp4/3P4/2N5/PPP1PPPP/R2QKBNR w KQk -,MODEL_PREDICTION_NOT_EMPIRICAL
JOB-11,B3,1300,maia3-79m,10,b1c3,Nc3,0.0035150202456861734,0.9883486481849104,0.4312486267262949,513,26,461,1rbqkb1r/pp2pppp/5n2/2pp4/3P4/2N5/PPP1PPPP/R2QKBNR w KQk -,MODEL_PREDICTION_NOT_EMPIRICAL
JOB-11,B3,1500,maia3-79m,1,e2e4,e4,0.6482347846031189,0.9890689314343035,0.44840463559511406,505,27,468,1rbqkb1r/pp2pppp/5n2/2pp4/3P4/2N5/PPP1PPPP/R2QKBNR w KQk -,MODEL_PREDICTION_NOT_EMPIRICAL
JOB-11,B3,1500,maia3-79m,2,d2d4,d4,0.24543097615242004,0.9890689314343035,0.44840463559511406,515,28,457,1rbqkb1r/pp2pppp/5n2/2pp4/3P4/2N5/PPP1PPPP/R2QKBNR w KQk -,MODEL_PREDICTION_NOT_EMPIRICAL
JOB-11,B3,1500,maia3-79m,3,c2c4,c4,0.02303183265030384,0.9890689314343035,0.44840463559511406,511,27,462,1rbqkb1r/pp2pppp/5n2/2pp4/3P4/2N5/PPP1PPPP/R2QKBNR w KQk -,MODEL_PREDICTION_NOT_EMPIRICAL
JOB-11,B3,1500,maia3-79m,4,g1f3,Nf3,0.02068304643034935,0.9890689314343035,0.44840463559511406,525,27,448,1rbqkb1r/pp2pppp/5n2/2pp4/3P4/2N5/PPP1PPPP/R2QKBNR w KQk -,MODEL_PREDICTION_NOT_EMPIRICAL
JOB-11,B3,1500,maia3-79m,5,e2e3,e3,0.015259450301527977,0.9890689314343035,0.44840463559511406,497,27,476,1rbqkb1r/pp2pppp/5n2/2pp4/3P4/2N5/PPP1PPPP/R2QKBNR w KQk -,MODEL_PREDICTION_NOT_EMPIRICAL
JOB-11,B3,1500,maia3-79m,6,g2g3,g3,0.011820637620985508,0.9890689314343035,0.44840463559511406,503,28,469,1rbqkb1r/pp2pppp/5n2/2pp4/3P4/2N5/PPP1PPPP/R2QKBNR w KQk -,MODEL_PREDICTION_NOT_EMPIRICAL
JOB-11,B3,1500,maia3-79m,7,b2b3,b3,0.01035252958536148,0.9890689314343035,0.44840463559511406,505,27,468,1rbqkb1r/pp2pppp/5n2/2pp4/3P4/2N5/PPP1PPPP/R2QKBNR w KQk -,MODEL_PREDICTION_NOT_EMPIRICAL
JOB-11,B3,1500,maia3-79m,8,f2f4,f4,0.005875293631106615,0.9890689314343035,0.44840463559511406,507,25,468,1rbqkb1r/pp2pppp/5n2/2pp4/3P4/2N5/PPP1PPPP/R2QKBNR w KQk -,MODEL_PREDICTION_NOT_EMPIRICAL
JOB-11,B3,1500,maia3-79m,9,d2d3,d3,0.00447371369227767,0.9890689314343035,0.44840463559511406,496,28,476,1rbqkb1r/pp2pppp/5n2/2pp4/3P4/2N5/PPP1PPPP/R2QKBNR w KQk -,MODEL_PREDICTION_NOT_EMPIRICAL
JOB-11,B3,1500,maia3-79m,10,b2b4,b4,0.00390666676685214,0.9890689314343035,0.44840463559511406,515,24,461,1rbqkb1r/pp2pppp/5n2/2pp4/3P4/2N5/PPP1PPPP/R2QKBNR w KQk -,MODEL_PREDICTION_NOT_EMPIRICAL
JOB-11,B3,1700,maia3-79m,1,e2e4,e4,0.625694990158081,0.9896683357656002,0.47033680283448054,504,29,467,1rbqkb1r/pp2pppp/5n2/2pp4/3P4/2N5/PPP1PPPP/R2QKBNR w KQk -,MODEL_PREDICTION_NOT_EMPIRICAL
JOB-11,B3,1700,maia3-79m,2,d2d4,d4,0.257449209690094,0.9896683357656002,0.47033680283448054,515,31,454,1rbqkb1r/pp2pppp/5n2/2pp4/3P4/2N5/PPP1PPPP/R2QKBNR w KQk -,MODEL_PREDICTION_NOT_EMPIRICAL
JOB-11,B3,1700,maia3-79m,3,c2c4,c4,0.029208268970251083,0.9896683357656002,0.47033680283448054,513,30,457,1rbqkb1r/pp2pppp/5n2/2pp4/3P4/2N5/PPP1PPPP/R2QKBNR w KQk -,MODEL_PREDICTION_NOT_EMPIRICAL
JOB-11,B3,1700,maia3-79m,4,g1f3,Nf3,0.023894039914011955,0.9896683357656002,0.47033680283448054,530,30,440,1rbqkb1r/pp2pppp/5n2/2pp4/3P4/2N5/PPP1PPPP/R2QKBNR w KQk -,MODEL_PREDICTION_NOT_EMPIRICAL
JOB-11,B3,1700,maia3-79m,5,e2e3,e3,0.012733161449432373,0.9896683357656002,0.47033680283448054,501,29,470,1rbqkb1r/pp2pppp/5n2/2pp4/3P4/2N5/PPP1PPPP/R2QKBNR w KQk -,MODEL_PREDICTION_NOT_EMPIRICAL
JOB-11,B3,1700,maia3-79m,6,g2g3,g3,0.011797066777944565,0.9896683357656002,0.47033680283448054,508,30,462,1rbqkb1r/pp2pppp/5n2/2pp4/3P4/2N5/PPP1PPPP/R2QKBNR w KQk -,MODEL_PREDICTION_NOT_EMPIRICAL
JOB-11,B3,1700,maia3-79m,7,b2b3,b3,0.011401703581213951,0.9896683357656002,0.47033680283448054,510,29,461,1rbqkb1r/pp2pppp/5n2/2pp4/3P4/2N5/PPP1PPPP/R2QKBNR w KQk -,MODEL_PREDICTION_NOT_EMPIRICAL
JOB-11,B3,1700,maia3-79m,8,f2f4,f4,0.00882899109274149,0.9896683357656002,0.47033680283448054,507,28,465,1rbqkb1r/pp2pppp/5n2/2pp4/3P4/2N5/PPP1PPPP/R2QKBNR w KQk -,MODEL_PREDICTION_NOT_EMPIRICAL
JOB-11,B3,1700,maia3-79m,9,b2b4,b4,0.004424287937581539,0.9896683357656002,0.47033680283448054,518,27,455,1rbqkb1r/pp2pppp/5n2/2pp4/3P4/2N5/PPP1PPPP/R2QKBNR w KQk -,MODEL_PREDICTION_NOT_EMPIRICAL
JOB-11,B3,1700,maia3-79m,10,d2d3,d3,0.0042366161942481995,0.9896683357656002,0.47033680283448054,500,30,470,1rbqkb1r/pp2pppp/5n2/2pp4/3P4/2N5/PPP1PPPP/R2QKBNR w KQk -,MODEL_PREDICTION_NOT_EMPIRICAL
JOB-11,B3,1900,maia3-79m,1,e2e4,e4,0.5982585549354553,0.9897327157668769,0.4932666454104177,503,33,464,1rbqkb1r/pp2pppp/5n2/2pp4/3P4/2N5/PPP1PPPP/R2QKBNR w KQk -,MODEL_PREDICTION_NOT_EMPIRICAL
JOB-11,B3,1900,maia3-79m,2,d2d4,d4,0.27083200216293335,0.9897327157668769,0.4932666454104177,513,36,451,1rbqkb1r/pp2pppp/5n2/2pp4/3P4/2N5/PPP1PPPP/R2QKBNR w KQk -,MODEL_PREDICTION_NOT_EMPIRICAL
JOB-11,B3,1900,maia3-79m,3,c2c4,c4,0.03720775246620178,0.9897327157668769,0.4932666454104177,512,35,453,1rbqkb1r/pp2pppp/5n2/2pp4/3P4/2N5/PPP1PPPP/R2QKBNR w KQk -,MODEL_PREDICTION_NOT_EMPIRICAL
JOB-11,B3,1900,maia3-79m,4,g1f3,Nf3,0.030766692012548447,0.9897327157668769,0.4932666454104177,527,36,437,1rbqkb1r/pp2pppp/5n2/2pp4/3P4/2N5/PPP1PPPP/R2QKBNR w KQk -,MODEL_PREDICTION_NOT_EMPIRICAL
JOB-11,B3,1900,maia3-79m,5,f2f4,f4,0.012273138388991356,0.9897327157668769,0.4932666454104177,504,32,464,1rbqkb1r/pp2pppp/5n2/2pp4/3P4/2N5/PPP1PPPP/R2QKBNR w KQk -,MODEL_PREDICTION_NOT_EMPIRICAL
JOB-11,B3,1900,maia3-79m,6,b2b3,b3,0.011618333868682384,0.9897327157668769,0.4932666454104177,513,34,453,1rbqkb1r/pp2pppp/5n2/2pp4/3P4/2N5/PPP1PPPP/R2QKBNR w KQk -,MODEL_PREDICTION_NOT_EMPIRICAL
JOB-11,B3,1900,maia3-79m,7,g2g3,g3,0.010595535859465599,0.9897327157668769,0.4932666454104177,509,35,456,1rbqkb1r/pp2pppp/5n2/2pp4/3P4/2N5/PPP1PPPP/R2QKBNR w KQk -,MODEL_PREDICTION_NOT_EMPIRICAL
JOB-11,B3,1900,maia3-79m,8,e2e3,e3,0.009855199605226517,0.9897327157668769,0.4932666454104177,501,34,465,1rbqkb1r/pp2pppp/5n2/2pp4/3P4/2N5/PPP1PPPP/R2QKBNR w KQk -,MODEL_PREDICTION_NOT_EMPIRICAL
JOB-11,B3,1900,maia3-79m,9,b2b4,b4,0.0044146692380309105,0.9897327157668769,0.4932666454104177,517,31,452,1rbqkb1r/pp2pppp/5n2/2pp4/3P4/2N5/PPP1PPPP/R2QKBNR w KQk -,MODEL_PREDICTION_NOT_EMPIRICAL
JOB-11,B3,1900,maia3-79m,10,d2d3,d3,0.0039108372293412685,0.9897327157668769,0.4932666454104177,497,35,468,1rbqkb1r/pp2pppp/5n2/2pp4/3P4/2N5/PPP1PPPP/R2QKBNR w KQk -,MODEL_PREDICTION_NOT_EMPIRICAL
JOB-11,B3,2100,maia3-79m,1,e2e4,e4,0.5516610741615295,0.9894236333202571,0.5245369929792545,498,41,461,1rbqkb1r/pp2pppp/5n2/2pp4/3P4/2N5/PPP1PPPP/R2QKBNR w KQk -,MODEL_PREDICTION_NOT_EMPIRICAL
JOB-11,B3,2100,maia3-79m,2,d2d4,d4,0.29356226325035095,0.9894236333202571,0.5245369929792545,510,44,446,1rbqkb1r/pp2pppp/5n2/2pp4/3P4/2N5/PPP1PPPP/R2QKBNR w KQk -,MODEL_PREDICTION_NOT_EMPIRICAL
JOB-11,B3,2100,maia3-79m,3,g1f3,Nf3,0.0481594055891037,0.9894236333202571,0.5245369929792545,516,45,439,1rbqkb1r/pp2pppp/5n2/2pp4/3P4/2N5/PPP1PPPP/R2QKBNR w KQk -,MODEL_PREDICTION_NOT_EMPIRICAL
JOB-11,B3,2100,maia3-79m,4,c2c4,c4,0.0476539246737957,0.9894236333202571,0.5245369929792545,507,43,450,1rbqkb1r/pp2pppp/5n2/2pp4/3P4/2N5/PPP1PPPP/R2QKBNR w KQk -,MODEL_PREDICTION_NOT_EMPIRICAL
JOB-11,B3,2100,maia3-79m,5,f2f4,f4,0.012484685517847538,0.9894236333202571,0.5245369929792545,497,40,463,1rbqkb1r/pp2pppp/5n2/2pp4/3P4/2N5/PPP1PPPP/R2QKBNR w KQk -,MODEL_PREDICTION_NOT_EMPIRICAL
JOB-11,B3,2100,maia3-79m,6,b2b3,b3,0.012168200686573982,0.9894236333202571,0.5245369929792545,507,42,451,1rbqkb1r/pp2pppp/5n2/2pp4/3P4/2N5/PPP1PPPP/R2QKBNR w KQk -,MODEL_PREDICTION_NOT_EMPIRICAL
JOB-11,B3,2100,maia3-79m,7,g2g3,g3,0.008714002557098866,0.9894236333202571,0.5245369929792545,505,42,453,1rbqkb1r/pp2pppp/5n2/2pp4/3P4/2N5/PPP1PPPP/R2QKBNR w KQk -,MODEL_PREDICTION_NOT_EMPIRICAL
JOB-11,B3,2100,maia3-79m,8,e2e3,e3,0.006894053891301155,0.9894236333202571,0.5245369929792545,497,43,460,1rbqkb1r/pp2pppp/5n2/2pp4/3P4/2N5/PPP1PPPP/R2QKBNR w KQk -,MODEL_PREDICTION_NOT_EMPIRICAL
JOB-11,B3,2100,maia3-79m,9,b1c3,Nc3,0.0044635990634560585,0.9894236333202571,0.5245369929792545,521,42,437,1rbqkb1r/pp2pppp/5n2/2pp4/3P4/2N5/PPP1PPPP/R2QKBNR w KQk -,MODEL_PREDICTION_NOT_EMPIRICAL
JOB-11,B3,2100,maia3-79m,10,d2d3,d3,0.0036624239291995764,0.9894236333202571,0.5245369929792545,489,44,467,1rbqkb1r/pp2pppp/5n2/2pp4/3P4/2N5/PPP1PPPP/R2QKBNR w KQk -,MODEL_PREDICTION_NOT_EMPIRICAL
VER-05,B3,1100,maia3-79m,1,e2e4,e4,0.6771548986434937,0.9878678212407976,0.42561317674662125,513,26,461,rnbqkb1r/pp2pp1p/5p2/2pp4/3P4/2N5/PPP1PPPP/R2QKBNR w KQkq -,MODEL_PREDICTION_NOT_EMPIRICAL
VER-05,B3,1100,maia3-79m,2,d2d4,d4,0.22272434830665588,0.9878678212407976,0.42561317674662125,521,27,452,rnbqkb1r/pp2pp1p/5p2/2pp4/3P4/2N5/PPP1PPPP/R2QKBNR w KQkq -,MODEL_PREDICTION_NOT_EMPIRICAL
VER-05,B3,1100,maia3-79m,3,e2e3,e3,0.020852725952863693,0.9878678212407976,0.42561317674662125,500,27,473,rnbqkb1r/pp2pp1p/5p2/2pp4/3P4/2N5/PPP1PPPP/R2QKBNR w KQkq -,MODEL_PREDICTION_NOT_EMPIRICAL
VER-05,B3,1100,maia3-79m,4,g1f3,Nf3,0.0199762973934412,0.9878678212407976,0.42561317674662125,517,27,456,rnbqkb1r/pp2pp1p/5p2/2pp4/3P4/2N5/PPP1PPPP/R2QKBNR w KQkq -,MODEL_PREDICTION_NOT_EMPIRICAL
VER-05,B3,1100,maia3-79m,5,c2c4,c4,0.015163088217377663,0.9878678212407976,0.42561317674662125,513,25,462,rnbqkb1r/pp2pp1p/5p2/2pp4/3P4/2N5/PPP1PPPP/R2QKBNR w KQkq -,MODEL_PREDICTION_NOT_EMPIRICAL
VER-05,B3,1100,maia3-79m,6,g2g3,g3,0.010951454751193523,0.9878678212407976,0.42561317674662125,497,27,476,rnbqkb1r/pp2pp1p/5p2/2pp4/3P4/2N5/PPP1PPPP/R2QKBNR w KQkq -,MODEL_PREDICTION_NOT_EMPIRICAL
VER-05,B3,1100,maia3-79m,7,b2b3,b3,0.007491483353078365,0.9878678212407976,0.42561317674662125,494,27,479,rnbqkb1r/pp2pp1p/5p2/2pp4/3P4/2N5/PPP1PPPP/R2QKBNR w KQkq -,MODEL_PREDICTION_NOT_EMPIRICAL
VER-05,B3,1100,maia3-79m,8,d2d3,d3,0.005036455579102039,0.9878678212407976,0.42561317674662125,493,27,480,rnbqkb1r/pp2pp1p/5p2/2pp4/3P4/2N5/PPP1PPPP/R2QKBNR w KQkq -,MODEL_PREDICTION_NOT_EMPIRICAL
VER-05,B3,1100,maia3-79m,9,b1c3,Nc3,0.004941529594361782,0.9878678212407976,0.42561317674662125,507,27,466,rnbqkb1r/pp2pp1p/5p2/2pp4/3P4/2N5/PPP1PPPP/R2QKBNR w KQkq -,MODEL_PREDICTION_NOT_EMPIRICAL
VER-05,B3,1100,maia3-79m,10,f2f4,f4,0.0035755394492298365,0.9878678212407976,0.42561317674662125,500,26,474,rnbqkb1r/pp2pp1p/5p2/2pp4/3P4/2N5/PPP1PPPP/R2QKBNR w KQkq -,MODEL_PREDICTION_NOT_EMPIRICAL
VER-05,B3,1300,maia3-79m,1,e2e4,e4,0.6652060747146606,0.9883486481849104,0.4312486267262949,508,25,467,rnbqkb1r/pp2pp1p/5p2/2pp4/3P4/2N5/PPP1PPPP/R2QKBNR w KQkq -,MODEL_PREDICTION_NOT_EMPIRICAL
VER-05,B3,1300,maia3-79m,2,d2d4,d4,0.23515543341636658,0.9883486481849104,0.4312486267262949,519,26,455,rnbqkb1r/pp2pp1p/5p2/2pp4/3P4/2N5/PPP1PPPP/R2QKBNR w KQkq -,MODEL_PREDICTION_NOT_EMPIRICAL
VER-05,B3,1300,maia3-79m,3,g1f3,Nf3,0.019363317638635635,0.9883486481849104,0.4312486267262949,521,27,452,rnbqkb1r/pp2pp1p/5p2/2pp4/3P4/2N5/PPP1PPPP/R2QKBNR w KQkq -,MODEL_PREDICTION_NOT_EMPIRICAL
VER-05,B3,1300,maia3-79m,4,c2c4,c4,0.018627913668751717,0.9883486481849104,0.4312486267262949,513,25,462,rnbqkb1r/pp2pp1p/5p2/2pp4/3P4/2N5/PPP1PPPP/R2QKBNR w KQkq -,MODEL_PREDICTION_NOT_EMPIRICAL
VER-05,B3,1300,maia3-79m,5,e2e3,e3,0.017626332119107246,0.9883486481849104,0.4312486267262949,499,26,475,rnbqkb1r/pp2pp1p/5p2/2pp4/3P4/2N5/PPP1PPPP/R2QKBNR w KQkq -,MODEL_PREDICTION_NOT_EMPIRICAL
VER-05,B3,1300,maia3-79m,6,g2g3,g3,0.011335160583257675,0.9883486481849104,0.4312486267262949,500,27,473,rnbqkb1r/pp2pp1p/5p2/2pp4/3P4/2N5/PPP1PPPP/R2QKBNR w KQkq -,MODEL_PREDICTION_NOT_EMPIRICAL
VER-05,B3,1300,maia3-79m,7,b2b3,b3,0.008808943443000317,0.9883486481849104,0.4312486267262949,503,26,471,rnbqkb1r/pp2pp1p/5p2/2pp4/3P4/2N5/PPP1PPPP/R2QKBNR w KQkq -,MODEL_PREDICTION_NOT_EMPIRICAL
VER-05,B3,1300,maia3-79m,8,d2d3,d3,0.004596428479999304,0.9883486481849104,0.4312486267262949,494,27,479,rnbqkb1r/pp2pp1p/5p2/2pp4/3P4/2N5/PPP1PPPP/R2QKBNR w KQkq -,MODEL_PREDICTION_NOT_EMPIRICAL
VER-05,B3,1300,maia3-79m,9,f2f4,f4,0.0041140238754451275,0.9883486481849104,0.4312486267262949,506,25,469,rnbqkb1r/pp2pp1p/5p2/2pp4/3P4/2N5/PPP1PPPP/R2QKBNR w KQkq -,MODEL_PREDICTION_NOT_EMPIRICAL
VER-05,B3,1300,maia3-79m,10,b1c3,Nc3,0.0035150202456861734,0.9883486481849104,0.4312486267262949,513,26,461,rnbqkb1r/pp2pp1p/5p2/2pp4/3P4/2N5/PPP1PPPP/R2QKBNR w KQkq -,MODEL_PREDICTION_NOT_EMPIRICAL
VER-05,B3,1500,maia3-79m,1,e2e4,e4,0.6482347846031189,0.9890689314343035,0.44840463559511406,505,27,468,rnbqkb1r/pp2pp1p/5p2/2pp4/3P4/2N5/PPP1PPPP/R2QKBNR w KQkq -,MODEL_PREDICTION_NOT_EMPIRICAL
VER-05,B3,1500,maia3-79m,2,d2d4,d4,0.24543097615242004,0.9890689314343035,0.44840463559511406,515,28,457,rnbqkb1r/pp2pp1p/5p2/2pp4/3P4/2N5/PPP1PPPP/R2QKBNR w KQkq -,MODEL_PREDICTION_NOT_EMPIRICAL
VER-05,B3,1500,maia3-79m,3,c2c4,c4,0.02303183265030384,0.9890689314343035,0.44840463559511406,511,27,462,rnbqkb1r/pp2pp1p/5p2/2pp4/3P4/2N5/PPP1PPPP/R2QKBNR w KQkq -,MODEL_PREDICTION_NOT_EMPIRICAL
VER-05,B3,1500,maia3-79m,4,g1f3,Nf3,0.02068304643034935,0.9890689314343035,0.44840463559511406,525,27,448,rnbqkb1r/pp2pp1p/5p2/2pp4/3P4/2N5/PPP1PPPP/R2QKBNR w KQkq -,MODEL_PREDICTION_NOT_EMPIRICAL
VER-05,B3,1500,maia3-79m,5,e2e3,e3,0.015259450301527977,0.9890689314343035,0.44840463559511406,497,27,476,rnbqkb1r/pp2pp1p/5p2/2pp4/3P4/2N5/PPP1PPPP/R2QKBNR w KQkq -,MODEL_PREDICTION_NOT_EMPIRICAL
VER-05,B3,1500,maia3-79m,6,g2g3,g3,0.011820637620985508,0.9890689314343035,0.44840463559511406,503,28,469,rnbqkb1r/pp2pp1p/5p2/2pp4/3P4/2N5/PPP1PPPP/R2QKBNR w KQkq -,MODEL_PREDICTION_NOT_EMPIRICAL
VER-05,B3,1500,maia3-79m,7,b2b3,b3,0.01035252958536148,0.9890689314343035,0.44840463559511406,505,27,468,rnbqkb1r/pp2pp1p/5p2/2pp4/3P4/2N5/PPP1PPPP/R2QKBNR w KQkq -,MODEL_PREDICTION_NOT_EMPIRICAL
VER-05,B3,1500,maia3-79m,8,f2f4,f4,0.005875293631106615,0.9890689314343035,0.44840463559511406,507,25,468,rnbqkb1r/pp2pp1p/5p2/2pp4/3P4/2N5/PPP1PPPP/R2QKBNR w KQkq -,MODEL_PREDICTION_NOT_EMPIRICAL
VER-05,B3,1500,maia3-79m,9,d2d3,d3,0.00447371369227767,0.9890689314343035,0.44840463559511406,496,28,476,rnbqkb1r/pp2pp1p/5p2/2pp4/3P4/2N5/PPP1PPPP/R2QKBNR w KQkq -,MODEL_PREDICTION_NOT_EMPIRICAL
VER-05,B3,1500,maia3-79m,10,b2b4,b4,0.00390666676685214,0.9890689314343035,0.44840463559511406,515,24,461,rnbqkb1r/pp2pp1p/5p2/2pp4/3P4/2N5/PPP1PPPP/R2QKBNR w KQkq -,MODEL_PREDICTION_NOT_EMPIRICAL
VER-05,B3,1700,maia3-79m,1,e2e4,e4,0.625694990158081,0.9896683357656002,0.47033680283448054,504,29,467,rnbqkb1r/pp2pp1p/5p2/2pp4/3P4/2N5/PPP1PPPP/R2QKBNR w KQkq -,MODEL_PREDICTION_NOT_EMPIRICAL
VER-05,B3,1700,maia3-79m,2,d2d4,d4,0.257449209690094,0.9896683357656002,0.47033680283448054,515,31,454,rnbqkb1r/pp2pp1p/5p2/2pp4/3P4/2N5/PPP1PPPP/R2QKBNR w KQkq -,MODEL_PREDICTION_NOT_EMPIRICAL
VER-05,B3,1700,maia3-79m,3,c2c4,c4,0.029208268970251083,0.9896683357656002,0.47033680283448054,513,30,457,rnbqkb1r/pp2pp1p/5p2/2pp4/3P4/2N5/PPP1PPPP/R2QKBNR w KQkq -,MODEL_PREDICTION_NOT_EMPIRICAL
VER-05,B3,1700,maia3-79m,4,g1f3,Nf3,0.023894039914011955,0.9896683357656002,0.47033680283448054,530,30,440,rnbqkb1r/pp2pp1p/5p2/2pp4/3P4/2N5/PPP1PPPP/R2QKBNR w KQkq -,MODEL_PREDICTION_NOT_EMPIRICAL
VER-05,B3,1700,maia3-79m,5,e2e3,e3,0.012733161449432373,0.9896683357656002,0.47033680283448054,501,29,470,rnbqkb1r/pp2pp1p/5p2/2pp4/3P4/2N5/PPP1PPPP/R2QKBNR w KQkq -,MODEL_PREDICTION_NOT_EMPIRICAL
VER-05,B3,1700,maia3-79m,6,g2g3,g3,0.011797066777944565,0.9896683357656002,0.47033680283448054,508,30,462,rnbqkb1r/pp2pp1p/5p2/2pp4/3P4/2N5/PPP1PPPP/R2QKBNR w KQkq -,MODEL_PREDICTION_NOT_EMPIRICAL
VER-05,B3,1700,maia3-79m,7,b2b3,b3,0.011401703581213951,0.9896683357656002,0.47033680283448054,510,29,461,rnbqkb1r/pp2pp1p/5p2/2pp4/3P4/2N5/PPP1PPPP/R2QKBNR w KQkq -,MODEL_PREDICTION_NOT_EMPIRICAL
VER-05,B3,1700,maia3-79m,8,f2f4,f4,0.00882899109274149,0.9896683357656002,0.47033680283448054,507,28,465,rnbqkb1r/pp2pp1p/5p2/2pp4/3P4/2N5/PPP1PPPP/R2QKBNR w KQkq -,MODEL_PREDICTION_NOT_EMPIRICAL
VER-05,B3,1700,maia3-79m,9,b2b4,b4,0.004424287937581539,0.9896683357656002,0.47033680283448054,518,27,455,rnbqkb1r/pp2pp1p/5p2/2pp4/3P4/2N5/PPP1PPPP/R2QKBNR w KQkq -,MODEL_PREDICTION_NOT_EMPIRICAL
VER-05,B3,1700,maia3-79m,10,d2d3,d3,0.0042366161942481995,0.9896683357656002,0.47033680283448054,500,30,470,rnbqkb1r/pp2pp1p/5p2/2pp4/3P4/2N5/PPP1PPPP/R2QKBNR w KQkq -,MODEL_PREDICTION_NOT_EMPIRICAL
VER-05,B3,1900,maia3-79m,1,e2e4,e4,0.5982585549354553,0.9897327157668769,0.4932666454104177,503,33,464,rnbqkb1r/pp2pp1p/5p2/2pp4/3P4/2N5/PPP1PPPP/R2QKBNR w KQkq -,MODEL_PREDICTION_NOT_EMPIRICAL
VER-05,B3,1900,maia3-79m,2,d2d4,d4,0.27083200216293335,0.9897327157668769,0.4932666454104177,513,36,451,rnbqkb1r/pp2pp1p/5p2/2pp4/3P4/2N5/PPP1PPPP/R2QKBNR w KQkq -,MODEL_PREDICTION_NOT_EMPIRICAL
VER-05,B3,1900,maia3-79m,3,c2c4,c4,0.03720775246620178,0.9897327157668769,0.4932666454104177,512,35,453,rnbqkb1r/pp2pp1p/5p2/2pp4/3P4/2N5/PPP1PPPP/R2QKBNR w KQkq -,MODEL_PREDICTION_NOT_EMPIRICAL
VER-05,B3,1900,maia3-79m,4,g1f3,Nf3,0.030766692012548447,0.9897327157668769,0.4932666454104177,527,36,437,rnbqkb1r/pp2pp1p/5p2/2pp4/3P4/2N5/PPP1PPPP/R2QKBNR w KQkq -,MODEL_PREDICTION_NOT_EMPIRICAL
VER-05,B3,1900,maia3-79m,5,f2f4,f4,0.012273138388991356,0.9897327157668769,0.4932666454104177,504,32,464,rnbqkb1r/pp2pp1p/5p2/2pp4/3P4/2N5/PPP1PPPP/R2QKBNR w KQkq -,MODEL_PREDICTION_NOT_EMPIRICAL
VER-05,B3,1900,maia3-79m,6,b2b3,b3,0.011618333868682384,0.9897327157668769,0.4932666454104177,513,34,453,rnbqkb1r/pp2pp1p/5p2/2pp4/3P4/2N5/PPP1PPPP/R2QKBNR w KQkq -,MODEL_PREDICTION_NOT_EMPIRICAL
VER-05,B3,1900,maia3-79m,7,g2g3,g3,0.010595535859465599,0.9897327157668769,0.4932666454104177,509,35,456,rnbqkb1r/pp2pp1p/5p2/2pp4/3P4/2N5/PPP1PPPP/R2QKBNR w KQkq -,MODEL_PREDICTION_NOT_EMPIRICAL
VER-05,B3,1900,maia3-79m,8,e2e3,e3,0.009855199605226517,0.9897327157668769,0.4932666454104177,501,34,465,rnbqkb1r/pp2pp1p/5p2/2pp4/3P4/2N5/PPP1PPPP/R2QKBNR w KQkq -,MODEL_PREDICTION_NOT_EMPIRICAL
VER-05,B3,1900,maia3-79m,9,b2b4,b4,0.0044146692380309105,0.9897327157668769,0.4932666454104177,517,31,452,rnbqkb1r/pp2pp1p/5p2/2pp4/3P4/2N5/PPP1PPPP/R2QKBNR w KQkq -,MODEL_PREDICTION_NOT_EMPIRICAL
VER-05,B3,1900,maia3-79m,10,d2d3,d3,0.0039108372293412685,0.9897327157668769,0.4932666454104177,497,35,468,rnbqkb1r/pp2pp1p/5p2/2pp4/3P4/2N5/PPP1PPPP/R2QKBNR w KQkq -,MODEL_PREDICTION_NOT_EMPIRICAL
VER-05,B3,2100,maia3-79m,1,e2e4,e4,0.5516610741615295,0.9894236333202571,0.5245369929792545,498,41,461,rnbqkb1r/pp2pp1p/5p2/2pp4/3P4/2N5/PPP1PPPP/R2QKBNR w KQkq -,MODEL_PREDICTION_NOT_EMPIRICAL
VER-05,B3,2100,maia3-79m,2,d2d4,d4,0.29356226325035095,0.9894236333202571,0.5245369929792545,510,44,446,rnbqkb1r/pp2pp1p/5p2/2pp4/3P4/2N5/PPP1PPPP/R2QKBNR w KQkq -,MODEL_PREDICTION_NOT_EMPIRICAL
VER-05,B3,2100,maia3-79m,3,g1f3,Nf3,0.0481594055891037,0.9894236333202571,0.5245369929792545,516,45,439,rnbqkb1r/pp2pp1p/5p2/2pp4/3P4/2N5/PPP1PPPP/R2QKBNR w KQkq -,MODEL_PREDICTION_NOT_EMPIRICAL
VER-05,B3,2100,maia3-79m,4,c2c4,c4,0.0476539246737957,0.9894236333202571,0.5245369929792545,507,43,450,rnbqkb1r/pp2pp1p/5p2/2pp4/3P4/2N5/PPP1PPPP/R2QKBNR w KQkq -,MODEL_PREDICTION_NOT_EMPIRICAL
VER-05,B3,2100,maia3-79m,5,f2f4,f4,0.012484685517847538,0.9894236333202571,0.5245369929792545,497,40,463,rnbqkb1r/pp2pp1p/5p2/2pp4/3P4/2N5/PPP1PPPP/R2QKBNR w KQkq -,MODEL_PREDICTION_NOT_EMPIRICAL
VER-05,B3,2100,maia3-79m,6,b2b3,b3,0.012168200686573982,0.9894236333202571,0.5245369929792545,507,42,451,rnbqkb1r/pp2pp1p/5p2/2pp4/3P4/2N5/PPP1PPPP/R2QKBNR w KQkq -,MODEL_PREDICTION_NOT_EMPIRICAL
VER-05,B3,2100,maia3-79m,7,g2g3,g3,0.008714002557098866,0.9894236333202571,0.5245369929792545,505,42,453,rnbqkb1r/pp2pp1p/5p2/2pp4/3P4/2N5/PPP1PPPP/R2QKBNR w KQkq -,MODEL_PREDICTION_NOT_EMPIRICAL
VER-05,B3,2100,maia3-79m,8,e2e3,e3,0.006894053891301155,0.9894236333202571,0.5245369929792545,497,43,460,rnbqkb1r/pp2pp1p/5p2/2pp4/3P4/2N5/PPP1PPPP/R2QKBNR w KQkq -,MODEL_PREDICTION_NOT_EMPIRICAL
VER-05,B3,2100,maia3-79m,9,b1c3,Nc3,0.0044635990634560585,0.9894236333202571,0.5245369929792545,521,42,437,rnbqkb1r/pp2pp1p/5p2/2pp4/3P4/2N5/PPP1PPPP/R2QKBNR w KQkq -,MODEL_PREDICTION_NOT_EMPIRICAL
VER-05,B3,2100,maia3-79m,10,d2d3,d3,0.0036624239291995764,0.9894236333202571,0.5245369929792545,489,44,467,rnbqkb1r/pp2pp1p/5p2/2pp4/3P4/2N5/PPP1PPPP/R2QKBNR w KQkq -,MODEL_PREDICTION_NOT_EMPIRICAL
LON-10,B4,1100,maia3-79m,1,e2e4,e4,0.6771548986434937,0.9878678212407976,0.42561317674662125,513,26,461,r1b1kb1r/pp2pppp/2n2n2/2Pp4/5B2/2q1PN2/P2N1PPP/R2QKB1R w KQkq -,MODEL_PREDICTION_NOT_EMPIRICAL
LON-10,B4,1100,maia3-79m,2,d2d4,d4,0.22272434830665588,0.9878678212407976,0.42561317674662125,521,27,452,r1b1kb1r/pp2pppp/2n2n2/2Pp4/5B2/2q1PN2/P2N1PPP/R2QKB1R w KQkq -,MODEL_PREDICTION_NOT_EMPIRICAL
LON-10,B4,1100,maia3-79m,3,e2e3,e3,0.020852725952863693,0.9878678212407976,0.42561317674662125,500,27,473,r1b1kb1r/pp2pppp/2n2n2/2Pp4/5B2/2q1PN2/P2N1PPP/R2QKB1R w KQkq -,MODEL_PREDICTION_NOT_EMPIRICAL
LON-10,B4,1100,maia3-79m,4,g1f3,Nf3,0.0199762973934412,0.9878678212407976,0.42561317674662125,517,27,456,r1b1kb1r/pp2pppp/2n2n2/2Pp4/5B2/2q1PN2/P2N1PPP/R2QKB1R w KQkq -,MODEL_PREDICTION_NOT_EMPIRICAL
LON-10,B4,1100,maia3-79m,5,c2c4,c4,0.015163088217377663,0.9878678212407976,0.42561317674662125,513,25,462,r1b1kb1r/pp2pppp/2n2n2/2Pp4/5B2/2q1PN2/P2N1PPP/R2QKB1R w KQkq -,MODEL_PREDICTION_NOT_EMPIRICAL
LON-10,B4,1100,maia3-79m,6,g2g3,g3,0.010951454751193523,0.9878678212407976,0.42561317674662125,497,27,476,r1b1kb1r/pp2pppp/2n2n2/2Pp4/5B2/2q1PN2/P2N1PPP/R2QKB1R w KQkq -,MODEL_PREDICTION_NOT_EMPIRICAL
LON-10,B4,1100,maia3-79m,7,b2b3,b3,0.007491483353078365,0.9878678212407976,0.42561317674662125,494,27,479,r1b1kb1r/pp2pppp/2n2n2/2Pp4/5B2/2q1PN2/P2N1PPP/R2QKB1R w KQkq -,MODEL_PREDICTION_NOT_EMPIRICAL
LON-10,B4,1100,maia3-79m,8,d2d3,d3,0.005036455579102039,0.9878678212407976,0.42561317674662125,493,27,480,r1b1kb1r/pp2pppp/2n2n2/2Pp4/5B2/2q1PN2/P2N1PPP/R2QKB1R w KQkq -,MODEL_PREDICTION_NOT_EMPIRICAL
LON-10,B4,1100,maia3-79m,9,b1c3,Nc3,0.004941529594361782,0.9878678212407976,0.42561317674662125,507,27,466,r1b1kb1r/pp2pppp/2n2n2/2Pp4/5B2/2q1PN2/P2N1PPP/R2QKB1R w KQkq -,MODEL_PREDICTION_NOT_EMPIRICAL
LON-10,B4,1100,maia3-79m,10,f2f4,f4,0.0035755394492298365,0.9878678212407976,0.42561317674662125,500,26,474,r1b1kb1r/pp2pppp/2n2n2/2Pp4/5B2/2q1PN2/P2N1PPP/R2QKB1R w KQkq -,MODEL_PREDICTION_NOT_EMPIRICAL
LON-10,B4,1300,maia3-79m,1,e2e4,e4,0.6652060747146606,0.9883486481849104,0.4312486267262949,508,25,467,r1b1kb1r/pp2pppp/2n2n2/2Pp4/5B2/2q1PN2/P2N1PPP/R2QKB1R w KQkq -,MODEL_PREDICTION_NOT_EMPIRICAL
LON-10,B4,1300,maia3-79m,2,d2d4,d4,0.23515543341636658,0.9883486481849104,0.4312486267262949,519,26,455,r1b1kb1r/pp2pppp/2n2n2/2Pp4/5B2/2q1PN2/P2N1PPP/R2QKB1R w KQkq -,MODEL_PREDICTION_NOT_EMPIRICAL
LON-10,B4,1300,maia3-79m,3,g1f3,Nf3,0.019363317638635635,0.9883486481849104,0.4312486267262949,521,27,452,r1b1kb1r/pp2pppp/2n2n2/2Pp4/5B2/2q1PN2/P2N1PPP/R2QKB1R w KQkq -,MODEL_PREDICTION_NOT_EMPIRICAL
LON-10,B4,1300,maia3-79m,4,c2c4,c4,0.018627913668751717,0.9883486481849104,0.4312486267262949,513,25,462,r1b1kb1r/pp2pppp/2n2n2/2Pp4/5B2/2q1PN2/P2N1PPP/R2QKB1R w KQkq -,MODEL_PREDICTION_NOT_EMPIRICAL
LON-10,B4,1300,maia3-79m,5,e2e3,e3,0.017626332119107246,0.9883486481849104,0.4312486267262949,499,26,475,r1b1kb1r/pp2pppp/2n2n2/2Pp4/5B2/2q1PN2/P2N1PPP/R2QKB1R w KQkq -,MODEL_PREDICTION_NOT_EMPIRICAL
LON-10,B4,1300,maia3-79m,6,g2g3,g3,0.011335160583257675,0.9883486481849104,0.4312486267262949,500,27,473,r1b1kb1r/pp2pppp/2n2n2/2Pp4/5B2/2q1PN2/P2N1PPP/R2QKB1R w KQkq -,MODEL_PREDICTION_NOT_EMPIRICAL
LON-10,B4,1300,maia3-79m,7,b2b3,b3,0.008808943443000317,0.9883486481849104,0.4312486267262949,503,26,471,r1b1kb1r/pp2pppp/2n2n2/2Pp4/5B2/2q1PN2/P2N1PPP/R2QKB1R w KQkq -,MODEL_PREDICTION_NOT_EMPIRICAL
LON-10,B4,1300,maia3-79m,8,d2d3,d3,0.004596428479999304,0.9883486481849104,0.4312486267262949,494,27,479,r1b1kb1r/pp2pppp/2n2n2/2Pp4/5B2/2q1PN2/P2N1PPP/R2QKB1R w KQkq -,MODEL_PREDICTION_NOT_EMPIRICAL
LON-10,B4,1300,maia3-79m,9,f2f4,f4,0.0041140238754451275,0.9883486481849104,0.4312486267262949,506,25,469,r1b1kb1r/pp2pppp/2n2n2/2Pp4/5B2/2q1PN2/P2N1PPP/R2QKB1R w KQkq -,MODEL_PREDICTION_NOT_EMPIRICAL
LON-10,B4,1300,maia3-79m,10,b1c3,Nc3,0.0035150202456861734,0.9883486481849104,0.4312486267262949,513,26,461,r1b1kb1r/pp2pppp/2n2n2/2Pp4/5B2/2q1PN2/P2N1PPP/R2QKB1R w KQkq -,MODEL_PREDICTION_NOT_EMPIRICAL
LON-10,B4,1500,maia3-79m,1,e2e4,e4,0.6482347846031189,0.9890689314343035,0.44840463559511406,505,27,468,r1b1kb1r/pp2pppp/2n2n2/2Pp4/5B2/2q1PN2/P2N1PPP/R2QKB1R w KQkq -,MODEL_PREDICTION_NOT_EMPIRICAL
LON-10,B4,1500,maia3-79m,2,d2d4,d4,0.24543097615242004,0.9890689314343035,0.44840463559511406,515,28,457,r1b1kb1r/pp2pppp/2n2n2/2Pp4/5B2/2q1PN2/P2N1PPP/R2QKB1R w KQkq -,MODEL_PREDICTION_NOT_EMPIRICAL
LON-10,B4,1500,maia3-79m,3,c2c4,c4,0.02303183265030384,0.9890689314343035,0.44840463559511406,511,27,462,r1b1kb1r/pp2pppp/2n2n2/2Pp4/5B2/2q1PN2/P2N1PPP/R2QKB1R w KQkq -,MODEL_PREDICTION_NOT_EMPIRICAL
LON-10,B4,1500,maia3-79m,4,g1f3,Nf3,0.02068304643034935,0.9890689314343035,0.44840463559511406,525,27,448,r1b1kb1r/pp2pppp/2n2n2/2Pp4/5B2/2q1PN2/P2N1PPP/R2QKB1R w KQkq -,MODEL_PREDICTION_NOT_EMPIRICAL
LON-10,B4,1500,maia3-79m,5,e2e3,e3,0.015259450301527977,0.9890689314343035,0.44840463559511406,497,27,476,r1b1kb1r/pp2pppp/2n2n2/2Pp4/5B2/2q1PN2/P2N1PPP/R2QKB1R w KQkq -,MODEL_PREDICTION_NOT_EMPIRICAL
LON-10,B4,1500,maia3-79m,6,g2g3,g3,0.011820637620985508,0.9890689314343035,0.44840463559511406,503,28,469,r1b1kb1r/pp2pppp/2n2n2/2Pp4/5B2/2q1PN2/P2N1PPP/R2QKB1R w KQkq -,MODEL_PREDICTION_NOT_EMPIRICAL
LON-10,B4,1500,maia3-79m,7,b2b3,b3,0.01035252958536148,0.9890689314343035,0.44840463559511406,505,27,468,r1b1kb1r/pp2pppp/2n2n2/2Pp4/5B2/2q1PN2/P2N1PPP/R2QKB1R w KQkq -,MODEL_PREDICTION_NOT_EMPIRICAL
LON-10,B4,1500,maia3-79m,8,f2f4,f4,0.005875293631106615,0.9890689314343035,0.44840463559511406,507,25,468,r1b1kb1r/pp2pppp/2n2n2/2Pp4/5B2/2q1PN2/P2N1PPP/R2QKB1R w KQkq -,MODEL_PREDICTION_NOT_EMPIRICAL
LON-10,B4,1500,maia3-79m,9,d2d3,d3,0.00447371369227767,0.9890689314343035,0.44840463559511406,496,28,476,r1b1kb1r/pp2pppp/2n2n2/2Pp4/5B2/2q1PN2/P2N1PPP/R2QKB1R w KQkq -,MODEL_PREDICTION_NOT_EMPIRICAL
LON-10,B4,1500,maia3-79m,10,b2b4,b4,0.00390666676685214,0.9890689314343035,0.44840463559511406,515,24,461,r1b1kb1r/pp2pppp/2n2n2/2Pp4/5B2/2q1PN2/P2N1PPP/R2QKB1R w KQkq -,MODEL_PREDICTION_NOT_EMPIRICAL
LON-10,B4,1700,maia3-79m,1,e2e4,e4,0.625694990158081,0.9896683357656002,0.47033680283448054,504,29,467,r1b1kb1r/pp2pppp/2n2n2/2Pp4/5B2/2q1PN2/P2N1PPP/R2QKB1R w KQkq -,MODEL_PREDICTION_NOT_EMPIRICAL
LON-10,B4,1700,maia3-79m,2,d2d4,d4,0.257449209690094,0.9896683357656002,0.47033680283448054,515,31,454,r1b1kb1r/pp2pppp/2n2n2/2Pp4/5B2/2q1PN2/P2N1PPP/R2QKB1R w KQkq -,MODEL_PREDICTION_NOT_EMPIRICAL
LON-10,B4,1700,maia3-79m,3,c2c4,c4,0.029208268970251083,0.9896683357656002,0.47033680283448054,513,30,457,r1b1kb1r/pp2pppp/2n2n2/2Pp4/5B2/2q1PN2/P2N1PPP/R2QKB1R w KQkq -,MODEL_PREDICTION_NOT_EMPIRICAL
LON-10,B4,1700,maia3-79m,4,g1f3,Nf3,0.023894039914011955,0.9896683357656002,0.47033680283448054,530,30,440,r1b1kb1r/pp2pppp/2n2n2/2Pp4/5B2/2q1PN2/P2N1PPP/R2QKB1R w KQkq -,MODEL_PREDICTION_NOT_EMPIRICAL
LON-10,B4,1700,maia3-79m,5,e2e3,e3,0.012733161449432373,0.9896683357656002,0.47033680283448054,501,29,470,r1b1kb1r/pp2pppp/2n2n2/2Pp4/5B2/2q1PN2/P2N1PPP/R2QKB1R w KQkq -,MODEL_PREDICTION_NOT_EMPIRICAL
LON-10,B4,1700,maia3-79m,6,g2g3,g3,0.011797066777944565,0.9896683357656002,0.47033680283448054,508,30,462,r1b1kb1r/pp2pppp/2n2n2/2Pp4/5B2/2q1PN2/P2N1PPP/R2QKB1R w KQkq -,MODEL_PREDICTION_NOT_EMPIRICAL
LON-10,B4,1700,maia3-79m,7,b2b3,b3,0.011401703581213951,0.9896683357656002,0.47033680283448054,510,29,461,r1b1kb1r/pp2pppp/2n2n2/2Pp4/5B2/2q1PN2/P2N1PPP/R2QKB1R w KQkq -,MODEL_PREDICTION_NOT_EMPIRICAL
LON-10,B4,1700,maia3-79m,8,f2f4,f4,0.00882899109274149,0.9896683357656002,0.47033680283448054,507,28,465,r1b1kb1r/pp2pppp/2n2n2/2Pp4/5B2/2q1PN2/P2N1PPP/R2QKB1R w KQkq -,MODEL_PREDICTION_NOT_EMPIRICAL
LON-10,B4,1700,maia3-79m,9,b2b4,b4,0.004424287937581539,0.9896683357656002,0.47033680283448054,518,27,455,r1b1kb1r/pp2pppp/2n2n2/2Pp4/5B2/2q1PN2/P2N1PPP/R2QKB1R w KQkq -,MODEL_PREDICTION_NOT_EMPIRICAL
LON-10,B4,1700,maia3-79m,10,d2d3,d3,0.0042366161942481995,0.9896683357656002,0.47033680283448054,500,30,470,r1b1kb1r/pp2pppp/2n2n2/2Pp4/5B2/2q1PN2/P2N1PPP/R2QKB1R w KQkq -,MODEL_PREDICTION_NOT_EMPIRICAL
LON-10,B4,1900,maia3-79m,1,e2e4,e4,0.5982585549354553,0.9897327157668769,0.4932666454104177,503,33,464,r1b1kb1r/pp2pppp/2n2n2/2Pp4/5B2/2q1PN2/P2N1PPP/R2QKB1R w KQkq -,MODEL_PREDICTION_NOT_EMPIRICAL
LON-10,B4,1900,maia3-79m,2,d2d4,d4,0.27083200216293335,0.9897327157668769,0.4932666454104177,513,36,451,r1b1kb1r/pp2pppp/2n2n2/2Pp4/5B2/2q1PN2/P2N1PPP/R2QKB1R w KQkq -,MODEL_PREDICTION_NOT_EMPIRICAL
LON-10,B4,1900,maia3-79m,3,c2c4,c4,0.03720775246620178,0.9897327157668769,0.4932666454104177,512,35,453,r1b1kb1r/pp2pppp/2n2n2/2Pp4/5B2/2q1PN2/P2N1PPP/R2QKB1R w KQkq -,MODEL_PREDICTION_NOT_EMPIRICAL
LON-10,B4,1900,maia3-79m,4,g1f3,Nf3,0.030766692012548447,0.9897327157668769,0.4932666454104177,527,36,437,r1b1kb1r/pp2pppp/2n2n2/2Pp4/5B2/2q1PN2/P2N1PPP/R2QKB1R w KQkq -,MODEL_PREDICTION_NOT_EMPIRICAL
LON-10,B4,1900,maia3-79m,5,f2f4,f4,0.012273138388991356,0.9897327157668769,0.4932666454104177,504,32,464,r1b1kb1r/pp2pppp/2n2n2/2Pp4/5B2/2q1PN2/P2N1PPP/R2QKB1R w KQkq -,MODEL_PREDICTION_NOT_EMPIRICAL
LON-10,B4,1900,maia3-79m,6,b2b3,b3,0.011618333868682384,0.9897327157668769,0.4932666454104177,513,34,453,r1b1kb1r/pp2pppp/2n2n2/2Pp4/5B2/2q1PN2/P2N1PPP/R2QKB1R w KQkq -,MODEL_PREDICTION_NOT_EMPIRICAL
LON-10,B4,1900,maia3-79m,7,g2g3,g3,0.010595535859465599,0.9897327157668769,0.4932666454104177,509,35,456,r1b1kb1r/pp2pppp/2n2n2/2Pp4/5B2/2q1PN2/P2N1PPP/R2QKB1R w KQkq -,MODEL_PREDICTION_NOT_EMPIRICAL
LON-10,B4,1900,maia3-79m,8,e2e3,e3,0.009855199605226517,0.9897327157668769,0.4932666454104177,501,34,465,r1b1kb1r/pp2pppp/2n2n2/2Pp4/5B2/2q1PN2/P2N1PPP/R2QKB1R w KQkq -,MODEL_PREDICTION_NOT_EMPIRICAL
LON-10,B4,1900,maia3-79m,9,b2b4,b4,0.0044146692380309105,0.9897327157668769,0.4932666454104177,517,31,452,r1b1kb1r/pp2pppp/2n2n2/2Pp4/5B2/2q1PN2/P2N1PPP/R2QKB1R w KQkq -,MODEL_PREDICTION_NOT_EMPIRICAL
LON-10,B4,1900,maia3-79m,10,d2d3,d3,0.0039108372293412685,0.9897327157668769,0.4932666454104177,497,35,468,r1b1kb1r/pp2pppp/2n2n2/2Pp4/5B2/2q1PN2/P2N1PPP/R2QKB1R w KQkq -,MODEL_PREDICTION_NOT_EMPIRICAL
LON-10,B4,2100,maia3-79m,1,e2e4,e4,0.5516610741615295,0.9894236333202571,0.5245369929792545,498,41,461,r1b1kb1r/pp2pppp/2n2n2/2Pp4/5B2/2q1PN2/P2N1PPP/R2QKB1R w KQkq -,MODEL_PREDICTION_NOT_EMPIRICAL
LON-10,B4,2100,maia3-79m,2,d2d4,d4,0.29356226325035095,0.9894236333202571,0.5245369929792545,510,44,446,r1b1kb1r/pp2pppp/2n2n2/2Pp4/5B2/2q1PN2/P2N1PPP/R2QKB1R w KQkq -,MODEL_PREDICTION_NOT_EMPIRICAL
LON-10,B4,2100,maia3-79m,3,g1f3,Nf3,0.0481594055891037,0.9894236333202571,0.5245369929792545,516,45,439,r1b1kb1r/pp2pppp/2n2n2/2Pp4/5B2/2q1PN2/P2N1PPP/R2QKB1R w KQkq -,MODEL_PREDICTION_NOT_EMPIRICAL
LON-10,B4,2100,maia3-79m,4,c2c4,c4,0.0476539246737957,0.9894236333202571,0.5245369929792545,507,43,450,r1b1kb1r/pp2pppp/2n2n2/2Pp4/5B2/2q1PN2/P2N1PPP/R2QKB1R w KQkq -,MODEL_PREDICTION_NOT_EMPIRICAL
LON-10,B4,2100,maia3-79m,5,f2f4,f4,0.012484685517847538,0.9894236333202571,0.5245369929792545,497,40,463,r1b1kb1r/pp2pppp/2n2n2/2Pp4/5B2/2q1PN2/P2N1PPP/R2QKB1R w KQkq -,MODEL_PREDICTION_NOT_EMPIRICAL
LON-10,B4,2100,maia3-79m,6,b2b3,b3,0.012168200686573982,0.9894236333202571,0.5245369929792545,507,42,451,r1b1kb1r/pp2pppp/2n2n2/2Pp4/5B2/2q1PN2/P2N1PPP/R2QKB1R w KQkq -,MODEL_PREDICTION_NOT_EMPIRICAL
LON-10,B4,2100,maia3-79m,7,g2g3,g3,0.008714002557098866,0.9894236333202571,0.5245369929792545,505,42,453,r1b1kb1r/pp2pppp/2n2n2/2Pp4/5B2/2q1PN2/P2N1PPP/R2QKB1R w KQkq -,MODEL_PREDICTION_NOT_EMPIRICAL
LON-10,B4,2100,maia3-79m,8,e2e3,e3,0.006894053891301155,0.9894236333202571,0.5245369929792545,497,43,460,r1b1kb1r/pp2pppp/2n2n2/2Pp4/5B2/2q1PN2/P2N1PPP/R2QKB1R w KQkq -,MODEL_PREDICTION_NOT_EMPIRICAL
LON-10,B4,2100,maia3-79m,9,b1c3,Nc3,0.0044635990634560585,0.9894236333202571,0.5245369929792545,521,42,437,r1b1kb1r/pp2pppp/2n2n2/2Pp4/5B2/2q1PN2/P2N1PPP/R2QKB1R w KQkq -,MODEL_PREDICTION_NOT_EMPIRICAL
LON-10,B4,2100,maia3-79m,10,d2d3,d3,0.0036624239291995764,0.9894236333202571,0.5245369929792545,489,44,467,r1b1kb1r/pp2pppp/2n2n2/2Pp4/5B2/2q1PN2/P2N1PPP/R2QKB1R w KQkq -,MODEL_PREDICTION_NOT_EMPIRICAL
LON-11,B4,1100,maia3-79m,1,e2e4,e4,0.6771548986434937,0.9878678212407976,0.42561317674662125,513,26,461,r1b1kb1r/pp2pppp/2n2n2/2pp4/3P1B2/2q1PN2/P2N1PPP/1R1QKB1R w Kkq -,MODEL_PREDICTION_NOT_EMPIRICAL
LON-11,B4,1100,maia3-79m,2,d2d4,d4,0.22272434830665588,0.9878678212407976,0.42561317674662125,521,27,452,r1b1kb1r/pp2pppp/2n2n2/2pp4/3P1B2/2q1PN2/P2N1PPP/1R1QKB1R w Kkq -,MODEL_PREDICTION_NOT_EMPIRICAL
LON-11,B4,1100,maia3-79m,3,e2e3,e3,0.020852725952863693,0.9878678212407976,0.42561317674662125,500,27,473,r1b1kb1r/pp2pppp/2n2n2/2pp4/3P1B2/2q1PN2/P2N1PPP/1R1QKB1R w Kkq -,MODEL_PREDICTION_NOT_EMPIRICAL
LON-11,B4,1100,maia3-79m,4,g1f3,Nf3,0.0199762973934412,0.9878678212407976,0.42561317674662125,517,27,456,r1b1kb1r/pp2pppp/2n2n2/2pp4/3P1B2/2q1PN2/P2N1PPP/1R1QKB1R w Kkq -,MODEL_PREDICTION_NOT_EMPIRICAL
LON-11,B4,1100,maia3-79m,5,c2c4,c4,0.015163088217377663,0.9878678212407976,0.42561317674662125,513,25,462,r1b1kb1r/pp2pppp/2n2n2/2pp4/3P1B2/2q1PN2/P2N1PPP/1R1QKB1R w Kkq -,MODEL_PREDICTION_NOT_EMPIRICAL
LON-11,B4,1100,maia3-79m,6,g2g3,g3,0.010951454751193523,0.9878678212407976,0.42561317674662125,497,27,476,r1b1kb1r/pp2pppp/2n2n2/2pp4/3P1B2/2q1PN2/P2N1PPP/1R1QKB1R w Kkq -,MODEL_PREDICTION_NOT_EMPIRICAL
LON-11,B4,1100,maia3-79m,7,b2b3,b3,0.007491483353078365,0.9878678212407976,0.42561317674662125,494,27,479,r1b1kb1r/pp2pppp/2n2n2/2pp4/3P1B2/2q1PN2/P2N1PPP/1R1QKB1R w Kkq -,MODEL_PREDICTION_NOT_EMPIRICAL
LON-11,B4,1100,maia3-79m,8,d2d3,d3,0.005036455579102039,0.9878678212407976,0.42561317674662125,493,27,480,r1b1kb1r/pp2pppp/2n2n2/2pp4/3P1B2/2q1PN2/P2N1PPP/1R1QKB1R w Kkq -,MODEL_PREDICTION_NOT_EMPIRICAL
LON-11,B4,1100,maia3-79m,9,b1c3,Nc3,0.004941529594361782,0.9878678212407976,0.42561317674662125,507,27,466,r1b1kb1r/pp2pppp/2n2n2/2pp4/3P1B2/2q1PN2/P2N1PPP/1R1QKB1R w Kkq -,MODEL_PREDICTION_NOT_EMPIRICAL
LON-11,B4,1100,maia3-79m,10,f2f4,f4,0.0035755394492298365,0.9878678212407976,0.42561317674662125,500,26,474,r1b1kb1r/pp2pppp/2n2n2/2pp4/3P1B2/2q1PN2/P2N1PPP/1R1QKB1R w Kkq -,MODEL_PREDICTION_NOT_EMPIRICAL
LON-11,B4,1300,maia3-79m,1,e2e4,e4,0.6652060747146606,0.9883486481849104,0.4312486267262949,508,25,467,r1b1kb1r/pp2pppp/2n2n2/2pp4/3P1B2/2q1PN2/P2N1PPP/1R1QKB1R w Kkq -,MODEL_PREDICTION_NOT_EMPIRICAL
LON-11,B4,1300,maia3-79m,2,d2d4,d4,0.23515543341636658,0.9883486481849104,0.4312486267262949,519,26,455,r1b1kb1r/pp2pppp/2n2n2/2pp4/3P1B2/2q1PN2/P2N1PPP/1R1QKB1R w Kkq -,MODEL_PREDICTION_NOT_EMPIRICAL
LON-11,B4,1300,maia3-79m,3,g1f3,Nf3,0.019363317638635635,0.9883486481849104,0.4312486267262949,521,27,452,r1b1kb1r/pp2pppp/2n2n2/2pp4/3P1B2/2q1PN2/P2N1PPP/1R1QKB1R w Kkq -,MODEL_PREDICTION_NOT_EMPIRICAL
LON-11,B4,1300,maia3-79m,4,c2c4,c4,0.018627913668751717,0.9883486481849104,0.4312486267262949,513,25,462,r1b1kb1r/pp2pppp/2n2n2/2pp4/3P1B2/2q1PN2/P2N1PPP/1R1QKB1R w Kkq -,MODEL_PREDICTION_NOT_EMPIRICAL
LON-11,B4,1300,maia3-79m,5,e2e3,e3,0.017626332119107246,0.9883486481849104,0.4312486267262949,499,26,475,r1b1kb1r/pp2pppp/2n2n2/2pp4/3P1B2/2q1PN2/P2N1PPP/1R1QKB1R w Kkq -,MODEL_PREDICTION_NOT_EMPIRICAL
LON-11,B4,1300,maia3-79m,6,g2g3,g3,0.011335160583257675,0.9883486481849104,0.4312486267262949,500,27,473,r1b1kb1r/pp2pppp/2n2n2/2pp4/3P1B2/2q1PN2/P2N1PPP/1R1QKB1R w Kkq -,MODEL_PREDICTION_NOT_EMPIRICAL
LON-11,B4,1300,maia3-79m,7,b2b3,b3,0.008808943443000317,0.9883486481849104,0.4312486267262949,503,26,471,r1b1kb1r/pp2pppp/2n2n2/2pp4/3P1B2/2q1PN2/P2N1PPP/1R1QKB1R w Kkq -,MODEL_PREDICTION_NOT_EMPIRICAL
LON-11,B4,1300,maia3-79m,8,d2d3,d3,0.004596428479999304,0.9883486481849104,0.4312486267262949,494,27,479,r1b1kb1r/pp2pppp/2n2n2/2pp4/3P1B2/2q1PN2/P2N1PPP/1R1QKB1R w Kkq -,MODEL_PREDICTION_NOT_EMPIRICAL
LON-11,B4,1300,maia3-79m,9,f2f4,f4,0.0041140238754451275,0.9883486481849104,0.4312486267262949,506,25,469,r1b1kb1r/pp2pppp/2n2n2/2pp4/3P1B2/2q1PN2/P2N1PPP/1R1QKB1R w Kkq -,MODEL_PREDICTION_NOT_EMPIRICAL
LON-11,B4,1300,maia3-79m,10,b1c3,Nc3,0.0035150202456861734,0.9883486481849104,0.4312486267262949,513,26,461,r1b1kb1r/pp2pppp/2n2n2/2pp4/3P1B2/2q1PN2/P2N1PPP/1R1QKB1R w Kkq -,MODEL_PREDICTION_NOT_EMPIRICAL
LON-11,B4,1500,maia3-79m,1,e2e4,e4,0.6482347846031189,0.9890689314343035,0.44840463559511406,505,27,468,r1b1kb1r/pp2pppp/2n2n2/2pp4/3P1B2/2q1PN2/P2N1PPP/1R1QKB1R w Kkq -,MODEL_PREDICTION_NOT_EMPIRICAL
LON-11,B4,1500,maia3-79m,2,d2d4,d4,0.24543097615242004,0.9890689314343035,0.44840463559511406,515,28,457,r1b1kb1r/pp2pppp/2n2n2/2pp4/3P1B2/2q1PN2/P2N1PPP/1R1QKB1R w Kkq -,MODEL_PREDICTION_NOT_EMPIRICAL
LON-11,B4,1500,maia3-79m,3,c2c4,c4,0.02303183265030384,0.9890689314343035,0.44840463559511406,511,27,462,r1b1kb1r/pp2pppp/2n2n2/2pp4/3P1B2/2q1PN2/P2N1PPP/1R1QKB1R w Kkq -,MODEL_PREDICTION_NOT_EMPIRICAL
LON-11,B4,1500,maia3-79m,4,g1f3,Nf3,0.02068304643034935,0.9890689314343035,0.44840463559511406,525,27,448,r1b1kb1r/pp2pppp/2n2n2/2pp4/3P1B2/2q1PN2/P2N1PPP/1R1QKB1R w Kkq -,MODEL_PREDICTION_NOT_EMPIRICAL
LON-11,B4,1500,maia3-79m,5,e2e3,e3,0.015259450301527977,0.9890689314343035,0.44840463559511406,497,27,476,r1b1kb1r/pp2pppp/2n2n2/2pp4/3P1B2/2q1PN2/P2N1PPP/1R1QKB1R w Kkq -,MODEL_PREDICTION_NOT_EMPIRICAL
LON-11,B4,1500,maia3-79m,6,g2g3,g3,0.011820637620985508,0.9890689314343035,0.44840463559511406,503,28,469,r1b1kb1r/pp2pppp/2n2n2/2pp4/3P1B2/2q1PN2/P2N1PPP/1R1QKB1R w Kkq -,MODEL_PREDICTION_NOT_EMPIRICAL
LON-11,B4,1500,maia3-79m,7,b2b3,b3,0.01035252958536148,0.9890689314343035,0.44840463559511406,505,27,468,r1b1kb1r/pp2pppp/2n2n2/2pp4/3P1B2/2q1PN2/P2N1PPP/1R1QKB1R w Kkq -,MODEL_PREDICTION_NOT_EMPIRICAL
LON-11,B4,1500,maia3-79m,8,f2f4,f4,0.005875293631106615,0.9890689314343035,0.44840463559511406,507,25,468,r1b1kb1r/pp2pppp/2n2n2/2pp4/3P1B2/2q1PN2/P2N1PPP/1R1QKB1R w Kkq -,MODEL_PREDICTION_NOT_EMPIRICAL
LON-11,B4,1500,maia3-79m,9,d2d3,d3,0.00447371369227767,0.9890689314343035,0.44840463559511406,496,28,476,r1b1kb1r/pp2pppp/2n2n2/2pp4/3P1B2/2q1PN2/P2N1PPP/1R1QKB1R w Kkq -,MODEL_PREDICTION_NOT_EMPIRICAL
LON-11,B4,1500,maia3-79m,10,b2b4,b4,0.00390666676685214,0.9890689314343035,0.44840463559511406,515,24,461,r1b1kb1r/pp2pppp/2n2n2/2pp4/3P1B2/2q1PN2/P2N1PPP/1R1QKB1R w Kkq -,MODEL_PREDICTION_NOT_EMPIRICAL
LON-11,B4,1700,maia3-79m,1,e2e4,e4,0.625694990158081,0.9896683357656002,0.47033680283448054,504,29,467,r1b1kb1r/pp2pppp/2n2n2/2pp4/3P1B2/2q1PN2/P2N1PPP/1R1QKB1R w Kkq -,MODEL_PREDICTION_NOT_EMPIRICAL
LON-11,B4,1700,maia3-79m,2,d2d4,d4,0.257449209690094,0.9896683357656002,0.47033680283448054,515,31,454,r1b1kb1r/pp2pppp/2n2n2/2pp4/3P1B2/2q1PN2/P2N1PPP/1R1QKB1R w Kkq -,MODEL_PREDICTION_NOT_EMPIRICAL
LON-11,B4,1700,maia3-79m,3,c2c4,c4,0.029208268970251083,0.9896683357656002,0.47033680283448054,513,30,457,r1b1kb1r/pp2pppp/2n2n2/2pp4/3P1B2/2q1PN2/P2N1PPP/1R1QKB1R w Kkq -,MODEL_PREDICTION_NOT_EMPIRICAL
LON-11,B4,1700,maia3-79m,4,g1f3,Nf3,0.023894039914011955,0.9896683357656002,0.47033680283448054,530,30,440,r1b1kb1r/pp2pppp/2n2n2/2pp4/3P1B2/2q1PN2/P2N1PPP/1R1QKB1R w Kkq -,MODEL_PREDICTION_NOT_EMPIRICAL
LON-11,B4,1700,maia3-79m,5,e2e3,e3,0.012733161449432373,0.9896683357656002,0.47033680283448054,501,29,470,r1b1kb1r/pp2pppp/2n2n2/2pp4/3P1B2/2q1PN2/P2N1PPP/1R1QKB1R w Kkq -,MODEL_PREDICTION_NOT_EMPIRICAL
LON-11,B4,1700,maia3-79m,6,g2g3,g3,0.011797066777944565,0.9896683357656002,0.47033680283448054,508,30,462,r1b1kb1r/pp2pppp/2n2n2/2pp4/3P1B2/2q1PN2/P2N1PPP/1R1QKB1R w Kkq -,MODEL_PREDICTION_NOT_EMPIRICAL
LON-11,B4,1700,maia3-79m,7,b2b3,b3,0.011401703581213951,0.9896683357656002,0.47033680283448054,510,29,461,r1b1kb1r/pp2pppp/2n2n2/2pp4/3P1B2/2q1PN2/P2N1PPP/1R1QKB1R w Kkq -,MODEL_PREDICTION_NOT_EMPIRICAL
LON-11,B4,1700,maia3-79m,8,f2f4,f4,0.00882899109274149,0.9896683357656002,0.47033680283448054,507,28,465,r1b1kb1r/pp2pppp/2n2n2/2pp4/3P1B2/2q1PN2/P2N1PPP/1R1QKB1R w Kkq -,MODEL_PREDICTION_NOT_EMPIRICAL
LON-11,B4,1700,maia3-79m,9,b2b4,b4,0.004424287937581539,0.9896683357656002,0.47033680283448054,518,27,455,r1b1kb1r/pp2pppp/2n2n2/2pp4/3P1B2/2q1PN2/P2N1PPP/1R1QKB1R w Kkq -,MODEL_PREDICTION_NOT_EMPIRICAL
LON-11,B4,1700,maia3-79m,10,d2d3,d3,0.0042366161942481995,0.9896683357656002,0.47033680283448054,500,30,470,r1b1kb1r/pp2pppp/2n2n2/2pp4/3P1B2/2q1PN2/P2N1PPP/1R1QKB1R w Kkq -,MODEL_PREDICTION_NOT_EMPIRICAL
LON-11,B4,1900,maia3-79m,1,e2e4,e4,0.5982585549354553,0.9897327157668769,0.4932666454104177,503,33,464,r1b1kb1r/pp2pppp/2n2n2/2pp4/3P1B2/2q1PN2/P2N1PPP/1R1QKB1R w Kkq -,MODEL_PREDICTION_NOT_EMPIRICAL
LON-11,B4,1900,maia3-79m,2,d2d4,d4,0.27083200216293335,0.9897327157668769,0.4932666454104177,513,36,451,r1b1kb1r/pp2pppp/2n2n2/2pp4/3P1B2/2q1PN2/P2N1PPP/1R1QKB1R w Kkq -,MODEL_PREDICTION_NOT_EMPIRICAL
LON-11,B4,1900,maia3-79m,3,c2c4,c4,0.03720775246620178,0.9897327157668769,0.4932666454104177,512,35,453,r1b1kb1r/pp2pppp/2n2n2/2pp4/3P1B2/2q1PN2/P2N1PPP/1R1QKB1R w Kkq -,MODEL_PREDICTION_NOT_EMPIRICAL
LON-11,B4,1900,maia3-79m,4,g1f3,Nf3,0.030766692012548447,0.9897327157668769,0.4932666454104177,527,36,437,r1b1kb1r/pp2pppp/2n2n2/2pp4/3P1B2/2q1PN2/P2N1PPP/1R1QKB1R w Kkq -,MODEL_PREDICTION_NOT_EMPIRICAL
LON-11,B4,1900,maia3-79m,5,f2f4,f4,0.012273138388991356,0.9897327157668769,0.4932666454104177,504,32,464,r1b1kb1r/pp2pppp/2n2n2/2pp4/3P1B2/2q1PN2/P2N1PPP/1R1QKB1R w Kkq -,MODEL_PREDICTION_NOT_EMPIRICAL
LON-11,B4,1900,maia3-79m,6,b2b3,b3,0.011618333868682384,0.9897327157668769,0.4932666454104177,513,34,453,r1b1kb1r/pp2pppp/2n2n2/2pp4/3P1B2/2q1PN2/P2N1PPP/1R1QKB1R w Kkq -,MODEL_PREDICTION_NOT_EMPIRICAL
LON-11,B4,1900,maia3-79m,7,g2g3,g3,0.010595535859465599,0.9897327157668769,0.4932666454104177,509,35,456,r1b1kb1r/pp2pppp/2n2n2/2pp4/3P1B2/2q1PN2/P2N1PPP/1R1QKB1R w Kkq -,MODEL_PREDICTION_NOT_EMPIRICAL
LON-11,B4,1900,maia3-79m,8,e2e3,e3,0.009855199605226517,0.9897327157668769,0.4932666454104177,501,34,465,r1b1kb1r/pp2pppp/2n2n2/2pp4/3P1B2/2q1PN2/P2N1PPP/1R1QKB1R w Kkq -,MODEL_PREDICTION_NOT_EMPIRICAL
LON-11,B4,1900,maia3-79m,9,b2b4,b4,0.0044146692380309105,0.9897327157668769,0.4932666454104177,517,31,452,r1b1kb1r/pp2pppp/2n2n2/2pp4/3P1B2/2q1PN2/P2N1PPP/1R1QKB1R w Kkq -,MODEL_PREDICTION_NOT_EMPIRICAL
LON-11,B4,1900,maia3-79m,10,d2d3,d3,0.0039108372293412685,0.9897327157668769,0.4932666454104177,497,35,468,r1b1kb1r/pp2pppp/2n2n2/2pp4/3P1B2/2q1PN2/P2N1PPP/1R1QKB1R w Kkq -,MODEL_PREDICTION_NOT_EMPIRICAL
LON-11,B4,2100,maia3-79m,1,e2e4,e4,0.5516610741615295,0.9894236333202571,0.5245369929792545,498,41,461,r1b1kb1r/pp2pppp/2n2n2/2pp4/3P1B2/2q1PN2/P2N1PPP/1R1QKB1R w Kkq -,MODEL_PREDICTION_NOT_EMPIRICAL
LON-11,B4,2100,maia3-79m,2,d2d4,d4,0.29356226325035095,0.9894236333202571,0.5245369929792545,510,44,446,r1b1kb1r/pp2pppp/2n2n2/2pp4/3P1B2/2q1PN2/P2N1PPP/1R1QKB1R w Kkq -,MODEL_PREDICTION_NOT_EMPIRICAL
LON-11,B4,2100,maia3-79m,3,g1f3,Nf3,0.0481594055891037,0.9894236333202571,0.5245369929792545,516,45,439,r1b1kb1r/pp2pppp/2n2n2/2pp4/3P1B2/2q1PN2/P2N1PPP/1R1QKB1R w Kkq -,MODEL_PREDICTION_NOT_EMPIRICAL
LON-11,B4,2100,maia3-79m,4,c2c4,c4,0.0476539246737957,0.9894236333202571,0.5245369929792545,507,43,450,r1b1kb1r/pp2pppp/2n2n2/2pp4/3P1B2/2q1PN2/P2N1PPP/1R1QKB1R w Kkq -,MODEL_PREDICTION_NOT_EMPIRICAL
LON-11,B4,2100,maia3-79m,5,f2f4,f4,0.012484685517847538,0.9894236333202571,0.5245369929792545,497,40,463,r1b1kb1r/pp2pppp/2n2n2/2pp4/3P1B2/2q1PN2/P2N1PPP/1R1QKB1R w Kkq -,MODEL_PREDICTION_NOT_EMPIRICAL
LON-11,B4,2100,maia3-79m,6,b2b3,b3,0.012168200686573982,0.9894236333202571,0.5245369929792545,507,42,451,r1b1kb1r/pp2pppp/2n2n2/2pp4/3P1B2/2q1PN2/P2N1PPP/1R1QKB1R w Kkq -,MODEL_PREDICTION_NOT_EMPIRICAL
LON-11,B4,2100,maia3-79m,7,g2g3,g3,0.008714002557098866,0.9894236333202571,0.5245369929792545,505,42,453,r1b1kb1r/pp2pppp/2n2n2/2pp4/3P1B2/2q1PN2/P2N1PPP/1R1QKB1R w Kkq -,MODEL_PREDICTION_NOT_EMPIRICAL
LON-11,B4,2100,maia3-79m,8,e2e3,e3,0.006894053891301155,0.9894236333202571,0.5245369929792545,497,43,460,r1b1kb1r/pp2pppp/2n2n2/2pp4/3P1B2/2q1PN2/P2N1PPP/1R1QKB1R w Kkq -,MODEL_PREDICTION_NOT_EMPIRICAL
LON-11,B4,2100,maia3-79m,9,b1c3,Nc3,0.0044635990634560585,0.9894236333202571,0.5245369929792545,521,42,437,r1b1kb1r/pp2pppp/2n2n2/2pp4/3P1B2/2q1PN2/P2N1PPP/1R1QKB1R w Kkq -,MODEL_PREDICTION_NOT_EMPIRICAL
LON-11,B4,2100,maia3-79m,10,d2d3,d3,0.0036624239291995764,0.9894236333202571,0.5245369929792545,489,44,467,r1b1kb1r/pp2pppp/2n2n2/2pp4/3P1B2/2q1PN2/P2N1PPP/1R1QKB1R w Kkq -,MODEL_PREDICTION_NOT_EMPIRICAL
LON-12,B4,1100,maia3-79m,1,e2e4,e4,0.6771548986434937,0.9878678212407976,0.42561317674662125,513,26,461,r1b1kb1r/pp2pppp/2n2n2/2pp4/3P1B2/2qBPN2/P2N1PPP/R2QK2R w KQkq -,MODEL_PREDICTION_NOT_EMPIRICAL
LON-12,B4,1100,maia3-79m,2,d2d4,d4,0.22272434830665588,0.9878678212407976,0.42561317674662125,521,27,452,r1b1kb1r/pp2pppp/2n2n2/2pp4/3P1B2/2qBPN2/P2N1PPP/R2QK2R w KQkq -,MODEL_PREDICTION_NOT_EMPIRICAL
LON-12,B4,1100,maia3-79m,3,e2e3,e3,0.020852725952863693,0.9878678212407976,0.42561317674662125,500,27,473,r1b1kb1r/pp2pppp/2n2n2/2pp4/3P1B2/2qBPN2/P2N1PPP/R2QK2R w KQkq -,MODEL_PREDICTION_NOT_EMPIRICAL
LON-12,B4,1100,maia3-79m,4,g1f3,Nf3,0.0199762973934412,0.9878678212407976,0.42561317674662125,517,27,456,r1b1kb1r/pp2pppp/2n2n2/2pp4/3P1B2/2qBPN2/P2N1PPP/R2QK2R w KQkq -,MODEL_PREDICTION_NOT_EMPIRICAL
LON-12,B4,1100,maia3-79m,5,c2c4,c4,0.015163088217377663,0.9878678212407976,0.42561317674662125,513,25,462,r1b1kb1r/pp2pppp/2n2n2/2pp4/3P1B2/2qBPN2/P2N1PPP/R2QK2R w KQkq -,MODEL_PREDICTION_NOT_EMPIRICAL
LON-12,B4,1100,maia3-79m,6,g2g3,g3,0.010951454751193523,0.9878678212407976,0.42561317674662125,497,27,476,r1b1kb1r/pp2pppp/2n2n2/2pp4/3P1B2/2qBPN2/P2N1PPP/R2QK2R w KQkq -,MODEL_PREDICTION_NOT_EMPIRICAL
LON-12,B4,1100,maia3-79m,7,b2b3,b3,0.007491483353078365,0.9878678212407976,0.42561317674662125,494,27,479,r1b1kb1r/pp2pppp/2n2n2/2pp4/3P1B2/2qBPN2/P2N1PPP/R2QK2R w KQkq -,MODEL_PREDICTION_NOT_EMPIRICAL
LON-12,B4,1100,maia3-79m,8,d2d3,d3,0.005036455579102039,0.9878678212407976,0.42561317674662125,493,27,480,r1b1kb1r/pp2pppp/2n2n2/2pp4/3P1B2/2qBPN2/P2N1PPP/R2QK2R w KQkq -,MODEL_PREDICTION_NOT_EMPIRICAL
LON-12,B4,1100,maia3-79m,9,b1c3,Nc3,0.004941529594361782,0.9878678212407976,0.42561317674662125,507,27,466,r1b1kb1r/pp2pppp/2n2n2/2pp4/3P1B2/2qBPN2/P2N1PPP/R2QK2R w KQkq -,MODEL_PREDICTION_NOT_EMPIRICAL
LON-12,B4,1100,maia3-79m,10,f2f4,f4,0.0035755394492298365,0.9878678212407976,0.42561317674662125,500,26,474,r1b1kb1r/pp2pppp/2n2n2/2pp4/3P1B2/2qBPN2/P2N1PPP/R2QK2R w KQkq -,MODEL_PREDICTION_NOT_EMPIRICAL
LON-12,B4,1300,maia3-79m,1,e2e4,e4,0.6652060747146606,0.9883486481849104,0.4312486267262949,508,25,467,r1b1kb1r/pp2pppp/2n2n2/2pp4/3P1B2/2qBPN2/P2N1PPP/R2QK2R w KQkq -,MODEL_PREDICTION_NOT_EMPIRICAL
LON-12,B4,1300,maia3-79m,2,d2d4,d4,0.23515543341636658,0.9883486481849104,0.4312486267262949,519,26,455,r1b1kb1r/pp2pppp/2n2n2/2pp4/3P1B2/2qBPN2/P2N1PPP/R2QK2R w KQkq -,MODEL_PREDICTION_NOT_EMPIRICAL
LON-12,B4,1300,maia3-79m,3,g1f3,Nf3,0.019363317638635635,0.9883486481849104,0.4312486267262949,521,27,452,r1b1kb1r/pp2pppp/2n2n2/2pp4/3P1B2/2qBPN2/P2N1PPP/R2QK2R w KQkq -,MODEL_PREDICTION_NOT_EMPIRICAL
LON-12,B4,1300,maia3-79m,4,c2c4,c4,0.018627913668751717,0.9883486481849104,0.4312486267262949,513,25,462,r1b1kb1r/pp2pppp/2n2n2/2pp4/3P1B2/2qBPN2/P2N1PPP/R2QK2R w KQkq -,MODEL_PREDICTION_NOT_EMPIRICAL
LON-12,B4,1300,maia3-79m,5,e2e3,e3,0.017626332119107246,0.9883486481849104,0.4312486267262949,499,26,475,r1b1kb1r/pp2pppp/2n2n2/2pp4/3P1B2/2qBPN2/P2N1PPP/R2QK2R w KQkq -,MODEL_PREDICTION_NOT_EMPIRICAL
LON-12,B4,1300,maia3-79m,6,g2g3,g3,0.011335160583257675,0.9883486481849104,0.4312486267262949,500,27,473,r1b1kb1r/pp2pppp/2n2n2/2pp4/3P1B2/2qBPN2/P2N1PPP/R2QK2R w KQkq -,MODEL_PREDICTION_NOT_EMPIRICAL
LON-12,B4,1300,maia3-79m,7,b2b3,b3,0.008808943443000317,0.9883486481849104,0.4312486267262949,503,26,471,r1b1kb1r/pp2pppp/2n2n2/2pp4/3P1B2/2qBPN2/P2N1PPP/R2QK2R w KQkq -,MODEL_PREDICTION_NOT_EMPIRICAL
LON-12,B4,1300,maia3-79m,8,d2d3,d3,0.004596428479999304,0.9883486481849104,0.4312486267262949,494,27,479,r1b1kb1r/pp2pppp/2n2n2/2pp4/3P1B2/2qBPN2/P2N1PPP/R2QK2R w KQkq -,MODEL_PREDICTION_NOT_EMPIRICAL
LON-12,B4,1300,maia3-79m,9,f2f4,f4,0.0041140238754451275,0.9883486481849104,0.4312486267262949,506,25,469,r1b1kb1r/pp2pppp/2n2n2/2pp4/3P1B2/2qBPN2/P2N1PPP/R2QK2R w KQkq -,MODEL_PREDICTION_NOT_EMPIRICAL
LON-12,B4,1300,maia3-79m,10,b1c3,Nc3,0.0035150202456861734,0.9883486481849104,0.4312486267262949,513,26,461,r1b1kb1r/pp2pppp/2n2n2/2pp4/3P1B2/2qBPN2/P2N1PPP/R2QK2R w KQkq -,MODEL_PREDICTION_NOT_EMPIRICAL
LON-12,B4,1500,maia3-79m,1,e2e4,e4,0.6482347846031189,0.9890689314343035,0.44840463559511406,505,27,468,r1b1kb1r/pp2pppp/2n2n2/2pp4/3P1B2/2qBPN2/P2N1PPP/R2QK2R w KQkq -,MODEL_PREDICTION_NOT_EMPIRICAL
LON-12,B4,1500,maia3-79m,2,d2d4,d4,0.24543097615242004,0.9890689314343035,0.44840463559511406,515,28,457,r1b1kb1r/pp2pppp/2n2n2/2pp4/3P1B2/2qBPN2/P2N1PPP/R2QK2R w KQkq -,MODEL_PREDICTION_NOT_EMPIRICAL
LON-12,B4,1500,maia3-79m,3,c2c4,c4,0.02303183265030384,0.9890689314343035,0.44840463559511406,511,27,462,r1b1kb1r/pp2pppp/2n2n2/2pp4/3P1B2/2qBPN2/P2N1PPP/R2QK2R w KQkq -,MODEL_PREDICTION_NOT_EMPIRICAL
LON-12,B4,1500,maia3-79m,4,g1f3,Nf3,0.02068304643034935,0.9890689314343035,0.44840463559511406,525,27,448,r1b1kb1r/pp2pppp/2n2n2/2pp4/3P1B2/2qBPN2/P2N1PPP/R2QK2R w KQkq -,MODEL_PREDICTION_NOT_EMPIRICAL
LON-12,B4,1500,maia3-79m,5,e2e3,e3,0.015259450301527977,0.9890689314343035,0.44840463559511406,497,27,476,r1b1kb1r/pp2pppp/2n2n2/2pp4/3P1B2/2qBPN2/P2N1PPP/R2QK2R w KQkq -,MODEL_PREDICTION_NOT_EMPIRICAL
LON-12,B4,1500,maia3-79m,6,g2g3,g3,0.011820637620985508,0.9890689314343035,0.44840463559511406,503,28,469,r1b1kb1r/pp2pppp/2n2n2/2pp4/3P1B2/2qBPN2/P2N1PPP/R2QK2R w KQkq -,MODEL_PREDICTION_NOT_EMPIRICAL
LON-12,B4,1500,maia3-79m,7,b2b3,b3,0.01035252958536148,0.9890689314343035,0.44840463559511406,505,27,468,r1b1kb1r/pp2pppp/2n2n2/2pp4/3P1B2/2qBPN2/P2N1PPP/R2QK2R w KQkq -,MODEL_PREDICTION_NOT_EMPIRICAL
LON-12,B4,1500,maia3-79m,8,f2f4,f4,0.005875293631106615,0.9890689314343035,0.44840463559511406,507,25,468,r1b1kb1r/pp2pppp/2n2n2/2pp4/3P1B2/2qBPN2/P2N1PPP/R2QK2R w KQkq -,MODEL_PREDICTION_NOT_EMPIRICAL
LON-12,B4,1500,maia3-79m,9,d2d3,d3,0.00447371369227767,0.9890689314343035,0.44840463559511406,496,28,476,r1b1kb1r/pp2pppp/2n2n2/2pp4/3P1B2/2qBPN2/P2N1PPP/R2QK2R w KQkq -,MODEL_PREDICTION_NOT_EMPIRICAL
LON-12,B4,1500,maia3-79m,10,b2b4,b4,0.00390666676685214,0.9890689314343035,0.44840463559511406,515,24,461,r1b1kb1r/pp2pppp/2n2n2/2pp4/3P1B2/2qBPN2/P2N1PPP/R2QK2R w KQkq -,MODEL_PREDICTION_NOT_EMPIRICAL
LON-12,B4,1700,maia3-79m,1,e2e4,e4,0.625694990158081,0.9896683357656002,0.47033680283448054,504,29,467,r1b1kb1r/pp2pppp/2n2n2/2pp4/3P1B2/2qBPN2/P2N1PPP/R2QK2R w KQkq -,MODEL_PREDICTION_NOT_EMPIRICAL
LON-12,B4,1700,maia3-79m,2,d2d4,d4,0.257449209690094,0.9896683357656002,0.47033680283448054,515,31,454,r1b1kb1r/pp2pppp/2n2n2/2pp4/3P1B2/2qBPN2/P2N1PPP/R2QK2R w KQkq -,MODEL_PREDICTION_NOT_EMPIRICAL
LON-12,B4,1700,maia3-79m,3,c2c4,c4,0.029208268970251083,0.9896683357656002,0.47033680283448054,513,30,457,r1b1kb1r/pp2pppp/2n2n2/2pp4/3P1B2/2qBPN2/P2N1PPP/R2QK2R w KQkq -,MODEL_PREDICTION_NOT_EMPIRICAL
LON-12,B4,1700,maia3-79m,4,g1f3,Nf3,0.023894039914011955,0.9896683357656002,0.47033680283448054,530,30,440,r1b1kb1r/pp2pppp/2n2n2/2pp4/3P1B2/2qBPN2/P2N1PPP/R2QK2R w KQkq -,MODEL_PREDICTION_NOT_EMPIRICAL
LON-12,B4,1700,maia3-79m,5,e2e3,e3,0.012733161449432373,0.9896683357656002,0.47033680283448054,501,29,470,r1b1kb1r/pp2pppp/2n2n2/2pp4/3P1B2/2qBPN2/P2N1PPP/R2QK2R w KQkq -,MODEL_PREDICTION_NOT_EMPIRICAL
LON-12,B4,1700,maia3-79m,6,g2g3,g3,0.011797066777944565,0.9896683357656002,0.47033680283448054,508,30,462,r1b1kb1r/pp2pppp/2n2n2/2pp4/3P1B2/2qBPN2/P2N1PPP/R2QK2R w KQkq -,MODEL_PREDICTION_NOT_EMPIRICAL
LON-12,B4,1700,maia3-79m,7,b2b3,b3,0.011401703581213951,0.9896683357656002,0.47033680283448054,510,29,461,r1b1kb1r/pp2pppp/2n2n2/2pp4/3P1B2/2qBPN2/P2N1PPP/R2QK2R w KQkq -,MODEL_PREDICTION_NOT_EMPIRICAL
LON-12,B4,1700,maia3-79m,8,f2f4,f4,0.00882899109274149,0.9896683357656002,0.47033680283448054,507,28,465,r1b1kb1r/pp2pppp/2n2n2/2pp4/3P1B2/2qBPN2/P2N1PPP/R2QK2R w KQkq -,MODEL_PREDICTION_NOT_EMPIRICAL
LON-12,B4,1700,maia3-79m,9,b2b4,b4,0.004424287937581539,0.9896683357656002,0.47033680283448054,518,27,455,r1b1kb1r/pp2pppp/2n2n2/2pp4/3P1B2/2qBPN2/P2N1PPP/R2QK2R w KQkq -,MODEL_PREDICTION_NOT_EMPIRICAL
LON-12,B4,1700,maia3-79m,10,d2d3,d3,0.0042366161942481995,0.9896683357656002,0.47033680283448054,500,30,470,r1b1kb1r/pp2pppp/2n2n2/2pp4/3P1B2/2qBPN2/P2N1PPP/R2QK2R w KQkq -,MODEL_PREDICTION_NOT_EMPIRICAL
LON-12,B4,1900,maia3-79m,1,e2e4,e4,0.5982585549354553,0.9897327157668769,0.4932666454104177,503,33,464,r1b1kb1r/pp2pppp/2n2n2/2pp4/3P1B2/2qBPN2/P2N1PPP/R2QK2R w KQkq -,MODEL_PREDICTION_NOT_EMPIRICAL
LON-12,B4,1900,maia3-79m,2,d2d4,d4,0.27083200216293335,0.9897327157668769,0.4932666454104177,513,36,451,r1b1kb1r/pp2pppp/2n2n2/2pp4/3P1B2/2qBPN2/P2N1PPP/R2QK2R w KQkq -,MODEL_PREDICTION_NOT_EMPIRICAL
LON-12,B4,1900,maia3-79m,3,c2c4,c4,0.03720775246620178,0.9897327157668769,0.4932666454104177,512,35,453,r1b1kb1r/pp2pppp/2n2n2/2pp4/3P1B2/2qBPN2/P2N1PPP/R2QK2R w KQkq -,MODEL_PREDICTION_NOT_EMPIRICAL
LON-12,B4,1900,maia3-79m,4,g1f3,Nf3,0.030766692012548447,0.9897327157668769,0.4932666454104177,527,36,437,r1b1kb1r/pp2pppp/2n2n2/2pp4/3P1B2/2qBPN2/P2N1PPP/R2QK2R w KQkq -,MODEL_PREDICTION_NOT_EMPIRICAL
LON-12,B4,1900,maia3-79m,5,f2f4,f4,0.012273138388991356,0.9897327157668769,0.4932666454104177,504,32,464,r1b1kb1r/pp2pppp/2n2n2/2pp4/3P1B2/2qBPN2/P2N1PPP/R2QK2R w KQkq -,MODEL_PREDICTION_NOT_EMPIRICAL
LON-12,B4,1900,maia3-79m,6,b2b3,b3,0.011618333868682384,0.9897327157668769,0.4932666454104177,513,34,453,r1b1kb1r/pp2pppp/2n2n2/2pp4/3P1B2/2qBPN2/P2N1PPP/R2QK2R w KQkq -,MODEL_PREDICTION_NOT_EMPIRICAL
LON-12,B4,1900,maia3-79m,7,g2g3,g3,0.010595535859465599,0.9897327157668769,0.4932666454104177,509,35,456,r1b1kb1r/pp2pppp/2n2n2/2pp4/3P1B2/2qBPN2/P2N1PPP/R2QK2R w KQkq -,MODEL_PREDICTION_NOT_EMPIRICAL
LON-12,B4,1900,maia3-79m,8,e2e3,e3,0.009855199605226517,0.9897327157668769,0.4932666454104177,501,34,465,r1b1kb1r/pp2pppp/2n2n2/2pp4/3P1B2/2qBPN2/P2N1PPP/R2QK2R w KQkq -,MODEL_PREDICTION_NOT_EMPIRICAL
LON-12,B4,1900,maia3-79m,9,b2b4,b4,0.0044146692380309105,0.9897327157668769,0.4932666454104177,517,31,452,r1b1kb1r/pp2pppp/2n2n2/2pp4/3P1B2/2qBPN2/P2N1PPP/R2QK2R w KQkq -,MODEL_PREDICTION_NOT_EMPIRICAL
LON-12,B4,1900,maia3-79m,10,d2d3,d3,0.0039108372293412685,0.9897327157668769,0.4932666454104177,497,35,468,r1b1kb1r/pp2pppp/2n2n2/2pp4/3P1B2/2qBPN2/P2N1PPP/R2QK2R w KQkq -,MODEL_PREDICTION_NOT_EMPIRICAL
LON-12,B4,2100,maia3-79m,1,e2e4,e4,0.5516610741615295,0.9894236333202571,0.5245369929792545,498,41,461,r1b1kb1r/pp2pppp/2n2n2/2pp4/3P1B2/2qBPN2/P2N1PPP/R2QK2R w KQkq -,MODEL_PREDICTION_NOT_EMPIRICAL
LON-12,B4,2100,maia3-79m,2,d2d4,d4,0.29356226325035095,0.9894236333202571,0.5245369929792545,510,44,446,r1b1kb1r/pp2pppp/2n2n2/2pp4/3P1B2/2qBPN2/P2N1PPP/R2QK2R w KQkq -,MODEL_PREDICTION_NOT_EMPIRICAL
LON-12,B4,2100,maia3-79m,3,g1f3,Nf3,0.0481594055891037,0.9894236333202571,0.5245369929792545,516,45,439,r1b1kb1r/pp2pppp/2n2n2/2pp4/3P1B2/2qBPN2/P2N1PPP/R2QK2R w KQkq -,MODEL_PREDICTION_NOT_EMPIRICAL
LON-12,B4,2100,maia3-79m,4,c2c4,c4,0.0476539246737957,0.9894236333202571,0.5245369929792545,507,43,450,r1b1kb1r/pp2pppp/2n2n2/2pp4/3P1B2/2qBPN2/P2N1PPP/R2QK2R w KQkq -,MODEL_PREDICTION_NOT_EMPIRICAL
LON-12,B4,2100,maia3-79m,5,f2f4,f4,0.012484685517847538,0.9894236333202571,0.5245369929792545,497,40,463,r1b1kb1r/pp2pppp/2n2n2/2pp4/3P1B2/2qBPN2/P2N1PPP/R2QK2R w KQkq -,MODEL_PREDICTION_NOT_EMPIRICAL
LON-12,B4,2100,maia3-79m,6,b2b3,b3,0.012168200686573982,0.9894236333202571,0.5245369929792545,507,42,451,r1b1kb1r/pp2pppp/2n2n2/2pp4/3P1B2/2qBPN2/P2N1PPP/R2QK2R w KQkq -,MODEL_PREDICTION_NOT_EMPIRICAL
LON-12,B4,2100,maia3-79m,7,g2g3,g3,0.008714002557098866,0.9894236333202571,0.5245369929792545,505,42,453,r1b1kb1r/pp2pppp/2n2n2/2pp4/3P1B2/2qBPN2/P2N1PPP/R2QK2R w KQkq -,MODEL_PREDICTION_NOT_EMPIRICAL
LON-12,B4,2100,maia3-79m,8,e2e3,e3,0.006894053891301155,0.9894236333202571,0.5245369929792545,497,43,460,r1b1kb1r/pp2pppp/2n2n2/2pp4/3P1B2/2qBPN2/P2N1PPP/R2QK2R w KQkq -,MODEL_PREDICTION_NOT_EMPIRICAL
LON-12,B4,2100,maia3-79m,9,b1c3,Nc3,0.0044635990634560585,0.9894236333202571,0.5245369929792545,521,42,437,r1b1kb1r/pp2pppp/2n2n2/2pp4/3P1B2/2qBPN2/P2N1PPP/R2QK2R w KQkq -,MODEL_PREDICTION_NOT_EMPIRICAL
LON-12,B4,2100,maia3-79m,10,d2d3,d3,0.0036624239291995764,0.9894236333202571,0.5245369929792545,489,44,467,r1b1kb1r/pp2pppp/2n2n2/2pp4/3P1B2/2qBPN2/P2N1PPP/R2QK2R w KQkq -,MODEL_PREDICTION_NOT_EMPIRICAL
LON-15,B4,1100,maia3-79m,1,e2e4,e4,0.6771548986434937,0.9878678212407976,0.42561317674662125,513,26,461,r1b1kb1r/pp2pppp/2n2n2/2pp4/Q2P1B2/2P1PN2/Pq3PPP/RN2KB1R w KQkq -,MODEL_PREDICTION_NOT_EMPIRICAL
LON-15,B4,1100,maia3-79m,2,d2d4,d4,0.22272434830665588,0.9878678212407976,0.42561317674662125,521,27,452,r1b1kb1r/pp2pppp/2n2n2/2pp4/Q2P1B2/2P1PN2/Pq3PPP/RN2KB1R w KQkq -,MODEL_PREDICTION_NOT_EMPIRICAL
LON-15,B4,1100,maia3-79m,3,e2e3,e3,0.020852725952863693,0.9878678212407976,0.42561317674662125,500,27,473,r1b1kb1r/pp2pppp/2n2n2/2pp4/Q2P1B2/2P1PN2/Pq3PPP/RN2KB1R w KQkq -,MODEL_PREDICTION_NOT_EMPIRICAL
LON-15,B4,1100,maia3-79m,4,g1f3,Nf3,0.0199762973934412,0.9878678212407976,0.42561317674662125,517,27,456,r1b1kb1r/pp2pppp/2n2n2/2pp4/Q2P1B2/2P1PN2/Pq3PPP/RN2KB1R w KQkq -,MODEL_PREDICTION_NOT_EMPIRICAL
LON-15,B4,1100,maia3-79m,5,c2c4,c4,0.015163088217377663,0.9878678212407976,0.42561317674662125,513,25,462,r1b1kb1r/pp2pppp/2n2n2/2pp4/Q2P1B2/2P1PN2/Pq3PPP/RN2KB1R w KQkq -,MODEL_PREDICTION_NOT_EMPIRICAL
LON-15,B4,1100,maia3-79m,6,g2g3,g3,0.010951454751193523,0.9878678212407976,0.42561317674662125,497,27,476,r1b1kb1r/pp2pppp/2n2n2/2pp4/Q2P1B2/2P1PN2/Pq3PPP/RN2KB1R w KQkq -,MODEL_PREDICTION_NOT_EMPIRICAL
LON-15,B4,1100,maia3-79m,7,b2b3,b3,0.007491483353078365,0.9878678212407976,0.42561317674662125,494,27,479,r1b1kb1r/pp2pppp/2n2n2/2pp4/Q2P1B2/2P1PN2/Pq3PPP/RN2KB1R w KQkq -,MODEL_PREDICTION_NOT_EMPIRICAL
LON-15,B4,1100,maia3-79m,8,d2d3,d3,0.005036455579102039,0.9878678212407976,0.42561317674662125,493,27,480,r1b1kb1r/pp2pppp/2n2n2/2pp4/Q2P1B2/2P1PN2/Pq3PPP/RN2KB1R w KQkq -,MODEL_PREDICTION_NOT_EMPIRICAL
LON-15,B4,1100,maia3-79m,9,b1c3,Nc3,0.004941529594361782,0.9878678212407976,0.42561317674662125,507,27,466,r1b1kb1r/pp2pppp/2n2n2/2pp4/Q2P1B2/2P1PN2/Pq3PPP/RN2KB1R w KQkq -,MODEL_PREDICTION_NOT_EMPIRICAL
LON-15,B4,1100,maia3-79m,10,f2f4,f4,0.0035755394492298365,0.9878678212407976,0.42561317674662125,500,26,474,r1b1kb1r/pp2pppp/2n2n2/2pp4/Q2P1B2/2P1PN2/Pq3PPP/RN2KB1R w KQkq -,MODEL_PREDICTION_NOT_EMPIRICAL
LON-15,B4,1300,maia3-79m,1,e2e4,e4,0.6652060747146606,0.9883486481849104,0.4312486267262949,508,25,467,r1b1kb1r/pp2pppp/2n2n2/2pp4/Q2P1B2/2P1PN2/Pq3PPP/RN2KB1R w KQkq -,MODEL_PREDICTION_NOT_EMPIRICAL
LON-15,B4,1300,maia3-79m,2,d2d4,d4,0.23515543341636658,0.9883486481849104,0.4312486267262949,519,26,455,r1b1kb1r/pp2pppp/2n2n2/2pp4/Q2P1B2/2P1PN2/Pq3PPP/RN2KB1R w KQkq -,MODEL_PREDICTION_NOT_EMPIRICAL
LON-15,B4,1300,maia3-79m,3,g1f3,Nf3,0.019363317638635635,0.9883486481849104,0.4312486267262949,521,27,452,r1b1kb1r/pp2pppp/2n2n2/2pp4/Q2P1B2/2P1PN2/Pq3PPP/RN2KB1R w KQkq -,MODEL_PREDICTION_NOT_EMPIRICAL
LON-15,B4,1300,maia3-79m,4,c2c4,c4,0.018627913668751717,0.9883486481849104,0.4312486267262949,513,25,462,r1b1kb1r/pp2pppp/2n2n2/2pp4/Q2P1B2/2P1PN2/Pq3PPP/RN2KB1R w KQkq -,MODEL_PREDICTION_NOT_EMPIRICAL
LON-15,B4,1300,maia3-79m,5,e2e3,e3,0.017626332119107246,0.9883486481849104,0.4312486267262949,499,26,475,r1b1kb1r/pp2pppp/2n2n2/2pp4/Q2P1B2/2P1PN2/Pq3PPP/RN2KB1R w KQkq -,MODEL_PREDICTION_NOT_EMPIRICAL
LON-15,B4,1300,maia3-79m,6,g2g3,g3,0.011335160583257675,0.9883486481849104,0.4312486267262949,500,27,473,r1b1kb1r/pp2pppp/2n2n2/2pp4/Q2P1B2/2P1PN2/Pq3PPP/RN2KB1R w KQkq -,MODEL_PREDICTION_NOT_EMPIRICAL
LON-15,B4,1300,maia3-79m,7,b2b3,b3,0.008808943443000317,0.9883486481849104,0.4312486267262949,503,26,471,r1b1kb1r/pp2pppp/2n2n2/2pp4/Q2P1B2/2P1PN2/Pq3PPP/RN2KB1R w KQkq -,MODEL_PREDICTION_NOT_EMPIRICAL
LON-15,B4,1300,maia3-79m,8,d2d3,d3,0.004596428479999304,0.9883486481849104,0.4312486267262949,494,27,479,r1b1kb1r/pp2pppp/2n2n2/2pp4/Q2P1B2/2P1PN2/Pq3PPP/RN2KB1R w KQkq -,MODEL_PREDICTION_NOT_EMPIRICAL
LON-15,B4,1300,maia3-79m,9,f2f4,f4,0.0041140238754451275,0.9883486481849104,0.4312486267262949,506,25,469,r1b1kb1r/pp2pppp/2n2n2/2pp4/Q2P1B2/2P1PN2/Pq3PPP/RN2KB1R w KQkq -,MODEL_PREDICTION_NOT_EMPIRICAL
LON-15,B4,1300,maia3-79m,10,b1c3,Nc3,0.0035150202456861734,0.9883486481849104,0.4312486267262949,513,26,461,r1b1kb1r/pp2pppp/2n2n2/2pp4/Q2P1B2/2P1PN2/Pq3PPP/RN2KB1R w KQkq -,MODEL_PREDICTION_NOT_EMPIRICAL
LON-15,B4,1500,maia3-79m,1,e2e4,e4,0.6482347846031189,0.9890689314343035,0.44840463559511406,505,27,468,r1b1kb1r/pp2pppp/2n2n2/2pp4/Q2P1B2/2P1PN2/Pq3PPP/RN2KB1R w KQkq -,MODEL_PREDICTION_NOT_EMPIRICAL
LON-15,B4,1500,maia3-79m,2,d2d4,d4,0.24543097615242004,0.9890689314343035,0.44840463559511406,515,28,457,r1b1kb1r/pp2pppp/2n2n2/2pp4/Q2P1B2/2P1PN2/Pq3PPP/RN2KB1R w KQkq -,MODEL_PREDICTION_NOT_EMPIRICAL
LON-15,B4,1500,maia3-79m,3,c2c4,c4,0.02303183265030384,0.9890689314343035,0.44840463559511406,511,27,462,r1b1kb1r/pp2pppp/2n2n2/2pp4/Q2P1B2/2P1PN2/Pq3PPP/RN2KB1R w KQkq -,MODEL_PREDICTION_NOT_EMPIRICAL
LON-15,B4,1500,maia3-79m,4,g1f3,Nf3,0.02068304643034935,0.9890689314343035,0.44840463559511406,525,27,448,r1b1kb1r/pp2pppp/2n2n2/2pp4/Q2P1B2/2P1PN2/Pq3PPP/RN2KB1R w KQkq -,MODEL_PREDICTION_NOT_EMPIRICAL
LON-15,B4,1500,maia3-79m,5,e2e3,e3,0.015259450301527977,0.9890689314343035,0.44840463559511406,497,27,476,r1b1kb1r/pp2pppp/2n2n2/2pp4/Q2P1B2/2P1PN2/Pq3PPP/RN2KB1R w KQkq -,MODEL_PREDICTION_NOT_EMPIRICAL
LON-15,B4,1500,maia3-79m,6,g2g3,g3,0.011820637620985508,0.9890689314343035,0.44840463559511406,503,28,469,r1b1kb1r/pp2pppp/2n2n2/2pp4/Q2P1B2/2P1PN2/Pq3PPP/RN2KB1R w KQkq -,MODEL_PREDICTION_NOT_EMPIRICAL
LON-15,B4,1500,maia3-79m,7,b2b3,b3,0.01035252958536148,0.9890689314343035,0.44840463559511406,505,27,468,r1b1kb1r/pp2pppp/2n2n2/2pp4/Q2P1B2/2P1PN2/Pq3PPP/RN2KB1R w KQkq -,MODEL_PREDICTION_NOT_EMPIRICAL
LON-15,B4,1500,maia3-79m,8,f2f4,f4,0.005875293631106615,0.9890689314343035,0.44840463559511406,507,25,468,r1b1kb1r/pp2pppp/2n2n2/2pp4/Q2P1B2/2P1PN2/Pq3PPP/RN2KB1R w KQkq -,MODEL_PREDICTION_NOT_EMPIRICAL
LON-15,B4,1500,maia3-79m,9,d2d3,d3,0.00447371369227767,0.9890689314343035,0.44840463559511406,496,28,476,r1b1kb1r/pp2pppp/2n2n2/2pp4/Q2P1B2/2P1PN2/Pq3PPP/RN2KB1R w KQkq -,MODEL_PREDICTION_NOT_EMPIRICAL
LON-15,B4,1500,maia3-79m,10,b2b4,b4,0.00390666676685214,0.9890689314343035,0.44840463559511406,515,24,461,r1b1kb1r/pp2pppp/2n2n2/2pp4/Q2P1B2/2P1PN2/Pq3PPP/RN2KB1R w KQkq -,MODEL_PREDICTION_NOT_EMPIRICAL
LON-15,B4,1700,maia3-79m,1,e2e4,e4,0.625694990158081,0.9896683357656002,0.47033680283448054,504,29,467,r1b1kb1r/pp2pppp/2n2n2/2pp4/Q2P1B2/2P1PN2/Pq3PPP/RN2KB1R w KQkq -,MODEL_PREDICTION_NOT_EMPIRICAL
LON-15,B4,1700,maia3-79m,2,d2d4,d4,0.257449209690094,0.9896683357656002,0.47033680283448054,515,31,454,r1b1kb1r/pp2pppp/2n2n2/2pp4/Q2P1B2/2P1PN2/Pq3PPP/RN2KB1R w KQkq -,MODEL_PREDICTION_NOT_EMPIRICAL
LON-15,B4,1700,maia3-79m,3,c2c4,c4,0.029208268970251083,0.9896683357656002,0.47033680283448054,513,30,457,r1b1kb1r/pp2pppp/2n2n2/2pp4/Q2P1B2/2P1PN2/Pq3PPP/RN2KB1R w KQkq -,MODEL_PREDICTION_NOT_EMPIRICAL
LON-15,B4,1700,maia3-79m,4,g1f3,Nf3,0.023894039914011955,0.9896683357656002,0.47033680283448054,530,30,440,r1b1kb1r/pp2pppp/2n2n2/2pp4/Q2P1B2/2P1PN2/Pq3PPP/RN2KB1R w KQkq -,MODEL_PREDICTION_NOT_EMPIRICAL
LON-15,B4,1700,maia3-79m,5,e2e3,e3,0.012733161449432373,0.9896683357656002,0.47033680283448054,501,29,470,r1b1kb1r/pp2pppp/2n2n2/2pp4/Q2P1B2/2P1PN2/Pq3PPP/RN2KB1R w KQkq -,MODEL_PREDICTION_NOT_EMPIRICAL
LON-15,B4,1700,maia3-79m,6,g2g3,g3,0.011797066777944565,0.9896683357656002,0.47033680283448054,508,30,462,r1b1kb1r/pp2pppp/2n2n2/2pp4/Q2P1B2/2P1PN2/Pq3PPP/RN2KB1R w KQkq -,MODEL_PREDICTION_NOT_EMPIRICAL
LON-15,B4,1700,maia3-79m,7,b2b3,b3,0.011401703581213951,0.9896683357656002,0.47033680283448054,510,29,461,r1b1kb1r/pp2pppp/2n2n2/2pp4/Q2P1B2/2P1PN2/Pq3PPP/RN2KB1R w KQkq -,MODEL_PREDICTION_NOT_EMPIRICAL
LON-15,B4,1700,maia3-79m,8,f2f4,f4,0.00882899109274149,0.9896683357656002,0.47033680283448054,507,28,465,r1b1kb1r/pp2pppp/2n2n2/2pp4/Q2P1B2/2P1PN2/Pq3PPP/RN2KB1R w KQkq -,MODEL_PREDICTION_NOT_EMPIRICAL
LON-15,B4,1700,maia3-79m,9,b2b4,b4,0.004424287937581539,0.9896683357656002,0.47033680283448054,518,27,455,r1b1kb1r/pp2pppp/2n2n2/2pp4/Q2P1B2/2P1PN2/Pq3PPP/RN2KB1R w KQkq -,MODEL_PREDICTION_NOT_EMPIRICAL
LON-15,B4,1700,maia3-79m,10,d2d3,d3,0.0042366161942481995,0.9896683357656002,0.47033680283448054,500,30,470,r1b1kb1r/pp2pppp/2n2n2/2pp4/Q2P1B2/2P1PN2/Pq3PPP/RN2KB1R w KQkq -,MODEL_PREDICTION_NOT_EMPIRICAL
LON-15,B4,1900,maia3-79m,1,e2e4,e4,0.5982585549354553,0.9897327157668769,0.4932666454104177,503,33,464,r1b1kb1r/pp2pppp/2n2n2/2pp4/Q2P1B2/2P1PN2/Pq3PPP/RN2KB1R w KQkq -,MODEL_PREDICTION_NOT_EMPIRICAL
LON-15,B4,1900,maia3-79m,2,d2d4,d4,0.27083200216293335,0.9897327157668769,0.4932666454104177,513,36,451,r1b1kb1r/pp2pppp/2n2n2/2pp4/Q2P1B2/2P1PN2/Pq3PPP/RN2KB1R w KQkq -,MODEL_PREDICTION_NOT_EMPIRICAL
LON-15,B4,1900,maia3-79m,3,c2c4,c4,0.03720775246620178,0.9897327157668769,0.4932666454104177,512,35,453,r1b1kb1r/pp2pppp/2n2n2/2pp4/Q2P1B2/2P1PN2/Pq3PPP/RN2KB1R w KQkq -,MODEL_PREDICTION_NOT_EMPIRICAL
LON-15,B4,1900,maia3-79m,4,g1f3,Nf3,0.030766692012548447,0.9897327157668769,0.4932666454104177,527,36,437,r1b1kb1r/pp2pppp/2n2n2/2pp4/Q2P1B2/2P1PN2/Pq3PPP/RN2KB1R w KQkq -,MODEL_PREDICTION_NOT_EMPIRICAL
LON-15,B4,1900,maia3-79m,5,f2f4,f4,0.012273138388991356,0.9897327157668769,0.4932666454104177,504,32,464,r1b1kb1r/pp2pppp/2n2n2/2pp4/Q2P1B2/2P1PN2/Pq3PPP/RN2KB1R w KQkq -,MODEL_PREDICTION_NOT_EMPIRICAL
LON-15,B4,1900,maia3-79m,6,b2b3,b3,0.011618333868682384,0.9897327157668769,0.4932666454104177,513,34,453,r1b1kb1r/pp2pppp/2n2n2/2pp4/Q2P1B2/2P1PN2/Pq3PPP/RN2KB1R w KQkq -,MODEL_PREDICTION_NOT_EMPIRICAL
LON-15,B4,1900,maia3-79m,7,g2g3,g3,0.010595535859465599,0.9897327157668769,0.4932666454104177,509,35,456,r1b1kb1r/pp2pppp/2n2n2/2pp4/Q2P1B2/2P1PN2/Pq3PPP/RN2KB1R w KQkq -,MODEL_PREDICTION_NOT_EMPIRICAL
LON-15,B4,1900,maia3-79m,8,e2e3,e3,0.009855199605226517,0.9897327157668769,0.4932666454104177,501,34,465,r1b1kb1r/pp2pppp/2n2n2/2pp4/Q2P1B2/2P1PN2/Pq3PPP/RN2KB1R w KQkq -,MODEL_PREDICTION_NOT_EMPIRICAL
LON-15,B4,1900,maia3-79m,9,b2b4,b4,0.0044146692380309105,0.9897327157668769,0.4932666454104177,517,31,452,r1b1kb1r/pp2pppp/2n2n2/2pp4/Q2P1B2/2P1PN2/Pq3PPP/RN2KB1R w KQkq -,MODEL_PREDICTION_NOT_EMPIRICAL
LON-15,B4,1900,maia3-79m,10,d2d3,d3,0.0039108372293412685,0.9897327157668769,0.4932666454104177,497,35,468,r1b1kb1r/pp2pppp/2n2n2/2pp4/Q2P1B2/2P1PN2/Pq3PPP/RN2KB1R w KQkq -,MODEL_PREDICTION_NOT_EMPIRICAL
LON-15,B4,2100,maia3-79m,1,e2e4,e4,0.5516610741615295,0.9894236333202571,0.5245369929792545,498,41,461,r1b1kb1r/pp2pppp/2n2n2/2pp4/Q2P1B2/2P1PN2/Pq3PPP/RN2KB1R w KQkq -,MODEL_PREDICTION_NOT_EMPIRICAL
LON-15,B4,2100,maia3-79m,2,d2d4,d4,0.29356226325035095,0.9894236333202571,0.5245369929792545,510,44,446,r1b1kb1r/pp2pppp/2n2n2/2pp4/Q2P1B2/2P1PN2/Pq3PPP/RN2KB1R w KQkq -,MODEL_PREDICTION_NOT_EMPIRICAL
LON-15,B4,2100,maia3-79m,3,g1f3,Nf3,0.0481594055891037,0.9894236333202571,0.5245369929792545,516,45,439,r1b1kb1r/pp2pppp/2n2n2/2pp4/Q2P1B2/2P1PN2/Pq3PPP/RN2KB1R w KQkq -,MODEL_PREDICTION_NOT_EMPIRICAL
LON-15,B4,2100,maia3-79m,4,c2c4,c4,0.0476539246737957,0.9894236333202571,0.5245369929792545,507,43,450,r1b1kb1r/pp2pppp/2n2n2/2pp4/Q2P1B2/2P1PN2/Pq3PPP/RN2KB1R w KQkq -,MODEL_PREDICTION_NOT_EMPIRICAL
LON-15,B4,2100,maia3-79m,5,f2f4,f4,0.012484685517847538,0.9894236333202571,0.5245369929792545,497,40,463,r1b1kb1r/pp2pppp/2n2n2/2pp4/Q2P1B2/2P1PN2/Pq3PPP/RN2KB1R w KQkq -,MODEL_PREDICTION_NOT_EMPIRICAL
LON-15,B4,2100,maia3-79m,6,b2b3,b3,0.012168200686573982,0.9894236333202571,0.5245369929792545,507,42,451,r1b1kb1r/pp2pppp/2n2n2/2pp4/Q2P1B2/2P1PN2/Pq3PPP/RN2KB1R w KQkq -,MODEL_PREDICTION_NOT_EMPIRICAL
LON-15,B4,2100,maia3-79m,7,g2g3,g3,0.008714002557098866,0.9894236333202571,0.5245369929792545,505,42,453,r1b1kb1r/pp2pppp/2n2n2/2pp4/Q2P1B2/2P1PN2/Pq3PPP/RN2KB1R w KQkq -,MODEL_PREDICTION_NOT_EMPIRICAL
LON-15,B4,2100,maia3-79m,8,e2e3,e3,0.006894053891301155,0.9894236333202571,0.5245369929792545,497,43,460,r1b1kb1r/pp2pppp/2n2n2/2pp4/Q2P1B2/2P1PN2/Pq3PPP/RN2KB1R w KQkq -,MODEL_PREDICTION_NOT_EMPIRICAL
LON-15,B4,2100,maia3-79m,9,b1c3,Nc3,0.0044635990634560585,0.9894236333202571,0.5245369929792545,521,42,437,r1b1kb1r/pp2pppp/2n2n2/2pp4/Q2P1B2/2P1PN2/Pq3PPP/RN2KB1R w KQkq -,MODEL_PREDICTION_NOT_EMPIRICAL
LON-15,B4,2100,maia3-79m,10,d2d3,d3,0.0036624239291995764,0.9894236333202571,0.5245369929792545,489,44,467,r1b1kb1r/pp2pppp/2n2n2/2pp4/Q2P1B2/2P1PN2/Pq3PPP/RN2KB1R w KQkq -,MODEL_PREDICTION_NOT_EMPIRICAL
PST-04,B4,1100,maia3-79m,1,e2e4,e4,0.6771548986434937,0.9878678212407976,0.42561317674662125,513,26,461,rnbqkbn1/ppp1ppp1/7r/3p4/3P4/8/PPP1PPPP/RN1QKBNR w KQq -,MODEL_PREDICTION_NOT_EMPIRICAL
PST-04,B4,1100,maia3-79m,2,d2d4,d4,0.22272434830665588,0.9878678212407976,0.42561317674662125,521,27,452,rnbqkbn1/ppp1ppp1/7r/3p4/3P4/8/PPP1PPPP/RN1QKBNR w KQq -,MODEL_PREDICTION_NOT_EMPIRICAL
PST-04,B4,1100,maia3-79m,3,e2e3,e3,0.020852725952863693,0.9878678212407976,0.42561317674662125,500,27,473,rnbqkbn1/ppp1ppp1/7r/3p4/3P4/8/PPP1PPPP/RN1QKBNR w KQq -,MODEL_PREDICTION_NOT_EMPIRICAL
PST-04,B4,1100,maia3-79m,4,g1f3,Nf3,0.0199762973934412,0.9878678212407976,0.42561317674662125,517,27,456,rnbqkbn1/ppp1ppp1/7r/3p4/3P4/8/PPP1PPPP/RN1QKBNR w KQq -,MODEL_PREDICTION_NOT_EMPIRICAL
PST-04,B4,1100,maia3-79m,5,c2c4,c4,0.015163088217377663,0.9878678212407976,0.42561317674662125,513,25,462,rnbqkbn1/ppp1ppp1/7r/3p4/3P4/8/PPP1PPPP/RN1QKBNR w KQq -,MODEL_PREDICTION_NOT_EMPIRICAL
PST-04,B4,1100,maia3-79m,6,g2g3,g3,0.010951454751193523,0.9878678212407976,0.42561317674662125,497,27,476,rnbqkbn1/ppp1ppp1/7r/3p4/3P4/8/PPP1PPPP/RN1QKBNR w KQq -,MODEL_PREDICTION_NOT_EMPIRICAL
PST-04,B4,1100,maia3-79m,7,b2b3,b3,0.007491483353078365,0.9878678212407976,0.42561317674662125,494,27,479,rnbqkbn1/ppp1ppp1/7r/3p4/3P4/8/PPP1PPPP/RN1QKBNR w KQq -,MODEL_PREDICTION_NOT_EMPIRICAL
PST-04,B4,1100,maia3-79m,8,d2d3,d3,0.005036455579102039,0.9878678212407976,0.42561317674662125,493,27,480,rnbqkbn1/ppp1ppp1/7r/3p4/3P4/8/PPP1PPPP/RN1QKBNR w KQq -,MODEL_PREDICTION_NOT_EMPIRICAL
PST-04,B4,1100,maia3-79m,9,b1c3,Nc3,0.004941529594361782,0.9878678212407976,0.42561317674662125,507,27,466,rnbqkbn1/ppp1ppp1/7r/3p4/3P4/8/PPP1PPPP/RN1QKBNR w KQq -,MODEL_PREDICTION_NOT_EMPIRICAL
PST-04,B4,1100,maia3-79m,10,f2f4,f4,0.0035755394492298365,0.9878678212407976,0.42561317674662125,500,26,474,rnbqkbn1/ppp1ppp1/7r/3p4/3P4/8/PPP1PPPP/RN1QKBNR w KQq -,MODEL_PREDICTION_NOT_EMPIRICAL
PST-04,B4,1300,maia3-79m,1,e2e4,e4,0.6652060747146606,0.9883486481849104,0.4312486267262949,508,25,467,rnbqkbn1/ppp1ppp1/7r/3p4/3P4/8/PPP1PPPP/RN1QKBNR w KQq -,MODEL_PREDICTION_NOT_EMPIRICAL
PST-04,B4,1300,maia3-79m,2,d2d4,d4,0.23515543341636658,0.9883486481849104,0.4312486267262949,519,26,455,rnbqkbn1/ppp1ppp1/7r/3p4/3P4/8/PPP1PPPP/RN1QKBNR w KQq -,MODEL_PREDICTION_NOT_EMPIRICAL
PST-04,B4,1300,maia3-79m,3,g1f3,Nf3,0.019363317638635635,0.9883486481849104,0.4312486267262949,521,27,452,rnbqkbn1/ppp1ppp1/7r/3p4/3P4/8/PPP1PPPP/RN1QKBNR w KQq -,MODEL_PREDICTION_NOT_EMPIRICAL
PST-04,B4,1300,maia3-79m,4,c2c4,c4,0.018627913668751717,0.9883486481849104,0.4312486267262949,513,25,462,rnbqkbn1/ppp1ppp1/7r/3p4/3P4/8/PPP1PPPP/RN1QKBNR w KQq -,MODEL_PREDICTION_NOT_EMPIRICAL
PST-04,B4,1300,maia3-79m,5,e2e3,e3,0.017626332119107246,0.9883486481849104,0.4312486267262949,499,26,475,rnbqkbn1/ppp1ppp1/7r/3p4/3P4/8/PPP1PPPP/RN1QKBNR w KQq -,MODEL_PREDICTION_NOT_EMPIRICAL
PST-04,B4,1300,maia3-79m,6,g2g3,g3,0.011335160583257675,0.9883486481849104,0.4312486267262949,500,27,473,rnbqkbn1/ppp1ppp1/7r/3p4/3P4/8/PPP1PPPP/RN1QKBNR w KQq -,MODEL_PREDICTION_NOT_EMPIRICAL
PST-04,B4,1300,maia3-79m,7,b2b3,b3,0.008808943443000317,0.9883486481849104,0.4312486267262949,503,26,471,rnbqkbn1/ppp1ppp1/7r/3p4/3P4/8/PPP1PPPP/RN1QKBNR w KQq -,MODEL_PREDICTION_NOT_EMPIRICAL
PST-04,B4,1300,maia3-79m,8,d2d3,d3,0.004596428479999304,0.9883486481849104,0.4312486267262949,494,27,479,rnbqkbn1/ppp1ppp1/7r/3p4/3P4/8/PPP1PPPP/RN1QKBNR w KQq -,MODEL_PREDICTION_NOT_EMPIRICAL
PST-04,B4,1300,maia3-79m,9,f2f4,f4,0.0041140238754451275,0.9883486481849104,0.4312486267262949,506,25,469,rnbqkbn1/ppp1ppp1/7r/3p4/3P4/8/PPP1PPPP/RN1QKBNR w KQq -,MODEL_PREDICTION_NOT_EMPIRICAL
PST-04,B4,1300,maia3-79m,10,b1c3,Nc3,0.0035150202456861734,0.9883486481849104,0.4312486267262949,513,26,461,rnbqkbn1/ppp1ppp1/7r/3p4/3P4/8/PPP1PPPP/RN1QKBNR w KQq -,MODEL_PREDICTION_NOT_EMPIRICAL
PST-04,B4,1500,maia3-79m,1,e2e4,e4,0.6482347846031189,0.9890689314343035,0.44840463559511406,505,27,468,rnbqkbn1/ppp1ppp1/7r/3p4/3P4/8/PPP1PPPP/RN1QKBNR w KQq -,MODEL_PREDICTION_NOT_EMPIRICAL
PST-04,B4,1500,maia3-79m,2,d2d4,d4,0.24543097615242004,0.9890689314343035,0.44840463559511406,515,28,457,rnbqkbn1/ppp1ppp1/7r/3p4/3P4/8/PPP1PPPP/RN1QKBNR w KQq -,MODEL_PREDICTION_NOT_EMPIRICAL
PST-04,B4,1500,maia3-79m,3,c2c4,c4,0.02303183265030384,0.9890689314343035,0.44840463559511406,511,27,462,rnbqkbn1/ppp1ppp1/7r/3p4/3P4/8/PPP1PPPP/RN1QKBNR w KQq -,MODEL_PREDICTION_NOT_EMPIRICAL
PST-04,B4,1500,maia3-79m,4,g1f3,Nf3,0.02068304643034935,0.9890689314343035,0.44840463559511406,525,27,448,rnbqkbn1/ppp1ppp1/7r/3p4/3P4/8/PPP1PPPP/RN1QKBNR w KQq -,MODEL_PREDICTION_NOT_EMPIRICAL
PST-04,B4,1500,maia3-79m,5,e2e3,e3,0.015259450301527977,0.9890689314343035,0.44840463559511406,497,27,476,rnbqkbn1/ppp1ppp1/7r/3p4/3P4/8/PPP1PPPP/RN1QKBNR w KQq -,MODEL_PREDICTION_NOT_EMPIRICAL
PST-04,B4,1500,maia3-79m,6,g2g3,g3,0.011820637620985508,0.9890689314343035,0.44840463559511406,503,28,469,rnbqkbn1/ppp1ppp1/7r/3p4/3P4/8/PPP1PPPP/RN1QKBNR w KQq -,MODEL_PREDICTION_NOT_EMPIRICAL
PST-04,B4,1500,maia3-79m,7,b2b3,b3,0.01035252958536148,0.9890689314343035,0.44840463559511406,505,27,468,rnbqkbn1/ppp1ppp1/7r/3p4/3P4/8/PPP1PPPP/RN1QKBNR w KQq -,MODEL_PREDICTION_NOT_EMPIRICAL
PST-04,B4,1500,maia3-79m,8,f2f4,f4,0.005875293631106615,0.9890689314343035,0.44840463559511406,507,25,468,rnbqkbn1/ppp1ppp1/7r/3p4/3P4/8/PPP1PPPP/RN1QKBNR w KQq -,MODEL_PREDICTION_NOT_EMPIRICAL
PST-04,B4,1500,maia3-79m,9,d2d3,d3,0.00447371369227767,0.9890689314343035,0.44840463559511406,496,28,476,rnbqkbn1/ppp1ppp1/7r/3p4/3P4/8/PPP1PPPP/RN1QKBNR w KQq -,MODEL_PREDICTION_NOT_EMPIRICAL
PST-04,B4,1500,maia3-79m,10,b2b4,b4,0.00390666676685214,0.9890689314343035,0.44840463559511406,515,24,461,rnbqkbn1/ppp1ppp1/7r/3p4/3P4/8/PPP1PPPP/RN1QKBNR w KQq -,MODEL_PREDICTION_NOT_EMPIRICAL
PST-04,B4,1700,maia3-79m,1,e2e4,e4,0.625694990158081,0.9896683357656002,0.47033680283448054,504,29,467,rnbqkbn1/ppp1ppp1/7r/3p4/3P4/8/PPP1PPPP/RN1QKBNR w KQq -,MODEL_PREDICTION_NOT_EMPIRICAL
PST-04,B4,1700,maia3-79m,2,d2d4,d4,0.257449209690094,0.9896683357656002,0.47033680283448054,515,31,454,rnbqkbn1/ppp1ppp1/7r/3p4/3P4/8/PPP1PPPP/RN1QKBNR w KQq -,MODEL_PREDICTION_NOT_EMPIRICAL
PST-04,B4,1700,maia3-79m,3,c2c4,c4,0.029208268970251083,0.9896683357656002,0.47033680283448054,513,30,457,rnbqkbn1/ppp1ppp1/7r/3p4/3P4/8/PPP1PPPP/RN1QKBNR w KQq -,MODEL_PREDICTION_NOT_EMPIRICAL
PST-04,B4,1700,maia3-79m,4,g1f3,Nf3,0.023894039914011955,0.9896683357656002,0.47033680283448054,530,30,440,rnbqkbn1/ppp1ppp1/7r/3p4/3P4/8/PPP1PPPP/RN1QKBNR w KQq -,MODEL_PREDICTION_NOT_EMPIRICAL
PST-04,B4,1700,maia3-79m,5,e2e3,e3,0.012733161449432373,0.9896683357656002,0.47033680283448054,501,29,470,rnbqkbn1/ppp1ppp1/7r/3p4/3P4/8/PPP1PPPP/RN1QKBNR w KQq -,MODEL_PREDICTION_NOT_EMPIRICAL
PST-04,B4,1700,maia3-79m,6,g2g3,g3,0.011797066777944565,0.9896683357656002,0.47033680283448054,508,30,462,rnbqkbn1/ppp1ppp1/7r/3p4/3P4/8/PPP1PPPP/RN1QKBNR w KQq -,MODEL_PREDICTION_NOT_EMPIRICAL
PST-04,B4,1700,maia3-79m,7,b2b3,b3,0.011401703581213951,0.9896683357656002,0.47033680283448054,510,29,461,rnbqkbn1/ppp1ppp1/7r/3p4/3P4/8/PPP1PPPP/RN1QKBNR w KQq -,MODEL_PREDICTION_NOT_EMPIRICAL
PST-04,B4,1700,maia3-79m,8,f2f4,f4,0.00882899109274149,0.9896683357656002,0.47033680283448054,507,28,465,rnbqkbn1/ppp1ppp1/7r/3p4/3P4/8/PPP1PPPP/RN1QKBNR w KQq -,MODEL_PREDICTION_NOT_EMPIRICAL
PST-04,B4,1700,maia3-79m,9,b2b4,b4,0.004424287937581539,0.9896683357656002,0.47033680283448054,518,27,455,rnbqkbn1/ppp1ppp1/7r/3p4/3P4/8/PPP1PPPP/RN1QKBNR w KQq -,MODEL_PREDICTION_NOT_EMPIRICAL
PST-04,B4,1700,maia3-79m,10,d2d3,d3,0.0042366161942481995,0.9896683357656002,0.47033680283448054,500,30,470,rnbqkbn1/ppp1ppp1/7r/3p4/3P4/8/PPP1PPPP/RN1QKBNR w KQq -,MODEL_PREDICTION_NOT_EMPIRICAL
PST-04,B4,1900,maia3-79m,1,e2e4,e4,0.5982585549354553,0.9897327157668769,0.4932666454104177,503,33,464,rnbqkbn1/ppp1ppp1/7r/3p4/3P4/8/PPP1PPPP/RN1QKBNR w KQq -,MODEL_PREDICTION_NOT_EMPIRICAL
PST-04,B4,1900,maia3-79m,2,d2d4,d4,0.27083200216293335,0.9897327157668769,0.4932666454104177,513,36,451,rnbqkbn1/ppp1ppp1/7r/3p4/3P4/8/PPP1PPPP/RN1QKBNR w KQq -,MODEL_PREDICTION_NOT_EMPIRICAL
PST-04,B4,1900,maia3-79m,3,c2c4,c4,0.03720775246620178,0.9897327157668769,0.4932666454104177,512,35,453,rnbqkbn1/ppp1ppp1/7r/3p4/3P4/8/PPP1PPPP/RN1QKBNR w KQq -,MODEL_PREDICTION_NOT_EMPIRICAL
PST-04,B4,1900,maia3-79m,4,g1f3,Nf3,0.030766692012548447,0.9897327157668769,0.4932666454104177,527,36,437,rnbqkbn1/ppp1ppp1/7r/3p4/3P4/8/PPP1PPPP/RN1QKBNR w KQq -,MODEL_PREDICTION_NOT_EMPIRICAL
PST-04,B4,1900,maia3-79m,5,f2f4,f4,0.012273138388991356,0.9897327157668769,0.4932666454104177,504,32,464,rnbqkbn1/ppp1ppp1/7r/3p4/3P4/8/PPP1PPPP/RN1QKBNR w KQq -,MODEL_PREDICTION_NOT_EMPIRICAL
PST-04,B4,1900,maia3-79m,6,b2b3,b3,0.011618333868682384,0.9897327157668769,0.4932666454104177,513,34,453,rnbqkbn1/ppp1ppp1/7r/3p4/3P4/8/PPP1PPPP/RN1QKBNR w KQq -,MODEL_PREDICTION_NOT_EMPIRICAL
PST-04,B4,1900,maia3-79m,7,g2g3,g3,0.010595535859465599,0.9897327157668769,0.4932666454104177,509,35,456,rnbqkbn1/ppp1ppp1/7r/3p4/3P4/8/PPP1PPPP/RN1QKBNR w KQq -,MODEL_PREDICTION_NOT_EMPIRICAL
PST-04,B4,1900,maia3-79m,8,e2e3,e3,0.009855199605226517,0.9897327157668769,0.4932666454104177,501,34,465,rnbqkbn1/ppp1ppp1/7r/3p4/3P4/8/PPP1PPPP/RN1QKBNR w KQq -,MODEL_PREDICTION_NOT_EMPIRICAL
PST-04,B4,1900,maia3-79m,9,b2b4,b4,0.0044146692380309105,0.9897327157668769,0.4932666454104177,517,31,452,rnbqkbn1/ppp1ppp1/7r/3p4/3P4/8/PPP1PPPP/RN1QKBNR w KQq -,MODEL_PREDICTION_NOT_EMPIRICAL
PST-04,B4,1900,maia3-79m,10,d2d3,d3,0.0039108372293412685,0.9897327157668769,0.4932666454104177,497,35,468,rnbqkbn1/ppp1ppp1/7r/3p4/3P4/8/PPP1PPPP/RN1QKBNR w KQq -,MODEL_PREDICTION_NOT_EMPIRICAL
PST-04,B4,2100,maia3-79m,1,e2e4,e4,0.5516610741615295,0.9894236333202571,0.5245369929792545,498,41,461,rnbqkbn1/ppp1ppp1/7r/3p4/3P4/8/PPP1PPPP/RN1QKBNR w KQq -,MODEL_PREDICTION_NOT_EMPIRICAL
PST-04,B4,2100,maia3-79m,2,d2d4,d4,0.29356226325035095,0.9894236333202571,0.5245369929792545,510,44,446,rnbqkbn1/ppp1ppp1/7r/3p4/3P4/8/PPP1PPPP/RN1QKBNR w KQq -,MODEL_PREDICTION_NOT_EMPIRICAL
PST-04,B4,2100,maia3-79m,3,g1f3,Nf3,0.0481594055891037,0.9894236333202571,0.5245369929792545,516,45,439,rnbqkbn1/ppp1ppp1/7r/3p4/3P4/8/PPP1PPPP/RN1QKBNR w KQq -,MODEL_PREDICTION_NOT_EMPIRICAL
PST-04,B4,2100,maia3-79m,4,c2c4,c4,0.0476539246737957,0.9894236333202571,0.5245369929792545,507,43,450,rnbqkbn1/ppp1ppp1/7r/3p4/3P4/8/PPP1PPPP/RN1QKBNR w KQq -,MODEL_PREDICTION_NOT_EMPIRICAL
PST-04,B4,2100,maia3-79m,5,f2f4,f4,0.012484685517847538,0.9894236333202571,0.5245369929792545,497,40,463,rnbqkbn1/ppp1ppp1/7r/3p4/3P4/8/PPP1PPPP/RN1QKBNR w KQq -,MODEL_PREDICTION_NOT_EMPIRICAL
PST-04,B4,2100,maia3-79m,6,b2b3,b3,0.012168200686573982,0.9894236333202571,0.5245369929792545,507,42,451,rnbqkbn1/ppp1ppp1/7r/3p4/3P4/8/PPP1PPPP/RN1QKBNR w KQq -,MODEL_PREDICTION_NOT_EMPIRICAL
PST-04,B4,2100,maia3-79m,7,g2g3,g3,0.008714002557098866,0.9894236333202571,0.5245369929792545,505,42,453,rnbqkbn1/ppp1ppp1/7r/3p4/3P4/8/PPP1PPPP/RN1QKBNR w KQq -,MODEL_PREDICTION_NOT_EMPIRICAL
PST-04,B4,2100,maia3-79m,8,e2e3,e3,0.006894053891301155,0.9894236333202571,0.5245369929792545,497,43,460,rnbqkbn1/ppp1ppp1/7r/3p4/3P4/8/PPP1PPPP/RN1QKBNR w KQq -,MODEL_PREDICTION_NOT_EMPIRICAL
PST-04,B4,2100,maia3-79m,9,b1c3,Nc3,0.0044635990634560585,0.9894236333202571,0.5245369929792545,521,42,437,rnbqkbn1/ppp1ppp1/7r/3p4/3P4/8/PPP1PPPP/RN1QKBNR w KQq -,MODEL_PREDICTION_NOT_EMPIRICAL
PST-04,B4,2100,maia3-79m,10,d2d3,d3,0.0036624239291995764,0.9894236333202571,0.5245369929792545,489,44,467,rnbqkbn1/ppp1ppp1/7r/3p4/3P4/8/PPP1PPPP/RN1QKBNR w KQq -,MODEL_PREDICTION_NOT_EMPIRICAL
LON-06,B5,1100,maia3-79m,1,e2e4,e4,0.6771548986434937,0.9878678212407976,0.42561317674662125,513,26,461,r1b1kb1r/pp2pppp/1qn5/2pp4/3P4/2P1PNP1/PPQ2PP1/RN2KB1R b KQkq -,MODEL_PREDICTION_NOT_EMPIRICAL
LON-06,B5,1100,maia3-79m,2,d2d4,d4,0.22272434830665588,0.9878678212407976,0.42561317674662125,521,27,452,r1b1kb1r/pp2pppp/1qn5/2pp4/3P4/2P1PNP1/PPQ2PP1/RN2KB1R b KQkq -,MODEL_PREDICTION_NOT_EMPIRICAL
LON-06,B5,1100,maia3-79m,3,e2e3,e3,0.020852725952863693,0.9878678212407976,0.42561317674662125,500,27,473,r1b1kb1r/pp2pppp/1qn5/2pp4/3P4/2P1PNP1/PPQ2PP1/RN2KB1R b KQkq -,MODEL_PREDICTION_NOT_EMPIRICAL
LON-06,B5,1100,maia3-79m,4,g1f3,Nf3,0.0199762973934412,0.9878678212407976,0.42561317674662125,517,27,456,r1b1kb1r/pp2pppp/1qn5/2pp4/3P4/2P1PNP1/PPQ2PP1/RN2KB1R b KQkq -,MODEL_PREDICTION_NOT_EMPIRICAL
LON-06,B5,1100,maia3-79m,5,c2c4,c4,0.015163088217377663,0.9878678212407976,0.42561317674662125,513,25,462,r1b1kb1r/pp2pppp/1qn5/2pp4/3P4/2P1PNP1/PPQ2PP1/RN2KB1R b KQkq -,MODEL_PREDICTION_NOT_EMPIRICAL
LON-06,B5,1100,maia3-79m,6,g2g3,g3,0.010951454751193523,0.9878678212407976,0.42561317674662125,497,27,476,r1b1kb1r/pp2pppp/1qn5/2pp4/3P4/2P1PNP1/PPQ2PP1/RN2KB1R b KQkq -,MODEL_PREDICTION_NOT_EMPIRICAL
LON-06,B5,1100,maia3-79m,7,b2b3,b3,0.007491483353078365,0.9878678212407976,0.42561317674662125,494,27,479,r1b1kb1r/pp2pppp/1qn5/2pp4/3P4/2P1PNP1/PPQ2PP1/RN2KB1R b KQkq -,MODEL_PREDICTION_NOT_EMPIRICAL
LON-06,B5,1100,maia3-79m,8,d2d3,d3,0.005036455579102039,0.9878678212407976,0.42561317674662125,493,27,480,r1b1kb1r/pp2pppp/1qn5/2pp4/3P4/2P1PNP1/PPQ2PP1/RN2KB1R b KQkq -,MODEL_PREDICTION_NOT_EMPIRICAL
LON-06,B5,1100,maia3-79m,9,b1c3,Nc3,0.004941529594361782,0.9878678212407976,0.42561317674662125,507,27,466,r1b1kb1r/pp2pppp/1qn5/2pp4/3P4/2P1PNP1/PPQ2PP1/RN2KB1R b KQkq -,MODEL_PREDICTION_NOT_EMPIRICAL
LON-06,B5,1100,maia3-79m,10,f2f4,f4,0.0035755394492298365,0.9878678212407976,0.42561317674662125,500,26,474,r1b1kb1r/pp2pppp/1qn5/2pp4/3P4/2P1PNP1/PPQ2PP1/RN2KB1R b KQkq -,MODEL_PREDICTION_NOT_EMPIRICAL
LON-06,B5,1300,maia3-79m,1,e2e4,e4,0.6652060747146606,0.9883486481849104,0.4312486267262949,508,25,467,r1b1kb1r/pp2pppp/1qn5/2pp4/3P4/2P1PNP1/PPQ2PP1/RN2KB1R b KQkq -,MODEL_PREDICTION_NOT_EMPIRICAL
LON-06,B5,1300,maia3-79m,2,d2d4,d4,0.23515543341636658,0.9883486481849104,0.4312486267262949,519,26,455,r1b1kb1r/pp2pppp/1qn5/2pp4/3P4/2P1PNP1/PPQ2PP1/RN2KB1R b KQkq -,MODEL_PREDICTION_NOT_EMPIRICAL
LON-06,B5,1300,maia3-79m,3,g1f3,Nf3,0.019363317638635635,0.9883486481849104,0.4312486267262949,521,27,452,r1b1kb1r/pp2pppp/1qn5/2pp4/3P4/2P1PNP1/PPQ2PP1/RN2KB1R b KQkq -,MODEL_PREDICTION_NOT_EMPIRICAL
LON-06,B5,1300,maia3-79m,4,c2c4,c4,0.018627913668751717,0.9883486481849104,0.4312486267262949,513,25,462,r1b1kb1r/pp2pppp/1qn5/2pp4/3P4/2P1PNP1/PPQ2PP1/RN2KB1R b KQkq -,MODEL_PREDICTION_NOT_EMPIRICAL
LON-06,B5,1300,maia3-79m,5,e2e3,e3,0.017626332119107246,0.9883486481849104,0.4312486267262949,499,26,475,r1b1kb1r/pp2pppp/1qn5/2pp4/3P4/2P1PNP1/PPQ2PP1/RN2KB1R b KQkq -,MODEL_PREDICTION_NOT_EMPIRICAL
LON-06,B5,1300,maia3-79m,6,g2g3,g3,0.011335160583257675,0.9883486481849104,0.4312486267262949,500,27,473,r1b1kb1r/pp2pppp/1qn5/2pp4/3P4/2P1PNP1/PPQ2PP1/RN2KB1R b KQkq -,MODEL_PREDICTION_NOT_EMPIRICAL
LON-06,B5,1300,maia3-79m,7,b2b3,b3,0.008808943443000317,0.9883486481849104,0.4312486267262949,503,26,471,r1b1kb1r/pp2pppp/1qn5/2pp4/3P4/2P1PNP1/PPQ2PP1/RN2KB1R b KQkq -,MODEL_PREDICTION_NOT_EMPIRICAL
LON-06,B5,1300,maia3-79m,8,d2d3,d3,0.004596428479999304,0.9883486481849104,0.4312486267262949,494,27,479,r1b1kb1r/pp2pppp/1qn5/2pp4/3P4/2P1PNP1/PPQ2PP1/RN2KB1R b KQkq -,MODEL_PREDICTION_NOT_EMPIRICAL
LON-06,B5,1300,maia3-79m,9,f2f4,f4,0.0041140238754451275,0.9883486481849104,0.4312486267262949,506,25,469,r1b1kb1r/pp2pppp/1qn5/2pp4/3P4/2P1PNP1/PPQ2PP1/RN2KB1R b KQkq -,MODEL_PREDICTION_NOT_EMPIRICAL
LON-06,B5,1300,maia3-79m,10,b1c3,Nc3,0.0035150202456861734,0.9883486481849104,0.4312486267262949,513,26,461,r1b1kb1r/pp2pppp/1qn5/2pp4/3P4/2P1PNP1/PPQ2PP1/RN2KB1R b KQkq -,MODEL_PREDICTION_NOT_EMPIRICAL
LON-06,B5,1500,maia3-79m,1,e2e4,e4,0.6482347846031189,0.9890689314343035,0.44840463559511406,505,27,468,r1b1kb1r/pp2pppp/1qn5/2pp4/3P4/2P1PNP1/PPQ2PP1/RN2KB1R b KQkq -,MODEL_PREDICTION_NOT_EMPIRICAL
LON-06,B5,1500,maia3-79m,2,d2d4,d4,0.24543097615242004,0.9890689314343035,0.44840463559511406,515,28,457,r1b1kb1r/pp2pppp/1qn5/2pp4/3P4/2P1PNP1/PPQ2PP1/RN2KB1R b KQkq -,MODEL_PREDICTION_NOT_EMPIRICAL
LON-06,B5,1500,maia3-79m,3,c2c4,c4,0.02303183265030384,0.9890689314343035,0.44840463559511406,511,27,462,r1b1kb1r/pp2pppp/1qn5/2pp4/3P4/2P1PNP1/PPQ2PP1/RN2KB1R b KQkq -,MODEL_PREDICTION_NOT_EMPIRICAL
LON-06,B5,1500,maia3-79m,4,g1f3,Nf3,0.02068304643034935,0.9890689314343035,0.44840463559511406,525,27,448,r1b1kb1r/pp2pppp/1qn5/2pp4/3P4/2P1PNP1/PPQ2PP1/RN2KB1R b KQkq -,MODEL_PREDICTION_NOT_EMPIRICAL
LON-06,B5,1500,maia3-79m,5,e2e3,e3,0.015259450301527977,0.9890689314343035,0.44840463559511406,497,27,476,r1b1kb1r/pp2pppp/1qn5/2pp4/3P4/2P1PNP1/PPQ2PP1/RN2KB1R b KQkq -,MODEL_PREDICTION_NOT_EMPIRICAL
LON-06,B5,1500,maia3-79m,6,g2g3,g3,0.011820637620985508,0.9890689314343035,0.44840463559511406,503,28,469,r1b1kb1r/pp2pppp/1qn5/2pp4/3P4/2P1PNP1/PPQ2PP1/RN2KB1R b KQkq -,MODEL_PREDICTION_NOT_EMPIRICAL
LON-06,B5,1500,maia3-79m,7,b2b3,b3,0.01035252958536148,0.9890689314343035,0.44840463559511406,505,27,468,r1b1kb1r/pp2pppp/1qn5/2pp4/3P4/2P1PNP1/PPQ2PP1/RN2KB1R b KQkq -,MODEL_PREDICTION_NOT_EMPIRICAL
LON-06,B5,1500,maia3-79m,8,f2f4,f4,0.005875293631106615,0.9890689314343035,0.44840463559511406,507,25,468,r1b1kb1r/pp2pppp/1qn5/2pp4/3P4/2P1PNP1/PPQ2PP1/RN2KB1R b KQkq -,MODEL_PREDICTION_NOT_EMPIRICAL
LON-06,B5,1500,maia3-79m,9,d2d3,d3,0.00447371369227767,0.9890689314343035,0.44840463559511406,496,28,476,r1b1kb1r/pp2pppp/1qn5/2pp4/3P4/2P1PNP1/PPQ2PP1/RN2KB1R b KQkq -,MODEL_PREDICTION_NOT_EMPIRICAL
LON-06,B5,1500,maia3-79m,10,b2b4,b4,0.00390666676685214,0.9890689314343035,0.44840463559511406,515,24,461,r1b1kb1r/pp2pppp/1qn5/2pp4/3P4/2P1PNP1/PPQ2PP1/RN2KB1R b KQkq -,MODEL_PREDICTION_NOT_EMPIRICAL
LON-06,B5,1700,maia3-79m,1,e2e4,e4,0.625694990158081,0.9896683357656002,0.47033680283448054,504,29,467,r1b1kb1r/pp2pppp/1qn5/2pp4/3P4/2P1PNP1/PPQ2PP1/RN2KB1R b KQkq -,MODEL_PREDICTION_NOT_EMPIRICAL
LON-06,B5,1700,maia3-79m,2,d2d4,d4,0.257449209690094,0.9896683357656002,0.47033680283448054,515,31,454,r1b1kb1r/pp2pppp/1qn5/2pp4/3P4/2P1PNP1/PPQ2PP1/RN2KB1R b KQkq -,MODEL_PREDICTION_NOT_EMPIRICAL
LON-06,B5,1700,maia3-79m,3,c2c4,c4,0.029208268970251083,0.9896683357656002,0.47033680283448054,513,30,457,r1b1kb1r/pp2pppp/1qn5/2pp4/3P4/2P1PNP1/PPQ2PP1/RN2KB1R b KQkq -,MODEL_PREDICTION_NOT_EMPIRICAL
LON-06,B5,1700,maia3-79m,4,g1f3,Nf3,0.023894039914011955,0.9896683357656002,0.47033680283448054,530,30,440,r1b1kb1r/pp2pppp/1qn5/2pp4/3P4/2P1PNP1/PPQ2PP1/RN2KB1R b KQkq -,MODEL_PREDICTION_NOT_EMPIRICAL
LON-06,B5,1700,maia3-79m,5,e2e3,e3,0.012733161449432373,0.9896683357656002,0.47033680283448054,501,29,470,r1b1kb1r/pp2pppp/1qn5/2pp4/3P4/2P1PNP1/PPQ2PP1/RN2KB1R b KQkq -,MODEL_PREDICTION_NOT_EMPIRICAL
LON-06,B5,1700,maia3-79m,6,g2g3,g3,0.011797066777944565,0.9896683357656002,0.47033680283448054,508,30,462,r1b1kb1r/pp2pppp/1qn5/2pp4/3P4/2P1PNP1/PPQ2PP1/RN2KB1R b KQkq -,MODEL_PREDICTION_NOT_EMPIRICAL
LON-06,B5,1700,maia3-79m,7,b2b3,b3,0.011401703581213951,0.9896683357656002,0.47033680283448054,510,29,461,r1b1kb1r/pp2pppp/1qn5/2pp4/3P4/2P1PNP1/PPQ2PP1/RN2KB1R b KQkq -,MODEL_PREDICTION_NOT_EMPIRICAL
LON-06,B5,1700,maia3-79m,8,f2f4,f4,0.00882899109274149,0.9896683357656002,0.47033680283448054,507,28,465,r1b1kb1r/pp2pppp/1qn5/2pp4/3P4/2P1PNP1/PPQ2PP1/RN2KB1R b KQkq -,MODEL_PREDICTION_NOT_EMPIRICAL
LON-06,B5,1700,maia3-79m,9,b2b4,b4,0.004424287937581539,0.9896683357656002,0.47033680283448054,518,27,455,r1b1kb1r/pp2pppp/1qn5/2pp4/3P4/2P1PNP1/PPQ2PP1/RN2KB1R b KQkq -,MODEL_PREDICTION_NOT_EMPIRICAL
LON-06,B5,1700,maia3-79m,10,d2d3,d3,0.0042366161942481995,0.9896683357656002,0.47033680283448054,500,30,470,r1b1kb1r/pp2pppp/1qn5/2pp4/3P4/2P1PNP1/PPQ2PP1/RN2KB1R b KQkq -,MODEL_PREDICTION_NOT_EMPIRICAL
LON-06,B5,1900,maia3-79m,1,e2e4,e4,0.5982585549354553,0.9897327157668769,0.4932666454104177,503,33,464,r1b1kb1r/pp2pppp/1qn5/2pp4/3P4/2P1PNP1/PPQ2PP1/RN2KB1R b KQkq -,MODEL_PREDICTION_NOT_EMPIRICAL
LON-06,B5,1900,maia3-79m,2,d2d4,d4,0.27083200216293335,0.9897327157668769,0.4932666454104177,513,36,451,r1b1kb1r/pp2pppp/1qn5/2pp4/3P4/2P1PNP1/PPQ2PP1/RN2KB1R b KQkq -,MODEL_PREDICTION_NOT_EMPIRICAL
LON-06,B5,1900,maia3-79m,3,c2c4,c4,0.03720775246620178,0.9897327157668769,0.4932666454104177,512,35,453,r1b1kb1r/pp2pppp/1qn5/2pp4/3P4/2P1PNP1/PPQ2PP1/RN2KB1R b KQkq -,MODEL_PREDICTION_NOT_EMPIRICAL
LON-06,B5,1900,maia3-79m,4,g1f3,Nf3,0.030766692012548447,0.9897327157668769,0.4932666454104177,527,36,437,r1b1kb1r/pp2pppp/1qn5/2pp4/3P4/2P1PNP1/PPQ2PP1/RN2KB1R b KQkq -,MODEL_PREDICTION_NOT_EMPIRICAL
LON-06,B5,1900,maia3-79m,5,f2f4,f4,0.012273138388991356,0.9897327157668769,0.4932666454104177,504,32,464,r1b1kb1r/pp2pppp/1qn5/2pp4/3P4/2P1PNP1/PPQ2PP1/RN2KB1R b KQkq -,MODEL_PREDICTION_NOT_EMPIRICAL
LON-06,B5,1900,maia3-79m,6,b2b3,b3,0.011618333868682384,0.9897327157668769,0.4932666454104177,513,34,453,r1b1kb1r/pp2pppp/1qn5/2pp4/3P4/2P1PNP1/PPQ2PP1/RN2KB1R b KQkq -,MODEL_PREDICTION_NOT_EMPIRICAL
LON-06,B5,1900,maia3-79m,7,g2g3,g3,0.010595535859465599,0.9897327157668769,0.4932666454104177,509,35,456,r1b1kb1r/pp2pppp/1qn5/2pp4/3P4/2P1PNP1/PPQ2PP1/RN2KB1R b KQkq -,MODEL_PREDICTION_NOT_EMPIRICAL
LON-06,B5,1900,maia3-79m,8,e2e3,e3,0.009855199605226517,0.9897327157668769,0.4932666454104177,501,34,465,r1b1kb1r/pp2pppp/1qn5/2pp4/3P4/2P1PNP1/PPQ2PP1/RN2KB1R b KQkq -,MODEL_PREDICTION_NOT_EMPIRICAL
LON-06,B5,1900,maia3-79m,9,b2b4,b4,0.0044146692380309105,0.9897327157668769,0.4932666454104177,517,31,452,r1b1kb1r/pp2pppp/1qn5/2pp4/3P4/2P1PNP1/PPQ2PP1/RN2KB1R b KQkq -,MODEL_PREDICTION_NOT_EMPIRICAL
LON-06,B5,1900,maia3-79m,10,d2d3,d3,0.0039108372293412685,0.9897327157668769,0.4932666454104177,497,35,468,r1b1kb1r/pp2pppp/1qn5/2pp4/3P4/2P1PNP1/PPQ2PP1/RN2KB1R b KQkq -,MODEL_PREDICTION_NOT_EMPIRICAL
LON-06,B5,2100,maia3-79m,1,e2e4,e4,0.5516610741615295,0.9894236333202571,0.5245369929792545,498,41,461,r1b1kb1r/pp2pppp/1qn5/2pp4/3P4/2P1PNP1/PPQ2PP1/RN2KB1R b KQkq -,MODEL_PREDICTION_NOT_EMPIRICAL
LON-06,B5,2100,maia3-79m,2,d2d4,d4,0.29356226325035095,0.9894236333202571,0.5245369929792545,510,44,446,r1b1kb1r/pp2pppp/1qn5/2pp4/3P4/2P1PNP1/PPQ2PP1/RN2KB1R b KQkq -,MODEL_PREDICTION_NOT_EMPIRICAL
LON-06,B5,2100,maia3-79m,3,g1f3,Nf3,0.0481594055891037,0.9894236333202571,0.5245369929792545,516,45,439,r1b1kb1r/pp2pppp/1qn5/2pp4/3P4/2P1PNP1/PPQ2PP1/RN2KB1R b KQkq -,MODEL_PREDICTION_NOT_EMPIRICAL
LON-06,B5,2100,maia3-79m,4,c2c4,c4,0.0476539246737957,0.9894236333202571,0.5245369929792545,507,43,450,r1b1kb1r/pp2pppp/1qn5/2pp4/3P4/2P1PNP1/PPQ2PP1/RN2KB1R b KQkq -,MODEL_PREDICTION_NOT_EMPIRICAL
LON-06,B5,2100,maia3-79m,5,f2f4,f4,0.012484685517847538,0.9894236333202571,0.5245369929792545,497,40,463,r1b1kb1r/pp2pppp/1qn5/2pp4/3P4/2P1PNP1/PPQ2PP1/RN2KB1R b KQkq -,MODEL_PREDICTION_NOT_EMPIRICAL
LON-06,B5,2100,maia3-79m,6,b2b3,b3,0.012168200686573982,0.9894236333202571,0.5245369929792545,507,42,451,r1b1kb1r/pp2pppp/1qn5/2pp4/3P4/2P1PNP1/PPQ2PP1/RN2KB1R b KQkq -,MODEL_PREDICTION_NOT_EMPIRICAL
LON-06,B5,2100,maia3-79m,7,g2g3,g3,0.008714002557098866,0.9894236333202571,0.5245369929792545,505,42,453,r1b1kb1r/pp2pppp/1qn5/2pp4/3P4/2P1PNP1/PPQ2PP1/RN2KB1R b KQkq -,MODEL_PREDICTION_NOT_EMPIRICAL
LON-06,B5,2100,maia3-79m,8,e2e3,e3,0.006894053891301155,0.9894236333202571,0.5245369929792545,497,43,460,r1b1kb1r/pp2pppp/1qn5/2pp4/3P4/2P1PNP1/PPQ2PP1/RN2KB1R b KQkq -,MODEL_PREDICTION_NOT_EMPIRICAL
LON-06,B5,2100,maia3-79m,9,b1c3,Nc3,0.0044635990634560585,0.9894236333202571,0.5245369929792545,521,42,437,r1b1kb1r/pp2pppp/1qn5/2pp4/3P4/2P1PNP1/PPQ2PP1/RN2KB1R b KQkq -,MODEL_PREDICTION_NOT_EMPIRICAL
LON-06,B5,2100,maia3-79m,10,d2d3,d3,0.0036624239291995764,0.9894236333202571,0.5245369929792545,489,44,467,r1b1kb1r/pp2pppp/1qn5/2pp4/3P4/2P1PNP1/PPQ2PP1/RN2KB1R b KQkq -,MODEL_PREDICTION_NOT_EMPIRICAL
LON-07,B5,1100,maia3-79m,1,e2e4,e4,0.6771548986434937,0.9878678212407976,0.42561317674662125,513,26,461,r1b1kb1r/pp2pp2/1qn4p/2pp2pn/3P3B/2P1PN2/PPQ2PPP/RN2KB1R w KQkq -,MODEL_PREDICTION_NOT_EMPIRICAL
LON-07,B5,1100,maia3-79m,2,d2d4,d4,0.22272434830665588,0.9878678212407976,0.42561317674662125,521,27,452,r1b1kb1r/pp2pp2/1qn4p/2pp2pn/3P3B/2P1PN2/PPQ2PPP/RN2KB1R w KQkq -,MODEL_PREDICTION_NOT_EMPIRICAL
LON-07,B5,1100,maia3-79m,3,e2e3,e3,0.020852725952863693,0.9878678212407976,0.42561317674662125,500,27,473,r1b1kb1r/pp2pp2/1qn4p/2pp2pn/3P3B/2P1PN2/PPQ2PPP/RN2KB1R w KQkq -,MODEL_PREDICTION_NOT_EMPIRICAL
LON-07,B5,1100,maia3-79m,4,g1f3,Nf3,0.0199762973934412,0.9878678212407976,0.42561317674662125,517,27,456,r1b1kb1r/pp2pp2/1qn4p/2pp2pn/3P3B/2P1PN2/PPQ2PPP/RN2KB1R w KQkq -,MODEL_PREDICTION_NOT_EMPIRICAL
LON-07,B5,1100,maia3-79m,5,c2c4,c4,0.015163088217377663,0.9878678212407976,0.42561317674662125,513,25,462,r1b1kb1r/pp2pp2/1qn4p/2pp2pn/3P3B/2P1PN2/PPQ2PPP/RN2KB1R w KQkq -,MODEL_PREDICTION_NOT_EMPIRICAL
LON-07,B5,1100,maia3-79m,6,g2g3,g3,0.010951454751193523,0.9878678212407976,0.42561317674662125,497,27,476,r1b1kb1r/pp2pp2/1qn4p/2pp2pn/3P3B/2P1PN2/PPQ2PPP/RN2KB1R w KQkq -,MODEL_PREDICTION_NOT_EMPIRICAL
LON-07,B5,1100,maia3-79m,7,b2b3,b3,0.007491483353078365,0.9878678212407976,0.42561317674662125,494,27,479,r1b1kb1r/pp2pp2/1qn4p/2pp2pn/3P3B/2P1PN2/PPQ2PPP/RN2KB1R w KQkq -,MODEL_PREDICTION_NOT_EMPIRICAL
LON-07,B5,1100,maia3-79m,8,d2d3,d3,0.005036455579102039,0.9878678212407976,0.42561317674662125,493,27,480,r1b1kb1r/pp2pp2/1qn4p/2pp2pn/3P3B/2P1PN2/PPQ2PPP/RN2KB1R w KQkq -,MODEL_PREDICTION_NOT_EMPIRICAL
LON-07,B5,1100,maia3-79m,9,b1c3,Nc3,0.004941529594361782,0.9878678212407976,0.42561317674662125,507,27,466,r1b1kb1r/pp2pp2/1qn4p/2pp2pn/3P3B/2P1PN2/PPQ2PPP/RN2KB1R w KQkq -,MODEL_PREDICTION_NOT_EMPIRICAL
LON-07,B5,1100,maia3-79m,10,f2f4,f4,0.0035755394492298365,0.9878678212407976,0.42561317674662125,500,26,474,r1b1kb1r/pp2pp2/1qn4p/2pp2pn/3P3B/2P1PN2/PPQ2PPP/RN2KB1R w KQkq -,MODEL_PREDICTION_NOT_EMPIRICAL
LON-07,B5,1300,maia3-79m,1,e2e4,e4,0.6652060747146606,0.9883486481849104,0.4312486267262949,508,25,467,r1b1kb1r/pp2pp2/1qn4p/2pp2pn/3P3B/2P1PN2/PPQ2PPP/RN2KB1R w KQkq -,MODEL_PREDICTION_NOT_EMPIRICAL
LON-07,B5,1300,maia3-79m,2,d2d4,d4,0.23515543341636658,0.9883486481849104,0.4312486267262949,519,26,455,r1b1kb1r/pp2pp2/1qn4p/2pp2pn/3P3B/2P1PN2/PPQ2PPP/RN2KB1R w KQkq -,MODEL_PREDICTION_NOT_EMPIRICAL
LON-07,B5,1300,maia3-79m,3,g1f3,Nf3,0.019363317638635635,0.9883486481849104,0.4312486267262949,521,27,452,r1b1kb1r/pp2pp2/1qn4p/2pp2pn/3P3B/2P1PN2/PPQ2PPP/RN2KB1R w KQkq -,MODEL_PREDICTION_NOT_EMPIRICAL
LON-07,B5,1300,maia3-79m,4,c2c4,c4,0.018627913668751717,0.9883486481849104,0.4312486267262949,513,25,462,r1b1kb1r/pp2pp2/1qn4p/2pp2pn/3P3B/2P1PN2/PPQ2PPP/RN2KB1R w KQkq -,MODEL_PREDICTION_NOT_EMPIRICAL
LON-07,B5,1300,maia3-79m,5,e2e3,e3,0.017626332119107246,0.9883486481849104,0.4312486267262949,499,26,475,r1b1kb1r/pp2pp2/1qn4p/2pp2pn/3P3B/2P1PN2/PPQ2PPP/RN2KB1R w KQkq -,MODEL_PREDICTION_NOT_EMPIRICAL
LON-07,B5,1300,maia3-79m,6,g2g3,g3,0.011335160583257675,0.9883486481849104,0.4312486267262949,500,27,473,r1b1kb1r/pp2pp2/1qn4p/2pp2pn/3P3B/2P1PN2/PPQ2PPP/RN2KB1R w KQkq -,MODEL_PREDICTION_NOT_EMPIRICAL
LON-07,B5,1300,maia3-79m,7,b2b3,b3,0.008808943443000317,0.9883486481849104,0.4312486267262949,503,26,471,r1b1kb1r/pp2pp2/1qn4p/2pp2pn/3P3B/2P1PN2/PPQ2PPP/RN2KB1R w KQkq -,MODEL_PREDICTION_NOT_EMPIRICAL
LON-07,B5,1300,maia3-79m,8,d2d3,d3,0.004596428479999304,0.9883486481849104,0.4312486267262949,494,27,479,r1b1kb1r/pp2pp2/1qn4p/2pp2pn/3P3B/2P1PN2/PPQ2PPP/RN2KB1R w KQkq -,MODEL_PREDICTION_NOT_EMPIRICAL
LON-07,B5,1300,maia3-79m,9,f2f4,f4,0.0041140238754451275,0.9883486481849104,0.4312486267262949,506,25,469,r1b1kb1r/pp2pp2/1qn4p/2pp2pn/3P3B/2P1PN2/PPQ2PPP/RN2KB1R w KQkq -,MODEL_PREDICTION_NOT_EMPIRICAL
LON-07,B5,1300,maia3-79m,10,b1c3,Nc3,0.0035150202456861734,0.9883486481849104,0.4312486267262949,513,26,461,r1b1kb1r/pp2pp2/1qn4p/2pp2pn/3P3B/2P1PN2/PPQ2PPP/RN2KB1R w KQkq -,MODEL_PREDICTION_NOT_EMPIRICAL
LON-07,B5,1500,maia3-79m,1,e2e4,e4,0.6482347846031189,0.9890689314343035,0.44840463559511406,505,27,468,r1b1kb1r/pp2pp2/1qn4p/2pp2pn/3P3B/2P1PN2/PPQ2PPP/RN2KB1R w KQkq -,MODEL_PREDICTION_NOT_EMPIRICAL
LON-07,B5,1500,maia3-79m,2,d2d4,d4,0.24543097615242004,0.9890689314343035,0.44840463559511406,515,28,457,r1b1kb1r/pp2pp2/1qn4p/2pp2pn/3P3B/2P1PN2/PPQ2PPP/RN2KB1R w KQkq -,MODEL_PREDICTION_NOT_EMPIRICAL
LON-07,B5,1500,maia3-79m,3,c2c4,c4,0.02303183265030384,0.9890689314343035,0.44840463559511406,511,27,462,r1b1kb1r/pp2pp2/1qn4p/2pp2pn/3P3B/2P1PN2/PPQ2PPP/RN2KB1R w KQkq -,MODEL_PREDICTION_NOT_EMPIRICAL
LON-07,B5,1500,maia3-79m,4,g1f3,Nf3,0.02068304643034935,0.9890689314343035,0.44840463559511406,525,27,448,r1b1kb1r/pp2pp2/1qn4p/2pp2pn/3P3B/2P1PN2/PPQ2PPP/RN2KB1R w KQkq -,MODEL_PREDICTION_NOT_EMPIRICAL
LON-07,B5,1500,maia3-79m,5,e2e3,e3,0.015259450301527977,0.9890689314343035,0.44840463559511406,497,27,476,r1b1kb1r/pp2pp2/1qn4p/2pp2pn/3P3B/2P1PN2/PPQ2PPP/RN2KB1R w KQkq -,MODEL_PREDICTION_NOT_EMPIRICAL
LON-07,B5,1500,maia3-79m,6,g2g3,g3,0.011820637620985508,0.9890689314343035,0.44840463559511406,503,28,469,r1b1kb1r/pp2pp2/1qn4p/2pp2pn/3P3B/2P1PN2/PPQ2PPP/RN2KB1R w KQkq -,MODEL_PREDICTION_NOT_EMPIRICAL
LON-07,B5,1500,maia3-79m,7,b2b3,b3,0.01035252958536148,0.9890689314343035,0.44840463559511406,505,27,468,r1b1kb1r/pp2pp2/1qn4p/2pp2pn/3P3B/2P1PN2/PPQ2PPP/RN2KB1R w KQkq -,MODEL_PREDICTION_NOT_EMPIRICAL
LON-07,B5,1500,maia3-79m,8,f2f4,f4,0.005875293631106615,0.9890689314343035,0.44840463559511406,507,25,468,r1b1kb1r/pp2pp2/1qn4p/2pp2pn/3P3B/2P1PN2/PPQ2PPP/RN2KB1R w KQkq -,MODEL_PREDICTION_NOT_EMPIRICAL
LON-07,B5,1500,maia3-79m,9,d2d3,d3,0.00447371369227767,0.9890689314343035,0.44840463559511406,496,28,476,r1b1kb1r/pp2pp2/1qn4p/2pp2pn/3P3B/2P1PN2/PPQ2PPP/RN2KB1R w KQkq -,MODEL_PREDICTION_NOT_EMPIRICAL
LON-07,B5,1500,maia3-79m,10,b2b4,b4,0.00390666676685214,0.9890689314343035,0.44840463559511406,515,24,461,r1b1kb1r/pp2pp2/1qn4p/2pp2pn/3P3B/2P1PN2/PPQ2PPP/RN2KB1R w KQkq -,MODEL_PREDICTION_NOT_EMPIRICAL
LON-07,B5,1700,maia3-79m,1,e2e4,e4,0.625694990158081,0.9896683357656002,0.47033680283448054,504,29,467,r1b1kb1r/pp2pp2/1qn4p/2pp2pn/3P3B/2P1PN2/PPQ2PPP/RN2KB1R w KQkq -,MODEL_PREDICTION_NOT_EMPIRICAL
LON-07,B5,1700,maia3-79m,2,d2d4,d4,0.257449209690094,0.9896683357656002,0.47033680283448054,515,31,454,r1b1kb1r/pp2pp2/1qn4p/2pp2pn/3P3B/2P1PN2/PPQ2PPP/RN2KB1R w KQkq -,MODEL_PREDICTION_NOT_EMPIRICAL
LON-07,B5,1700,maia3-79m,3,c2c4,c4,0.029208268970251083,0.9896683357656002,0.47033680283448054,513,30,457,r1b1kb1r/pp2pp2/1qn4p/2pp2pn/3P3B/2P1PN2/PPQ2PPP/RN2KB1R w KQkq -,MODEL_PREDICTION_NOT_EMPIRICAL
LON-07,B5,1700,maia3-79m,4,g1f3,Nf3,0.023894039914011955,0.9896683357656002,0.47033680283448054,530,30,440,r1b1kb1r/pp2pp2/1qn4p/2pp2pn/3P3B/2P1PN2/PPQ2PPP/RN2KB1R w KQkq -,MODEL_PREDICTION_NOT_EMPIRICAL
LON-07,B5,1700,maia3-79m,5,e2e3,e3,0.012733161449432373,0.9896683357656002,0.47033680283448054,501,29,470,r1b1kb1r/pp2pp2/1qn4p/2pp2pn/3P3B/2P1PN2/PPQ2PPP/RN2KB1R w KQkq -,MODEL_PREDICTION_NOT_EMPIRICAL
LON-07,B5,1700,maia3-79m,6,g2g3,g3,0.011797066777944565,0.9896683357656002,0.47033680283448054,508,30,462,r1b1kb1r/pp2pp2/1qn4p/2pp2pn/3P3B/2P1PN2/PPQ2PPP/RN2KB1R w KQkq -,MODEL_PREDICTION_NOT_EMPIRICAL
LON-07,B5,1700,maia3-79m,7,b2b3,b3,0.011401703581213951,0.9896683357656002,0.47033680283448054,510,29,461,r1b1kb1r/pp2pp2/1qn4p/2pp2pn/3P3B/2P1PN2/PPQ2PPP/RN2KB1R w KQkq -,MODEL_PREDICTION_NOT_EMPIRICAL
LON-07,B5,1700,maia3-79m,8,f2f4,f4,0.00882899109274149,0.9896683357656002,0.47033680283448054,507,28,465,r1b1kb1r/pp2pp2/1qn4p/2pp2pn/3P3B/2P1PN2/PPQ2PPP/RN2KB1R w KQkq -,MODEL_PREDICTION_NOT_EMPIRICAL
LON-07,B5,1700,maia3-79m,9,b2b4,b4,0.004424287937581539,0.9896683357656002,0.47033680283448054,518,27,455,r1b1kb1r/pp2pp2/1qn4p/2pp2pn/3P3B/2P1PN2/PPQ2PPP/RN2KB1R w KQkq -,MODEL_PREDICTION_NOT_EMPIRICAL
LON-07,B5,1700,maia3-79m,10,d2d3,d3,0.0042366161942481995,0.9896683357656002,0.47033680283448054,500,30,470,r1b1kb1r/pp2pp2/1qn4p/2pp2pn/3P3B/2P1PN2/PPQ2PPP/RN2KB1R w KQkq -,MODEL_PREDICTION_NOT_EMPIRICAL
LON-07,B5,1900,maia3-79m,1,e2e4,e4,0.5982585549354553,0.9897327157668769,0.4932666454104177,503,33,464,r1b1kb1r/pp2pp2/1qn4p/2pp2pn/3P3B/2P1PN2/PPQ2PPP/RN2KB1R w KQkq -,MODEL_PREDICTION_NOT_EMPIRICAL
LON-07,B5,1900,maia3-79m,2,d2d4,d4,0.27083200216293335,0.9897327157668769,0.4932666454104177,513,36,451,r1b1kb1r/pp2pp2/1qn4p/2pp2pn/3P3B/2P1PN2/PPQ2PPP/RN2KB1R w KQkq -,MODEL_PREDICTION_NOT_EMPIRICAL
LON-07,B5,1900,maia3-79m,3,c2c4,c4,0.03720775246620178,0.9897327157668769,0.4932666454104177,512,35,453,r1b1kb1r/pp2pp2/1qn4p/2pp2pn/3P3B/2P1PN2/PPQ2PPP/RN2KB1R w KQkq -,MODEL_PREDICTION_NOT_EMPIRICAL
LON-07,B5,1900,maia3-79m,4,g1f3,Nf3,0.030766692012548447,0.9897327157668769,0.4932666454104177,527,36,437,r1b1kb1r/pp2pp2/1qn4p/2pp2pn/3P3B/2P1PN2/PPQ2PPP/RN2KB1R w KQkq -,MODEL_PREDICTION_NOT_EMPIRICAL
LON-07,B5,1900,maia3-79m,5,f2f4,f4,0.012273138388991356,0.9897327157668769,0.4932666454104177,504,32,464,r1b1kb1r/pp2pp2/1qn4p/2pp2pn/3P3B/2P1PN2/PPQ2PPP/RN2KB1R w KQkq -,MODEL_PREDICTION_NOT_EMPIRICAL
LON-07,B5,1900,maia3-79m,6,b2b3,b3,0.011618333868682384,0.9897327157668769,0.4932666454104177,513,34,453,r1b1kb1r/pp2pp2/1qn4p/2pp2pn/3P3B/2P1PN2/PPQ2PPP/RN2KB1R w KQkq -,MODEL_PREDICTION_NOT_EMPIRICAL
LON-07,B5,1900,maia3-79m,7,g2g3,g3,0.010595535859465599,0.9897327157668769,0.4932666454104177,509,35,456,r1b1kb1r/pp2pp2/1qn4p/2pp2pn/3P3B/2P1PN2/PPQ2PPP/RN2KB1R w KQkq -,MODEL_PREDICTION_NOT_EMPIRICAL
LON-07,B5,1900,maia3-79m,8,e2e3,e3,0.009855199605226517,0.9897327157668769,0.4932666454104177,501,34,465,r1b1kb1r/pp2pp2/1qn4p/2pp2pn/3P3B/2P1PN2/PPQ2PPP/RN2KB1R w KQkq -,MODEL_PREDICTION_NOT_EMPIRICAL
LON-07,B5,1900,maia3-79m,9,b2b4,b4,0.0044146692380309105,0.9897327157668769,0.4932666454104177,517,31,452,r1b1kb1r/pp2pp2/1qn4p/2pp2pn/3P3B/2P1PN2/PPQ2PPP/RN2KB1R w KQkq -,MODEL_PREDICTION_NOT_EMPIRICAL
LON-07,B5,1900,maia3-79m,10,d2d3,d3,0.0039108372293412685,0.9897327157668769,0.4932666454104177,497,35,468,r1b1kb1r/pp2pp2/1qn4p/2pp2pn/3P3B/2P1PN2/PPQ2PPP/RN2KB1R w KQkq -,MODEL_PREDICTION_NOT_EMPIRICAL
LON-07,B5,2100,maia3-79m,1,e2e4,e4,0.5516610741615295,0.9894236333202571,0.5245369929792545,498,41,461,r1b1kb1r/pp2pp2/1qn4p/2pp2pn/3P3B/2P1PN2/PPQ2PPP/RN2KB1R w KQkq -,MODEL_PREDICTION_NOT_EMPIRICAL
LON-07,B5,2100,maia3-79m,2,d2d4,d4,0.29356226325035095,0.9894236333202571,0.5245369929792545,510,44,446,r1b1kb1r/pp2pp2/1qn4p/2pp2pn/3P3B/2P1PN2/PPQ2PPP/RN2KB1R w KQkq -,MODEL_PREDICTION_NOT_EMPIRICAL
LON-07,B5,2100,maia3-79m,3,g1f3,Nf3,0.0481594055891037,0.9894236333202571,0.5245369929792545,516,45,439,r1b1kb1r/pp2pp2/1qn4p/2pp2pn/3P3B/2P1PN2/PPQ2PPP/RN2KB1R w KQkq -,MODEL_PREDICTION_NOT_EMPIRICAL
LON-07,B5,2100,maia3-79m,4,c2c4,c4,0.0476539246737957,0.9894236333202571,0.5245369929792545,507,43,450,r1b1kb1r/pp2pp2/1qn4p/2pp2pn/3P3B/2P1PN2/PPQ2PPP/RN2KB1R w KQkq -,MODEL_PREDICTION_NOT_EMPIRICAL
LON-07,B5,2100,maia3-79m,5,f2f4,f4,0.012484685517847538,0.9894236333202571,0.5245369929792545,497,40,463,r1b1kb1r/pp2pp2/1qn4p/2pp2pn/3P3B/2P1PN2/PPQ2PPP/RN2KB1R w KQkq -,MODEL_PREDICTION_NOT_EMPIRICAL
LON-07,B5,2100,maia3-79m,6,b2b3,b3,0.012168200686573982,0.9894236333202571,0.5245369929792545,507,42,451,r1b1kb1r/pp2pp2/1qn4p/2pp2pn/3P3B/2P1PN2/PPQ2PPP/RN2KB1R w KQkq -,MODEL_PREDICTION_NOT_EMPIRICAL
LON-07,B5,2100,maia3-79m,7,g2g3,g3,0.008714002557098866,0.9894236333202571,0.5245369929792545,505,42,453,r1b1kb1r/pp2pp2/1qn4p/2pp2pn/3P3B/2P1PN2/PPQ2PPP/RN2KB1R w KQkq -,MODEL_PREDICTION_NOT_EMPIRICAL
LON-07,B5,2100,maia3-79m,8,e2e3,e3,0.006894053891301155,0.9894236333202571,0.5245369929792545,497,43,460,r1b1kb1r/pp2pp2/1qn4p/2pp2pn/3P3B/2P1PN2/PPQ2PPP/RN2KB1R w KQkq -,MODEL_PREDICTION_NOT_EMPIRICAL
LON-07,B5,2100,maia3-79m,9,b1c3,Nc3,0.0044635990634560585,0.9894236333202571,0.5245369929792545,521,42,437,r1b1kb1r/pp2pp2/1qn4p/2pp2pn/3P3B/2P1PN2/PPQ2PPP/RN2KB1R w KQkq -,MODEL_PREDICTION_NOT_EMPIRICAL
LON-07,B5,2100,maia3-79m,10,d2d3,d3,0.0036624239291995764,0.9894236333202571,0.5245369929792545,489,44,467,r1b1kb1r/pp2pp2/1qn4p/2pp2pn/3P3B/2P1PN2/PPQ2PPP/RN2KB1R w KQkq -,MODEL_PREDICTION_NOT_EMPIRICAL
TOR-02,B5,1100,maia3-79m,1,e2e4,e4,0.6771548986434937,0.9878678212407976,0.42561317674662125,513,26,461,rnbqkb1r/ppp1ppp1/8/3p3p/3Pn2B/5N2/PPP1PPPP/RN1QKB1R w KQkq -,MODEL_PREDICTION_NOT_EMPIRICAL
TOR-02,B5,1100,maia3-79m,2,d2d4,d4,0.22272434830665588,0.9878678212407976,0.42561317674662125,521,27,452,rnbqkb1r/ppp1ppp1/8/3p3p/3Pn2B/5N2/PPP1PPPP/RN1QKB1R w KQkq -,MODEL_PREDICTION_NOT_EMPIRICAL
TOR-02,B5,1100,maia3-79m,3,e2e3,e3,0.020852725952863693,0.9878678212407976,0.42561317674662125,500,27,473,rnbqkb1r/ppp1ppp1/8/3p3p/3Pn2B/5N2/PPP1PPPP/RN1QKB1R w KQkq -,MODEL_PREDICTION_NOT_EMPIRICAL
TOR-02,B5,1100,maia3-79m,4,g1f3,Nf3,0.0199762973934412,0.9878678212407976,0.42561317674662125,517,27,456,rnbqkb1r/ppp1ppp1/8/3p3p/3Pn2B/5N2/PPP1PPPP/RN1QKB1R w KQkq -,MODEL_PREDICTION_NOT_EMPIRICAL
TOR-02,B5,1100,maia3-79m,5,c2c4,c4,0.015163088217377663,0.9878678212407976,0.42561317674662125,513,25,462,rnbqkb1r/ppp1ppp1/8/3p3p/3Pn2B/5N2/PPP1PPPP/RN1QKB1R w KQkq -,MODEL_PREDICTION_NOT_EMPIRICAL
TOR-02,B5,1100,maia3-79m,6,g2g3,g3,0.010951454751193523,0.9878678212407976,0.42561317674662125,497,27,476,rnbqkb1r/ppp1ppp1/8/3p3p/3Pn2B/5N2/PPP1PPPP/RN1QKB1R w KQkq -,MODEL_PREDICTION_NOT_EMPIRICAL
TOR-02,B5,1100,maia3-79m,7,b2b3,b3,0.007491483353078365,0.9878678212407976,0.42561317674662125,494,27,479,rnbqkb1r/ppp1ppp1/8/3p3p/3Pn2B/5N2/PPP1PPPP/RN1QKB1R w KQkq -,MODEL_PREDICTION_NOT_EMPIRICAL
TOR-02,B5,1100,maia3-79m,8,d2d3,d3,0.005036455579102039,0.9878678212407976,0.42561317674662125,493,27,480,rnbqkb1r/ppp1ppp1/8/3p3p/3Pn2B/5N2/PPP1PPPP/RN1QKB1R w KQkq -,MODEL_PREDICTION_NOT_EMPIRICAL
TOR-02,B5,1100,maia3-79m,9,b1c3,Nc3,0.004941529594361782,0.9878678212407976,0.42561317674662125,507,27,466,rnbqkb1r/ppp1ppp1/8/3p3p/3Pn2B/5N2/PPP1PPPP/RN1QKB1R w KQkq -,MODEL_PREDICTION_NOT_EMPIRICAL
TOR-02,B5,1100,maia3-79m,10,f2f4,f4,0.0035755394492298365,0.9878678212407976,0.42561317674662125,500,26,474,rnbqkb1r/ppp1ppp1/8/3p3p/3Pn2B/5N2/PPP1PPPP/RN1QKB1R w KQkq -,MODEL_PREDICTION_NOT_EMPIRICAL
TOR-02,B5,1300,maia3-79m,1,e2e4,e4,0.6652060747146606,0.9883486481849104,0.4312486267262949,508,25,467,rnbqkb1r/ppp1ppp1/8/3p3p/3Pn2B/5N2/PPP1PPPP/RN1QKB1R w KQkq -,MODEL_PREDICTION_NOT_EMPIRICAL
TOR-02,B5,1300,maia3-79m,2,d2d4,d4,0.23515543341636658,0.9883486481849104,0.4312486267262949,519,26,455,rnbqkb1r/ppp1ppp1/8/3p3p/3Pn2B/5N2/PPP1PPPP/RN1QKB1R w KQkq -,MODEL_PREDICTION_NOT_EMPIRICAL
TOR-02,B5,1300,maia3-79m,3,g1f3,Nf3,0.019363317638635635,0.9883486481849104,0.4312486267262949,521,27,452,rnbqkb1r/ppp1ppp1/8/3p3p/3Pn2B/5N2/PPP1PPPP/RN1QKB1R w KQkq -,MODEL_PREDICTION_NOT_EMPIRICAL
TOR-02,B5,1300,maia3-79m,4,c2c4,c4,0.018627913668751717,0.9883486481849104,0.4312486267262949,513,25,462,rnbqkb1r/ppp1ppp1/8/3p3p/3Pn2B/5N2/PPP1PPPP/RN1QKB1R w KQkq -,MODEL_PREDICTION_NOT_EMPIRICAL
TOR-02,B5,1300,maia3-79m,5,e2e3,e3,0.017626332119107246,0.9883486481849104,0.4312486267262949,499,26,475,rnbqkb1r/ppp1ppp1/8/3p3p/3Pn2B/5N2/PPP1PPPP/RN1QKB1R w KQkq -,MODEL_PREDICTION_NOT_EMPIRICAL
TOR-02,B5,1300,maia3-79m,6,g2g3,g3,0.011335160583257675,0.9883486481849104,0.4312486267262949,500,27,473,rnbqkb1r/ppp1ppp1/8/3p3p/3Pn2B/5N2/PPP1PPPP/RN1QKB1R w KQkq -,MODEL_PREDICTION_NOT_EMPIRICAL
TOR-02,B5,1300,maia3-79m,7,b2b3,b3,0.008808943443000317,0.9883486481849104,0.4312486267262949,503,26,471,rnbqkb1r/ppp1ppp1/8/3p3p/3Pn2B/5N2/PPP1PPPP/RN1QKB1R w KQkq -,MODEL_PREDICTION_NOT_EMPIRICAL
TOR-02,B5,1300,maia3-79m,8,d2d3,d3,0.004596428479999304,0.9883486481849104,0.4312486267262949,494,27,479,rnbqkb1r/ppp1ppp1/8/3p3p/3Pn2B/5N2/PPP1PPPP/RN1QKB1R w KQkq -,MODEL_PREDICTION_NOT_EMPIRICAL
TOR-02,B5,1300,maia3-79m,9,f2f4,f4,0.0041140238754451275,0.9883486481849104,0.4312486267262949,506,25,469,rnbqkb1r/ppp1ppp1/8/3p3p/3Pn2B/5N2/PPP1PPPP/RN1QKB1R w KQkq -,MODEL_PREDICTION_NOT_EMPIRICAL
TOR-02,B5,1300,maia3-79m,10,b1c3,Nc3,0.0035150202456861734,0.9883486481849104,0.4312486267262949,513,26,461,rnbqkb1r/ppp1ppp1/8/3p3p/3Pn2B/5N2/PPP1PPPP/RN1QKB1R w KQkq -,MODEL_PREDICTION_NOT_EMPIRICAL
TOR-02,B5,1500,maia3-79m,1,e2e4,e4,0.6482347846031189,0.9890689314343035,0.44840463559511406,505,27,468,rnbqkb1r/ppp1ppp1/8/3p3p/3Pn2B/5N2/PPP1PPPP/RN1QKB1R w KQkq -,MODEL_PREDICTION_NOT_EMPIRICAL
TOR-02,B5,1500,maia3-79m,2,d2d4,d4,0.24543097615242004,0.9890689314343035,0.44840463559511406,515,28,457,rnbqkb1r/ppp1ppp1/8/3p3p/3Pn2B/5N2/PPP1PPPP/RN1QKB1R w KQkq -,MODEL_PREDICTION_NOT_EMPIRICAL
TOR-02,B5,1500,maia3-79m,3,c2c4,c4,0.02303183265030384,0.9890689314343035,0.44840463559511406,511,27,462,rnbqkb1r/ppp1ppp1/8/3p3p/3Pn2B/5N2/PPP1PPPP/RN1QKB1R w KQkq -,MODEL_PREDICTION_NOT_EMPIRICAL
TOR-02,B5,1500,maia3-79m,4,g1f3,Nf3,0.02068304643034935,0.9890689314343035,0.44840463559511406,525,27,448,rnbqkb1r/ppp1ppp1/8/3p3p/3Pn2B/5N2/PPP1PPPP/RN1QKB1R w KQkq -,MODEL_PREDICTION_NOT_EMPIRICAL
TOR-02,B5,1500,maia3-79m,5,e2e3,e3,0.015259450301527977,0.9890689314343035,0.44840463559511406,497,27,476,rnbqkb1r/ppp1ppp1/8/3p3p/3Pn2B/5N2/PPP1PPPP/RN1QKB1R w KQkq -,MODEL_PREDICTION_NOT_EMPIRICAL
TOR-02,B5,1500,maia3-79m,6,g2g3,g3,0.011820637620985508,0.9890689314343035,0.44840463559511406,503,28,469,rnbqkb1r/ppp1ppp1/8/3p3p/3Pn2B/5N2/PPP1PPPP/RN1QKB1R w KQkq -,MODEL_PREDICTION_NOT_EMPIRICAL
TOR-02,B5,1500,maia3-79m,7,b2b3,b3,0.01035252958536148,0.9890689314343035,0.44840463559511406,505,27,468,rnbqkb1r/ppp1ppp1/8/3p3p/3Pn2B/5N2/PPP1PPPP/RN1QKB1R w KQkq -,MODEL_PREDICTION_NOT_EMPIRICAL
TOR-02,B5,1500,maia3-79m,8,f2f4,f4,0.005875293631106615,0.9890689314343035,0.44840463559511406,507,25,468,rnbqkb1r/ppp1ppp1/8/3p3p/3Pn2B/5N2/PPP1PPPP/RN1QKB1R w KQkq -,MODEL_PREDICTION_NOT_EMPIRICAL
TOR-02,B5,1500,maia3-79m,9,d2d3,d3,0.00447371369227767,0.9890689314343035,0.44840463559511406,496,28,476,rnbqkb1r/ppp1ppp1/8/3p3p/3Pn2B/5N2/PPP1PPPP/RN1QKB1R w KQkq -,MODEL_PREDICTION_NOT_EMPIRICAL
TOR-02,B5,1500,maia3-79m,10,b2b4,b4,0.00390666676685214,0.9890689314343035,0.44840463559511406,515,24,461,rnbqkb1r/ppp1ppp1/8/3p3p/3Pn2B/5N2/PPP1PPPP/RN1QKB1R w KQkq -,MODEL_PREDICTION_NOT_EMPIRICAL
TOR-02,B5,1700,maia3-79m,1,e2e4,e4,0.625694990158081,0.9896683357656002,0.47033680283448054,504,29,467,rnbqkb1r/ppp1ppp1/8/3p3p/3Pn2B/5N2/PPP1PPPP/RN1QKB1R w KQkq -,MODEL_PREDICTION_NOT_EMPIRICAL
TOR-02,B5,1700,maia3-79m,2,d2d4,d4,0.257449209690094,0.9896683357656002,0.47033680283448054,515,31,454,rnbqkb1r/ppp1ppp1/8/3p3p/3Pn2B/5N2/PPP1PPPP/RN1QKB1R w KQkq -,MODEL_PREDICTION_NOT_EMPIRICAL
TOR-02,B5,1700,maia3-79m,3,c2c4,c4,0.029208268970251083,0.9896683357656002,0.47033680283448054,513,30,457,rnbqkb1r/ppp1ppp1/8/3p3p/3Pn2B/5N2/PPP1PPPP/RN1QKB1R w KQkq -,MODEL_PREDICTION_NOT_EMPIRICAL
TOR-02,B5,1700,maia3-79m,4,g1f3,Nf3,0.023894039914011955,0.9896683357656002,0.47033680283448054,530,30,440,rnbqkb1r/ppp1ppp1/8/3p3p/3Pn2B/5N2/PPP1PPPP/RN1QKB1R w KQkq -,MODEL_PREDICTION_NOT_EMPIRICAL
TOR-02,B5,1700,maia3-79m,5,e2e3,e3,0.012733161449432373,0.9896683357656002,0.47033680283448054,501,29,470,rnbqkb1r/ppp1ppp1/8/3p3p/3Pn2B/5N2/PPP1PPPP/RN1QKB1R w KQkq -,MODEL_PREDICTION_NOT_EMPIRICAL
TOR-02,B5,1700,maia3-79m,6,g2g3,g3,0.011797066777944565,0.9896683357656002,0.47033680283448054,508,30,462,rnbqkb1r/ppp1ppp1/8/3p3p/3Pn2B/5N2/PPP1PPPP/RN1QKB1R w KQkq -,MODEL_PREDICTION_NOT_EMPIRICAL
TOR-02,B5,1700,maia3-79m,7,b2b3,b3,0.011401703581213951,0.9896683357656002,0.47033680283448054,510,29,461,rnbqkb1r/ppp1ppp1/8/3p3p/3Pn2B/5N2/PPP1PPPP/RN1QKB1R w KQkq -,MODEL_PREDICTION_NOT_EMPIRICAL
TOR-02,B5,1700,maia3-79m,8,f2f4,f4,0.00882899109274149,0.9896683357656002,0.47033680283448054,507,28,465,rnbqkb1r/ppp1ppp1/8/3p3p/3Pn2B/5N2/PPP1PPPP/RN1QKB1R w KQkq -,MODEL_PREDICTION_NOT_EMPIRICAL
TOR-02,B5,1700,maia3-79m,9,b2b4,b4,0.004424287937581539,0.9896683357656002,0.47033680283448054,518,27,455,rnbqkb1r/ppp1ppp1/8/3p3p/3Pn2B/5N2/PPP1PPPP/RN1QKB1R w KQkq -,MODEL_PREDICTION_NOT_EMPIRICAL
TOR-02,B5,1700,maia3-79m,10,d2d3,d3,0.0042366161942481995,0.9896683357656002,0.47033680283448054,500,30,470,rnbqkb1r/ppp1ppp1/8/3p3p/3Pn2B/5N2/PPP1PPPP/RN1QKB1R w KQkq -,MODEL_PREDICTION_NOT_EMPIRICAL
TOR-02,B5,1900,maia3-79m,1,e2e4,e4,0.5982585549354553,0.9897327157668769,0.4932666454104177,503,33,464,rnbqkb1r/ppp1ppp1/8/3p3p/3Pn2B/5N2/PPP1PPPP/RN1QKB1R w KQkq -,MODEL_PREDICTION_NOT_EMPIRICAL
TOR-02,B5,1900,maia3-79m,2,d2d4,d4,0.27083200216293335,0.9897327157668769,0.4932666454104177,513,36,451,rnbqkb1r/ppp1ppp1/8/3p3p/3Pn2B/5N2/PPP1PPPP/RN1QKB1R w KQkq -,MODEL_PREDICTION_NOT_EMPIRICAL
TOR-02,B5,1900,maia3-79m,3,c2c4,c4,0.03720775246620178,0.9897327157668769,0.4932666454104177,512,35,453,rnbqkb1r/ppp1ppp1/8/3p3p/3Pn2B/5N2/PPP1PPPP/RN1QKB1R w KQkq -,MODEL_PREDICTION_NOT_EMPIRICAL
TOR-02,B5,1900,maia3-79m,4,g1f3,Nf3,0.030766692012548447,0.9897327157668769,0.4932666454104177,527,36,437,rnbqkb1r/ppp1ppp1/8/3p3p/3Pn2B/5N2/PPP1PPPP/RN1QKB1R w KQkq -,MODEL_PREDICTION_NOT_EMPIRICAL
TOR-02,B5,1900,maia3-79m,5,f2f4,f4,0.012273138388991356,0.9897327157668769,0.4932666454104177,504,32,464,rnbqkb1r/ppp1ppp1/8/3p3p/3Pn2B/5N2/PPP1PPPP/RN1QKB1R w KQkq -,MODEL_PREDICTION_NOT_EMPIRICAL
TOR-02,B5,1900,maia3-79m,6,b2b3,b3,0.011618333868682384,0.9897327157668769,0.4932666454104177,513,34,453,rnbqkb1r/ppp1ppp1/8/3p3p/3Pn2B/5N2/PPP1PPPP/RN1QKB1R w KQkq -,MODEL_PREDICTION_NOT_EMPIRICAL
TOR-02,B5,1900,maia3-79m,7,g2g3,g3,0.010595535859465599,0.9897327157668769,0.4932666454104177,509,35,456,rnbqkb1r/ppp1ppp1/8/3p3p/3Pn2B/5N2/PPP1PPPP/RN1QKB1R w KQkq -,MODEL_PREDICTION_NOT_EMPIRICAL
TOR-02,B5,1900,maia3-79m,8,e2e3,e3,0.009855199605226517,0.9897327157668769,0.4932666454104177,501,34,465,rnbqkb1r/ppp1ppp1/8/3p3p/3Pn2B/5N2/PPP1PPPP/RN1QKB1R w KQkq -,MODEL_PREDICTION_NOT_EMPIRICAL
TOR-02,B5,1900,maia3-79m,9,b2b4,b4,0.0044146692380309105,0.9897327157668769,0.4932666454104177,517,31,452,rnbqkb1r/ppp1ppp1/8/3p3p/3Pn2B/5N2/PPP1PPPP/RN1QKB1R w KQkq -,MODEL_PREDICTION_NOT_EMPIRICAL
TOR-02,B5,1900,maia3-79m,10,d2d3,d3,0.0039108372293412685,0.9897327157668769,0.4932666454104177,497,35,468,rnbqkb1r/ppp1ppp1/8/3p3p/3Pn2B/5N2/PPP1PPPP/RN1QKB1R w KQkq -,MODEL_PREDICTION_NOT_EMPIRICAL
TOR-02,B5,2100,maia3-79m,1,e2e4,e4,0.5516610741615295,0.9894236333202571,0.5245369929792545,498,41,461,rnbqkb1r/ppp1ppp1/8/3p3p/3Pn2B/5N2/PPP1PPPP/RN1QKB1R w KQkq -,MODEL_PREDICTION_NOT_EMPIRICAL
TOR-02,B5,2100,maia3-79m,2,d2d4,d4,0.29356226325035095,0.9894236333202571,0.5245369929792545,510,44,446,rnbqkb1r/ppp1ppp1/8/3p3p/3Pn2B/5N2/PPP1PPPP/RN1QKB1R w KQkq -,MODEL_PREDICTION_NOT_EMPIRICAL
TOR-02,B5,2100,maia3-79m,3,g1f3,Nf3,0.0481594055891037,0.9894236333202571,0.5245369929792545,516,45,439,rnbqkb1r/ppp1ppp1/8/3p3p/3Pn2B/5N2/PPP1PPPP/RN1QKB1R w KQkq -,MODEL_PREDICTION_NOT_EMPIRICAL
TOR-02,B5,2100,maia3-79m,4,c2c4,c4,0.0476539246737957,0.9894236333202571,0.5245369929792545,507,43,450,rnbqkb1r/ppp1ppp1/8/3p3p/3Pn2B/5N2/PPP1PPPP/RN1QKB1R w KQkq -,MODEL_PREDICTION_NOT_EMPIRICAL
TOR-02,B5,2100,maia3-79m,5,f2f4,f4,0.012484685517847538,0.9894236333202571,0.5245369929792545,497,40,463,rnbqkb1r/ppp1ppp1/8/3p3p/3Pn2B/5N2/PPP1PPPP/RN1QKB1R w KQkq -,MODEL_PREDICTION_NOT_EMPIRICAL
TOR-02,B5,2100,maia3-79m,6,b2b3,b3,0.012168200686573982,0.9894236333202571,0.5245369929792545,507,42,451,rnbqkb1r/ppp1ppp1/8/3p3p/3Pn2B/5N2/PPP1PPPP/RN1QKB1R w KQkq -,MODEL_PREDICTION_NOT_EMPIRICAL
TOR-02,B5,2100,maia3-79m,7,g2g3,g3,0.008714002557098866,0.9894236333202571,0.5245369929792545,505,42,453,rnbqkb1r/ppp1ppp1/8/3p3p/3Pn2B/5N2/PPP1PPPP/RN1QKB1R w KQkq -,MODEL_PREDICTION_NOT_EMPIRICAL
TOR-02,B5,2100,maia3-79m,8,e2e3,e3,0.006894053891301155,0.9894236333202571,0.5245369929792545,497,43,460,rnbqkb1r/ppp1ppp1/8/3p3p/3Pn2B/5N2/PPP1PPPP/RN1QKB1R w KQkq -,MODEL_PREDICTION_NOT_EMPIRICAL
TOR-02,B5,2100,maia3-79m,9,b1c3,Nc3,0.0044635990634560585,0.9894236333202571,0.5245369929792545,521,42,437,rnbqkb1r/ppp1ppp1/8/3p3p/3Pn2B/5N2/PPP1PPPP/RN1QKB1R w KQkq -,MODEL_PREDICTION_NOT_EMPIRICAL
TOR-02,B5,2100,maia3-79m,10,d2d3,d3,0.0036624239291995764,0.9894236333202571,0.5245369929792545,489,44,467,rnbqkb1r/ppp1ppp1/8/3p3p/3Pn2B/5N2/PPP1PPPP/RN1QKB1R w KQkq -,MODEL_PREDICTION_NOT_EMPIRICAL
TOR-05,B5,1100,maia3-79m,1,e2e4,e4,0.6771548986434937,0.9878678212407976,0.42561317674662125,513,26,461,rnbqkb1r/pp2pppp/8/2pp2B1/3Pn2P/5N2/PPP1PPP1/RN1QKB1R w KQkq -,MODEL_PREDICTION_NOT_EMPIRICAL
TOR-05,B5,1100,maia3-79m,2,d2d4,d4,0.22272434830665588,0.9878678212407976,0.42561317674662125,521,27,452,rnbqkb1r/pp2pppp/8/2pp2B1/3Pn2P/5N2/PPP1PPP1/RN1QKB1R w KQkq -,MODEL_PREDICTION_NOT_EMPIRICAL
TOR-05,B5,1100,maia3-79m,3,e2e3,e3,0.020852725952863693,0.9878678212407976,0.42561317674662125,500,27,473,rnbqkb1r/pp2pppp/8/2pp2B1/3Pn2P/5N2/PPP1PPP1/RN1QKB1R w KQkq -,MODEL_PREDICTION_NOT_EMPIRICAL
TOR-05,B5,1100,maia3-79m,4,g1f3,Nf3,0.0199762973934412,0.9878678212407976,0.42561317674662125,517,27,456,rnbqkb1r/pp2pppp/8/2pp2B1/3Pn2P/5N2/PPP1PPP1/RN1QKB1R w KQkq -,MODEL_PREDICTION_NOT_EMPIRICAL
TOR-05,B5,1100,maia3-79m,5,c2c4,c4,0.015163088217377663,0.9878678212407976,0.42561317674662125,513,25,462,rnbqkb1r/pp2pppp/8/2pp2B1/3Pn2P/5N2/PPP1PPP1/RN1QKB1R w KQkq -,MODEL_PREDICTION_NOT_EMPIRICAL
TOR-05,B5,1100,maia3-79m,6,g2g3,g3,0.010951454751193523,0.9878678212407976,0.42561317674662125,497,27,476,rnbqkb1r/pp2pppp/8/2pp2B1/3Pn2P/5N2/PPP1PPP1/RN1QKB1R w KQkq -,MODEL_PREDICTION_NOT_EMPIRICAL
TOR-05,B5,1100,maia3-79m,7,b2b3,b3,0.007491483353078365,0.9878678212407976,0.42561317674662125,494,27,479,rnbqkb1r/pp2pppp/8/2pp2B1/3Pn2P/5N2/PPP1PPP1/RN1QKB1R w KQkq -,MODEL_PREDICTION_NOT_EMPIRICAL
TOR-05,B5,1100,maia3-79m,8,d2d3,d3,0.005036455579102039,0.9878678212407976,0.42561317674662125,493,27,480,rnbqkb1r/pp2pppp/8/2pp2B1/3Pn2P/5N2/PPP1PPP1/RN1QKB1R w KQkq -,MODEL_PREDICTION_NOT_EMPIRICAL
TOR-05,B5,1100,maia3-79m,9,b1c3,Nc3,0.004941529594361782,0.9878678212407976,0.42561317674662125,507,27,466,rnbqkb1r/pp2pppp/8/2pp2B1/3Pn2P/5N2/PPP1PPP1/RN1QKB1R w KQkq -,MODEL_PREDICTION_NOT_EMPIRICAL
TOR-05,B5,1100,maia3-79m,10,f2f4,f4,0.0035755394492298365,0.9878678212407976,0.42561317674662125,500,26,474,rnbqkb1r/pp2pppp/8/2pp2B1/3Pn2P/5N2/PPP1PPP1/RN1QKB1R w KQkq -,MODEL_PREDICTION_NOT_EMPIRICAL
TOR-05,B5,1300,maia3-79m,1,e2e4,e4,0.6652060747146606,0.9883486481849104,0.4312486267262949,508,25,467,rnbqkb1r/pp2pppp/8/2pp2B1/3Pn2P/5N2/PPP1PPP1/RN1QKB1R w KQkq -,MODEL_PREDICTION_NOT_EMPIRICAL
TOR-05,B5,1300,maia3-79m,2,d2d4,d4,0.23515543341636658,0.9883486481849104,0.4312486267262949,519,26,455,rnbqkb1r/pp2pppp/8/2pp2B1/3Pn2P/5N2/PPP1PPP1/RN1QKB1R w KQkq -,MODEL_PREDICTION_NOT_EMPIRICAL
TOR-05,B5,1300,maia3-79m,3,g1f3,Nf3,0.019363317638635635,0.9883486481849104,0.4312486267262949,521,27,452,rnbqkb1r/pp2pppp/8/2pp2B1/3Pn2P/5N2/PPP1PPP1/RN1QKB1R w KQkq -,MODEL_PREDICTION_NOT_EMPIRICAL
TOR-05,B5,1300,maia3-79m,4,c2c4,c4,0.018627913668751717,0.9883486481849104,0.4312486267262949,513,25,462,rnbqkb1r/pp2pppp/8/2pp2B1/3Pn2P/5N2/PPP1PPP1/RN1QKB1R w KQkq -,MODEL_PREDICTION_NOT_EMPIRICAL
TOR-05,B5,1300,maia3-79m,5,e2e3,e3,0.017626332119107246,0.9883486481849104,0.4312486267262949,499,26,475,rnbqkb1r/pp2pppp/8/2pp2B1/3Pn2P/5N2/PPP1PPP1/RN1QKB1R w KQkq -,MODEL_PREDICTION_NOT_EMPIRICAL
TOR-05,B5,1300,maia3-79m,6,g2g3,g3,0.011335160583257675,0.9883486481849104,0.4312486267262949,500,27,473,rnbqkb1r/pp2pppp/8/2pp2B1/3Pn2P/5N2/PPP1PPP1/RN1QKB1R w KQkq -,MODEL_PREDICTION_NOT_EMPIRICAL
TOR-05,B5,1300,maia3-79m,7,b2b3,b3,0.008808943443000317,0.9883486481849104,0.4312486267262949,503,26,471,rnbqkb1r/pp2pppp/8/2pp2B1/3Pn2P/5N2/PPP1PPP1/RN1QKB1R w KQkq -,MODEL_PREDICTION_NOT_EMPIRICAL
TOR-05,B5,1300,maia3-79m,8,d2d3,d3,0.004596428479999304,0.9883486481849104,0.4312486267262949,494,27,479,rnbqkb1r/pp2pppp/8/2pp2B1/3Pn2P/5N2/PPP1PPP1/RN1QKB1R w KQkq -,MODEL_PREDICTION_NOT_EMPIRICAL
TOR-05,B5,1300,maia3-79m,9,f2f4,f4,0.0041140238754451275,0.9883486481849104,0.4312486267262949,506,25,469,rnbqkb1r/pp2pppp/8/2pp2B1/3Pn2P/5N2/PPP1PPP1/RN1QKB1R w KQkq -,MODEL_PREDICTION_NOT_EMPIRICAL
TOR-05,B5,1300,maia3-79m,10,b1c3,Nc3,0.0035150202456861734,0.9883486481849104,0.4312486267262949,513,26,461,rnbqkb1r/pp2pppp/8/2pp2B1/3Pn2P/5N2/PPP1PPP1/RN1QKB1R w KQkq -,MODEL_PREDICTION_NOT_EMPIRICAL
TOR-05,B5,1500,maia3-79m,1,e2e4,e4,0.6482347846031189,0.9890689314343035,0.44840463559511406,505,27,468,rnbqkb1r/pp2pppp/8/2pp2B1/3Pn2P/5N2/PPP1PPP1/RN1QKB1R w KQkq -,MODEL_PREDICTION_NOT_EMPIRICAL
TOR-05,B5,1500,maia3-79m,2,d2d4,d4,0.24543097615242004,0.9890689314343035,0.44840463559511406,515,28,457,rnbqkb1r/pp2pppp/8/2pp2B1/3Pn2P/5N2/PPP1PPP1/RN1QKB1R w KQkq -,MODEL_PREDICTION_NOT_EMPIRICAL
TOR-05,B5,1500,maia3-79m,3,c2c4,c4,0.02303183265030384,0.9890689314343035,0.44840463559511406,511,27,462,rnbqkb1r/pp2pppp/8/2pp2B1/3Pn2P/5N2/PPP1PPP1/RN1QKB1R w KQkq -,MODEL_PREDICTION_NOT_EMPIRICAL
TOR-05,B5,1500,maia3-79m,4,g1f3,Nf3,0.02068304643034935,0.9890689314343035,0.44840463559511406,525,27,448,rnbqkb1r/pp2pppp/8/2pp2B1/3Pn2P/5N2/PPP1PPP1/RN1QKB1R w KQkq -,MODEL_PREDICTION_NOT_EMPIRICAL
TOR-05,B5,1500,maia3-79m,5,e2e3,e3,0.015259450301527977,0.9890689314343035,0.44840463559511406,497,27,476,rnbqkb1r/pp2pppp/8/2pp2B1/3Pn2P/5N2/PPP1PPP1/RN1QKB1R w KQkq -,MODEL_PREDICTION_NOT_EMPIRICAL
TOR-05,B5,1500,maia3-79m,6,g2g3,g3,0.011820637620985508,0.9890689314343035,0.44840463559511406,503,28,469,rnbqkb1r/pp2pppp/8/2pp2B1/3Pn2P/5N2/PPP1PPP1/RN1QKB1R w KQkq -,MODEL_PREDICTION_NOT_EMPIRICAL
TOR-05,B5,1500,maia3-79m,7,b2b3,b3,0.01035252958536148,0.9890689314343035,0.44840463559511406,505,27,468,rnbqkb1r/pp2pppp/8/2pp2B1/3Pn2P/5N2/PPP1PPP1/RN1QKB1R w KQkq -,MODEL_PREDICTION_NOT_EMPIRICAL
TOR-05,B5,1500,maia3-79m,8,f2f4,f4,0.005875293631106615,0.9890689314343035,0.44840463559511406,507,25,468,rnbqkb1r/pp2pppp/8/2pp2B1/3Pn2P/5N2/PPP1PPP1/RN1QKB1R w KQkq -,MODEL_PREDICTION_NOT_EMPIRICAL
TOR-05,B5,1500,maia3-79m,9,d2d3,d3,0.00447371369227767,0.9890689314343035,0.44840463559511406,496,28,476,rnbqkb1r/pp2pppp/8/2pp2B1/3Pn2P/5N2/PPP1PPP1/RN1QKB1R w KQkq -,MODEL_PREDICTION_NOT_EMPIRICAL
TOR-05,B5,1500,maia3-79m,10,b2b4,b4,0.00390666676685214,0.9890689314343035,0.44840463559511406,515,24,461,rnbqkb1r/pp2pppp/8/2pp2B1/3Pn2P/5N2/PPP1PPP1/RN1QKB1R w KQkq -,MODEL_PREDICTION_NOT_EMPIRICAL
TOR-05,B5,1700,maia3-79m,1,e2e4,e4,0.625694990158081,0.9896683357656002,0.47033680283448054,504,29,467,rnbqkb1r/pp2pppp/8/2pp2B1/3Pn2P/5N2/PPP1PPP1/RN1QKB1R w KQkq -,MODEL_PREDICTION_NOT_EMPIRICAL
TOR-05,B5,1700,maia3-79m,2,d2d4,d4,0.257449209690094,0.9896683357656002,0.47033680283448054,515,31,454,rnbqkb1r/pp2pppp/8/2pp2B1/3Pn2P/5N2/PPP1PPP1/RN1QKB1R w KQkq -,MODEL_PREDICTION_NOT_EMPIRICAL
TOR-05,B5,1700,maia3-79m,3,c2c4,c4,0.029208268970251083,0.9896683357656002,0.47033680283448054,513,30,457,rnbqkb1r/pp2pppp/8/2pp2B1/3Pn2P/5N2/PPP1PPP1/RN1QKB1R w KQkq -,MODEL_PREDICTION_NOT_EMPIRICAL
TOR-05,B5,1700,maia3-79m,4,g1f3,Nf3,0.023894039914011955,0.9896683357656002,0.47033680283448054,530,30,440,rnbqkb1r/pp2pppp/8/2pp2B1/3Pn2P/5N2/PPP1PPP1/RN1QKB1R w KQkq -,MODEL_PREDICTION_NOT_EMPIRICAL
TOR-05,B5,1700,maia3-79m,5,e2e3,e3,0.012733161449432373,0.9896683357656002,0.47033680283448054,501,29,470,rnbqkb1r/pp2pppp/8/2pp2B1/3Pn2P/5N2/PPP1PPP1/RN1QKB1R w KQkq -,MODEL_PREDICTION_NOT_EMPIRICAL
TOR-05,B5,1700,maia3-79m,6,g2g3,g3,0.011797066777944565,0.9896683357656002,0.47033680283448054,508,30,462,rnbqkb1r/pp2pppp/8/2pp2B1/3Pn2P/5N2/PPP1PPP1/RN1QKB1R w KQkq -,MODEL_PREDICTION_NOT_EMPIRICAL
TOR-05,B5,1700,maia3-79m,7,b2b3,b3,0.011401703581213951,0.9896683357656002,0.47033680283448054,510,29,461,rnbqkb1r/pp2pppp/8/2pp2B1/3Pn2P/5N2/PPP1PPP1/RN1QKB1R w KQkq -,MODEL_PREDICTION_NOT_EMPIRICAL
TOR-05,B5,1700,maia3-79m,8,f2f4,f4,0.00882899109274149,0.9896683357656002,0.47033680283448054,507,28,465,rnbqkb1r/pp2pppp/8/2pp2B1/3Pn2P/5N2/PPP1PPP1/RN1QKB1R w KQkq -,MODEL_PREDICTION_NOT_EMPIRICAL
TOR-05,B5,1700,maia3-79m,9,b2b4,b4,0.004424287937581539,0.9896683357656002,0.47033680283448054,518,27,455,rnbqkb1r/pp2pppp/8/2pp2B1/3Pn2P/5N2/PPP1PPP1/RN1QKB1R w KQkq -,MODEL_PREDICTION_NOT_EMPIRICAL
TOR-05,B5,1700,maia3-79m,10,d2d3,d3,0.0042366161942481995,0.9896683357656002,0.47033680283448054,500,30,470,rnbqkb1r/pp2pppp/8/2pp2B1/3Pn2P/5N2/PPP1PPP1/RN1QKB1R w KQkq -,MODEL_PREDICTION_NOT_EMPIRICAL
TOR-05,B5,1900,maia3-79m,1,e2e4,e4,0.5982585549354553,0.9897327157668769,0.4932666454104177,503,33,464,rnbqkb1r/pp2pppp/8/2pp2B1/3Pn2P/5N2/PPP1PPP1/RN1QKB1R w KQkq -,MODEL_PREDICTION_NOT_EMPIRICAL
TOR-05,B5,1900,maia3-79m,2,d2d4,d4,0.27083200216293335,0.9897327157668769,0.4932666454104177,513,36,451,rnbqkb1r/pp2pppp/8/2pp2B1/3Pn2P/5N2/PPP1PPP1/RN1QKB1R w KQkq -,MODEL_PREDICTION_NOT_EMPIRICAL
TOR-05,B5,1900,maia3-79m,3,c2c4,c4,0.03720775246620178,0.9897327157668769,0.4932666454104177,512,35,453,rnbqkb1r/pp2pppp/8/2pp2B1/3Pn2P/5N2/PPP1PPP1/RN1QKB1R w KQkq -,MODEL_PREDICTION_NOT_EMPIRICAL
TOR-05,B5,1900,maia3-79m,4,g1f3,Nf3,0.030766692012548447,0.9897327157668769,0.4932666454104177,527,36,437,rnbqkb1r/pp2pppp/8/2pp2B1/3Pn2P/5N2/PPP1PPP1/RN1QKB1R w KQkq -,MODEL_PREDICTION_NOT_EMPIRICAL
TOR-05,B5,1900,maia3-79m,5,f2f4,f4,0.012273138388991356,0.9897327157668769,0.4932666454104177,504,32,464,rnbqkb1r/pp2pppp/8/2pp2B1/3Pn2P/5N2/PPP1PPP1/RN1QKB1R w KQkq -,MODEL_PREDICTION_NOT_EMPIRICAL
TOR-05,B5,1900,maia3-79m,6,b2b3,b3,0.011618333868682384,0.9897327157668769,0.4932666454104177,513,34,453,rnbqkb1r/pp2pppp/8/2pp2B1/3Pn2P/5N2/PPP1PPP1/RN1QKB1R w KQkq -,MODEL_PREDICTION_NOT_EMPIRICAL
TOR-05,B5,1900,maia3-79m,7,g2g3,g3,0.010595535859465599,0.9897327157668769,0.4932666454104177,509,35,456,rnbqkb1r/pp2pppp/8/2pp2B1/3Pn2P/5N2/PPP1PPP1/RN1QKB1R w KQkq -,MODEL_PREDICTION_NOT_EMPIRICAL
TOR-05,B5,1900,maia3-79m,8,e2e3,e3,0.009855199605226517,0.9897327157668769,0.4932666454104177,501,34,465,rnbqkb1r/pp2pppp/8/2pp2B1/3Pn2P/5N2/PPP1PPP1/RN1QKB1R w KQkq -,MODEL_PREDICTION_NOT_EMPIRICAL
TOR-05,B5,1900,maia3-79m,9,b2b4,b4,0.0044146692380309105,0.9897327157668769,0.4932666454104177,517,31,452,rnbqkb1r/pp2pppp/8/2pp2B1/3Pn2P/5N2/PPP1PPP1/RN1QKB1R w KQkq -,MODEL_PREDICTION_NOT_EMPIRICAL
TOR-05,B5,1900,maia3-79m,10,d2d3,d3,0.0039108372293412685,0.9897327157668769,0.4932666454104177,497,35,468,rnbqkb1r/pp2pppp/8/2pp2B1/3Pn2P/5N2/PPP1PPP1/RN1QKB1R w KQkq -,MODEL_PREDICTION_NOT_EMPIRICAL
TOR-05,B5,2100,maia3-79m,1,e2e4,e4,0.5516610741615295,0.9894236333202571,0.5245369929792545,498,41,461,rnbqkb1r/pp2pppp/8/2pp2B1/3Pn2P/5N2/PPP1PPP1/RN1QKB1R w KQkq -,MODEL_PREDICTION_NOT_EMPIRICAL
TOR-05,B5,2100,maia3-79m,2,d2d4,d4,0.29356226325035095,0.9894236333202571,0.5245369929792545,510,44,446,rnbqkb1r/pp2pppp/8/2pp2B1/3Pn2P/5N2/PPP1PPP1/RN1QKB1R w KQkq -,MODEL_PREDICTION_NOT_EMPIRICAL
TOR-05,B5,2100,maia3-79m,3,g1f3,Nf3,0.0481594055891037,0.9894236333202571,0.5245369929792545,516,45,439,rnbqkb1r/pp2pppp/8/2pp2B1/3Pn2P/5N2/PPP1PPP1/RN1QKB1R w KQkq -,MODEL_PREDICTION_NOT_EMPIRICAL
TOR-05,B5,2100,maia3-79m,4,c2c4,c4,0.0476539246737957,0.9894236333202571,0.5245369929792545,507,43,450,rnbqkb1r/pp2pppp/8/2pp2B1/3Pn2P/5N2/PPP1PPP1/RN1QKB1R w KQkq -,MODEL_PREDICTION_NOT_EMPIRICAL
TOR-05,B5,2100,maia3-79m,5,f2f4,f4,0.012484685517847538,0.9894236333202571,0.5245369929792545,497,40,463,rnbqkb1r/pp2pppp/8/2pp2B1/3Pn2P/5N2/PPP1PPP1/RN1QKB1R w KQkq -,MODEL_PREDICTION_NOT_EMPIRICAL
TOR-05,B5,2100,maia3-79m,6,b2b3,b3,0.012168200686573982,0.9894236333202571,0.5245369929792545,507,42,451,rnbqkb1r/pp2pppp/8/2pp2B1/3Pn2P/5N2/PPP1PPP1/RN1QKB1R w KQkq -,MODEL_PREDICTION_NOT_EMPIRICAL
TOR-05,B5,2100,maia3-79m,7,g2g3,g3,0.008714002557098866,0.9894236333202571,0.5245369929792545,505,42,453,rnbqkb1r/pp2pppp/8/2pp2B1/3Pn2P/5N2/PPP1PPP1/RN1QKB1R w KQkq -,MODEL_PREDICTION_NOT_EMPIRICAL
TOR-05,B5,2100,maia3-79m,8,e2e3,e3,0.006894053891301155,0.9894236333202571,0.5245369929792545,497,43,460,rnbqkb1r/pp2pppp/8/2pp2B1/3Pn2P/5N2/PPP1PPP1/RN1QKB1R w KQkq -,MODEL_PREDICTION_NOT_EMPIRICAL
TOR-05,B5,2100,maia3-79m,9,b1c3,Nc3,0.0044635990634560585,0.9894236333202571,0.5245369929792545,521,42,437,rnbqkb1r/pp2pppp/8/2pp2B1/3Pn2P/5N2/PPP1PPP1/RN1QKB1R w KQkq -,MODEL_PREDICTION_NOT_EMPIRICAL
TOR-05,B5,2100,maia3-79m,10,d2d3,d3,0.0036624239291995764,0.9894236333202571,0.5245369929792545,489,44,467,rnbqkb1r/pp2pppp/8/2pp2B1/3Pn2P/5N2/PPP1PPP1/RN1QKB1R w KQkq -,MODEL_PREDICTION_NOT_EMPIRICAL
PST-01,B5,1100,maia3-79m,1,e2e4,e4,0.6771548986434937,0.9878678212407976,0.42561317674662125,513,26,461,rnbqkbnr/pp2ppp1/7p/2pp4/3P3B/8/PPP1PPPP/RN1QKBNR w KQkq -,MODEL_PREDICTION_NOT_EMPIRICAL
PST-01,B5,1100,maia3-79m,2,d2d4,d4,0.22272434830665588,0.9878678212407976,0.42561317674662125,521,27,452,rnbqkbnr/pp2ppp1/7p/2pp4/3P3B/8/PPP1PPPP/RN1QKBNR w KQkq -,MODEL_PREDICTION_NOT_EMPIRICAL
PST-01,B5,1100,maia3-79m,3,e2e3,e3,0.020852725952863693,0.9878678212407976,0.42561317674662125,500,27,473,rnbqkbnr/pp2ppp1/7p/2pp4/3P3B/8/PPP1PPPP/RN1QKBNR w KQkq -,MODEL_PREDICTION_NOT_EMPIRICAL
PST-01,B5,1100,maia3-79m,4,g1f3,Nf3,0.0199762973934412,0.9878678212407976,0.42561317674662125,517,27,456,rnbqkbnr/pp2ppp1/7p/2pp4/3P3B/8/PPP1PPPP/RN1QKBNR w KQkq -,MODEL_PREDICTION_NOT_EMPIRICAL
PST-01,B5,1100,maia3-79m,5,c2c4,c4,0.015163088217377663,0.9878678212407976,0.42561317674662125,513,25,462,rnbqkbnr/pp2ppp1/7p/2pp4/3P3B/8/PPP1PPPP/RN1QKBNR w KQkq -,MODEL_PREDICTION_NOT_EMPIRICAL
PST-01,B5,1100,maia3-79m,6,g2g3,g3,0.010951454751193523,0.9878678212407976,0.42561317674662125,497,27,476,rnbqkbnr/pp2ppp1/7p/2pp4/3P3B/8/PPP1PPPP/RN1QKBNR w KQkq -,MODEL_PREDICTION_NOT_EMPIRICAL
PST-01,B5,1100,maia3-79m,7,b2b3,b3,0.007491483353078365,0.9878678212407976,0.42561317674662125,494,27,479,rnbqkbnr/pp2ppp1/7p/2pp4/3P3B/8/PPP1PPPP/RN1QKBNR w KQkq -,MODEL_PREDICTION_NOT_EMPIRICAL
PST-01,B5,1100,maia3-79m,8,d2d3,d3,0.005036455579102039,0.9878678212407976,0.42561317674662125,493,27,480,rnbqkbnr/pp2ppp1/7p/2pp4/3P3B/8/PPP1PPPP/RN1QKBNR w KQkq -,MODEL_PREDICTION_NOT_EMPIRICAL
PST-01,B5,1100,maia3-79m,9,b1c3,Nc3,0.004941529594361782,0.9878678212407976,0.42561317674662125,507,27,466,rnbqkbnr/pp2ppp1/7p/2pp4/3P3B/8/PPP1PPPP/RN1QKBNR w KQkq -,MODEL_PREDICTION_NOT_EMPIRICAL
PST-01,B5,1100,maia3-79m,10,f2f4,f4,0.0035755394492298365,0.9878678212407976,0.42561317674662125,500,26,474,rnbqkbnr/pp2ppp1/7p/2pp4/3P3B/8/PPP1PPPP/RN1QKBNR w KQkq -,MODEL_PREDICTION_NOT_EMPIRICAL
PST-01,B5,1300,maia3-79m,1,e2e4,e4,0.6652060747146606,0.9883486481849104,0.4312486267262949,508,25,467,rnbqkbnr/pp2ppp1/7p/2pp4/3P3B/8/PPP1PPPP/RN1QKBNR w KQkq -,MODEL_PREDICTION_NOT_EMPIRICAL
PST-01,B5,1300,maia3-79m,2,d2d4,d4,0.23515543341636658,0.9883486481849104,0.4312486267262949,519,26,455,rnbqkbnr/pp2ppp1/7p/2pp4/3P3B/8/PPP1PPPP/RN1QKBNR w KQkq -,MODEL_PREDICTION_NOT_EMPIRICAL
PST-01,B5,1300,maia3-79m,3,g1f3,Nf3,0.019363317638635635,0.9883486481849104,0.4312486267262949,521,27,452,rnbqkbnr/pp2ppp1/7p/2pp4/3P3B/8/PPP1PPPP/RN1QKBNR w KQkq -,MODEL_PREDICTION_NOT_EMPIRICAL
PST-01,B5,1300,maia3-79m,4,c2c4,c4,0.018627913668751717,0.9883486481849104,0.4312486267262949,513,25,462,rnbqkbnr/pp2ppp1/7p/2pp4/3P3B/8/PPP1PPPP/RN1QKBNR w KQkq -,MODEL_PREDICTION_NOT_EMPIRICAL
PST-01,B5,1300,maia3-79m,5,e2e3,e3,0.017626332119107246,0.9883486481849104,0.4312486267262949,499,26,475,rnbqkbnr/pp2ppp1/7p/2pp4/3P3B/8/PPP1PPPP/RN1QKBNR w KQkq -,MODEL_PREDICTION_NOT_EMPIRICAL
PST-01,B5,1300,maia3-79m,6,g2g3,g3,0.011335160583257675,0.9883486481849104,0.4312486267262949,500,27,473,rnbqkbnr/pp2ppp1/7p/2pp4/3P3B/8/PPP1PPPP/RN1QKBNR w KQkq -,MODEL_PREDICTION_NOT_EMPIRICAL
PST-01,B5,1300,maia3-79m,7,b2b3,b3,0.008808943443000317,0.9883486481849104,0.4312486267262949,503,26,471,rnbqkbnr/pp2ppp1/7p/2pp4/3P3B/8/PPP1PPPP/RN1QKBNR w KQkq -,MODEL_PREDICTION_NOT_EMPIRICAL
PST-01,B5,1300,maia3-79m,8,d2d3,d3,0.004596428479999304,0.9883486481849104,0.4312486267262949,494,27,479,rnbqkbnr/pp2ppp1/7p/2pp4/3P3B/8/PPP1PPPP/RN1QKBNR w KQkq -,MODEL_PREDICTION_NOT_EMPIRICAL
PST-01,B5,1300,maia3-79m,9,f2f4,f4,0.0041140238754451275,0.9883486481849104,0.4312486267262949,506,25,469,rnbqkbnr/pp2ppp1/7p/2pp4/3P3B/8/PPP1PPPP/RN1QKBNR w KQkq -,MODEL_PREDICTION_NOT_EMPIRICAL
PST-01,B5,1300,maia3-79m,10,b1c3,Nc3,0.0035150202456861734,0.9883486481849104,0.4312486267262949,513,26,461,rnbqkbnr/pp2ppp1/7p/2pp4/3P3B/8/PPP1PPPP/RN1QKBNR w KQkq -,MODEL_PREDICTION_NOT_EMPIRICAL
PST-01,B5,1500,maia3-79m,1,e2e4,e4,0.6482347846031189,0.9890689314343035,0.44840463559511406,505,27,468,rnbqkbnr/pp2ppp1/7p/2pp4/3P3B/8/PPP1PPPP/RN1QKBNR w KQkq -,MODEL_PREDICTION_NOT_EMPIRICAL
PST-01,B5,1500,maia3-79m,2,d2d4,d4,0.24543097615242004,0.9890689314343035,0.44840463559511406,515,28,457,rnbqkbnr/pp2ppp1/7p/2pp4/3P3B/8/PPP1PPPP/RN1QKBNR w KQkq -,MODEL_PREDICTION_NOT_EMPIRICAL
PST-01,B5,1500,maia3-79m,3,c2c4,c4,0.02303183265030384,0.9890689314343035,0.44840463559511406,511,27,462,rnbqkbnr/pp2ppp1/7p/2pp4/3P3B/8/PPP1PPPP/RN1QKBNR w KQkq -,MODEL_PREDICTION_NOT_EMPIRICAL
PST-01,B5,1500,maia3-79m,4,g1f3,Nf3,0.02068304643034935,0.9890689314343035,0.44840463559511406,525,27,448,rnbqkbnr/pp2ppp1/7p/2pp4/3P3B/8/PPP1PPPP/RN1QKBNR w KQkq -,MODEL_PREDICTION_NOT_EMPIRICAL
PST-01,B5,1500,maia3-79m,5,e2e3,e3,0.015259450301527977,0.9890689314343035,0.44840463559511406,497,27,476,rnbqkbnr/pp2ppp1/7p/2pp4/3P3B/8/PPP1PPPP/RN1QKBNR w KQkq -,MODEL_PREDICTION_NOT_EMPIRICAL
PST-01,B5,1500,maia3-79m,6,g2g3,g3,0.011820637620985508,0.9890689314343035,0.44840463559511406,503,28,469,rnbqkbnr/pp2ppp1/7p/2pp4/3P3B/8/PPP1PPPP/RN1QKBNR w KQkq -,MODEL_PREDICTION_NOT_EMPIRICAL
PST-01,B5,1500,maia3-79m,7,b2b3,b3,0.01035252958536148,0.9890689314343035,0.44840463559511406,505,27,468,rnbqkbnr/pp2ppp1/7p/2pp4/3P3B/8/PPP1PPPP/RN1QKBNR w KQkq -,MODEL_PREDICTION_NOT_EMPIRICAL
PST-01,B5,1500,maia3-79m,8,f2f4,f4,0.005875293631106615,0.9890689314343035,0.44840463559511406,507,25,468,rnbqkbnr/pp2ppp1/7p/2pp4/3P3B/8/PPP1PPPP/RN1QKBNR w KQkq -,MODEL_PREDICTION_NOT_EMPIRICAL
PST-01,B5,1500,maia3-79m,9,d2d3,d3,0.00447371369227767,0.9890689314343035,0.44840463559511406,496,28,476,rnbqkbnr/pp2ppp1/7p/2pp4/3P3B/8/PPP1PPPP/RN1QKBNR w KQkq -,MODEL_PREDICTION_NOT_EMPIRICAL
PST-01,B5,1500,maia3-79m,10,b2b4,b4,0.00390666676685214,0.9890689314343035,0.44840463559511406,515,24,461,rnbqkbnr/pp2ppp1/7p/2pp4/3P3B/8/PPP1PPPP/RN1QKBNR w KQkq -,MODEL_PREDICTION_NOT_EMPIRICAL
PST-01,B5,1700,maia3-79m,1,e2e4,e4,0.625694990158081,0.9896683357656002,0.47033680283448054,504,29,467,rnbqkbnr/pp2ppp1/7p/2pp4/3P3B/8/PPP1PPPP/RN1QKBNR w KQkq -,MODEL_PREDICTION_NOT_EMPIRICAL
PST-01,B5,1700,maia3-79m,2,d2d4,d4,0.257449209690094,0.9896683357656002,0.47033680283448054,515,31,454,rnbqkbnr/pp2ppp1/7p/2pp4/3P3B/8/PPP1PPPP/RN1QKBNR w KQkq -,MODEL_PREDICTION_NOT_EMPIRICAL
PST-01,B5,1700,maia3-79m,3,c2c4,c4,0.029208268970251083,0.9896683357656002,0.47033680283448054,513,30,457,rnbqkbnr/pp2ppp1/7p/2pp4/3P3B/8/PPP1PPPP/RN1QKBNR w KQkq -,MODEL_PREDICTION_NOT_EMPIRICAL
PST-01,B5,1700,maia3-79m,4,g1f3,Nf3,0.023894039914011955,0.9896683357656002,0.47033680283448054,530,30,440,rnbqkbnr/pp2ppp1/7p/2pp4/3P3B/8/PPP1PPPP/RN1QKBNR w KQkq -,MODEL_PREDICTION_NOT_EMPIRICAL
PST-01,B5,1700,maia3-79m,5,e2e3,e3,0.012733161449432373,0.9896683357656002,0.47033680283448054,501,29,470,rnbqkbnr/pp2ppp1/7p/2pp4/3P3B/8/PPP1PPPP/RN1QKBNR w KQkq -,MODEL_PREDICTION_NOT_EMPIRICAL
PST-01,B5,1700,maia3-79m,6,g2g3,g3,0.011797066777944565,0.9896683357656002,0.47033680283448054,508,30,462,rnbqkbnr/pp2ppp1/7p/2pp4/3P3B/8/PPP1PPPP/RN1QKBNR w KQkq -,MODEL_PREDICTION_NOT_EMPIRICAL
PST-01,B5,1700,maia3-79m,7,b2b3,b3,0.011401703581213951,0.9896683357656002,0.47033680283448054,510,29,461,rnbqkbnr/pp2ppp1/7p/2pp4/3P3B/8/PPP1PPPP/RN1QKBNR w KQkq -,MODEL_PREDICTION_NOT_EMPIRICAL
PST-01,B5,1700,maia3-79m,8,f2f4,f4,0.00882899109274149,0.9896683357656002,0.47033680283448054,507,28,465,rnbqkbnr/pp2ppp1/7p/2pp4/3P3B/8/PPP1PPPP/RN1QKBNR w KQkq -,MODEL_PREDICTION_NOT_EMPIRICAL
PST-01,B5,1700,maia3-79m,9,b2b4,b4,0.004424287937581539,0.9896683357656002,0.47033680283448054,518,27,455,rnbqkbnr/pp2ppp1/7p/2pp4/3P3B/8/PPP1PPPP/RN1QKBNR w KQkq -,MODEL_PREDICTION_NOT_EMPIRICAL
PST-01,B5,1700,maia3-79m,10,d2d3,d3,0.0042366161942481995,0.9896683357656002,0.47033680283448054,500,30,470,rnbqkbnr/pp2ppp1/7p/2pp4/3P3B/8/PPP1PPPP/RN1QKBNR w KQkq -,MODEL_PREDICTION_NOT_EMPIRICAL
PST-01,B5,1900,maia3-79m,1,e2e4,e4,0.5982585549354553,0.9897327157668769,0.4932666454104177,503,33,464,rnbqkbnr/pp2ppp1/7p/2pp4/3P3B/8/PPP1PPPP/RN1QKBNR w KQkq -,MODEL_PREDICTION_NOT_EMPIRICAL
PST-01,B5,1900,maia3-79m,2,d2d4,d4,0.27083200216293335,0.9897327157668769,0.4932666454104177,513,36,451,rnbqkbnr/pp2ppp1/7p/2pp4/3P3B/8/PPP1PPPP/RN1QKBNR w KQkq -,MODEL_PREDICTION_NOT_EMPIRICAL
PST-01,B5,1900,maia3-79m,3,c2c4,c4,0.03720775246620178,0.9897327157668769,0.4932666454104177,512,35,453,rnbqkbnr/pp2ppp1/7p/2pp4/3P3B/8/PPP1PPPP/RN1QKBNR w KQkq -,MODEL_PREDICTION_NOT_EMPIRICAL
PST-01,B5,1900,maia3-79m,4,g1f3,Nf3,0.030766692012548447,0.9897327157668769,0.4932666454104177,527,36,437,rnbqkbnr/pp2ppp1/7p/2pp4/3P3B/8/PPP1PPPP/RN1QKBNR w KQkq -,MODEL_PREDICTION_NOT_EMPIRICAL
PST-01,B5,1900,maia3-79m,5,f2f4,f4,0.012273138388991356,0.9897327157668769,0.4932666454104177,504,32,464,rnbqkbnr/pp2ppp1/7p/2pp4/3P3B/8/PPP1PPPP/RN1QKBNR w KQkq -,MODEL_PREDICTION_NOT_EMPIRICAL
PST-01,B5,1900,maia3-79m,6,b2b3,b3,0.011618333868682384,0.9897327157668769,0.4932666454104177,513,34,453,rnbqkbnr/pp2ppp1/7p/2pp4/3P3B/8/PPP1PPPP/RN1QKBNR w KQkq -,MODEL_PREDICTION_NOT_EMPIRICAL
PST-01,B5,1900,maia3-79m,7,g2g3,g3,0.010595535859465599,0.9897327157668769,0.4932666454104177,509,35,456,rnbqkbnr/pp2ppp1/7p/2pp4/3P3B/8/PPP1PPPP/RN1QKBNR w KQkq -,MODEL_PREDICTION_NOT_EMPIRICAL
PST-01,B5,1900,maia3-79m,8,e2e3,e3,0.009855199605226517,0.9897327157668769,0.4932666454104177,501,34,465,rnbqkbnr/pp2ppp1/7p/2pp4/3P3B/8/PPP1PPPP/RN1QKBNR w KQkq -,MODEL_PREDICTION_NOT_EMPIRICAL
PST-01,B5,1900,maia3-79m,9,b2b4,b4,0.0044146692380309105,0.9897327157668769,0.4932666454104177,517,31,452,rnbqkbnr/pp2ppp1/7p/2pp4/3P3B/8/PPP1PPPP/RN1QKBNR w KQkq -,MODEL_PREDICTION_NOT_EMPIRICAL
PST-01,B5,1900,maia3-79m,10,d2d3,d3,0.0039108372293412685,0.9897327157668769,0.4932666454104177,497,35,468,rnbqkbnr/pp2ppp1/7p/2pp4/3P3B/8/PPP1PPPP/RN1QKBNR w KQkq -,MODEL_PREDICTION_NOT_EMPIRICAL
PST-01,B5,2100,maia3-79m,1,e2e4,e4,0.5516610741615295,0.9894236333202571,0.5245369929792545,498,41,461,rnbqkbnr/pp2ppp1/7p/2pp4/3P3B/8/PPP1PPPP/RN1QKBNR w KQkq -,MODEL_PREDICTION_NOT_EMPIRICAL
PST-01,B5,2100,maia3-79m,2,d2d4,d4,0.29356226325035095,0.9894236333202571,0.5245369929792545,510,44,446,rnbqkbnr/pp2ppp1/7p/2pp4/3P3B/8/PPP1PPPP/RN1QKBNR w KQkq -,MODEL_PREDICTION_NOT_EMPIRICAL
PST-01,B5,2100,maia3-79m,3,g1f3,Nf3,0.0481594055891037,0.9894236333202571,0.5245369929792545,516,45,439,rnbqkbnr/pp2ppp1/7p/2pp4/3P3B/8/PPP1PPPP/RN1QKBNR w KQkq -,MODEL_PREDICTION_NOT_EMPIRICAL
PST-01,B5,2100,maia3-79m,4,c2c4,c4,0.0476539246737957,0.9894236333202571,0.5245369929792545,507,43,450,rnbqkbnr/pp2ppp1/7p/2pp4/3P3B/8/PPP1PPPP/RN1QKBNR w KQkq -,MODEL_PREDICTION_NOT_EMPIRICAL
PST-01,B5,2100,maia3-79m,5,f2f4,f4,0.012484685517847538,0.9894236333202571,0.5245369929792545,497,40,463,rnbqkbnr/pp2ppp1/7p/2pp4/3P3B/8/PPP1PPPP/RN1QKBNR w KQkq -,MODEL_PREDICTION_NOT_EMPIRICAL
PST-01,B5,2100,maia3-79m,6,b2b3,b3,0.012168200686573982,0.9894236333202571,0.5245369929792545,507,42,451,rnbqkbnr/pp2ppp1/7p/2pp4/3P3B/8/PPP1PPPP/RN1QKBNR w KQkq -,MODEL_PREDICTION_NOT_EMPIRICAL
PST-01,B5,2100,maia3-79m,7,g2g3,g3,0.008714002557098866,0.9894236333202571,0.5245369929792545,505,42,453,rnbqkbnr/pp2ppp1/7p/2pp4/3P3B/8/PPP1PPPP/RN1QKBNR w KQkq -,MODEL_PREDICTION_NOT_EMPIRICAL
PST-01,B5,2100,maia3-79m,8,e2e3,e3,0.006894053891301155,0.9894236333202571,0.5245369929792545,497,43,460,rnbqkbnr/pp2ppp1/7p/2pp4/3P3B/8/PPP1PPPP/RN1QKBNR w KQkq -,MODEL_PREDICTION_NOT_EMPIRICAL
PST-01,B5,2100,maia3-79m,9,b1c3,Nc3,0.0044635990634560585,0.9894236333202571,0.5245369929792545,521,42,437,rnbqkbnr/pp2ppp1/7p/2pp4/3P3B/8/PPP1PPPP/RN1QKBNR w KQkq -,MODEL_PREDICTION_NOT_EMPIRICAL
PST-01,B5,2100,maia3-79m,10,d2d3,d3,0.0036624239291995764,0.9894236333202571,0.5245369929792545,489,44,467,rnbqkbnr/pp2ppp1/7p/2pp4/3P3B/8/PPP1PPPP/RN1QKBNR w KQkq -,MODEL_PREDICTION_NOT_EMPIRICAL
ORD-09,B6,1100,maia3-79m,1,e2e4,e4,0.6771548986434937,0.9878678212407976,0.42561317674662125,513,26,461,r1bqkb1r/pp1npppp/5n2/3p4/3N1B1P/8/PPP1PPP1/RN1QKB1R w KQkq -,MODEL_PREDICTION_NOT_EMPIRICAL
ORD-09,B6,1100,maia3-79m,2,d2d4,d4,0.22272434830665588,0.9878678212407976,0.42561317674662125,521,27,452,r1bqkb1r/pp1npppp/5n2/3p4/3N1B1P/8/PPP1PPP1/RN1QKB1R w KQkq -,MODEL_PREDICTION_NOT_EMPIRICAL
ORD-09,B6,1100,maia3-79m,3,e2e3,e3,0.020852725952863693,0.9878678212407976,0.42561317674662125,500,27,473,r1bqkb1r/pp1npppp/5n2/3p4/3N1B1P/8/PPP1PPP1/RN1QKB1R w KQkq -,MODEL_PREDICTION_NOT_EMPIRICAL
ORD-09,B6,1100,maia3-79m,4,g1f3,Nf3,0.0199762973934412,0.9878678212407976,0.42561317674662125,517,27,456,r1bqkb1r/pp1npppp/5n2/3p4/3N1B1P/8/PPP1PPP1/RN1QKB1R w KQkq -,MODEL_PREDICTION_NOT_EMPIRICAL
ORD-09,B6,1100,maia3-79m,5,c2c4,c4,0.015163088217377663,0.9878678212407976,0.42561317674662125,513,25,462,r1bqkb1r/pp1npppp/5n2/3p4/3N1B1P/8/PPP1PPP1/RN1QKB1R w KQkq -,MODEL_PREDICTION_NOT_EMPIRICAL
ORD-09,B6,1100,maia3-79m,6,g2g3,g3,0.010951454751193523,0.9878678212407976,0.42561317674662125,497,27,476,r1bqkb1r/pp1npppp/5n2/3p4/3N1B1P/8/PPP1PPP1/RN1QKB1R w KQkq -,MODEL_PREDICTION_NOT_EMPIRICAL
ORD-09,B6,1100,maia3-79m,7,b2b3,b3,0.007491483353078365,0.9878678212407976,0.42561317674662125,494,27,479,r1bqkb1r/pp1npppp/5n2/3p4/3N1B1P/8/PPP1PPP1/RN1QKB1R w KQkq -,MODEL_PREDICTION_NOT_EMPIRICAL
ORD-09,B6,1100,maia3-79m,8,d2d3,d3,0.005036455579102039,0.9878678212407976,0.42561317674662125,493,27,480,r1bqkb1r/pp1npppp/5n2/3p4/3N1B1P/8/PPP1PPP1/RN1QKB1R w KQkq -,MODEL_PREDICTION_NOT_EMPIRICAL
ORD-09,B6,1100,maia3-79m,9,b1c3,Nc3,0.004941529594361782,0.9878678212407976,0.42561317674662125,507,27,466,r1bqkb1r/pp1npppp/5n2/3p4/3N1B1P/8/PPP1PPP1/RN1QKB1R w KQkq -,MODEL_PREDICTION_NOT_EMPIRICAL
ORD-09,B6,1100,maia3-79m,10,f2f4,f4,0.0035755394492298365,0.9878678212407976,0.42561317674662125,500,26,474,r1bqkb1r/pp1npppp/5n2/3p4/3N1B1P/8/PPP1PPP1/RN1QKB1R w KQkq -,MODEL_PREDICTION_NOT_EMPIRICAL
ORD-09,B6,1300,maia3-79m,1,e2e4,e4,0.6652060747146606,0.9883486481849104,0.4312486267262949,508,25,467,r1bqkb1r/pp1npppp/5n2/3p4/3N1B1P/8/PPP1PPP1/RN1QKB1R w KQkq -,MODEL_PREDICTION_NOT_EMPIRICAL
ORD-09,B6,1300,maia3-79m,2,d2d4,d4,0.23515543341636658,0.9883486481849104,0.4312486267262949,519,26,455,r1bqkb1r/pp1npppp/5n2/3p4/3N1B1P/8/PPP1PPP1/RN1QKB1R w KQkq -,MODEL_PREDICTION_NOT_EMPIRICAL
ORD-09,B6,1300,maia3-79m,3,g1f3,Nf3,0.019363317638635635,0.9883486481849104,0.4312486267262949,521,27,452,r1bqkb1r/pp1npppp/5n2/3p4/3N1B1P/8/PPP1PPP1/RN1QKB1R w KQkq -,MODEL_PREDICTION_NOT_EMPIRICAL
ORD-09,B6,1300,maia3-79m,4,c2c4,c4,0.018627913668751717,0.9883486481849104,0.4312486267262949,513,25,462,r1bqkb1r/pp1npppp/5n2/3p4/3N1B1P/8/PPP1PPP1/RN1QKB1R w KQkq -,MODEL_PREDICTION_NOT_EMPIRICAL
ORD-09,B6,1300,maia3-79m,5,e2e3,e3,0.017626332119107246,0.9883486481849104,0.4312486267262949,499,26,475,r1bqkb1r/pp1npppp/5n2/3p4/3N1B1P/8/PPP1PPP1/RN1QKB1R w KQkq -,MODEL_PREDICTION_NOT_EMPIRICAL
ORD-09,B6,1300,maia3-79m,6,g2g3,g3,0.011335160583257675,0.9883486481849104,0.4312486267262949,500,27,473,r1bqkb1r/pp1npppp/5n2/3p4/3N1B1P/8/PPP1PPP1/RN1QKB1R w KQkq -,MODEL_PREDICTION_NOT_EMPIRICAL
ORD-09,B6,1300,maia3-79m,7,b2b3,b3,0.008808943443000317,0.9883486481849104,0.4312486267262949,503,26,471,r1bqkb1r/pp1npppp/5n2/3p4/3N1B1P/8/PPP1PPP1/RN1QKB1R w KQkq -,MODEL_PREDICTION_NOT_EMPIRICAL
ORD-09,B6,1300,maia3-79m,8,d2d3,d3,0.004596428479999304,0.9883486481849104,0.4312486267262949,494,27,479,r1bqkb1r/pp1npppp/5n2/3p4/3N1B1P/8/PPP1PPP1/RN1QKB1R w KQkq -,MODEL_PREDICTION_NOT_EMPIRICAL
ORD-09,B6,1300,maia3-79m,9,f2f4,f4,0.0041140238754451275,0.9883486481849104,0.4312486267262949,506,25,469,r1bqkb1r/pp1npppp/5n2/3p4/3N1B1P/8/PPP1PPP1/RN1QKB1R w KQkq -,MODEL_PREDICTION_NOT_EMPIRICAL
ORD-09,B6,1300,maia3-79m,10,b1c3,Nc3,0.0035150202456861734,0.9883486481849104,0.4312486267262949,513,26,461,r1bqkb1r/pp1npppp/5n2/3p4/3N1B1P/8/PPP1PPP1/RN1QKB1R w KQkq -,MODEL_PREDICTION_NOT_EMPIRICAL
ORD-09,B6,1500,maia3-79m,1,e2e4,e4,0.6482347846031189,0.9890689314343035,0.44840463559511406,505,27,468,r1bqkb1r/pp1npppp/5n2/3p4/3N1B1P/8/PPP1PPP1/RN1QKB1R w KQkq -,MODEL_PREDICTION_NOT_EMPIRICAL
ORD-09,B6,1500,maia3-79m,2,d2d4,d4,0.24543097615242004,0.9890689314343035,0.44840463559511406,515,28,457,r1bqkb1r/pp1npppp/5n2/3p4/3N1B1P/8/PPP1PPP1/RN1QKB1R w KQkq -,MODEL_PREDICTION_NOT_EMPIRICAL
ORD-09,B6,1500,maia3-79m,3,c2c4,c4,0.02303183265030384,0.9890689314343035,0.44840463559511406,511,27,462,r1bqkb1r/pp1npppp/5n2/3p4/3N1B1P/8/PPP1PPP1/RN1QKB1R w KQkq -,MODEL_PREDICTION_NOT_EMPIRICAL
ORD-09,B6,1500,maia3-79m,4,g1f3,Nf3,0.02068304643034935,0.9890689314343035,0.44840463559511406,525,27,448,r1bqkb1r/pp1npppp/5n2/3p4/3N1B1P/8/PPP1PPP1/RN1QKB1R w KQkq -,MODEL_PREDICTION_NOT_EMPIRICAL
ORD-09,B6,1500,maia3-79m,5,e2e3,e3,0.015259450301527977,0.9890689314343035,0.44840463559511406,497,27,476,r1bqkb1r/pp1npppp/5n2/3p4/3N1B1P/8/PPP1PPP1/RN1QKB1R w KQkq -,MODEL_PREDICTION_NOT_EMPIRICAL
ORD-09,B6,1500,maia3-79m,6,g2g3,g3,0.011820637620985508,0.9890689314343035,0.44840463559511406,503,28,469,r1bqkb1r/pp1npppp/5n2/3p4/3N1B1P/8/PPP1PPP1/RN1QKB1R w KQkq -,MODEL_PREDICTION_NOT_EMPIRICAL
ORD-09,B6,1500,maia3-79m,7,b2b3,b3,0.01035252958536148,0.9890689314343035,0.44840463559511406,505,27,468,r1bqkb1r/pp1npppp/5n2/3p4/3N1B1P/8/PPP1PPP1/RN1QKB1R w KQkq -,MODEL_PREDICTION_NOT_EMPIRICAL
ORD-09,B6,1500,maia3-79m,8,f2f4,f4,0.005875293631106615,0.9890689314343035,0.44840463559511406,507,25,468,r1bqkb1r/pp1npppp/5n2/3p4/3N1B1P/8/PPP1PPP1/RN1QKB1R w KQkq -,MODEL_PREDICTION_NOT_EMPIRICAL
ORD-09,B6,1500,maia3-79m,9,d2d3,d3,0.00447371369227767,0.9890689314343035,0.44840463559511406,496,28,476,r1bqkb1r/pp1npppp/5n2/3p4/3N1B1P/8/PPP1PPP1/RN1QKB1R w KQkq -,MODEL_PREDICTION_NOT_EMPIRICAL
ORD-09,B6,1500,maia3-79m,10,b2b4,b4,0.00390666676685214,0.9890689314343035,0.44840463559511406,515,24,461,r1bqkb1r/pp1npppp/5n2/3p4/3N1B1P/8/PPP1PPP1/RN1QKB1R w KQkq -,MODEL_PREDICTION_NOT_EMPIRICAL
ORD-09,B6,1700,maia3-79m,1,e2e4,e4,0.625694990158081,0.9896683357656002,0.47033680283448054,504,29,467,r1bqkb1r/pp1npppp/5n2/3p4/3N1B1P/8/PPP1PPP1/RN1QKB1R w KQkq -,MODEL_PREDICTION_NOT_EMPIRICAL
ORD-09,B6,1700,maia3-79m,2,d2d4,d4,0.257449209690094,0.9896683357656002,0.47033680283448054,515,31,454,r1bqkb1r/pp1npppp/5n2/3p4/3N1B1P/8/PPP1PPP1/RN1QKB1R w KQkq -,MODEL_PREDICTION_NOT_EMPIRICAL
ORD-09,B6,1700,maia3-79m,3,c2c4,c4,0.029208268970251083,0.9896683357656002,0.47033680283448054,513,30,457,r1bqkb1r/pp1npppp/5n2/3p4/3N1B1P/8/PPP1PPP1/RN1QKB1R w KQkq -,MODEL_PREDICTION_NOT_EMPIRICAL
ORD-09,B6,1700,maia3-79m,4,g1f3,Nf3,0.023894039914011955,0.9896683357656002,0.47033680283448054,530,30,440,r1bqkb1r/pp1npppp/5n2/3p4/3N1B1P/8/PPP1PPP1/RN1QKB1R w KQkq -,MODEL_PREDICTION_NOT_EMPIRICAL
ORD-09,B6,1700,maia3-79m,5,e2e3,e3,0.012733161449432373,0.9896683357656002,0.47033680283448054,501,29,470,r1bqkb1r/pp1npppp/5n2/3p4/3N1B1P/8/PPP1PPP1/RN1QKB1R w KQkq -,MODEL_PREDICTION_NOT_EMPIRICAL
ORD-09,B6,1700,maia3-79m,6,g2g3,g3,0.011797066777944565,0.9896683357656002,0.47033680283448054,508,30,462,r1bqkb1r/pp1npppp/5n2/3p4/3N1B1P/8/PPP1PPP1/RN1QKB1R w KQkq -,MODEL_PREDICTION_NOT_EMPIRICAL
ORD-09,B6,1700,maia3-79m,7,b2b3,b3,0.011401703581213951,0.9896683357656002,0.47033680283448054,510,29,461,r1bqkb1r/pp1npppp/5n2/3p4/3N1B1P/8/PPP1PPP1/RN1QKB1R w KQkq -,MODEL_PREDICTION_NOT_EMPIRICAL
ORD-09,B6,1700,maia3-79m,8,f2f4,f4,0.00882899109274149,0.9896683357656002,0.47033680283448054,507,28,465,r1bqkb1r/pp1npppp/5n2/3p4/3N1B1P/8/PPP1PPP1/RN1QKB1R w KQkq -,MODEL_PREDICTION_NOT_EMPIRICAL
ORD-09,B6,1700,maia3-79m,9,b2b4,b4,0.004424287937581539,0.9896683357656002,0.47033680283448054,518,27,455,r1bqkb1r/pp1npppp/5n2/3p4/3N1B1P/8/PPP1PPP1/RN1QKB1R w KQkq -,MODEL_PREDICTION_NOT_EMPIRICAL
ORD-09,B6,1700,maia3-79m,10,d2d3,d3,0.0042366161942481995,0.9896683357656002,0.47033680283448054,500,30,470,r1bqkb1r/pp1npppp/5n2/3p4/3N1B1P/8/PPP1PPP1/RN1QKB1R w KQkq -,MODEL_PREDICTION_NOT_EMPIRICAL
ORD-09,B6,1900,maia3-79m,1,e2e4,e4,0.5982585549354553,0.9897327157668769,0.4932666454104177,503,33,464,r1bqkb1r/pp1npppp/5n2/3p4/3N1B1P/8/PPP1PPP1/RN1QKB1R w KQkq -,MODEL_PREDICTION_NOT_EMPIRICAL
ORD-09,B6,1900,maia3-79m,2,d2d4,d4,0.27083200216293335,0.9897327157668769,0.4932666454104177,513,36,451,r1bqkb1r/pp1npppp/5n2/3p4/3N1B1P/8/PPP1PPP1/RN1QKB1R w KQkq -,MODEL_PREDICTION_NOT_EMPIRICAL
ORD-09,B6,1900,maia3-79m,3,c2c4,c4,0.03720775246620178,0.9897327157668769,0.4932666454104177,512,35,453,r1bqkb1r/pp1npppp/5n2/3p4/3N1B1P/8/PPP1PPP1/RN1QKB1R w KQkq -,MODEL_PREDICTION_NOT_EMPIRICAL
ORD-09,B6,1900,maia3-79m,4,g1f3,Nf3,0.030766692012548447,0.9897327157668769,0.4932666454104177,527,36,437,r1bqkb1r/pp1npppp/5n2/3p4/3N1B1P/8/PPP1PPP1/RN1QKB1R w KQkq -,MODEL_PREDICTION_NOT_EMPIRICAL
ORD-09,B6,1900,maia3-79m,5,f2f4,f4,0.012273138388991356,0.9897327157668769,0.4932666454104177,504,32,464,r1bqkb1r/pp1npppp/5n2/3p4/3N1B1P/8/PPP1PPP1/RN1QKB1R w KQkq -,MODEL_PREDICTION_NOT_EMPIRICAL
ORD-09,B6,1900,maia3-79m,6,b2b3,b3,0.011618333868682384,0.9897327157668769,0.4932666454104177,513,34,453,r1bqkb1r/pp1npppp/5n2/3p4/3N1B1P/8/PPP1PPP1/RN1QKB1R w KQkq -,MODEL_PREDICTION_NOT_EMPIRICAL
ORD-09,B6,1900,maia3-79m,7,g2g3,g3,0.010595535859465599,0.9897327157668769,0.4932666454104177,509,35,456,r1bqkb1r/pp1npppp/5n2/3p4/3N1B1P/8/PPP1PPP1/RN1QKB1R w KQkq -,MODEL_PREDICTION_NOT_EMPIRICAL
ORD-09,B6,1900,maia3-79m,8,e2e3,e3,0.009855199605226517,0.9897327157668769,0.4932666454104177,501,34,465,r1bqkb1r/pp1npppp/5n2/3p4/3N1B1P/8/PPP1PPP1/RN1QKB1R w KQkq -,MODEL_PREDICTION_NOT_EMPIRICAL
ORD-09,B6,1900,maia3-79m,9,b2b4,b4,0.0044146692380309105,0.9897327157668769,0.4932666454104177,517,31,452,r1bqkb1r/pp1npppp/5n2/3p4/3N1B1P/8/PPP1PPP1/RN1QKB1R w KQkq -,MODEL_PREDICTION_NOT_EMPIRICAL
ORD-09,B6,1900,maia3-79m,10,d2d3,d3,0.0039108372293412685,0.9897327157668769,0.4932666454104177,497,35,468,r1bqkb1r/pp1npppp/5n2/3p4/3N1B1P/8/PPP1PPP1/RN1QKB1R w KQkq -,MODEL_PREDICTION_NOT_EMPIRICAL
ORD-09,B6,2100,maia3-79m,1,e2e4,e4,0.5516610741615295,0.9894236333202571,0.5245369929792545,498,41,461,r1bqkb1r/pp1npppp/5n2/3p4/3N1B1P/8/PPP1PPP1/RN1QKB1R w KQkq -,MODEL_PREDICTION_NOT_EMPIRICAL
ORD-09,B6,2100,maia3-79m,2,d2d4,d4,0.29356226325035095,0.9894236333202571,0.5245369929792545,510,44,446,r1bqkb1r/pp1npppp/5n2/3p4/3N1B1P/8/PPP1PPP1/RN1QKB1R w KQkq -,MODEL_PREDICTION_NOT_EMPIRICAL
ORD-09,B6,2100,maia3-79m,3,g1f3,Nf3,0.0481594055891037,0.9894236333202571,0.5245369929792545,516,45,439,r1bqkb1r/pp1npppp/5n2/3p4/3N1B1P/8/PPP1PPP1/RN1QKB1R w KQkq -,MODEL_PREDICTION_NOT_EMPIRICAL
ORD-09,B6,2100,maia3-79m,4,c2c4,c4,0.0476539246737957,0.9894236333202571,0.5245369929792545,507,43,450,r1bqkb1r/pp1npppp/5n2/3p4/3N1B1P/8/PPP1PPP1/RN1QKB1R w KQkq -,MODEL_PREDICTION_NOT_EMPIRICAL
ORD-09,B6,2100,maia3-79m,5,f2f4,f4,0.012484685517847538,0.9894236333202571,0.5245369929792545,497,40,463,r1bqkb1r/pp1npppp/5n2/3p4/3N1B1P/8/PPP1PPP1/RN1QKB1R w KQkq -,MODEL_PREDICTION_NOT_EMPIRICAL
ORD-09,B6,2100,maia3-79m,6,b2b3,b3,0.012168200686573982,0.9894236333202571,0.5245369929792545,507,42,451,r1bqkb1r/pp1npppp/5n2/3p4/3N1B1P/8/PPP1PPP1/RN1QKB1R w KQkq -,MODEL_PREDICTION_NOT_EMPIRICAL
ORD-09,B6,2100,maia3-79m,7,g2g3,g3,0.008714002557098866,0.9894236333202571,0.5245369929792545,505,42,453,r1bqkb1r/pp1npppp/5n2/3p4/3N1B1P/8/PPP1PPP1/RN1QKB1R w KQkq -,MODEL_PREDICTION_NOT_EMPIRICAL
ORD-09,B6,2100,maia3-79m,8,e2e3,e3,0.006894053891301155,0.9894236333202571,0.5245369929792545,497,43,460,r1bqkb1r/pp1npppp/5n2/3p4/3N1B1P/8/PPP1PPP1/RN1QKB1R w KQkq -,MODEL_PREDICTION_NOT_EMPIRICAL
ORD-09,B6,2100,maia3-79m,9,b1c3,Nc3,0.0044635990634560585,0.9894236333202571,0.5245369929792545,521,42,437,r1bqkb1r/pp1npppp/5n2/3p4/3N1B1P/8/PPP1PPP1/RN1QKB1R w KQkq -,MODEL_PREDICTION_NOT_EMPIRICAL
ORD-09,B6,2100,maia3-79m,10,d2d3,d3,0.0036624239291995764,0.9894236333202571,0.5245369929792545,489,44,467,r1bqkb1r/pp1npppp/5n2/3p4/3N1B1P/8/PPP1PPP1/RN1QKB1R w KQkq -,MODEL_PREDICTION_NOT_EMPIRICAL
TOR-08,B6,1100,maia3-79m,1,e2e4,e4,0.6771548986434937,0.9878678212407976,0.42561317674662125,513,26,461,rnbqkb1r/ppp1p1pp/5p2/3p2B1/3Pn3/4PN2/PPP2PPP/RN1QKB1R w KQkq -,MODEL_PREDICTION_NOT_EMPIRICAL
TOR-08,B6,1100,maia3-79m,2,d2d4,d4,0.22272434830665588,0.9878678212407976,0.42561317674662125,521,27,452,rnbqkb1r/ppp1p1pp/5p2/3p2B1/3Pn3/4PN2/PPP2PPP/RN1QKB1R w KQkq -,MODEL_PREDICTION_NOT_EMPIRICAL
TOR-08,B6,1100,maia3-79m,3,e2e3,e3,0.020852725952863693,0.9878678212407976,0.42561317674662125,500,27,473,rnbqkb1r/ppp1p1pp/5p2/3p2B1/3Pn3/4PN2/PPP2PPP/RN1QKB1R w KQkq -,MODEL_PREDICTION_NOT_EMPIRICAL
TOR-08,B6,1100,maia3-79m,4,g1f3,Nf3,0.0199762973934412,0.9878678212407976,0.42561317674662125,517,27,456,rnbqkb1r/ppp1p1pp/5p2/3p2B1/3Pn3/4PN2/PPP2PPP/RN1QKB1R w KQkq -,MODEL_PREDICTION_NOT_EMPIRICAL
TOR-08,B6,1100,maia3-79m,5,c2c4,c4,0.015163088217377663,0.9878678212407976,0.42561317674662125,513,25,462,rnbqkb1r/ppp1p1pp/5p2/3p2B1/3Pn3/4PN2/PPP2PPP/RN1QKB1R w KQkq -,MODEL_PREDICTION_NOT_EMPIRICAL
TOR-08,B6,1100,maia3-79m,6,g2g3,g3,0.010951454751193523,0.9878678212407976,0.42561317674662125,497,27,476,rnbqkb1r/ppp1p1pp/5p2/3p2B1/3Pn3/4PN2/PPP2PPP/RN1QKB1R w KQkq -,MODEL_PREDICTION_NOT_EMPIRICAL
TOR-08,B6,1100,maia3-79m,7,b2b3,b3,0.007491483353078365,0.9878678212407976,0.42561317674662125,494,27,479,rnbqkb1r/ppp1p1pp/5p2/3p2B1/3Pn3/4PN2/PPP2PPP/RN1QKB1R w KQkq -,MODEL_PREDICTION_NOT_EMPIRICAL
TOR-08,B6,1100,maia3-79m,8,d2d3,d3,0.005036455579102039,0.9878678212407976,0.42561317674662125,493,27,480,rnbqkb1r/ppp1p1pp/5p2/3p2B1/3Pn3/4PN2/PPP2PPP/RN1QKB1R w KQkq -,MODEL_PREDICTION_NOT_EMPIRICAL
TOR-08,B6,1100,maia3-79m,9,b1c3,Nc3,0.004941529594361782,0.9878678212407976,0.42561317674662125,507,27,466,rnbqkb1r/ppp1p1pp/5p2/3p2B1/3Pn3/4PN2/PPP2PPP/RN1QKB1R w KQkq -,MODEL_PREDICTION_NOT_EMPIRICAL
TOR-08,B6,1100,maia3-79m,10,f2f4,f4,0.0035755394492298365,0.9878678212407976,0.42561317674662125,500,26,474,rnbqkb1r/ppp1p1pp/5p2/3p2B1/3Pn3/4PN2/PPP2PPP/RN1QKB1R w KQkq -,MODEL_PREDICTION_NOT_EMPIRICAL
TOR-08,B6,1300,maia3-79m,1,e2e4,e4,0.6652060747146606,0.9883486481849104,0.4312486267262949,508,25,467,rnbqkb1r/ppp1p1pp/5p2/3p2B1/3Pn3/4PN2/PPP2PPP/RN1QKB1R w KQkq -,MODEL_PREDICTION_NOT_EMPIRICAL
TOR-08,B6,1300,maia3-79m,2,d2d4,d4,0.23515543341636658,0.9883486481849104,0.4312486267262949,519,26,455,rnbqkb1r/ppp1p1pp/5p2/3p2B1/3Pn3/4PN2/PPP2PPP/RN1QKB1R w KQkq -,MODEL_PREDICTION_NOT_EMPIRICAL
TOR-08,B6,1300,maia3-79m,3,g1f3,Nf3,0.019363317638635635,0.9883486481849104,0.4312486267262949,521,27,452,rnbqkb1r/ppp1p1pp/5p2/3p2B1/3Pn3/4PN2/PPP2PPP/RN1QKB1R w KQkq -,MODEL_PREDICTION_NOT_EMPIRICAL
TOR-08,B6,1300,maia3-79m,4,c2c4,c4,0.018627913668751717,0.9883486481849104,0.4312486267262949,513,25,462,rnbqkb1r/ppp1p1pp/5p2/3p2B1/3Pn3/4PN2/PPP2PPP/RN1QKB1R w KQkq -,MODEL_PREDICTION_NOT_EMPIRICAL
TOR-08,B6,1300,maia3-79m,5,e2e3,e3,0.017626332119107246,0.9883486481849104,0.4312486267262949,499,26,475,rnbqkb1r/ppp1p1pp/5p2/3p2B1/3Pn3/4PN2/PPP2PPP/RN1QKB1R w KQkq -,MODEL_PREDICTION_NOT_EMPIRICAL
TOR-08,B6,1300,maia3-79m,6,g2g3,g3,0.011335160583257675,0.9883486481849104,0.4312486267262949,500,27,473,rnbqkb1r/ppp1p1pp/5p2/3p2B1/3Pn3/4PN2/PPP2PPP/RN1QKB1R w KQkq -,MODEL_PREDICTION_NOT_EMPIRICAL
TOR-08,B6,1300,maia3-79m,7,b2b3,b3,0.008808943443000317,0.9883486481849104,0.4312486267262949,503,26,471,rnbqkb1r/ppp1p1pp/5p2/3p2B1/3Pn3/4PN2/PPP2PPP/RN1QKB1R w KQkq -,MODEL_PREDICTION_NOT_EMPIRICAL
TOR-08,B6,1300,maia3-79m,8,d2d3,d3,0.004596428479999304,0.9883486481849104,0.4312486267262949,494,27,479,rnbqkb1r/ppp1p1pp/5p2/3p2B1/3Pn3/4PN2/PPP2PPP/RN1QKB1R w KQkq -,MODEL_PREDICTION_NOT_EMPIRICAL
TOR-08,B6,1300,maia3-79m,9,f2f4,f4,0.0041140238754451275,0.9883486481849104,0.4312486267262949,506,25,469,rnbqkb1r/ppp1p1pp/5p2/3p2B1/3Pn3/4PN2/PPP2PPP/RN1QKB1R w KQkq -,MODEL_PREDICTION_NOT_EMPIRICAL
TOR-08,B6,1300,maia3-79m,10,b1c3,Nc3,0.0035150202456861734,0.9883486481849104,0.4312486267262949,513,26,461,rnbqkb1r/ppp1p1pp/5p2/3p2B1/3Pn3/4PN2/PPP2PPP/RN1QKB1R w KQkq -,MODEL_PREDICTION_NOT_EMPIRICAL
TOR-08,B6,1500,maia3-79m,1,e2e4,e4,0.6482347846031189,0.9890689314343035,0.44840463559511406,505,27,468,rnbqkb1r/ppp1p1pp/5p2/3p2B1/3Pn3/4PN2/PPP2PPP/RN1QKB1R w KQkq -,MODEL_PREDICTION_NOT_EMPIRICAL
TOR-08,B6,1500,maia3-79m,2,d2d4,d4,0.24543097615242004,0.9890689314343035,0.44840463559511406,515,28,457,rnbqkb1r/ppp1p1pp/5p2/3p2B1/3Pn3/4PN2/PPP2PPP/RN1QKB1R w KQkq -,MODEL_PREDICTION_NOT_EMPIRICAL
TOR-08,B6,1500,maia3-79m,3,c2c4,c4,0.02303183265030384,0.9890689314343035,0.44840463559511406,511,27,462,rnbqkb1r/ppp1p1pp/5p2/3p2B1/3Pn3/4PN2/PPP2PPP/RN1QKB1R w KQkq -,MODEL_PREDICTION_NOT_EMPIRICAL
TOR-08,B6,1500,maia3-79m,4,g1f3,Nf3,0.02068304643034935,0.9890689314343035,0.44840463559511406,525,27,448,rnbqkb1r/ppp1p1pp/5p2/3p2B1/3Pn3/4PN2/PPP2PPP/RN1QKB1R w KQkq -,MODEL_PREDICTION_NOT_EMPIRICAL
TOR-08,B6,1500,maia3-79m,5,e2e3,e3,0.015259450301527977,0.9890689314343035,0.44840463559511406,497,27,476,rnbqkb1r/ppp1p1pp/5p2/3p2B1/3Pn3/4PN2/PPP2PPP/RN1QKB1R w KQkq -,MODEL_PREDICTION_NOT_EMPIRICAL
TOR-08,B6,1500,maia3-79m,6,g2g3,g3,0.011820637620985508,0.9890689314343035,0.44840463559511406,503,28,469,rnbqkb1r/ppp1p1pp/5p2/3p2B1/3Pn3/4PN2/PPP2PPP/RN1QKB1R w KQkq -,MODEL_PREDICTION_NOT_EMPIRICAL
TOR-08,B6,1500,maia3-79m,7,b2b3,b3,0.01035252958536148,0.9890689314343035,0.44840463559511406,505,27,468,rnbqkb1r/ppp1p1pp/5p2/3p2B1/3Pn3/4PN2/PPP2PPP/RN1QKB1R w KQkq -,MODEL_PREDICTION_NOT_EMPIRICAL
TOR-08,B6,1500,maia3-79m,8,f2f4,f4,0.005875293631106615,0.9890689314343035,0.44840463559511406,507,25,468,rnbqkb1r/ppp1p1pp/5p2/3p2B1/3Pn3/4PN2/PPP2PPP/RN1QKB1R w KQkq -,MODEL_PREDICTION_NOT_EMPIRICAL
TOR-08,B6,1500,maia3-79m,9,d2d3,d3,0.00447371369227767,0.9890689314343035,0.44840463559511406,496,28,476,rnbqkb1r/ppp1p1pp/5p2/3p2B1/3Pn3/4PN2/PPP2PPP/RN1QKB1R w KQkq -,MODEL_PREDICTION_NOT_EMPIRICAL
TOR-08,B6,1500,maia3-79m,10,b2b4,b4,0.00390666676685214,0.9890689314343035,0.44840463559511406,515,24,461,rnbqkb1r/ppp1p1pp/5p2/3p2B1/3Pn3/4PN2/PPP2PPP/RN1QKB1R w KQkq -,MODEL_PREDICTION_NOT_EMPIRICAL
TOR-08,B6,1700,maia3-79m,1,e2e4,e4,0.625694990158081,0.9896683357656002,0.47033680283448054,504,29,467,rnbqkb1r/ppp1p1pp/5p2/3p2B1/3Pn3/4PN2/PPP2PPP/RN1QKB1R w KQkq -,MODEL_PREDICTION_NOT_EMPIRICAL
TOR-08,B6,1700,maia3-79m,2,d2d4,d4,0.257449209690094,0.9896683357656002,0.47033680283448054,515,31,454,rnbqkb1r/ppp1p1pp/5p2/3p2B1/3Pn3/4PN2/PPP2PPP/RN1QKB1R w KQkq -,MODEL_PREDICTION_NOT_EMPIRICAL
TOR-08,B6,1700,maia3-79m,3,c2c4,c4,0.029208268970251083,0.9896683357656002,0.47033680283448054,513,30,457,rnbqkb1r/ppp1p1pp/5p2/3p2B1/3Pn3/4PN2/PPP2PPP/RN1QKB1R w KQkq -,MODEL_PREDICTION_NOT_EMPIRICAL
TOR-08,B6,1700,maia3-79m,4,g1f3,Nf3,0.023894039914011955,0.9896683357656002,0.47033680283448054,530,30,440,rnbqkb1r/ppp1p1pp/5p2/3p2B1/3Pn3/4PN2/PPP2PPP/RN1QKB1R w KQkq -,MODEL_PREDICTION_NOT_EMPIRICAL
TOR-08,B6,1700,maia3-79m,5,e2e3,e3,0.012733161449432373,0.9896683357656002,0.47033680283448054,501,29,470,rnbqkb1r/ppp1p1pp/5p2/3p2B1/3Pn3/4PN2/PPP2PPP/RN1QKB1R w KQkq -,MODEL_PREDICTION_NOT_EMPIRICAL
TOR-08,B6,1700,maia3-79m,6,g2g3,g3,0.011797066777944565,0.9896683357656002,0.47033680283448054,508,30,462,rnbqkb1r/ppp1p1pp/5p2/3p2B1/3Pn3/4PN2/PPP2PPP/RN1QKB1R w KQkq -,MODEL_PREDICTION_NOT_EMPIRICAL
TOR-08,B6,1700,maia3-79m,7,b2b3,b3,0.011401703581213951,0.9896683357656002,0.47033680283448054,510,29,461,rnbqkb1r/ppp1p1pp/5p2/3p2B1/3Pn3/4PN2/PPP2PPP/RN1QKB1R w KQkq -,MODEL_PREDICTION_NOT_EMPIRICAL
TOR-08,B6,1700,maia3-79m,8,f2f4,f4,0.00882899109274149,0.9896683357656002,0.47033680283448054,507,28,465,rnbqkb1r/ppp1p1pp/5p2/3p2B1/3Pn3/4PN2/PPP2PPP/RN1QKB1R w KQkq -,MODEL_PREDICTION_NOT_EMPIRICAL
TOR-08,B6,1700,maia3-79m,9,b2b4,b4,0.004424287937581539,0.9896683357656002,0.47033680283448054,518,27,455,rnbqkb1r/ppp1p1pp/5p2/3p2B1/3Pn3/4PN2/PPP2PPP/RN1QKB1R w KQkq -,MODEL_PREDICTION_NOT_EMPIRICAL
TOR-08,B6,1700,maia3-79m,10,d2d3,d3,0.0042366161942481995,0.9896683357656002,0.47033680283448054,500,30,470,rnbqkb1r/ppp1p1pp/5p2/3p2B1/3Pn3/4PN2/PPP2PPP/RN1QKB1R w KQkq -,MODEL_PREDICTION_NOT_EMPIRICAL
TOR-08,B6,1900,maia3-79m,1,e2e4,e4,0.5982585549354553,0.9897327157668769,0.4932666454104177,503,33,464,rnbqkb1r/ppp1p1pp/5p2/3p2B1/3Pn3/4PN2/PPP2PPP/RN1QKB1R w KQkq -,MODEL_PREDICTION_NOT_EMPIRICAL
TOR-08,B6,1900,maia3-79m,2,d2d4,d4,0.27083200216293335,0.9897327157668769,0.4932666454104177,513,36,451,rnbqkb1r/ppp1p1pp/5p2/3p2B1/3Pn3/4PN2/PPP2PPP/RN1QKB1R w KQkq -,MODEL_PREDICTION_NOT_EMPIRICAL
TOR-08,B6,1900,maia3-79m,3,c2c4,c4,0.03720775246620178,0.9897327157668769,0.4932666454104177,512,35,453,rnbqkb1r/ppp1p1pp/5p2/3p2B1/3Pn3/4PN2/PPP2PPP/RN1QKB1R w KQkq -,MODEL_PREDICTION_NOT_EMPIRICAL
TOR-08,B6,1900,maia3-79m,4,g1f3,Nf3,0.030766692012548447,0.9897327157668769,0.4932666454104177,527,36,437,rnbqkb1r/ppp1p1pp/5p2/3p2B1/3Pn3/4PN2/PPP2PPP/RN1QKB1R w KQkq -,MODEL_PREDICTION_NOT_EMPIRICAL
TOR-08,B6,1900,maia3-79m,5,f2f4,f4,0.012273138388991356,0.9897327157668769,0.4932666454104177,504,32,464,rnbqkb1r/ppp1p1pp/5p2/3p2B1/3Pn3/4PN2/PPP2PPP/RN1QKB1R w KQkq -,MODEL_PREDICTION_NOT_EMPIRICAL
TOR-08,B6,1900,maia3-79m,6,b2b3,b3,0.011618333868682384,0.9897327157668769,0.4932666454104177,513,34,453,rnbqkb1r/ppp1p1pp/5p2/3p2B1/3Pn3/4PN2/PPP2PPP/RN1QKB1R w KQkq -,MODEL_PREDICTION_NOT_EMPIRICAL
TOR-08,B6,1900,maia3-79m,7,g2g3,g3,0.010595535859465599,0.9897327157668769,0.4932666454104177,509,35,456,rnbqkb1r/ppp1p1pp/5p2/3p2B1/3Pn3/4PN2/PPP2PPP/RN1QKB1R w KQkq -,MODEL_PREDICTION_NOT_EMPIRICAL
TOR-08,B6,1900,maia3-79m,8,e2e3,e3,0.009855199605226517,0.9897327157668769,0.4932666454104177,501,34,465,rnbqkb1r/ppp1p1pp/5p2/3p2B1/3Pn3/4PN2/PPP2PPP/RN1QKB1R w KQkq -,MODEL_PREDICTION_NOT_EMPIRICAL
TOR-08,B6,1900,maia3-79m,9,b2b4,b4,0.0044146692380309105,0.9897327157668769,0.4932666454104177,517,31,452,rnbqkb1r/ppp1p1pp/5p2/3p2B1/3Pn3/4PN2/PPP2PPP/RN1QKB1R w KQkq -,MODEL_PREDICTION_NOT_EMPIRICAL
TOR-08,B6,1900,maia3-79m,10,d2d3,d3,0.0039108372293412685,0.9897327157668769,0.4932666454104177,497,35,468,rnbqkb1r/ppp1p1pp/5p2/3p2B1/3Pn3/4PN2/PPP2PPP/RN1QKB1R w KQkq -,MODEL_PREDICTION_NOT_EMPIRICAL
TOR-08,B6,2100,maia3-79m,1,e2e4,e4,0.5516610741615295,0.9894236333202571,0.5245369929792545,498,41,461,rnbqkb1r/ppp1p1pp/5p2/3p2B1/3Pn3/4PN2/PPP2PPP/RN1QKB1R w KQkq -,MODEL_PREDICTION_NOT_EMPIRICAL
TOR-08,B6,2100,maia3-79m,2,d2d4,d4,0.29356226325035095,0.9894236333202571,0.5245369929792545,510,44,446,rnbqkb1r/ppp1p1pp/5p2/3p2B1/3Pn3/4PN2/PPP2PPP/RN1QKB1R w KQkq -,MODEL_PREDICTION_NOT_EMPIRICAL
TOR-08,B6,2100,maia3-79m,3,g1f3,Nf3,0.0481594055891037,0.9894236333202571,0.5245369929792545,516,45,439,rnbqkb1r/ppp1p1pp/5p2/3p2B1/3Pn3/4PN2/PPP2PPP/RN1QKB1R w KQkq -,MODEL_PREDICTION_NOT_EMPIRICAL
TOR-08,B6,2100,maia3-79m,4,c2c4,c4,0.0476539246737957,0.9894236333202571,0.5245369929792545,507,43,450,rnbqkb1r/ppp1p1pp/5p2/3p2B1/3Pn3/4PN2/PPP2PPP/RN1QKB1R w KQkq -,MODEL_PREDICTION_NOT_EMPIRICAL
TOR-08,B6,2100,maia3-79m,5,f2f4,f4,0.012484685517847538,0.9894236333202571,0.5245369929792545,497,40,463,rnbqkb1r/ppp1p1pp/5p2/3p2B1/3Pn3/4PN2/PPP2PPP/RN1QKB1R w KQkq -,MODEL_PREDICTION_NOT_EMPIRICAL
TOR-08,B6,2100,maia3-79m,6,b2b3,b3,0.012168200686573982,0.9894236333202571,0.5245369929792545,507,42,451,rnbqkb1r/ppp1p1pp/5p2/3p2B1/3Pn3/4PN2/PPP2PPP/RN1QKB1R w KQkq -,MODEL_PREDICTION_NOT_EMPIRICAL
TOR-08,B6,2100,maia3-79m,7,g2g3,g3,0.008714002557098866,0.9894236333202571,0.5245369929792545,505,42,453,rnbqkb1r/ppp1p1pp/5p2/3p2B1/3Pn3/4PN2/PPP2PPP/RN1QKB1R w KQkq -,MODEL_PREDICTION_NOT_EMPIRICAL
TOR-08,B6,2100,maia3-79m,8,e2e3,e3,0.006894053891301155,0.9894236333202571,0.5245369929792545,497,43,460,rnbqkb1r/ppp1p1pp/5p2/3p2B1/3Pn3/4PN2/PPP2PPP/RN1QKB1R w KQkq -,MODEL_PREDICTION_NOT_EMPIRICAL
TOR-08,B6,2100,maia3-79m,9,b1c3,Nc3,0.0044635990634560585,0.9894236333202571,0.5245369929792545,521,42,437,rnbqkb1r/ppp1p1pp/5p2/3p2B1/3Pn3/4PN2/PPP2PPP/RN1QKB1R w KQkq -,MODEL_PREDICTION_NOT_EMPIRICAL
TOR-08,B6,2100,maia3-79m,10,d2d3,d3,0.0036624239291995764,0.9894236333202571,0.5245369929792545,489,44,467,rnbqkb1r/ppp1p1pp/5p2/3p2B1/3Pn3/4PN2/PPP2PPP/RN1QKB1R w KQkq -,MODEL_PREDICTION_NOT_EMPIRICAL
TOR-09,B6,1100,maia3-79m,1,e2e4,e4,0.6771548986434937,0.9878678212407976,0.42561317674662125,513,26,461,rnbqkb1r/ppp1p3/5p2/3p2pp/3P3B/4P3/PPPN1PPP/R2QKB1R w KQkq -,MODEL_PREDICTION_NOT_EMPIRICAL
TOR-09,B6,1100,maia3-79m,2,d2d4,d4,0.22272434830665588,0.9878678212407976,0.42561317674662125,521,27,452,rnbqkb1r/ppp1p3/5p2/3p2pp/3P3B/4P3/PPPN1PPP/R2QKB1R w KQkq -,MODEL_PREDICTION_NOT_EMPIRICAL
TOR-09,B6,1100,maia3-79m,3,e2e3,e3,0.020852725952863693,0.9878678212407976,0.42561317674662125,500,27,473,rnbqkb1r/ppp1p3/5p2/3p2pp/3P3B/4P3/PPPN1PPP/R2QKB1R w KQkq -,MODEL_PREDICTION_NOT_EMPIRICAL
TOR-09,B6,1100,maia3-79m,4,g1f3,Nf3,0.0199762973934412,0.9878678212407976,0.42561317674662125,517,27,456,rnbqkb1r/ppp1p3/5p2/3p2pp/3P3B/4P3/PPPN1PPP/R2QKB1R w KQkq -,MODEL_PREDICTION_NOT_EMPIRICAL
TOR-09,B6,1100,maia3-79m,5,c2c4,c4,0.015163088217377663,0.9878678212407976,0.42561317674662125,513,25,462,rnbqkb1r/ppp1p3/5p2/3p2pp/3P3B/4P3/PPPN1PPP/R2QKB1R w KQkq -,MODEL_PREDICTION_NOT_EMPIRICAL
TOR-09,B6,1100,maia3-79m,6,g2g3,g3,0.010951454751193523,0.9878678212407976,0.42561317674662125,497,27,476,rnbqkb1r/ppp1p3/5p2/3p2pp/3P3B/4P3/PPPN1PPP/R2QKB1R w KQkq -,MODEL_PREDICTION_NOT_EMPIRICAL
TOR-09,B6,1100,maia3-79m,7,b2b3,b3,0.007491483353078365,0.9878678212407976,0.42561317674662125,494,27,479,rnbqkb1r/ppp1p3/5p2/3p2pp/3P3B/4P3/PPPN1PPP/R2QKB1R w KQkq -,MODEL_PREDICTION_NOT_EMPIRICAL
TOR-09,B6,1100,maia3-79m,8,d2d3,d3,0.005036455579102039,0.9878678212407976,0.42561317674662125,493,27,480,rnbqkb1r/ppp1p3/5p2/3p2pp/3P3B/4P3/PPPN1PPP/R2QKB1R w KQkq -,MODEL_PREDICTION_NOT_EMPIRICAL
TOR-09,B6,1100,maia3-79m,9,b1c3,Nc3,0.004941529594361782,0.9878678212407976,0.42561317674662125,507,27,466,rnbqkb1r/ppp1p3/5p2/3p2pp/3P3B/4P3/PPPN1PPP/R2QKB1R w KQkq -,MODEL_PREDICTION_NOT_EMPIRICAL
TOR-09,B6,1100,maia3-79m,10,f2f4,f4,0.0035755394492298365,0.9878678212407976,0.42561317674662125,500,26,474,rnbqkb1r/ppp1p3/5p2/3p2pp/3P3B/4P3/PPPN1PPP/R2QKB1R w KQkq -,MODEL_PREDICTION_NOT_EMPIRICAL
TOR-09,B6,1300,maia3-79m,1,e2e4,e4,0.6652060747146606,0.9883486481849104,0.4312486267262949,508,25,467,rnbqkb1r/ppp1p3/5p2/3p2pp/3P3B/4P3/PPPN1PPP/R2QKB1R w KQkq -,MODEL_PREDICTION_NOT_EMPIRICAL
TOR-09,B6,1300,maia3-79m,2,d2d4,d4,0.23515543341636658,0.9883486481849104,0.4312486267262949,519,26,455,rnbqkb1r/ppp1p3/5p2/3p2pp/3P3B/4P3/PPPN1PPP/R2QKB1R w KQkq -,MODEL_PREDICTION_NOT_EMPIRICAL
TOR-09,B6,1300,maia3-79m,3,g1f3,Nf3,0.019363317638635635,0.9883486481849104,0.4312486267262949,521,27,452,rnbqkb1r/ppp1p3/5p2/3p2pp/3P3B/4P3/PPPN1PPP/R2QKB1R w KQkq -,MODEL_PREDICTION_NOT_EMPIRICAL
TOR-09,B6,1300,maia3-79m,4,c2c4,c4,0.018627913668751717,0.9883486481849104,0.4312486267262949,513,25,462,rnbqkb1r/ppp1p3/5p2/3p2pp/3P3B/4P3/PPPN1PPP/R2QKB1R w KQkq -,MODEL_PREDICTION_NOT_EMPIRICAL
TOR-09,B6,1300,maia3-79m,5,e2e3,e3,0.017626332119107246,0.9883486481849104,0.4312486267262949,499,26,475,rnbqkb1r/ppp1p3/5p2/3p2pp/3P3B/4P3/PPPN1PPP/R2QKB1R w KQkq -,MODEL_PREDICTION_NOT_EMPIRICAL
TOR-09,B6,1300,maia3-79m,6,g2g3,g3,0.011335160583257675,0.9883486481849104,0.4312486267262949,500,27,473,rnbqkb1r/ppp1p3/5p2/3p2pp/3P3B/4P3/PPPN1PPP/R2QKB1R w KQkq -,MODEL_PREDICTION_NOT_EMPIRICAL
TOR-09,B6,1300,maia3-79m,7,b2b3,b3,0.008808943443000317,0.9883486481849104,0.4312486267262949,503,26,471,rnbqkb1r/ppp1p3/5p2/3p2pp/3P3B/4P3/PPPN1PPP/R2QKB1R w KQkq -,MODEL_PREDICTION_NOT_EMPIRICAL
TOR-09,B6,1300,maia3-79m,8,d2d3,d3,0.004596428479999304,0.9883486481849104,0.4312486267262949,494,27,479,rnbqkb1r/ppp1p3/5p2/3p2pp/3P3B/4P3/PPPN1PPP/R2QKB1R w KQkq -,MODEL_PREDICTION_NOT_EMPIRICAL
TOR-09,B6,1300,maia3-79m,9,f2f4,f4,0.0041140238754451275,0.9883486481849104,0.4312486267262949,506,25,469,rnbqkb1r/ppp1p3/5p2/3p2pp/3P3B/4P3/PPPN1PPP/R2QKB1R w KQkq -,MODEL_PREDICTION_NOT_EMPIRICAL
TOR-09,B6,1300,maia3-79m,10,b1c3,Nc3,0.0035150202456861734,0.9883486481849104,0.4312486267262949,513,26,461,rnbqkb1r/ppp1p3/5p2/3p2pp/3P3B/4P3/PPPN1PPP/R2QKB1R w KQkq -,MODEL_PREDICTION_NOT_EMPIRICAL
TOR-09,B6,1500,maia3-79m,1,e2e4,e4,0.6482347846031189,0.9890689314343035,0.44840463559511406,505,27,468,rnbqkb1r/ppp1p3/5p2/3p2pp/3P3B/4P3/PPPN1PPP/R2QKB1R w KQkq -,MODEL_PREDICTION_NOT_EMPIRICAL
TOR-09,B6,1500,maia3-79m,2,d2d4,d4,0.24543097615242004,0.9890689314343035,0.44840463559511406,515,28,457,rnbqkb1r/ppp1p3/5p2/3p2pp/3P3B/4P3/PPPN1PPP/R2QKB1R w KQkq -,MODEL_PREDICTION_NOT_EMPIRICAL
TOR-09,B6,1500,maia3-79m,3,c2c4,c4,0.02303183265030384,0.9890689314343035,0.44840463559511406,511,27,462,rnbqkb1r/ppp1p3/5p2/3p2pp/3P3B/4P3/PPPN1PPP/R2QKB1R w KQkq -,MODEL_PREDICTION_NOT_EMPIRICAL
TOR-09,B6,1500,maia3-79m,4,g1f3,Nf3,0.02068304643034935,0.9890689314343035,0.44840463559511406,525,27,448,rnbqkb1r/ppp1p3/5p2/3p2pp/3P3B/4P3/PPPN1PPP/R2QKB1R w KQkq -,MODEL_PREDICTION_NOT_EMPIRICAL
TOR-09,B6,1500,maia3-79m,5,e2e3,e3,0.015259450301527977,0.9890689314343035,0.44840463559511406,497,27,476,rnbqkb1r/ppp1p3/5p2/3p2pp/3P3B/4P3/PPPN1PPP/R2QKB1R w KQkq -,MODEL_PREDICTION_NOT_EMPIRICAL
TOR-09,B6,1500,maia3-79m,6,g2g3,g3,0.011820637620985508,0.9890689314343035,0.44840463559511406,503,28,469,rnbqkb1r/ppp1p3/5p2/3p2pp/3P3B/4P3/PPPN1PPP/R2QKB1R w KQkq -,MODEL_PREDICTION_NOT_EMPIRICAL
TOR-09,B6,1500,maia3-79m,7,b2b3,b3,0.01035252958536148,0.9890689314343035,0.44840463559511406,505,27,468,rnbqkb1r/ppp1p3/5p2/3p2pp/3P3B/4P3/PPPN1PPP/R2QKB1R w KQkq -,MODEL_PREDICTION_NOT_EMPIRICAL
TOR-09,B6,1500,maia3-79m,8,f2f4,f4,0.005875293631106615,0.9890689314343035,0.44840463559511406,507,25,468,rnbqkb1r/ppp1p3/5p2/3p2pp/3P3B/4P3/PPPN1PPP/R2QKB1R w KQkq -,MODEL_PREDICTION_NOT_EMPIRICAL
TOR-09,B6,1500,maia3-79m,9,d2d3,d3,0.00447371369227767,0.9890689314343035,0.44840463559511406,496,28,476,rnbqkb1r/ppp1p3/5p2/3p2pp/3P3B/4P3/PPPN1PPP/R2QKB1R w KQkq -,MODEL_PREDICTION_NOT_EMPIRICAL
TOR-09,B6,1500,maia3-79m,10,b2b4,b4,0.00390666676685214,0.9890689314343035,0.44840463559511406,515,24,461,rnbqkb1r/ppp1p3/5p2/3p2pp/3P3B/4P3/PPPN1PPP/R2QKB1R w KQkq -,MODEL_PREDICTION_NOT_EMPIRICAL
TOR-09,B6,1700,maia3-79m,1,e2e4,e4,0.625694990158081,0.9896683357656002,0.47033680283448054,504,29,467,rnbqkb1r/ppp1p3/5p2/3p2pp/3P3B/4P3/PPPN1PPP/R2QKB1R w KQkq -,MODEL_PREDICTION_NOT_EMPIRICAL
TOR-09,B6,1700,maia3-79m,2,d2d4,d4,0.257449209690094,0.9896683357656002,0.47033680283448054,515,31,454,rnbqkb1r/ppp1p3/5p2/3p2pp/3P3B/4P3/PPPN1PPP/R2QKB1R w KQkq -,MODEL_PREDICTION_NOT_EMPIRICAL
TOR-09,B6,1700,maia3-79m,3,c2c4,c4,0.029208268970251083,0.9896683357656002,0.47033680283448054,513,30,457,rnbqkb1r/ppp1p3/5p2/3p2pp/3P3B/4P3/PPPN1PPP/R2QKB1R w KQkq -,MODEL_PREDICTION_NOT_EMPIRICAL
TOR-09,B6,1700,maia3-79m,4,g1f3,Nf3,0.023894039914011955,0.9896683357656002,0.47033680283448054,530,30,440,rnbqkb1r/ppp1p3/5p2/3p2pp/3P3B/4P3/PPPN1PPP/R2QKB1R w KQkq -,MODEL_PREDICTION_NOT_EMPIRICAL
TOR-09,B6,1700,maia3-79m,5,e2e3,e3,0.012733161449432373,0.9896683357656002,0.47033680283448054,501,29,470,rnbqkb1r/ppp1p3/5p2/3p2pp/3P3B/4P3/PPPN1PPP/R2QKB1R w KQkq -,MODEL_PREDICTION_NOT_EMPIRICAL
TOR-09,B6,1700,maia3-79m,6,g2g3,g3,0.011797066777944565,0.9896683357656002,0.47033680283448054,508,30,462,rnbqkb1r/ppp1p3/5p2/3p2pp/3P3B/4P3/PPPN1PPP/R2QKB1R w KQkq -,MODEL_PREDICTION_NOT_EMPIRICAL
TOR-09,B6,1700,maia3-79m,7,b2b3,b3,0.011401703581213951,0.9896683357656002,0.47033680283448054,510,29,461,rnbqkb1r/ppp1p3/5p2/3p2pp/3P3B/4P3/PPPN1PPP/R2QKB1R w KQkq -,MODEL_PREDICTION_NOT_EMPIRICAL
TOR-09,B6,1700,maia3-79m,8,f2f4,f4,0.00882899109274149,0.9896683357656002,0.47033680283448054,507,28,465,rnbqkb1r/ppp1p3/5p2/3p2pp/3P3B/4P3/PPPN1PPP/R2QKB1R w KQkq -,MODEL_PREDICTION_NOT_EMPIRICAL
TOR-09,B6,1700,maia3-79m,9,b2b4,b4,0.004424287937581539,0.9896683357656002,0.47033680283448054,518,27,455,rnbqkb1r/ppp1p3/5p2/3p2pp/3P3B/4P3/PPPN1PPP/R2QKB1R w KQkq -,MODEL_PREDICTION_NOT_EMPIRICAL
TOR-09,B6,1700,maia3-79m,10,d2d3,d3,0.0042366161942481995,0.9896683357656002,0.47033680283448054,500,30,470,rnbqkb1r/ppp1p3/5p2/3p2pp/3P3B/4P3/PPPN1PPP/R2QKB1R w KQkq -,MODEL_PREDICTION_NOT_EMPIRICAL
TOR-09,B6,1900,maia3-79m,1,e2e4,e4,0.5982585549354553,0.9897327157668769,0.4932666454104177,503,33,464,rnbqkb1r/ppp1p3/5p2/3p2pp/3P3B/4P3/PPPN1PPP/R2QKB1R w KQkq -,MODEL_PREDICTION_NOT_EMPIRICAL
TOR-09,B6,1900,maia3-79m,2,d2d4,d4,0.27083200216293335,0.9897327157668769,0.4932666454104177,513,36,451,rnbqkb1r/ppp1p3/5p2/3p2pp/3P3B/4P3/PPPN1PPP/R2QKB1R w KQkq -,MODEL_PREDICTION_NOT_EMPIRICAL
TOR-09,B6,1900,maia3-79m,3,c2c4,c4,0.03720775246620178,0.9897327157668769,0.4932666454104177,512,35,453,rnbqkb1r/ppp1p3/5p2/3p2pp/3P3B/4P3/PPPN1PPP/R2QKB1R w KQkq -,MODEL_PREDICTION_NOT_EMPIRICAL
TOR-09,B6,1900,maia3-79m,4,g1f3,Nf3,0.030766692012548447,0.9897327157668769,0.4932666454104177,527,36,437,rnbqkb1r/ppp1p3/5p2/3p2pp/3P3B/4P3/PPPN1PPP/R2QKB1R w KQkq -,MODEL_PREDICTION_NOT_EMPIRICAL
TOR-09,B6,1900,maia3-79m,5,f2f4,f4,0.012273138388991356,0.9897327157668769,0.4932666454104177,504,32,464,rnbqkb1r/ppp1p3/5p2/3p2pp/3P3B/4P3/PPPN1PPP/R2QKB1R w KQkq -,MODEL_PREDICTION_NOT_EMPIRICAL
TOR-09,B6,1900,maia3-79m,6,b2b3,b3,0.011618333868682384,0.9897327157668769,0.4932666454104177,513,34,453,rnbqkb1r/ppp1p3/5p2/3p2pp/3P3B/4P3/PPPN1PPP/R2QKB1R w KQkq -,MODEL_PREDICTION_NOT_EMPIRICAL
TOR-09,B6,1900,maia3-79m,7,g2g3,g3,0.010595535859465599,0.9897327157668769,0.4932666454104177,509,35,456,rnbqkb1r/ppp1p3/5p2/3p2pp/3P3B/4P3/PPPN1PPP/R2QKB1R w KQkq -,MODEL_PREDICTION_NOT_EMPIRICAL
TOR-09,B6,1900,maia3-79m,8,e2e3,e3,0.009855199605226517,0.9897327157668769,0.4932666454104177,501,34,465,rnbqkb1r/ppp1p3/5p2/3p2pp/3P3B/4P3/PPPN1PPP/R2QKB1R w KQkq -,MODEL_PREDICTION_NOT_EMPIRICAL
TOR-09,B6,1900,maia3-79m,9,b2b4,b4,0.0044146692380309105,0.9897327157668769,0.4932666454104177,517,31,452,rnbqkb1r/ppp1p3/5p2/3p2pp/3P3B/4P3/PPPN1PPP/R2QKB1R w KQkq -,MODEL_PREDICTION_NOT_EMPIRICAL
TOR-09,B6,1900,maia3-79m,10,d2d3,d3,0.0039108372293412685,0.9897327157668769,0.4932666454104177,497,35,468,rnbqkb1r/ppp1p3/5p2/3p2pp/3P3B/4P3/PPPN1PPP/R2QKB1R w KQkq -,MODEL_PREDICTION_NOT_EMPIRICAL
TOR-09,B6,2100,maia3-79m,1,e2e4,e4,0.5516610741615295,0.9894236333202571,0.5245369929792545,498,41,461,rnbqkb1r/ppp1p3/5p2/3p2pp/3P3B/4P3/PPPN1PPP/R2QKB1R w KQkq -,MODEL_PREDICTION_NOT_EMPIRICAL
TOR-09,B6,2100,maia3-79m,2,d2d4,d4,0.29356226325035095,0.9894236333202571,0.5245369929792545,510,44,446,rnbqkb1r/ppp1p3/5p2/3p2pp/3P3B/4P3/PPPN1PPP/R2QKB1R w KQkq -,MODEL_PREDICTION_NOT_EMPIRICAL
TOR-09,B6,2100,maia3-79m,3,g1f3,Nf3,0.0481594055891037,0.9894236333202571,0.5245369929792545,516,45,439,rnbqkb1r/ppp1p3/5p2/3p2pp/3P3B/4P3/PPPN1PPP/R2QKB1R w KQkq -,MODEL_PREDICTION_NOT_EMPIRICAL
TOR-09,B6,2100,maia3-79m,4,c2c4,c4,0.0476539246737957,0.9894236333202571,0.5245369929792545,507,43,450,rnbqkb1r/ppp1p3/5p2/3p2pp/3P3B/4P3/PPPN1PPP/R2QKB1R w KQkq -,MODEL_PREDICTION_NOT_EMPIRICAL
TOR-09,B6,2100,maia3-79m,5,f2f4,f4,0.012484685517847538,0.9894236333202571,0.5245369929792545,497,40,463,rnbqkb1r/ppp1p3/5p2/3p2pp/3P3B/4P3/PPPN1PPP/R2QKB1R w KQkq -,MODEL_PREDICTION_NOT_EMPIRICAL
TOR-09,B6,2100,maia3-79m,6,b2b3,b3,0.012168200686573982,0.9894236333202571,0.5245369929792545,507,42,451,rnbqkb1r/ppp1p3/5p2/3p2pp/3P3B/4P3/PPPN1PPP/R2QKB1R w KQkq -,MODEL_PREDICTION_NOT_EMPIRICAL
TOR-09,B6,2100,maia3-79m,7,g2g3,g3,0.008714002557098866,0.9894236333202571,0.5245369929792545,505,42,453,rnbqkb1r/ppp1p3/5p2/3p2pp/3P3B/4P3/PPPN1PPP/R2QKB1R w KQkq -,MODEL_PREDICTION_NOT_EMPIRICAL
TOR-09,B6,2100,maia3-79m,8,e2e3,e3,0.006894053891301155,0.9894236333202571,0.5245369929792545,497,43,460,rnbqkb1r/ppp1p3/5p2/3p2pp/3P3B/4P3/PPPN1PPP/R2QKB1R w KQkq -,MODEL_PREDICTION_NOT_EMPIRICAL
TOR-09,B6,2100,maia3-79m,9,b1c3,Nc3,0.0044635990634560585,0.9894236333202571,0.5245369929792545,521,42,437,rnbqkb1r/ppp1p3/5p2/3p2pp/3P3B/4P3/PPPN1PPP/R2QKB1R w KQkq -,MODEL_PREDICTION_NOT_EMPIRICAL
TOR-09,B6,2100,maia3-79m,10,d2d3,d3,0.0036624239291995764,0.9894236333202571,0.5245369929792545,489,44,467,rnbqkb1r/ppp1p3/5p2/3p2pp/3P3B/4P3/PPPN1PPP/R2QKB1R w KQkq -,MODEL_PREDICTION_NOT_EMPIRICAL
STO-01,B6,1100,maia3-79m,1,e2e4,e4,0.6771548986434937,0.9878678212407976,0.42561317674662125,513,26,461,rn1qkb1r/pp2pppp/5n2/3p1b2/2pP1P2/4P3/PPP1B1PP/RNBQK1NR w KQkq -,MODEL_PREDICTION_NOT_EMPIRICAL
STO-01,B6,1100,maia3-79m,2,d2d4,d4,0.22272434830665588,0.9878678212407976,0.42561317674662125,521,27,452,rn1qkb1r/pp2pppp/5n2/3p1b2/2pP1P2/4P3/PPP1B1PP/RNBQK1NR w KQkq -,MODEL_PREDICTION_NOT_EMPIRICAL
STO-01,B6,1100,maia3-79m,3,e2e3,e3,0.020852725952863693,0.9878678212407976,0.42561317674662125,500,27,473,rn1qkb1r/pp2pppp/5n2/3p1b2/2pP1P2/4P3/PPP1B1PP/RNBQK1NR w KQkq -,MODEL_PREDICTION_NOT_EMPIRICAL
STO-01,B6,1100,maia3-79m,4,g1f3,Nf3,0.0199762973934412,0.9878678212407976,0.42561317674662125,517,27,456,rn1qkb1r/pp2pppp/5n2/3p1b2/2pP1P2/4P3/PPP1B1PP/RNBQK1NR w KQkq -,MODEL_PREDICTION_NOT_EMPIRICAL
STO-01,B6,1100,maia3-79m,5,c2c4,c4,0.015163088217377663,0.9878678212407976,0.42561317674662125,513,25,462,rn1qkb1r/pp2pppp/5n2/3p1b2/2pP1P2/4P3/PPP1B1PP/RNBQK1NR w KQkq -,MODEL_PREDICTION_NOT_EMPIRICAL
STO-01,B6,1100,maia3-79m,6,g2g3,g3,0.010951454751193523,0.9878678212407976,0.42561317674662125,497,27,476,rn1qkb1r/pp2pppp/5n2/3p1b2/2pP1P2/4P3/PPP1B1PP/RNBQK1NR w KQkq -,MODEL_PREDICTION_NOT_EMPIRICAL
STO-01,B6,1100,maia3-79m,7,b2b3,b3,0.007491483353078365,0.9878678212407976,0.42561317674662125,494,27,479,rn1qkb1r/pp2pppp/5n2/3p1b2/2pP1P2/4P3/PPP1B1PP/RNBQK1NR w KQkq -,MODEL_PREDICTION_NOT_EMPIRICAL
STO-01,B6,1100,maia3-79m,8,d2d3,d3,0.005036455579102039,0.9878678212407976,0.42561317674662125,493,27,480,rn1qkb1r/pp2pppp/5n2/3p1b2/2pP1P2/4P3/PPP1B1PP/RNBQK1NR w KQkq -,MODEL_PREDICTION_NOT_EMPIRICAL
STO-01,B6,1100,maia3-79m,9,b1c3,Nc3,0.004941529594361782,0.9878678212407976,0.42561317674662125,507,27,466,rn1qkb1r/pp2pppp/5n2/3p1b2/2pP1P2/4P3/PPP1B1PP/RNBQK1NR w KQkq -,MODEL_PREDICTION_NOT_EMPIRICAL
STO-01,B6,1100,maia3-79m,10,f2f4,f4,0.0035755394492298365,0.9878678212407976,0.42561317674662125,500,26,474,rn1qkb1r/pp2pppp/5n2/3p1b2/2pP1P2/4P3/PPP1B1PP/RNBQK1NR w KQkq -,MODEL_PREDICTION_NOT_EMPIRICAL
STO-01,B6,1300,maia3-79m,1,e2e4,e4,0.6652060747146606,0.9883486481849104,0.4312486267262949,508,25,467,rn1qkb1r/pp2pppp/5n2/3p1b2/2pP1P2/4P3/PPP1B1PP/RNBQK1NR w KQkq -,MODEL_PREDICTION_NOT_EMPIRICAL
STO-01,B6,1300,maia3-79m,2,d2d4,d4,0.23515543341636658,0.9883486481849104,0.4312486267262949,519,26,455,rn1qkb1r/pp2pppp/5n2/3p1b2/2pP1P2/4P3/PPP1B1PP/RNBQK1NR w KQkq -,MODEL_PREDICTION_NOT_EMPIRICAL
STO-01,B6,1300,maia3-79m,3,g1f3,Nf3,0.019363317638635635,0.9883486481849104,0.4312486267262949,521,27,452,rn1qkb1r/pp2pppp/5n2/3p1b2/2pP1P2/4P3/PPP1B1PP/RNBQK1NR w KQkq -,MODEL_PREDICTION_NOT_EMPIRICAL
STO-01,B6,1300,maia3-79m,4,c2c4,c4,0.018627913668751717,0.9883486481849104,0.4312486267262949,513,25,462,rn1qkb1r/pp2pppp/5n2/3p1b2/2pP1P2/4P3/PPP1B1PP/RNBQK1NR w KQkq -,MODEL_PREDICTION_NOT_EMPIRICAL
STO-01,B6,1300,maia3-79m,5,e2e3,e3,0.017626332119107246,0.9883486481849104,0.4312486267262949,499,26,475,rn1qkb1r/pp2pppp/5n2/3p1b2/2pP1P2/4P3/PPP1B1PP/RNBQK1NR w KQkq -,MODEL_PREDICTION_NOT_EMPIRICAL
STO-01,B6,1300,maia3-79m,6,g2g3,g3,0.011335160583257675,0.9883486481849104,0.4312486267262949,500,27,473,rn1qkb1r/pp2pppp/5n2/3p1b2/2pP1P2/4P3/PPP1B1PP/RNBQK1NR w KQkq -,MODEL_PREDICTION_NOT_EMPIRICAL
STO-01,B6,1300,maia3-79m,7,b2b3,b3,0.008808943443000317,0.9883486481849104,0.4312486267262949,503,26,471,rn1qkb1r/pp2pppp/5n2/3p1b2/2pP1P2/4P3/PPP1B1PP/RNBQK1NR w KQkq -,MODEL_PREDICTION_NOT_EMPIRICAL
STO-01,B6,1300,maia3-79m,8,d2d3,d3,0.004596428479999304,0.9883486481849104,0.4312486267262949,494,27,479,rn1qkb1r/pp2pppp/5n2/3p1b2/2pP1P2/4P3/PPP1B1PP/RNBQK1NR w KQkq -,MODEL_PREDICTION_NOT_EMPIRICAL
STO-01,B6,1300,maia3-79m,9,f2f4,f4,0.0041140238754451275,0.9883486481849104,0.4312486267262949,506,25,469,rn1qkb1r/pp2pppp/5n2/3p1b2/2pP1P2/4P3/PPP1B1PP/RNBQK1NR w KQkq -,MODEL_PREDICTION_NOT_EMPIRICAL
STO-01,B6,1300,maia3-79m,10,b1c3,Nc3,0.0035150202456861734,0.9883486481849104,0.4312486267262949,513,26,461,rn1qkb1r/pp2pppp/5n2/3p1b2/2pP1P2/4P3/PPP1B1PP/RNBQK1NR w KQkq -,MODEL_PREDICTION_NOT_EMPIRICAL
STO-01,B6,1500,maia3-79m,1,e2e4,e4,0.6482347846031189,0.9890689314343035,0.44840463559511406,505,27,468,rn1qkb1r/pp2pppp/5n2/3p1b2/2pP1P2/4P3/PPP1B1PP/RNBQK1NR w KQkq -,MODEL_PREDICTION_NOT_EMPIRICAL
STO-01,B6,1500,maia3-79m,2,d2d4,d4,0.24543097615242004,0.9890689314343035,0.44840463559511406,515,28,457,rn1qkb1r/pp2pppp/5n2/3p1b2/2pP1P2/4P3/PPP1B1PP/RNBQK1NR w KQkq -,MODEL_PREDICTION_NOT_EMPIRICAL
STO-01,B6,1500,maia3-79m,3,c2c4,c4,0.02303183265030384,0.9890689314343035,0.44840463559511406,511,27,462,rn1qkb1r/pp2pppp/5n2/3p1b2/2pP1P2/4P3/PPP1B1PP/RNBQK1NR w KQkq -,MODEL_PREDICTION_NOT_EMPIRICAL
STO-01,B6,1500,maia3-79m,4,g1f3,Nf3,0.02068304643034935,0.9890689314343035,0.44840463559511406,525,27,448,rn1qkb1r/pp2pppp/5n2/3p1b2/2pP1P2/4P3/PPP1B1PP/RNBQK1NR w KQkq -,MODEL_PREDICTION_NOT_EMPIRICAL
STO-01,B6,1500,maia3-79m,5,e2e3,e3,0.015259450301527977,0.9890689314343035,0.44840463559511406,497,27,476,rn1qkb1r/pp2pppp/5n2/3p1b2/2pP1P2/4P3/PPP1B1PP/RNBQK1NR w KQkq -,MODEL_PREDICTION_NOT_EMPIRICAL
STO-01,B6,1500,maia3-79m,6,g2g3,g3,0.011820637620985508,0.9890689314343035,0.44840463559511406,503,28,469,rn1qkb1r/pp2pppp/5n2/3p1b2/2pP1P2/4P3/PPP1B1PP/RNBQK1NR w KQkq -,MODEL_PREDICTION_NOT_EMPIRICAL
STO-01,B6,1500,maia3-79m,7,b2b3,b3,0.01035252958536148,0.9890689314343035,0.44840463559511406,505,27,468,rn1qkb1r/pp2pppp/5n2/3p1b2/2pP1P2/4P3/PPP1B1PP/RNBQK1NR w KQkq -,MODEL_PREDICTION_NOT_EMPIRICAL
STO-01,B6,1500,maia3-79m,8,f2f4,f4,0.005875293631106615,0.9890689314343035,0.44840463559511406,507,25,468,rn1qkb1r/pp2pppp/5n2/3p1b2/2pP1P2/4P3/PPP1B1PP/RNBQK1NR w KQkq -,MODEL_PREDICTION_NOT_EMPIRICAL
STO-01,B6,1500,maia3-79m,9,d2d3,d3,0.00447371369227767,0.9890689314343035,0.44840463559511406,496,28,476,rn1qkb1r/pp2pppp/5n2/3p1b2/2pP1P2/4P3/PPP1B1PP/RNBQK1NR w KQkq -,MODEL_PREDICTION_NOT_EMPIRICAL
STO-01,B6,1500,maia3-79m,10,b2b4,b4,0.00390666676685214,0.9890689314343035,0.44840463559511406,515,24,461,rn1qkb1r/pp2pppp/5n2/3p1b2/2pP1P2/4P3/PPP1B1PP/RNBQK1NR w KQkq -,MODEL_PREDICTION_NOT_EMPIRICAL
STO-01,B6,1700,maia3-79m,1,e2e4,e4,0.625694990158081,0.9896683357656002,0.47033680283448054,504,29,467,rn1qkb1r/pp2pppp/5n2/3p1b2/2pP1P2/4P3/PPP1B1PP/RNBQK1NR w KQkq -,MODEL_PREDICTION_NOT_EMPIRICAL
STO-01,B6,1700,maia3-79m,2,d2d4,d4,0.257449209690094,0.9896683357656002,0.47033680283448054,515,31,454,rn1qkb1r/pp2pppp/5n2/3p1b2/2pP1P2/4P3/PPP1B1PP/RNBQK1NR w KQkq -,MODEL_PREDICTION_NOT_EMPIRICAL
STO-01,B6,1700,maia3-79m,3,c2c4,c4,0.029208268970251083,0.9896683357656002,0.47033680283448054,513,30,457,rn1qkb1r/pp2pppp/5n2/3p1b2/2pP1P2/4P3/PPP1B1PP/RNBQK1NR w KQkq -,MODEL_PREDICTION_NOT_EMPIRICAL
STO-01,B6,1700,maia3-79m,4,g1f3,Nf3,0.023894039914011955,0.9896683357656002,0.47033680283448054,530,30,440,rn1qkb1r/pp2pppp/5n2/3p1b2/2pP1P2/4P3/PPP1B1PP/RNBQK1NR w KQkq -,MODEL_PREDICTION_NOT_EMPIRICAL
STO-01,B6,1700,maia3-79m,5,e2e3,e3,0.012733161449432373,0.9896683357656002,0.47033680283448054,501,29,470,rn1qkb1r/pp2pppp/5n2/3p1b2/2pP1P2/4P3/PPP1B1PP/RNBQK1NR w KQkq -,MODEL_PREDICTION_NOT_EMPIRICAL
STO-01,B6,1700,maia3-79m,6,g2g3,g3,0.011797066777944565,0.9896683357656002,0.47033680283448054,508,30,462,rn1qkb1r/pp2pppp/5n2/3p1b2/2pP1P2/4P3/PPP1B1PP/RNBQK1NR w KQkq -,MODEL_PREDICTION_NOT_EMPIRICAL
STO-01,B6,1700,maia3-79m,7,b2b3,b3,0.011401703581213951,0.9896683357656002,0.47033680283448054,510,29,461,rn1qkb1r/pp2pppp/5n2/3p1b2/2pP1P2/4P3/PPP1B1PP/RNBQK1NR w KQkq -,MODEL_PREDICTION_NOT_EMPIRICAL
STO-01,B6,1700,maia3-79m,8,f2f4,f4,0.00882899109274149,0.9896683357656002,0.47033680283448054,507,28,465,rn1qkb1r/pp2pppp/5n2/3p1b2/2pP1P2/4P3/PPP1B1PP/RNBQK1NR w KQkq -,MODEL_PREDICTION_NOT_EMPIRICAL
STO-01,B6,1700,maia3-79m,9,b2b4,b4,0.004424287937581539,0.9896683357656002,0.47033680283448054,518,27,455,rn1qkb1r/pp2pppp/5n2/3p1b2/2pP1P2/4P3/PPP1B1PP/RNBQK1NR w KQkq -,MODEL_PREDICTION_NOT_EMPIRICAL
STO-01,B6,1700,maia3-79m,10,d2d3,d3,0.0042366161942481995,0.9896683357656002,0.47033680283448054,500,30,470,rn1qkb1r/pp2pppp/5n2/3p1b2/2pP1P2/4P3/PPP1B1PP/RNBQK1NR w KQkq -,MODEL_PREDICTION_NOT_EMPIRICAL
STO-01,B6,1900,maia3-79m,1,e2e4,e4,0.5982585549354553,0.9897327157668769,0.4932666454104177,503,33,464,rn1qkb1r/pp2pppp/5n2/3p1b2/2pP1P2/4P3/PPP1B1PP/RNBQK1NR w KQkq -,MODEL_PREDICTION_NOT_EMPIRICAL
STO-01,B6,1900,maia3-79m,2,d2d4,d4,0.27083200216293335,0.9897327157668769,0.4932666454104177,513,36,451,rn1qkb1r/pp2pppp/5n2/3p1b2/2pP1P2/4P3/PPP1B1PP/RNBQK1NR w KQkq -,MODEL_PREDICTION_NOT_EMPIRICAL
STO-01,B6,1900,maia3-79m,3,c2c4,c4,0.03720775246620178,0.9897327157668769,0.4932666454104177,512,35,453,rn1qkb1r/pp2pppp/5n2/3p1b2/2pP1P2/4P3/PPP1B1PP/RNBQK1NR w KQkq -,MODEL_PREDICTION_NOT_EMPIRICAL
STO-01,B6,1900,maia3-79m,4,g1f3,Nf3,0.030766692012548447,0.9897327157668769,0.4932666454104177,527,36,437,rn1qkb1r/pp2pppp/5n2/3p1b2/2pP1P2/4P3/PPP1B1PP/RNBQK1NR w KQkq -,MODEL_PREDICTION_NOT_EMPIRICAL
STO-01,B6,1900,maia3-79m,5,f2f4,f4,0.012273138388991356,0.9897327157668769,0.4932666454104177,504,32,464,rn1qkb1r/pp2pppp/5n2/3p1b2/2pP1P2/4P3/PPP1B1PP/RNBQK1NR w KQkq -,MODEL_PREDICTION_NOT_EMPIRICAL
STO-01,B6,1900,maia3-79m,6,b2b3,b3,0.011618333868682384,0.9897327157668769,0.4932666454104177,513,34,453,rn1qkb1r/pp2pppp/5n2/3p1b2/2pP1P2/4P3/PPP1B1PP/RNBQK1NR w KQkq -,MODEL_PREDICTION_NOT_EMPIRICAL
STO-01,B6,1900,maia3-79m,7,g2g3,g3,0.010595535859465599,0.9897327157668769,0.4932666454104177,509,35,456,rn1qkb1r/pp2pppp/5n2/3p1b2/2pP1P2/4P3/PPP1B1PP/RNBQK1NR w KQkq -,MODEL_PREDICTION_NOT_EMPIRICAL
STO-01,B6,1900,maia3-79m,8,e2e3,e3,0.009855199605226517,0.9897327157668769,0.4932666454104177,501,34,465,rn1qkb1r/pp2pppp/5n2/3p1b2/2pP1P2/4P3/PPP1B1PP/RNBQK1NR w KQkq -,MODEL_PREDICTION_NOT_EMPIRICAL
STO-01,B6,1900,maia3-79m,9,b2b4,b4,0.0044146692380309105,0.9897327157668769,0.4932666454104177,517,31,452,rn1qkb1r/pp2pppp/5n2/3p1b2/2pP1P2/4P3/PPP1B1PP/RNBQK1NR w KQkq -,MODEL_PREDICTION_NOT_EMPIRICAL
STO-01,B6,1900,maia3-79m,10,d2d3,d3,0.0039108372293412685,0.9897327157668769,0.4932666454104177,497,35,468,rn1qkb1r/pp2pppp/5n2/3p1b2/2pP1P2/4P3/PPP1B1PP/RNBQK1NR w KQkq -,MODEL_PREDICTION_NOT_EMPIRICAL
STO-01,B6,2100,maia3-79m,1,e2e4,e4,0.5516610741615295,0.9894236333202571,0.5245369929792545,498,41,461,rn1qkb1r/pp2pppp/5n2/3p1b2/2pP1P2/4P3/PPP1B1PP/RNBQK1NR w KQkq -,MODEL_PREDICTION_NOT_EMPIRICAL
STO-01,B6,2100,maia3-79m,2,d2d4,d4,0.29356226325035095,0.9894236333202571,0.5245369929792545,510,44,446,rn1qkb1r/pp2pppp/5n2/3p1b2/2pP1P2/4P3/PPP1B1PP/RNBQK1NR w KQkq -,MODEL_PREDICTION_NOT_EMPIRICAL
STO-01,B6,2100,maia3-79m,3,g1f3,Nf3,0.0481594055891037,0.9894236333202571,0.5245369929792545,516,45,439,rn1qkb1r/pp2pppp/5n2/3p1b2/2pP1P2/4P3/PPP1B1PP/RNBQK1NR w KQkq -,MODEL_PREDICTION_NOT_EMPIRICAL
STO-01,B6,2100,maia3-79m,4,c2c4,c4,0.0476539246737957,0.9894236333202571,0.5245369929792545,507,43,450,rn1qkb1r/pp2pppp/5n2/3p1b2/2pP1P2/4P3/PPP1B1PP/RNBQK1NR w KQkq -,MODEL_PREDICTION_NOT_EMPIRICAL
STO-01,B6,2100,maia3-79m,5,f2f4,f4,0.012484685517847538,0.9894236333202571,0.5245369929792545,497,40,463,rn1qkb1r/pp2pppp/5n2/3p1b2/2pP1P2/4P3/PPP1B1PP/RNBQK1NR w KQkq -,MODEL_PREDICTION_NOT_EMPIRICAL
STO-01,B6,2100,maia3-79m,6,b2b3,b3,0.012168200686573982,0.9894236333202571,0.5245369929792545,507,42,451,rn1qkb1r/pp2pppp/5n2/3p1b2/2pP1P2/4P3/PPP1B1PP/RNBQK1NR w KQkq -,MODEL_PREDICTION_NOT_EMPIRICAL
STO-01,B6,2100,maia3-79m,7,g2g3,g3,0.008714002557098866,0.9894236333202571,0.5245369929792545,505,42,453,rn1qkb1r/pp2pppp/5n2/3p1b2/2pP1P2/4P3/PPP1B1PP/RNBQK1NR w KQkq -,MODEL_PREDICTION_NOT_EMPIRICAL
STO-01,B6,2100,maia3-79m,8,e2e3,e3,0.006894053891301155,0.9894236333202571,0.5245369929792545,497,43,460,rn1qkb1r/pp2pppp/5n2/3p1b2/2pP1P2/4P3/PPP1B1PP/RNBQK1NR w KQkq -,MODEL_PREDICTION_NOT_EMPIRICAL
STO-01,B6,2100,maia3-79m,9,b1c3,Nc3,0.0044635990634560585,0.9894236333202571,0.5245369929792545,521,42,437,rn1qkb1r/pp2pppp/5n2/3p1b2/2pP1P2/4P3/PPP1B1PP/RNBQK1NR w KQkq -,MODEL_PREDICTION_NOT_EMPIRICAL
STO-01,B6,2100,maia3-79m,10,d2d3,d3,0.0036624239291995764,0.9894236333202571,0.5245369929792545,489,44,467,rn1qkb1r/pp2pppp/5n2/3p1b2/2pP1P2/4P3/PPP1B1PP/RNBQK1NR w KQkq -,MODEL_PREDICTION_NOT_EMPIRICAL
BDG-01,B6,1100,maia3-79m,1,e2e4,e4,0.6771548986434937,0.9878678212407976,0.42561317674662125,513,26,461,rn1qkb1r/ppp1pppp/5n2/5b2/3P4/2N2N2/PPP3PP/R1BQKB1R w KQkq -,MODEL_PREDICTION_NOT_EMPIRICAL
BDG-01,B6,1100,maia3-79m,2,d2d4,d4,0.22272434830665588,0.9878678212407976,0.42561317674662125,521,27,452,rn1qkb1r/ppp1pppp/5n2/5b2/3P4/2N2N2/PPP3PP/R1BQKB1R w KQkq -,MODEL_PREDICTION_NOT_EMPIRICAL
BDG-01,B6,1100,maia3-79m,3,e2e3,e3,0.020852725952863693,0.9878678212407976,0.42561317674662125,500,27,473,rn1qkb1r/ppp1pppp/5n2/5b2/3P4/2N2N2/PPP3PP/R1BQKB1R w KQkq -,MODEL_PREDICTION_NOT_EMPIRICAL
BDG-01,B6,1100,maia3-79m,4,g1f3,Nf3,0.0199762973934412,0.9878678212407976,0.42561317674662125,517,27,456,rn1qkb1r/ppp1pppp/5n2/5b2/3P4/2N2N2/PPP3PP/R1BQKB1R w KQkq -,MODEL_PREDICTION_NOT_EMPIRICAL
BDG-01,B6,1100,maia3-79m,5,c2c4,c4,0.015163088217377663,0.9878678212407976,0.42561317674662125,513,25,462,rn1qkb1r/ppp1pppp/5n2/5b2/3P4/2N2N2/PPP3PP/R1BQKB1R w KQkq -,MODEL_PREDICTION_NOT_EMPIRICAL
BDG-01,B6,1100,maia3-79m,6,g2g3,g3,0.010951454751193523,0.9878678212407976,0.42561317674662125,497,27,476,rn1qkb1r/ppp1pppp/5n2/5b2/3P4/2N2N2/PPP3PP/R1BQKB1R w KQkq -,MODEL_PREDICTION_NOT_EMPIRICAL
BDG-01,B6,1100,maia3-79m,7,b2b3,b3,0.007491483353078365,0.9878678212407976,0.42561317674662125,494,27,479,rn1qkb1r/ppp1pppp/5n2/5b2/3P4/2N2N2/PPP3PP/R1BQKB1R w KQkq -,MODEL_PREDICTION_NOT_EMPIRICAL
BDG-01,B6,1100,maia3-79m,8,d2d3,d3,0.005036455579102039,0.9878678212407976,0.42561317674662125,493,27,480,rn1qkb1r/ppp1pppp/5n2/5b2/3P4/2N2N2/PPP3PP/R1BQKB1R w KQkq -,MODEL_PREDICTION_NOT_EMPIRICAL
BDG-01,B6,1100,maia3-79m,9,b1c3,Nc3,0.004941529594361782,0.9878678212407976,0.42561317674662125,507,27,466,rn1qkb1r/ppp1pppp/5n2/5b2/3P4/2N2N2/PPP3PP/R1BQKB1R w KQkq -,MODEL_PREDICTION_NOT_EMPIRICAL
BDG-01,B6,1100,maia3-79m,10,f2f4,f4,0.0035755394492298365,0.9878678212407976,0.42561317674662125,500,26,474,rn1qkb1r/ppp1pppp/5n2/5b2/3P4/2N2N2/PPP3PP/R1BQKB1R w KQkq -,MODEL_PREDICTION_NOT_EMPIRICAL
BDG-01,B6,1300,maia3-79m,1,e2e4,e4,0.6652060747146606,0.9883486481849104,0.4312486267262949,508,25,467,rn1qkb1r/ppp1pppp/5n2/5b2/3P4/2N2N2/PPP3PP/R1BQKB1R w KQkq -,MODEL_PREDICTION_NOT_EMPIRICAL
BDG-01,B6,1300,maia3-79m,2,d2d4,d4,0.23515543341636658,0.9883486481849104,0.4312486267262949,519,26,455,rn1qkb1r/ppp1pppp/5n2/5b2/3P4/2N2N2/PPP3PP/R1BQKB1R w KQkq -,MODEL_PREDICTION_NOT_EMPIRICAL
BDG-01,B6,1300,maia3-79m,3,g1f3,Nf3,0.019363317638635635,0.9883486481849104,0.4312486267262949,521,27,452,rn1qkb1r/ppp1pppp/5n2/5b2/3P4/2N2N2/PPP3PP/R1BQKB1R w KQkq -,MODEL_PREDICTION_NOT_EMPIRICAL
BDG-01,B6,1300,maia3-79m,4,c2c4,c4,0.018627913668751717,0.9883486481849104,0.4312486267262949,513,25,462,rn1qkb1r/ppp1pppp/5n2/5b2/3P4/2N2N2/PPP3PP/R1BQKB1R w KQkq -,MODEL_PREDICTION_NOT_EMPIRICAL
BDG-01,B6,1300,maia3-79m,5,e2e3,e3,0.017626332119107246,0.9883486481849104,0.4312486267262949,499,26,475,rn1qkb1r/ppp1pppp/5n2/5b2/3P4/2N2N2/PPP3PP/R1BQKB1R w KQkq -,MODEL_PREDICTION_NOT_EMPIRICAL
BDG-01,B6,1300,maia3-79m,6,g2g3,g3,0.011335160583257675,0.9883486481849104,0.4312486267262949,500,27,473,rn1qkb1r/ppp1pppp/5n2/5b2/3P4/2N2N2/PPP3PP/R1BQKB1R w KQkq -,MODEL_PREDICTION_NOT_EMPIRICAL
BDG-01,B6,1300,maia3-79m,7,b2b3,b3,0.008808943443000317,0.9883486481849104,0.4312486267262949,503,26,471,rn1qkb1r/ppp1pppp/5n2/5b2/3P4/2N2N2/PPP3PP/R1BQKB1R w KQkq -,MODEL_PREDICTION_NOT_EMPIRICAL
BDG-01,B6,1300,maia3-79m,8,d2d3,d3,0.004596428479999304,0.9883486481849104,0.4312486267262949,494,27,479,rn1qkb1r/ppp1pppp/5n2/5b2/3P4/2N2N2/PPP3PP/R1BQKB1R w KQkq -,MODEL_PREDICTION_NOT_EMPIRICAL
BDG-01,B6,1300,maia3-79m,9,f2f4,f4,0.0041140238754451275,0.9883486481849104,0.4312486267262949,506,25,469,rn1qkb1r/ppp1pppp/5n2/5b2/3P4/2N2N2/PPP3PP/R1BQKB1R w KQkq -,MODEL_PREDICTION_NOT_EMPIRICAL
BDG-01,B6,1300,maia3-79m,10,b1c3,Nc3,0.0035150202456861734,0.9883486481849104,0.4312486267262949,513,26,461,rn1qkb1r/ppp1pppp/5n2/5b2/3P4/2N2N2/PPP3PP/R1BQKB1R w KQkq -,MODEL_PREDICTION_NOT_EMPIRICAL
BDG-01,B6,1500,maia3-79m,1,e2e4,e4,0.6482347846031189,0.9890689314343035,0.44840463559511406,505,27,468,rn1qkb1r/ppp1pppp/5n2/5b2/3P4/2N2N2/PPP3PP/R1BQKB1R w KQkq -,MODEL_PREDICTION_NOT_EMPIRICAL
BDG-01,B6,1500,maia3-79m,2,d2d4,d4,0.24543097615242004,0.9890689314343035,0.44840463559511406,515,28,457,rn1qkb1r/ppp1pppp/5n2/5b2/3P4/2N2N2/PPP3PP/R1BQKB1R w KQkq -,MODEL_PREDICTION_NOT_EMPIRICAL
BDG-01,B6,1500,maia3-79m,3,c2c4,c4,0.02303183265030384,0.9890689314343035,0.44840463559511406,511,27,462,rn1qkb1r/ppp1pppp/5n2/5b2/3P4/2N2N2/PPP3PP/R1BQKB1R w KQkq -,MODEL_PREDICTION_NOT_EMPIRICAL
BDG-01,B6,1500,maia3-79m,4,g1f3,Nf3,0.02068304643034935,0.9890689314343035,0.44840463559511406,525,27,448,rn1qkb1r/ppp1pppp/5n2/5b2/3P4/2N2N2/PPP3PP/R1BQKB1R w KQkq -,MODEL_PREDICTION_NOT_EMPIRICAL
BDG-01,B6,1500,maia3-79m,5,e2e3,e3,0.015259450301527977,0.9890689314343035,0.44840463559511406,497,27,476,rn1qkb1r/ppp1pppp/5n2/5b2/3P4/2N2N2/PPP3PP/R1BQKB1R w KQkq -,MODEL_PREDICTION_NOT_EMPIRICAL
BDG-01,B6,1500,maia3-79m,6,g2g3,g3,0.011820637620985508,0.9890689314343035,0.44840463559511406,503,28,469,rn1qkb1r/ppp1pppp/5n2/5b2/3P4/2N2N2/PPP3PP/R1BQKB1R w KQkq -,MODEL_PREDICTION_NOT_EMPIRICAL
BDG-01,B6,1500,maia3-79m,7,b2b3,b3,0.01035252958536148,0.9890689314343035,0.44840463559511406,505,27,468,rn1qkb1r/ppp1pppp/5n2/5b2/3P4/2N2N2/PPP3PP/R1BQKB1R w KQkq -,MODEL_PREDICTION_NOT_EMPIRICAL
BDG-01,B6,1500,maia3-79m,8,f2f4,f4,0.005875293631106615,0.9890689314343035,0.44840463559511406,507,25,468,rn1qkb1r/ppp1pppp/5n2/5b2/3P4/2N2N2/PPP3PP/R1BQKB1R w KQkq -,MODEL_PREDICTION_NOT_EMPIRICAL
BDG-01,B6,1500,maia3-79m,9,d2d3,d3,0.00447371369227767,0.9890689314343035,0.44840463559511406,496,28,476,rn1qkb1r/ppp1pppp/5n2/5b2/3P4/2N2N2/PPP3PP/R1BQKB1R w KQkq -,MODEL_PREDICTION_NOT_EMPIRICAL
BDG-01,B6,1500,maia3-79m,10,b2b4,b4,0.00390666676685214,0.9890689314343035,0.44840463559511406,515,24,461,rn1qkb1r/ppp1pppp/5n2/5b2/3P4/2N2N2/PPP3PP/R1BQKB1R w KQkq -,MODEL_PREDICTION_NOT_EMPIRICAL
BDG-01,B6,1700,maia3-79m,1,e2e4,e4,0.625694990158081,0.9896683357656002,0.47033680283448054,504,29,467,rn1qkb1r/ppp1pppp/5n2/5b2/3P4/2N2N2/PPP3PP/R1BQKB1R w KQkq -,MODEL_PREDICTION_NOT_EMPIRICAL
BDG-01,B6,1700,maia3-79m,2,d2d4,d4,0.257449209690094,0.9896683357656002,0.47033680283448054,515,31,454,rn1qkb1r/ppp1pppp/5n2/5b2/3P4/2N2N2/PPP3PP/R1BQKB1R w KQkq -,MODEL_PREDICTION_NOT_EMPIRICAL
BDG-01,B6,1700,maia3-79m,3,c2c4,c4,0.029208268970251083,0.9896683357656002,0.47033680283448054,513,30,457,rn1qkb1r/ppp1pppp/5n2/5b2/3P4/2N2N2/PPP3PP/R1BQKB1R w KQkq -,MODEL_PREDICTION_NOT_EMPIRICAL
BDG-01,B6,1700,maia3-79m,4,g1f3,Nf3,0.023894039914011955,0.9896683357656002,0.47033680283448054,530,30,440,rn1qkb1r/ppp1pppp/5n2/5b2/3P4/2N2N2/PPP3PP/R1BQKB1R w KQkq -,MODEL_PREDICTION_NOT_EMPIRICAL
BDG-01,B6,1700,maia3-79m,5,e2e3,e3,0.012733161449432373,0.9896683357656002,0.47033680283448054,501,29,470,rn1qkb1r/ppp1pppp/5n2/5b2/3P4/2N2N2/PPP3PP/R1BQKB1R w KQkq -,MODEL_PREDICTION_NOT_EMPIRICAL
BDG-01,B6,1700,maia3-79m,6,g2g3,g3,0.011797066777944565,0.9896683357656002,0.47033680283448054,508,30,462,rn1qkb1r/ppp1pppp/5n2/5b2/3P4/2N2N2/PPP3PP/R1BQKB1R w KQkq -,MODEL_PREDICTION_NOT_EMPIRICAL
BDG-01,B6,1700,maia3-79m,7,b2b3,b3,0.011401703581213951,0.9896683357656002,0.47033680283448054,510,29,461,rn1qkb1r/ppp1pppp/5n2/5b2/3P4/2N2N2/PPP3PP/R1BQKB1R w KQkq -,MODEL_PREDICTION_NOT_EMPIRICAL
BDG-01,B6,1700,maia3-79m,8,f2f4,f4,0.00882899109274149,0.9896683357656002,0.47033680283448054,507,28,465,rn1qkb1r/ppp1pppp/5n2/5b2/3P4/2N2N2/PPP3PP/R1BQKB1R w KQkq -,MODEL_PREDICTION_NOT_EMPIRICAL
BDG-01,B6,1700,maia3-79m,9,b2b4,b4,0.004424287937581539,0.9896683357656002,0.47033680283448054,518,27,455,rn1qkb1r/ppp1pppp/5n2/5b2/3P4/2N2N2/PPP3PP/R1BQKB1R w KQkq -,MODEL_PREDICTION_NOT_EMPIRICAL
BDG-01,B6,1700,maia3-79m,10,d2d3,d3,0.0042366161942481995,0.9896683357656002,0.47033680283448054,500,30,470,rn1qkb1r/ppp1pppp/5n2/5b2/3P4/2N2N2/PPP3PP/R1BQKB1R w KQkq -,MODEL_PREDICTION_NOT_EMPIRICAL
BDG-01,B6,1900,maia3-79m,1,e2e4,e4,0.5982585549354553,0.9897327157668769,0.4932666454104177,503,33,464,rn1qkb1r/ppp1pppp/5n2/5b2/3P4/2N2N2/PPP3PP/R1BQKB1R w KQkq -,MODEL_PREDICTION_NOT_EMPIRICAL
BDG-01,B6,1900,maia3-79m,2,d2d4,d4,0.27083200216293335,0.9897327157668769,0.4932666454104177,513,36,451,rn1qkb1r/ppp1pppp/5n2/5b2/3P4/2N2N2/PPP3PP/R1BQKB1R w KQkq -,MODEL_PREDICTION_NOT_EMPIRICAL
BDG-01,B6,1900,maia3-79m,3,c2c4,c4,0.03720775246620178,0.9897327157668769,0.4932666454104177,512,35,453,rn1qkb1r/ppp1pppp/5n2/5b2/3P4/2N2N2/PPP3PP/R1BQKB1R w KQkq -,MODEL_PREDICTION_NOT_EMPIRICAL
BDG-01,B6,1900,maia3-79m,4,g1f3,Nf3,0.030766692012548447,0.9897327157668769,0.4932666454104177,527,36,437,rn1qkb1r/ppp1pppp/5n2/5b2/3P4/2N2N2/PPP3PP/R1BQKB1R w KQkq -,MODEL_PREDICTION_NOT_EMPIRICAL
BDG-01,B6,1900,maia3-79m,5,f2f4,f4,0.012273138388991356,0.9897327157668769,0.4932666454104177,504,32,464,rn1qkb1r/ppp1pppp/5n2/5b2/3P4/2N2N2/PPP3PP/R1BQKB1R w KQkq -,MODEL_PREDICTION_NOT_EMPIRICAL
BDG-01,B6,1900,maia3-79m,6,b2b3,b3,0.011618333868682384,0.9897327157668769,0.4932666454104177,513,34,453,rn1qkb1r/ppp1pppp/5n2/5b2/3P4/2N2N2/PPP3PP/R1BQKB1R w KQkq -,MODEL_PREDICTION_NOT_EMPIRICAL
BDG-01,B6,1900,maia3-79m,7,g2g3,g3,0.010595535859465599,0.9897327157668769,0.4932666454104177,509,35,456,rn1qkb1r/ppp1pppp/5n2/5b2/3P4/2N2N2/PPP3PP/R1BQKB1R w KQkq -,MODEL_PREDICTION_NOT_EMPIRICAL
BDG-01,B6,1900,maia3-79m,8,e2e3,e3,0.009855199605226517,0.9897327157668769,0.4932666454104177,501,34,465,rn1qkb1r/ppp1pppp/5n2/5b2/3P4/2N2N2/PPP3PP/R1BQKB1R w KQkq -,MODEL_PREDICTION_NOT_EMPIRICAL
BDG-01,B6,1900,maia3-79m,9,b2b4,b4,0.0044146692380309105,0.9897327157668769,0.4932666454104177,517,31,452,rn1qkb1r/ppp1pppp/5n2/5b2/3P4/2N2N2/PPP3PP/R1BQKB1R w KQkq -,MODEL_PREDICTION_NOT_EMPIRICAL
BDG-01,B6,1900,maia3-79m,10,d2d3,d3,0.0039108372293412685,0.9897327157668769,0.4932666454104177,497,35,468,rn1qkb1r/ppp1pppp/5n2/5b2/3P4/2N2N2/PPP3PP/R1BQKB1R w KQkq -,MODEL_PREDICTION_NOT_EMPIRICAL
BDG-01,B6,2100,maia3-79m,1,e2e4,e4,0.5516610741615295,0.9894236333202571,0.5245369929792545,498,41,461,rn1qkb1r/ppp1pppp/5n2/5b2/3P4/2N2N2/PPP3PP/R1BQKB1R w KQkq -,MODEL_PREDICTION_NOT_EMPIRICAL
BDG-01,B6,2100,maia3-79m,2,d2d4,d4,0.29356226325035095,0.9894236333202571,0.5245369929792545,510,44,446,rn1qkb1r/ppp1pppp/5n2/5b2/3P4/2N2N2/PPP3PP/R1BQKB1R w KQkq -,MODEL_PREDICTION_NOT_EMPIRICAL
BDG-01,B6,2100,maia3-79m,3,g1f3,Nf3,0.0481594055891037,0.9894236333202571,0.5245369929792545,516,45,439,rn1qkb1r/ppp1pppp/5n2/5b2/3P4/2N2N2/PPP3PP/R1BQKB1R w KQkq -,MODEL_PREDICTION_NOT_EMPIRICAL
BDG-01,B6,2100,maia3-79m,4,c2c4,c4,0.0476539246737957,0.9894236333202571,0.5245369929792545,507,43,450,rn1qkb1r/ppp1pppp/5n2/5b2/3P4/2N2N2/PPP3PP/R1BQKB1R w KQkq -,MODEL_PREDICTION_NOT_EMPIRICAL
BDG-01,B6,2100,maia3-79m,5,f2f4,f4,0.012484685517847538,0.9894236333202571,0.5245369929792545,497,40,463,rn1qkb1r/ppp1pppp/5n2/5b2/3P4/2N2N2/PPP3PP/R1BQKB1R w KQkq -,MODEL_PREDICTION_NOT_EMPIRICAL
BDG-01,B6,2100,maia3-79m,6,b2b3,b3,0.012168200686573982,0.9894236333202571,0.5245369929792545,507,42,451,rn1qkb1r/ppp1pppp/5n2/5b2/3P4/2N2N2/PPP3PP/R1BQKB1R w KQkq -,MODEL_PREDICTION_NOT_EMPIRICAL
BDG-01,B6,2100,maia3-79m,7,g2g3,g3,0.008714002557098866,0.9894236333202571,0.5245369929792545,505,42,453,rn1qkb1r/ppp1pppp/5n2/5b2/3P4/2N2N2/PPP3PP/R1BQKB1R w KQkq -,MODEL_PREDICTION_NOT_EMPIRICAL
BDG-01,B6,2100,maia3-79m,8,e2e3,e3,0.006894053891301155,0.9894236333202571,0.5245369929792545,497,43,460,rn1qkb1r/ppp1pppp/5n2/5b2/3P4/2N2N2/PPP3PP/R1BQKB1R w KQkq -,MODEL_PREDICTION_NOT_EMPIRICAL
BDG-01,B6,2100,maia3-79m,9,b1c3,Nc3,0.0044635990634560585,0.9894236333202571,0.5245369929792545,521,42,437,rn1qkb1r/ppp1pppp/5n2/5b2/3P4/2N2N2/PPP3PP/R1BQKB1R w KQkq -,MODEL_PREDICTION_NOT_EMPIRICAL
BDG-01,B6,2100,maia3-79m,10,d2d3,d3,0.0036624239291995764,0.9894236333202571,0.5245369929792545,489,44,467,rn1qkb1r/ppp1pppp/5n2/5b2/3P4/2N2N2/PPP3PP/R1BQKB1R w KQkq -,MODEL_PREDICTION_NOT_EMPIRICAL
ORD-10,B7,1100,maia3-79m,1,e2e4,e4,0.6771548986434937,0.9878678212407976,0.42561317674662125,513,26,461,rnb1kb1r/pp2pppp/1q3n2/3p4/3N1B2/7P/PPP1PPP1/RN1QKB1R w KQkq -,MODEL_PREDICTION_NOT_EMPIRICAL
ORD-10,B7,1100,maia3-79m,2,d2d4,d4,0.22272434830665588,0.9878678212407976,0.42561317674662125,521,27,452,rnb1kb1r/pp2pppp/1q3n2/3p4/3N1B2/7P/PPP1PPP1/RN1QKB1R w KQkq -,MODEL_PREDICTION_NOT_EMPIRICAL
ORD-10,B7,1100,maia3-79m,3,e2e3,e3,0.020852725952863693,0.9878678212407976,0.42561317674662125,500,27,473,rnb1kb1r/pp2pppp/1q3n2/3p4/3N1B2/7P/PPP1PPP1/RN1QKB1R w KQkq -,MODEL_PREDICTION_NOT_EMPIRICAL
ORD-10,B7,1100,maia3-79m,4,g1f3,Nf3,0.0199762973934412,0.9878678212407976,0.42561317674662125,517,27,456,rnb1kb1r/pp2pppp/1q3n2/3p4/3N1B2/7P/PPP1PPP1/RN1QKB1R w KQkq -,MODEL_PREDICTION_NOT_EMPIRICAL
ORD-10,B7,1100,maia3-79m,5,c2c4,c4,0.015163088217377663,0.9878678212407976,0.42561317674662125,513,25,462,rnb1kb1r/pp2pppp/1q3n2/3p4/3N1B2/7P/PPP1PPP1/RN1QKB1R w KQkq -,MODEL_PREDICTION_NOT_EMPIRICAL
ORD-10,B7,1100,maia3-79m,6,g2g3,g3,0.010951454751193523,0.9878678212407976,0.42561317674662125,497,27,476,rnb1kb1r/pp2pppp/1q3n2/3p4/3N1B2/7P/PPP1PPP1/RN1QKB1R w KQkq -,MODEL_PREDICTION_NOT_EMPIRICAL
ORD-10,B7,1100,maia3-79m,7,b2b3,b3,0.007491483353078365,0.9878678212407976,0.42561317674662125,494,27,479,rnb1kb1r/pp2pppp/1q3n2/3p4/3N1B2/7P/PPP1PPP1/RN1QKB1R w KQkq -,MODEL_PREDICTION_NOT_EMPIRICAL
ORD-10,B7,1100,maia3-79m,8,d2d3,d3,0.005036455579102039,0.9878678212407976,0.42561317674662125,493,27,480,rnb1kb1r/pp2pppp/1q3n2/3p4/3N1B2/7P/PPP1PPP1/RN1QKB1R w KQkq -,MODEL_PREDICTION_NOT_EMPIRICAL
ORD-10,B7,1100,maia3-79m,9,b1c3,Nc3,0.004941529594361782,0.9878678212407976,0.42561317674662125,507,27,466,rnb1kb1r/pp2pppp/1q3n2/3p4/3N1B2/7P/PPP1PPP1/RN1QKB1R w KQkq -,MODEL_PREDICTION_NOT_EMPIRICAL
ORD-10,B7,1100,maia3-79m,10,f2f4,f4,0.0035755394492298365,0.9878678212407976,0.42561317674662125,500,26,474,rnb1kb1r/pp2pppp/1q3n2/3p4/3N1B2/7P/PPP1PPP1/RN1QKB1R w KQkq -,MODEL_PREDICTION_NOT_EMPIRICAL
ORD-10,B7,1300,maia3-79m,1,e2e4,e4,0.6652060747146606,0.9883486481849104,0.4312486267262949,508,25,467,rnb1kb1r/pp2pppp/1q3n2/3p4/3N1B2/7P/PPP1PPP1/RN1QKB1R w KQkq -,MODEL_PREDICTION_NOT_EMPIRICAL
ORD-10,B7,1300,maia3-79m,2,d2d4,d4,0.23515543341636658,0.9883486481849104,0.4312486267262949,519,26,455,rnb1kb1r/pp2pppp/1q3n2/3p4/3N1B2/7P/PPP1PPP1/RN1QKB1R w KQkq -,MODEL_PREDICTION_NOT_EMPIRICAL
ORD-10,B7,1300,maia3-79m,3,g1f3,Nf3,0.019363317638635635,0.9883486481849104,0.4312486267262949,521,27,452,rnb1kb1r/pp2pppp/1q3n2/3p4/3N1B2/7P/PPP1PPP1/RN1QKB1R w KQkq -,MODEL_PREDICTION_NOT_EMPIRICAL
ORD-10,B7,1300,maia3-79m,4,c2c4,c4,0.018627913668751717,0.9883486481849104,0.4312486267262949,513,25,462,rnb1kb1r/pp2pppp/1q3n2/3p4/3N1B2/7P/PPP1PPP1/RN1QKB1R w KQkq -,MODEL_PREDICTION_NOT_EMPIRICAL
ORD-10,B7,1300,maia3-79m,5,e2e3,e3,0.017626332119107246,0.9883486481849104,0.4312486267262949,499,26,475,rnb1kb1r/pp2pppp/1q3n2/3p4/3N1B2/7P/PPP1PPP1/RN1QKB1R w KQkq -,MODEL_PREDICTION_NOT_EMPIRICAL
ORD-10,B7,1300,maia3-79m,6,g2g3,g3,0.011335160583257675,0.9883486481849104,0.4312486267262949,500,27,473,rnb1kb1r/pp2pppp/1q3n2/3p4/3N1B2/7P/PPP1PPP1/RN1QKB1R w KQkq -,MODEL_PREDICTION_NOT_EMPIRICAL
ORD-10,B7,1300,maia3-79m,7,b2b3,b3,0.008808943443000317,0.9883486481849104,0.4312486267262949,503,26,471,rnb1kb1r/pp2pppp/1q3n2/3p4/3N1B2/7P/PPP1PPP1/RN1QKB1R w KQkq -,MODEL_PREDICTION_NOT_EMPIRICAL
ORD-10,B7,1300,maia3-79m,8,d2d3,d3,0.004596428479999304,0.9883486481849104,0.4312486267262949,494,27,479,rnb1kb1r/pp2pppp/1q3n2/3p4/3N1B2/7P/PPP1PPP1/RN1QKB1R w KQkq -,MODEL_PREDICTION_NOT_EMPIRICAL
ORD-10,B7,1300,maia3-79m,9,f2f4,f4,0.0041140238754451275,0.9883486481849104,0.4312486267262949,506,25,469,rnb1kb1r/pp2pppp/1q3n2/3p4/3N1B2/7P/PPP1PPP1/RN1QKB1R w KQkq -,MODEL_PREDICTION_NOT_EMPIRICAL
ORD-10,B7,1300,maia3-79m,10,b1c3,Nc3,0.0035150202456861734,0.9883486481849104,0.4312486267262949,513,26,461,rnb1kb1r/pp2pppp/1q3n2/3p4/3N1B2/7P/PPP1PPP1/RN1QKB1R w KQkq -,MODEL_PREDICTION_NOT_EMPIRICAL
ORD-10,B7,1500,maia3-79m,1,e2e4,e4,0.6482347846031189,0.9890689314343035,0.44840463559511406,505,27,468,rnb1kb1r/pp2pppp/1q3n2/3p4/3N1B2/7P/PPP1PPP1/RN1QKB1R w KQkq -,MODEL_PREDICTION_NOT_EMPIRICAL
ORD-10,B7,1500,maia3-79m,2,d2d4,d4,0.24543097615242004,0.9890689314343035,0.44840463559511406,515,28,457,rnb1kb1r/pp2pppp/1q3n2/3p4/3N1B2/7P/PPP1PPP1/RN1QKB1R w KQkq -,MODEL_PREDICTION_NOT_EMPIRICAL
ORD-10,B7,1500,maia3-79m,3,c2c4,c4,0.02303183265030384,0.9890689314343035,0.44840463559511406,511,27,462,rnb1kb1r/pp2pppp/1q3n2/3p4/3N1B2/7P/PPP1PPP1/RN1QKB1R w KQkq -,MODEL_PREDICTION_NOT_EMPIRICAL
ORD-10,B7,1500,maia3-79m,4,g1f3,Nf3,0.02068304643034935,0.9890689314343035,0.44840463559511406,525,27,448,rnb1kb1r/pp2pppp/1q3n2/3p4/3N1B2/7P/PPP1PPP1/RN1QKB1R w KQkq -,MODEL_PREDICTION_NOT_EMPIRICAL
ORD-10,B7,1500,maia3-79m,5,e2e3,e3,0.015259450301527977,0.9890689314343035,0.44840463559511406,497,27,476,rnb1kb1r/pp2pppp/1q3n2/3p4/3N1B2/7P/PPP1PPP1/RN1QKB1R w KQkq -,MODEL_PREDICTION_NOT_EMPIRICAL
ORD-10,B7,1500,maia3-79m,6,g2g3,g3,0.011820637620985508,0.9890689314343035,0.44840463559511406,503,28,469,rnb1kb1r/pp2pppp/1q3n2/3p4/3N1B2/7P/PPP1PPP1/RN1QKB1R w KQkq -,MODEL_PREDICTION_NOT_EMPIRICAL
ORD-10,B7,1500,maia3-79m,7,b2b3,b3,0.01035252958536148,0.9890689314343035,0.44840463559511406,505,27,468,rnb1kb1r/pp2pppp/1q3n2/3p4/3N1B2/7P/PPP1PPP1/RN1QKB1R w KQkq -,MODEL_PREDICTION_NOT_EMPIRICAL
ORD-10,B7,1500,maia3-79m,8,f2f4,f4,0.005875293631106615,0.9890689314343035,0.44840463559511406,507,25,468,rnb1kb1r/pp2pppp/1q3n2/3p4/3N1B2/7P/PPP1PPP1/RN1QKB1R w KQkq -,MODEL_PREDICTION_NOT_EMPIRICAL
ORD-10,B7,1500,maia3-79m,9,d2d3,d3,0.00447371369227767,0.9890689314343035,0.44840463559511406,496,28,476,rnb1kb1r/pp2pppp/1q3n2/3p4/3N1B2/7P/PPP1PPP1/RN1QKB1R w KQkq -,MODEL_PREDICTION_NOT_EMPIRICAL
ORD-10,B7,1500,maia3-79m,10,b2b4,b4,0.00390666676685214,0.9890689314343035,0.44840463559511406,515,24,461,rnb1kb1r/pp2pppp/1q3n2/3p4/3N1B2/7P/PPP1PPP1/RN1QKB1R w KQkq -,MODEL_PREDICTION_NOT_EMPIRICAL
ORD-10,B7,1700,maia3-79m,1,e2e4,e4,0.625694990158081,0.9896683357656002,0.47033680283448054,504,29,467,rnb1kb1r/pp2pppp/1q3n2/3p4/3N1B2/7P/PPP1PPP1/RN1QKB1R w KQkq -,MODEL_PREDICTION_NOT_EMPIRICAL
ORD-10,B7,1700,maia3-79m,2,d2d4,d4,0.257449209690094,0.9896683357656002,0.47033680283448054,515,31,454,rnb1kb1r/pp2pppp/1q3n2/3p4/3N1B2/7P/PPP1PPP1/RN1QKB1R w KQkq -,MODEL_PREDICTION_NOT_EMPIRICAL
ORD-10,B7,1700,maia3-79m,3,c2c4,c4,0.029208268970251083,0.9896683357656002,0.47033680283448054,513,30,457,rnb1kb1r/pp2pppp/1q3n2/3p4/3N1B2/7P/PPP1PPP1/RN1QKB1R w KQkq -,MODEL_PREDICTION_NOT_EMPIRICAL
ORD-10,B7,1700,maia3-79m,4,g1f3,Nf3,0.023894039914011955,0.9896683357656002,0.47033680283448054,530,30,440,rnb1kb1r/pp2pppp/1q3n2/3p4/3N1B2/7P/PPP1PPP1/RN1QKB1R w KQkq -,MODEL_PREDICTION_NOT_EMPIRICAL
ORD-10,B7,1700,maia3-79m,5,e2e3,e3,0.012733161449432373,0.9896683357656002,0.47033680283448054,501,29,470,rnb1kb1r/pp2pppp/1q3n2/3p4/3N1B2/7P/PPP1PPP1/RN1QKB1R w KQkq -,MODEL_PREDICTION_NOT_EMPIRICAL
ORD-10,B7,1700,maia3-79m,6,g2g3,g3,0.011797066777944565,0.9896683357656002,0.47033680283448054,508,30,462,rnb1kb1r/pp2pppp/1q3n2/3p4/3N1B2/7P/PPP1PPP1/RN1QKB1R w KQkq -,MODEL_PREDICTION_NOT_EMPIRICAL
ORD-10,B7,1700,maia3-79m,7,b2b3,b3,0.011401703581213951,0.9896683357656002,0.47033680283448054,510,29,461,rnb1kb1r/pp2pppp/1q3n2/3p4/3N1B2/7P/PPP1PPP1/RN1QKB1R w KQkq -,MODEL_PREDICTION_NOT_EMPIRICAL
ORD-10,B7,1700,maia3-79m,8,f2f4,f4,0.00882899109274149,0.9896683357656002,0.47033680283448054,507,28,465,rnb1kb1r/pp2pppp/1q3n2/3p4/3N1B2/7P/PPP1PPP1/RN1QKB1R w KQkq -,MODEL_PREDICTION_NOT_EMPIRICAL
ORD-10,B7,1700,maia3-79m,9,b2b4,b4,0.004424287937581539,0.9896683357656002,0.47033680283448054,518,27,455,rnb1kb1r/pp2pppp/1q3n2/3p4/3N1B2/7P/PPP1PPP1/RN1QKB1R w KQkq -,MODEL_PREDICTION_NOT_EMPIRICAL
ORD-10,B7,1700,maia3-79m,10,d2d3,d3,0.0042366161942481995,0.9896683357656002,0.47033680283448054,500,30,470,rnb1kb1r/pp2pppp/1q3n2/3p4/3N1B2/7P/PPP1PPP1/RN1QKB1R w KQkq -,MODEL_PREDICTION_NOT_EMPIRICAL
ORD-10,B7,1900,maia3-79m,1,e2e4,e4,0.5982585549354553,0.9897327157668769,0.4932666454104177,503,33,464,rnb1kb1r/pp2pppp/1q3n2/3p4/3N1B2/7P/PPP1PPP1/RN1QKB1R w KQkq -,MODEL_PREDICTION_NOT_EMPIRICAL
ORD-10,B7,1900,maia3-79m,2,d2d4,d4,0.27083200216293335,0.9897327157668769,0.4932666454104177,513,36,451,rnb1kb1r/pp2pppp/1q3n2/3p4/3N1B2/7P/PPP1PPP1/RN1QKB1R w KQkq -,MODEL_PREDICTION_NOT_EMPIRICAL
ORD-10,B7,1900,maia3-79m,3,c2c4,c4,0.03720775246620178,0.9897327157668769,0.4932666454104177,512,35,453,rnb1kb1r/pp2pppp/1q3n2/3p4/3N1B2/7P/PPP1PPP1/RN1QKB1R w KQkq -,MODEL_PREDICTION_NOT_EMPIRICAL
ORD-10,B7,1900,maia3-79m,4,g1f3,Nf3,0.030766692012548447,0.9897327157668769,0.4932666454104177,527,36,437,rnb1kb1r/pp2pppp/1q3n2/3p4/3N1B2/7P/PPP1PPP1/RN1QKB1R w KQkq -,MODEL_PREDICTION_NOT_EMPIRICAL
ORD-10,B7,1900,maia3-79m,5,f2f4,f4,0.012273138388991356,0.9897327157668769,0.4932666454104177,504,32,464,rnb1kb1r/pp2pppp/1q3n2/3p4/3N1B2/7P/PPP1PPP1/RN1QKB1R w KQkq -,MODEL_PREDICTION_NOT_EMPIRICAL
ORD-10,B7,1900,maia3-79m,6,b2b3,b3,0.011618333868682384,0.9897327157668769,0.4932666454104177,513,34,453,rnb1kb1r/pp2pppp/1q3n2/3p4/3N1B2/7P/PPP1PPP1/RN1QKB1R w KQkq -,MODEL_PREDICTION_NOT_EMPIRICAL
ORD-10,B7,1900,maia3-79m,7,g2g3,g3,0.010595535859465599,0.9897327157668769,0.4932666454104177,509,35,456,rnb1kb1r/pp2pppp/1q3n2/3p4/3N1B2/7P/PPP1PPP1/RN1QKB1R w KQkq -,MODEL_PREDICTION_NOT_EMPIRICAL
ORD-10,B7,1900,maia3-79m,8,e2e3,e3,0.009855199605226517,0.9897327157668769,0.4932666454104177,501,34,465,rnb1kb1r/pp2pppp/1q3n2/3p4/3N1B2/7P/PPP1PPP1/RN1QKB1R w KQkq -,MODEL_PREDICTION_NOT_EMPIRICAL
ORD-10,B7,1900,maia3-79m,9,b2b4,b4,0.0044146692380309105,0.9897327157668769,0.4932666454104177,517,31,452,rnb1kb1r/pp2pppp/1q3n2/3p4/3N1B2/7P/PPP1PPP1/RN1QKB1R w KQkq -,MODEL_PREDICTION_NOT_EMPIRICAL
ORD-10,B7,1900,maia3-79m,10,d2d3,d3,0.0039108372293412685,0.9897327157668769,0.4932666454104177,497,35,468,rnb1kb1r/pp2pppp/1q3n2/3p4/3N1B2/7P/PPP1PPP1/RN1QKB1R w KQkq -,MODEL_PREDICTION_NOT_EMPIRICAL
ORD-10,B7,2100,maia3-79m,1,e2e4,e4,0.5516610741615295,0.9894236333202571,0.5245369929792545,498,41,461,rnb1kb1r/pp2pppp/1q3n2/3p4/3N1B2/7P/PPP1PPP1/RN1QKB1R w KQkq -,MODEL_PREDICTION_NOT_EMPIRICAL
ORD-10,B7,2100,maia3-79m,2,d2d4,d4,0.29356226325035095,0.9894236333202571,0.5245369929792545,510,44,446,rnb1kb1r/pp2pppp/1q3n2/3p4/3N1B2/7P/PPP1PPP1/RN1QKB1R w KQkq -,MODEL_PREDICTION_NOT_EMPIRICAL
ORD-10,B7,2100,maia3-79m,3,g1f3,Nf3,0.0481594055891037,0.9894236333202571,0.5245369929792545,516,45,439,rnb1kb1r/pp2pppp/1q3n2/3p4/3N1B2/7P/PPP1PPP1/RN1QKB1R w KQkq -,MODEL_PREDICTION_NOT_EMPIRICAL
ORD-10,B7,2100,maia3-79m,4,c2c4,c4,0.0476539246737957,0.9894236333202571,0.5245369929792545,507,43,450,rnb1kb1r/pp2pppp/1q3n2/3p4/3N1B2/7P/PPP1PPP1/RN1QKB1R w KQkq -,MODEL_PREDICTION_NOT_EMPIRICAL
ORD-10,B7,2100,maia3-79m,5,f2f4,f4,0.012484685517847538,0.9894236333202571,0.5245369929792545,497,40,463,rnb1kb1r/pp2pppp/1q3n2/3p4/3N1B2/7P/PPP1PPP1/RN1QKB1R w KQkq -,MODEL_PREDICTION_NOT_EMPIRICAL
ORD-10,B7,2100,maia3-79m,6,b2b3,b3,0.012168200686573982,0.9894236333202571,0.5245369929792545,507,42,451,rnb1kb1r/pp2pppp/1q3n2/3p4/3N1B2/7P/PPP1PPP1/RN1QKB1R w KQkq -,MODEL_PREDICTION_NOT_EMPIRICAL
ORD-10,B7,2100,maia3-79m,7,g2g3,g3,0.008714002557098866,0.9894236333202571,0.5245369929792545,505,42,453,rnb1kb1r/pp2pppp/1q3n2/3p4/3N1B2/7P/PPP1PPP1/RN1QKB1R w KQkq -,MODEL_PREDICTION_NOT_EMPIRICAL
ORD-10,B7,2100,maia3-79m,8,e2e3,e3,0.006894053891301155,0.9894236333202571,0.5245369929792545,497,43,460,rnb1kb1r/pp2pppp/1q3n2/3p4/3N1B2/7P/PPP1PPP1/RN1QKB1R w KQkq -,MODEL_PREDICTION_NOT_EMPIRICAL
ORD-10,B7,2100,maia3-79m,9,b1c3,Nc3,0.0044635990634560585,0.9894236333202571,0.5245369929792545,521,42,437,rnb1kb1r/pp2pppp/1q3n2/3p4/3N1B2/7P/PPP1PPP1/RN1QKB1R w KQkq -,MODEL_PREDICTION_NOT_EMPIRICAL
ORD-10,B7,2100,maia3-79m,10,d2d3,d3,0.0036624239291995764,0.9894236333202571,0.5245369929792545,489,44,467,rnb1kb1r/pp2pppp/1q3n2/3p4/3N1B2/7P/PPP1PPP1/RN1QKB1R w KQkq -,MODEL_PREDICTION_NOT_EMPIRICAL
JOB-06,B7,1100,maia3-79m,1,e2e4,e4,0.6771548986434937,0.9878678212407976,0.42561317674662125,513,26,461,r1bqkb1r/pp2pppp/2n2n2/3p4/3Q1B2/2N2P2/PPP1P1PP/R3KBNR w KQkq -,MODEL_PREDICTION_NOT_EMPIRICAL
JOB-06,B7,1100,maia3-79m,2,d2d4,d4,0.22272434830665588,0.9878678212407976,0.42561317674662125,521,27,452,r1bqkb1r/pp2pppp/2n2n2/3p4/3Q1B2/2N2P2/PPP1P1PP/R3KBNR w KQkq -,MODEL_PREDICTION_NOT_EMPIRICAL
JOB-06,B7,1100,maia3-79m,3,e2e3,e3,0.020852725952863693,0.9878678212407976,0.42561317674662125,500,27,473,r1bqkb1r/pp2pppp/2n2n2/3p4/3Q1B2/2N2P2/PPP1P1PP/R3KBNR w KQkq -,MODEL_PREDICTION_NOT_EMPIRICAL
JOB-06,B7,1100,maia3-79m,4,g1f3,Nf3,0.0199762973934412,0.9878678212407976,0.42561317674662125,517,27,456,r1bqkb1r/pp2pppp/2n2n2/3p4/3Q1B2/2N2P2/PPP1P1PP/R3KBNR w KQkq -,MODEL_PREDICTION_NOT_EMPIRICAL
JOB-06,B7,1100,maia3-79m,5,c2c4,c4,0.015163088217377663,0.9878678212407976,0.42561317674662125,513,25,462,r1bqkb1r/pp2pppp/2n2n2/3p4/3Q1B2/2N2P2/PPP1P1PP/R3KBNR w KQkq -,MODEL_PREDICTION_NOT_EMPIRICAL
JOB-06,B7,1100,maia3-79m,6,g2g3,g3,0.010951454751193523,0.9878678212407976,0.42561317674662125,497,27,476,r1bqkb1r/pp2pppp/2n2n2/3p4/3Q1B2/2N2P2/PPP1P1PP/R3KBNR w KQkq -,MODEL_PREDICTION_NOT_EMPIRICAL
JOB-06,B7,1100,maia3-79m,7,b2b3,b3,0.007491483353078365,0.9878678212407976,0.42561317674662125,494,27,479,r1bqkb1r/pp2pppp/2n2n2/3p4/3Q1B2/2N2P2/PPP1P1PP/R3KBNR w KQkq -,MODEL_PREDICTION_NOT_EMPIRICAL
JOB-06,B7,1100,maia3-79m,8,d2d3,d3,0.005036455579102039,0.9878678212407976,0.42561317674662125,493,27,480,r1bqkb1r/pp2pppp/2n2n2/3p4/3Q1B2/2N2P2/PPP1P1PP/R3KBNR w KQkq -,MODEL_PREDICTION_NOT_EMPIRICAL
JOB-06,B7,1100,maia3-79m,9,b1c3,Nc3,0.004941529594361782,0.9878678212407976,0.42561317674662125,507,27,466,r1bqkb1r/pp2pppp/2n2n2/3p4/3Q1B2/2N2P2/PPP1P1PP/R3KBNR w KQkq -,MODEL_PREDICTION_NOT_EMPIRICAL
JOB-06,B7,1100,maia3-79m,10,f2f4,f4,0.0035755394492298365,0.9878678212407976,0.42561317674662125,500,26,474,r1bqkb1r/pp2pppp/2n2n2/3p4/3Q1B2/2N2P2/PPP1P1PP/R3KBNR w KQkq -,MODEL_PREDICTION_NOT_EMPIRICAL
JOB-06,B7,1300,maia3-79m,1,e2e4,e4,0.6652060747146606,0.9883486481849104,0.4312486267262949,508,25,467,r1bqkb1r/pp2pppp/2n2n2/3p4/3Q1B2/2N2P2/PPP1P1PP/R3KBNR w KQkq -,MODEL_PREDICTION_NOT_EMPIRICAL
JOB-06,B7,1300,maia3-79m,2,d2d4,d4,0.23515543341636658,0.9883486481849104,0.4312486267262949,519,26,455,r1bqkb1r/pp2pppp/2n2n2/3p4/3Q1B2/2N2P2/PPP1P1PP/R3KBNR w KQkq -,MODEL_PREDICTION_NOT_EMPIRICAL
JOB-06,B7,1300,maia3-79m,3,g1f3,Nf3,0.019363317638635635,0.9883486481849104,0.4312486267262949,521,27,452,r1bqkb1r/pp2pppp/2n2n2/3p4/3Q1B2/2N2P2/PPP1P1PP/R3KBNR w KQkq -,MODEL_PREDICTION_NOT_EMPIRICAL
JOB-06,B7,1300,maia3-79m,4,c2c4,c4,0.018627913668751717,0.9883486481849104,0.4312486267262949,513,25,462,r1bqkb1r/pp2pppp/2n2n2/3p4/3Q1B2/2N2P2/PPP1P1PP/R3KBNR w KQkq -,MODEL_PREDICTION_NOT_EMPIRICAL
JOB-06,B7,1300,maia3-79m,5,e2e3,e3,0.017626332119107246,0.9883486481849104,0.4312486267262949,499,26,475,r1bqkb1r/pp2pppp/2n2n2/3p4/3Q1B2/2N2P2/PPP1P1PP/R3KBNR w KQkq -,MODEL_PREDICTION_NOT_EMPIRICAL
JOB-06,B7,1300,maia3-79m,6,g2g3,g3,0.011335160583257675,0.9883486481849104,0.4312486267262949,500,27,473,r1bqkb1r/pp2pppp/2n2n2/3p4/3Q1B2/2N2P2/PPP1P1PP/R3KBNR w KQkq -,MODEL_PREDICTION_NOT_EMPIRICAL
JOB-06,B7,1300,maia3-79m,7,b2b3,b3,0.008808943443000317,0.9883486481849104,0.4312486267262949,503,26,471,r1bqkb1r/pp2pppp/2n2n2/3p4/3Q1B2/2N2P2/PPP1P1PP/R3KBNR w KQkq -,MODEL_PREDICTION_NOT_EMPIRICAL
JOB-06,B7,1300,maia3-79m,8,d2d3,d3,0.004596428479999304,0.9883486481849104,0.4312486267262949,494,27,479,r1bqkb1r/pp2pppp/2n2n2/3p4/3Q1B2/2N2P2/PPP1P1PP/R3KBNR w KQkq -,MODEL_PREDICTION_NOT_EMPIRICAL
JOB-06,B7,1300,maia3-79m,9,f2f4,f4,0.0041140238754451275,0.9883486481849104,0.4312486267262949,506,25,469,r1bqkb1r/pp2pppp/2n2n2/3p4/3Q1B2/2N2P2/PPP1P1PP/R3KBNR w KQkq -,MODEL_PREDICTION_NOT_EMPIRICAL
JOB-06,B7,1300,maia3-79m,10,b1c3,Nc3,0.0035150202456861734,0.9883486481849104,0.4312486267262949,513,26,461,r1bqkb1r/pp2pppp/2n2n2/3p4/3Q1B2/2N2P2/PPP1P1PP/R3KBNR w KQkq -,MODEL_PREDICTION_NOT_EMPIRICAL
JOB-06,B7,1500,maia3-79m,1,e2e4,e4,0.6482347846031189,0.9890689314343035,0.44840463559511406,505,27,468,r1bqkb1r/pp2pppp/2n2n2/3p4/3Q1B2/2N2P2/PPP1P1PP/R3KBNR w KQkq -,MODEL_PREDICTION_NOT_EMPIRICAL
JOB-06,B7,1500,maia3-79m,2,d2d4,d4,0.24543097615242004,0.9890689314343035,0.44840463559511406,515,28,457,r1bqkb1r/pp2pppp/2n2n2/3p4/3Q1B2/2N2P2/PPP1P1PP/R3KBNR w KQkq -,MODEL_PREDICTION_NOT_EMPIRICAL
JOB-06,B7,1500,maia3-79m,3,c2c4,c4,0.02303183265030384,0.9890689314343035,0.44840463559511406,511,27,462,r1bqkb1r/pp2pppp/2n2n2/3p4/3Q1B2/2N2P2/PPP1P1PP/R3KBNR w KQkq -,MODEL_PREDICTION_NOT_EMPIRICAL
JOB-06,B7,1500,maia3-79m,4,g1f3,Nf3,0.02068304643034935,0.9890689314343035,0.44840463559511406,525,27,448,r1bqkb1r/pp2pppp/2n2n2/3p4/3Q1B2/2N2P2/PPP1P1PP/R3KBNR w KQkq -,MODEL_PREDICTION_NOT_EMPIRICAL
JOB-06,B7,1500,maia3-79m,5,e2e3,e3,0.015259450301527977,0.9890689314343035,0.44840463559511406,497,27,476,r1bqkb1r/pp2pppp/2n2n2/3p4/3Q1B2/2N2P2/PPP1P1PP/R3KBNR w KQkq -,MODEL_PREDICTION_NOT_EMPIRICAL
JOB-06,B7,1500,maia3-79m,6,g2g3,g3,0.011820637620985508,0.9890689314343035,0.44840463559511406,503,28,469,r1bqkb1r/pp2pppp/2n2n2/3p4/3Q1B2/2N2P2/PPP1P1PP/R3KBNR w KQkq -,MODEL_PREDICTION_NOT_EMPIRICAL
JOB-06,B7,1500,maia3-79m,7,b2b3,b3,0.01035252958536148,0.9890689314343035,0.44840463559511406,505,27,468,r1bqkb1r/pp2pppp/2n2n2/3p4/3Q1B2/2N2P2/PPP1P1PP/R3KBNR w KQkq -,MODEL_PREDICTION_NOT_EMPIRICAL
JOB-06,B7,1500,maia3-79m,8,f2f4,f4,0.005875293631106615,0.9890689314343035,0.44840463559511406,507,25,468,r1bqkb1r/pp2pppp/2n2n2/3p4/3Q1B2/2N2P2/PPP1P1PP/R3KBNR w KQkq -,MODEL_PREDICTION_NOT_EMPIRICAL
JOB-06,B7,1500,maia3-79m,9,d2d3,d3,0.00447371369227767,0.9890689314343035,0.44840463559511406,496,28,476,r1bqkb1r/pp2pppp/2n2n2/3p4/3Q1B2/2N2P2/PPP1P1PP/R3KBNR w KQkq -,MODEL_PREDICTION_NOT_EMPIRICAL
JOB-06,B7,1500,maia3-79m,10,b2b4,b4,0.00390666676685214,0.9890689314343035,0.44840463559511406,515,24,461,r1bqkb1r/pp2pppp/2n2n2/3p4/3Q1B2/2N2P2/PPP1P1PP/R3KBNR w KQkq -,MODEL_PREDICTION_NOT_EMPIRICAL
JOB-06,B7,1700,maia3-79m,1,e2e4,e4,0.625694990158081,0.9896683357656002,0.47033680283448054,504,29,467,r1bqkb1r/pp2pppp/2n2n2/3p4/3Q1B2/2N2P2/PPP1P1PP/R3KBNR w KQkq -,MODEL_PREDICTION_NOT_EMPIRICAL
JOB-06,B7,1700,maia3-79m,2,d2d4,d4,0.257449209690094,0.9896683357656002,0.47033680283448054,515,31,454,r1bqkb1r/pp2pppp/2n2n2/3p4/3Q1B2/2N2P2/PPP1P1PP/R3KBNR w KQkq -,MODEL_PREDICTION_NOT_EMPIRICAL
JOB-06,B7,1700,maia3-79m,3,c2c4,c4,0.029208268970251083,0.9896683357656002,0.47033680283448054,513,30,457,r1bqkb1r/pp2pppp/2n2n2/3p4/3Q1B2/2N2P2/PPP1P1PP/R3KBNR w KQkq -,MODEL_PREDICTION_NOT_EMPIRICAL
JOB-06,B7,1700,maia3-79m,4,g1f3,Nf3,0.023894039914011955,0.9896683357656002,0.47033680283448054,530,30,440,r1bqkb1r/pp2pppp/2n2n2/3p4/3Q1B2/2N2P2/PPP1P1PP/R3KBNR w KQkq -,MODEL_PREDICTION_NOT_EMPIRICAL
JOB-06,B7,1700,maia3-79m,5,e2e3,e3,0.012733161449432373,0.9896683357656002,0.47033680283448054,501,29,470,r1bqkb1r/pp2pppp/2n2n2/3p4/3Q1B2/2N2P2/PPP1P1PP/R3KBNR w KQkq -,MODEL_PREDICTION_NOT_EMPIRICAL
JOB-06,B7,1700,maia3-79m,6,g2g3,g3,0.011797066777944565,0.9896683357656002,0.47033680283448054,508,30,462,r1bqkb1r/pp2pppp/2n2n2/3p4/3Q1B2/2N2P2/PPP1P1PP/R3KBNR w KQkq -,MODEL_PREDICTION_NOT_EMPIRICAL
JOB-06,B7,1700,maia3-79m,7,b2b3,b3,0.011401703581213951,0.9896683357656002,0.47033680283448054,510,29,461,r1bqkb1r/pp2pppp/2n2n2/3p4/3Q1B2/2N2P2/PPP1P1PP/R3KBNR w KQkq -,MODEL_PREDICTION_NOT_EMPIRICAL
JOB-06,B7,1700,maia3-79m,8,f2f4,f4,0.00882899109274149,0.9896683357656002,0.47033680283448054,507,28,465,r1bqkb1r/pp2pppp/2n2n2/3p4/3Q1B2/2N2P2/PPP1P1PP/R3KBNR w KQkq -,MODEL_PREDICTION_NOT_EMPIRICAL
JOB-06,B7,1700,maia3-79m,9,b2b4,b4,0.004424287937581539,0.9896683357656002,0.47033680283448054,518,27,455,r1bqkb1r/pp2pppp/2n2n2/3p4/3Q1B2/2N2P2/PPP1P1PP/R3KBNR w KQkq -,MODEL_PREDICTION_NOT_EMPIRICAL
JOB-06,B7,1700,maia3-79m,10,d2d3,d3,0.0042366161942481995,0.9896683357656002,0.47033680283448054,500,30,470,r1bqkb1r/pp2pppp/2n2n2/3p4/3Q1B2/2N2P2/PPP1P1PP/R3KBNR w KQkq -,MODEL_PREDICTION_NOT_EMPIRICAL
JOB-06,B7,1900,maia3-79m,1,e2e4,e4,0.5982585549354553,0.9897327157668769,0.4932666454104177,503,33,464,r1bqkb1r/pp2pppp/2n2n2/3p4/3Q1B2/2N2P2/PPP1P1PP/R3KBNR w KQkq -,MODEL_PREDICTION_NOT_EMPIRICAL
JOB-06,B7,1900,maia3-79m,2,d2d4,d4,0.27083200216293335,0.9897327157668769,0.4932666454104177,513,36,451,r1bqkb1r/pp2pppp/2n2n2/3p4/3Q1B2/2N2P2/PPP1P1PP/R3KBNR w KQkq -,MODEL_PREDICTION_NOT_EMPIRICAL
JOB-06,B7,1900,maia3-79m,3,c2c4,c4,0.03720775246620178,0.9897327157668769,0.4932666454104177,512,35,453,r1bqkb1r/pp2pppp/2n2n2/3p4/3Q1B2/2N2P2/PPP1P1PP/R3KBNR w KQkq -,MODEL_PREDICTION_NOT_EMPIRICAL
JOB-06,B7,1900,maia3-79m,4,g1f3,Nf3,0.030766692012548447,0.9897327157668769,0.4932666454104177,527,36,437,r1bqkb1r/pp2pppp/2n2n2/3p4/3Q1B2/2N2P2/PPP1P1PP/R3KBNR w KQkq -,MODEL_PREDICTION_NOT_EMPIRICAL
JOB-06,B7,1900,maia3-79m,5,f2f4,f4,0.012273138388991356,0.9897327157668769,0.4932666454104177,504,32,464,r1bqkb1r/pp2pppp/2n2n2/3p4/3Q1B2/2N2P2/PPP1P1PP/R3KBNR w KQkq -,MODEL_PREDICTION_NOT_EMPIRICAL
JOB-06,B7,1900,maia3-79m,6,b2b3,b3,0.011618333868682384,0.9897327157668769,0.4932666454104177,513,34,453,r1bqkb1r/pp2pppp/2n2n2/3p4/3Q1B2/2N2P2/PPP1P1PP/R3KBNR w KQkq -,MODEL_PREDICTION_NOT_EMPIRICAL
JOB-06,B7,1900,maia3-79m,7,g2g3,g3,0.010595535859465599,0.9897327157668769,0.4932666454104177,509,35,456,r1bqkb1r/pp2pppp/2n2n2/3p4/3Q1B2/2N2P2/PPP1P1PP/R3KBNR w KQkq -,MODEL_PREDICTION_NOT_EMPIRICAL
JOB-06,B7,1900,maia3-79m,8,e2e3,e3,0.009855199605226517,0.9897327157668769,0.4932666454104177,501,34,465,r1bqkb1r/pp2pppp/2n2n2/3p4/3Q1B2/2N2P2/PPP1P1PP/R3KBNR w KQkq -,MODEL_PREDICTION_NOT_EMPIRICAL
JOB-06,B7,1900,maia3-79m,9,b2b4,b4,0.0044146692380309105,0.9897327157668769,0.4932666454104177,517,31,452,r1bqkb1r/pp2pppp/2n2n2/3p4/3Q1B2/2N2P2/PPP1P1PP/R3KBNR w KQkq -,MODEL_PREDICTION_NOT_EMPIRICAL
JOB-06,B7,1900,maia3-79m,10,d2d3,d3,0.0039108372293412685,0.9897327157668769,0.4932666454104177,497,35,468,r1bqkb1r/pp2pppp/2n2n2/3p4/3Q1B2/2N2P2/PPP1P1PP/R3KBNR w KQkq -,MODEL_PREDICTION_NOT_EMPIRICAL
JOB-06,B7,2100,maia3-79m,1,e2e4,e4,0.5516610741615295,0.9894236333202571,0.5245369929792545,498,41,461,r1bqkb1r/pp2pppp/2n2n2/3p4/3Q1B2/2N2P2/PPP1P1PP/R3KBNR w KQkq -,MODEL_PREDICTION_NOT_EMPIRICAL
JOB-06,B7,2100,maia3-79m,2,d2d4,d4,0.29356226325035095,0.9894236333202571,0.5245369929792545,510,44,446,r1bqkb1r/pp2pppp/2n2n2/3p4/3Q1B2/2N2P2/PPP1P1PP/R3KBNR w KQkq -,MODEL_PREDICTION_NOT_EMPIRICAL
JOB-06,B7,2100,maia3-79m,3,g1f3,Nf3,0.0481594055891037,0.9894236333202571,0.5245369929792545,516,45,439,r1bqkb1r/pp2pppp/2n2n2/3p4/3Q1B2/2N2P2/PPP1P1PP/R3KBNR w KQkq -,MODEL_PREDICTION_NOT_EMPIRICAL
JOB-06,B7,2100,maia3-79m,4,c2c4,c4,0.0476539246737957,0.9894236333202571,0.5245369929792545,507,43,450,r1bqkb1r/pp2pppp/2n2n2/3p4/3Q1B2/2N2P2/PPP1P1PP/R3KBNR w KQkq -,MODEL_PREDICTION_NOT_EMPIRICAL
JOB-06,B7,2100,maia3-79m,5,f2f4,f4,0.012484685517847538,0.9894236333202571,0.5245369929792545,497,40,463,r1bqkb1r/pp2pppp/2n2n2/3p4/3Q1B2/2N2P2/PPP1P1PP/R3KBNR w KQkq -,MODEL_PREDICTION_NOT_EMPIRICAL
JOB-06,B7,2100,maia3-79m,6,b2b3,b3,0.012168200686573982,0.9894236333202571,0.5245369929792545,507,42,451,r1bqkb1r/pp2pppp/2n2n2/3p4/3Q1B2/2N2P2/PPP1P1PP/R3KBNR w KQkq -,MODEL_PREDICTION_NOT_EMPIRICAL
JOB-06,B7,2100,maia3-79m,7,g2g3,g3,0.008714002557098866,0.9894236333202571,0.5245369929792545,505,42,453,r1bqkb1r/pp2pppp/2n2n2/3p4/3Q1B2/2N2P2/PPP1P1PP/R3KBNR w KQkq -,MODEL_PREDICTION_NOT_EMPIRICAL
JOB-06,B7,2100,maia3-79m,8,e2e3,e3,0.006894053891301155,0.9894236333202571,0.5245369929792545,497,43,460,r1bqkb1r/pp2pppp/2n2n2/3p4/3Q1B2/2N2P2/PPP1P1PP/R3KBNR w KQkq -,MODEL_PREDICTION_NOT_EMPIRICAL
JOB-06,B7,2100,maia3-79m,9,b1c3,Nc3,0.0044635990634560585,0.9894236333202571,0.5245369929792545,521,42,437,r1bqkb1r/pp2pppp/2n2n2/3p4/3Q1B2/2N2P2/PPP1P1PP/R3KBNR w KQkq -,MODEL_PREDICTION_NOT_EMPIRICAL
JOB-06,B7,2100,maia3-79m,10,d2d3,d3,0.0036624239291995764,0.9894236333202571,0.5245369929792545,489,44,467,r1bqkb1r/pp2pppp/2n2n2/3p4/3Q1B2/2N2P2/PPP1P1PP/R3KBNR w KQkq -,MODEL_PREDICTION_NOT_EMPIRICAL
JOB-09,B7,1100,maia3-79m,1,e2e4,e4,0.6771548986434937,0.9878678212407976,0.42561317674662125,513,26,461,r1bqkb1r/pp2pppp/2n2n2/3p4/3Q1B2/P1N5/1PP1PPPP/R3KBNR w KQkq -,MODEL_PREDICTION_NOT_EMPIRICAL
JOB-09,B7,1100,maia3-79m,2,d2d4,d4,0.22272434830665588,0.9878678212407976,0.42561317674662125,521,27,452,r1bqkb1r/pp2pppp/2n2n2/3p4/3Q1B2/P1N5/1PP1PPPP/R3KBNR w KQkq -,MODEL_PREDICTION_NOT_EMPIRICAL
JOB-09,B7,1100,maia3-79m,3,e2e3,e3,0.020852725952863693,0.9878678212407976,0.42561317674662125,500,27,473,r1bqkb1r/pp2pppp/2n2n2/3p4/3Q1B2/P1N5/1PP1PPPP/R3KBNR w KQkq -,MODEL_PREDICTION_NOT_EMPIRICAL
JOB-09,B7,1100,maia3-79m,4,g1f3,Nf3,0.0199762973934412,0.9878678212407976,0.42561317674662125,517,27,456,r1bqkb1r/pp2pppp/2n2n2/3p4/3Q1B2/P1N5/1PP1PPPP/R3KBNR w KQkq -,MODEL_PREDICTION_NOT_EMPIRICAL
JOB-09,B7,1100,maia3-79m,5,c2c4,c4,0.015163088217377663,0.9878678212407976,0.42561317674662125,513,25,462,r1bqkb1r/pp2pppp/2n2n2/3p4/3Q1B2/P1N5/1PP1PPPP/R3KBNR w KQkq -,MODEL_PREDICTION_NOT_EMPIRICAL
JOB-09,B7,1100,maia3-79m,6,g2g3,g3,0.010951454751193523,0.9878678212407976,0.42561317674662125,497,27,476,r1bqkb1r/pp2pppp/2n2n2/3p4/3Q1B2/P1N5/1PP1PPPP/R3KBNR w KQkq -,MODEL_PREDICTION_NOT_EMPIRICAL
JOB-09,B7,1100,maia3-79m,7,b2b3,b3,0.007491483353078365,0.9878678212407976,0.42561317674662125,494,27,479,r1bqkb1r/pp2pppp/2n2n2/3p4/3Q1B2/P1N5/1PP1PPPP/R3KBNR w KQkq -,MODEL_PREDICTION_NOT_EMPIRICAL
JOB-09,B7,1100,maia3-79m,8,d2d3,d3,0.005036455579102039,0.9878678212407976,0.42561317674662125,493,27,480,r1bqkb1r/pp2pppp/2n2n2/3p4/3Q1B2/P1N5/1PP1PPPP/R3KBNR w KQkq -,MODEL_PREDICTION_NOT_EMPIRICAL
JOB-09,B7,1100,maia3-79m,9,b1c3,Nc3,0.004941529594361782,0.9878678212407976,0.42561317674662125,507,27,466,r1bqkb1r/pp2pppp/2n2n2/3p4/3Q1B2/P1N5/1PP1PPPP/R3KBNR w KQkq -,MODEL_PREDICTION_NOT_EMPIRICAL
JOB-09,B7,1100,maia3-79m,10,f2f4,f4,0.0035755394492298365,0.9878678212407976,0.42561317674662125,500,26,474,r1bqkb1r/pp2pppp/2n2n2/3p4/3Q1B2/P1N5/1PP1PPPP/R3KBNR w KQkq -,MODEL_PREDICTION_NOT_EMPIRICAL
JOB-09,B7,1300,maia3-79m,1,e2e4,e4,0.6652060747146606,0.9883486481849104,0.4312486267262949,508,25,467,r1bqkb1r/pp2pppp/2n2n2/3p4/3Q1B2/P1N5/1PP1PPPP/R3KBNR w KQkq -,MODEL_PREDICTION_NOT_EMPIRICAL
JOB-09,B7,1300,maia3-79m,2,d2d4,d4,0.23515543341636658,0.9883486481849104,0.4312486267262949,519,26,455,r1bqkb1r/pp2pppp/2n2n2/3p4/3Q1B2/P1N5/1PP1PPPP/R3KBNR w KQkq -,MODEL_PREDICTION_NOT_EMPIRICAL
JOB-09,B7,1300,maia3-79m,3,g1f3,Nf3,0.019363317638635635,0.9883486481849104,0.4312486267262949,521,27,452,r1bqkb1r/pp2pppp/2n2n2/3p4/3Q1B2/P1N5/1PP1PPPP/R3KBNR w KQkq -,MODEL_PREDICTION_NOT_EMPIRICAL
JOB-09,B7,1300,maia3-79m,4,c2c4,c4,0.018627913668751717,0.9883486481849104,0.4312486267262949,513,25,462,r1bqkb1r/pp2pppp/2n2n2/3p4/3Q1B2/P1N5/1PP1PPPP/R3KBNR w KQkq -,MODEL_PREDICTION_NOT_EMPIRICAL
JOB-09,B7,1300,maia3-79m,5,e2e3,e3,0.017626332119107246,0.9883486481849104,0.4312486267262949,499,26,475,r1bqkb1r/pp2pppp/2n2n2/3p4/3Q1B2/P1N5/1PP1PPPP/R3KBNR w KQkq -,MODEL_PREDICTION_NOT_EMPIRICAL
JOB-09,B7,1300,maia3-79m,6,g2g3,g3,0.011335160583257675,0.9883486481849104,0.4312486267262949,500,27,473,r1bqkb1r/pp2pppp/2n2n2/3p4/3Q1B2/P1N5/1PP1PPPP/R3KBNR w KQkq -,MODEL_PREDICTION_NOT_EMPIRICAL
JOB-09,B7,1300,maia3-79m,7,b2b3,b3,0.008808943443000317,0.9883486481849104,0.4312486267262949,503,26,471,r1bqkb1r/pp2pppp/2n2n2/3p4/3Q1B2/P1N5/1PP1PPPP/R3KBNR w KQkq -,MODEL_PREDICTION_NOT_EMPIRICAL
JOB-09,B7,1300,maia3-79m,8,d2d3,d3,0.004596428479999304,0.9883486481849104,0.4312486267262949,494,27,479,r1bqkb1r/pp2pppp/2n2n2/3p4/3Q1B2/P1N5/1PP1PPPP/R3KBNR w KQkq -,MODEL_PREDICTION_NOT_EMPIRICAL
JOB-09,B7,1300,maia3-79m,9,f2f4,f4,0.0041140238754451275,0.9883486481849104,0.4312486267262949,506,25,469,r1bqkb1r/pp2pppp/2n2n2/3p4/3Q1B2/P1N5/1PP1PPPP/R3KBNR w KQkq -,MODEL_PREDICTION_NOT_EMPIRICAL
JOB-09,B7,1300,maia3-79m,10,b1c3,Nc3,0.0035150202456861734,0.9883486481849104,0.4312486267262949,513,26,461,r1bqkb1r/pp2pppp/2n2n2/3p4/3Q1B2/P1N5/1PP1PPPP/R3KBNR w KQkq -,MODEL_PREDICTION_NOT_EMPIRICAL
JOB-09,B7,1500,maia3-79m,1,e2e4,e4,0.6482347846031189,0.9890689314343035,0.44840463559511406,505,27,468,r1bqkb1r/pp2pppp/2n2n2/3p4/3Q1B2/P1N5/1PP1PPPP/R3KBNR w KQkq -,MODEL_PREDICTION_NOT_EMPIRICAL
JOB-09,B7,1500,maia3-79m,2,d2d4,d4,0.24543097615242004,0.9890689314343035,0.44840463559511406,515,28,457,r1bqkb1r/pp2pppp/2n2n2/3p4/3Q1B2/P1N5/1PP1PPPP/R3KBNR w KQkq -,MODEL_PREDICTION_NOT_EMPIRICAL
JOB-09,B7,1500,maia3-79m,3,c2c4,c4,0.02303183265030384,0.9890689314343035,0.44840463559511406,511,27,462,r1bqkb1r/pp2pppp/2n2n2/3p4/3Q1B2/P1N5/1PP1PPPP/R3KBNR w KQkq -,MODEL_PREDICTION_NOT_EMPIRICAL
JOB-09,B7,1500,maia3-79m,4,g1f3,Nf3,0.02068304643034935,0.9890689314343035,0.44840463559511406,525,27,448,r1bqkb1r/pp2pppp/2n2n2/3p4/3Q1B2/P1N5/1PP1PPPP/R3KBNR w KQkq -,MODEL_PREDICTION_NOT_EMPIRICAL
JOB-09,B7,1500,maia3-79m,5,e2e3,e3,0.015259450301527977,0.9890689314343035,0.44840463559511406,497,27,476,r1bqkb1r/pp2pppp/2n2n2/3p4/3Q1B2/P1N5/1PP1PPPP/R3KBNR w KQkq -,MODEL_PREDICTION_NOT_EMPIRICAL
JOB-09,B7,1500,maia3-79m,6,g2g3,g3,0.011820637620985508,0.9890689314343035,0.44840463559511406,503,28,469,r1bqkb1r/pp2pppp/2n2n2/3p4/3Q1B2/P1N5/1PP1PPPP/R3KBNR w KQkq -,MODEL_PREDICTION_NOT_EMPIRICAL
JOB-09,B7,1500,maia3-79m,7,b2b3,b3,0.01035252958536148,0.9890689314343035,0.44840463559511406,505,27,468,r1bqkb1r/pp2pppp/2n2n2/3p4/3Q1B2/P1N5/1PP1PPPP/R3KBNR w KQkq -,MODEL_PREDICTION_NOT_EMPIRICAL
JOB-09,B7,1500,maia3-79m,8,f2f4,f4,0.005875293631106615,0.9890689314343035,0.44840463559511406,507,25,468,r1bqkb1r/pp2pppp/2n2n2/3p4/3Q1B2/P1N5/1PP1PPPP/R3KBNR w KQkq -,MODEL_PREDICTION_NOT_EMPIRICAL
JOB-09,B7,1500,maia3-79m,9,d2d3,d3,0.00447371369227767,0.9890689314343035,0.44840463559511406,496,28,476,r1bqkb1r/pp2pppp/2n2n2/3p4/3Q1B2/P1N5/1PP1PPPP/R3KBNR w KQkq -,MODEL_PREDICTION_NOT_EMPIRICAL
JOB-09,B7,1500,maia3-79m,10,b2b4,b4,0.00390666676685214,0.9890689314343035,0.44840463559511406,515,24,461,r1bqkb1r/pp2pppp/2n2n2/3p4/3Q1B2/P1N5/1PP1PPPP/R3KBNR w KQkq -,MODEL_PREDICTION_NOT_EMPIRICAL
JOB-09,B7,1700,maia3-79m,1,e2e4,e4,0.625694990158081,0.9896683357656002,0.47033680283448054,504,29,467,r1bqkb1r/pp2pppp/2n2n2/3p4/3Q1B2/P1N5/1PP1PPPP/R3KBNR w KQkq -,MODEL_PREDICTION_NOT_EMPIRICAL
JOB-09,B7,1700,maia3-79m,2,d2d4,d4,0.257449209690094,0.9896683357656002,0.47033680283448054,515,31,454,r1bqkb1r/pp2pppp/2n2n2/3p4/3Q1B2/P1N5/1PP1PPPP/R3KBNR w KQkq -,MODEL_PREDICTION_NOT_EMPIRICAL
JOB-09,B7,1700,maia3-79m,3,c2c4,c4,0.029208268970251083,0.9896683357656002,0.47033680283448054,513,30,457,r1bqkb1r/pp2pppp/2n2n2/3p4/3Q1B2/P1N5/1PP1PPPP/R3KBNR w KQkq -,MODEL_PREDICTION_NOT_EMPIRICAL
JOB-09,B7,1700,maia3-79m,4,g1f3,Nf3,0.023894039914011955,0.9896683357656002,0.47033680283448054,530,30,440,r1bqkb1r/pp2pppp/2n2n2/3p4/3Q1B2/P1N5/1PP1PPPP/R3KBNR w KQkq -,MODEL_PREDICTION_NOT_EMPIRICAL
JOB-09,B7,1700,maia3-79m,5,e2e3,e3,0.012733161449432373,0.9896683357656002,0.47033680283448054,501,29,470,r1bqkb1r/pp2pppp/2n2n2/3p4/3Q1B2/P1N5/1PP1PPPP/R3KBNR w KQkq -,MODEL_PREDICTION_NOT_EMPIRICAL
JOB-09,B7,1700,maia3-79m,6,g2g3,g3,0.011797066777944565,0.9896683357656002,0.47033680283448054,508,30,462,r1bqkb1r/pp2pppp/2n2n2/3p4/3Q1B2/P1N5/1PP1PPPP/R3KBNR w KQkq -,MODEL_PREDICTION_NOT_EMPIRICAL
JOB-09,B7,1700,maia3-79m,7,b2b3,b3,0.011401703581213951,0.9896683357656002,0.47033680283448054,510,29,461,r1bqkb1r/pp2pppp/2n2n2/3p4/3Q1B2/P1N5/1PP1PPPP/R3KBNR w KQkq -,MODEL_PREDICTION_NOT_EMPIRICAL
JOB-09,B7,1700,maia3-79m,8,f2f4,f4,0.00882899109274149,0.9896683357656002,0.47033680283448054,507,28,465,r1bqkb1r/pp2pppp/2n2n2/3p4/3Q1B2/P1N5/1PP1PPPP/R3KBNR w KQkq -,MODEL_PREDICTION_NOT_EMPIRICAL
JOB-09,B7,1700,maia3-79m,9,b2b4,b4,0.004424287937581539,0.9896683357656002,0.47033680283448054,518,27,455,r1bqkb1r/pp2pppp/2n2n2/3p4/3Q1B2/P1N5/1PP1PPPP/R3KBNR w KQkq -,MODEL_PREDICTION_NOT_EMPIRICAL
JOB-09,B7,1700,maia3-79m,10,d2d3,d3,0.0042366161942481995,0.9896683357656002,0.47033680283448054,500,30,470,r1bqkb1r/pp2pppp/2n2n2/3p4/3Q1B2/P1N5/1PP1PPPP/R3KBNR w KQkq -,MODEL_PREDICTION_NOT_EMPIRICAL
JOB-09,B7,1900,maia3-79m,1,e2e4,e4,0.5982585549354553,0.9897327157668769,0.4932666454104177,503,33,464,r1bqkb1r/pp2pppp/2n2n2/3p4/3Q1B2/P1N5/1PP1PPPP/R3KBNR w KQkq -,MODEL_PREDICTION_NOT_EMPIRICAL
JOB-09,B7,1900,maia3-79m,2,d2d4,d4,0.27083200216293335,0.9897327157668769,0.4932666454104177,513,36,451,r1bqkb1r/pp2pppp/2n2n2/3p4/3Q1B2/P1N5/1PP1PPPP/R3KBNR w KQkq -,MODEL_PREDICTION_NOT_EMPIRICAL
JOB-09,B7,1900,maia3-79m,3,c2c4,c4,0.03720775246620178,0.9897327157668769,0.4932666454104177,512,35,453,r1bqkb1r/pp2pppp/2n2n2/3p4/3Q1B2/P1N5/1PP1PPPP/R3KBNR w KQkq -,MODEL_PREDICTION_NOT_EMPIRICAL
JOB-09,B7,1900,maia3-79m,4,g1f3,Nf3,0.030766692012548447,0.9897327157668769,0.4932666454104177,527,36,437,r1bqkb1r/pp2pppp/2n2n2/3p4/3Q1B2/P1N5/1PP1PPPP/R3KBNR w KQkq -,MODEL_PREDICTION_NOT_EMPIRICAL
JOB-09,B7,1900,maia3-79m,5,f2f4,f4,0.012273138388991356,0.9897327157668769,0.4932666454104177,504,32,464,r1bqkb1r/pp2pppp/2n2n2/3p4/3Q1B2/P1N5/1PP1PPPP/R3KBNR w KQkq -,MODEL_PREDICTION_NOT_EMPIRICAL
JOB-09,B7,1900,maia3-79m,6,b2b3,b3,0.011618333868682384,0.9897327157668769,0.4932666454104177,513,34,453,r1bqkb1r/pp2pppp/2n2n2/3p4/3Q1B2/P1N5/1PP1PPPP/R3KBNR w KQkq -,MODEL_PREDICTION_NOT_EMPIRICAL
JOB-09,B7,1900,maia3-79m,7,g2g3,g3,0.010595535859465599,0.9897327157668769,0.4932666454104177,509,35,456,r1bqkb1r/pp2pppp/2n2n2/3p4/3Q1B2/P1N5/1PP1PPPP/R3KBNR w KQkq -,MODEL_PREDICTION_NOT_EMPIRICAL
JOB-09,B7,1900,maia3-79m,8,e2e3,e3,0.009855199605226517,0.9897327157668769,0.4932666454104177,501,34,465,r1bqkb1r/pp2pppp/2n2n2/3p4/3Q1B2/P1N5/1PP1PPPP/R3KBNR w KQkq -,MODEL_PREDICTION_NOT_EMPIRICAL
JOB-09,B7,1900,maia3-79m,9,b2b4,b4,0.0044146692380309105,0.9897327157668769,0.4932666454104177,517,31,452,r1bqkb1r/pp2pppp/2n2n2/3p4/3Q1B2/P1N5/1PP1PPPP/R3KBNR w KQkq -,MODEL_PREDICTION_NOT_EMPIRICAL
JOB-09,B7,1900,maia3-79m,10,d2d3,d3,0.0039108372293412685,0.9897327157668769,0.4932666454104177,497,35,468,r1bqkb1r/pp2pppp/2n2n2/3p4/3Q1B2/P1N5/1PP1PPPP/R3KBNR w KQkq -,MODEL_PREDICTION_NOT_EMPIRICAL
JOB-09,B7,2100,maia3-79m,1,e2e4,e4,0.5516610741615295,0.9894236333202571,0.5245369929792545,498,41,461,r1bqkb1r/pp2pppp/2n2n2/3p4/3Q1B2/P1N5/1PP1PPPP/R3KBNR w KQkq -,MODEL_PREDICTION_NOT_EMPIRICAL
JOB-09,B7,2100,maia3-79m,2,d2d4,d4,0.29356226325035095,0.9894236333202571,0.5245369929792545,510,44,446,r1bqkb1r/pp2pppp/2n2n2/3p4/3Q1B2/P1N5/1PP1PPPP/R3KBNR w KQkq -,MODEL_PREDICTION_NOT_EMPIRICAL
JOB-09,B7,2100,maia3-79m,3,g1f3,Nf3,0.0481594055891037,0.9894236333202571,0.5245369929792545,516,45,439,r1bqkb1r/pp2pppp/2n2n2/3p4/3Q1B2/P1N5/1PP1PPPP/R3KBNR w KQkq -,MODEL_PREDICTION_NOT_EMPIRICAL
JOB-09,B7,2100,maia3-79m,4,c2c4,c4,0.0476539246737957,0.9894236333202571,0.5245369929792545,507,43,450,r1bqkb1r/pp2pppp/2n2n2/3p4/3Q1B2/P1N5/1PP1PPPP/R3KBNR w KQkq -,MODEL_PREDICTION_NOT_EMPIRICAL
JOB-09,B7,2100,maia3-79m,5,f2f4,f4,0.012484685517847538,0.9894236333202571,0.5245369929792545,497,40,463,r1bqkb1r/pp2pppp/2n2n2/3p4/3Q1B2/P1N5/1PP1PPPP/R3KBNR w KQkq -,MODEL_PREDICTION_NOT_EMPIRICAL
JOB-09,B7,2100,maia3-79m,6,b2b3,b3,0.012168200686573982,0.9894236333202571,0.5245369929792545,507,42,451,r1bqkb1r/pp2pppp/2n2n2/3p4/3Q1B2/P1N5/1PP1PPPP/R3KBNR w KQkq -,MODEL_PREDICTION_NOT_EMPIRICAL
JOB-09,B7,2100,maia3-79m,7,g2g3,g3,0.008714002557098866,0.9894236333202571,0.5245369929792545,505,42,453,r1bqkb1r/pp2pppp/2n2n2/3p4/3Q1B2/P1N5/1PP1PPPP/R3KBNR w KQkq -,MODEL_PREDICTION_NOT_EMPIRICAL
JOB-09,B7,2100,maia3-79m,8,e2e3,e3,0.006894053891301155,0.9894236333202571,0.5245369929792545,497,43,460,r1bqkb1r/pp2pppp/2n2n2/3p4/3Q1B2/P1N5/1PP1PPPP/R3KBNR w KQkq -,MODEL_PREDICTION_NOT_EMPIRICAL
JOB-09,B7,2100,maia3-79m,9,b1c3,Nc3,0.0044635990634560585,0.9894236333202571,0.5245369929792545,521,42,437,r1bqkb1r/pp2pppp/2n2n2/3p4/3Q1B2/P1N5/1PP1PPPP/R3KBNR w KQkq -,MODEL_PREDICTION_NOT_EMPIRICAL
JOB-09,B7,2100,maia3-79m,10,d2d3,d3,0.0036624239291995764,0.9894236333202571,0.5245369929792545,489,44,467,r1bqkb1r/pp2pppp/2n2n2/3p4/3Q1B2/P1N5/1PP1PPPP/R3KBNR w KQkq -,MODEL_PREDICTION_NOT_EMPIRICAL
JOB-10,B7,1100,maia3-79m,1,e2e4,e4,0.6771548986434937,0.9878678212407976,0.42561317674662125,513,26,461,r1bqkb1r/pp2pppp/2n2n2/3p4/3Q1B1P/2N5/PPP1PPP1/R3KBNR w KQkq -,MODEL_PREDICTION_NOT_EMPIRICAL
JOB-10,B7,1100,maia3-79m,2,d2d4,d4,0.22272434830665588,0.9878678212407976,0.42561317674662125,521,27,452,r1bqkb1r/pp2pppp/2n2n2/3p4/3Q1B1P/2N5/PPP1PPP1/R3KBNR w KQkq -,MODEL_PREDICTION_NOT_EMPIRICAL
JOB-10,B7,1100,maia3-79m,3,e2e3,e3,0.020852725952863693,0.9878678212407976,0.42561317674662125,500,27,473,r1bqkb1r/pp2pppp/2n2n2/3p4/3Q1B1P/2N5/PPP1PPP1/R3KBNR w KQkq -,MODEL_PREDICTION_NOT_EMPIRICAL
JOB-10,B7,1100,maia3-79m,4,g1f3,Nf3,0.0199762973934412,0.9878678212407976,0.42561317674662125,517,27,456,r1bqkb1r/pp2pppp/2n2n2/3p4/3Q1B1P/2N5/PPP1PPP1/R3KBNR w KQkq -,MODEL_PREDICTION_NOT_EMPIRICAL
JOB-10,B7,1100,maia3-79m,5,c2c4,c4,0.015163088217377663,0.9878678212407976,0.42561317674662125,513,25,462,r1bqkb1r/pp2pppp/2n2n2/3p4/3Q1B1P/2N5/PPP1PPP1/R3KBNR w KQkq -,MODEL_PREDICTION_NOT_EMPIRICAL
JOB-10,B7,1100,maia3-79m,6,g2g3,g3,0.010951454751193523,0.9878678212407976,0.42561317674662125,497,27,476,r1bqkb1r/pp2pppp/2n2n2/3p4/3Q1B1P/2N5/PPP1PPP1/R3KBNR w KQkq -,MODEL_PREDICTION_NOT_EMPIRICAL
JOB-10,B7,1100,maia3-79m,7,b2b3,b3,0.007491483353078365,0.9878678212407976,0.42561317674662125,494,27,479,r1bqkb1r/pp2pppp/2n2n2/3p4/3Q1B1P/2N5/PPP1PPP1/R3KBNR w KQkq -,MODEL_PREDICTION_NOT_EMPIRICAL
JOB-10,B7,1100,maia3-79m,8,d2d3,d3,0.005036455579102039,0.9878678212407976,0.42561317674662125,493,27,480,r1bqkb1r/pp2pppp/2n2n2/3p4/3Q1B1P/2N5/PPP1PPP1/R3KBNR w KQkq -,MODEL_PREDICTION_NOT_EMPIRICAL
JOB-10,B7,1100,maia3-79m,9,b1c3,Nc3,0.004941529594361782,0.9878678212407976,0.42561317674662125,507,27,466,r1bqkb1r/pp2pppp/2n2n2/3p4/3Q1B1P/2N5/PPP1PPP1/R3KBNR w KQkq -,MODEL_PREDICTION_NOT_EMPIRICAL
JOB-10,B7,1100,maia3-79m,10,f2f4,f4,0.0035755394492298365,0.9878678212407976,0.42561317674662125,500,26,474,r1bqkb1r/pp2pppp/2n2n2/3p4/3Q1B1P/2N5/PPP1PPP1/R3KBNR w KQkq -,MODEL_PREDICTION_NOT_EMPIRICAL
JOB-10,B7,1300,maia3-79m,1,e2e4,e4,0.6652060747146606,0.9883486481849104,0.4312486267262949,508,25,467,r1bqkb1r/pp2pppp/2n2n2/3p4/3Q1B1P/2N5/PPP1PPP1/R3KBNR w KQkq -,MODEL_PREDICTION_NOT_EMPIRICAL
JOB-10,B7,1300,maia3-79m,2,d2d4,d4,0.23515543341636658,0.9883486481849104,0.4312486267262949,519,26,455,r1bqkb1r/pp2pppp/2n2n2/3p4/3Q1B1P/2N5/PPP1PPP1/R3KBNR w KQkq -,MODEL_PREDICTION_NOT_EMPIRICAL
JOB-10,B7,1300,maia3-79m,3,g1f3,Nf3,0.019363317638635635,0.9883486481849104,0.4312486267262949,521,27,452,r1bqkb1r/pp2pppp/2n2n2/3p4/3Q1B1P/2N5/PPP1PPP1/R3KBNR w KQkq -,MODEL_PREDICTION_NOT_EMPIRICAL
JOB-10,B7,1300,maia3-79m,4,c2c4,c4,0.018627913668751717,0.9883486481849104,0.4312486267262949,513,25,462,r1bqkb1r/pp2pppp/2n2n2/3p4/3Q1B1P/2N5/PPP1PPP1/R3KBNR w KQkq -,MODEL_PREDICTION_NOT_EMPIRICAL
JOB-10,B7,1300,maia3-79m,5,e2e3,e3,0.017626332119107246,0.9883486481849104,0.4312486267262949,499,26,475,r1bqkb1r/pp2pppp/2n2n2/3p4/3Q1B1P/2N5/PPP1PPP1/R3KBNR w KQkq -,MODEL_PREDICTION_NOT_EMPIRICAL
JOB-10,B7,1300,maia3-79m,6,g2g3,g3,0.011335160583257675,0.9883486481849104,0.4312486267262949,500,27,473,r1bqkb1r/pp2pppp/2n2n2/3p4/3Q1B1P/2N5/PPP1PPP1/R3KBNR w KQkq -,MODEL_PREDICTION_NOT_EMPIRICAL
JOB-10,B7,1300,maia3-79m,7,b2b3,b3,0.008808943443000317,0.9883486481849104,0.4312486267262949,503,26,471,r1bqkb1r/pp2pppp/2n2n2/3p4/3Q1B1P/2N5/PPP1PPP1/R3KBNR w KQkq -,MODEL_PREDICTION_NOT_EMPIRICAL
JOB-10,B7,1300,maia3-79m,8,d2d3,d3,0.004596428479999304,0.9883486481849104,0.4312486267262949,494,27,479,r1bqkb1r/pp2pppp/2n2n2/3p4/3Q1B1P/2N5/PPP1PPP1/R3KBNR w KQkq -,MODEL_PREDICTION_NOT_EMPIRICAL
JOB-10,B7,1300,maia3-79m,9,f2f4,f4,0.0041140238754451275,0.9883486481849104,0.4312486267262949,506,25,469,r1bqkb1r/pp2pppp/2n2n2/3p4/3Q1B1P/2N5/PPP1PPP1/R3KBNR w KQkq -,MODEL_PREDICTION_NOT_EMPIRICAL
JOB-10,B7,1300,maia3-79m,10,b1c3,Nc3,0.0035150202456861734,0.9883486481849104,0.4312486267262949,513,26,461,r1bqkb1r/pp2pppp/2n2n2/3p4/3Q1B1P/2N5/PPP1PPP1/R3KBNR w KQkq -,MODEL_PREDICTION_NOT_EMPIRICAL
JOB-10,B7,1500,maia3-79m,1,e2e4,e4,0.6482347846031189,0.9890689314343035,0.44840463559511406,505,27,468,r1bqkb1r/pp2pppp/2n2n2/3p4/3Q1B1P/2N5/PPP1PPP1/R3KBNR w KQkq -,MODEL_PREDICTION_NOT_EMPIRICAL
JOB-10,B7,1500,maia3-79m,2,d2d4,d4,0.24543097615242004,0.9890689314343035,0.44840463559511406,515,28,457,r1bqkb1r/pp2pppp/2n2n2/3p4/3Q1B1P/2N5/PPP1PPP1/R3KBNR w KQkq -,MODEL_PREDICTION_NOT_EMPIRICAL
JOB-10,B7,1500,maia3-79m,3,c2c4,c4,0.02303183265030384,0.9890689314343035,0.44840463559511406,511,27,462,r1bqkb1r/pp2pppp/2n2n2/3p4/3Q1B1P/2N5/PPP1PPP1/R3KBNR w KQkq -,MODEL_PREDICTION_NOT_EMPIRICAL
JOB-10,B7,1500,maia3-79m,4,g1f3,Nf3,0.02068304643034935,0.9890689314343035,0.44840463559511406,525,27,448,r1bqkb1r/pp2pppp/2n2n2/3p4/3Q1B1P/2N5/PPP1PPP1/R3KBNR w KQkq -,MODEL_PREDICTION_NOT_EMPIRICAL
JOB-10,B7,1500,maia3-79m,5,e2e3,e3,0.015259450301527977,0.9890689314343035,0.44840463559511406,497,27,476,r1bqkb1r/pp2pppp/2n2n2/3p4/3Q1B1P/2N5/PPP1PPP1/R3KBNR w KQkq -,MODEL_PREDICTION_NOT_EMPIRICAL
JOB-10,B7,1500,maia3-79m,6,g2g3,g3,0.011820637620985508,0.9890689314343035,0.44840463559511406,503,28,469,r1bqkb1r/pp2pppp/2n2n2/3p4/3Q1B1P/2N5/PPP1PPP1/R3KBNR w KQkq -,MODEL_PREDICTION_NOT_EMPIRICAL
JOB-10,B7,1500,maia3-79m,7,b2b3,b3,0.01035252958536148,0.9890689314343035,0.44840463559511406,505,27,468,r1bqkb1r/pp2pppp/2n2n2/3p4/3Q1B1P/2N5/PPP1PPP1/R3KBNR w KQkq -,MODEL_PREDICTION_NOT_EMPIRICAL
JOB-10,B7,1500,maia3-79m,8,f2f4,f4,0.005875293631106615,0.9890689314343035,0.44840463559511406,507,25,468,r1bqkb1r/pp2pppp/2n2n2/3p4/3Q1B1P/2N5/PPP1PPP1/R3KBNR w KQkq -,MODEL_PREDICTION_NOT_EMPIRICAL
JOB-10,B7,1500,maia3-79m,9,d2d3,d3,0.00447371369227767,0.9890689314343035,0.44840463559511406,496,28,476,r1bqkb1r/pp2pppp/2n2n2/3p4/3Q1B1P/2N5/PPP1PPP1/R3KBNR w KQkq -,MODEL_PREDICTION_NOT_EMPIRICAL
JOB-10,B7,1500,maia3-79m,10,b2b4,b4,0.00390666676685214,0.9890689314343035,0.44840463559511406,515,24,461,r1bqkb1r/pp2pppp/2n2n2/3p4/3Q1B1P/2N5/PPP1PPP1/R3KBNR w KQkq -,MODEL_PREDICTION_NOT_EMPIRICAL
JOB-10,B7,1700,maia3-79m,1,e2e4,e4,0.625694990158081,0.9896683357656002,0.47033680283448054,504,29,467,r1bqkb1r/pp2pppp/2n2n2/3p4/3Q1B1P/2N5/PPP1PPP1/R3KBNR w KQkq -,MODEL_PREDICTION_NOT_EMPIRICAL
JOB-10,B7,1700,maia3-79m,2,d2d4,d4,0.257449209690094,0.9896683357656002,0.47033680283448054,515,31,454,r1bqkb1r/pp2pppp/2n2n2/3p4/3Q1B1P/2N5/PPP1PPP1/R3KBNR w KQkq -,MODEL_PREDICTION_NOT_EMPIRICAL
JOB-10,B7,1700,maia3-79m,3,c2c4,c4,0.029208268970251083,0.9896683357656002,0.47033680283448054,513,30,457,r1bqkb1r/pp2pppp/2n2n2/3p4/3Q1B1P/2N5/PPP1PPP1/R3KBNR w KQkq -,MODEL_PREDICTION_NOT_EMPIRICAL
JOB-10,B7,1700,maia3-79m,4,g1f3,Nf3,0.023894039914011955,0.9896683357656002,0.47033680283448054,530,30,440,r1bqkb1r/pp2pppp/2n2n2/3p4/3Q1B1P/2N5/PPP1PPP1/R3KBNR w KQkq -,MODEL_PREDICTION_NOT_EMPIRICAL
JOB-10,B7,1700,maia3-79m,5,e2e3,e3,0.012733161449432373,0.9896683357656002,0.47033680283448054,501,29,470,r1bqkb1r/pp2pppp/2n2n2/3p4/3Q1B1P/2N5/PPP1PPP1/R3KBNR w KQkq -,MODEL_PREDICTION_NOT_EMPIRICAL
JOB-10,B7,1700,maia3-79m,6,g2g3,g3,0.011797066777944565,0.9896683357656002,0.47033680283448054,508,30,462,r1bqkb1r/pp2pppp/2n2n2/3p4/3Q1B1P/2N5/PPP1PPP1/R3KBNR w KQkq -,MODEL_PREDICTION_NOT_EMPIRICAL
JOB-10,B7,1700,maia3-79m,7,b2b3,b3,0.011401703581213951,0.9896683357656002,0.47033680283448054,510,29,461,r1bqkb1r/pp2pppp/2n2n2/3p4/3Q1B1P/2N5/PPP1PPP1/R3KBNR w KQkq -,MODEL_PREDICTION_NOT_EMPIRICAL
JOB-10,B7,1700,maia3-79m,8,f2f4,f4,0.00882899109274149,0.9896683357656002,0.47033680283448054,507,28,465,r1bqkb1r/pp2pppp/2n2n2/3p4/3Q1B1P/2N5/PPP1PPP1/R3KBNR w KQkq -,MODEL_PREDICTION_NOT_EMPIRICAL
JOB-10,B7,1700,maia3-79m,9,b2b4,b4,0.004424287937581539,0.9896683357656002,0.47033680283448054,518,27,455,r1bqkb1r/pp2pppp/2n2n2/3p4/3Q1B1P/2N5/PPP1PPP1/R3KBNR w KQkq -,MODEL_PREDICTION_NOT_EMPIRICAL
JOB-10,B7,1700,maia3-79m,10,d2d3,d3,0.0042366161942481995,0.9896683357656002,0.47033680283448054,500,30,470,r1bqkb1r/pp2pppp/2n2n2/3p4/3Q1B1P/2N5/PPP1PPP1/R3KBNR w KQkq -,MODEL_PREDICTION_NOT_EMPIRICAL
JOB-10,B7,1900,maia3-79m,1,e2e4,e4,0.5982585549354553,0.9897327157668769,0.4932666454104177,503,33,464,r1bqkb1r/pp2pppp/2n2n2/3p4/3Q1B1P/2N5/PPP1PPP1/R3KBNR w KQkq -,MODEL_PREDICTION_NOT_EMPIRICAL
JOB-10,B7,1900,maia3-79m,2,d2d4,d4,0.27083200216293335,0.9897327157668769,0.4932666454104177,513,36,451,r1bqkb1r/pp2pppp/2n2n2/3p4/3Q1B1P/2N5/PPP1PPP1/R3KBNR w KQkq -,MODEL_PREDICTION_NOT_EMPIRICAL
JOB-10,B7,1900,maia3-79m,3,c2c4,c4,0.03720775246620178,0.9897327157668769,0.4932666454104177,512,35,453,r1bqkb1r/pp2pppp/2n2n2/3p4/3Q1B1P/2N5/PPP1PPP1/R3KBNR w KQkq -,MODEL_PREDICTION_NOT_EMPIRICAL
JOB-10,B7,1900,maia3-79m,4,g1f3,Nf3,0.030766692012548447,0.9897327157668769,0.4932666454104177,527,36,437,r1bqkb1r/pp2pppp/2n2n2/3p4/3Q1B1P/2N5/PPP1PPP1/R3KBNR w KQkq -,MODEL_PREDICTION_NOT_EMPIRICAL
JOB-10,B7,1900,maia3-79m,5,f2f4,f4,0.012273138388991356,0.9897327157668769,0.4932666454104177,504,32,464,r1bqkb1r/pp2pppp/2n2n2/3p4/3Q1B1P/2N5/PPP1PPP1/R3KBNR w KQkq -,MODEL_PREDICTION_NOT_EMPIRICAL
JOB-10,B7,1900,maia3-79m,6,b2b3,b3,0.011618333868682384,0.9897327157668769,0.4932666454104177,513,34,453,r1bqkb1r/pp2pppp/2n2n2/3p4/3Q1B1P/2N5/PPP1PPP1/R3KBNR w KQkq -,MODEL_PREDICTION_NOT_EMPIRICAL
JOB-10,B7,1900,maia3-79m,7,g2g3,g3,0.010595535859465599,0.9897327157668769,0.4932666454104177,509,35,456,r1bqkb1r/pp2pppp/2n2n2/3p4/3Q1B1P/2N5/PPP1PPP1/R3KBNR w KQkq -,MODEL_PREDICTION_NOT_EMPIRICAL
JOB-10,B7,1900,maia3-79m,8,e2e3,e3,0.009855199605226517,0.9897327157668769,0.4932666454104177,501,34,465,r1bqkb1r/pp2pppp/2n2n2/3p4/3Q1B1P/2N5/PPP1PPP1/R3KBNR w KQkq -,MODEL_PREDICTION_NOT_EMPIRICAL
JOB-10,B7,1900,maia3-79m,9,b2b4,b4,0.0044146692380309105,0.9897327157668769,0.4932666454104177,517,31,452,r1bqkb1r/pp2pppp/2n2n2/3p4/3Q1B1P/2N5/PPP1PPP1/R3KBNR w KQkq -,MODEL_PREDICTION_NOT_EMPIRICAL
JOB-10,B7,1900,maia3-79m,10,d2d3,d3,0.0039108372293412685,0.9897327157668769,0.4932666454104177,497,35,468,r1bqkb1r/pp2pppp/2n2n2/3p4/3Q1B1P/2N5/PPP1PPP1/R3KBNR w KQkq -,MODEL_PREDICTION_NOT_EMPIRICAL
JOB-10,B7,2100,maia3-79m,1,e2e4,e4,0.5516610741615295,0.9894236333202571,0.5245369929792545,498,41,461,r1bqkb1r/pp2pppp/2n2n2/3p4/3Q1B1P/2N5/PPP1PPP1/R3KBNR w KQkq -,MODEL_PREDICTION_NOT_EMPIRICAL
JOB-10,B7,2100,maia3-79m,2,d2d4,d4,0.29356226325035095,0.9894236333202571,0.5245369929792545,510,44,446,r1bqkb1r/pp2pppp/2n2n2/3p4/3Q1B1P/2N5/PPP1PPP1/R3KBNR w KQkq -,MODEL_PREDICTION_NOT_EMPIRICAL
JOB-10,B7,2100,maia3-79m,3,g1f3,Nf3,0.0481594055891037,0.9894236333202571,0.5245369929792545,516,45,439,r1bqkb1r/pp2pppp/2n2n2/3p4/3Q1B1P/2N5/PPP1PPP1/R3KBNR w KQkq -,MODEL_PREDICTION_NOT_EMPIRICAL
JOB-10,B7,2100,maia3-79m,4,c2c4,c4,0.0476539246737957,0.9894236333202571,0.5245369929792545,507,43,450,r1bqkb1r/pp2pppp/2n2n2/3p4/3Q1B1P/2N5/PPP1PPP1/R3KBNR w KQkq -,MODEL_PREDICTION_NOT_EMPIRICAL
JOB-10,B7,2100,maia3-79m,5,f2f4,f4,0.012484685517847538,0.9894236333202571,0.5245369929792545,497,40,463,r1bqkb1r/pp2pppp/2n2n2/3p4/3Q1B1P/2N5/PPP1PPP1/R3KBNR w KQkq -,MODEL_PREDICTION_NOT_EMPIRICAL
JOB-10,B7,2100,maia3-79m,6,b2b3,b3,0.012168200686573982,0.9894236333202571,0.5245369929792545,507,42,451,r1bqkb1r/pp2pppp/2n2n2/3p4/3Q1B1P/2N5/PPP1PPP1/R3KBNR w KQkq -,MODEL_PREDICTION_NOT_EMPIRICAL
JOB-10,B7,2100,maia3-79m,7,g2g3,g3,0.008714002557098866,0.9894236333202571,0.5245369929792545,505,42,453,r1bqkb1r/pp2pppp/2n2n2/3p4/3Q1B1P/2N5/PPP1PPP1/R3KBNR w KQkq -,MODEL_PREDICTION_NOT_EMPIRICAL
JOB-10,B7,2100,maia3-79m,8,e2e3,e3,0.006894053891301155,0.9894236333202571,0.5245369929792545,497,43,460,r1bqkb1r/pp2pppp/2n2n2/3p4/3Q1B1P/2N5/PPP1PPP1/R3KBNR w KQkq -,MODEL_PREDICTION_NOT_EMPIRICAL
JOB-10,B7,2100,maia3-79m,9,b1c3,Nc3,0.0044635990634560585,0.9894236333202571,0.5245369929792545,521,42,437,r1bqkb1r/pp2pppp/2n2n2/3p4/3Q1B1P/2N5/PPP1PPP1/R3KBNR w KQkq -,MODEL_PREDICTION_NOT_EMPIRICAL
JOB-10,B7,2100,maia3-79m,10,d2d3,d3,0.0036624239291995764,0.9894236333202571,0.5245369929792545,489,44,467,r1bqkb1r/pp2pppp/2n2n2/3p4/3Q1B1P/2N5/PPP1PPP1/R3KBNR w KQkq -,MODEL_PREDICTION_NOT_EMPIRICAL
VER-08,B7,1100,maia3-79m,1,e2e4,e4,0.6771548986434937,0.9878678212407976,0.42561317674662125,513,26,461,r1bqkb1r/pp2pppp/2n2n2/3p2B1/3Q4/2N2P2/PPP1P1PP/R3KBNR w KQkq -,MODEL_PREDICTION_NOT_EMPIRICAL
VER-08,B7,1100,maia3-79m,2,d2d4,d4,0.22272434830665588,0.9878678212407976,0.42561317674662125,521,27,452,r1bqkb1r/pp2pppp/2n2n2/3p2B1/3Q4/2N2P2/PPP1P1PP/R3KBNR w KQkq -,MODEL_PREDICTION_NOT_EMPIRICAL
VER-08,B7,1100,maia3-79m,3,e2e3,e3,0.020852725952863693,0.9878678212407976,0.42561317674662125,500,27,473,r1bqkb1r/pp2pppp/2n2n2/3p2B1/3Q4/2N2P2/PPP1P1PP/R3KBNR w KQkq -,MODEL_PREDICTION_NOT_EMPIRICAL
VER-08,B7,1100,maia3-79m,4,g1f3,Nf3,0.0199762973934412,0.9878678212407976,0.42561317674662125,517,27,456,r1bqkb1r/pp2pppp/2n2n2/3p2B1/3Q4/2N2P2/PPP1P1PP/R3KBNR w KQkq -,MODEL_PREDICTION_NOT_EMPIRICAL
VER-08,B7,1100,maia3-79m,5,c2c4,c4,0.015163088217377663,0.9878678212407976,0.42561317674662125,513,25,462,r1bqkb1r/pp2pppp/2n2n2/3p2B1/3Q4/2N2P2/PPP1P1PP/R3KBNR w KQkq -,MODEL_PREDICTION_NOT_EMPIRICAL
VER-08,B7,1100,maia3-79m,6,g2g3,g3,0.010951454751193523,0.9878678212407976,0.42561317674662125,497,27,476,r1bqkb1r/pp2pppp/2n2n2/3p2B1/3Q4/2N2P2/PPP1P1PP/R3KBNR w KQkq -,MODEL_PREDICTION_NOT_EMPIRICAL
VER-08,B7,1100,maia3-79m,7,b2b3,b3,0.007491483353078365,0.9878678212407976,0.42561317674662125,494,27,479,r1bqkb1r/pp2pppp/2n2n2/3p2B1/3Q4/2N2P2/PPP1P1PP/R3KBNR w KQkq -,MODEL_PREDICTION_NOT_EMPIRICAL
VER-08,B7,1100,maia3-79m,8,d2d3,d3,0.005036455579102039,0.9878678212407976,0.42561317674662125,493,27,480,r1bqkb1r/pp2pppp/2n2n2/3p2B1/3Q4/2N2P2/PPP1P1PP/R3KBNR w KQkq -,MODEL_PREDICTION_NOT_EMPIRICAL
VER-08,B7,1100,maia3-79m,9,b1c3,Nc3,0.004941529594361782,0.9878678212407976,0.42561317674662125,507,27,466,r1bqkb1r/pp2pppp/2n2n2/3p2B1/3Q4/2N2P2/PPP1P1PP/R3KBNR w KQkq -,MODEL_PREDICTION_NOT_EMPIRICAL
VER-08,B7,1100,maia3-79m,10,f2f4,f4,0.0035755394492298365,0.9878678212407976,0.42561317674662125,500,26,474,r1bqkb1r/pp2pppp/2n2n2/3p2B1/3Q4/2N2P2/PPP1P1PP/R3KBNR w KQkq -,MODEL_PREDICTION_NOT_EMPIRICAL
VER-08,B7,1300,maia3-79m,1,e2e4,e4,0.6652060747146606,0.9883486481849104,0.4312486267262949,508,25,467,r1bqkb1r/pp2pppp/2n2n2/3p2B1/3Q4/2N2P2/PPP1P1PP/R3KBNR w KQkq -,MODEL_PREDICTION_NOT_EMPIRICAL
VER-08,B7,1300,maia3-79m,2,d2d4,d4,0.23515543341636658,0.9883486481849104,0.4312486267262949,519,26,455,r1bqkb1r/pp2pppp/2n2n2/3p2B1/3Q4/2N2P2/PPP1P1PP/R3KBNR w KQkq -,MODEL_PREDICTION_NOT_EMPIRICAL
VER-08,B7,1300,maia3-79m,3,g1f3,Nf3,0.019363317638635635,0.9883486481849104,0.4312486267262949,521,27,452,r1bqkb1r/pp2pppp/2n2n2/3p2B1/3Q4/2N2P2/PPP1P1PP/R3KBNR w KQkq -,MODEL_PREDICTION_NOT_EMPIRICAL
VER-08,B7,1300,maia3-79m,4,c2c4,c4,0.018627913668751717,0.9883486481849104,0.4312486267262949,513,25,462,r1bqkb1r/pp2pppp/2n2n2/3p2B1/3Q4/2N2P2/PPP1P1PP/R3KBNR w KQkq -,MODEL_PREDICTION_NOT_EMPIRICAL
VER-08,B7,1300,maia3-79m,5,e2e3,e3,0.017626332119107246,0.9883486481849104,0.4312486267262949,499,26,475,r1bqkb1r/pp2pppp/2n2n2/3p2B1/3Q4/2N2P2/PPP1P1PP/R3KBNR w KQkq -,MODEL_PREDICTION_NOT_EMPIRICAL
VER-08,B7,1300,maia3-79m,6,g2g3,g3,0.011335160583257675,0.9883486481849104,0.4312486267262949,500,27,473,r1bqkb1r/pp2pppp/2n2n2/3p2B1/3Q4/2N2P2/PPP1P1PP/R3KBNR w KQkq -,MODEL_PREDICTION_NOT_EMPIRICAL
VER-08,B7,1300,maia3-79m,7,b2b3,b3,0.008808943443000317,0.9883486481849104,0.4312486267262949,503,26,471,r1bqkb1r/pp2pppp/2n2n2/3p2B1/3Q4/2N2P2/PPP1P1PP/R3KBNR w KQkq -,MODEL_PREDICTION_NOT_EMPIRICAL
VER-08,B7,1300,maia3-79m,8,d2d3,d3,0.004596428479999304,0.9883486481849104,0.4312486267262949,494,27,479,r1bqkb1r/pp2pppp/2n2n2/3p2B1/3Q4/2N2P2/PPP1P1PP/R3KBNR w KQkq -,MODEL_PREDICTION_NOT_EMPIRICAL
VER-08,B7,1300,maia3-79m,9,f2f4,f4,0.0041140238754451275,0.9883486481849104,0.4312486267262949,506,25,469,r1bqkb1r/pp2pppp/2n2n2/3p2B1/3Q4/2N2P2/PPP1P1PP/R3KBNR w KQkq -,MODEL_PREDICTION_NOT_EMPIRICAL
VER-08,B7,1300,maia3-79m,10,b1c3,Nc3,0.0035150202456861734,0.9883486481849104,0.4312486267262949,513,26,461,r1bqkb1r/pp2pppp/2n2n2/3p2B1/3Q4/2N2P2/PPP1P1PP/R3KBNR w KQkq -,MODEL_PREDICTION_NOT_EMPIRICAL
VER-08,B7,1500,maia3-79m,1,e2e4,e4,0.6482347846031189,0.9890689314343035,0.44840463559511406,505,27,468,r1bqkb1r/pp2pppp/2n2n2/3p2B1/3Q4/2N2P2/PPP1P1PP/R3KBNR w KQkq -,MODEL_PREDICTION_NOT_EMPIRICAL
VER-08,B7,1500,maia3-79m,2,d2d4,d4,0.24543097615242004,0.9890689314343035,0.44840463559511406,515,28,457,r1bqkb1r/pp2pppp/2n2n2/3p2B1/3Q4/2N2P2/PPP1P1PP/R3KBNR w KQkq -,MODEL_PREDICTION_NOT_EMPIRICAL
VER-08,B7,1500,maia3-79m,3,c2c4,c4,0.02303183265030384,0.9890689314343035,0.44840463559511406,511,27,462,r1bqkb1r/pp2pppp/2n2n2/3p2B1/3Q4/2N2P2/PPP1P1PP/R3KBNR w KQkq -,MODEL_PREDICTION_NOT_EMPIRICAL
VER-08,B7,1500,maia3-79m,4,g1f3,Nf3,0.02068304643034935,0.9890689314343035,0.44840463559511406,525,27,448,r1bqkb1r/pp2pppp/2n2n2/3p2B1/3Q4/2N2P2/PPP1P1PP/R3KBNR w KQkq -,MODEL_PREDICTION_NOT_EMPIRICAL
VER-08,B7,1500,maia3-79m,5,e2e3,e3,0.015259450301527977,0.9890689314343035,0.44840463559511406,497,27,476,r1bqkb1r/pp2pppp/2n2n2/3p2B1/3Q4/2N2P2/PPP1P1PP/R3KBNR w KQkq -,MODEL_PREDICTION_NOT_EMPIRICAL
VER-08,B7,1500,maia3-79m,6,g2g3,g3,0.011820637620985508,0.9890689314343035,0.44840463559511406,503,28,469,r1bqkb1r/pp2pppp/2n2n2/3p2B1/3Q4/2N2P2/PPP1P1PP/R3KBNR w KQkq -,MODEL_PREDICTION_NOT_EMPIRICAL
VER-08,B7,1500,maia3-79m,7,b2b3,b3,0.01035252958536148,0.9890689314343035,0.44840463559511406,505,27,468,r1bqkb1r/pp2pppp/2n2n2/3p2B1/3Q4/2N2P2/PPP1P1PP/R3KBNR w KQkq -,MODEL_PREDICTION_NOT_EMPIRICAL
VER-08,B7,1500,maia3-79m,8,f2f4,f4,0.005875293631106615,0.9890689314343035,0.44840463559511406,507,25,468,r1bqkb1r/pp2pppp/2n2n2/3p2B1/3Q4/2N2P2/PPP1P1PP/R3KBNR w KQkq -,MODEL_PREDICTION_NOT_EMPIRICAL
VER-08,B7,1500,maia3-79m,9,d2d3,d3,0.00447371369227767,0.9890689314343035,0.44840463559511406,496,28,476,r1bqkb1r/pp2pppp/2n2n2/3p2B1/3Q4/2N2P2/PPP1P1PP/R3KBNR w KQkq -,MODEL_PREDICTION_NOT_EMPIRICAL
VER-08,B7,1500,maia3-79m,10,b2b4,b4,0.00390666676685214,0.9890689314343035,0.44840463559511406,515,24,461,r1bqkb1r/pp2pppp/2n2n2/3p2B1/3Q4/2N2P2/PPP1P1PP/R3KBNR w KQkq -,MODEL_PREDICTION_NOT_EMPIRICAL
VER-08,B7,1700,maia3-79m,1,e2e4,e4,0.625694990158081,0.9896683357656002,0.47033680283448054,504,29,467,r1bqkb1r/pp2pppp/2n2n2/3p2B1/3Q4/2N2P2/PPP1P1PP/R3KBNR w KQkq -,MODEL_PREDICTION_NOT_EMPIRICAL
VER-08,B7,1700,maia3-79m,2,d2d4,d4,0.257449209690094,0.9896683357656002,0.47033680283448054,515,31,454,r1bqkb1r/pp2pppp/2n2n2/3p2B1/3Q4/2N2P2/PPP1P1PP/R3KBNR w KQkq -,MODEL_PREDICTION_NOT_EMPIRICAL
VER-08,B7,1700,maia3-79m,3,c2c4,c4,0.029208268970251083,0.9896683357656002,0.47033680283448054,513,30,457,r1bqkb1r/pp2pppp/2n2n2/3p2B1/3Q4/2N2P2/PPP1P1PP/R3KBNR w KQkq -,MODEL_PREDICTION_NOT_EMPIRICAL
VER-08,B7,1700,maia3-79m,4,g1f3,Nf3,0.023894039914011955,0.9896683357656002,0.47033680283448054,530,30,440,r1bqkb1r/pp2pppp/2n2n2/3p2B1/3Q4/2N2P2/PPP1P1PP/R3KBNR w KQkq -,MODEL_PREDICTION_NOT_EMPIRICAL
VER-08,B7,1700,maia3-79m,5,e2e3,e3,0.012733161449432373,0.9896683357656002,0.47033680283448054,501,29,470,r1bqkb1r/pp2pppp/2n2n2/3p2B1/3Q4/2N2P2/PPP1P1PP/R3KBNR w KQkq -,MODEL_PREDICTION_NOT_EMPIRICAL
VER-08,B7,1700,maia3-79m,6,g2g3,g3,0.011797066777944565,0.9896683357656002,0.47033680283448054,508,30,462,r1bqkb1r/pp2pppp/2n2n2/3p2B1/3Q4/2N2P2/PPP1P1PP/R3KBNR w KQkq -,MODEL_PREDICTION_NOT_EMPIRICAL
VER-08,B7,1700,maia3-79m,7,b2b3,b3,0.011401703581213951,0.9896683357656002,0.47033680283448054,510,29,461,r1bqkb1r/pp2pppp/2n2n2/3p2B1/3Q4/2N2P2/PPP1P1PP/R3KBNR w KQkq -,MODEL_PREDICTION_NOT_EMPIRICAL
VER-08,B7,1700,maia3-79m,8,f2f4,f4,0.00882899109274149,0.9896683357656002,0.47033680283448054,507,28,465,r1bqkb1r/pp2pppp/2n2n2/3p2B1/3Q4/2N2P2/PPP1P1PP/R3KBNR w KQkq -,MODEL_PREDICTION_NOT_EMPIRICAL
VER-08,B7,1700,maia3-79m,9,b2b4,b4,0.004424287937581539,0.9896683357656002,0.47033680283448054,518,27,455,r1bqkb1r/pp2pppp/2n2n2/3p2B1/3Q4/2N2P2/PPP1P1PP/R3KBNR w KQkq -,MODEL_PREDICTION_NOT_EMPIRICAL
VER-08,B7,1700,maia3-79m,10,d2d3,d3,0.0042366161942481995,0.9896683357656002,0.47033680283448054,500,30,470,r1bqkb1r/pp2pppp/2n2n2/3p2B1/3Q4/2N2P2/PPP1P1PP/R3KBNR w KQkq -,MODEL_PREDICTION_NOT_EMPIRICAL
VER-08,B7,1900,maia3-79m,1,e2e4,e4,0.5982585549354553,0.9897327157668769,0.4932666454104177,503,33,464,r1bqkb1r/pp2pppp/2n2n2/3p2B1/3Q4/2N2P2/PPP1P1PP/R3KBNR w KQkq -,MODEL_PREDICTION_NOT_EMPIRICAL
VER-08,B7,1900,maia3-79m,2,d2d4,d4,0.27083200216293335,0.9897327157668769,0.4932666454104177,513,36,451,r1bqkb1r/pp2pppp/2n2n2/3p2B1/3Q4/2N2P2/PPP1P1PP/R3KBNR w KQkq -,MODEL_PREDICTION_NOT_EMPIRICAL
VER-08,B7,1900,maia3-79m,3,c2c4,c4,0.03720775246620178,0.9897327157668769,0.4932666454104177,512,35,453,r1bqkb1r/pp2pppp/2n2n2/3p2B1/3Q4/2N2P2/PPP1P1PP/R3KBNR w KQkq -,MODEL_PREDICTION_NOT_EMPIRICAL
VER-08,B7,1900,maia3-79m,4,g1f3,Nf3,0.030766692012548447,0.9897327157668769,0.4932666454104177,527,36,437,r1bqkb1r/pp2pppp/2n2n2/3p2B1/3Q4/2N2P2/PPP1P1PP/R3KBNR w KQkq -,MODEL_PREDICTION_NOT_EMPIRICAL
VER-08,B7,1900,maia3-79m,5,f2f4,f4,0.012273138388991356,0.9897327157668769,0.4932666454104177,504,32,464,r1bqkb1r/pp2pppp/2n2n2/3p2B1/3Q4/2N2P2/PPP1P1PP/R3KBNR w KQkq -,MODEL_PREDICTION_NOT_EMPIRICAL
VER-08,B7,1900,maia3-79m,6,b2b3,b3,0.011618333868682384,0.9897327157668769,0.4932666454104177,513,34,453,r1bqkb1r/pp2pppp/2n2n2/3p2B1/3Q4/2N2P2/PPP1P1PP/R3KBNR w KQkq -,MODEL_PREDICTION_NOT_EMPIRICAL
VER-08,B7,1900,maia3-79m,7,g2g3,g3,0.010595535859465599,0.9897327157668769,0.4932666454104177,509,35,456,r1bqkb1r/pp2pppp/2n2n2/3p2B1/3Q4/2N2P2/PPP1P1PP/R3KBNR w KQkq -,MODEL_PREDICTION_NOT_EMPIRICAL
VER-08,B7,1900,maia3-79m,8,e2e3,e3,0.009855199605226517,0.9897327157668769,0.4932666454104177,501,34,465,r1bqkb1r/pp2pppp/2n2n2/3p2B1/3Q4/2N2P2/PPP1P1PP/R3KBNR w KQkq -,MODEL_PREDICTION_NOT_EMPIRICAL
VER-08,B7,1900,maia3-79m,9,b2b4,b4,0.0044146692380309105,0.9897327157668769,0.4932666454104177,517,31,452,r1bqkb1r/pp2pppp/2n2n2/3p2B1/3Q4/2N2P2/PPP1P1PP/R3KBNR w KQkq -,MODEL_PREDICTION_NOT_EMPIRICAL
VER-08,B7,1900,maia3-79m,10,d2d3,d3,0.0039108372293412685,0.9897327157668769,0.4932666454104177,497,35,468,r1bqkb1r/pp2pppp/2n2n2/3p2B1/3Q4/2N2P2/PPP1P1PP/R3KBNR w KQkq -,MODEL_PREDICTION_NOT_EMPIRICAL
VER-08,B7,2100,maia3-79m,1,e2e4,e4,0.5516610741615295,0.9894236333202571,0.5245369929792545,498,41,461,r1bqkb1r/pp2pppp/2n2n2/3p2B1/3Q4/2N2P2/PPP1P1PP/R3KBNR w KQkq -,MODEL_PREDICTION_NOT_EMPIRICAL
VER-08,B7,2100,maia3-79m,2,d2d4,d4,0.29356226325035095,0.9894236333202571,0.5245369929792545,510,44,446,r1bqkb1r/pp2pppp/2n2n2/3p2B1/3Q4/2N2P2/PPP1P1PP/R3KBNR w KQkq -,MODEL_PREDICTION_NOT_EMPIRICAL
VER-08,B7,2100,maia3-79m,3,g1f3,Nf3,0.0481594055891037,0.9894236333202571,0.5245369929792545,516,45,439,r1bqkb1r/pp2pppp/2n2n2/3p2B1/3Q4/2N2P2/PPP1P1PP/R3KBNR w KQkq -,MODEL_PREDICTION_NOT_EMPIRICAL
VER-08,B7,2100,maia3-79m,4,c2c4,c4,0.0476539246737957,0.9894236333202571,0.5245369929792545,507,43,450,r1bqkb1r/pp2pppp/2n2n2/3p2B1/3Q4/2N2P2/PPP1P1PP/R3KBNR w KQkq -,MODEL_PREDICTION_NOT_EMPIRICAL
VER-08,B7,2100,maia3-79m,5,f2f4,f4,0.012484685517847538,0.9894236333202571,0.5245369929792545,497,40,463,r1bqkb1r/pp2pppp/2n2n2/3p2B1/3Q4/2N2P2/PPP1P1PP/R3KBNR w KQkq -,MODEL_PREDICTION_NOT_EMPIRICAL
VER-08,B7,2100,maia3-79m,6,b2b3,b3,0.012168200686573982,0.9894236333202571,0.5245369929792545,507,42,451,r1bqkb1r/pp2pppp/2n2n2/3p2B1/3Q4/2N2P2/PPP1P1PP/R3KBNR w KQkq -,MODEL_PREDICTION_NOT_EMPIRICAL
VER-08,B7,2100,maia3-79m,7,g2g3,g3,0.008714002557098866,0.9894236333202571,0.5245369929792545,505,42,453,r1bqkb1r/pp2pppp/2n2n2/3p2B1/3Q4/2N2P2/PPP1P1PP/R3KBNR w KQkq -,MODEL_PREDICTION_NOT_EMPIRICAL
VER-08,B7,2100,maia3-79m,8,e2e3,e3,0.006894053891301155,0.9894236333202571,0.5245369929792545,497,43,460,r1bqkb1r/pp2pppp/2n2n2/3p2B1/3Q4/2N2P2/PPP1P1PP/R3KBNR w KQkq -,MODEL_PREDICTION_NOT_EMPIRICAL
VER-08,B7,2100,maia3-79m,9,b1c3,Nc3,0.0044635990634560585,0.9894236333202571,0.5245369929792545,521,42,437,r1bqkb1r/pp2pppp/2n2n2/3p2B1/3Q4/2N2P2/PPP1P1PP/R3KBNR w KQkq -,MODEL_PREDICTION_NOT_EMPIRICAL
VER-08,B7,2100,maia3-79m,10,d2d3,d3,0.0036624239291995764,0.9894236333202571,0.5245369929792545,489,44,467,r1bqkb1r/pp2pppp/2n2n2/3p2B1/3Q4/2N2P2/PPP1P1PP/R3KBNR w KQkq -,MODEL_PREDICTION_NOT_EMPIRICAL
JOB-03,B8,1100,maia3-79m,1,e2e4,e4,0.6771548986434937,0.9878678212407976,0.42561317674662125,513,26,461,rnbqkb1r/pp2pppp/5n2/2P5/3p1B2/2N5/PPP1PPPP/R2QKBNR w KQkq -,MODEL_PREDICTION_NOT_EMPIRICAL
JOB-03,B8,1100,maia3-79m,2,d2d4,d4,0.22272434830665588,0.9878678212407976,0.42561317674662125,521,27,452,rnbqkb1r/pp2pppp/5n2/2P5/3p1B2/2N5/PPP1PPPP/R2QKBNR w KQkq -,MODEL_PREDICTION_NOT_EMPIRICAL
JOB-03,B8,1100,maia3-79m,3,e2e3,e3,0.020852725952863693,0.9878678212407976,0.42561317674662125,500,27,473,rnbqkb1r/pp2pppp/5n2/2P5/3p1B2/2N5/PPP1PPPP/R2QKBNR w KQkq -,MODEL_PREDICTION_NOT_EMPIRICAL
JOB-03,B8,1100,maia3-79m,4,g1f3,Nf3,0.0199762973934412,0.9878678212407976,0.42561317674662125,517,27,456,rnbqkb1r/pp2pppp/5n2/2P5/3p1B2/2N5/PPP1PPPP/R2QKBNR w KQkq -,MODEL_PREDICTION_NOT_EMPIRICAL
JOB-03,B8,1100,maia3-79m,5,c2c4,c4,0.015163088217377663,0.9878678212407976,0.42561317674662125,513,25,462,rnbqkb1r/pp2pppp/5n2/2P5/3p1B2/2N5/PPP1PPPP/R2QKBNR w KQkq -,MODEL_PREDICTION_NOT_EMPIRICAL
JOB-03,B8,1100,maia3-79m,6,g2g3,g3,0.010951454751193523,0.9878678212407976,0.42561317674662125,497,27,476,rnbqkb1r/pp2pppp/5n2/2P5/3p1B2/2N5/PPP1PPPP/R2QKBNR w KQkq -,MODEL_PREDICTION_NOT_EMPIRICAL
JOB-03,B8,1100,maia3-79m,7,b2b3,b3,0.007491483353078365,0.9878678212407976,0.42561317674662125,494,27,479,rnbqkb1r/pp2pppp/5n2/2P5/3p1B2/2N5/PPP1PPPP/R2QKBNR w KQkq -,MODEL_PREDICTION_NOT_EMPIRICAL
JOB-03,B8,1100,maia3-79m,8,d2d3,d3,0.005036455579102039,0.9878678212407976,0.42561317674662125,493,27,480,rnbqkb1r/pp2pppp/5n2/2P5/3p1B2/2N5/PPP1PPPP/R2QKBNR w KQkq -,MODEL_PREDICTION_NOT_EMPIRICAL
JOB-03,B8,1100,maia3-79m,9,b1c3,Nc3,0.004941529594361782,0.9878678212407976,0.42561317674662125,507,27,466,rnbqkb1r/pp2pppp/5n2/2P5/3p1B2/2N5/PPP1PPPP/R2QKBNR w KQkq -,MODEL_PREDICTION_NOT_EMPIRICAL
JOB-03,B8,1100,maia3-79m,10,f2f4,f4,0.0035755394492298365,0.9878678212407976,0.42561317674662125,500,26,474,rnbqkb1r/pp2pppp/5n2/2P5/3p1B2/2N5/PPP1PPPP/R2QKBNR w KQkq -,MODEL_PREDICTION_NOT_EMPIRICAL
JOB-03,B8,1300,maia3-79m,1,e2e4,e4,0.6652060747146606,0.9883486481849104,0.4312486267262949,508,25,467,rnbqkb1r/pp2pppp/5n2/2P5/3p1B2/2N5/PPP1PPPP/R2QKBNR w KQkq -,MODEL_PREDICTION_NOT_EMPIRICAL
JOB-03,B8,1300,maia3-79m,2,d2d4,d4,0.23515543341636658,0.9883486481849104,0.4312486267262949,519,26,455,rnbqkb1r/pp2pppp/5n2/2P5/3p1B2/2N5/PPP1PPPP/R2QKBNR w KQkq -,MODEL_PREDICTION_NOT_EMPIRICAL
JOB-03,B8,1300,maia3-79m,3,g1f3,Nf3,0.019363317638635635,0.9883486481849104,0.4312486267262949,521,27,452,rnbqkb1r/pp2pppp/5n2/2P5/3p1B2/2N5/PPP1PPPP/R2QKBNR w KQkq -,MODEL_PREDICTION_NOT_EMPIRICAL
JOB-03,B8,1300,maia3-79m,4,c2c4,c4,0.018627913668751717,0.9883486481849104,0.4312486267262949,513,25,462,rnbqkb1r/pp2pppp/5n2/2P5/3p1B2/2N5/PPP1PPPP/R2QKBNR w KQkq -,MODEL_PREDICTION_NOT_EMPIRICAL
JOB-03,B8,1300,maia3-79m,5,e2e3,e3,0.017626332119107246,0.9883486481849104,0.4312486267262949,499,26,475,rnbqkb1r/pp2pppp/5n2/2P5/3p1B2/2N5/PPP1PPPP/R2QKBNR w KQkq -,MODEL_PREDICTION_NOT_EMPIRICAL
JOB-03,B8,1300,maia3-79m,6,g2g3,g3,0.011335160583257675,0.9883486481849104,0.4312486267262949,500,27,473,rnbqkb1r/pp2pppp/5n2/2P5/3p1B2/2N5/PPP1PPPP/R2QKBNR w KQkq -,MODEL_PREDICTION_NOT_EMPIRICAL
JOB-03,B8,1300,maia3-79m,7,b2b3,b3,0.008808943443000317,0.9883486481849104,0.4312486267262949,503,26,471,rnbqkb1r/pp2pppp/5n2/2P5/3p1B2/2N5/PPP1PPPP/R2QKBNR w KQkq -,MODEL_PREDICTION_NOT_EMPIRICAL
JOB-03,B8,1300,maia3-79m,8,d2d3,d3,0.004596428479999304,0.9883486481849104,0.4312486267262949,494,27,479,rnbqkb1r/pp2pppp/5n2/2P5/3p1B2/2N5/PPP1PPPP/R2QKBNR w KQkq -,MODEL_PREDICTION_NOT_EMPIRICAL
JOB-03,B8,1300,maia3-79m,9,f2f4,f4,0.0041140238754451275,0.9883486481849104,0.4312486267262949,506,25,469,rnbqkb1r/pp2pppp/5n2/2P5/3p1B2/2N5/PPP1PPPP/R2QKBNR w KQkq -,MODEL_PREDICTION_NOT_EMPIRICAL
JOB-03,B8,1300,maia3-79m,10,b1c3,Nc3,0.0035150202456861734,0.9883486481849104,0.4312486267262949,513,26,461,rnbqkb1r/pp2pppp/5n2/2P5/3p1B2/2N5/PPP1PPPP/R2QKBNR w KQkq -,MODEL_PREDICTION_NOT_EMPIRICAL
JOB-03,B8,1500,maia3-79m,1,e2e4,e4,0.6482347846031189,0.9890689314343035,0.44840463559511406,505,27,468,rnbqkb1r/pp2pppp/5n2/2P5/3p1B2/2N5/PPP1PPPP/R2QKBNR w KQkq -,MODEL_PREDICTION_NOT_EMPIRICAL
JOB-03,B8,1500,maia3-79m,2,d2d4,d4,0.24543097615242004,0.9890689314343035,0.44840463559511406,515,28,457,rnbqkb1r/pp2pppp/5n2/2P5/3p1B2/2N5/PPP1PPPP/R2QKBNR w KQkq -,MODEL_PREDICTION_NOT_EMPIRICAL
JOB-03,B8,1500,maia3-79m,3,c2c4,c4,0.02303183265030384,0.9890689314343035,0.44840463559511406,511,27,462,rnbqkb1r/pp2pppp/5n2/2P5/3p1B2/2N5/PPP1PPPP/R2QKBNR w KQkq -,MODEL_PREDICTION_NOT_EMPIRICAL
JOB-03,B8,1500,maia3-79m,4,g1f3,Nf3,0.02068304643034935,0.9890689314343035,0.44840463559511406,525,27,448,rnbqkb1r/pp2pppp/5n2/2P5/3p1B2/2N5/PPP1PPPP/R2QKBNR w KQkq -,MODEL_PREDICTION_NOT_EMPIRICAL
JOB-03,B8,1500,maia3-79m,5,e2e3,e3,0.015259450301527977,0.9890689314343035,0.44840463559511406,497,27,476,rnbqkb1r/pp2pppp/5n2/2P5/3p1B2/2N5/PPP1PPPP/R2QKBNR w KQkq -,MODEL_PREDICTION_NOT_EMPIRICAL
JOB-03,B8,1500,maia3-79m,6,g2g3,g3,0.011820637620985508,0.9890689314343035,0.44840463559511406,503,28,469,rnbqkb1r/pp2pppp/5n2/2P5/3p1B2/2N5/PPP1PPPP/R2QKBNR w KQkq -,MODEL_PREDICTION_NOT_EMPIRICAL
JOB-03,B8,1500,maia3-79m,7,b2b3,b3,0.01035252958536148,0.9890689314343035,0.44840463559511406,505,27,468,rnbqkb1r/pp2pppp/5n2/2P5/3p1B2/2N5/PPP1PPPP/R2QKBNR w KQkq -,MODEL_PREDICTION_NOT_EMPIRICAL
JOB-03,B8,1500,maia3-79m,8,f2f4,f4,0.005875293631106615,0.9890689314343035,0.44840463559511406,507,25,468,rnbqkb1r/pp2pppp/5n2/2P5/3p1B2/2N5/PPP1PPPP/R2QKBNR w KQkq -,MODEL_PREDICTION_NOT_EMPIRICAL
JOB-03,B8,1500,maia3-79m,9,d2d3,d3,0.00447371369227767,0.9890689314343035,0.44840463559511406,496,28,476,rnbqkb1r/pp2pppp/5n2/2P5/3p1B2/2N5/PPP1PPPP/R2QKBNR w KQkq -,MODEL_PREDICTION_NOT_EMPIRICAL
JOB-03,B8,1500,maia3-79m,10,b2b4,b4,0.00390666676685214,0.9890689314343035,0.44840463559511406,515,24,461,rnbqkb1r/pp2pppp/5n2/2P5/3p1B2/2N5/PPP1PPPP/R2QKBNR w KQkq -,MODEL_PREDICTION_NOT_EMPIRICAL
JOB-03,B8,1700,maia3-79m,1,e2e4,e4,0.625694990158081,0.9896683357656002,0.47033680283448054,504,29,467,rnbqkb1r/pp2pppp/5n2/2P5/3p1B2/2N5/PPP1PPPP/R2QKBNR w KQkq -,MODEL_PREDICTION_NOT_EMPIRICAL
JOB-03,B8,1700,maia3-79m,2,d2d4,d4,0.257449209690094,0.9896683357656002,0.47033680283448054,515,31,454,rnbqkb1r/pp2pppp/5n2/2P5/3p1B2/2N5/PPP1PPPP/R2QKBNR w KQkq -,MODEL_PREDICTION_NOT_EMPIRICAL
JOB-03,B8,1700,maia3-79m,3,c2c4,c4,0.029208268970251083,0.9896683357656002,0.47033680283448054,513,30,457,rnbqkb1r/pp2pppp/5n2/2P5/3p1B2/2N5/PPP1PPPP/R2QKBNR w KQkq -,MODEL_PREDICTION_NOT_EMPIRICAL
JOB-03,B8,1700,maia3-79m,4,g1f3,Nf3,0.023894039914011955,0.9896683357656002,0.47033680283448054,530,30,440,rnbqkb1r/pp2pppp/5n2/2P5/3p1B2/2N5/PPP1PPPP/R2QKBNR w KQkq -,MODEL_PREDICTION_NOT_EMPIRICAL
JOB-03,B8,1700,maia3-79m,5,e2e3,e3,0.012733161449432373,0.9896683357656002,0.47033680283448054,501,29,470,rnbqkb1r/pp2pppp/5n2/2P5/3p1B2/2N5/PPP1PPPP/R2QKBNR w KQkq -,MODEL_PREDICTION_NOT_EMPIRICAL
JOB-03,B8,1700,maia3-79m,6,g2g3,g3,0.011797066777944565,0.9896683357656002,0.47033680283448054,508,30,462,rnbqkb1r/pp2pppp/5n2/2P5/3p1B2/2N5/PPP1PPPP/R2QKBNR w KQkq -,MODEL_PREDICTION_NOT_EMPIRICAL
JOB-03,B8,1700,maia3-79m,7,b2b3,b3,0.011401703581213951,0.9896683357656002,0.47033680283448054,510,29,461,rnbqkb1r/pp2pppp/5n2/2P5/3p1B2/2N5/PPP1PPPP/R2QKBNR w KQkq -,MODEL_PREDICTION_NOT_EMPIRICAL
JOB-03,B8,1700,maia3-79m,8,f2f4,f4,0.00882899109274149,0.9896683357656002,0.47033680283448054,507,28,465,rnbqkb1r/pp2pppp/5n2/2P5/3p1B2/2N5/PPP1PPPP/R2QKBNR w KQkq -,MODEL_PREDICTION_NOT_EMPIRICAL
JOB-03,B8,1700,maia3-79m,9,b2b4,b4,0.004424287937581539,0.9896683357656002,0.47033680283448054,518,27,455,rnbqkb1r/pp2pppp/5n2/2P5/3p1B2/2N5/PPP1PPPP/R2QKBNR w KQkq -,MODEL_PREDICTION_NOT_EMPIRICAL
JOB-03,B8,1700,maia3-79m,10,d2d3,d3,0.0042366161942481995,0.9896683357656002,0.47033680283448054,500,30,470,rnbqkb1r/pp2pppp/5n2/2P5/3p1B2/2N5/PPP1PPPP/R2QKBNR w KQkq -,MODEL_PREDICTION_NOT_EMPIRICAL
JOB-03,B8,1900,maia3-79m,1,e2e4,e4,0.5982585549354553,0.9897327157668769,0.4932666454104177,503,33,464,rnbqkb1r/pp2pppp/5n2/2P5/3p1B2/2N5/PPP1PPPP/R2QKBNR w KQkq -,MODEL_PREDICTION_NOT_EMPIRICAL
JOB-03,B8,1900,maia3-79m,2,d2d4,d4,0.27083200216293335,0.9897327157668769,0.4932666454104177,513,36,451,rnbqkb1r/pp2pppp/5n2/2P5/3p1B2/2N5/PPP1PPPP/R2QKBNR w KQkq -,MODEL_PREDICTION_NOT_EMPIRICAL
JOB-03,B8,1900,maia3-79m,3,c2c4,c4,0.03720775246620178,0.9897327157668769,0.4932666454104177,512,35,453,rnbqkb1r/pp2pppp/5n2/2P5/3p1B2/2N5/PPP1PPPP/R2QKBNR w KQkq -,MODEL_PREDICTION_NOT_EMPIRICAL
JOB-03,B8,1900,maia3-79m,4,g1f3,Nf3,0.030766692012548447,0.9897327157668769,0.4932666454104177,527,36,437,rnbqkb1r/pp2pppp/5n2/2P5/3p1B2/2N5/PPP1PPPP/R2QKBNR w KQkq -,MODEL_PREDICTION_NOT_EMPIRICAL
JOB-03,B8,1900,maia3-79m,5,f2f4,f4,0.012273138388991356,0.9897327157668769,0.4932666454104177,504,32,464,rnbqkb1r/pp2pppp/5n2/2P5/3p1B2/2N5/PPP1PPPP/R2QKBNR w KQkq -,MODEL_PREDICTION_NOT_EMPIRICAL
JOB-03,B8,1900,maia3-79m,6,b2b3,b3,0.011618333868682384,0.9897327157668769,0.4932666454104177,513,34,453,rnbqkb1r/pp2pppp/5n2/2P5/3p1B2/2N5/PPP1PPPP/R2QKBNR w KQkq -,MODEL_PREDICTION_NOT_EMPIRICAL
JOB-03,B8,1900,maia3-79m,7,g2g3,g3,0.010595535859465599,0.9897327157668769,0.4932666454104177,509,35,456,rnbqkb1r/pp2pppp/5n2/2P5/3p1B2/2N5/PPP1PPPP/R2QKBNR w KQkq -,MODEL_PREDICTION_NOT_EMPIRICAL
JOB-03,B8,1900,maia3-79m,8,e2e3,e3,0.009855199605226517,0.9897327157668769,0.4932666454104177,501,34,465,rnbqkb1r/pp2pppp/5n2/2P5/3p1B2/2N5/PPP1PPPP/R2QKBNR w KQkq -,MODEL_PREDICTION_NOT_EMPIRICAL
JOB-03,B8,1900,maia3-79m,9,b2b4,b4,0.0044146692380309105,0.9897327157668769,0.4932666454104177,517,31,452,rnbqkb1r/pp2pppp/5n2/2P5/3p1B2/2N5/PPP1PPPP/R2QKBNR w KQkq -,MODEL_PREDICTION_NOT_EMPIRICAL
JOB-03,B8,1900,maia3-79m,10,d2d3,d3,0.0039108372293412685,0.9897327157668769,0.4932666454104177,497,35,468,rnbqkb1r/pp2pppp/5n2/2P5/3p1B2/2N5/PPP1PPPP/R2QKBNR w KQkq -,MODEL_PREDICTION_NOT_EMPIRICAL
JOB-03,B8,2100,maia3-79m,1,e2e4,e4,0.5516610741615295,0.9894236333202571,0.5245369929792545,498,41,461,rnbqkb1r/pp2pppp/5n2/2P5/3p1B2/2N5/PPP1PPPP/R2QKBNR w KQkq -,MODEL_PREDICTION_NOT_EMPIRICAL
JOB-03,B8,2100,maia3-79m,2,d2d4,d4,0.29356226325035095,0.9894236333202571,0.5245369929792545,510,44,446,rnbqkb1r/pp2pppp/5n2/2P5/3p1B2/2N5/PPP1PPPP/R2QKBNR w KQkq -,MODEL_PREDICTION_NOT_EMPIRICAL
JOB-03,B8,2100,maia3-79m,3,g1f3,Nf3,0.0481594055891037,0.9894236333202571,0.5245369929792545,516,45,439,rnbqkb1r/pp2pppp/5n2/2P5/3p1B2/2N5/PPP1PPPP/R2QKBNR w KQkq -,MODEL_PREDICTION_NOT_EMPIRICAL
JOB-03,B8,2100,maia3-79m,4,c2c4,c4,0.0476539246737957,0.9894236333202571,0.5245369929792545,507,43,450,rnbqkb1r/pp2pppp/5n2/2P5/3p1B2/2N5/PPP1PPPP/R2QKBNR w KQkq -,MODEL_PREDICTION_NOT_EMPIRICAL
JOB-03,B8,2100,maia3-79m,5,f2f4,f4,0.012484685517847538,0.9894236333202571,0.5245369929792545,497,40,463,rnbqkb1r/pp2pppp/5n2/2P5/3p1B2/2N5/PPP1PPPP/R2QKBNR w KQkq -,MODEL_PREDICTION_NOT_EMPIRICAL
JOB-03,B8,2100,maia3-79m,6,b2b3,b3,0.012168200686573982,0.9894236333202571,0.5245369929792545,507,42,451,rnbqkb1r/pp2pppp/5n2/2P5/3p1B2/2N5/PPP1PPPP/R2QKBNR w KQkq -,MODEL_PREDICTION_NOT_EMPIRICAL
JOB-03,B8,2100,maia3-79m,7,g2g3,g3,0.008714002557098866,0.9894236333202571,0.5245369929792545,505,42,453,rnbqkb1r/pp2pppp/5n2/2P5/3p1B2/2N5/PPP1PPPP/R2QKBNR w KQkq -,MODEL_PREDICTION_NOT_EMPIRICAL
JOB-03,B8,2100,maia3-79m,8,e2e3,e3,0.006894053891301155,0.9894236333202571,0.5245369929792545,497,43,460,rnbqkb1r/pp2pppp/5n2/2P5/3p1B2/2N5/PPP1PPPP/R2QKBNR w KQkq -,MODEL_PREDICTION_NOT_EMPIRICAL
JOB-03,B8,2100,maia3-79m,9,b1c3,Nc3,0.0044635990634560585,0.9894236333202571,0.5245369929792545,521,42,437,rnbqkb1r/pp2pppp/5n2/2P5/3p1B2/2N5/PPP1PPPP/R2QKBNR w KQkq -,MODEL_PREDICTION_NOT_EMPIRICAL
JOB-03,B8,2100,maia3-79m,10,d2d3,d3,0.0036624239291995764,0.9894236333202571,0.5245369929792545,489,44,467,rnbqkb1r/pp2pppp/5n2/2P5/3p1B2/2N5/PPP1PPPP/R2QKBNR w KQkq -,MODEL_PREDICTION_NOT_EMPIRICAL
JOB-04,B8,1100,maia3-79m,1,e2e4,e4,0.6771548986434937,0.9878678212407976,0.42561317674662125,513,26,461,rnb1kb1r/pp2pppp/5n2/qNpp4/3P1B2/8/PPP1PPPP/R2QKBNR w KQkq -,MODEL_PREDICTION_NOT_EMPIRICAL
JOB-04,B8,1100,maia3-79m,2,d2d4,d4,0.22272434830665588,0.9878678212407976,0.42561317674662125,521,27,452,rnb1kb1r/pp2pppp/5n2/qNpp4/3P1B2/8/PPP1PPPP/R2QKBNR w KQkq -,MODEL_PREDICTION_NOT_EMPIRICAL
JOB-04,B8,1100,maia3-79m,3,e2e3,e3,0.020852725952863693,0.9878678212407976,0.42561317674662125,500,27,473,rnb1kb1r/pp2pppp/5n2/qNpp4/3P1B2/8/PPP1PPPP/R2QKBNR w KQkq -,MODEL_PREDICTION_NOT_EMPIRICAL
JOB-04,B8,1100,maia3-79m,4,g1f3,Nf3,0.0199762973934412,0.9878678212407976,0.42561317674662125,517,27,456,rnb1kb1r/pp2pppp/5n2/qNpp4/3P1B2/8/PPP1PPPP/R2QKBNR w KQkq -,MODEL_PREDICTION_NOT_EMPIRICAL
JOB-04,B8,1100,maia3-79m,5,c2c4,c4,0.015163088217377663,0.9878678212407976,0.42561317674662125,513,25,462,rnb1kb1r/pp2pppp/5n2/qNpp4/3P1B2/8/PPP1PPPP/R2QKBNR w KQkq -,MODEL_PREDICTION_NOT_EMPIRICAL
JOB-04,B8,1100,maia3-79m,6,g2g3,g3,0.010951454751193523,0.9878678212407976,0.42561317674662125,497,27,476,rnb1kb1r/pp2pppp/5n2/qNpp4/3P1B2/8/PPP1PPPP/R2QKBNR w KQkq -,MODEL_PREDICTION_NOT_EMPIRICAL
JOB-04,B8,1100,maia3-79m,7,b2b3,b3,0.007491483353078365,0.9878678212407976,0.42561317674662125,494,27,479,rnb1kb1r/pp2pppp/5n2/qNpp4/3P1B2/8/PPP1PPPP/R2QKBNR w KQkq -,MODEL_PREDICTION_NOT_EMPIRICAL
JOB-04,B8,1100,maia3-79m,8,d2d3,d3,0.005036455579102039,0.9878678212407976,0.42561317674662125,493,27,480,rnb1kb1r/pp2pppp/5n2/qNpp4/3P1B2/8/PPP1PPPP/R2QKBNR w KQkq -,MODEL_PREDICTION_NOT_EMPIRICAL
JOB-04,B8,1100,maia3-79m,9,b1c3,Nc3,0.004941529594361782,0.9878678212407976,0.42561317674662125,507,27,466,rnb1kb1r/pp2pppp/5n2/qNpp4/3P1B2/8/PPP1PPPP/R2QKBNR w KQkq -,MODEL_PREDICTION_NOT_EMPIRICAL
JOB-04,B8,1100,maia3-79m,10,f2f4,f4,0.0035755394492298365,0.9878678212407976,0.42561317674662125,500,26,474,rnb1kb1r/pp2pppp/5n2/qNpp4/3P1B2/8/PPP1PPPP/R2QKBNR w KQkq -,MODEL_PREDICTION_NOT_EMPIRICAL
JOB-04,B8,1300,maia3-79m,1,e2e4,e4,0.6652060747146606,0.9883486481849104,0.4312486267262949,508,25,467,rnb1kb1r/pp2pppp/5n2/qNpp4/3P1B2/8/PPP1PPPP/R2QKBNR w KQkq -,MODEL_PREDICTION_NOT_EMPIRICAL
JOB-04,B8,1300,maia3-79m,2,d2d4,d4,0.23515543341636658,0.9883486481849104,0.4312486267262949,519,26,455,rnb1kb1r/pp2pppp/5n2/qNpp4/3P1B2/8/PPP1PPPP/R2QKBNR w KQkq -,MODEL_PREDICTION_NOT_EMPIRICAL
JOB-04,B8,1300,maia3-79m,3,g1f3,Nf3,0.019363317638635635,0.9883486481849104,0.4312486267262949,521,27,452,rnb1kb1r/pp2pppp/5n2/qNpp4/3P1B2/8/PPP1PPPP/R2QKBNR w KQkq -,MODEL_PREDICTION_NOT_EMPIRICAL
JOB-04,B8,1300,maia3-79m,4,c2c4,c4,0.018627913668751717,0.9883486481849104,0.4312486267262949,513,25,462,rnb1kb1r/pp2pppp/5n2/qNpp4/3P1B2/8/PPP1PPPP/R2QKBNR w KQkq -,MODEL_PREDICTION_NOT_EMPIRICAL
JOB-04,B8,1300,maia3-79m,5,e2e3,e3,0.017626332119107246,0.9883486481849104,0.4312486267262949,499,26,475,rnb1kb1r/pp2pppp/5n2/qNpp4/3P1B2/8/PPP1PPPP/R2QKBNR w KQkq -,MODEL_PREDICTION_NOT_EMPIRICAL
JOB-04,B8,1300,maia3-79m,6,g2g3,g3,0.011335160583257675,0.9883486481849104,0.4312486267262949,500,27,473,rnb1kb1r/pp2pppp/5n2/qNpp4/3P1B2/8/PPP1PPPP/R2QKBNR w KQkq -,MODEL_PREDICTION_NOT_EMPIRICAL
JOB-04,B8,1300,maia3-79m,7,b2b3,b3,0.008808943443000317,0.9883486481849104,0.4312486267262949,503,26,471,rnb1kb1r/pp2pppp/5n2/qNpp4/3P1B2/8/PPP1PPPP/R2QKBNR w KQkq -,MODEL_PREDICTION_NOT_EMPIRICAL
JOB-04,B8,1300,maia3-79m,8,d2d3,d3,0.004596428479999304,0.9883486481849104,0.4312486267262949,494,27,479,rnb1kb1r/pp2pppp/5n2/qNpp4/3P1B2/8/PPP1PPPP/R2QKBNR w KQkq -,MODEL_PREDICTION_NOT_EMPIRICAL
JOB-04,B8,1300,maia3-79m,9,f2f4,f4,0.0041140238754451275,0.9883486481849104,0.4312486267262949,506,25,469,rnb1kb1r/pp2pppp/5n2/qNpp4/3P1B2/8/PPP1PPPP/R2QKBNR w KQkq -,MODEL_PREDICTION_NOT_EMPIRICAL
JOB-04,B8,1300,maia3-79m,10,b1c3,Nc3,0.0035150202456861734,0.9883486481849104,0.4312486267262949,513,26,461,rnb1kb1r/pp2pppp/5n2/qNpp4/3P1B2/8/PPP1PPPP/R2QKBNR w KQkq -,MODEL_PREDICTION_NOT_EMPIRICAL
JOB-04,B8,1500,maia3-79m,1,e2e4,e4,0.6482347846031189,0.9890689314343035,0.44840463559511406,505,27,468,rnb1kb1r/pp2pppp/5n2/qNpp4/3P1B2/8/PPP1PPPP/R2QKBNR w KQkq -,MODEL_PREDICTION_NOT_EMPIRICAL
JOB-04,B8,1500,maia3-79m,2,d2d4,d4,0.24543097615242004,0.9890689314343035,0.44840463559511406,515,28,457,rnb1kb1r/pp2pppp/5n2/qNpp4/3P1B2/8/PPP1PPPP/R2QKBNR w KQkq -,MODEL_PREDICTION_NOT_EMPIRICAL
JOB-04,B8,1500,maia3-79m,3,c2c4,c4,0.02303183265030384,0.9890689314343035,0.44840463559511406,511,27,462,rnb1kb1r/pp2pppp/5n2/qNpp4/3P1B2/8/PPP1PPPP/R2QKBNR w KQkq -,MODEL_PREDICTION_NOT_EMPIRICAL
JOB-04,B8,1500,maia3-79m,4,g1f3,Nf3,0.02068304643034935,0.9890689314343035,0.44840463559511406,525,27,448,rnb1kb1r/pp2pppp/5n2/qNpp4/3P1B2/8/PPP1PPPP/R2QKBNR w KQkq -,MODEL_PREDICTION_NOT_EMPIRICAL
JOB-04,B8,1500,maia3-79m,5,e2e3,e3,0.015259450301527977,0.9890689314343035,0.44840463559511406,497,27,476,rnb1kb1r/pp2pppp/5n2/qNpp4/3P1B2/8/PPP1PPPP/R2QKBNR w KQkq -,MODEL_PREDICTION_NOT_EMPIRICAL
JOB-04,B8,1500,maia3-79m,6,g2g3,g3,0.011820637620985508,0.9890689314343035,0.44840463559511406,503,28,469,rnb1kb1r/pp2pppp/5n2/qNpp4/3P1B2/8/PPP1PPPP/R2QKBNR w KQkq -,MODEL_PREDICTION_NOT_EMPIRICAL
JOB-04,B8,1500,maia3-79m,7,b2b3,b3,0.01035252958536148,0.9890689314343035,0.44840463559511406,505,27,468,rnb1kb1r/pp2pppp/5n2/qNpp4/3P1B2/8/PPP1PPPP/R2QKBNR w KQkq -,MODEL_PREDICTION_NOT_EMPIRICAL
JOB-04,B8,1500,maia3-79m,8,f2f4,f4,0.005875293631106615,0.9890689314343035,0.44840463559511406,507,25,468,rnb1kb1r/pp2pppp/5n2/qNpp4/3P1B2/8/PPP1PPPP/R2QKBNR w KQkq -,MODEL_PREDICTION_NOT_EMPIRICAL
JOB-04,B8,1500,maia3-79m,9,d2d3,d3,0.00447371369227767,0.9890689314343035,0.44840463559511406,496,28,476,rnb1kb1r/pp2pppp/5n2/qNpp4/3P1B2/8/PPP1PPPP/R2QKBNR w KQkq -,MODEL_PREDICTION_NOT_EMPIRICAL
JOB-04,B8,1500,maia3-79m,10,b2b4,b4,0.00390666676685214,0.9890689314343035,0.44840463559511406,515,24,461,rnb1kb1r/pp2pppp/5n2/qNpp4/3P1B2/8/PPP1PPPP/R2QKBNR w KQkq -,MODEL_PREDICTION_NOT_EMPIRICAL
JOB-04,B8,1700,maia3-79m,1,e2e4,e4,0.625694990158081,0.9896683357656002,0.47033680283448054,504,29,467,rnb1kb1r/pp2pppp/5n2/qNpp4/3P1B2/8/PPP1PPPP/R2QKBNR w KQkq -,MODEL_PREDICTION_NOT_EMPIRICAL
JOB-04,B8,1700,maia3-79m,2,d2d4,d4,0.257449209690094,0.9896683357656002,0.47033680283448054,515,31,454,rnb1kb1r/pp2pppp/5n2/qNpp4/3P1B2/8/PPP1PPPP/R2QKBNR w KQkq -,MODEL_PREDICTION_NOT_EMPIRICAL
JOB-04,B8,1700,maia3-79m,3,c2c4,c4,0.029208268970251083,0.9896683357656002,0.47033680283448054,513,30,457,rnb1kb1r/pp2pppp/5n2/qNpp4/3P1B2/8/PPP1PPPP/R2QKBNR w KQkq -,MODEL_PREDICTION_NOT_EMPIRICAL
JOB-04,B8,1700,maia3-79m,4,g1f3,Nf3,0.023894039914011955,0.9896683357656002,0.47033680283448054,530,30,440,rnb1kb1r/pp2pppp/5n2/qNpp4/3P1B2/8/PPP1PPPP/R2QKBNR w KQkq -,MODEL_PREDICTION_NOT_EMPIRICAL
JOB-04,B8,1700,maia3-79m,5,e2e3,e3,0.012733161449432373,0.9896683357656002,0.47033680283448054,501,29,470,rnb1kb1r/pp2pppp/5n2/qNpp4/3P1B2/8/PPP1PPPP/R2QKBNR w KQkq -,MODEL_PREDICTION_NOT_EMPIRICAL
JOB-04,B8,1700,maia3-79m,6,g2g3,g3,0.011797066777944565,0.9896683357656002,0.47033680283448054,508,30,462,rnb1kb1r/pp2pppp/5n2/qNpp4/3P1B2/8/PPP1PPPP/R2QKBNR w KQkq -,MODEL_PREDICTION_NOT_EMPIRICAL
JOB-04,B8,1700,maia3-79m,7,b2b3,b3,0.011401703581213951,0.9896683357656002,0.47033680283448054,510,29,461,rnb1kb1r/pp2pppp/5n2/qNpp4/3P1B2/8/PPP1PPPP/R2QKBNR w KQkq -,MODEL_PREDICTION_NOT_EMPIRICAL
JOB-04,B8,1700,maia3-79m,8,f2f4,f4,0.00882899109274149,0.9896683357656002,0.47033680283448054,507,28,465,rnb1kb1r/pp2pppp/5n2/qNpp4/3P1B2/8/PPP1PPPP/R2QKBNR w KQkq -,MODEL_PREDICTION_NOT_EMPIRICAL
JOB-04,B8,1700,maia3-79m,9,b2b4,b4,0.004424287937581539,0.9896683357656002,0.47033680283448054,518,27,455,rnb1kb1r/pp2pppp/5n2/qNpp4/3P1B2/8/PPP1PPPP/R2QKBNR w KQkq -,MODEL_PREDICTION_NOT_EMPIRICAL
JOB-04,B8,1700,maia3-79m,10,d2d3,d3,0.0042366161942481995,0.9896683357656002,0.47033680283448054,500,30,470,rnb1kb1r/pp2pppp/5n2/qNpp4/3P1B2/8/PPP1PPPP/R2QKBNR w KQkq -,MODEL_PREDICTION_NOT_EMPIRICAL
JOB-04,B8,1900,maia3-79m,1,e2e4,e4,0.5982585549354553,0.9897327157668769,0.4932666454104177,503,33,464,rnb1kb1r/pp2pppp/5n2/qNpp4/3P1B2/8/PPP1PPPP/R2QKBNR w KQkq -,MODEL_PREDICTION_NOT_EMPIRICAL
JOB-04,B8,1900,maia3-79m,2,d2d4,d4,0.27083200216293335,0.9897327157668769,0.4932666454104177,513,36,451,rnb1kb1r/pp2pppp/5n2/qNpp4/3P1B2/8/PPP1PPPP/R2QKBNR w KQkq -,MODEL_PREDICTION_NOT_EMPIRICAL
JOB-04,B8,1900,maia3-79m,3,c2c4,c4,0.03720775246620178,0.9897327157668769,0.4932666454104177,512,35,453,rnb1kb1r/pp2pppp/5n2/qNpp4/3P1B2/8/PPP1PPPP/R2QKBNR w KQkq -,MODEL_PREDICTION_NOT_EMPIRICAL
JOB-04,B8,1900,maia3-79m,4,g1f3,Nf3,0.030766692012548447,0.9897327157668769,0.4932666454104177,527,36,437,rnb1kb1r/pp2pppp/5n2/qNpp4/3P1B2/8/PPP1PPPP/R2QKBNR w KQkq -,MODEL_PREDICTION_NOT_EMPIRICAL
JOB-04,B8,1900,maia3-79m,5,f2f4,f4,0.012273138388991356,0.9897327157668769,0.4932666454104177,504,32,464,rnb1kb1r/pp2pppp/5n2/qNpp4/3P1B2/8/PPP1PPPP/R2QKBNR w KQkq -,MODEL_PREDICTION_NOT_EMPIRICAL
JOB-04,B8,1900,maia3-79m,6,b2b3,b3,0.011618333868682384,0.9897327157668769,0.4932666454104177,513,34,453,rnb1kb1r/pp2pppp/5n2/qNpp4/3P1B2/8/PPP1PPPP/R2QKBNR w KQkq -,MODEL_PREDICTION_NOT_EMPIRICAL
JOB-04,B8,1900,maia3-79m,7,g2g3,g3,0.010595535859465599,0.9897327157668769,0.4932666454104177,509,35,456,rnb1kb1r/pp2pppp/5n2/qNpp4/3P1B2/8/PPP1PPPP/R2QKBNR w KQkq -,MODEL_PREDICTION_NOT_EMPIRICAL
JOB-04,B8,1900,maia3-79m,8,e2e3,e3,0.009855199605226517,0.9897327157668769,0.4932666454104177,501,34,465,rnb1kb1r/pp2pppp/5n2/qNpp4/3P1B2/8/PPP1PPPP/R2QKBNR w KQkq -,MODEL_PREDICTION_NOT_EMPIRICAL
JOB-04,B8,1900,maia3-79m,9,b2b4,b4,0.0044146692380309105,0.9897327157668769,0.4932666454104177,517,31,452,rnb1kb1r/pp2pppp/5n2/qNpp4/3P1B2/8/PPP1PPPP/R2QKBNR w KQkq -,MODEL_PREDICTION_NOT_EMPIRICAL
JOB-04,B8,1900,maia3-79m,10,d2d3,d3,0.0039108372293412685,0.9897327157668769,0.4932666454104177,497,35,468,rnb1kb1r/pp2pppp/5n2/qNpp4/3P1B2/8/PPP1PPPP/R2QKBNR w KQkq -,MODEL_PREDICTION_NOT_EMPIRICAL
JOB-04,B8,2100,maia3-79m,1,e2e4,e4,0.5516610741615295,0.9894236333202571,0.5245369929792545,498,41,461,rnb1kb1r/pp2pppp/5n2/qNpp4/3P1B2/8/PPP1PPPP/R2QKBNR w KQkq -,MODEL_PREDICTION_NOT_EMPIRICAL
JOB-04,B8,2100,maia3-79m,2,d2d4,d4,0.29356226325035095,0.9894236333202571,0.5245369929792545,510,44,446,rnb1kb1r/pp2pppp/5n2/qNpp4/3P1B2/8/PPP1PPPP/R2QKBNR w KQkq -,MODEL_PREDICTION_NOT_EMPIRICAL
JOB-04,B8,2100,maia3-79m,3,g1f3,Nf3,0.0481594055891037,0.9894236333202571,0.5245369929792545,516,45,439,rnb1kb1r/pp2pppp/5n2/qNpp4/3P1B2/8/PPP1PPPP/R2QKBNR w KQkq -,MODEL_PREDICTION_NOT_EMPIRICAL
JOB-04,B8,2100,maia3-79m,4,c2c4,c4,0.0476539246737957,0.9894236333202571,0.5245369929792545,507,43,450,rnb1kb1r/pp2pppp/5n2/qNpp4/3P1B2/8/PPP1PPPP/R2QKBNR w KQkq -,MODEL_PREDICTION_NOT_EMPIRICAL
JOB-04,B8,2100,maia3-79m,5,f2f4,f4,0.012484685517847538,0.9894236333202571,0.5245369929792545,497,40,463,rnb1kb1r/pp2pppp/5n2/qNpp4/3P1B2/8/PPP1PPPP/R2QKBNR w KQkq -,MODEL_PREDICTION_NOT_EMPIRICAL
JOB-04,B8,2100,maia3-79m,6,b2b3,b3,0.012168200686573982,0.9894236333202571,0.5245369929792545,507,42,451,rnb1kb1r/pp2pppp/5n2/qNpp4/3P1B2/8/PPP1PPPP/R2QKBNR w KQkq -,MODEL_PREDICTION_NOT_EMPIRICAL
JOB-04,B8,2100,maia3-79m,7,g2g3,g3,0.008714002557098866,0.9894236333202571,0.5245369929792545,505,42,453,rnb1kb1r/pp2pppp/5n2/qNpp4/3P1B2/8/PPP1PPPP/R2QKBNR w KQkq -,MODEL_PREDICTION_NOT_EMPIRICAL
JOB-04,B8,2100,maia3-79m,8,e2e3,e3,0.006894053891301155,0.9894236333202571,0.5245369929792545,497,43,460,rnb1kb1r/pp2pppp/5n2/qNpp4/3P1B2/8/PPP1PPPP/R2QKBNR w KQkq -,MODEL_PREDICTION_NOT_EMPIRICAL
JOB-04,B8,2100,maia3-79m,9,b1c3,Nc3,0.0044635990634560585,0.9894236333202571,0.5245369929792545,521,42,437,rnb1kb1r/pp2pppp/5n2/qNpp4/3P1B2/8/PPP1PPPP/R2QKBNR w KQkq -,MODEL_PREDICTION_NOT_EMPIRICAL
JOB-04,B8,2100,maia3-79m,10,d2d3,d3,0.0036624239291995764,0.9894236333202571,0.5245369929792545,489,44,467,rnb1kb1r/pp2pppp/5n2/qNpp4/3P1B2/8/PPP1PPPP/R2QKBNR w KQkq -,MODEL_PREDICTION_NOT_EMPIRICAL
JOB-13,B8,1100,maia3-79m,1,e2e4,e4,0.6771548986434937,0.9878678212407976,0.42561317674662125,513,26,461,r3kb1r/pp2pppp/2n2n2/qNpp4/3P1B2/4P3/PPP1NPPP/R2QK2R w KQkq -,MODEL_PREDICTION_NOT_EMPIRICAL
JOB-13,B8,1100,maia3-79m,2,d2d4,d4,0.22272434830665588,0.9878678212407976,0.42561317674662125,521,27,452,r3kb1r/pp2pppp/2n2n2/qNpp4/3P1B2/4P3/PPP1NPPP/R2QK2R w KQkq -,MODEL_PREDICTION_NOT_EMPIRICAL
JOB-13,B8,1100,maia3-79m,3,e2e3,e3,0.020852725952863693,0.9878678212407976,0.42561317674662125,500,27,473,r3kb1r/pp2pppp/2n2n2/qNpp4/3P1B2/4P3/PPP1NPPP/R2QK2R w KQkq -,MODEL_PREDICTION_NOT_EMPIRICAL
JOB-13,B8,1100,maia3-79m,4,g1f3,Nf3,0.0199762973934412,0.9878678212407976,0.42561317674662125,517,27,456,r3kb1r/pp2pppp/2n2n2/qNpp4/3P1B2/4P3/PPP1NPPP/R2QK2R w KQkq -,MODEL_PREDICTION_NOT_EMPIRICAL
JOB-13,B8,1100,maia3-79m,5,c2c4,c4,0.015163088217377663,0.9878678212407976,0.42561317674662125,513,25,462,r3kb1r/pp2pppp/2n2n2/qNpp4/3P1B2/4P3/PPP1NPPP/R2QK2R w KQkq -,MODEL_PREDICTION_NOT_EMPIRICAL
JOB-13,B8,1100,maia3-79m,6,g2g3,g3,0.010951454751193523,0.9878678212407976,0.42561317674662125,497,27,476,r3kb1r/pp2pppp/2n2n2/qNpp4/3P1B2/4P3/PPP1NPPP/R2QK2R w KQkq -,MODEL_PREDICTION_NOT_EMPIRICAL
JOB-13,B8,1100,maia3-79m,7,b2b3,b3,0.007491483353078365,0.9878678212407976,0.42561317674662125,494,27,479,r3kb1r/pp2pppp/2n2n2/qNpp4/3P1B2/4P3/PPP1NPPP/R2QK2R w KQkq -,MODEL_PREDICTION_NOT_EMPIRICAL
JOB-13,B8,1100,maia3-79m,8,d2d3,d3,0.005036455579102039,0.9878678212407976,0.42561317674662125,493,27,480,r3kb1r/pp2pppp/2n2n2/qNpp4/3P1B2/4P3/PPP1NPPP/R2QK2R w KQkq -,MODEL_PREDICTION_NOT_EMPIRICAL
JOB-13,B8,1100,maia3-79m,9,b1c3,Nc3,0.004941529594361782,0.9878678212407976,0.42561317674662125,507,27,466,r3kb1r/pp2pppp/2n2n2/qNpp4/3P1B2/4P3/PPP1NPPP/R2QK2R w KQkq -,MODEL_PREDICTION_NOT_EMPIRICAL
JOB-13,B8,1100,maia3-79m,10,f2f4,f4,0.0035755394492298365,0.9878678212407976,0.42561317674662125,500,26,474,r3kb1r/pp2pppp/2n2n2/qNpp4/3P1B2/4P3/PPP1NPPP/R2QK2R w KQkq -,MODEL_PREDICTION_NOT_EMPIRICAL
JOB-13,B8,1300,maia3-79m,1,e2e4,e4,0.6652060747146606,0.9883486481849104,0.4312486267262949,508,25,467,r3kb1r/pp2pppp/2n2n2/qNpp4/3P1B2/4P3/PPP1NPPP/R2QK2R w KQkq -,MODEL_PREDICTION_NOT_EMPIRICAL
JOB-13,B8,1300,maia3-79m,2,d2d4,d4,0.23515543341636658,0.9883486481849104,0.4312486267262949,519,26,455,r3kb1r/pp2pppp/2n2n2/qNpp4/3P1B2/4P3/PPP1NPPP/R2QK2R w KQkq -,MODEL_PREDICTION_NOT_EMPIRICAL
JOB-13,B8,1300,maia3-79m,3,g1f3,Nf3,0.019363317638635635,0.9883486481849104,0.4312486267262949,521,27,452,r3kb1r/pp2pppp/2n2n2/qNpp4/3P1B2/4P3/PPP1NPPP/R2QK2R w KQkq -,MODEL_PREDICTION_NOT_EMPIRICAL
JOB-13,B8,1300,maia3-79m,4,c2c4,c4,0.018627913668751717,0.9883486481849104,0.4312486267262949,513,25,462,r3kb1r/pp2pppp/2n2n2/qNpp4/3P1B2/4P3/PPP1NPPP/R2QK2R w KQkq -,MODEL_PREDICTION_NOT_EMPIRICAL
JOB-13,B8,1300,maia3-79m,5,e2e3,e3,0.017626332119107246,0.9883486481849104,0.4312486267262949,499,26,475,r3kb1r/pp2pppp/2n2n2/qNpp4/3P1B2/4P3/PPP1NPPP/R2QK2R w KQkq -,MODEL_PREDICTION_NOT_EMPIRICAL
JOB-13,B8,1300,maia3-79m,6,g2g3,g3,0.011335160583257675,0.9883486481849104,0.4312486267262949,500,27,473,r3kb1r/pp2pppp/2n2n2/qNpp4/3P1B2/4P3/PPP1NPPP/R2QK2R w KQkq -,MODEL_PREDICTION_NOT_EMPIRICAL
JOB-13,B8,1300,maia3-79m,7,b2b3,b3,0.008808943443000317,0.9883486481849104,0.4312486267262949,503,26,471,r3kb1r/pp2pppp/2n2n2/qNpp4/3P1B2/4P3/PPP1NPPP/R2QK2R w KQkq -,MODEL_PREDICTION_NOT_EMPIRICAL
JOB-13,B8,1300,maia3-79m,8,d2d3,d3,0.004596428479999304,0.9883486481849104,0.4312486267262949,494,27,479,r3kb1r/pp2pppp/2n2n2/qNpp4/3P1B2/4P3/PPP1NPPP/R2QK2R w KQkq -,MODEL_PREDICTION_NOT_EMPIRICAL
JOB-13,B8,1300,maia3-79m,9,f2f4,f4,0.0041140238754451275,0.9883486481849104,0.4312486267262949,506,25,469,r3kb1r/pp2pppp/2n2n2/qNpp4/3P1B2/4P3/PPP1NPPP/R2QK2R w KQkq -,MODEL_PREDICTION_NOT_EMPIRICAL
JOB-13,B8,1300,maia3-79m,10,b1c3,Nc3,0.0035150202456861734,0.9883486481849104,0.4312486267262949,513,26,461,r3kb1r/pp2pppp/2n2n2/qNpp4/3P1B2/4P3/PPP1NPPP/R2QK2R w KQkq -,MODEL_PREDICTION_NOT_EMPIRICAL
JOB-13,B8,1500,maia3-79m,1,e2e4,e4,0.6482347846031189,0.9890689314343035,0.44840463559511406,505,27,468,r3kb1r/pp2pppp/2n2n2/qNpp4/3P1B2/4P3/PPP1NPPP/R2QK2R w KQkq -,MODEL_PREDICTION_NOT_EMPIRICAL
JOB-13,B8,1500,maia3-79m,2,d2d4,d4,0.24543097615242004,0.9890689314343035,0.44840463559511406,515,28,457,r3kb1r/pp2pppp/2n2n2/qNpp4/3P1B2/4P3/PPP1NPPP/R2QK2R w KQkq -,MODEL_PREDICTION_NOT_EMPIRICAL
JOB-13,B8,1500,maia3-79m,3,c2c4,c4,0.02303183265030384,0.9890689314343035,0.44840463559511406,511,27,462,r3kb1r/pp2pppp/2n2n2/qNpp4/3P1B2/4P3/PPP1NPPP/R2QK2R w KQkq -,MODEL_PREDICTION_NOT_EMPIRICAL
JOB-13,B8,1500,maia3-79m,4,g1f3,Nf3,0.02068304643034935,0.9890689314343035,0.44840463559511406,525,27,448,r3kb1r/pp2pppp/2n2n2/qNpp4/3P1B2/4P3/PPP1NPPP/R2QK2R w KQkq -,MODEL_PREDICTION_NOT_EMPIRICAL
JOB-13,B8,1500,maia3-79m,5,e2e3,e3,0.015259450301527977,0.9890689314343035,0.44840463559511406,497,27,476,r3kb1r/pp2pppp/2n2n2/qNpp4/3P1B2/4P3/PPP1NPPP/R2QK2R w KQkq -,MODEL_PREDICTION_NOT_EMPIRICAL
JOB-13,B8,1500,maia3-79m,6,g2g3,g3,0.011820637620985508,0.9890689314343035,0.44840463559511406,503,28,469,r3kb1r/pp2pppp/2n2n2/qNpp4/3P1B2/4P3/PPP1NPPP/R2QK2R w KQkq -,MODEL_PREDICTION_NOT_EMPIRICAL
JOB-13,B8,1500,maia3-79m,7,b2b3,b3,0.01035252958536148,0.9890689314343035,0.44840463559511406,505,27,468,r3kb1r/pp2pppp/2n2n2/qNpp4/3P1B2/4P3/PPP1NPPP/R2QK2R w KQkq -,MODEL_PREDICTION_NOT_EMPIRICAL
JOB-13,B8,1500,maia3-79m,8,f2f4,f4,0.005875293631106615,0.9890689314343035,0.44840463559511406,507,25,468,r3kb1r/pp2pppp/2n2n2/qNpp4/3P1B2/4P3/PPP1NPPP/R2QK2R w KQkq -,MODEL_PREDICTION_NOT_EMPIRICAL
JOB-13,B8,1500,maia3-79m,9,d2d3,d3,0.00447371369227767,0.9890689314343035,0.44840463559511406,496,28,476,r3kb1r/pp2pppp/2n2n2/qNpp4/3P1B2/4P3/PPP1NPPP/R2QK2R w KQkq -,MODEL_PREDICTION_NOT_EMPIRICAL
JOB-13,B8,1500,maia3-79m,10,b2b4,b4,0.00390666676685214,0.9890689314343035,0.44840463559511406,515,24,461,r3kb1r/pp2pppp/2n2n2/qNpp4/3P1B2/4P3/PPP1NPPP/R2QK2R w KQkq -,MODEL_PREDICTION_NOT_EMPIRICAL
JOB-13,B8,1700,maia3-79m,1,e2e4,e4,0.625694990158081,0.9896683357656002,0.47033680283448054,504,29,467,r3kb1r/pp2pppp/2n2n2/qNpp4/3P1B2/4P3/PPP1NPPP/R2QK2R w KQkq -,MODEL_PREDICTION_NOT_EMPIRICAL
JOB-13,B8,1700,maia3-79m,2,d2d4,d4,0.257449209690094,0.9896683357656002,0.47033680283448054,515,31,454,r3kb1r/pp2pppp/2n2n2/qNpp4/3P1B2/4P3/PPP1NPPP/R2QK2R w KQkq -,MODEL_PREDICTION_NOT_EMPIRICAL
JOB-13,B8,1700,maia3-79m,3,c2c4,c4,0.029208268970251083,0.9896683357656002,0.47033680283448054,513,30,457,r3kb1r/pp2pppp/2n2n2/qNpp4/3P1B2/4P3/PPP1NPPP/R2QK2R w KQkq -,MODEL_PREDICTION_NOT_EMPIRICAL
JOB-13,B8,1700,maia3-79m,4,g1f3,Nf3,0.023894039914011955,0.9896683357656002,0.47033680283448054,530,30,440,r3kb1r/pp2pppp/2n2n2/qNpp4/3P1B2/4P3/PPP1NPPP/R2QK2R w KQkq -,MODEL_PREDICTION_NOT_EMPIRICAL
JOB-13,B8,1700,maia3-79m,5,e2e3,e3,0.012733161449432373,0.9896683357656002,0.47033680283448054,501,29,470,r3kb1r/pp2pppp/2n2n2/qNpp4/3P1B2/4P3/PPP1NPPP/R2QK2R w KQkq -,MODEL_PREDICTION_NOT_EMPIRICAL
JOB-13,B8,1700,maia3-79m,6,g2g3,g3,0.011797066777944565,0.9896683357656002,0.47033680283448054,508,30,462,r3kb1r/pp2pppp/2n2n2/qNpp4/3P1B2/4P3/PPP1NPPP/R2QK2R w KQkq -,MODEL_PREDICTION_NOT_EMPIRICAL
JOB-13,B8,1700,maia3-79m,7,b2b3,b3,0.011401703581213951,0.9896683357656002,0.47033680283448054,510,29,461,r3kb1r/pp2pppp/2n2n2/qNpp4/3P1B2/4P3/PPP1NPPP/R2QK2R w KQkq -,MODEL_PREDICTION_NOT_EMPIRICAL
JOB-13,B8,1700,maia3-79m,8,f2f4,f4,0.00882899109274149,0.9896683357656002,0.47033680283448054,507,28,465,r3kb1r/pp2pppp/2n2n2/qNpp4/3P1B2/4P3/PPP1NPPP/R2QK2R w KQkq -,MODEL_PREDICTION_NOT_EMPIRICAL
JOB-13,B8,1700,maia3-79m,9,b2b4,b4,0.004424287937581539,0.9896683357656002,0.47033680283448054,518,27,455,r3kb1r/pp2pppp/2n2n2/qNpp4/3P1B2/4P3/PPP1NPPP/R2QK2R w KQkq -,MODEL_PREDICTION_NOT_EMPIRICAL
JOB-13,B8,1700,maia3-79m,10,d2d3,d3,0.0042366161942481995,0.9896683357656002,0.47033680283448054,500,30,470,r3kb1r/pp2pppp/2n2n2/qNpp4/3P1B2/4P3/PPP1NPPP/R2QK2R w KQkq -,MODEL_PREDICTION_NOT_EMPIRICAL
JOB-13,B8,1900,maia3-79m,1,e2e4,e4,0.5982585549354553,0.9897327157668769,0.4932666454104177,503,33,464,r3kb1r/pp2pppp/2n2n2/qNpp4/3P1B2/4P3/PPP1NPPP/R2QK2R w KQkq -,MODEL_PREDICTION_NOT_EMPIRICAL
JOB-13,B8,1900,maia3-79m,2,d2d4,d4,0.27083200216293335,0.9897327157668769,0.4932666454104177,513,36,451,r3kb1r/pp2pppp/2n2n2/qNpp4/3P1B2/4P3/PPP1NPPP/R2QK2R w KQkq -,MODEL_PREDICTION_NOT_EMPIRICAL
JOB-13,B8,1900,maia3-79m,3,c2c4,c4,0.03720775246620178,0.9897327157668769,0.4932666454104177,512,35,453,r3kb1r/pp2pppp/2n2n2/qNpp4/3P1B2/4P3/PPP1NPPP/R2QK2R w KQkq -,MODEL_PREDICTION_NOT_EMPIRICAL
JOB-13,B8,1900,maia3-79m,4,g1f3,Nf3,0.030766692012548447,0.9897327157668769,0.4932666454104177,527,36,437,r3kb1r/pp2pppp/2n2n2/qNpp4/3P1B2/4P3/PPP1NPPP/R2QK2R w KQkq -,MODEL_PREDICTION_NOT_EMPIRICAL
JOB-13,B8,1900,maia3-79m,5,f2f4,f4,0.012273138388991356,0.9897327157668769,0.4932666454104177,504,32,464,r3kb1r/pp2pppp/2n2n2/qNpp4/3P1B2/4P3/PPP1NPPP/R2QK2R w KQkq -,MODEL_PREDICTION_NOT_EMPIRICAL
JOB-13,B8,1900,maia3-79m,6,b2b3,b3,0.011618333868682384,0.9897327157668769,0.4932666454104177,513,34,453,r3kb1r/pp2pppp/2n2n2/qNpp4/3P1B2/4P3/PPP1NPPP/R2QK2R w KQkq -,MODEL_PREDICTION_NOT_EMPIRICAL
JOB-13,B8,1900,maia3-79m,7,g2g3,g3,0.010595535859465599,0.9897327157668769,0.4932666454104177,509,35,456,r3kb1r/pp2pppp/2n2n2/qNpp4/3P1B2/4P3/PPP1NPPP/R2QK2R w KQkq -,MODEL_PREDICTION_NOT_EMPIRICAL
JOB-13,B8,1900,maia3-79m,8,e2e3,e3,0.009855199605226517,0.9897327157668769,0.4932666454104177,501,34,465,r3kb1r/pp2pppp/2n2n2/qNpp4/3P1B2/4P3/PPP1NPPP/R2QK2R w KQkq -,MODEL_PREDICTION_NOT_EMPIRICAL
JOB-13,B8,1900,maia3-79m,9,b2b4,b4,0.0044146692380309105,0.9897327157668769,0.4932666454104177,517,31,452,r3kb1r/pp2pppp/2n2n2/qNpp4/3P1B2/4P3/PPP1NPPP/R2QK2R w KQkq -,MODEL_PREDICTION_NOT_EMPIRICAL
JOB-13,B8,1900,maia3-79m,10,d2d3,d3,0.0039108372293412685,0.9897327157668769,0.4932666454104177,497,35,468,r3kb1r/pp2pppp/2n2n2/qNpp4/3P1B2/4P3/PPP1NPPP/R2QK2R w KQkq -,MODEL_PREDICTION_NOT_EMPIRICAL
JOB-13,B8,2100,maia3-79m,1,e2e4,e4,0.5516610741615295,0.9894236333202571,0.5245369929792545,498,41,461,r3kb1r/pp2pppp/2n2n2/qNpp4/3P1B2/4P3/PPP1NPPP/R2QK2R w KQkq -,MODEL_PREDICTION_NOT_EMPIRICAL
JOB-13,B8,2100,maia3-79m,2,d2d4,d4,0.29356226325035095,0.9894236333202571,0.5245369929792545,510,44,446,r3kb1r/pp2pppp/2n2n2/qNpp4/3P1B2/4P3/PPP1NPPP/R2QK2R w KQkq -,MODEL_PREDICTION_NOT_EMPIRICAL
JOB-13,B8,2100,maia3-79m,3,g1f3,Nf3,0.0481594055891037,0.9894236333202571,0.5245369929792545,516,45,439,r3kb1r/pp2pppp/2n2n2/qNpp4/3P1B2/4P3/PPP1NPPP/R2QK2R w KQkq -,MODEL_PREDICTION_NOT_EMPIRICAL
JOB-13,B8,2100,maia3-79m,4,c2c4,c4,0.0476539246737957,0.9894236333202571,0.5245369929792545,507,43,450,r3kb1r/pp2pppp/2n2n2/qNpp4/3P1B2/4P3/PPP1NPPP/R2QK2R w KQkq -,MODEL_PREDICTION_NOT_EMPIRICAL
JOB-13,B8,2100,maia3-79m,5,f2f4,f4,0.012484685517847538,0.9894236333202571,0.5245369929792545,497,40,463,r3kb1r/pp2pppp/2n2n2/qNpp4/3P1B2/4P3/PPP1NPPP/R2QK2R w KQkq -,MODEL_PREDICTION_NOT_EMPIRICAL
JOB-13,B8,2100,maia3-79m,6,b2b3,b3,0.012168200686573982,0.9894236333202571,0.5245369929792545,507,42,451,r3kb1r/pp2pppp/2n2n2/qNpp4/3P1B2/4P3/PPP1NPPP/R2QK2R w KQkq -,MODEL_PREDICTION_NOT_EMPIRICAL
JOB-13,B8,2100,maia3-79m,7,g2g3,g3,0.008714002557098866,0.9894236333202571,0.5245369929792545,505,42,453,r3kb1r/pp2pppp/2n2n2/qNpp4/3P1B2/4P3/PPP1NPPP/R2QK2R w KQkq -,MODEL_PREDICTION_NOT_EMPIRICAL
JOB-13,B8,2100,maia3-79m,8,e2e3,e3,0.006894053891301155,0.9894236333202571,0.5245369929792545,497,43,460,r3kb1r/pp2pppp/2n2n2/qNpp4/3P1B2/4P3/PPP1NPPP/R2QK2R w KQkq -,MODEL_PREDICTION_NOT_EMPIRICAL
JOB-13,B8,2100,maia3-79m,9,b1c3,Nc3,0.0044635990634560585,0.9894236333202571,0.5245369929792545,521,42,437,r3kb1r/pp2pppp/2n2n2/qNpp4/3P1B2/4P3/PPP1NPPP/R2QK2R w KQkq -,MODEL_PREDICTION_NOT_EMPIRICAL
JOB-13,B8,2100,maia3-79m,10,d2d3,d3,0.0036624239291995764,0.9894236333202571,0.5245369929792545,489,44,467,r3kb1r/pp2pppp/2n2n2/qNpp4/3P1B2/4P3/PPP1NPPP/R2QK2R w KQkq -,MODEL_PREDICTION_NOT_EMPIRICAL
TOR-06,B8,1100,maia3-79m,1,e2e4,e4,0.6771548986434937,0.9878678212407976,0.42561317674662125,513,26,461,rnbqkb1r/ppp2ppp/8/3pp1N1/3P4/8/PPPNPPPP/R2QKB1R w KQkq -,MODEL_PREDICTION_NOT_EMPIRICAL
TOR-06,B8,1100,maia3-79m,2,d2d4,d4,0.22272434830665588,0.9878678212407976,0.42561317674662125,521,27,452,rnbqkb1r/ppp2ppp/8/3pp1N1/3P4/8/PPPNPPPP/R2QKB1R w KQkq -,MODEL_PREDICTION_NOT_EMPIRICAL
TOR-06,B8,1100,maia3-79m,3,e2e3,e3,0.020852725952863693,0.9878678212407976,0.42561317674662125,500,27,473,rnbqkb1r/ppp2ppp/8/3pp1N1/3P4/8/PPPNPPPP/R2QKB1R w KQkq -,MODEL_PREDICTION_NOT_EMPIRICAL
TOR-06,B8,1100,maia3-79m,4,g1f3,Nf3,0.0199762973934412,0.9878678212407976,0.42561317674662125,517,27,456,rnbqkb1r/ppp2ppp/8/3pp1N1/3P4/8/PPPNPPPP/R2QKB1R w KQkq -,MODEL_PREDICTION_NOT_EMPIRICAL
TOR-06,B8,1100,maia3-79m,5,c2c4,c4,0.015163088217377663,0.9878678212407976,0.42561317674662125,513,25,462,rnbqkb1r/ppp2ppp/8/3pp1N1/3P4/8/PPPNPPPP/R2QKB1R w KQkq -,MODEL_PREDICTION_NOT_EMPIRICAL
TOR-06,B8,1100,maia3-79m,6,g2g3,g3,0.010951454751193523,0.9878678212407976,0.42561317674662125,497,27,476,rnbqkb1r/ppp2ppp/8/3pp1N1/3P4/8/PPPNPPPP/R2QKB1R w KQkq -,MODEL_PREDICTION_NOT_EMPIRICAL
TOR-06,B8,1100,maia3-79m,7,b2b3,b3,0.007491483353078365,0.9878678212407976,0.42561317674662125,494,27,479,rnbqkb1r/ppp2ppp/8/3pp1N1/3P4/8/PPPNPPPP/R2QKB1R w KQkq -,MODEL_PREDICTION_NOT_EMPIRICAL
TOR-06,B8,1100,maia3-79m,8,d2d3,d3,0.005036455579102039,0.9878678212407976,0.42561317674662125,493,27,480,rnbqkb1r/ppp2ppp/8/3pp1N1/3P4/8/PPPNPPPP/R2QKB1R w KQkq -,MODEL_PREDICTION_NOT_EMPIRICAL
TOR-06,B8,1100,maia3-79m,9,b1c3,Nc3,0.004941529594361782,0.9878678212407976,0.42561317674662125,507,27,466,rnbqkb1r/ppp2ppp/8/3pp1N1/3P4/8/PPPNPPPP/R2QKB1R w KQkq -,MODEL_PREDICTION_NOT_EMPIRICAL
TOR-06,B8,1100,maia3-79m,10,f2f4,f4,0.0035755394492298365,0.9878678212407976,0.42561317674662125,500,26,474,rnbqkb1r/ppp2ppp/8/3pp1N1/3P4/8/PPPNPPPP/R2QKB1R w KQkq -,MODEL_PREDICTION_NOT_EMPIRICAL
TOR-06,B8,1300,maia3-79m,1,e2e4,e4,0.6652060747146606,0.9883486481849104,0.4312486267262949,508,25,467,rnbqkb1r/ppp2ppp/8/3pp1N1/3P4/8/PPPNPPPP/R2QKB1R w KQkq -,MODEL_PREDICTION_NOT_EMPIRICAL
TOR-06,B8,1300,maia3-79m,2,d2d4,d4,0.23515543341636658,0.9883486481849104,0.4312486267262949,519,26,455,rnbqkb1r/ppp2ppp/8/3pp1N1/3P4/8/PPPNPPPP/R2QKB1R w KQkq -,MODEL_PREDICTION_NOT_EMPIRICAL
TOR-06,B8,1300,maia3-79m,3,g1f3,Nf3,0.019363317638635635,0.9883486481849104,0.4312486267262949,521,27,452,rnbqkb1r/ppp2ppp/8/3pp1N1/3P4/8/PPPNPPPP/R2QKB1R w KQkq -,MODEL_PREDICTION_NOT_EMPIRICAL
TOR-06,B8,1300,maia3-79m,4,c2c4,c4,0.018627913668751717,0.9883486481849104,0.4312486267262949,513,25,462,rnbqkb1r/ppp2ppp/8/3pp1N1/3P4/8/PPPNPPPP/R2QKB1R w KQkq -,MODEL_PREDICTION_NOT_EMPIRICAL
TOR-06,B8,1300,maia3-79m,5,e2e3,e3,0.017626332119107246,0.9883486481849104,0.4312486267262949,499,26,475,rnbqkb1r/ppp2ppp/8/3pp1N1/3P4/8/PPPNPPPP/R2QKB1R w KQkq -,MODEL_PREDICTION_NOT_EMPIRICAL
TOR-06,B8,1300,maia3-79m,6,g2g3,g3,0.011335160583257675,0.9883486481849104,0.4312486267262949,500,27,473,rnbqkb1r/ppp2ppp/8/3pp1N1/3P4/8/PPPNPPPP/R2QKB1R w KQkq -,MODEL_PREDICTION_NOT_EMPIRICAL
TOR-06,B8,1300,maia3-79m,7,b2b3,b3,0.008808943443000317,0.9883486481849104,0.4312486267262949,503,26,471,rnbqkb1r/ppp2ppp/8/3pp1N1/3P4/8/PPPNPPPP/R2QKB1R w KQkq -,MODEL_PREDICTION_NOT_EMPIRICAL
TOR-06,B8,1300,maia3-79m,8,d2d3,d3,0.004596428479999304,0.9883486481849104,0.4312486267262949,494,27,479,rnbqkb1r/ppp2ppp/8/3pp1N1/3P4/8/PPPNPPPP/R2QKB1R w KQkq -,MODEL_PREDICTION_NOT_EMPIRICAL
TOR-06,B8,1300,maia3-79m,9,f2f4,f4,0.0041140238754451275,0.9883486481849104,0.4312486267262949,506,25,469,rnbqkb1r/ppp2ppp/8/3pp1N1/3P4/8/PPPNPPPP/R2QKB1R w KQkq -,MODEL_PREDICTION_NOT_EMPIRICAL
TOR-06,B8,1300,maia3-79m,10,b1c3,Nc3,0.0035150202456861734,0.9883486481849104,0.4312486267262949,513,26,461,rnbqkb1r/ppp2ppp/8/3pp1N1/3P4/8/PPPNPPPP/R2QKB1R w KQkq -,MODEL_PREDICTION_NOT_EMPIRICAL
TOR-06,B8,1500,maia3-79m,1,e2e4,e4,0.6482347846031189,0.9890689314343035,0.44840463559511406,505,27,468,rnbqkb1r/ppp2ppp/8/3pp1N1/3P4/8/PPPNPPPP/R2QKB1R w KQkq -,MODEL_PREDICTION_NOT_EMPIRICAL
TOR-06,B8,1500,maia3-79m,2,d2d4,d4,0.24543097615242004,0.9890689314343035,0.44840463559511406,515,28,457,rnbqkb1r/ppp2ppp/8/3pp1N1/3P4/8/PPPNPPPP/R2QKB1R w KQkq -,MODEL_PREDICTION_NOT_EMPIRICAL
TOR-06,B8,1500,maia3-79m,3,c2c4,c4,0.02303183265030384,0.9890689314343035,0.44840463559511406,511,27,462,rnbqkb1r/ppp2ppp/8/3pp1N1/3P4/8/PPPNPPPP/R2QKB1R w KQkq -,MODEL_PREDICTION_NOT_EMPIRICAL
TOR-06,B8,1500,maia3-79m,4,g1f3,Nf3,0.02068304643034935,0.9890689314343035,0.44840463559511406,525,27,448,rnbqkb1r/ppp2ppp/8/3pp1N1/3P4/8/PPPNPPPP/R2QKB1R w KQkq -,MODEL_PREDICTION_NOT_EMPIRICAL
TOR-06,B8,1500,maia3-79m,5,e2e3,e3,0.015259450301527977,0.9890689314343035,0.44840463559511406,497,27,476,rnbqkb1r/ppp2ppp/8/3pp1N1/3P4/8/PPPNPPPP/R2QKB1R w KQkq -,MODEL_PREDICTION_NOT_EMPIRICAL
TOR-06,B8,1500,maia3-79m,6,g2g3,g3,0.011820637620985508,0.9890689314343035,0.44840463559511406,503,28,469,rnbqkb1r/ppp2ppp/8/3pp1N1/3P4/8/PPPNPPPP/R2QKB1R w KQkq -,MODEL_PREDICTION_NOT_EMPIRICAL
TOR-06,B8,1500,maia3-79m,7,b2b3,b3,0.01035252958536148,0.9890689314343035,0.44840463559511406,505,27,468,rnbqkb1r/ppp2ppp/8/3pp1N1/3P4/8/PPPNPPPP/R2QKB1R w KQkq -,MODEL_PREDICTION_NOT_EMPIRICAL
TOR-06,B8,1500,maia3-79m,8,f2f4,f4,0.005875293631106615,0.9890689314343035,0.44840463559511406,507,25,468,rnbqkb1r/ppp2ppp/8/3pp1N1/3P4/8/PPPNPPPP/R2QKB1R w KQkq -,MODEL_PREDICTION_NOT_EMPIRICAL
TOR-06,B8,1500,maia3-79m,9,d2d3,d3,0.00447371369227767,0.9890689314343035,0.44840463559511406,496,28,476,rnbqkb1r/ppp2ppp/8/3pp1N1/3P4/8/PPPNPPPP/R2QKB1R w KQkq -,MODEL_PREDICTION_NOT_EMPIRICAL
TOR-06,B8,1500,maia3-79m,10,b2b4,b4,0.00390666676685214,0.9890689314343035,0.44840463559511406,515,24,461,rnbqkb1r/ppp2ppp/8/3pp1N1/3P4/8/PPPNPPPP/R2QKB1R w KQkq -,MODEL_PREDICTION_NOT_EMPIRICAL
TOR-06,B8,1700,maia3-79m,1,e2e4,e4,0.625694990158081,0.9896683357656002,0.47033680283448054,504,29,467,rnbqkb1r/ppp2ppp/8/3pp1N1/3P4/8/PPPNPPPP/R2QKB1R w KQkq -,MODEL_PREDICTION_NOT_EMPIRICAL
TOR-06,B8,1700,maia3-79m,2,d2d4,d4,0.257449209690094,0.9896683357656002,0.47033680283448054,515,31,454,rnbqkb1r/ppp2ppp/8/3pp1N1/3P4/8/PPPNPPPP/R2QKB1R w KQkq -,MODEL_PREDICTION_NOT_EMPIRICAL
TOR-06,B8,1700,maia3-79m,3,c2c4,c4,0.029208268970251083,0.9896683357656002,0.47033680283448054,513,30,457,rnbqkb1r/ppp2ppp/8/3pp1N1/3P4/8/PPPNPPPP/R2QKB1R w KQkq -,MODEL_PREDICTION_NOT_EMPIRICAL
TOR-06,B8,1700,maia3-79m,4,g1f3,Nf3,0.023894039914011955,0.9896683357656002,0.47033680283448054,530,30,440,rnbqkb1r/ppp2ppp/8/3pp1N1/3P4/8/PPPNPPPP/R2QKB1R w KQkq -,MODEL_PREDICTION_NOT_EMPIRICAL
TOR-06,B8,1700,maia3-79m,5,e2e3,e3,0.012733161449432373,0.9896683357656002,0.47033680283448054,501,29,470,rnbqkb1r/ppp2ppp/8/3pp1N1/3P4/8/PPPNPPPP/R2QKB1R w KQkq -,MODEL_PREDICTION_NOT_EMPIRICAL
TOR-06,B8,1700,maia3-79m,6,g2g3,g3,0.011797066777944565,0.9896683357656002,0.47033680283448054,508,30,462,rnbqkb1r/ppp2ppp/8/3pp1N1/3P4/8/PPPNPPPP/R2QKB1R w KQkq -,MODEL_PREDICTION_NOT_EMPIRICAL
TOR-06,B8,1700,maia3-79m,7,b2b3,b3,0.011401703581213951,0.9896683357656002,0.47033680283448054,510,29,461,rnbqkb1r/ppp2ppp/8/3pp1N1/3P4/8/PPPNPPPP/R2QKB1R w KQkq -,MODEL_PREDICTION_NOT_EMPIRICAL
TOR-06,B8,1700,maia3-79m,8,f2f4,f4,0.00882899109274149,0.9896683357656002,0.47033680283448054,507,28,465,rnbqkb1r/ppp2ppp/8/3pp1N1/3P4/8/PPPNPPPP/R2QKB1R w KQkq -,MODEL_PREDICTION_NOT_EMPIRICAL
TOR-06,B8,1700,maia3-79m,9,b2b4,b4,0.004424287937581539,0.9896683357656002,0.47033680283448054,518,27,455,rnbqkb1r/ppp2ppp/8/3pp1N1/3P4/8/PPPNPPPP/R2QKB1R w KQkq -,MODEL_PREDICTION_NOT_EMPIRICAL
TOR-06,B8,1700,maia3-79m,10,d2d3,d3,0.0042366161942481995,0.9896683357656002,0.47033680283448054,500,30,470,rnbqkb1r/ppp2ppp/8/3pp1N1/3P4/8/PPPNPPPP/R2QKB1R w KQkq -,MODEL_PREDICTION_NOT_EMPIRICAL
TOR-06,B8,1900,maia3-79m,1,e2e4,e4,0.5982585549354553,0.9897327157668769,0.4932666454104177,503,33,464,rnbqkb1r/ppp2ppp/8/3pp1N1/3P4/8/PPPNPPPP/R2QKB1R w KQkq -,MODEL_PREDICTION_NOT_EMPIRICAL
TOR-06,B8,1900,maia3-79m,2,d2d4,d4,0.27083200216293335,0.9897327157668769,0.4932666454104177,513,36,451,rnbqkb1r/ppp2ppp/8/3pp1N1/3P4/8/PPPNPPPP/R2QKB1R w KQkq -,MODEL_PREDICTION_NOT_EMPIRICAL
TOR-06,B8,1900,maia3-79m,3,c2c4,c4,0.03720775246620178,0.9897327157668769,0.4932666454104177,512,35,453,rnbqkb1r/ppp2ppp/8/3pp1N1/3P4/8/PPPNPPPP/R2QKB1R w KQkq -,MODEL_PREDICTION_NOT_EMPIRICAL
TOR-06,B8,1900,maia3-79m,4,g1f3,Nf3,0.030766692012548447,0.9897327157668769,0.4932666454104177,527,36,437,rnbqkb1r/ppp2ppp/8/3pp1N1/3P4/8/PPPNPPPP/R2QKB1R w KQkq -,MODEL_PREDICTION_NOT_EMPIRICAL
TOR-06,B8,1900,maia3-79m,5,f2f4,f4,0.012273138388991356,0.9897327157668769,0.4932666454104177,504,32,464,rnbqkb1r/ppp2ppp/8/3pp1N1/3P4/8/PPPNPPPP/R2QKB1R w KQkq -,MODEL_PREDICTION_NOT_EMPIRICAL
TOR-06,B8,1900,maia3-79m,6,b2b3,b3,0.011618333868682384,0.9897327157668769,0.4932666454104177,513,34,453,rnbqkb1r/ppp2ppp/8/3pp1N1/3P4/8/PPPNPPPP/R2QKB1R w KQkq -,MODEL_PREDICTION_NOT_EMPIRICAL
TOR-06,B8,1900,maia3-79m,7,g2g3,g3,0.010595535859465599,0.9897327157668769,0.4932666454104177,509,35,456,rnbqkb1r/ppp2ppp/8/3pp1N1/3P4/8/PPPNPPPP/R2QKB1R w KQkq -,MODEL_PREDICTION_NOT_EMPIRICAL
TOR-06,B8,1900,maia3-79m,8,e2e3,e3,0.009855199605226517,0.9897327157668769,0.4932666454104177,501,34,465,rnbqkb1r/ppp2ppp/8/3pp1N1/3P4/8/PPPNPPPP/R2QKB1R w KQkq -,MODEL_PREDICTION_NOT_EMPIRICAL
TOR-06,B8,1900,maia3-79m,9,b2b4,b4,0.0044146692380309105,0.9897327157668769,0.4932666454104177,517,31,452,rnbqkb1r/ppp2ppp/8/3pp1N1/3P4/8/PPPNPPPP/R2QKB1R w KQkq -,MODEL_PREDICTION_NOT_EMPIRICAL
TOR-06,B8,1900,maia3-79m,10,d2d3,d3,0.0039108372293412685,0.9897327157668769,0.4932666454104177,497,35,468,rnbqkb1r/ppp2ppp/8/3pp1N1/3P4/8/PPPNPPPP/R2QKB1R w KQkq -,MODEL_PREDICTION_NOT_EMPIRICAL
TOR-06,B8,2100,maia3-79m,1,e2e4,e4,0.5516610741615295,0.9894236333202571,0.5245369929792545,498,41,461,rnbqkb1r/ppp2ppp/8/3pp1N1/3P4/8/PPPNPPPP/R2QKB1R w KQkq -,MODEL_PREDICTION_NOT_EMPIRICAL
TOR-06,B8,2100,maia3-79m,2,d2d4,d4,0.29356226325035095,0.9894236333202571,0.5245369929792545,510,44,446,rnbqkb1r/ppp2ppp/8/3pp1N1/3P4/8/PPPNPPPP/R2QKB1R w KQkq -,MODEL_PREDICTION_NOT_EMPIRICAL
TOR-06,B8,2100,maia3-79m,3,g1f3,Nf3,0.0481594055891037,0.9894236333202571,0.5245369929792545,516,45,439,rnbqkb1r/ppp2ppp/8/3pp1N1/3P4/8/PPPNPPPP/R2QKB1R w KQkq -,MODEL_PREDICTION_NOT_EMPIRICAL
TOR-06,B8,2100,maia3-79m,4,c2c4,c4,0.0476539246737957,0.9894236333202571,0.5245369929792545,507,43,450,rnbqkb1r/ppp2ppp/8/3pp1N1/3P4/8/PPPNPPPP/R2QKB1R w KQkq -,MODEL_PREDICTION_NOT_EMPIRICAL
TOR-06,B8,2100,maia3-79m,5,f2f4,f4,0.012484685517847538,0.9894236333202571,0.5245369929792545,497,40,463,rnbqkb1r/ppp2ppp/8/3pp1N1/3P4/8/PPPNPPPP/R2QKB1R w KQkq -,MODEL_PREDICTION_NOT_EMPIRICAL
TOR-06,B8,2100,maia3-79m,6,b2b3,b3,0.012168200686573982,0.9894236333202571,0.5245369929792545,507,42,451,rnbqkb1r/ppp2ppp/8/3pp1N1/3P4/8/PPPNPPPP/R2QKB1R w KQkq -,MODEL_PREDICTION_NOT_EMPIRICAL
TOR-06,B8,2100,maia3-79m,7,g2g3,g3,0.008714002557098866,0.9894236333202571,0.5245369929792545,505,42,453,rnbqkb1r/ppp2ppp/8/3pp1N1/3P4/8/PPPNPPPP/R2QKB1R w KQkq -,MODEL_PREDICTION_NOT_EMPIRICAL
TOR-06,B8,2100,maia3-79m,8,e2e3,e3,0.006894053891301155,0.9894236333202571,0.5245369929792545,497,43,460,rnbqkb1r/ppp2ppp/8/3pp1N1/3P4/8/PPPNPPPP/R2QKB1R w KQkq -,MODEL_PREDICTION_NOT_EMPIRICAL
TOR-06,B8,2100,maia3-79m,9,b1c3,Nc3,0.0044635990634560585,0.9894236333202571,0.5245369929792545,521,42,437,rnbqkb1r/ppp2ppp/8/3pp1N1/3P4/8/PPPNPPPP/R2QKB1R w KQkq -,MODEL_PREDICTION_NOT_EMPIRICAL
TOR-06,B8,2100,maia3-79m,10,d2d3,d3,0.0036624239291995764,0.9894236333202571,0.5245369929792545,489,44,467,rnbqkb1r/ppp2ppp/8/3pp1N1/3P4/8/PPPNPPPP/R2QKB1R w KQkq -,MODEL_PREDICTION_NOT_EMPIRICAL
VER-03,B8,1100,maia3-79m,1,e2e4,e4,0.6771548986434937,0.9878678212407976,0.42561317674662125,513,26,461,rnbqkb1r/pp2pppp/5n2/2P3B1/3p4/2N5/PPP1PPPP/R2QKBNR w KQkq -,MODEL_PREDICTION_NOT_EMPIRICAL
VER-03,B8,1100,maia3-79m,2,d2d4,d4,0.22272434830665588,0.9878678212407976,0.42561317674662125,521,27,452,rnbqkb1r/pp2pppp/5n2/2P3B1/3p4/2N5/PPP1PPPP/R2QKBNR w KQkq -,MODEL_PREDICTION_NOT_EMPIRICAL
VER-03,B8,1100,maia3-79m,3,e2e3,e3,0.020852725952863693,0.9878678212407976,0.42561317674662125,500,27,473,rnbqkb1r/pp2pppp/5n2/2P3B1/3p4/2N5/PPP1PPPP/R2QKBNR w KQkq -,MODEL_PREDICTION_NOT_EMPIRICAL
VER-03,B8,1100,maia3-79m,4,g1f3,Nf3,0.0199762973934412,0.9878678212407976,0.42561317674662125,517,27,456,rnbqkb1r/pp2pppp/5n2/2P3B1/3p4/2N5/PPP1PPPP/R2QKBNR w KQkq -,MODEL_PREDICTION_NOT_EMPIRICAL
VER-03,B8,1100,maia3-79m,5,c2c4,c4,0.015163088217377663,0.9878678212407976,0.42561317674662125,513,25,462,rnbqkb1r/pp2pppp/5n2/2P3B1/3p4/2N5/PPP1PPPP/R2QKBNR w KQkq -,MODEL_PREDICTION_NOT_EMPIRICAL
VER-03,B8,1100,maia3-79m,6,g2g3,g3,0.010951454751193523,0.9878678212407976,0.42561317674662125,497,27,476,rnbqkb1r/pp2pppp/5n2/2P3B1/3p4/2N5/PPP1PPPP/R2QKBNR w KQkq -,MODEL_PREDICTION_NOT_EMPIRICAL
VER-03,B8,1100,maia3-79m,7,b2b3,b3,0.007491483353078365,0.9878678212407976,0.42561317674662125,494,27,479,rnbqkb1r/pp2pppp/5n2/2P3B1/3p4/2N5/PPP1PPPP/R2QKBNR w KQkq -,MODEL_PREDICTION_NOT_EMPIRICAL
VER-03,B8,1100,maia3-79m,8,d2d3,d3,0.005036455579102039,0.9878678212407976,0.42561317674662125,493,27,480,rnbqkb1r/pp2pppp/5n2/2P3B1/3p4/2N5/PPP1PPPP/R2QKBNR w KQkq -,MODEL_PREDICTION_NOT_EMPIRICAL
VER-03,B8,1100,maia3-79m,9,b1c3,Nc3,0.004941529594361782,0.9878678212407976,0.42561317674662125,507,27,466,rnbqkb1r/pp2pppp/5n2/2P3B1/3p4/2N5/PPP1PPPP/R2QKBNR w KQkq -,MODEL_PREDICTION_NOT_EMPIRICAL
VER-03,B8,1100,maia3-79m,10,f2f4,f4,0.0035755394492298365,0.9878678212407976,0.42561317674662125,500,26,474,rnbqkb1r/pp2pppp/5n2/2P3B1/3p4/2N5/PPP1PPPP/R2QKBNR w KQkq -,MODEL_PREDICTION_NOT_EMPIRICAL
VER-03,B8,1300,maia3-79m,1,e2e4,e4,0.6652060747146606,0.9883486481849104,0.4312486267262949,508,25,467,rnbqkb1r/pp2pppp/5n2/2P3B1/3p4/2N5/PPP1PPPP/R2QKBNR w KQkq -,MODEL_PREDICTION_NOT_EMPIRICAL
VER-03,B8,1300,maia3-79m,2,d2d4,d4,0.23515543341636658,0.9883486481849104,0.4312486267262949,519,26,455,rnbqkb1r/pp2pppp/5n2/2P3B1/3p4/2N5/PPP1PPPP/R2QKBNR w KQkq -,MODEL_PREDICTION_NOT_EMPIRICAL
VER-03,B8,1300,maia3-79m,3,g1f3,Nf3,0.019363317638635635,0.9883486481849104,0.4312486267262949,521,27,452,rnbqkb1r/pp2pppp/5n2/2P3B1/3p4/2N5/PPP1PPPP/R2QKBNR w KQkq -,MODEL_PREDICTION_NOT_EMPIRICAL
VER-03,B8,1300,maia3-79m,4,c2c4,c4,0.018627913668751717,0.9883486481849104,0.4312486267262949,513,25,462,rnbqkb1r/pp2pppp/5n2/2P3B1/3p4/2N5/PPP1PPPP/R2QKBNR w KQkq -,MODEL_PREDICTION_NOT_EMPIRICAL
VER-03,B8,1300,maia3-79m,5,e2e3,e3,0.017626332119107246,0.9883486481849104,0.4312486267262949,499,26,475,rnbqkb1r/pp2pppp/5n2/2P3B1/3p4/2N5/PPP1PPPP/R2QKBNR w KQkq -,MODEL_PREDICTION_NOT_EMPIRICAL
VER-03,B8,1300,maia3-79m,6,g2g3,g3,0.011335160583257675,0.9883486481849104,0.4312486267262949,500,27,473,rnbqkb1r/pp2pppp/5n2/2P3B1/3p4/2N5/PPP1PPPP/R2QKBNR w KQkq -,MODEL_PREDICTION_NOT_EMPIRICAL
VER-03,B8,1300,maia3-79m,7,b2b3,b3,0.008808943443000317,0.9883486481849104,0.4312486267262949,503,26,471,rnbqkb1r/pp2pppp/5n2/2P3B1/3p4/2N5/PPP1PPPP/R2QKBNR w KQkq -,MODEL_PREDICTION_NOT_EMPIRICAL
VER-03,B8,1300,maia3-79m,8,d2d3,d3,0.004596428479999304,0.9883486481849104,0.4312486267262949,494,27,479,rnbqkb1r/pp2pppp/5n2/2P3B1/3p4/2N5/PPP1PPPP/R2QKBNR w KQkq -,MODEL_PREDICTION_NOT_EMPIRICAL
VER-03,B8,1300,maia3-79m,9,f2f4,f4,0.0041140238754451275,0.9883486481849104,0.4312486267262949,506,25,469,rnbqkb1r/pp2pppp/5n2/2P3B1/3p4/2N5/PPP1PPPP/R2QKBNR w KQkq -,MODEL_PREDICTION_NOT_EMPIRICAL
VER-03,B8,1300,maia3-79m,10,b1c3,Nc3,0.0035150202456861734,0.9883486481849104,0.4312486267262949,513,26,461,rnbqkb1r/pp2pppp/5n2/2P3B1/3p4/2N5/PPP1PPPP/R2QKBNR w KQkq -,MODEL_PREDICTION_NOT_EMPIRICAL
VER-03,B8,1500,maia3-79m,1,e2e4,e4,0.6482347846031189,0.9890689314343035,0.44840463559511406,505,27,468,rnbqkb1r/pp2pppp/5n2/2P3B1/3p4/2N5/PPP1PPPP/R2QKBNR w KQkq -,MODEL_PREDICTION_NOT_EMPIRICAL
VER-03,B8,1500,maia3-79m,2,d2d4,d4,0.24543097615242004,0.9890689314343035,0.44840463559511406,515,28,457,rnbqkb1r/pp2pppp/5n2/2P3B1/3p4/2N5/PPP1PPPP/R2QKBNR w KQkq -,MODEL_PREDICTION_NOT_EMPIRICAL
VER-03,B8,1500,maia3-79m,3,c2c4,c4,0.02303183265030384,0.9890689314343035,0.44840463559511406,511,27,462,rnbqkb1r/pp2pppp/5n2/2P3B1/3p4/2N5/PPP1PPPP/R2QKBNR w KQkq -,MODEL_PREDICTION_NOT_EMPIRICAL
VER-03,B8,1500,maia3-79m,4,g1f3,Nf3,0.02068304643034935,0.9890689314343035,0.44840463559511406,525,27,448,rnbqkb1r/pp2pppp/5n2/2P3B1/3p4/2N5/PPP1PPPP/R2QKBNR w KQkq -,MODEL_PREDICTION_NOT_EMPIRICAL
VER-03,B8,1500,maia3-79m,5,e2e3,e3,0.015259450301527977,0.9890689314343035,0.44840463559511406,497,27,476,rnbqkb1r/pp2pppp/5n2/2P3B1/3p4/2N5/PPP1PPPP/R2QKBNR w KQkq -,MODEL_PREDICTION_NOT_EMPIRICAL
VER-03,B8,1500,maia3-79m,6,g2g3,g3,0.011820637620985508,0.9890689314343035,0.44840463559511406,503,28,469,rnbqkb1r/pp2pppp/5n2/2P3B1/3p4/2N5/PPP1PPPP/R2QKBNR w KQkq -,MODEL_PREDICTION_NOT_EMPIRICAL
VER-03,B8,1500,maia3-79m,7,b2b3,b3,0.01035252958536148,0.9890689314343035,0.44840463559511406,505,27,468,rnbqkb1r/pp2pppp/5n2/2P3B1/3p4/2N5/PPP1PPPP/R2QKBNR w KQkq -,MODEL_PREDICTION_NOT_EMPIRICAL
VER-03,B8,1500,maia3-79m,8,f2f4,f4,0.005875293631106615,0.9890689314343035,0.44840463559511406,507,25,468,rnbqkb1r/pp2pppp/5n2/2P3B1/3p4/2N5/PPP1PPPP/R2QKBNR w KQkq -,MODEL_PREDICTION_NOT_EMPIRICAL
VER-03,B8,1500,maia3-79m,9,d2d3,d3,0.00447371369227767,0.9890689314343035,0.44840463559511406,496,28,476,rnbqkb1r/pp2pppp/5n2/2P3B1/3p4/2N5/PPP1PPPP/R2QKBNR w KQkq -,MODEL_PREDICTION_NOT_EMPIRICAL
VER-03,B8,1500,maia3-79m,10,b2b4,b4,0.00390666676685214,0.9890689314343035,0.44840463559511406,515,24,461,rnbqkb1r/pp2pppp/5n2/2P3B1/3p4/2N5/PPP1PPPP/R2QKBNR w KQkq -,MODEL_PREDICTION_NOT_EMPIRICAL
VER-03,B8,1700,maia3-79m,1,e2e4,e4,0.625694990158081,0.9896683357656002,0.47033680283448054,504,29,467,rnbqkb1r/pp2pppp/5n2/2P3B1/3p4/2N5/PPP1PPPP/R2QKBNR w KQkq -,MODEL_PREDICTION_NOT_EMPIRICAL
VER-03,B8,1700,maia3-79m,2,d2d4,d4,0.257449209690094,0.9896683357656002,0.47033680283448054,515,31,454,rnbqkb1r/pp2pppp/5n2/2P3B1/3p4/2N5/PPP1PPPP/R2QKBNR w KQkq -,MODEL_PREDICTION_NOT_EMPIRICAL
VER-03,B8,1700,maia3-79m,3,c2c4,c4,0.029208268970251083,0.9896683357656002,0.47033680283448054,513,30,457,rnbqkb1r/pp2pppp/5n2/2P3B1/3p4/2N5/PPP1PPPP/R2QKBNR w KQkq -,MODEL_PREDICTION_NOT_EMPIRICAL
VER-03,B8,1700,maia3-79m,4,g1f3,Nf3,0.023894039914011955,0.9896683357656002,0.47033680283448054,530,30,440,rnbqkb1r/pp2pppp/5n2/2P3B1/3p4/2N5/PPP1PPPP/R2QKBNR w KQkq -,MODEL_PREDICTION_NOT_EMPIRICAL
VER-03,B8,1700,maia3-79m,5,e2e3,e3,0.012733161449432373,0.9896683357656002,0.47033680283448054,501,29,470,rnbqkb1r/pp2pppp/5n2/2P3B1/3p4/2N5/PPP1PPPP/R2QKBNR w KQkq -,MODEL_PREDICTION_NOT_EMPIRICAL
VER-03,B8,1700,maia3-79m,6,g2g3,g3,0.011797066777944565,0.9896683357656002,0.47033680283448054,508,30,462,rnbqkb1r/pp2pppp/5n2/2P3B1/3p4/2N5/PPP1PPPP/R2QKBNR w KQkq -,MODEL_PREDICTION_NOT_EMPIRICAL
VER-03,B8,1700,maia3-79m,7,b2b3,b3,0.011401703581213951,0.9896683357656002,0.47033680283448054,510,29,461,rnbqkb1r/pp2pppp/5n2/2P3B1/3p4/2N5/PPP1PPPP/R2QKBNR w KQkq -,MODEL_PREDICTION_NOT_EMPIRICAL
VER-03,B8,1700,maia3-79m,8,f2f4,f4,0.00882899109274149,0.9896683357656002,0.47033680283448054,507,28,465,rnbqkb1r/pp2pppp/5n2/2P3B1/3p4/2N5/PPP1PPPP/R2QKBNR w KQkq -,MODEL_PREDICTION_NOT_EMPIRICAL
VER-03,B8,1700,maia3-79m,9,b2b4,b4,0.004424287937581539,0.9896683357656002,0.47033680283448054,518,27,455,rnbqkb1r/pp2pppp/5n2/2P3B1/3p4/2N5/PPP1PPPP/R2QKBNR w KQkq -,MODEL_PREDICTION_NOT_EMPIRICAL
VER-03,B8,1700,maia3-79m,10,d2d3,d3,0.0042366161942481995,0.9896683357656002,0.47033680283448054,500,30,470,rnbqkb1r/pp2pppp/5n2/2P3B1/3p4/2N5/PPP1PPPP/R2QKBNR w KQkq -,MODEL_PREDICTION_NOT_EMPIRICAL
VER-03,B8,1900,maia3-79m,1,e2e4,e4,0.5982585549354553,0.9897327157668769,0.4932666454104177,503,33,464,rnbqkb1r/pp2pppp/5n2/2P3B1/3p4/2N5/PPP1PPPP/R2QKBNR w KQkq -,MODEL_PREDICTION_NOT_EMPIRICAL
VER-03,B8,1900,maia3-79m,2,d2d4,d4,0.27083200216293335,0.9897327157668769,0.4932666454104177,513,36,451,rnbqkb1r/pp2pppp/5n2/2P3B1/3p4/2N5/PPP1PPPP/R2QKBNR w KQkq -,MODEL_PREDICTION_NOT_EMPIRICAL
VER-03,B8,1900,maia3-79m,3,c2c4,c4,0.03720775246620178,0.9897327157668769,0.4932666454104177,512,35,453,rnbqkb1r/pp2pppp/5n2/2P3B1/3p4/2N5/PPP1PPPP/R2QKBNR w KQkq -,MODEL_PREDICTION_NOT_EMPIRICAL
VER-03,B8,1900,maia3-79m,4,g1f3,Nf3,0.030766692012548447,0.9897327157668769,0.4932666454104177,527,36,437,rnbqkb1r/pp2pppp/5n2/2P3B1/3p4/2N5/PPP1PPPP/R2QKBNR w KQkq -,MODEL_PREDICTION_NOT_EMPIRICAL
VER-03,B8,1900,maia3-79m,5,f2f4,f4,0.012273138388991356,0.9897327157668769,0.4932666454104177,504,32,464,rnbqkb1r/pp2pppp/5n2/2P3B1/3p4/2N5/PPP1PPPP/R2QKBNR w KQkq -,MODEL_PREDICTION_NOT_EMPIRICAL
VER-03,B8,1900,maia3-79m,6,b2b3,b3,0.011618333868682384,0.9897327157668769,0.4932666454104177,513,34,453,rnbqkb1r/pp2pppp/5n2/2P3B1/3p4/2N5/PPP1PPPP/R2QKBNR w KQkq -,MODEL_PREDICTION_NOT_EMPIRICAL
VER-03,B8,1900,maia3-79m,7,g2g3,g3,0.010595535859465599,0.9897327157668769,0.4932666454104177,509,35,456,rnbqkb1r/pp2pppp/5n2/2P3B1/3p4/2N5/PPP1PPPP/R2QKBNR w KQkq -,MODEL_PREDICTION_NOT_EMPIRICAL
VER-03,B8,1900,maia3-79m,8,e2e3,e3,0.009855199605226517,0.9897327157668769,0.4932666454104177,501,34,465,rnbqkb1r/pp2pppp/5n2/2P3B1/3p4/2N5/PPP1PPPP/R2QKBNR w KQkq -,MODEL_PREDICTION_NOT_EMPIRICAL
VER-03,B8,1900,maia3-79m,9,b2b4,b4,0.0044146692380309105,0.9897327157668769,0.4932666454104177,517,31,452,rnbqkb1r/pp2pppp/5n2/2P3B1/3p4/2N5/PPP1PPPP/R2QKBNR w KQkq -,MODEL_PREDICTION_NOT_EMPIRICAL
VER-03,B8,1900,maia3-79m,10,d2d3,d3,0.0039108372293412685,0.9897327157668769,0.4932666454104177,497,35,468,rnbqkb1r/pp2pppp/5n2/2P3B1/3p4/2N5/PPP1PPPP/R2QKBNR w KQkq -,MODEL_PREDICTION_NOT_EMPIRICAL
VER-03,B8,2100,maia3-79m,1,e2e4,e4,0.5516610741615295,0.9894236333202571,0.5245369929792545,498,41,461,rnbqkb1r/pp2pppp/5n2/2P3B1/3p4/2N5/PPP1PPPP/R2QKBNR w KQkq -,MODEL_PREDICTION_NOT_EMPIRICAL
VER-03,B8,2100,maia3-79m,2,d2d4,d4,0.29356226325035095,0.9894236333202571,0.5245369929792545,510,44,446,rnbqkb1r/pp2pppp/5n2/2P3B1/3p4/2N5/PPP1PPPP/R2QKBNR w KQkq -,MODEL_PREDICTION_NOT_EMPIRICAL
VER-03,B8,2100,maia3-79m,3,g1f3,Nf3,0.0481594055891037,0.9894236333202571,0.5245369929792545,516,45,439,rnbqkb1r/pp2pppp/5n2/2P3B1/3p4/2N5/PPP1PPPP/R2QKBNR w KQkq -,MODEL_PREDICTION_NOT_EMPIRICAL
VER-03,B8,2100,maia3-79m,4,c2c4,c4,0.0476539246737957,0.9894236333202571,0.5245369929792545,507,43,450,rnbqkb1r/pp2pppp/5n2/2P3B1/3p4/2N5/PPP1PPPP/R2QKBNR w KQkq -,MODEL_PREDICTION_NOT_EMPIRICAL
VER-03,B8,2100,maia3-79m,5,f2f4,f4,0.012484685517847538,0.9894236333202571,0.5245369929792545,497,40,463,rnbqkb1r/pp2pppp/5n2/2P3B1/3p4/2N5/PPP1PPPP/R2QKBNR w KQkq -,MODEL_PREDICTION_NOT_EMPIRICAL
VER-03,B8,2100,maia3-79m,6,b2b3,b3,0.012168200686573982,0.9894236333202571,0.5245369929792545,507,42,451,rnbqkb1r/pp2pppp/5n2/2P3B1/3p4/2N5/PPP1PPPP/R2QKBNR w KQkq -,MODEL_PREDICTION_NOT_EMPIRICAL
VER-03,B8,2100,maia3-79m,7,g2g3,g3,0.008714002557098866,0.9894236333202571,0.5245369929792545,505,42,453,rnbqkb1r/pp2pppp/5n2/2P3B1/3p4/2N5/PPP1PPPP/R2QKBNR w KQkq -,MODEL_PREDICTION_NOT_EMPIRICAL
VER-03,B8,2100,maia3-79m,8,e2e3,e3,0.006894053891301155,0.9894236333202571,0.5245369929792545,497,43,460,rnbqkb1r/pp2pppp/5n2/2P3B1/3p4/2N5/PPP1PPPP/R2QKBNR w KQkq -,MODEL_PREDICTION_NOT_EMPIRICAL
VER-03,B8,2100,maia3-79m,9,b1c3,Nc3,0.0044635990634560585,0.9894236333202571,0.5245369929792545,521,42,437,rnbqkb1r/pp2pppp/5n2/2P3B1/3p4/2N5/PPP1PPPP/R2QKBNR w KQkq -,MODEL_PREDICTION_NOT_EMPIRICAL
VER-03,B8,2100,maia3-79m,10,d2d3,d3,0.0036624239291995764,0.9894236333202571,0.5245369929792545,489,44,467,rnbqkb1r/pp2pppp/5n2/2P3B1/3p4/2N5/PPP1PPPP/R2QKBNR w KQkq -,MODEL_PREDICTION_NOT_EMPIRICAL
