line_id,bias_code,elo,model,rank,move_uci,move_san,policy_probability,topk_policy_mass,normalized_response_entropy_topk,wdl_win_permille,wdl_draw_permille,wdl_loss_permille,fen,status
ORD-01,B1,1100,maia3-5m,1,f1e2,Be2,0.25080159306526184,0.9904825752601027,0.8364367544479875,522,24,454,r2qkbnr/pp2pppp/2n5/2pp4/3P1Bb1/4PN2/PPP2PPP/RN1QKB1R w KQkq -,MODEL_PREDICTION_NOT_EMPIRICAL
ORD-01,B1,1100,maia3-5m,2,b1d2,Nbd2,0.22595113515853882,0.9904825752601027,0.8364367544479875,493,24,483,r2qkbnr/pp2pppp/2n5/2pp4/3P1Bb1/4PN2/PPP2PPP/RN1QKB1R w KQkq -,MODEL_PREDICTION_NOT_EMPIRICAL
ORD-01,B1,1100,maia3-5m,3,h2h3,h3,0.1444653570652008,0.9904825752601027,0.8364367544479875,501,22,477,r2qkbnr/pp2pppp/2n5/2pp4/3P1Bb1/4PN2/PPP2PPP/RN1QKB1R w KQkq -,MODEL_PREDICTION_NOT_EMPIRICAL
ORD-01,B1,1100,maia3-5m,4,c2c3,c3,0.13786348700523376,0.9904825752601027,0.8364367544479875,504,25,471,r2qkbnr/pp2pppp/2n5/2pp4/3P1Bb1/4PN2/PPP2PPP/RN1QKB1R w KQkq -,MODEL_PREDICTION_NOT_EMPIRICAL
ORD-01,B1,1100,maia3-5m,5,f1b5,Bb5,0.08340801298618317,0.9904825752601027,0.8364367544479875,516,21,463,r2qkbnr/pp2pppp/2n5/2pp4/3P1Bb1/4PN2/PPP2PPP/RN1QKB1R w KQkq -,MODEL_PREDICTION_NOT_EMPIRICAL
ORD-01,B1,1100,maia3-5m,6,f1d3,Bd3,0.05798977240920067,0.9904825752601027,0.8364367544479875,487,22,491,r2qkbnr/pp2pppp/2n5/2pp4/3P1Bb1/4PN2/PPP2PPP/RN1QKB1R w KQkq -,MODEL_PREDICTION_NOT_EMPIRICAL
ORD-01,B1,1100,maia3-5m,7,c2c4,c4,0.044471122324466705,0.9904825752601027,0.8364367544479875,490,23,487,r2qkbnr/pp2pppp/2n5/2pp4/3P1Bb1/4PN2/PPP2PPP/RN1QKB1R w KQkq -,MODEL_PREDICTION_NOT_EMPIRICAL
ORD-01,B1,1100,maia3-5m,8,b1c3,Nc3,0.02717277966439724,0.9904825752601027,0.8364367544479875,497,24,479,r2qkbnr/pp2pppp/2n5/2pp4/3P1Bb1/4PN2/PPP2PPP/RN1QKB1R w KQkq -,MODEL_PREDICTION_NOT_EMPIRICAL
ORD-01,B1,1100,maia3-5m,9,d4c5,dxc5,0.015337971970438957,0.9904825752601027,0.8364367544479875,450,22,528,r2qkbnr/pp2pppp/2n5/2pp4/3P1Bb1/4PN2/PPP2PPP/RN1QKB1R w KQkq -,MODEL_PREDICTION_NOT_EMPIRICAL
ORD-01,B1,1100,maia3-5m,10,a2a3,a3,0.0030213436111807823,0.9904825752601027,0.8364367544479875,499,23,478,r2qkbnr/pp2pppp/2n5/2pp4/3P1Bb1/4PN2/PPP2PPP/RN1QKB1R w KQkq -,MODEL_PREDICTION_NOT_EMPIRICAL
ORD-01,B1,1300,maia3-5m,1,f1e2,Be2,0.2740256190299988,0.9929662952199578,0.8075499674968513,525,24,451,r2qkbnr/pp2pppp/2n5/2pp4/3P1Bb1/4PN2/PPP2PPP/RN1QKB1R w KQkq -,MODEL_PREDICTION_NOT_EMPIRICAL
ORD-01,B1,1300,maia3-5m,2,b1d2,Nbd2,0.2329634130001068,0.9929662952199578,0.8075499674968513,498,25,477,r2qkbnr/pp2pppp/2n5/2pp4/3P1Bb1/4PN2/PPP2PPP/RN1QKB1R w KQkq -,MODEL_PREDICTION_NOT_EMPIRICAL
ORD-01,B1,1300,maia3-5m,3,c2c3,c3,0.16906428337097168,0.9929662952199578,0.8075499674968513,504,26,470,r2qkbnr/pp2pppp/2n5/2pp4/3P1Bb1/4PN2/PPP2PPP/RN1QKB1R w KQkq -,MODEL_PREDICTION_NOT_EMPIRICAL
ORD-01,B1,1300,maia3-5m,4,h2h3,h3,0.1230573058128357,0.9929662952199578,0.8075499674968513,500,23,477,r2qkbnr/pp2pppp/2n5/2pp4/3P1Bb1/4PN2/PPP2PPP/RN1QKB1R w KQkq -,MODEL_PREDICTION_NOT_EMPIRICAL
ORD-01,B1,1300,maia3-5m,5,f1b5,Bb5,0.08136508613824844,0.9929662952199578,0.8075499674968513,518,21,461,r2qkbnr/pp2pppp/2n5/2pp4/3P1Bb1/4PN2/PPP2PPP/RN1QKB1R w KQkq -,MODEL_PREDICTION_NOT_EMPIRICAL
ORD-01,B1,1300,maia3-5m,6,c2c4,c4,0.043896935880184174,0.9929662952199578,0.8075499674968513,493,23,484,r2qkbnr/pp2pppp/2n5/2pp4/3P1Bb1/4PN2/PPP2PPP/RN1QKB1R w KQkq -,MODEL_PREDICTION_NOT_EMPIRICAL
ORD-01,B1,1300,maia3-5m,7,f1d3,Bd3,0.03141376003623009,0.9929662952199578,0.8075499674968513,493,23,484,r2qkbnr/pp2pppp/2n5/2pp4/3P1Bb1/4PN2/PPP2PPP/RN1QKB1R w KQkq -,MODEL_PREDICTION_NOT_EMPIRICAL
ORD-01,B1,1300,maia3-5m,8,b1c3,Nc3,0.020024476572871208,0.9929662952199578,0.8075499674968513,504,24,472,r2qkbnr/pp2pppp/2n5/2pp4/3P1Bb1/4PN2/PPP2PPP/RN1QKB1R w KQkq -,MODEL_PREDICTION_NOT_EMPIRICAL
ORD-01,B1,1300,maia3-5m,9,d4c5,dxc5,0.013503470458090305,0.9929662952199578,0.8075499674968513,448,23,529,r2qkbnr/pp2pppp/2n5/2pp4/3P1Bb1/4PN2/PPP2PPP/RN1QKB1R w KQkq -,MODEL_PREDICTION_NOT_EMPIRICAL
ORD-01,B1,1300,maia3-5m,10,a2a3,a3,0.0036519449204206467,0.9929662952199578,0.8075499674968513,501,24,475,r2qkbnr/pp2pppp/2n5/2pp4/3P1Bb1/4PN2/PPP2PPP/RN1QKB1R w KQkq -,MODEL_PREDICTION_NOT_EMPIRICAL
ORD-01,B1,1500,maia3-5m,1,f1e2,Be2,0.3087397813796997,0.9944483432918787,0.7767030168414396,527,25,448,r2qkbnr/pp2pppp/2n5/2pp4/3P1Bb1/4PN2/PPP2PPP/RN1QKB1R w KQkq -,MODEL_PREDICTION_NOT_EMPIRICAL
ORD-01,B1,1500,maia3-5m,2,b1d2,Nbd2,0.2184833586215973,0.9944483432918787,0.7767030168414396,503,26,471,r2qkbnr/pp2pppp/2n5/2pp4/3P1Bb1/4PN2/PPP2PPP/RN1QKB1R w KQkq -,MODEL_PREDICTION_NOT_EMPIRICAL
ORD-01,B1,1500,maia3-5m,3,c2c3,c3,0.20227229595184326,0.9944483432918787,0.7767030168414396,506,27,467,r2qkbnr/pp2pppp/2n5/2pp4/3P1Bb1/4PN2/PPP2PPP/RN1QKB1R w KQkq -,MODEL_PREDICTION_NOT_EMPIRICAL
ORD-01,B1,1500,maia3-5m,4,h2h3,h3,0.09852739423513412,0.9944483432918787,0.7767030168414396,503,25,472,r2qkbnr/pp2pppp/2n5/2pp4/3P1Bb1/4PN2/PPP2PPP/RN1QKB1R w KQkq -,MODEL_PREDICTION_NOT_EMPIRICAL
ORD-01,B1,1500,maia3-5m,5,f1b5,Bb5,0.07504494488239288,0.9944483432918787,0.7767030168414396,522,22,456,r2qkbnr/pp2pppp/2n5/2pp4/3P1Bb1/4PN2/PPP2PPP/RN1QKB1R w KQkq -,MODEL_PREDICTION_NOT_EMPIRICAL
ORD-01,B1,1500,maia3-5m,6,c2c4,c4,0.039391882717609406,0.9944483432918787,0.7767030168414396,500,24,476,r2qkbnr/pp2pppp/2n5/2pp4/3P1Bb1/4PN2/PPP2PPP/RN1QKB1R w KQkq -,MODEL_PREDICTION_NOT_EMPIRICAL
ORD-01,B1,1500,maia3-5m,7,f1d3,Bd3,0.018645742908120155,0.9944483432918787,0.7767030168414396,498,24,478,r2qkbnr/pp2pppp/2n5/2pp4/3P1Bb1/4PN2/PPP2PPP/RN1QKB1R w KQkq -,MODEL_PREDICTION_NOT_EMPIRICAL
ORD-01,B1,1500,maia3-5m,8,b1c3,Nc3,0.016160661354660988,0.9944483432918787,0.7767030168414396,510,25,465,r2qkbnr/pp2pppp/2n5/2pp4/3P1Bb1/4PN2/PPP2PPP/RN1QKB1R w KQkq -,MODEL_PREDICTION_NOT_EMPIRICAL
ORD-01,B1,1500,maia3-5m,9,d4c5,dxc5,0.0133011844009161,0.9944483432918787,0.7767030168414396,448,24,528,r2qkbnr/pp2pppp/2n5/2pp4/3P1Bb1/4PN2/PPP2PPP/RN1QKB1R w KQkq -,MODEL_PREDICTION_NOT_EMPIRICAL
ORD-01,B1,1500,maia3-5m,10,a2a3,a3,0.003881096839904785,0.9944483432918787,0.7767030168414396,505,25,470,r2qkbnr/pp2pppp/2n5/2pp4/3P1Bb1/4PN2/PPP2PPP/RN1QKB1R w KQkq -,MODEL_PREDICTION_NOT_EMPIRICAL
ORD-01,B1,1700,maia3-5m,1,f1e2,Be2,0.3490804433822632,0.995588171062991,0.7407153999403873,525,27,448,r2qkbnr/pp2pppp/2n5/2pp4/3P1Bb1/4PN2/PPP2PPP/RN1QKB1R w KQkq -,MODEL_PREDICTION_NOT_EMPIRICAL
ORD-01,B1,1700,maia3-5m,2,c2c3,c3,0.23809848725795746,0.995588171062991,0.7407153999403873,506,29,465,r2qkbnr/pp2pppp/2n5/2pp4/3P1Bb1/4PN2/PPP2PPP/RN1QKB1R w KQkq -,MODEL_PREDICTION_NOT_EMPIRICAL
ORD-01,B1,1700,maia3-5m,3,b1d2,Nbd2,0.1933911293745041,0.995588171062991,0.7407153999403873,507,28,465,r2qkbnr/pp2pppp/2n5/2pp4/3P1Bb1/4PN2/PPP2PPP/RN1QKB1R w KQkq -,MODEL_PREDICTION_NOT_EMPIRICAL
ORD-01,B1,1700,maia3-5m,4,h2h3,h3,0.0707087516784668,0.995588171062991,0.7407153999403873,503,27,470,r2qkbnr/pp2pppp/2n5/2pp4/3P1Bb1/4PN2/PPP2PPP/RN1QKB1R w KQkq -,MODEL_PREDICTION_NOT_EMPIRICAL
ORD-01,B1,1700,maia3-5m,5,f1b5,Bb5,0.06619416177272797,0.995588171062991,0.7407153999403873,527,23,450,r2qkbnr/pp2pppp/2n5/2pp4/3P1Bb1/4PN2/PPP2PPP/RN1QKB1R w KQkq -,MODEL_PREDICTION_NOT_EMPIRICAL
ORD-01,B1,1700,maia3-5m,6,c2c4,c4,0.031769271939992905,0.995588171062991,0.7407153999403873,514,25,461,r2qkbnr/pp2pppp/2n5/2pp4/3P1Bb1/4PN2/PPP2PPP/RN1QKB1R w KQkq -,MODEL_PREDICTION_NOT_EMPIRICAL
ORD-01,B1,1700,maia3-5m,7,b1c3,Nc3,0.015006368048489094,0.995588171062991,0.7407153999403873,514,27,459,r2qkbnr/pp2pppp/2n5/2pp4/3P1Bb1/4PN2/PPP2PPP/RN1QKB1R w KQkq -,MODEL_PREDICTION_NOT_EMPIRICAL
ORD-01,B1,1700,maia3-5m,8,d4c5,dxc5,0.014887003228068352,0.995588171062991,0.7407153999403873,443,26,531,r2qkbnr/pp2pppp/2n5/2pp4/3P1Bb1/4PN2/PPP2PPP/RN1QKB1R w KQkq -,MODEL_PREDICTION_NOT_EMPIRICAL
ORD-01,B1,1700,maia3-5m,9,f1d3,Bd3,0.012663701549172401,0.995588171062991,0.7407153999403873,501,26,473,r2qkbnr/pp2pppp/2n5/2pp4/3P1Bb1/4PN2/PPP2PPP/RN1QKB1R w KQkq -,MODEL_PREDICTION_NOT_EMPIRICAL
ORD-01,B1,1700,maia3-5m,10,a2a3,a3,0.003788852831348777,0.995588171062991,0.7407153999403873,507,27,466,r2qkbnr/pp2pppp/2n5/2pp4/3P1Bb1/4PN2/PPP2PPP/RN1QKB1R w KQkq -,MODEL_PREDICTION_NOT_EMPIRICAL
ORD-01,B1,1900,maia3-5m,1,f1e2,Be2,0.37162184715270996,0.996608755318448,0.6995045875338282,529,30,441,r2qkbnr/pp2pppp/2n5/2pp4/3P1Bb1/4PN2/PPP2PPP/RN1QKB1R w KQkq -,MODEL_PREDICTION_NOT_EMPIRICAL
ORD-01,B1,1900,maia3-5m,2,c2c3,c3,0.28718188405036926,0.996608755318448,0.6995045875338282,508,32,460,r2qkbnr/pp2pppp/2n5/2pp4/3P1Bb1/4PN2/PPP2PPP/RN1QKB1R w KQkq -,MODEL_PREDICTION_NOT_EMPIRICAL
ORD-01,B1,1900,maia3-5m,3,b1d2,Nbd2,0.16998161375522614,0.996608755318448,0.6995045875338282,515,31,454,r2qkbnr/pp2pppp/2n5/2pp4/3P1Bb1/4PN2/PPP2PPP/RN1QKB1R w KQkq -,MODEL_PREDICTION_NOT_EMPIRICAL
ORD-01,B1,1900,maia3-5m,4,f1b5,Bb5,0.05430949479341507,0.996608755318448,0.6995045875338282,527,25,448,r2qkbnr/pp2pppp/2n5/2pp4/3P1Bb1/4PN2/PPP2PPP/RN1QKB1R w KQkq -,MODEL_PREDICTION_NOT_EMPIRICAL
ORD-01,B1,1900,maia3-5m,5,h2h3,h3,0.04308856278657913,0.996608755318448,0.6995045875338282,506,29,465,r2qkbnr/pp2pppp/2n5/2pp4/3P1Bb1/4PN2/PPP2PPP/RN1QKB1R w KQkq -,MODEL_PREDICTION_NOT_EMPIRICAL
ORD-01,B1,1900,maia3-5m,6,c2c4,c4,0.02425195276737213,0.996608755318448,0.6995045875338282,527,28,445,r2qkbnr/pp2pppp/2n5/2pp4/3P1Bb1/4PN2/PPP2PPP/RN1QKB1R w KQkq -,MODEL_PREDICTION_NOT_EMPIRICAL
ORD-01,B1,1900,maia3-5m,7,d4c5,dxc5,0.017343861982226372,0.996608755318448,0.6995045875338282,439,30,531,r2qkbnr/pp2pppp/2n5/2pp4/3P1Bb1/4PN2/PPP2PPP/RN1QKB1R w KQkq -,MODEL_PREDICTION_NOT_EMPIRICAL
ORD-01,B1,1900,maia3-5m,8,b1c3,Nc3,0.016280220821499825,0.996608755318448,0.6995045875338282,521,29,450,r2qkbnr/pp2pppp/2n5/2pp4/3P1Bb1/4PN2/PPP2PPP/RN1QKB1R w KQkq -,MODEL_PREDICTION_NOT_EMPIRICAL
ORD-01,B1,1900,maia3-5m,9,f1d3,Bd3,0.009380881674587727,0.996608755318448,0.6995045875338282,510,29,461,r2qkbnr/pp2pppp/2n5/2pp4/3P1Bb1/4PN2/PPP2PPP/RN1QKB1R w KQkq -,MODEL_PREDICTION_NOT_EMPIRICAL
ORD-01,B1,1900,maia3-5m,10,a2a3,a3,0.0031684355344623327,0.996608755318448,0.6995045875338282,513,30,457,r2qkbnr/pp2pppp/2n5/2pp4/3P1Bb1/4PN2/PPP2PPP/RN1QKB1R w KQkq -,MODEL_PREDICTION_NOT_EMPIRICAL
ORD-01,B1,2100,maia3-5m,1,f1e2,Be2,0.3585645854473114,0.9974601881112903,0.6750087141599076,528,36,436,r2qkbnr/pp2pppp/2n5/2pp4/3P1Bb1/4PN2/PPP2PPP/RN1QKB1R w KQkq -,MODEL_PREDICTION_NOT_EMPIRICAL
ORD-01,B1,2100,maia3-5m,2,c2c3,c3,0.3299221992492676,0.9974601881112903,0.6750087141599076,506,38,456,r2qkbnr/pp2pppp/2n5/2pp4/3P1Bb1/4PN2/PPP2PPP/RN1QKB1R w KQkq -,MODEL_PREDICTION_NOT_EMPIRICAL
ORD-01,B1,2100,maia3-5m,3,b1d2,Nbd2,0.16722609102725983,0.9974601881112903,0.6750087141599076,517,37,446,r2qkbnr/pp2pppp/2n5/2pp4/3P1Bb1/4PN2/PPP2PPP/RN1QKB1R w KQkq -,MODEL_PREDICTION_NOT_EMPIRICAL
ORD-01,B1,2100,maia3-5m,4,f1b5,Bb5,0.043608393520116806,0.9974601881112903,0.6750087141599076,522,30,448,r2qkbnr/pp2pppp/2n5/2pp4/3P1Bb1/4PN2/PPP2PPP/RN1QKB1R w KQkq -,MODEL_PREDICTION_NOT_EMPIRICAL
ORD-01,B1,2100,maia3-5m,5,h2h3,h3,0.023270942270755768,0.9974601881112903,0.6750087141599076,509,35,456,r2qkbnr/pp2pppp/2n5/2pp4/3P1Bb1/4PN2/PPP2PPP/RN1QKB1R w KQkq -,MODEL_PREDICTION_NOT_EMPIRICAL
ORD-01,B1,2100,maia3-5m,6,b1c3,Nc3,0.022508341819047928,0.9974601881112903,0.6750087141599076,518,34,448,r2qkbnr/pp2pppp/2n5/2pp4/3P1Bb1/4PN2/PPP2PPP/RN1QKB1R w KQkq -,MODEL_PREDICTION_NOT_EMPIRICAL
ORD-01,B1,2100,maia3-5m,7,d4c5,dxc5,0.022402893751859665,0.9974601881112903,0.6750087141599076,441,38,521,r2qkbnr/pp2pppp/2n5/2pp4/3P1Bb1/4PN2/PPP2PPP/RN1QKB1R w KQkq -,MODEL_PREDICTION_NOT_EMPIRICAL
ORD-01,B1,2100,maia3-5m,8,c2c4,c4,0.021984294056892395,0.9974601881112903,0.6750087141599076,534,34,432,r2qkbnr/pp2pppp/2n5/2pp4/3P1Bb1/4PN2/PPP2PPP/RN1QKB1R w KQkq -,MODEL_PREDICTION_NOT_EMPIRICAL
ORD-01,B1,2100,maia3-5m,9,f1d3,Bd3,0.005932723172008991,0.9974601881112903,0.6750087141599076,512,36,452,r2qkbnr/pp2pppp/2n5/2pp4/3P1Bb1/4PN2/PPP2PPP/RN1QKB1R w KQkq -,MODEL_PREDICTION_NOT_EMPIRICAL
ORD-01,B1,2100,maia3-5m,10,a2a3,a3,0.0020397237967699766,0.9974601881112903,0.6750087141599076,510,36,454,r2qkbnr/pp2pppp/2n5/2pp4/3P1Bb1/4PN2/PPP2PPP/RN1QKB1R w KQkq -,MODEL_PREDICTION_NOT_EMPIRICAL
ORD-02,B1,1100,maia3-5m,1,d1c2,Qc2,0.4141250550746918,0.9572344142943621,0.7409905879735464,456,21,523,r1b1kb1r/pp2pppp/1qn2n2/2pp4/3P1B2/2P1PN2/PP3PPP/RN1QKB1R w KQkq -,MODEL_PREDICTION_NOT_EMPIRICAL
ORD-02,B1,1100,maia3-5m,2,b2b3,b3,0.17036357522010803,0.9572344142943621,0.7409905879735464,489,20,491,r1b1kb1r/pp2pppp/1qn2n2/2pp4/3P1B2/2P1PN2/PP3PPP/RN1QKB1R w KQkq -,MODEL_PREDICTION_NOT_EMPIRICAL
ORD-02,B1,1100,maia3-5m,3,d1b3,Qb3,0.1352982074022293,0.9572344142943621,0.7409905879735464,505,29,466,r1b1kb1r/pp2pppp/1qn2n2/2pp4/3P1B2/2P1PN2/PP3PPP/RN1QKB1R w KQkq -,MODEL_PREDICTION_NOT_EMPIRICAL
ORD-02,B1,1100,maia3-5m,4,b1d2,Nbd2,0.06570681929588318,0.9572344142943621,0.7409905879735464,459,21,520,r1b1kb1r/pp2pppp/1qn2n2/2pp4/3P1B2/2P1PN2/PP3PPP/RN1QKB1R w KQkq -,MODEL_PREDICTION_NOT_EMPIRICAL
ORD-02,B1,1100,maia3-5m,5,f1d3,Bd3,0.05996062606573105,0.9572344142943621,0.7409905879735464,396,20,584,r1b1kb1r/pp2pppp/1qn2n2/2pp4/3P1B2/2P1PN2/PP3PPP/RN1QKB1R w KQkq -,MODEL_PREDICTION_NOT_EMPIRICAL
ORD-02,B1,1100,maia3-5m,6,d1d2,Qd2,0.027377096936106682,0.9572344142943621,0.7409905879735464,445,21,534,r1b1kb1r/pp2pppp/1qn2n2/2pp4/3P1B2/2P1PN2/PP3PPP/RN1QKB1R w KQkq -,MODEL_PREDICTION_NOT_EMPIRICAL
ORD-02,B1,1100,maia3-5m,7,d1c1,Qc1,0.02663915418088436,0.9572344142943621,0.7409905879735464,447,22,531,r1b1kb1r/pp2pppp/1qn2n2/2pp4/3P1B2/2P1PN2/PP3PPP/RN1QKB1R w KQkq -,MODEL_PREDICTION_NOT_EMPIRICAL
ORD-02,B1,1100,maia3-5m,8,b1a3,Na3,0.026204053312540054,0.9572344142943621,0.7409905879735464,454,20,526,r1b1kb1r/pp2pppp/1qn2n2/2pp4/3P1B2/2P1PN2/PP3PPP/RN1QKB1R w KQkq -,MODEL_PREDICTION_NOT_EMPIRICAL
ORD-02,B1,1100,maia3-5m,9,f3e5,Ne5,0.017141858115792274,0.9572344142943621,0.7409905879735464,395,20,585,r1b1kb1r/pp2pppp/1qn2n2/2pp4/3P1B2/2P1PN2/PP3PPP/RN1QKB1R w KQkq -,MODEL_PREDICTION_NOT_EMPIRICAL
ORD-02,B1,1100,maia3-5m,10,f1e2,Be2,0.014417968690395355,0.9572344142943621,0.7409905879735464,408,20,572,r1b1kb1r/pp2pppp/1qn2n2/2pp4/3P1B2/2P1PN2/PP3PPP/RN1QKB1R w KQkq -,MODEL_PREDICTION_NOT_EMPIRICAL
ORD-02,B1,1300,maia3-5m,1,d1c2,Qc2,0.4773285984992981,0.9751504473388195,0.6638635526206409,455,22,523,r1b1kb1r/pp2pppp/1qn2n2/2pp4/3P1B2/2P1PN2/PP3PPP/RN1QKB1R w KQkq -,MODEL_PREDICTION_NOT_EMPIRICAL
ORD-02,B1,1300,maia3-5m,2,d1b3,Qb3,0.17763540148735046,0.9751504473388195,0.6638635526206409,508,31,461,r1b1kb1r/pp2pppp/1qn2n2/2pp4/3P1B2/2P1PN2/PP3PPP/RN1QKB1R w KQkq -,MODEL_PREDICTION_NOT_EMPIRICAL
ORD-02,B1,1300,maia3-5m,3,b2b3,b3,0.16649214923381805,0.9751504473388195,0.6638635526206409,486,21,493,r1b1kb1r/pp2pppp/1qn2n2/2pp4/3P1B2/2P1PN2/PP3PPP/RN1QKB1R w KQkq -,MODEL_PREDICTION_NOT_EMPIRICAL
ORD-02,B1,1300,maia3-5m,4,b1d2,Nbd2,0.03830886259675026,0.9751504473388195,0.6638635526206409,469,22,509,r1b1kb1r/pp2pppp/1qn2n2/2pp4/3P1B2/2P1PN2/PP3PPP/RN1QKB1R w KQkq -,MODEL_PREDICTION_NOT_EMPIRICAL
ORD-02,B1,1300,maia3-5m,5,d1c1,Qc1,0.033172912895679474,0.9751504473388195,0.6638635526206409,445,23,532,r1b1kb1r/pp2pppp/1qn2n2/2pp4/3P1B2/2P1PN2/PP3PPP/RN1QKB1R w KQkq -,MODEL_PREDICTION_NOT_EMPIRICAL
ORD-02,B1,1300,maia3-5m,6,f1d3,Bd3,0.026796232908964157,0.9751504473388195,0.6638635526206409,414,21,565,r1b1kb1r/pp2pppp/1qn2n2/2pp4/3P1B2/2P1PN2/PP3PPP/RN1QKB1R w KQkq -,MODEL_PREDICTION_NOT_EMPIRICAL
ORD-02,B1,1300,maia3-5m,7,d1d2,Qd2,0.018172472715377808,0.9751504473388195,0.6638635526206409,439,22,539,r1b1kb1r/pp2pppp/1qn2n2/2pp4/3P1B2/2P1PN2/PP3PPP/RN1QKB1R w KQkq -,MODEL_PREDICTION_NOT_EMPIRICAL
ORD-02,B1,1300,maia3-5m,8,b1a3,Na3,0.016064397990703583,0.9751504473388195,0.6638635526206409,460,20,520,r1b1kb1r/pp2pppp/1qn2n2/2pp4/3P1B2/2P1PN2/PP3PPP/RN1QKB1R w KQkq -,MODEL_PREDICTION_NOT_EMPIRICAL
ORD-02,B1,1300,maia3-5m,9,f1e2,Be2,0.012406857684254646,0.9751504473388195,0.6638635526206409,423,21,556,r1b1kb1r/pp2pppp/1qn2n2/2pp4/3P1B2/2P1PN2/PP3PPP/RN1QKB1R w KQkq -,MODEL_PREDICTION_NOT_EMPIRICAL
ORD-02,B1,1300,maia3-5m,10,d4c5,dxc5,0.008772561326622963,0.9751504473388195,0.6638635526206409,341,21,638,r1b1kb1r/pp2pppp/1qn2n2/2pp4/3P1B2/2P1PN2/PP3PPP/RN1QKB1R w KQkq -,MODEL_PREDICTION_NOT_EMPIRICAL
ORD-02,B1,1500,maia3-5m,1,d1c2,Qc2,0.46910977363586426,0.9864207897335291,0.6379864452206573,455,23,522,r1b1kb1r/pp2pppp/1qn2n2/2pp4/3P1B2/2P1PN2/PP3PPP/RN1QKB1R w KQkq -,MODEL_PREDICTION_NOT_EMPIRICAL
ORD-02,B1,1500,maia3-5m,2,d1b3,Qb3,0.22973176836967468,0.9864207897335291,0.6379864452206573,508,34,458,r1b1kb1r/pp2pppp/1qn2n2/2pp4/3P1B2/2P1PN2/PP3PPP/RN1QKB1R w KQkq -,MODEL_PREDICTION_NOT_EMPIRICAL
ORD-02,B1,1500,maia3-5m,3,b2b3,b3,0.15847237408161163,0.9864207897335291,0.6379864452206573,490,23,487,r1b1kb1r/pp2pppp/1qn2n2/2pp4/3P1B2/2P1PN2/PP3PPP/RN1QKB1R w KQkq -,MODEL_PREDICTION_NOT_EMPIRICAL
ORD-02,B1,1500,maia3-5m,4,d1c1,Qc1,0.05207188427448273,0.9864207897335291,0.6379864452206573,447,25,528,r1b1kb1r/pp2pppp/1qn2n2/2pp4/3P1B2/2P1PN2/PP3PPP/RN1QKB1R w KQkq -,MODEL_PREDICTION_NOT_EMPIRICAL
ORD-02,B1,1500,maia3-5m,5,b1d2,Nbd2,0.023622706532478333,0.9864207897335291,0.6379864452206573,477,24,499,r1b1kb1r/pp2pppp/1qn2n2/2pp4/3P1B2/2P1PN2/PP3PPP/RN1QKB1R w KQkq -,MODEL_PREDICTION_NOT_EMPIRICAL
ORD-02,B1,1500,maia3-5m,6,d1d2,Qd2,0.012584342621266842,0.9864207897335291,0.6379864452206573,436,24,540,r1b1kb1r/pp2pppp/1qn2n2/2pp4/3P1B2/2P1PN2/PP3PPP/RN1QKB1R w KQkq -,MODEL_PREDICTION_NOT_EMPIRICAL
ORD-02,B1,1500,maia3-5m,7,f1d3,Bd3,0.01252653356641531,0.9864207897335291,0.6379864452206573,430,22,548,r1b1kb1r/pp2pppp/1qn2n2/2pp4/3P1B2/2P1PN2/PP3PPP/RN1QKB1R w KQkq -,MODEL_PREDICTION_NOT_EMPIRICAL
ORD-02,B1,1500,maia3-5m,8,b1a3,Na3,0.010858358815312386,0.9864207897335291,0.6379864452206573,470,22,508,r1b1kb1r/pp2pppp/1qn2n2/2pp4/3P1B2/2P1PN2/PP3PPP/RN1QKB1R w KQkq -,MODEL_PREDICTION_NOT_EMPIRICAL
ORD-02,B1,1500,maia3-5m,9,f1e2,Be2,0.008857113309204578,0.9864207897335291,0.6379864452206573,437,23,540,r1b1kb1r/pp2pppp/1qn2n2/2pp4/3P1B2/2P1PN2/PP3PPP/RN1QKB1R w KQkq -,MODEL_PREDICTION_NOT_EMPIRICAL
ORD-02,B1,1500,maia3-5m,10,d4c5,dxc5,0.008585934527218342,0.9864207897335291,0.6379864452206573,353,22,625,r1b1kb1r/pp2pppp/1qn2n2/2pp4/3P1B2/2P1PN2/PP3PPP/RN1QKB1R w KQkq -,MODEL_PREDICTION_NOT_EMPIRICAL
ORD-02,B1,1700,maia3-5m,1,d1c2,Qc2,0.3888882100582123,0.991704004816711,0.6505984909573744,457,26,517,r1b1kb1r/pp2pppp/1qn2n2/2pp4/3P1B2/2P1PN2/PP3PPP/RN1QKB1R w KQkq -,MODEL_PREDICTION_NOT_EMPIRICAL
ORD-02,B1,1700,maia3-5m,2,d1b3,Qb3,0.3002442717552185,0.991704004816711,0.6505984909573744,506,37,457,r1b1kb1r/pp2pppp/1qn2n2/2pp4/3P1B2/2P1PN2/PP3PPP/RN1QKB1R w KQkq -,MODEL_PREDICTION_NOT_EMPIRICAL
ORD-02,B1,1700,maia3-5m,3,b2b3,b3,0.15704204142093658,0.991704004816711,0.6505984909573744,494,26,480,r1b1kb1r/pp2pppp/1qn2n2/2pp4/3P1B2/2P1PN2/PP3PPP/RN1QKB1R w KQkq -,MODEL_PREDICTION_NOT_EMPIRICAL
ORD-02,B1,1700,maia3-5m,4,d1c1,Qc1,0.08730293065309525,0.991704004816711,0.6505984909573744,452,27,521,r1b1kb1r/pp2pppp/1qn2n2/2pp4/3P1B2/2P1PN2/PP3PPP/RN1QKB1R w KQkq -,MODEL_PREDICTION_NOT_EMPIRICAL
ORD-02,B1,1700,maia3-5m,5,b1d2,Nbd2,0.017265262082219124,0.991704004816711,0.6505984909573744,489,27,484,r1b1kb1r/pp2pppp/1qn2n2/2pp4/3P1B2/2P1PN2/PP3PPP/RN1QKB1R w KQkq -,MODEL_PREDICTION_NOT_EMPIRICAL
ORD-02,B1,1700,maia3-5m,6,d4c5,dxc5,0.009995302185416222,0.991704004816711,0.6505984909573744,365,23,612,r1b1kb1r/pp2pppp/1qn2n2/2pp4/3P1B2/2P1PN2/PP3PPP/RN1QKB1R w KQkq -,MODEL_PREDICTION_NOT_EMPIRICAL
ORD-02,B1,1700,maia3-5m,7,d1d2,Qd2,0.009401815012097359,0.991704004816711,0.6505984909573744,440,26,534,r1b1kb1r/pp2pppp/1qn2n2/2pp4/3P1B2/2P1PN2/PP3PPP/RN1QKB1R w KQkq -,MODEL_PREDICTION_NOT_EMPIRICAL
ORD-02,B1,1700,maia3-5m,8,b1a3,Na3,0.009292865172028542,0.991704004816711,0.6505984909573744,485,23,492,r1b1kb1r/pp2pppp/1qn2n2/2pp4/3P1B2/2P1PN2/PP3PPP/RN1QKB1R w KQkq -,MODEL_PREDICTION_NOT_EMPIRICAL
ORD-02,B1,1700,maia3-5m,9,f1d3,Bd3,0.0066796257160604,0.991704004816711,0.6505984909573744,448,25,527,r1b1kb1r/pp2pppp/1qn2n2/2pp4/3P1B2/2P1PN2/PP3PPP/RN1QKB1R w KQkq -,MODEL_PREDICTION_NOT_EMPIRICAL
ORD-02,B1,1700,maia3-5m,10,f1e2,Be2,0.005591680761426687,0.991704004816711,0.6505984909573744,454,25,521,r1b1kb1r/pp2pppp/1qn2n2/2pp4/3P1B2/2P1PN2/PP3PPP/RN1QKB1R w KQkq -,MODEL_PREDICTION_NOT_EMPIRICAL
ORD-02,B1,1900,maia3-5m,1,d1b3,Qb3,0.4026336371898651,0.9949996776413172,0.6496557921277044,504,43,453,r1b1kb1r/pp2pppp/1qn2n2/2pp4/3P1B2/2P1PN2/PP3PPP/RN1QKB1R w KQkq -,MODEL_PREDICTION_NOT_EMPIRICAL
ORD-02,B1,1900,maia3-5m,2,d1c2,Qc2,0.26542502641677856,0.9949996776413172,0.6496557921277044,465,30,505,r1b1kb1r/pp2pppp/1qn2n2/2pp4/3P1B2/2P1PN2/PP3PPP/RN1QKB1R w KQkq -,MODEL_PREDICTION_NOT_EMPIRICAL
ORD-02,B1,1900,maia3-5m,3,b2b3,b3,0.15471123158931732,0.9949996776413172,0.6496557921277044,497,30,473,r1b1kb1r/pp2pppp/1qn2n2/2pp4/3P1B2/2P1PN2/PP3PPP/RN1QKB1R w KQkq -,MODEL_PREDICTION_NOT_EMPIRICAL
ORD-02,B1,1900,maia3-5m,4,d1c1,Qc1,0.12241420149803162,0.9949996776413172,0.6496557921277044,461,31,508,r1b1kb1r/pp2pppp/1qn2n2/2pp4/3P1B2/2P1PN2/PP3PPP/RN1QKB1R w KQkq -,MODEL_PREDICTION_NOT_EMPIRICAL
ORD-02,B1,1900,maia3-5m,5,b1d2,Nbd2,0.014873375184834003,0.9949996776413172,0.6496557921277044,503,31,466,r1b1kb1r/pp2pppp/1qn2n2/2pp4/3P1B2/2P1PN2/PP3PPP/RN1QKB1R w KQkq -,MODEL_PREDICTION_NOT_EMPIRICAL
ORD-02,B1,1900,maia3-5m,6,d4c5,dxc5,0.011889931745827198,0.9949996776413172,0.6496557921277044,385,27,588,r1b1kb1r/pp2pppp/1qn2n2/2pp4/3P1B2/2P1PN2/PP3PPP/RN1QKB1R w KQkq -,MODEL_PREDICTION_NOT_EMPIRICAL
ORD-02,B1,1900,maia3-5m,7,b1a3,Na3,0.009891849011182785,0.9949996776413172,0.6496557921277044,498,27,475,r1b1kb1r/pp2pppp/1qn2n2/2pp4/3P1B2/2P1PN2/PP3PPP/RN1QKB1R w KQkq -,MODEL_PREDICTION_NOT_EMPIRICAL
ORD-02,B1,1900,maia3-5m,8,d1d2,Qd2,0.006423086393624544,0.9949996776413172,0.6496557921277044,445,30,525,r1b1kb1r/pp2pppp/1qn2n2/2pp4/3P1B2/2P1PN2/PP3PPP/RN1QKB1R w KQkq -,MODEL_PREDICTION_NOT_EMPIRICAL
ORD-02,B1,1900,maia3-5m,9,f1d3,Bd3,0.003668535500764847,0.9949996776413172,0.6496557921277044,469,29,502,r1b1kb1r/pp2pppp/1qn2n2/2pp4/3P1B2/2P1PN2/PP3PPP/RN1QKB1R w KQkq -,MODEL_PREDICTION_NOT_EMPIRICAL
ORD-02,B1,1900,maia3-5m,10,f1e2,Be2,0.003068803111091256,0.9949996776413172,0.6496557921277044,467,30,503,r1b1kb1r/pp2pppp/1qn2n2/2pp4/3P1B2/2P1PN2/PP3PPP/RN1QKB1R w KQkq -,MODEL_PREDICTION_NOT_EMPIRICAL
ORD-02,B1,2100,maia3-5m,1,d1b3,Qb3,0.5339834690093994,0.9971682692412287,0.5885974040843153,501,52,447,r1b1kb1r/pp2pppp/1qn2n2/2pp4/3P1B2/2P1PN2/PP3PPP/RN1QKB1R w KQkq -,MODEL_PREDICTION_NOT_EMPIRICAL
ORD-02,B1,2100,maia3-5m,2,d1c2,Qc2,0.17114175856113434,0.9971682692412287,0.5885974040843153,467,38,495,r1b1kb1r/pp2pppp/1qn2n2/2pp4/3P1B2/2P1PN2/PP3PPP/RN1QKB1R w KQkq -,MODEL_PREDICTION_NOT_EMPIRICAL
ORD-02,B1,2100,maia3-5m,3,b2b3,b3,0.1280575543642044,0.9971682692412287,0.5885974040843153,494,39,467,r1b1kb1r/pp2pppp/1qn2n2/2pp4/3P1B2/2P1PN2/PP3PPP/RN1QKB1R w KQkq -,MODEL_PREDICTION_NOT_EMPIRICAL
ORD-02,B1,2100,maia3-5m,4,d1c1,Qc1,0.12129287421703339,0.9971682692412287,0.5885974040843153,469,40,491,r1b1kb1r/pp2pppp/1qn2n2/2pp4/3P1B2/2P1PN2/PP3PPP/RN1QKB1R w KQkq -,MODEL_PREDICTION_NOT_EMPIRICAL
ORD-02,B1,2100,maia3-5m,5,b1d2,Nbd2,0.01293188612908125,0.9971682692412287,0.5885974040843153,513,39,448,r1b1kb1r/pp2pppp/1qn2n2/2pp4/3P1B2/2P1PN2/PP3PPP/RN1QKB1R w KQkq -,MODEL_PREDICTION_NOT_EMPIRICAL
ORD-02,B1,2100,maia3-5m,6,b1a3,Na3,0.012139257043600082,0.9971682692412287,0.5885974040843153,510,33,457,r1b1kb1r/pp2pppp/1qn2n2/2pp4/3P1B2/2P1PN2/PP3PPP/RN1QKB1R w KQkq -,MODEL_PREDICTION_NOT_EMPIRICAL
ORD-02,B1,2100,maia3-5m,7,d4c5,dxc5,0.011142860166728497,0.9971682692412287,0.5885974040843153,419,35,546,r1b1kb1r/pp2pppp/1qn2n2/2pp4/3P1B2/2P1PN2/PP3PPP/RN1QKB1R w KQkq -,MODEL_PREDICTION_NOT_EMPIRICAL
ORD-02,B1,2100,maia3-5m,8,d1d2,Qd2,0.0034491654951125383,0.9971682692412287,0.5885974040843153,445,39,516,r1b1kb1r/pp2pppp/1qn2n2/2pp4/3P1B2/2P1PN2/PP3PPP/RN1QKB1R w KQkq -,MODEL_PREDICTION_NOT_EMPIRICAL
ORD-02,B1,2100,maia3-5m,9,f1d3,Bd3,0.0016321663279086351,0.9971682692412287,0.5885974040843153,488,37,475,r1b1kb1r/pp2pppp/1qn2n2/2pp4/3P1B2/2P1PN2/PP3PPP/RN1QKB1R w KQkq -,MODEL_PREDICTION_NOT_EMPIRICAL
ORD-02,B1,2100,maia3-5m,10,a2a3,a3,0.0013972779270261526,0.9971682692412287,0.5885974040843153,483,38,479,r1b1kb1r/pp2pppp/1qn2n2/2pp4/3P1B2/2P1PN2/PP3PPP/RN1QKB1R w KQkq -,MODEL_PREDICTION_NOT_EMPIRICAL
COL-01,B1,1100,maia3-5m,1,d3f5,Bxf5,0.5076030492782593,0.9683684380725026,0.6774752590404279,500,32,468,rn1qkb1r/ppp2ppp/4pn2/3p1b2/3P4/3BPN2/PPP2PPP/RNBQK2R w KQkq -,MODEL_PREDICTION_NOT_EMPIRICAL
COL-01,B1,1100,maia3-5m,2,e1g1,O-O,0.17386001348495483,0.9683684380725026,0.6774752590404279,476,30,494,rn1qkb1r/ppp2ppp/4pn2/3p1b2/3P4/3BPN2/PPP2PPP/RNBQK2R w KQkq -,MODEL_PREDICTION_NOT_EMPIRICAL
COL-01,B1,1100,maia3-5m,3,b1d2,Nbd2,0.07385604828596115,0.9683684380725026,0.6774752590404279,471,33,496,rn1qkb1r/ppp2ppp/4pn2/3p1b2/3P4/3BPN2/PPP2PPP/RNBQK2R w KQkq -,MODEL_PREDICTION_NOT_EMPIRICAL
COL-01,B1,1100,maia3-5m,4,c2c3,c3,0.04920540004968643,0.9683684380725026,0.6774752590404279,472,33,495,rn1qkb1r/ppp2ppp/4pn2/3p1b2/3P4/3BPN2/PPP2PPP/RNBQK2R w KQkq -,MODEL_PREDICTION_NOT_EMPIRICAL
COL-01,B1,1100,maia3-5m,5,b1c3,Nc3,0.04920314997434616,0.9683684380725026,0.6774752590404279,474,32,494,rn1qkb1r/ppp2ppp/4pn2/3p1b2/3P4/3BPN2/PPP2PPP/RNBQK2R w KQkq -,MODEL_PREDICTION_NOT_EMPIRICAL
COL-01,B1,1100,maia3-5m,6,f3e5,Ne5,0.04107855260372162,0.9683684380725026,0.6774752590404279,467,31,502,rn1qkb1r/ppp2ppp/4pn2/3p1b2/3P4/3BPN2/PPP2PPP/RNBQK2R w KQkq -,MODEL_PREDICTION_NOT_EMPIRICAL
COL-01,B1,1100,maia3-5m,7,d1e2,Qe2,0.024472953751683235,0.9683684380725026,0.6774752590404279,477,31,492,rn1qkb1r/ppp2ppp/4pn2/3p1b2/3P4/3BPN2/PPP2PPP/RNBQK2R w KQkq -,MODEL_PREDICTION_NOT_EMPIRICAL
COL-01,B1,1100,maia3-5m,8,c2c4,c4,0.018927976489067078,0.9683684380725026,0.6774752590404279,475,30,495,rn1qkb1r/ppp2ppp/4pn2/3p1b2/3P4/3BPN2/PPP2PPP/RNBQK2R w KQkq -,MODEL_PREDICTION_NOT_EMPIRICAL
COL-01,B1,1100,maia3-5m,9,b2b3,b3,0.01845906488597393,0.9683684380725026,0.6774752590404279,465,30,505,rn1qkb1r/ppp2ppp/4pn2/3p1b2/3P4/3BPN2/PPP2PPP/RNBQK2R w KQkq -,MODEL_PREDICTION_NOT_EMPIRICAL
COL-01,B1,1100,maia3-5m,10,h2h3,h3,0.011702229268848896,0.9683684380725026,0.6774752590404279,474,32,494,rn1qkb1r/ppp2ppp/4pn2/3p1b2/3P4/3BPN2/PPP2PPP/RNBQK2R w KQkq -,MODEL_PREDICTION_NOT_EMPIRICAL
COL-01,B1,1300,maia3-5m,1,d3f5,Bxf5,0.584348201751709,0.9706029072403908,0.607041279264172,509,33,458,rn1qkb1r/ppp2ppp/4pn2/3p1b2/3P4/3BPN2/PPP2PPP/RNBQK2R w KQkq -,MODEL_PREDICTION_NOT_EMPIRICAL
COL-01,B1,1300,maia3-5m,2,e1g1,O-O,0.14817221462726593,0.9706029072403908,0.607041279264172,480,32,488,rn1qkb1r/ppp2ppp/4pn2/3p1b2/3P4/3BPN2/PPP2PPP/RNBQK2R w KQkq -,MODEL_PREDICTION_NOT_EMPIRICAL
COL-01,B1,1300,maia3-5m,3,b1d2,Nbd2,0.06565264612436295,0.9706029072403908,0.607041279264172,477,35,488,rn1qkb1r/ppp2ppp/4pn2/3p1b2/3P4/3BPN2/PPP2PPP/RNBQK2R w KQkq -,MODEL_PREDICTION_NOT_EMPIRICAL
COL-01,B1,1300,maia3-5m,4,c2c3,c3,0.046396736055612564,0.9706029072403908,0.607041279264172,478,34,488,rn1qkb1r/ppp2ppp/4pn2/3p1b2/3P4/3BPN2/PPP2PPP/RNBQK2R w KQkq -,MODEL_PREDICTION_NOT_EMPIRICAL
COL-01,B1,1300,maia3-5m,5,b1c3,Nc3,0.034453485161066055,0.9706029072403908,0.607041279264172,481,34,485,rn1qkb1r/ppp2ppp/4pn2/3p1b2/3P4/3BPN2/PPP2PPP/RNBQK2R w KQkq -,MODEL_PREDICTION_NOT_EMPIRICAL
COL-01,B1,1300,maia3-5m,6,f3e5,Ne5,0.02348506450653076,0.9706029072403908,0.607041279264172,479,32,489,rn1qkb1r/ppp2ppp/4pn2/3p1b2/3P4/3BPN2/PPP2PPP/RNBQK2R w KQkq -,MODEL_PREDICTION_NOT_EMPIRICAL
COL-01,B1,1300,maia3-5m,7,d1e2,Qe2,0.019763097167015076,0.9706029072403908,0.607041279264172,485,32,483,rn1qkb1r/ppp2ppp/4pn2/3p1b2/3P4/3BPN2/PPP2PPP/RNBQK2R w KQkq -,MODEL_PREDICTION_NOT_EMPIRICAL
COL-01,B1,1300,maia3-5m,8,b2b3,b3,0.019018856808543205,0.9706029072403908,0.607041279264172,472,32,496,rn1qkb1r/ppp2ppp/4pn2/3p1b2/3P4/3BPN2/PPP2PPP/RNBQK2R w KQkq -,MODEL_PREDICTION_NOT_EMPIRICAL
COL-01,B1,1300,maia3-5m,9,c2c4,c4,0.018814140930771828,0.9706029072403908,0.607041279264172,488,31,481,rn1qkb1r/ppp2ppp/4pn2/3p1b2/3P4/3BPN2/PPP2PPP/RNBQK2R w KQkq -,MODEL_PREDICTION_NOT_EMPIRICAL
COL-01,B1,1300,maia3-5m,10,f3h4,Nh4,0.010498464107513428,0.9706029072403908,0.607041279264172,450,31,519,rn1qkb1r/ppp2ppp/4pn2/3p1b2/3P4/3BPN2/PPP2PPP/RNBQK2R w KQkq -,MODEL_PREDICTION_NOT_EMPIRICAL
COL-01,B1,1500,maia3-5m,1,d3f5,Bxf5,0.614770233631134,0.9717257786542177,0.5734346200076273,520,35,445,rn1qkb1r/ppp2ppp/4pn2/3p1b2/3P4/3BPN2/PPP2PPP/RNBQK2R w KQkq -,MODEL_PREDICTION_NOT_EMPIRICAL
COL-01,B1,1500,maia3-5m,2,e1g1,O-O,0.1442226767539978,0.9717257786542177,0.5734346200076273,485,35,480,rn1qkb1r/ppp2ppp/4pn2/3p1b2/3P4/3BPN2/PPP2PPP/RNBQK2R w KQkq -,MODEL_PREDICTION_NOT_EMPIRICAL
COL-01,B1,1500,maia3-5m,3,b1d2,Nbd2,0.057528454810380936,0.9717257786542177,0.5734346200076273,482,37,481,rn1qkb1r/ppp2ppp/4pn2/3p1b2/3P4/3BPN2/PPP2PPP/RNBQK2R w KQkq -,MODEL_PREDICTION_NOT_EMPIRICAL
COL-01,B1,1500,maia3-5m,4,c2c3,c3,0.04451792314648628,0.9717257786542177,0.5734346200076273,484,37,479,rn1qkb1r/ppp2ppp/4pn2/3p1b2/3P4/3BPN2/PPP2PPP/RNBQK2R w KQkq -,MODEL_PREDICTION_NOT_EMPIRICAL
COL-01,B1,1500,maia3-5m,5,b1c3,Nc3,0.024698873981833458,0.9717257786542177,0.5734346200076273,488,36,476,rn1qkb1r/ppp2ppp/4pn2/3p1b2/3P4/3BPN2/PPP2PPP/RNBQK2R w KQkq -,MODEL_PREDICTION_NOT_EMPIRICAL
COL-01,B1,1500,maia3-5m,6,b2b3,b3,0.020359642803668976,0.9717257786542177,0.5734346200076273,479,34,487,rn1qkb1r/ppp2ppp/4pn2/3p1b2/3P4/3BPN2/PPP2PPP/RNBQK2R w KQkq -,MODEL_PREDICTION_NOT_EMPIRICAL
COL-01,B1,1500,maia3-5m,7,c2c4,c4,0.02026638761162758,0.9717257786542177,0.5734346200076273,497,33,470,rn1qkb1r/ppp2ppp/4pn2/3p1b2/3P4/3BPN2/PPP2PPP/RNBQK2R w KQkq -,MODEL_PREDICTION_NOT_EMPIRICAL
COL-01,B1,1500,maia3-5m,8,d1e2,Qe2,0.0174570269882679,0.9717257786542177,0.5734346200076273,494,34,472,rn1qkb1r/ppp2ppp/4pn2/3p1b2/3P4/3BPN2/PPP2PPP/RNBQK2R w KQkq -,MODEL_PREDICTION_NOT_EMPIRICAL
COL-01,B1,1500,maia3-5m,9,f3e5,Ne5,0.01622559130191803,0.9717257786542177,0.5734346200076273,485,34,481,rn1qkb1r/ppp2ppp/4pn2/3p1b2/3P4/3BPN2/PPP2PPP/RNBQK2R w KQkq -,MODEL_PREDICTION_NOT_EMPIRICAL
COL-01,B1,1500,maia3-5m,10,f3h4,Nh4,0.011678967624902725,0.9717257786542177,0.5734346200076273,452,32,516,rn1qkb1r/ppp2ppp/4pn2/3p1b2/3P4/3BPN2/PPP2PPP/RNBQK2R w KQkq -,MODEL_PREDICTION_NOT_EMPIRICAL
COL-01,B1,1700,maia3-5m,1,d3f5,Bxf5,0.6041579842567444,0.9719417095184326,0.5720305950547284,524,37,439,rn1qkb1r/ppp2ppp/4pn2/3p1b2/3P4/3BPN2/PPP2PPP/RNBQK2R w KQkq -,MODEL_PREDICTION_NOT_EMPIRICAL
COL-01,B1,1700,maia3-5m,2,e1g1,O-O,0.16710466146469116,0.9719417095184326,0.5720305950547284,487,39,474,rn1qkb1r/ppp2ppp/4pn2/3p1b2/3P4/3BPN2/PPP2PPP/RNBQK2R w KQkq -,MODEL_PREDICTION_NOT_EMPIRICAL
COL-01,B1,1700,maia3-5m,3,b1d2,Nbd2,0.05067867040634155,0.9719417095184326,0.5720305950547284,485,42,473,rn1qkb1r/ppp2ppp/4pn2/3p1b2/3P4/3BPN2/PPP2PPP/RNBQK2R w KQkq -,MODEL_PREDICTION_NOT_EMPIRICAL
COL-01,B1,1700,maia3-5m,4,c2c3,c3,0.043504972010850906,0.9719417095184326,0.5720305950547284,487,41,472,rn1qkb1r/ppp2ppp/4pn2/3p1b2/3P4/3BPN2/PPP2PPP/RNBQK2R w KQkq -,MODEL_PREDICTION_NOT_EMPIRICAL
COL-01,B1,1700,maia3-5m,5,c2c4,c4,0.02372259646654129,0.9719417095184326,0.5720305950547284,502,37,461,rn1qkb1r/ppp2ppp/4pn2/3p1b2/3P4/3BPN2/PPP2PPP/RNBQK2R w KQkq -,MODEL_PREDICTION_NOT_EMPIRICAL
COL-01,B1,1700,maia3-5m,6,b2b3,b3,0.0229345615953207,0.9719417095184326,0.5720305950547284,484,38,478,rn1qkb1r/ppp2ppp/4pn2/3p1b2/3P4/3BPN2/PPP2PPP/RNBQK2R w KQkq -,MODEL_PREDICTION_NOT_EMPIRICAL
COL-01,B1,1700,maia3-5m,7,b1c3,Nc3,0.01701824739575386,0.9719417095184326,0.5720305950547284,494,40,466,rn1qkb1r/ppp2ppp/4pn2/3p1b2/3P4/3BPN2/PPP2PPP/RNBQK2R w KQkq -,MODEL_PREDICTION_NOT_EMPIRICAL
COL-01,B1,1700,maia3-5m,8,d1e2,Qe2,0.01628604158759117,0.9719417095184326,0.5720305950547284,500,39,461,rn1qkb1r/ppp2ppp/4pn2/3p1b2/3P4/3BPN2/PPP2PPP/RNBQK2R w KQkq -,MODEL_PREDICTION_NOT_EMPIRICAL
COL-01,B1,1700,maia3-5m,9,f3e5,Ne5,0.014882559888064861,0.9719417095184326,0.5720305950547284,489,38,473,rn1qkb1r/ppp2ppp/4pn2/3p1b2/3P4/3BPN2/PPP2PPP/RNBQK2R w KQkq -,MODEL_PREDICTION_NOT_EMPIRICAL
COL-01,B1,1700,maia3-5m,10,f3h4,Nh4,0.011651414446532726,0.9719417095184326,0.5720305950547284,456,35,509,rn1qkb1r/ppp2ppp/4pn2/3p1b2/3P4/3BPN2/PPP2PPP/RNBQK2R w KQkq -,MODEL_PREDICTION_NOT_EMPIRICAL
COL-01,B1,1900,maia3-5m,1,d3f5,Bxf5,0.5483195185661316,0.9757489794865251,0.6006382382600942,516,41,443,rn1qkb1r/ppp2ppp/4pn2/3p1b2/3P4/3BPN2/PPP2PPP/RNBQK2R w KQkq -,MODEL_PREDICTION_NOT_EMPIRICAL
COL-01,B1,1900,maia3-5m,2,e1g1,O-O,0.22568710148334503,0.9757489794865251,0.6006382382600942,493,45,462,rn1qkb1r/ppp2ppp/4pn2/3p1b2/3P4/3BPN2/PPP2PPP/RNBQK2R w KQkq -,MODEL_PREDICTION_NOT_EMPIRICAL
COL-01,B1,1900,maia3-5m,3,b1d2,Nbd2,0.04558463394641876,0.9757489794865251,0.6006382382600942,490,47,463,rn1qkb1r/ppp2ppp/4pn2/3p1b2/3P4/3BPN2/PPP2PPP/RNBQK2R w KQkq -,MODEL_PREDICTION_NOT_EMPIRICAL
COL-01,B1,1900,maia3-5m,4,c2c3,c3,0.040505167096853256,0.9757489794865251,0.6006382382600942,485,47,468,rn1qkb1r/ppp2ppp/4pn2/3p1b2/3P4/3BPN2/PPP2PPP/RNBQK2R w KQkq -,MODEL_PREDICTION_NOT_EMPIRICAL
COL-01,B1,1900,maia3-5m,5,c2c4,c4,0.031449511647224426,0.9757489794865251,0.6006382382600942,502,43,455,rn1qkb1r/ppp2ppp/4pn2/3p1b2/3P4/3BPN2/PPP2PPP/RNBQK2R w KQkq -,MODEL_PREDICTION_NOT_EMPIRICAL
COL-01,B1,1900,maia3-5m,6,b2b3,b3,0.02798815630376339,0.9757489794865251,0.6006382382600942,485,44,471,rn1qkb1r/ppp2ppp/4pn2/3p1b2/3P4/3BPN2/PPP2PPP/RNBQK2R w KQkq -,MODEL_PREDICTION_NOT_EMPIRICAL
COL-01,B1,1900,maia3-5m,7,f3e5,Ne5,0.018679514527320862,0.9757489794865251,0.6006382382600942,488,43,469,rn1qkb1r/ppp2ppp/4pn2/3p1b2/3P4/3BPN2/PPP2PPP/RNBQK2R w KQkq -,MODEL_PREDICTION_NOT_EMPIRICAL
COL-01,B1,1900,maia3-5m,8,d1e2,Qe2,0.016047373414039612,0.9757489794865251,0.6006382382600942,501,45,454,rn1qkb1r/ppp2ppp/4pn2/3p1b2/3P4/3BPN2/PPP2PPP/RNBQK2R w KQkq -,MODEL_PREDICTION_NOT_EMPIRICAL
COL-01,B1,1900,maia3-5m,9,h2h3,h3,0.011258523911237717,0.9757489794865251,0.6006382382600942,484,46,470,rn1qkb1r/ppp2ppp/4pn2/3p1b2/3P4/3BPN2/PPP2PPP/RNBQK2R w KQkq -,MODEL_PREDICTION_NOT_EMPIRICAL
COL-01,B1,1900,maia3-5m,10,f3h4,Nh4,0.01022947859019041,0.9757489794865251,0.6006382382600942,465,39,496,rn1qkb1r/ppp2ppp/4pn2/3p1b2/3P4/3BPN2/PPP2PPP/RNBQK2R w KQkq -,MODEL_PREDICTION_NOT_EMPIRICAL
COL-01,B1,2100,maia3-5m,1,d3f5,Bxf5,0.4483058750629425,0.9863399984315038,0.6382322555459811,491,50,459,rn1qkb1r/ppp2ppp/4pn2/3p1b2/3P4/3BPN2/PPP2PPP/RNBQK2R w KQkq -,MODEL_PREDICTION_NOT_EMPIRICAL
COL-01,B1,2100,maia3-5m,2,e1g1,O-O,0.32372650504112244,0.9863399984315038,0.6382322555459811,494,55,451,rn1qkb1r/ppp2ppp/4pn2/3p1b2/3P4/3BPN2/PPP2PPP/RNBQK2R w KQkq -,MODEL_PREDICTION_NOT_EMPIRICAL
COL-01,B1,2100,maia3-5m,3,c2c4,c4,0.04920632392168045,0.9863399984315038,0.6382322555459811,492,52,456,rn1qkb1r/ppp2ppp/4pn2/3p1b2/3P4/3BPN2/PPP2PPP/RNBQK2R w KQkq -,MODEL_PREDICTION_NOT_EMPIRICAL
COL-01,B1,2100,maia3-5m,4,b1d2,Nbd2,0.04042355343699455,0.9863399984315038,0.6382322555459811,491,56,453,rn1qkb1r/ppp2ppp/4pn2/3p1b2/3P4/3BPN2/PPP2PPP/RNBQK2R w KQkq -,MODEL_PREDICTION_NOT_EMPIRICAL
COL-01,B1,2100,maia3-5m,5,b2b3,b3,0.03326882794499397,0.9863399984315038,0.6382322555459811,477,52,471,rn1qkb1r/ppp2ppp/4pn2/3p1b2/3P4/3BPN2/PPP2PPP/RNBQK2R w KQkq -,MODEL_PREDICTION_NOT_EMPIRICAL
COL-01,B1,2100,maia3-5m,6,f3e5,Ne5,0.029120825231075287,0.9863399984315038,0.6382322555459811,489,52,459,rn1qkb1r/ppp2ppp/4pn2/3p1b2/3P4/3BPN2/PPP2PPP/RNBQK2R w KQkq -,MODEL_PREDICTION_NOT_EMPIRICAL
COL-01,B1,2100,maia3-5m,7,c2c3,c3,0.028680123388767242,0.9863399984315038,0.6382322555459811,476,55,469,rn1qkb1r/ppp2ppp/4pn2/3p1b2/3P4/3BPN2/PPP2PPP/RNBQK2R w KQkq -,MODEL_PREDICTION_NOT_EMPIRICAL
COL-01,B1,2100,maia3-5m,8,d1e2,Qe2,0.016962911933660507,0.9863399984315038,0.6382322555459811,500,54,446,rn1qkb1r/ppp2ppp/4pn2/3p1b2/3P4/3BPN2/PPP2PPP/RNBQK2R w KQkq -,MODEL_PREDICTION_NOT_EMPIRICAL
COL-01,B1,2100,maia3-5m,9,h2h3,h3,0.008587912656366825,0.9863399984315038,0.6382322555459811,475,54,471,rn1qkb1r/ppp2ppp/4pn2/3p1b2/3P4/3BPN2/PPP2PPP/RNBQK2R w KQkq -,MODEL_PREDICTION_NOT_EMPIRICAL
COL-01,B1,2100,maia3-5m,10,f3h4,Nh4,0.008057139813899994,0.9863399984315038,0.6382322555459811,477,48,475,rn1qkb1r/ppp2ppp/4pn2/3p1b2/3P4/3BPN2/PPP2PPP/RNBQK2R w KQkq -,MODEL_PREDICTION_NOT_EMPIRICAL
COL-10,B1,1100,maia3-5m,1,f1b5,Bb5,0.21941088140010834,0.9483855776488781,0.8878529309355411,492,23,485,r1bqkb1r/pp3ppp/2n1pn2/2pp4/3P4/1P2PN2/PBP2PPP/RN1QKB1R w KQkq -,MODEL_PREDICTION_NOT_EMPIRICAL
COL-10,B1,1100,maia3-5m,2,b1d2,Nbd2,0.17503607273101807,0.9483855776488781,0.8878529309355411,510,26,464,r1bqkb1r/pp3ppp/2n1pn2/2pp4/3P4/1P2PN2/PBP2PPP/RN1QKB1R w KQkq -,MODEL_PREDICTION_NOT_EMPIRICAL
COL-10,B1,1100,maia3-5m,3,c2c4,c4,0.13330475986003876,0.9483855776488781,0.8878529309355411,507,25,468,r1bqkb1r/pp3ppp/2n1pn2/2pp4/3P4/1P2PN2/PBP2PPP/RN1QKB1R w KQkq -,MODEL_PREDICTION_NOT_EMPIRICAL
COL-10,B1,1100,maia3-5m,4,f1d3,Bd3,0.10452080518007278,0.9483855776488781,0.8878529309355411,509,24,467,r1bqkb1r/pp3ppp/2n1pn2/2pp4/3P4/1P2PN2/PBP2PPP/RN1QKB1R w KQkq -,MODEL_PREDICTION_NOT_EMPIRICAL
COL-10,B1,1100,maia3-5m,5,d4c5,dxc5,0.0993160679936409,0.9483855776488781,0.8878529309355411,476,26,498,r1bqkb1r/pp3ppp/2n1pn2/2pp4/3P4/1P2PN2/PBP2PPP/RN1QKB1R w KQkq -,MODEL_PREDICTION_NOT_EMPIRICAL
COL-10,B1,1100,maia3-5m,6,f1e2,Be2,0.05736112222075462,0.9483855776488781,0.8878529309355411,513,26,461,r1bqkb1r/pp3ppp/2n1pn2/2pp4/3P4/1P2PN2/PBP2PPP/RN1QKB1R w KQkq -,MODEL_PREDICTION_NOT_EMPIRICAL
COL-10,B1,1100,maia3-5m,7,b1c3,Nc3,0.053403355181217194,0.9483855776488781,0.8878529309355411,514,26,460,r1bqkb1r/pp3ppp/2n1pn2/2pp4/3P4/1P2PN2/PBP2PPP/RN1QKB1R w KQkq -,MODEL_PREDICTION_NOT_EMPIRICAL
COL-10,B1,1100,maia3-5m,8,a2a3,a3,0.04437777027487755,0.9483855776488781,0.8878529309355411,523,25,452,r1bqkb1r/pp3ppp/2n1pn2/2pp4/3P4/1P2PN2/PBP2PPP/RN1QKB1R w KQkq -,MODEL_PREDICTION_NOT_EMPIRICAL
COL-10,B1,1100,maia3-5m,9,c2c3,c3,0.03550482168793678,0.9483855776488781,0.8878529309355411,520,26,454,r1bqkb1r/pp3ppp/2n1pn2/2pp4/3P4/1P2PN2/PBP2PPP/RN1QKB1R w KQkq -,MODEL_PREDICTION_NOT_EMPIRICAL
COL-10,B1,1100,maia3-5m,10,g2g3,g3,0.026149921119213104,0.9483855776488781,0.8878529309355411,512,25,463,r1bqkb1r/pp3ppp/2n1pn2/2pp4/3P4/1P2PN2/PBP2PPP/RN1QKB1R w KQkq -,MODEL_PREDICTION_NOT_EMPIRICAL
COL-10,B1,1300,maia3-5m,1,f1b5,Bb5,0.21444253623485565,0.9685597661882639,0.882917793320422,491,24,485,r1bqkb1r/pp3ppp/2n1pn2/2pp4/3P4/1P2PN2/PBP2PPP/RN1QKB1R w KQkq -,MODEL_PREDICTION_NOT_EMPIRICAL
COL-10,B1,1300,maia3-5m,2,b1d2,Nbd2,0.20876100659370422,0.9685597661882639,0.882917793320422,510,28,462,r1bqkb1r/pp3ppp/2n1pn2/2pp4/3P4/1P2PN2/PBP2PPP/RN1QKB1R w KQkq -,MODEL_PREDICTION_NOT_EMPIRICAL
COL-10,B1,1300,maia3-5m,3,c2c4,c4,0.14167867600917816,0.9685597661882639,0.882917793320422,501,27,472,r1bqkb1r/pp3ppp/2n1pn2/2pp4/3P4/1P2PN2/PBP2PPP/RN1QKB1R w KQkq -,MODEL_PREDICTION_NOT_EMPIRICAL
COL-10,B1,1300,maia3-5m,4,f1d3,Bd3,0.10187365114688873,0.9685597661882639,0.882917793320422,507,25,468,r1bqkb1r/pp3ppp/2n1pn2/2pp4/3P4/1P2PN2/PBP2PPP/RN1QKB1R w KQkq -,MODEL_PREDICTION_NOT_EMPIRICAL
COL-10,B1,1300,maia3-5m,5,d4c5,dxc5,0.08883002400398254,0.9685597661882639,0.882917793320422,482,28,490,r1bqkb1r/pp3ppp/2n1pn2/2pp4/3P4/1P2PN2/PBP2PPP/RN1QKB1R w KQkq -,MODEL_PREDICTION_NOT_EMPIRICAL
COL-10,B1,1300,maia3-5m,6,f1e2,Be2,0.07445874810218811,0.9685597661882639,0.882917793320422,512,27,461,r1bqkb1r/pp3ppp/2n1pn2/2pp4/3P4/1P2PN2/PBP2PPP/RN1QKB1R w KQkq -,MODEL_PREDICTION_NOT_EMPIRICAL
COL-10,B1,1300,maia3-5m,7,a2a3,a3,0.05249449983239174,0.9685597661882639,0.882917793320422,517,27,456,r1bqkb1r/pp3ppp/2n1pn2/2pp4/3P4/1P2PN2/PBP2PPP/RN1QKB1R w KQkq -,MODEL_PREDICTION_NOT_EMPIRICAL
COL-10,B1,1300,maia3-5m,8,c2c3,c3,0.03499249368906021,0.9685597661882639,0.882917793320422,513,28,459,r1bqkb1r/pp3ppp/2n1pn2/2pp4/3P4/1P2PN2/PBP2PPP/RN1QKB1R w KQkq -,MODEL_PREDICTION_NOT_EMPIRICAL
COL-10,B1,1300,maia3-5m,9,b1c3,Nc3,0.03158716857433319,0.9685597661882639,0.882917793320422,511,27,462,r1bqkb1r/pp3ppp/2n1pn2/2pp4/3P4/1P2PN2/PBP2PPP/RN1QKB1R w KQkq -,MODEL_PREDICTION_NOT_EMPIRICAL
COL-10,B1,1300,maia3-5m,10,g2g3,g3,0.019440962001681328,0.9685597661882639,0.882917793320422,512,26,462,r1bqkb1r/pp3ppp/2n1pn2/2pp4/3P4/1P2PN2/PBP2PPP/RN1QKB1R w KQkq -,MODEL_PREDICTION_NOT_EMPIRICAL
COL-10,B1,1500,maia3-5m,1,b1d2,Nbd2,0.2485230714082718,0.9796358412131667,0.875905978383748,512,30,458,r1bqkb1r/pp3ppp/2n1pn2/2pp4/3P4/1P2PN2/PBP2PPP/RN1QKB1R w KQkq -,MODEL_PREDICTION_NOT_EMPIRICAL
COL-10,B1,1500,maia3-5m,2,f1b5,Bb5,0.1810067594051361,0.9796358412131667,0.875905978383748,490,27,483,r1bqkb1r/pp3ppp/2n1pn2/2pp4/3P4/1P2PN2/PBP2PPP/RN1QKB1R w KQkq -,MODEL_PREDICTION_NOT_EMPIRICAL
COL-10,B1,1500,maia3-5m,3,c2c4,c4,0.13847598433494568,0.9796358412131667,0.875905978383748,498,29,473,r1bqkb1r/pp3ppp/2n1pn2/2pp4/3P4/1P2PN2/PBP2PPP/RN1QKB1R w KQkq -,MODEL_PREDICTION_NOT_EMPIRICAL
COL-10,B1,1500,maia3-5m,4,f1d3,Bd3,0.10827472805976868,0.9796358412131667,0.875905978383748,509,27,464,r1bqkb1r/pp3ppp/2n1pn2/2pp4/3P4/1P2PN2/PBP2PPP/RN1QKB1R w KQkq -,MODEL_PREDICTION_NOT_EMPIRICAL
COL-10,B1,1500,maia3-5m,5,f1e2,Be2,0.09060472249984741,0.9796358412131667,0.875905978383748,513,29,458,r1bqkb1r/pp3ppp/2n1pn2/2pp4/3P4/1P2PN2/PBP2PPP/RN1QKB1R w KQkq -,MODEL_PREDICTION_NOT_EMPIRICAL
COL-10,B1,1500,maia3-5m,6,d4c5,dxc5,0.08375763893127441,0.9796358412131667,0.875905978383748,484,31,485,r1bqkb1r/pp3ppp/2n1pn2/2pp4/3P4/1P2PN2/PBP2PPP/RN1QKB1R w KQkq -,MODEL_PREDICTION_NOT_EMPIRICAL
COL-10,B1,1500,maia3-5m,7,a2a3,a3,0.06288299709558487,0.9796358412131667,0.875905978383748,512,29,459,r1bqkb1r/pp3ppp/2n1pn2/2pp4/3P4/1P2PN2/PBP2PPP/RN1QKB1R w KQkq -,MODEL_PREDICTION_NOT_EMPIRICAL
COL-10,B1,1500,maia3-5m,8,c2c3,c3,0.03356024995446205,0.9796358412131667,0.875905978383748,507,30,463,r1bqkb1r/pp3ppp/2n1pn2/2pp4/3P4/1P2PN2/PBP2PPP/RN1QKB1R w KQkq -,MODEL_PREDICTION_NOT_EMPIRICAL
COL-10,B1,1500,maia3-5m,9,b1c3,Nc3,0.018099216744303703,0.9796358412131667,0.875905978383748,510,30,460,r1bqkb1r/pp3ppp/2n1pn2/2pp4/3P4/1P2PN2/PBP2PPP/RN1QKB1R w KQkq -,MODEL_PREDICTION_NOT_EMPIRICAL
COL-10,B1,1500,maia3-5m,10,g2g3,g3,0.01445047277957201,0.9796358412131667,0.875905978383748,515,28,457,r1bqkb1r/pp3ppp/2n1pn2/2pp4/3P4/1P2PN2/PBP2PPP/RN1QKB1R w KQkq -,MODEL_PREDICTION_NOT_EMPIRICAL
COL-10,B1,1700,maia3-5m,1,b1d2,Nbd2,0.29867318272590637,0.9852927830070257,0.8575935275524227,511,34,455,r1bqkb1r/pp3ppp/2n1pn2/2pp4/3P4/1P2PN2/PBP2PPP/RN1QKB1R w KQkq -,MODEL_PREDICTION_NOT_EMPIRICAL
COL-10,B1,1700,maia3-5m,2,f1b5,Bb5,0.13657677173614502,0.9852927830070257,0.8575935275524227,488,30,482,r1bqkb1r/pp3ppp/2n1pn2/2pp4/3P4/1P2PN2/PBP2PPP/RN1QKB1R w KQkq -,MODEL_PREDICTION_NOT_EMPIRICAL
COL-10,B1,1700,maia3-5m,3,f1d3,Bd3,0.1265709102153778,0.9852927830070257,0.8575935275524227,505,31,464,r1bqkb1r/pp3ppp/2n1pn2/2pp4/3P4/1P2PN2/PBP2PPP/RN1QKB1R w KQkq -,MODEL_PREDICTION_NOT_EMPIRICAL
COL-10,B1,1700,maia3-5m,4,c2c4,c4,0.1132747232913971,0.9852927830070257,0.8575935275524227,494,34,472,r1bqkb1r/pp3ppp/2n1pn2/2pp4/3P4/1P2PN2/PBP2PPP/RN1QKB1R w KQkq -,MODEL_PREDICTION_NOT_EMPIRICAL
COL-10,B1,1700,maia3-5m,5,f1e2,Be2,0.10406872630119324,0.9852927830070257,0.8575935275524227,509,33,458,r1bqkb1r/pp3ppp/2n1pn2/2pp4/3P4/1P2PN2/PBP2PPP/RN1QKB1R w KQkq -,MODEL_PREDICTION_NOT_EMPIRICAL
COL-10,B1,1700,maia3-5m,6,a2a3,a3,0.08004133403301239,0.9852927830070257,0.8575935275524227,507,33,460,r1bqkb1r/pp3ppp/2n1pn2/2pp4/3P4/1P2PN2/PBP2PPP/RN1QKB1R w KQkq -,MODEL_PREDICTION_NOT_EMPIRICAL
COL-10,B1,1700,maia3-5m,7,d4c5,dxc5,0.07528902590274811,0.9852927830070257,0.8575935275524227,487,35,478,r1bqkb1r/pp3ppp/2n1pn2/2pp4/3P4/1P2PN2/PBP2PPP/RN1QKB1R w KQkq -,MODEL_PREDICTION_NOT_EMPIRICAL
COL-10,B1,1700,maia3-5m,8,c2c3,c3,0.02893822453916073,0.9852927830070257,0.8575935275524227,502,34,464,r1bqkb1r/pp3ppp/2n1pn2/2pp4/3P4/1P2PN2/PBP2PPP/RN1QKB1R w KQkq -,MODEL_PREDICTION_NOT_EMPIRICAL
COL-10,B1,1700,maia3-5m,9,g2g3,g3,0.011523659341037273,0.9852927830070257,0.8575935275524227,514,32,454,r1bqkb1r/pp3ppp/2n1pn2/2pp4/3P4/1P2PN2/PBP2PPP/RN1QKB1R w KQkq -,MODEL_PREDICTION_NOT_EMPIRICAL
COL-10,B1,1700,maia3-5m,10,b1c3,Nc3,0.010336224921047688,0.9852927830070257,0.8575935275524227,507,34,459,r1bqkb1r/pp3ppp/2n1pn2/2pp4/3P4/1P2PN2/PBP2PPP/RN1QKB1R w KQkq -,MODEL_PREDICTION_NOT_EMPIRICAL
COL-10,B1,1900,maia3-5m,1,b1d2,Nbd2,0.35750970244407654,0.9888258278369904,0.8095497305887751,513,41,446,r1bqkb1r/pp3ppp/2n1pn2/2pp4/3P4/1P2PN2/PBP2PPP/RN1QKB1R w KQkq -,MODEL_PREDICTION_NOT_EMPIRICAL
COL-10,B1,1900,maia3-5m,2,f1d3,Bd3,0.1543980985879898,0.9888258278369904,0.8095497305887751,505,38,457,r1bqkb1r/pp3ppp/2n1pn2/2pp4/3P4/1P2PN2/PBP2PPP/RN1QKB1R w KQkq -,MODEL_PREDICTION_NOT_EMPIRICAL
COL-10,B1,1900,maia3-5m,3,a2a3,a3,0.11226370930671692,0.9888258278369904,0.8095497305887751,504,40,456,r1bqkb1r/pp3ppp/2n1pn2/2pp4/3P4/1P2PN2/PBP2PPP/RN1QKB1R w KQkq -,MODEL_PREDICTION_NOT_EMPIRICAL
COL-10,B1,1900,maia3-5m,4,f1e2,Be2,0.11179319024085999,0.9888258278369904,0.8095497305887751,507,40,453,r1bqkb1r/pp3ppp/2n1pn2/2pp4/3P4/1P2PN2/PBP2PPP/RN1QKB1R w KQkq -,MODEL_PREDICTION_NOT_EMPIRICAL
COL-10,B1,1900,maia3-5m,5,f1b5,Bb5,0.09303474426269531,0.9888258278369904,0.8095497305887751,487,35,478,r1bqkb1r/pp3ppp/2n1pn2/2pp4/3P4/1P2PN2/PBP2PPP/RN1QKB1R w KQkq -,MODEL_PREDICTION_NOT_EMPIRICAL
COL-10,B1,1900,maia3-5m,6,c2c4,c4,0.07136514782905579,0.9888258278369904,0.8095497305887751,498,40,462,r1bqkb1r/pp3ppp/2n1pn2/2pp4/3P4/1P2PN2/PBP2PPP/RN1QKB1R w KQkq -,MODEL_PREDICTION_NOT_EMPIRICAL
COL-10,B1,1900,maia3-5m,7,d4c5,dxc5,0.052992310374975204,0.9888258278369904,0.8095497305887751,485,42,473,r1bqkb1r/pp3ppp/2n1pn2/2pp4/3P4/1P2PN2/PBP2PPP/RN1QKB1R w KQkq -,MODEL_PREDICTION_NOT_EMPIRICAL
COL-10,B1,1900,maia3-5m,8,c2c3,c3,0.020609021186828613,0.9888258278369904,0.8095497305887751,499,41,460,r1bqkb1r/pp3ppp/2n1pn2/2pp4/3P4/1P2PN2/PBP2PPP/RN1QKB1R w KQkq -,MODEL_PREDICTION_NOT_EMPIRICAL
COL-10,B1,1900,maia3-5m,9,g2g3,g3,0.00923848431557417,0.9888258278369904,0.8095497305887751,513,38,449,r1bqkb1r/pp3ppp/2n1pn2/2pp4/3P4/1P2PN2/PBP2PPP/RN1QKB1R w KQkq -,MODEL_PREDICTION_NOT_EMPIRICAL
COL-10,B1,1900,maia3-5m,10,b1c3,Nc3,0.005621419288218021,0.9888258278369904,0.8095497305887751,503,40,457,r1bqkb1r/pp3ppp/2n1pn2/2pp4/3P4/1P2PN2/PBP2PPP/RN1QKB1R w KQkq -,MODEL_PREDICTION_NOT_EMPIRICAL
COL-10,B1,2100,maia3-5m,1,b1d2,Nbd2,0.40848296880722046,0.994597143959254,0.7335819598779785,513,51,436,r1bqkb1r/pp3ppp/2n1pn2/2pp4/3P4/1P2PN2/PBP2PPP/RN1QKB1R w KQkq -,MODEL_PREDICTION_NOT_EMPIRICAL
COL-10,B1,2100,maia3-5m,2,f1d3,Bd3,0.19185641407966614,0.994597143959254,0.7335819598779785,503,49,448,r1bqkb1r/pp3ppp/2n1pn2/2pp4/3P4/1P2PN2/PBP2PPP/RN1QKB1R w KQkq -,MODEL_PREDICTION_NOT_EMPIRICAL
COL-10,B1,2100,maia3-5m,3,a2a3,a3,0.14799466729164124,0.994597143959254,0.7335819598779785,500,50,450,r1bqkb1r/pp3ppp/2n1pn2/2pp4/3P4/1P2PN2/PBP2PPP/RN1QKB1R w KQkq -,MODEL_PREDICTION_NOT_EMPIRICAL
COL-10,B1,2100,maia3-5m,4,f1e2,Be2,0.1022888720035553,0.994597143959254,0.7335819598779785,504,51,445,r1bqkb1r/pp3ppp/2n1pn2/2pp4/3P4/1P2PN2/PBP2PPP/RN1QKB1R w KQkq -,MODEL_PREDICTION_NOT_EMPIRICAL
COL-10,B1,2100,maia3-5m,5,f1b5,Bb5,0.05819758027791977,0.994597143959254,0.7335819598779785,484,46,470,r1bqkb1r/pp3ppp/2n1pn2/2pp4/3P4/1P2PN2/PBP2PPP/RN1QKB1R w KQkq -,MODEL_PREDICTION_NOT_EMPIRICAL
COL-10,B1,2100,maia3-5m,6,c2c4,c4,0.03602826967835426,0.994597143959254,0.7335819598779785,496,53,451,r1bqkb1r/pp3ppp/2n1pn2/2pp4/3P4/1P2PN2/PBP2PPP/RN1QKB1R w KQkq -,MODEL_PREDICTION_NOT_EMPIRICAL
COL-10,B1,2100,maia3-5m,7,d4c5,dxc5,0.028097564354538918,0.994597143959254,0.7335819598779785,477,52,471,r1bqkb1r/pp3ppp/2n1pn2/2pp4/3P4/1P2PN2/PBP2PPP/RN1QKB1R w KQkq -,MODEL_PREDICTION_NOT_EMPIRICAL
COL-10,B1,2100,maia3-5m,8,c2c3,c3,0.011237594299018383,0.994597143959254,0.7335819598779785,495,51,454,r1bqkb1r/pp3ppp/2n1pn2/2pp4/3P4/1P2PN2/PBP2PPP/RN1QKB1R w KQkq -,MODEL_PREDICTION_NOT_EMPIRICAL
COL-10,B1,2100,maia3-5m,9,g2g3,g3,0.005969368387013674,0.994597143959254,0.7335819598779785,507,48,445,r1bqkb1r/pp3ppp/2n1pn2/2pp4/3P4/1P2PN2/PBP2PPP/RN1QKB1R w KQkq -,MODEL_PREDICTION_NOT_EMPIRICAL
COL-10,B1,2100,maia3-5m,10,f3e5,Ne5,0.00444384478032589,0.994597143959254,0.7335819598779785,514,49,437,r1bqkb1r/pp3ppp/2n1pn2/2pp4/3P4/1P2PN2/PBP2PPP/RN1QKB1R w KQkq -,MODEL_PREDICTION_NOT_EMPIRICAL
VER-01,B1,1100,maia3-5m,1,f1b5,Bb5+,0.3718549907207489,0.9207091806456447,0.7031474885967809,474,23,503,rnbqkb1r/pp3ppp/4pn2/2pp2B1/3P4/2N1P3/PPP2PPP/R2QKBNR w KQkq -,MODEL_PREDICTION_NOT_EMPIRICAL
VER-01,B1,1100,maia3-5m,2,g1f3,Nf3,0.247486874461174,0.9207091806456447,0.7031474885967809,492,24,484,rnbqkb1r/pp3ppp/4pn2/2pp2B1/3P4/2N1P3/PPP2PPP/R2QKBNR w KQkq -,MODEL_PREDICTION_NOT_EMPIRICAL
VER-01,B1,1100,maia3-5m,3,d4c5,dxc5,0.09290162473917007,0.9207091806456447,0.7031474885967809,469,25,506,rnbqkb1r/pp3ppp/4pn2/2pp2B1/3P4/2N1P3/PPP2PPP/R2QKBNR w KQkq -,MODEL_PREDICTION_NOT_EMPIRICAL
VER-01,B1,1100,maia3-5m,4,g5f6,Bxf6,0.07772472500801086,0.9207091806456447,0.7031474885967809,456,27,517,rnbqkb1r/pp3ppp/4pn2/2pp2B1/3P4/2N1P3/PPP2PPP/R2QKBNR w KQkq -,MODEL_PREDICTION_NOT_EMPIRICAL
VER-01,B1,1100,maia3-5m,5,f1d3,Bd3,0.04095945879817009,0.9207091806456447,0.7031474885967809,484,22,494,rnbqkb1r/pp3ppp/4pn2/2pp2B1/3P4/2N1P3/PPP2PPP/R2QKBNR w KQkq -,MODEL_PREDICTION_NOT_EMPIRICAL
VER-01,B1,1100,maia3-5m,6,d1f3,Qf3,0.031377583742141724,0.9207091806456447,0.7031474885967809,493,23,484,rnbqkb1r/pp3ppp/4pn2/2pp2B1/3P4/2N1P3/PPP2PPP/R2QKBNR w KQkq -,MODEL_PREDICTION_NOT_EMPIRICAL
VER-01,B1,1100,maia3-5m,7,a2a3,a3,0.015520473942160606,0.9207091806456447,0.7031474885967809,484,24,492,rnbqkb1r/pp3ppp/4pn2/2pp2B1/3P4/2N1P3/PPP2PPP/R2QKBNR w KQkq -,MODEL_PREDICTION_NOT_EMPIRICAL
VER-01,B1,1100,maia3-5m,8,g1e2,Nge2,0.014616278000175953,0.9207091806456447,0.7031474885967809,487,24,489,rnbqkb1r/pp3ppp/4pn2/2pp2B1/3P4/2N1P3/PPP2PPP/R2QKBNR w KQkq -,MODEL_PREDICTION_NOT_EMPIRICAL
VER-01,B1,1100,maia3-5m,9,f2f4,f4,0.014256846159696579,0.9207091806456447,0.7031474885967809,485,23,492,rnbqkb1r/pp3ppp/4pn2/2pp2B1/3P4/2N1P3/PPP2PPP/R2QKBNR w KQkq -,MODEL_PREDICTION_NOT_EMPIRICAL
VER-01,B1,1100,maia3-5m,10,e3e4,e4,0.014010325074195862,0.9207091806456447,0.7031474885967809,484,22,494,rnbqkb1r/pp3ppp/4pn2/2pp2B1/3P4/2N1P3/PPP2PPP/R2QKBNR w KQkq -,MODEL_PREDICTION_NOT_EMPIRICAL
VER-01,B1,1300,maia3-5m,1,f1b5,Bb5+,0.3444158732891083,0.9210366299375892,0.698073878409233,488,24,488,rnbqkb1r/pp3ppp/4pn2/2pp2B1/3P4/2N1P3/PPP2PPP/R2QKBNR w KQkq -,MODEL_PREDICTION_NOT_EMPIRICAL
VER-01,B1,1300,maia3-5m,2,g1f3,Nf3,0.29664352536201477,0.9210366299375892,0.698073878409233,499,25,476,rnbqkb1r/pp3ppp/4pn2/2pp2B1/3P4/2N1P3/PPP2PPP/R2QKBNR w KQkq -,MODEL_PREDICTION_NOT_EMPIRICAL
VER-01,B1,1300,maia3-5m,3,d4c5,dxc5,0.08209589123725891,0.9210366299375892,0.698073878409233,479,27,494,rnbqkb1r/pp3ppp/4pn2/2pp2B1/3P4/2N1P3/PPP2PPP/R2QKBNR w KQkq -,MODEL_PREDICTION_NOT_EMPIRICAL
VER-01,B1,1300,maia3-5m,4,g5f6,Bxf6,0.061775099486112595,0.9210366299375892,0.698073878409233,455,28,517,rnbqkb1r/pp3ppp/4pn2/2pp2B1/3P4/2N1P3/PPP2PPP/R2QKBNR w KQkq -,MODEL_PREDICTION_NOT_EMPIRICAL
VER-01,B1,1300,maia3-5m,5,f1d3,Bd3,0.03705853968858719,0.9210366299375892,0.698073878409233,494,23,483,rnbqkb1r/pp3ppp/4pn2/2pp2B1/3P4/2N1P3/PPP2PPP/R2QKBNR w KQkq -,MODEL_PREDICTION_NOT_EMPIRICAL
VER-01,B1,1300,maia3-5m,6,d1f3,Qf3,0.03397570922970772,0.9210366299375892,0.698073878409233,505,24,471,rnbqkb1r/pp3ppp/4pn2/2pp2B1/3P4/2N1P3/PPP2PPP/R2QKBNR w KQkq -,MODEL_PREDICTION_NOT_EMPIRICAL
VER-01,B1,1300,maia3-5m,7,a2a3,a3,0.024141879752278328,0.9210366299375892,0.698073878409233,490,25,485,rnbqkb1r/pp3ppp/4pn2/2pp2B1/3P4/2N1P3/PPP2PPP/R2QKBNR w KQkq -,MODEL_PREDICTION_NOT_EMPIRICAL
VER-01,B1,1300,maia3-5m,8,g1e2,Nge2,0.015252746641635895,0.9210366299375892,0.698073878409233,495,25,480,rnbqkb1r/pp3ppp/4pn2/2pp2B1/3P4/2N1P3/PPP2PPP/R2QKBNR w KQkq -,MODEL_PREDICTION_NOT_EMPIRICAL
VER-01,B1,1300,maia3-5m,9,e3e4,e4,0.013296656310558319,0.9210366299375892,0.698073878409233,501,22,477,rnbqkb1r/pp3ppp/4pn2/2pp2B1/3P4/2N1P3/PPP2PPP/R2QKBNR w KQkq -,MODEL_PREDICTION_NOT_EMPIRICAL
VER-01,B1,1300,maia3-5m,10,f2f4,f4,0.012380708940327168,0.9210366299375892,0.698073878409233,491,24,485,rnbqkb1r/pp3ppp/4pn2/2pp2B1/3P4/2N1P3/PPP2PPP/R2QKBNR w KQkq -,MODEL_PREDICTION_NOT_EMPIRICAL
VER-01,B1,1500,maia3-5m,1,g1f3,Nf3,0.3451252579689026,0.9244293058291078,0.6939389031449819,505,27,468,rnbqkb1r/pp3ppp/4pn2/2pp2B1/3P4/2N1P3/PPP2PPP/R2QKBNR w KQkq -,MODEL_PREDICTION_NOT_EMPIRICAL
VER-01,B1,1500,maia3-5m,2,f1b5,Bb5+,0.30951759219169617,0.9244293058291078,0.6939389031449819,494,25,481,rnbqkb1r/pp3ppp/4pn2/2pp2B1/3P4/2N1P3/PPP2PPP/R2QKBNR w KQkq -,MODEL_PREDICTION_NOT_EMPIRICAL
VER-01,B1,1500,maia3-5m,3,d4c5,dxc5,0.07826651632785797,0.9244293058291078,0.6939389031449819,484,29,487,rnbqkb1r/pp3ppp/4pn2/2pp2B1/3P4/2N1P3/PPP2PPP/R2QKBNR w KQkq -,MODEL_PREDICTION_NOT_EMPIRICAL
VER-01,B1,1500,maia3-5m,4,g5f6,Bxf6,0.050170984119176865,0.9244293058291078,0.6939389031449819,458,30,512,rnbqkb1r/pp3ppp/4pn2/2pp2B1/3P4/2N1P3/PPP2PPP/R2QKBNR w KQkq -,MODEL_PREDICTION_NOT_EMPIRICAL
VER-01,B1,1500,maia3-5m,5,f1d3,Bd3,0.03366432338953018,0.9244293058291078,0.6939389031449819,499,25,476,rnbqkb1r/pp3ppp/4pn2/2pp2B1/3P4/2N1P3/PPP2PPP/R2QKBNR w KQkq -,MODEL_PREDICTION_NOT_EMPIRICAL
VER-01,B1,1500,maia3-5m,6,d1f3,Qf3,0.03309136629104614,0.9244293058291078,0.6939389031449819,509,26,465,rnbqkb1r/pp3ppp/4pn2/2pp2B1/3P4/2N1P3/PPP2PPP/R2QKBNR w KQkq -,MODEL_PREDICTION_NOT_EMPIRICAL
VER-01,B1,1500,maia3-5m,7,a2a3,a3,0.0321662500500679,0.9244293058291078,0.6939389031449819,494,27,479,rnbqkb1r/pp3ppp/4pn2/2pp2B1/3P4/2N1P3/PPP2PPP/R2QKBNR w KQkq -,MODEL_PREDICTION_NOT_EMPIRICAL
VER-01,B1,1500,maia3-5m,8,f2f4,f4,0.014167633838951588,0.9244293058291078,0.6939389031449819,496,26,478,rnbqkb1r/pp3ppp/4pn2/2pp2B1/3P4/2N1P3/PPP2PPP/R2QKBNR w KQkq -,MODEL_PREDICTION_NOT_EMPIRICAL
VER-01,B1,1500,maia3-5m,9,f1e2,Be2,0.01416371576488018,0.9244293058291078,0.6939389031449819,496,26,478,rnbqkb1r/pp3ppp/4pn2/2pp2B1/3P4/2N1P3/PPP2PPP/R2QKBNR w KQkq -,MODEL_PREDICTION_NOT_EMPIRICAL
VER-01,B1,1500,maia3-5m,10,g1e2,Nge2,0.014095665886998177,0.9244293058291078,0.6939389031449819,498,28,474,rnbqkb1r/pp3ppp/4pn2/2pp2B1/3P4/2N1P3/PPP2PPP/R2QKBNR w KQkq -,MODEL_PREDICTION_NOT_EMPIRICAL
VER-01,B1,1700,maia3-5m,1,g1f3,Nf3,0.4022184908390045,0.9317484917119145,0.6900824281206065,509,30,461,rnbqkb1r/pp3ppp/4pn2/2pp2B1/3P4/2N1P3/PPP2PPP/R2QKBNR w KQkq -,MODEL_PREDICTION_NOT_EMPIRICAL
VER-01,B1,1700,maia3-5m,2,f1b5,Bb5+,0.26177701354026794,0.9317484917119145,0.6900824281206065,495,27,478,rnbqkb1r/pp3ppp/4pn2/2pp2B1/3P4/2N1P3/PPP2PPP/R2QKBNR w KQkq -,MODEL_PREDICTION_NOT_EMPIRICAL
VER-01,B1,1700,maia3-5m,3,d4c5,dxc5,0.07784418016672134,0.9317484917119145,0.6900824281206065,492,33,475,rnbqkb1r/pp3ppp/4pn2/2pp2B1/3P4/2N1P3/PPP2PPP/R2QKBNR w KQkq -,MODEL_PREDICTION_NOT_EMPIRICAL
VER-01,B1,1700,maia3-5m,4,g5f6,Bxf6,0.04020257666707039,0.9317484917119145,0.6900824281206065,461,31,508,rnbqkb1r/pp3ppp/4pn2/2pp2B1/3P4/2N1P3/PPP2PPP/R2QKBNR w KQkq -,MODEL_PREDICTION_NOT_EMPIRICAL
VER-01,B1,1700,maia3-5m,5,a2a3,a3,0.036864809691905975,0.9317484917119145,0.6900824281206065,501,30,469,rnbqkb1r/pp3ppp/4pn2/2pp2B1/3P4/2N1P3/PPP2PPP/R2QKBNR w KQkq -,MODEL_PREDICTION_NOT_EMPIRICAL
VER-01,B1,1700,maia3-5m,6,f1d3,Bd3,0.032764170318841934,0.9317484917119145,0.6900824281206065,504,28,468,rnbqkb1r/pp3ppp/4pn2/2pp2B1/3P4/2N1P3/PPP2PPP/R2QKBNR w KQkq -,MODEL_PREDICTION_NOT_EMPIRICAL
VER-01,B1,1700,maia3-5m,7,d1f3,Qf3,0.027577150613069534,0.9317484917119145,0.6900824281206065,510,28,462,rnbqkb1r/pp3ppp/4pn2/2pp2B1/3P4/2N1P3/PPP2PPP/R2QKBNR w KQkq -,MODEL_PREDICTION_NOT_EMPIRICAL
VER-01,B1,1700,maia3-5m,8,f2f4,f4,0.02290298044681549,0.9317484917119145,0.6900824281206065,497,28,475,rnbqkb1r/pp3ppp/4pn2/2pp2B1/3P4/2N1P3/PPP2PPP/R2QKBNR w KQkq -,MODEL_PREDICTION_NOT_EMPIRICAL
VER-01,B1,1700,maia3-5m,9,f1e2,Be2,0.01550565380603075,0.9317484917119145,0.6900824281206065,501,29,470,rnbqkb1r/pp3ppp/4pn2/2pp2B1/3P4/2N1P3/PPP2PPP/R2QKBNR w KQkq -,MODEL_PREDICTION_NOT_EMPIRICAL
VER-01,B1,1700,maia3-5m,10,f2f3,f3,0.01409146562218666,0.9317484917119145,0.6900824281206065,499,29,472,rnbqkb1r/pp3ppp/4pn2/2pp2B1/3P4/2N1P3/PPP2PPP/R2QKBNR w KQkq -,MODEL_PREDICTION_NOT_EMPIRICAL
VER-01,B1,1900,maia3-5m,1,g1f3,Nf3,0.4567664563655853,0.9413637928664684,0.6886036651057182,510,34,456,rnbqkb1r/pp3ppp/4pn2/2pp2B1/3P4/2N1P3/PPP2PPP/R2QKBNR w KQkq -,MODEL_PREDICTION_NOT_EMPIRICAL
VER-01,B1,1900,maia3-5m,2,f1b5,Bb5+,0.20652224123477936,0.9413637928664684,0.6886036651057182,493,30,477,rnbqkb1r/pp3ppp/4pn2/2pp2B1/3P4/2N1P3/PPP2PPP/R2QKBNR w KQkq -,MODEL_PREDICTION_NOT_EMPIRICAL
VER-01,B1,1900,maia3-5m,3,d4c5,dxc5,0.07132618129253387,0.9413637928664684,0.6886036651057182,495,37,468,rnbqkb1r/pp3ppp/4pn2/2pp2B1/3P4/2N1P3/PPP2PPP/R2QKBNR w KQkq -,MODEL_PREDICTION_NOT_EMPIRICAL
VER-01,B1,1900,maia3-5m,4,f2f4,f4,0.05133102461695671,0.9413637928664684,0.6886036651057182,497,32,471,rnbqkb1r/pp3ppp/4pn2/2pp2B1/3P4/2N1P3/PPP2PPP/R2QKBNR w KQkq -,MODEL_PREDICTION_NOT_EMPIRICAL
VER-01,B1,1900,maia3-5m,5,a2a3,a3,0.03696960210800171,0.9413637928664684,0.6886036651057182,504,34,462,rnbqkb1r/pp3ppp/4pn2/2pp2B1/3P4/2N1P3/PPP2PPP/R2QKBNR w KQkq -,MODEL_PREDICTION_NOT_EMPIRICAL
VER-01,B1,1900,maia3-5m,6,f1d3,Bd3,0.0325591042637825,0.9413637928664684,0.6886036651057182,508,32,460,rnbqkb1r/pp3ppp/4pn2/2pp2B1/3P4/2N1P3/PPP2PPP/R2QKBNR w KQkq -,MODEL_PREDICTION_NOT_EMPIRICAL
VER-01,B1,1900,maia3-5m,7,g5f6,Bxf6,0.02935696765780449,0.9413637928664684,0.6886036651057182,473,34,493,rnbqkb1r/pp3ppp/4pn2/2pp2B1/3P4/2N1P3/PPP2PPP/R2QKBNR w KQkq -,MODEL_PREDICTION_NOT_EMPIRICAL
VER-01,B1,1900,maia3-5m,8,f2f3,f3,0.020941978320479393,0.9413637928664684,0.6886036651057182,499,33,468,rnbqkb1r/pp3ppp/4pn2/2pp2B1/3P4/2N1P3/PPP2PPP/R2QKBNR w KQkq -,MODEL_PREDICTION_NOT_EMPIRICAL
VER-01,B1,1900,maia3-5m,9,d1f3,Qf3,0.019725434482097626,0.9413637928664684,0.6886036651057182,516,31,453,rnbqkb1r/pp3ppp/4pn2/2pp2B1/3P4/2N1P3/PPP2PPP/R2QKBNR w KQkq -,MODEL_PREDICTION_NOT_EMPIRICAL
VER-01,B1,1900,maia3-5m,10,d1d2,Qd2,0.01586480252444744,0.9413637928664684,0.6886036651057182,491,32,477,rnbqkb1r/pp3ppp/4pn2/2pp2B1/3P4/2N1P3/PPP2PPP/R2QKBNR w KQkq -,MODEL_PREDICTION_NOT_EMPIRICAL
VER-01,B1,2100,maia3-5m,1,g1f3,Nf3,0.4818638563156128,0.9567233007401228,0.6984191905482954,502,41,457,rnbqkb1r/pp3ppp/4pn2/2pp2B1/3P4/2N1P3/PPP2PPP/R2QKBNR w KQkq -,MODEL_PREDICTION_NOT_EMPIRICAL
VER-01,B1,2100,maia3-5m,2,f1b5,Bb5+,0.14575478434562683,0.9567233007401228,0.6984191905482954,476,37,487,rnbqkb1r/pp3ppp/4pn2/2pp2B1/3P4/2N1P3/PPP2PPP/R2QKBNR w KQkq -,MODEL_PREDICTION_NOT_EMPIRICAL
VER-01,B1,2100,maia3-5m,3,f2f4,f4,0.11878451704978943,0.9567233007401228,0.6984191905482954,494,38,468,rnbqkb1r/pp3ppp/4pn2/2pp2B1/3P4/2N1P3/PPP2PPP/R2QKBNR w KQkq -,MODEL_PREDICTION_NOT_EMPIRICAL
VER-01,B1,2100,maia3-5m,4,d4c5,dxc5,0.05716511979699135,0.9567233007401228,0.6984191905482954,490,46,464,rnbqkb1r/pp3ppp/4pn2/2pp2B1/3P4/2N1P3/PPP2PPP/R2QKBNR w KQkq -,MODEL_PREDICTION_NOT_EMPIRICAL
VER-01,B1,2100,maia3-5m,5,a2a3,a3,0.02943270653486252,0.9567233007401228,0.6984191905482954,502,41,457,rnbqkb1r/pp3ppp/4pn2/2pp2B1/3P4/2N1P3/PPP2PPP/R2QKBNR w KQkq -,MODEL_PREDICTION_NOT_EMPIRICAL
VER-01,B1,2100,maia3-5m,6,f2f3,f3,0.029162969440221786,0.9567233007401228,0.6984191905482954,497,39,464,rnbqkb1r/pp3ppp/4pn2/2pp2B1/3P4/2N1P3/PPP2PPP/R2QKBNR w KQkq -,MODEL_PREDICTION_NOT_EMPIRICAL
VER-01,B1,2100,maia3-5m,7,f1d3,Bd3,0.028659682720899582,0.9567233007401228,0.6984191905482954,507,39,454,rnbqkb1r/pp3ppp/4pn2/2pp2B1/3P4/2N1P3/PPP2PPP/R2QKBNR w KQkq -,MODEL_PREDICTION_NOT_EMPIRICAL
VER-01,B1,2100,maia3-5m,8,d1d2,Qd2,0.02803109958767891,0.9567233007401228,0.6984191905482954,494,38,468,rnbqkb1r/pp3ppp/4pn2/2pp2B1/3P4/2N1P3/PPP2PPP/R2QKBNR w KQkq -,MODEL_PREDICTION_NOT_EMPIRICAL
VER-01,B1,2100,maia3-5m,9,g5f6,Bxf6,0.020080456510186195,0.9567233007401228,0.6984191905482954,475,42,483,rnbqkb1r/pp3ppp/4pn2/2pp2B1/3P4/2N1P3/PPP2PPP/R2QKBNR w KQkq -,MODEL_PREDICTION_NOT_EMPIRICAL
VER-01,B1,2100,maia3-5m,10,d1f3,Qf3,0.017788108438253403,0.9567233007401228,0.6984191905482954,516,37,447,rnbqkb1r/pp3ppp/4pn2/2pp2B1/3P4/2N1P3/PPP2PPP/R2QKBNR w KQkq -,MODEL_PREDICTION_NOT_EMPIRICAL
LON-02,B2,1100,maia3-5m,1,c2f5,Qxf5,0.446550577878952,0.9832342760637403,0.6219043812568735,424,21,555,r3kb1r/pp2pppp/1qn2n2/3p1b2/2pP1B2/2P1PN2/PPQ2PPP/RN2KB1R w KQkq -,MODEL_PREDICTION_NOT_EMPIRICAL
LON-02,B2,1100,maia3-5m,2,c2c1,Qc1,0.28807616233825684,0.9832342760637403,0.6219043812568735,433,21,546,r3kb1r/pp2pppp/1qn2n2/3p1b2/2pP1B2/2P1PN2/PPQ2PPP/RN2KB1R w KQkq -,MODEL_PREDICTION_NOT_EMPIRICAL
LON-02,B2,1100,maia3-5m,3,c2d2,Qd2,0.13747085630893707,0.9832342760637403,0.6219043812568735,388,19,593,r3kb1r/pp2pppp/1qn2n2/3p1b2/2pP1B2/2P1PN2/PPQ2PPP/RN2KB1R w KQkq -,MODEL_PREDICTION_NOT_EMPIRICAL
LON-02,B2,1100,maia3-5m,4,c2e2,Qe2,0.03806333243846893,0.9832342760637403,0.6219043812568735,409,20,571,r3kb1r/pp2pppp/1qn2n2/3p1b2/2pP1B2/2P1PN2/PPQ2PPP/RN2KB1R w KQkq -,MODEL_PREDICTION_NOT_EMPIRICAL
LON-02,B2,1100,maia3-5m,5,b1d2,Nbd2,0.021826645359396935,0.9832342760637403,0.6219043812568735,68,8,924,r3kb1r/pp2pppp/1qn2n2/3p1b2/2pP1B2/2P1PN2/PPQ2PPP/RN2KB1R w KQkq -,MODEL_PREDICTION_NOT_EMPIRICAL
LON-02,B2,1100,maia3-5m,6,e3e4,e4,0.012975145131349564,0.9832342760637403,0.6219043812568735,254,16,730,r3kb1r/pp2pppp/1qn2n2/3p1b2/2pP1B2/2P1PN2/PPQ2PPP/RN2KB1R w KQkq -,MODEL_PREDICTION_NOT_EMPIRICAL
LON-02,B2,1100,maia3-5m,7,c2a4,Qa4,0.012633787468075752,0.9832342760637403,0.6219043812568735,313,16,671,r3kb1r/pp2pppp/1qn2n2/3p1b2/2pP1B2/2P1PN2/PPQ2PPP/RN2KB1R w KQkq -,MODEL_PREDICTION_NOT_EMPIRICAL
LON-02,B2,1100,maia3-5m,8,c2d1,Qd1,0.011692769825458527,0.9832342760637403,0.6219043812568735,289,15,696,r3kb1r/pp2pppp/1qn2n2/3p1b2/2pP1B2/2P1PN2/PPQ2PPP/RN2KB1R w KQkq -,MODEL_PREDICTION_NOT_EMPIRICAL
LON-02,B2,1100,maia3-5m,9,f1d3,Bd3,0.007751198019832373,0.9832342760637403,0.6219043812568735,204,17,779,r3kb1r/pp2pppp/1qn2n2/3p1b2/2pP1B2/2P1PN2/PPQ2PPP/RN2KB1R w KQkq -,MODEL_PREDICTION_NOT_EMPIRICAL
LON-02,B2,1100,maia3-5m,10,b2b3,b3,0.006193801295012236,0.9832342760637403,0.6219043812568735,92,10,898,r3kb1r/pp2pppp/1qn2n2/3p1b2/2pP1B2/2P1PN2/PPQ2PPP/RN2KB1R w KQkq -,MODEL_PREDICTION_NOT_EMPIRICAL
LON-02,B2,1300,maia3-5m,1,c2c1,Qc1,0.4285564124584198,0.9880118588916957,0.5942052924801345,435,22,543,r3kb1r/pp2pppp/1qn2n2/3p1b2/2pP1B2/2P1PN2/PPQ2PPP/RN2KB1R w KQkq -,MODEL_PREDICTION_NOT_EMPIRICAL
LON-02,B2,1300,maia3-5m,2,c2f5,Qxf5,0.3003630042076111,0.9880118588916957,0.5942052924801345,381,20,599,r3kb1r/pp2pppp/1qn2n2/3p1b2/2pP1B2/2P1PN2/PPQ2PPP/RN2KB1R w KQkq -,MODEL_PREDICTION_NOT_EMPIRICAL
LON-02,B2,1300,maia3-5m,3,c2d2,Qd2,0.17911426723003387,0.9880118588916957,0.5942052924801345,368,19,613,r3kb1r/pp2pppp/1qn2n2/3p1b2/2pP1B2/2P1PN2/PPQ2PPP/RN2KB1R w KQkq -,MODEL_PREDICTION_NOT_EMPIRICAL
LON-02,B2,1300,maia3-5m,4,c2e2,Qe2,0.031723491847515106,0.9880118588916957,0.5942052924801345,399,20,581,r3kb1r/pp2pppp/1qn2n2/3p1b2/2pP1B2/2P1PN2/PPQ2PPP/RN2KB1R w KQkq -,MODEL_PREDICTION_NOT_EMPIRICAL
LON-02,B2,1300,maia3-5m,5,b1d2,Nbd2,0.018285604193806648,0.9880118588916957,0.5942052924801345,55,6,939,r3kb1r/pp2pppp/1qn2n2/3p1b2/2pP1B2/2P1PN2/PPQ2PPP/RN2KB1R w KQkq -,MODEL_PREDICTION_NOT_EMPIRICAL
LON-02,B2,1300,maia3-5m,6,e3e4,e4,0.0068152728490531445,0.9880118588916957,0.5942052924801345,247,15,738,r3kb1r/pp2pppp/1qn2n2/3p1b2/2pP1B2/2P1PN2/PPQ2PPP/RN2KB1R w KQkq -,MODEL_PREDICTION_NOT_EMPIRICAL
LON-02,B2,1300,maia3-5m,7,c2d1,Qd1,0.006450441665947437,0.9880118588916957,0.5942052924801345,269,15,716,r3kb1r/pp2pppp/1qn2n2/3p1b2/2pP1B2/2P1PN2/PPQ2PPP/RN2KB1R w KQkq -,MODEL_PREDICTION_NOT_EMPIRICAL
LON-02,B2,1300,maia3-5m,8,c2a4,Qa4,0.006250152364373207,0.9880118588916957,0.5942052924801345,311,16,673,r3kb1r/pp2pppp/1qn2n2/3p1b2/2pP1B2/2P1PN2/PPQ2PPP/RN2KB1R w KQkq -,MODEL_PREDICTION_NOT_EMPIRICAL
LON-02,B2,1300,maia3-5m,9,b2b3,b3,0.005622635129839182,0.9880118588916957,0.5942052924801345,75,8,917,r3kb1r/pp2pppp/1qn2n2/3p1b2/2pP1B2/2P1PN2/PPQ2PPP/RN2KB1R w KQkq -,MODEL_PREDICTION_NOT_EMPIRICAL
LON-02,B2,1300,maia3-5m,10,f1d3,Bd3,0.004830576945096254,0.9880118588916957,0.5942052924801345,173,15,812,r3kb1r/pp2pppp/1qn2n2/3p1b2/2pP1B2/2P1PN2/PPQ2PPP/RN2KB1R w KQkq -,MODEL_PREDICTION_NOT_EMPIRICAL
LON-02,B2,1500,maia3-5m,1,c2c1,Qc1,0.5474393367767334,0.992493295809254,0.5287198804746149,427,24,549,r3kb1r/pp2pppp/1qn2n2/3p1b2/2pP1B2/2P1PN2/PPQ2PPP/RN2KB1R w KQkq -,MODEL_PREDICTION_NOT_EMPIRICAL
LON-02,B2,1500,maia3-5m,2,c2f5,Qxf5,0.20720672607421875,0.992493295809254,0.5287198804746149,354,20,626,r3kb1r/pp2pppp/1qn2n2/3p1b2/2pP1B2/2P1PN2/PPQ2PPP/RN2KB1R w KQkq -,MODEL_PREDICTION_NOT_EMPIRICAL
LON-02,B2,1500,maia3-5m,3,c2d2,Qd2,0.18192729353904724,0.992493295809254,0.5287198804746149,343,21,636,r3kb1r/pp2pppp/1qn2n2/3p1b2/2pP1B2/2P1PN2/PPQ2PPP/RN2KB1R w KQkq -,MODEL_PREDICTION_NOT_EMPIRICAL
LON-02,B2,1500,maia3-5m,4,c2e2,Qe2,0.022925052791833878,0.992493295809254,0.5287198804746149,379,21,600,r3kb1r/pp2pppp/1qn2n2/3p1b2/2pP1B2/2P1PN2/PPQ2PPP/RN2KB1R w KQkq -,MODEL_PREDICTION_NOT_EMPIRICAL
LON-02,B2,1500,maia3-5m,5,b1d2,Nbd2,0.014435778371989727,0.992493295809254,0.5287198804746149,43,5,952,r3kb1r/pp2pppp/1qn2n2/3p1b2/2pP1B2/2P1PN2/PPQ2PPP/RN2KB1R w KQkq -,MODEL_PREDICTION_NOT_EMPIRICAL
LON-02,B2,1500,maia3-5m,6,b2b3,b3,0.00469679431989789,0.992493295809254,0.5287198804746149,62,7,931,r3kb1r/pp2pppp/1qn2n2/3p1b2/2pP1B2/2P1PN2/PPQ2PPP/RN2KB1R w KQkq -,MODEL_PREDICTION_NOT_EMPIRICAL
LON-02,B2,1500,maia3-5m,7,e3e4,e4,0.003706590738147497,0.992493295809254,0.5287198804746149,239,15,746,r3kb1r/pp2pppp/1qn2n2/3p1b2/2pP1B2/2P1PN2/PPQ2PPP/RN2KB1R w KQkq -,MODEL_PREDICTION_NOT_EMPIRICAL
LON-02,B2,1500,maia3-5m,8,f1e2,Be2,0.0036360255908221006,0.992493295809254,0.5287198804746149,39,6,955,r3kb1r/pp2pppp/1qn2n2/3p1b2/2pP1B2/2P1PN2/PPQ2PPP/RN2KB1R w KQkq -,MODEL_PREDICTION_NOT_EMPIRICAL
LON-02,B2,1500,maia3-5m,9,c2d1,Qd1,0.0034411149099469185,0.992493295809254,0.5287198804746149,249,15,736,r3kb1r/pp2pppp/1qn2n2/3p1b2/2pP1B2/2P1PN2/PPQ2PPP/RN2KB1R w KQkq -,MODEL_PREDICTION_NOT_EMPIRICAL
LON-02,B2,1500,maia3-5m,10,c2a4,Qa4,0.0030785826966166496,0.992493295809254,0.5287198804746149,302,17,681,r3kb1r/pp2pppp/1qn2n2/3p1b2/2pP1B2/2P1PN2/PPQ2PPP/RN2KB1R w KQkq -,MODEL_PREDICTION_NOT_EMPIRICAL
LON-02,B2,1700,maia3-5m,1,c2c1,Qc1,0.6653656959533691,0.99547821842134,0.4398572416862165,421,27,552,r3kb1r/pp2pppp/1qn2n2/3p1b2/2pP1B2/2P1PN2/PPQ2PPP/RN2KB1R w KQkq -,MODEL_PREDICTION_NOT_EMPIRICAL
LON-02,B2,1700,maia3-5m,2,c2f5,Qxf5,0.15369153022766113,0.99547821842134,0.4398572416862165,340,21,639,r3kb1r/pp2pppp/1qn2n2/3p1b2/2pP1B2/2P1PN2/PPQ2PPP/RN2KB1R w KQkq -,MODEL_PREDICTION_NOT_EMPIRICAL
LON-02,B2,1700,maia3-5m,3,c2d2,Qd2,0.13965828716754913,0.99547821842134,0.4398572416862165,324,22,654,r3kb1r/pp2pppp/1qn2n2/3p1b2/2pP1B2/2P1PN2/PPQ2PPP/RN2KB1R w KQkq -,MODEL_PREDICTION_NOT_EMPIRICAL
LON-02,B2,1700,maia3-5m,4,c2e2,Qe2,0.014844013378024101,0.99547821842134,0.4398572416862165,357,23,620,r3kb1r/pp2pppp/1qn2n2/3p1b2/2pP1B2/2P1PN2/PPQ2PPP/RN2KB1R w KQkq -,MODEL_PREDICTION_NOT_EMPIRICAL
LON-02,B2,1700,maia3-5m,5,b1d2,Nbd2,0.010608680546283722,0.99547821842134,0.4398572416862165,34,5,961,r3kb1r/pp2pppp/1qn2n2/3p1b2/2pP1B2/2P1PN2/PPQ2PPP/RN2KB1R w KQkq -,MODEL_PREDICTION_NOT_EMPIRICAL
LON-02,B2,1700,maia3-5m,6,b2b3,b3,0.003697371343150735,0.99547821842134,0.4398572416862165,52,6,942,r3kb1r/pp2pppp/1qn2n2/3p1b2/2pP1B2/2P1PN2/PPQ2PPP/RN2KB1R w KQkq -,MODEL_PREDICTION_NOT_EMPIRICAL
LON-02,B2,1700,maia3-5m,7,f1e2,Be2,0.002378129167482257,0.99547821842134,0.4398572416862165,33,5,962,r3kb1r/pp2pppp/1qn2n2/3p1b2/2pP1B2/2P1PN2/PPQ2PPP/RN2KB1R w KQkq -,MODEL_PREDICTION_NOT_EMPIRICAL
LON-02,B2,1700,maia3-5m,8,e3e4,e4,0.002116602612659335,0.99547821842134,0.4398572416862165,227,16,757,r3kb1r/pp2pppp/1qn2n2/3p1b2/2pP1B2/2P1PN2/PPQ2PPP/RN2KB1R w KQkq -,MODEL_PREDICTION_NOT_EMPIRICAL
LON-02,B2,1700,maia3-5m,9,c2d1,Qd1,0.001723678084090352,0.99547821842134,0.4398572416862165,224,15,761,r3kb1r/pp2pppp/1qn2n2/3p1b2/2pP1B2/2P1PN2/PPQ2PPP/RN2KB1R w KQkq -,MODEL_PREDICTION_NOT_EMPIRICAL
LON-02,B2,1700,maia3-5m,10,c2a4,Qa4,0.0013942299410700798,0.99547821842134,0.4398572416862165,296,18,686,r3kb1r/pp2pppp/1qn2n2/3p1b2/2pP1B2/2P1PN2/PPQ2PPP/RN2KB1R w KQkq -,MODEL_PREDICTION_NOT_EMPIRICAL
LON-02,B2,1900,maia3-5m,1,c2c1,Qc1,0.7824016809463501,0.9974294235580601,0.3255189920195995,418,30,552,r3kb1r/pp2pppp/1qn2n2/3p1b2/2pP1B2/2P1PN2/PPQ2PPP/RN2KB1R w KQkq -,MODEL_PREDICTION_NOT_EMPIRICAL
LON-02,B2,1900,maia3-5m,2,c2f5,Qxf5,0.12346097081899643,0.9974294235580601,0.3255189920195995,332,24,644,r3kb1r/pp2pppp/1qn2n2/3p1b2/2pP1B2/2P1PN2/PPQ2PPP/RN2KB1R w KQkq -,MODEL_PREDICTION_NOT_EMPIRICAL
LON-02,B2,1900,maia3-5m,3,c2d2,Qd2,0.07089037448167801,0.9974294235580601,0.3255189920195995,306,24,670,r3kb1r/pp2pppp/1qn2n2/3p1b2/2pP1B2/2P1PN2/PPQ2PPP/RN2KB1R w KQkq -,MODEL_PREDICTION_NOT_EMPIRICAL
LON-02,B2,1900,maia3-5m,4,c2e2,Qe2,0.008107341825962067,0.9974294235580601,0.3255189920195995,340,25,635,r3kb1r/pp2pppp/1qn2n2/3p1b2/2pP1B2/2P1PN2/PPQ2PPP/RN2KB1R w KQkq -,MODEL_PREDICTION_NOT_EMPIRICAL
LON-02,B2,1900,maia3-5m,5,b1d2,Nbd2,0.006414646748453379,0.9974294235580601,0.3255189920195995,29,4,967,r3kb1r/pp2pppp/1qn2n2/3p1b2/2pP1B2/2P1PN2/PPQ2PPP/RN2KB1R w KQkq -,MODEL_PREDICTION_NOT_EMPIRICAL
LON-02,B2,1900,maia3-5m,6,b2b3,b3,0.002600816311314702,0.9974294235580601,0.3255189920195995,45,5,950,r3kb1r/pp2pppp/1qn2n2/3p1b2/2pP1B2/2P1PN2/PPQ2PPP/RN2KB1R w KQkq -,MODEL_PREDICTION_NOT_EMPIRICAL
LON-02,B2,1900,maia3-5m,7,e3e4,e4,0.001215789932757616,0.9974294235580601,0.3255189920195995,216,18,766,r3kb1r/pp2pppp/1qn2n2/3p1b2/2pP1B2/2P1PN2/PPQ2PPP/RN2KB1R w KQkq -,MODEL_PREDICTION_NOT_EMPIRICAL
LON-02,B2,1900,maia3-5m,8,f1e2,Be2,0.0011389529099687934,0.9974294235580601,0.3255189920195995,28,5,967,r3kb1r/pp2pppp/1qn2n2/3p1b2/2pP1B2/2P1PN2/PPQ2PPP/RN2KB1R w KQkq -,MODEL_PREDICTION_NOT_EMPIRICAL
LON-02,B2,1900,maia3-5m,9,c2d1,Qd1,0.0006963979103602469,0.9974294235580601,0.3255189920195995,209,16,775,r3kb1r/pp2pppp/1qn2n2/3p1b2/2pP1B2/2P1PN2/PPQ2PPP/RN2KB1R w KQkq -,MODEL_PREDICTION_NOT_EMPIRICAL
LON-02,B2,1900,maia3-5m,10,c2a4,Qa4,0.00050245167221874,0.9974294235580601,0.3255189920195995,293,20,687,r3kb1r/pp2pppp/1qn2n2/3p1b2/2pP1B2/2P1PN2/PPQ2PPP/RN2KB1R w KQkq -,MODEL_PREDICTION_NOT_EMPIRICAL
LON-02,B2,2100,maia3-5m,1,c2c1,Qc1,0.8594691753387451,0.9989034715836169,0.22425262511695757,412,38,550,r3kb1r/pp2pppp/1qn2n2/3p1b2/2pP1B2/2P1PN2/PPQ2PPP/RN2KB1R w KQkq -,MODEL_PREDICTION_NOT_EMPIRICAL
LON-02,B2,2100,maia3-5m,2,c2f5,Qxf5,0.10718930512666702,0.9989034715836169,0.22425262511695757,336,30,634,r3kb1r/pp2pppp/1qn2n2/3p1b2/2pP1B2/2P1PN2/PPQ2PPP/RN2KB1R w KQkq -,MODEL_PREDICTION_NOT_EMPIRICAL
LON-02,B2,2100,maia3-5m,3,c2d2,Qd2,0.022053582593798637,0.9989034715836169,0.22425262511695757,292,29,679,r3kb1r/pp2pppp/1qn2n2/3p1b2/2pP1B2/2P1PN2/PPQ2PPP/RN2KB1R w KQkq -,MODEL_PREDICTION_NOT_EMPIRICAL
LON-02,B2,2100,maia3-5m,4,c2e2,Qe2,0.0038909888826310635,0.9989034715836169,0.22425262511695757,330,30,640,r3kb1r/pp2pppp/1qn2n2/3p1b2/2pP1B2/2P1PN2/PPQ2PPP/RN2KB1R w KQkq -,MODEL_PREDICTION_NOT_EMPIRICAL
LON-02,B2,2100,maia3-5m,5,b1d2,Nbd2,0.002813650295138359,0.9989034715836169,0.22425262511695757,28,4,968,r3kb1r/pp2pppp/1qn2n2/3p1b2/2pP1B2/2P1PN2/PPQ2PPP/RN2KB1R w KQkq -,MODEL_PREDICTION_NOT_EMPIRICAL
LON-02,B2,2100,maia3-5m,6,b2b3,b3,0.0016005298821255565,0.9989034715836169,0.22425262511695757,44,6,950,r3kb1r/pp2pppp/1qn2n2/3p1b2/2pP1B2/2P1PN2/PPQ2PPP/RN2KB1R w KQkq -,MODEL_PREDICTION_NOT_EMPIRICAL
LON-02,B2,2100,maia3-5m,7,e3e4,e4,0.0007133397739380598,0.9989034715836169,0.22425262511695757,214,23,763,r3kb1r/pp2pppp/1qn2n2/3p1b2/2pP1B2/2P1PN2/PPQ2PPP/RN2KB1R w KQkq -,MODEL_PREDICTION_NOT_EMPIRICAL
LON-02,B2,2100,maia3-5m,8,f4c7,Bc7,0.0005572327063418925,0.9989034715836169,0.22425262511695757,199,24,777,r3kb1r/pp2pppp/1qn2n2/3p1b2/2pP1B2/2P1PN2/PPQ2PPP/RN2KB1R w KQkq -,MODEL_PREDICTION_NOT_EMPIRICAL
LON-02,B2,2100,maia3-5m,9,f1e2,Be2,0.000401197379687801,0.9989034715836169,0.22425262511695757,26,5,969,r3kb1r/pp2pppp/1qn2n2/3p1b2/2pP1B2/2P1PN2/PPQ2PPP/RN2KB1R w KQkq -,MODEL_PREDICTION_NOT_EMPIRICAL
LON-02,B2,2100,maia3-5m,10,c2d1,Qd1,0.00021446960454341024,0.9989034715836169,0.22425262511695757,216,21,763,r3kb1r/pp2pppp/1qn2n2/3p1b2/2pP1B2/2P1PN2/PPQ2PPP/RN2KB1R w KQkq -,MODEL_PREDICTION_NOT_EMPIRICAL
LON-04,B2,1100,maia3-5m,1,b1d2,Nbd2,0.45911461114883423,0.9536925982683897,0.6634468182617157,495,22,483,r3kb1r/pp2pppp/1qn2n2/3p1b2/3P1B2/2P2N2/PP3PPP/RNQ1KB1R w KQkq -,MODEL_PREDICTION_NOT_EMPIRICAL
LON-04,B2,1100,maia3-5m,2,f1e2,Be2,0.21385250985622406,0.9536925982683897,0.6634468182617157,475,23,502,r3kb1r/pp2pppp/1qn2n2/3p1b2/3P1B2/2P2N2/PP3PPP/RNQ1KB1R w KQkq -,MODEL_PREDICTION_NOT_EMPIRICAL
LON-04,B2,1100,maia3-5m,3,b1a3,Na3,0.11512100696563721,0.9536925982683897,0.6634468182617157,501,21,478,r3kb1r/pp2pppp/1qn2n2/3p1b2/3P1B2/2P2N2/PP3PPP/RNQ1KB1R w KQkq -,MODEL_PREDICTION_NOT_EMPIRICAL
LON-04,B2,1100,maia3-5m,4,f3e5,Ne5,0.06107049435377121,0.9536925982683897,0.6634468182617157,463,24,513,r3kb1r/pp2pppp/1qn2n2/3p1b2/3P1B2/2P2N2/PP3PPP/RNQ1KB1R w KQkq -,MODEL_PREDICTION_NOT_EMPIRICAL
LON-04,B2,1100,maia3-5m,5,h2h3,h3,0.02586148865520954,0.9536925982683897,0.6634468182617157,492,23,485,r3kb1r/pp2pppp/1qn2n2/3p1b2/3P1B2/2P2N2/PP3PPP/RNQ1KB1R w KQkq -,MODEL_PREDICTION_NOT_EMPIRICAL
LON-04,B2,1100,maia3-5m,6,f4e3,Be3,0.018227247521281242,0.9536925982683897,0.6634468182617157,463,22,515,r3kb1r/pp2pppp/1qn2n2/3p1b2/3P1B2/2P2N2/PP3PPP/RNQ1KB1R w KQkq -,MODEL_PREDICTION_NOT_EMPIRICAL
LON-04,B2,1100,maia3-5m,7,f3h4,Nh4,0.016599120572209358,0.9536925982683897,0.6634468182617157,478,23,499,r3kb1r/pp2pppp/1qn2n2/3p1b2/3P1B2/2P2N2/PP3PPP/RNQ1KB1R w KQkq -,MODEL_PREDICTION_NOT_EMPIRICAL
LON-04,B2,1100,maia3-5m,8,a2a4,a4,0.015466800890862942,0.9536925982683897,0.6634468182617157,495,23,482,r3kb1r/pp2pppp/1qn2n2/3p1b2/3P1B2/2P2N2/PP3PPP/RNQ1KB1R w KQkq -,MODEL_PREDICTION_NOT_EMPIRICAL
LON-04,B2,1100,maia3-5m,9,b2b4,b4,0.014630913734436035,0.9536925982683897,0.6634468182617157,489,22,489,r3kb1r/pp2pppp/1qn2n2/3p1b2/3P1B2/2P2N2/PP3PPP/RNQ1KB1R w KQkq -,MODEL_PREDICTION_NOT_EMPIRICAL
LON-04,B2,1100,maia3-5m,10,f1d3,Bd3,0.013748404569923878,0.9536925982683897,0.6634468182617157,288,19,693,r3kb1r/pp2pppp/1qn2n2/3p1b2/3P1B2/2P2N2/PP3PPP/RNQ1KB1R w KQkq -,MODEL_PREDICTION_NOT_EMPIRICAL
LON-04,B2,1300,maia3-5m,1,b1d2,Nbd2,0.4528835117816925,0.966404058970511,0.637825383967603,486,23,491,r3kb1r/pp2pppp/1qn2n2/3p1b2/3P1B2/2P2N2/PP3PPP/RNQ1KB1R w KQkq -,MODEL_PREDICTION_NOT_EMPIRICAL
LON-04,B2,1300,maia3-5m,2,f1e2,Be2,0.2813965082168579,0.966404058970511,0.637825383967603,472,23,505,r3kb1r/pp2pppp/1qn2n2/3p1b2/3P1B2/2P2N2/PP3PPP/RNQ1KB1R w KQkq -,MODEL_PREDICTION_NOT_EMPIRICAL
LON-04,B2,1300,maia3-5m,3,b1a3,Na3,0.08824540674686432,0.966404058970511,0.637825383967603,487,21,492,r3kb1r/pp2pppp/1qn2n2/3p1b2/3P1B2/2P2N2/PP3PPP/RNQ1KB1R w KQkq -,MODEL_PREDICTION_NOT_EMPIRICAL
LON-04,B2,1300,maia3-5m,4,f3e5,Ne5,0.04842011258006096,0.966404058970511,0.637825383967603,456,24,520,r3kb1r/pp2pppp/1qn2n2/3p1b2/3P1B2/2P2N2/PP3PPP/RNQ1KB1R w KQkq -,MODEL_PREDICTION_NOT_EMPIRICAL
LON-04,B2,1300,maia3-5m,5,h2h3,h3,0.02316087856888771,0.966404058970511,0.637825383967603,483,23,494,r3kb1r/pp2pppp/1qn2n2/3p1b2/3P1B2/2P2N2/PP3PPP/RNQ1KB1R w KQkq -,MODEL_PREDICTION_NOT_EMPIRICAL
LON-04,B2,1300,maia3-5m,6,f4e3,Be3,0.018003340810537338,0.966404058970511,0.637825383967603,456,22,522,r3kb1r/pp2pppp/1qn2n2/3p1b2/3P1B2/2P2N2/PP3PPP/RNQ1KB1R w KQkq -,MODEL_PREDICTION_NOT_EMPIRICAL
LON-04,B2,1300,maia3-5m,7,f3h4,Nh4,0.016343791037797928,0.966404058970511,0.637825383967603,480,23,497,r3kb1r/pp2pppp/1qn2n2/3p1b2/3P1B2/2P2N2/PP3PPP/RNQ1KB1R w KQkq -,MODEL_PREDICTION_NOT_EMPIRICAL
LON-04,B2,1300,maia3-5m,8,a2a4,a4,0.015104726888239384,0.966404058970511,0.637825383967603,487,23,490,r3kb1r/pp2pppp/1qn2n2/3p1b2/3P1B2/2P2N2/PP3PPP/RNQ1KB1R w KQkq -,MODEL_PREDICTION_NOT_EMPIRICAL
LON-04,B2,1300,maia3-5m,9,f1d3,Bd3,0.01157460454851389,0.966404058970511,0.637825383967603,234,17,749,r3kb1r/pp2pppp/1qn2n2/3p1b2/3P1B2/2P2N2/PP3PPP/RNQ1KB1R w KQkq -,MODEL_PREDICTION_NOT_EMPIRICAL
LON-04,B2,1300,maia3-5m,10,b2b4,b4,0.011271177791059017,0.966404058970511,0.637825383967603,484,22,494,r3kb1r/pp2pppp/1qn2n2/3p1b2/3P1B2/2P2N2/PP3PPP/RNQ1KB1R w KQkq -,MODEL_PREDICTION_NOT_EMPIRICAL
LON-04,B2,1500,maia3-5m,1,b1d2,Nbd2,0.44912096858024597,0.9744969978928566,0.600218295574623,481,25,494,r3kb1r/pp2pppp/1qn2n2/3p1b2/3P1B2/2P2N2/PP3PPP/RNQ1KB1R w KQkq -,MODEL_PREDICTION_NOT_EMPIRICAL
LON-04,B2,1500,maia3-5m,2,f1e2,Be2,0.33815860748291016,0.9744969978928566,0.600218295574623,470,25,505,r3kb1r/pp2pppp/1qn2n2/3p1b2/3P1B2/2P2N2/PP3PPP/RNQ1KB1R w KQkq -,MODEL_PREDICTION_NOT_EMPIRICAL
LON-04,B2,1500,maia3-5m,3,b1a3,Na3,0.06471410393714905,0.9744969978928566,0.600218295574623,481,22,497,r3kb1r/pp2pppp/1qn2n2/3p1b2/3P1B2/2P2N2/PP3PPP/RNQ1KB1R w KQkq -,MODEL_PREDICTION_NOT_EMPIRICAL
LON-04,B2,1500,maia3-5m,4,f3e5,Ne5,0.03979475051164627,0.9744969978928566,0.600218295574623,450,25,525,r3kb1r/pp2pppp/1qn2n2/3p1b2/3P1B2/2P2N2/PP3PPP/RNQ1KB1R w KQkq -,MODEL_PREDICTION_NOT_EMPIRICAL
LON-04,B2,1500,maia3-5m,5,h2h3,h3,0.020356711000204086,0.9744969978928566,0.600218295574623,480,25,495,r3kb1r/pp2pppp/1qn2n2/3p1b2/3P1B2/2P2N2/PP3PPP/RNQ1KB1R w KQkq -,MODEL_PREDICTION_NOT_EMPIRICAL
LON-04,B2,1500,maia3-5m,6,f3h4,Nh4,0.016524402424693108,0.9744969978928566,0.600218295574623,469,25,506,r3kb1r/pp2pppp/1qn2n2/3p1b2/3P1B2/2P2N2/PP3PPP/RNQ1KB1R w KQkq -,MODEL_PREDICTION_NOT_EMPIRICAL
LON-04,B2,1500,maia3-5m,7,f4e3,Be3,0.0153641477227211,0.9744969978928566,0.600218295574623,449,23,528,r3kb1r/pp2pppp/1qn2n2/3p1b2/3P1B2/2P2N2/PP3PPP/RNQ1KB1R w KQkq -,MODEL_PREDICTION_NOT_EMPIRICAL
LON-04,B2,1500,maia3-5m,8,a2a4,a4,0.012997518293559551,0.9744969978928566,0.600218295574623,483,24,493,r3kb1r/pp2pppp/1qn2n2/3p1b2/3P1B2/2P2N2/PP3PPP/RNQ1KB1R w KQkq -,MODEL_PREDICTION_NOT_EMPIRICAL
LON-04,B2,1500,maia3-5m,9,f1d3,Bd3,0.00936763733625412,0.9744969978928566,0.600218295574623,183,14,803,r3kb1r/pp2pppp/1qn2n2/3p1b2/3P1B2/2P2N2/PP3PPP/RNQ1KB1R w KQkq -,MODEL_PREDICTION_NOT_EMPIRICAL
LON-04,B2,1500,maia3-5m,10,b2b4,b4,0.008098150603473186,0.9744969978928566,0.600218295574623,478,23,499,r3kb1r/pp2pppp/1qn2n2/3p1b2/3P1B2/2P2N2/PP3PPP/RNQ1KB1R w KQkq -,MODEL_PREDICTION_NOT_EMPIRICAL
LON-04,B2,1700,maia3-5m,1,b1d2,Nbd2,0.4587019979953766,0.9811483304947615,0.5574774696833347,479,28,493,r3kb1r/pp2pppp/1qn2n2/3p1b2/3P1B2/2P2N2/PP3PPP/RNQ1KB1R w KQkq -,MODEL_PREDICTION_NOT_EMPIRICAL
LON-04,B2,1700,maia3-5m,2,f1e2,Be2,0.37430742383003235,0.9811483304947615,0.5574774696833347,470,28,502,r3kb1r/pp2pppp/1qn2n2/3p1b2/3P1B2/2P2N2/PP3PPP/RNQ1KB1R w KQkq -,MODEL_PREDICTION_NOT_EMPIRICAL
LON-04,B2,1700,maia3-5m,3,b1a3,Na3,0.04456188157200813,0.9811483304947615,0.5574774696833347,480,24,496,r3kb1r/pp2pppp/1qn2n2/3p1b2/3P1B2/2P2N2/PP3PPP/RNQ1KB1R w KQkq -,MODEL_PREDICTION_NOT_EMPIRICAL
LON-04,B2,1700,maia3-5m,4,f3e5,Ne5,0.033240366727113724,0.9811483304947615,0.5574774696833347,449,28,523,r3kb1r/pp2pppp/1qn2n2/3p1b2/3P1B2/2P2N2/PP3PPP/RNQ1KB1R w KQkq -,MODEL_PREDICTION_NOT_EMPIRICAL
LON-04,B2,1700,maia3-5m,5,h2h3,h3,0.018372030928730965,0.9811483304947615,0.5574774696833347,480,28,492,r3kb1r/pp2pppp/1qn2n2/3p1b2/3P1B2/2P2N2/PP3PPP/RNQ1KB1R w KQkq -,MODEL_PREDICTION_NOT_EMPIRICAL
LON-04,B2,1700,maia3-5m,6,f3h4,Nh4,0.018286729231476784,0.9811483304947615,0.5574774696833347,458,28,514,r3kb1r/pp2pppp/1qn2n2/3p1b2/3P1B2/2P2N2/PP3PPP/RNQ1KB1R w KQkq -,MODEL_PREDICTION_NOT_EMPIRICAL
LON-04,B2,1700,maia3-5m,7,f4e3,Be3,0.01042779441922903,0.9811483304947615,0.5574774696833347,438,25,537,r3kb1r/pp2pppp/1qn2n2/3p1b2/3P1B2/2P2N2/PP3PPP/RNQ1KB1R w KQkq -,MODEL_PREDICTION_NOT_EMPIRICAL
LON-04,B2,1700,maia3-5m,8,a2a4,a4,0.010375220328569412,0.9811483304947615,0.5574774696833347,484,27,489,r3kb1r/pp2pppp/1qn2n2/3p1b2/3P1B2/2P2N2/PP3PPP/RNQ1KB1R w KQkq -,MODEL_PREDICTION_NOT_EMPIRICAL
LON-04,B2,1700,maia3-5m,9,b2b3,b3,0.006595413200557232,0.9811483304947615,0.5574774696833347,458,26,516,r3kb1r/pp2pppp/1qn2n2/3p1b2/3P1B2/2P2N2/PP3PPP/RNQ1KB1R w KQkq -,MODEL_PREDICTION_NOT_EMPIRICAL
LON-04,B2,1700,maia3-5m,10,a2a3,a3,0.006279472261667252,0.9811483304947615,0.5574774696833347,460,28,512,r3kb1r/pp2pppp/1qn2n2/3p1b2/3P1B2/2P2N2/PP3PPP/RNQ1KB1R w KQkq -,MODEL_PREDICTION_NOT_EMPIRICAL
LON-04,B2,1900,maia3-5m,1,b1d2,Nbd2,0.48667439818382263,0.9900226113386452,0.5223661300920994,470,32,498,r3kb1r/pp2pppp/1qn2n2/3p1b2/3P1B2/2P2N2/PP3PPP/RNQ1KB1R w KQkq -,MODEL_PREDICTION_NOT_EMPIRICAL
LON-04,B2,1900,maia3-5m,2,f1e2,Be2,0.3821539580821991,0.9900226113386452,0.5223661300920994,464,33,503,r3kb1r/pp2pppp/1qn2n2/3p1b2/3P1B2/2P2N2/PP3PPP/RNQ1KB1R w KQkq -,MODEL_PREDICTION_NOT_EMPIRICAL
LON-04,B2,1900,maia3-5m,3,b1a3,Na3,0.028840897604823112,0.9900226113386452,0.5223661300920994,477,28,495,r3kb1r/pp2pppp/1qn2n2/3p1b2/3P1B2/2P2N2/PP3PPP/RNQ1KB1R w KQkq -,MODEL_PREDICTION_NOT_EMPIRICAL
LON-04,B2,1900,maia3-5m,4,f3e5,Ne5,0.027337409555912018,0.9900226113386452,0.5223661300920994,444,33,523,r3kb1r/pp2pppp/1qn2n2/3p1b2/3P1B2/2P2N2/PP3PPP/RNQ1KB1R w KQkq -,MODEL_PREDICTION_NOT_EMPIRICAL
LON-04,B2,1900,maia3-5m,5,f3h4,Nh4,0.02091570943593979,0.9900226113386452,0.5223661300920994,454,33,513,r3kb1r/pp2pppp/1qn2n2/3p1b2/3P1B2/2P2N2/PP3PPP/RNQ1KB1R w KQkq -,MODEL_PREDICTION_NOT_EMPIRICAL
LON-04,B2,1900,maia3-5m,6,h2h3,h3,0.017999785020947456,0.9900226113386452,0.5223661300920994,470,33,497,r3kb1r/pp2pppp/1qn2n2/3p1b2/3P1B2/2P2N2/PP3PPP/RNQ1KB1R w KQkq -,MODEL_PREDICTION_NOT_EMPIRICAL
LON-04,B2,1900,maia3-5m,7,a2a4,a4,0.008187960833311081,0.9900226113386452,0.5223661300920994,479,31,490,r3kb1r/pp2pppp/1qn2n2/3p1b2/3P1B2/2P2N2/PP3PPP/RNQ1KB1R w KQkq -,MODEL_PREDICTION_NOT_EMPIRICAL
LON-04,B2,1900,maia3-5m,8,a2a3,a3,0.007285038009285927,0.9900226113386452,0.5223661300920994,449,33,518,r3kb1r/pp2pppp/1qn2n2/3p1b2/3P1B2/2P2N2/PP3PPP/RNQ1KB1R w KQkq -,MODEL_PREDICTION_NOT_EMPIRICAL
LON-04,B2,1900,maia3-5m,9,f4e3,Be3,0.005688980687409639,0.9900226113386452,0.5223661300920994,426,30,544,r3kb1r/pp2pppp/1qn2n2/3p1b2/3P1B2/2P2N2/PP3PPP/RNQ1KB1R w KQkq -,MODEL_PREDICTION_NOT_EMPIRICAL
LON-04,B2,1900,maia3-5m,10,b2b3,b3,0.004938473924994469,0.9900226113386452,0.5223661300920994,446,31,523,r3kb1r/pp2pppp/1qn2n2/3p1b2/3P1B2/2P2N2/PP3PPP/RNQ1KB1R w KQkq -,MODEL_PREDICTION_NOT_EMPIRICAL
LON-04,B2,2100,maia3-5m,1,b1d2,Nbd2,0.5388702154159546,0.9952319599688053,0.4898156667601633,463,41,496,r3kb1r/pp2pppp/1qn2n2/3p1b2/3P1B2/2P2N2/PP3PPP/RNQ1KB1R w KQkq -,MODEL_PREDICTION_NOT_EMPIRICAL
LON-04,B2,2100,maia3-5m,2,f1e2,Be2,0.35265296697616577,0.9952319599688053,0.4898156667601633,458,43,499,r3kb1r/pp2pppp/1qn2n2/3p1b2/3P1B2/2P2N2/PP3PPP/RNQ1KB1R w KQkq -,MODEL_PREDICTION_NOT_EMPIRICAL
LON-04,B2,2100,maia3-5m,3,f3h4,Nh4,0.022856825962662697,0.9952319599688053,0.4898156667601633,436,43,521,r3kb1r/pp2pppp/1qn2n2/3p1b2/3P1B2/2P2N2/PP3PPP/RNQ1KB1R w KQkq -,MODEL_PREDICTION_NOT_EMPIRICAL
LON-04,B2,2100,maia3-5m,4,f3e5,Ne5,0.021616481244564056,0.9952319599688053,0.4898156667601633,440,43,517,r3kb1r/pp2pppp/1qn2n2/3p1b2/3P1B2/2P2N2/PP3PPP/RNQ1KB1R w KQkq -,MODEL_PREDICTION_NOT_EMPIRICAL
LON-04,B2,2100,maia3-5m,5,b1a3,Na3,0.020952951163053513,0.9952319599688053,0.4898156667601633,463,37,500,r3kb1r/pp2pppp/1qn2n2/3p1b2/3P1B2/2P2N2/PP3PPP/RNQ1KB1R w KQkq -,MODEL_PREDICTION_NOT_EMPIRICAL
LON-04,B2,2100,maia3-5m,6,h2h3,h3,0.018639691174030304,0.9952319599688053,0.4898156667601633,464,42,494,r3kb1r/pp2pppp/1qn2n2/3p1b2/3P1B2/2P2N2/PP3PPP/RNQ1KB1R w KQkq -,MODEL_PREDICTION_NOT_EMPIRICAL
LON-04,B2,2100,maia3-5m,7,a2a3,a3,0.0071277678944170475,0.9952319599688053,0.4898156667601633,443,42,515,r3kb1r/pp2pppp/1qn2n2/3p1b2/3P1B2/2P2N2/PP3PPP/RNQ1KB1R w KQkq -,MODEL_PREDICTION_NOT_EMPIRICAL
LON-04,B2,2100,maia3-5m,8,a2a4,a4,0.006802472751587629,0.9952319599688053,0.4898156667601633,474,39,487,r3kb1r/pp2pppp/1qn2n2/3p1b2/3P1B2/2P2N2/PP3PPP/RNQ1KB1R w KQkq -,MODEL_PREDICTION_NOT_EMPIRICAL
LON-04,B2,2100,maia3-5m,9,f4e3,Be3,0.0030660766642540693,0.9952319599688053,0.4898156667601633,427,39,534,r3kb1r/pp2pppp/1qn2n2/3p1b2/3P1B2/2P2N2/PP3PPP/RNQ1KB1R w KQkq -,MODEL_PREDICTION_NOT_EMPIRICAL
LON-04,B2,2100,maia3-5m,10,b2b3,b3,0.002646510722115636,0.9952319599688053,0.4898156667601633,434,42,524,r3kb1r/pp2pppp/1qn2n2/3p1b2/3P1B2/2P2N2/PP3PPP/RNQ1KB1R w KQkq -,MODEL_PREDICTION_NOT_EMPIRICAL
LON-09,B2,1100,maia3-5m,1,f1e2,Be2,0.4273020625114441,0.9924311160575598,0.6233988287751314,509,23,468,r3kb1r/pp2pppp/1qn2n2/2pp4/3P1Bb1/1PP1PN2/P4PPP/RN1QKB1R w KQkq -,MODEL_PREDICTION_NOT_EMPIRICAL
LON-09,B2,1100,maia3-5m,2,b1d2,Nbd2,0.24936766922473907,0.9924311160575598,0.6233988287751314,485,23,492,r3kb1r/pp2pppp/1qn2n2/2pp4/3P1Bb1/1PP1PN2/P4PPP/RN1QKB1R w KQkq -,MODEL_PREDICTION_NOT_EMPIRICAL
LON-09,B2,1100,maia3-5m,3,h2h3,h3,0.17730233073234558,0.9924311160575598,0.6233988287751314,483,23,494,r3kb1r/pp2pppp/1qn2n2/2pp4/3P1Bb1/1PP1PN2/P4PPP/RN1QKB1R w KQkq -,MODEL_PREDICTION_NOT_EMPIRICAL
LON-09,B2,1100,maia3-5m,4,f1d3,Bd3,0.0994245857000351,0.9924311160575598,0.6233988287751314,480,22,498,r3kb1r/pp2pppp/1qn2n2/2pp4/3P1Bb1/1PP1PN2/P4PPP/RN1QKB1R w KQkq -,MODEL_PREDICTION_NOT_EMPIRICAL
LON-09,B2,1100,maia3-5m,5,c3c4,c4,0.010681730695068836,0.9924311160575598,0.6233988287751314,436,21,543,r3kb1r/pp2pppp/1qn2n2/2pp4/3P1Bb1/1PP1PN2/P4PPP/RN1QKB1R w KQkq -,MODEL_PREDICTION_NOT_EMPIRICAL
LON-09,B2,1100,maia3-5m,6,a2a4,a4,0.010473030619323254,0.9924311160575598,0.6233988287751314,477,22,501,r3kb1r/pp2pppp/1qn2n2/2pp4/3P1Bb1/1PP1PN2/P4PPP/RN1QKB1R w KQkq -,MODEL_PREDICTION_NOT_EMPIRICAL
LON-09,B2,1100,maia3-5m,7,d4c5,dxc5,0.009377360343933105,0.9924311160575598,0.6233988287751314,444,25,531,r3kb1r/pp2pppp/1qn2n2/2pp4/3P1Bb1/1PP1PN2/P4PPP/RN1QKB1R w KQkq -,MODEL_PREDICTION_NOT_EMPIRICAL
LON-09,B2,1100,maia3-5m,8,b1a3,Na3,0.003989838529378176,0.9924311160575598,0.6233988287751314,473,21,506,r3kb1r/pp2pppp/1qn2n2/2pp4/3P1Bb1/1PP1PN2/P4PPP/RN1QKB1R w KQkq -,MODEL_PREDICTION_NOT_EMPIRICAL
LON-09,B2,1100,maia3-5m,9,d1c2,Qc2,0.0023037635255604982,0.9924311160575598,0.6233988287751314,465,21,514,r3kb1r/pp2pppp/1qn2n2/2pp4/3P1Bb1/1PP1PN2/P4PPP/RN1QKB1R w KQkq -,MODEL_PREDICTION_NOT_EMPIRICAL
LON-09,B2,1100,maia3-5m,10,g2g3,g3,0.0022087441757321358,0.9924311160575598,0.6233988287751314,447,21,532,r3kb1r/pp2pppp/1qn2n2/2pp4/3P1Bb1/1PP1PN2/P4PPP/RN1QKB1R w KQkq -,MODEL_PREDICTION_NOT_EMPIRICAL
LON-09,B2,1300,maia3-5m,1,f1e2,Be2,0.4969047009944916,0.9956079263938591,0.5647418565716005,508,23,469,r3kb1r/pp2pppp/1qn2n2/2pp4/3P1Bb1/1PP1PN2/P4PPP/RN1QKB1R w KQkq -,MODEL_PREDICTION_NOT_EMPIRICAL
LON-09,B2,1300,maia3-5m,2,b1d2,Nbd2,0.2623908221721649,0.9956079263938591,0.5647418565716005,479,24,497,r3kb1r/pp2pppp/1qn2n2/2pp4/3P1Bb1/1PP1PN2/P4PPP/RN1QKB1R w KQkq -,MODEL_PREDICTION_NOT_EMPIRICAL
LON-09,B2,1300,maia3-5m,3,h2h3,h3,0.1381663829088211,0.9956079263938591,0.5647418565716005,475,23,502,r3kb1r/pp2pppp/1qn2n2/2pp4/3P1Bb1/1PP1PN2/P4PPP/RN1QKB1R w KQkq -,MODEL_PREDICTION_NOT_EMPIRICAL
LON-09,B2,1300,maia3-5m,4,f1d3,Bd3,0.07101920247077942,0.9956079263938591,0.5647418565716005,476,23,501,r3kb1r/pp2pppp/1qn2n2/2pp4/3P1Bb1/1PP1PN2/P4PPP/RN1QKB1R w KQkq -,MODEL_PREDICTION_NOT_EMPIRICAL
LON-09,B2,1300,maia3-5m,5,d4c5,dxc5,0.008660007268190384,0.9956079263938591,0.5647418565716005,439,25,536,r3kb1r/pp2pppp/1qn2n2/2pp4/3P1Bb1/1PP1PN2/P4PPP/RN1QKB1R w KQkq -,MODEL_PREDICTION_NOT_EMPIRICAL
LON-09,B2,1300,maia3-5m,6,a2a4,a4,0.007920374162495136,0.9956079263938591,0.5647418565716005,473,23,504,r3kb1r/pp2pppp/1qn2n2/2pp4/3P1Bb1/1PP1PN2/P4PPP/RN1QKB1R w KQkq -,MODEL_PREDICTION_NOT_EMPIRICAL
LON-09,B2,1300,maia3-5m,7,c3c4,c4,0.005140739493072033,0.9956079263938591,0.5647418565716005,429,21,550,r3kb1r/pp2pppp/1qn2n2/2pp4/3P1Bb1/1PP1PN2/P4PPP/RN1QKB1R w KQkq -,MODEL_PREDICTION_NOT_EMPIRICAL
LON-09,B2,1300,maia3-5m,8,d1c2,Qc2,0.0023369838017970324,0.9956079263938591,0.5647418565716005,462,22,516,r3kb1r/pp2pppp/1qn2n2/2pp4/3P1Bb1/1PP1PN2/P4PPP/RN1QKB1R w KQkq -,MODEL_PREDICTION_NOT_EMPIRICAL
LON-09,B2,1300,maia3-5m,9,b1a3,Na3,0.0019162589451298118,0.9956079263938591,0.5647418565716005,466,21,513,r3kb1r/pp2pppp/1qn2n2/2pp4/3P1Bb1/1PP1PN2/P4PPP/RN1QKB1R w KQkq -,MODEL_PREDICTION_NOT_EMPIRICAL
LON-09,B2,1300,maia3-5m,10,g2g3,g3,0.0011524541769176722,0.9956079263938591,0.5647418565716005,443,22,535,r3kb1r/pp2pppp/1qn2n2/2pp4/3P1Bb1/1PP1PN2/P4PPP/RN1QKB1R w KQkq -,MODEL_PREDICTION_NOT_EMPIRICAL
LON-09,B2,1500,maia3-5m,1,f1e2,Be2,0.5472180843353271,0.9970456716255285,0.5197176356827324,505,25,470,r3kb1r/pp2pppp/1qn2n2/2pp4/3P1Bb1/1PP1PN2/P4PPP/RN1QKB1R w KQkq -,MODEL_PREDICTION_NOT_EMPIRICAL
LON-09,B2,1500,maia3-5m,2,b1d2,Nbd2,0.26540184020996094,0.9970456716255285,0.5197176356827324,475,25,500,r3kb1r/pp2pppp/1qn2n2/2pp4/3P1Bb1/1PP1PN2/P4PPP/RN1QKB1R w KQkq -,MODEL_PREDICTION_NOT_EMPIRICAL
LON-09,B2,1500,maia3-5m,3,h2h3,h3,0.10610896348953247,0.9970456716255285,0.5197176356827324,477,25,498,r3kb1r/pp2pppp/1qn2n2/2pp4/3P1Bb1/1PP1PN2/P4PPP/RN1QKB1R w KQkq -,MODEL_PREDICTION_NOT_EMPIRICAL
LON-09,B2,1500,maia3-5m,4,f1d3,Bd3,0.05668078362941742,0.9970456716255285,0.5197176356827324,475,24,501,r3kb1r/pp2pppp/1qn2n2/2pp4/3P1Bb1/1PP1PN2/P4PPP/RN1QKB1R w KQkq -,MODEL_PREDICTION_NOT_EMPIRICAL
LON-09,B2,1500,maia3-5m,5,d4c5,dxc5,0.009584678336977959,0.9970456716255285,0.5197176356827324,441,24,535,r3kb1r/pp2pppp/1qn2n2/2pp4/3P1Bb1/1PP1PN2/P4PPP/RN1QKB1R w KQkq -,MODEL_PREDICTION_NOT_EMPIRICAL
LON-09,B2,1500,maia3-5m,6,a2a4,a4,0.005559335928410292,0.9970456716255285,0.5197176356827324,471,24,505,r3kb1r/pp2pppp/1qn2n2/2pp4/3P1Bb1/1PP1PN2/P4PPP/RN1QKB1R w KQkq -,MODEL_PREDICTION_NOT_EMPIRICAL
LON-09,B2,1500,maia3-5m,7,d1c2,Qc2,0.0028731366619467735,0.9970456716255285,0.5197176356827324,459,23,518,r3kb1r/pp2pppp/1qn2n2/2pp4/3P1Bb1/1PP1PN2/P4PPP/RN1QKB1R w KQkq -,MODEL_PREDICTION_NOT_EMPIRICAL
LON-09,B2,1500,maia3-5m,8,c3c4,c4,0.002161551034078002,0.9970456716255285,0.5197176356827324,422,21,557,r3kb1r/pp2pppp/1qn2n2/2pp4/3P1Bb1/1PP1PN2/P4PPP/RN1QKB1R w KQkq -,MODEL_PREDICTION_NOT_EMPIRICAL
LON-09,B2,1500,maia3-5m,9,b1a3,Na3,0.0008770304848439991,0.9970456716255285,0.5197176356827324,459,22,519,r3kb1r/pp2pppp/1qn2n2/2pp4/3P1Bb1/1PP1PN2/P4PPP/RN1QKB1R w KQkq -,MODEL_PREDICTION_NOT_EMPIRICAL
LON-09,B2,1500,maia3-5m,10,a2a3,a3,0.0005802675150334835,0.9970456716255285,0.5197176356827324,455,23,522,r3kb1r/pp2pppp/1qn2n2/2pp4/3P1Bb1/1PP1PN2/P4PPP/RN1QKB1R w KQkq -,MODEL_PREDICTION_NOT_EMPIRICAL
LON-09,B2,1700,maia3-5m,1,f1e2,Be2,0.5780643820762634,0.9979411078384146,0.49135219091430465,506,27,467,r3kb1r/pp2pppp/1qn2n2/2pp4/3P1Bb1/1PP1PN2/P4PPP/RN1QKB1R w KQkq -,MODEL_PREDICTION_NOT_EMPIRICAL
LON-09,B2,1700,maia3-5m,2,b1d2,Nbd2,0.266372948884964,0.9979411078384146,0.49135219091430465,473,28,499,r3kb1r/pp2pppp/1qn2n2/2pp4/3P1Bb1/1PP1PN2/P4PPP/RN1QKB1R w KQkq -,MODEL_PREDICTION_NOT_EMPIRICAL
LON-09,B2,1700,maia3-5m,3,h2h3,h3,0.08020927011966705,0.9979411078384146,0.49135219091430465,479,28,493,r3kb1r/pp2pppp/1qn2n2/2pp4/3P1Bb1/1PP1PN2/P4PPP/RN1QKB1R w KQkq -,MODEL_PREDICTION_NOT_EMPIRICAL
LON-09,B2,1700,maia3-5m,4,f1d3,Bd3,0.05288500711321831,0.9979411078384146,0.49135219091430465,480,26,494,r3kb1r/pp2pppp/1qn2n2/2pp4/3P1Bb1/1PP1PN2/P4PPP/RN1QKB1R w KQkq -,MODEL_PREDICTION_NOT_EMPIRICAL
LON-09,B2,1700,maia3-5m,5,d4c5,dxc5,0.011463393457233906,0.9979411078384146,0.49135219091430465,442,26,532,r3kb1r/pp2pppp/1qn2n2/2pp4/3P1Bb1/1PP1PN2/P4PPP/RN1QKB1R w KQkq -,MODEL_PREDICTION_NOT_EMPIRICAL
LON-09,B2,1700,maia3-5m,6,a2a4,a4,0.0037882232572883368,0.9979411078384146,0.49135219091430465,473,26,501,r3kb1r/pp2pppp/1qn2n2/2pp4/3P1Bb1/1PP1PN2/P4PPP/RN1QKB1R w KQkq -,MODEL_PREDICTION_NOT_EMPIRICAL
LON-09,B2,1700,maia3-5m,7,d1c2,Qc2,0.0036074987147003412,0.9979411078384146,0.49135219091430465,460,26,514,r3kb1r/pp2pppp/1qn2n2/2pp4/3P1Bb1/1PP1PN2/P4PPP/RN1QKB1R w KQkq -,MODEL_PREDICTION_NOT_EMPIRICAL
LON-09,B2,1700,maia3-5m,8,c3c4,c4,0.000650949077680707,0.9979411078384146,0.49135219091430465,415,23,562,r3kb1r/pp2pppp/1qn2n2/2pp4/3P1Bb1/1PP1PN2/P4PPP/RN1QKB1R w KQkq -,MODEL_PREDICTION_NOT_EMPIRICAL
LON-09,B2,1700,maia3-5m,9,f4g3,Bg3,0.0004552850441541523,0.9979411078384146,0.49135219091430465,452,25,523,r3kb1r/pp2pppp/1qn2n2/2pp4/3P1Bb1/1PP1PN2/P4PPP/RN1QKB1R w KQkq -,MODEL_PREDICTION_NOT_EMPIRICAL
LON-09,B2,1700,maia3-5m,10,a2a3,a3,0.0004441500932443887,0.9979411078384146,0.49135219091430465,454,25,521,r3kb1r/pp2pppp/1qn2n2/2pp4/3P1Bb1/1PP1PN2/P4PPP/RN1QKB1R w KQkq -,MODEL_PREDICTION_NOT_EMPIRICAL
LON-09,B2,1900,maia3-5m,1,f1e2,Be2,0.5829775929450989,0.9987508154736133,0.48157878072386984,505,32,463,r3kb1r/pp2pppp/1qn2n2/2pp4/3P1Bb1/1PP1PN2/P4PPP/RN1QKB1R w KQkq -,MODEL_PREDICTION_NOT_EMPIRICAL
LON-09,B2,1900,maia3-5m,2,b1d2,Nbd2,0.2741548717021942,0.9987508154736133,0.48157878072386984,474,32,494,r3kb1r/pp2pppp/1qn2n2/2pp4/3P1Bb1/1PP1PN2/P4PPP/RN1QKB1R w KQkq -,MODEL_PREDICTION_NOT_EMPIRICAL
LON-09,B2,1900,maia3-5m,3,h2h3,h3,0.06327156722545624,0.9987508154736133,0.48157878072386984,478,32,490,r3kb1r/pp2pppp/1qn2n2/2pp4/3P1Bb1/1PP1PN2/P4PPP/RN1QKB1R w KQkq -,MODEL_PREDICTION_NOT_EMPIRICAL
LON-09,B2,1900,maia3-5m,4,f1d3,Bd3,0.05865374207496643,0.9987508154736133,0.48157878072386984,484,31,485,r3kb1r/pp2pppp/1qn2n2/2pp4/3P1Bb1/1PP1PN2/P4PPP/RN1QKB1R w KQkq -,MODEL_PREDICTION_NOT_EMPIRICAL
LON-09,B2,1900,maia3-5m,5,d4c5,dxc5,0.012448648922145367,0.9987508154736133,0.48157878072386984,440,29,531,r3kb1r/pp2pppp/1qn2n2/2pp4/3P1Bb1/1PP1PN2/P4PPP/RN1QKB1R w KQkq -,MODEL_PREDICTION_NOT_EMPIRICAL
LON-09,B2,1900,maia3-5m,6,d1c2,Qc2,0.0035604804288595915,0.9987508154736133,0.48157878072386984,462,30,508,r3kb1r/pp2pppp/1qn2n2/2pp4/3P1Bb1/1PP1PN2/P4PPP/RN1QKB1R w KQkq -,MODEL_PREDICTION_NOT_EMPIRICAL
LON-09,B2,1900,maia3-5m,7,a2a4,a4,0.0026942153926938772,0.9987508154736133,0.48157878072386984,481,29,490,r3kb1r/pp2pppp/1qn2n2/2pp4/3P1Bb1/1PP1PN2/P4PPP/RN1QKB1R w KQkq -,MODEL_PREDICTION_NOT_EMPIRICAL
LON-09,B2,1900,maia3-5m,8,f4g3,Bg3,0.0004111371817998588,0.9987508154736133,0.48157878072386984,459,29,512,r3kb1r/pp2pppp/1qn2n2/2pp4/3P1Bb1/1PP1PN2/P4PPP/RN1QKB1R w KQkq -,MODEL_PREDICTION_NOT_EMPIRICAL
LON-09,B2,1900,maia3-5m,9,a2a3,a3,0.000340343511197716,0.9987508154736133,0.48157878072386984,457,29,514,r3kb1r/pp2pppp/1qn2n2/2pp4/3P1Bb1/1PP1PN2/P4PPP/RN1QKB1R w KQkq -,MODEL_PREDICTION_NOT_EMPIRICAL
LON-09,B2,1900,maia3-5m,10,d1d2,Qd2,0.00023821608920115978,0.9987508154736133,0.48157878072386984,431,29,540,r3kb1r/pp2pppp/1qn2n2/2pp4/3P1Bb1/1PP1PN2/P4PPP/RN1QKB1R w KQkq -,MODEL_PREDICTION_NOT_EMPIRICAL
LON-09,B2,2100,maia3-5m,1,f1e2,Be2,0.5603553056716919,0.9992160398396663,0.4876371750039961,498,39,463,r3kb1r/pp2pppp/1qn2n2/2pp4/3P1Bb1/1PP1PN2/P4PPP/RN1QKB1R w KQkq -,MODEL_PREDICTION_NOT_EMPIRICAL
LON-09,B2,2100,maia3-5m,2,b1d2,Nbd2,0.29304221272468567,0.9992160398396663,0.4876371750039961,469,40,491,r3kb1r/pp2pppp/1qn2n2/2pp4/3P1Bb1/1PP1PN2/P4PPP/RN1QKB1R w KQkq -,MODEL_PREDICTION_NOT_EMPIRICAL
LON-09,B2,2100,maia3-5m,3,f1d3,Bd3,0.07109580188989639,0.9992160398396663,0.4876371750039961,481,39,480,r3kb1r/pp2pppp/1qn2n2/2pp4/3P1Bb1/1PP1PN2/P4PPP/RN1QKB1R w KQkq -,MODEL_PREDICTION_NOT_EMPIRICAL
LON-09,B2,2100,maia3-5m,4,h2h3,h3,0.0580766387283802,0.9992160398396663,0.4876371750039961,473,39,488,r3kb1r/pp2pppp/1qn2n2/2pp4/3P1Bb1/1PP1PN2/P4PPP/RN1QKB1R w KQkq -,MODEL_PREDICTION_NOT_EMPIRICAL
LON-09,B2,2100,maia3-5m,5,d4c5,dxc5,0.010991048067808151,0.9992160398396663,0.4876371750039961,435,36,529,r3kb1r/pp2pppp/1qn2n2/2pp4/3P1Bb1/1PP1PN2/P4PPP/RN1QKB1R w KQkq -,MODEL_PREDICTION_NOT_EMPIRICAL
LON-09,B2,2100,maia3-5m,6,a2a4,a4,0.002452859887853265,0.9992160398396663,0.4876371750039961,485,36,479,r3kb1r/pp2pppp/1qn2n2/2pp4/3P1Bb1/1PP1PN2/P4PPP/RN1QKB1R w KQkq -,MODEL_PREDICTION_NOT_EMPIRICAL
LON-09,B2,2100,maia3-5m,7,d1c2,Qc2,0.002417225856333971,0.9992160398396663,0.4876371750039961,458,39,503,r3kb1r/pp2pppp/1qn2n2/2pp4/3P1Bb1/1PP1PN2/P4PPP/RN1QKB1R w KQkq -,MODEL_PREDICTION_NOT_EMPIRICAL
LON-09,B2,2100,maia3-5m,8,f4g3,Bg3,0.0003383557195775211,0.9992160398396663,0.4876371750039961,462,37,501,r3kb1r/pp2pppp/1qn2n2/2pp4/3P1Bb1/1PP1PN2/P4PPP/RN1QKB1R w KQkq -,MODEL_PREDICTION_NOT_EMPIRICAL
LON-09,B2,2100,maia3-5m,9,d1d2,Qd2,0.0002302731736563146,0.9992160398396663,0.4876371750039961,425,37,538,r3kb1r/pp2pppp/1qn2n2/2pp4/3P1Bb1/1PP1PN2/P4PPP/RN1QKB1R w KQkq -,MODEL_PREDICTION_NOT_EMPIRICAL
LON-09,B2,2100,maia3-5m,10,a2a3,a3,0.00021631811978295445,0.9992160398396663,0.4876371750039961,459,37,504,r3kb1r/pp2pppp/1qn2n2/2pp4/3P1Bb1/1PP1PN2/P4PPP/RN1QKB1R w KQkq -,MODEL_PREDICTION_NOT_EMPIRICAL
JOB-12,B2,1100,maia3-5m,1,b2b3,b3,0.24036437273025513,0.9351665377616882,0.8114790901844621,400,21,579,rnb1kb1r/pp2pppp/1q3n2/2pp4/3P1B2/8/PPP1PPPP/RN1QKBNR w KQkq -,MODEL_PREDICTION_NOT_EMPIRICAL
JOB-12,B2,1100,maia3-5m,2,d4c5,dxc5,0.23507864773273468,0.9351665377616882,0.8114790901844621,320,21,659,rnb1kb1r/pp2pppp/1q3n2/2pp4/3P1B2/8/PPP1PPPP/RN1QKBNR w KQkq -,MODEL_PREDICTION_NOT_EMPIRICAL
JOB-12,B2,1100,maia3-5m,3,e2e3,e3,0.13687609136104584,0.9351665377616882,0.8114790901844621,395,21,584,rnb1kb1r/pp2pppp/1q3n2/2pp4/3P1B2/8/PPP1PPPP/RN1QKBNR w KQkq -,MODEL_PREDICTION_NOT_EMPIRICAL
JOB-12,B2,1100,maia3-5m,4,c2c3,c3,0.13414932787418365,0.9351665377616882,0.8114790901844621,352,22,626,rnb1kb1r/pp2pppp/1q3n2/2pp4/3P1B2/8/PPP1PPPP/RN1QKBNR w KQkq -,MODEL_PREDICTION_NOT_EMPIRICAL
JOB-12,B2,1100,maia3-5m,5,f4c1,Bc1,0.04227174445986748,0.9351665377616882,0.8114790901844621,394,23,583,rnb1kb1r/pp2pppp/1q3n2/2pp4/3P1B2/8/PPP1PPPP/RN1QKBNR w KQkq -,MODEL_PREDICTION_NOT_EMPIRICAL
JOB-12,B2,1100,maia3-5m,6,g1f3,Nf3,0.03819524124264717,0.9351665377616882,0.8114790901844621,388,21,591,rnb1kb1r/pp2pppp/1q3n2/2pp4/3P1B2/8/PPP1PPPP/RN1QKBNR w KQkq -,MODEL_PREDICTION_NOT_EMPIRICAL
JOB-12,B2,1100,maia3-5m,7,f4b8,Bxb8,0.03488950803875923,0.9351665377616882,0.8114790901844621,372,23,605,rnb1kb1r/pp2pppp/1q3n2/2pp4/3P1B2/8/PPP1PPPP/RN1QKBNR w KQkq -,MODEL_PREDICTION_NOT_EMPIRICAL
JOB-12,B2,1100,maia3-5m,8,d1c1,Qc1,0.03172868862748146,0.9351665377616882,0.8114790901844621,351,20,629,rnb1kb1r/pp2pppp/1q3n2/2pp4/3P1B2/8/PPP1PPPP/RN1QKBNR w KQkq -,MODEL_PREDICTION_NOT_EMPIRICAL
JOB-12,B2,1100,maia3-5m,9,b1c3,Nc3,0.027722381055355072,0.9351665377616882,0.8114790901844621,379,22,599,rnb1kb1r/pp2pppp/1q3n2/2pp4/3P1B2/8/PPP1PPPP/RN1QKBNR w KQkq -,MODEL_PREDICTION_NOT_EMPIRICAL
JOB-12,B2,1100,maia3-5m,10,b1a3,Na3,0.01389053463935852,0.9351665377616882,0.8114790901844621,370,21,609,rnb1kb1r/pp2pppp/1q3n2/2pp4/3P1B2/8/PPP1PPPP/RN1QKBNR w KQkq -,MODEL_PREDICTION_NOT_EMPIRICAL
JOB-12,B2,1300,maia3-5m,1,b2b3,b3,0.305352121591568,0.955480195581913,0.8038961108335392,394,21,585,rnb1kb1r/pp2pppp/1q3n2/2pp4/3P1B2/8/PPP1PPPP/RN1QKBNR w KQkq -,MODEL_PREDICTION_NOT_EMPIRICAL
JOB-12,B2,1300,maia3-5m,2,d4c5,dxc5,0.2192642092704773,0.955480195581913,0.8038961108335392,324,20,656,rnb1kb1r/pp2pppp/1q3n2/2pp4/3P1B2/8/PPP1PPPP/RN1QKBNR w KQkq -,MODEL_PREDICTION_NOT_EMPIRICAL
JOB-12,B2,1300,maia3-5m,3,e2e3,e3,0.1122530922293663,0.955480195581913,0.8038961108335392,397,22,581,rnb1kb1r/pp2pppp/1q3n2/2pp4/3P1B2/8/PPP1PPPP/RN1QKBNR w KQkq -,MODEL_PREDICTION_NOT_EMPIRICAL
JOB-12,B2,1300,maia3-5m,4,c2c3,c3,0.08617518842220306,0.955480195581913,0.8038961108335392,346,22,632,rnb1kb1r/pp2pppp/1q3n2/2pp4/3P1B2/8/PPP1PPPP/RN1QKBNR w KQkq -,MODEL_PREDICTION_NOT_EMPIRICAL
JOB-12,B2,1300,maia3-5m,5,f4c1,Bc1,0.08413399755954742,0.955480195581913,0.8038961108335392,387,24,589,rnb1kb1r/pp2pppp/1q3n2/2pp4/3P1B2/8/PPP1PPPP/RN1QKBNR w KQkq -,MODEL_PREDICTION_NOT_EMPIRICAL
JOB-12,B2,1300,maia3-5m,6,d1c1,Qc1,0.06398404389619827,0.955480195581913,0.8038961108335392,346,20,634,rnb1kb1r/pp2pppp/1q3n2/2pp4/3P1B2/8/PPP1PPPP/RN1QKBNR w KQkq -,MODEL_PREDICTION_NOT_EMPIRICAL
JOB-12,B2,1300,maia3-5m,7,g1f3,Nf3,0.031872693449258804,0.955480195581913,0.8038961108335392,388,22,590,rnb1kb1r/pp2pppp/1q3n2/2pp4/3P1B2/8/PPP1PPPP/RN1QKBNR w KQkq -,MODEL_PREDICTION_NOT_EMPIRICAL
JOB-12,B2,1300,maia3-5m,8,f4b8,Bxb8,0.029668807983398438,0.955480195581913,0.8038961108335392,378,23,599,rnb1kb1r/pp2pppp/1q3n2/2pp4/3P1B2/8/PPP1PPPP/RN1QKBNR w KQkq -,MODEL_PREDICTION_NOT_EMPIRICAL
JOB-12,B2,1300,maia3-5m,9,b1c3,Nc3,0.01466487068682909,0.955480195581913,0.8038961108335392,376,22,602,rnb1kb1r/pp2pppp/1q3n2/2pp4/3P1B2/8/PPP1PPPP/RN1QKBNR w KQkq -,MODEL_PREDICTION_NOT_EMPIRICAL
JOB-12,B2,1300,maia3-5m,10,b1d2,Nd2,0.008111170493066311,0.955480195581913,0.8038961108335392,364,21,615,rnb1kb1r/pp2pppp/1q3n2/2pp4/3P1B2/8/PPP1PPPP/RN1QKBNR w KQkq -,MODEL_PREDICTION_NOT_EMPIRICAL
JOB-12,B2,1500,maia3-5m,1,b2b3,b3,0.33002570271492004,0.9707287074998021,0.7901438020615187,387,22,591,rnb1kb1r/pp2pppp/1q3n2/2pp4/3P1B2/8/PPP1PPPP/RN1QKBNR w KQkq -,MODEL_PREDICTION_NOT_EMPIRICAL
JOB-12,B2,1500,maia3-5m,2,d4c5,dxc5,0.20684807002544403,0.9707287074998021,0.7901438020615187,322,20,658,rnb1kb1r/pp2pppp/1q3n2/2pp4/3P1B2/8/PPP1PPPP/RN1QKBNR w KQkq -,MODEL_PREDICTION_NOT_EMPIRICAL
JOB-12,B2,1500,maia3-5m,3,f4c1,Bc1,0.12252677232027054,0.9707287074998021,0.7901438020615187,380,25,595,rnb1kb1r/pp2pppp/1q3n2/2pp4/3P1B2/8/PPP1PPPP/RN1QKBNR w KQkq -,MODEL_PREDICTION_NOT_EMPIRICAL
JOB-12,B2,1500,maia3-5m,4,d1c1,Qc1,0.09993823617696762,0.9707287074998021,0.7901438020615187,341,21,638,rnb1kb1r/pp2pppp/1q3n2/2pp4/3P1B2/8/PPP1PPPP/RN1QKBNR w KQkq -,MODEL_PREDICTION_NOT_EMPIRICAL
JOB-12,B2,1500,maia3-5m,5,e2e3,e3,0.09337254613637924,0.9707287074998021,0.7901438020615187,402,23,575,rnb1kb1r/pp2pppp/1q3n2/2pp4/3P1B2/8/PPP1PPPP/RN1QKBNR w KQkq -,MODEL_PREDICTION_NOT_EMPIRICAL
JOB-12,B2,1500,maia3-5m,6,c2c3,c3,0.0484732910990715,0.9707287074998021,0.7901438020615187,345,22,633,rnb1kb1r/pp2pppp/1q3n2/2pp4/3P1B2/8/PPP1PPPP/RN1QKBNR w KQkq -,MODEL_PREDICTION_NOT_EMPIRICAL
JOB-12,B2,1500,maia3-5m,7,f4b8,Bxb8,0.027181563898921013,0.9707287074998021,0.7901438020615187,379,23,598,rnb1kb1r/pp2pppp/1q3n2/2pp4/3P1B2/8/PPP1PPPP/RN1QKBNR w KQkq -,MODEL_PREDICTION_NOT_EMPIRICAL
JOB-12,B2,1500,maia3-5m,8,g1f3,Nf3,0.025544652715325356,0.9707287074998021,0.7901438020615187,390,23,587,rnb1kb1r/pp2pppp/1q3n2/2pp4/3P1B2/8/PPP1PPPP/RN1QKBNR w KQkq -,MODEL_PREDICTION_NOT_EMPIRICAL
JOB-12,B2,1500,maia3-5m,9,b1c3,Nc3,0.008590350858867168,0.9707287074998021,0.7901438020615187,373,22,605,rnb1kb1r/pp2pppp/1q3n2/2pp4/3P1B2/8/PPP1PPPP/RN1QKBNR w KQkq -,MODEL_PREDICTION_NOT_EMPIRICAL
JOB-12,B2,1500,maia3-5m,10,b1d2,Nd2,0.008227521553635597,0.9707287074998021,0.7901438020615187,363,23,614,rnb1kb1r/pp2pppp/1q3n2/2pp4/3P1B2/8/PPP1PPPP/RN1QKBNR w KQkq -,MODEL_PREDICTION_NOT_EMPIRICAL
JOB-12,B2,1700,maia3-5m,1,b2b3,b3,0.33163172006607056,0.9791953642852604,0.7756171400155246,379,24,597,rnb1kb1r/pp2pppp/1q3n2/2pp4/3P1B2/8/PPP1PPPP/RN1QKBNR w KQkq -,MODEL_PREDICTION_NOT_EMPIRICAL
JOB-12,B2,1700,maia3-5m,2,d4c5,dxc5,0.21484898030757904,0.9791953642852604,0.7756171400155246,318,21,661,rnb1kb1r/pp2pppp/1q3n2/2pp4/3P1B2/8/PPP1PPPP/RN1QKBNR w KQkq -,MODEL_PREDICTION_NOT_EMPIRICAL
JOB-12,B2,1700,maia3-5m,3,f4c1,Bc1,0.14312629401683807,0.9791953642852604,0.7756171400155246,373,27,600,rnb1kb1r/pp2pppp/1q3n2/2pp4/3P1B2/8/PPP1PPPP/RN1QKBNR w KQkq -,MODEL_PREDICTION_NOT_EMPIRICAL
JOB-12,B2,1700,maia3-5m,4,d1c1,Qc1,0.1134844645857811,0.9791953642852604,0.7756171400155246,336,23,641,rnb1kb1r/pp2pppp/1q3n2/2pp4/3P1B2/8/PPP1PPPP/RN1QKBNR w KQkq -,MODEL_PREDICTION_NOT_EMPIRICAL
JOB-12,B2,1700,maia3-5m,5,e2e3,e3,0.08317520469427109,0.9791953642852604,0.7756171400155246,407,25,568,rnb1kb1r/pp2pppp/1q3n2/2pp4/3P1B2/8/PPP1PPPP/RN1QKBNR w KQkq -,MODEL_PREDICTION_NOT_EMPIRICAL
JOB-12,B2,1700,maia3-5m,6,c2c3,c3,0.02831178903579712,0.9791953642852604,0.7756171400155246,346,23,631,rnb1kb1r/pp2pppp/1q3n2/2pp4/3P1B2/8/PPP1PPPP/RN1QKBNR w KQkq -,MODEL_PREDICTION_NOT_EMPIRICAL
JOB-12,B2,1700,maia3-5m,7,f4b8,Bxb8,0.028087660670280457,0.9791953642852604,0.7756171400155246,384,24,592,rnb1kb1r/pp2pppp/1q3n2/2pp4/3P1B2/8/PPP1PPPP/RN1QKBNR w KQkq -,MODEL_PREDICTION_NOT_EMPIRICAL
JOB-12,B2,1700,maia3-5m,8,g1f3,Nf3,0.02123502641916275,0.9791953642852604,0.7756171400155246,390,25,585,rnb1kb1r/pp2pppp/1q3n2/2pp4/3P1B2/8/PPP1PPPP/RN1QKBNR w KQkq -,MODEL_PREDICTION_NOT_EMPIRICAL
JOB-12,B2,1700,maia3-5m,9,b1d2,Nd2,0.00865617673844099,0.9791953642852604,0.7756171400155246,363,24,613,rnb1kb1r/pp2pppp/1q3n2/2pp4/3P1B2/8/PPP1PPPP/RN1QKBNR w KQkq -,MODEL_PREDICTION_NOT_EMPIRICAL
JOB-12,B2,1700,maia3-5m,10,b1c3,Nc3,0.006638047751039267,0.9791953642852604,0.7756171400155246,372,23,605,rnb1kb1r/pp2pppp/1q3n2/2pp4/3P1B2/8/PPP1PPPP/RN1QKBNR w KQkq -,MODEL_PREDICTION_NOT_EMPIRICAL
JOB-12,B2,1900,maia3-5m,1,b2b3,b3,0.31179288029670715,0.9834092548117042,0.7707663792980991,366,28,606,rnb1kb1r/pp2pppp/1q3n2/2pp4/3P1B2/8/PPP1PPPP/RN1QKBNR w KQkq -,MODEL_PREDICTION_NOT_EMPIRICAL
JOB-12,B2,1900,maia3-5m,2,d4c5,dxc5,0.2500819265842438,0.9834092548117042,0.7707663792980991,317,25,658,rnb1kb1r/pp2pppp/1q3n2/2pp4/3P1B2/8/PPP1PPPP/RN1QKBNR w KQkq -,MODEL_PREDICTION_NOT_EMPIRICAL
JOB-12,B2,1900,maia3-5m,3,f4c1,Bc1,0.15229257941246033,0.9834092548117042,0.7707663792980991,366,31,603,rnb1kb1r/pp2pppp/1q3n2/2pp4/3P1B2/8/PPP1PPPP/RN1QKBNR w KQkq -,MODEL_PREDICTION_NOT_EMPIRICAL
JOB-12,B2,1900,maia3-5m,4,d1c1,Qc1,0.0997021421790123,0.9834092548117042,0.7707663792980991,329,26,645,rnb1kb1r/pp2pppp/1q3n2/2pp4/3P1B2/8/PPP1PPPP/RN1QKBNR w KQkq -,MODEL_PREDICTION_NOT_EMPIRICAL
JOB-12,B2,1900,maia3-5m,5,e2e3,e3,0.0821937769651413,0.9834092548117042,0.7707663792980991,414,29,557,rnb1kb1r/pp2pppp/1q3n2/2pp4/3P1B2/8/PPP1PPPP/RN1QKBNR w KQkq -,MODEL_PREDICTION_NOT_EMPIRICAL
JOB-12,B2,1900,maia3-5m,6,f4b8,Bxb8,0.03256925940513611,0.9834092548117042,0.7707663792980991,391,28,581,rnb1kb1r/pp2pppp/1q3n2/2pp4/3P1B2/8/PPP1PPPP/RN1QKBNR w KQkq -,MODEL_PREDICTION_NOT_EMPIRICAL
JOB-12,B2,1900,maia3-5m,7,g1f3,Nf3,0.018933849409222603,0.9834092548117042,0.7707663792980991,392,29,579,rnb1kb1r/pp2pppp/1q3n2/2pp4/3P1B2/8/PPP1PPPP/RN1QKBNR w KQkq -,MODEL_PREDICTION_NOT_EMPIRICAL
JOB-12,B2,1900,maia3-5m,8,c2c3,c3,0.018144091591238976,0.9834092548117042,0.7707663792980991,351,26,623,rnb1kb1r/pp2pppp/1q3n2/2pp4/3P1B2/8/PPP1PPPP/RN1QKBNR w KQkq -,MODEL_PREDICTION_NOT_EMPIRICAL
JOB-12,B2,1900,maia3-5m,9,b1d2,Nd2,0.009897319599986076,0.9834092548117042,0.7707663792980991,363,27,610,rnb1kb1r/pp2pppp/1q3n2/2pp4/3P1B2/8/PPP1PPPP/RN1QKBNR w KQkq -,MODEL_PREDICTION_NOT_EMPIRICAL
JOB-12,B2,1900,maia3-5m,10,b1c3,Nc3,0.007801429368555546,0.9834092548117042,0.7707663792980991,374,26,600,rnb1kb1r/pp2pppp/1q3n2/2pp4/3P1B2/8/PPP1PPPP/RN1QKBNR w KQkq -,MODEL_PREDICTION_NOT_EMPIRICAL
JOB-12,B2,2100,maia3-5m,1,d4c5,dxc5,0.3222619593143463,0.9845439186319709,0.7809313291746938,326,33,641,rnb1kb1r/pp2pppp/1q3n2/2pp4/3P1B2/8/PPP1PPPP/RN1QKBNR w KQkq -,MODEL_PREDICTION_NOT_EMPIRICAL
JOB-12,B2,2100,maia3-5m,2,b2b3,b3,0.2301701456308365,0.9845439186319709,0.7809313291746938,348,35,617,rnb1kb1r/pp2pppp/1q3n2/2pp4/3P1B2/8/PPP1PPPP/RN1QKBNR w KQkq -,MODEL_PREDICTION_NOT_EMPIRICAL
JOB-12,B2,2100,maia3-5m,3,f4c1,Bc1,0.1531171202659607,0.9845439186319709,0.7809313291746938,363,39,598,rnb1kb1r/pp2pppp/1q3n2/2pp4/3P1B2/8/PPP1PPPP/RN1QKBNR w KQkq -,MODEL_PREDICTION_NOT_EMPIRICAL
JOB-12,B2,2100,maia3-5m,4,e2e3,e3,0.10001982748508453,0.9845439186319709,0.7809313291746938,415,37,548,rnb1kb1r/pp2pppp/1q3n2/2pp4/3P1B2/8/PPP1PPPP/RN1QKBNR w KQkq -,MODEL_PREDICTION_NOT_EMPIRICAL
JOB-12,B2,2100,maia3-5m,5,d1c1,Qc1,0.08109483122825623,0.9845439186319709,0.7809313291746938,323,33,644,rnb1kb1r/pp2pppp/1q3n2/2pp4/3P1B2/8/PPP1PPPP/RN1QKBNR w KQkq -,MODEL_PREDICTION_NOT_EMPIRICAL
JOB-12,B2,2100,maia3-5m,6,f4b8,Bxb8,0.03897390142083168,0.9845439186319709,0.7809313291746938,396,36,568,rnb1kb1r/pp2pppp/1q3n2/2pp4/3P1B2/8/PPP1PPPP/RN1QKBNR w KQkq -,MODEL_PREDICTION_NOT_EMPIRICAL
JOB-12,B2,2100,maia3-5m,7,g1f3,Nf3,0.019487665966153145,0.9845439186319709,0.7809313291746938,395,36,569,rnb1kb1r/pp2pppp/1q3n2/2pp4/3P1B2/8/PPP1PPPP/RN1QKBNR w KQkq -,MODEL_PREDICTION_NOT_EMPIRICAL
JOB-12,B2,2100,maia3-5m,8,b1c3,Nc3,0.014100813306868076,0.9845439186319709,0.7809313291746938,378,32,590,rnb1kb1r/pp2pppp/1q3n2/2pp4/3P1B2/8/PPP1PPPP/RN1QKBNR w KQkq -,MODEL_PREDICTION_NOT_EMPIRICAL
JOB-12,B2,2100,maia3-5m,9,c2c3,c3,0.013938168995082378,0.9845439186319709,0.7809313291746938,365,34,601,rnb1kb1r/pp2pppp/1q3n2/2pp4/3P1B2/8/PPP1PPPP/RN1QKBNR w KQkq -,MODEL_PREDICTION_NOT_EMPIRICAL
JOB-12,B2,2100,maia3-5m,10,b1d2,Nd2,0.01137948501855135,0.9845439186319709,0.7809313291746938,359,33,608,rnb1kb1r/pp2pppp/1q3n2/2pp4/3P1B2/8/PPP1PPPP/RN1QKBNR w KQkq -,MODEL_PREDICTION_NOT_EMPIRICAL
TOR-10,B2,1100,maia3-5m,1,b2b3,b3,0.4740496873855591,0.9569497415795922,0.7143814996686007,436,19,545,rnb1kb1r/pp2pppp/1q6/2pp4/3PnB2/4PN2/PPP2PPP/RN1QKB1R w KQkq -,MODEL_PREDICTION_NOT_EMPIRICAL
TOR-10,B2,1100,maia3-5m,2,b1c3,Nc3,0.13166797161102295,0.9569497415795922,0.7143814996686007,454,19,527,rnb1kb1r/pp2pppp/1q6/2pp4/3PnB2/4PN2/PPP2PPP/RN1QKB1R w KQkq -,MODEL_PREDICTION_NOT_EMPIRICAL
TOR-10,B2,1100,maia3-5m,3,f1d3,Bd3,0.10652633756399155,0.9569497415795922,0.7143814996686007,391,19,590,rnb1kb1r/pp2pppp/1q6/2pp4/3PnB2/4PN2/PPP2PPP/RN1QKB1R w KQkq -,MODEL_PREDICTION_NOT_EMPIRICAL
TOR-10,B2,1100,maia3-5m,4,d4c5,dxc5,0.05267143249511719,0.9569497415795922,0.7143814996686007,350,18,632,rnb1kb1r/pp2pppp/1q6/2pp4/3PnB2/4PN2/PPP2PPP/RN1QKB1R w KQkq -,MODEL_PREDICTION_NOT_EMPIRICAL
TOR-10,B2,1100,maia3-5m,5,c2c3,c3,0.050436992198228836,0.9569497415795922,0.7143814996686007,381,20,599,rnb1kb1r/pp2pppp/1q6/2pp4/3PnB2/4PN2/PPP2PPP/RN1QKB1R w KQkq -,MODEL_PREDICTION_NOT_EMPIRICAL
TOR-10,B2,1100,maia3-5m,6,d1c1,Qc1,0.049723658710718155,0.9569497415795922,0.7143814996686007,419,19,562,rnb1kb1r/pp2pppp/1q6/2pp4/3PnB2/4PN2/PPP2PPP/RN1QKB1R w KQkq -,MODEL_PREDICTION_NOT_EMPIRICAL
TOR-10,B2,1100,maia3-5m,7,b1d2,Nbd2,0.04789344221353531,0.9569497415795922,0.7143814996686007,459,20,521,rnb1kb1r/pp2pppp/1q6/2pp4/3PnB2/4PN2/PPP2PPP/RN1QKB1R w KQkq -,MODEL_PREDICTION_NOT_EMPIRICAL
TOR-10,B2,1100,maia3-5m,8,c2c4,c4,0.016836632043123245,0.9569497415795922,0.7143814996686007,368,17,615,rnb1kb1r/pp2pppp/1q6/2pp4/3PnB2/4PN2/PPP2PPP/RN1QKB1R w KQkq -,MODEL_PREDICTION_NOT_EMPIRICAL
TOR-10,B2,1100,maia3-5m,9,b1a3,Na3,0.015846021473407745,0.9569497415795922,0.7143814996686007,399,18,583,rnb1kb1r/pp2pppp/1q6/2pp4/3PnB2/4PN2/PPP2PPP/RN1QKB1R w KQkq -,MODEL_PREDICTION_NOT_EMPIRICAL
TOR-10,B2,1100,maia3-5m,10,f3e5,Ne5,0.011297565884888172,0.9569497415795922,0.7143814996686007,381,15,604,rnb1kb1r/pp2pppp/1q6/2pp4/3PnB2/4PN2/PPP2PPP/RN1QKB1R w KQkq -,MODEL_PREDICTION_NOT_EMPIRICAL
TOR-10,B2,1300,maia3-5m,1,b2b3,b3,0.5838956236839294,0.9737708419561386,0.6212063960085329,426,18,556,rnb1kb1r/pp2pppp/1q6/2pp4/3PnB2/4PN2/PPP2PPP/RN1QKB1R w KQkq -,MODEL_PREDICTION_NOT_EMPIRICAL
TOR-10,B2,1300,maia3-5m,2,d1c1,Qc1,0.10209404677152634,0.9737708419561386,0.6212063960085329,414,19,567,rnb1kb1r/pp2pppp/1q6/2pp4/3PnB2/4PN2/PPP2PPP/RN1QKB1R w KQkq -,MODEL_PREDICTION_NOT_EMPIRICAL
TOR-10,B2,1300,maia3-5m,3,b1c3,Nc3,0.07505977898836136,0.9737708419561386,0.6212063960085329,439,19,542,rnb1kb1r/pp2pppp/1q6/2pp4/3PnB2/4PN2/PPP2PPP/RN1QKB1R w KQkq -,MODEL_PREDICTION_NOT_EMPIRICAL
TOR-10,B2,1300,maia3-5m,4,f1d3,Bd3,0.06716390699148178,0.9737708419561386,0.6212063960085329,389,19,592,rnb1kb1r/pp2pppp/1q6/2pp4/3PnB2/4PN2/PPP2PPP/RN1QKB1R w KQkq -,MODEL_PREDICTION_NOT_EMPIRICAL
TOR-10,B2,1300,maia3-5m,5,b1d2,Nbd2,0.045320987701416016,0.9737708419561386,0.6212063960085329,454,20,526,rnb1kb1r/pp2pppp/1q6/2pp4/3PnB2/4PN2/PPP2PPP/RN1QKB1R w KQkq -,MODEL_PREDICTION_NOT_EMPIRICAL
TOR-10,B2,1300,maia3-5m,6,d4c5,dxc5,0.042263224720954895,0.9737708419561386,0.6212063960085329,359,17,624,rnb1kb1r/pp2pppp/1q6/2pp4/3PnB2/4PN2/PPP2PPP/RN1QKB1R w KQkq -,MODEL_PREDICTION_NOT_EMPIRICAL
TOR-10,B2,1300,maia3-5m,7,c2c3,c3,0.03177012875676155,0.9737708419561386,0.6212063960085329,380,20,600,rnb1kb1r/pp2pppp/1q6/2pp4/3PnB2/4PN2/PPP2PPP/RN1QKB1R w KQkq -,MODEL_PREDICTION_NOT_EMPIRICAL
TOR-10,B2,1300,maia3-5m,8,c2c4,c4,0.010343545116484165,0.9737708419561386,0.6212063960085329,374,17,609,rnb1kb1r/pp2pppp/1q6/2pp4/3PnB2/4PN2/PPP2PPP/RN1QKB1R w KQkq -,MODEL_PREDICTION_NOT_EMPIRICAL
TOR-10,B2,1300,maia3-5m,9,b1a3,Na3,0.008154786191880703,0.9737708419561386,0.6212063960085329,400,17,583,rnb1kb1r/pp2pppp/1q6/2pp4/3PnB2/4PN2/PPP2PPP/RN1QKB1R w KQkq -,MODEL_PREDICTION_NOT_EMPIRICAL
TOR-10,B2,1300,maia3-5m,10,f4b8,Bxb8,0.0077048130333423615,0.9737708419561386,0.6212063960085329,390,19,591,rnb1kb1r/pp2pppp/1q6/2pp4/3PnB2/4PN2/PPP2PPP/RN1QKB1R w KQkq -,MODEL_PREDICTION_NOT_EMPIRICAL
TOR-10,B2,1500,maia3-5m,1,b2b3,b3,0.586542546749115,0.9848759393207729,0.5824091958281902,424,20,556,rnb1kb1r/pp2pppp/1q6/2pp4/3PnB2/4PN2/PPP2PPP/RN1QKB1R w KQkq -,MODEL_PREDICTION_NOT_EMPIRICAL
TOR-10,B2,1500,maia3-5m,2,d1c1,Qc1,0.18846046924591064,0.9848759393207729,0.5824091958281902,414,21,565,rnb1kb1r/pp2pppp/1q6/2pp4/3PnB2/4PN2/PPP2PPP/RN1QKB1R w KQkq -,MODEL_PREDICTION_NOT_EMPIRICAL
TOR-10,B2,1500,maia3-5m,3,b1c3,Nc3,0.047772303223609924,0.9848759393207729,0.5824091958281902,425,20,555,rnb1kb1r/pp2pppp/1q6/2pp4/3PnB2/4PN2/PPP2PPP/RN1QKB1R w KQkq -,MODEL_PREDICTION_NOT_EMPIRICAL
TOR-10,B2,1500,maia3-5m,4,b1d2,Nbd2,0.04474595561623573,0.9848759393207729,0.5824091958281902,454,22,524,rnb1kb1r/pp2pppp/1q6/2pp4/3PnB2/4PN2/PPP2PPP/RN1QKB1R w KQkq -,MODEL_PREDICTION_NOT_EMPIRICAL
TOR-10,B2,1500,maia3-5m,5,f1d3,Bd3,0.041020024567842484,0.9848759393207729,0.5824091958281902,390,20,590,rnb1kb1r/pp2pppp/1q6/2pp4/3PnB2/4PN2/PPP2PPP/RN1QKB1R w KQkq -,MODEL_PREDICTION_NOT_EMPIRICAL
TOR-10,B2,1500,maia3-5m,6,d4c5,dxc5,0.03713853284716606,0.9848759393207729,0.5824091958281902,378,17,605,rnb1kb1r/pp2pppp/1q6/2pp4/3PnB2/4PN2/PPP2PPP/RN1QKB1R w KQkq -,MODEL_PREDICTION_NOT_EMPIRICAL
TOR-10,B2,1500,maia3-5m,7,c2c3,c3,0.019266150891780853,0.9848759393207729,0.5824091958281902,387,21,592,rnb1kb1r/pp2pppp/1q6/2pp4/3PnB2/4PN2/PPP2PPP/RN1QKB1R w KQkq -,MODEL_PREDICTION_NOT_EMPIRICAL
TOR-10,B2,1500,maia3-5m,8,c2c4,c4,0.0070640030317008495,0.9848759393207729,0.5824091958281902,383,18,599,rnb1kb1r/pp2pppp/1q6/2pp4/3PnB2/4PN2/PPP2PPP/RN1QKB1R w KQkq -,MODEL_PREDICTION_NOT_EMPIRICAL
TOR-10,B2,1500,maia3-5m,9,f1e2,Be2,0.006662605796009302,0.9848759393207729,0.5824091958281902,404,20,576,rnb1kb1r/pp2pppp/1q6/2pp4/3PnB2/4PN2/PPP2PPP/RN1QKB1R w KQkq -,MODEL_PREDICTION_NOT_EMPIRICAL
TOR-10,B2,1500,maia3-5m,10,f4b8,Bxb8,0.006203347351402044,0.9848759393207729,0.5824091958281902,390,20,590,rnb1kb1r/pp2pppp/1q6/2pp4/3PnB2/4PN2/PPP2PPP/RN1QKB1R w KQkq -,MODEL_PREDICTION_NOT_EMPIRICAL
TOR-10,B2,1700,maia3-5m,1,b2b3,b3,0.5203320384025574,0.9904322982765734,0.5759466604753558,433,22,545,rnb1kb1r/pp2pppp/1q6/2pp4/3PnB2/4PN2/PPP2PPP/RN1QKB1R w KQkq -,MODEL_PREDICTION_NOT_EMPIRICAL
TOR-10,B2,1700,maia3-5m,2,d1c1,Qc1,0.29029250144958496,0.9904322982765734,0.5759466604753558,424,23,553,rnb1kb1r/pp2pppp/1q6/2pp4/3PnB2/4PN2/PPP2PPP/RN1QKB1R w KQkq -,MODEL_PREDICTION_NOT_EMPIRICAL
TOR-10,B2,1700,maia3-5m,3,b1d2,Nbd2,0.051923129707574844,0.9904322982765734,0.5759466604753558,467,24,509,rnb1kb1r/pp2pppp/1q6/2pp4/3PnB2/4PN2/PPP2PPP/RN1QKB1R w KQkq -,MODEL_PREDICTION_NOT_EMPIRICAL
TOR-10,B2,1700,maia3-5m,4,b1c3,Nc3,0.04074086621403694,0.9904322982765734,0.5759466604753558,419,21,560,rnb1kb1r/pp2pppp/1q6/2pp4/3PnB2/4PN2/PPP2PPP/RN1QKB1R w KQkq -,MODEL_PREDICTION_NOT_EMPIRICAL
TOR-10,B2,1700,maia3-5m,5,d4c5,dxc5,0.03519545495510101,0.9904322982765734,0.5759466604753558,393,18,589,rnb1kb1r/pp2pppp/1q6/2pp4/3PnB2/4PN2/PPP2PPP/RN1QKB1R w KQkq -,MODEL_PREDICTION_NOT_EMPIRICAL
TOR-10,B2,1700,maia3-5m,6,f1d3,Bd3,0.024609366431832314,0.9904322982765734,0.5759466604753558,403,22,575,rnb1kb1r/pp2pppp/1q6/2pp4/3PnB2/4PN2/PPP2PPP/RN1QKB1R w KQkq -,MODEL_PREDICTION_NOT_EMPIRICAL
TOR-10,B2,1700,maia3-5m,7,c2c3,c3,0.011694715358316898,0.9904322982765734,0.5759466604753558,401,23,576,rnb1kb1r/pp2pppp/1q6/2pp4/3PnB2/4PN2/PPP2PPP/RN1QKB1R w KQkq -,MODEL_PREDICTION_NOT_EMPIRICAL
TOR-10,B2,1700,maia3-5m,8,f1e2,Be2,0.0054972218349576,0.9904322982765734,0.5759466604753558,415,22,563,rnb1kb1r/pp2pppp/1q6/2pp4/3PnB2/4PN2/PPP2PPP/RN1QKB1R w KQkq -,MODEL_PREDICTION_NOT_EMPIRICAL
TOR-10,B2,1700,maia3-5m,9,f4b8,Bxb8,0.005075747147202492,0.9904322982765734,0.5759466604753558,403,21,576,rnb1kb1r/pp2pppp/1q6/2pp4/3PnB2/4PN2/PPP2PPP/RN1QKB1R w KQkq -,MODEL_PREDICTION_NOT_EMPIRICAL
TOR-10,B2,1700,maia3-5m,10,c2c4,c4,0.005071256775408983,0.9904322982765734,0.5759466604753558,401,19,580,rnb1kb1r/pp2pppp/1q6/2pp4/3PnB2/4PN2/PPP2PPP/RN1QKB1R w KQkq -,MODEL_PREDICTION_NOT_EMPIRICAL
TOR-10,B2,1900,maia3-5m,1,b2b3,b3,0.4220800995826721,0.9937728671357036,0.5822170232503873,446,26,528,rnb1kb1r/pp2pppp/1q6/2pp4/3PnB2/4PN2/PPP2PPP/RN1QKB1R w KQkq -,MODEL_PREDICTION_NOT_EMPIRICAL
TOR-10,B2,1900,maia3-5m,2,d1c1,Qc1,0.38821667432785034,0.9937728671357036,0.5822170232503873,433,27,540,rnb1kb1r/pp2pppp/1q6/2pp4/3PnB2/4PN2/PPP2PPP/RN1QKB1R w KQkq -,MODEL_PREDICTION_NOT_EMPIRICAL
TOR-10,B2,1900,maia3-5m,3,b1d2,Nbd2,0.06551418453454971,0.9937728671357036,0.5822170232503873,479,29,492,rnb1kb1r/pp2pppp/1q6/2pp4/3PnB2/4PN2/PPP2PPP/RN1QKB1R w KQkq -,MODEL_PREDICTION_NOT_EMPIRICAL
TOR-10,B2,1900,maia3-5m,4,b1c3,Nc3,0.05009971559047699,0.9937728671357036,0.5822170232503873,424,25,551,rnb1kb1r/pp2pppp/1q6/2pp4/3PnB2/4PN2/PPP2PPP/RN1QKB1R w KQkq -,MODEL_PREDICTION_NOT_EMPIRICAL
TOR-10,B2,1900,maia3-5m,5,d4c5,dxc5,0.03305129334330559,0.9937728671357036,0.5822170232503873,412,21,567,rnb1kb1r/pp2pppp/1q6/2pp4/3PnB2/4PN2/PPP2PPP/RN1QKB1R w KQkq -,MODEL_PREDICTION_NOT_EMPIRICAL
TOR-10,B2,1900,maia3-5m,6,f1d3,Bd3,0.01446260791271925,0.9937728671357036,0.5822170232503873,420,26,554,rnb1kb1r/pp2pppp/1q6/2pp4/3PnB2/4PN2/PPP2PPP/RN1QKB1R w KQkq -,MODEL_PREDICTION_NOT_EMPIRICAL
TOR-10,B2,1900,maia3-5m,7,c2c3,c3,0.007244767155498266,0.9937728671357036,0.5822170232503873,422,26,552,rnb1kb1r/pp2pppp/1q6/2pp4/3PnB2/4PN2/PPP2PPP/RN1QKB1R w KQkq -,MODEL_PREDICTION_NOT_EMPIRICAL
TOR-10,B2,1900,maia3-5m,8,b1a3,Na3,0.005445930175483227,0.9937728671357036,0.5822170232503873,427,22,551,rnb1kb1r/pp2pppp/1q6/2pp4/3PnB2/4PN2/PPP2PPP/RN1QKB1R w KQkq -,MODEL_PREDICTION_NOT_EMPIRICAL
TOR-10,B2,1900,maia3-5m,9,c2c4,c4,0.0038897672202438116,0.9937728671357036,0.5822170232503873,427,23,550,rnb1kb1r/pp2pppp/1q6/2pp4/3PnB2/4PN2/PPP2PPP/RN1QKB1R w KQkq -,MODEL_PREDICTION_NOT_EMPIRICAL
TOR-10,B2,1900,maia3-5m,10,f4b8,Bxb8,0.0037678272929042578,0.9937728671357036,0.5822170232503873,415,25,560,rnb1kb1r/pp2pppp/1q6/2pp4/3PnB2/4PN2/PPP2PPP/RN1QKB1R w KQkq -,MODEL_PREDICTION_NOT_EMPIRICAL
TOR-10,B2,2100,maia3-5m,1,d1c1,Qc1,0.47863519191741943,0.9967624365817755,0.5925098846778137,427,35,538,rnb1kb1r/pp2pppp/1q6/2pp4/3PnB2/4PN2/PPP2PPP/RN1QKB1R w KQkq -,MODEL_PREDICTION_NOT_EMPIRICAL
TOR-10,B2,2100,maia3-5m,2,b2b3,b3,0.2990952432155609,0.9967624365817755,0.5925098846778137,442,34,524,rnb1kb1r/pp2pppp/1q6/2pp4/3PnB2/4PN2/PPP2PPP/RN1QKB1R w KQkq -,MODEL_PREDICTION_NOT_EMPIRICAL
TOR-10,B2,2100,maia3-5m,3,b1c3,Nc3,0.08556270599365234,0.9967624365817755,0.5925098846778137,432,31,537,rnb1kb1r/pp2pppp/1q6/2pp4/3PnB2/4PN2/PPP2PPP/RN1QKB1R w KQkq -,MODEL_PREDICTION_NOT_EMPIRICAL
TOR-10,B2,2100,maia3-5m,4,b1d2,Nbd2,0.07759948074817657,0.9967624365817755,0.5925098846778137,480,37,483,rnb1kb1r/pp2pppp/1q6/2pp4/3PnB2/4PN2/PPP2PPP/RN1QKB1R w KQkq -,MODEL_PREDICTION_NOT_EMPIRICAL
TOR-10,B2,2100,maia3-5m,5,d4c5,dxc5,0.02822306752204895,0.9967624365817755,0.5925098846778137,434,28,538,rnb1kb1r/pp2pppp/1q6/2pp4/3PnB2/4PN2/PPP2PPP/RN1QKB1R w KQkq -,MODEL_PREDICTION_NOT_EMPIRICAL
TOR-10,B2,2100,maia3-5m,6,f1d3,Bd3,0.008828072808682919,0.9967624365817755,0.5925098846778137,440,34,526,rnb1kb1r/pp2pppp/1q6/2pp4/3PnB2/4PN2/PPP2PPP/RN1QKB1R w KQkq -,MODEL_PREDICTION_NOT_EMPIRICAL
TOR-10,B2,2100,maia3-5m,7,b1a3,Na3,0.007375146262347698,0.9967624365817755,0.5925098846778137,437,29,534,rnb1kb1r/pp2pppp/1q6/2pp4/3PnB2/4PN2/PPP2PPP/RN1QKB1R w KQkq -,MODEL_PREDICTION_NOT_EMPIRICAL
TOR-10,B2,2100,maia3-5m,8,c2c3,c3,0.004940576385706663,0.9967624365817755,0.5925098846778137,448,33,519,rnb1kb1r/pp2pppp/1q6/2pp4/3PnB2/4PN2/PPP2PPP/RN1QKB1R w KQkq -,MODEL_PREDICTION_NOT_EMPIRICAL
TOR-10,B2,2100,maia3-5m,9,c2c4,c4,0.004103865474462509,0.9967624365817755,0.5925098846778137,451,30,519,rnb1kb1r/pp2pppp/1q6/2pp4/3PnB2/4PN2/PPP2PPP/RN1QKB1R w KQkq -,MODEL_PREDICTION_NOT_EMPIRICAL
TOR-10,B2,2100,maia3-5m,10,f4b8,Bxb8,0.0023990862537175417,0.9967624365817755,0.5925098846778137,434,33,533,rnb1kb1r/pp2pppp/1q6/2pp4/3PnB2/4PN2/PPP2PPP/RN1QKB1R w KQkq -,MODEL_PREDICTION_NOT_EMPIRICAL
LON-01,B3,1100,maia3-5m,1,b1d2,Nbd2,0.321534126996994,0.9794362122192979,0.8041187091146741,473,46,481,r1b1kb1r/1p2pppp/1pn2n2/3p4/2pP1B2/2P1PN2/PP3PPP/RN2KB1R w KQkq -,MODEL_PREDICTION_NOT_EMPIRICAL
LON-01,B3,1100,maia3-5m,2,f1e2,Be2,0.1862047165632248,0.9794362122192979,0.8041187091146741,453,46,501,r1b1kb1r/1p2pppp/1pn2n2/3p4/2pP1B2/2P1PN2/PP3PPP/RN2KB1R w KQkq -,MODEL_PREDICTION_NOT_EMPIRICAL
LON-01,B3,1100,maia3-5m,3,f3e5,Ne5,0.12826412916183472,0.9794362122192979,0.8041187091146741,474,51,475,r1b1kb1r/1p2pppp/1pn2n2/3p4/2pP1B2/2P1PN2/PP3PPP/RN2KB1R w KQkq -,MODEL_PREDICTION_NOT_EMPIRICAL
LON-01,B3,1100,maia3-5m,4,b2b3,b3,0.1223708763718605,0.9794362122192979,0.8041187091146741,419,45,536,r1b1kb1r/1p2pppp/1pn2n2/3p4/2pP1B2/2P1PN2/PP3PPP/RN2KB1R w KQkq -,MODEL_PREDICTION_NOT_EMPIRICAL
LON-01,B3,1100,maia3-5m,5,b1a3,Na3,0.10283239930868149,0.9794362122192979,0.8041187091146741,493,44,463,r1b1kb1r/1p2pppp/1pn2n2/3p4/2pP1B2/2P1PN2/PP3PPP/RN2KB1R w KQkq -,MODEL_PREDICTION_NOT_EMPIRICAL
LON-01,B3,1100,maia3-5m,6,a2a3,a3,0.05253187194466591,0.9794362122192979,0.8041187091146741,457,46,497,r1b1kb1r/1p2pppp/1pn2n2/3p4/2pP1B2/2P1PN2/PP3PPP/RN2KB1R w KQkq -,MODEL_PREDICTION_NOT_EMPIRICAL
LON-01,B3,1100,maia3-5m,7,f4c7,Bc7,0.02717355266213417,0.9794362122192979,0.8041187091146741,495,46,459,r1b1kb1r/1p2pppp/1pn2n2/3p4/2pP1B2/2P1PN2/PP3PPP/RN2KB1R w KQkq -,MODEL_PREDICTION_NOT_EMPIRICAL
LON-01,B3,1100,maia3-5m,8,b2b4,b4,0.016214435920119286,0.9794362122192979,0.8041187091146741,432,45,523,r1b1kb1r/1p2pppp/1pn2n2/3p4/2pP1B2/2P1PN2/PP3PPP/RN2KB1R w KQkq -,MODEL_PREDICTION_NOT_EMPIRICAL
LON-01,B3,1100,maia3-5m,9,a2a4,a4,0.0136044817045331,0.9794362122192979,0.8041187091146741,451,43,506,r1b1kb1r/1p2pppp/1pn2n2/3p4/2pP1B2/2P1PN2/PP3PPP/RN2KB1R w KQkq -,MODEL_PREDICTION_NOT_EMPIRICAL
LON-01,B3,1100,maia3-5m,10,h2h3,h3,0.0087056215852499,0.9794362122192979,0.8041187091146741,475,45,480,r1b1kb1r/1p2pppp/1pn2n2/3p4/2pP1B2/2P1PN2/PP3PPP/RN2KB1R w KQkq -,MODEL_PREDICTION_NOT_EMPIRICAL
LON-01,B3,1300,maia3-5m,1,b1d2,Nbd2,0.3343777358531952,0.9863468213006854,0.7905900710157965,481,45,474,r1b1kb1r/1p2pppp/1pn2n2/3p4/2pP1B2/2P1PN2/PP3PPP/RN2KB1R w KQkq -,MODEL_PREDICTION_NOT_EMPIRICAL
LON-01,B3,1300,maia3-5m,2,f1e2,Be2,0.22428901493549347,0.9863468213006854,0.7905900710157965,463,44,493,r1b1kb1r/1p2pppp/1pn2n2/3p4/2pP1B2/2P1PN2/PP3PPP/RN2KB1R w KQkq -,MODEL_PREDICTION_NOT_EMPIRICAL
LON-01,B3,1300,maia3-5m,3,b2b3,b3,0.11366651952266693,0.9863468213006854,0.7905900710157965,413,42,545,r1b1kb1r/1p2pppp/1pn2n2/3p4/2pP1B2/2P1PN2/PP3PPP/RN2KB1R w KQkq -,MODEL_PREDICTION_NOT_EMPIRICAL
LON-01,B3,1300,maia3-5m,4,f3e5,Ne5,0.10405470430850983,0.9863468213006854,0.7905900710157965,476,48,476,r1b1kb1r/1p2pppp/1pn2n2/3p4/2pP1B2/2P1PN2/PP3PPP/RN2KB1R w KQkq -,MODEL_PREDICTION_NOT_EMPIRICAL
LON-01,B3,1300,maia3-5m,5,b1a3,Na3,0.08221926540136337,0.9863468213006854,0.7905900710157965,504,43,453,r1b1kb1r/1p2pppp/1pn2n2/3p4/2pP1B2/2P1PN2/PP3PPP/RN2KB1R w KQkq -,MODEL_PREDICTION_NOT_EMPIRICAL
LON-01,B3,1300,maia3-5m,6,a2a3,a3,0.0661616325378418,0.9863468213006854,0.7905900710157965,464,45,491,r1b1kb1r/1p2pppp/1pn2n2/3p4/2pP1B2/2P1PN2/PP3PPP/RN2KB1R w KQkq -,MODEL_PREDICTION_NOT_EMPIRICAL
LON-01,B3,1300,maia3-5m,7,f4c7,Bc7,0.02780088037252426,0.9863468213006854,0.7905900710157965,504,45,451,r1b1kb1r/1p2pppp/1pn2n2/3p4/2pP1B2/2P1PN2/PP3PPP/RN2KB1R w KQkq -,MODEL_PREDICTION_NOT_EMPIRICAL
LON-01,B3,1300,maia3-5m,8,a2a4,a4,0.011838461272418499,0.9863468213006854,0.7905900710157965,454,42,504,r1b1kb1r/1p2pppp/1pn2n2/3p4/2pP1B2/2P1PN2/PP3PPP/RN2KB1R w KQkq -,MODEL_PREDICTION_NOT_EMPIRICAL
LON-01,B3,1300,maia3-5m,9,b2b4,b4,0.01131367590278387,0.9863468213006854,0.7905900710157965,443,43,514,r1b1kb1r/1p2pppp/1pn2n2/3p4/2pP1B2/2P1PN2/PP3PPP/RN2KB1R w KQkq -,MODEL_PREDICTION_NOT_EMPIRICAL
LON-01,B3,1300,maia3-5m,10,h2h3,h3,0.010624931193888187,0.9863468213006854,0.7905900710157965,477,45,478,r1b1kb1r/1p2pppp/1pn2n2/3p4/2pP1B2/2P1PN2/PP3PPP/RN2KB1R w KQkq -,MODEL_PREDICTION_NOT_EMPIRICAL
LON-01,B3,1500,maia3-5m,1,b1d2,Nbd2,0.36494988203048706,0.9903373951092362,0.7636318614894163,478,46,476,r1b1kb1r/1p2pppp/1pn2n2/3p4/2pP1B2/2P1PN2/PP3PPP/RN2KB1R w KQkq -,MODEL_PREDICTION_NOT_EMPIRICAL
LON-01,B3,1500,maia3-5m,2,f1e2,Be2,0.24413920938968658,0.9903373951092362,0.7636318614894163,462,45,493,r1b1kb1r/1p2pppp/1pn2n2/3p4/2pP1B2/2P1PN2/PP3PPP/RN2KB1R w KQkq -,MODEL_PREDICTION_NOT_EMPIRICAL
LON-01,B3,1500,maia3-5m,3,b2b3,b3,0.09379895031452179,0.9903373951092362,0.7636318614894163,403,41,556,r1b1kb1r/1p2pppp/1pn2n2/3p4/2pP1B2/2P1PN2/PP3PPP/RN2KB1R w KQkq -,MODEL_PREDICTION_NOT_EMPIRICAL
LON-01,B3,1500,maia3-5m,4,a2a3,a3,0.0837060883641243,0.9903373951092362,0.7636318614894163,460,46,494,r1b1kb1r/1p2pppp/1pn2n2/3p4/2pP1B2/2P1PN2/PP3PPP/RN2KB1R w KQkq -,MODEL_PREDICTION_NOT_EMPIRICAL
LON-01,B3,1500,maia3-5m,5,f3e5,Ne5,0.0832202285528183,0.9903373951092362,0.7636318614894163,473,49,478,r1b1kb1r/1p2pppp/1pn2n2/3p4/2pP1B2/2P1PN2/PP3PPP/RN2KB1R w KQkq -,MODEL_PREDICTION_NOT_EMPIRICAL
LON-01,B3,1500,maia3-5m,6,b1a3,Na3,0.06396056711673737,0.9903373951092362,0.7636318614894163,505,43,452,r1b1kb1r/1p2pppp/1pn2n2/3p4/2pP1B2/2P1PN2/PP3PPP/RN2KB1R w KQkq -,MODEL_PREDICTION_NOT_EMPIRICAL
LON-01,B3,1500,maia3-5m,7,f4c7,Bc7,0.026584021747112274,0.9903373951092362,0.7636318614894163,506,46,448,r1b1kb1r/1p2pppp/1pn2n2/3p4/2pP1B2/2P1PN2/PP3PPP/RN2KB1R w KQkq -,MODEL_PREDICTION_NOT_EMPIRICAL
LON-01,B3,1500,maia3-5m,8,h2h3,h3,0.012821939773857594,0.9903373951092362,0.7636318614894163,472,46,482,r1b1kb1r/1p2pppp/1pn2n2/3p4/2pP1B2/2P1PN2/PP3PPP/RN2KB1R w KQkq -,MODEL_PREDICTION_NOT_EMPIRICAL
LON-01,B3,1500,maia3-5m,9,a2a4,a4,0.009465284645557404,0.9903373951092362,0.7636318614894163,455,43,502,r1b1kb1r/1p2pppp/1pn2n2/3p4/2pP1B2/2P1PN2/PP3PPP/RN2KB1R w KQkq -,MODEL_PREDICTION_NOT_EMPIRICAL
LON-01,B3,1500,maia3-5m,10,b2b4,b4,0.007691223174333572,0.9903373951092362,0.7636318614894163,444,43,513,r1b1kb1r/1p2pppp/1pn2n2/3p4/2pP1B2/2P1PN2/PP3PPP/RN2KB1R w KQkq -,MODEL_PREDICTION_NOT_EMPIRICAL
LON-01,B3,1700,maia3-5m,1,b1d2,Nbd2,0.41527071595191956,0.9929969608783722,0.7232765727908094,473,48,479,r1b1kb1r/1p2pppp/1pn2n2/3p4/2pP1B2/2P1PN2/PP3PPP/RN2KB1R w KQkq -,MODEL_PREDICTION_NOT_EMPIRICAL
LON-01,B3,1700,maia3-5m,2,f1e2,Be2,0.23937265574932098,0.9929969608783722,0.7232765727908094,459,48,493,r1b1kb1r/1p2pppp/1pn2n2/3p4/2pP1B2/2P1PN2/PP3PPP/RN2KB1R w KQkq -,MODEL_PREDICTION_NOT_EMPIRICAL
LON-01,B3,1700,maia3-5m,3,a2a3,a3,0.10965321213006973,0.9929969608783722,0.7232765727908094,454,48,498,r1b1kb1r/1p2pppp/1pn2n2/3p4/2pP1B2/2P1PN2/PP3PPP/RN2KB1R w KQkq -,MODEL_PREDICTION_NOT_EMPIRICAL
LON-01,B3,1700,maia3-5m,4,b2b3,b3,0.06438574194908142,0.9929969608783722,0.7232765727908094,388,41,571,r1b1kb1r/1p2pppp/1pn2n2/3p4/2pP1B2/2P1PN2/PP3PPP/RN2KB1R w KQkq -,MODEL_PREDICTION_NOT_EMPIRICAL
LON-01,B3,1700,maia3-5m,5,f3e5,Ne5,0.06121727451682091,0.9929969608783722,0.7232765727908094,472,51,477,r1b1kb1r/1p2pppp/1pn2n2/3p4/2pP1B2/2P1PN2/PP3PPP/RN2KB1R w KQkq -,MODEL_PREDICTION_NOT_EMPIRICAL
LON-01,B3,1700,maia3-5m,6,b1a3,Na3,0.052382390946149826,0.9929969608783722,0.7232765727908094,505,45,450,r1b1kb1r/1p2pppp/1pn2n2/3p4/2pP1B2/2P1PN2/PP3PPP/RN2KB1R w KQkq -,MODEL_PREDICTION_NOT_EMPIRICAL
LON-01,B3,1700,maia3-5m,7,f4c7,Bc7,0.022991511970758438,0.9929969608783722,0.7232765727908094,504,49,447,r1b1kb1r/1p2pppp/1pn2n2/3p4/2pP1B2/2P1PN2/PP3PPP/RN2KB1R w KQkq -,MODEL_PREDICTION_NOT_EMPIRICAL
LON-01,B3,1700,maia3-5m,8,h2h3,h3,0.015126004815101624,0.9929969608783722,0.7232765727908094,469,48,483,r1b1kb1r/1p2pppp/1pn2n2/3p4/2pP1B2/2P1PN2/PP3PPP/RN2KB1R w KQkq -,MODEL_PREDICTION_NOT_EMPIRICAL
LON-01,B3,1700,maia3-5m,9,a2a4,a4,0.007483053021132946,0.9929969608783722,0.7232765727908094,450,45,505,r1b1kb1r/1p2pppp/1pn2n2/3p4/2pP1B2/2P1PN2/PP3PPP/RN2KB1R w KQkq -,MODEL_PREDICTION_NOT_EMPIRICAL
LON-01,B3,1700,maia3-5m,10,b2b4,b4,0.005114399828016758,0.9929969608783722,0.7232765727908094,436,43,521,r1b1kb1r/1p2pppp/1pn2n2/3p4/2pP1B2/2P1PN2/PP3PPP/RN2KB1R w KQkq -,MODEL_PREDICTION_NOT_EMPIRICAL
LON-01,B3,1900,maia3-5m,1,b1d2,Nbd2,0.4805886745452881,0.9947660949546844,0.6684652057334052,455,53,492,r1b1kb1r/1p2pppp/1pn2n2/3p4/2pP1B2/2P1PN2/PP3PPP/RN2KB1R w KQkq -,MODEL_PREDICTION_NOT_EMPIRICAL
LON-01,B3,1900,maia3-5m,2,f1e2,Be2,0.20277339220046997,0.9947660949546844,0.6684652057334052,443,52,505,r1b1kb1r/1p2pppp/1pn2n2/3p4/2pP1B2/2P1PN2/PP3PPP/RN2KB1R w KQkq -,MODEL_PREDICTION_NOT_EMPIRICAL
LON-01,B3,1900,maia3-5m,3,a2a3,a3,0.14075256884098053,0.9947660949546844,0.6684652057334052,438,53,509,r1b1kb1r/1p2pppp/1pn2n2/3p4/2pP1B2/2P1PN2/PP3PPP/RN2KB1R w KQkq -,MODEL_PREDICTION_NOT_EMPIRICAL
LON-01,B3,1900,maia3-5m,4,b1a3,Na3,0.05350472033023834,0.9947660949546844,0.6684652057334052,504,49,447,r1b1kb1r/1p2pppp/1pn2n2/3p4/2pP1B2/2P1PN2/PP3PPP/RN2KB1R w KQkq -,MODEL_PREDICTION_NOT_EMPIRICAL
LON-01,B3,1900,maia3-5m,5,f3e5,Ne5,0.04053433984518051,0.9947660949546844,0.6684652057334052,455,56,489,r1b1kb1r/1p2pppp/1pn2n2/3p4/2pP1B2/2P1PN2/PP3PPP/RN2KB1R w KQkq -,MODEL_PREDICTION_NOT_EMPIRICAL
LON-01,B3,1900,maia3-5m,6,b2b3,b3,0.03296801820397377,0.9947660949546844,0.6684652057334052,370,44,586,r1b1kb1r/1p2pppp/1pn2n2/3p4/2pP1B2/2P1PN2/PP3PPP/RN2KB1R w KQkq -,MODEL_PREDICTION_NOT_EMPIRICAL
LON-01,B3,1900,maia3-5m,7,f4c7,Bc7,0.01815042831003666,0.9947660949546844,0.6684652057334052,490,54,456,r1b1kb1r/1p2pppp/1pn2n2/3p4/2pP1B2/2P1PN2/PP3PPP/RN2KB1R w KQkq -,MODEL_PREDICTION_NOT_EMPIRICAL
LON-01,B3,1900,maia3-5m,8,h2h3,h3,0.01669722981750965,0.9947660949546844,0.6684652057334052,450,53,497,r1b1kb1r/1p2pppp/1pn2n2/3p4/2pP1B2/2P1PN2/PP3PPP/RN2KB1R w KQkq -,MODEL_PREDICTION_NOT_EMPIRICAL
LON-01,B3,1900,maia3-5m,9,a2a4,a4,0.0057423729449510574,0.9947660949546844,0.6684652057334052,433,50,517,r1b1kb1r/1p2pppp/1pn2n2/3p4/2pP1B2/2P1PN2/PP3PPP/RN2KB1R w KQkq -,MODEL_PREDICTION_NOT_EMPIRICAL
LON-01,B3,1900,maia3-5m,10,b2b4,b4,0.0030543499160557985,0.9947660949546844,0.6684652057334052,419,46,535,r1b1kb1r/1p2pppp/1pn2n2/3p4/2pP1B2/2P1PN2/PP3PPP/RN2KB1R w KQkq -,MODEL_PREDICTION_NOT_EMPIRICAL
LON-01,B3,2100,maia3-5m,1,b1d2,Nbd2,0.5218155980110168,0.9954148614779115,0.6311385743425975,432,63,505,r1b1kb1r/1p2pppp/1pn2n2/3p4/2pP1B2/2P1PN2/PP3PPP/RN2KB1R w KQkq -,MODEL_PREDICTION_NOT_EMPIRICAL
LON-01,B3,2100,maia3-5m,2,a2a3,a3,0.1564430445432663,0.9954148614779115,0.6311385743425975,423,64,513,r1b1kb1r/1p2pppp/1pn2n2/3p4/2pP1B2/2P1PN2/PP3PPP/RN2KB1R w KQkq -,MODEL_PREDICTION_NOT_EMPIRICAL
LON-01,B3,2100,maia3-5m,3,f1e2,Be2,0.15120121836662292,0.9954148614779115,0.6311385743425975,425,62,513,r1b1kb1r/1p2pppp/1pn2n2/3p4/2pP1B2/2P1PN2/PP3PPP/RN2KB1R w KQkq -,MODEL_PREDICTION_NOT_EMPIRICAL
LON-01,B3,2100,maia3-5m,4,b1a3,Na3,0.08536507934331894,0.9954148614779115,0.6311385743425975,492,56,452,r1b1kb1r/1p2pppp/1pn2n2/3p4/2pP1B2/2P1PN2/PP3PPP/RN2KB1R w KQkq -,MODEL_PREDICTION_NOT_EMPIRICAL
LON-01,B3,2100,maia3-5m,5,f3e5,Ne5,0.029276911169290543,0.9954148614779115,0.6311385743425975,428,67,505,r1b1kb1r/1p2pppp/1pn2n2/3p4/2pP1B2/2P1PN2/PP3PPP/RN2KB1R w KQkq -,MODEL_PREDICTION_NOT_EMPIRICAL
LON-01,B3,2100,maia3-5m,6,h2h3,h3,0.016024915501475334,0.9954148614779115,0.6311385743425975,429,63,508,r1b1kb1r/1p2pppp/1pn2n2/3p4/2pP1B2/2P1PN2/PP3PPP/RN2KB1R w KQkq -,MODEL_PREDICTION_NOT_EMPIRICAL
LON-01,B3,2100,maia3-5m,7,b2b3,b3,0.015450949780642986,0.9954148614779115,0.6311385743425975,349,50,601,r1b1kb1r/1p2pppp/1pn2n2/3p4/2pP1B2/2P1PN2/PP3PPP/RN2KB1R w KQkq -,MODEL_PREDICTION_NOT_EMPIRICAL
LON-01,B3,2100,maia3-5m,8,f4c7,Bc7,0.013810335658490658,0.9954148614779115,0.6311385743425975,464,65,471,r1b1kb1r/1p2pppp/1pn2n2/3p4/2pP1B2/2P1PN2/PP3PPP/RN2KB1R w KQkq -,MODEL_PREDICTION_NOT_EMPIRICAL
LON-01,B3,2100,maia3-5m,9,a2a4,a4,0.0038800272159278393,0.9954148614779115,0.6311385743425975,418,59,523,r1b1kb1r/1p2pppp/1pn2n2/3p4/2pP1B2/2P1PN2/PP3PPP/RN2KB1R w KQkq -,MODEL_PREDICTION_NOT_EMPIRICAL
LON-01,B3,2100,maia3-5m,10,f3d2,Nfd2,0.002146781887859106,0.9954148614779115,0.6311385743425975,400,59,541,r1b1kb1r/1p2pppp/1pn2n2/3p4/2pP1B2/2P1PN2/PP3PPP/RN2KB1R w KQkq -,MODEL_PREDICTION_NOT_EMPIRICAL
LON-03,B3,1100,maia3-5m,1,f1e2,Be2,0.3195672631263733,0.9714366048574448,0.7962023400498195,452,44,504,r1b1kb1r/1p2pppp/2n2n2/1p1p4/2pP1B2/2P1PN2/PP1N1PPP/R3KB1R w KQkq -,MODEL_PREDICTION_NOT_EMPIRICAL
LON-03,B3,1100,maia3-5m,2,b2b3,b3,0.2258201241493225,0.9714366048574448,0.7962023400498195,424,44,532,r1b1kb1r/1p2pppp/2n2n2/1p1p4/2pP1B2/2P1PN2/PP1N1PPP/R3KB1R w KQkq -,MODEL_PREDICTION_NOT_EMPIRICAL
LON-03,B3,1100,maia3-5m,3,f3e5,Ne5,0.15430760383605957,0.9714366048574448,0.7962023400498195,468,48,484,r1b1kb1r/1p2pppp/2n2n2/1p1p4/2pP1B2/2P1PN2/PP1N1PPP/R3KB1R w KQkq -,MODEL_PREDICTION_NOT_EMPIRICAL
LON-03,B3,1100,maia3-5m,4,a2a3,a3,0.08062160760164261,0.9714366048574448,0.7962023400498195,472,46,482,r1b1kb1r/1p2pppp/2n2n2/1p1p4/2pP1B2/2P1PN2/PP1N1PPP/R3KB1R w KQkq -,MODEL_PREDICTION_NOT_EMPIRICAL
LON-03,B3,1100,maia3-5m,5,e1c1,O-O-O,0.05512164160609245,0.9714366048574448,0.7962023400498195,393,40,567,r1b1kb1r/1p2pppp/2n2n2/1p1p4/2pP1B2/2P1PN2/PP1N1PPP/R3KB1R w KQkq -,MODEL_PREDICTION_NOT_EMPIRICAL
LON-03,B3,1100,maia3-5m,6,b2b4,b4,0.04670196399092674,0.9714366048574448,0.7962023400498195,414,46,540,r1b1kb1r/1p2pppp/2n2n2/1p1p4/2pP1B2/2P1PN2/PP1N1PPP/R3KB1R w KQkq -,MODEL_PREDICTION_NOT_EMPIRICAL
LON-03,B3,1100,maia3-5m,7,g2g3,g3,0.02529541775584221,0.9714366048574448,0.7962023400498195,444,43,513,r1b1kb1r/1p2pppp/2n2n2/1p1p4/2pP1B2/2P1PN2/PP1N1PPP/R3KB1R w KQkq -,MODEL_PREDICTION_NOT_EMPIRICAL
LON-03,B3,1100,maia3-5m,8,e3e4,e4,0.024734485894441605,0.9714366048574448,0.7962023400498195,406,46,548,r1b1kb1r/1p2pppp/2n2n2/1p1p4/2pP1B2/2P1PN2/PP1N1PPP/R3KB1R w KQkq -,MODEL_PREDICTION_NOT_EMPIRICAL
LON-03,B3,1100,maia3-5m,9,a2a4,a4,0.02221791073679924,0.9714366048574448,0.7962023400498195,437,47,516,r1b1kb1r/1p2pppp/2n2n2/1p1p4/2pP1B2/2P1PN2/PP1N1PPP/R3KB1R w KQkq -,MODEL_PREDICTION_NOT_EMPIRICAL
LON-03,B3,1100,maia3-5m,10,h2h3,h3,0.017048586159944534,0.9714366048574448,0.7962023400498195,460,43,497,r1b1kb1r/1p2pppp/2n2n2/1p1p4/2pP1B2/2P1PN2/PP1N1PPP/R3KB1R w KQkq -,MODEL_PREDICTION_NOT_EMPIRICAL
LON-03,B3,1300,maia3-5m,1,f1e2,Be2,0.407146155834198,0.9778772899881005,0.7213379722217723,460,44,496,r1b1kb1r/1p2pppp/2n2n2/1p1p4/2pP1B2/2P1PN2/PP1N1PPP/R3KB1R w KQkq -,MODEL_PREDICTION_NOT_EMPIRICAL
LON-03,B3,1300,maia3-5m,2,b2b3,b3,0.21276237070560455,0.9778772899881005,0.7213379722217723,425,42,533,r1b1kb1r/1p2pppp/2n2n2/1p1p4/2pP1B2/2P1PN2/PP1N1PPP/R3KB1R w KQkq -,MODEL_PREDICTION_NOT_EMPIRICAL
LON-03,B3,1300,maia3-5m,3,f3e5,Ne5,0.14655597507953644,0.9778772899881005,0.7213379722217723,473,46,481,r1b1kb1r/1p2pppp/2n2n2/1p1p4/2pP1B2/2P1PN2/PP1N1PPP/R3KB1R w KQkq -,MODEL_PREDICTION_NOT_EMPIRICAL
LON-03,B3,1300,maia3-5m,4,a2a3,a3,0.09121380746364594,0.9778772899881005,0.7213379722217723,479,46,475,r1b1kb1r/1p2pppp/2n2n2/1p1p4/2pP1B2/2P1PN2/PP1N1PPP/R3KB1R w KQkq -,MODEL_PREDICTION_NOT_EMPIRICAL
LON-03,B3,1300,maia3-5m,5,b2b4,b4,0.03142911195755005,0.9778772899881005,0.7213379722217723,425,46,529,r1b1kb1r/1p2pppp/2n2n2/1p1p4/2pP1B2/2P1PN2/PP1N1PPP/R3KB1R w KQkq -,MODEL_PREDICTION_NOT_EMPIRICAL
LON-03,B3,1300,maia3-5m,6,e1c1,O-O-O,0.020681792870163918,0.9778772899881005,0.7213379722217723,377,38,585,r1b1kb1r/1p2pppp/2n2n2/1p1p4/2pP1B2/2P1PN2/PP1N1PPP/R3KB1R w KQkq -,MODEL_PREDICTION_NOT_EMPIRICAL
LON-03,B3,1300,maia3-5m,7,h2h3,h3,0.01878170110285282,0.9778772899881005,0.7213379722217723,461,43,496,r1b1kb1r/1p2pppp/2n2n2/1p1p4/2pP1B2/2P1PN2/PP1N1PPP/R3KB1R w KQkq -,MODEL_PREDICTION_NOT_EMPIRICAL
LON-03,B3,1300,maia3-5m,8,e3e4,e4,0.017650356516242027,0.9778772899881005,0.7213379722217723,419,42,539,r1b1kb1r/1p2pppp/2n2n2/1p1p4/2pP1B2/2P1PN2/PP1N1PPP/R3KB1R w KQkq -,MODEL_PREDICTION_NOT_EMPIRICAL
LON-03,B3,1300,maia3-5m,9,g2g3,g3,0.017355943098664284,0.9778772899881005,0.7213379722217723,449,42,509,r1b1kb1r/1p2pppp/2n2n2/1p1p4/2pP1B2/2P1PN2/PP1N1PPP/R3KB1R w KQkq -,MODEL_PREDICTION_NOT_EMPIRICAL
LON-03,B3,1300,maia3-5m,10,a2a4,a4,0.014300075359642506,0.9778772899881005,0.7213379722217723,443,46,511,r1b1kb1r/1p2pppp/2n2n2/1p1p4/2pP1B2/2P1PN2/PP1N1PPP/R3KB1R w KQkq -,MODEL_PREDICTION_NOT_EMPIRICAL
LON-03,B3,1500,maia3-5m,1,f1e2,Be2,0.47352397441864014,0.9820326985791326,0.6624081817985091,457,45,498,r1b1kb1r/1p2pppp/2n2n2/1p1p4/2pP1B2/2P1PN2/PP1N1PPP/R3KB1R w KQkq -,MODEL_PREDICTION_NOT_EMPIRICAL
LON-03,B3,1500,maia3-5m,2,b2b3,b3,0.18392562866210938,0.9820326985791326,0.6624081817985091,424,42,534,r1b1kb1r/1p2pppp/2n2n2/1p1p4/2pP1B2/2P1PN2/PP1N1PPP/R3KB1R w KQkq -,MODEL_PREDICTION_NOT_EMPIRICAL
LON-03,B3,1500,maia3-5m,3,f3e5,Ne5,0.13586705923080444,0.9820326985791326,0.6624081817985091,473,46,481,r1b1kb1r/1p2pppp/2n2n2/1p1p4/2pP1B2/2P1PN2/PP1N1PPP/R3KB1R w KQkq -,MODEL_PREDICTION_NOT_EMPIRICAL
LON-03,B3,1500,maia3-5m,4,a2a3,a3,0.10450782626867294,0.9820326985791326,0.6624081817985091,474,47,479,r1b1kb1r/1p2pppp/2n2n2/1p1p4/2pP1B2/2P1PN2/PP1N1PPP/R3KB1R w KQkq -,MODEL_PREDICTION_NOT_EMPIRICAL
LON-03,B3,1500,maia3-5m,5,b2b4,b4,0.02219710312783718,0.9820326985791326,0.6624081817985091,429,47,524,r1b1kb1r/1p2pppp/2n2n2/1p1p4/2pP1B2/2P1PN2/PP1N1PPP/R3KB1R w KQkq -,MODEL_PREDICTION_NOT_EMPIRICAL
LON-03,B3,1500,maia3-5m,6,h2h3,h3,0.020603908225893974,0.9820326985791326,0.6624081817985091,459,45,496,r1b1kb1r/1p2pppp/2n2n2/1p1p4/2pP1B2/2P1PN2/PP1N1PPP/R3KB1R w KQkq -,MODEL_PREDICTION_NOT_EMPIRICAL
LON-03,B3,1500,maia3-5m,7,e3e4,e4,0.013592998497188091,0.9820326985791326,0.6624081817985091,425,43,532,r1b1kb1r/1p2pppp/2n2n2/1p1p4/2pP1B2/2P1PN2/PP1N1PPP/R3KB1R w KQkq -,MODEL_PREDICTION_NOT_EMPIRICAL
LON-03,B3,1500,maia3-5m,8,g2g3,g3,0.011712959036231041,0.9820326985791326,0.6624081817985091,445,43,512,r1b1kb1r/1p2pppp/2n2n2/1p1p4/2pP1B2/2P1PN2/PP1N1PPP/R3KB1R w KQkq -,MODEL_PREDICTION_NOT_EMPIRICAL
LON-03,B3,1500,maia3-5m,9,a2a4,a4,0.00873157661408186,0.9820326985791326,0.6624081817985091,445,47,508,r1b1kb1r/1p2pppp/2n2n2/1p1p4/2pP1B2/2P1PN2/PP1N1PPP/R3KB1R w KQkq -,MODEL_PREDICTION_NOT_EMPIRICAL
LON-03,B3,1500,maia3-5m,10,e1c1,O-O-O,0.0073696644976735115,0.9820326985791326,0.6624081817985091,361,36,603,r1b1kb1r/1p2pppp/2n2n2/1p1p4/2pP1B2/2P1PN2/PP1N1PPP/R3KB1R w KQkq -,MODEL_PREDICTION_NOT_EMPIRICAL
LON-03,B3,1700,maia3-5m,1,f1e2,Be2,0.5108209252357483,0.9843990323133767,0.630883925231801,451,48,501,r1b1kb1r/1p2pppp/2n2n2/1p1p4/2pP1B2/2P1PN2/PP1N1PPP/R3KB1R w KQkq -,MODEL_PREDICTION_NOT_EMPIRICAL
LON-03,B3,1700,maia3-5m,2,b2b3,b3,0.14171598851680756,0.9843990323133767,0.630883925231801,419,44,537,r1b1kb1r/1p2pppp/2n2n2/1p1p4/2pP1B2/2P1PN2/PP1N1PPP/R3KB1R w KQkq -,MODEL_PREDICTION_NOT_EMPIRICAL
LON-03,B3,1700,maia3-5m,3,a2a3,a3,0.134221613407135,0.9843990323133767,0.630883925231801,471,51,478,r1b1kb1r/1p2pppp/2n2n2/1p1p4/2pP1B2/2P1PN2/PP1N1PPP/R3KB1R w KQkq -,MODEL_PREDICTION_NOT_EMPIRICAL
LON-03,B3,1700,maia3-5m,4,f3e5,Ne5,0.12714150547981262,0.9843990323133767,0.630883925231801,468,50,482,r1b1kb1r/1p2pppp/2n2n2/1p1p4/2pP1B2/2P1PN2/PP1N1PPP/R3KB1R w KQkq -,MODEL_PREDICTION_NOT_EMPIRICAL
LON-03,B3,1700,maia3-5m,5,h2h3,h3,0.02341351844370365,0.9843990323133767,0.630883925231801,455,48,497,r1b1kb1r/1p2pppp/2n2n2/1p1p4/2pP1B2/2P1PN2/PP1N1PPP/R3KB1R w KQkq -,MODEL_PREDICTION_NOT_EMPIRICAL
LON-03,B3,1700,maia3-5m,6,b2b4,b4,0.01718488521873951,0.9843990323133767,0.630883925231801,426,50,524,r1b1kb1r/1p2pppp/2n2n2/1p1p4/2pP1B2/2P1PN2/PP1N1PPP/R3KB1R w KQkq -,MODEL_PREDICTION_NOT_EMPIRICAL
LON-03,B3,1700,maia3-5m,7,e3e4,e4,0.012676514685153961,0.9843990323133767,0.630883925231801,431,44,525,r1b1kb1r/1p2pppp/2n2n2/1p1p4/2pP1B2/2P1PN2/PP1N1PPP/R3KB1R w KQkq -,MODEL_PREDICTION_NOT_EMPIRICAL
LON-03,B3,1700,maia3-5m,8,g2g3,g3,0.008275823667645454,0.9843990323133767,0.630883925231801,440,47,513,r1b1kb1r/1p2pppp/2n2n2/1p1p4/2pP1B2/2P1PN2/PP1N1PPP/R3KB1R w KQkq -,MODEL_PREDICTION_NOT_EMPIRICAL
LON-03,B3,1700,maia3-5m,9,a2a4,a4,0.005708980839699507,0.9843990323133767,0.630883925231801,449,49,502,r1b1kb1r/1p2pppp/2n2n2/1p1p4/2pP1B2/2P1PN2/PP1N1PPP/R3KB1R w KQkq -,MODEL_PREDICTION_NOT_EMPIRICAL
LON-03,B3,1700,maia3-5m,10,f4g5,Bg5,0.0032392768189311028,0.9843990323133767,0.630883925231801,425,51,524,r1b1kb1r/1p2pppp/2n2n2/1p1p4/2pP1B2/2P1PN2/PP1N1PPP/R3KB1R w KQkq -,MODEL_PREDICTION_NOT_EMPIRICAL
LON-03,B3,1900,maia3-5m,1,f1e2,Be2,0.5003648996353149,0.9865587160456926,0.6300126618220321,437,54,509,r1b1kb1r/1p2pppp/2n2n2/1p1p4/2pP1B2/2P1PN2/PP1N1PPP/R3KB1R w KQkq -,MODEL_PREDICTION_NOT_EMPIRICAL
LON-03,B3,1900,maia3-5m,2,a2a3,a3,0.19313538074493408,0.9865587160456926,0.6300126618220321,450,57,493,r1b1kb1r/1p2pppp/2n2n2/1p1p4/2pP1B2/2P1PN2/PP1N1PPP/R3KB1R w KQkq -,MODEL_PREDICTION_NOT_EMPIRICAL
LON-03,B3,1900,maia3-5m,3,f3e5,Ne5,0.12707360088825226,0.9865587160456926,0.6300126618220321,452,57,491,r1b1kb1r/1p2pppp/2n2n2/1p1p4/2pP1B2/2P1PN2/PP1N1PPP/R3KB1R w KQkq -,MODEL_PREDICTION_NOT_EMPIRICAL
LON-03,B3,1900,maia3-5m,4,b2b3,b3,0.09357425570487976,0.9865587160456926,0.6300126618220321,404,48,548,r1b1kb1r/1p2pppp/2n2n2/1p1p4/2pP1B2/2P1PN2/PP1N1PPP/R3KB1R w KQkq -,MODEL_PREDICTION_NOT_EMPIRICAL
LON-03,B3,1900,maia3-5m,5,h2h3,h3,0.0271107517182827,0.9865587160456926,0.6300126618220321,439,54,507,r1b1kb1r/1p2pppp/2n2n2/1p1p4/2pP1B2/2P1PN2/PP1N1PPP/R3KB1R w KQkq -,MODEL_PREDICTION_NOT_EMPIRICAL
LON-03,B3,1900,maia3-5m,6,e3e4,e4,0.015796620398759842,0.9865587160456926,0.6300126618220321,429,47,524,r1b1kb1r/1p2pppp/2n2n2/1p1p4/2pP1B2/2P1PN2/PP1N1PPP/R3KB1R w KQkq -,MODEL_PREDICTION_NOT_EMPIRICAL
LON-03,B3,1900,maia3-5m,7,b2b4,b4,0.015315720811486244,0.9865587160456926,0.6300126618220321,406,54,540,r1b1kb1r/1p2pppp/2n2n2/1p1p4/2pP1B2/2P1PN2/PP1N1PPP/R3KB1R w KQkq -,MODEL_PREDICTION_NOT_EMPIRICAL
LON-03,B3,1900,maia3-5m,8,g2g3,g3,0.006550224497914314,0.9865587160456926,0.6300126618220321,427,52,521,r1b1kb1r/1p2pppp/2n2n2/1p1p4/2pP1B2/2P1PN2/PP1N1PPP/R3KB1R w KQkq -,MODEL_PREDICTION_NOT_EMPIRICAL
LON-03,B3,1900,maia3-5m,9,a2a4,a4,0.004048976115882397,0.9865587160456926,0.6300126618220321,442,52,506,r1b1kb1r/1p2pppp/2n2n2/1p1p4/2pP1B2/2P1PN2/PP1N1PPP/R3KB1R w KQkq -,MODEL_PREDICTION_NOT_EMPIRICAL
LON-03,B3,1900,maia3-5m,10,e1e2,Ke2,0.003588285529986024,0.9865587160456926,0.6300126618220321,408,51,541,r1b1kb1r/1p2pppp/2n2n2/1p1p4/2pP1B2/2P1PN2/PP1N1PPP/R3KB1R w KQkq -,MODEL_PREDICTION_NOT_EMPIRICAL
LON-03,B3,2100,maia3-5m,1,f1e2,Be2,0.431265264749527,0.9874115425627679,0.6456122106680765,419,64,517,r1b1kb1r/1p2pppp/2n2n2/1p1p4/2pP1B2/2P1PN2/PP1N1PPP/R3KB1R w KQkq -,MODEL_PREDICTION_NOT_EMPIRICAL
LON-03,B3,2100,maia3-5m,2,a2a3,a3,0.27786538004875183,0.9874115425627679,0.6456122106680765,431,67,502,r1b1kb1r/1p2pppp/2n2n2/1p1p4/2pP1B2/2P1PN2/PP1N1PPP/R3KB1R w KQkq -,MODEL_PREDICTION_NOT_EMPIRICAL
LON-03,B3,2100,maia3-5m,3,f3e5,Ne5,0.13830073177814484,0.9874115425627679,0.6456122106680765,429,68,503,r1b1kb1r/1p2pppp/2n2n2/1p1p4/2pP1B2/2P1PN2/PP1N1PPP/R3KB1R w KQkq -,MODEL_PREDICTION_NOT_EMPIRICAL
LON-03,B3,2100,maia3-5m,4,b2b3,b3,0.059241801500320435,0.9874115425627679,0.6456122106680765,382,56,562,r1b1kb1r/1p2pppp/2n2n2/1p1p4/2pP1B2/2P1PN2/PP1N1PPP/R3KB1R w KQkq -,MODEL_PREDICTION_NOT_EMPIRICAL
LON-03,B3,2100,maia3-5m,5,h2h3,h3,0.027249706909060478,0.9874115425627679,0.6456122106680765,421,64,515,r1b1kb1r/1p2pppp/2n2n2/1p1p4/2pP1B2/2P1PN2/PP1N1PPP/R3KB1R w KQkq -,MODEL_PREDICTION_NOT_EMPIRICAL
LON-03,B3,2100,maia3-5m,6,e3e4,e4,0.023023275658488274,0.9874115425627679,0.6456122106680765,419,55,526,r1b1kb1r/1p2pppp/2n2n2/1p1p4/2pP1B2/2P1PN2/PP1N1PPP/R3KB1R w KQkq -,MODEL_PREDICTION_NOT_EMPIRICAL
LON-03,B3,2100,maia3-5m,7,b2b4,b4,0.016744693741202354,0.9874115425627679,0.6456122106680765,383,62,555,r1b1kb1r/1p2pppp/2n2n2/1p1p4/2pP1B2/2P1PN2/PP1N1PPP/R3KB1R w KQkq -,MODEL_PREDICTION_NOT_EMPIRICAL
LON-03,B3,2100,maia3-5m,8,g2g3,g3,0.006168494001030922,0.9874115425627679,0.6456122106680765,411,62,527,r1b1kb1r/1p2pppp/2n2n2/1p1p4/2pP1B2/2P1PN2/PP1N1PPP/R3KB1R w KQkq -,MODEL_PREDICTION_NOT_EMPIRICAL
LON-03,B3,2100,maia3-5m,9,f4g5,Bg5,0.0037916540168225765,0.9874115425627679,0.6456122106680765,389,68,543,r1b1kb1r/1p2pppp/2n2n2/1p1p4/2pP1B2/2P1PN2/PP1N1PPP/R3KB1R w KQkq -,MODEL_PREDICTION_NOT_EMPIRICAL
LON-03,B3,2100,maia3-5m,10,e1e2,Ke2,0.003760540159419179,0.9874115425627679,0.6456122106680765,387,60,553,r1b1kb1r/1p2pppp/2n2n2/1p1p4/2pP1B2/2P1PN2/PP1N1PPP/R3KB1R w KQkq -,MODEL_PREDICTION_NOT_EMPIRICAL
LON-05,B3,1100,maia3-5m,1,b1c3,Nc3,0.510479748249054,0.9640782754868269,0.6483646044813273,489,22,489,r3kb1r/pp2pppp/1qn2n2/3p1b2/3P1B2/4PN2/PP3PPP/RNQ1KB1R w KQkq -,MODEL_PREDICTION_NOT_EMPIRICAL
LON-05,B3,1100,maia3-5m,2,b1d2,Nbd2,0.15594786405563354,0.9640782754868269,0.6483646044813273,443,21,536,r3kb1r/pp2pppp/1qn2n2/3p1b2/3P1B2/4PN2/PP3PPP/RNQ1KB1R w KQkq -,MODEL_PREDICTION_NOT_EMPIRICAL
LON-05,B3,1100,maia3-5m,3,f1e2,Be2,0.1277230679988861,0.9640782754868269,0.6483646044813273,419,21,560,r3kb1r/pp2pppp/1qn2n2/3p1b2/3P1B2/4PN2/PP3PPP/RNQ1KB1R w KQkq -,MODEL_PREDICTION_NOT_EMPIRICAL
LON-05,B3,1100,maia3-5m,4,f3e5,Ne5,0.04785003885626793,0.9640782754868269,0.6483646044813273,442,21,537,r3kb1r/pp2pppp/1qn2n2/3p1b2/3P1B2/4PN2/PP3PPP/RNQ1KB1R w KQkq -,MODEL_PREDICTION_NOT_EMPIRICAL
LON-05,B3,1100,maia3-5m,5,a2a3,a3,0.04205502197146416,0.9640782754868269,0.6483646044813273,453,22,525,r3kb1r/pp2pppp/1qn2n2/3p1b2/3P1B2/4PN2/PP3PPP/RNQ1KB1R w KQkq -,MODEL_PREDICTION_NOT_EMPIRICAL
LON-05,B3,1100,maia3-5m,6,b1a3,Na3,0.03456990420818329,0.9640782754868269,0.6483646044813273,441,19,540,r3kb1r/pp2pppp/1qn2n2/3p1b2/3P1B2/4PN2/PP3PPP/RNQ1KB1R w KQkq -,MODEL_PREDICTION_NOT_EMPIRICAL
LON-05,B3,1100,maia3-5m,7,a2a4,a4,0.014468412846326828,0.9640782754868269,0.6483646044813273,412,20,568,r3kb1r/pp2pppp/1qn2n2/3p1b2/3P1B2/4PN2/PP3PPP/RNQ1KB1R w KQkq -,MODEL_PREDICTION_NOT_EMPIRICAL
LON-05,B3,1100,maia3-5m,8,b2b3,b3,0.013822640292346478,0.9640782754868269,0.6483646044813273,403,20,577,r3kb1r/pp2pppp/1qn2n2/3p1b2/3P1B2/4PN2/PP3PPP/RNQ1KB1R w KQkq -,MODEL_PREDICTION_NOT_EMPIRICAL
LON-05,B3,1100,maia3-5m,9,h2h3,h3,0.009587235748767853,0.9640782754868269,0.6483646044813273,429,21,550,r3kb1r/pp2pppp/1qn2n2/3p1b2/3P1B2/4PN2/PP3PPP/RNQ1KB1R w KQkq -,MODEL_PREDICTION_NOT_EMPIRICAL
LON-05,B3,1100,maia3-5m,10,f1d3,Bd3,0.007574341259896755,0.9640782754868269,0.6483646044813273,268,19,713,r3kb1r/pp2pppp/1qn2n2/3p1b2/3P1B2/4PN2/PP3PPP/RNQ1KB1R w KQkq -,MODEL_PREDICTION_NOT_EMPIRICAL
LON-05,B3,1300,maia3-5m,1,b1c3,Nc3,0.523150622844696,0.9746572929434478,0.6274239171483446,480,22,498,r3kb1r/pp2pppp/1qn2n2/3p1b2/3P1B2/4PN2/PP3PPP/RNQ1KB1R w KQkq -,MODEL_PREDICTION_NOT_EMPIRICAL
LON-05,B3,1300,maia3-5m,2,b1d2,Nbd2,0.15329040586948395,0.9746572929434478,0.6274239171483446,433,22,545,r3kb1r/pp2pppp/1qn2n2/3p1b2/3P1B2/4PN2/PP3PPP/RNQ1KB1R w KQkq -,MODEL_PREDICTION_NOT_EMPIRICAL
LON-05,B3,1300,maia3-5m,3,f1e2,Be2,0.14429225027561188,0.9746572929434478,0.6274239171483446,414,22,564,r3kb1r/pp2pppp/1qn2n2/3p1b2/3P1B2/4PN2/PP3PPP/RNQ1KB1R w KQkq -,MODEL_PREDICTION_NOT_EMPIRICAL
LON-05,B3,1300,maia3-5m,4,a2a3,a3,0.06453210115432739,0.9746572929434478,0.6274239171483446,447,23,530,r3kb1r/pp2pppp/1qn2n2/3p1b2/3P1B2/4PN2/PP3PPP/RNQ1KB1R w KQkq -,MODEL_PREDICTION_NOT_EMPIRICAL
LON-05,B3,1300,maia3-5m,5,f3e5,Ne5,0.029909981414675713,0.9746572929434478,0.6274239171483446,425,21,554,r3kb1r/pp2pppp/1qn2n2/3p1b2/3P1B2/4PN2/PP3PPP/RNQ1KB1R w KQkq -,MODEL_PREDICTION_NOT_EMPIRICAL
LON-05,B3,1300,maia3-5m,6,b1a3,Na3,0.022247103974223137,0.9746572929434478,0.6274239171483446,427,20,553,r3kb1r/pp2pppp/1qn2n2/3p1b2/3P1B2/4PN2/PP3PPP/RNQ1KB1R w KQkq -,MODEL_PREDICTION_NOT_EMPIRICAL
LON-05,B3,1300,maia3-5m,7,b2b3,b3,0.012875045649707317,0.9746572929434478,0.6274239171483446,385,20,595,r3kb1r/pp2pppp/1qn2n2/3p1b2/3P1B2/4PN2/PP3PPP/RNQ1KB1R w KQkq -,MODEL_PREDICTION_NOT_EMPIRICAL
LON-05,B3,1300,maia3-5m,8,a2a4,a4,0.011147535406053066,0.9746572929434478,0.6274239171483446,406,21,573,r3kb1r/pp2pppp/1qn2n2/3p1b2/3P1B2/4PN2/PP3PPP/RNQ1KB1R w KQkq -,MODEL_PREDICTION_NOT_EMPIRICAL
LON-05,B3,1300,maia3-5m,9,h2h3,h3,0.007130661513656378,0.9746572929434478,0.6274239171483446,421,22,557,r3kb1r/pp2pppp/1qn2n2/3p1b2/3P1B2/4PN2/PP3PPP/RNQ1KB1R w KQkq -,MODEL_PREDICTION_NOT_EMPIRICAL
LON-05,B3,1300,maia3-5m,10,c1c3,Qc3,0.006081584841012955,0.9746572929434478,0.6274239171483446,329,19,652,r3kb1r/pp2pppp/1qn2n2/3p1b2/3P1B2/4PN2/PP3PPP/RNQ1KB1R w KQkq -,MODEL_PREDICTION_NOT_EMPIRICAL
LON-05,B3,1500,maia3-5m,1,b1c3,Nc3,0.5274595022201538,0.9824049142189324,0.6067913075605733,473,24,503,r3kb1r/pp2pppp/1qn2n2/3p1b2/3P1B2/4PN2/PP3PPP/RNQ1KB1R w KQkq -,MODEL_PREDICTION_NOT_EMPIRICAL
LON-05,B3,1500,maia3-5m,2,b1d2,Nbd2,0.15244093537330627,0.9824049142189324,0.6067913075605733,426,24,550,r3kb1r/pp2pppp/1qn2n2/3p1b2/3P1B2/4PN2/PP3PPP/RNQ1KB1R w KQkq -,MODEL_PREDICTION_NOT_EMPIRICAL
LON-05,B3,1500,maia3-5m,3,f1e2,Be2,0.1502823680639267,0.9824049142189324,0.6067913075605733,410,23,567,r3kb1r/pp2pppp/1qn2n2/3p1b2/3P1B2/4PN2/PP3PPP/RNQ1KB1R w KQkq -,MODEL_PREDICTION_NOT_EMPIRICAL
LON-05,B3,1500,maia3-5m,4,a2a3,a3,0.09276286512613297,0.9824049142189324,0.6067913075605733,440,25,535,r3kb1r/pp2pppp/1qn2n2/3p1b2/3P1B2/4PN2/PP3PPP/RNQ1KB1R w KQkq -,MODEL_PREDICTION_NOT_EMPIRICAL
LON-05,B3,1500,maia3-5m,5,f3e5,Ne5,0.018138157203793526,0.9824049142189324,0.6067913075605733,408,22,570,r3kb1r/pp2pppp/1qn2n2/3p1b2/3P1B2/4PN2/PP3PPP/RNQ1KB1R w KQkq -,MODEL_PREDICTION_NOT_EMPIRICAL
LON-05,B3,1500,maia3-5m,6,b1a3,Na3,0.013776823878288269,0.9824049142189324,0.6067913075605733,412,21,567,r3kb1r/pp2pppp/1qn2n2/3p1b2/3P1B2/4PN2/PP3PPP/RNQ1KB1R w KQkq -,MODEL_PREDICTION_NOT_EMPIRICAL
LON-05,B3,1500,maia3-5m,7,b2b3,b3,0.010256849229335785,0.9824049142189324,0.6067913075605733,367,21,612,r3kb1r/pp2pppp/1qn2n2/3p1b2/3P1B2/4PN2/PP3PPP/RNQ1KB1R w KQkq -,MODEL_PREDICTION_NOT_EMPIRICAL
LON-05,B3,1500,maia3-5m,8,a2a4,a4,0.006972857750952244,0.9824049142189324,0.6067913075605733,399,22,579,r3kb1r/pp2pppp/1qn2n2/3p1b2/3P1B2/4PN2/PP3PPP/RNQ1KB1R w KQkq -,MODEL_PREDICTION_NOT_EMPIRICAL
LON-05,B3,1500,maia3-5m,9,h2h3,h3,0.005552840884774923,0.9824049142189324,0.6067913075605733,414,23,563,r3kb1r/pp2pppp/1qn2n2/3p1b2/3P1B2/4PN2/PP3PPP/RNQ1KB1R w KQkq -,MODEL_PREDICTION_NOT_EMPIRICAL
LON-05,B3,1500,maia3-5m,10,f1d3,Bd3,0.0047617144882678986,0.9824049142189324,0.6067913075605733,173,14,813,r3kb1r/pp2pppp/1qn2n2/3p1b2/3P1B2/4PN2/PP3PPP/RNQ1KB1R w KQkq -,MODEL_PREDICTION_NOT_EMPIRICAL
LON-05,B3,1700,maia3-5m,1,b1c3,Nc3,0.5265369415283203,0.9894018026534468,0.5898011350308721,473,26,501,r3kb1r/pp2pppp/1qn2n2/3p1b2/3P1B2/4PN2/PP3PPP/RNQ1KB1R w KQkq -,MODEL_PREDICTION_NOT_EMPIRICAL
LON-05,B3,1700,maia3-5m,2,b1d2,Nbd2,0.1464996039867401,0.9894018026534468,0.5898011350308721,416,27,557,r3kb1r/pp2pppp/1qn2n2/3p1b2/3P1B2/4PN2/PP3PPP/RNQ1KB1R w KQkq -,MODEL_PREDICTION_NOT_EMPIRICAL
LON-05,B3,1700,maia3-5m,3,f1e2,Be2,0.1452098935842514,0.9894018026534468,0.5898011350308721,402,26,572,r3kb1r/pp2pppp/1qn2n2/3p1b2/3P1B2/4PN2/PP3PPP/RNQ1KB1R w KQkq -,MODEL_PREDICTION_NOT_EMPIRICAL
LON-05,B3,1700,maia3-5m,4,a2a3,a3,0.1327434778213501,0.9894018026534468,0.5898011350308721,435,28,537,r3kb1r/pp2pppp/1qn2n2/3p1b2/3P1B2/4PN2/PP3PPP/RNQ1KB1R w KQkq -,MODEL_PREDICTION_NOT_EMPIRICAL
LON-05,B3,1700,maia3-5m,5,f3e5,Ne5,0.01055865827947855,0.9894018026534468,0.5898011350308721,389,25,586,r3kb1r/pp2pppp/1qn2n2/3p1b2/3P1B2/4PN2/PP3PPP/RNQ1KB1R w KQkq -,MODEL_PREDICTION_NOT_EMPIRICAL
LON-05,B3,1700,maia3-5m,6,b1a3,Na3,0.008787453174591064,0.9894018026534468,0.5898011350308721,398,23,579,r3kb1r/pp2pppp/1qn2n2/3p1b2/3P1B2/4PN2/PP3PPP/RNQ1KB1R w KQkq -,MODEL_PREDICTION_NOT_EMPIRICAL
LON-05,B3,1700,maia3-5m,7,b2b3,b3,0.007314041256904602,0.9894018026534468,0.5898011350308721,350,24,626,r3kb1r/pp2pppp/1qn2n2/3p1b2/3P1B2/4PN2/PP3PPP/RNQ1KB1R w KQkq -,MODEL_PREDICTION_NOT_EMPIRICAL
LON-05,B3,1700,maia3-5m,8,h2h3,h3,0.004483041353523731,0.9894018026534468,0.5898011350308721,404,26,570,r3kb1r/pp2pppp/1qn2n2/3p1b2/3P1B2/4PN2/PP3PPP/RNQ1KB1R w KQkq -,MODEL_PREDICTION_NOT_EMPIRICAL
LON-05,B3,1700,maia3-5m,9,f3h4,Nh4,0.0037115563172847033,0.9894018026534468,0.5898011350308721,404,25,571,r3kb1r/pp2pppp/1qn2n2/3p1b2/3P1B2/4PN2/PP3PPP/RNQ1KB1R w KQkq -,MODEL_PREDICTION_NOT_EMPIRICAL
LON-05,B3,1700,maia3-5m,10,a2a4,a4,0.0035571353510022163,0.9894018026534468,0.5898011350308721,391,24,585,r3kb1r/pp2pppp/1qn2n2/3p1b2/3P1B2/4PN2/PP3PPP/RNQ1KB1R w KQkq -,MODEL_PREDICTION_NOT_EMPIRICAL
LON-05,B3,1900,maia3-5m,1,b1c3,Nc3,0.5399612784385681,0.9952100811060518,0.561528467103334,479,31,490,r3kb1r/pp2pppp/1qn2n2/3p1b2/3P1B2/4PN2/PP3PPP/RNQ1KB1R w KQkq -,MODEL_PREDICTION_NOT_EMPIRICAL
LON-05,B3,1900,maia3-5m,2,a2a3,a3,0.181390181183815,0.9952100811060518,0.561528467103334,430,34,536,r3kb1r/pp2pppp/1qn2n2/3p1b2/3P1B2/4PN2/PP3PPP/RNQ1KB1R w KQkq -,MODEL_PREDICTION_NOT_EMPIRICAL
LON-05,B3,1900,maia3-5m,3,f1e2,Be2,0.12512251734733582,0.9952100811060518,0.561528467103334,402,32,566,r3kb1r/pp2pppp/1qn2n2/3p1b2/3P1B2/4PN2/PP3PPP/RNQ1KB1R w KQkq -,MODEL_PREDICTION_NOT_EMPIRICAL
LON-05,B3,1900,maia3-5m,4,b1d2,Nbd2,0.12468203157186508,0.9952100811060518,0.561528467103334,412,33,555,r3kb1r/pp2pppp/1qn2n2/3p1b2/3P1B2/4PN2/PP3PPP/RNQ1KB1R w KQkq -,MODEL_PREDICTION_NOT_EMPIRICAL
LON-05,B3,1900,maia3-5m,5,b1a3,Na3,0.005793573800474405,0.9952100811060518,0.561528467103334,386,27,587,r3kb1r/pp2pppp/1qn2n2/3p1b2/3P1B2/4PN2/PP3PPP/RNQ1KB1R w KQkq -,MODEL_PREDICTION_NOT_EMPIRICAL
LON-05,B3,1900,maia3-5m,6,f3e5,Ne5,0.0057517727836966515,0.9952100811060518,0.561528467103334,379,31,590,r3kb1r/pp2pppp/1qn2n2/3p1b2/3P1B2/4PN2/PP3PPP/RNQ1KB1R w KQkq -,MODEL_PREDICTION_NOT_EMPIRICAL
LON-05,B3,1900,maia3-5m,7,b2b3,b3,0.004523893352597952,0.9952100811060518,0.561528467103334,341,29,630,r3kb1r/pp2pppp/1qn2n2/3p1b2/3P1B2/4PN2/PP3PPP/RNQ1KB1R w KQkq -,MODEL_PREDICTION_NOT_EMPIRICAL
LON-05,B3,1900,maia3-5m,8,h2h3,h3,0.003606868674978614,0.9952100811060518,0.561528467103334,399,32,569,r3kb1r/pp2pppp/1qn2n2/3p1b2/3P1B2/4PN2/PP3PPP/RNQ1KB1R w KQkq -,MODEL_PREDICTION_NOT_EMPIRICAL
LON-05,B3,1900,maia3-5m,9,f3h4,Nh4,0.002705808263272047,0.9952100811060518,0.561528467103334,398,30,572,r3kb1r/pp2pppp/1qn2n2/3p1b2/3P1B2/4PN2/PP3PPP/RNQ1KB1R w KQkq -,MODEL_PREDICTION_NOT_EMPIRICAL
LON-05,B3,1900,maia3-5m,10,f1d3,Bd3,0.0016721556894481182,0.9952100811060518,0.561528467103334,109,11,880,r3kb1r/pp2pppp/1qn2n2/3p1b2/3P1B2/4PN2/PP3PPP/RNQ1KB1R w KQkq -,MODEL_PREDICTION_NOT_EMPIRICAL
LON-05,B3,2100,maia3-5m,1,b1c3,Nc3,0.6005135774612427,0.9980028213467449,0.4997109186814097,474,40,486,r3kb1r/pp2pppp/1qn2n2/3p1b2/3P1B2/4PN2/PP3PPP/RNQ1KB1R w KQkq -,MODEL_PREDICTION_NOT_EMPIRICAL
LON-05,B3,2100,maia3-5m,2,a2a3,a3,0.19752250611782074,0.9980028213467449,0.4997109186814097,434,44,522,r3kb1r/pp2pppp/1qn2n2/3p1b2/3P1B2/4PN2/PP3PPP/RNQ1KB1R w KQkq -,MODEL_PREDICTION_NOT_EMPIRICAL
LON-05,B3,2100,maia3-5m,3,b1d2,Nbd2,0.09490419924259186,0.9980028213467449,0.4997109186814097,416,44,540,r3kb1r/pp2pppp/1qn2n2/3p1b2/3P1B2/4PN2/PP3PPP/RNQ1KB1R w KQkq -,MODEL_PREDICTION_NOT_EMPIRICAL
LON-05,B3,2100,maia3-5m,4,f1e2,Be2,0.09133464843034744,0.9980028213467449,0.4997109186814097,415,43,542,r3kb1r/pp2pppp/1qn2n2/3p1b2/3P1B2/4PN2/PP3PPP/RNQ1KB1R w KQkq -,MODEL_PREDICTION_NOT_EMPIRICAL
LON-05,B3,2100,maia3-5m,5,b1a3,Na3,0.0036802422255277634,0.9980028213467449,0.4997109186814097,379,36,585,r3kb1r/pp2pppp/1qn2n2/3p1b2/3P1B2/4PN2/PP3PPP/RNQ1KB1R w KQkq -,MODEL_PREDICTION_NOT_EMPIRICAL
LON-05,B3,2100,maia3-5m,6,f3e5,Ne5,0.0030584391206502914,0.9980028213467449,0.4997109186814097,388,41,571,r3kb1r/pp2pppp/1qn2n2/3p1b2/3P1B2/4PN2/PP3PPP/RNQ1KB1R w KQkq -,MODEL_PREDICTION_NOT_EMPIRICAL
LON-05,B3,2100,maia3-5m,7,h2h3,h3,0.002725503407418728,0.9980028213467449,0.4997109186814097,409,42,549,r3kb1r/pp2pppp/1qn2n2/3p1b2/3P1B2/4PN2/PP3PPP/RNQ1KB1R w KQkq -,MODEL_PREDICTION_NOT_EMPIRICAL
LON-05,B3,2100,maia3-5m,8,b2b3,b3,0.0020749373361468315,0.9980028213467449,0.4997109186814097,343,39,618,r3kb1r/pp2pppp/1qn2n2/3p1b2/3P1B2/4PN2/PP3PPP/RNQ1KB1R w KQkq -,MODEL_PREDICTION_NOT_EMPIRICAL
LON-05,B3,2100,maia3-5m,9,f3h4,Nh4,0.0015790289035066962,0.9980028213467449,0.4997109186814097,394,40,566,r3kb1r/pp2pppp/1qn2n2/3p1b2/3P1B2/4PN2/PP3PPP/RNQ1KB1R w KQkq -,MODEL_PREDICTION_NOT_EMPIRICAL
LON-05,B3,2100,maia3-5m,10,f1d3,Bd3,0.0006097391014918685,0.9980028213467449,0.4997109186814097,98,13,889,r3kb1r/pp2pppp/1qn2n2/3p1b2/3P1B2/4PN2/PP3PPP/RNQ1KB1R w KQkq -,MODEL_PREDICTION_NOT_EMPIRICAL
JOB-11,B3,1100,maia3-5m,1,d4c5,dxc5,0.7103840708732605,0.9930432098917663,0.4389470893421057,392,24,584,1rbqkb1r/pp2pppp/5n2/2pp4/3P4/2N5/PPP1PPPP/R2QKBNR w KQk -,MODEL_PREDICTION_NOT_EMPIRICAL
JOB-11,B3,1100,maia3-5m,2,e2e3,e3,0.13293172419071198,0.9930432098917663,0.4389470893421057,460,27,513,1rbqkb1r/pp2pppp/5n2/2pp4/3P4/2N5/PPP1PPPP/R2QKBNR w KQk -,MODEL_PREDICTION_NOT_EMPIRICAL
JOB-11,B3,1100,maia3-5m,3,g1f3,Nf3,0.08420936018228531,0.9930432098917663,0.4389470893421057,463,27,510,1rbqkb1r/pp2pppp/5n2/2pp4/3P4/2N5/PPP1PPPP/R2QKBNR w KQk -,MODEL_PREDICTION_NOT_EMPIRICAL
JOB-11,B3,1100,maia3-5m,4,c3b5,Nb5,0.021371817216277122,0.9930432098917663,0.4389470893421057,390,22,588,1rbqkb1r/pp2pppp/5n2/2pp4/3P4/2N5/PPP1PPPP/R2QKBNR w KQk -,MODEL_PREDICTION_NOT_EMPIRICAL
JOB-11,B3,1100,maia3-5m,5,e2e4,e4,0.014955860562622547,0.9930432098917663,0.4389470893421057,427,26,547,1rbqkb1r/pp2pppp/5n2/2pp4/3P4/2N5/PPP1PPPP/R2QKBNR w KQk -,MODEL_PREDICTION_NOT_EMPIRICAL
JOB-11,B3,1100,maia3-5m,6,d1d3,Qd3,0.009566539898514748,0.9930432098917663,0.4389470893421057,425,24,551,1rbqkb1r/pp2pppp/5n2/2pp4/3P4/2N5/PPP1PPPP/R2QKBNR w KQk -,MODEL_PREDICTION_NOT_EMPIRICAL
JOB-11,B3,1100,maia3-5m,7,f2f3,f3,0.008439423516392708,0.9930432098917663,0.4389470893421057,439,26,535,1rbqkb1r/pp2pppp/5n2/2pp4/3P4/2N5/PPP1PPPP/R2QKBNR w KQk -,MODEL_PREDICTION_NOT_EMPIRICAL
JOB-11,B3,1100,maia3-5m,8,d1d2,Qd2,0.006208181381225586,0.9930432098917663,0.4389470893421057,427,26,547,1rbqkb1r/pp2pppp/5n2/2pp4/3P4/2N5/PPP1PPPP/R2QKBNR w KQk -,MODEL_PREDICTION_NOT_EMPIRICAL
JOB-11,B3,1100,maia3-5m,9,g2g3,g3,0.0027497452683746815,0.9930432098917663,0.4389470893421057,433,26,541,1rbqkb1r/pp2pppp/5n2/2pp4/3P4/2N5/PPP1PPPP/R2QKBNR w KQk -,MODEL_PREDICTION_NOT_EMPIRICAL
JOB-11,B3,1100,maia3-5m,10,c3a4,Na4,0.0022264868021011353,0.9930432098917663,0.4389470893421057,381,24,595,1rbqkb1r/pp2pppp/5n2/2pp4/3P4/2N5/PPP1PPPP/R2QKBNR w KQk -,MODEL_PREDICTION_NOT_EMPIRICAL
JOB-11,B3,1300,maia3-5m,1,d4c5,dxc5,0.6687950491905212,0.9929534615948796,0.46179078608533164,404,25,571,1rbqkb1r/pp2pppp/5n2/2pp4/3P4/2N5/PPP1PPPP/R2QKBNR w KQk -,MODEL_PREDICTION_NOT_EMPIRICAL
JOB-11,B3,1300,maia3-5m,2,e2e3,e3,0.17130829393863678,0.9929534615948796,0.46179078608533164,460,28,512,1rbqkb1r/pp2pppp/5n2/2pp4/3P4/2N5/PPP1PPPP/R2QKBNR w KQk -,MODEL_PREDICTION_NOT_EMPIRICAL
JOB-11,B3,1300,maia3-5m,3,g1f3,Nf3,0.09493875503540039,0.9929534615948796,0.46179078608533164,463,27,510,1rbqkb1r/pp2pppp/5n2/2pp4/3P4/2N5/PPP1PPPP/R2QKBNR w KQk -,MODEL_PREDICTION_NOT_EMPIRICAL
JOB-11,B3,1300,maia3-5m,4,e2e4,e4,0.014881611801683903,0.9929534615948796,0.46179078608533164,436,26,538,1rbqkb1r/pp2pppp/5n2/2pp4/3P4/2N5/PPP1PPPP/R2QKBNR w KQk -,MODEL_PREDICTION_NOT_EMPIRICAL
JOB-11,B3,1300,maia3-5m,5,c3b5,Nb5,0.013799017295241356,0.9929534615948796,0.46179078608533164,380,22,598,1rbqkb1r/pp2pppp/5n2/2pp4/3P4/2N5/PPP1PPPP/R2QKBNR w KQk -,MODEL_PREDICTION_NOT_EMPIRICAL
JOB-11,B3,1300,maia3-5m,6,d1d3,Qd3,0.00922237616032362,0.9929534615948796,0.46179078608533164,437,24,539,1rbqkb1r/pp2pppp/5n2/2pp4/3P4/2N5/PPP1PPPP/R2QKBNR w KQk -,MODEL_PREDICTION_NOT_EMPIRICAL
JOB-11,B3,1300,maia3-5m,7,f2f3,f3,0.008019756525754929,0.9929534615948796,0.46179078608533164,437,27,536,1rbqkb1r/pp2pppp/5n2/2pp4/3P4/2N5/PPP1PPPP/R2QKBNR w KQk -,MODEL_PREDICTION_NOT_EMPIRICAL
JOB-11,B3,1300,maia3-5m,8,d1d2,Qd2,0.006771452724933624,0.9929534615948796,0.46179078608533164,432,26,542,1rbqkb1r/pp2pppp/5n2/2pp4/3P4/2N5/PPP1PPPP/R2QKBNR w KQk -,MODEL_PREDICTION_NOT_EMPIRICAL
JOB-11,B3,1300,maia3-5m,9,a2a3,a3,0.0026599655393511057,0.9929534615948796,0.46179078608533164,439,27,534,1rbqkb1r/pp2pppp/5n2/2pp4/3P4/2N5/PPP1PPPP/R2QKBNR w KQk -,MODEL_PREDICTION_NOT_EMPIRICAL
JOB-11,B3,1300,maia3-5m,10,g2g3,g3,0.0025571833830326796,0.9929534615948796,0.46179078608533164,437,26,537,1rbqkb1r/pp2pppp/5n2/2pp4/3P4/2N5/PPP1PPPP/R2QKBNR w KQk -,MODEL_PREDICTION_NOT_EMPIRICAL
JOB-11,B3,1500,maia3-5m,1,d4c5,dxc5,0.6120080351829529,0.9930386974010617,0.4949822035800073,407,26,567,1rbqkb1r/pp2pppp/5n2/2pp4/3P4/2N5/PPP1PPPP/R2QKBNR w KQk -,MODEL_PREDICTION_NOT_EMPIRICAL
JOB-11,B3,1500,maia3-5m,2,e2e3,e3,0.21580179035663605,0.9930386974010617,0.4949822035800073,460,29,511,1rbqkb1r/pp2pppp/5n2/2pp4/3P4/2N5/PPP1PPPP/R2QKBNR w KQk -,MODEL_PREDICTION_NOT_EMPIRICAL
JOB-11,B3,1500,maia3-5m,3,g1f3,Nf3,0.10716881603002548,0.9930386974010617,0.4949822035800073,463,28,509,1rbqkb1r/pp2pppp/5n2/2pp4/3P4/2N5/PPP1PPPP/R2QKBNR w KQk -,MODEL_PREDICTION_NOT_EMPIRICAL
JOB-11,B3,1500,maia3-5m,4,e2e4,e4,0.018867414444684982,0.9930386974010617,0.4949822035800073,443,26,531,1rbqkb1r/pp2pppp/5n2/2pp4/3P4/2N5/PPP1PPPP/R2QKBNR w KQk -,MODEL_PREDICTION_NOT_EMPIRICAL
JOB-11,B3,1500,maia3-5m,5,d1d3,Qd3,0.008936881087720394,0.9930386974010617,0.4949822035800073,446,25,529,1rbqkb1r/pp2pppp/5n2/2pp4/3P4/2N5/PPP1PPPP/R2QKBNR w KQk -,MODEL_PREDICTION_NOT_EMPIRICAL
JOB-11,B3,1500,maia3-5m,6,c3b5,Nb5,0.008254220709204674,0.9930386974010617,0.4949822035800073,367,21,612,1rbqkb1r/pp2pppp/5n2/2pp4/3P4/2N5/PPP1PPPP/R2QKBNR w KQk -,MODEL_PREDICTION_NOT_EMPIRICAL
JOB-11,B3,1500,maia3-5m,7,f2f3,f3,0.008016441017389297,0.9930386974010617,0.4949822035800073,435,28,537,1rbqkb1r/pp2pppp/5n2/2pp4/3P4/2N5/PPP1PPPP/R2QKBNR w KQk -,MODEL_PREDICTION_NOT_EMPIRICAL
JOB-11,B3,1500,maia3-5m,8,d1d2,Qd2,0.007649487350136042,0.9930386974010617,0.4949822035800073,434,26,540,1rbqkb1r/pp2pppp/5n2/2pp4/3P4/2N5/PPP1PPPP/R2QKBNR w KQk -,MODEL_PREDICTION_NOT_EMPIRICAL
JOB-11,B3,1500,maia3-5m,9,a2a3,a3,0.0037560195196419954,0.9930386974010617,0.4949822035800073,440,28,532,1rbqkb1r/pp2pppp/5n2/2pp4/3P4/2N5/PPP1PPPP/R2QKBNR w KQk -,MODEL_PREDICTION_NOT_EMPIRICAL
JOB-11,B3,1500,maia3-5m,10,g2g3,g3,0.002579591702669859,0.9930386974010617,0.4949822035800073,441,28,531,1rbqkb1r/pp2pppp/5n2/2pp4/3P4/2N5/PPP1PPPP/R2QKBNR w KQk -,MODEL_PREDICTION_NOT_EMPIRICAL
JOB-11,B3,1700,maia3-5m,1,d4c5,dxc5,0.559721052646637,0.9936118947807699,0.522742935900908,405,29,566,1rbqkb1r/pp2pppp/5n2/2pp4/3P4/2N5/PPP1PPPP/R2QKBNR w KQk -,MODEL_PREDICTION_NOT_EMPIRICAL
JOB-11,B3,1700,maia3-5m,2,e2e3,e3,0.254558801651001,0.9936118947807699,0.522742935900908,461,30,509,1rbqkb1r/pp2pppp/5n2/2pp4/3P4/2N5/PPP1PPPP/R2QKBNR w KQk -,MODEL_PREDICTION_NOT_EMPIRICAL
JOB-11,B3,1700,maia3-5m,3,g1f3,Nf3,0.11578377336263657,0.9936118947807699,0.522742935900908,463,31,506,1rbqkb1r/pp2pppp/5n2/2pp4/3P4/2N5/PPP1PPPP/R2QKBNR w KQk -,MODEL_PREDICTION_NOT_EMPIRICAL
JOB-11,B3,1700,maia3-5m,4,e2e4,e4,0.02730698324739933,0.9936118947807699,0.522742935900908,447,28,525,1rbqkb1r/pp2pppp/5n2/2pp4/3P4/2N5/PPP1PPPP/R2QKBNR w KQk -,MODEL_PREDICTION_NOT_EMPIRICAL
JOB-11,B3,1700,maia3-5m,5,d1d2,Qd2,0.008336653932929039,0.9936118947807699,0.522742935900908,433,28,539,1rbqkb1r/pp2pppp/5n2/2pp4/3P4/2N5/PPP1PPPP/R2QKBNR w KQk -,MODEL_PREDICTION_NOT_EMPIRICAL
JOB-11,B3,1700,maia3-5m,6,f2f3,f3,0.008335676044225693,0.9936118947807699,0.522742935900908,434,29,537,1rbqkb1r/pp2pppp/5n2/2pp4/3P4/2N5/PPP1PPPP/R2QKBNR w KQk -,MODEL_PREDICTION_NOT_EMPIRICAL
JOB-11,B3,1700,maia3-5m,7,d1d3,Qd3,0.007685118820518255,0.9936118947807699,0.522742935900908,449,26,525,1rbqkb1r/pp2pppp/5n2/2pp4/3P4/2N5/PPP1PPPP/R2QKBNR w KQk -,MODEL_PREDICTION_NOT_EMPIRICAL
JOB-11,B3,1700,maia3-5m,8,a2a3,a3,0.004676701966673136,0.9936118947807699,0.522742935900908,440,30,530,1rbqkb1r/pp2pppp/5n2/2pp4/3P4/2N5/PPP1PPPP/R2QKBNR w KQk -,MODEL_PREDICTION_NOT_EMPIRICAL
JOB-11,B3,1700,maia3-5m,9,c3b5,Nb5,0.004582136869430542,0.9936118947807699,0.522742935900908,349,22,629,1rbqkb1r/pp2pppp/5n2/2pp4/3P4/2N5/PPP1PPPP/R2QKBNR w KQk -,MODEL_PREDICTION_NOT_EMPIRICAL
JOB-11,B3,1700,maia3-5m,10,g2g3,g3,0.0026249962393194437,0.9936118947807699,0.522742935900908,444,30,526,1rbqkb1r/pp2pppp/5n2/2pp4/3P4/2N5/PPP1PPPP/R2QKBNR w KQk -,MODEL_PREDICTION_NOT_EMPIRICAL
JOB-11,B3,1900,maia3-5m,1,d4c5,dxc5,0.49175703525543213,0.9950388607103378,0.5509772868341869,410,34,556,1rbqkb1r/pp2pppp/5n2/2pp4/3P4/2N5/PPP1PPPP/R2QKBNR w KQk -,MODEL_PREDICTION_NOT_EMPIRICAL
JOB-11,B3,1900,maia3-5m,2,e2e3,e3,0.3085094392299652,0.9950388607103378,0.5509772868341869,462,34,504,1rbqkb1r/pp2pppp/5n2/2pp4/3P4/2N5/PPP1PPPP/R2QKBNR w KQk -,MODEL_PREDICTION_NOT_EMPIRICAL
JOB-11,B3,1900,maia3-5m,3,g1f3,Nf3,0.11609356850385666,0.9950388607103378,0.5509772868341869,460,35,505,1rbqkb1r/pp2pppp/5n2/2pp4/3P4/2N5/PPP1PPPP/R2QKBNR w KQk -,MODEL_PREDICTION_NOT_EMPIRICAL
JOB-11,B3,1900,maia3-5m,4,e2e4,e4,0.04688538238406181,0.9950388607103378,0.5509772868341869,454,30,516,1rbqkb1r/pp2pppp/5n2/2pp4/3P4/2N5/PPP1PPPP/R2QKBNR w KQk -,MODEL_PREDICTION_NOT_EMPIRICAL
JOB-11,B3,1900,maia3-5m,5,d1d2,Qd2,0.008308722637593746,0.9950388607103378,0.5509772868341869,435,31,534,1rbqkb1r/pp2pppp/5n2/2pp4/3P4/2N5/PPP1PPPP/R2QKBNR w KQk -,MODEL_PREDICTION_NOT_EMPIRICAL
JOB-11,B3,1900,maia3-5m,6,f2f3,f3,0.007938058115541935,0.9950388607103378,0.5509772868341869,429,33,538,1rbqkb1r/pp2pppp/5n2/2pp4/3P4/2N5/PPP1PPPP/R2QKBNR w KQk -,MODEL_PREDICTION_NOT_EMPIRICAL
JOB-11,B3,1900,maia3-5m,7,d1d3,Qd3,0.005791225470602512,0.9950388607103378,0.5509772868341869,454,30,516,1rbqkb1r/pp2pppp/5n2/2pp4/3P4/2N5/PPP1PPPP/R2QKBNR w KQk -,MODEL_PREDICTION_NOT_EMPIRICAL
JOB-11,B3,1900,maia3-5m,8,a2a3,a3,0.004828369244933128,0.9950388607103378,0.5509772868341869,440,33,527,1rbqkb1r/pp2pppp/5n2/2pp4/3P4/2N5/PPP1PPPP/R2QKBNR w KQk -,MODEL_PREDICTION_NOT_EMPIRICAL
JOB-11,B3,1900,maia3-5m,9,c3b5,Nb5,0.0025233386550098658,0.9950388607103378,0.5509772868341869,334,24,642,1rbqkb1r/pp2pppp/5n2/2pp4/3P4/2N5/PPP1PPPP/R2QKBNR w KQk -,MODEL_PREDICTION_NOT_EMPIRICAL
JOB-11,B3,1900,maia3-5m,10,g2g3,g3,0.0024037212133407593,0.9950388607103378,0.5509772868341869,447,34,519,1rbqkb1r/pp2pppp/5n2/2pp4/3P4/2N5/PPP1PPPP/R2QKBNR w KQk -,MODEL_PREDICTION_NOT_EMPIRICAL
JOB-11,B3,2100,maia3-5m,1,e2e3,e3,0.4045133888721466,0.9970609700540081,0.5613430837363363,455,41,504,1rbqkb1r/pp2pppp/5n2/2pp4/3P4/2N5/PPP1PPPP/R2QKBNR w KQk -,MODEL_PREDICTION_NOT_EMPIRICAL
JOB-11,B3,2100,maia3-5m,2,d4c5,dxc5,0.38159361481666565,0.9970609700540081,0.5613430837363363,411,43,546,1rbqkb1r/pp2pppp/5n2/2pp4/3P4/2N5/PPP1PPPP/R2QKBNR w KQk -,MODEL_PREDICTION_NOT_EMPIRICAL
JOB-11,B3,2100,maia3-5m,3,g1f3,Nf3,0.09725445508956909,0.9970609700540081,0.5613430837363363,451,42,507,1rbqkb1r/pp2pppp/5n2/2pp4/3P4/2N5/PPP1PPPP/R2QKBNR w KQk -,MODEL_PREDICTION_NOT_EMPIRICAL
JOB-11,B3,2100,maia3-5m,4,e2e4,e4,0.09430163353681564,0.9970609700540081,0.5613430837363363,454,37,509,1rbqkb1r/pp2pppp/5n2/2pp4/3P4/2N5/PPP1PPPP/R2QKBNR w KQk -,MODEL_PREDICTION_NOT_EMPIRICAL
JOB-11,B3,2100,maia3-5m,5,d1d2,Qd2,0.005345451179891825,0.9970609700540081,0.5613430837363363,434,39,527,1rbqkb1r/pp2pppp/5n2/2pp4/3P4/2N5/PPP1PPPP/R2QKBNR w KQk -,MODEL_PREDICTION_NOT_EMPIRICAL
JOB-11,B3,2100,maia3-5m,6,f2f3,f3,0.004262480419129133,0.9970609700540081,0.5613430837363363,419,39,542,1rbqkb1r/pp2pppp/5n2/2pp4/3P4/2N5/PPP1PPPP/R2QKBNR w KQk -,MODEL_PREDICTION_NOT_EMPIRICAL
JOB-11,B3,2100,maia3-5m,7,d1d3,Qd3,0.0033227968961000443,0.9970609700540081,0.5613430837363363,450,37,513,1rbqkb1r/pp2pppp/5n2/2pp4/3P4/2N5/PPP1PPPP/R2QKBNR w KQk -,MODEL_PREDICTION_NOT_EMPIRICAL
JOB-11,B3,2100,maia3-5m,8,a2a3,a3,0.0032687182538211346,0.9970609700540081,0.5613430837363363,435,41,524,1rbqkb1r/pp2pppp/5n2/2pp4/3P4/2N5/PPP1PPPP/R2QKBNR w KQk -,MODEL_PREDICTION_NOT_EMPIRICAL
JOB-11,B3,2100,maia3-5m,9,g2g3,g3,0.001702666049823165,0.9970609700540081,0.5613430837363363,444,42,514,1rbqkb1r/pp2pppp/5n2/2pp4/3P4/2N5/PPP1PPPP/R2QKBNR w KQk -,MODEL_PREDICTION_NOT_EMPIRICAL
JOB-11,B3,2100,maia3-5m,10,c3b5,Nb5,0.001495764940045774,0.9970609700540081,0.5613430837363363,322,29,649,1rbqkb1r/pp2pppp/5n2/2pp4/3P4/2N5/PPP1PPPP/R2QKBNR w KQk -,MODEL_PREDICTION_NOT_EMPIRICAL
VER-05,B3,1100,maia3-5m,1,d4c5,dxc5,0.6777840256690979,0.9937456857878715,0.47371639170240337,491,28,481,rnbqkb1r/pp2pp1p/5p2/2pp4/3P4/2N5/PPP1PPPP/R2QKBNR w KQkq -,MODEL_PREDICTION_NOT_EMPIRICAL
VER-05,B3,1100,maia3-5m,2,e2e3,e3,0.1206582710146904,0.9937456857878715,0.47371639170240337,530,30,440,rnbqkb1r/pp2pp1p/5p2/2pp4/3P4/2N5/PPP1PPPP/R2QKBNR w KQkq -,MODEL_PREDICTION_NOT_EMPIRICAL
VER-05,B3,1100,maia3-5m,3,g1f3,Nf3,0.09065251797437668,0.9937456857878715,0.47371639170240337,527,29,444,rnbqkb1r/pp2pp1p/5p2/2pp4/3P4/2N5/PPP1PPPP/R2QKBNR w KQkq -,MODEL_PREDICTION_NOT_EMPIRICAL
VER-05,B3,1100,maia3-5m,4,e2e4,e4,0.07213731110095978,0.9937456857878715,0.47371639170240337,550,27,423,rnbqkb1r/pp2pp1p/5p2/2pp4/3P4/2N5/PPP1PPPP/R2QKBNR w KQkq -,MODEL_PREDICTION_NOT_EMPIRICAL
VER-05,B3,1100,maia3-5m,5,c3d5,Nxd5,0.01096511073410511,0.9937456857878715,0.47371639170240337,341,35,624,rnbqkb1r/pp2pp1p/5p2/2pp4/3P4/2N5/PPP1PPPP/R2QKBNR w KQkq -,MODEL_PREDICTION_NOT_EMPIRICAL
VER-05,B3,1100,maia3-5m,6,d1d3,Qd3,0.00806898158043623,0.9937456857878715,0.47371639170240337,524,26,450,rnbqkb1r/pp2pp1p/5p2/2pp4/3P4/2N5/PPP1PPPP/R2QKBNR w KQkq -,MODEL_PREDICTION_NOT_EMPIRICAL
VER-05,B3,1100,maia3-5m,7,d1d2,Qd2,0.004421614110469818,0.9937456857878715,0.47371639170240337,515,27,458,rnbqkb1r/pp2pp1p/5p2/2pp4/3P4/2N5/PPP1PPPP/R2QKBNR w KQkq -,MODEL_PREDICTION_NOT_EMPIRICAL
VER-05,B3,1100,maia3-5m,8,f2f3,f3,0.003893949557095766,0.9937456857878715,0.47371639170240337,490,30,480,rnbqkb1r/pp2pp1p/5p2/2pp4/3P4/2N5/PPP1PPPP/R2QKBNR w KQkq -,MODEL_PREDICTION_NOT_EMPIRICAL
VER-05,B3,1100,maia3-5m,9,g2g3,g3,0.0028175455518066883,0.9937456857878715,0.47371639170240337,510,30,460,rnbqkb1r/pp2pp1p/5p2/2pp4/3P4/2N5/PPP1PPPP/R2QKBNR w KQkq -,MODEL_PREDICTION_NOT_EMPIRICAL
VER-05,B3,1100,maia3-5m,10,c3b5,Nb5,0.0023463584948331118,0.9937456857878715,0.47371639170240337,478,25,497,rnbqkb1r/pp2pp1p/5p2/2pp4/3P4/2N5/PPP1PPPP/R2QKBNR w KQkq -,MODEL_PREDICTION_NOT_EMPIRICAL
VER-05,B3,1300,maia3-5m,1,d4c5,dxc5,0.6371685266494751,0.9939817828126252,0.4974123643434372,496,28,476,rnbqkb1r/pp2pp1p/5p2/2pp4/3P4/2N5/PPP1PPPP/R2QKBNR w KQkq -,MODEL_PREDICTION_NOT_EMPIRICAL
VER-05,B3,1300,maia3-5m,2,e2e3,e3,0.15452247858047485,0.9939817828126252,0.4974123643434372,531,30,439,rnbqkb1r/pp2pp1p/5p2/2pp4/3P4/2N5/PPP1PPPP/R2QKBNR w KQkq -,MODEL_PREDICTION_NOT_EMPIRICAL
VER-05,B3,1300,maia3-5m,3,g1f3,Nf3,0.10633460432291031,0.9939817828126252,0.4974123643434372,530,29,441,rnbqkb1r/pp2pp1p/5p2/2pp4/3P4/2N5/PPP1PPPP/R2QKBNR w KQkq -,MODEL_PREDICTION_NOT_EMPIRICAL
VER-05,B3,1300,maia3-5m,4,e2e4,e4,0.06757105141878128,0.9939817828126252,0.4974123643434372,551,27,422,rnbqkb1r/pp2pp1p/5p2/2pp4/3P4/2N5/PPP1PPPP/R2QKBNR w KQkq -,MODEL_PREDICTION_NOT_EMPIRICAL
VER-05,B3,1300,maia3-5m,5,d1d3,Qd3,0.007688028737902641,0.9939817828126252,0.4974123643434372,523,25,452,rnbqkb1r/pp2pp1p/5p2/2pp4/3P4/2N5/PPP1PPPP/R2QKBNR w KQkq -,MODEL_PREDICTION_NOT_EMPIRICAL
VER-05,B3,1300,maia3-5m,6,c3d5,Nxd5,0.006333880126476288,0.9939817828126252,0.4974123643434372,320,30,650,rnbqkb1r/pp2pp1p/5p2/2pp4/3P4/2N5/PPP1PPPP/R2QKBNR w KQkq -,MODEL_PREDICTION_NOT_EMPIRICAL
VER-05,B3,1300,maia3-5m,7,d1d2,Qd2,0.005729441065341234,0.9939817828126252,0.4974123643434372,515,27,458,rnbqkb1r/pp2pp1p/5p2/2pp4/3P4/2N5/PPP1PPPP/R2QKBNR w KQkq -,MODEL_PREDICTION_NOT_EMPIRICAL
VER-05,B3,1300,maia3-5m,8,f2f3,f3,0.0038556214421987534,0.9939817828126252,0.4974123643434372,490,30,480,rnbqkb1r/pp2pp1p/5p2/2pp4/3P4/2N5/PPP1PPPP/R2QKBNR w KQkq -,MODEL_PREDICTION_NOT_EMPIRICAL
VER-05,B3,1300,maia3-5m,9,g2g3,g3,0.002956399228423834,0.9939817828126252,0.4974123643434372,511,30,459,rnbqkb1r/pp2pp1p/5p2/2pp4/3P4/2N5/PPP1PPPP/R2QKBNR w KQkq -,MODEL_PREDICTION_NOT_EMPIRICAL
VER-05,B3,1300,maia3-5m,10,a2a3,a3,0.0018217512406408787,0.9939817828126252,0.4974123643434372,501,30,469,rnbqkb1r/pp2pp1p/5p2/2pp4/3P4/2N5/PPP1PPPP/R2QKBNR w KQkq -,MODEL_PREDICTION_NOT_EMPIRICAL
VER-05,B3,1500,maia3-5m,1,d4c5,dxc5,0.5956818461418152,0.9948604302480817,0.52162143766796,496,28,476,rnbqkb1r/pp2pp1p/5p2/2pp4/3P4/2N5/PPP1PPPP/R2QKBNR w KQkq -,MODEL_PREDICTION_NOT_EMPIRICAL
VER-05,B3,1500,maia3-5m,2,e2e3,e3,0.18592418730258942,0.9948604302480817,0.52162143766796,531,31,438,rnbqkb1r/pp2pp1p/5p2/2pp4/3P4/2N5/PPP1PPPP/R2QKBNR w KQkq -,MODEL_PREDICTION_NOT_EMPIRICAL
VER-05,B3,1500,maia3-5m,3,g1f3,Nf3,0.1163230910897255,0.9948604302480817,0.52162143766796,532,30,438,rnbqkb1r/pp2pp1p/5p2/2pp4/3P4/2N5/PPP1PPPP/R2QKBNR w KQkq -,MODEL_PREDICTION_NOT_EMPIRICAL
VER-05,B3,1500,maia3-5m,4,e2e4,e4,0.07005215436220169,0.9948604302480817,0.52162143766796,550,28,422,rnbqkb1r/pp2pp1p/5p2/2pp4/3P4/2N5/PPP1PPPP/R2QKBNR w KQkq -,MODEL_PREDICTION_NOT_EMPIRICAL
VER-05,B3,1500,maia3-5m,5,d1d2,Qd2,0.007495475001633167,0.9948604302480817,0.52162143766796,515,27,458,rnbqkb1r/pp2pp1p/5p2/2pp4/3P4/2N5/PPP1PPPP/R2QKBNR w KQkq -,MODEL_PREDICTION_NOT_EMPIRICAL
VER-05,B3,1500,maia3-5m,6,d1d3,Qd3,0.006389909889549017,0.9948604302480817,0.52162143766796,521,26,453,rnbqkb1r/pp2pp1p/5p2/2pp4/3P4/2N5/PPP1PPPP/R2QKBNR w KQkq -,MODEL_PREDICTION_NOT_EMPIRICAL
VER-05,B3,1500,maia3-5m,7,c3d5,Nxd5,0.003740251762792468,0.9948604302480817,0.52162143766796,291,25,684,rnbqkb1r/pp2pp1p/5p2/2pp4/3P4/2N5/PPP1PPPP/R2QKBNR w KQkq -,MODEL_PREDICTION_NOT_EMPIRICAL
VER-05,B3,1500,maia3-5m,8,f2f3,f3,0.003647276433184743,0.9948604302480817,0.52162143766796,490,30,480,rnbqkb1r/pp2pp1p/5p2/2pp4/3P4/2N5/PPP1PPPP/R2QKBNR w KQkq -,MODEL_PREDICTION_NOT_EMPIRICAL
VER-05,B3,1500,maia3-5m,9,g2g3,g3,0.0033298134803771973,0.9948604302480817,0.52162143766796,513,31,456,rnbqkb1r/pp2pp1p/5p2/2pp4/3P4/2N5/PPP1PPPP/R2QKBNR w KQkq -,MODEL_PREDICTION_NOT_EMPIRICAL
VER-05,B3,1500,maia3-5m,10,a2a3,a3,0.0022764247842133045,0.9948604302480817,0.52162143766796,500,31,469,rnbqkb1r/pp2pp1p/5p2/2pp4/3P4/2N5/PPP1PPPP/R2QKBNR w KQkq -,MODEL_PREDICTION_NOT_EMPIRICAL
VER-05,B3,1700,maia3-5m,1,d4c5,dxc5,0.5627531409263611,0.9957868412602693,0.5387153310650769,490,28,482,rnbqkb1r/pp2pp1p/5p2/2pp4/3P4/2N5/PPP1PPPP/R2QKBNR w KQkq -,MODEL_PREDICTION_NOT_EMPIRICAL
VER-05,B3,1700,maia3-5m,2,e2e3,e3,0.20983034372329712,0.9957868412602693,0.5387153310650769,527,32,441,rnbqkb1r/pp2pp1p/5p2/2pp4/3P4/2N5/PPP1PPPP/R2QKBNR w KQkq -,MODEL_PREDICTION_NOT_EMPIRICAL
VER-05,B3,1700,maia3-5m,3,g1f3,Nf3,0.11456970870494843,0.9957868412602693,0.5387153310650769,527,31,442,rnbqkb1r/pp2pp1p/5p2/2pp4/3P4/2N5/PPP1PPPP/R2QKBNR w KQkq -,MODEL_PREDICTION_NOT_EMPIRICAL
VER-05,B3,1700,maia3-5m,4,e2e4,e4,0.08360447734594345,0.9957868412602693,0.5387153310650769,554,29,417,rnbqkb1r/pp2pp1p/5p2/2pp4/3P4/2N5/PPP1PPPP/R2QKBNR w KQkq -,MODEL_PREDICTION_NOT_EMPIRICAL
VER-05,B3,1700,maia3-5m,5,d1d2,Qd2,0.00929160974919796,0.9957868412602693,0.5387153310650769,504,28,468,rnbqkb1r/pp2pp1p/5p2/2pp4/3P4/2N5/PPP1PPPP/R2QKBNR w KQkq -,MODEL_PREDICTION_NOT_EMPIRICAL
VER-05,B3,1700,maia3-5m,6,d1d3,Qd3,0.0043510375544428825,0.9957868412602693,0.5387153310650769,513,27,460,rnbqkb1r/pp2pp1p/5p2/2pp4/3P4/2N5/PPP1PPPP/R2QKBNR w KQkq -,MODEL_PREDICTION_NOT_EMPIRICAL
VER-05,B3,1700,maia3-5m,7,g2g3,g3,0.00379156949929893,0.9957868412602693,0.5387153310650769,511,32,457,rnbqkb1r/pp2pp1p/5p2/2pp4/3P4/2N5/PPP1PPPP/R2QKBNR w KQkq -,MODEL_PREDICTION_NOT_EMPIRICAL
VER-05,B3,1700,maia3-5m,8,f2f3,f3,0.0031606119591742754,0.9957868412602693,0.5387153310650769,481,31,488,rnbqkb1r/pp2pp1p/5p2/2pp4/3P4/2N5/PPP1PPPP/R2QKBNR w KQkq -,MODEL_PREDICTION_NOT_EMPIRICAL
VER-05,B3,1700,maia3-5m,9,a2a3,a3,0.0023023891262710094,0.9957868412602693,0.5387153310650769,492,32,476,rnbqkb1r/pp2pp1p/5p2/2pp4/3P4/2N5/PPP1PPPP/R2QKBNR w KQkq -,MODEL_PREDICTION_NOT_EMPIRICAL
VER-05,B3,1700,maia3-5m,10,c3d5,Nxd5,0.0021319526713341475,0.9957868412602693,0.5387153310650769,267,20,713,rnbqkb1r/pp2pp1p/5p2/2pp4/3P4/2N5/PPP1PPPP/R2QKBNR w KQkq -,MODEL_PREDICTION_NOT_EMPIRICAL
VER-05,B3,1900,maia3-5m,1,d4c5,dxc5,0.49183985590934753,0.9974217938724905,0.5716019707385137,486,32,482,rnbqkb1r/pp2pp1p/5p2/2pp4/3P4/2N5/PPP1PPPP/R2QKBNR w KQkq -,MODEL_PREDICTION_NOT_EMPIRICAL
VER-05,B3,1900,maia3-5m,2,e2e3,e3,0.2463531345129013,0.9974217938724905,0.5716019707385137,519,34,447,rnbqkb1r/pp2pp1p/5p2/2pp4/3P4/2N5/PPP1PPPP/R2QKBNR w KQkq -,MODEL_PREDICTION_NOT_EMPIRICAL
VER-05,B3,1900,maia3-5m,3,e2e4,e4,0.13561592996120453,0.9974217938724905,0.5716019707385137,550,33,417,rnbqkb1r/pp2pp1p/5p2/2pp4/3P4/2N5/PPP1PPPP/R2QKBNR w KQkq -,MODEL_PREDICTION_NOT_EMPIRICAL
VER-05,B3,1900,maia3-5m,4,g1f3,Nf3,0.10117237269878387,0.9974217938724905,0.5716019707385137,515,33,452,rnbqkb1r/pp2pp1p/5p2/2pp4/3P4/2N5/PPP1PPPP/R2QKBNR w KQkq -,MODEL_PREDICTION_NOT_EMPIRICAL
VER-05,B3,1900,maia3-5m,5,d1d2,Qd2,0.01035211980342865,0.9974217938724905,0.5716019707385137,490,30,480,rnbqkb1r/pp2pp1p/5p2/2pp4/3P4/2N5/PPP1PPPP/R2QKBNR w KQkq -,MODEL_PREDICTION_NOT_EMPIRICAL
VER-05,B3,1900,maia3-5m,6,g2g3,g3,0.004235046450048685,0.9974217938724905,0.5716019707385137,503,34,463,rnbqkb1r/pp2pp1p/5p2/2pp4/3P4/2N5/PPP1PPPP/R2QKBNR w KQkq -,MODEL_PREDICTION_NOT_EMPIRICAL
VER-05,B3,1900,maia3-5m,7,d1d3,Qd3,0.0024060045834630728,0.9974217938724905,0.5716019707385137,502,30,468,rnbqkb1r/pp2pp1p/5p2/2pp4/3P4/2N5/PPP1PPPP/R2QKBNR w KQkq -,MODEL_PREDICTION_NOT_EMPIRICAL
VER-05,B3,1900,maia3-5m,8,f2f3,f3,0.0021638197358697653,0.9974217938724905,0.5716019707385137,468,33,499,rnbqkb1r/pp2pp1p/5p2/2pp4/3P4/2N5/PPP1PPPP/R2QKBNR w KQkq -,MODEL_PREDICTION_NOT_EMPIRICAL
VER-05,B3,1900,maia3-5m,9,f2f4,f4,0.0017793105216696858,0.9974217938724905,0.5716019707385137,452,31,517,rnbqkb1r/pp2pp1p/5p2/2pp4/3P4/2N5/PPP1PPPP/R2QKBNR w KQkq -,MODEL_PREDICTION_NOT_EMPIRICAL
VER-05,B3,1900,maia3-5m,10,a2a3,a3,0.0015041996957734227,0.9974217938724905,0.5716019707385137,481,34,485,rnbqkb1r/pp2pp1p/5p2/2pp4/3P4/2N5/PPP1PPPP/R2QKBNR w KQkq -,MODEL_PREDICTION_NOT_EMPIRICAL
VER-05,B3,2100,maia3-5m,1,d4c5,dxc5,0.3268359899520874,0.9992375469882973,0.592891557618176,473,39,488,rnbqkb1r/pp2pp1p/5p2/2pp4/3P4/2N5/PPP1PPPP/R2QKBNR w KQkq -,MODEL_PREDICTION_NOT_EMPIRICAL
VER-05,B3,2100,maia3-5m,2,e2e4,e4,0.2908641993999481,0.9992375469882973,0.592891557618176,538,41,421,rnbqkb1r/pp2pp1p/5p2/2pp4/3P4/2N5/PPP1PPPP/R2QKBNR w KQkq -,MODEL_PREDICTION_NOT_EMPIRICAL
VER-05,B3,2100,maia3-5m,3,e2e3,e3,0.2907981872558594,0.9992375469882973,0.592891557618176,506,42,452,rnbqkb1r/pp2pp1p/5p2/2pp4/3P4/2N5/PPP1PPPP/R2QKBNR w KQkq -,MODEL_PREDICTION_NOT_EMPIRICAL
VER-05,B3,2100,maia3-5m,4,g1f3,Nf3,0.07488013058900833,0.9992375469882973,0.592891557618176,496,41,463,rnbqkb1r/pp2pp1p/5p2/2pp4/3P4/2N5/PPP1PPPP/R2QKBNR w KQkq -,MODEL_PREDICTION_NOT_EMPIRICAL
VER-05,B3,2100,maia3-5m,5,d1d2,Qd2,0.007742196787148714,0.9992375469882973,0.592891557618176,480,37,483,rnbqkb1r/pp2pp1p/5p2/2pp4/3P4/2N5/PPP1PPPP/R2QKBNR w KQkq -,MODEL_PREDICTION_NOT_EMPIRICAL
VER-05,B3,2100,maia3-5m,6,g2g3,g3,0.004442383535206318,0.9992375469882973,0.592891557618176,491,42,467,rnbqkb1r/pp2pp1p/5p2/2pp4/3P4/2N5/PPP1PPPP/R2QKBNR w KQkq -,MODEL_PREDICTION_NOT_EMPIRICAL
VER-05,B3,2100,maia3-5m,7,f2f4,f4,0.0013178883818909526,0.9992375469882973,0.592891557618176,439,37,524,rnbqkb1r/pp2pp1p/5p2/2pp4/3P4/2N5/PPP1PPPP/R2QKBNR w KQkq -,MODEL_PREDICTION_NOT_EMPIRICAL
VER-05,B3,2100,maia3-5m,8,d1d3,Qd3,0.000978986732661724,0.9992375469882973,0.592891557618176,494,36,470,rnbqkb1r/pp2pp1p/5p2/2pp4/3P4/2N5/PPP1PPPP/R2QKBNR w KQkq -,MODEL_PREDICTION_NOT_EMPIRICAL
VER-05,B3,2100,maia3-5m,9,f2f3,f3,0.00075593835208565,0.9992375469882973,0.592891557618176,459,39,502,rnbqkb1r/pp2pp1p/5p2/2pp4/3P4/2N5/PPP1PPPP/R2QKBNR w KQkq -,MODEL_PREDICTION_NOT_EMPIRICAL
VER-05,B3,2100,maia3-5m,10,c3d5,Nxd5,0.0006216460024006665,0.9992375469882973,0.592891557618176,277,27,696,rnbqkb1r/pp2pp1p/5p2/2pp4/3P4/2N5/PPP1PPPP/R2QKBNR w KQkq -,MODEL_PREDICTION_NOT_EMPIRICAL
LON-10,B4,1100,maia3-5m,1,a1c1,Rc1,0.4478766620159149,0.9602276422083378,0.6931206672460861,503,22,475,r1b1kb1r/pp2pppp/2n2n2/2Pp4/5B2/2q1PN2/P2N1PPP/R2QKB1R w KQkq -,MODEL_PREDICTION_NOT_EMPIRICAL
LON-10,B4,1100,maia3-5m,2,f1b5,Bb5,0.21557997167110443,0.9602276422083378,0.6931206672460861,455,21,524,r1b1kb1r/pp2pppp/2n2n2/2Pp4/5B2/2q1PN2/P2N1PPP/R2QKB1R w KQkq -,MODEL_PREDICTION_NOT_EMPIRICAL
LON-10,B4,1100,maia3-5m,3,f1e2,Be2,0.08551642298698425,0.9602276422083378,0.6931206672460861,420,21,559,r1b1kb1r/pp2pppp/2n2n2/2Pp4/5B2/2q1PN2/P2N1PPP/R2QKB1R w KQkq -,MODEL_PREDICTION_NOT_EMPIRICAL
LON-10,B4,1100,maia3-5m,4,f4e5,Be5,0.07771670818328857,0.9602276422083378,0.6931206672460861,362,25,613,r1b1kb1r/pp2pppp/2n2n2/2Pp4/5B2/2q1PN2/P2N1PPP/R2QKB1R w KQkq -,MODEL_PREDICTION_NOT_EMPIRICAL
LON-10,B4,1100,maia3-5m,5,d1c1,Qc1,0.03255298733711243,0.9602276422083378,0.6931206672460861,464,30,506,r1b1kb1r/pp2pppp/2n2n2/2Pp4/5B2/2q1PN2/P2N1PPP/R2QKB1R w KQkq -,MODEL_PREDICTION_NOT_EMPIRICAL
LON-10,B4,1100,maia3-5m,6,f3d4,Nd4,0.03013571910560131,0.9602276422083378,0.6931206672460861,383,20,597,r1b1kb1r/pp2pppp/2n2n2/2Pp4/5B2/2q1PN2/P2N1PPP/R2QKB1R w KQkq -,MODEL_PREDICTION_NOT_EMPIRICAL
LON-10,B4,1100,maia3-5m,7,e3e4,e4,0.02581634931266308,0.9602276422083378,0.6931206672460861,325,19,656,r1b1kb1r/pp2pppp/2n2n2/2Pp4/5B2/2q1PN2/P2N1PPP/R2QKB1R w KQkq -,MODEL_PREDICTION_NOT_EMPIRICAL
LON-10,B4,1100,maia3-5m,8,f3e5,Ne5,0.024177348241209984,0.9602276422083378,0.6931206672460861,296,19,685,r1b1kb1r/pp2pppp/2n2n2/2Pp4/5B2/2q1PN2/P2N1PPP/R2QKB1R w KQkq -,MODEL_PREDICTION_NOT_EMPIRICAL
LON-10,B4,1100,maia3-5m,9,a1b1,Rb1,0.010448988527059555,0.9602276422083378,0.6931206672460861,420,20,560,r1b1kb1r/pp2pppp/2n2n2/2Pp4/5B2/2q1PN2/P2N1PPP/R2QKB1R w KQkq -,MODEL_PREDICTION_NOT_EMPIRICAL
LON-10,B4,1100,maia3-5m,10,d1b3,Qb3,0.010406484827399254,0.9602276422083378,0.6931206672460861,294,22,684,r1b1kb1r/pp2pppp/2n2n2/2Pp4/5B2/2q1PN2/P2N1PPP/R2QKB1R w KQkq -,MODEL_PREDICTION_NOT_EMPIRICAL
LON-10,B4,1300,maia3-5m,1,a1c1,Rc1,0.466462105512619,0.9737036554142833,0.6594773020447378,481,23,496,r1b1kb1r/pp2pppp/2n2n2/2Pp4/5B2/2q1PN2/P2N1PPP/R2QKB1R w KQkq -,MODEL_PREDICTION_NOT_EMPIRICAL
LON-10,B4,1300,maia3-5m,2,f1b5,Bb5,0.2192343771457672,0.9737036554142833,0.6594773020447378,453,20,527,r1b1kb1r/pp2pppp/2n2n2/2Pp4/5B2/2q1PN2/P2N1PPP/R2QKB1R w KQkq -,MODEL_PREDICTION_NOT_EMPIRICAL
LON-10,B4,1300,maia3-5m,3,f1e2,Be2,0.1264760047197342,0.9737036554142833,0.6594773020447378,413,21,566,r1b1kb1r/pp2pppp/2n2n2/2Pp4/5B2/2q1PN2/P2N1PPP/R2QKB1R w KQkq -,MODEL_PREDICTION_NOT_EMPIRICAL
LON-10,B4,1300,maia3-5m,4,f4e5,Be5,0.06162243336439133,0.9737036554142833,0.6594773020447378,327,24,649,r1b1kb1r/pp2pppp/2n2n2/2Pp4/5B2/2q1PN2/P2N1PPP/R2QKB1R w KQkq -,MODEL_PREDICTION_NOT_EMPIRICAL
LON-10,B4,1300,maia3-5m,5,d1c1,Qc1,0.028828246518969536,0.9737036554142833,0.6594773020447378,443,31,526,r1b1kb1r/pp2pppp/2n2n2/2Pp4/5B2/2q1PN2/P2N1PPP/R2QKB1R w KQkq -,MODEL_PREDICTION_NOT_EMPIRICAL
LON-10,B4,1300,maia3-5m,6,f3d4,Nd4,0.026755860075354576,0.9737036554142833,0.6594773020447378,367,19,614,r1b1kb1r/pp2pppp/2n2n2/2Pp4/5B2/2q1PN2/P2N1PPP/R2QKB1R w KQkq -,MODEL_PREDICTION_NOT_EMPIRICAL
LON-10,B4,1300,maia3-5m,7,f3e5,Ne5,0.015974856913089752,0.9737036554142833,0.6594773020447378,260,17,723,r1b1kb1r/pp2pppp/2n2n2/2Pp4/5B2/2q1PN2/P2N1PPP/R2QKB1R w KQkq -,MODEL_PREDICTION_NOT_EMPIRICAL
LON-10,B4,1300,maia3-5m,8,e3e4,e4,0.01201870758086443,0.9737036554142833,0.6594773020447378,310,17,673,r1b1kb1r/pp2pppp/2n2n2/2Pp4/5B2/2q1PN2/P2N1PPP/R2QKB1R w KQkq -,MODEL_PREDICTION_NOT_EMPIRICAL
LON-10,B4,1300,maia3-5m,9,a1b1,Rb1,0.008597562089562416,0.9737036554142833,0.6594773020447378,412,19,569,r1b1kb1r/pp2pppp/2n2n2/2Pp4/5B2/2q1PN2/P2N1PPP/R2QKB1R w KQkq -,MODEL_PREDICTION_NOT_EMPIRICAL
LON-10,B4,1300,maia3-5m,10,d1b3,Qb3,0.007733501493930817,0.9737036554142833,0.6594773020447378,289,22,689,r1b1kb1r/pp2pppp/2n2n2/2Pp4/5B2/2q1PN2/P2N1PPP/R2QKB1R w KQkq -,MODEL_PREDICTION_NOT_EMPIRICAL
LON-10,B4,1500,maia3-5m,1,a1c1,Rc1,0.5099534392356873,0.9828082760795951,0.6065332426015849,461,23,516,r1b1kb1r/pp2pppp/2n2n2/2Pp4/5B2/2q1PN2/P2N1PPP/R2QKB1R w KQkq -,MODEL_PREDICTION_NOT_EMPIRICAL
LON-10,B4,1500,maia3-5m,2,f1b5,Bb5,0.20927169919013977,0.9828082760795951,0.6065332426015849,457,21,522,r1b1kb1r/pp2pppp/2n2n2/2Pp4/5B2/2q1PN2/P2N1PPP/R2QKB1R w KQkq -,MODEL_PREDICTION_NOT_EMPIRICAL
LON-10,B4,1500,maia3-5m,3,f1e2,Be2,0.14890336990356445,0.9828082760795951,0.6065332426015849,410,22,568,r1b1kb1r/pp2pppp/2n2n2/2Pp4/5B2/2q1PN2/P2N1PPP/R2QKB1R w KQkq -,MODEL_PREDICTION_NOT_EMPIRICAL
LON-10,B4,1500,maia3-5m,4,f4e5,Be5,0.03963422402739525,0.9828082760795951,0.6065332426015849,300,23,677,r1b1kb1r/pp2pppp/2n2n2/2Pp4/5B2/2q1PN2/P2N1PPP/R2QKB1R w KQkq -,MODEL_PREDICTION_NOT_EMPIRICAL
LON-10,B4,1500,maia3-5m,5,d1c1,Qc1,0.02589319832623005,0.9828082760795951,0.6065332426015849,424,33,543,r1b1kb1r/pp2pppp/2n2n2/2Pp4/5B2/2q1PN2/P2N1PPP/R2QKB1R w KQkq -,MODEL_PREDICTION_NOT_EMPIRICAL
LON-10,B4,1500,maia3-5m,6,f3d4,Nd4,0.020907491445541382,0.9828082760795951,0.6065332426015849,351,19,630,r1b1kb1r/pp2pppp/2n2n2/2Pp4/5B2/2q1PN2/P2N1PPP/R2QKB1R w KQkq -,MODEL_PREDICTION_NOT_EMPIRICAL
LON-10,B4,1500,maia3-5m,7,f3e5,Ne5,0.010183085687458515,0.9828082760795951,0.6065332426015849,240,17,743,r1b1kb1r/pp2pppp/2n2n2/2Pp4/5B2/2q1PN2/P2N1PPP/R2QKB1R w KQkq -,MODEL_PREDICTION_NOT_EMPIRICAL
LON-10,B4,1500,maia3-5m,8,a1b1,Rb1,0.007180359680205584,0.9828082760795951,0.6065332426015849,405,20,575,r1b1kb1r/pp2pppp/2n2n2/2Pp4/5B2/2q1PN2/P2N1PPP/R2QKB1R w KQkq -,MODEL_PREDICTION_NOT_EMPIRICAL
LON-10,B4,1500,maia3-5m,9,d1b3,Qb3,0.005876052193343639,0.9828082760795951,0.6065332426015849,287,23,690,r1b1kb1r/pp2pppp/2n2n2/2Pp4/5B2/2q1PN2/P2N1PPP/R2QKB1R w KQkq -,MODEL_PREDICTION_NOT_EMPIRICAL
LON-10,B4,1500,maia3-5m,10,e3e4,e4,0.005005356390029192,0.9828082760795951,0.6065332426015849,293,17,690,r1b1kb1r/pp2pppp/2n2n2/2Pp4/5B2/2q1PN2/P2N1PPP/R2QKB1R w KQkq -,MODEL_PREDICTION_NOT_EMPIRICAL
LON-10,B4,1700,maia3-5m,1,a1c1,Rc1,0.6015206575393677,0.9899092903360724,0.519383147587763,452,24,524,r1b1kb1r/pp2pppp/2n2n2/2Pp4/5B2/2q1PN2/P2N1PPP/R2QKB1R w KQkq -,MODEL_PREDICTION_NOT_EMPIRICAL
LON-10,B4,1700,maia3-5m,2,f1b5,Bb5,0.1832275241613388,0.9899092903360724,0.519383147587763,468,22,510,r1b1kb1r/pp2pppp/2n2n2/2Pp4/5B2/2q1PN2/P2N1PPP/R2QKB1R w KQkq -,MODEL_PREDICTION_NOT_EMPIRICAL
LON-10,B4,1700,maia3-5m,3,f1e2,Be2,0.1331939995288849,0.9899092903360724,0.519383147587763,402,24,574,r1b1kb1r/pp2pppp/2n2n2/2Pp4/5B2/2q1PN2/P2N1PPP/R2QKB1R w KQkq -,MODEL_PREDICTION_NOT_EMPIRICAL
LON-10,B4,1700,maia3-5m,4,d1c1,Qc1,0.022677673026919365,0.9899092903360724,0.519383147587763,403,36,561,r1b1kb1r/pp2pppp/2n2n2/2Pp4/5B2/2q1PN2/P2N1PPP/R2QKB1R w KQkq -,MODEL_PREDICTION_NOT_EMPIRICAL
LON-10,B4,1700,maia3-5m,5,f4e5,Be5,0.01893739216029644,0.9899092903360724,0.519383147587763,286,23,691,r1b1kb1r/pp2pppp/2n2n2/2Pp4/5B2/2q1PN2/P2N1PPP/R2QKB1R w KQkq -,MODEL_PREDICTION_NOT_EMPIRICAL
LON-10,B4,1700,maia3-5m,6,f3d4,Nd4,0.012862482108175755,0.9899092903360724,0.519383147587763,336,19,645,r1b1kb1r/pp2pppp/2n2n2/2Pp4/5B2/2q1PN2/P2N1PPP/R2QKB1R w KQkq -,MODEL_PREDICTION_NOT_EMPIRICAL
LON-10,B4,1700,maia3-5m,7,a1b1,Rb1,0.005885218735784292,0.9899092903360724,0.519383147587763,402,21,577,r1b1kb1r/pp2pppp/2n2n2/2Pp4/5B2/2q1PN2/P2N1PPP/R2QKB1R w KQkq -,MODEL_PREDICTION_NOT_EMPIRICAL
LON-10,B4,1700,maia3-5m,8,f3e5,Ne5,0.005667963996529579,0.9899092903360724,0.519383147587763,232,16,752,r1b1kb1r/pp2pppp/2n2n2/2Pp4/5B2/2q1PN2/P2N1PPP/R2QKB1R w KQkq -,MODEL_PREDICTION_NOT_EMPIRICAL
LON-10,B4,1700,maia3-5m,9,d1b3,Qb3,0.00397793622687459,0.9899092903360724,0.519383147587763,293,25,682,r1b1kb1r/pp2pppp/2n2n2/2Pp4/5B2/2q1PN2/P2N1PPP/R2QKB1R w KQkq -,MODEL_PREDICTION_NOT_EMPIRICAL
LON-10,B4,1700,maia3-5m,10,f1d3,Bd3,0.0019584428519010544,0.9899092903360724,0.519383147587763,273,18,709,r1b1kb1r/pp2pppp/2n2n2/2Pp4/5B2/2q1PN2/P2N1PPP/R2QKB1R w KQkq -,MODEL_PREDICTION_NOT_EMPIRICAL
LON-10,B4,1900,maia3-5m,1,a1c1,Rc1,0.7338963150978088,0.9952341181924567,0.38879570883947345,453,28,519,r1b1kb1r/pp2pppp/2n2n2/2Pp4/5B2/2q1PN2/P2N1PPP/R2QKB1R w KQkq -,MODEL_PREDICTION_NOT_EMPIRICAL
LON-10,B4,1900,maia3-5m,2,f1b5,Bb5,0.14241699874401093,0.9952341181924567,0.38879570883947345,486,25,489,r1b1kb1r/pp2pppp/2n2n2/2Pp4/5B2/2q1PN2/P2N1PPP/R2QKB1R w KQkq -,MODEL_PREDICTION_NOT_EMPIRICAL
LON-10,B4,1900,maia3-5m,3,f1e2,Be2,0.08000794798135757,0.9952341181924567,0.38879570883947345,398,27,575,r1b1kb1r/pp2pppp/2n2n2/2Pp4/5B2/2q1PN2/P2N1PPP/R2QKB1R w KQkq -,MODEL_PREDICTION_NOT_EMPIRICAL
LON-10,B4,1900,maia3-5m,4,d1c1,Qc1,0.01727442443370819,0.9952341181924567,0.38879570883947345,384,39,577,r1b1kb1r/pp2pppp/2n2n2/2Pp4/5B2/2q1PN2/P2N1PPP/R2QKB1R w KQkq -,MODEL_PREDICTION_NOT_EMPIRICAL
LON-10,B4,1900,maia3-5m,5,f4e5,Be5,0.005978860892355442,0.9952341181924567,0.38879570883947345,292,25,683,r1b1kb1r/pp2pppp/2n2n2/2Pp4/5B2/2q1PN2/P2N1PPP/R2QKB1R w KQkq -,MODEL_PREDICTION_NOT_EMPIRICAL
LON-10,B4,1900,maia3-5m,6,f3d4,Nd4,0.005517142359167337,0.9952341181924567,0.38879570883947345,326,20,654,r1b1kb1r/pp2pppp/2n2n2/2Pp4/5B2/2q1PN2/P2N1PPP/R2QKB1R w KQkq -,MODEL_PREDICTION_NOT_EMPIRICAL
LON-10,B4,1900,maia3-5m,7,a1b1,Rb1,0.004642803687602282,0.9952341181924567,0.38879570883947345,406,24,570,r1b1kb1r/pp2pppp/2n2n2/2Pp4/5B2/2q1PN2/P2N1PPP/R2QKB1R w KQkq -,MODEL_PREDICTION_NOT_EMPIRICAL
LON-10,B4,1900,maia3-5m,8,f3e5,Ne5,0.0025069131515920162,0.9952341181924567,0.38879570883947345,242,17,741,r1b1kb1r/pp2pppp/2n2n2/2Pp4/5B2/2q1PN2/P2N1PPP/R2QKB1R w KQkq -,MODEL_PREDICTION_NOT_EMPIRICAL
LON-10,B4,1900,maia3-5m,9,d1b3,Qb3,0.002147497609257698,0.9952341181924567,0.38879570883947345,309,28,663,r1b1kb1r/pp2pppp/2n2n2/2Pp4/5B2/2q1PN2/P2N1PPP/R2QKB1R w KQkq -,MODEL_PREDICTION_NOT_EMPIRICAL
LON-10,B4,1900,maia3-5m,10,d1a4,Qa4,0.0008452142355963588,0.9952341181924567,0.38879570883947345,225,14,761,r1b1kb1r/pp2pppp/2n2n2/2Pp4/5B2/2q1PN2/P2N1PPP/R2QKB1R w KQkq -,MODEL_PREDICTION_NOT_EMPIRICAL
LON-10,B4,2100,maia3-5m,1,a1c1,Rc1,0.8291273713111877,0.9979595486074686,0.27232913748506216,467,34,499,r1b1kb1r/pp2pppp/2n2n2/2Pp4/5B2/2q1PN2/P2N1PPP/R2QKB1R w KQkq -,MODEL_PREDICTION_NOT_EMPIRICAL
LON-10,B4,2100,maia3-5m,2,f1b5,Bb5,0.11480961740016937,0.9979595486074686,0.27232913748506216,504,31,465,r1b1kb1r/pp2pppp/2n2n2/2Pp4/5B2/2q1PN2/P2N1PPP/R2QKB1R w KQkq -,MODEL_PREDICTION_NOT_EMPIRICAL
LON-10,B4,2100,maia3-5m,3,f1e2,Be2,0.03384916111826897,0.9979595486074686,0.27232913748506216,400,34,566,r1b1kb1r/pp2pppp/2n2n2/2Pp4/5B2/2q1PN2/P2N1PPP/R2QKB1R w KQkq -,MODEL_PREDICTION_NOT_EMPIRICAL
LON-10,B4,2100,maia3-5m,4,d1c1,Qc1,0.010219518095254898,0.9979595486074686,0.27232913748506216,376,48,576,r1b1kb1r/pp2pppp/2n2n2/2Pp4/5B2/2q1PN2/P2N1PPP/R2QKB1R w KQkq -,MODEL_PREDICTION_NOT_EMPIRICAL
LON-10,B4,2100,maia3-5m,5,a1b1,Rb1,0.0038896824698895216,0.9979595486074686,0.27232913748506216,414,31,555,r1b1kb1r/pp2pppp/2n2n2/2Pp4/5B2/2q1PN2/P2N1PPP/R2QKB1R w KQkq -,MODEL_PREDICTION_NOT_EMPIRICAL
LON-10,B4,2100,maia3-5m,6,f3d4,Nd4,0.0020065130665898323,0.9979595486074686,0.27232913748506216,332,24,644,r1b1kb1r/pp2pppp/2n2n2/2Pp4/5B2/2q1PN2/P2N1PPP/R2QKB1R w KQkq -,MODEL_PREDICTION_NOT_EMPIRICAL
LON-10,B4,2100,maia3-5m,7,f4e5,Be5,0.001476435805670917,0.9979595486074686,0.27232913748506216,323,32,645,r1b1kb1r/pp2pppp/2n2n2/2Pp4/5B2/2q1PN2/P2N1PPP/R2QKB1R w KQkq -,MODEL_PREDICTION_NOT_EMPIRICAL
LON-10,B4,2100,maia3-5m,8,f3e5,Ne5,0.0010689774062484503,0.9979595486074686,0.27232913748506216,276,21,703,r1b1kb1r/pp2pppp/2n2n2/2Pp4/5B2/2q1PN2/P2N1PPP/R2QKB1R w KQkq -,MODEL_PREDICTION_NOT_EMPIRICAL
LON-10,B4,2100,maia3-5m,9,d1b3,Qb3,0.0010386547073721886,0.9979595486074686,0.27232913748506216,329,36,635,r1b1kb1r/pp2pppp/2n2n2/2Pp4/5B2/2q1PN2/P2N1PPP/R2QKB1R w KQkq -,MODEL_PREDICTION_NOT_EMPIRICAL
LON-10,B4,2100,maia3-5m,10,d1a4,Qa4,0.0004736172268167138,0.9979595486074686,0.27232913748506216,241,17,742,r1b1kb1r/pp2pppp/2n2n2/2Pp4/5B2/2q1PN2/P2N1PPP/R2QKB1R w KQkq -,MODEL_PREDICTION_NOT_EMPIRICAL
LON-11,B4,1100,maia3-5m,1,f1b5,Bb5,0.2644743025302887,0.9372757477685809,0.8016397503742076,497,19,484,r1b1kb1r/pp2pppp/2n2n2/2pp4/3P1B2/2q1PN2/P2N1PPP/1R1QKB1R w Kkq -,MODEL_PREDICTION_NOT_EMPIRICAL
LON-11,B4,1100,maia3-5m,2,b1b3,Rb3,0.19937464594841003,0.9372757477685809,0.8016397503742076,477,25,498,r1b1kb1r/pp2pppp/2n2n2/2pp4/3P1B2/2q1PN2/P2N1PPP/1R1QKB1R w Kkq -,MODEL_PREDICTION_NOT_EMPIRICAL
LON-11,B4,1100,maia3-5m,3,b1c1,Rc1,0.15921171009540558,0.9372757477685809,0.8016397503742076,472,24,504,r1b1kb1r/pp2pppp/2n2n2/2pp4/3P1B2/2q1PN2/P2N1PPP/1R1QKB1R w Kkq -,MODEL_PREDICTION_NOT_EMPIRICAL
LON-11,B4,1100,maia3-5m,4,d4c5,dxc5,0.0979045033454895,0.9372757477685809,0.8016397503742076,421,20,559,r1b1kb1r/pp2pppp/2n2n2/2pp4/3P1B2/2q1PN2/P2N1PPP/1R1QKB1R w Kkq -,MODEL_PREDICTION_NOT_EMPIRICAL
LON-11,B4,1100,maia3-5m,5,f3e5,Ne5,0.08422768861055374,0.9372757477685809,0.8016397503742076,447,19,534,r1b1kb1r/pp2pppp/2n2n2/2pp4/3P1B2/2q1PN2/P2N1PPP/1R1QKB1R w Kkq -,MODEL_PREDICTION_NOT_EMPIRICAL
LON-11,B4,1100,maia3-5m,6,f1e2,Be2,0.06766645610332489,0.9372757477685809,0.8016397503742076,444,19,537,r1b1kb1r/pp2pppp/2n2n2/2pp4/3P1B2/2q1PN2/P2N1PPP/1R1QKB1R w Kkq -,MODEL_PREDICTION_NOT_EMPIRICAL
LON-11,B4,1100,maia3-5m,7,d1b3,Qb3,0.02276025526225567,0.9372757477685809,0.8016397503742076,481,31,488,r1b1kb1r/pp2pppp/2n2n2/2pp4/3P1B2/2q1PN2/P2N1PPP/1R1QKB1R w Kkq -,MODEL_PREDICTION_NOT_EMPIRICAL
LON-11,B4,1100,maia3-5m,8,d1a4,Qa4,0.020655062049627304,0.9372757477685809,0.8016397503742076,437,17,546,r1b1kb1r/pp2pppp/2n2n2/2pp4/3P1B2/2q1PN2/P2N1PPP/1R1QKB1R w Kkq -,MODEL_PREDICTION_NOT_EMPIRICAL
LON-11,B4,1100,maia3-5m,9,d1c1,Qc1,0.0111010130494833,0.9372757477685809,0.8016397503742076,458,30,512,r1b1kb1r/pp2pppp/2n2n2/2pp4/3P1B2/2q1PN2/P2N1PPP/1R1QKB1R w Kkq -,MODEL_PREDICTION_NOT_EMPIRICAL
LON-11,B4,1100,maia3-5m,10,f1d3,Bd3,0.009900110773742199,0.9372757477685809,0.8016397503742076,297,18,685,r1b1kb1r/pp2pppp/2n2n2/2pp4/3P1B2/2q1PN2/P2N1PPP/1R1QKB1R w Kkq -,MODEL_PREDICTION_NOT_EMPIRICAL
LON-11,B4,1300,maia3-5m,1,f1b5,Bb5,0.30167829990386963,0.9572521168738604,0.7868727231523052,499,19,482,r1b1kb1r/pp2pppp/2n2n2/2pp4/3P1B2/2q1PN2/P2N1PPP/1R1QKB1R w Kkq -,MODEL_PREDICTION_NOT_EMPIRICAL
LON-11,B4,1300,maia3-5m,2,b1b3,Rb3,0.19915011525154114,0.9572521168738604,0.7868727231523052,455,24,521,r1b1kb1r/pp2pppp/2n2n2/2pp4/3P1B2/2q1PN2/P2N1PPP/1R1QKB1R w Kkq -,MODEL_PREDICTION_NOT_EMPIRICAL
LON-11,B4,1300,maia3-5m,3,b1c1,Rc1,0.13781733810901642,0.9572521168738604,0.7868727231523052,451,24,525,r1b1kb1r/pp2pppp/2n2n2/2pp4/3P1B2/2q1PN2/P2N1PPP/1R1QKB1R w Kkq -,MODEL_PREDICTION_NOT_EMPIRICAL
LON-11,B4,1300,maia3-5m,4,d4c5,dxc5,0.11222779005765915,0.9572521168738604,0.7868727231523052,416,19,565,r1b1kb1r/pp2pppp/2n2n2/2pp4/3P1B2/2q1PN2/P2N1PPP/1R1QKB1R w Kkq -,MODEL_PREDICTION_NOT_EMPIRICAL
LON-11,B4,1300,maia3-5m,5,f1e2,Be2,0.08887962996959686,0.9572521168738604,0.7868727231523052,446,19,535,r1b1kb1r/pp2pppp/2n2n2/2pp4/3P1B2/2q1PN2/P2N1PPP/1R1QKB1R w Kkq -,MODEL_PREDICTION_NOT_EMPIRICAL
LON-11,B4,1300,maia3-5m,6,f3e5,Ne5,0.06862231343984604,0.9572521168738604,0.7868727231523052,446,19,535,r1b1kb1r/pp2pppp/2n2n2/2pp4/3P1B2/2q1PN2/P2N1PPP/1R1QKB1R w Kkq -,MODEL_PREDICTION_NOT_EMPIRICAL
LON-11,B4,1300,maia3-5m,7,d1b3,Qb3,0.01698276773095131,0.9572521168738604,0.7868727231523052,468,31,501,r1b1kb1r/pp2pppp/2n2n2/2pp4/3P1B2/2q1PN2/P2N1PPP/1R1QKB1R w Kkq -,MODEL_PREDICTION_NOT_EMPIRICAL
LON-11,B4,1300,maia3-5m,8,d1a4,Qa4,0.01681639812886715,0.9572521168738604,0.7868727231523052,443,16,541,r1b1kb1r/pp2pppp/2n2n2/2pp4/3P1B2/2q1PN2/P2N1PPP/1R1QKB1R w Kkq -,MODEL_PREDICTION_NOT_EMPIRICAL
LON-11,B4,1300,maia3-5m,9,f1d3,Bd3,0.008887670002877712,0.9572521168738604,0.7868727231523052,283,16,701,r1b1kb1r/pp2pppp/2n2n2/2pp4/3P1B2/2q1PN2/P2N1PPP/1R1QKB1R w Kkq -,MODEL_PREDICTION_NOT_EMPIRICAL
LON-11,B4,1300,maia3-5m,10,d1c1,Qc1,0.0061897942796349525,0.9572521168738604,0.7868727231523052,439,30,531,r1b1kb1r/pp2pppp/2n2n2/2pp4/3P1B2/2q1PN2/P2N1PPP/1R1QKB1R w Kkq -,MODEL_PREDICTION_NOT_EMPIRICAL
LON-11,B4,1500,maia3-5m,1,f1b5,Bb5,0.330814003944397,0.9734489675611258,0.772777297829675,502,19,479,r1b1kb1r/pp2pppp/2n2n2/2pp4/3P1B2/2q1PN2/P2N1PPP/1R1QKB1R w Kkq -,MODEL_PREDICTION_NOT_EMPIRICAL
LON-11,B4,1500,maia3-5m,2,b1b3,Rb3,0.19189441204071045,0.9734489675611258,0.772777297829675,435,24,541,r1b1kb1r/pp2pppp/2n2n2/2pp4/3P1B2/2q1PN2/P2N1PPP/1R1QKB1R w Kkq -,MODEL_PREDICTION_NOT_EMPIRICAL
LON-11,B4,1500,maia3-5m,3,d4c5,dxc5,0.14225012063980103,0.9734489675611258,0.772777297829675,412,20,568,r1b1kb1r/pp2pppp/2n2n2/2pp4/3P1B2/2q1PN2/P2N1PPP/1R1QKB1R w Kkq -,MODEL_PREDICTION_NOT_EMPIRICAL
LON-11,B4,1500,maia3-5m,4,b1c1,Rc1,0.11517766863107681,0.9734489675611258,0.772777297829675,430,24,546,r1b1kb1r/pp2pppp/2n2n2/2pp4/3P1B2/2q1PN2/P2N1PPP/1R1QKB1R w Kkq -,MODEL_PREDICTION_NOT_EMPIRICAL
LON-11,B4,1500,maia3-5m,5,f1e2,Be2,0.10119707882404327,0.9734489675611258,0.772777297829675,445,20,535,r1b1kb1r/pp2pppp/2n2n2/2pp4/3P1B2/2q1PN2/P2N1PPP/1R1QKB1R w Kkq -,MODEL_PREDICTION_NOT_EMPIRICAL
LON-11,B4,1500,maia3-5m,6,f3e5,Ne5,0.050648435950279236,0.9734489675611258,0.772777297829675,444,19,537,r1b1kb1r/pp2pppp/2n2n2/2pp4/3P1B2/2q1PN2/P2N1PPP/1R1QKB1R w Kkq -,MODEL_PREDICTION_NOT_EMPIRICAL
LON-11,B4,1500,maia3-5m,7,d1a4,Qa4,0.01454812753945589,0.9734489675611258,0.772777297829675,444,17,539,r1b1kb1r/pp2pppp/2n2n2/2pp4/3P1B2/2q1PN2/P2N1PPP/1R1QKB1R w Kkq -,MODEL_PREDICTION_NOT_EMPIRICAL
LON-11,B4,1500,maia3-5m,8,d1b3,Qb3,0.012504998594522476,0.9734489675611258,0.772777297829675,452,33,515,r1b1kb1r/pp2pppp/2n2n2/2pp4/3P1B2/2q1PN2/P2N1PPP/1R1QKB1R w Kkq -,MODEL_PREDICTION_NOT_EMPIRICAL
LON-11,B4,1500,maia3-5m,9,f1d3,Bd3,0.007437673397362232,0.9734489675611258,0.772777297829675,273,16,711,r1b1kb1r/pp2pppp/2n2n2/2pp4/3P1B2/2q1PN2/P2N1PPP/1R1QKB1R w Kkq -,MODEL_PREDICTION_NOT_EMPIRICAL
LON-11,B4,1500,maia3-5m,10,b1b7,Rxb7,0.0069764479994773865,0.9734489675611258,0.772777297829675,180,14,806,r1b1kb1r/pp2pppp/2n2n2/2pp4/3P1B2/2q1PN2/P2N1PPP/1R1QKB1R w Kkq -,MODEL_PREDICTION_NOT_EMPIRICAL
LON-11,B4,1700,maia3-5m,1,f1b5,Bb5,0.3576198220252991,0.9844165653921664,0.7429511364949839,512,20,468,r1b1kb1r/pp2pppp/2n2n2/2pp4/3P1B2/2q1PN2/P2N1PPP/1R1QKB1R w Kkq -,MODEL_PREDICTION_NOT_EMPIRICAL
LON-11,B4,1700,maia3-5m,2,d4c5,dxc5,0.19300903379917145,0.9844165653921664,0.7429511364949839,409,21,570,r1b1kb1r/pp2pppp/2n2n2/2pp4/3P1B2/2q1PN2/P2N1PPP/1R1QKB1R w Kkq -,MODEL_PREDICTION_NOT_EMPIRICAL
LON-11,B4,1700,maia3-5m,3,b1b3,Rb3,0.17704950273036957,0.9844165653921664,0.7429511364949839,417,25,558,r1b1kb1r/pp2pppp/2n2n2/2pp4/3P1B2/2q1PN2/P2N1PPP/1R1QKB1R w Kkq -,MODEL_PREDICTION_NOT_EMPIRICAL
LON-11,B4,1700,maia3-5m,4,f1e2,Be2,0.09552597999572754,0.9844165653921664,0.7429511364949839,444,21,535,r1b1kb1r/pp2pppp/2n2n2/2pp4/3P1B2/2q1PN2/P2N1PPP/1R1QKB1R w Kkq -,MODEL_PREDICTION_NOT_EMPIRICAL
LON-11,B4,1700,maia3-5m,5,b1c1,Rc1,0.09453200548887253,0.9844165653921664,0.7429511364949839,421,25,554,r1b1kb1r/pp2pppp/2n2n2/2pp4/3P1B2/2q1PN2/P2N1PPP/1R1QKB1R w Kkq -,MODEL_PREDICTION_NOT_EMPIRICAL
LON-11,B4,1700,maia3-5m,6,f3e5,Ne5,0.032879989594221115,0.9844165653921664,0.7429511364949839,440,20,540,r1b1kb1r/pp2pppp/2n2n2/2pp4/3P1B2/2q1PN2/P2N1PPP/1R1QKB1R w Kkq -,MODEL_PREDICTION_NOT_EMPIRICAL
LON-11,B4,1700,maia3-5m,7,d1a4,Qa4,0.013291698880493641,0.9844165653921664,0.7429511364949839,456,18,526,r1b1kb1r/pp2pppp/2n2n2/2pp4/3P1B2/2q1PN2/P2N1PPP/1R1QKB1R w Kkq -,MODEL_PREDICTION_NOT_EMPIRICAL
LON-11,B4,1700,maia3-5m,8,d1b3,Qb3,0.00823057908564806,0.9844165653921664,0.7429511364949839,433,35,532,r1b1kb1r/pp2pppp/2n2n2/2pp4/3P1B2/2q1PN2/P2N1PPP/1R1QKB1R w Kkq -,MODEL_PREDICTION_NOT_EMPIRICAL
LON-11,B4,1700,maia3-5m,9,b1b7,Rxb7,0.007003144361078739,0.9844165653921664,0.7429511364949839,181,14,805,r1b1kb1r/pp2pppp/2n2n2/2pp4/3P1B2/2q1PN2/P2N1PPP/1R1QKB1R w Kkq -,MODEL_PREDICTION_NOT_EMPIRICAL
LON-11,B4,1700,maia3-5m,10,f1d3,Bd3,0.005274809431284666,0.9844165653921664,0.7429511364949839,269,16,715,r1b1kb1r/pp2pppp/2n2n2/2pp4/3P1B2/2q1PN2/P2N1PPP/1R1QKB1R w Kkq -,MODEL_PREDICTION_NOT_EMPIRICAL
LON-11,B4,1900,maia3-5m,1,f1b5,Bb5,0.3932593762874603,0.991655261721462,0.6885369674102547,529,22,449,r1b1kb1r/pp2pppp/2n2n2/2pp4/3P1B2/2q1PN2/P2N1PPP/1R1QKB1R w Kkq -,MODEL_PREDICTION_NOT_EMPIRICAL
LON-11,B4,1900,maia3-5m,2,d4c5,dxc5,0.2521621584892273,0.991655261721462,0.6885369674102547,414,24,562,r1b1kb1r/pp2pppp/2n2n2/2pp4/3P1B2/2q1PN2/P2N1PPP/1R1QKB1R w Kkq -,MODEL_PREDICTION_NOT_EMPIRICAL
LON-11,B4,1900,maia3-5m,3,b1b3,Rb3,0.15639525651931763,0.991655261721462,0.6885369674102547,403,27,570,r1b1kb1r/pp2pppp/2n2n2/2pp4/3P1B2/2q1PN2/P2N1PPP/1R1QKB1R w Kkq -,MODEL_PREDICTION_NOT_EMPIRICAL
LON-11,B4,1900,maia3-5m,4,b1c1,Rc1,0.07835106551647186,0.991655261721462,0.6885369674102547,420,27,553,r1b1kb1r/pp2pppp/2n2n2/2pp4/3P1B2/2q1PN2/P2N1PPP/1R1QKB1R w Kkq -,MODEL_PREDICTION_NOT_EMPIRICAL
LON-11,B4,1900,maia3-5m,5,f1e2,Be2,0.06725911796092987,0.991655261721462,0.6885369674102547,449,24,527,r1b1kb1r/pp2pppp/2n2n2/2pp4/3P1B2/2q1PN2/P2N1PPP/1R1QKB1R w Kkq -,MODEL_PREDICTION_NOT_EMPIRICAL
LON-11,B4,1900,maia3-5m,6,f3e5,Ne5,0.018474925309419632,0.991655261721462,0.6885369674102547,458,21,521,r1b1kb1r/pp2pppp/2n2n2/2pp4/3P1B2/2q1PN2/P2N1PPP/1R1QKB1R w Kkq -,MODEL_PREDICTION_NOT_EMPIRICAL
LON-11,B4,1900,maia3-5m,7,d1a4,Qa4,0.012558605521917343,0.991655261721462,0.6885369674102547,478,21,501,r1b1kb1r/pp2pppp/2n2n2/2pp4/3P1B2/2q1PN2/P2N1PPP/1R1QKB1R w Kkq -,MODEL_PREDICTION_NOT_EMPIRICAL
LON-11,B4,1900,maia3-5m,8,b1b7,Rxb7,0.005950680933892727,0.991655261721462,0.6885369674102547,202,14,784,r1b1kb1r/pp2pppp/2n2n2/2pp4/3P1B2/2q1PN2/P2N1PPP/1R1QKB1R w Kkq -,MODEL_PREDICTION_NOT_EMPIRICAL
LON-11,B4,1900,maia3-5m,9,d1b3,Qb3,0.0044104536063969135,0.991655261721462,0.6885369674102547,422,38,540,r1b1kb1r/pp2pppp/2n2n2/2pp4/3P1B2/2q1PN2/P2N1PPP/1R1QKB1R w Kkq -,MODEL_PREDICTION_NOT_EMPIRICAL
LON-11,B4,1900,maia3-5m,10,f1d3,Bd3,0.0028336215764284134,0.991655261721462,0.6885369674102547,262,16,722,r1b1kb1r/pp2pppp/2n2n2/2pp4/3P1B2/2q1PN2/P2N1PPP/1R1QKB1R w Kkq -,MODEL_PREDICTION_NOT_EMPIRICAL
LON-11,B4,2100,maia3-5m,1,f1b5,Bb5,0.4478543698787689,0.9957069794181734,0.6190010902323944,543,27,430,r1b1kb1r/pp2pppp/2n2n2/2pp4/3P1B2/2q1PN2/P2N1PPP/1R1QKB1R w Kkq -,MODEL_PREDICTION_NOT_EMPIRICAL
LON-11,B4,2100,maia3-5m,2,d4c5,dxc5,0.28231438994407654,0.9957069794181734,0.6190010902323944,422,31,547,r1b1kb1r/pp2pppp/2n2n2/2pp4/3P1B2/2q1PN2/P2N1PPP/1R1QKB1R w Kkq -,MODEL_PREDICTION_NOT_EMPIRICAL
LON-11,B4,2100,maia3-5m,3,b1b3,Rb3,0.1334131360054016,0.9957069794181734,0.6190010902323944,395,31,574,r1b1kb1r/pp2pppp/2n2n2/2pp4/3P1B2/2q1PN2/P2N1PPP/1R1QKB1R w Kkq -,MODEL_PREDICTION_NOT_EMPIRICAL
LON-11,B4,2100,maia3-5m,4,b1c1,Rc1,0.07079397886991501,0.9957069794181734,0.6190010902323944,427,34,539,r1b1kb1r/pp2pppp/2n2n2/2pp4/3P1B2/2q1PN2/P2N1PPP/1R1QKB1R w Kkq -,MODEL_PREDICTION_NOT_EMPIRICAL
LON-11,B4,2100,maia3-5m,5,f1e2,Be2,0.032351624220609665,0.9957069794181734,0.6190010902323944,458,29,513,r1b1kb1r/pp2pppp/2n2n2/2pp4/3P1B2/2q1PN2/P2N1PPP/1R1QKB1R w Kkq -,MODEL_PREDICTION_NOT_EMPIRICAL
LON-11,B4,2100,maia3-5m,6,d1a4,Qa4,0.011100432835519314,0.9957069794181734,0.6190010902323944,496,26,478,r1b1kb1r/pp2pppp/2n2n2/2pp4/3P1B2/2q1PN2/P2N1PPP/1R1QKB1R w Kkq -,MODEL_PREDICTION_NOT_EMPIRICAL
LON-11,B4,2100,maia3-5m,7,f3e5,Ne5,0.010106248781085014,0.9957069794181734,0.6190010902323944,490,26,484,r1b1kb1r/pp2pppp/2n2n2/2pp4/3P1B2/2q1PN2/P2N1PPP/1R1QKB1R w Kkq -,MODEL_PREDICTION_NOT_EMPIRICAL
LON-11,B4,2100,maia3-5m,8,b1b7,Rxb7,0.004765462130308151,0.9957069794181734,0.6190010902323944,258,16,726,r1b1kb1r/pp2pppp/2n2n2/2pp4/3P1B2/2q1PN2/P2N1PPP/1R1QKB1R w Kkq -,MODEL_PREDICTION_NOT_EMPIRICAL
LON-11,B4,2100,maia3-5m,9,d1b3,Qb3,0.0019300737185403705,0.9957069794181734,0.6190010902323944,402,45,553,r1b1kb1r/pp2pppp/2n2n2/2pp4/3P1B2/2q1PN2/P2N1PPP/1R1QKB1R w Kkq -,MODEL_PREDICTION_NOT_EMPIRICAL
LON-11,B4,2100,maia3-5m,10,f1d3,Bd3,0.0010772630339488387,0.9957069794181734,0.6190010902323944,259,18,723,r1b1kb1r/pp2pppp/2n2n2/2pp4/3P1B2/2q1PN2/P2N1PPP/1R1QKB1R w Kkq -,MODEL_PREDICTION_NOT_EMPIRICAL
LON-12,B4,1100,maia3-5m,1,e1g1,O-O,0.3661307990550995,0.9366891095414758,0.7750236852258378,264,17,719,r1b1kb1r/pp2pppp/2n2n2/2pp4/3P1B2/2qBPN2/P2N1PPP/R2QK2R w KQkq -,MODEL_PREDICTION_NOT_EMPIRICAL
LON-12,B4,1100,maia3-5m,2,a1c1,Rc1,0.1813308745622635,0.9366891095414758,0.7750236852258378,337,19,644,r1b1kb1r/pp2pppp/2n2n2/2pp4/3P1B2/2qBPN2/P2N1PPP/R2QK2R w KQkq -,MODEL_PREDICTION_NOT_EMPIRICAL
LON-12,B4,1100,maia3-5m,3,d3b5,Bb5,0.11855891346931458,0.9366891095414758,0.7750236852258378,458,21,521,r1b1kb1r/pp2pppp/2n2n2/2pp4/3P1B2/2qBPN2/P2N1PPP/R2QK2R w KQkq -,MODEL_PREDICTION_NOT_EMPIRICAL
LON-12,B4,1100,maia3-5m,4,f3e5,Ne5,0.06344827264547348,0.9366891095414758,0.7750236852258378,365,21,614,r1b1kb1r/pp2pppp/2n2n2/2pp4/3P1B2/2qBPN2/P2N1PPP/R2QK2R w KQkq -,MODEL_PREDICTION_NOT_EMPIRICAL
LON-12,B4,1100,maia3-5m,5,d3c2,Bc2,0.04867597296833992,0.9366891095414758,0.7750236852258378,425,20,555,r1b1kb1r/pp2pppp/2n2n2/2pp4/3P1B2/2qBPN2/P2N1PPP/R2QK2R w KQkq -,MODEL_PREDICTION_NOT_EMPIRICAL
LON-12,B4,1100,maia3-5m,6,d3e2,Be2,0.048217371106147766,0.9366891095414758,0.7750236852258378,416,21,563,r1b1kb1r/pp2pppp/2n2n2/2pp4/3P1B2/2qBPN2/P2N1PPP/R2QK2R w KQkq -,MODEL_PREDICTION_NOT_EMPIRICAL
LON-12,B4,1100,maia3-5m,7,d1c2,Qc2,0.03867286816239357,0.9366891095414758,0.7750236852258378,339,26,635,r1b1kb1r/pp2pppp/2n2n2/2pp4/3P1B2/2qBPN2/P2N1PPP/R2QK2R w KQkq -,MODEL_PREDICTION_NOT_EMPIRICAL
LON-12,B4,1100,maia3-5m,8,d4c5,dxc5,0.037926316261291504,0.9366891095414758,0.7750236852258378,285,20,695,r1b1kb1r/pp2pppp/2n2n2/2pp4/3P1B2/2qBPN2/P2N1PPP/R2QK2R w KQkq -,MODEL_PREDICTION_NOT_EMPIRICAL
LON-12,B4,1100,maia3-5m,9,d1e2,Qe2,0.022021733224391937,0.9366891095414758,0.7750236852258378,195,16,789,r1b1kb1r/pp2pppp/2n2n2/2pp4/3P1B2/2qBPN2/P2N1PPP/R2QK2R w KQkq -,MODEL_PREDICTION_NOT_EMPIRICAL
LON-12,B4,1100,maia3-5m,10,a1b1,Rb1,0.011705988086760044,0.9366891095414758,0.7750236852258378,254,18,728,r1b1kb1r/pp2pppp/2n2n2/2pp4/3P1B2/2qBPN2/P2N1PPP/R2QK2R w KQkq -,MODEL_PREDICTION_NOT_EMPIRICAL
LON-12,B4,1300,maia3-5m,1,e1g1,O-O,0.36823925375938416,0.9571985807269812,0.7879926612419017,246,15,739,r1b1kb1r/pp2pppp/2n2n2/2pp4/3P1B2/2qBPN2/P2N1PPP/R2QK2R w KQkq -,MODEL_PREDICTION_NOT_EMPIRICAL
LON-12,B4,1300,maia3-5m,2,a1c1,Rc1,0.17163006961345673,0.9571985807269812,0.7879926612419017,320,18,662,r1b1kb1r/pp2pppp/2n2n2/2pp4/3P1B2/2qBPN2/P2N1PPP/R2QK2R w KQkq -,MODEL_PREDICTION_NOT_EMPIRICAL
LON-12,B4,1300,maia3-5m,3,d3b5,Bb5,0.12793739140033722,0.9571985807269812,0.7879926612419017,450,20,530,r1b1kb1r/pp2pppp/2n2n2/2pp4/3P1B2/2qBPN2/P2N1PPP/R2QK2R w KQkq -,MODEL_PREDICTION_NOT_EMPIRICAL
LON-12,B4,1300,maia3-5m,4,d3e2,Be2,0.07251960039138794,0.9571985807269812,0.7879926612419017,411,20,569,r1b1kb1r/pp2pppp/2n2n2/2pp4/3P1B2/2qBPN2/P2N1PPP/R2QK2R w KQkq -,MODEL_PREDICTION_NOT_EMPIRICAL
LON-12,B4,1300,maia3-5m,5,d3c2,Bc2,0.06902257353067398,0.9571985807269812,0.7879926612419017,415,19,566,r1b1kb1r/pp2pppp/2n2n2/2pp4/3P1B2/2qBPN2/P2N1PPP/R2QK2R w KQkq -,MODEL_PREDICTION_NOT_EMPIRICAL
LON-12,B4,1300,maia3-5m,6,f3e5,Ne5,0.04247736930847168,0.9571985807269812,0.7879926612419017,349,20,631,r1b1kb1r/pp2pppp/2n2n2/2pp4/3P1B2/2qBPN2/P2N1PPP/R2QK2R w KQkq -,MODEL_PREDICTION_NOT_EMPIRICAL
LON-12,B4,1300,maia3-5m,7,d4c5,dxc5,0.03908372297883034,0.9571985807269812,0.7879926612419017,256,17,727,r1b1kb1r/pp2pppp/2n2n2/2pp4/3P1B2/2qBPN2/P2N1PPP/R2QK2R w KQkq -,MODEL_PREDICTION_NOT_EMPIRICAL
LON-12,B4,1300,maia3-5m,8,d1c2,Qc2,0.036019217222929,0.9571985807269812,0.7879926612419017,341,27,632,r1b1kb1r/pp2pppp/2n2n2/2pp4/3P1B2/2qBPN2/P2N1PPP/R2QK2R w KQkq -,MODEL_PREDICTION_NOT_EMPIRICAL
LON-12,B4,1300,maia3-5m,9,d1e2,Qe2,0.019487695768475533,0.9571985807269812,0.7879926612419017,197,14,789,r1b1kb1r/pp2pppp/2n2n2/2pp4/3P1B2/2qBPN2/P2N1PPP/R2QK2R w KQkq -,MODEL_PREDICTION_NOT_EMPIRICAL
LON-12,B4,1300,maia3-5m,10,a1b1,Rb1,0.010781686753034592,0.9571985807269812,0.7879926612419017,236,16,748,r1b1kb1r/pp2pppp/2n2n2/2pp4/3P1B2/2qBPN2/P2N1PPP/R2QK2R w KQkq -,MODEL_PREDICTION_NOT_EMPIRICAL
LON-12,B4,1500,maia3-5m,1,e1g1,O-O,0.3446601331233978,0.9677802287042141,0.8015333793180797,237,15,748,r1b1kb1r/pp2pppp/2n2n2/2pp4/3P1B2/2qBPN2/P2N1PPP/R2QK2R w KQkq -,MODEL_PREDICTION_NOT_EMPIRICAL
LON-12,B4,1500,maia3-5m,2,a1c1,Rc1,0.16852524876594543,0.9677802287042141,0.8015333793180797,298,17,685,r1b1kb1r/pp2pppp/2n2n2/2pp4/3P1B2/2qBPN2/P2N1PPP/R2QK2R w KQkq -,MODEL_PREDICTION_NOT_EMPIRICAL
LON-12,B4,1500,maia3-5m,3,d3b5,Bb5,0.1408916711807251,0.9677802287042141,0.8015333793180797,447,20,533,r1b1kb1r/pp2pppp/2n2n2/2pp4/3P1B2/2qBPN2/P2N1PPP/R2QK2R w KQkq -,MODEL_PREDICTION_NOT_EMPIRICAL
LON-12,B4,1500,maia3-5m,4,d3e2,Be2,0.09989763051271439,0.9677802287042141,0.8015333793180797,404,21,575,r1b1kb1r/pp2pppp/2n2n2/2pp4/3P1B2/2qBPN2/P2N1PPP/R2QK2R w KQkq -,MODEL_PREDICTION_NOT_EMPIRICAL
LON-12,B4,1500,maia3-5m,5,d3c2,Bc2,0.0811925008893013,0.9677802287042141,0.8015333793180797,401,19,580,r1b1kb1r/pp2pppp/2n2n2/2pp4/3P1B2/2qBPN2/P2N1PPP/R2QK2R w KQkq -,MODEL_PREDICTION_NOT_EMPIRICAL
LON-12,B4,1500,maia3-5m,6,d4c5,dxc5,0.04336175695061684,0.9677802287042141,0.8015333793180797,238,16,746,r1b1kb1r/pp2pppp/2n2n2/2pp4/3P1B2/2qBPN2/P2N1PPP/R2QK2R w KQkq -,MODEL_PREDICTION_NOT_EMPIRICAL
LON-12,B4,1500,maia3-5m,7,d1c2,Qc2,0.03292333334684372,0.9677802287042141,0.8015333793180797,336,28,636,r1b1kb1r/pp2pppp/2n2n2/2pp4/3P1B2/2qBPN2/P2N1PPP/R2QK2R w KQkq -,MODEL_PREDICTION_NOT_EMPIRICAL
LON-12,B4,1500,maia3-5m,8,f3e5,Ne5,0.02763552963733673,0.9677802287042141,0.8015333793180797,336,19,645,r1b1kb1r/pp2pppp/2n2n2/2pp4/3P1B2/2qBPN2/P2N1PPP/R2QK2R w KQkq -,MODEL_PREDICTION_NOT_EMPIRICAL
LON-12,B4,1500,maia3-5m,9,d1e2,Qe2,0.018370192497968674,0.9677802287042141,0.8015333793180797,202,13,785,r1b1kb1r/pp2pppp/2n2n2/2pp4/3P1B2/2qBPN2/P2N1PPP/R2QK2R w KQkq -,MODEL_PREDICTION_NOT_EMPIRICAL
LON-12,B4,1500,maia3-5m,10,a1b1,Rb1,0.01032223179936409,0.9677802287042141,0.8015333793180797,229,15,756,r1b1kb1r/pp2pppp/2n2n2/2pp4/3P1B2/2qBPN2/P2N1PPP/R2QK2R w KQkq -,MODEL_PREDICTION_NOT_EMPIRICAL
LON-12,B4,1700,maia3-5m,1,e1g1,O-O,0.3030756413936615,0.9734830111265182,0.8126316431782333,234,15,751,r1b1kb1r/pp2pppp/2n2n2/2pp4/3P1B2/2qBPN2/P2N1PPP/R2QK2R w KQkq -,MODEL_PREDICTION_NOT_EMPIRICAL
LON-12,B4,1700,maia3-5m,2,d3b5,Bb5,0.17024140059947968,0.9734830111265182,0.8126316431782333,450,21,529,r1b1kb1r/pp2pppp/2n2n2/2pp4/3P1B2/2qBPN2/P2N1PPP/R2QK2R w KQkq -,MODEL_PREDICTION_NOT_EMPIRICAL
LON-12,B4,1700,maia3-5m,3,a1c1,Rc1,0.16412536799907684,0.9734830111265182,0.8126316431782333,279,17,704,r1b1kb1r/pp2pppp/2n2n2/2pp4/3P1B2/2qBPN2/P2N1PPP/R2QK2R w KQkq -,MODEL_PREDICTION_NOT_EMPIRICAL
LON-12,B4,1700,maia3-5m,4,d3e2,Be2,0.13120904564857483,0.9734830111265182,0.8126316431782333,399,22,579,r1b1kb1r/pp2pppp/2n2n2/2pp4/3P1B2/2qBPN2/P2N1PPP/R2QK2R w KQkq -,MODEL_PREDICTION_NOT_EMPIRICAL
LON-12,B4,1700,maia3-5m,5,d3c2,Bc2,0.08076927810907364,0.9734830111265182,0.8126316431782333,387,20,593,r1b1kb1r/pp2pppp/2n2n2/2pp4/3P1B2/2qBPN2/P2N1PPP/R2QK2R w KQkq -,MODEL_PREDICTION_NOT_EMPIRICAL
LON-12,B4,1700,maia3-5m,6,d4c5,dxc5,0.04957379028201103,0.9734830111265182,0.8126316431782333,221,16,763,r1b1kb1r/pp2pppp/2n2n2/2pp4/3P1B2/2qBPN2/P2N1PPP/R2QK2R w KQkq -,MODEL_PREDICTION_NOT_EMPIRICAL
LON-12,B4,1700,maia3-5m,7,d1c2,Qc2,0.02687474712729454,0.9734830111265182,0.8126316431782333,321,29,650,r1b1kb1r/pp2pppp/2n2n2/2pp4/3P1B2/2qBPN2/P2N1PPP/R2QK2R w KQkq -,MODEL_PREDICTION_NOT_EMPIRICAL
LON-12,B4,1700,maia3-5m,8,d1e2,Qe2,0.019665643572807312,0.9734830111265182,0.8126316431782333,203,13,784,r1b1kb1r/pp2pppp/2n2n2/2pp4/3P1B2/2qBPN2/P2N1PPP/R2QK2R w KQkq -,MODEL_PREDICTION_NOT_EMPIRICAL
LON-12,B4,1700,maia3-5m,9,f3e5,Ne5,0.01790228858590126,0.9734830111265182,0.8126316431782333,325,18,657,r1b1kb1r/pp2pppp/2n2n2/2pp4/3P1B2/2qBPN2/P2N1PPP/R2QK2R w KQkq -,MODEL_PREDICTION_NOT_EMPIRICAL
LON-12,B4,1700,maia3-5m,10,a1b1,Rb1,0.010045807808637619,0.9734830111265182,0.8126316431782333,224,14,762,r1b1kb1r/pp2pppp/2n2n2/2pp4/3P1B2/2qBPN2/P2N1PPP/R2QK2R w KQkq -,MODEL_PREDICTION_NOT_EMPIRICAL
LON-12,B4,1900,maia3-5m,1,e1g1,O-O,0.2522237002849579,0.9759521735832095,0.8045863562786861,232,15,753,r1b1kb1r/pp2pppp/2n2n2/2pp4/3P1B2/2qBPN2/P2N1PPP/R2QK2R w KQkq -,MODEL_PREDICTION_NOT_EMPIRICAL
LON-12,B4,1900,maia3-5m,2,d3b5,Bb5,0.23773035407066345,0.9759521735832095,0.8045863562786861,453,23,524,r1b1kb1r/pp2pppp/2n2n2/2pp4/3P1B2/2qBPN2/P2N1PPP/R2QK2R w KQkq -,MODEL_PREDICTION_NOT_EMPIRICAL
LON-12,B4,1900,maia3-5m,3,d3e2,Be2,0.15773433446884155,0.9759521735832095,0.8045863562786861,392,24,584,r1b1kb1r/pp2pppp/2n2n2/2pp4/3P1B2/2qBPN2/P2N1PPP/R2QK2R w KQkq -,MODEL_PREDICTION_NOT_EMPIRICAL
LON-12,B4,1900,maia3-5m,4,a1c1,Rc1,0.14912040531635284,0.9759521735832095,0.8045863562786861,259,17,724,r1b1kb1r/pp2pppp/2n2n2/2pp4/3P1B2/2qBPN2/P2N1PPP/R2QK2R w KQkq -,MODEL_PREDICTION_NOT_EMPIRICAL
LON-12,B4,1900,maia3-5m,5,d3c2,Bc2,0.06255824118852615,0.9759521735832095,0.8045863562786861,370,21,609,r1b1kb1r/pp2pppp/2n2n2/2pp4/3P1B2/2qBPN2/P2N1PPP/R2QK2R w KQkq -,MODEL_PREDICTION_NOT_EMPIRICAL
LON-12,B4,1900,maia3-5m,6,d4c5,dxc5,0.05324287712574005,0.9759521735832095,0.8045863562786861,208,16,776,r1b1kb1r/pp2pppp/2n2n2/2pp4/3P1B2/2qBPN2/P2N1PPP/R2QK2R w KQkq -,MODEL_PREDICTION_NOT_EMPIRICAL
LON-12,B4,1900,maia3-5m,7,d1e2,Qe2,0.024143779650330544,0.9759521735832095,0.8045863562786861,195,13,792,r1b1kb1r/pp2pppp/2n2n2/2pp4/3P1B2/2qBPN2/P2N1PPP/R2QK2R w KQkq -,MODEL_PREDICTION_NOT_EMPIRICAL
LON-12,B4,1900,maia3-5m,8,d1c2,Qc2,0.016912365332245827,0.9759521735832095,0.8045863562786861,303,31,666,r1b1kb1r/pp2pppp/2n2n2/2pp4/3P1B2/2qBPN2/P2N1PPP/R2QK2R w KQkq -,MODEL_PREDICTION_NOT_EMPIRICAL
LON-12,B4,1900,maia3-5m,9,f3e5,Ne5,0.012063493952155113,0.9759521735832095,0.8045863562786861,329,19,652,r1b1kb1r/pp2pppp/2n2n2/2pp4/3P1B2/2qBPN2/P2N1PPP/R2QK2R w KQkq -,MODEL_PREDICTION_NOT_EMPIRICAL
LON-12,B4,1900,maia3-5m,10,e1e2,Ke2,0.010222622193396091,0.9759521735832095,0.8045863562786861,358,20,622,r1b1kb1r/pp2pppp/2n2n2/2pp4/3P1B2/2qBPN2/P2N1PPP/R2QK2R w KQkq -,MODEL_PREDICTION_NOT_EMPIRICAL
LON-12,B4,2100,maia3-5m,1,d3b5,Bb5,0.36076995730400085,0.9808145677670836,0.7597075324757229,453,27,520,r1b1kb1r/pp2pppp/2n2n2/2pp4/3P1B2/2qBPN2/P2N1PPP/R2QK2R w KQkq -,MODEL_PREDICTION_NOT_EMPIRICAL
LON-12,B4,2100,maia3-5m,2,e1g1,O-O,0.20899605751037598,0.9808145677670836,0.7597075324757229,228,17,755,r1b1kb1r/pp2pppp/2n2n2/2pp4/3P1B2/2qBPN2/P2N1PPP/R2QK2R w KQkq -,MODEL_PREDICTION_NOT_EMPIRICAL
LON-12,B4,2100,maia3-5m,3,d3e2,Be2,0.14704962074756622,0.9808145677670836,0.7597075324757229,383,29,588,r1b1kb1r/pp2pppp/2n2n2/2pp4/3P1B2/2qBPN2/P2N1PPP/R2QK2R w KQkq -,MODEL_PREDICTION_NOT_EMPIRICAL
LON-12,B4,2100,maia3-5m,4,a1c1,Rc1,0.11586324870586395,0.9808145677670836,0.7597075324757229,247,19,734,r1b1kb1r/pp2pppp/2n2n2/2pp4/3P1B2/2qBPN2/P2N1PPP/R2QK2R w KQkq -,MODEL_PREDICTION_NOT_EMPIRICAL
LON-12,B4,2100,maia3-5m,5,d4c5,dxc5,0.04971928149461746,0.9808145677670836,0.7597075324757229,203,17,780,r1b1kb1r/pp2pppp/2n2n2/2pp4/3P1B2/2qBPN2/P2N1PPP/R2QK2R w KQkq -,MODEL_PREDICTION_NOT_EMPIRICAL
LON-12,B4,2100,maia3-5m,6,d3c2,Bc2,0.034232813864946365,0.9808145677670836,0.7597075324757229,346,25,629,r1b1kb1r/pp2pppp/2n2n2/2pp4/3P1B2/2qBPN2/P2N1PPP/R2QK2R w KQkq -,MODEL_PREDICTION_NOT_EMPIRICAL
LON-12,B4,2100,maia3-5m,7,d1e2,Qe2,0.02947275899350643,0.9808145677670836,0.7597075324757229,183,14,803,r1b1kb1r/pp2pppp/2n2n2/2pp4/3P1B2/2qBPN2/P2N1PPP/R2QK2R w KQkq -,MODEL_PREDICTION_NOT_EMPIRICAL
LON-12,B4,2100,maia3-5m,8,e1e2,Ke2,0.014846825040876865,0.9808145677670836,0.7597075324757229,358,24,618,r1b1kb1r/pp2pppp/2n2n2/2pp4/3P1B2/2qBPN2/P2N1PPP/R2QK2R w KQkq -,MODEL_PREDICTION_NOT_EMPIRICAL
LON-12,B4,2100,maia3-5m,9,a1b1,Rb1,0.010573657229542732,0.9808145677670836,0.7597075324757229,205,15,780,r1b1kb1r/pp2pppp/2n2n2/2pp4/3P1B2/2qBPN2/P2N1PPP/R2QK2R w KQkq -,MODEL_PREDICTION_NOT_EMPIRICAL
LON-12,B4,2100,maia3-5m,10,f3e5,Ne5,0.009290346875786781,0.9808145677670836,0.7597075324757229,354,22,624,r1b1kb1r/pp2pppp/2n2n2/2pp4/3P1B2/2qBPN2/P2N1PPP/R2QK2R w KQkq -,MODEL_PREDICTION_NOT_EMPIRICAL
LON-15,B4,1100,maia3-5m,1,f1b5,Bb5,0.4329243004322052,0.9393749348819256,0.741327418337076,375,15,610,r1b1kb1r/pp2pppp/2n2n2/2pp4/Q2P1B2/2P1PN2/Pq3PPP/RN2KB1R w KQkq -,MODEL_PREDICTION_NOT_EMPIRICAL
LON-15,B4,1100,maia3-5m,2,f3e5,Ne5,0.14709657430648804,0.9393749348819256,0.741327418337076,368,15,617,r1b1kb1r/pp2pppp/2n2n2/2pp4/Q2P1B2/2P1PN2/Pq3PPP/RN2KB1R w KQkq -,MODEL_PREDICTION_NOT_EMPIRICAL
LON-15,B4,1100,maia3-5m,3,a4b3,Qb3,0.09196768701076508,0.9393749348819256,0.741327418337076,196,16,788,r1b1kb1r/pp2pppp/2n2n2/2pp4/Q2P1B2/2P1PN2/Pq3PPP/RN2KB1R w KQkq -,MODEL_PREDICTION_NOT_EMPIRICAL
LON-15,B4,1100,maia3-5m,4,a4a3,Qa3,0.06183575093746185,0.9393749348819256,0.741327418337076,163,13,824,r1b1kb1r/pp2pppp/2n2n2/2pp4/Q2P1B2/2P1PN2/Pq3PPP/RN2KB1R w KQkq -,MODEL_PREDICTION_NOT_EMPIRICAL
LON-15,B4,1100,maia3-5m,5,f1d3,Bd3,0.05684712901711464,0.9393749348819256,0.741327418337076,261,15,724,r1b1kb1r/pp2pppp/2n2n2/2pp4/Q2P1B2/2P1PN2/Pq3PPP/RN2KB1R w KQkq -,MODEL_PREDICTION_NOT_EMPIRICAL
LON-15,B4,1100,maia3-5m,6,d4c5,dxc5,0.05353684350848198,0.9393749348819256,0.741327418337076,217,14,769,r1b1kb1r/pp2pppp/2n2n2/2pp4/Q2P1B2/2P1PN2/Pq3PPP/RN2KB1R w KQkq -,MODEL_PREDICTION_NOT_EMPIRICAL
LON-15,B4,1100,maia3-5m,7,b1d2,Nbd2,0.032636094838380814,0.9393749348819256,0.741327418337076,214,15,771,r1b1kb1r/pp2pppp/2n2n2/2pp4/Q2P1B2/2P1PN2/Pq3PPP/RN2KB1R w KQkq -,MODEL_PREDICTION_NOT_EMPIRICAL
LON-15,B4,1100,maia3-5m,8,f3d2,Nfd2,0.029277803376317024,0.9393749348819256,0.741327418337076,204,14,782,r1b1kb1r/pp2pppp/2n2n2/2pp4/Q2P1B2/2P1PN2/Pq3PPP/RN2KB1R w KQkq -,MODEL_PREDICTION_NOT_EMPIRICAL
LON-15,B4,1100,maia3-5m,9,a4d1,Qd1,0.016707494854927063,0.9393749348819256,0.741327418337076,203,16,781,r1b1kb1r/pp2pppp/2n2n2/2pp4/Q2P1B2/2P1PN2/Pq3PPP/RN2KB1R w KQkq -,MODEL_PREDICTION_NOT_EMPIRICAL
LON-15,B4,1100,maia3-5m,10,b1a3,Na3,0.016545256599783897,0.9393749348819256,0.741327418337076,166,13,821,r1b1kb1r/pp2pppp/2n2n2/2pp4/Q2P1B2/2P1PN2/Pq3PPP/RN2KB1R w KQkq -,MODEL_PREDICTION_NOT_EMPIRICAL
LON-15,B4,1300,maia3-5m,1,f1b5,Bb5,0.45104166865348816,0.9526730207726359,0.7250119188957482,375,15,610,r1b1kb1r/pp2pppp/2n2n2/2pp4/Q2P1B2/2P1PN2/Pq3PPP/RN2KB1R w KQkq -,MODEL_PREDICTION_NOT_EMPIRICAL
LON-15,B4,1300,maia3-5m,2,f3e5,Ne5,0.15687799453735352,0.9526730207726359,0.7250119188957482,357,15,628,r1b1kb1r/pp2pppp/2n2n2/2pp4/Q2P1B2/2P1PN2/Pq3PPP/RN2KB1R w KQkq -,MODEL_PREDICTION_NOT_EMPIRICAL
LON-15,B4,1300,maia3-5m,3,a4b3,Qb3,0.10107691586017609,0.9526730207726359,0.7250119188957482,195,15,790,r1b1kb1r/pp2pppp/2n2n2/2pp4/Q2P1B2/2P1PN2/Pq3PPP/RN2KB1R w KQkq -,MODEL_PREDICTION_NOT_EMPIRICAL
LON-15,B4,1300,maia3-5m,4,a4a3,Qa3,0.05853410065174103,0.9526730207726359,0.7250119188957482,157,12,831,r1b1kb1r/pp2pppp/2n2n2/2pp4/Q2P1B2/2P1PN2/Pq3PPP/RN2KB1R w KQkq -,MODEL_PREDICTION_NOT_EMPIRICAL
LON-15,B4,1300,maia3-5m,5,d4c5,dxc5,0.05003288388252258,0.9526730207726359,0.7250119188957482,195,13,792,r1b1kb1r/pp2pppp/2n2n2/2pp4/Q2P1B2/2P1PN2/Pq3PPP/RN2KB1R w KQkq -,MODEL_PREDICTION_NOT_EMPIRICAL
LON-15,B4,1300,maia3-5m,6,f1d3,Bd3,0.04934314265847206,0.9526730207726359,0.7250119188957482,245,14,741,r1b1kb1r/pp2pppp/2n2n2/2pp4/Q2P1B2/2P1PN2/Pq3PPP/RN2KB1R w KQkq -,MODEL_PREDICTION_NOT_EMPIRICAL
LON-15,B4,1300,maia3-5m,7,f3d2,Nfd2,0.029951713979244232,0.9526730207726359,0.7250119188957482,189,13,798,r1b1kb1r/pp2pppp/2n2n2/2pp4/Q2P1B2/2P1PN2/Pq3PPP/RN2KB1R w KQkq -,MODEL_PREDICTION_NOT_EMPIRICAL
LON-15,B4,1300,maia3-5m,8,b1d2,Nbd2,0.02839662879705429,0.9526730207726359,0.7250119188957482,199,14,787,r1b1kb1r/pp2pppp/2n2n2/2pp4/Q2P1B2/2P1PN2/Pq3PPP/RN2KB1R w KQkq -,MODEL_PREDICTION_NOT_EMPIRICAL
LON-15,B4,1300,maia3-5m,9,f1e2,Be2,0.015486049465835094,0.9526730207726359,0.7250119188957482,198,13,789,r1b1kb1r/pp2pppp/2n2n2/2pp4/Q2P1B2/2P1PN2/Pq3PPP/RN2KB1R w KQkq -,MODEL_PREDICTION_NOT_EMPIRICAL
LON-15,B4,1300,maia3-5m,10,b1a3,Na3,0.011931922286748886,0.9526730207726359,0.7250119188957482,145,11,844,r1b1kb1r/pp2pppp/2n2n2/2pp4/Q2P1B2/2P1PN2/Pq3PPP/RN2KB1R w KQkq -,MODEL_PREDICTION_NOT_EMPIRICAL
LON-15,B4,1500,maia3-5m,1,f1b5,Bb5,0.45783787965774536,0.9671913050115108,0.7256911018842876,368,15,617,r1b1kb1r/pp2pppp/2n2n2/2pp4/Q2P1B2/2P1PN2/Pq3PPP/RN2KB1R w KQkq -,MODEL_PREDICTION_NOT_EMPIRICAL
LON-15,B4,1500,maia3-5m,2,f3e5,Ne5,0.1638369858264923,0.9671913050115108,0.7256911018842876,341,14,645,r1b1kb1r/pp2pppp/2n2n2/2pp4/Q2P1B2/2P1PN2/Pq3PPP/RN2KB1R w KQkq -,MODEL_PREDICTION_NOT_EMPIRICAL
LON-15,B4,1500,maia3-5m,3,a4b3,Qb3,0.10768922418355942,0.9671913050115108,0.7256911018842876,192,15,793,r1b1kb1r/pp2pppp/2n2n2/2pp4/Q2P1B2/2P1PN2/Pq3PPP/RN2KB1R w KQkq -,MODEL_PREDICTION_NOT_EMPIRICAL
LON-15,B4,1500,maia3-5m,4,a4a3,Qa3,0.057256076484918594,0.9671913050115108,0.7256911018842876,150,12,838,r1b1kb1r/pp2pppp/2n2n2/2pp4/Q2P1B2/2P1PN2/Pq3PPP/RN2KB1R w KQkq -,MODEL_PREDICTION_NOT_EMPIRICAL
LON-15,B4,1500,maia3-5m,5,d4c5,dxc5,0.04990754649043083,0.9671913050115108,0.7256911018842876,181,12,807,r1b1kb1r/pp2pppp/2n2n2/2pp4/Q2P1B2/2P1PN2/Pq3PPP/RN2KB1R w KQkq -,MODEL_PREDICTION_NOT_EMPIRICAL
LON-15,B4,1500,maia3-5m,6,f1d3,Bd3,0.04398969188332558,0.9671913050115108,0.7256911018842876,237,14,749,r1b1kb1r/pp2pppp/2n2n2/2pp4/Q2P1B2/2P1PN2/Pq3PPP/RN2KB1R w KQkq -,MODEL_PREDICTION_NOT_EMPIRICAL
LON-15,B4,1500,maia3-5m,7,f3d2,Nfd2,0.030203239992260933,0.9671913050115108,0.7256911018842876,184,12,804,r1b1kb1r/pp2pppp/2n2n2/2pp4/Q2P1B2/2P1PN2/Pq3PPP/RN2KB1R w KQkq -,MODEL_PREDICTION_NOT_EMPIRICAL
LON-15,B4,1500,maia3-5m,8,b1d2,Nbd2,0.027194079011678696,0.9671913050115108,0.7256911018842876,191,13,796,r1b1kb1r/pp2pppp/2n2n2/2pp4/Q2P1B2/2P1PN2/Pq3PPP/RN2KB1R w KQkq -,MODEL_PREDICTION_NOT_EMPIRICAL
LON-15,B4,1500,maia3-5m,9,f1e2,Be2,0.01888025738298893,0.9671913050115108,0.7256911018842876,194,13,793,r1b1kb1r/pp2pppp/2n2n2/2pp4/Q2P1B2/2P1PN2/Pq3PPP/RN2KB1R w KQkq -,MODEL_PREDICTION_NOT_EMPIRICAL
LON-15,B4,1500,maia3-5m,10,a4b5,Qb5,0.010396324098110199,0.9671913050115108,0.7256911018842876,200,15,785,r1b1kb1r/pp2pppp/2n2n2/2pp4/Q2P1B2/2P1PN2/Pq3PPP/RN2KB1R w KQkq -,MODEL_PREDICTION_NOT_EMPIRICAL
LON-15,B4,1700,maia3-5m,1,f1b5,Bb5,0.46369603276252747,0.9780403673648834,0.7253638419299956,360,16,624,r1b1kb1r/pp2pppp/2n2n2/2pp4/Q2P1B2/2P1PN2/Pq3PPP/RN2KB1R w KQkq -,MODEL_PREDICTION_NOT_EMPIRICAL
LON-15,B4,1700,maia3-5m,2,f3e5,Ne5,0.16877123713493347,0.9780403673648834,0.7253638419299956,333,15,652,r1b1kb1r/pp2pppp/2n2n2/2pp4/Q2P1B2/2P1PN2/Pq3PPP/RN2KB1R w KQkq -,MODEL_PREDICTION_NOT_EMPIRICAL
LON-15,B4,1700,maia3-5m,3,a4b3,Qb3,0.11004506796598434,0.9780403673648834,0.7253638419299956,187,16,797,r1b1kb1r/pp2pppp/2n2n2/2pp4/Q2P1B2/2P1PN2/Pq3PPP/RN2KB1R w KQkq -,MODEL_PREDICTION_NOT_EMPIRICAL
LON-15,B4,1700,maia3-5m,4,a4a3,Qa3,0.057237930595874786,0.9780403673648834,0.7253638419299956,143,12,845,r1b1kb1r/pp2pppp/2n2n2/2pp4/Q2P1B2/2P1PN2/Pq3PPP/RN2KB1R w KQkq -,MODEL_PREDICTION_NOT_EMPIRICAL
LON-15,B4,1700,maia3-5m,5,d4c5,dxc5,0.05222787708044052,0.9780403673648834,0.7253638419299956,169,12,819,r1b1kb1r/pp2pppp/2n2n2/2pp4/Q2P1B2/2P1PN2/Pq3PPP/RN2KB1R w KQkq -,MODEL_PREDICTION_NOT_EMPIRICAL
LON-15,B4,1700,maia3-5m,6,f1d3,Bd3,0.039198730140924454,0.9780403673648834,0.7253638419299956,226,14,760,r1b1kb1r/pp2pppp/2n2n2/2pp4/Q2P1B2/2P1PN2/Pq3PPP/RN2KB1R w KQkq -,MODEL_PREDICTION_NOT_EMPIRICAL
LON-15,B4,1700,maia3-5m,7,f3d2,Nfd2,0.030543990433216095,0.9780403673648834,0.7253638419299956,182,12,806,r1b1kb1r/pp2pppp/2n2n2/2pp4/Q2P1B2/2P1PN2/Pq3PPP/RN2KB1R w KQkq -,MODEL_PREDICTION_NOT_EMPIRICAL
LON-15,B4,1700,maia3-5m,8,b1d2,Nbd2,0.026517827063798904,0.9780403673648834,0.7253638419299956,178,12,810,r1b1kb1r/pp2pppp/2n2n2/2pp4/Q2P1B2/2P1PN2/Pq3PPP/RN2KB1R w KQkq -,MODEL_PREDICTION_NOT_EMPIRICAL
LON-15,B4,1700,maia3-5m,9,f1e2,Be2,0.020725224167108536,0.9780403673648834,0.7253638419299956,189,13,798,r1b1kb1r/pp2pppp/2n2n2/2pp4/Q2P1B2/2P1PN2/Pq3PPP/RN2KB1R w KQkq -,MODEL_PREDICTION_NOT_EMPIRICAL
LON-15,B4,1700,maia3-5m,10,a4b5,Qb5,0.009076450020074844,0.9780403673648834,0.7253638419299956,191,16,793,r1b1kb1r/pp2pppp/2n2n2/2pp4/Q2P1B2/2P1PN2/Pq3PPP/RN2KB1R w KQkq -,MODEL_PREDICTION_NOT_EMPIRICAL
LON-15,B4,1900,maia3-5m,1,f1b5,Bb5,0.49037879705429077,0.9866086877882481,0.7063652758557494,358,18,624,r1b1kb1r/pp2pppp/2n2n2/2pp4/Q2P1B2/2P1PN2/Pq3PPP/RN2KB1R w KQkq -,MODEL_PREDICTION_NOT_EMPIRICAL
LON-15,B4,1900,maia3-5m,2,f3e5,Ne5,0.16761326789855957,0.9866086877882481,0.7063652758557494,332,16,652,r1b1kb1r/pp2pppp/2n2n2/2pp4/Q2P1B2/2P1PN2/Pq3PPP/RN2KB1R w KQkq -,MODEL_PREDICTION_NOT_EMPIRICAL
LON-15,B4,1900,maia3-5m,3,a4b3,Qb3,0.10318183898925781,0.9866086877882481,0.7063652758557494,187,18,795,r1b1kb1r/pp2pppp/2n2n2/2pp4/Q2P1B2/2P1PN2/Pq3PPP/RN2KB1R w KQkq -,MODEL_PREDICTION_NOT_EMPIRICAL
LON-15,B4,1900,maia3-5m,4,d4c5,dxc5,0.0562378354370594,0.9866086877882481,0.7063652758557494,168,13,819,r1b1kb1r/pp2pppp/2n2n2/2pp4/Q2P1B2/2P1PN2/Pq3PPP/RN2KB1R w KQkq -,MODEL_PREDICTION_NOT_EMPIRICAL
LON-15,B4,1900,maia3-5m,5,a4a3,Qa3,0.05496883764863014,0.9866086877882481,0.7063652758557494,138,13,849,r1b1kb1r/pp2pppp/2n2n2/2pp4/Q2P1B2/2P1PN2/Pq3PPP/RN2KB1R w KQkq -,MODEL_PREDICTION_NOT_EMPIRICAL
LON-15,B4,1900,maia3-5m,6,f1d3,Bd3,0.03334708884358406,0.9866086877882481,0.7063652758557494,225,15,760,r1b1kb1r/pp2pppp/2n2n2/2pp4/Q2P1B2/2P1PN2/Pq3PPP/RN2KB1R w KQkq -,MODEL_PREDICTION_NOT_EMPIRICAL
LON-15,B4,1900,maia3-5m,7,f3d2,Nfd2,0.029726542532444,0.9866086877882481,0.7063652758557494,188,13,799,r1b1kb1r/pp2pppp/2n2n2/2pp4/Q2P1B2/2P1PN2/Pq3PPP/RN2KB1R w KQkq -,MODEL_PREDICTION_NOT_EMPIRICAL
LON-15,B4,1900,maia3-5m,8,b1d2,Nbd2,0.023397943004965782,0.9866086877882481,0.7063652758557494,168,12,820,r1b1kb1r/pp2pppp/2n2n2/2pp4/Q2P1B2/2P1PN2/Pq3PPP/RN2KB1R w KQkq -,MODEL_PREDICTION_NOT_EMPIRICAL
LON-15,B4,1900,maia3-5m,9,f1e2,Be2,0.019704697653651237,0.9866086877882481,0.7063652758557494,190,14,796,r1b1kb1r/pp2pppp/2n2n2/2pp4/Q2P1B2/2P1PN2/Pq3PPP/RN2KB1R w KQkq -,MODEL_PREDICTION_NOT_EMPIRICAL
LON-15,B4,1900,maia3-5m,10,a4b5,Qb5,0.008051838725805283,0.9866086877882481,0.7063652758557494,183,17,800,r1b1kb1r/pp2pppp/2n2n2/2pp4/Q2P1B2/2P1PN2/Pq3PPP/RN2KB1R w KQkq -,MODEL_PREDICTION_NOT_EMPIRICAL
LON-15,B4,2100,maia3-5m,1,f1b5,Bb5,0.5540374517440796,0.991974781267345,0.6526810005555693,357,22,621,r1b1kb1r/pp2pppp/2n2n2/2pp4/Q2P1B2/2P1PN2/Pq3PPP/RN2KB1R w KQkq -,MODEL_PREDICTION_NOT_EMPIRICAL
LON-15,B4,2100,maia3-5m,2,f3e5,Ne5,0.14990851283073425,0.991974781267345,0.6526810005555693,336,19,645,r1b1kb1r/pp2pppp/2n2n2/2pp4/Q2P1B2/2P1PN2/Pq3PPP/RN2KB1R w KQkq -,MODEL_PREDICTION_NOT_EMPIRICAL
LON-15,B4,2100,maia3-5m,3,a4b3,Qb3,0.08471696823835373,0.991974781267345,0.6526810005555693,198,24,778,r1b1kb1r/pp2pppp/2n2n2/2pp4/Q2P1B2/2P1PN2/Pq3PPP/RN2KB1R w KQkq -,MODEL_PREDICTION_NOT_EMPIRICAL
LON-15,B4,2100,maia3-5m,4,d4c5,dxc5,0.06244826689362526,0.991974781267345,0.6526810005555693,179,16,805,r1b1kb1r/pp2pppp/2n2n2/2pp4/Q2P1B2/2P1PN2/Pq3PPP/RN2KB1R w KQkq -,MODEL_PREDICTION_NOT_EMPIRICAL
LON-15,B4,2100,maia3-5m,5,a4a3,Qa3,0.046783994883298874,0.991974781267345,0.6526810005555693,144,17,839,r1b1kb1r/pp2pppp/2n2n2/2pp4/Q2P1B2/2P1PN2/Pq3PPP/RN2KB1R w KQkq -,MODEL_PREDICTION_NOT_EMPIRICAL
LON-15,B4,2100,maia3-5m,6,f1d3,Bd3,0.02725125662982464,0.991974781267345,0.6526810005555693,238,19,743,r1b1kb1r/pp2pppp/2n2n2/2pp4/Q2P1B2/2P1PN2/Pq3PPP/RN2KB1R w KQkq -,MODEL_PREDICTION_NOT_EMPIRICAL
LON-15,B4,2100,maia3-5m,7,f3d2,Nfd2,0.026373255997896194,0.991974781267345,0.6526810005555693,205,17,778,r1b1kb1r/pp2pppp/2n2n2/2pp4/Q2P1B2/2P1PN2/Pq3PPP/RN2KB1R w KQkq -,MODEL_PREDICTION_NOT_EMPIRICAL
LON-15,B4,2100,maia3-5m,8,b1d2,Nbd2,0.017723195254802704,0.991974781267345,0.6526810005555693,168,13,819,r1b1kb1r/pp2pppp/2n2n2/2pp4/Q2P1B2/2P1PN2/Pq3PPP/RN2KB1R w KQkq -,MODEL_PREDICTION_NOT_EMPIRICAL
LON-15,B4,2100,maia3-5m,9,f1e2,Be2,0.015686165541410446,0.991974781267345,0.6526810005555693,203,17,780,r1b1kb1r/pp2pppp/2n2n2/2pp4/Q2P1B2/2P1PN2/Pq3PPP/RN2KB1R w KQkq -,MODEL_PREDICTION_NOT_EMPIRICAL
LON-15,B4,2100,maia3-5m,10,a4b5,Qb5,0.0070457132533192635,0.991974781267345,0.6526810005555693,183,22,795,r1b1kb1r/pp2pppp/2n2n2/2pp4/Q2P1B2/2P1PN2/Pq3PPP/RN2KB1R w KQkq -,MODEL_PREDICTION_NOT_EMPIRICAL
PST-04,B4,1100,maia3-5m,1,g1f3,Nf3,0.25775182247161865,0.9272468108683825,0.7900159970990576,331,34,635,rnbqkbn1/ppp1ppp1/7r/3p4/3P4/8/PPP1PPPP/RN1QKBNR w KQq -,MODEL_PREDICTION_NOT_EMPIRICAL
PST-04,B4,1100,maia3-5m,2,e2e3,e3,0.2104254812002182,0.9272468108683825,0.7900159970990576,319,35,646,rnbqkbn1/ppp1ppp1/7r/3p4/3P4/8/PPP1PPPP/RN1QKBNR w KQq -,MODEL_PREDICTION_NOT_EMPIRICAL
PST-04,B4,1100,maia3-5m,3,b1c3,Nc3,0.18887943029403687,0.9272468108683825,0.7900159970990576,306,35,659,rnbqkbn1/ppp1ppp1/7r/3p4/3P4/8/PPP1PPPP/RN1QKBNR w KQq -,MODEL_PREDICTION_NOT_EMPIRICAL
PST-04,B4,1100,maia3-5m,4,d1d2,Qd2,0.09376481175422668,0.9272468108683825,0.7900159970990576,256,36,708,rnbqkbn1/ppp1ppp1/7r/3p4/3P4/8/PPP1PPPP/RN1QKBNR w KQq -,MODEL_PREDICTION_NOT_EMPIRICAL
PST-04,B4,1100,maia3-5m,5,e2e4,e4,0.04751995950937271,0.9272468108683825,0.7900159970990576,292,35,673,rnbqkbn1/ppp1ppp1/7r/3p4/3P4/8/PPP1PPPP/RN1QKBNR w KQq -,MODEL_PREDICTION_NOT_EMPIRICAL
PST-04,B4,1100,maia3-5m,6,d1d3,Qd3,0.045472126454114914,0.9272468108683825,0.7900159970990576,266,34,700,rnbqkbn1/ppp1ppp1/7r/3p4/3P4/8/PPP1PPPP/RN1QKBNR w KQq -,MODEL_PREDICTION_NOT_EMPIRICAL
PST-04,B4,1100,maia3-5m,7,h2h4,h4,0.030758768320083618,0.9272468108683825,0.7900159970990576,267,40,693,rnbqkbn1/ppp1ppp1/7r/3p4/3P4/8/PPP1PPPP/RN1QKBNR w KQq -,MODEL_PREDICTION_NOT_EMPIRICAL
PST-04,B4,1100,maia3-5m,8,h2h3,h3,0.020642349496483803,0.9272468108683825,0.7900159970990576,295,40,665,rnbqkbn1/ppp1ppp1/7r/3p4/3P4/8/PPP1PPPP/RN1QKBNR w KQq -,MODEL_PREDICTION_NOT_EMPIRICAL
PST-04,B4,1100,maia3-5m,9,f2f3,f3,0.016338849440217018,0.9272468108683825,0.7900159970990576,289,39,672,rnbqkbn1/ppp1ppp1/7r/3p4/3P4/8/PPP1PPPP/RN1QKBNR w KQq -,MODEL_PREDICTION_NOT_EMPIRICAL
PST-04,B4,1100,maia3-5m,10,g2g4,g4,0.015693211928009987,0.9272468108683825,0.7900159970990576,237,42,721,rnbqkbn1/ppp1ppp1/7r/3p4/3P4/8/PPP1PPPP/RN1QKBNR w KQq -,MODEL_PREDICTION_NOT_EMPIRICAL
PST-04,B4,1300,maia3-5m,1,g1f3,Nf3,0.28507691621780396,0.9328174330294132,0.7723959413996945,318,32,650,rnbqkbn1/ppp1ppp1/7r/3p4/3P4/8/PPP1PPPP/RN1QKBNR w KQq -,MODEL_PREDICTION_NOT_EMPIRICAL
PST-04,B4,1300,maia3-5m,2,e2e3,e3,0.21988989412784576,0.9328174330294132,0.7723959413996945,313,31,656,rnbqkbn1/ppp1ppp1/7r/3p4/3P4/8/PPP1PPPP/RN1QKBNR w KQq -,MODEL_PREDICTION_NOT_EMPIRICAL
PST-04,B4,1300,maia3-5m,3,b1c3,Nc3,0.18282298743724823,0.9328174330294132,0.7723959413996945,297,32,671,rnbqkbn1/ppp1ppp1/7r/3p4/3P4/8/PPP1PPPP/RN1QKBNR w KQq -,MODEL_PREDICTION_NOT_EMPIRICAL
PST-04,B4,1300,maia3-5m,4,d1d2,Qd2,0.08315601944923401,0.9328174330294132,0.7723959413996945,252,32,716,rnbqkbn1/ppp1ppp1/7r/3p4/3P4/8/PPP1PPPP/RN1QKBNR w KQq -,MODEL_PREDICTION_NOT_EMPIRICAL
PST-04,B4,1300,maia3-5m,5,e2e4,e4,0.044931065291166306,0.9328174330294132,0.7723959413996945,296,30,674,rnbqkbn1/ppp1ppp1/7r/3p4/3P4/8/PPP1PPPP/RN1QKBNR w KQq -,MODEL_PREDICTION_NOT_EMPIRICAL
PST-04,B4,1300,maia3-5m,6,h2h4,h4,0.03348278999328613,0.9328174330294132,0.7723959413996945,263,34,703,rnbqkbn1/ppp1ppp1/7r/3p4/3P4/8/PPP1PPPP/RN1QKBNR w KQq -,MODEL_PREDICTION_NOT_EMPIRICAL
PST-04,B4,1300,maia3-5m,7,d1d3,Qd3,0.032326050102710724,0.9328174330294132,0.7723959413996945,265,30,705,rnbqkbn1/ppp1ppp1/7r/3p4/3P4/8/PPP1PPPP/RN1QKBNR w KQq -,MODEL_PREDICTION_NOT_EMPIRICAL
PST-04,B4,1300,maia3-5m,8,h2h3,h3,0.02398870699107647,0.9328174330294132,0.7723959413996945,286,36,678,rnbqkbn1/ppp1ppp1/7r/3p4/3P4/8/PPP1PPPP/RN1QKBNR w KQq -,MODEL_PREDICTION_NOT_EMPIRICAL
PST-04,B4,1300,maia3-5m,9,f2f3,f3,0.014415085315704346,0.9328174330294132,0.7723959413996945,277,35,688,rnbqkbn1/ppp1ppp1/7r/3p4/3P4/8/PPP1PPPP/RN1QKBNR w KQq -,MODEL_PREDICTION_NOT_EMPIRICAL
PST-04,B4,1300,maia3-5m,10,c2c3,c3,0.012727918103337288,0.9328174330294132,0.7723959413996945,288,33,679,rnbqkbn1/ppp1ppp1/7r/3p4/3P4/8/PPP1PPPP/RN1QKBNR w KQq -,MODEL_PREDICTION_NOT_EMPIRICAL
PST-04,B4,1500,maia3-5m,1,g1f3,Nf3,0.3044849932193756,0.9337583240121603,0.7580412124393666,302,30,668,rnbqkbn1/ppp1ppp1/7r/3p4/3P4/8/PPP1PPPP/RN1QKBNR w KQq -,MODEL_PREDICTION_NOT_EMPIRICAL
PST-04,B4,1500,maia3-5m,2,e2e3,e3,0.22134080529212952,0.9337583240121603,0.7580412124393666,301,29,670,rnbqkbn1/ppp1ppp1/7r/3p4/3P4/8/PPP1PPPP/RN1QKBNR w KQq -,MODEL_PREDICTION_NOT_EMPIRICAL
PST-04,B4,1500,maia3-5m,3,b1c3,Nc3,0.18147261440753937,0.9337583240121603,0.7580412124393666,284,30,686,rnbqkbn1/ppp1ppp1/7r/3p4/3P4/8/PPP1PPPP/RN1QKBNR w KQq -,MODEL_PREDICTION_NOT_EMPIRICAL
PST-04,B4,1500,maia3-5m,4,d1d2,Qd2,0.07349377870559692,0.9337583240121603,0.7580412124393666,244,30,726,rnbqkbn1/ppp1ppp1/7r/3p4/3P4/8/PPP1PPPP/RN1QKBNR w KQq -,MODEL_PREDICTION_NOT_EMPIRICAL
PST-04,B4,1500,maia3-5m,5,e2e4,e4,0.04510219767689705,0.9337583240121603,0.7580412124393666,291,27,682,rnbqkbn1/ppp1ppp1/7r/3p4/3P4/8/PPP1PPPP/RN1QKBNR w KQq -,MODEL_PREDICTION_NOT_EMPIRICAL
PST-04,B4,1500,maia3-5m,6,h2h4,h4,0.03303097188472748,0.9337583240121603,0.7580412124393666,248,30,722,rnbqkbn1/ppp1ppp1/7r/3p4/3P4/8/PPP1PPPP/RN1QKBNR w KQq -,MODEL_PREDICTION_NOT_EMPIRICAL
PST-04,B4,1500,maia3-5m,7,d1d3,Qd3,0.02374156564474106,0.9337583240121603,0.7580412124393666,260,28,712,rnbqkbn1/ppp1ppp1/7r/3p4/3P4/8/PPP1PPPP/RN1QKBNR w KQq -,MODEL_PREDICTION_NOT_EMPIRICAL
PST-04,B4,1500,maia3-5m,8,h2h3,h3,0.02253216877579689,0.9337583240121603,0.7580412124393666,272,32,696,rnbqkbn1/ppp1ppp1/7r/3p4/3P4/8/PPP1PPPP/RN1QKBNR w KQq -,MODEL_PREDICTION_NOT_EMPIRICAL
PST-04,B4,1500,maia3-5m,9,c2c3,c3,0.014516928233206272,0.9337583240121603,0.7580412124393666,279,30,691,rnbqkbn1/ppp1ppp1/7r/3p4/3P4/8/PPP1PPPP/RN1QKBNR w KQq -,MODEL_PREDICTION_NOT_EMPIRICAL
PST-04,B4,1500,maia3-5m,10,b1d2,Nd2,0.014042300172150135,0.9337583240121603,0.7580412124393666,272,32,696,rnbqkbn1/ppp1ppp1/7r/3p4/3P4/8/PPP1PPPP/RN1QKBNR w KQq -,MODEL_PREDICTION_NOT_EMPIRICAL
PST-04,B4,1700,maia3-5m,1,g1f3,Nf3,0.3187764286994934,0.9351019635796547,0.7496366203457059,300,28,672,rnbqkbn1/ppp1ppp1/7r/3p4/3P4/8/PPP1PPPP/RN1QKBNR w KQq -,MODEL_PREDICTION_NOT_EMPIRICAL
PST-04,B4,1700,maia3-5m,2,e2e3,e3,0.2229054570198059,0.9351019635796547,0.7496366203457059,302,27,671,rnbqkbn1/ppp1ppp1/7r/3p4/3P4/8/PPP1PPPP/RN1QKBNR w KQq -,MODEL_PREDICTION_NOT_EMPIRICAL
PST-04,B4,1700,maia3-5m,3,b1c3,Nc3,0.18064314126968384,0.9351019635796547,0.7496366203457059,283,27,690,rnbqkbn1/ppp1ppp1/7r/3p4/3P4/8/PPP1PPPP/RN1QKBNR w KQq -,MODEL_PREDICTION_NOT_EMPIRICAL
PST-04,B4,1700,maia3-5m,4,d1d2,Qd2,0.06338196247816086,0.9351019635796547,0.7496366203457059,241,28,731,rnbqkbn1/ppp1ppp1/7r/3p4/3P4/8/PPP1PPPP/RN1QKBNR w KQq -,MODEL_PREDICTION_NOT_EMPIRICAL
PST-04,B4,1700,maia3-5m,5,e2e4,e4,0.043425194919109344,0.9351019635796547,0.7496366203457059,291,24,685,rnbqkbn1/ppp1ppp1/7r/3p4/3P4/8/PPP1PPPP/RN1QKBNR w KQq -,MODEL_PREDICTION_NOT_EMPIRICAL
PST-04,B4,1700,maia3-5m,6,h2h4,h4,0.028446095064282417,0.9351019635796547,0.7496366203457059,247,27,726,rnbqkbn1/ppp1ppp1/7r/3p4/3P4/8/PPP1PPPP/RN1QKBNR w KQq -,MODEL_PREDICTION_NOT_EMPIRICAL
PST-04,B4,1700,maia3-5m,7,c2c3,c3,0.02042808011174202,0.9351019635796547,0.7496366203457059,284,28,688,rnbqkbn1/ppp1ppp1/7r/3p4/3P4/8/PPP1PPPP/RN1QKBNR w KQq -,MODEL_PREDICTION_NOT_EMPIRICAL
PST-04,B4,1700,maia3-5m,8,b1d2,Nd2,0.019965562969446182,0.9351019635796547,0.7496366203457059,273,30,697,rnbqkbn1/ppp1ppp1/7r/3p4/3P4/8/PPP1PPPP/RN1QKBNR w KQq -,MODEL_PREDICTION_NOT_EMPIRICAL
PST-04,B4,1700,maia3-5m,9,c2c4,c4,0.018922943621873856,0.9351019635796547,0.7496366203457059,289,25,686,rnbqkbn1/ppp1ppp1/7r/3p4/3P4/8/PPP1PPPP/RN1QKBNR w KQq -,MODEL_PREDICTION_NOT_EMPIRICAL
PST-04,B4,1700,maia3-5m,10,h2h3,h3,0.018207097426056862,0.9351019635796547,0.7496366203457059,268,29,703,rnbqkbn1/ppp1ppp1/7r/3p4/3P4/8/PPP1PPPP/RN1QKBNR w KQq -,MODEL_PREDICTION_NOT_EMPIRICAL
PST-04,B4,1900,maia3-5m,1,g1f3,Nf3,0.32419633865356445,0.9419722510501742,0.7557097580825465,301,29,670,rnbqkbn1/ppp1ppp1/7r/3p4/3P4/8/PPP1PPPP/RN1QKBNR w KQq -,MODEL_PREDICTION_NOT_EMPIRICAL
PST-04,B4,1900,maia3-5m,2,e2e3,e3,0.2321057766675949,0.9419722510501742,0.7557097580825465,307,27,666,rnbqkbn1/ppp1ppp1/7r/3p4/3P4/8/PPP1PPPP/RN1QKBNR w KQq -,MODEL_PREDICTION_NOT_EMPIRICAL
PST-04,B4,1900,maia3-5m,3,b1c3,Nc3,0.17113755643367767,0.9419722510501742,0.7557097580825465,286,27,687,rnbqkbn1/ppp1ppp1/7r/3p4/3P4/8/PPP1PPPP/RN1QKBNR w KQq -,MODEL_PREDICTION_NOT_EMPIRICAL
PST-04,B4,1900,maia3-5m,4,d1d2,Qd2,0.050362687557935715,0.9419722510501742,0.7557097580825465,237,27,736,rnbqkbn1/ppp1ppp1/7r/3p4/3P4/8/PPP1PPPP/RN1QKBNR w KQq -,MODEL_PREDICTION_NOT_EMPIRICAL
PST-04,B4,1900,maia3-5m,5,e2e4,e4,0.03926651552319527,0.9419722510501742,0.7557097580825465,292,22,686,rnbqkbn1/ppp1ppp1/7r/3p4/3P4/8/PPP1PPPP/RN1QKBNR w KQq -,MODEL_PREDICTION_NOT_EMPIRICAL
PST-04,B4,1900,maia3-5m,6,c2c3,c3,0.03244318440556526,0.9419722510501742,0.7557097580825465,293,28,679,rnbqkbn1/ppp1ppp1/7r/3p4/3P4/8/PPP1PPPP/RN1QKBNR w KQq -,MODEL_PREDICTION_NOT_EMPIRICAL
PST-04,B4,1900,maia3-5m,7,b1d2,Nd2,0.028392331674695015,0.9419722510501742,0.7557097580825465,278,29,693,rnbqkbn1/ppp1ppp1/7r/3p4/3P4/8/PPP1PPPP/RN1QKBNR w KQq -,MODEL_PREDICTION_NOT_EMPIRICAL
PST-04,B4,1900,maia3-5m,8,c2c4,c4,0.02721889317035675,0.9419722510501742,0.7557097580825465,300,24,676,rnbqkbn1/ppp1ppp1/7r/3p4/3P4/8/PPP1PPPP/RN1QKBNR w KQq -,MODEL_PREDICTION_NOT_EMPIRICAL
PST-04,B4,1900,maia3-5m,9,h2h4,h4,0.023558326065540314,0.9419722510501742,0.7557097580825465,252,26,722,rnbqkbn1/ppp1ppp1/7r/3p4/3P4/8/PPP1PPPP/RN1QKBNR w KQq -,MODEL_PREDICTION_NOT_EMPIRICAL
PST-04,B4,1900,maia3-5m,10,d1d3,Qd3,0.013290640898048878,0.9419722510501742,0.7557097580825465,253,26,721,rnbqkbn1/ppp1ppp1/7r/3p4/3P4/8/PPP1PPPP/RN1QKBNR w KQq -,MODEL_PREDICTION_NOT_EMPIRICAL
PST-04,B4,2100,maia3-5m,1,g1f3,Nf3,0.3235316574573517,0.9519048081710935,0.7665848397640183,306,30,664,rnbqkbn1/ppp1ppp1/7r/3p4/3P4/8/PPP1PPPP/RN1QKBNR w KQq -,MODEL_PREDICTION_NOT_EMPIRICAL
PST-04,B4,2100,maia3-5m,2,e2e3,e3,0.2494676411151886,0.9519048081710935,0.7665848397640183,309,28,663,rnbqkbn1/ppp1ppp1/7r/3p4/3P4/8/PPP1PPPP/RN1QKBNR w KQq -,MODEL_PREDICTION_NOT_EMPIRICAL
PST-04,B4,2100,maia3-5m,3,b1c3,Nc3,0.15141485631465912,0.9519048081710935,0.7665848397640183,296,27,677,rnbqkbn1/ppp1ppp1/7r/3p4/3P4/8/PPP1PPPP/RN1QKBNR w KQq -,MODEL_PREDICTION_NOT_EMPIRICAL
PST-04,B4,2100,maia3-5m,4,c2c3,c3,0.04615505784749985,0.9519048081710935,0.7665848397640183,295,29,676,rnbqkbn1/ppp1ppp1/7r/3p4/3P4/8/PPP1PPPP/RN1QKBNR w KQq -,MODEL_PREDICTION_NOT_EMPIRICAL
PST-04,B4,2100,maia3-5m,5,c2c4,c4,0.039901308715343475,0.9519048081710935,0.7665848397640183,312,26,662,rnbqkbn1/ppp1ppp1/7r/3p4/3P4/8/PPP1PPPP/RN1QKBNR w KQq -,MODEL_PREDICTION_NOT_EMPIRICAL
PST-04,B4,2100,maia3-5m,6,b1d2,Nd2,0.0365736186504364,0.9519048081710935,0.7665848397640183,288,30,682,rnbqkbn1/ppp1ppp1/7r/3p4/3P4/8/PPP1PPPP/RN1QKBNR w KQq -,MODEL_PREDICTION_NOT_EMPIRICAL
PST-04,B4,2100,maia3-5m,7,e2e4,e4,0.03586738556623459,0.9519048081710935,0.7665848397640183,293,24,683,rnbqkbn1/ppp1ppp1/7r/3p4/3P4/8/PPP1PPPP/RN1QKBNR w KQq -,MODEL_PREDICTION_NOT_EMPIRICAL
PST-04,B4,2100,maia3-5m,8,d1d2,Qd2,0.03233673796057701,0.9519048081710935,0.7665848397640183,231,28,741,rnbqkbn1/ppp1ppp1/7r/3p4/3P4/8/PPP1PPPP/RN1QKBNR w KQq -,MODEL_PREDICTION_NOT_EMPIRICAL
PST-04,B4,2100,maia3-5m,9,h2h4,h4,0.021612726151943207,0.9519048081710935,0.7665848397640183,261,27,712,rnbqkbn1/ppp1ppp1/7r/3p4/3P4/8/PPP1PPPP/RN1QKBNR w KQq -,MODEL_PREDICTION_NOT_EMPIRICAL
PST-04,B4,2100,maia3-5m,10,g2g3,g3,0.015043818391859531,0.9519048081710935,0.7665848397640183,282,29,689,rnbqkbn1/ppp1ppp1/7r/3p4/3P4/8/PPP1PPPP/RN1QKBNR w KQq -,MODEL_PREDICTION_NOT_EMPIRICAL
LON-06,B5,1100,maia3-5m,1,g7g6,g6,0.26449593901634216,0.9702563676983118,0.8088715462955681,413,23,564,r1b1kb1r/pp2pppp/1qn5/2pp4/3P4/2P1PNP1/PPQ2PP1/RN2KB1R b KQkq -,MODEL_PREDICTION_NOT_EMPIRICAL
LON-06,B5,1100,maia3-5m,2,c5d4,cxd4,0.2172209471464157,0.9702563676983118,0.8088715462955681,419,24,557,r1b1kb1r/pp2pppp/1qn5/2pp4/3P4/2P1PNP1/PPQ2PP1/RN2KB1R b KQkq -,MODEL_PREDICTION_NOT_EMPIRICAL
LON-06,B5,1100,maia3-5m,3,c8g4,Bg4,0.16883273422718048,0.9702563676983118,0.8088715462955681,385,21,594,r1b1kb1r/pp2pppp/1qn5/2pp4/3P4/2P1PNP1/PPQ2PP1/RN2KB1R b KQkq -,MODEL_PREDICTION_NOT_EMPIRICAL
LON-06,B5,1100,maia3-5m,4,e7e6,e6,0.14880523085594177,0.9702563676983118,0.8088715462955681,394,24,582,r1b1kb1r/pp2pppp/1qn5/2pp4/3P4/2P1PNP1/PPQ2PP1/RN2KB1R b KQkq -,MODEL_PREDICTION_NOT_EMPIRICAL
LON-06,B5,1100,maia3-5m,5,h7h6,h6,0.04329463094472885,0.9702563676983118,0.8088715462955681,419,23,558,r1b1kb1r/pp2pppp/1qn5/2pp4/3P4/2P1PNP1/PPQ2PP1/RN2KB1R b KQkq -,MODEL_PREDICTION_NOT_EMPIRICAL
LON-06,B5,1100,maia3-5m,6,c5c4,c4,0.038682978600263596,0.9702563676983118,0.8088715462955681,406,24,570,r1b1kb1r/pp2pppp/1qn5/2pp4/3P4/2P1PNP1/PPQ2PP1/RN2KB1R b KQkq -,MODEL_PREDICTION_NOT_EMPIRICAL
LON-06,B5,1100,maia3-5m,7,c8f5,Bf5,0.028181059285998344,0.9702563676983118,0.8088715462955681,340,22,638,r1b1kb1r/pp2pppp/1qn5/2pp4/3P4/2P1PNP1/PPQ2PP1/RN2KB1R b KQkq -,MODEL_PREDICTION_NOT_EMPIRICAL
LON-06,B5,1100,maia3-5m,8,f7f6,f6,0.02723614126443863,0.9702563676983118,0.8088715462955681,412,23,565,r1b1kb1r/pp2pppp/1qn5/2pp4/3P4/2P1PNP1/PPQ2PP1/RN2KB1R b KQkq -,MODEL_PREDICTION_NOT_EMPIRICAL
LON-06,B5,1100,maia3-5m,9,e7e5,e5,0.02278752811253071,0.9702563676983118,0.8088715462955681,391,22,587,r1b1kb1r/pp2pppp/1qn5/2pp4/3P4/2P1PNP1/PPQ2PP1/RN2KB1R b KQkq -,MODEL_PREDICTION_NOT_EMPIRICAL
LON-06,B5,1100,maia3-5m,10,c8d7,Bd7,0.01071917824447155,0.9702563676983118,0.8088715462955681,374,21,605,r1b1kb1r/pp2pppp/1qn5/2pp4/3P4/2P1PNP1/PPQ2PP1/RN2KB1R b KQkq -,MODEL_PREDICTION_NOT_EMPIRICAL
LON-06,B5,1300,maia3-5m,1,g7g6,g6,0.2776581943035126,0.9787063440307975,0.814777835828106,420,24,556,r1b1kb1r/pp2pppp/1qn5/2pp4/3P4/2P1PNP1/PPQ2PP1/RN2KB1R b KQkq -,MODEL_PREDICTION_NOT_EMPIRICAL
LON-06,B5,1300,maia3-5m,2,c5d4,cxd4,0.21018469333648682,0.9787063440307975,0.814777835828106,408,25,567,r1b1kb1r/pp2pppp/1qn5/2pp4/3P4/2P1PNP1/PPQ2PP1/RN2KB1R b KQkq -,MODEL_PREDICTION_NOT_EMPIRICAL
LON-06,B5,1300,maia3-5m,3,c8g4,Bg4,0.16494689881801605,0.9787063440307975,0.814777835828106,388,22,590,r1b1kb1r/pp2pppp/1qn5/2pp4/3P4/2P1PNP1/PPQ2PP1/RN2KB1R b KQkq -,MODEL_PREDICTION_NOT_EMPIRICAL
LON-06,B5,1300,maia3-5m,4,e7e6,e6,0.13670197129249573,0.9787063440307975,0.814777835828106,395,25,580,r1b1kb1r/pp2pppp/1qn5/2pp4/3P4/2P1PNP1/PPQ2PP1/RN2KB1R b KQkq -,MODEL_PREDICTION_NOT_EMPIRICAL
LON-06,B5,1300,maia3-5m,5,h7h6,h6,0.064812570810318,0.9787063440307975,0.814777835828106,414,24,562,r1b1kb1r/pp2pppp/1qn5/2pp4/3P4/2P1PNP1/PPQ2PP1/RN2KB1R b KQkq -,MODEL_PREDICTION_NOT_EMPIRICAL
LON-06,B5,1300,maia3-5m,6,c8f5,Bf5,0.04218239337205887,0.9787063440307975,0.814777835828106,341,23,636,r1b1kb1r/pp2pppp/1qn5/2pp4/3P4/2P1PNP1/PPQ2PP1/RN2KB1R b KQkq -,MODEL_PREDICTION_NOT_EMPIRICAL
LON-06,B5,1300,maia3-5m,7,c5c4,c4,0.03568200021982193,0.9787063440307975,0.814777835828106,401,25,574,r1b1kb1r/pp2pppp/1qn5/2pp4/3P4/2P1PNP1/PPQ2PP1/RN2KB1R b KQkq -,MODEL_PREDICTION_NOT_EMPIRICAL
LON-06,B5,1300,maia3-5m,8,f7f6,f6,0.018456578254699707,0.9787063440307975,0.814777835828106,404,23,573,r1b1kb1r/pp2pppp/1qn5/2pp4/3P4/2P1PNP1/PPQ2PP1/RN2KB1R b KQkq -,MODEL_PREDICTION_NOT_EMPIRICAL
LON-06,B5,1300,maia3-5m,9,e7e5,e5,0.015224014408886433,0.9787063440307975,0.814777835828106,395,22,583,r1b1kb1r/pp2pppp/1qn5/2pp4/3P4/2P1PNP1/PPQ2PP1/RN2KB1R b KQkq -,MODEL_PREDICTION_NOT_EMPIRICAL
LON-06,B5,1300,maia3-5m,10,c8d7,Bd7,0.012857029214501381,0.9787063440307975,0.814777835828106,375,22,603,r1b1kb1r/pp2pppp/1qn5/2pp4/3P4/2P1PNP1/PPQ2PP1/RN2KB1R b KQkq -,MODEL_PREDICTION_NOT_EMPIRICAL
LON-06,B5,1500,maia3-5m,1,g7g6,g6,0.2840481102466583,0.9845106555148959,0.8206567892734564,422,26,552,r1b1kb1r/pp2pppp/1qn5/2pp4/3P4/2P1PNP1/PPQ2PP1/RN2KB1R b KQkq -,MODEL_PREDICTION_NOT_EMPIRICAL
LON-06,B5,1500,maia3-5m,2,c5d4,cxd4,0.20711681246757507,0.9845106555148959,0.8206567892734564,396,27,577,r1b1kb1r/pp2pppp/1qn5/2pp4/3P4/2P1PNP1/PPQ2PP1/RN2KB1R b KQkq -,MODEL_PREDICTION_NOT_EMPIRICAL
LON-06,B5,1500,maia3-5m,3,c8g4,Bg4,0.15331198275089264,0.9845106555148959,0.8206567892734564,384,25,591,r1b1kb1r/pp2pppp/1qn5/2pp4/3P4/2P1PNP1/PPQ2PP1/RN2KB1R b KQkq -,MODEL_PREDICTION_NOT_EMPIRICAL
LON-06,B5,1500,maia3-5m,4,e7e6,e6,0.11669924855232239,0.9845106555148959,0.8206567892734564,389,27,584,r1b1kb1r/pp2pppp/1qn5/2pp4/3P4/2P1PNP1/PPQ2PP1/RN2KB1R b KQkq -,MODEL_PREDICTION_NOT_EMPIRICAL
LON-06,B5,1500,maia3-5m,5,h7h6,h6,0.09049039334058762,0.9845106555148959,0.8206567892734564,406,26,568,r1b1kb1r/pp2pppp/1qn5/2pp4/3P4/2P1PNP1/PPQ2PP1/RN2KB1R b KQkq -,MODEL_PREDICTION_NOT_EMPIRICAL
LON-06,B5,1500,maia3-5m,6,c8f5,Bf5,0.06296100467443466,0.9845106555148959,0.8206567892734564,352,24,624,r1b1kb1r/pp2pppp/1qn5/2pp4/3P4/2P1PNP1/PPQ2PP1/RN2KB1R b KQkq -,MODEL_PREDICTION_NOT_EMPIRICAL
LON-06,B5,1500,maia3-5m,7,c5c4,c4,0.031263697892427444,0.9845106555148959,0.8206567892734564,392,27,581,r1b1kb1r/pp2pppp/1qn5/2pp4/3P4/2P1PNP1/PPQ2PP1/RN2KB1R b KQkq -,MODEL_PREDICTION_NOT_EMPIRICAL
LON-06,B5,1500,maia3-5m,8,c8d7,Bd7,0.014125208370387554,0.9845106555148959,0.8206567892734564,372,24,604,r1b1kb1r/pp2pppp/1qn5/2pp4/3P4/2P1PNP1/PPQ2PP1/RN2KB1R b KQkq -,MODEL_PREDICTION_NOT_EMPIRICAL
LON-06,B5,1500,maia3-5m,9,f7f6,f6,0.01267236191779375,0.9845106555148959,0.8206567892734564,392,25,583,r1b1kb1r/pp2pppp/1qn5/2pp4/3P4/2P1PNP1/PPQ2PP1/RN2KB1R b KQkq -,MODEL_PREDICTION_NOT_EMPIRICAL
LON-06,B5,1500,maia3-5m,10,e7e5,e5,0.011821835301816463,0.9845106555148959,0.8206567892734564,395,24,581,r1b1kb1r/pp2pppp/1qn5/2pp4/3P4/2P1PNP1/PPQ2PP1/RN2KB1R b KQkq -,MODEL_PREDICTION_NOT_EMPIRICAL
LON-06,B5,1700,maia3-5m,1,g7g6,g6,0.2920243442058563,0.98944057431072,0.8211180630356755,432,29,539,r1b1kb1r/pp2pppp/1qn5/2pp4/3P4/2P1PNP1/PPQ2PP1/RN2KB1R b KQkq -,MODEL_PREDICTION_NOT_EMPIRICAL
LON-06,B5,1700,maia3-5m,2,c5d4,cxd4,0.18976344168186188,0.98944057431072,0.8211180630356755,386,28,586,r1b1kb1r/pp2pppp/1qn5/2pp4/3P4/2P1PNP1/PPQ2PP1/RN2KB1R b KQkq -,MODEL_PREDICTION_NOT_EMPIRICAL
LON-06,B5,1700,maia3-5m,3,h7h6,h6,0.13451291620731354,0.98944057431072,0.8211180630356755,407,30,563,r1b1kb1r/pp2pppp/1qn5/2pp4/3P4/2P1PNP1/PPQ2PP1/RN2KB1R b KQkq -,MODEL_PREDICTION_NOT_EMPIRICAL
LON-06,B5,1700,maia3-5m,4,c8g4,Bg4,0.1318812519311905,0.98944057431072,0.8211180630356755,388,28,584,r1b1kb1r/pp2pppp/1qn5/2pp4/3P4/2P1PNP1/PPQ2PP1/RN2KB1R b KQkq -,MODEL_PREDICTION_NOT_EMPIRICAL
LON-06,B5,1700,maia3-5m,5,e7e6,e6,0.09317348152399063,0.98944057431072,0.8211180630356755,393,30,577,r1b1kb1r/pp2pppp/1qn5/2pp4/3P4/2P1PNP1/PPQ2PP1/RN2KB1R b KQkq -,MODEL_PREDICTION_NOT_EMPIRICAL
LON-06,B5,1700,maia3-5m,6,c8f5,Bf5,0.08996385335922241,0.98944057431072,0.8211180630356755,377,27,596,r1b1kb1r/pp2pppp/1qn5/2pp4/3P4/2P1PNP1/PPQ2PP1/RN2KB1R b KQkq -,MODEL_PREDICTION_NOT_EMPIRICAL
LON-06,B5,1700,maia3-5m,7,c5c4,c4,0.024815179407596588,0.98944057431072,0.8211180630356755,387,30,583,r1b1kb1r/pp2pppp/1qn5/2pp4/3P4/2P1PNP1/PPQ2PP1/RN2KB1R b KQkq -,MODEL_PREDICTION_NOT_EMPIRICAL
LON-06,B5,1700,maia3-5m,8,c8d7,Bd7,0.014079171232879162,0.98944057431072,0.8211180630356755,375,28,597,r1b1kb1r/pp2pppp/1qn5/2pp4/3P4/2P1PNP1/PPQ2PP1/RN2KB1R b KQkq -,MODEL_PREDICTION_NOT_EMPIRICAL
LON-06,B5,1700,maia3-5m,9,f7f6,f6,0.00975565891712904,0.98944057431072,0.8211180630356755,386,27,587,r1b1kb1r/pp2pppp/1qn5/2pp4/3P4/2P1PNP1/PPQ2PP1/RN2KB1R b KQkq -,MODEL_PREDICTION_NOT_EMPIRICAL
LON-06,B5,1700,maia3-5m,10,e7e5,e5,0.009471275843679905,0.98944057431072,0.8211180630356755,393,26,581,r1b1kb1r/pp2pppp/1qn5/2pp4/3P4/2P1PNP1/PPQ2PP1/RN2KB1R b KQkq -,MODEL_PREDICTION_NOT_EMPIRICAL
LON-06,B5,1900,maia3-5m,1,g7g6,g6,0.3166981637477875,0.9936459357850254,0.7941098013161217,458,34,508,r1b1kb1r/pp2pppp/1qn5/2pp4/3P4/2P1PNP1/PPQ2PP1/RN2KB1R b KQkq -,MODEL_PREDICTION_NOT_EMPIRICAL
LON-06,B5,1900,maia3-5m,2,h7h6,h6,0.19930177927017212,0.9936459357850254,0.7941098013161217,419,36,545,r1b1kb1r/pp2pppp/1qn5/2pp4/3P4/2P1PNP1/PPQ2PP1/RN2KB1R b KQkq -,MODEL_PREDICTION_NOT_EMPIRICAL
LON-06,B5,1900,maia3-5m,3,c5d4,cxd4,0.1470840573310852,0.9936459357850254,0.7941098013161217,391,32,577,r1b1kb1r/pp2pppp/1qn5/2pp4/3P4/2P1PNP1/PPQ2PP1/RN2KB1R b KQkq -,MODEL_PREDICTION_NOT_EMPIRICAL
LON-06,B5,1900,maia3-5m,4,c8f5,Bf5,0.12012621760368347,0.9936459357850254,0.7941098013161217,414,32,554,r1b1kb1r/pp2pppp/1qn5/2pp4/3P4/2P1PNP1/PPQ2PP1/RN2KB1R b KQkq -,MODEL_PREDICTION_NOT_EMPIRICAL
LON-06,B5,1900,maia3-5m,5,c8g4,Bg4,0.09908263385295868,0.9936459357850254,0.7941098013161217,405,33,562,r1b1kb1r/pp2pppp/1qn5/2pp4/3P4/2P1PNP1/PPQ2PP1/RN2KB1R b KQkq -,MODEL_PREDICTION_NOT_EMPIRICAL
LON-06,B5,1900,maia3-5m,6,e7e6,e6,0.06757982820272446,0.9936459357850254,0.7941098013161217,409,37,554,r1b1kb1r/pp2pppp/1qn5/2pp4/3P4/2P1PNP1/PPQ2PP1/RN2KB1R b KQkq -,MODEL_PREDICTION_NOT_EMPIRICAL
LON-06,B5,1900,maia3-5m,7,c5c4,c4,0.016430232673883438,0.9936459357850254,0.7941098013161217,393,36,571,r1b1kb1r/pp2pppp/1qn5/2pp4/3P4/2P1PNP1/PPQ2PP1/RN2KB1R b KQkq -,MODEL_PREDICTION_NOT_EMPIRICAL
LON-06,B5,1900,maia3-5m,8,c8d7,Bd7,0.012073314748704433,0.9936459357850254,0.7941098013161217,393,35,572,r1b1kb1r/pp2pppp/1qn5/2pp4/3P4/2P1PNP1/PPQ2PP1/RN2KB1R b KQkq -,MODEL_PREDICTION_NOT_EMPIRICAL
LON-06,B5,1900,maia3-5m,9,f7f6,f6,0.007960917428135872,0.9936459357850254,0.7941098013161217,394,31,575,r1b1kb1r/pp2pppp/1qn5/2pp4/3P4/2P1PNP1/PPQ2PP1/RN2KB1R b KQkq -,MODEL_PREDICTION_NOT_EMPIRICAL
LON-06,B5,1900,maia3-5m,10,e7e5,e5,0.007308790925890207,0.9936459357850254,0.7941098013161217,401,32,567,r1b1kb1r/pp2pppp/1qn5/2pp4/3P4/2P1PNP1/PPQ2PP1/RN2KB1R b KQkq -,MODEL_PREDICTION_NOT_EMPIRICAL
LON-06,B5,2100,maia3-5m,1,g7g6,g6,0.37758034467697144,0.9964929176494479,0.7273763005501385,479,44,477,r1b1kb1r/pp2pppp/1qn5/2pp4/3P4/2P1PNP1/PPQ2PP1/RN2KB1R b KQkq -,MODEL_PREDICTION_NOT_EMPIRICAL
LON-06,B5,2100,maia3-5m,2,h7h6,h6,0.23705339431762695,0.9964929176494479,0.7273763005501385,427,46,527,r1b1kb1r/pp2pppp/1qn5/2pp4/3P4/2P1PNP1/PPQ2PP1/RN2KB1R b KQkq -,MODEL_PREDICTION_NOT_EMPIRICAL
LON-06,B5,2100,maia3-5m,3,c8f5,Bf5,0.14320622384548187,0.9964929176494479,0.7273763005501385,451,41,508,r1b1kb1r/pp2pppp/1qn5/2pp4/3P4/2P1PNP1/PPQ2PP1/RN2KB1R b KQkq -,MODEL_PREDICTION_NOT_EMPIRICAL
LON-06,B5,2100,maia3-5m,4,c5d4,cxd4,0.10092107206583023,0.9964929176494479,0.7273763005501385,405,42,553,r1b1kb1r/pp2pppp/1qn5/2pp4/3P4/2P1PNP1/PPQ2PP1/RN2KB1R b KQkq -,MODEL_PREDICTION_NOT_EMPIRICAL
LON-06,B5,2100,maia3-5m,5,c8g4,Bg4,0.06373029202222824,0.9964929176494479,0.7273763005501385,419,44,537,r1b1kb1r/pp2pppp/1qn5/2pp4/3P4/2P1PNP1/PPQ2PP1/RN2KB1R b KQkq -,MODEL_PREDICTION_NOT_EMPIRICAL
LON-06,B5,2100,maia3-5m,6,e7e6,e6,0.04554451256990433,0.9964929176494479,0.7273763005501385,426,50,524,r1b1kb1r/pp2pppp/1qn5/2pp4/3P4/2P1PNP1/PPQ2PP1/RN2KB1R b KQkq -,MODEL_PREDICTION_NOT_EMPIRICAL
LON-06,B5,2100,maia3-5m,7,c5c4,c4,0.009235437959432602,0.9964929176494479,0.7273763005501385,405,45,550,r1b1kb1r/pp2pppp/1qn5/2pp4/3P4/2P1PNP1/PPQ2PP1/RN2KB1R b KQkq -,MODEL_PREDICTION_NOT_EMPIRICAL
LON-06,B5,2100,maia3-5m,8,c8d7,Bd7,0.008279351517558098,0.9964929176494479,0.7273763005501385,407,47,546,r1b1kb1r/pp2pppp/1qn5/2pp4/3P4/2P1PNP1/PPQ2PP1/RN2KB1R b KQkq -,MODEL_PREDICTION_NOT_EMPIRICAL
LON-06,B5,2100,maia3-5m,9,e7e5,e5,0.005558207165449858,0.9964929176494479,0.7273763005501385,409,40,551,r1b1kb1r/pp2pppp/1qn5/2pp4/3P4/2P1PNP1/PPQ2PP1/RN2KB1R b KQkq -,MODEL_PREDICTION_NOT_EMPIRICAL
LON-06,B5,2100,maia3-5m,10,f7f6,f6,0.0053840815089643,0.9964929176494479,0.7273763005501385,409,41,550,r1b1kb1r/pp2pppp/1qn5/2pp4/3P4/2P1PNP1/PPQ2PP1/RN2KB1R b KQkq -,MODEL_PREDICTION_NOT_EMPIRICAL
LON-07,B5,1100,maia3-5m,1,h4g3,Bg3,0.9193061590194702,0.9978076725965366,0.17941254241050877,530,21,449,r1b1kb1r/pp2pp2/1qn4p/2pp2pn/3P3B/2P1PN2/PPQ2PPP/RN2KB1R w KQkq -,MODEL_PREDICTION_NOT_EMPIRICAL
LON-07,B5,1100,maia3-5m,2,f3g5,Nxg5,0.028819572180509567,0.9978076725965366,0.17941254241050877,432,19,549,r1b1kb1r/pp2pp2/1qn4p/2pp2pn/3P3B/2P1PN2/PPQ2PPP/RN2KB1R w KQkq -,MODEL_PREDICTION_NOT_EMPIRICAL
LON-07,B5,1100,maia3-5m,3,h4g5,Bxg5,0.01646970398724079,0.9978076725965366,0.17941254241050877,389,21,590,r1b1kb1r/pp2pp2/1qn4p/2pp2pn/3P3B/2P1PN2/PPQ2PPP/RN2KB1R w KQkq -,MODEL_PREDICTION_NOT_EMPIRICAL
LON-07,B5,1100,maia3-5m,4,g2g4,g4,0.010552418418228626,0.9978076725965366,0.17941254241050877,349,18,633,r1b1kb1r/pp2pp2/1qn4p/2pp2pn/3P3B/2P1PN2/PPQ2PPP/RN2KB1R w KQkq -,MODEL_PREDICTION_NOT_EMPIRICAL
LON-07,B5,1100,maia3-5m,5,d4c5,dxc5,0.010300463996827602,0.9978076725965366,0.17941254241050877,450,22,528,r1b1kb1r/pp2pp2/1qn4p/2pp2pn/3P3B/2P1PN2/PPQ2PPP/RN2KB1R w KQkq -,MODEL_PREDICTION_NOT_EMPIRICAL
LON-07,B5,1100,maia3-5m,6,f1e2,Be2,0.006490166764706373,0.9978076725965366,0.17941254241050877,358,20,622,r1b1kb1r/pp2pp2/1qn4p/2pp2pn/3P3B/2P1PN2/PPQ2PPP/RN2KB1R w KQkq -,MODEL_PREDICTION_NOT_EMPIRICAL
LON-07,B5,1100,maia3-5m,7,f3e5,Ne5,0.0019051580457016826,0.9978076725965366,0.17941254241050877,374,18,608,r1b1kb1r/pp2pp2/1qn4p/2pp2pn/3P3B/2P1PN2/PPQ2PPP/RN2KB1R w KQkq -,MODEL_PREDICTION_NOT_EMPIRICAL
LON-07,B5,1100,maia3-5m,8,c2f5,Qf5,0.0017830843571573496,0.9978076725965366,0.17941254241050877,118,15,867,r1b1kb1r/pp2pp2/1qn4p/2pp2pn/3P3B/2P1PN2/PPQ2PPP/RN2KB1R w KQkq -,MODEL_PREDICTION_NOT_EMPIRICAL
LON-07,B5,1100,maia3-5m,9,f1d3,Bd3,0.0012536583235487342,0.9978076725965366,0.17941254241050877,363,19,618,r1b1kb1r/pp2pp2/1qn4p/2pp2pn/3P3B/2P1PN2/PPQ2PPP/RN2KB1R w KQkq -,MODEL_PREDICTION_NOT_EMPIRICAL
LON-07,B5,1100,maia3-5m,10,g2g3,g3,0.0009272875031456351,0.9978076725965366,0.17941254241050877,337,20,643,r1b1kb1r/pp2pp2/1qn4p/2pp2pn/3P3B/2P1PN2/PPQ2PPP/RN2KB1R w KQkq -,MODEL_PREDICTION_NOT_EMPIRICAL
LON-07,B5,1300,maia3-5m,1,h4g3,Bg3,0.9367946982383728,0.9986762015614659,0.14705473067736796,525,20,455,r1b1kb1r/pp2pp2/1qn4p/2pp2pn/3P3B/2P1PN2/PPQ2PPP/RN2KB1R w KQkq -,MODEL_PREDICTION_NOT_EMPIRICAL
LON-07,B5,1300,maia3-5m,2,f3g5,Nxg5,0.022841691970825195,0.9986762015614659,0.14705473067736796,422,18,560,r1b1kb1r/pp2pp2/1qn4p/2pp2pn/3P3B/2P1PN2/PPQ2PPP/RN2KB1R w KQkq -,MODEL_PREDICTION_NOT_EMPIRICAL
LON-07,B5,1300,maia3-5m,3,h4g5,Bxg5,0.01244064699858427,0.9986762015614659,0.14705473067736796,382,19,599,r1b1kb1r/pp2pp2/1qn4p/2pp2pn/3P3B/2P1PN2/PPQ2PPP/RN2KB1R w KQkq -,MODEL_PREDICTION_NOT_EMPIRICAL
LON-07,B5,1300,maia3-5m,4,g2g4,g4,0.007984217256307602,0.9986762015614659,0.14705473067736796,345,17,638,r1b1kb1r/pp2pp2/1qn4p/2pp2pn/3P3B/2P1PN2/PPQ2PPP/RN2KB1R w KQkq -,MODEL_PREDICTION_NOT_EMPIRICAL
LON-07,B5,1300,maia3-5m,5,d4c5,dxc5,0.007946386933326721,0.9986762015614659,0.14705473067736796,444,21,535,r1b1kb1r/pp2pp2/1qn4p/2pp2pn/3P3B/2P1PN2/PPQ2PPP/RN2KB1R w KQkq -,MODEL_PREDICTION_NOT_EMPIRICAL
LON-07,B5,1300,maia3-5m,6,f1e2,Be2,0.007344260346144438,0.9986762015614659,0.14705473067736796,350,18,632,r1b1kb1r/pp2pp2/1qn4p/2pp2pn/3P3B/2P1PN2/PPQ2PPP/RN2KB1R w KQkq -,MODEL_PREDICTION_NOT_EMPIRICAL
LON-07,B5,1300,maia3-5m,7,f3e5,Ne5,0.0010309109929949045,0.9986762015614659,0.14705473067736796,365,17,618,r1b1kb1r/pp2pp2/1qn4p/2pp2pn/3P3B/2P1PN2/PPQ2PPP/RN2KB1R w KQkq -,MODEL_PREDICTION_NOT_EMPIRICAL
LON-07,B5,1300,maia3-5m,8,c2f5,Qf5,0.0009800137486308813,0.9986762015614659,0.14705473067736796,92,12,896,r1b1kb1r/pp2pp2/1qn4p/2pp2pn/3P3B/2P1PN2/PPQ2PPP/RN2KB1R w KQkq -,MODEL_PREDICTION_NOT_EMPIRICAL
LON-07,B5,1300,maia3-5m,9,f1d3,Bd3,0.0008081055711954832,0.9986762015614659,0.14705473067736796,357,17,626,r1b1kb1r/pp2pp2/1qn4p/2pp2pn/3P3B/2P1PN2/PPQ2PPP/RN2KB1R w KQkq -,MODEL_PREDICTION_NOT_EMPIRICAL
LON-07,B5,1300,maia3-5m,10,g2g3,g3,0.0005052695050835609,0.9986762015614659,0.14705473067736796,320,18,662,r1b1kb1r/pp2pp2/1qn4p/2pp2pn/3P3B/2P1PN2/PPQ2PPP/RN2KB1R w KQkq -,MODEL_PREDICTION_NOT_EMPIRICAL
LON-07,B5,1500,maia3-5m,1,h4g3,Bg3,0.945899248123169,0.9989981278777122,0.12964226429250025,523,21,456,r1b1kb1r/pp2pp2/1qn4p/2pp2pn/3P3B/2P1PN2/PPQ2PPP/RN2KB1R w KQkq -,MODEL_PREDICTION_NOT_EMPIRICAL
LON-07,B5,1500,maia3-5m,2,f3g5,Nxg5,0.018707670271396637,0.9989981278777122,0.12964226429250025,409,19,572,r1b1kb1r/pp2pp2/1qn4p/2pp2pn/3P3B/2P1PN2/PPQ2PPP/RN2KB1R w KQkq -,MODEL_PREDICTION_NOT_EMPIRICAL
LON-07,B5,1500,maia3-5m,3,h4g5,Bxg5,0.00974629633128643,0.9989981278777122,0.12964226429250025,369,19,612,r1b1kb1r/pp2pp2/1qn4p/2pp2pn/3P3B/2P1PN2/PPQ2PPP/RN2KB1R w KQkq -,MODEL_PREDICTION_NOT_EMPIRICAL
LON-07,B5,1500,maia3-5m,4,f1e2,Be2,0.008129693567752838,0.9989981278777122,0.12964226429250025,331,17,652,r1b1kb1r/pp2pp2/1qn4p/2pp2pn/3P3B/2P1PN2/PPQ2PPP/RN2KB1R w KQkq -,MODEL_PREDICTION_NOT_EMPIRICAL
LON-07,B5,1500,maia3-5m,5,d4c5,dxc5,0.007703164592385292,0.9989981278777122,0.12964226429250025,442,20,538,r1b1kb1r/pp2pp2/1qn4p/2pp2pn/3P3B/2P1PN2/PPQ2PPP/RN2KB1R w KQkq -,MODEL_PREDICTION_NOT_EMPIRICAL
LON-07,B5,1500,maia3-5m,6,g2g4,g4,0.006579383742064238,0.9989981278777122,0.12964226429250025,336,17,647,r1b1kb1r/pp2pp2/1qn4p/2pp2pn/3P3B/2P1PN2/PPQ2PPP/RN2KB1R w KQkq -,MODEL_PREDICTION_NOT_EMPIRICAL
LON-07,B5,1500,maia3-5m,7,f3e5,Ne5,0.0006924151675775647,0.9989981278777122,0.12964226429250025,341,17,642,r1b1kb1r/pp2pp2/1qn4p/2pp2pn/3P3B/2P1PN2/PPQ2PPP/RN2KB1R w KQkq -,MODEL_PREDICTION_NOT_EMPIRICAL
LON-07,B5,1500,maia3-5m,8,f1d3,Bd3,0.0006166848470456898,0.9989981278777122,0.12964226429250025,339,17,644,r1b1kb1r/pp2pp2/1qn4p/2pp2pn/3P3B/2P1PN2/PPQ2PPP/RN2KB1R w KQkq -,MODEL_PREDICTION_NOT_EMPIRICAL
LON-07,B5,1500,maia3-5m,9,c2f5,Qf5,0.0005453822086565197,0.9989981278777122,0.12964226429250025,71,10,919,r1b1kb1r/pp2pp2/1qn4p/2pp2pn/3P3B/2P1PN2/PPQ2PPP/RN2KB1R w KQkq -,MODEL_PREDICTION_NOT_EMPIRICAL
LON-07,B5,1500,maia3-5m,10,b1d2,Nbd2,0.00037818902637809515,0.9989981278777122,0.12964226429250025,337,18,645,r1b1kb1r/pp2pp2/1qn4p/2pp2pn/3P3B/2P1PN2/PPQ2PPP/RN2KB1R w KQkq -,MODEL_PREDICTION_NOT_EMPIRICAL
LON-07,B5,1700,maia3-5m,1,h4g3,Bg3,0.9539040327072144,0.9992091390013229,0.1143424710322835,526,23,451,r1b1kb1r/pp2pp2/1qn4p/2pp2pn/3P3B/2P1PN2/PPQ2PPP/RN2KB1R w KQkq -,MODEL_PREDICTION_NOT_EMPIRICAL
LON-07,B5,1700,maia3-5m,2,f3g5,Nxg5,0.013049952685832977,0.9992091390013229,0.1143424710322835,387,19,594,r1b1kb1r/pp2pp2/1qn4p/2pp2pn/3P3B/2P1PN2/PPQ2PPP/RN2KB1R w KQkq -,MODEL_PREDICTION_NOT_EMPIRICAL
LON-07,B5,1700,maia3-5m,3,d4c5,dxc5,0.00893618818372488,0.9992091390013229,0.1143424710322835,441,21,538,r1b1kb1r/pp2pp2/1qn4p/2pp2pn/3P3B/2P1PN2/PPQ2PPP/RN2KB1R w KQkq -,MODEL_PREDICTION_NOT_EMPIRICAL
LON-07,B5,1700,maia3-5m,4,f1e2,Be2,0.008923235349357128,0.9992091390013229,0.1143424710322835,313,18,669,r1b1kb1r/pp2pp2/1qn4p/2pp2pn/3P3B/2P1PN2/PPQ2PPP/RN2KB1R w KQkq -,MODEL_PREDICTION_NOT_EMPIRICAL
LON-07,B5,1700,maia3-5m,5,h4g5,Bxg5,0.006914510391652584,0.9992091390013229,0.1143424710322835,365,20,615,r1b1kb1r/pp2pp2/1qn4p/2pp2pn/3P3B/2P1PN2/PPQ2PPP/RN2KB1R w KQkq -,MODEL_PREDICTION_NOT_EMPIRICAL
LON-07,B5,1700,maia3-5m,6,g2g4,g4,0.005760158412158489,0.9992091390013229,0.1143424710322835,324,18,658,r1b1kb1r/pp2pp2/1qn4p/2pp2pn/3P3B/2P1PN2/PPQ2PPP/RN2KB1R w KQkq -,MODEL_PREDICTION_NOT_EMPIRICAL
LON-07,B5,1700,maia3-5m,7,f3e5,Ne5,0.0005389117868617177,0.9992091390013229,0.1143424710322835,320,17,663,r1b1kb1r/pp2pp2/1qn4p/2pp2pn/3P3B/2P1PN2/PPQ2PPP/RN2KB1R w KQkq -,MODEL_PREDICTION_NOT_EMPIRICAL
LON-07,B5,1700,maia3-5m,8,f1d3,Bd3,0.0004966236301697791,0.9992091390013229,0.1143424710322835,323,17,660,r1b1kb1r/pp2pp2/1qn4p/2pp2pn/3P3B/2P1PN2/PPQ2PPP/RN2KB1R w KQkq -,MODEL_PREDICTION_NOT_EMPIRICAL
LON-07,B5,1700,maia3-5m,9,b1d2,Nbd2,0.0004354317206889391,0.9992091390013229,0.1143424710322835,324,18,658,r1b1kb1r/pp2pp2/1qn4p/2pp2pn/3P3B/2P1PN2/PPQ2PPP/RN2KB1R w KQkq -,MODEL_PREDICTION_NOT_EMPIRICAL
LON-07,B5,1700,maia3-5m,10,g2g3,g3,0.0002500941336620599,0.9992091390013229,0.1143424710322835,286,18,696,r1b1kb1r/pp2pp2/1qn4p/2pp2pn/3P3B/2P1PN2/PPQ2PPP/RN2KB1R w KQkq -,MODEL_PREDICTION_NOT_EMPIRICAL
LON-07,B5,1900,maia3-5m,1,h4g3,Bg3,0.96205735206604,0.9994588320987532,0.09704296120610074,531,27,442,r1b1kb1r/pp2pp2/1qn4p/2pp2pn/3P3B/2P1PN2/PPQ2PPP/RN2KB1R w KQkq -,MODEL_PREDICTION_NOT_EMPIRICAL
LON-07,B5,1900,maia3-5m,2,d4c5,dxc5,0.011579453945159912,0.9994588320987532,0.09704296120610074,443,23,534,r1b1kb1r/pp2pp2/1qn4p/2pp2pn/3P3B/2P1PN2/PPQ2PPP/RN2KB1R w KQkq -,MODEL_PREDICTION_NOT_EMPIRICAL
LON-07,B5,1900,maia3-5m,3,f1e2,Be2,0.009478784166276455,0.9994588320987532,0.09704296120610074,299,20,681,r1b1kb1r/pp2pp2/1qn4p/2pp2pn/3P3B/2P1PN2/PPQ2PPP/RN2KB1R w KQkq -,MODEL_PREDICTION_NOT_EMPIRICAL
LON-07,B5,1900,maia3-5m,4,f3g5,Nxg5,0.006335022393614054,0.9994588320987532,0.09704296120610074,351,21,628,r1b1kb1r/pp2pp2/1qn4p/2pp2pn/3P3B/2P1PN2/PPQ2PPP/RN2KB1R w KQkq -,MODEL_PREDICTION_NOT_EMPIRICAL
LON-07,B5,1900,maia3-5m,5,g2g4,g4,0.004711786285042763,0.9994588320987532,0.09704296120610074,317,19,664,r1b1kb1r/pp2pp2/1qn4p/2pp2pn/3P3B/2P1PN2/PPQ2PPP/RN2KB1R w KQkq -,MODEL_PREDICTION_NOT_EMPIRICAL
LON-07,B5,1900,maia3-5m,6,h4g5,Bxg5,0.0036923326551914215,0.9994588320987532,0.09704296120610074,348,22,630,r1b1kb1r/pp2pp2/1qn4p/2pp2pn/3P3B/2P1PN2/PPQ2PPP/RN2KB1R w KQkq -,MODEL_PREDICTION_NOT_EMPIRICAL
LON-07,B5,1900,maia3-5m,7,b1d2,Nbd2,0.0005443008267320693,0.9994588320987532,0.09704296120610074,315,20,665,r1b1kb1r/pp2pp2/1qn4p/2pp2pn/3P3B/2P1PN2/PPQ2PPP/RN2KB1R w KQkq -,MODEL_PREDICTION_NOT_EMPIRICAL
LON-07,B5,1900,maia3-5m,8,f3e5,Ne5,0.00046743275015614927,0.9994588320987532,0.09704296120610074,295,18,687,r1b1kb1r/pp2pp2/1qn4p/2pp2pn/3P3B/2P1PN2/PPQ2PPP/RN2KB1R w KQkq -,MODEL_PREDICTION_NOT_EMPIRICAL
LON-07,B5,1900,maia3-5m,9,f1d3,Bd3,0.0003905789053533226,0.9994588320987532,0.09704296120610074,305,19,676,r1b1kb1r/pp2pp2/1qn4p/2pp2pn/3P3B/2P1PN2/PPQ2PPP/RN2KB1R w KQkq -,MODEL_PREDICTION_NOT_EMPIRICAL
LON-07,B5,1900,maia3-5m,10,g2g3,g3,0.0002017881051870063,0.9994588320987532,0.09704296120610074,281,19,700,r1b1kb1r/pp2pp2/1qn4p/2pp2pn/3P3B/2P1PN2/PPQ2PPP/RN2KB1R w KQkq -,MODEL_PREDICTION_NOT_EMPIRICAL
LON-07,B5,2100,maia3-5m,1,h4g3,Bg3,0.9662712812423706,0.999556657159701,0.08368226920639871,525,35,440,r1b1kb1r/pp2pp2/1qn4p/2pp2pn/3P3B/2P1PN2/PPQ2PPP/RN2KB1R w KQkq -,MODEL_PREDICTION_NOT_EMPIRICAL
LON-07,B5,2100,maia3-5m,2,d4c5,dxc5,0.016954464837908745,0.999556657159701,0.08368226920639871,440,28,532,r1b1kb1r/pp2pp2/1qn4p/2pp2pn/3P3B/2P1PN2/PPQ2PPP/RN2KB1R w KQkq -,MODEL_PREDICTION_NOT_EMPIRICAL
LON-07,B5,2100,maia3-5m,3,f1e2,Be2,0.008930712006986141,0.999556657159701,0.08368226920639871,306,25,669,r1b1kb1r/pp2pp2/1qn4p/2pp2pn/3P3B/2P1PN2/PPQ2PPP/RN2KB1R w KQkq -,MODEL_PREDICTION_NOT_EMPIRICAL
LON-07,B5,2100,maia3-5m,4,g2g4,g4,0.0025918593164533377,0.999556657159701,0.08368226920639871,314,24,662,r1b1kb1r/pp2pp2/1qn4p/2pp2pn/3P3B/2P1PN2/PPQ2PPP/RN2KB1R w KQkq -,MODEL_PREDICTION_NOT_EMPIRICAL
LON-07,B5,2100,maia3-5m,5,f3g5,Nxg5,0.001972412457689643,0.999556657159701,0.08368226920639871,316,25,659,r1b1kb1r/pp2pp2/1qn4p/2pp2pn/3P3B/2P1PN2/PPQ2PPP/RN2KB1R w KQkq -,MODEL_PREDICTION_NOT_EMPIRICAL
LON-07,B5,2100,maia3-5m,6,h4g5,Bxg5,0.0012924694456160069,0.999556657159701,0.08368226920639871,319,27,654,r1b1kb1r/pp2pp2/1qn4p/2pp2pn/3P3B/2P1PN2/PPQ2PPP/RN2KB1R w KQkq -,MODEL_PREDICTION_NOT_EMPIRICAL
LON-07,B5,2100,maia3-5m,7,b1d2,Nbd2,0.0006242378731258214,0.999556657159701,0.08368226920639871,323,26,651,r1b1kb1r/pp2pp2/1qn4p/2pp2pn/3P3B/2P1PN2/PPQ2PPP/RN2KB1R w KQkq -,MODEL_PREDICTION_NOT_EMPIRICAL
LON-07,B5,2100,maia3-5m,8,f3e5,Ne5,0.0004881197528447956,0.999556657159701,0.08368226920639871,279,21,700,r1b1kb1r/pp2pp2/1qn4p/2pp2pn/3P3B/2P1PN2/PPQ2PPP/RN2KB1R w KQkq -,MODEL_PREDICTION_NOT_EMPIRICAL
LON-07,B5,2100,maia3-5m,9,f1d3,Bd3,0.00027599421446211636,0.999556657159701,0.08368226920639871,301,23,676,r1b1kb1r/pp2pp2/1qn4p/2pp2pn/3P3B/2P1PN2/PPQ2PPP/RN2KB1R w KQkq -,MODEL_PREDICTION_NOT_EMPIRICAL
LON-07,B5,2100,maia3-5m,10,g2g3,g3,0.0001551060122437775,0.999556657159701,0.08368226920639871,270,23,707,r1b1kb1r/pp2pp2/1qn4p/2pp2pn/3P3B/2P1PN2/PPQ2PPP/RN2KB1R w KQkq -,MODEL_PREDICTION_NOT_EMPIRICAL
TOR-02,B5,1100,maia3-5m,1,e2e3,e3,0.447079598903656,0.967795473523438,0.7428788449115445,481,22,497,rnbqkb1r/ppp1ppp1/8/3p3p/3Pn2B/5N2/PPP1PPPP/RN1QKB1R w KQkq -,MODEL_PREDICTION_NOT_EMPIRICAL
TOR-02,B5,1100,maia3-5m,2,b1d2,Nbd2,0.12878373265266418,0.967795473523438,0.7428788449115445,519,24,457,rnbqkb1r/ppp1ppp1/8/3p3p/3Pn2B/5N2/PPP1PPPP/RN1QKB1R w KQkq -,MODEL_PREDICTION_NOT_EMPIRICAL
TOR-02,B5,1100,maia3-5m,3,b1c3,Nc3,0.12036702781915665,0.967795473523438,0.7428788449115445,531,23,446,rnbqkb1r/ppp1ppp1/8/3p3p/3Pn2B/5N2/PPP1PPPP/RN1QKB1R w KQkq -,MODEL_PREDICTION_NOT_EMPIRICAL
TOR-02,B5,1100,maia3-5m,4,h2h3,h3,0.09676025062799454,0.967795473523438,0.7428788449115445,502,24,474,rnbqkb1r/ppp1ppp1/8/3p3p/3Pn2B/5N2/PPP1PPPP/RN1QKB1R w KQkq -,MODEL_PREDICTION_NOT_EMPIRICAL
TOR-02,B5,1100,maia3-5m,5,f3e5,Ne5,0.04542108252644539,0.967795473523438,0.7428788449115445,484,22,494,rnbqkb1r/ppp1ppp1/8/3p3p/3Pn2B/5N2/PPP1PPPP/RN1QKB1R w KQkq -,MODEL_PREDICTION_NOT_EMPIRICAL
TOR-02,B5,1100,maia3-5m,6,d1d3,Qd3,0.04230981692671776,0.967795473523438,0.7428788449115445,484,25,491,rnbqkb1r/ppp1ppp1/8/3p3p/3Pn2B/5N2/PPP1PPPP/RN1QKB1R w KQkq -,MODEL_PREDICTION_NOT_EMPIRICAL
TOR-02,B5,1100,maia3-5m,7,f3g5,Ng5,0.025563616305589676,0.967795473523438,0.7428788449115445,497,23,480,rnbqkb1r/ppp1ppp1/8/3p3p/3Pn2B/5N2/PPP1PPPP/RN1QKB1R w KQkq -,MODEL_PREDICTION_NOT_EMPIRICAL
TOR-02,B5,1100,maia3-5m,8,h4g3,Bg3,0.024031657725572586,0.967795473523438,0.7428788449115445,457,23,520,rnbqkb1r/ppp1ppp1/8/3p3p/3Pn2B/5N2/PPP1PPPP/RN1QKB1R w KQkq -,MODEL_PREDICTION_NOT_EMPIRICAL
TOR-02,B5,1100,maia3-5m,9,c2c3,c3,0.022563382983207703,0.967795473523438,0.7428788449115445,491,22,487,rnbqkb1r/ppp1ppp1/8/3p3p/3Pn2B/5N2/PPP1PPPP/RN1QKB1R w KQkq -,MODEL_PREDICTION_NOT_EMPIRICAL
TOR-02,B5,1100,maia3-5m,10,c2c4,c4,0.01491530705243349,0.967795473523438,0.7428788449115445,498,22,480,rnbqkb1r/ppp1ppp1/8/3p3p/3Pn2B/5N2/PPP1PPPP/RN1QKB1R w KQkq -,MODEL_PREDICTION_NOT_EMPIRICAL
TOR-02,B5,1300,maia3-5m,1,e2e3,e3,0.4273131191730499,0.9760962594300508,0.7153102487988814,485,20,495,rnbqkb1r/ppp1ppp1/8/3p3p/3Pn2B/5N2/PPP1PPPP/RN1QKB1R w KQkq -,MODEL_PREDICTION_NOT_EMPIRICAL
TOR-02,B5,1300,maia3-5m,2,h2h3,h3,0.17714770138263702,0.9760962594300508,0.7153102487988814,495,22,483,rnbqkb1r/ppp1ppp1/8/3p3p/3Pn2B/5N2/PPP1PPPP/RN1QKB1R w KQkq -,MODEL_PREDICTION_NOT_EMPIRICAL
TOR-02,B5,1300,maia3-5m,3,b1d2,Nbd2,0.1742529720067978,0.9760962594300508,0.7153102487988814,520,22,458,rnbqkb1r/ppp1ppp1/8/3p3p/3Pn2B/5N2/PPP1PPPP/RN1QKB1R w KQkq -,MODEL_PREDICTION_NOT_EMPIRICAL
TOR-02,B5,1300,maia3-5m,4,b1c3,Nc3,0.0713040679693222,0.9760962594300508,0.7153102487988814,529,21,450,rnbqkb1r/ppp1ppp1/8/3p3p/3Pn2B/5N2/PPP1PPPP/RN1QKB1R w KQkq -,MODEL_PREDICTION_NOT_EMPIRICAL
TOR-02,B5,1300,maia3-5m,5,h4g3,Bg3,0.028190752491354942,0.9760962594300508,0.7153102487988814,456,22,522,rnbqkb1r/ppp1ppp1/8/3p3p/3Pn2B/5N2/PPP1PPPP/RN1QKB1R w KQkq -,MODEL_PREDICTION_NOT_EMPIRICAL
TOR-02,B5,1300,maia3-5m,6,d1d3,Qd3,0.023904016241431236,0.9760962594300508,0.7153102487988814,483,21,496,rnbqkb1r/ppp1ppp1/8/3p3p/3Pn2B/5N2/PPP1PPPP/RN1QKB1R w KQkq -,MODEL_PREDICTION_NOT_EMPIRICAL
TOR-02,B5,1300,maia3-5m,7,f3e5,Ne5,0.02139458805322647,0.9760962594300508,0.7153102487988814,476,20,504,rnbqkb1r/ppp1ppp1/8/3p3p/3Pn2B/5N2/PPP1PPPP/RN1QKB1R w KQkq -,MODEL_PREDICTION_NOT_EMPIRICAL
TOR-02,B5,1300,maia3-5m,8,c2c3,c3,0.020471826195716858,0.9760962594300508,0.7153102487988814,495,20,485,rnbqkb1r/ppp1ppp1/8/3p3p/3Pn2B/5N2/PPP1PPPP/RN1QKB1R w KQkq -,MODEL_PREDICTION_NOT_EMPIRICAL
TOR-02,B5,1300,maia3-5m,9,f3g5,Ng5,0.016781629994511604,0.9760962594300508,0.7153102487988814,495,21,484,rnbqkb1r/ppp1ppp1/8/3p3p/3Pn2B/5N2/PPP1PPPP/RN1QKB1R w KQkq -,MODEL_PREDICTION_NOT_EMPIRICAL
TOR-02,B5,1300,maia3-5m,10,c2c4,c4,0.015335585922002792,0.9760962594300508,0.7153102487988814,508,19,473,rnbqkb1r/ppp1ppp1/8/3p3p/3Pn2B/5N2/PPP1PPPP/RN1QKB1R w KQkq -,MODEL_PREDICTION_NOT_EMPIRICAL
TOR-02,B5,1500,maia3-5m,1,e2e3,e3,0.3698784410953522,0.9804775668308139,0.6874385033911352,485,21,494,rnbqkb1r/ppp1ppp1/8/3p3p/3Pn2B/5N2/PPP1PPPP/RN1QKB1R w KQkq -,MODEL_PREDICTION_NOT_EMPIRICAL
TOR-02,B5,1500,maia3-5m,2,h2h3,h3,0.2711177468299866,0.9804775668308139,0.6874385033911352,489,22,489,rnbqkb1r/ppp1ppp1/8/3p3p/3Pn2B/5N2/PPP1PPPP/RN1QKB1R w KQkq -,MODEL_PREDICTION_NOT_EMPIRICAL
TOR-02,B5,1500,maia3-5m,3,b1d2,Nbd2,0.195832297205925,0.9804775668308139,0.6874385033911352,518,22,460,rnbqkb1r/ppp1ppp1/8/3p3p/3Pn2B/5N2/PPP1PPPP/RN1QKB1R w KQkq -,MODEL_PREDICTION_NOT_EMPIRICAL
TOR-02,B5,1500,maia3-5m,4,b1c3,Nc3,0.04132677614688873,0.9804775668308139,0.6874385033911352,522,22,456,rnbqkb1r/ppp1ppp1/8/3p3p/3Pn2B/5N2/PPP1PPPP/RN1QKB1R w KQkq -,MODEL_PREDICTION_NOT_EMPIRICAL
TOR-02,B5,1500,maia3-5m,5,h4g3,Bg3,0.030375316739082336,0.9804775668308139,0.6874385033911352,457,22,521,rnbqkb1r/ppp1ppp1/8/3p3p/3Pn2B/5N2/PPP1PPPP/RN1QKB1R w KQkq -,MODEL_PREDICTION_NOT_EMPIRICAL
TOR-02,B5,1500,maia3-5m,6,c2c3,c3,0.019243091344833374,0.9804775668308139,0.6874385033911352,495,21,484,rnbqkb1r/ppp1ppp1/8/3p3p/3Pn2B/5N2/PPP1PPPP/RN1QKB1R w KQkq -,MODEL_PREDICTION_NOT_EMPIRICAL
TOR-02,B5,1500,maia3-5m,7,c2c4,c4,0.014973849058151245,0.9804775668308139,0.6874385033911352,515,19,466,rnbqkb1r/ppp1ppp1/8/3p3p/3Pn2B/5N2/PPP1PPPP/RN1QKB1R w KQkq -,MODEL_PREDICTION_NOT_EMPIRICAL
TOR-02,B5,1500,maia3-5m,8,f3d2,Nfd2,0.012739544734358788,0.9804775668308139,0.6874385033911352,449,21,530,rnbqkb1r/ppp1ppp1/8/3p3p/3Pn2B/5N2/PPP1PPPP/RN1QKB1R w KQkq -,MODEL_PREDICTION_NOT_EMPIRICAL
TOR-02,B5,1500,maia3-5m,9,d1d3,Qd3,0.01270505040884018,0.9804775668308139,0.6874385033911352,479,21,500,rnbqkb1r/ppp1ppp1/8/3p3p/3Pn2B/5N2/PPP1PPPP/RN1QKB1R w KQkq -,MODEL_PREDICTION_NOT_EMPIRICAL
TOR-02,B5,1500,maia3-5m,10,f3g5,Ng5,0.012285453267395496,0.9804775668308139,0.6874385033911352,489,20,491,rnbqkb1r/ppp1ppp1/8/3p3p/3Pn2B/5N2/PPP1PPPP/RN1QKB1R w KQkq -,MODEL_PREDICTION_NOT_EMPIRICAL
TOR-02,B5,1700,maia3-5m,1,h2h3,h3,0.37637341022491455,0.9857332562096417,0.6555253570935452,482,23,495,rnbqkb1r/ppp1ppp1/8/3p3p/3Pn2B/5N2/PPP1PPPP/RN1QKB1R w KQkq -,MODEL_PREDICTION_NOT_EMPIRICAL
TOR-02,B5,1700,maia3-5m,2,e2e3,e3,0.30052581429481506,0.9857332562096417,0.6555253570935452,481,22,497,rnbqkb1r/ppp1ppp1/8/3p3p/3Pn2B/5N2/PPP1PPPP/RN1QKB1R w KQkq -,MODEL_PREDICTION_NOT_EMPIRICAL
TOR-02,B5,1700,maia3-5m,3,b1d2,Nbd2,0.19234569370746613,0.9857332562096417,0.6555253570935452,517,24,459,rnbqkb1r/ppp1ppp1/8/3p3p/3Pn2B/5N2/PPP1PPPP/RN1QKB1R w KQkq -,MODEL_PREDICTION_NOT_EMPIRICAL
TOR-02,B5,1700,maia3-5m,4,h4g3,Bg3,0.03262100741267204,0.9857332562096417,0.6555253570935452,455,24,521,rnbqkb1r/ppp1ppp1/8/3p3p/3Pn2B/5N2/PPP1PPPP/RN1QKB1R w KQkq -,MODEL_PREDICTION_NOT_EMPIRICAL
TOR-02,B5,1700,maia3-5m,5,b1c3,Nc3,0.024223754182457924,0.9857332562096417,0.6555253570935452,512,24,464,rnbqkb1r/ppp1ppp1/8/3p3p/3Pn2B/5N2/PPP1PPPP/RN1QKB1R w KQkq -,MODEL_PREDICTION_NOT_EMPIRICAL
TOR-02,B5,1700,maia3-5m,6,c2c3,c3,0.017220253124833107,0.9857332562096417,0.6555253570935452,495,22,483,rnbqkb1r/ppp1ppp1/8/3p3p/3Pn2B/5N2/PPP1PPPP/RN1QKB1R w KQkq -,MODEL_PREDICTION_NOT_EMPIRICAL
TOR-02,B5,1700,maia3-5m,7,c2c4,c4,0.0134420832619071,0.9857332562096417,0.6555253570935452,517,20,463,rnbqkb1r/ppp1ppp1/8/3p3p/3Pn2B/5N2/PPP1PPPP/RN1QKB1R w KQkq -,MODEL_PREDICTION_NOT_EMPIRICAL
TOR-02,B5,1700,maia3-5m,8,f3d2,Nfd2,0.012293857522308826,0.9857332562096417,0.6555253570935452,444,22,534,rnbqkb1r/ppp1ppp1/8/3p3p/3Pn2B/5N2/PPP1PPPP/RN1QKB1R w KQkq -,MODEL_PREDICTION_NOT_EMPIRICAL
TOR-02,B5,1700,maia3-5m,9,f3g5,Ng5,0.010037331841886044,0.9857332562096417,0.6555253570935452,481,21,498,rnbqkb1r/ppp1ppp1/8/3p3p/3Pn2B/5N2/PPP1PPPP/RN1QKB1R w KQkq -,MODEL_PREDICTION_NOT_EMPIRICAL
TOR-02,B5,1700,maia3-5m,10,f3e5,Ne5,0.006650050636380911,0.9857332562096417,0.6555253570935452,456,20,524,rnbqkb1r/ppp1ppp1/8/3p3p/3Pn2B/5N2/PPP1PPPP/RN1QKB1R w KQkq -,MODEL_PREDICTION_NOT_EMPIRICAL
TOR-02,B5,1900,maia3-5m,1,h2h3,h3,0.45713454484939575,0.9894420364871621,0.6272104701414991,480,26,494,rnbqkb1r/ppp1ppp1/8/3p3p/3Pn2B/5N2/PPP1PPPP/RN1QKB1R w KQkq -,MODEL_PREDICTION_NOT_EMPIRICAL
TOR-02,B5,1900,maia3-5m,2,e2e3,e3,0.23277093470096588,0.9894420364871621,0.6272104701414991,484,24,492,rnbqkb1r/ppp1ppp1/8/3p3p/3Pn2B/5N2/PPP1PPPP/RN1QKB1R w KQkq -,MODEL_PREDICTION_NOT_EMPIRICAL
TOR-02,B5,1900,maia3-5m,3,b1d2,Nbd2,0.1932169497013092,0.9894420364871621,0.6272104701414991,519,26,455,rnbqkb1r/ppp1ppp1/8/3p3p/3Pn2B/5N2/PPP1PPPP/RN1QKB1R w KQkq -,MODEL_PREDICTION_NOT_EMPIRICAL
TOR-02,B5,1900,maia3-5m,4,h4g3,Bg3,0.035464752465486526,0.9894420364871621,0.6272104701414991,456,27,517,rnbqkb1r/ppp1ppp1/8/3p3p/3Pn2B/5N2/PPP1PPPP/RN1QKB1R w KQkq -,MODEL_PREDICTION_NOT_EMPIRICAL
TOR-02,B5,1900,maia3-5m,5,b1c3,Nc3,0.015283196233212948,0.9894420364871621,0.6272104701414991,506,27,467,rnbqkb1r/ppp1ppp1/8/3p3p/3Pn2B/5N2/PPP1PPPP/RN1QKB1R w KQkq -,MODEL_PREDICTION_NOT_EMPIRICAL
TOR-02,B5,1900,maia3-5m,6,f3d2,Nfd2,0.014399494975805283,0.9894420364871621,0.6272104701414991,445,25,530,rnbqkb1r/ppp1ppp1/8/3p3p/3Pn2B/5N2/PPP1PPPP/RN1QKB1R w KQkq -,MODEL_PREDICTION_NOT_EMPIRICAL
TOR-02,B5,1900,maia3-5m,7,c2c3,c3,0.013257442973554134,0.9894420364871621,0.6272104701414991,496,25,479,rnbqkb1r/ppp1ppp1/8/3p3p/3Pn2B/5N2/PPP1PPPP/RN1QKB1R w KQkq -,MODEL_PREDICTION_NOT_EMPIRICAL
TOR-02,B5,1900,maia3-5m,8,c2c4,c4,0.012470069341361523,0.9894420364871621,0.6272104701414991,523,23,454,rnbqkb1r/ppp1ppp1/8/3p3p/3Pn2B/5N2/PPP1PPPP/RN1QKB1R w KQkq -,MODEL_PREDICTION_NOT_EMPIRICAL
TOR-02,B5,1900,maia3-5m,9,f3g5,Ng5,0.010560737922787666,0.9894420364871621,0.6272104701414991,473,23,504,rnbqkb1r/ppp1ppp1/8/3p3p/3Pn2B/5N2/PPP1PPPP/RN1QKB1R w KQkq -,MODEL_PREDICTION_NOT_EMPIRICAL
TOR-02,B5,1900,maia3-5m,10,f3e5,Ne5,0.0048839133232831955,0.9894420364871621,0.6272104701414991,461,23,516,rnbqkb1r/ppp1ppp1/8/3p3p/3Pn2B/5N2/PPP1PPPP/RN1QKB1R w KQkq -,MODEL_PREDICTION_NOT_EMPIRICAL
TOR-02,B5,2100,maia3-5m,1,h2h3,h3,0.4635792374610901,0.990279071033001,0.6354674520875063,477,32,491,rnbqkb1r/ppp1ppp1/8/3p3p/3Pn2B/5N2/PPP1PPPP/RN1QKB1R w KQkq -,MODEL_PREDICTION_NOT_EMPIRICAL
TOR-02,B5,2100,maia3-5m,2,b1d2,Nbd2,0.24165405333042145,0.990279071033001,0.6354674520875063,518,32,450,rnbqkb1r/ppp1ppp1/8/3p3p/3Pn2B/5N2/PPP1PPPP/RN1QKB1R w KQkq -,MODEL_PREDICTION_NOT_EMPIRICAL
TOR-02,B5,2100,maia3-5m,3,e2e3,e3,0.16485221683979034,0.990279071033001,0.6354674520875063,487,30,483,rnbqkb1r/ppp1ppp1/8/3p3p/3Pn2B/5N2/PPP1PPPP/RN1QKB1R w KQkq -,MODEL_PREDICTION_NOT_EMPIRICAL
TOR-02,B5,2100,maia3-5m,4,h4g3,Bg3,0.03826557472348213,0.990279071033001,0.6354674520875063,456,33,511,rnbqkb1r/ppp1ppp1/8/3p3p/3Pn2B/5N2/PPP1PPPP/RN1QKB1R w KQkq -,MODEL_PREDICTION_NOT_EMPIRICAL
TOR-02,B5,2100,maia3-5m,5,f3d2,Nfd2,0.025488130748271942,0.990279071033001,0.6354674520875063,451,31,518,rnbqkb1r/ppp1ppp1/8/3p3p/3Pn2B/5N2/PPP1PPPP/RN1QKB1R w KQkq -,MODEL_PREDICTION_NOT_EMPIRICAL
TOR-02,B5,2100,maia3-5m,6,f3g5,Ng5,0.016193702816963196,0.990279071033001,0.6354674520875063,456,30,514,rnbqkb1r/ppp1ppp1/8/3p3p/3Pn2B/5N2/PPP1PPPP/RN1QKB1R w KQkq -,MODEL_PREDICTION_NOT_EMPIRICAL
TOR-02,B5,2100,maia3-5m,7,c2c4,c4,0.015102672390639782,0.990279071033001,0.6354674520875063,522,28,450,rnbqkb1r/ppp1ppp1/8/3p3p/3Pn2B/5N2/PPP1PPPP/RN1QKB1R w KQkq -,MODEL_PREDICTION_NOT_EMPIRICAL
TOR-02,B5,2100,maia3-5m,8,b1c3,Nc3,0.01166317518800497,0.990279071033001,0.6354674520875063,498,34,468,rnbqkb1r/ppp1ppp1/8/3p3p/3Pn2B/5N2/PPP1PPPP/RN1QKB1R w KQkq -,MODEL_PREDICTION_NOT_EMPIRICAL
TOR-02,B5,2100,maia3-5m,9,c2c3,c3,0.009720693342387676,0.990279071033001,0.6354674520875063,494,32,474,rnbqkb1r/ppp1ppp1/8/3p3p/3Pn2B/5N2/PPP1PPPP/RN1QKB1R w KQkq -,MODEL_PREDICTION_NOT_EMPIRICAL
TOR-02,B5,2100,maia3-5m,10,f3e5,Ne5,0.0037596141919493675,0.990279071033001,0.6354674520875063,467,29,504,rnbqkb1r/ppp1ppp1/8/3p3p/3Pn2B/5N2/PPP1PPPP/RN1QKB1R w KQkq -,MODEL_PREDICTION_NOT_EMPIRICAL
TOR-05,B5,1100,maia3-5m,1,d4c5,dxc5,0.3059644103050232,0.9567594807595015,0.7760142756546287,452,22,526,rnbqkb1r/pp2pppp/8/2pp2B1/3Pn2P/5N2/PPP1PPP1/RN1QKB1R w KQkq -,MODEL_PREDICTION_NOT_EMPIRICAL
TOR-05,B5,1100,maia3-5m,2,e2e3,e3,0.2103085070848465,0.9567594807595015,0.7760142756546287,477,23,500,rnbqkb1r/pp2pppp/8/2pp2B1/3Pn2P/5N2/PPP1PPP1/RN1QKB1R w KQkq -,MODEL_PREDICTION_NOT_EMPIRICAL
TOR-05,B5,1100,maia3-5m,3,c2c3,c3,0.172597274184227,0.9567594807595015,0.7760142756546287,485,24,491,rnbqkb1r/pp2pppp/8/2pp2B1/3Pn2P/5N2/PPP1PPP1/RN1QKB1R w KQkq -,MODEL_PREDICTION_NOT_EMPIRICAL
TOR-05,B5,1100,maia3-5m,4,b1c3,Nc3,0.09807228296995163,0.9567594807595015,0.7760142756546287,516,24,460,rnbqkb1r/pp2pppp/8/2pp2B1/3Pn2P/5N2/PPP1PPP1/RN1QKB1R w KQkq -,MODEL_PREDICTION_NOT_EMPIRICAL
TOR-05,B5,1100,maia3-5m,5,b1d2,Nbd2,0.0705876350402832,0.9567594807595015,0.7760142756546287,502,24,474,rnbqkb1r/pp2pppp/8/2pp2B1/3Pn2P/5N2/PPP1PPP1/RN1QKB1R w KQkq -,MODEL_PREDICTION_NOT_EMPIRICAL
TOR-05,B5,1100,maia3-5m,6,f3e5,Ne5,0.035020213574171066,0.9567594807595015,0.7760142756546287,452,20,528,rnbqkb1r/pp2pppp/8/2pp2B1/3Pn2P/5N2/PPP1PPP1/RN1QKB1R w KQkq -,MODEL_PREDICTION_NOT_EMPIRICAL
TOR-05,B5,1100,maia3-5m,7,d1d3,Qd3,0.026478897780179977,0.9567594807595015,0.7760142756546287,452,23,525,rnbqkb1r/pp2pppp/8/2pp2B1/3Pn2P/5N2/PPP1PPP1/RN1QKB1R w KQkq -,MODEL_PREDICTION_NOT_EMPIRICAL
TOR-05,B5,1100,maia3-5m,8,c2c4,c4,0.01387268677353859,0.9567594807595015,0.7760142756546287,463,23,514,rnbqkb1r/pp2pppp/8/2pp2B1/3Pn2P/5N2/PPP1PPP1/RN1QKB1R w KQkq -,MODEL_PREDICTION_NOT_EMPIRICAL
TOR-05,B5,1100,maia3-5m,9,g5f4,Bf4,0.01252485066652298,0.9567594807595015,0.7760142756546287,454,22,524,rnbqkb1r/pp2pppp/8/2pp2B1/3Pn2P/5N2/PPP1PPP1/RN1QKB1R w KQkq -,MODEL_PREDICTION_NOT_EMPIRICAL
TOR-05,B5,1100,maia3-5m,10,g2g3,g3,0.011332722380757332,0.9567594807595015,0.7760142756546287,455,23,522,rnbqkb1r/pp2pppp/8/2pp2B1/3Pn2P/5N2/PPP1PPP1/RN1QKB1R w KQkq -,MODEL_PREDICTION_NOT_EMPIRICAL
TOR-05,B5,1300,maia3-5m,1,d4c5,dxc5,0.2620278000831604,0.9632157357409596,0.7689132283081693,467,21,512,rnbqkb1r/pp2pppp/8/2pp2B1/3Pn2P/5N2/PPP1PPP1/RN1QKB1R w KQkq -,MODEL_PREDICTION_NOT_EMPIRICAL
TOR-05,B5,1300,maia3-5m,2,e2e3,e3,0.2337147295475006,0.9632157357409596,0.7689132283081693,483,23,494,rnbqkb1r/pp2pppp/8/2pp2B1/3Pn2P/5N2/PPP1PPP1/RN1QKB1R w KQkq -,MODEL_PREDICTION_NOT_EMPIRICAL
TOR-05,B5,1300,maia3-5m,3,c2c3,c3,0.20977643132209778,0.9632157357409596,0.7689132283081693,491,24,485,rnbqkb1r/pp2pppp/8/2pp2B1/3Pn2P/5N2/PPP1PPP1/RN1QKB1R w KQkq -,MODEL_PREDICTION_NOT_EMPIRICAL
TOR-05,B5,1300,maia3-5m,4,b1d2,Nbd2,0.10592374205589294,0.9632157357409596,0.7689132283081693,510,23,467,rnbqkb1r/pp2pppp/8/2pp2B1/3Pn2P/5N2/PPP1PPP1/RN1QKB1R w KQkq -,MODEL_PREDICTION_NOT_EMPIRICAL
TOR-05,B5,1300,maia3-5m,5,b1c3,Nc3,0.07279524952173233,0.9632157357409596,0.7689132283081693,520,23,457,rnbqkb1r/pp2pppp/8/2pp2B1/3Pn2P/5N2/PPP1PPP1/RN1QKB1R w KQkq -,MODEL_PREDICTION_NOT_EMPIRICAL
TOR-05,B5,1300,maia3-5m,6,f3e5,Ne5,0.022448096424341202,0.9632157357409596,0.7689132283081693,447,19,534,rnbqkb1r/pp2pppp/8/2pp2B1/3Pn2P/5N2/PPP1PPP1/RN1QKB1R w KQkq -,MODEL_PREDICTION_NOT_EMPIRICAL
TOR-05,B5,1300,maia3-5m,7,d1d3,Qd3,0.020071208477020264,0.9632157357409596,0.7689132283081693,463,21,516,rnbqkb1r/pp2pppp/8/2pp2B1/3Pn2P/5N2/PPP1PPP1/RN1QKB1R w KQkq -,MODEL_PREDICTION_NOT_EMPIRICAL
TOR-05,B5,1300,maia3-5m,8,c2c4,c4,0.014686061069369316,0.9632157357409596,0.7689132283081693,476,21,503,rnbqkb1r/pp2pppp/8/2pp2B1/3Pn2P/5N2/PPP1PPP1/RN1QKB1R w KQkq -,MODEL_PREDICTION_NOT_EMPIRICAL
TOR-05,B5,1300,maia3-5m,9,g5f4,Bf4,0.01299047376960516,0.9632157357409596,0.7689132283081693,458,22,520,rnbqkb1r/pp2pppp/8/2pp2B1/3Pn2P/5N2/PPP1PPP1/RN1QKB1R w KQkq -,MODEL_PREDICTION_NOT_EMPIRICAL
TOR-05,B5,1300,maia3-5m,10,h4h5,h5,0.00878194347023964,0.9632157357409596,0.7689132283081693,465,21,514,rnbqkb1r/pp2pppp/8/2pp2B1/3Pn2P/5N2/PPP1PPP1/RN1QKB1R w KQkq -,MODEL_PREDICTION_NOT_EMPIRICAL
TOR-05,B5,1500,maia3-5m,1,e2e3,e3,0.2506137788295746,0.9724808153696358,0.7483909463072932,492,24,484,rnbqkb1r/pp2pppp/8/2pp2B1/3Pn2P/5N2/PPP1PPP1/RN1QKB1R w KQkq -,MODEL_PREDICTION_NOT_EMPIRICAL
TOR-05,B5,1500,maia3-5m,2,c2c3,c3,0.24378274381160736,0.9724808153696358,0.7483909463072932,502,25,473,rnbqkb1r/pp2pppp/8/2pp2B1/3Pn2P/5N2/PPP1PPP1/RN1QKB1R w KQkq -,MODEL_PREDICTION_NOT_EMPIRICAL
TOR-05,B5,1500,maia3-5m,3,d4c5,dxc5,0.23466189205646515,0.9724808153696358,0.7483909463072932,478,22,500,rnbqkb1r/pp2pppp/8/2pp2B1/3Pn2P/5N2/PPP1PPP1/RN1QKB1R w KQkq -,MODEL_PREDICTION_NOT_EMPIRICAL
TOR-05,B5,1500,maia3-5m,4,b1d2,Nbd2,0.12791021168231964,0.9724808153696358,0.7483909463072932,516,25,459,rnbqkb1r/pp2pppp/8/2pp2B1/3Pn2P/5N2/PPP1PPP1/RN1QKB1R w KQkq -,MODEL_PREDICTION_NOT_EMPIRICAL
TOR-05,B5,1500,maia3-5m,5,b1c3,Nc3,0.052218228578567505,0.9724808153696358,0.7483909463072932,525,24,451,rnbqkb1r/pp2pppp/8/2pp2B1/3Pn2P/5N2/PPP1PPP1/RN1QKB1R w KQkq -,MODEL_PREDICTION_NOT_EMPIRICAL
TOR-05,B5,1500,maia3-5m,6,c2c4,c4,0.015985460951924324,0.9724808153696358,0.7483909463072932,486,22,492,rnbqkb1r/pp2pppp/8/2pp2B1/3Pn2P/5N2/PPP1PPP1/RN1QKB1R w KQkq -,MODEL_PREDICTION_NOT_EMPIRICAL
TOR-05,B5,1500,maia3-5m,7,d1d3,Qd3,0.013279308564960957,0.9724808153696358,0.7483909463072932,475,21,504,rnbqkb1r/pp2pppp/8/2pp2B1/3Pn2P/5N2/PPP1PPP1/RN1QKB1R w KQkq -,MODEL_PREDICTION_NOT_EMPIRICAL
TOR-05,B5,1500,maia3-5m,8,f3e5,Ne5,0.013226830400526524,0.9724808153696358,0.7483909463072932,444,20,536,rnbqkb1r/pp2pppp/8/2pp2B1/3Pn2P/5N2/PPP1PPP1/RN1QKB1R w KQkq -,MODEL_PREDICTION_NOT_EMPIRICAL
TOR-05,B5,1500,maia3-5m,9,g5f4,Bf4,0.013156028464436531,0.9724808153696358,0.7483909463072932,463,23,514,rnbqkb1r/pp2pppp/8/2pp2B1/3Pn2P/5N2/PPP1PPP1/RN1QKB1R w KQkq -,MODEL_PREDICTION_NOT_EMPIRICAL
TOR-05,B5,1500,maia3-5m,10,h4h5,h5,0.007646332029253244,0.9724808153696358,0.7483909463072932,466,22,512,rnbqkb1r/pp2pppp/8/2pp2B1/3Pn2P/5N2/PPP1PPP1/RN1QKB1R w KQkq -,MODEL_PREDICTION_NOT_EMPIRICAL
TOR-05,B5,1700,maia3-5m,1,c2c3,c3,0.2894723117351532,0.9818559405393898,0.715812323498749,509,27,464,rnbqkb1r/pp2pppp/8/2pp2B1/3Pn2P/5N2/PPP1PPP1/RN1QKB1R w KQkq -,MODEL_PREDICTION_NOT_EMPIRICAL
TOR-05,B5,1700,maia3-5m,2,e2e3,e3,0.27117684483528137,0.9818559405393898,0.715812323498749,500,26,474,rnbqkb1r/pp2pppp/8/2pp2B1/3Pn2P/5N2/PPP1PPP1/RN1QKB1R w KQkq -,MODEL_PREDICTION_NOT_EMPIRICAL
TOR-05,B5,1700,maia3-5m,3,d4c5,dxc5,0.208499476313591,0.9818559405393898,0.715812323498749,486,25,489,rnbqkb1r/pp2pppp/8/2pp2B1/3Pn2P/5N2/PPP1PPP1/RN1QKB1R w KQkq -,MODEL_PREDICTION_NOT_EMPIRICAL
TOR-05,B5,1700,maia3-5m,4,b1d2,Nbd2,0.12552578747272491,0.9818559405393898,0.715812323498749,522,27,451,rnbqkb1r/pp2pppp/8/2pp2B1/3Pn2P/5N2/PPP1PPP1/RN1QKB1R w KQkq -,MODEL_PREDICTION_NOT_EMPIRICAL
TOR-05,B5,1700,maia3-5m,5,b1c3,Nc3,0.037399157881736755,0.9818559405393898,0.715812323498749,525,27,448,rnbqkb1r/pp2pppp/8/2pp2B1/3Pn2P/5N2/PPP1PPP1/RN1QKB1R w KQkq -,MODEL_PREDICTION_NOT_EMPIRICAL
TOR-05,B5,1700,maia3-5m,6,c2c4,c4,0.016991600394248962,0.9818559405393898,0.715812323498749,503,23,474,rnbqkb1r/pp2pppp/8/2pp2B1/3Pn2P/5N2/PPP1PPP1/RN1QKB1R w KQkq -,MODEL_PREDICTION_NOT_EMPIRICAL
TOR-05,B5,1700,maia3-5m,7,g5f4,Bf4,0.012737413868308067,0.9818559405393898,0.715812323498749,468,25,507,rnbqkb1r/pp2pppp/8/2pp2B1/3Pn2P/5N2/PPP1PPP1/RN1QKB1R w KQkq -,MODEL_PREDICTION_NOT_EMPIRICAL
TOR-05,B5,1700,maia3-5m,8,d1d3,Qd3,0.0073415967635810375,0.9818559405393898,0.715812323498749,482,22,496,rnbqkb1r/pp2pppp/8/2pp2B1/3Pn2P/5N2/PPP1PPP1/RN1QKB1R w KQkq -,MODEL_PREDICTION_NOT_EMPIRICAL
TOR-05,B5,1700,maia3-5m,9,h4h5,h5,0.006392898503690958,0.9818559405393898,0.715812323498749,464,24,512,rnbqkb1r/pp2pppp/8/2pp2B1/3Pn2P/5N2/PPP1PPP1/RN1QKB1R w KQkq -,MODEL_PREDICTION_NOT_EMPIRICAL
TOR-05,B5,1700,maia3-5m,10,f3e5,Ne5,0.00631885277107358,0.9818559405393898,0.715812323498749,437,22,541,rnbqkb1r/pp2pppp/8/2pp2B1/3Pn2P/5N2/PPP1PPP1/RN1QKB1R w KQkq -,MODEL_PREDICTION_NOT_EMPIRICAL
TOR-05,B5,1900,maia3-5m,1,c2c3,c3,0.34116727113723755,0.9901632915716618,0.675006338740684,515,31,454,rnbqkb1r/pp2pppp/8/2pp2B1/3Pn2P/5N2/PPP1PPP1/RN1QKB1R w KQkq -,MODEL_PREDICTION_NOT_EMPIRICAL
TOR-05,B5,1900,maia3-5m,2,e2e3,e3,0.29791951179504395,0.9901632915716618,0.675006338740684,507,29,464,rnbqkb1r/pp2pppp/8/2pp2B1/3Pn2P/5N2/PPP1PPP1/RN1QKB1R w KQkq -,MODEL_PREDICTION_NOT_EMPIRICAL
TOR-05,B5,1900,maia3-5m,3,d4c5,dxc5,0.17609885334968567,0.9901632915716618,0.675006338740684,490,30,480,rnbqkb1r/pp2pppp/8/2pp2B1/3Pn2P/5N2/PPP1PPP1/RN1QKB1R w KQkq -,MODEL_PREDICTION_NOT_EMPIRICAL
TOR-05,B5,1900,maia3-5m,4,b1d2,Nbd2,0.1082330048084259,0.9901632915716618,0.675006338740684,521,31,448,rnbqkb1r/pp2pppp/8/2pp2B1/3Pn2P/5N2/PPP1PPP1/RN1QKB1R w KQkq -,MODEL_PREDICTION_NOT_EMPIRICAL
TOR-05,B5,1900,maia3-5m,5,b1c3,Nc3,0.02703831158578396,0.9901632915716618,0.675006338740684,515,31,454,rnbqkb1r/pp2pppp/8/2pp2B1/3Pn2P/5N2/PPP1PPP1/RN1QKB1R w KQkq -,MODEL_PREDICTION_NOT_EMPIRICAL
TOR-05,B5,1900,maia3-5m,6,c2c4,c4,0.017222527414560318,0.9901632915716618,0.675006338740684,518,26,456,rnbqkb1r/pp2pppp/8/2pp2B1/3Pn2P/5N2/PPP1PPP1/RN1QKB1R w KQkq -,MODEL_PREDICTION_NOT_EMPIRICAL
TOR-05,B5,1900,maia3-5m,7,g5f4,Bf4,0.01150495558977127,0.9901632915716618,0.675006338740684,469,29,502,rnbqkb1r/pp2pppp/8/2pp2B1/3Pn2P/5N2/PPP1PPP1/RN1QKB1R w KQkq -,MODEL_PREDICTION_NOT_EMPIRICAL
TOR-05,B5,1900,maia3-5m,8,h4h5,h5,0.005057043861597776,0.9901632915716618,0.675006338740684,459,28,513,rnbqkb1r/pp2pppp/8/2pp2B1/3Pn2P/5N2/PPP1PPP1/RN1QKB1R w KQkq -,MODEL_PREDICTION_NOT_EMPIRICAL
TOR-05,B5,1900,maia3-5m,9,d1d3,Qd3,0.0032446514815092087,0.9901632915716618,0.675006338740684,489,26,485,rnbqkb1r/pp2pppp/8/2pp2B1/3Pn2P/5N2/PPP1PPP1/RN1QKB1R w KQkq -,MODEL_PREDICTION_NOT_EMPIRICAL
TOR-05,B5,1900,maia3-5m,10,g2g3,g3,0.0026771605480462313,0.9901632915716618,0.675006338740684,490,29,481,rnbqkb1r/pp2pppp/8/2pp2B1/3Pn2P/5N2/PPP1PPP1/RN1QKB1R w KQkq -,MODEL_PREDICTION_NOT_EMPIRICAL
TOR-05,B5,2100,maia3-5m,1,c2c3,c3,0.337415874004364,0.9953282951610163,0.6528890381657029,508,39,453,rnbqkb1r/pp2pppp/8/2pp2B1/3Pn2P/5N2/PPP1PPP1/RN1QKB1R w KQkq -,MODEL_PREDICTION_NOT_EMPIRICAL
TOR-05,B5,2100,maia3-5m,2,e2e3,e3,0.3319649398326874,0.9953282951610163,0.6528890381657029,508,37,455,rnbqkb1r/pp2pppp/8/2pp2B1/3Pn2P/5N2/PPP1PPP1/RN1QKB1R w KQkq -,MODEL_PREDICTION_NOT_EMPIRICAL
TOR-05,B5,2100,maia3-5m,3,d4c5,dxc5,0.1710178554058075,0.9953282951610163,0.6528890381657029,483,39,478,rnbqkb1r/pp2pppp/8/2pp2B1/3Pn2P/5N2/PPP1PPP1/RN1QKB1R w KQkq -,MODEL_PREDICTION_NOT_EMPIRICAL
TOR-05,B5,2100,maia3-5m,4,b1d2,Nbd2,0.09962757676839828,0.9953282951610163,0.6528890381657029,508,40,452,rnbqkb1r/pp2pppp/8/2pp2B1/3Pn2P/5N2/PPP1PPP1/RN1QKB1R w KQkq -,MODEL_PREDICTION_NOT_EMPIRICAL
TOR-05,B5,2100,maia3-5m,5,b1c3,Nc3,0.021537672728300095,0.9953282951610163,0.6528890381657029,498,40,462,rnbqkb1r/pp2pppp/8/2pp2B1/3Pn2P/5N2/PPP1PPP1/RN1QKB1R w KQkq -,MODEL_PREDICTION_NOT_EMPIRICAL
TOR-05,B5,2100,maia3-5m,6,c2c4,c4,0.01675296574831009,0.9953282951610163,0.6528890381657029,522,34,444,rnbqkb1r/pp2pppp/8/2pp2B1/3Pn2P/5N2/PPP1PPP1/RN1QKB1R w KQkq -,MODEL_PREDICTION_NOT_EMPIRICAL
TOR-05,B5,2100,maia3-5m,7,g5f4,Bf4,0.010224293917417526,0.9953282951610163,0.6528890381657029,467,37,496,rnbqkb1r/pp2pppp/8/2pp2B1/3Pn2P/5N2/PPP1PPP1/RN1QKB1R w KQkq -,MODEL_PREDICTION_NOT_EMPIRICAL
TOR-05,B5,2100,maia3-5m,8,h4h5,h5,0.0032993140630424023,0.9953282951610163,0.6528890381657029,449,35,516,rnbqkb1r/pp2pppp/8/2pp2B1/3Pn2P/5N2/PPP1PPP1/RN1QKB1R w KQkq -,MODEL_PREDICTION_NOT_EMPIRICAL
TOR-05,B5,2100,maia3-5m,9,g2g3,g3,0.002223367802798748,0.9953282951610163,0.6528890381657029,488,37,475,rnbqkb1r/pp2pppp/8/2pp2B1/3Pn2P/5N2/PPP1PPP1/RN1QKB1R w KQkq -,MODEL_PREDICTION_NOT_EMPIRICAL
TOR-05,B5,2100,maia3-5m,10,d1d3,Qd3,0.0012644348898902535,0.9953282951610163,0.6528890381657029,493,32,475,rnbqkb1r/pp2pppp/8/2pp2B1/3Pn2P/5N2/PPP1PPP1/RN1QKB1R w KQkq -,MODEL_PREDICTION_NOT_EMPIRICAL
PST-01,B5,1100,maia3-5m,1,d4c5,dxc5,0.39334967732429504,0.9867464741691947,0.6778594638397007,492,23,485,rnbqkbnr/pp2ppp1/7p/2pp4/3P3B/8/PPP1PPPP/RN1QKBNR w KQkq -,MODEL_PREDICTION_NOT_EMPIRICAL
PST-01,B5,1100,maia3-5m,2,e2e3,e3,0.275649756193161,0.9867464741691947,0.6778594638397007,521,25,454,rnbqkbnr/pp2ppp1/7p/2pp4/3P3B/8/PPP1PPPP/RN1QKBNR w KQkq -,MODEL_PREDICTION_NOT_EMPIRICAL
PST-01,B5,1100,maia3-5m,3,c2c3,c3,0.11907398700714111,0.9867464741691947,0.6778594638397007,511,26,463,rnbqkbnr/pp2ppp1/7p/2pp4/3P3B/8/PPP1PPPP/RN1QKBNR w KQkq -,MODEL_PREDICTION_NOT_EMPIRICAL
PST-01,B5,1100,maia3-5m,4,g1f3,Nf3,0.11514683812856674,0.9867464741691947,0.6778594638397007,514,24,462,rnbqkbnr/pp2ppp1/7p/2pp4/3P3B/8/PPP1PPPP/RN1QKBNR w KQkq -,MODEL_PREDICTION_NOT_EMPIRICAL
PST-01,B5,1100,maia3-5m,5,b1c3,Nc3,0.037849992513656616,0.9867464741691947,0.6778594638397007,513,25,462,rnbqkbnr/pp2ppp1/7p/2pp4/3P3B/8/PPP1PPPP/RN1QKBNR w KQkq -,MODEL_PREDICTION_NOT_EMPIRICAL
PST-01,B5,1100,maia3-5m,6,c2c4,c4,0.013968070037662983,0.9867464741691947,0.6778594638397007,502,26,472,rnbqkbnr/pp2ppp1/7p/2pp4/3P3B/8/PPP1PPPP/RN1QKBNR w KQkq -,MODEL_PREDICTION_NOT_EMPIRICAL
PST-01,B5,1100,maia3-5m,7,h4g3,Bg3,0.010396813042461872,0.9867464741691947,0.6778594638397007,483,24,493,rnbqkbnr/pp2ppp1/7p/2pp4/3P3B/8/PPP1PPPP/RN1QKBNR w KQkq -,MODEL_PREDICTION_NOT_EMPIRICAL
PST-01,B5,1100,maia3-5m,8,e2e4,e4,0.008391987532377243,0.9867464741691947,0.6778594638397007,520,24,456,rnbqkbnr/pp2ppp1/7p/2pp4/3P3B/8/PPP1PPPP/RN1QKBNR w KQkq -,MODEL_PREDICTION_NOT_EMPIRICAL
PST-01,B5,1100,maia3-5m,9,h2h3,h3,0.006477864924818277,0.9867464741691947,0.6778594638397007,491,26,483,rnbqkbnr/pp2ppp1/7p/2pp4/3P3B/8/PPP1PPPP/RN1QKBNR w KQkq -,MODEL_PREDICTION_NOT_EMPIRICAL
PST-01,B5,1100,maia3-5m,10,f2f3,f3,0.006441487465053797,0.9867464741691947,0.6778594638397007,491,26,483,rnbqkbnr/pp2ppp1/7p/2pp4/3P3B/8/PPP1PPPP/RN1QKBNR w KQkq -,MODEL_PREDICTION_NOT_EMPIRICAL
PST-01,B5,1300,maia3-5m,1,e2e3,e3,0.3205394446849823,0.990902810357511,0.6951169102509895,522,24,454,rnbqkbnr/pp2ppp1/7p/2pp4/3P3B/8/PPP1PPPP/RN1QKBNR w KQkq -,MODEL_PREDICTION_NOT_EMPIRICAL
PST-01,B5,1300,maia3-5m,2,d4c5,dxc5,0.31033754348754883,0.990902810357511,0.6951169102509895,497,21,482,rnbqkbnr/pp2ppp1/7p/2pp4/3P3B/8/PPP1PPPP/RN1QKBNR w KQkq -,MODEL_PREDICTION_NOT_EMPIRICAL
PST-01,B5,1300,maia3-5m,3,c2c3,c3,0.16181497275829315,0.990902810357511,0.6951169102509895,515,25,460,rnbqkbnr/pp2ppp1/7p/2pp4/3P3B/8/PPP1PPPP/RN1QKBNR w KQkq -,MODEL_PREDICTION_NOT_EMPIRICAL
PST-01,B5,1300,maia3-5m,4,g1f3,Nf3,0.12047934532165527,0.990902810357511,0.6951169102509895,519,24,457,rnbqkbnr/pp2ppp1/7p/2pp4/3P3B/8/PPP1PPPP/RN1QKBNR w KQkq -,MODEL_PREDICTION_NOT_EMPIRICAL
PST-01,B5,1300,maia3-5m,5,b1c3,Nc3,0.03213019669055939,0.990902810357511,0.6951169102509895,518,25,457,rnbqkbnr/pp2ppp1/7p/2pp4/3P3B/8/PPP1PPPP/RN1QKBNR w KQkq -,MODEL_PREDICTION_NOT_EMPIRICAL
PST-01,B5,1300,maia3-5m,6,c2c4,c4,0.012512936256825924,0.990902810357511,0.6951169102509895,513,25,462,rnbqkbnr/pp2ppp1/7p/2pp4/3P3B/8/PPP1PPPP/RN1QKBNR w KQkq -,MODEL_PREDICTION_NOT_EMPIRICAL
PST-01,B5,1300,maia3-5m,7,h2h3,h3,0.010865520685911179,0.990902810357511,0.6951169102509895,498,26,476,rnbqkbnr/pp2ppp1/7p/2pp4/3P3B/8/PPP1PPPP/RN1QKBNR w KQkq -,MODEL_PREDICTION_NOT_EMPIRICAL
PST-01,B5,1300,maia3-5m,8,h4g3,Bg3,0.009323920123279095,0.990902810357511,0.6951169102509895,488,24,488,rnbqkbnr/pp2ppp1/7p/2pp4/3P3B/8/PPP1PPPP/RN1QKBNR w KQkq -,MODEL_PREDICTION_NOT_EMPIRICAL
PST-01,B5,1300,maia3-5m,9,f2f3,f3,0.006521062459796667,0.990902810357511,0.6951169102509895,499,26,475,rnbqkbnr/pp2ppp1/7p/2pp4/3P3B/8/PPP1PPPP/RN1QKBNR w KQkq -,MODEL_PREDICTION_NOT_EMPIRICAL
PST-01,B5,1300,maia3-5m,10,e2e4,e4,0.006377867888659239,0.990902810357511,0.6951169102509895,529,24,447,rnbqkbnr/pp2ppp1/7p/2pp4/3P3B/8/PPP1PPPP/RN1QKBNR w KQkq -,MODEL_PREDICTION_NOT_EMPIRICAL
PST-01,B5,1500,maia3-5m,1,e2e3,e3,0.3431521952152252,0.992440490052104,0.6946215837294669,525,25,450,rnbqkbnr/pp2ppp1/7p/2pp4/3P3B/8/PPP1PPPP/RN1QKBNR w KQkq -,MODEL_PREDICTION_NOT_EMPIRICAL
PST-01,B5,1500,maia3-5m,2,d4c5,dxc5,0.26108232140541077,0.992440490052104,0.6946215837294669,496,22,482,rnbqkbnr/pp2ppp1/7p/2pp4/3P3B/8/PPP1PPPP/RN1QKBNR w KQkq -,MODEL_PREDICTION_NOT_EMPIRICAL
PST-01,B5,1500,maia3-5m,3,c2c3,c3,0.1995885968208313,0.992440490052104,0.6946215837294669,518,27,455,rnbqkbnr/pp2ppp1/7p/2pp4/3P3B/8/PPP1PPPP/RN1QKBNR w KQkq -,MODEL_PREDICTION_NOT_EMPIRICAL
PST-01,B5,1500,maia3-5m,4,g1f3,Nf3,0.11590983718633652,0.992440490052104,0.6946215837294669,524,25,451,rnbqkbnr/pp2ppp1/7p/2pp4/3P3B/8/PPP1PPPP/RN1QKBNR w KQkq -,MODEL_PREDICTION_NOT_EMPIRICAL
PST-01,B5,1500,maia3-5m,5,b1c3,Nc3,0.026625897735357285,0.992440490052104,0.6946215837294669,524,25,451,rnbqkbnr/pp2ppp1/7p/2pp4/3P3B/8/PPP1PPPP/RN1QKBNR w KQkq -,MODEL_PREDICTION_NOT_EMPIRICAL
PST-01,B5,1500,maia3-5m,6,h2h3,h3,0.013825511559844017,0.992440490052104,0.6946215837294669,501,26,473,rnbqkbnr/pp2ppp1/7p/2pp4/3P3B/8/PPP1PPPP/RN1QKBNR w KQkq -,MODEL_PREDICTION_NOT_EMPIRICAL
PST-01,B5,1500,maia3-5m,7,c2c4,c4,0.01122236717492342,0.992440490052104,0.6946215837294669,523,26,451,rnbqkbnr/pp2ppp1/7p/2pp4/3P3B/8/PPP1PPPP/RN1QKBNR w KQkq -,MODEL_PREDICTION_NOT_EMPIRICAL
PST-01,B5,1500,maia3-5m,8,h4g3,Bg3,0.007878554053604603,0.992440490052104,0.6946215837294669,491,24,485,rnbqkbnr/pp2ppp1/7p/2pp4/3P3B/8/PPP1PPPP/RN1QKBNR w KQkq -,MODEL_PREDICTION_NOT_EMPIRICAL
PST-01,B5,1500,maia3-5m,9,f2f3,f3,0.006749727763235569,0.992440490052104,0.6946215837294669,501,27,472,rnbqkbnr/pp2ppp1/7p/2pp4/3P3B/8/PPP1PPPP/RN1QKBNR w KQkq -,MODEL_PREDICTION_NOT_EMPIRICAL
PST-01,B5,1500,maia3-5m,10,e2e4,e4,0.0064054811373353004,0.992440490052104,0.6946215837294669,537,25,438,rnbqkbnr/pp2ppp1/7p/2pp4/3P3B/8/PPP1PPPP/RN1QKBNR w KQkq -,MODEL_PREDICTION_NOT_EMPIRICAL
PST-01,B5,1700,maia3-5m,1,e2e3,e3,0.35954123735427856,0.9936533528380096,0.6782105994413887,524,28,448,rnbqkbnr/pp2ppp1/7p/2pp4/3P3B/8/PPP1PPPP/RN1QKBNR w KQkq -,MODEL_PREDICTION_NOT_EMPIRICAL
PST-01,B5,1700,maia3-5m,2,c2c3,c3,0.24564269185066223,0.9936533528380096,0.6782105994413887,518,28,454,rnbqkbnr/pp2ppp1/7p/2pp4/3P3B/8/PPP1PPPP/RN1QKBNR w KQkq -,MODEL_PREDICTION_NOT_EMPIRICAL
PST-01,B5,1700,maia3-5m,3,d4c5,dxc5,0.22482526302337646,0.9936533528380096,0.6782105994413887,491,24,485,rnbqkbnr/pp2ppp1/7p/2pp4/3P3B/8/PPP1PPPP/RN1QKBNR w KQkq -,MODEL_PREDICTION_NOT_EMPIRICAL
PST-01,B5,1700,maia3-5m,4,g1f3,Nf3,0.0998750850558281,0.9936533528380096,0.6782105994413887,527,28,445,rnbqkbnr/pp2ppp1/7p/2pp4/3P3B/8/PPP1PPPP/RN1QKBNR w KQkq -,MODEL_PREDICTION_NOT_EMPIRICAL
PST-01,B5,1700,maia3-5m,5,b1c3,Nc3,0.021082455292344093,0.9936533528380096,0.6782105994413887,525,28,447,rnbqkbnr/pp2ppp1/7p/2pp4/3P3B/8/PPP1PPPP/RN1QKBNR w KQkq -,MODEL_PREDICTION_NOT_EMPIRICAL
PST-01,B5,1700,maia3-5m,6,h2h3,h3,0.011912054382264614,0.9936533528380096,0.6782105994413887,500,28,472,rnbqkbnr/pp2ppp1/7p/2pp4/3P3B/8/PPP1PPPP/RN1QKBNR w KQkq -,MODEL_PREDICTION_NOT_EMPIRICAL
PST-01,B5,1700,maia3-5m,7,c2c4,c4,0.01007674727588892,0.9936533528380096,0.6782105994413887,530,27,443,rnbqkbnr/pp2ppp1/7p/2pp4/3P3B/8/PPP1PPPP/RN1QKBNR w KQkq -,MODEL_PREDICTION_NOT_EMPIRICAL
PST-01,B5,1700,maia3-5m,8,e2e4,e4,0.007702876813709736,0.9936533528380096,0.6782105994413887,543,27,430,rnbqkbnr/pp2ppp1/7p/2pp4/3P3B/8/PPP1PPPP/RN1QKBNR w KQkq -,MODEL_PREDICTION_NOT_EMPIRICAL
PST-01,B5,1700,maia3-5m,9,f2f3,f3,0.0069087594747543335,0.9936533528380096,0.6782105994413887,500,28,472,rnbqkbnr/pp2ppp1/7p/2pp4/3P3B/8/PPP1PPPP/RN1QKBNR w KQkq -,MODEL_PREDICTION_NOT_EMPIRICAL
PST-01,B5,1700,maia3-5m,10,h4g3,Bg3,0.006086182314902544,0.9936533528380096,0.6782105994413887,489,27,484,rnbqkbnr/pp2ppp1/7p/2pp4/3P3B/8/PPP1PPPP/RN1QKBNR w KQkq -,MODEL_PREDICTION_NOT_EMPIRICAL
PST-01,B5,1900,maia3-5m,1,e2e3,e3,0.3787069320678711,0.995461325161159,0.6402864821239215,518,31,451,rnbqkbnr/pp2ppp1/7p/2pp4/3P3B/8/PPP1PPPP/RN1QKBNR w KQkq -,MODEL_PREDICTION_NOT_EMPIRICAL
PST-01,B5,1900,maia3-5m,2,c2c3,c3,0.30204957723617554,0.995461325161159,0.6402864821239215,512,32,456,rnbqkbnr/pp2ppp1/7p/2pp4/3P3B/8/PPP1PPPP/RN1QKBNR w KQkq -,MODEL_PREDICTION_NOT_EMPIRICAL
PST-01,B5,1900,maia3-5m,3,d4c5,dxc5,0.1899893581867218,0.995461325161159,0.6402864821239215,489,28,483,rnbqkbnr/pp2ppp1/7p/2pp4/3P3B/8/PPP1PPPP/RN1QKBNR w KQkq -,MODEL_PREDICTION_NOT_EMPIRICAL
PST-01,B5,1900,maia3-5m,4,g1f3,Nf3,0.07370682805776596,0.995461325161159,0.6402864821239215,524,31,445,rnbqkbnr/pp2ppp1/7p/2pp4/3P3B/8/PPP1PPPP/RN1QKBNR w KQkq -,MODEL_PREDICTION_NOT_EMPIRICAL
PST-01,B5,1900,maia3-5m,5,b1c3,Nc3,0.01669437624514103,0.995461325161159,0.6402864821239215,520,31,449,rnbqkbnr/pp2ppp1/7p/2pp4/3P3B/8/PPP1PPPP/RN1QKBNR w KQkq -,MODEL_PREDICTION_NOT_EMPIRICAL
PST-01,B5,1900,maia3-5m,6,e2e4,e4,0.010106047615408897,0.995461325161159,0.6402864821239215,545,30,425,rnbqkbnr/pp2ppp1/7p/2pp4/3P3B/8/PPP1PPPP/RN1QKBNR w KQkq -,MODEL_PREDICTION_NOT_EMPIRICAL
PST-01,B5,1900,maia3-5m,7,c2c4,c4,0.008989105001091957,0.995461325161159,0.6402864821239215,534,29,437,rnbqkbnr/pp2ppp1/7p/2pp4/3P3B/8/PPP1PPPP/RN1QKBNR w KQkq -,MODEL_PREDICTION_NOT_EMPIRICAL
PST-01,B5,1900,maia3-5m,8,f2f3,f3,0.006083493120968342,0.995461325161159,0.6402864821239215,490,31,479,rnbqkbnr/pp2ppp1/7p/2pp4/3P3B/8/PPP1PPPP/RN1QKBNR w KQkq -,MODEL_PREDICTION_NOT_EMPIRICAL
PST-01,B5,1900,maia3-5m,9,h2h3,h3,0.005323481746017933,0.995461325161159,0.6402864821239215,494,31,475,rnbqkbnr/pp2ppp1/7p/2pp4/3P3B/8/PPP1PPPP/RN1QKBNR w KQkq -,MODEL_PREDICTION_NOT_EMPIRICAL
PST-01,B5,1900,maia3-5m,10,h4g3,Bg3,0.0038121258839964867,0.995461325161159,0.6402864821239215,486,30,484,rnbqkbnr/pp2ppp1/7p/2pp4/3P3B/8/PPP1PPPP/RN1QKBNR w KQkq -,MODEL_PREDICTION_NOT_EMPIRICAL
PST-01,B5,2100,maia3-5m,1,e2e3,e3,0.38777321577072144,0.9973680175608024,0.6137901252011564,505,37,458,rnbqkbnr/pp2ppp1/7p/2pp4/3P3B/8/PPP1PPPP/RN1QKBNR w KQkq -,MODEL_PREDICTION_NOT_EMPIRICAL
PST-01,B5,2100,maia3-5m,2,c2c3,c3,0.3162631690502167,0.9973680175608024,0.6137901252011564,502,38,460,rnbqkbnr/pp2ppp1/7p/2pp4/3P3B/8/PPP1PPPP/RN1QKBNR w KQkq -,MODEL_PREDICTION_NOT_EMPIRICAL
PST-01,B5,2100,maia3-5m,3,d4c5,dxc5,0.19696645438671112,0.9973680175608024,0.6137901252011564,488,37,475,rnbqkbnr/pp2ppp1/7p/2pp4/3P3B/8/PPP1PPPP/RN1QKBNR w KQkq -,MODEL_PREDICTION_NOT_EMPIRICAL
PST-01,B5,2100,maia3-5m,4,g1f3,Nf3,0.04967920109629631,0.9973680175608024,0.6137901252011564,512,38,450,rnbqkbnr/pp2ppp1/7p/2pp4/3P3B/8/PPP1PPPP/RN1QKBNR w KQkq -,MODEL_PREDICTION_NOT_EMPIRICAL
PST-01,B5,2100,maia3-5m,5,b1c3,Nc3,0.016168884932994843,0.9973680175608024,0.6137901252011564,506,36,458,rnbqkbnr/pp2ppp1/7p/2pp4/3P3B/8/PPP1PPPP/RN1QKBNR w KQkq -,MODEL_PREDICTION_NOT_EMPIRICAL
PST-01,B5,2100,maia3-5m,6,e2e4,e4,0.014834771864116192,0.9973680175608024,0.6137901252011564,534,34,432,rnbqkbnr/pp2ppp1/7p/2pp4/3P3B/8/PPP1PPPP/RN1QKBNR w KQkq -,MODEL_PREDICTION_NOT_EMPIRICAL
PST-01,B5,2100,maia3-5m,7,c2c4,c4,0.007965191267430782,0.9973680175608024,0.6137901252011564,523,35,442,rnbqkbnr/pp2ppp1/7p/2pp4/3P3B/8/PPP1PPPP/RN1QKBNR w KQkq -,MODEL_PREDICTION_NOT_EMPIRICAL
PST-01,B5,2100,maia3-5m,8,f2f3,f3,0.004444217775017023,0.9973680175608024,0.6137901252011564,473,37,490,rnbqkbnr/pp2ppp1/7p/2pp4/3P3B/8/PPP1PPPP/RN1QKBNR w KQkq -,MODEL_PREDICTION_NOT_EMPIRICAL
PST-01,B5,2100,maia3-5m,9,h4g3,Bg3,0.0016860081814229488,0.9973680175608024,0.6137901252011564,476,37,487,rnbqkbnr/pp2ppp1/7p/2pp4/3P3B/8/PPP1PPPP/RN1QKBNR w KQkq -,MODEL_PREDICTION_NOT_EMPIRICAL
PST-01,B5,2100,maia3-5m,10,b1d2,Nd2,0.00158690323587507,0.9973680175608024,0.6137901252011564,494,37,469,rnbqkbnr/pp2ppp1/7p/2pp4/3P3B/8/PPP1PPPP/RN1QKBNR w KQkq -,MODEL_PREDICTION_NOT_EMPIRICAL
ORD-09,B6,1100,maia3-5m,1,e2e3,e3,0.34079229831695557,0.9039586335420609,0.7536093894184128,494,21,485,r1bqkb1r/pp1npppp/5n2/3p4/3N1B1P/8/PPP1PPP1/RN1QKB1R w KQkq -,MODEL_PREDICTION_NOT_EMPIRICAL
ORD-09,B6,1100,maia3-5m,2,b1c3,Nc3,0.18125391006469727,0.9039586335420609,0.7536093894184128,492,20,488,r1bqkb1r/pp1npppp/5n2/3p4/3N1B1P/8/PPP1PPP1/RN1QKB1R w KQkq -,MODEL_PREDICTION_NOT_EMPIRICAL
ORD-09,B6,1100,maia3-5m,3,d4b5,Nb5,0.13237670063972473,0.9039586335420609,0.7536093894184128,624,17,359,r1bqkb1r/pp1npppp/5n2/3p4/3N1B1P/8/PPP1PPP1/RN1QKB1R w KQkq -,MODEL_PREDICTION_NOT_EMPIRICAL
ORD-09,B6,1100,maia3-5m,4,f2f3,f3,0.07786984741687775,0.9039586335420609,0.7536093894184128,463,21,516,r1bqkb1r/pp1npppp/5n2/3p4/3N1B1P/8/PPP1PPP1/RN1QKB1R w KQkq -,MODEL_PREDICTION_NOT_EMPIRICAL
ORD-09,B6,1100,maia3-5m,5,h4h5,h5,0.04566255956888199,0.9039586335420609,0.7536093894184128,495,19,486,r1bqkb1r/pp1npppp/5n2/3p4/3N1B1P/8/PPP1PPP1/RN1QKB1R w KQkq -,MODEL_PREDICTION_NOT_EMPIRICAL
ORD-09,B6,1100,maia3-5m,6,g2g3,g3,0.0428902767598629,0.9039586335420609,0.7536093894184128,479,21,500,r1bqkb1r/pp1npppp/5n2/3p4/3N1B1P/8/PPP1PPP1/RN1QKB1R w KQkq -,MODEL_PREDICTION_NOT_EMPIRICAL
ORD-09,B6,1100,maia3-5m,7,c2c3,c3,0.034407150000333786,0.9039586335420609,0.7536093894184128,478,21,501,r1bqkb1r/pp1npppp/5n2/3p4/3N1B1P/8/PPP1PPP1/RN1QKB1R w KQkq -,MODEL_PREDICTION_NOT_EMPIRICAL
ORD-09,B6,1100,maia3-5m,8,f4g5,Bg5,0.017823385074734688,0.9039586335420609,0.7536093894184128,455,21,524,r1bqkb1r/pp1npppp/5n2/3p4/3N1B1P/8/PPP1PPP1/RN1QKB1R w KQkq -,MODEL_PREDICTION_NOT_EMPIRICAL
ORD-09,B6,1100,maia3-5m,9,d4f3,Nf3,0.016911156475543976,0.9039586335420609,0.7536093894184128,486,22,492,r1bqkb1r/pp1npppp/5n2/3p4/3N1B1P/8/PPP1PPP1/RN1QKB1R w KQkq -,MODEL_PREDICTION_NOT_EMPIRICAL
ORD-09,B6,1100,maia3-5m,10,g2g4,g4,0.013971349224448204,0.9039586335420609,0.7536093894184128,477,22,501,r1bqkb1r/pp1npppp/5n2/3p4/3N1B1P/8/PPP1PPP1/RN1QKB1R w KQkq -,MODEL_PREDICTION_NOT_EMPIRICAL
ORD-09,B6,1300,maia3-5m,1,e2e3,e3,0.3617507517337799,0.9194096671417356,0.7536671332273962,479,20,501,r1bqkb1r/pp1npppp/5n2/3p4/3N1B1P/8/PPP1PPP1/RN1QKB1R w KQkq -,MODEL_PREDICTION_NOT_EMPIRICAL
ORD-09,B6,1300,maia3-5m,2,b1c3,Nc3,0.17553217709064484,0.9194096671417356,0.7536671332273962,472,20,508,r1bqkb1r/pp1npppp/5n2/3p4/3N1B1P/8/PPP1PPP1/RN1QKB1R w KQkq -,MODEL_PREDICTION_NOT_EMPIRICAL
ORD-09,B6,1300,maia3-5m,3,d4b5,Nb5,0.13339883089065552,0.9194096671417356,0.7536671332273962,600,17,383,r1bqkb1r/pp1npppp/5n2/3p4/3N1B1P/8/PPP1PPP1/RN1QKB1R w KQkq -,MODEL_PREDICTION_NOT_EMPIRICAL
ORD-09,B6,1300,maia3-5m,4,f2f3,f3,0.0651688352227211,0.9194096671417356,0.7536671332273962,444,20,536,r1bqkb1r/pp1npppp/5n2/3p4/3N1B1P/8/PPP1PPP1/RN1QKB1R w KQkq -,MODEL_PREDICTION_NOT_EMPIRICAL
ORD-09,B6,1300,maia3-5m,5,h4h5,h5,0.06422227621078491,0.9194096671417356,0.7536671332273962,479,19,502,r1bqkb1r/pp1npppp/5n2/3p4/3N1B1P/8/PPP1PPP1/RN1QKB1R w KQkq -,MODEL_PREDICTION_NOT_EMPIRICAL
ORD-09,B6,1300,maia3-5m,6,c2c3,c3,0.03743309900164604,0.9194096671417356,0.7536671332273962,466,21,513,r1bqkb1r/pp1npppp/5n2/3p4/3N1B1P/8/PPP1PPP1/RN1QKB1R w KQkq -,MODEL_PREDICTION_NOT_EMPIRICAL
ORD-09,B6,1300,maia3-5m,7,g2g3,g3,0.026569820940494537,0.9194096671417356,0.7536671332273962,458,20,522,r1bqkb1r/pp1npppp/5n2/3p4/3N1B1P/8/PPP1PPP1/RN1QKB1R w KQkq -,MODEL_PREDICTION_NOT_EMPIRICAL
ORD-09,B6,1300,maia3-5m,8,d4f3,Nf3,0.023912305012345314,0.9194096671417356,0.7536671332273962,482,22,496,r1bqkb1r/pp1npppp/5n2/3p4/3N1B1P/8/PPP1PPP1/RN1QKB1R w KQkq -,MODEL_PREDICTION_NOT_EMPIRICAL
ORD-09,B6,1300,maia3-5m,9,f4g5,Bg5,0.016046952456235886,0.9194096671417356,0.7536671332273962,454,21,525,r1bqkb1r/pp1npppp/5n2/3p4/3N1B1P/8/PPP1PPP1/RN1QKB1R w KQkq -,MODEL_PREDICTION_NOT_EMPIRICAL
ORD-09,B6,1300,maia3-5m,10,b1d2,Nd2,0.015374618582427502,0.9194096671417356,0.7536671332273962,457,21,522,r1bqkb1r/pp1npppp/5n2/3p4/3N1B1P/8/PPP1PPP1/RN1QKB1R w KQkq -,MODEL_PREDICTION_NOT_EMPIRICAL
ORD-09,B6,1500,maia3-5m,1,e2e3,e3,0.3582635819911957,0.9225392527878284,0.7650690648464734,472,21,507,r1bqkb1r/pp1npppp/5n2/3p4/3N1B1P/8/PPP1PPP1/RN1QKB1R w KQkq -,MODEL_PREDICTION_NOT_EMPIRICAL
ORD-09,B6,1500,maia3-5m,2,b1c3,Nc3,0.16253824532032013,0.9225392527878284,0.7650690648464734,461,21,518,r1bqkb1r/pp1npppp/5n2/3p4/3N1B1P/8/PPP1PPP1/RN1QKB1R w KQkq -,MODEL_PREDICTION_NOT_EMPIRICAL
ORD-09,B6,1500,maia3-5m,3,d4b5,Nb5,0.13239847123622894,0.9225392527878284,0.7650690648464734,577,18,405,r1bqkb1r/pp1npppp/5n2/3p4/3N1B1P/8/PPP1PPP1/RN1QKB1R w KQkq -,MODEL_PREDICTION_NOT_EMPIRICAL
ORD-09,B6,1500,maia3-5m,4,h4h5,h5,0.08656413108110428,0.9225392527878284,0.7650690648464734,459,19,522,r1bqkb1r/pp1npppp/5n2/3p4/3N1B1P/8/PPP1PPP1/RN1QKB1R w KQkq -,MODEL_PREDICTION_NOT_EMPIRICAL
ORD-09,B6,1500,maia3-5m,5,f2f3,f3,0.05013493821024895,0.9225392527878284,0.7650690648464734,430,21,549,r1bqkb1r/pp1npppp/5n2/3p4/3N1B1P/8/PPP1PPP1/RN1QKB1R w KQkq -,MODEL_PREDICTION_NOT_EMPIRICAL
ORD-09,B6,1500,maia3-5m,6,d4f3,Nf3,0.04147644713521004,0.9225392527878284,0.7650690648464734,474,24,502,r1bqkb1r/pp1npppp/5n2/3p4/3N1B1P/8/PPP1PPP1/RN1QKB1R w KQkq -,MODEL_PREDICTION_NOT_EMPIRICAL
ORD-09,B6,1500,maia3-5m,7,c2c3,c3,0.040019650012254715,0.9225392527878284,0.7650690648464734,457,22,521,r1bqkb1r/pp1npppp/5n2/3p4/3N1B1P/8/PPP1PPP1/RN1QKB1R w KQkq -,MODEL_PREDICTION_NOT_EMPIRICAL
ORD-09,B6,1500,maia3-5m,8,g2g3,g3,0.01783573627471924,0.9225392527878284,0.7650690648464734,446,21,533,r1bqkb1r/pp1npppp/5n2/3p4/3N1B1P/8/PPP1PPP1/RN1QKB1R w KQkq -,MODEL_PREDICTION_NOT_EMPIRICAL
ORD-09,B6,1500,maia3-5m,9,b1d2,Nd2,0.017063966020941734,0.9225392527878284,0.7650690648464734,447,22,531,r1bqkb1r/pp1npppp/5n2/3p4/3N1B1P/8/PPP1PPP1/RN1QKB1R w KQkq -,MODEL_PREDICTION_NOT_EMPIRICAL
ORD-09,B6,1500,maia3-5m,10,f4g5,Bg5,0.016244085505604744,0.9225392527878284,0.7650690648464734,451,22,527,r1bqkb1r/pp1npppp/5n2/3p4/3N1B1P/8/PPP1PPP1/RN1QKB1R w KQkq -,MODEL_PREDICTION_NOT_EMPIRICAL
ORD-09,B6,1700,maia3-5m,1,e2e3,e3,0.34406033158302307,0.9236375112086535,0.7875183823669548,462,23,515,r1bqkb1r/pp1npppp/5n2/3p4/3N1B1P/8/PPP1PPP1/RN1QKB1R w KQkq -,MODEL_PREDICTION_NOT_EMPIRICAL
ORD-09,B6,1700,maia3-5m,2,b1c3,Nc3,0.13664047420024872,0.9236375112086535,0.7875183823669548,449,24,527,r1bqkb1r/pp1npppp/5n2/3p4/3N1B1P/8/PPP1PPP1/RN1QKB1R w KQkq -,MODEL_PREDICTION_NOT_EMPIRICAL
ORD-09,B6,1700,maia3-5m,3,d4b5,Nb5,0.12264058738946915,0.9236375112086535,0.7875183823669548,539,20,441,r1bqkb1r/pp1npppp/5n2/3p4/3N1B1P/8/PPP1PPP1/RN1QKB1R w KQkq -,MODEL_PREDICTION_NOT_EMPIRICAL
ORD-09,B6,1700,maia3-5m,4,h4h5,h5,0.09352649003267288,0.9236375112086535,0.7875183823669548,441,21,538,r1bqkb1r/pp1npppp/5n2/3p4/3N1B1P/8/PPP1PPP1/RN1QKB1R w KQkq -,MODEL_PREDICTION_NOT_EMPIRICAL
ORD-09,B6,1700,maia3-5m,5,d4f3,Nf3,0.09253143519163132,0.9236375112086535,0.7875183823669548,457,27,516,r1bqkb1r/pp1npppp/5n2/3p4/3N1B1P/8/PPP1PPP1/RN1QKB1R w KQkq -,MODEL_PREDICTION_NOT_EMPIRICAL
ORD-09,B6,1700,maia3-5m,6,c2c3,c3,0.042740318924188614,0.9236375112086535,0.7875183823669548,445,25,530,r1bqkb1r/pp1npppp/5n2/3p4/3N1B1P/8/PPP1PPP1/RN1QKB1R w KQkq -,MODEL_PREDICTION_NOT_EMPIRICAL
ORD-09,B6,1700,maia3-5m,7,f2f3,f3,0.03710978478193283,0.9236375112086535,0.7875183823669548,414,22,564,r1bqkb1r/pp1npppp/5n2/3p4/3N1B1P/8/PPP1PPP1/RN1QKB1R w KQkq -,MODEL_PREDICTION_NOT_EMPIRICAL
ORD-09,B6,1700,maia3-5m,8,f4h2,Bh2,0.018991421908140182,0.9236375112086535,0.7875183823669548,431,23,546,r1bqkb1r/pp1npppp/5n2/3p4/3N1B1P/8/PPP1PPP1/RN1QKB1R w KQkq -,MODEL_PREDICTION_NOT_EMPIRICAL
ORD-09,B6,1700,maia3-5m,9,f4g5,Bg5,0.018021266907453537,0.9236375112086535,0.7875183823669548,441,24,535,r1bqkb1r/pp1npppp/5n2/3p4/3N1B1P/8/PPP1PPP1/RN1QKB1R w KQkq -,MODEL_PREDICTION_NOT_EMPIRICAL
ORD-09,B6,1700,maia3-5m,10,f4g3,Bg3,0.01737540028989315,0.9236375112086535,0.7875183823669548,457,23,520,r1bqkb1r/pp1npppp/5n2/3p4/3N1B1P/8/PPP1PPP1/RN1QKB1R w KQkq -,MODEL_PREDICTION_NOT_EMPIRICAL
ORD-09,B6,1900,maia3-5m,1,e2e3,e3,0.3302980363368988,0.9381324220448732,0.7838871660732917,468,27,505,r1bqkb1r/pp1npppp/5n2/3p4/3N1B1P/8/PPP1PPP1/RN1QKB1R w KQkq -,MODEL_PREDICTION_NOT_EMPIRICAL
ORD-09,B6,1900,maia3-5m,2,d4f3,Nf3,0.21400944888591766,0.9381324220448732,0.7838871660732917,448,31,521,r1bqkb1r/pp1npppp/5n2/3p4/3N1B1P/8/PPP1PPP1/RN1QKB1R w KQkq -,MODEL_PREDICTION_NOT_EMPIRICAL
ORD-09,B6,1900,maia3-5m,3,b1c3,Nc3,0.10019101947546005,0.9381324220448732,0.7838871660732917,450,27,523,r1bqkb1r/pp1npppp/5n2/3p4/3N1B1P/8/PPP1PPP1/RN1QKB1R w KQkq -,MODEL_PREDICTION_NOT_EMPIRICAL
ORD-09,B6,1900,maia3-5m,4,d4b5,Nb5,0.0941580981016159,0.9381324220448732,0.7838871660732917,495,25,480,r1bqkb1r/pp1npppp/5n2/3p4/3N1B1P/8/PPP1PPP1/RN1QKB1R w KQkq -,MODEL_PREDICTION_NOT_EMPIRICAL
ORD-09,B6,1900,maia3-5m,5,h4h5,h5,0.0684114396572113,0.9381324220448732,0.7838871660732917,439,25,536,r1bqkb1r/pp1npppp/5n2/3p4/3N1B1P/8/PPP1PPP1/RN1QKB1R w KQkq -,MODEL_PREDICTION_NOT_EMPIRICAL
ORD-09,B6,1900,maia3-5m,6,c2c3,c3,0.04053669050335884,0.9381324220448732,0.7838871660732917,448,29,523,r1bqkb1r/pp1npppp/5n2/3p4/3N1B1P/8/PPP1PPP1/RN1QKB1R w KQkq -,MODEL_PREDICTION_NOT_EMPIRICAL
ORD-09,B6,1900,maia3-5m,7,f4g3,Bg3,0.025165915489196777,0.9381324220448732,0.7838871660732917,450,26,524,r1bqkb1r/pp1npppp/5n2/3p4/3N1B1P/8/PPP1PPP1/RN1QKB1R w KQkq -,MODEL_PREDICTION_NOT_EMPIRICAL
ORD-09,B6,1900,maia3-5m,8,f2f3,f3,0.023046063259243965,0.9381324220448732,0.7838871660732917,413,26,561,r1bqkb1r/pp1npppp/5n2/3p4/3N1B1P/8/PPP1PPP1/RN1QKB1R w KQkq -,MODEL_PREDICTION_NOT_EMPIRICAL
ORD-09,B6,1900,maia3-5m,9,f4h2,Bh2,0.02145545557141304,0.9381324220448732,0.7838871660732917,427,27,546,r1bqkb1r/pp1npppp/5n2/3p4/3N1B1P/8/PPP1PPP1/RN1QKB1R w KQkq -,MODEL_PREDICTION_NOT_EMPIRICAL
ORD-09,B6,1900,maia3-5m,10,d4b3,Nb3,0.020860254764556885,0.9381324220448732,0.7838871660732917,415,31,554,r1bqkb1r/pp1npppp/5n2/3p4/3N1B1P/8/PPP1PPP1/RN1QKB1R w KQkq -,MODEL_PREDICTION_NOT_EMPIRICAL
ORD-09,B6,2100,maia3-5m,1,d4f3,Nf3,0.3439514935016632,0.9628412583842874,0.7068417050603581,448,39,513,r1bqkb1r/pp1npppp/5n2/3p4/3N1B1P/8/PPP1PPP1/RN1QKB1R w KQkq -,MODEL_PREDICTION_NOT_EMPIRICAL
ORD-09,B6,2100,maia3-5m,2,e2e3,e3,0.3351895213127136,0.9628412583842874,0.7068417050603581,482,34,484,r1bqkb1r/pp1npppp/5n2/3p4/3N1B1P/8/PPP1PPP1/RN1QKB1R w KQkq -,MODEL_PREDICTION_NOT_EMPIRICAL
ORD-09,B6,2100,maia3-5m,3,b1c3,Nc3,0.07687605172395706,0.9628412583842874,0.7068417050603581,462,34,504,r1bqkb1r/pp1npppp/5n2/3p4/3N1B1P/8/PPP1PPP1/RN1QKB1R w KQkq -,MODEL_PREDICTION_NOT_EMPIRICAL
ORD-09,B6,2100,maia3-5m,4,d4b5,Nb5,0.06471217423677444,0.9628412583842874,0.7068417050603581,471,31,498,r1bqkb1r/pp1npppp/5n2/3p4/3N1B1P/8/PPP1PPP1/RN1QKB1R w KQkq -,MODEL_PREDICTION_NOT_EMPIRICAL
ORD-09,B6,2100,maia3-5m,5,h4h5,h5,0.03849383816123009,0.9628412583842874,0.7068417050603581,455,31,514,r1bqkb1r/pp1npppp/5n2/3p4/3N1B1P/8/PPP1PPP1/RN1QKB1R w KQkq -,MODEL_PREDICTION_NOT_EMPIRICAL
ORD-09,B6,2100,maia3-5m,6,d4b3,Nb3,0.031119855120778084,0.9628412583842874,0.7068417050603581,420,40,540,r1bqkb1r/pp1npppp/5n2/3p4/3N1B1P/8/PPP1PPP1/RN1QKB1R w KQkq -,MODEL_PREDICTION_NOT_EMPIRICAL
ORD-09,B6,2100,maia3-5m,7,c2c3,c3,0.02852620929479599,0.9628412583842874,0.7068417050603581,465,36,499,r1bqkb1r/pp1npppp/5n2/3p4/3N1B1P/8/PPP1PPP1/RN1QKB1R w KQkq -,MODEL_PREDICTION_NOT_EMPIRICAL
ORD-09,B6,2100,maia3-5m,8,f4g3,Bg3,0.017852265387773514,0.9628412583842874,0.7068417050603581,456,33,511,r1bqkb1r/pp1npppp/5n2/3p4/3N1B1P/8/PPP1PPP1/RN1QKB1R w KQkq -,MODEL_PREDICTION_NOT_EMPIRICAL
ORD-09,B6,2100,maia3-5m,9,f4h2,Bh2,0.015084815211594105,0.9628412583842874,0.7068417050603581,440,33,527,r1bqkb1r/pp1npppp/5n2/3p4/3N1B1P/8/PPP1PPP1/RN1QKB1R w KQkq -,MODEL_PREDICTION_NOT_EMPIRICAL
ORD-09,B6,2100,maia3-5m,10,f2f3,f3,0.01103503443300724,0.9628412583842874,0.7068417050603581,433,31,536,r1bqkb1r/pp1npppp/5n2/3p4/3N1B1P/8/PPP1PPP1/RN1QKB1R w KQkq -,MODEL_PREDICTION_NOT_EMPIRICAL
TOR-08,B6,1100,maia3-5m,1,g5h4,Bh4,0.5281471610069275,0.9962114844238386,0.3991662302358361,480,25,495,rnbqkb1r/ppp1p1pp/5p2/3p2B1/3Pn3/4PN2/PPP2PPP/RN1QKB1R w KQkq -,MODEL_PREDICTION_NOT_EMPIRICAL
TOR-08,B6,1100,maia3-5m,2,g5f4,Bf4,0.4221991300582886,0.9962114844238386,0.3991662302358361,496,25,479,rnbqkb1r/ppp1p1pp/5p2/3p2B1/3Pn3/4PN2/PPP2PPP/RN1QKB1R w KQkq -,MODEL_PREDICTION_NOT_EMPIRICAL
TOR-08,B6,1100,maia3-5m,3,f1d3,Bd3,0.015527505427598953,0.9962114844238386,0.3991662302358361,338,28,634,rnbqkb1r/ppp1p1pp/5p2/3p2B1/3Pn3/4PN2/PPP2PPP/RN1QKB1R w KQkq -,MODEL_PREDICTION_NOT_EMPIRICAL
TOR-08,B6,1100,maia3-5m,4,f1b5,Bb5+,0.013226646929979324,0.9962114844238386,0.3991662302358361,405,25,570,rnbqkb1r/ppp1p1pp/5p2/3p2B1/3Pn3/4PN2/PPP2PPP/RN1QKB1R w KQkq -,MODEL_PREDICTION_NOT_EMPIRICAL
TOR-08,B6,1100,maia3-5m,5,g5f6,Bxf6,0.007152150385081768,0.9962114844238386,0.3991662302358361,390,28,582,rnbqkb1r/ppp1p1pp/5p2/3p2B1/3Pn3/4PN2/PPP2PPP/RN1QKB1R w KQkq -,MODEL_PREDICTION_NOT_EMPIRICAL
TOR-08,B6,1100,maia3-5m,6,b1c3,Nc3,0.0035611193161457777,0.9962114844238386,0.3991662302358361,376,27,597,rnbqkb1r/ppp1p1pp/5p2/3p2B1/3Pn3/4PN2/PPP2PPP/RN1QKB1R w KQkq -,MODEL_PREDICTION_NOT_EMPIRICAL
TOR-08,B6,1100,maia3-5m,7,b1d2,Nbd2,0.0026577047538012266,0.9962114844238386,0.3991662302358361,356,28,616,rnbqkb1r/ppp1p1pp/5p2/3p2B1/3Pn3/4PN2/PPP2PPP/RN1QKB1R w KQkq -,MODEL_PREDICTION_NOT_EMPIRICAL
TOR-08,B6,1100,maia3-5m,8,h2h4,h4,0.0017682717880234122,0.9962114844238386,0.3991662302358361,359,28,613,rnbqkb1r/ppp1p1pp/5p2/3p2B1/3Pn3/4PN2/PPP2PPP/RN1QKB1R w KQkq -,MODEL_PREDICTION_NOT_EMPIRICAL
TOR-08,B6,1100,maia3-5m,9,c2c4,c4,0.0010904483497142792,0.9962114844238386,0.3991662302358361,345,27,628,rnbqkb1r/ppp1p1pp/5p2/3p2B1/3Pn3/4PN2/PPP2PPP/RN1QKB1R w KQkq -,MODEL_PREDICTION_NOT_EMPIRICAL
TOR-08,B6,1100,maia3-5m,10,f3e5,Ne5,0.00088134640827775,0.9962114844238386,0.3991662302358361,348,21,631,rnbqkb1r/ppp1p1pp/5p2/3p2B1/3Pn3/4PN2/PPP2PPP/RN1QKB1R w KQkq -,MODEL_PREDICTION_NOT_EMPIRICAL
TOR-08,B6,1300,maia3-5m,1,g5h4,Bh4,0.5985053777694702,0.9979399617295712,0.3492708703518375,494,25,481,rnbqkb1r/ppp1p1pp/5p2/3p2B1/3Pn3/4PN2/PPP2PPP/RN1QKB1R w KQkq -,MODEL_PREDICTION_NOT_EMPIRICAL
TOR-08,B6,1300,maia3-5m,2,g5f4,Bf4,0.37584322690963745,0.9979399617295712,0.3492708703518375,511,25,464,rnbqkb1r/ppp1p1pp/5p2/3p2B1/3Pn3/4PN2/PPP2PPP/RN1QKB1R w KQkq -,MODEL_PREDICTION_NOT_EMPIRICAL
TOR-08,B6,1300,maia3-5m,3,f1d3,Bd3,0.008729745633900166,0.9979399617295712,0.3492708703518375,337,26,637,rnbqkb1r/ppp1p1pp/5p2/3p2B1/3Pn3/4PN2/PPP2PPP/RN1QKB1R w KQkq -,MODEL_PREDICTION_NOT_EMPIRICAL
TOR-08,B6,1300,maia3-5m,4,f1b5,Bb5+,0.004358057398349047,0.9979399617295712,0.3492708703518375,429,23,548,rnbqkb1r/ppp1p1pp/5p2/3p2B1/3Pn3/4PN2/PPP2PPP/RN1QKB1R w KQkq -,MODEL_PREDICTION_NOT_EMPIRICAL
TOR-08,B6,1300,maia3-5m,5,g5f6,Bxf6,0.004353463649749756,0.9979399617295712,0.3492708703518375,407,26,567,rnbqkb1r/ppp1p1pp/5p2/3p2B1/3Pn3/4PN2/PPP2PPP/RN1QKB1R w KQkq -,MODEL_PREDICTION_NOT_EMPIRICAL
TOR-08,B6,1300,maia3-5m,6,b1d2,Nbd2,0.00206229486502707,0.9979399617295712,0.3492708703518375,359,27,614,rnbqkb1r/ppp1p1pp/5p2/3p2B1/3Pn3/4PN2/PPP2PPP/RN1QKB1R w KQkq -,MODEL_PREDICTION_NOT_EMPIRICAL
TOR-08,B6,1300,maia3-5m,7,b1c3,Nc3,0.001546167302876711,0.9979399617295712,0.3492708703518375,373,26,601,rnbqkb1r/ppp1p1pp/5p2/3p2B1/3Pn3/4PN2/PPP2PPP/RN1QKB1R w KQkq -,MODEL_PREDICTION_NOT_EMPIRICAL
TOR-08,B6,1300,maia3-5m,8,h2h4,h4,0.0014018769143149257,0.9979399617295712,0.3492708703518375,376,26,598,rnbqkb1r/ppp1p1pp/5p2/3p2B1/3Pn3/4PN2/PPP2PPP/RN1QKB1R w KQkq -,MODEL_PREDICTION_NOT_EMPIRICAL
TOR-08,B6,1300,maia3-5m,9,c2c4,c4,0.0006832443759776652,0.9979399617295712,0.3492708703518375,344,25,631,rnbqkb1r/ppp1p1pp/5p2/3p2B1/3Pn3/4PN2/PPP2PPP/RN1QKB1R w KQkq -,MODEL_PREDICTION_NOT_EMPIRICAL
TOR-08,B6,1300,maia3-5m,10,c2c3,c3,0.0004565069102682173,0.9979399617295712,0.3492708703518375,321,26,653,rnbqkb1r/ppp1p1pp/5p2/3p2B1/3Pn3/4PN2/PPP2PPP/RN1QKB1R w KQkq -,MODEL_PREDICTION_NOT_EMPIRICAL
TOR-08,B6,1500,maia3-5m,1,g5h4,Bh4,0.6647062301635742,0.9986132710473612,0.31352721784409454,503,25,472,rnbqkb1r/ppp1p1pp/5p2/3p2B1/3Pn3/4PN2/PPP2PPP/RN1QKB1R w KQkq -,MODEL_PREDICTION_NOT_EMPIRICAL
TOR-08,B6,1500,maia3-5m,2,g5f4,Bf4,0.31959083676338196,0.9986132710473612,0.31352721784409454,523,25,452,rnbqkb1r/ppp1p1pp/5p2/3p2B1/3Pn3/4PN2/PPP2PPP/RN1QKB1R w KQkq -,MODEL_PREDICTION_NOT_EMPIRICAL
TOR-08,B6,1500,maia3-5m,3,f1d3,Bd3,0.005687491036951542,0.9986132710473612,0.31352721784409454,333,25,642,rnbqkb1r/ppp1p1pp/5p2/3p2B1/3Pn3/4PN2/PPP2PPP/RN1QKB1R w KQkq -,MODEL_PREDICTION_NOT_EMPIRICAL
TOR-08,B6,1500,maia3-5m,4,g5f6,Bxf6,0.0023697821889072657,0.9986132710473612,0.31352721784409454,430,26,544,rnbqkb1r/ppp1p1pp/5p2/3p2B1/3Pn3/4PN2/PPP2PPP/RN1QKB1R w KQkq -,MODEL_PREDICTION_NOT_EMPIRICAL
TOR-08,B6,1500,maia3-5m,5,b1d2,Nbd2,0.0017817756161093712,0.9986132710473612,0.31352721784409454,358,26,616,rnbqkb1r/ppp1p1pp/5p2/3p2B1/3Pn3/4PN2/PPP2PPP/RN1QKB1R w KQkq -,MODEL_PREDICTION_NOT_EMPIRICAL
TOR-08,B6,1500,maia3-5m,6,f1b5,Bb5+,0.0015083665493875742,0.9986132710473612,0.31352721784409454,448,24,528,rnbqkb1r/ppp1p1pp/5p2/3p2B1/3Pn3/4PN2/PPP2PPP/RN1QKB1R w KQkq -,MODEL_PREDICTION_NOT_EMPIRICAL
TOR-08,B6,1500,maia3-5m,7,h2h4,h4,0.0012763745617121458,0.9986132710473612,0.31352721784409454,380,25,595,rnbqkb1r/ppp1p1pp/5p2/3p2B1/3Pn3/4PN2/PPP2PPP/RN1QKB1R w KQkq -,MODEL_PREDICTION_NOT_EMPIRICAL
TOR-08,B6,1500,maia3-5m,8,b1c3,Nc3,0.0007888121181167662,0.9986132710473612,0.31352721784409454,371,26,603,rnbqkb1r/ppp1p1pp/5p2/3p2B1/3Pn3/4PN2/PPP2PPP/RN1QKB1R w KQkq -,MODEL_PREDICTION_NOT_EMPIRICAL
TOR-08,B6,1500,maia3-5m,9,c2c4,c4,0.0005405035917647183,0.9986132710473612,0.31352721784409454,341,25,634,rnbqkb1r/ppp1p1pp/5p2/3p2B1/3Pn3/4PN2/PPP2PPP/RN1QKB1R w KQkq -,MODEL_PREDICTION_NOT_EMPIRICAL
TOR-08,B6,1500,maia3-5m,10,c2c3,c3,0.00036309845745563507,0.9986132710473612,0.31352721784409454,317,26,657,rnbqkb1r/ppp1p1pp/5p2/3p2B1/3Pn3/4PN2/PPP2PPP/RN1QKB1R w KQkq -,MODEL_PREDICTION_NOT_EMPIRICAL
TOR-08,B6,1700,maia3-5m,1,g5h4,Bh4,0.7207037210464478,0.9990098878042772,0.2814727279028065,507,27,466,rnbqkb1r/ppp1p1pp/5p2/3p2B1/3Pn3/4PN2/PPP2PPP/RN1QKB1R w KQkq -,MODEL_PREDICTION_NOT_EMPIRICAL
TOR-08,B6,1700,maia3-5m,2,g5f4,Bf4,0.26910704374313354,0.9990098878042772,0.2814727279028065,531,27,442,rnbqkb1r/ppp1p1pp/5p2/3p2B1/3Pn3/4PN2/PPP2PPP/RN1QKB1R w KQkq -,MODEL_PREDICTION_NOT_EMPIRICAL
TOR-08,B6,1700,maia3-5m,3,f1d3,Bd3,0.003932950086891651,0.9990098878042772,0.2814727279028065,333,25,642,rnbqkb1r/ppp1p1pp/5p2/3p2B1/3Pn3/4PN2/PPP2PPP/RN1QKB1R w KQkq -,MODEL_PREDICTION_NOT_EMPIRICAL
TOR-08,B6,1700,maia3-5m,4,b1d2,Nbd2,0.0014496137155219913,0.9990098878042772,0.2814727279028065,354,26,620,rnbqkb1r/ppp1p1pp/5p2/3p2B1/3Pn3/4PN2/PPP2PPP/RN1QKB1R w KQkq -,MODEL_PREDICTION_NOT_EMPIRICAL
TOR-08,B6,1700,maia3-5m,5,h2h4,h4,0.0011394958710297942,0.9990098878042772,0.2814727279028065,390,24,586,rnbqkb1r/ppp1p1pp/5p2/3p2B1/3Pn3/4PN2/PPP2PPP/RN1QKB1R w KQkq -,MODEL_PREDICTION_NOT_EMPIRICAL
TOR-08,B6,1700,maia3-5m,6,g5f6,Bxf6,0.0010849746176972985,0.9990098878042772,0.2814727279028065,459,27,514,rnbqkb1r/ppp1p1pp/5p2/3p2B1/3Pn3/4PN2/PPP2PPP/RN1QKB1R w KQkq -,MODEL_PREDICTION_NOT_EMPIRICAL
TOR-08,B6,1700,maia3-5m,7,c2c4,c4,0.0004540826193988323,0.9990098878042772,0.2814727279028065,346,24,630,rnbqkb1r/ppp1p1pp/5p2/3p2B1/3Pn3/4PN2/PPP2PPP/RN1QKB1R w KQkq -,MODEL_PREDICTION_NOT_EMPIRICAL
TOR-08,B6,1700,maia3-5m,8,f1b5,Bb5+,0.0004539652436506003,0.9990098878042772,0.2814727279028065,471,25,504,rnbqkb1r/ppp1p1pp/5p2/3p2B1/3Pn3/4PN2/PPP2PPP/RN1QKB1R w KQkq -,MODEL_PREDICTION_NOT_EMPIRICAL
TOR-08,B6,1700,maia3-5m,9,b1c3,Nc3,0.0004068088310305029,0.9990098878042772,0.2814727279028065,362,26,612,rnbqkb1r/ppp1p1pp/5p2/3p2B1/3Pn3/4PN2/PPP2PPP/RN1QKB1R w KQkq -,MODEL_PREDICTION_NOT_EMPIRICAL
TOR-08,B6,1700,maia3-5m,10,c2c3,c3,0.0002772320294752717,0.9990098878042772,0.2814727279028065,319,25,656,rnbqkb1r/ppp1p1pp/5p2/3p2B1/3Pn3/4PN2/PPP2PPP/RN1QKB1R w KQkq -,MODEL_PREDICTION_NOT_EMPIRICAL
TOR-08,B6,1900,maia3-5m,1,g5h4,Bh4,0.7487499713897705,0.9994490398094058,0.2611104458405564,510,30,460,rnbqkb1r/ppp1p1pp/5p2/3p2B1/3Pn3/4PN2/PPP2PPP/RN1QKB1R w KQkq -,MODEL_PREDICTION_NOT_EMPIRICAL
TOR-08,B6,1900,maia3-5m,2,g5f4,Bf4,0.24477192759513855,0.9994490398094058,0.2611104458405564,540,31,429,rnbqkb1r/ppp1p1pp/5p2/3p2B1/3Pn3/4PN2/PPP2PPP/RN1QKB1R w KQkq -,MODEL_PREDICTION_NOT_EMPIRICAL
TOR-08,B6,1900,maia3-5m,3,f1d3,Bd3,0.002637854078784585,0.9994490398094058,0.2611104458405564,338,26,636,rnbqkb1r/ppp1p1pp/5p2/3p2B1/3Pn3/4PN2/PPP2PPP/RN1QKB1R w KQkq -,MODEL_PREDICTION_NOT_EMPIRICAL
TOR-08,B6,1900,maia3-5m,4,b1d2,Nbd2,0.0010416088625788689,0.9994490398094058,0.2611104458405564,357,28,615,rnbqkb1r/ppp1p1pp/5p2/3p2B1/3Pn3/4PN2/PPP2PPP/RN1QKB1R w KQkq -,MODEL_PREDICTION_NOT_EMPIRICAL
TOR-08,B6,1900,maia3-5m,5,h2h4,h4,0.0009319795644842088,0.9994490398094058,0.2611104458405564,405,26,569,rnbqkb1r/ppp1p1pp/5p2/3p2B1/3Pn3/4PN2/PPP2PPP/RN1QKB1R w KQkq -,MODEL_PREDICTION_NOT_EMPIRICAL
TOR-08,B6,1900,maia3-5m,6,g5f6,Bxf6,0.0003910800442099571,0.9994490398094058,0.2611104458405564,469,31,500,rnbqkb1r/ppp1p1pp/5p2/3p2B1/3Pn3/4PN2/PPP2PPP/RN1QKB1R w KQkq -,MODEL_PREDICTION_NOT_EMPIRICAL
TOR-08,B6,1900,maia3-5m,7,c2c4,c4,0.0003673369938042015,0.9994490398094058,0.2611104458405564,352,25,623,rnbqkb1r/ppp1p1pp/5p2/3p2B1/3Pn3/4PN2/PPP2PPP/RN1QKB1R w KQkq -,MODEL_PREDICTION_NOT_EMPIRICAL
TOR-08,B6,1900,maia3-5m,8,b1c3,Nc3,0.00020348162797745317,0.9994490398094058,0.2611104458405564,359,28,613,rnbqkb1r/ppp1p1pp/5p2/3p2B1/3Pn3/4PN2/PPP2PPP/RN1QKB1R w KQkq -,MODEL_PREDICTION_NOT_EMPIRICAL
TOR-08,B6,1900,maia3-5m,9,f3d2,Nfd2,0.0001866483362391591,0.9994490398094058,0.2611104458405564,390,26,584,rnbqkb1r/ppp1p1pp/5p2/3p2B1/3Pn3/4PN2/PPP2PPP/RN1QKB1R w KQkq -,MODEL_PREDICTION_NOT_EMPIRICAL
TOR-08,B6,1900,maia3-5m,10,f1e2,Be2,0.0001671513164183125,0.9994490398094058,0.2611104458405564,328,27,645,rnbqkb1r/ppp1p1pp/5p2/3p2B1/3Pn3/4PN2/PPP2PPP/RN1QKB1R w KQkq -,MODEL_PREDICTION_NOT_EMPIRICAL
TOR-08,B6,2100,maia3-5m,1,g5h4,Bh4,0.7328326106071472,0.999790664172906,0.2627794654454688,506,36,458,rnbqkb1r/ppp1p1pp/5p2/3p2B1/3Pn3/4PN2/PPP2PPP/RN1QKB1R w KQkq -,MODEL_PREDICTION_NOT_EMPIRICAL
TOR-08,B6,2100,maia3-5m,2,g5f4,Bf4,0.26338356733322144,0.999790664172906,0.2627794654454688,535,37,428,rnbqkb1r/ppp1p1pp/5p2/3p2B1/3Pn3/4PN2/PPP2PPP/RN1QKB1R w KQkq -,MODEL_PREDICTION_NOT_EMPIRICAL
TOR-08,B6,2100,maia3-5m,3,f1d3,Bd3,0.0015490374062210321,0.999790664172906,0.2627794654454688,346,31,623,rnbqkb1r/ppp1p1pp/5p2/3p2B1/3Pn3/4PN2/PPP2PPP/RN1QKB1R w KQkq -,MODEL_PREDICTION_NOT_EMPIRICAL
TOR-08,B6,2100,maia3-5m,4,b1d2,Nbd2,0.0006993127171881497,0.999790664172906,0.2627794654454688,365,33,602,rnbqkb1r/ppp1p1pp/5p2/3p2B1/3Pn3/4PN2/PPP2PPP/RN1QKB1R w KQkq -,MODEL_PREDICTION_NOT_EMPIRICAL
TOR-08,B6,2100,maia3-5m,5,h2h4,h4,0.0006062329048290849,0.999790664172906,0.2627794654454688,411,31,558,rnbqkb1r/ppp1p1pp/5p2/3p2B1/3Pn3/4PN2/PPP2PPP/RN1QKB1R w KQkq -,MODEL_PREDICTION_NOT_EMPIRICAL
TOR-08,B6,2100,maia3-5m,6,c2c4,c4,0.00027407059678807855,0.999790664172906,0.2627794654454688,367,31,602,rnbqkb1r/ppp1p1pp/5p2/3p2B1/3Pn3/4PN2/PPP2PPP/RN1QKB1R w KQkq -,MODEL_PREDICTION_NOT_EMPIRICAL
TOR-08,B6,2100,maia3-5m,7,f3d2,Nfd2,0.0001392529666190967,0.999790664172906,0.2627794654454688,387,32,581,rnbqkb1r/ppp1p1pp/5p2/3p2B1/3Pn3/4PN2/PPP2PPP/RN1QKB1R w KQkq -,MODEL_PREDICTION_NOT_EMPIRICAL
TOR-08,B6,2100,maia3-5m,8,b1c3,Nc3,0.00012015019456157461,0.999790664172906,0.2627794654454688,358,34,608,rnbqkb1r/ppp1p1pp/5p2/3p2B1/3Pn3/4PN2/PPP2PPP/RN1QKB1R w KQkq -,MODEL_PREDICTION_NOT_EMPIRICAL
TOR-08,B6,2100,maia3-5m,9,g5f6,Bxf6,0.00011520049883984029,0.999790664172906,0.2627794654454688,479,38,483,rnbqkb1r/ppp1p1pp/5p2/3p2B1/3Pn3/4PN2/PPP2PPP/RN1QKB1R w KQkq -,MODEL_PREDICTION_NOT_EMPIRICAL
TOR-08,B6,2100,maia3-5m,10,f1e2,Be2,7.122894749045372e-05,0.999790664172906,0.2627794654454688,325,30,645,rnbqkb1r/ppp1p1pp/5p2/3p2B1/3Pn3/4PN2/PPP2PPP/RN1QKB1R w KQkq -,MODEL_PREDICTION_NOT_EMPIRICAL
TOR-09,B6,1100,maia3-5m,1,h4g3,Bg3,0.900004506111145,0.9902411163784564,0.20377092278938855,490,31,479,rnbqkb1r/ppp1p3/5p2/3p2pp/3P3B/4P3/PPPN1PPP/R2QKB1R w KQkq -,MODEL_PREDICTION_NOT_EMPIRICAL
TOR-09,B6,1100,maia3-5m,2,h4g5,Bxg5,0.03390403091907501,0.9902411163784564,0.20377092278938855,387,29,584,rnbqkb1r/ppp1p3/5p2/3p2pp/3P3B/4P3/PPPN1PPP/R2QKB1R w KQkq -,MODEL_PREDICTION_NOT_EMPIRICAL
TOR-09,B6,1100,maia3-5m,3,f1b5,Bb5+,0.024043438956141472,0.9902411163784564,0.20377092278938855,381,32,587,rnbqkb1r/ppp1p3/5p2/3p2pp/3P3B/4P3/PPPN1PPP/R2QKB1R w KQkq -,MODEL_PREDICTION_NOT_EMPIRICAL
TOR-09,B6,1100,maia3-5m,4,d2f3,Nf3,0.008027235046029091,0.9902411163784564,0.20377092278938855,315,32,653,rnbqkb1r/ppp1p3/5p2/3p2pp/3P3B/4P3/PPPN1PPP/R2QKB1R w KQkq -,MODEL_PREDICTION_NOT_EMPIRICAL
TOR-09,B6,1100,maia3-5m,5,f1e2,Be2,0.006714858580380678,0.9902411163784564,0.20377092278938855,358,30,612,rnbqkb1r/ppp1p3/5p2/3p2pp/3P3B/4P3/PPPN1PPP/R2QKB1R w KQkq -,MODEL_PREDICTION_NOT_EMPIRICAL
TOR-09,B6,1100,maia3-5m,6,f1d3,Bd3,0.006548302248120308,0.9902411163784564,0.20377092278938855,450,26,524,rnbqkb1r/ppp1p3/5p2/3p2pp/3P3B/4P3/PPPN1PPP/R2QKB1R w KQkq -,MODEL_PREDICTION_NOT_EMPIRICAL
TOR-09,B6,1100,maia3-5m,7,g2g3,g3,0.003385894000530243,0.9902411163784564,0.20377092278938855,352,31,617,rnbqkb1r/ppp1p3/5p2/3p2pp/3P3B/4P3/PPPN1PPP/R2QKB1R w KQkq -,MODEL_PREDICTION_NOT_EMPIRICAL
TOR-09,B6,1100,maia3-5m,8,e3e4,e4,0.0026624156162142754,0.9902411163784564,0.20377092278938855,334,29,637,rnbqkb1r/ppp1p3/5p2/3p2pp/3P3B/4P3/PPPN1PPP/R2QKB1R w KQkq -,MODEL_PREDICTION_NOT_EMPIRICAL
TOR-09,B6,1100,maia3-5m,9,c2c4,c4,0.0025098079349845648,0.9902411163784564,0.20377092278938855,362,30,608,rnbqkb1r/ppp1p3/5p2/3p2pp/3P3B/4P3/PPPN1PPP/R2QKB1R w KQkq -,MODEL_PREDICTION_NOT_EMPIRICAL
TOR-09,B6,1100,maia3-5m,10,d1h5,Qxh5+,0.0024406269658356905,0.9902411163784564,0.20377092278938855,93,11,896,rnbqkb1r/ppp1p3/5p2/3p2pp/3P3B/4P3/PPPN1PPP/R2QKB1R w KQkq -,MODEL_PREDICTION_NOT_EMPIRICAL
TOR-09,B6,1300,maia3-5m,1,h4g3,Bg3,0.8566218018531799,0.9897883783560246,0.26238221464018174,504,30,466,rnbqkb1r/ppp1p3/5p2/3p2pp/3P3B/4P3/PPPN1PPP/R2QKB1R w KQkq -,MODEL_PREDICTION_NOT_EMPIRICAL
TOR-09,B6,1300,maia3-5m,2,h4g5,Bxg5,0.07155824452638626,0.9897883783560246,0.26238221464018174,403,28,569,rnbqkb1r/ppp1p3/5p2/3p2pp/3P3B/4P3/PPPN1PPP/R2QKB1R w KQkq -,MODEL_PREDICTION_NOT_EMPIRICAL
TOR-09,B6,1300,maia3-5m,3,f1b5,Bb5+,0.019510803744196892,0.9897883783560246,0.26238221464018174,395,29,576,rnbqkb1r/ppp1p3/5p2/3p2pp/3P3B/4P3/PPPN1PPP/R2QKB1R w KQkq -,MODEL_PREDICTION_NOT_EMPIRICAL
TOR-09,B6,1300,maia3-5m,4,f1e2,Be2,0.012394892051815987,0.9897883783560246,0.26238221464018174,363,26,611,rnbqkb1r/ppp1p3/5p2/3p2pp/3P3B/4P3/PPPN1PPP/R2QKB1R w KQkq -,MODEL_PREDICTION_NOT_EMPIRICAL
TOR-09,B6,1300,maia3-5m,5,f1d3,Bd3,0.01125622633844614,0.9897883783560246,0.26238221464018174,474,23,503,rnbqkb1r/ppp1p3/5p2/3p2pp/3P3B/4P3/PPPN1PPP/R2QKB1R w KQkq -,MODEL_PREDICTION_NOT_EMPIRICAL
TOR-09,B6,1300,maia3-5m,6,d2f3,Nf3,0.0074853599071502686,0.9897883783560246,0.26238221464018174,299,30,671,rnbqkb1r/ppp1p3/5p2/3p2pp/3P3B/4P3/PPPN1PPP/R2QKB1R w KQkq -,MODEL_PREDICTION_NOT_EMPIRICAL
TOR-09,B6,1300,maia3-5m,7,c2c4,c4,0.0035683673340827227,0.9897883783560246,0.26238221464018174,345,27,628,rnbqkb1r/ppp1p3/5p2/3p2pp/3P3B/4P3/PPPN1PPP/R2QKB1R w KQkq -,MODEL_PREDICTION_NOT_EMPIRICAL
TOR-09,B6,1300,maia3-5m,8,g2g3,g3,0.002579728839918971,0.9897883783560246,0.26238221464018174,337,28,635,rnbqkb1r/ppp1p3/5p2/3p2pp/3P3B/4P3/PPPN1PPP/R2QKB1R w KQkq -,MODEL_PREDICTION_NOT_EMPIRICAL
TOR-09,B6,1300,maia3-5m,9,c2c3,c3,0.0025446361396461725,0.9897883783560246,0.26238221464018174,313,28,659,rnbqkb1r/ppp1p3/5p2/3p2pp/3P3B/4P3/PPPN1PPP/R2QKB1R w KQkq -,MODEL_PREDICTION_NOT_EMPIRICAL
TOR-09,B6,1300,maia3-5m,10,d1h5,Qxh5+,0.0022683176212012768,0.9897883783560246,0.26238221464018174,86,9,905,rnbqkb1r/ppp1p3/5p2/3p2pp/3P3B/4P3/PPPN1PPP/R2QKB1R w KQkq -,MODEL_PREDICTION_NOT_EMPIRICAL
TOR-09,B6,1500,maia3-5m,1,h4g3,Bg3,0.7873139381408691,0.9894115126226097,0.34444761129769036,520,30,450,rnbqkb1r/ppp1p3/5p2/3p2pp/3P3B/4P3/PPPN1PPP/R2QKB1R w KQkq -,MODEL_PREDICTION_NOT_EMPIRICAL
TOR-09,B6,1500,maia3-5m,2,h4g5,Bxg5,0.11987867951393127,0.9894115126226097,0.34444761129769036,418,27,555,rnbqkb1r/ppp1p3/5p2/3p2pp/3P3B/4P3/PPPN1PPP/R2QKB1R w KQkq -,MODEL_PREDICTION_NOT_EMPIRICAL
TOR-09,B6,1500,maia3-5m,3,f1d3,Bd3,0.022773580625653267,0.9894115126226097,0.34444761129769036,490,22,488,rnbqkb1r/ppp1p3/5p2/3p2pp/3P3B/4P3/PPPN1PPP/R2QKB1R w KQkq -,MODEL_PREDICTION_NOT_EMPIRICAL
TOR-09,B6,1500,maia3-5m,4,f1e2,Be2,0.022416872903704643,0.9894115126226097,0.34444761129769036,350,25,625,rnbqkb1r/ppp1p3/5p2/3p2pp/3P3B/4P3/PPPN1PPP/R2QKB1R w KQkq -,MODEL_PREDICTION_NOT_EMPIRICAL
TOR-09,B6,1500,maia3-5m,5,f1b5,Bb5+,0.01565481349825859,0.9894115126226097,0.34444761129769036,404,28,568,rnbqkb1r/ppp1p3/5p2/3p2pp/3P3B/4P3/PPPN1PPP/R2QKB1R w KQkq -,MODEL_PREDICTION_NOT_EMPIRICAL
TOR-09,B6,1500,maia3-5m,6,d2f3,Nf3,0.007370942272245884,0.9894115126226097,0.34444761129769036,278,28,694,rnbqkb1r/ppp1p3/5p2/3p2pp/3P3B/4P3/PPPN1PPP/R2QKB1R w KQkq -,MODEL_PREDICTION_NOT_EMPIRICAL
TOR-09,B6,1500,maia3-5m,7,c2c4,c4,0.005937444977462292,0.9894115126226097,0.34444761129769036,336,25,639,rnbqkb1r/ppp1p3/5p2/3p2pp/3P3B/4P3/PPPN1PPP/R2QKB1R w KQkq -,MODEL_PREDICTION_NOT_EMPIRICAL
TOR-09,B6,1500,maia3-5m,8,c2c3,c3,0.0034585148096084595,0.9894115126226097,0.34444761129769036,291,26,683,rnbqkb1r/ppp1p3/5p2/3p2pp/3P3B/4P3/PPPN1PPP/R2QKB1R w KQkq -,MODEL_PREDICTION_NOT_EMPIRICAL
TOR-09,B6,1500,maia3-5m,9,d1f3,Qf3,0.0023541832342743874,0.9894115126226097,0.34444761129769036,307,24,669,rnbqkb1r/ppp1p3/5p2/3p2pp/3P3B/4P3/PPPN1PPP/R2QKB1R w KQkq -,MODEL_PREDICTION_NOT_EMPIRICAL
TOR-09,B6,1500,maia3-5m,10,g2g3,g3,0.002252542646601796,0.9894115126226097,0.34444761129769036,324,27,649,rnbqkb1r/ppp1p3/5p2/3p2pp/3P3B/4P3/PPPN1PPP/R2QKB1R w KQkq -,MODEL_PREDICTION_NOT_EMPIRICAL
TOR-09,B6,1700,maia3-5m,1,h4g3,Bg3,0.7245602607727051,0.9899367913603783,0.41740759594863586,547,32,421,rnbqkb1r/ppp1p3/5p2/3p2pp/3P3B/4P3/PPPN1PPP/R2QKB1R w KQkq -,MODEL_PREDICTION_NOT_EMPIRICAL
TOR-09,B6,1700,maia3-5m,2,h4g5,Bxg5,0.14355935156345367,0.9899367913603783,0.41740759594863586,432,28,540,rnbqkb1r/ppp1p3/5p2/3p2pp/3P3B/4P3/PPPN1PPP/R2QKB1R w KQkq -,MODEL_PREDICTION_NOT_EMPIRICAL
TOR-09,B6,1700,maia3-5m,3,f1d3,Bd3,0.04804849624633789,0.9899367913603783,0.41740759594863586,508,23,469,rnbqkb1r/ppp1p3/5p2/3p2pp/3P3B/4P3/PPPN1PPP/R2QKB1R w KQkq -,MODEL_PREDICTION_NOT_EMPIRICAL
TOR-09,B6,1700,maia3-5m,4,f1e2,Be2,0.03737683594226837,0.9899367913603783,0.41740759594863586,353,23,624,rnbqkb1r/ppp1p3/5p2/3p2pp/3P3B/4P3/PPPN1PPP/R2QKB1R w KQkq -,MODEL_PREDICTION_NOT_EMPIRICAL
TOR-09,B6,1700,maia3-5m,5,f1b5,Bb5+,0.010209102183580399,0.9899367913603783,0.41740759594863586,407,28,565,rnbqkb1r/ppp1p3/5p2/3p2pp/3P3B/4P3/PPPN1PPP/R2QKB1R w KQkq -,MODEL_PREDICTION_NOT_EMPIRICAL
TOR-09,B6,1700,maia3-5m,6,c2c4,c4,0.009999445639550686,0.9899367913603783,0.41740759594863586,328,24,648,rnbqkb1r/ppp1p3/5p2/3p2pp/3P3B/4P3/PPPN1PPP/R2QKB1R w KQkq -,MODEL_PREDICTION_NOT_EMPIRICAL
TOR-09,B6,1700,maia3-5m,7,d2f3,Nf3,0.007024574093520641,0.9899367913603783,0.41740759594863586,270,26,704,rnbqkb1r/ppp1p3/5p2/3p2pp/3P3B/4P3/PPPN1PPP/R2QKB1R w KQkq -,MODEL_PREDICTION_NOT_EMPIRICAL
TOR-09,B6,1700,maia3-5m,8,c2c3,c3,0.004335745237767696,0.9899367913603783,0.41740759594863586,283,25,692,rnbqkb1r/ppp1p3/5p2/3p2pp/3P3B/4P3/PPPN1PPP/R2QKB1R w KQkq -,MODEL_PREDICTION_NOT_EMPIRICAL
TOR-09,B6,1700,maia3-5m,9,d1f3,Qf3,0.0026493114419281483,0.9899367913603783,0.41740759594863586,292,22,686,rnbqkb1r/ppp1p3/5p2/3p2pp/3P3B/4P3/PPPN1PPP/R2QKB1R w KQkq -,MODEL_PREDICTION_NOT_EMPIRICAL
TOR-09,B6,1700,maia3-5m,10,g2g3,g3,0.0021736682392656803,0.9899367913603783,0.41740759594863586,318,25,657,rnbqkb1r/ppp1p3/5p2/3p2pp/3P3B/4P3/PPPN1PPP/R2QKB1R w KQkq -,MODEL_PREDICTION_NOT_EMPIRICAL
TOR-09,B6,1900,maia3-5m,1,h4g3,Bg3,0.6733698844909668,0.9907726352103055,0.47972766087355073,577,34,389,rnbqkb1r/ppp1p3/5p2/3p2pp/3P3B/4P3/PPPN1PPP/R2QKB1R w KQkq -,MODEL_PREDICTION_NOT_EMPIRICAL
TOR-09,B6,1900,maia3-5m,2,h4g5,Bxg5,0.11456979811191559,0.9907726352103055,0.47972766087355073,447,30,523,rnbqkb1r/ppp1p3/5p2/3p2pp/3P3B/4P3/PPPN1PPP/R2QKB1R w KQkq -,MODEL_PREDICTION_NOT_EMPIRICAL
TOR-09,B6,1900,maia3-5m,3,f1d3,Bd3,0.10089616477489471,0.9907726352103055,0.47972766087355073,519,27,454,rnbqkb1r/ppp1p3/5p2/3p2pp/3P3B/4P3/PPPN1PPP/R2QKB1R w KQkq -,MODEL_PREDICTION_NOT_EMPIRICAL
TOR-09,B6,1900,maia3-5m,4,f1e2,Be2,0.06443746387958527,0.9907726352103055,0.47972766087355073,386,24,590,rnbqkb1r/ppp1p3/5p2/3p2pp/3P3B/4P3/PPPN1PPP/R2QKB1R w KQkq -,MODEL_PREDICTION_NOT_EMPIRICAL
TOR-09,B6,1900,maia3-5m,5,c2c4,c4,0.015965035185217857,0.9907726352103055,0.47972766087355073,334,24,642,rnbqkb1r/ppp1p3/5p2/3p2pp/3P3B/4P3/PPPN1PPP/R2QKB1R w KQkq -,MODEL_PREDICTION_NOT_EMPIRICAL
TOR-09,B6,1900,maia3-5m,6,d2f3,Nf3,0.006547302007675171,0.9907726352103055,0.47972766087355073,274,24,702,rnbqkb1r/ppp1p3/5p2/3p2pp/3P3B/4P3/PPPN1PPP/R2QKB1R w KQkq -,MODEL_PREDICTION_NOT_EMPIRICAL
TOR-09,B6,1900,maia3-5m,7,c2c3,c3,0.00495188171043992,0.9907726352103055,0.47972766087355073,291,23,686,rnbqkb1r/ppp1p3/5p2/3p2pp/3P3B/4P3/PPPN1PPP/R2QKB1R w KQkq -,MODEL_PREDICTION_NOT_EMPIRICAL
TOR-09,B6,1900,maia3-5m,8,f1b5,Bb5+,0.004816245753318071,0.9907726352103055,0.47972766087355073,428,29,543,rnbqkb1r/ppp1p3/5p2/3p2pp/3P3B/4P3/PPPN1PPP/R2QKB1R w KQkq -,MODEL_PREDICTION_NOT_EMPIRICAL
TOR-09,B6,1900,maia3-5m,9,d1f3,Qf3,0.002835426712408662,0.9907726352103055,0.47972766087355073,290,22,688,rnbqkb1r/ppp1p3/5p2/3p2pp/3P3B/4P3/PPPN1PPP/R2QKB1R w KQkq -,MODEL_PREDICTION_NOT_EMPIRICAL
TOR-09,B6,1900,maia3-5m,10,g2g3,g3,0.0023834325838834047,0.9907726352103055,0.47972766087355073,333,25,642,rnbqkb1r/ppp1p3/5p2/3p2pp/3P3B/4P3/PPPN1PPP/R2QKB1R w KQkq -,MODEL_PREDICTION_NOT_EMPIRICAL
TOR-09,B6,2100,maia3-5m,1,h4g3,Bg3,0.6315648555755615,0.9934083139523864,0.5081887762915994,590,39,371,rnbqkb1r/ppp1p3/5p2/3p2pp/3P3B/4P3/PPPN1PPP/R2QKB1R w KQkq -,MODEL_PREDICTION_NOT_EMPIRICAL
TOR-09,B6,2100,maia3-5m,2,f1d3,Bd3,0.16127502918243408,0.9934083139523864,0.5081887762915994,525,33,442,rnbqkb1r/ppp1p3/5p2/3p2pp/3P3B/4P3/PPPN1PPP/R2QKB1R w KQkq -,MODEL_PREDICTION_NOT_EMPIRICAL
TOR-09,B6,2100,maia3-5m,3,f1e2,Be2,0.10444923490285873,0.9934083139523864,0.5081887762915994,441,30,529,rnbqkb1r/ppp1p3/5p2/3p2pp/3P3B/4P3/PPPN1PPP/R2QKB1R w KQkq -,MODEL_PREDICTION_NOT_EMPIRICAL
TOR-09,B6,2100,maia3-5m,4,h4g5,Bxg5,0.054248251020908356,0.9934083139523864,0.5081887762915994,451,35,514,rnbqkb1r/ppp1p3/5p2/3p2pp/3P3B/4P3/PPPN1PPP/R2QKB1R w KQkq -,MODEL_PREDICTION_NOT_EMPIRICAL
TOR-09,B6,2100,maia3-5m,5,c2c4,c4,0.02271922305226326,0.9934083139523864,0.5081887762915994,350,28,622,rnbqkb1r/ppp1p3/5p2/3p2pp/3P3B/4P3/PPPN1PPP/R2QKB1R w KQkq -,MODEL_PREDICTION_NOT_EMPIRICAL
TOR-09,B6,2100,maia3-5m,6,d2f3,Nf3,0.005278778728097677,0.9934083139523864,0.5081887762915994,295,26,679,rnbqkb1r/ppp1p3/5p2/3p2pp/3P3B/4P3/PPPN1PPP/R2QKB1R w KQkq -,MODEL_PREDICTION_NOT_EMPIRICAL
TOR-09,B6,2100,maia3-5m,7,c2c3,c3,0.005252004601061344,0.9934083139523864,0.5081887762915994,307,26,667,rnbqkb1r/ppp1p3/5p2/3p2pp/3P3B/4P3/PPPN1PPP/R2QKB1R w KQkq -,MODEL_PREDICTION_NOT_EMPIRICAL
TOR-09,B6,2100,maia3-5m,8,f2f3,f3,0.0034690063912421465,0.9934083139523864,0.5081887762915994,308,24,668,rnbqkb1r/ppp1p3/5p2/3p2pp/3P3B/4P3/PPPN1PPP/R2QKB1R w KQkq -,MODEL_PREDICTION_NOT_EMPIRICAL
TOR-09,B6,2100,maia3-5m,9,d1f3,Qf3,0.0025987878907471895,0.9934083139523864,0.5081887762915994,300,26,674,rnbqkb1r/ppp1p3/5p2/3p2pp/3P3B/4P3/PPPN1PPP/R2QKB1R w KQkq -,MODEL_PREDICTION_NOT_EMPIRICAL
TOR-09,B6,2100,maia3-5m,10,g2g3,g3,0.0025531426072120667,0.9934083139523864,0.5081887762915994,367,30,603,rnbqkb1r/ppp1p3/5p2/3p2pp/3P3B/4P3/PPPN1PPP/R2QKB1R w KQkq -,MODEL_PREDICTION_NOT_EMPIRICAL
STO-01,B6,1100,maia3-5m,1,g1f3,Nf3,0.3864642381668091,0.9692452875897288,0.7721238249681435,438,24,538,rn1qkb1r/pp2pppp/5n2/3p1b2/2pP1P2/4P3/PPP1B1PP/RNBQK1NR w KQkq -,MODEL_PREDICTION_NOT_EMPIRICAL
STO-01,B6,1100,maia3-5m,2,c2c3,c3,0.17735451459884644,0.9692452875897288,0.7721238249681435,383,25,592,rn1qkb1r/pp2pppp/5n2/3p1b2/2pP1P2/4P3/PPP1B1PP/RNBQK1NR w KQkq -,MODEL_PREDICTION_NOT_EMPIRICAL
STO-01,B6,1100,maia3-5m,3,b1c3,Nc3,0.10095742344856262,0.9692452875897288,0.7721238249681435,420,25,555,rn1qkb1r/pp2pppp/5n2/3p1b2/2pP1P2/4P3/PPP1B1PP/RNBQK1NR w KQkq -,MODEL_PREDICTION_NOT_EMPIRICAL
STO-01,B6,1100,maia3-5m,4,b2b3,b3,0.09128905832767487,0.9692452875897288,0.7721238249681435,416,25,559,rn1qkb1r/pp2pppp/5n2/3p1b2/2pP1P2/4P3/PPP1B1PP/RNBQK1NR w KQkq -,MODEL_PREDICTION_NOT_EMPIRICAL
STO-01,B6,1100,maia3-5m,5,g2g4,g4,0.09000206738710403,0.9692452875897288,0.7721238249681435,411,22,567,rn1qkb1r/pp2pppp/5n2/3p1b2/2pP1P2/4P3/PPP1B1PP/RNBQK1NR w KQkq -,MODEL_PREDICTION_NOT_EMPIRICAL
STO-01,B6,1100,maia3-5m,6,h2h3,h3,0.049953244626522064,0.9692452875897288,0.7721238249681435,400,25,575,rn1qkb1r/pp2pppp/5n2/3p1b2/2pP1P2/4P3/PPP1B1PP/RNBQK1NR w KQkq -,MODEL_PREDICTION_NOT_EMPIRICAL
STO-01,B6,1100,maia3-5m,7,e2f3,Bf3,0.031116224825382233,0.9692452875897288,0.7721238249681435,405,25,570,rn1qkb1r/pp2pppp/5n2/3p1b2/2pP1P2/4P3/PPP1B1PP/RNBQK1NR w KQkq -,MODEL_PREDICTION_NOT_EMPIRICAL
STO-01,B6,1100,maia3-5m,8,b1d2,Nd2,0.015865052118897438,0.9692452875897288,0.7721238249681435,388,25,587,rn1qkb1r/pp2pppp/5n2/3p1b2/2pP1P2/4P3/PPP1B1PP/RNBQK1NR w KQkq -,MODEL_PREDICTION_NOT_EMPIRICAL
STO-01,B6,1100,maia3-5m,9,c1d2,Bd2,0.01457859668880701,0.9692452875897288,0.7721238249681435,400,24,576,rn1qkb1r/pp2pppp/5n2/3p1b2/2pP1P2/4P3/PPP1B1PP/RNBQK1NR w KQkq -,MODEL_PREDICTION_NOT_EMPIRICAL
STO-01,B6,1100,maia3-5m,10,b1a3,Na3,0.011664867401123047,0.9692452875897288,0.7721238249681435,401,23,576,rn1qkb1r/pp2pppp/5n2/3p1b2/2pP1P2/4P3/PPP1B1PP/RNBQK1NR w KQkq -,MODEL_PREDICTION_NOT_EMPIRICAL
STO-01,B6,1300,maia3-5m,1,g1f3,Nf3,0.4433533847332001,0.9792016488499939,0.7146312494940692,444,25,531,rn1qkb1r/pp2pppp/5n2/3p1b2/2pP1P2/4P3/PPP1B1PP/RNBQK1NR w KQkq -,MODEL_PREDICTION_NOT_EMPIRICAL
STO-01,B6,1300,maia3-5m,2,c2c3,c3,0.21391622722148895,0.9792016488499939,0.7146312494940692,392,26,582,rn1qkb1r/pp2pppp/5n2/3p1b2/2pP1P2/4P3/PPP1B1PP/RNBQK1NR w KQkq -,MODEL_PREDICTION_NOT_EMPIRICAL
STO-01,B6,1300,maia3-5m,3,b1c3,Nc3,0.08618863672018051,0.9792016488499939,0.7146312494940692,429,25,546,rn1qkb1r/pp2pppp/5n2/3p1b2/2pP1P2/4P3/PPP1B1PP/RNBQK1NR w KQkq -,MODEL_PREDICTION_NOT_EMPIRICAL
STO-01,B6,1300,maia3-5m,4,b2b3,b3,0.06683964282274246,0.9792016488499939,0.7146312494940692,416,25,559,rn1qkb1r/pp2pppp/5n2/3p1b2/2pP1P2/4P3/PPP1B1PP/RNBQK1NR w KQkq -,MODEL_PREDICTION_NOT_EMPIRICAL
STO-01,B6,1300,maia3-5m,5,g2g4,g4,0.06404971331357956,0.9792016488499939,0.7146312494940692,413,21,566,rn1qkb1r/pp2pppp/5n2/3p1b2/2pP1P2/4P3/PPP1B1PP/RNBQK1NR w KQkq -,MODEL_PREDICTION_NOT_EMPIRICAL
STO-01,B6,1300,maia3-5m,6,h2h3,h3,0.03675442561507225,0.9792016488499939,0.7146312494940692,407,25,568,rn1qkb1r/pp2pppp/5n2/3p1b2/2pP1P2/4P3/PPP1B1PP/RNBQK1NR w KQkq -,MODEL_PREDICTION_NOT_EMPIRICAL
STO-01,B6,1300,maia3-5m,7,e2f3,Bf3,0.034537795931100845,0.9792016488499939,0.7146312494940692,413,25,562,rn1qkb1r/pp2pppp/5n2/3p1b2/2pP1P2/4P3/PPP1B1PP/RNBQK1NR w KQkq -,MODEL_PREDICTION_NOT_EMPIRICAL
STO-01,B6,1300,maia3-5m,8,b1d2,Nd2,0.014495701529085636,0.9792016488499939,0.7146312494940692,397,25,578,rn1qkb1r/pp2pppp/5n2/3p1b2/2pP1P2/4P3/PPP1B1PP/RNBQK1NR w KQkq -,MODEL_PREDICTION_NOT_EMPIRICAL
STO-01,B6,1300,maia3-5m,9,c1d2,Bd2,0.01240379735827446,0.9792016488499939,0.7146312494940692,406,24,570,rn1qkb1r/pp2pppp/5n2/3p1b2/2pP1P2/4P3/PPP1B1PP/RNBQK1NR w KQkq -,MODEL_PREDICTION_NOT_EMPIRICAL
STO-01,B6,1300,maia3-5m,10,a2a3,a3,0.006662323605269194,0.9792016488499939,0.7146312494940692,399,25,576,rn1qkb1r/pp2pppp/5n2/3p1b2/2pP1P2/4P3/PPP1B1PP/RNBQK1NR w KQkq -,MODEL_PREDICTION_NOT_EMPIRICAL
STO-01,B6,1500,maia3-5m,1,g1f3,Nf3,0.49251967668533325,0.9884807113558054,0.6443787110120787,447,27,526,rn1qkb1r/pp2pppp/5n2/3p1b2/2pP1P2/4P3/PPP1B1PP/RNBQK1NR w KQkq -,MODEL_PREDICTION_NOT_EMPIRICAL
STO-01,B6,1500,maia3-5m,2,c2c3,c3,0.2589561641216278,0.9884807113558054,0.6443787110120787,396,27,577,rn1qkb1r/pp2pppp/5n2/3p1b2/2pP1P2/4P3/PPP1B1PP/RNBQK1NR w KQkq -,MODEL_PREDICTION_NOT_EMPIRICAL
STO-01,B6,1500,maia3-5m,3,b1c3,Nc3,0.06657930463552475,0.9884807113558054,0.6443787110120787,436,26,538,rn1qkb1r/pp2pppp/5n2/3p1b2/2pP1P2/4P3/PPP1B1PP/RNBQK1NR w KQkq -,MODEL_PREDICTION_NOT_EMPIRICAL
STO-01,B6,1500,maia3-5m,4,b2b3,b3,0.04136684909462929,0.9884807113558054,0.6443787110120787,414,26,560,rn1qkb1r/pp2pppp/5n2/3p1b2/2pP1P2/4P3/PPP1B1PP/RNBQK1NR w KQkq -,MODEL_PREDICTION_NOT_EMPIRICAL
STO-01,B6,1500,maia3-5m,5,g2g4,g4,0.04057006910443306,0.9884807113558054,0.6443787110120787,411,21,568,rn1qkb1r/pp2pppp/5n2/3p1b2/2pP1P2/4P3/PPP1B1PP/RNBQK1NR w KQkq -,MODEL_PREDICTION_NOT_EMPIRICAL
STO-01,B6,1500,maia3-5m,6,e2f3,Bf3,0.036834005266427994,0.9884807113558054,0.6443787110120787,418,26,556,rn1qkb1r/pp2pppp/5n2/3p1b2/2pP1P2/4P3/PPP1B1PP/RNBQK1NR w KQkq -,MODEL_PREDICTION_NOT_EMPIRICAL
STO-01,B6,1500,maia3-5m,7,h2h3,h3,0.020682547241449356,0.9884807113558054,0.6443787110120787,411,27,562,rn1qkb1r/pp2pppp/5n2/3p1b2/2pP1P2/4P3/PPP1B1PP/RNBQK1NR w KQkq -,MODEL_PREDICTION_NOT_EMPIRICAL
STO-01,B6,1500,maia3-5m,8,b1d2,Nd2,0.013145172968506813,0.9884807113558054,0.6443787110120787,404,26,570,rn1qkb1r/pp2pppp/5n2/3p1b2/2pP1P2/4P3/PPP1B1PP/RNBQK1NR w KQkq -,MODEL_PREDICTION_NOT_EMPIRICAL
STO-01,B6,1500,maia3-5m,9,c1d2,Bd2,0.00937704835087061,0.9884807113558054,0.6443787110120787,409,25,566,rn1qkb1r/pp2pppp/5n2/3p1b2/2pP1P2/4P3/PPP1B1PP/RNBQK1NR w KQkq -,MODEL_PREDICTION_NOT_EMPIRICAL
STO-01,B6,1500,maia3-5m,10,a2a3,a3,0.008449873887002468,0.9884807113558054,0.6443787110120787,401,26,573,rn1qkb1r/pp2pppp/5n2/3p1b2/2pP1P2/4P3/PPP1B1PP/RNBQK1NR w KQkq -,MODEL_PREDICTION_NOT_EMPIRICAL
STO-01,B6,1700,maia3-5m,1,g1f3,Nf3,0.5055161118507385,0.9933290495537221,0.5654227875909028,447,29,524,rn1qkb1r/pp2pppp/5n2/3p1b2/2pP1P2/4P3/PPP1B1PP/RNBQK1NR w KQkq -,MODEL_PREDICTION_NOT_EMPIRICAL
STO-01,B6,1700,maia3-5m,2,c2c3,c3,0.3273146152496338,0.9933290495537221,0.5654227875909028,398,28,574,rn1qkb1r/pp2pppp/5n2/3p1b2/2pP1P2/4P3/PPP1B1PP/RNBQK1NR w KQkq -,MODEL_PREDICTION_NOT_EMPIRICAL
STO-01,B6,1700,maia3-5m,3,b1c3,Nc3,0.045889679342508316,0.9933290495537221,0.5654227875909028,443,28,529,rn1qkb1r/pp2pppp/5n2/3p1b2/2pP1P2/4P3/PPP1B1PP/RNBQK1NR w KQkq -,MODEL_PREDICTION_NOT_EMPIRICAL
STO-01,B6,1700,maia3-5m,4,e2f3,Bf3,0.036001499742269516,0.9933290495537221,0.5654227875909028,425,27,548,rn1qkb1r/pp2pppp/5n2/3p1b2/2pP1P2/4P3/PPP1B1PP/RNBQK1NR w KQkq -,MODEL_PREDICTION_NOT_EMPIRICAL
STO-01,B6,1700,maia3-5m,5,g2g4,g4,0.02393975853919983,0.9933290495537221,0.5654227875909028,402,23,575,rn1qkb1r/pp2pppp/5n2/3p1b2/2pP1P2/4P3/PPP1B1PP/RNBQK1NR w KQkq -,MODEL_PREDICTION_NOT_EMPIRICAL
STO-01,B6,1700,maia3-5m,6,b2b3,b3,0.02015099488198757,0.9933290495537221,0.5654227875909028,412,27,561,rn1qkb1r/pp2pppp/5n2/3p1b2/2pP1P2/4P3/PPP1B1PP/RNBQK1NR w KQkq -,MODEL_PREDICTION_NOT_EMPIRICAL
STO-01,B6,1700,maia3-5m,7,b1d2,Nd2,0.01276884414255619,0.9933290495537221,0.5654227875909028,411,28,561,rn1qkb1r/pp2pppp/5n2/3p1b2/2pP1P2/4P3/PPP1B1PP/RNBQK1NR w KQkq -,MODEL_PREDICTION_NOT_EMPIRICAL
STO-01,B6,1700,maia3-5m,8,h2h3,h3,0.008656592108309269,0.9933290495537221,0.5654227875909028,413,28,559,rn1qkb1r/pp2pppp/5n2/3p1b2/2pP1P2/4P3/PPP1B1PP/RNBQK1NR w KQkq -,MODEL_PREDICTION_NOT_EMPIRICAL
STO-01,B6,1700,maia3-5m,9,a2a3,a3,0.007730911020189524,0.9933290495537221,0.5654227875909028,404,28,568,rn1qkb1r/pp2pppp/5n2/3p1b2/2pP1P2/4P3/PPP1B1PP/RNBQK1NR w KQkq -,MODEL_PREDICTION_NOT_EMPIRICAL
STO-01,B6,1700,maia3-5m,10,c1d2,Bd2,0.005360042676329613,0.9933290495537221,0.5654227875909028,412,27,561,rn1qkb1r/pp2pppp/5n2/3p1b2/2pP1P2/4P3/PPP1B1PP/RNBQK1NR w KQkq -,MODEL_PREDICTION_NOT_EMPIRICAL
STO-01,B6,1900,maia3-5m,1,g1f3,Nf3,0.44743379950523376,0.9957519099116325,0.5020839323777588,443,32,525,rn1qkb1r/pp2pppp/5n2/3p1b2/2pP1P2/4P3/PPP1B1PP/RNBQK1NR w KQkq -,MODEL_PREDICTION_NOT_EMPIRICAL
STO-01,B6,1900,maia3-5m,2,c2c3,c3,0.4394153356552124,0.9957519099116325,0.5020839323777588,402,31,567,rn1qkb1r/pp2pppp/5n2/3p1b2/2pP1P2/4P3/PPP1B1PP/RNBQK1NR w KQkq -,MODEL_PREDICTION_NOT_EMPIRICAL
STO-01,B6,1900,maia3-5m,3,e2f3,Bf3,0.031184226274490356,0.9957519099116325,0.5020839323777588,430,30,540,rn1qkb1r/pp2pppp/5n2/3p1b2/2pP1P2/4P3/PPP1B1PP/RNBQK1NR w KQkq -,MODEL_PREDICTION_NOT_EMPIRICAL
STO-01,B6,1900,maia3-5m,4,b1c3,Nc3,0.029719950631260872,0.9957519099116325,0.5020839323777588,444,31,525,rn1qkb1r/pp2pppp/5n2/3p1b2/2pP1P2/4P3/PPP1B1PP/RNBQK1NR w KQkq -,MODEL_PREDICTION_NOT_EMPIRICAL
STO-01,B6,1900,maia3-5m,5,b1d2,Nd2,0.014552385546267033,0.9957519099116325,0.5020839323777588,416,30,554,rn1qkb1r/pp2pppp/5n2/3p1b2/2pP1P2/4P3/PPP1B1PP/RNBQK1NR w KQkq -,MODEL_PREDICTION_NOT_EMPIRICAL
STO-01,B6,1900,maia3-5m,6,g2g4,g4,0.013736332766711712,0.9957519099116325,0.5020839323777588,390,25,585,rn1qkb1r/pp2pppp/5n2/3p1b2/2pP1P2/4P3/PPP1B1PP/RNBQK1NR w KQkq -,MODEL_PREDICTION_NOT_EMPIRICAL
STO-01,B6,1900,maia3-5m,7,b2b3,b3,0.009419339708983898,0.9957519099116325,0.5020839323777588,406,29,565,rn1qkb1r/pp2pppp/5n2/3p1b2/2pP1P2/4P3/PPP1B1PP/RNBQK1NR w KQkq -,MODEL_PREDICTION_NOT_EMPIRICAL
STO-01,B6,1900,maia3-5m,8,a2a3,a3,0.005003003403544426,0.9957519099116325,0.5020839323777588,405,30,565,rn1qkb1r/pp2pppp/5n2/3p1b2/2pP1P2/4P3/PPP1B1PP/RNBQK1NR w KQkq -,MODEL_PREDICTION_NOT_EMPIRICAL
STO-01,B6,1900,maia3-5m,9,a2a4,a4,0.002724862890318036,0.9957519099116325,0.5020839323777588,401,29,570,rn1qkb1r/pp2pppp/5n2/3p1b2/2pP1P2/4P3/PPP1B1PP/RNBQK1NR w KQkq -,MODEL_PREDICTION_NOT_EMPIRICAL
STO-01,B6,1900,maia3-5m,10,h2h3,h3,0.002562673529610038,0.9957519099116325,0.5020839323777588,409,30,561,rn1qkb1r/pp2pppp/5n2/3p1b2/2pP1P2/4P3/PPP1B1PP/RNBQK1NR w KQkq -,MODEL_PREDICTION_NOT_EMPIRICAL
STO-01,B6,2100,maia3-5m,1,c2c3,c3,0.5502392649650574,0.9983788781682961,0.4718102796777645,408,36,556,rn1qkb1r/pp2pppp/5n2/3p1b2/2pP1P2/4P3/PPP1B1PP/RNBQK1NR w KQkq -,MODEL_PREDICTION_NOT_EMPIRICAL
STO-01,B6,2100,maia3-5m,2,g1f3,Nf3,0.35380324721336365,0.9983788781682961,0.4718102796777645,440,38,522,rn1qkb1r/pp2pppp/5n2/3p1b2/2pP1P2/4P3/PPP1B1PP/RNBQK1NR w KQkq -,MODEL_PREDICTION_NOT_EMPIRICAL
STO-01,B6,2100,maia3-5m,3,e2f3,Bf3,0.02644253335893154,0.9983788781682961,0.4718102796777645,440,36,524,rn1qkb1r/pp2pppp/5n2/3p1b2/2pP1P2/4P3/PPP1B1PP/RNBQK1NR w KQkq -,MODEL_PREDICTION_NOT_EMPIRICAL
STO-01,B6,2100,maia3-5m,4,b1c3,Nc3,0.023409677669405937,0.9983788781682961,0.4718102796777645,446,37,517,rn1qkb1r/pp2pppp/5n2/3p1b2/2pP1P2/4P3/PPP1B1PP/RNBQK1NR w KQkq -,MODEL_PREDICTION_NOT_EMPIRICAL
STO-01,B6,2100,maia3-5m,5,b1d2,Nd2,0.016295744106173515,0.9983788781682961,0.4718102796777645,424,36,540,rn1qkb1r/pp2pppp/5n2/3p1b2/2pP1P2/4P3/PPP1B1PP/RNBQK1NR w KQkq -,MODEL_PREDICTION_NOT_EMPIRICAL
STO-01,B6,2100,maia3-5m,6,g2g4,g4,0.010389904491603374,0.9983788781682961,0.4718102796777645,384,30,586,rn1qkb1r/pp2pppp/5n2/3p1b2/2pP1P2/4P3/PPP1B1PP/RNBQK1NR w KQkq -,MODEL_PREDICTION_NOT_EMPIRICAL
STO-01,B6,2100,maia3-5m,7,b2b3,b3,0.009702001698315144,0.9983788781682961,0.4718102796777645,407,36,557,rn1qkb1r/pp2pppp/5n2/3p1b2/2pP1P2/4P3/PPP1B1PP/RNBQK1NR w KQkq -,MODEL_PREDICTION_NOT_EMPIRICAL
STO-01,B6,2100,maia3-5m,8,a2a4,a4,0.004480710253119469,0.9983788781682961,0.4718102796777645,409,35,556,rn1qkb1r/pp2pppp/5n2/3p1b2/2pP1P2/4P3/PPP1B1PP/RNBQK1NR w KQkq -,MODEL_PREDICTION_NOT_EMPIRICAL
STO-01,B6,2100,maia3-5m,9,a2a3,a3,0.002708024810999632,0.9983788781682961,0.4718102796777645,413,35,552,rn1qkb1r/pp2pppp/5n2/3p1b2/2pP1P2/4P3/PPP1B1PP/RNBQK1NR w KQkq -,MODEL_PREDICTION_NOT_EMPIRICAL
STO-01,B6,2100,maia3-5m,10,c1d2,Bd2,0.0009077696013264358,0.9983788781682961,0.4718102796777645,424,35,541,rn1qkb1r/pp2pppp/5n2/3p1b2/2pP1P2/4P3/PPP1B1PP/RNBQK1NR w KQkq -,MODEL_PREDICTION_NOT_EMPIRICAL
BDG-01,B6,1100,maia3-5m,1,f1d3,Bd3,0.2962307035923004,0.9455932267010212,0.8026997580046392,527,31,442,rn1qkb1r/ppp1pppp/5n2/5b2/3P4/2N2N2/PPP3PP/R1BQKB1R w KQkq -,MODEL_PREDICTION_NOT_EMPIRICAL
BDG-01,B6,1100,maia3-5m,2,f1c4,Bc4,0.25599056482315063,0.9455932267010212,0.8026997580046392,542,24,434,rn1qkb1r/ppp1pppp/5n2/5b2/3P4/2N2N2/PPP3PP/R1BQKB1R w KQkq -,MODEL_PREDICTION_NOT_EMPIRICAL
BDG-01,B6,1100,maia3-5m,3,c1f4,Bf4,0.09017930179834366,0.9455932267010212,0.8026997580046392,533,25,442,rn1qkb1r/ppp1pppp/5n2/5b2/3P4/2N2N2/PPP3PP/R1BQKB1R w KQkq -,MODEL_PREDICTION_NOT_EMPIRICAL
BDG-01,B6,1100,maia3-5m,4,c1g5,Bg5,0.07709619402885437,0.9455932267010212,0.8026997580046392,514,25,461,rn1qkb1r/ppp1pppp/5n2/5b2/3P4/2N2N2/PPP3PP/R1BQKB1R w KQkq -,MODEL_PREDICTION_NOT_EMPIRICAL
BDG-01,B6,1100,maia3-5m,5,f1b5,Bb5+,0.0547725111246109,0.9455932267010212,0.8026997580046392,483,26,491,rn1qkb1r/ppp1pppp/5n2/5b2/3P4/2N2N2/PPP3PP/R1BQKB1R w KQkq -,MODEL_PREDICTION_NOT_EMPIRICAL
BDG-01,B6,1100,maia3-5m,6,h2h3,h3,0.05107872188091278,0.9455932267010212,0.8026997580046392,504,27,469,rn1qkb1r/ppp1pppp/5n2/5b2/3P4/2N2N2/PPP3PP/R1BQKB1R w KQkq -,MODEL_PREDICTION_NOT_EMPIRICAL
BDG-01,B6,1100,maia3-5m,7,f3e5,Ne5,0.047941844910383224,0.9455932267010212,0.8026997580046392,533,23,444,rn1qkb1r/ppp1pppp/5n2/5b2/3P4/2N2N2/PPP3PP/R1BQKB1R w KQkq -,MODEL_PREDICTION_NOT_EMPIRICAL
BDG-01,B6,1100,maia3-5m,8,c1e3,Be3,0.03105499967932701,0.9455932267010212,0.8026997580046392,501,26,473,rn1qkb1r/ppp1pppp/5n2/5b2/3P4/2N2N2/PPP3PP/R1BQKB1R w KQkq -,MODEL_PREDICTION_NOT_EMPIRICAL
BDG-01,B6,1100,maia3-5m,9,d4d5,d5,0.02161237969994545,0.9455932267010212,0.8026997580046392,495,27,478,rn1qkb1r/ppp1pppp/5n2/5b2/3P4/2N2N2/PPP3PP/R1BQKB1R w KQkq -,MODEL_PREDICTION_NOT_EMPIRICAL
BDG-01,B6,1100,maia3-5m,10,f1e2,Be2,0.01963600516319275,0.9455932267010212,0.8026997580046392,502,26,472,rn1qkb1r/ppp1pppp/5n2/5b2/3P4/2N2N2/PPP3PP/R1BQKB1R w KQkq -,MODEL_PREDICTION_NOT_EMPIRICAL
BDG-01,B6,1300,maia3-5m,1,f1c4,Bc4,0.3358525037765503,0.9665361130610108,0.77975287109002,539,23,438,rn1qkb1r/ppp1pppp/5n2/5b2/3P4/2N2N2/PPP3PP/R1BQKB1R w KQkq -,MODEL_PREDICTION_NOT_EMPIRICAL
BDG-01,B6,1300,maia3-5m,2,f1d3,Bd3,0.26863765716552734,0.9665361130610108,0.77975287109002,532,29,439,rn1qkb1r/ppp1pppp/5n2/5b2/3P4/2N2N2/PPP3PP/R1BQKB1R w KQkq -,MODEL_PREDICTION_NOT_EMPIRICAL
BDG-01,B6,1300,maia3-5m,3,c1g5,Bg5,0.08056632429361343,0.9665361130610108,0.77975287109002,523,24,453,rn1qkb1r/ppp1pppp/5n2/5b2/3P4/2N2N2/PPP3PP/R1BQKB1R w KQkq -,MODEL_PREDICTION_NOT_EMPIRICAL
BDG-01,B6,1300,maia3-5m,4,c1f4,Bf4,0.07801074534654617,0.9665361130610108,0.77975287109002,544,24,432,rn1qkb1r/ppp1pppp/5n2/5b2/3P4/2N2N2/PPP3PP/R1BQKB1R w KQkq -,MODEL_PREDICTION_NOT_EMPIRICAL
BDG-01,B6,1300,maia3-5m,5,h2h3,h3,0.04853322356939316,0.9665361130610108,0.77975287109002,502,26,472,rn1qkb1r/ppp1pppp/5n2/5b2/3P4/2N2N2/PPP3PP/R1BQKB1R w KQkq -,MODEL_PREDICTION_NOT_EMPIRICAL
BDG-01,B6,1300,maia3-5m,6,c1e3,Be3,0.047620661556720734,0.9665361130610108,0.77975287109002,503,26,471,rn1qkb1r/ppp1pppp/5n2/5b2/3P4/2N2N2/PPP3PP/R1BQKB1R w KQkq -,MODEL_PREDICTION_NOT_EMPIRICAL
BDG-01,B6,1300,maia3-5m,7,f1b5,Bb5+,0.03687096759676933,0.9665361130610108,0.77975287109002,498,25,477,rn1qkb1r/ppp1pppp/5n2/5b2/3P4/2N2N2/PPP3PP/R1BQKB1R w KQkq -,MODEL_PREDICTION_NOT_EMPIRICAL
BDG-01,B6,1300,maia3-5m,8,f3e5,Ne5,0.032152194529771805,0.9665361130610108,0.77975287109002,525,22,453,rn1qkb1r/ppp1pppp/5n2/5b2/3P4/2N2N2/PPP3PP/R1BQKB1R w KQkq -,MODEL_PREDICTION_NOT_EMPIRICAL
BDG-01,B6,1300,maia3-5m,9,f1e2,Be2,0.02446896582841873,0.9665361130610108,0.77975287109002,508,25,467,rn1qkb1r/ppp1pppp/5n2/5b2/3P4/2N2N2/PPP3PP/R1BQKB1R w KQkq -,MODEL_PREDICTION_NOT_EMPIRICAL
BDG-01,B6,1300,maia3-5m,10,d4d5,d5,0.013822869397699833,0.9665361130610108,0.77975287109002,503,26,471,rn1qkb1r/ppp1pppp/5n2/5b2/3P4/2N2N2/PPP3PP/R1BQKB1R w KQkq -,MODEL_PREDICTION_NOT_EMPIRICAL
BDG-01,B6,1500,maia3-5m,1,f1c4,Bc4,0.3987197279930115,0.9793868055567145,0.7484702968179816,542,24,434,rn1qkb1r/ppp1pppp/5n2/5b2/3P4/2N2N2/PPP3PP/R1BQKB1R w KQkq -,MODEL_PREDICTION_NOT_EMPIRICAL
BDG-01,B6,1500,maia3-5m,2,f1d3,Bd3,0.23876585066318512,0.9793868055567145,0.7484702968179816,535,28,437,rn1qkb1r/ppp1pppp/5n2/5b2/3P4/2N2N2/PPP3PP/R1BQKB1R w KQkq -,MODEL_PREDICTION_NOT_EMPIRICAL
BDG-01,B6,1500,maia3-5m,3,c1g5,Bg5,0.08392155170440674,0.9793868055567145,0.7484702968179816,531,24,445,rn1qkb1r/ppp1pppp/5n2/5b2/3P4/2N2N2/PPP3PP/R1BQKB1R w KQkq -,MODEL_PREDICTION_NOT_EMPIRICAL
BDG-01,B6,1500,maia3-5m,4,c1f4,Bf4,0.07271648198366165,0.9793868055567145,0.7484702968179816,551,24,425,rn1qkb1r/ppp1pppp/5n2/5b2/3P4/2N2N2/PPP3PP/R1BQKB1R w KQkq -,MODEL_PREDICTION_NOT_EMPIRICAL
BDG-01,B6,1500,maia3-5m,5,c1e3,Be3,0.06371884047985077,0.9793868055567145,0.7484702968179816,509,26,465,rn1qkb1r/ppp1pppp/5n2/5b2/3P4/2N2N2/PPP3PP/R1BQKB1R w KQkq -,MODEL_PREDICTION_NOT_EMPIRICAL
BDG-01,B6,1500,maia3-5m,6,h2h3,h3,0.04114092141389847,0.9793868055567145,0.7484702968179816,506,26,468,rn1qkb1r/ppp1pppp/5n2/5b2/3P4/2N2N2/PPP3PP/R1BQKB1R w KQkq -,MODEL_PREDICTION_NOT_EMPIRICAL
BDG-01,B6,1500,maia3-5m,7,f1b5,Bb5+,0.025258110836148262,0.9793868055567145,0.7484702968179816,507,25,468,rn1qkb1r/ppp1pppp/5n2/5b2/3P4/2N2N2/PPP3PP/R1BQKB1R w KQkq -,MODEL_PREDICTION_NOT_EMPIRICAL
BDG-01,B6,1500,maia3-5m,8,f1e2,Be2,0.023375533521175385,0.9793868055567145,0.7484702968179816,514,25,461,rn1qkb1r/ppp1pppp/5n2/5b2/3P4/2N2N2/PPP3PP/R1BQKB1R w KQkq -,MODEL_PREDICTION_NOT_EMPIRICAL
BDG-01,B6,1500,maia3-5m,9,f3e5,Ne5,0.02240430936217308,0.9793868055567145,0.7484702968179816,531,21,448,rn1qkb1r/ppp1pppp/5n2/5b2/3P4/2N2N2/PPP3PP/R1BQKB1R w KQkq -,MODEL_PREDICTION_NOT_EMPIRICAL
BDG-01,B6,1500,maia3-5m,10,d4d5,d5,0.009365477599203587,0.9793868055567145,0.7484702968179816,516,25,459,rn1qkb1r/ppp1pppp/5n2/5b2/3P4/2N2N2/PPP3PP/R1BQKB1R w KQkq -,MODEL_PREDICTION_NOT_EMPIRICAL
BDG-01,B6,1700,maia3-5m,1,f1c4,Bc4,0.45239517092704773,0.9866045727394521,0.710234824638326,550,25,425,rn1qkb1r/ppp1pppp/5n2/5b2/3P4/2N2N2/PPP3PP/R1BQKB1R w KQkq -,MODEL_PREDICTION_NOT_EMPIRICAL
BDG-01,B6,1700,maia3-5m,2,f1d3,Bd3,0.21506410837173462,0.9866045727394521,0.710234824638326,534,29,437,rn1qkb1r/ppp1pppp/5n2/5b2/3P4/2N2N2/PPP3PP/R1BQKB1R w KQkq -,MODEL_PREDICTION_NOT_EMPIRICAL
BDG-01,B6,1700,maia3-5m,3,c1g5,Bg5,0.08676408231258392,0.9866045727394521,0.710234824638326,539,25,436,rn1qkb1r/ppp1pppp/5n2/5b2/3P4/2N2N2/PPP3PP/R1BQKB1R w KQkq -,MODEL_PREDICTION_NOT_EMPIRICAL
BDG-01,B6,1700,maia3-5m,4,c1e3,Be3,0.06945622712373734,0.9866045727394521,0.710234824638326,514,28,458,rn1qkb1r/ppp1pppp/5n2/5b2/3P4/2N2N2/PPP3PP/R1BQKB1R w KQkq -,MODEL_PREDICTION_NOT_EMPIRICAL
BDG-01,B6,1700,maia3-5m,5,c1f4,Bf4,0.06934106349945068,0.9866045727394521,0.710234824638326,562,24,414,rn1qkb1r/ppp1pppp/5n2/5b2/3P4/2N2N2/PPP3PP/R1BQKB1R w KQkq -,MODEL_PREDICTION_NOT_EMPIRICAL
BDG-01,B6,1700,maia3-5m,6,h2h3,h3,0.031480077654123306,0.9866045727394521,0.710234824638326,512,28,460,rn1qkb1r/ppp1pppp/5n2/5b2/3P4/2N2N2/PPP3PP/R1BQKB1R w KQkq -,MODEL_PREDICTION_NOT_EMPIRICAL
BDG-01,B6,1700,maia3-5m,7,f3e5,Ne5,0.018642118200659752,0.9866045727394521,0.710234824638326,537,22,441,rn1qkb1r/ppp1pppp/5n2/5b2/3P4/2N2N2/PPP3PP/R1BQKB1R w KQkq -,MODEL_PREDICTION_NOT_EMPIRICAL
BDG-01,B6,1700,maia3-5m,8,f1b5,Bb5+,0.018360907211899757,0.9866045727394521,0.710234824638326,516,26,458,rn1qkb1r/ppp1pppp/5n2/5b2/3P4/2N2N2/PPP3PP/R1BQKB1R w KQkq -,MODEL_PREDICTION_NOT_EMPIRICAL
BDG-01,B6,1700,maia3-5m,9,f1e2,Be2,0.01833871565759182,0.9866045727394521,0.710234824638326,519,27,454,rn1qkb1r/ppp1pppp/5n2/5b2/3P4/2N2N2/PPP3PP/R1BQKB1R w KQkq -,MODEL_PREDICTION_NOT_EMPIRICAL
BDG-01,B6,1700,maia3-5m,10,d4d5,d5,0.0067621017806231976,0.9866045727394521,0.710234824638326,526,27,447,rn1qkb1r/ppp1pppp/5n2/5b2/3P4/2N2N2/PPP3PP/R1BQKB1R w KQkq -,MODEL_PREDICTION_NOT_EMPIRICAL
BDG-01,B6,1900,maia3-5m,1,f1c4,Bc4,0.5154801607131958,0.9901105714961886,0.661938782602954,551,28,421,rn1qkb1r/ppp1pppp/5n2/5b2/3P4/2N2N2/PPP3PP/R1BQKB1R w KQkq -,MODEL_PREDICTION_NOT_EMPIRICAL
BDG-01,B6,1900,maia3-5m,2,f1d3,Bd3,0.18700994551181793,0.9901105714961886,0.661938782602954,528,32,440,rn1qkb1r/ppp1pppp/5n2/5b2/3P4/2N2N2/PPP3PP/R1BQKB1R w KQkq -,MODEL_PREDICTION_NOT_EMPIRICAL
BDG-01,B6,1900,maia3-5m,3,c1g5,Bg5,0.08626195043325424,0.9901105714961886,0.661938782602954,540,28,432,rn1qkb1r/ppp1pppp/5n2/5b2/3P4/2N2N2/PPP3PP/R1BQKB1R w KQkq -,MODEL_PREDICTION_NOT_EMPIRICAL
BDG-01,B6,1900,maia3-5m,4,c1f4,Bf4,0.06395214796066284,0.9901105714961886,0.661938782602954,563,26,411,rn1qkb1r/ppp1pppp/5n2/5b2/3P4/2N2N2/PPP3PP/R1BQKB1R w KQkq -,MODEL_PREDICTION_NOT_EMPIRICAL
BDG-01,B6,1900,maia3-5m,5,c1e3,Be3,0.0611698143184185,0.9901105714961886,0.661938782602954,506,30,464,rn1qkb1r/ppp1pppp/5n2/5b2/3P4/2N2N2/PPP3PP/R1BQKB1R w KQkq -,MODEL_PREDICTION_NOT_EMPIRICAL
BDG-01,B6,1900,maia3-5m,6,h2h3,h3,0.022670919075608253,0.9901105714961886,0.661938782602954,507,30,463,rn1qkb1r/ppp1pppp/5n2/5b2/3P4/2N2N2/PPP3PP/R1BQKB1R w KQkq -,MODEL_PREDICTION_NOT_EMPIRICAL
BDG-01,B6,1900,maia3-5m,7,f3e5,Ne5,0.022055961191654205,0.9901105714961886,0.661938782602954,541,24,435,rn1qkb1r/ppp1pppp/5n2/5b2/3P4/2N2N2/PPP3PP/R1BQKB1R w KQkq -,MODEL_PREDICTION_NOT_EMPIRICAL
BDG-01,B6,1900,maia3-5m,8,f1b5,Bb5+,0.01460072211921215,0.9901105714961886,0.661938782602954,514,29,457,rn1qkb1r/ppp1pppp/5n2/5b2/3P4/2N2N2/PPP3PP/R1BQKB1R w KQkq -,MODEL_PREDICTION_NOT_EMPIRICAL
BDG-01,B6,1900,maia3-5m,9,f1e2,Be2,0.011939593590795994,0.9901105714961886,0.661938782602954,514,29,457,rn1qkb1r/ppp1pppp/5n2/5b2/3P4/2N2N2/PPP3PP/R1BQKB1R w KQkq -,MODEL_PREDICTION_NOT_EMPIRICAL
BDG-01,B6,1900,maia3-5m,10,d4d5,d5,0.004969356581568718,0.9901105714961886,0.661938782602954,527,30,443,rn1qkb1r/ppp1pppp/5n2/5b2/3P4/2N2N2/PPP3PP/R1BQKB1R w KQkq -,MODEL_PREDICTION_NOT_EMPIRICAL
BDG-01,B6,2100,maia3-5m,1,f1c4,Bc4,0.5770848989486694,0.9901947448961437,0.6188495063804013,546,33,421,rn1qkb1r/ppp1pppp/5n2/5b2/3P4/2N2N2/PPP3PP/R1BQKB1R w KQkq -,MODEL_PREDICTION_NOT_EMPIRICAL
BDG-01,B6,2100,maia3-5m,2,f1d3,Bd3,0.14213085174560547,0.9901947448961437,0.6188495063804013,524,38,438,rn1qkb1r/ppp1pppp/5n2/5b2/3P4/2N2N2/PPP3PP/R1BQKB1R w KQkq -,MODEL_PREDICTION_NOT_EMPIRICAL
BDG-01,B6,2100,maia3-5m,3,c1g5,Bg5,0.08316931873559952,0.9901947448961437,0.6188495063804013,537,34,429,rn1qkb1r/ppp1pppp/5n2/5b2/3P4/2N2N2/PPP3PP/R1BQKB1R w KQkq -,MODEL_PREDICTION_NOT_EMPIRICAL
BDG-01,B6,2100,maia3-5m,4,c1f4,Bf4,0.05762322247028351,0.9901947448961437,0.6188495063804013,554,32,414,rn1qkb1r/ppp1pppp/5n2/5b2/3P4/2N2N2/PPP3PP/R1BQKB1R w KQkq -,MODEL_PREDICTION_NOT_EMPIRICAL
BDG-01,B6,2100,maia3-5m,5,f3e5,Ne5,0.045123860239982605,0.9901947448961437,0.6188495063804013,542,29,429,rn1qkb1r/ppp1pppp/5n2/5b2/3P4/2N2N2/PPP3PP/R1BQKB1R w KQkq -,MODEL_PREDICTION_NOT_EMPIRICAL
BDG-01,B6,2100,maia3-5m,6,c1e3,Be3,0.04442308843135834,0.9901947448961437,0.6188495063804013,497,36,467,rn1qkb1r/ppp1pppp/5n2/5b2/3P4/2N2N2/PPP3PP/R1BQKB1R w KQkq -,MODEL_PREDICTION_NOT_EMPIRICAL
BDG-01,B6,2100,maia3-5m,7,h2h3,h3,0.017253680154681206,0.9901947448961437,0.6188495063804013,499,36,465,rn1qkb1r/ppp1pppp/5n2/5b2/3P4/2N2N2/PPP3PP/R1BQKB1R w KQkq -,MODEL_PREDICTION_NOT_EMPIRICAL
BDG-01,B6,2100,maia3-5m,8,f1b5,Bb5+,0.012722017243504524,0.9901947448961437,0.6188495063804013,506,35,459,rn1qkb1r/ppp1pppp/5n2/5b2/3P4/2N2N2/PPP3PP/R1BQKB1R w KQkq -,MODEL_PREDICTION_NOT_EMPIRICAL
BDG-01,B6,2100,maia3-5m,9,f1e2,Be2,0.006804256234318018,0.9901947448961437,0.6188495063804013,501,35,464,rn1qkb1r/ppp1pppp/5n2/5b2/3P4/2N2N2/PPP3PP/R1BQKB1R w KQkq -,MODEL_PREDICTION_NOT_EMPIRICAL
BDG-01,B6,2100,maia3-5m,10,f3h4,Nh4,0.003859550692141056,0.9901947448961437,0.6188495063804013,515,34,451,rn1qkb1r/ppp1pppp/5n2/5b2/3P4/2N2N2/PPP3PP/R1BQKB1R w KQkq -,MODEL_PREDICTION_NOT_EMPIRICAL
ORD-10,B7,1100,maia3-5m,1,b2b3,b3,0.4131397008895874,0.9609815655276179,0.7535780627534945,456,21,523,rnb1kb1r/pp2pppp/1q3n2/3p4/3N1B2/7P/PPP1PPP1/RN1QKB1R w KQkq -,MODEL_PREDICTION_NOT_EMPIRICAL
ORD-10,B7,1100,maia3-5m,2,e2e3,e3,0.15896572172641754,0.9609815655276179,0.7535780627534945,446,21,533,rnb1kb1r/pp2pppp/1q3n2/3p4/3N1B2/7P/PPP1PPP1/RN1QKB1R w KQkq -,MODEL_PREDICTION_NOT_EMPIRICAL
ORD-10,B7,1100,maia3-5m,3,d4b3,Nb3,0.10438039153814316,0.9609815655276179,0.7535780627534945,488,21,491,rnb1kb1r/pp2pppp/1q3n2/3p4/3N1B2/7P/PPP1PPP1/RN1QKB1R w KQkq -,MODEL_PREDICTION_NOT_EMPIRICAL
ORD-10,B7,1100,maia3-5m,4,b1c3,Nc3,0.08890166878700256,0.9609815655276179,0.7535780627534945,458,21,521,rnb1kb1r/pp2pppp/1q3n2/3p4/3N1B2/7P/PPP1PPP1/RN1QKB1R w KQkq -,MODEL_PREDICTION_NOT_EMPIRICAL
ORD-10,B7,1100,maia3-5m,5,c2c3,c3,0.08157452940940857,0.9609815655276179,0.7535780627534945,429,22,549,rnb1kb1r/pp2pppp/1q3n2/3p4/3N1B2/7P/PPP1PPP1/RN1QKB1R w KQkq -,MODEL_PREDICTION_NOT_EMPIRICAL
ORD-10,B7,1100,maia3-5m,6,f4c1,Bc1,0.033487316220998764,0.9609815655276179,0.7535780627534945,427,22,551,rnb1kb1r/pp2pppp/1q3n2/3p4/3N1B2/7P/PPP1PPP1/RN1QKB1R w KQkq -,MODEL_PREDICTION_NOT_EMPIRICAL
ORD-10,B7,1100,maia3-5m,7,d1c1,Qc1,0.030606206506490707,0.9609815655276179,0.7535780627534945,315,18,667,rnb1kb1r/pp2pppp/1q3n2/3p4/3N1B2/7P/PPP1PPP1/RN1QKB1R w KQkq -,MODEL_PREDICTION_NOT_EMPIRICAL
ORD-10,B7,1100,maia3-5m,8,f4b8,Bxb8,0.020668117329478264,0.9609815655276179,0.7535780627534945,445,23,532,rnb1kb1r/pp2pppp/1q3n2/3p4/3N1B2/7P/PPP1PPP1/RN1QKB1R w KQkq -,MODEL_PREDICTION_NOT_EMPIRICAL
ORD-10,B7,1100,maia3-5m,9,f4e3,Be3,0.02008640393614769,0.9609815655276179,0.7535780627534945,438,21,541,rnb1kb1r/pp2pppp/1q3n2/3p4/3N1B2/7P/PPP1PPP1/RN1QKB1R w KQkq -,MODEL_PREDICTION_NOT_EMPIRICAL
ORD-10,B7,1100,maia3-5m,10,d4f3,Nf3,0.009171509183943272,0.9609815655276179,0.7535780627534945,400,20,580,rnb1kb1r/pp2pppp/1q3n2/3p4/3N1B2/7P/PPP1PPP1/RN1QKB1R w KQkq -,MODEL_PREDICTION_NOT_EMPIRICAL
ORD-10,B7,1300,maia3-5m,1,b2b3,b3,0.4199588894844055,0.9722083127126098,0.7372843987005606,448,20,532,rnb1kb1r/pp2pppp/1q3n2/3p4/3N1B2/7P/PPP1PPP1/RN1QKB1R w KQkq -,MODEL_PREDICTION_NOT_EMPIRICAL
ORD-10,B7,1300,maia3-5m,2,d4b3,Nb3,0.2038029283285141,0.9722083127126098,0.7372843987005606,478,21,501,rnb1kb1r/pp2pppp/1q3n2/3p4/3N1B2/7P/PPP1PPP1/RN1QKB1R w KQkq -,MODEL_PREDICTION_NOT_EMPIRICAL
ORD-10,B7,1300,maia3-5m,3,e2e3,e3,0.10514532774686813,0.9722083127126098,0.7372843987005606,451,20,529,rnb1kb1r/pp2pppp/1q3n2/3p4/3N1B2/7P/PPP1PPP1/RN1QKB1R w KQkq -,MODEL_PREDICTION_NOT_EMPIRICAL
ORD-10,B7,1300,maia3-5m,4,b1c3,Nc3,0.057372648268938065,0.9722083127126098,0.7372843987005606,451,20,529,rnb1kb1r/pp2pppp/1q3n2/3p4/3N1B2/7P/PPP1PPP1/RN1QKB1R w KQkq -,MODEL_PREDICTION_NOT_EMPIRICAL
ORD-10,B7,1300,maia3-5m,5,c2c3,c3,0.051271017640829086,0.9722083127126098,0.7372843987005606,428,22,550,rnb1kb1r/pp2pppp/1q3n2/3p4/3N1B2/7P/PPP1PPP1/RN1QKB1R w KQkq -,MODEL_PREDICTION_NOT_EMPIRICAL
ORD-10,B7,1300,maia3-5m,6,f4c1,Bc1,0.050154831260442734,0.9722083127126098,0.7372843987005606,411,22,567,rnb1kb1r/pp2pppp/1q3n2/3p4/3N1B2/7P/PPP1PPP1/RN1QKB1R w KQkq -,MODEL_PREDICTION_NOT_EMPIRICAL
ORD-10,B7,1300,maia3-5m,7,d1c1,Qc1,0.046723414212465286,0.9722083127126098,0.7372843987005606,277,17,706,rnb1kb1r/pp2pppp/1q3n2/3p4/3N1B2/7P/PPP1PPP1/RN1QKB1R w KQkq -,MODEL_PREDICTION_NOT_EMPIRICAL
ORD-10,B7,1300,maia3-5m,8,f4b8,Bxb8,0.017337609082460403,0.9722083127126098,0.7372843987005606,440,22,538,rnb1kb1r/pp2pppp/1q3n2/3p4/3N1B2/7P/PPP1PPP1/RN1QKB1R w KQkq -,MODEL_PREDICTION_NOT_EMPIRICAL
ORD-10,B7,1300,maia3-5m,9,f4e3,Be3,0.01370260026305914,0.9722083127126098,0.7372843987005606,433,21,546,rnb1kb1r/pp2pppp/1q3n2/3p4/3N1B2/7P/PPP1PPP1/RN1QKB1R w KQkq -,MODEL_PREDICTION_NOT_EMPIRICAL
ORD-10,B7,1300,maia3-5m,10,d4f3,Nf3,0.006739046424627304,0.9722083127126098,0.7372843987005606,393,19,588,rnb1kb1r/pp2pppp/1q3n2/3p4/3N1B2/7P/PPP1PPP1/RN1QKB1R w KQkq -,MODEL_PREDICTION_NOT_EMPIRICAL
ORD-10,B7,1500,maia3-5m,1,b2b3,b3,0.34891757369041443,0.976984747685492,0.7125746055765754,444,21,535,rnb1kb1r/pp2pppp/1q3n2/3p4/3N1B2/7P/PPP1PPP1/RN1QKB1R w KQkq -,MODEL_PREDICTION_NOT_EMPIRICAL
ORD-10,B7,1500,maia3-5m,2,d4b3,Nb3,0.3301815986633301,0.976984747685492,0.7125746055765754,473,23,504,rnb1kb1r/pp2pppp/1q3n2/3p4/3N1B2/7P/PPP1PPP1/RN1QKB1R w KQkq -,MODEL_PREDICTION_NOT_EMPIRICAL
ORD-10,B7,1500,maia3-5m,3,e2e3,e3,0.07267986238002777,0.976984747685492,0.7125746055765754,467,21,512,rnb1kb1r/pp2pppp/1q3n2/3p4/3N1B2/7P/PPP1PPP1/RN1QKB1R w KQkq -,MODEL_PREDICTION_NOT_EMPIRICAL
ORD-10,B7,1500,maia3-5m,4,f4c1,Bc1,0.06555154174566269,0.976984747685492,0.7125746055765754,393,23,584,rnb1kb1r/pp2pppp/1q3n2/3p4/3N1B2/7P/PPP1PPP1/RN1QKB1R w KQkq -,MODEL_PREDICTION_NOT_EMPIRICAL
ORD-10,B7,1500,maia3-5m,5,d1c1,Qc1,0.05833756923675537,0.976984747685492,0.7125746055765754,253,16,731,rnb1kb1r/pp2pppp/1q3n2/3p4/3N1B2/7P/PPP1PPP1/RN1QKB1R w KQkq -,MODEL_PREDICTION_NOT_EMPIRICAL
ORD-10,B7,1500,maia3-5m,6,b1c3,Nc3,0.041509322822093964,0.976984747685492,0.7125746055765754,449,21,530,rnb1kb1r/pp2pppp/1q3n2/3p4/3N1B2/7P/PPP1PPP1/RN1QKB1R w KQkq -,MODEL_PREDICTION_NOT_EMPIRICAL
ORD-10,B7,1500,maia3-5m,7,c2c3,c3,0.029679864645004272,0.976984747685492,0.7125746055765754,434,23,543,rnb1kb1r/pp2pppp/1q3n2/3p4/3N1B2/7P/PPP1PPP1/RN1QKB1R w KQkq -,MODEL_PREDICTION_NOT_EMPIRICAL
ORD-10,B7,1500,maia3-5m,8,f4b8,Bxb8,0.015516966581344604,0.976984747685492,0.7125746055765754,435,23,542,rnb1kb1r/pp2pppp/1q3n2/3p4/3N1B2/7P/PPP1PPP1/RN1QKB1R w KQkq -,MODEL_PREDICTION_NOT_EMPIRICAL
ORD-10,B7,1500,maia3-5m,9,f4e3,Be3,0.009029627777636051,0.976984747685492,0.7125746055765754,429,21,550,rnb1kb1r/pp2pppp/1q3n2/3p4/3N1B2/7P/PPP1PPP1/RN1QKB1R w KQkq -,MODEL_PREDICTION_NOT_EMPIRICAL
ORD-10,B7,1500,maia3-5m,10,b1d2,Nd2,0.005580820143222809,0.976984747685492,0.7125746055765754,339,19,642,rnb1kb1r/pp2pppp/1q3n2/3p4/3N1B2/7P/PPP1PPP1/RN1QKB1R w KQkq -,MODEL_PREDICTION_NOT_EMPIRICAL
ORD-10,B7,1700,maia3-5m,1,d4b3,Nb3,0.4470271170139313,0.9800314605236053,0.6772579630068539,466,26,508,rnb1kb1r/pp2pppp/1q3n2/3p4/3N1B2/7P/PPP1PPP1/RN1QKB1R w KQkq -,MODEL_PREDICTION_NOT_EMPIRICAL
ORD-10,B7,1700,maia3-5m,2,b2b3,b3,0.2557189166545868,0.9800314605236053,0.6772579630068539,438,24,538,rnb1kb1r/pp2pppp/1q3n2/3p4/3N1B2/7P/PPP1PPP1/RN1QKB1R w KQkq -,MODEL_PREDICTION_NOT_EMPIRICAL
ORD-10,B7,1700,maia3-5m,3,f4c1,Bc1,0.08121798932552338,0.9800314605236053,0.6772579630068539,378,25,597,rnb1kb1r/pp2pppp/1q3n2/3p4/3N1B2/7P/PPP1PPP1/RN1QKB1R w KQkq -,MODEL_PREDICTION_NOT_EMPIRICAL
ORD-10,B7,1700,maia3-5m,4,d1c1,Qc1,0.05875968188047409,0.9800314605236053,0.6772579630068539,244,17,739,rnb1kb1r/pp2pppp/1q3n2/3p4/3N1B2/7P/PPP1PPP1/RN1QKB1R w KQkq -,MODEL_PREDICTION_NOT_EMPIRICAL
ORD-10,B7,1700,maia3-5m,5,e2e3,e3,0.054140832275152206,0.9800314605236053,0.6772579630068539,486,22,492,rnb1kb1r/pp2pppp/1q3n2/3p4/3N1B2/7P/PPP1PPP1/RN1QKB1R w KQkq -,MODEL_PREDICTION_NOT_EMPIRICAL
ORD-10,B7,1700,maia3-5m,6,b1c3,Nc3,0.03701017051935196,0.9800314605236053,0.6772579630068539,449,22,529,rnb1kb1r/pp2pppp/1q3n2/3p4/3N1B2/7P/PPP1PPP1/RN1QKB1R w KQkq -,MODEL_PREDICTION_NOT_EMPIRICAL
ORD-10,B7,1700,maia3-5m,7,c2c3,c3,0.018951646983623505,0.9800314605236053,0.6772579630068539,442,25,533,rnb1kb1r/pp2pppp/1q3n2/3p4/3N1B2/7P/PPP1PPP1/RN1QKB1R w KQkq -,MODEL_PREDICTION_NOT_EMPIRICAL
ORD-10,B7,1700,maia3-5m,8,f4b8,Bxb8,0.014867771416902542,0.9800314605236053,0.6772579630068539,435,24,541,rnb1kb1r/pp2pppp/1q3n2/3p4/3N1B2/7P/PPP1PPP1/RN1QKB1R w KQkq -,MODEL_PREDICTION_NOT_EMPIRICAL
ORD-10,B7,1700,maia3-5m,9,b1d2,Nd2,0.006656550336629152,0.9800314605236053,0.6772579630068539,327,20,653,rnb1kb1r/pp2pppp/1q3n2/3p4/3N1B2/7P/PPP1PPP1/RN1QKB1R w KQkq -,MODEL_PREDICTION_NOT_EMPIRICAL
ORD-10,B7,1700,maia3-5m,10,f4e3,Be3,0.0056807841174304485,0.9800314605236053,0.6772579630068539,414,22,564,rnb1kb1r/pp2pppp/1q3n2/3p4/3N1B2/7P/PPP1PPP1/RN1QKB1R w KQkq -,MODEL_PREDICTION_NOT_EMPIRICAL
ORD-10,B7,1900,maia3-5m,1,d4b3,Nb3,0.5355018973350525,0.9832051773555577,0.6350958876101652,459,31,510,rnb1kb1r/pp2pppp/1q3n2/3p4/3N1B2/7P/PPP1PPP1/RN1QKB1R w KQkq -,MODEL_PREDICTION_NOT_EMPIRICAL
ORD-10,B7,1900,maia3-5m,2,b2b3,b3,0.1760624349117279,0.9832051773555577,0.6350958876101652,429,27,544,rnb1kb1r/pp2pppp/1q3n2/3p4/3N1B2/7P/PPP1PPP1/RN1QKB1R w KQkq -,MODEL_PREDICTION_NOT_EMPIRICAL
ORD-10,B7,1900,maia3-5m,3,f4c1,Bc1,0.09869993478059769,0.9832051773555577,0.6350958876101652,372,30,598,rnb1kb1r/pp2pppp/1q3n2/3p4/3N1B2/7P/PPP1PPP1/RN1QKB1R w KQkq -,MODEL_PREDICTION_NOT_EMPIRICAL
ORD-10,B7,1900,maia3-5m,4,d1c1,Qc1,0.04976527765393257,0.9832051773555577,0.6350958876101652,260,21,719,rnb1kb1r/pp2pppp/1q3n2/3p4/3N1B2/7P/PPP1PPP1/RN1QKB1R w KQkq -,MODEL_PREDICTION_NOT_EMPIRICAL
ORD-10,B7,1900,maia3-5m,5,e2e3,e3,0.04369053244590759,0.9832051773555577,0.6350958876101652,502,26,472,rnb1kb1r/pp2pppp/1q3n2/3p4/3N1B2/7P/PPP1PPP1/RN1QKB1R w KQkq -,MODEL_PREDICTION_NOT_EMPIRICAL
ORD-10,B7,1900,maia3-5m,6,b1c3,Nc3,0.040124665945768356,0.9832051773555577,0.6350958876101652,453,25,522,rnb1kb1r/pp2pppp/1q3n2/3p4/3N1B2/7P/PPP1PPP1/RN1QKB1R w KQkq -,MODEL_PREDICTION_NOT_EMPIRICAL
ORD-10,B7,1900,maia3-5m,7,c2c3,c3,0.01419899147003889,0.9832051773555577,0.6350958876101652,449,29,522,rnb1kb1r/pp2pppp/1q3n2/3p4/3N1B2/7P/PPP1PPP1/RN1QKB1R w KQkq -,MODEL_PREDICTION_NOT_EMPIRICAL
ORD-10,B7,1900,maia3-5m,8,f4b8,Bxb8,0.013116425834596157,0.9832051773555577,0.6350958876101652,435,27,538,rnb1kb1r/pp2pppp/1q3n2/3p4/3N1B2/7P/PPP1PPP1/RN1QKB1R w KQkq -,MODEL_PREDICTION_NOT_EMPIRICAL
ORD-10,B7,1900,maia3-5m,9,b1d2,Nd2,0.007582999300211668,0.9832051773555577,0.6350958876101652,345,24,631,rnb1kb1r/pp2pppp/1q3n2/3p4/3N1B2/7P/PPP1PPP1/RN1QKB1R w KQkq -,MODEL_PREDICTION_NOT_EMPIRICAL
ORD-10,B7,1900,maia3-5m,10,f4e5,Be5,0.004462017677724361,0.9832051773555577,0.6350958876101652,424,28,548,rnb1kb1r/pp2pppp/1q3n2/3p4/3N1B2/7P/PPP1PPP1/RN1QKB1R w KQkq -,MODEL_PREDICTION_NOT_EMPIRICAL
ORD-10,B7,2100,maia3-5m,1,d4b3,Nb3,0.5924951434135437,0.9852770871948451,0.5949074202502178,448,42,510,rnb1kb1r/pp2pppp/1q3n2/3p4/3N1B2/7P/PPP1PPP1/RN1QKB1R w KQkq -,MODEL_PREDICTION_NOT_EMPIRICAL
ORD-10,B7,2100,maia3-5m,2,b2b3,b3,0.12666472792625427,0.9852770871948451,0.5949074202502178,419,36,545,rnb1kb1r/pp2pppp/1q3n2/3p4/3N1B2/7P/PPP1PPP1/RN1QKB1R w KQkq -,MODEL_PREDICTION_NOT_EMPIRICAL
ORD-10,B7,2100,maia3-5m,3,f4c1,Bc1,0.09938009828329086,0.9852770871948451,0.5949074202502178,372,41,587,rnb1kb1r/pp2pppp/1q3n2/3p4/3N1B2/7P/PPP1PPP1/RN1QKB1R w KQkq -,MODEL_PREDICTION_NOT_EMPIRICAL
ORD-10,B7,2100,maia3-5m,4,b1c3,Nc3,0.05442744866013527,0.9852770871948451,0.5949074202502178,460,33,507,rnb1kb1r/pp2pppp/1q3n2/3p4/3N1B2/7P/PPP1PPP1/RN1QKB1R w KQkq -,MODEL_PREDICTION_NOT_EMPIRICAL
ORD-10,B7,2100,maia3-5m,5,e2e3,e3,0.04403240978717804,0.9852770871948451,0.5949074202502178,502,35,463,rnb1kb1r/pp2pppp/1q3n2/3p4/3N1B2/7P/PPP1PPP1/RN1QKB1R w KQkq -,MODEL_PREDICTION_NOT_EMPIRICAL
ORD-10,B7,2100,maia3-5m,6,d1c1,Qc1,0.035902854055166245,0.9852770871948451,0.5949074202502178,313,32,655,rnb1kb1r/pp2pppp/1q3n2/3p4/3N1B2/7P/PPP1PPP1/RN1QKB1R w KQkq -,MODEL_PREDICTION_NOT_EMPIRICAL
ORD-10,B7,2100,maia3-5m,7,c2c3,c3,0.012107988819479942,0.9852770871948451,0.5949074202502178,453,37,510,rnb1kb1r/pp2pppp/1q3n2/3p4/3N1B2/7P/PPP1PPP1/RN1QKB1R w KQkq -,MODEL_PREDICTION_NOT_EMPIRICAL
ORD-10,B7,2100,maia3-5m,8,f4b8,Bxb8,0.00927191786468029,0.9852770871948451,0.5949074202502178,439,36,525,rnb1kb1r/pp2pppp/1q3n2/3p4/3N1B2/7P/PPP1PPP1/RN1QKB1R w KQkq -,MODEL_PREDICTION_NOT_EMPIRICAL
ORD-10,B7,2100,maia3-5m,9,b1d2,Nd2,0.007687188684940338,0.9852770871948451,0.5949074202502178,387,34,579,rnb1kb1r/pp2pppp/1q3n2/3p4/3N1B2/7P/PPP1PPP1/RN1QKB1R w KQkq -,MODEL_PREDICTION_NOT_EMPIRICAL
ORD-10,B7,2100,maia3-5m,10,f4e5,Be5,0.00330730970017612,0.9852770871948451,0.5949074202502178,422,37,541,rnb1kb1r/pp2pppp/1q3n2/3p4/3N1B2/7P/PPP1PPP1/RN1QKB1R w KQkq -,MODEL_PREDICTION_NOT_EMPIRICAL
JOB-06,B7,1100,maia3-5m,1,d4a4,Qa4,0.36555951833724976,0.9818762014620006,0.7535512152173321,417,22,561,r1bqkb1r/pp2pppp/2n2n2/3p4/3Q1B2/2N2P2/PPP1P1PP/R3KBNR w KQkq -,MODEL_PREDICTION_NOT_EMPIRICAL
JOB-06,B7,1100,maia3-5m,2,d4d2,Qd2,0.2192741185426712,0.9818762014620006,0.7535512152173321,404,23,573,r1bqkb1r/pp2pppp/2n2n2/3p4/3Q1B2/2N2P2/PPP1P1PP/R3KBNR w KQkq -,MODEL_PREDICTION_NOT_EMPIRICAL
JOB-06,B7,1100,maia3-5m,3,d4d1,Qd1,0.1438300907611847,0.9818762014620006,0.7535512152173321,387,23,590,r1bqkb1r/pp2pppp/2n2n2/3p4/3Q1B2/2N2P2/PPP1P1PP/R3KBNR w KQkq -,MODEL_PREDICTION_NOT_EMPIRICAL
JOB-06,B7,1100,maia3-5m,4,d4d3,Qd3,0.10137948393821716,0.9818762014620006,0.7535512152173321,386,21,593,r1bqkb1r/pp2pppp/2n2n2/3p4/3Q1B2/2N2P2/PPP1P1PP/R3KBNR w KQkq -,MODEL_PREDICTION_NOT_EMPIRICAL
JOB-06,B7,1100,maia3-5m,5,d4c5,Qc5,0.06077268719673157,0.9818762014620006,0.7535512152173321,349,21,630,r1bqkb1r/pp2pppp/2n2n2/3p4/3Q1B2/2N2P2/PPP1P1PP/R3KBNR w KQkq -,MODEL_PREDICTION_NOT_EMPIRICAL
JOB-06,B7,1100,maia3-5m,6,d4e3,Qe3,0.02966867759823799,0.9818762014620006,0.7535512152173321,398,21,581,r1bqkb1r/pp2pppp/2n2n2/3p4/3Q1B2/2N2P2/PPP1P1PP/R3KBNR w KQkq -,MODEL_PREDICTION_NOT_EMPIRICAL
JOB-06,B7,1100,maia3-5m,7,d4f2,Qf2,0.028168177232146263,0.9818762014620006,0.7535512152173321,388,22,590,r1bqkb1r/pp2pppp/2n2n2/3p4/3Q1B2/2N2P2/PPP1P1PP/R3KBNR w KQkq -,MODEL_PREDICTION_NOT_EMPIRICAL
JOB-06,B7,1100,maia3-5m,8,c3b5,Nb5,0.013745235279202461,0.9818762014620006,0.7535512152173321,280,13,707,r1bqkb1r/pp2pppp/2n2n2/3p4/3Q1B2/2N2P2/PPP1P1PP/R3KBNR w KQkq -,MODEL_PREDICTION_NOT_EMPIRICAL
JOB-06,B7,1100,maia3-5m,9,e1c1,O-O-O,0.012326295487582684,0.9818762014620006,0.7535512152173321,85,10,905,r1bqkb1r/pp2pppp/2n2n2/3p4/3Q1B2/2N2P2/PPP1P1PP/R3KBNR w KQkq -,MODEL_PREDICTION_NOT_EMPIRICAL
JOB-06,B7,1100,maia3-5m,10,e2e4,e4,0.007151917088776827,0.9818762014620006,0.7535512152173321,80,10,910,r1bqkb1r/pp2pppp/2n2n2/3p4/3Q1B2/2N2P2/PPP1P1PP/R3KBNR w KQkq -,MODEL_PREDICTION_NOT_EMPIRICAL
JOB-06,B7,1300,maia3-5m,1,d4a4,Qa4,0.34690675139427185,0.9880730328150094,0.7140620362093882,423,22,555,r1bqkb1r/pp2pppp/2n2n2/3p4/3Q1B2/2N2P2/PPP1P1PP/R3KBNR w KQkq -,MODEL_PREDICTION_NOT_EMPIRICAL
JOB-06,B7,1300,maia3-5m,2,d4d2,Qd2,0.2769572138786316,0.9880730328150094,0.7140620362093882,399,23,578,r1bqkb1r/pp2pppp/2n2n2/3p4/3Q1B2/2N2P2/PPP1P1PP/R3KBNR w KQkq -,MODEL_PREDICTION_NOT_EMPIRICAL
JOB-06,B7,1300,maia3-5m,3,d4d1,Qd1,0.17420758306980133,0.9880730328150094,0.7140620362093882,380,22,598,r1bqkb1r/pp2pppp/2n2n2/3p4/3Q1B2/2N2P2/PPP1P1PP/R3KBNR w KQkq -,MODEL_PREDICTION_NOT_EMPIRICAL
JOB-06,B7,1300,maia3-5m,4,d4d3,Qd3,0.0831046774983406,0.9880730328150094,0.7140620362093882,390,21,589,r1bqkb1r/pp2pppp/2n2n2/3p4/3Q1B2/2N2P2/PPP1P1PP/R3KBNR w KQkq -,MODEL_PREDICTION_NOT_EMPIRICAL
JOB-06,B7,1300,maia3-5m,5,d4f2,Qf2,0.031917110085487366,0.9880730328150094,0.7140620362093882,388,22,590,r1bqkb1r/pp2pppp/2n2n2/3p4/3Q1B2/2N2P2/PPP1P1PP/R3KBNR w KQkq -,MODEL_PREDICTION_NOT_EMPIRICAL
JOB-06,B7,1300,maia3-5m,6,d4c5,Qc5,0.030810873955488205,0.9880730328150094,0.7140620362093882,354,20,626,r1bqkb1r/pp2pppp/2n2n2/3p4/3Q1B2/2N2P2/PPP1P1PP/R3KBNR w KQkq -,MODEL_PREDICTION_NOT_EMPIRICAL
JOB-06,B7,1300,maia3-5m,7,d4e3,Qe3,0.019516529515385628,0.9880730328150094,0.7140620362093882,402,21,577,r1bqkb1r/pp2pppp/2n2n2/3p4/3Q1B2/2N2P2/PPP1P1PP/R3KBNR w KQkq -,MODEL_PREDICTION_NOT_EMPIRICAL
JOB-06,B7,1300,maia3-5m,8,c3b5,Nb5,0.01219537016004324,0.9880730328150094,0.7140620362093882,295,12,693,r1bqkb1r/pp2pppp/2n2n2/3p4/3Q1B2/2N2P2/PPP1P1PP/R3KBNR w KQkq -,MODEL_PREDICTION_NOT_EMPIRICAL
JOB-06,B7,1300,maia3-5m,9,e1c1,O-O-O,0.008465745486319065,0.9880730328150094,0.7140620362093882,71,7,922,r1bqkb1r/pp2pppp/2n2n2/3p4/3Q1B2/2N2P2/PPP1P1PP/R3KBNR w KQkq -,MODEL_PREDICTION_NOT_EMPIRICAL
JOB-06,B7,1300,maia3-5m,10,e2e4,e4,0.003991177771240473,0.9880730328150094,0.7140620362093882,65,7,928,r1bqkb1r/pp2pppp/2n2n2/3p4/3Q1B2/2N2P2/PPP1P1PP/R3KBNR w KQkq -,MODEL_PREDICTION_NOT_EMPIRICAL
JOB-06,B7,1500,maia3-5m,1,d4a4,Qa4,0.32127809524536133,0.9915420704055578,0.6811839474457256,420,23,557,r1bqkb1r/pp2pppp/2n2n2/3p4/3Q1B2/2N2P2/PPP1P1PP/R3KBNR w KQkq -,MODEL_PREDICTION_NOT_EMPIRICAL
JOB-06,B7,1500,maia3-5m,2,d4d2,Qd2,0.31119805574417114,0.9915420704055578,0.6811839474457256,382,24,594,r1bqkb1r/pp2pppp/2n2n2/3p4/3Q1B2/2N2P2/PPP1P1PP/R3KBNR w KQkq -,MODEL_PREDICTION_NOT_EMPIRICAL
JOB-06,B7,1500,maia3-5m,3,d4d1,Qd1,0.21064908802509308,0.9915420704055578,0.6811839474457256,358,23,619,r1bqkb1r/pp2pppp/2n2n2/3p4/3Q1B2/2N2P2/PPP1P1PP/R3KBNR w KQkq -,MODEL_PREDICTION_NOT_EMPIRICAL
JOB-06,B7,1500,maia3-5m,4,d4d3,Qd3,0.06401084363460541,0.9915420704055578,0.6811839474457256,380,22,598,r1bqkb1r/pp2pppp/2n2n2/3p4/3Q1B2/2N2P2/PPP1P1PP/R3KBNR w KQkq -,MODEL_PREDICTION_NOT_EMPIRICAL
JOB-06,B7,1500,maia3-5m,5,d4f2,Qf2,0.03557070344686508,0.9915420704055578,0.6811839474457256,375,23,602,r1bqkb1r/pp2pppp/2n2n2/3p4/3Q1B2/2N2P2/PPP1P1PP/R3KBNR w KQkq -,MODEL_PREDICTION_NOT_EMPIRICAL
JOB-06,B7,1500,maia3-5m,6,d4c5,Qc5,0.018318019807338715,0.9915420704055578,0.6811839474457256,353,21,626,r1bqkb1r/pp2pppp/2n2n2/3p4/3Q1B2/2N2P2/PPP1P1PP/R3KBNR w KQkq -,MODEL_PREDICTION_NOT_EMPIRICAL
JOB-06,B7,1500,maia3-5m,7,d4e3,Qe3,0.012774653732776642,0.9915420704055578,0.6811839474457256,395,22,583,r1bqkb1r/pp2pppp/2n2n2/3p4/3Q1B2/2N2P2/PPP1P1PP/R3KBNR w KQkq -,MODEL_PREDICTION_NOT_EMPIRICAL
JOB-06,B7,1500,maia3-5m,8,c3b5,Nb5,0.009723395109176636,0.9915420704055578,0.6811839474457256,310,13,677,r1bqkb1r/pp2pppp/2n2n2/3p4/3Q1B2/2N2P2/PPP1P1PP/R3KBNR w KQkq -,MODEL_PREDICTION_NOT_EMPIRICAL
JOB-06,B7,1500,maia3-5m,9,e1c1,O-O-O,0.005513500887900591,0.9915420704055578,0.6811839474457256,63,6,931,r1bqkb1r/pp2pppp/2n2n2/3p4/3Q1B2/2N2P2/PPP1P1PP/R3KBNR w KQkq -,MODEL_PREDICTION_NOT_EMPIRICAL
JOB-06,B7,1500,maia3-5m,10,e2e4,e4,0.0025057147722691298,0.9915420704055578,0.6811839474457256,55,6,939,r1bqkb1r/pp2pppp/2n2n2/3p4/3Q1B2/2N2P2/PPP1P1PP/R3KBNR w KQkq -,MODEL_PREDICTION_NOT_EMPIRICAL
JOB-06,B7,1700,maia3-5m,1,d4d2,Qd2,0.33361777663230896,0.9938956925179809,0.6544028915835886,360,26,614,r1bqkb1r/pp2pppp/2n2n2/3p4/3Q1B2/2N2P2/PPP1P1PP/R3KBNR w KQkq -,MODEL_PREDICTION_NOT_EMPIRICAL
JOB-06,B7,1700,maia3-5m,2,d4a4,Qa4,0.3005787432193756,0.9938956925179809,0.6544028915835886,411,25,564,r1bqkb1r/pp2pppp/2n2n2/3p4/3Q1B2/2N2P2/PPP1P1PP/R3KBNR w KQkq -,MODEL_PREDICTION_NOT_EMPIRICAL
JOB-06,B7,1700,maia3-5m,3,d4d1,Qd1,0.23767714202404022,0.9938956925179809,0.6544028915835886,331,25,644,r1bqkb1r/pp2pppp/2n2n2/3p4/3Q1B2/2N2P2/PPP1P1PP/R3KBNR w KQkq -,MODEL_PREDICTION_NOT_EMPIRICAL
JOB-06,B7,1700,maia3-5m,4,d4d3,Qd3,0.04715174436569214,0.9938956925179809,0.6544028915835886,359,23,618,r1bqkb1r/pp2pppp/2n2n2/3p4/3Q1B2/2N2P2/PPP1P1PP/R3KBNR w KQkq -,MODEL_PREDICTION_NOT_EMPIRICAL
JOB-06,B7,1700,maia3-5m,5,d4f2,Qf2,0.04136800765991211,0.9938956925179809,0.6544028915835886,356,24,620,r1bqkb1r/pp2pppp/2n2n2/3p4/3Q1B2/2N2P2/PPP1P1PP/R3KBNR w KQkq -,MODEL_PREDICTION_NOT_EMPIRICAL
JOB-06,B7,1700,maia3-5m,6,d4c5,Qc5,0.012404141947627068,0.9938956925179809,0.6544028915835886,352,23,625,r1bqkb1r/pp2pppp/2n2n2/3p4/3Q1B2/2N2P2/PPP1P1PP/R3KBNR w KQkq -,MODEL_PREDICTION_NOT_EMPIRICAL
JOB-06,B7,1700,maia3-5m,7,d4e3,Qe3,0.008641798980534077,0.9938956925179809,0.6544028915835886,380,23,597,r1bqkb1r/pp2pppp/2n2n2/3p4/3Q1B2/2N2P2/PPP1P1PP/R3KBNR w KQkq -,MODEL_PREDICTION_NOT_EMPIRICAL
JOB-06,B7,1700,maia3-5m,8,c3b5,Nb5,0.007133358158171177,0.9938956925179809,0.6544028915835886,332,14,654,r1bqkb1r/pp2pppp/2n2n2/3p4/3Q1B2/2N2P2/PPP1P1PP/R3KBNR w KQkq -,MODEL_PREDICTION_NOT_EMPIRICAL
JOB-06,B7,1700,maia3-5m,9,e1c1,O-O-O,0.00360635994002223,0.9938956925179809,0.6544028915835886,62,6,932,r1bqkb1r/pp2pppp/2n2n2/3p4/3Q1B2/2N2P2/PPP1P1PP/R3KBNR w KQkq -,MODEL_PREDICTION_NOT_EMPIRICAL
JOB-06,B7,1700,maia3-5m,10,e2e4,e4,0.0017166195902973413,0.9938956925179809,0.6544028915835886,51,5,944,r1bqkb1r/pp2pppp/2n2n2/3p4/3Q1B2/2N2P2/PPP1P1PP/R3KBNR w KQkq -,MODEL_PREDICTION_NOT_EMPIRICAL
JOB-06,B7,1900,maia3-5m,1,d4d2,Qd2,0.36653393507003784,0.9959802469238639,0.6277363025882424,350,30,620,r1bqkb1r/pp2pppp/2n2n2/3p4/3Q1B2/2N2P2/PPP1P1PP/R3KBNR w KQkq -,MODEL_PREDICTION_NOT_EMPIRICAL
JOB-06,B7,1900,maia3-5m,2,d4a4,Qa4,0.29709896445274353,0.9959802469238639,0.6277363025882424,403,29,568,r1bqkb1r/pp2pppp/2n2n2/3p4/3Q1B2/2N2P2/PPP1P1PP/R3KBNR w KQkq -,MODEL_PREDICTION_NOT_EMPIRICAL
JOB-06,B7,1900,maia3-5m,3,d4d1,Qd1,0.22614258527755737,0.9959802469238639,0.6277363025882424,312,28,660,r1bqkb1r/pp2pppp/2n2n2/3p4/3Q1B2/2N2P2/PPP1P1PP/R3KBNR w KQkq -,MODEL_PREDICTION_NOT_EMPIRICAL
JOB-06,B7,1900,maia3-5m,4,d4f2,Qf2,0.05044787377119064,0.9959802469238639,0.6277363025882424,343,28,629,r1bqkb1r/pp2pppp/2n2n2/3p4/3Q1B2/2N2P2/PPP1P1PP/R3KBNR w KQkq -,MODEL_PREDICTION_NOT_EMPIRICAL
JOB-06,B7,1900,maia3-5m,5,d4d3,Qd3,0.03347770869731903,0.9959802469238639,0.6277363025882424,347,26,627,r1bqkb1r/pp2pppp/2n2n2/3p4/3Q1B2/2N2P2/PPP1P1PP/R3KBNR w KQkq -,MODEL_PREDICTION_NOT_EMPIRICAL
JOB-06,B7,1900,maia3-5m,6,d4c5,Qc5,0.00862023327499628,0.9959802469238639,0.6277363025882424,346,25,629,r1bqkb1r/pp2pppp/2n2n2/3p4/3Q1B2/2N2P2/PPP1P1PP/R3KBNR w KQkq -,MODEL_PREDICTION_NOT_EMPIRICAL
JOB-06,B7,1900,maia3-5m,7,d4e3,Qe3,0.006001329515129328,0.9959802469238639,0.6277363025882424,368,26,606,r1bqkb1r/pp2pppp/2n2n2/3p4/3Q1B2/2N2P2/PPP1P1PP/R3KBNR w KQkq -,MODEL_PREDICTION_NOT_EMPIRICAL
JOB-06,B7,1900,maia3-5m,8,c3b5,Nb5,0.004320790059864521,0.9959802469238639,0.6277363025882424,349,18,633,r1bqkb1r/pp2pppp/2n2n2/3p4/3Q1B2/2N2P2/PPP1P1PP/R3KBNR w KQkq -,MODEL_PREDICTION_NOT_EMPIRICAL
JOB-06,B7,1900,maia3-5m,9,e1c1,O-O-O,0.0021974602714180946,0.9959802469238639,0.6277363025882424,74,6,920,r1bqkb1r/pp2pppp/2n2n2/3p4/3Q1B2/2N2P2/PPP1P1PP/R3KBNR w KQkq -,MODEL_PREDICTION_NOT_EMPIRICAL
JOB-06,B7,1900,maia3-5m,10,e2e4,e4,0.0011393665336072445,0.9959802469238639,0.6277363025882424,54,5,941,r1bqkb1r/pp2pppp/2n2n2/3p4/3Q1B2/2N2P2/PPP1P1PP/R3KBNR w KQkq -,MODEL_PREDICTION_NOT_EMPIRICAL
JOB-06,B7,2100,maia3-5m,1,d4d2,Qd2,0.40831413865089417,0.9977361904457211,0.5959343533769857,352,38,610,r1bqkb1r/pp2pppp/2n2n2/3p4/3Q1B2/2N2P2/PPP1P1PP/R3KBNR w KQkq -,MODEL_PREDICTION_NOT_EMPIRICAL
JOB-06,B7,2100,maia3-5m,2,d4a4,Qa4,0.32251182198524475,0.9977361904457211,0.5959343533769857,397,36,567,r1bqkb1r/pp2pppp/2n2n2/3p4/3Q1B2/2N2P2/PPP1P1PP/R3KBNR w KQkq -,MODEL_PREDICTION_NOT_EMPIRICAL
JOB-06,B7,2100,maia3-5m,3,d4d1,Qd1,0.16385148465633392,0.9977361904457211,0.5959343533769857,300,34,666,r1bqkb1r/pp2pppp/2n2n2/3p4/3Q1B2/2N2P2/PPP1P1PP/R3KBNR w KQkq -,MODEL_PREDICTION_NOT_EMPIRICAL
JOB-06,B7,2100,maia3-5m,4,d4f2,Qf2,0.06493229418992996,0.9977361904457211,0.5959343533769857,336,34,630,r1bqkb1r/pp2pppp/2n2n2/3p4/3Q1B2/2N2P2/PPP1P1PP/R3KBNR w KQkq -,MODEL_PREDICTION_NOT_EMPIRICAL
JOB-06,B7,2100,maia3-5m,5,d4d3,Qd3,0.02473471313714981,0.9977361904457211,0.5959343533769857,343,33,624,r1bqkb1r/pp2pppp/2n2n2/3p4/3Q1B2/2N2P2/PPP1P1PP/R3KBNR w KQkq -,MODEL_PREDICTION_NOT_EMPIRICAL
JOB-06,B7,2100,maia3-5m,6,d4c5,Qc5,0.005518733989447355,0.9977361904457211,0.5959343533769857,337,31,632,r1bqkb1r/pp2pppp/2n2n2/3p4/3Q1B2/2N2P2/PPP1P1PP/R3KBNR w KQkq -,MODEL_PREDICTION_NOT_EMPIRICAL
JOB-06,B7,2100,maia3-5m,7,d4e3,Qe3,0.004057521466165781,0.9977361904457211,0.5959343533769857,367,33,600,r1bqkb1r/pp2pppp/2n2n2/3p4/3Q1B2/2N2P2/PPP1P1PP/R3KBNR w KQkq -,MODEL_PREDICTION_NOT_EMPIRICAL
JOB-06,B7,2100,maia3-5m,8,c3b5,Nb5,0.0020957663655281067,0.9977361904457211,0.5959343533769857,341,24,635,r1bqkb1r/pp2pppp/2n2n2/3p4/3Q1B2/2N2P2/PPP1P1PP/R3KBNR w KQkq -,MODEL_PREDICTION_NOT_EMPIRICAL
JOB-06,B7,2100,maia3-5m,9,e1c1,O-O-O,0.0010512396693229675,0.9977361904457211,0.5959343533769857,101,10,889,r1bqkb1r/pp2pppp/2n2n2/3p4/3Q1B2/2N2P2/PPP1P1PP/R3KBNR w KQkq -,MODEL_PREDICTION_NOT_EMPIRICAL
JOB-06,B7,2100,maia3-5m,10,e2e4,e4,0.0006684763357043266,0.9977361904457211,0.5959343533769857,62,7,931,r1bqkb1r/pp2pppp/2n2n2/3p4/3Q1B2/2N2P2/PPP1P1PP/R3KBNR w KQkq -,MODEL_PREDICTION_NOT_EMPIRICAL
JOB-09,B7,1100,maia3-5m,1,d4a4,Qa4,0.31693920493125916,0.9875520276837051,0.732188899257867,412,21,567,r1bqkb1r/pp2pppp/2n2n2/3p4/3Q1B2/P1N5/1PP1PPPP/R3KBNR w KQkq -,MODEL_PREDICTION_NOT_EMPIRICAL
JOB-09,B7,1100,maia3-5m,2,d4d2,Qd2,0.2301759123802185,0.9875520276837051,0.732188899257867,392,23,585,r1bqkb1r/pp2pppp/2n2n2/3p4/3Q1B2/P1N5/1PP1PPPP/R3KBNR w KQkq -,MODEL_PREDICTION_NOT_EMPIRICAL
JOB-09,B7,1100,maia3-5m,3,d4d1,Qd1,0.22219723463058472,0.9875520276837051,0.732188899257867,386,23,591,r1bqkb1r/pp2pppp/2n2n2/3p4/3Q1B2/P1N5/1PP1PPPP/R3KBNR w KQkq -,MODEL_PREDICTION_NOT_EMPIRICAL
JOB-09,B7,1100,maia3-5m,4,d4d3,Qd3,0.10553628206253052,0.9875520276837051,0.732188899257867,404,22,574,r1bqkb1r/pp2pppp/2n2n2/3p4/3Q1B2/P1N5/1PP1PPPP/R3KBNR w KQkq -,MODEL_PREDICTION_NOT_EMPIRICAL
JOB-09,B7,1100,maia3-5m,5,d4e3,Qe3,0.04032335802912712,0.9875520276837051,0.732188899257867,381,21,598,r1bqkb1r/pp2pppp/2n2n2/3p4/3Q1B2/P1N5/1PP1PPPP/R3KBNR w KQkq -,MODEL_PREDICTION_NOT_EMPIRICAL
JOB-09,B7,1100,maia3-5m,6,d4c5,Qc5,0.0322144478559494,0.9875520276837051,0.732188899257867,329,20,651,r1bqkb1r/pp2pppp/2n2n2/3p4/3Q1B2/P1N5/1PP1PPPP/R3KBNR w KQkq -,MODEL_PREDICTION_NOT_EMPIRICAL
JOB-09,B7,1100,maia3-5m,7,c3b5,Nb5,0.02503533847630024,0.9875520276837051,0.732188899257867,275,13,712,r1bqkb1r/pp2pppp/2n2n2/3p4/3Q1B2/P1N5/1PP1PPPP/R3KBNR w KQkq -,MODEL_PREDICTION_NOT_EMPIRICAL
JOB-09,B7,1100,maia3-5m,8,e1c1,O-O-O,0.00660939235240221,0.9875520276837051,0.732188899257867,84,9,907,r1bqkb1r/pp2pppp/2n2n2/3p4/3Q1B2/P1N5/1PP1PPPP/R3KBNR w KQkq -,MODEL_PREDICTION_NOT_EMPIRICAL
JOB-09,B7,1100,maia3-5m,9,c3d5,Nxd5,0.004696918185800314,0.9875520276837051,0.732188899257867,196,16,788,r1bqkb1r/pp2pppp/2n2n2/3p4/3Q1B2/P1N5/1PP1PPPP/R3KBNR w KQkq -,MODEL_PREDICTION_NOT_EMPIRICAL
JOB-09,B7,1100,maia3-5m,10,e2e3,e3,0.0038239387795329094,0.9875520276837051,0.732188899257867,76,9,915,r1bqkb1r/pp2pppp/2n2n2/3p4/3Q1B2/P1N5/1PP1PPPP/R3KBNR w KQkq -,MODEL_PREDICTION_NOT_EMPIRICAL
JOB-09,B7,1300,maia3-5m,1,d4d1,Qd1,0.29260751605033875,0.9908946030773222,0.6850626407853544,382,23,595,r1bqkb1r/pp2pppp/2n2n2/3p4/3Q1B2/P1N5/1PP1PPPP/R3KBNR w KQkq -,MODEL_PREDICTION_NOT_EMPIRICAL
JOB-09,B7,1300,maia3-5m,2,d4a4,Qa4,0.28687354922294617,0.9908946030773222,0.6850626407853544,423,21,556,r1bqkb1r/pp2pppp/2n2n2/3p4/3Q1B2/P1N5/1PP1PPPP/R3KBNR w KQkq -,MODEL_PREDICTION_NOT_EMPIRICAL
JOB-09,B7,1300,maia3-5m,3,d4d2,Qd2,0.24944551289081573,0.9908946030773222,0.6850626407853544,390,23,587,r1bqkb1r/pp2pppp/2n2n2/3p4/3Q1B2/P1N5/1PP1PPPP/R3KBNR w KQkq -,MODEL_PREDICTION_NOT_EMPIRICAL
JOB-09,B7,1300,maia3-5m,4,d4d3,Qd3,0.0885050818324089,0.9908946030773222,0.6850626407853544,407,22,571,r1bqkb1r/pp2pppp/2n2n2/3p4/3Q1B2/P1N5/1PP1PPPP/R3KBNR w KQkq -,MODEL_PREDICTION_NOT_EMPIRICAL
JOB-09,B7,1300,maia3-5m,5,d4e3,Qe3,0.02867678366601467,0.9908946030773222,0.6850626407853544,389,20,591,r1bqkb1r/pp2pppp/2n2n2/3p4/3Q1B2/P1N5/1PP1PPPP/R3KBNR w KQkq -,MODEL_PREDICTION_NOT_EMPIRICAL
JOB-09,B7,1300,maia3-5m,6,c3b5,Nb5,0.01962387003004551,0.9908946030773222,0.6850626407853544,288,12,700,r1bqkb1r/pp2pppp/2n2n2/3p4/3Q1B2/P1N5/1PP1PPPP/R3KBNR w KQkq -,MODEL_PREDICTION_NOT_EMPIRICAL
JOB-09,B7,1300,maia3-5m,7,d4c5,Qc5,0.015556392259895802,0.9908946030773222,0.6850626407853544,337,20,643,r1bqkb1r/pp2pppp/2n2n2/3p4/3Q1B2/P1N5/1PP1PPPP/R3KBNR w KQkq -,MODEL_PREDICTION_NOT_EMPIRICAL
JOB-09,B7,1300,maia3-5m,8,e1c1,O-O-O,0.004265468567609787,0.9908946030773222,0.6850626407853544,71,7,922,r1bqkb1r/pp2pppp/2n2n2/3p4/3Q1B2/P1N5/1PP1PPPP/R3KBNR w KQkq -,MODEL_PREDICTION_NOT_EMPIRICAL
JOB-09,B7,1300,maia3-5m,9,e2e3,e3,0.002984691644087434,0.9908946030773222,0.6850626407853544,62,7,931,r1bqkb1r/pp2pppp/2n2n2/3p4/3Q1B2/P1N5/1PP1PPPP/R3KBNR w KQkq -,MODEL_PREDICTION_NOT_EMPIRICAL
JOB-09,B7,1300,maia3-5m,10,c3d5,Nxd5,0.0023557369131594896,0.9908946030773222,0.6850626407853544,223,15,762,r1bqkb1r/pp2pppp/2n2n2/3p4/3Q1B2/P1N5/1PP1PPPP/R3KBNR w KQkq -,MODEL_PREDICTION_NOT_EMPIRICAL
JOB-09,B7,1500,maia3-5m,1,d4d1,Qd1,0.37049439549446106,0.9932625161018223,0.6436993656610437,362,24,614,r1bqkb1r/pp2pppp/2n2n2/3p4/3Q1B2/P1N5/1PP1PPPP/R3KBNR w KQkq -,MODEL_PREDICTION_NOT_EMPIRICAL
JOB-09,B7,1500,maia3-5m,2,d4a4,Qa4,0.25764137506484985,0.9932625161018223,0.6436993656610437,421,23,556,r1bqkb1r/pp2pppp/2n2n2/3p4/3Q1B2/P1N5/1PP1PPPP/R3KBNR w KQkq -,MODEL_PREDICTION_NOT_EMPIRICAL
JOB-09,B7,1500,maia3-5m,3,d4d2,Qd2,0.23858672380447388,0.9932625161018223,0.6436993656610437,374,24,602,r1bqkb1r/pp2pppp/2n2n2/3p4/3Q1B2/P1N5/1PP1PPPP/R3KBNR w KQkq -,MODEL_PREDICTION_NOT_EMPIRICAL
JOB-09,B7,1500,maia3-5m,4,d4d3,Qd3,0.07467562705278397,0.9932625161018223,0.6436993656610437,394,23,583,r1bqkb1r/pp2pppp/2n2n2/3p4/3Q1B2/P1N5/1PP1PPPP/R3KBNR w KQkq -,MODEL_PREDICTION_NOT_EMPIRICAL
JOB-09,B7,1500,maia3-5m,5,d4e3,Qe3,0.021054871380329132,0.9932625161018223,0.6436993656610437,385,21,594,r1bqkb1r/pp2pppp/2n2n2/3p4/3Q1B2/P1N5/1PP1PPPP/R3KBNR w KQkq -,MODEL_PREDICTION_NOT_EMPIRICAL
JOB-09,B7,1500,maia3-5m,6,c3b5,Nb5,0.013575702905654907,0.9932625161018223,0.6436993656610437,306,12,682,r1bqkb1r/pp2pppp/2n2n2/3p4/3Q1B2/P1N5/1PP1PPPP/R3KBNR w KQkq -,MODEL_PREDICTION_NOT_EMPIRICAL
JOB-09,B7,1500,maia3-5m,7,d4c5,Qc5,0.009989267215132713,0.9932625161018223,0.6436993656610437,342,21,637,r1bqkb1r/pp2pppp/2n2n2/3p4/3Q1B2/P1N5/1PP1PPPP/R3KBNR w KQkq -,MODEL_PREDICTION_NOT_EMPIRICAL
JOB-09,B7,1500,maia3-5m,8,e1c1,O-O-O,0.002923543332144618,0.9932625161018223,0.6436993656610437,66,6,928,r1bqkb1r/pp2pppp/2n2n2/3p4/3Q1B2/P1N5/1PP1PPPP/R3KBNR w KQkq -,MODEL_PREDICTION_NOT_EMPIRICAL
JOB-09,B7,1500,maia3-5m,9,e2e3,e3,0.002273479476571083,0.9932625161018223,0.6436993656610437,57,6,937,r1bqkb1r/pp2pppp/2n2n2/3p4/3Q1B2/P1N5/1PP1PPPP/R3KBNR w KQkq -,MODEL_PREDICTION_NOT_EMPIRICAL
JOB-09,B7,1500,maia3-5m,10,g1f3,Nf3,0.002047530375421047,0.9932625161018223,0.6436993656610437,81,7,912,r1bqkb1r/pp2pppp/2n2n2/3p4/3Q1B2/P1N5/1PP1PPPP/R3KBNR w KQkq -,MODEL_PREDICTION_NOT_EMPIRICAL
JOB-09,B7,1700,maia3-5m,1,d4d1,Qd1,0.43090125918388367,0.9949978513177484,0.6059899446501812,342,26,632,r1bqkb1r/pp2pppp/2n2n2/3p4/3Q1B2/P1N5/1PP1PPPP/R3KBNR w KQkq -,MODEL_PREDICTION_NOT_EMPIRICAL
JOB-09,B7,1700,maia3-5m,2,d4a4,Qa4,0.23451031744480133,0.9949978513177484,0.6059899446501812,415,25,560,r1bqkb1r/pp2pppp/2n2n2/3p4/3Q1B2/P1N5/1PP1PPPP/R3KBNR w KQkq -,MODEL_PREDICTION_NOT_EMPIRICAL
JOB-09,B7,1700,maia3-5m,3,d4d2,Qd2,0.22676342725753784,0.9949978513177484,0.6059899446501812,358,26,616,r1bqkb1r/pp2pppp/2n2n2/3p4/3Q1B2/P1N5/1PP1PPPP/R3KBNR w KQkq -,MODEL_PREDICTION_NOT_EMPIRICAL
JOB-09,B7,1700,maia3-5m,4,d4d3,Qd3,0.0653797835111618,0.9949978513177484,0.6059899446501812,377,24,599,r1bqkb1r/pp2pppp/2n2n2/3p4/3Q1B2/P1N5/1PP1PPPP/R3KBNR w KQkq -,MODEL_PREDICTION_NOT_EMPIRICAL
JOB-09,B7,1700,maia3-5m,5,d4e3,Qe3,0.016047755256295204,0.9949978513177484,0.6059899446501812,375,23,602,r1bqkb1r/pp2pppp/2n2n2/3p4/3Q1B2/P1N5/1PP1PPPP/R3KBNR w KQkq -,MODEL_PREDICTION_NOT_EMPIRICAL
JOB-09,B7,1700,maia3-5m,6,c3b5,Nb5,0.00847050454467535,0.9949978513177484,0.6059899446501812,337,14,649,r1bqkb1r/pp2pppp/2n2n2/3p4/3Q1B2/P1N5/1PP1PPPP/R3KBNR w KQkq -,MODEL_PREDICTION_NOT_EMPIRICAL
JOB-09,B7,1700,maia3-5m,7,d4c5,Qc5,0.007493781391531229,0.9949978513177484,0.6059899446501812,347,23,630,r1bqkb1r/pp2pppp/2n2n2/3p4/3Q1B2/P1N5/1PP1PPPP/R3KBNR w KQkq -,MODEL_PREDICTION_NOT_EMPIRICAL
JOB-09,B7,1700,maia3-5m,8,e1c1,O-O-O,0.002031963551416993,0.9949978513177484,0.6059899446501812,68,6,926,r1bqkb1r/pp2pppp/2n2n2/3p4/3Q1B2/P1N5/1PP1PPPP/R3KBNR w KQkq -,MODEL_PREDICTION_NOT_EMPIRICAL
JOB-09,B7,1700,maia3-5m,9,g1f3,Nf3,0.0017596620600670576,0.9949978513177484,0.6059899446501812,91,8,901,r1bqkb1r/pp2pppp/2n2n2/3p4/3Q1B2/P1N5/1PP1PPPP/R3KBNR w KQkq -,MODEL_PREDICTION_NOT_EMPIRICAL
JOB-09,B7,1700,maia3-5m,10,e2e3,e3,0.0016393971163779497,0.9949978513177484,0.6059899446501812,61,6,933,r1bqkb1r/pp2pppp/2n2n2/3p4/3Q1B2/P1N5/1PP1PPPP/R3KBNR w KQkq -,MODEL_PREDICTION_NOT_EMPIRICAL
JOB-09,B7,1900,maia3-5m,1,d4d1,Qd1,0.43708351254463196,0.9968837556662038,0.5876397666770874,329,29,642,r1bqkb1r/pp2pppp/2n2n2/3p4/3Q1B2/P1N5/1PP1PPPP/R3KBNR w KQkq -,MODEL_PREDICTION_NOT_EMPIRICAL
JOB-09,B7,1900,maia3-5m,2,d4a4,Qa4,0.23652218282222748,0.9968837556662038,0.5876397666770874,413,29,558,r1bqkb1r/pp2pppp/2n2n2/3p4/3Q1B2/P1N5/1PP1PPPP/R3KBNR w KQkq -,MODEL_PREDICTION_NOT_EMPIRICAL
JOB-09,B7,1900,maia3-5m,3,d4d2,Qd2,0.23274466395378113,0.9968837556662038,0.5876397666770874,350,30,620,r1bqkb1r/pp2pppp/2n2n2/3p4/3Q1B2/P1N5/1PP1PPPP/R3KBNR w KQkq -,MODEL_PREDICTION_NOT_EMPIRICAL
JOB-09,B7,1900,maia3-5m,4,d4d3,Qd3,0.06327558308839798,0.9968837556662038,0.5876397666770874,370,28,602,r1bqkb1r/pp2pppp/2n2n2/3p4/3Q1B2/P1N5/1PP1PPPP/R3KBNR w KQkq -,MODEL_PREDICTION_NOT_EMPIRICAL
JOB-09,B7,1900,maia3-5m,5,d4e3,Qe3,0.013163731433451176,0.9968837556662038,0.5876397666770874,369,27,604,r1bqkb1r/pp2pppp/2n2n2/3p4/3Q1B2/P1N5/1PP1PPPP/R3KBNR w KQkq -,MODEL_PREDICTION_NOT_EMPIRICAL
JOB-09,B7,1900,maia3-5m,6,d4c5,Qc5,0.005747995339334011,0.9968837556662038,0.5876397666770874,342,26,632,r1bqkb1r/pp2pppp/2n2n2/3p4/3Q1B2/P1N5/1PP1PPPP/R3KBNR w KQkq -,MODEL_PREDICTION_NOT_EMPIRICAL
JOB-09,B7,1900,maia3-5m,7,c3b5,Nb5,0.004630362149327993,0.9968837556662038,0.5876397666770874,367,18,615,r1bqkb1r/pp2pppp/2n2n2/3p4/3Q1B2/P1N5/1PP1PPPP/R3KBNR w KQkq -,MODEL_PREDICTION_NOT_EMPIRICAL
JOB-09,B7,1900,maia3-5m,8,g1f3,Nf3,0.0014301057672128081,0.9968837556662038,0.5876397666770874,118,9,873,r1bqkb1r/pp2pppp/2n2n2/3p4/3Q1B2/P1N5/1PP1PPPP/R3KBNR w KQkq -,MODEL_PREDICTION_NOT_EMPIRICAL
JOB-09,B7,1900,maia3-5m,9,e1c1,O-O-O,0.0011765793897211552,0.9968837556662038,0.5876397666770874,87,7,906,r1bqkb1r/pp2pppp/2n2n2/3p4/3Q1B2/P1N5/1PP1PPPP/R3KBNR w KQkq -,MODEL_PREDICTION_NOT_EMPIRICAL
JOB-09,B7,1900,maia3-5m,10,e2e3,e3,0.0011090391781181097,0.9968837556662038,0.5876397666770874,77,6,917,r1bqkb1r/pp2pppp/2n2n2/3p4/3Q1B2/P1N5/1PP1PPPP/R3KBNR w KQkq -,MODEL_PREDICTION_NOT_EMPIRICAL
JOB-09,B7,2100,maia3-5m,1,d4d1,Qd1,0.37225669622421265,0.998434770561289,0.5954257607973384,325,37,638,r1bqkb1r/pp2pppp/2n2n2/3p4/3Q1B2/P1N5/1PP1PPPP/R3KBNR w KQkq -,MODEL_PREDICTION_NOT_EMPIRICAL
JOB-09,B7,2100,maia3-5m,2,d4a4,Qa4,0.29073667526245117,0.998434770561289,0.5954257607973384,411,37,552,r1bqkb1r/pp2pppp/2n2n2/3p4/3Q1B2/P1N5/1PP1PPPP/R3KBNR w KQkq -,MODEL_PREDICTION_NOT_EMPIRICAL
JOB-09,B7,2100,maia3-5m,3,d4d2,Qd2,0.24040934443473816,0.998434770561289,0.5954257607973384,351,39,610,r1bqkb1r/pp2pppp/2n2n2/3p4/3Q1B2/P1N5/1PP1PPPP/R3KBNR w KQkq -,MODEL_PREDICTION_NOT_EMPIRICAL
JOB-09,B7,2100,maia3-5m,4,d4d3,Qd3,0.07380027323961258,0.998434770561289,0.5954257607973384,369,35,596,r1bqkb1r/pp2pppp/2n2n2/3p4/3Q1B2/P1N5/1PP1PPPP/R3KBNR w KQkq -,MODEL_PREDICTION_NOT_EMPIRICAL
JOB-09,B7,2100,maia3-5m,5,d4e3,Qe3,0.011988124810159206,0.998434770561289,0.5954257607973384,371,33,596,r1bqkb1r/pp2pppp/2n2n2/3p4/3Q1B2/P1N5/1PP1PPPP/R3KBNR w KQkq -,MODEL_PREDICTION_NOT_EMPIRICAL
JOB-09,B7,2100,maia3-5m,6,d4c5,Qc5,0.0040296632796525955,0.998434770561289,0.5954257607973384,332,32,636,r1bqkb1r/pp2pppp/2n2n2/3p4/3Q1B2/P1N5/1PP1PPPP/R3KBNR w KQkq -,MODEL_PREDICTION_NOT_EMPIRICAL
JOB-09,B7,2100,maia3-5m,7,c3b5,Nb5,0.002595998579636216,0.998434770561289,0.5954257607973384,372,25,603,r1bqkb1r/pp2pppp/2n2n2/3p4/3Q1B2/P1N5/1PP1PPPP/R3KBNR w KQkq -,MODEL_PREDICTION_NOT_EMPIRICAL
JOB-09,B7,2100,maia3-5m,8,g1f3,Nf3,0.0012688208371400833,0.998434770561289,0.5954257607973384,161,15,824,r1bqkb1r/pp2pppp/2n2n2/3p4/3Q1B2/P1N5/1PP1PPPP/R3KBNR w KQkq -,MODEL_PREDICTION_NOT_EMPIRICAL
JOB-09,B7,2100,maia3-5m,9,e2e3,e3,0.0008583372109569609,0.998434770561289,0.5954257607973384,104,10,886,r1bqkb1r/pp2pppp/2n2n2/3p4/3Q1B2/P1N5/1PP1PPPP/R3KBNR w KQkq -,MODEL_PREDICTION_NOT_EMPIRICAL
JOB-09,B7,2100,maia3-5m,10,e1c1,O-O-O,0.000490836682729423,0.998434770561289,0.5954257607973384,127,12,861,r1bqkb1r/pp2pppp/2n2n2/3p4/3Q1B2/P1N5/1PP1PPPP/R3KBNR w KQkq -,MODEL_PREDICTION_NOT_EMPIRICAL
JOB-10,B7,1100,maia3-5m,1,d4a4,Qa4,0.3510865569114685,0.98215367551893,0.7424328586957464,410,21,569,r1bqkb1r/pp2pppp/2n2n2/3p4/3Q1B1P/2N5/PPP1PPP1/R3KBNR w KQkq -,MODEL_PREDICTION_NOT_EMPIRICAL
JOB-10,B7,1100,maia3-5m,2,d4d2,Qd2,0.20526838302612305,0.98215367551893,0.7424328586957464,390,22,588,r1bqkb1r/pp2pppp/2n2n2/3p4/3Q1B1P/2N5/PPP1PPP1/R3KBNR w KQkq -,MODEL_PREDICTION_NOT_EMPIRICAL
JOB-10,B7,1100,maia3-5m,3,d4d1,Qd1,0.18641087412834167,0.98215367551893,0.7424328586957464,382,22,596,r1bqkb1r/pp2pppp/2n2n2/3p4/3Q1B1P/2N5/PPP1PPP1/R3KBNR w KQkq -,MODEL_PREDICTION_NOT_EMPIRICAL
JOB-10,B7,1100,maia3-5m,4,d4d3,Qd3,0.09215555340051651,0.98215367551893,0.7424328586957464,386,21,593,r1bqkb1r/pp2pppp/2n2n2/3p4/3Q1B1P/2N5/PPP1PPP1/R3KBNR w KQkq -,MODEL_PREDICTION_NOT_EMPIRICAL
JOB-10,B7,1100,maia3-5m,5,d4e3,Qe3,0.05607626959681511,0.98215367551893,0.7424328586957464,375,20,605,r1bqkb1r/pp2pppp/2n2n2/3p4/3Q1B1P/2N5/PPP1PPP1/R3KBNR w KQkq -,MODEL_PREDICTION_NOT_EMPIRICAL
JOB-10,B7,1100,maia3-5m,6,d4c5,Qc5,0.054761383682489395,0.98215367551893,0.7424328586957464,331,20,649,r1bqkb1r/pp2pppp/2n2n2/3p4/3Q1B1P/2N5/PPP1PPP1/R3KBNR w KQkq -,MODEL_PREDICTION_NOT_EMPIRICAL
JOB-10,B7,1100,maia3-5m,7,c3b5,Nb5,0.01875956729054451,0.98215367551893,0.7424328586957464,288,13,699,r1bqkb1r/pp2pppp/2n2n2/3p4/3Q1B1P/2N5/PPP1PPP1/R3KBNR w KQkq -,MODEL_PREDICTION_NOT_EMPIRICAL
JOB-10,B7,1100,maia3-5m,8,e1c1,O-O-O,0.008548648096621037,0.98215367551893,0.7424328586957464,87,10,903,r1bqkb1r/pp2pppp/2n2n2/3p4/3Q1B1P/2N5/PPP1PPP1/R3KBNR w KQkq -,MODEL_PREDICTION_NOT_EMPIRICAL
JOB-10,B7,1100,maia3-5m,9,c3d5,Nxd5,0.006422125734388828,0.98215367551893,0.7424328586957464,198,17,785,r1bqkb1r/pp2pppp/2n2n2/3p4/3Q1B1P/2N5/PPP1PPP1/R3KBNR w KQkq -,MODEL_PREDICTION_NOT_EMPIRICAL
JOB-10,B7,1100,maia3-5m,10,e2e3,e3,0.0026643136516213417,0.98215367551893,0.7424328586957464,80,9,911,r1bqkb1r/pp2pppp/2n2n2/3p4/3Q1B1P/2N5/PPP1PPP1/R3KBNR w KQkq -,MODEL_PREDICTION_NOT_EMPIRICAL
JOB-10,B7,1300,maia3-5m,1,d4a4,Qa4,0.3379482328891754,0.9878210957394913,0.6942153889546009,423,21,556,r1bqkb1r/pp2pppp/2n2n2/3p4/3Q1B1P/2N5/PPP1PPP1/R3KBNR w KQkq -,MODEL_PREDICTION_NOT_EMPIRICAL
JOB-10,B7,1300,maia3-5m,2,d4d2,Qd2,0.2440793365240097,0.9878210957394913,0.6942153889546009,395,22,583,r1bqkb1r/pp2pppp/2n2n2/3p4/3Q1B1P/2N5/PPP1PPP1/R3KBNR w KQkq -,MODEL_PREDICTION_NOT_EMPIRICAL
JOB-10,B7,1300,maia3-5m,3,d4d1,Qd1,0.2367178499698639,0.9878210957394913,0.6942153889546009,385,22,593,r1bqkb1r/pp2pppp/2n2n2/3p4/3Q1B1P/2N5/PPP1PPP1/R3KBNR w KQkq -,MODEL_PREDICTION_NOT_EMPIRICAL
JOB-10,B7,1300,maia3-5m,4,d4d3,Qd3,0.07613177597522736,0.9878210957394913,0.6942153889546009,397,20,583,r1bqkb1r/pp2pppp/2n2n2/3p4/3Q1B1P/2N5/PPP1PPP1/R3KBNR w KQkq -,MODEL_PREDICTION_NOT_EMPIRICAL
JOB-10,B7,1300,maia3-5m,5,d4e3,Qe3,0.04047340154647827,0.9878210957394913,0.6942153889546009,388,19,593,r1bqkb1r/pp2pppp/2n2n2/3p4/3Q1B1P/2N5/PPP1PPP1/R3KBNR w KQkq -,MODEL_PREDICTION_NOT_EMPIRICAL
JOB-10,B7,1300,maia3-5m,6,d4c5,Qc5,0.023807702586054802,0.9878210957394913,0.6942153889546009,343,19,638,r1bqkb1r/pp2pppp/2n2n2/3p4/3Q1B1P/2N5/PPP1PPP1/R3KBNR w KQkq -,MODEL_PREDICTION_NOT_EMPIRICAL
JOB-10,B7,1300,maia3-5m,7,c3b5,Nb5,0.01786450669169426,0.9878210957394913,0.6942153889546009,304,12,684,r1bqkb1r/pp2pppp/2n2n2/3p4/3Q1B1P/2N5/PPP1PPP1/R3KBNR w KQkq -,MODEL_PREDICTION_NOT_EMPIRICAL
JOB-10,B7,1300,maia3-5m,8,e1c1,O-O-O,0.00559105584397912,0.9878210957394913,0.6942153889546009,75,8,917,r1bqkb1r/pp2pppp/2n2n2/3p4/3Q1B1P/2N5/PPP1PPP1/R3KBNR w KQkq -,MODEL_PREDICTION_NOT_EMPIRICAL
JOB-10,B7,1300,maia3-5m,9,c3d5,Nxd5,0.0032793788705021143,0.9878210957394913,0.6942153889546009,225,15,760,r1bqkb1r/pp2pppp/2n2n2/3p4/3Q1B1P/2N5/PPP1PPP1/R3KBNR w KQkq -,MODEL_PREDICTION_NOT_EMPIRICAL
JOB-10,B7,1300,maia3-5m,10,e2e3,e3,0.001927854842506349,0.9878210957394913,0.6942153889546009,67,7,926,r1bqkb1r/pp2pppp/2n2n2/3p4/3Q1B1P/2N5/PPP1PPP1/R3KBNR w KQkq -,MODEL_PREDICTION_NOT_EMPIRICAL
JOB-10,B7,1500,maia3-5m,1,d4a4,Qa4,0.32123684883117676,0.9907123693265021,0.6545508665342952,427,22,551,r1bqkb1r/pp2pppp/2n2n2/3p4/3Q1B1P/2N5/PPP1PPP1/R3KBNR w KQkq -,MODEL_PREDICTION_NOT_EMPIRICAL
JOB-10,B7,1500,maia3-5m,2,d4d1,Qd1,0.2925162613391876,0.9907123693265021,0.6545508665342952,372,23,605,r1bqkb1r/pp2pppp/2n2n2/3p4/3Q1B1P/2N5/PPP1PPP1/R3KBNR w KQkq -,MODEL_PREDICTION_NOT_EMPIRICAL
JOB-10,B7,1500,maia3-5m,3,d4d2,Qd2,0.25154462456703186,0.9907123693265021,0.6545508665342952,386,23,591,r1bqkb1r/pp2pppp/2n2n2/3p4/3Q1B1P/2N5/PPP1PPP1/R3KBNR w KQkq -,MODEL_PREDICTION_NOT_EMPIRICAL
JOB-10,B7,1500,maia3-5m,4,d4d3,Qd3,0.061188098043203354,0.9907123693265021,0.6545508665342952,394,21,585,r1bqkb1r/pp2pppp/2n2n2/3p4/3Q1B1P/2N5/PPP1PPP1/R3KBNR w KQkq -,MODEL_PREDICTION_NOT_EMPIRICAL
JOB-10,B7,1500,maia3-5m,5,d4e3,Qe3,0.028500733897089958,0.9907123693265021,0.6545508665342952,390,20,590,r1bqkb1r/pp2pppp/2n2n2/3p4/3Q1B1P/2N5/PPP1PPP1/R3KBNR w KQkq -,MODEL_PREDICTION_NOT_EMPIRICAL
JOB-10,B7,1500,maia3-5m,6,c3b5,Nb5,0.015758885070681572,0.9907123693265021,0.6545508665342952,323,12,665,r1bqkb1r/pp2pppp/2n2n2/3p4/3Q1B1P/2N5/PPP1PPP1/R3KBNR w KQkq -,MODEL_PREDICTION_NOT_EMPIRICAL
JOB-10,B7,1500,maia3-5m,7,d4c5,Qc5,0.013103355653584003,0.9907123693265021,0.6545508665342952,348,20,632,r1bqkb1r/pp2pppp/2n2n2/3p4/3Q1B1P/2N5/PPP1PPP1/R3KBNR w KQkq -,MODEL_PREDICTION_NOT_EMPIRICAL
JOB-10,B7,1500,maia3-5m,8,e1c1,O-O-O,0.0037336943205446005,0.9907123693265021,0.6545508665342952,71,6,923,r1bqkb1r/pp2pppp/2n2n2/3p4/3Q1B1P/2N5/PPP1PPP1/R3KBNR w KQkq -,MODEL_PREDICTION_NOT_EMPIRICAL
JOB-10,B7,1500,maia3-5m,9,c3d5,Nxd5,0.0017054789932444692,0.9907123693265021,0.6545508665342952,260,15,725,r1bqkb1r/pp2pppp/2n2n2/3p4/3Q1B1P/2N5/PPP1PPP1/R3KBNR w KQkq -,MODEL_PREDICTION_NOT_EMPIRICAL
JOB-10,B7,1500,maia3-5m,10,e2e3,e3,0.0014243886107578874,0.9907123693265021,0.6545508665342952,62,6,932,r1bqkb1r/pp2pppp/2n2n2/3p4/3Q1B1P/2N5/PPP1PPP1/R3KBNR w KQkq -,MODEL_PREDICTION_NOT_EMPIRICAL
JOB-10,B7,1700,maia3-5m,1,d4d1,Qd1,0.3368068337440491,0.9930407158099115,0.6213863061560058,357,24,619,r1bqkb1r/pp2pppp/2n2n2/3p4/3Q1B1P/2N5/PPP1PPP1/R3KBNR w KQkq -,MODEL_PREDICTION_NOT_EMPIRICAL
JOB-10,B7,1700,maia3-5m,2,d4a4,Qa4,0.31183066964149475,0.9930407158099115,0.6213863061560058,428,25,547,r1bqkb1r/pp2pppp/2n2n2/3p4/3Q1B1P/2N5/PPP1PPP1/R3KBNR w KQkq -,MODEL_PREDICTION_NOT_EMPIRICAL
JOB-10,B7,1700,maia3-5m,3,d4d2,Qd2,0.24865861237049103,0.9930407158099115,0.6213863061560058,373,25,602,r1bqkb1r/pp2pppp/2n2n2/3p4/3Q1B1P/2N5/PPP1PPP1/R3KBNR w KQkq -,MODEL_PREDICTION_NOT_EMPIRICAL
JOB-10,B7,1700,maia3-5m,4,d4d3,Qd3,0.04919997602701187,0.9930407158099115,0.6213863061560058,384,23,593,r1bqkb1r/pp2pppp/2n2n2/3p4/3Q1B1P/2N5/PPP1PPP1/R3KBNR w KQkq -,MODEL_PREDICTION_NOT_EMPIRICAL
JOB-10,B7,1700,maia3-5m,5,d4e3,Qe3,0.019913995638489723,0.9930407158099115,0.6213863061560058,383,22,595,r1bqkb1r/pp2pppp/2n2n2/3p4/3Q1B1P/2N5/PPP1PPP1/R3KBNR w KQkq -,MODEL_PREDICTION_NOT_EMPIRICAL
JOB-10,B7,1700,maia3-5m,6,c3b5,Nb5,0.013180458918213844,0.9930407158099115,0.6213863061560058,353,14,633,r1bqkb1r/pp2pppp/2n2n2/3p4/3Q1B1P/2N5/PPP1PPP1/R3KBNR w KQkq -,MODEL_PREDICTION_NOT_EMPIRICAL
JOB-10,B7,1700,maia3-5m,7,d4c5,Qc5,0.008619877509772778,0.9930407158099115,0.6213863061560058,356,22,622,r1bqkb1r/pp2pppp/2n2n2/3p4/3Q1B1P/2N5/PPP1PPP1/R3KBNR w KQkq -,MODEL_PREDICTION_NOT_EMPIRICAL
JOB-10,B7,1700,maia3-5m,8,e1c1,O-O-O,0.0026082766707986593,0.9930407158099115,0.6213863061560058,74,6,920,r1bqkb1r/pp2pppp/2n2n2/3p4/3Q1B1P/2N5/PPP1PPP1/R3KBNR w KQkq -,MODEL_PREDICTION_NOT_EMPIRICAL
JOB-10,B7,1700,maia3-5m,9,g1f3,Nf3,0.0011301548220217228,0.9930407158099115,0.6213863061560058,91,7,902,r1bqkb1r/pp2pppp/2n2n2/3p4/3Q1B1P/2N5/PPP1PPP1/R3KBNR w KQkq -,MODEL_PREDICTION_NOT_EMPIRICAL
JOB-10,B7,1700,maia3-5m,10,e2e3,e3,0.00109186046756804,0.9930407158099115,0.6213863061560058,63,6,931,r1bqkb1r/pp2pppp/2n2n2/3p4/3Q1B1P/2N5/PPP1PPP1/R3KBNR w KQkq -,MODEL_PREDICTION_NOT_EMPIRICAL
JOB-10,B7,1900,maia3-5m,1,d4a4,Qa4,0.34072718024253845,0.9957129946560599,0.5940332988024167,436,29,535,r1bqkb1r/pp2pppp/2n2n2/3p4/3Q1B1P/2N5/PPP1PPP1/R3KBNR w KQkq -,MODEL_PREDICTION_NOT_EMPIRICAL
JOB-10,B7,1900,maia3-5m,2,d4d1,Qd1,0.3312888443470001,0.9957129946560599,0.5940332988024167,346,28,626,r1bqkb1r/pp2pppp/2n2n2/3p4/3Q1B1P/2N5/PPP1PPP1/R3KBNR w KQkq -,MODEL_PREDICTION_NOT_EMPIRICAL
JOB-10,B7,1900,maia3-5m,3,d4d2,Qd2,0.24986684322357178,0.9957129946560599,0.5940332988024167,368,29,603,r1bqkb1r/pp2pppp/2n2n2/3p4/3Q1B1P/2N5/PPP1PPP1/R3KBNR w KQkq -,MODEL_PREDICTION_NOT_EMPIRICAL
JOB-10,B7,1900,maia3-5m,4,d4d3,Qd3,0.04098140075802803,0.9957129946560599,0.5940332988024167,379,27,594,r1bqkb1r/pp2pppp/2n2n2/3p4/3Q1B1P/2N5/PPP1PPP1/R3KBNR w KQkq -,MODEL_PREDICTION_NOT_EMPIRICAL
JOB-10,B7,1900,maia3-5m,5,d4e3,Qe3,0.014236840419471264,0.9957129946560599,0.5940332988024167,382,26,592,r1bqkb1r/pp2pppp/2n2n2/3p4/3Q1B1P/2N5/PPP1PPP1/R3KBNR w KQkq -,MODEL_PREDICTION_NOT_EMPIRICAL
JOB-10,B7,1900,maia3-5m,6,c3b5,Nb5,0.009286485612392426,0.9957129946560599,0.5940332988024167,378,18,604,r1bqkb1r/pp2pppp/2n2n2/3p4/3Q1B1P/2N5/PPP1PPP1/R3KBNR w KQkq -,MODEL_PREDICTION_NOT_EMPIRICAL
JOB-10,B7,1900,maia3-5m,7,d4c5,Qc5,0.0057791355066001415,0.9957129946560599,0.5940332988024167,355,26,619,r1bqkb1r/pp2pppp/2n2n2/3p4/3Q1B1P/2N5/PPP1PPP1/R3KBNR w KQkq -,MODEL_PREDICTION_NOT_EMPIRICAL
JOB-10,B7,1900,maia3-5m,8,e1c1,O-O-O,0.0016800016164779663,0.9957129946560599,0.5940332988024167,90,7,903,r1bqkb1r/pp2pppp/2n2n2/3p4/3Q1B1P/2N5/PPP1PPP1/R3KBNR w KQkq -,MODEL_PREDICTION_NOT_EMPIRICAL
JOB-10,B7,1900,maia3-5m,9,g1f3,Nf3,0.0009853781666606665,0.9957129946560599,0.5940332988024167,113,9,878,r1bqkb1r/pp2pppp/2n2n2/3p4/3Q1B1P/2N5/PPP1PPP1/R3KBNR w KQkq -,MODEL_PREDICTION_NOT_EMPIRICAL
JOB-10,B7,1900,maia3-5m,10,e2e3,e3,0.0008808847633190453,0.9957129946560599,0.5940332988024167,77,7,916,r1bqkb1r/pp2pppp/2n2n2/3p4/3Q1B1P/2N5/PPP1PPP1/R3KBNR w KQkq -,MODEL_PREDICTION_NOT_EMPIRICAL
JOB-10,B7,2100,maia3-5m,1,d4a4,Qa4,0.45564714074134827,0.9979342542937957,0.5568190870710646,431,37,532,r1bqkb1r/pp2pppp/2n2n2/3p4/3Q1B1P/2N5/PPP1PPP1/R3KBNR w KQkq -,MODEL_PREDICTION_NOT_EMPIRICAL
JOB-10,B7,2100,maia3-5m,2,d4d1,Qd1,0.24450328946113586,0.9979342542937957,0.5568190870710646,338,36,626,r1bqkb1r/pp2pppp/2n2n2/3p4/3Q1B1P/2N5/PPP1PPP1/R3KBNR w KQkq -,MODEL_PREDICTION_NOT_EMPIRICAL
JOB-10,B7,2100,maia3-5m,3,d4d2,Qd2,0.23743179440498352,0.9979342542937957,0.5568190870710646,369,37,594,r1bqkb1r/pp2pppp/2n2n2/3p4/3Q1B1P/2N5/PPP1PPP1/R3KBNR w KQkq -,MODEL_PREDICTION_NOT_EMPIRICAL
JOB-10,B7,2100,maia3-5m,4,d4d3,Qd3,0.039056144654750824,0.9979342542937957,0.5568190870710646,381,33,586,r1bqkb1r/pp2pppp/2n2n2/3p4/3Q1B1P/2N5/PPP1PPP1/R3KBNR w KQkq -,MODEL_PREDICTION_NOT_EMPIRICAL
JOB-10,B7,2100,maia3-5m,5,d4e3,Qe3,0.01010142732411623,0.9979342542937957,0.5568190870710646,382,32,586,r1bqkb1r/pp2pppp/2n2n2/3p4/3Q1B1P/2N5/PPP1PPP1/R3KBNR w KQkq -,MODEL_PREDICTION_NOT_EMPIRICAL
JOB-10,B7,2100,maia3-5m,6,c3b5,Nb5,0.005134927574545145,0.9979342542937957,0.5568190870710646,368,25,607,r1bqkb1r/pp2pppp/2n2n2/3p4/3Q1B1P/2N5/PPP1PPP1/R3KBNR w KQkq -,MODEL_PREDICTION_NOT_EMPIRICAL
JOB-10,B7,2100,maia3-5m,7,d4c5,Qc5,0.003377332119271159,0.9979342542937957,0.5568190870710646,348,32,620,r1bqkb1r/pp2pppp/2n2n2/3p4/3Q1B1P/2N5/PPP1PPP1/R3KBNR w KQkq -,MODEL_PREDICTION_NOT_EMPIRICAL
JOB-10,B7,2100,maia3-5m,8,e2e3,e3,0.0009460420696996152,0.9979342542937957,0.5568190870710646,100,10,890,r1bqkb1r/pp2pppp/2n2n2/3p4/3Q1B1P/2N5/PPP1PPP1/R3KBNR w KQkq -,MODEL_PREDICTION_NOT_EMPIRICAL
JOB-10,B7,2100,maia3-5m,9,g1f3,Nf3,0.0008723563514649868,0.9979342542937957,0.5568190870710646,148,13,839,r1bqkb1r/pp2pppp/2n2n2/3p4/3Q1B1P/2N5/PPP1PPP1/R3KBNR w KQkq -,MODEL_PREDICTION_NOT_EMPIRICAL
JOB-10,B7,2100,maia3-5m,10,e1c1,O-O-O,0.0008637995924800634,0.9979342542937957,0.5568190870710646,122,11,867,r1bqkb1r/pp2pppp/2n2n2/3p4/3Q1B1P/2N5/PPP1PPP1/R3KBNR w KQkq -,MODEL_PREDICTION_NOT_EMPIRICAL
VER-08,B7,1100,maia3-5m,1,d4a4,Qa4,0.36445152759552,0.9671234916895628,0.7869841967004142,440,23,537,r1bqkb1r/pp2pppp/2n2n2/3p2B1/3Q4/2N2P2/PPP1P1PP/R3KBNR w KQkq -,MODEL_PREDICTION_NOT_EMPIRICAL
VER-08,B7,1100,maia3-5m,2,d4d2,Qd2,0.1583593785762787,0.9671234916895628,0.7869841967004142,445,24,531,r1bqkb1r/pp2pppp/2n2n2/3p2B1/3Q4/2N2P2/PPP1P1PP/R3KBNR w KQkq -,MODEL_PREDICTION_NOT_EMPIRICAL
VER-08,B7,1100,maia3-5m,3,d4d1,Qd1,0.1561780571937561,0.9671234916895628,0.7869841967004142,426,23,551,r1bqkb1r/pp2pppp/2n2n2/3p2B1/3Q4/2N2P2/PPP1P1PP/R3KBNR w KQkq -,MODEL_PREDICTION_NOT_EMPIRICAL
VER-08,B7,1100,maia3-5m,4,d4d3,Qd3,0.0950387716293335,0.9671234916895628,0.7869841967004142,421,22,557,r1bqkb1r/pp2pppp/2n2n2/3p2B1/3Q4/2N2P2/PPP1P1PP/R3KBNR w KQkq -,MODEL_PREDICTION_NOT_EMPIRICAL
VER-08,B7,1100,maia3-5m,5,d4c5,Qc5,0.06737497448921204,0.9671234916895628,0.7869841967004142,376,23,601,r1bqkb1r/pp2pppp/2n2n2/3p2B1/3Q4/2N2P2/PPP1P1PP/R3KBNR w KQkq -,MODEL_PREDICTION_NOT_EMPIRICAL
VER-08,B7,1100,maia3-5m,6,d4h4,Qh4,0.03253123164176941,0.9671234916895628,0.7869841967004142,446,21,533,r1bqkb1r/pp2pppp/2n2n2/3p2B1/3Q4/2N2P2/PPP1P1PP/R3KBNR w KQkq -,MODEL_PREDICTION_NOT_EMPIRICAL
VER-08,B7,1100,maia3-5m,7,d4f4,Qf4,0.03201289474964142,0.9671234916895628,0.7869841967004142,440,23,537,r1bqkb1r/pp2pppp/2n2n2/3p2B1/3Q4/2N2P2/PPP1P1PP/R3KBNR w KQkq -,MODEL_PREDICTION_NOT_EMPIRICAL
VER-08,B7,1100,maia3-5m,8,d4e3,Qe3,0.029232976958155632,0.9671234916895628,0.7869841967004142,417,22,561,r1bqkb1r/pp2pppp/2n2n2/3p2B1/3Q4/2N2P2/PPP1P1PP/R3KBNR w KQkq -,MODEL_PREDICTION_NOT_EMPIRICAL
VER-08,B7,1100,maia3-5m,9,d4f2,Qf2,0.016654575243592262,0.9671234916895628,0.7869841967004142,431,23,546,r1bqkb1r/pp2pppp/2n2n2/3p2B1/3Q4/2N2P2/PPP1P1PP/R3KBNR w KQkq -,MODEL_PREDICTION_NOT_EMPIRICAL
VER-08,B7,1100,maia3-5m,10,g5f6,Bxf6,0.015289103612303734,0.9671234916895628,0.7869841967004142,217,21,762,r1bqkb1r/pp2pppp/2n2n2/3p2B1/3Q4/2N2P2/PPP1P1PP/R3KBNR w KQkq -,MODEL_PREDICTION_NOT_EMPIRICAL
VER-08,B7,1300,maia3-5m,1,d4a4,Qa4,0.34007617831230164,0.9792214902117848,0.7713052772189922,447,23,530,r1bqkb1r/pp2pppp/2n2n2/3p2B1/3Q4/2N2P2/PPP1P1PP/R3KBNR w KQkq -,MODEL_PREDICTION_NOT_EMPIRICAL
VER-08,B7,1300,maia3-5m,2,d4d2,Qd2,0.2013501524925232,0.9792214902117848,0.7713052772189922,448,24,528,r1bqkb1r/pp2pppp/2n2n2/3p2B1/3Q4/2N2P2/PPP1P1PP/R3KBNR w KQkq -,MODEL_PREDICTION_NOT_EMPIRICAL
VER-08,B7,1300,maia3-5m,3,d4d1,Qd1,0.19526994228363037,0.9792214902117848,0.7713052772189922,423,24,553,r1bqkb1r/pp2pppp/2n2n2/3p2B1/3Q4/2N2P2/PPP1P1PP/R3KBNR w KQkq -,MODEL_PREDICTION_NOT_EMPIRICAL
VER-08,B7,1300,maia3-5m,4,d4d3,Qd3,0.08683779835700989,0.9792214902117848,0.7713052772189922,429,22,549,r1bqkb1r/pp2pppp/2n2n2/3p2B1/3Q4/2N2P2/PPP1P1PP/R3KBNR w KQkq -,MODEL_PREDICTION_NOT_EMPIRICAL
VER-08,B7,1300,maia3-5m,5,d4h4,Qh4,0.047574933618307114,0.9792214902117848,0.7713052772189922,451,21,528,r1bqkb1r/pp2pppp/2n2n2/3p2B1/3Q4/2N2P2/PPP1P1PP/R3KBNR w KQkq -,MODEL_PREDICTION_NOT_EMPIRICAL
VER-08,B7,1300,maia3-5m,6,d4c5,Qc5,0.032763976603746414,0.9792214902117848,0.7713052772189922,390,22,588,r1bqkb1r/pp2pppp/2n2n2/3p2B1/3Q4/2N2P2/PPP1P1PP/R3KBNR w KQkq -,MODEL_PREDICTION_NOT_EMPIRICAL
VER-08,B7,1300,maia3-5m,7,d4f4,Qf4,0.02169903926551342,0.9792214902117848,0.7713052772189922,446,22,532,r1bqkb1r/pp2pppp/2n2n2/3p2B1/3Q4/2N2P2/PPP1P1PP/R3KBNR w KQkq -,MODEL_PREDICTION_NOT_EMPIRICAL
VER-08,B7,1300,maia3-5m,8,d4f2,Qf2,0.019666852429509163,0.9792214902117848,0.7713052772189922,439,22,539,r1bqkb1r/pp2pppp/2n2n2/3p2B1/3Q4/2N2P2/PPP1P1PP/R3KBNR w KQkq -,MODEL_PREDICTION_NOT_EMPIRICAL
VER-08,B7,1300,maia3-5m,9,d4e3,Qe3,0.019660327583551407,0.9792214902117848,0.7713052772189922,424,22,554,r1bqkb1r/pp2pppp/2n2n2/3p2B1/3Q4/2N2P2/PPP1P1PP/R3KBNR w KQkq -,MODEL_PREDICTION_NOT_EMPIRICAL
VER-08,B7,1300,maia3-5m,10,g5f6,Bxf6,0.014322289265692234,0.9792214902117848,0.7713052772189922,249,21,730,r1bqkb1r/pp2pppp/2n2n2/3p2B1/3Q4/2N2P2/PPP1P1PP/R3KBNR w KQkq -,MODEL_PREDICTION_NOT_EMPIRICAL
VER-08,B7,1500,maia3-5m,1,d4a4,Qa4,0.29695406556129456,0.9862837297841907,0.7570544444565134,447,24,529,r1bqkb1r/pp2pppp/2n2n2/3p2B1/3Q4/2N2P2/PPP1P1PP/R3KBNR w KQkq -,MODEL_PREDICTION_NOT_EMPIRICAL
VER-08,B7,1500,maia3-5m,2,d4d2,Qd2,0.23355987668037415,0.9862837297841907,0.7570544444565134,441,25,534,r1bqkb1r/pp2pppp/2n2n2/3p2B1/3Q4/2N2P2/PPP1P1PP/R3KBNR w KQkq -,MODEL_PREDICTION_NOT_EMPIRICAL
VER-08,B7,1500,maia3-5m,3,d4d1,Qd1,0.2329561412334442,0.9862837297841907,0.7570544444565134,410,24,566,r1bqkb1r/pp2pppp/2n2n2/3p2B1/3Q4/2N2P2/PPP1P1PP/R3KBNR w KQkq -,MODEL_PREDICTION_NOT_EMPIRICAL
VER-08,B7,1500,maia3-5m,4,d4h4,Qh4,0.07334849238395691,0.9862837297841907,0.7570544444565134,448,22,530,r1bqkb1r/pp2pppp/2n2n2/3p2B1/3Q4/2N2P2/PPP1P1PP/R3KBNR w KQkq -,MODEL_PREDICTION_NOT_EMPIRICAL
VER-08,B7,1500,maia3-5m,5,d4d3,Qd3,0.07076360285282135,0.9862837297841907,0.7570544444565134,422,23,555,r1bqkb1r/pp2pppp/2n2n2/3p2B1/3Q4/2N2P2/PPP1P1PP/R3KBNR w KQkq -,MODEL_PREDICTION_NOT_EMPIRICAL
VER-08,B7,1500,maia3-5m,6,d4f2,Qf2,0.02231309562921524,0.9862837297841907,0.7570544444565134,433,24,543,r1bqkb1r/pp2pppp/2n2n2/3p2B1/3Q4/2N2P2/PPP1P1PP/R3KBNR w KQkq -,MODEL_PREDICTION_NOT_EMPIRICAL
VER-08,B7,1500,maia3-5m,7,d4c5,Qc5,0.017480643466114998,0.9862837297841907,0.7570544444565134,393,22,585,r1bqkb1r/pp2pppp/2n2n2/3p2B1/3Q4/2N2P2/PPP1P1PP/R3KBNR w KQkq -,MODEL_PREDICTION_NOT_EMPIRICAL
VER-08,B7,1500,maia3-5m,8,d4f4,Qf4,0.014275342226028442,0.9862837297841907,0.7570544444565134,442,24,534,r1bqkb1r/pp2pppp/2n2n2/3p2B1/3Q4/2N2P2/PPP1P1PP/R3KBNR w KQkq -,MODEL_PREDICTION_NOT_EMPIRICAL
VER-08,B7,1500,maia3-5m,9,g5f6,Bxf6,0.012858674861490726,0.9862837297841907,0.7570544444565134,283,21,696,r1bqkb1r/pp2pppp/2n2n2/3p2B1/3Q4/2N2P2/PPP1P1PP/R3KBNR w KQkq -,MODEL_PREDICTION_NOT_EMPIRICAL
VER-08,B7,1500,maia3-5m,10,d4e3,Qe3,0.011773794889450073,0.9862837297841907,0.7570544444565134,416,23,561,r1bqkb1r/pp2pppp/2n2n2/3p2B1/3Q4/2N2P2/PPP1P1PP/R3KBNR w KQkq -,MODEL_PREDICTION_NOT_EMPIRICAL
VER-08,B7,1700,maia3-5m,1,d4d2,Qd2,0.2609805464744568,0.9906191509217024,0.7423950599583395,426,27,547,r1bqkb1r/pp2pppp/2n2n2/3p2B1/3Q4/2N2P2/PPP1P1PP/R3KBNR w KQkq -,MODEL_PREDICTION_NOT_EMPIRICAL
VER-08,B7,1700,maia3-5m,2,d4a4,Qa4,0.25550398230552673,0.9906191509217024,0.7423950599583395,439,27,534,r1bqkb1r/pp2pppp/2n2n2/3p2B1/3Q4/2N2P2/PPP1P1PP/R3KBNR w KQkq -,MODEL_PREDICTION_NOT_EMPIRICAL
VER-08,B7,1700,maia3-5m,3,d4d1,Qd1,0.24702921509742737,0.9906191509217024,0.7423950599583395,388,26,586,r1bqkb1r/pp2pppp/2n2n2/3p2B1/3Q4/2N2P2/PPP1P1PP/R3KBNR w KQkq -,MODEL_PREDICTION_NOT_EMPIRICAL
VER-08,B7,1700,maia3-5m,4,d4h4,Qh4,0.11386921256780624,0.9906191509217024,0.7423950599583395,436,25,539,r1bqkb1r/pp2pppp/2n2n2/3p2B1/3Q4/2N2P2/PPP1P1PP/R3KBNR w KQkq -,MODEL_PREDICTION_NOT_EMPIRICAL
VER-08,B7,1700,maia3-5m,5,d4d3,Qd3,0.0507584773004055,0.9906191509217024,0.7423950599583395,405,25,570,r1bqkb1r/pp2pppp/2n2n2/3p2B1/3Q4/2N2P2/PPP1P1PP/R3KBNR w KQkq -,MODEL_PREDICTION_NOT_EMPIRICAL
VER-08,B7,1700,maia3-5m,6,d4f2,Qf2,0.025425013154745102,0.9906191509217024,0.7423950599583395,422,26,552,r1bqkb1r/pp2pppp/2n2n2/3p2B1/3Q4/2N2P2/PPP1P1PP/R3KBNR w KQkq -,MODEL_PREDICTION_NOT_EMPIRICAL
VER-08,B7,1700,maia3-5m,7,g5f6,Bxf6,0.01119388360530138,0.9906191509217024,0.7423950599583395,319,22,659,r1bqkb1r/pp2pppp/2n2n2/3p2B1/3Q4/2N2P2/PPP1P1PP/R3KBNR w KQkq -,MODEL_PREDICTION_NOT_EMPIRICAL
VER-08,B7,1700,maia3-5m,8,d4c5,Qc5,0.010129953734576702,0.9906191509217024,0.7423950599583395,390,24,586,r1bqkb1r/pp2pppp/2n2n2/3p2B1/3Q4/2N2P2/PPP1P1PP/R3KBNR w KQkq -,MODEL_PREDICTION_NOT_EMPIRICAL
VER-08,B7,1700,maia3-5m,9,d4f4,Qf4,0.009336156770586967,0.9906191509217024,0.7423950599583395,430,26,544,r1bqkb1r/pp2pppp/2n2n2/3p2B1/3Q4/2N2P2/PPP1P1PP/R3KBNR w KQkq -,MODEL_PREDICTION_NOT_EMPIRICAL
VER-08,B7,1700,maia3-5m,10,d4e3,Qe3,0.006392709910869598,0.9906191509217024,0.7423950599583395,395,25,580,r1bqkb1r/pp2pppp/2n2n2/3p2B1/3Q4/2N2P2/PPP1P1PP/R3KBNR w KQkq -,MODEL_PREDICTION_NOT_EMPIRICAL
VER-08,B7,1900,maia3-5m,1,d4d2,Qd2,0.3030042052268982,0.9938912414945662,0.721665354264252,419,31,550,r1bqkb1r/pp2pppp/2n2n2/3p2B1/3Q4/2N2P2/PPP1P1PP/R3KBNR w KQkq -,MODEL_PREDICTION_NOT_EMPIRICAL
VER-08,B7,1900,maia3-5m,2,d4a4,Qa4,0.2257937788963318,0.9938912414945662,0.721665354264252,441,31,528,r1bqkb1r/pp2pppp/2n2n2/3p2B1/3Q4/2N2P2/PPP1P1PP/R3KBNR w KQkq -,MODEL_PREDICTION_NOT_EMPIRICAL
VER-08,B7,1900,maia3-5m,3,d4d1,Qd1,0.20521149039268494,0.9938912414945662,0.721665354264252,368,29,603,r1bqkb1r/pp2pppp/2n2n2/3p2B1/3Q4/2N2P2/PPP1P1PP/R3KBNR w KQkq -,MODEL_PREDICTION_NOT_EMPIRICAL
VER-08,B7,1900,maia3-5m,4,d4h4,Qh4,0.1745491474866867,0.9938912414945662,0.721665354264252,433,29,538,r1bqkb1r/pp2pppp/2n2n2/3p2B1/3Q4/2N2P2/PPP1P1PP/R3KBNR w KQkq -,MODEL_PREDICTION_NOT_EMPIRICAL
VER-08,B7,1900,maia3-5m,5,d4d3,Qd3,0.03282409533858299,0.9938912414945662,0.721665354264252,394,28,578,r1bqkb1r/pp2pppp/2n2n2/3p2B1/3Q4/2N2P2/PPP1P1PP/R3KBNR w KQkq -,MODEL_PREDICTION_NOT_EMPIRICAL
VER-08,B7,1900,maia3-5m,6,d4f2,Qf2,0.02906711958348751,0.9938912414945662,0.721665354264252,416,30,554,r1bqkb1r/pp2pppp/2n2n2/3p2B1/3Q4/2N2P2/PPP1P1PP/R3KBNR w KQkq -,MODEL_PREDICTION_NOT_EMPIRICAL
VER-08,B7,1900,maia3-5m,7,g5f6,Bxf6,0.00839903112500906,0.9938912414945662,0.721665354264252,351,26,623,r1bqkb1r/pp2pppp/2n2n2/3p2B1/3Q4/2N2P2/PPP1P1PP/R3KBNR w KQkq -,MODEL_PREDICTION_NOT_EMPIRICAL
VER-08,B7,1900,maia3-5m,8,d4f4,Qf4,0.006006261333823204,0.9938912414945662,0.721665354264252,427,29,544,r1bqkb1r/pp2pppp/2n2n2/3p2B1/3Q4/2N2P2/PPP1P1PP/R3KBNR w KQkq -,MODEL_PREDICTION_NOT_EMPIRICAL
VER-08,B7,1900,maia3-5m,9,d4c5,Qc5,0.005906751379370689,0.9938912414945662,0.721665354264252,386,27,587,r1bqkb1r/pp2pppp/2n2n2/3p2B1/3Q4/2N2P2/PPP1P1PP/R3KBNR w KQkq -,MODEL_PREDICTION_NOT_EMPIRICAL
VER-08,B7,1900,maia3-5m,10,d4e3,Qe3,0.003129360731691122,0.9938912414945662,0.721665354264252,381,27,592,r1bqkb1r/pp2pppp/2n2n2/3p2B1/3Q4/2N2P2/PPP1P1PP/R3KBNR w KQkq -,MODEL_PREDICTION_NOT_EMPIRICAL
VER-08,B7,2100,maia3-5m,1,d4d2,Qd2,0.3557393550872803,0.9968035040656105,0.6735434905517977,426,40,534,r1bqkb1r/pp2pppp/2n2n2/3p2B1/3Q4/2N2P2/PPP1P1PP/R3KBNR w KQkq -,MODEL_PREDICTION_NOT_EMPIRICAL
VER-08,B7,2100,maia3-5m,2,d4h4,Qh4,0.26253750920295715,0.9968035040656105,0.6735434905517977,435,36,529,r1bqkb1r/pp2pppp/2n2n2/3p2B1/3Q4/2N2P2/PPP1P1PP/R3KBNR w KQkq -,MODEL_PREDICTION_NOT_EMPIRICAL
VER-08,B7,2100,maia3-5m,3,d4a4,Qa4,0.20271119475364685,0.9968035040656105,0.6735434905517977,442,38,520,r1bqkb1r/pp2pppp/2n2n2/3p2B1/3Q4/2N2P2/PPP1P1PP/R3KBNR w KQkq -,MODEL_PREDICTION_NOT_EMPIRICAL
VER-08,B7,2100,maia3-5m,4,d4d1,Qd1,0.10861674696207047,0.9968035040656105,0.6735434905517977,357,36,607,r1bqkb1r/pp2pppp/2n2n2/3p2B1/3Q4/2N2P2/PPP1P1PP/R3KBNR w KQkq -,MODEL_PREDICTION_NOT_EMPIRICAL
VER-08,B7,2100,maia3-5m,5,d4f2,Qf2,0.03233622387051582,0.9968035040656105,0.6735434905517977,417,38,545,r1bqkb1r/pp2pppp/2n2n2/3p2B1/3Q4/2N2P2/PPP1P1PP/R3KBNR w KQkq -,MODEL_PREDICTION_NOT_EMPIRICAL
VER-08,B7,2100,maia3-5m,6,d4d3,Qd3,0.022204255685210228,0.9968035040656105,0.6735434905517977,398,35,567,r1bqkb1r/pp2pppp/2n2n2/3p2B1/3Q4/2N2P2/PPP1P1PP/R3KBNR w KQkq -,MODEL_PREDICTION_NOT_EMPIRICAL
VER-08,B7,2100,maia3-5m,7,g5f6,Bxf6,0.0043118540197610855,0.9968035040656105,0.6735434905517977,366,36,598,r1bqkb1r/pp2pppp/2n2n2/3p2B1/3Q4/2N2P2/PPP1P1PP/R3KBNR w KQkq -,MODEL_PREDICTION_NOT_EMPIRICAL
VER-08,B7,2100,maia3-5m,8,d4f4,Qf4,0.003961401060223579,0.9968035040656105,0.6735434905517977,423,36,541,r1bqkb1r/pp2pppp/2n2n2/3p2B1/3Q4/2N2P2/PPP1P1PP/R3KBNR w KQkq -,MODEL_PREDICTION_NOT_EMPIRICAL
VER-08,B7,2100,maia3-5m,9,d4c5,Qc5,0.0029747947119176388,0.9968035040656105,0.6735434905517977,386,34,580,r1bqkb1r/pp2pppp/2n2n2/3p2B1/3Q4/2N2P2/PPP1P1PP/R3KBNR w KQkq -,MODEL_PREDICTION_NOT_EMPIRICAL
VER-08,B7,2100,maia3-5m,10,d4e3,Qe3,0.001410168712027371,0.9968035040656105,0.6735434905517977,375,34,591,r1bqkb1r/pp2pppp/2n2n2/3p2B1/3Q4/2N2P2/PPP1P1PP/R3KBNR w KQkq -,MODEL_PREDICTION_NOT_EMPIRICAL
JOB-03,B8,1100,maia3-5m,1,c3b5,Nb5,0.8292540311813354,0.9927023218479007,0.3151992424475354,521,18,461,rnbqkb1r/pp2pppp/5n2/2P5/3p1B2/2N5/PPP1PPPP/R2QKBNR w KQkq -,MODEL_PREDICTION_NOT_EMPIRICAL
JOB-03,B8,1100,maia3-5m,2,c3a4,Na4,0.06978435069322586,0.9927023218479007,0.3151992424475354,401,17,582,rnbqkb1r/pp2pppp/5n2/2P5/3p1B2/2N5/PPP1PPPP/R2QKBNR w KQkq -,MODEL_PREDICTION_NOT_EMPIRICAL
JOB-03,B8,1100,maia3-5m,3,c3b1,Nb1,0.034271299839019775,0.9927023218479007,0.3151992424475354,384,19,597,rnbqkb1r/pp2pppp/5n2/2P5/3p1B2/2N5/PPP1PPPP/R2QKBNR w KQkq -,MODEL_PREDICTION_NOT_EMPIRICAL
JOB-03,B8,1100,maia3-5m,4,c3e4,Ne4,0.018550820648670197,0.9927023218479007,0.3151992424475354,350,20,630,rnbqkb1r/pp2pppp/5n2/2P5/3p1B2/2N5/PPP1PPPP/R2QKBNR w KQkq -,MODEL_PREDICTION_NOT_EMPIRICAL
JOB-03,B8,1100,maia3-5m,5,f4b8,Bxb8,0.014421348460018635,0.9927023218479007,0.3151992424475354,430,26,544,rnbqkb1r/pp2pppp/5n2/2P5/3p1B2/2N5/PPP1PPPP/R2QKBNR w KQkq -,MODEL_PREDICTION_NOT_EMPIRICAL
JOB-03,B8,1100,maia3-5m,6,e2e3,e3,0.011141297407448292,0.9927023218479007,0.3151992424475354,441,23,536,rnbqkb1r/pp2pppp/5n2/2P5/3p1B2/2N5/PPP1PPPP/R2QKBNR w KQkq -,MODEL_PREDICTION_NOT_EMPIRICAL
JOB-03,B8,1100,maia3-5m,7,d1d4,Qxd4,0.0057444521225988865,0.9927023218479007,0.3151992424475354,110,14,876,rnbqkb1r/pp2pppp/5n2/2P5/3p1B2/2N5/PPP1PPPP/R2QKBNR w KQkq -,MODEL_PREDICTION_NOT_EMPIRICAL
JOB-03,B8,1100,maia3-5m,8,g1f3,Nf3,0.0047688172198832035,0.9927023218479007,0.3151992424475354,417,23,560,rnbqkb1r/pp2pppp/5n2/2P5/3p1B2/2N5/PPP1PPPP/R2QKBNR w KQkq -,MODEL_PREDICTION_NOT_EMPIRICAL
JOB-03,B8,1100,maia3-5m,9,c3d5,Nd5,0.0025099723134189844,0.9927023218479007,0.3151992424475354,332,21,647,rnbqkb1r/pp2pppp/5n2/2P5/3p1B2/2N5/PPP1PPPP/R2QKBNR w KQkq -,MODEL_PREDICTION_NOT_EMPIRICAL
JOB-03,B8,1100,maia3-5m,10,e2e4,e4,0.0022559319622814655,0.9927023218479007,0.3151992424475354,391,22,587,rnbqkb1r/pp2pppp/5n2/2P5/3p1B2/2N5/PPP1PPPP/R2QKBNR w KQkq -,MODEL_PREDICTION_NOT_EMPIRICAL
JOB-03,B8,1300,maia3-5m,1,c3b5,Nb5,0.7845160961151123,0.9929114409023896,0.3636154747090103,492,18,490,rnbqkb1r/pp2pppp/5n2/2P5/3p1B2/2N5/PPP1PPPP/R2QKBNR w KQkq -,MODEL_PREDICTION_NOT_EMPIRICAL
JOB-03,B8,1300,maia3-5m,2,c3a4,Na4,0.08937433362007141,0.9929114409023896,0.3636154747090103,386,16,598,rnbqkb1r/pp2pppp/5n2/2P5/3p1B2/2N5/PPP1PPPP/R2QKBNR w KQkq -,MODEL_PREDICTION_NOT_EMPIRICAL
JOB-03,B8,1300,maia3-5m,3,c3b1,Nb1,0.06301608681678772,0.9929114409023896,0.3636154747090103,376,19,605,rnbqkb1r/pp2pppp/5n2/2P5/3p1B2/2N5/PPP1PPPP/R2QKBNR w KQkq -,MODEL_PREDICTION_NOT_EMPIRICAL
JOB-03,B8,1300,maia3-5m,4,f4b8,Bxb8,0.0151820695027709,0.9929114409023896,0.3636154747090103,437,24,539,rnbqkb1r/pp2pppp/5n2/2P5/3p1B2/2N5/PPP1PPPP/R2QKBNR w KQkq -,MODEL_PREDICTION_NOT_EMPIRICAL
JOB-03,B8,1300,maia3-5m,5,c3e4,Ne4,0.014895465224981308,0.9929114409023896,0.3636154747090103,336,19,645,rnbqkb1r/pp2pppp/5n2/2P5/3p1B2/2N5/PPP1PPPP/R2QKBNR w KQkq -,MODEL_PREDICTION_NOT_EMPIRICAL
JOB-03,B8,1300,maia3-5m,6,e2e3,e3,0.011682734824717045,0.9929114409023896,0.3636154747090103,457,22,521,rnbqkb1r/pp2pppp/5n2/2P5/3p1B2/2N5/PPP1PPPP/R2QKBNR w KQkq -,MODEL_PREDICTION_NOT_EMPIRICAL
JOB-03,B8,1300,maia3-5m,7,g1f3,Nf3,0.005627118982374668,0.9929114409023896,0.3636154747090103,426,22,552,rnbqkb1r/pp2pppp/5n2/2P5/3p1B2/2N5/PPP1PPPP/R2QKBNR w KQkq -,MODEL_PREDICTION_NOT_EMPIRICAL
JOB-03,B8,1300,maia3-5m,8,d1d4,Qxd4,0.004870153497904539,0.9929114409023896,0.3636154747090103,100,11,889,rnbqkb1r/pp2pppp/5n2/2P5/3p1B2/2N5/PPP1PPPP/R2QKBNR w KQkq -,MODEL_PREDICTION_NOT_EMPIRICAL
JOB-03,B8,1300,maia3-5m,9,e2e4,e4,0.0019665530417114496,0.9929114409023896,0.3636154747090103,396,21,583,rnbqkb1r/pp2pppp/5n2/2P5/3p1B2/2N5/PPP1PPPP/R2QKBNR w KQkq -,MODEL_PREDICTION_NOT_EMPIRICAL
JOB-03,B8,1300,maia3-5m,10,d1d3,Qd3,0.00178082927595824,0.9929114409023896,0.3636154747090103,400,19,581,rnbqkb1r/pp2pppp/5n2/2P5/3p1B2/2N5/PPP1PPPP/R2QKBNR w KQkq -,MODEL_PREDICTION_NOT_EMPIRICAL
JOB-03,B8,1500,maia3-5m,1,c3b5,Nb5,0.7425066828727722,0.9928523944690824,0.4070757097549263,473,18,509,rnbqkb1r/pp2pppp/5n2/2P5/3p1B2/2N5/PPP1PPPP/R2QKBNR w KQkq -,MODEL_PREDICTION_NOT_EMPIRICAL
JOB-03,B8,1500,maia3-5m,2,c3a4,Na4,0.09686250239610672,0.9928523944690824,0.4070757097549263,370,17,613,rnbqkb1r/pp2pppp/5n2/2P5/3p1B2/2N5/PPP1PPPP/R2QKBNR w KQkq -,MODEL_PREDICTION_NOT_EMPIRICAL
JOB-03,B8,1500,maia3-5m,3,c3b1,Nb1,0.09478487074375153,0.9928523944690824,0.4070757097549263,370,20,610,rnbqkb1r/pp2pppp/5n2/2P5/3p1B2/2N5/PPP1PPPP/R2QKBNR w KQkq -,MODEL_PREDICTION_NOT_EMPIRICAL
JOB-03,B8,1500,maia3-5m,4,f4b8,Bxb8,0.0178131852298975,0.9928523944690824,0.4070757097549263,443,24,533,rnbqkb1r/pp2pppp/5n2/2P5/3p1B2/2N5/PPP1PPPP/R2QKBNR w KQkq -,MODEL_PREDICTION_NOT_EMPIRICAL
JOB-03,B8,1500,maia3-5m,5,e2e3,e3,0.012801803648471832,0.9928523944690824,0.4070757097549263,474,22,504,rnbqkb1r/pp2pppp/5n2/2P5/3p1B2/2N5/PPP1PPPP/R2QKBNR w KQkq -,MODEL_PREDICTION_NOT_EMPIRICAL
JOB-03,B8,1500,maia3-5m,6,c3e4,Ne4,0.012511596083641052,0.9928523944690824,0.4070757097549263,325,20,655,rnbqkb1r/pp2pppp/5n2/2P5/3p1B2/2N5/PPP1PPPP/R2QKBNR w KQkq -,MODEL_PREDICTION_NOT_EMPIRICAL
JOB-03,B8,1500,maia3-5m,7,g1f3,Nf3,0.006973362062126398,0.9928523944690824,0.4070757097549263,439,23,538,rnbqkb1r/pp2pppp/5n2/2P5/3p1B2/2N5/PPP1PPPP/R2QKBNR w KQkq -,MODEL_PREDICTION_NOT_EMPIRICAL
JOB-03,B8,1500,maia3-5m,8,d1d4,Qxd4,0.004273419268429279,0.9928523944690824,0.4070757097549263,99,10,891,rnbqkb1r/pp2pppp/5n2/2P5/3p1B2/2N5/PPP1PPPP/R2QKBNR w KQkq -,MODEL_PREDICTION_NOT_EMPIRICAL
JOB-03,B8,1500,maia3-5m,9,d1d3,Qd3,0.0023686783388257027,0.9928523944690824,0.4070757097549263,397,19,584,rnbqkb1r/pp2pppp/5n2/2P5/3p1B2/2N5/PPP1PPPP/R2QKBNR w KQkq -,MODEL_PREDICTION_NOT_EMPIRICAL
JOB-03,B8,1500,maia3-5m,10,e2e4,e4,0.001956293825060129,0.9928523944690824,0.4070757097549263,403,21,576,rnbqkb1r/pp2pppp/5n2/2P5/3p1B2/2N5/PPP1PPPP/R2QKBNR w KQkq -,MODEL_PREDICTION_NOT_EMPIRICAL
JOB-03,B8,1700,maia3-5m,1,c3b5,Nb5,0.7088038921356201,0.9921562292147428,0.4392665933084386,466,20,514,rnbqkb1r/pp2pppp/5n2/2P5/3p1B2/2N5/PPP1PPPP/R2QKBNR w KQkq -,MODEL_PREDICTION_NOT_EMPIRICAL
JOB-03,B8,1700,maia3-5m,2,c3b1,Nb1,0.12414243072271347,0.9921562292147428,0.4392665933084386,365,23,612,rnbqkb1r/pp2pppp/5n2/2P5/3p1B2/2N5/PPP1PPPP/R2QKBNR w KQkq -,MODEL_PREDICTION_NOT_EMPIRICAL
JOB-03,B8,1700,maia3-5m,3,c3a4,Na4,0.09492820501327515,0.9921562292147428,0.4392665933084386,363,18,619,rnbqkb1r/pp2pppp/5n2/2P5/3p1B2/2N5/PPP1PPPP/R2QKBNR w KQkq -,MODEL_PREDICTION_NOT_EMPIRICAL
JOB-03,B8,1700,maia3-5m,4,f4b8,Bxb8,0.022383783012628555,0.9921562292147428,0.4392665933084386,462,25,513,rnbqkb1r/pp2pppp/5n2/2P5/3p1B2/2N5/PPP1PPPP/R2QKBNR w KQkq -,MODEL_PREDICTION_NOT_EMPIRICAL
JOB-03,B8,1700,maia3-5m,5,e2e3,e3,0.014003327116370201,0.9921562292147428,0.4392665933084386,485,24,491,rnbqkb1r/pp2pppp/5n2/2P5/3p1B2/2N5/PPP1PPPP/R2QKBNR w KQkq -,MODEL_PREDICTION_NOT_EMPIRICAL
JOB-03,B8,1700,maia3-5m,6,c3e4,Ne4,0.010474053211510181,0.9921562292147428,0.4392665933084386,318,21,661,rnbqkb1r/pp2pppp/5n2/2P5/3p1B2/2N5/PPP1PPPP/R2QKBNR w KQkq -,MODEL_PREDICTION_NOT_EMPIRICAL
JOB-03,B8,1700,maia3-5m,7,g1f3,Nf3,0.008344417437911034,0.9921562292147428,0.4392665933084386,452,24,524,rnbqkb1r/pp2pppp/5n2/2P5/3p1B2/2N5/PPP1PPPP/R2QKBNR w KQkq -,MODEL_PREDICTION_NOT_EMPIRICAL
JOB-03,B8,1700,maia3-5m,8,d1d4,Qxd4,0.003523282241076231,0.9921562292147428,0.4392665933084386,102,9,889,rnbqkb1r/pp2pppp/5n2/2P5/3p1B2/2N5/PPP1PPPP/R2QKBNR w KQkq -,MODEL_PREDICTION_NOT_EMPIRICAL
JOB-03,B8,1700,maia3-5m,9,d1d3,Qd3,0.003354202024638653,0.9921562292147428,0.4392665933084386,389,20,591,rnbqkb1r/pp2pppp/5n2/2P5/3p1B2/2N5/PPP1PPPP/R2QKBNR w KQkq -,MODEL_PREDICTION_NOT_EMPIRICAL
JOB-03,B8,1700,maia3-5m,10,e2e4,e4,0.0021986362989991903,0.9921562292147428,0.4392665933084386,408,22,570,rnbqkb1r/pp2pppp/5n2/2P5/3p1B2/2N5/PPP1PPPP/R2QKBNR w KQkq -,MODEL_PREDICTION_NOT_EMPIRICAL
JOB-03,B8,1900,maia3-5m,1,c3b5,Nb5,0.6729409694671631,0.9905129438266158,0.4706353964733502,463,24,513,rnbqkb1r/pp2pppp/5n2/2P5/3p1B2/2N5/PPP1PPPP/R2QKBNR w KQkq -,MODEL_PREDICTION_NOT_EMPIRICAL
JOB-03,B8,1900,maia3-5m,2,c3b1,Nb1,0.15131723880767822,0.9905129438266158,0.4706353964733502,365,28,607,rnbqkb1r/pp2pppp/5n2/2P5/3p1B2/2N5/PPP1PPPP/R2QKBNR w KQkq -,MODEL_PREDICTION_NOT_EMPIRICAL
JOB-03,B8,1900,maia3-5m,3,c3a4,Na4,0.0944473147392273,0.9905129438266158,0.4706353964733502,358,21,621,rnbqkb1r/pp2pppp/5n2/2P5/3p1B2/2N5/PPP1PPPP/R2QKBNR w KQkq -,MODEL_PREDICTION_NOT_EMPIRICAL
JOB-03,B8,1900,maia3-5m,4,f4b8,Bxb8,0.02728729508817196,0.9905129438266158,0.4706353964733502,472,29,499,rnbqkb1r/pp2pppp/5n2/2P5/3p1B2/2N5/PPP1PPPP/R2QKBNR w KQkq -,MODEL_PREDICTION_NOT_EMPIRICAL
JOB-03,B8,1900,maia3-5m,5,e2e3,e3,0.015905946493148804,0.9905129438266158,0.4706353964733502,506,26,468,rnbqkb1r/pp2pppp/5n2/2P5/3p1B2/2N5/PPP1PPPP/R2QKBNR w KQkq -,MODEL_PREDICTION_NOT_EMPIRICAL
JOB-03,B8,1900,maia3-5m,6,g1f3,Nf3,0.009024950675666332,0.9905129438266158,0.4706353964733502,468,27,505,rnbqkb1r/pp2pppp/5n2/2P5/3p1B2/2N5/PPP1PPPP/R2QKBNR w KQkq -,MODEL_PREDICTION_NOT_EMPIRICAL
JOB-03,B8,1900,maia3-5m,7,c3e4,Ne4,0.008634579367935658,0.9905129438266158,0.4706353964733502,311,24,665,rnbqkb1r/pp2pppp/5n2/2P5/3p1B2/2N5/PPP1PPPP/R2QKBNR w KQkq -,MODEL_PREDICTION_NOT_EMPIRICAL
JOB-03,B8,1900,maia3-5m,8,d1d3,Qd3,0.005438618827611208,0.9905129438266158,0.4706353964733502,389,23,588,rnbqkb1r/pp2pppp/5n2/2P5/3p1B2/2N5/PPP1PPPP/R2QKBNR w KQkq -,MODEL_PREDICTION_NOT_EMPIRICAL
JOB-03,B8,1900,maia3-5m,9,e2e4,e4,0.002898846287280321,0.9905129438266158,0.4706353964733502,417,24,559,rnbqkb1r/pp2pppp/5n2/2P5/3p1B2/2N5/PPP1PPPP/R2QKBNR w KQkq -,MODEL_PREDICTION_NOT_EMPIRICAL
JOB-03,B8,1900,maia3-5m,10,d1d2,Qd2,0.0026171840727329254,0.9905129438266158,0.4706353964733502,331,22,647,rnbqkb1r/pp2pppp/5n2/2P5/3p1B2/2N5/PPP1PPPP/R2QKBNR w KQkq -,MODEL_PREDICTION_NOT_EMPIRICAL
JOB-03,B8,2100,maia3-5m,1,c3b5,Nb5,0.6239826083183289,0.9910499560646713,0.5168428603073425,457,32,511,rnbqkb1r/pp2pppp/5n2/2P5/3p1B2/2N5/PPP1PPPP/R2QKBNR w KQkq -,MODEL_PREDICTION_NOT_EMPIRICAL
JOB-03,B8,2100,maia3-5m,2,c3b1,Nb1,0.159633606672287,0.9910499560646713,0.5168428603073425,370,36,594,rnbqkb1r/pp2pppp/5n2/2P5/3p1B2/2N5/PPP1PPPP/R2QKBNR w KQkq -,MODEL_PREDICTION_NOT_EMPIRICAL
JOB-03,B8,2100,maia3-5m,3,c3a4,Na4,0.12716352939605713,0.9910499560646713,0.5168428603073425,351,27,622,rnbqkb1r/pp2pppp/5n2/2P5/3p1B2/2N5/PPP1PPPP/R2QKBNR w KQkq -,MODEL_PREDICTION_NOT_EMPIRICAL
JOB-03,B8,2100,maia3-5m,4,f4b8,Bxb8,0.028545495122671127,0.9910499560646713,0.5168428603073425,478,38,484,rnbqkb1r/pp2pppp/5n2/2P5/3p1B2/2N5/PPP1PPPP/R2QKBNR w KQkq -,MODEL_PREDICTION_NOT_EMPIRICAL
JOB-03,B8,2100,maia3-5m,5,e2e3,e3,0.018601233139634132,0.9910499560646713,0.5168428603073425,529,33,438,rnbqkb1r/pp2pppp/5n2/2P5/3p1B2/2N5/PPP1PPPP/R2QKBNR w KQkq -,MODEL_PREDICTION_NOT_EMPIRICAL
JOB-03,B8,2100,maia3-5m,6,d1d3,Qd3,0.00931822694838047,0.9910499560646713,0.5168428603073425,394,28,578,rnbqkb1r/pp2pppp/5n2/2P5/3p1B2/2N5/PPP1PPPP/R2QKBNR w KQkq -,MODEL_PREDICTION_NOT_EMPIRICAL
JOB-03,B8,2100,maia3-5m,7,g1f3,Nf3,0.007597521413117647,0.9910499560646713,0.5168428603073425,490,34,476,rnbqkb1r/pp2pppp/5n2/2P5/3p1B2/2N5/PPP1PPPP/R2QKBNR w KQkq -,MODEL_PREDICTION_NOT_EMPIRICAL
JOB-03,B8,2100,maia3-5m,8,c3e4,Ne4,0.006692000199109316,0.9910499560646713,0.5168428603073425,313,31,656,rnbqkb1r/pp2pppp/5n2/2P5/3p1B2/2N5/PPP1PPPP/R2QKBNR w KQkq -,MODEL_PREDICTION_NOT_EMPIRICAL
JOB-03,B8,2100,maia3-5m,9,d1d2,Qd2,0.005213335622102022,0.9910499560646713,0.5168428603073425,347,28,625,rnbqkb1r/pp2pppp/5n2/2P5/3p1B2/2N5/PPP1PPPP/R2QKBNR w KQkq -,MODEL_PREDICTION_NOT_EMPIRICAL
JOB-03,B8,2100,maia3-5m,10,e2e4,e4,0.004302399232983589,0.9910499560646713,0.5168428603073425,431,31,538,rnbqkb1r/pp2pppp/5n2/2P5/3p1B2/2N5/PPP1PPPP/R2QKBNR w KQkq -,MODEL_PREDICTION_NOT_EMPIRICAL
JOB-04,B8,1100,maia3-5m,1,b5c3,Nc3,0.8189830183982849,1.000000024214387,0.4020370891677047,468,21,511,rnb1kb1r/pp2pppp/5n2/qNpp4/3P1B2/8/PPP1PPPP/R2QKBNR w KQkq -,MODEL_PREDICTION_NOT_EMPIRICAL
JOB-04,B8,1100,maia3-5m,2,c2c3,c3,0.11726149916648865,1.000000024214387,0.4020370891677047,501,19,480,rnb1kb1r/pp2pppp/5n2/qNpp4/3P1B2/8/PPP1PPPP/R2QKBNR w KQkq -,MODEL_PREDICTION_NOT_EMPIRICAL
JOB-04,B8,1100,maia3-5m,3,d1d2,Qd2,0.03966502100229263,1.000000024214387,0.4020370891677047,485,25,490,rnb1kb1r/pp2pppp/5n2/qNpp4/3P1B2/8/PPP1PPPP/R2QKBNR w KQkq -,MODEL_PREDICTION_NOT_EMPIRICAL
JOB-04,B8,1100,maia3-5m,4,f4d2,Bd2,0.01721346378326416,1.000000024214387,0.4020370891677047,345,21,634,rnb1kb1r/pp2pppp/5n2/qNpp4/3P1B2/8/PPP1PPPP/R2QKBNR w KQkq -,MODEL_PREDICTION_NOT_EMPIRICAL
JOB-04,B8,1100,maia3-5m,5,b2b4,b4,0.006877021864056587,1.000000024214387,0.4020370891677047,447,20,533,rnb1kb1r/pp2pppp/5n2/qNpp4/3P1B2/8/PPP1PPPP/R2QKBNR w KQkq -,MODEL_PREDICTION_NOT_EMPIRICAL
JOB-04,B8,1300,maia3-5m,1,b5c3,Nc3,0.8956888318061829,1.0000000558793545,0.2691046060799154,456,21,523,rnb1kb1r/pp2pppp/5n2/qNpp4/3P1B2/8/PPP1PPPP/R2QKBNR w KQkq -,MODEL_PREDICTION_NOT_EMPIRICAL
JOB-04,B8,1300,maia3-5m,2,c2c3,c3,0.06911330670118332,1.0000000558793545,0.2691046060799154,520,19,461,rnb1kb1r/pp2pppp/5n2/qNpp4/3P1B2/8/PPP1PPPP/R2QKBNR w KQkq -,MODEL_PREDICTION_NOT_EMPIRICAL
JOB-04,B8,1300,maia3-5m,3,d1d2,Qd2,0.021670987829566002,1.0000000558793545,0.2691046060799154,507,25,468,rnb1kb1r/pp2pppp/5n2/qNpp4/3P1B2/8/PPP1PPPP/R2QKBNR w KQkq -,MODEL_PREDICTION_NOT_EMPIRICAL
JOB-04,B8,1300,maia3-5m,4,f4d2,Bd2,0.00914551317691803,1.0000000558793545,0.2691046060799154,361,20,619,rnb1kb1r/pp2pppp/5n2/qNpp4/3P1B2/8/PPP1PPPP/R2QKBNR w KQkq -,MODEL_PREDICTION_NOT_EMPIRICAL
JOB-04,B8,1300,maia3-5m,5,b2b4,b4,0.004381416365504265,1.0000000558793545,0.2691046060799154,466,20,514,rnb1kb1r/pp2pppp/5n2/qNpp4/3P1B2/8/PPP1PPPP/R2QKBNR w KQkq -,MODEL_PREDICTION_NOT_EMPIRICAL
JOB-04,B8,1500,maia3-5m,1,b5c3,Nc3,0.9235965609550476,1.000000040512532,0.2126634350368337,450,22,528,rnb1kb1r/pp2pppp/5n2/qNpp4/3P1B2/8/PPP1PPPP/R2QKBNR w KQkq -,MODEL_PREDICTION_NOT_EMPIRICAL
JOB-04,B8,1500,maia3-5m,2,c2c3,c3,0.05126124992966652,1.000000040512532,0.2126634350368337,529,20,451,rnb1kb1r/pp2pppp/5n2/qNpp4/3P1B2/8/PPP1PPPP/R2QKBNR w KQkq -,MODEL_PREDICTION_NOT_EMPIRICAL
JOB-04,B8,1500,maia3-5m,3,d1d2,Qd2,0.014915356412529945,1.000000040512532,0.2126634350368337,512,26,462,rnb1kb1r/pp2pppp/5n2/qNpp4/3P1B2/8/PPP1PPPP/R2QKBNR w KQkq -,MODEL_PREDICTION_NOT_EMPIRICAL
JOB-04,B8,1500,maia3-5m,4,f4d2,Bd2,0.005851971451193094,1.000000040512532,0.2126634350368337,380,20,600,rnb1kb1r/pp2pppp/5n2/qNpp4/3P1B2/8/PPP1PPPP/R2QKBNR w KQkq -,MODEL_PREDICTION_NOT_EMPIRICAL
JOB-04,B8,1500,maia3-5m,5,b2b4,b4,0.0043749017640948296,1.000000040512532,0.2126634350368337,475,20,505,rnb1kb1r/pp2pppp/5n2/qNpp4/3P1B2/8/PPP1PPPP/R2QKBNR w KQkq -,MODEL_PREDICTION_NOT_EMPIRICAL
JOB-04,B8,1700,maia3-5m,1,b5c3,Nc3,0.9310272932052612,1.000000024214387,0.19677743636059192,443,24,533,rnb1kb1r/pp2pppp/5n2/qNpp4/3P1B2/8/PPP1PPPP/R2QKBNR w KQkq -,MODEL_PREDICTION_NOT_EMPIRICAL
JOB-04,B8,1700,maia3-5m,2,c2c3,c3,0.04653880000114441,1.000000024214387,0.19677743636059192,532,21,447,rnb1kb1r/pp2pppp/5n2/qNpp4/3P1B2/8/PPP1PPPP/R2QKBNR w KQkq -,MODEL_PREDICTION_NOT_EMPIRICAL
JOB-04,B8,1700,maia3-5m,3,d1d2,Qd2,0.012462882325053215,1.000000024214387,0.19677743636059192,510,28,462,rnb1kb1r/pp2pppp/5n2/qNpp4/3P1B2/8/PPP1PPPP/R2QKBNR w KQkq -,MODEL_PREDICTION_NOT_EMPIRICAL
JOB-04,B8,1700,maia3-5m,4,b2b4,b4,0.005694366060197353,1.000000024214387,0.19677743636059192,483,20,497,rnb1kb1r/pp2pppp/5n2/qNpp4/3P1B2/8/PPP1PPPP/R2QKBNR w KQkq -,MODEL_PREDICTION_NOT_EMPIRICAL
JOB-04,B8,1700,maia3-5m,5,f4d2,Bd2,0.004276682622730732,1.000000024214387,0.19677743636059192,399,21,580,rnb1kb1r/pp2pppp/5n2/qNpp4/3P1B2/8/PPP1PPPP/R2QKBNR w KQkq -,MODEL_PREDICTION_NOT_EMPIRICAL
JOB-04,B8,1900,maia3-5m,1,b5c3,Nc3,0.9224610328674316,0.9999999492429197,0.21580070507662422,434,28,538,rnb1kb1r/pp2pppp/5n2/qNpp4/3P1B2/8/PPP1PPPP/R2QKBNR w KQkq -,MODEL_PREDICTION_NOT_EMPIRICAL
JOB-04,B8,1900,maia3-5m,2,c2c3,c3,0.051957983523607254,0.9999999492429197,0.21580070507662422,529,24,447,rnb1kb1r/pp2pppp/5n2/qNpp4/3P1B2/8/PPP1PPPP/R2QKBNR w KQkq -,MODEL_PREDICTION_NOT_EMPIRICAL
JOB-04,B8,1900,maia3-5m,3,d1d2,Qd2,0.01284591481089592,0.9999999492429197,0.21580070507662422,506,33,461,rnb1kb1r/pp2pppp/5n2/qNpp4/3P1B2/8/PPP1PPPP/R2QKBNR w KQkq -,MODEL_PREDICTION_NOT_EMPIRICAL
JOB-04,B8,1900,maia3-5m,4,b2b4,b4,0.009005140513181686,0.9999999492429197,0.21580070507662422,475,22,503,rnb1kb1r/pp2pppp/5n2/qNpp4/3P1B2/8/PPP1PPPP/R2QKBNR w KQkq -,MODEL_PREDICTION_NOT_EMPIRICAL
JOB-04,B8,1900,maia3-5m,5,f4d2,Bd2,0.0037298775278031826,0.9999999492429197,0.21580070507662422,414,24,562,rnb1kb1r/pp2pppp/5n2/qNpp4/3P1B2/8/PPP1PPPP/R2QKBNR w KQkq -,MODEL_PREDICTION_NOT_EMPIRICAL
JOB-04,B8,2100,maia3-5m,1,b5c3,Nc3,0.8899348974227905,1.0000000726431608,0.2840325187347199,425,35,540,rnb1kb1r/pp2pppp/5n2/qNpp4/3P1B2/8/PPP1PPPP/R2QKBNR w KQkq -,MODEL_PREDICTION_NOT_EMPIRICAL
JOB-04,B8,2100,maia3-5m,2,c2c3,c3,0.07015116512775421,1.0000000726431608,0.2840325187347199,520,32,448,rnb1kb1r/pp2pppp/5n2/qNpp4/3P1B2/8/PPP1PPPP/R2QKBNR w KQkq -,MODEL_PREDICTION_NOT_EMPIRICAL
JOB-04,B8,2100,maia3-5m,3,b2b4,b4,0.018479470163583755,1.0000000726431608,0.2840325187347199,447,27,526,rnb1kb1r/pp2pppp/5n2/qNpp4/3P1B2/8/PPP1PPPP/R2QKBNR w KQkq -,MODEL_PREDICTION_NOT_EMPIRICAL
JOB-04,B8,2100,maia3-5m,4,d1d2,Qd2,0.017064381390810013,1.0000000726431608,0.2840325187347199,494,42,464,rnb1kb1r/pp2pppp/5n2/qNpp4/3P1B2/8/PPP1PPPP/R2QKBNR w KQkq -,MODEL_PREDICTION_NOT_EMPIRICAL
JOB-04,B8,2100,maia3-5m,5,f4d2,Bd2,0.004370158538222313,1.0000000726431608,0.2840325187347199,424,31,545,rnb1kb1r/pp2pppp/5n2/qNpp4/3P1B2/8/PPP1PPPP/R2QKBNR w KQkq -,MODEL_PREDICTION_NOT_EMPIRICAL
JOB-13,B8,1100,maia3-5m,1,e2c3,Nec3,0.5063689947128296,0.9999999569263309,0.554272509610071,678,18,304,r3kb1r/pp2pppp/2n2n2/qNpp4/3P1B2/4P3/PPP1NPPP/R2QK2R w KQkq -,MODEL_PREDICTION_NOT_EMPIRICAL
JOB-13,B8,1100,maia3-5m,2,b5c3,Nbc3,0.40335386991500854,0.9999999569263309,0.554272509610071,524,26,450,r3kb1r/pp2pppp/2n2n2/qNpp4/3P1B2/4P3/PPP1NPPP/R2QK2R w KQkq -,MODEL_PREDICTION_NOT_EMPIRICAL
JOB-13,B8,1100,maia3-5m,3,c2c3,c3,0.06759852170944214,0.9999999569263309,0.554272509610071,530,23,447,r3kb1r/pp2pppp/2n2n2/qNpp4/3P1B2/4P3/PPP1NPPP/R2QK2R w KQkq -,MODEL_PREDICTION_NOT_EMPIRICAL
JOB-13,B8,1100,maia3-5m,4,d1d2,Qd2,0.018112044781446457,0.9999999569263309,0.554272509610071,483,31,486,r3kb1r/pp2pppp/2n2n2/qNpp4/3P1B2/4P3/PPP1NPPP/R2QK2R w KQkq -,MODEL_PREDICTION_NOT_EMPIRICAL
JOB-13,B8,1100,maia3-5m,5,b2b4,b4,0.00299272988922894,0.9999999569263309,0.554272509610071,531,22,447,r3kb1r/pp2pppp/2n2n2/qNpp4/3P1B2/4P3/PPP1NPPP/R2QK2R w KQkq -,MODEL_PREDICTION_NOT_EMPIRICAL
JOB-13,B8,1100,maia3-5m,6,e1f1,Kf1,0.0015737959183752537,0.9999999569263309,0.554272509610071,477,22,501,r3kb1r/pp2pppp/2n2n2/qNpp4/3P1B2/4P3/PPP1NPPP/R2QK2R w KQkq -,MODEL_PREDICTION_NOT_EMPIRICAL
JOB-13,B8,1300,maia3-5m,1,e2c3,Nec3,0.49317169189453125,0.9999999068677425,0.5115106430993948,679,19,302,r3kb1r/pp2pppp/2n2n2/qNpp4/3P1B2/4P3/PPP1NPPP/R2QK2R w KQkq -,MODEL_PREDICTION_NOT_EMPIRICAL
JOB-13,B8,1300,maia3-5m,2,b5c3,Nbc3,0.4481959640979767,0.9999999068677425,0.5115106430993948,512,26,462,r3kb1r/pp2pppp/2n2n2/qNpp4/3P1B2/4P3/PPP1NPPP/R2QK2R w KQkq -,MODEL_PREDICTION_NOT_EMPIRICAL
JOB-13,B8,1300,maia3-5m,3,c2c3,c3,0.04404869303107262,0.9999999068677425,0.5115106430993948,538,24,438,r3kb1r/pp2pppp/2n2n2/qNpp4/3P1B2/4P3/PPP1NPPP/R2QK2R w KQkq -,MODEL_PREDICTION_NOT_EMPIRICAL
JOB-13,B8,1300,maia3-5m,4,d1d2,Qd2,0.011776979081332684,0.9999999068677425,0.5115106430993948,498,31,471,r3kb1r/pp2pppp/2n2n2/qNpp4/3P1B2/4P3/PPP1NPPP/R2QK2R w KQkq -,MODEL_PREDICTION_NOT_EMPIRICAL
JOB-13,B8,1300,maia3-5m,5,b2b4,b4,0.0017597981495782733,0.9999999068677425,0.5115106430993948,540,22,438,r3kb1r/pp2pppp/2n2n2/qNpp4/3P1B2/4P3/PPP1NPPP/R2QK2R w KQkq -,MODEL_PREDICTION_NOT_EMPIRICAL
JOB-13,B8,1300,maia3-5m,6,e1f1,Kf1,0.0010467806132510304,0.9999999068677425,0.5115106430993948,487,23,490,r3kb1r/pp2pppp/2n2n2/qNpp4/3P1B2/4P3/PPP1NPPP/R2QK2R w KQkq -,MODEL_PREDICTION_NOT_EMPIRICAL
JOB-13,B8,1500,maia3-5m,1,e2c3,Nec3,0.4927070736885071,1.0000000511063263,0.48751800426538766,677,20,303,r3kb1r/pp2pppp/2n2n2/qNpp4/3P1B2/4P3/PPP1NPPP/R2QK2R w KQkq -,MODEL_PREDICTION_NOT_EMPIRICAL
JOB-13,B8,1500,maia3-5m,2,b5c3,Nbc3,0.4635516405105591,1.0000000511063263,0.48751800426538766,502,27,471,r3kb1r/pp2pppp/2n2n2/qNpp4/3P1B2/4P3/PPP1NPPP/R2QK2R w KQkq -,MODEL_PREDICTION_NOT_EMPIRICAL
JOB-13,B8,1500,maia3-5m,3,c2c3,c3,0.032943274825811386,1.0000000511063263,0.48751800426538766,538,25,437,r3kb1r/pp2pppp/2n2n2/qNpp4/3P1B2/4P3/PPP1NPPP/R2QK2R w KQkq -,MODEL_PREDICTION_NOT_EMPIRICAL
JOB-13,B8,1500,maia3-5m,4,d1d2,Qd2,0.008556426502764225,1.0000000511063263,0.48751800426538766,497,32,471,r3kb1r/pp2pppp/2n2n2/qNpp4/3P1B2/4P3/PPP1NPPP/R2QK2R w KQkq -,MODEL_PREDICTION_NOT_EMPIRICAL
JOB-13,B8,1500,maia3-5m,5,b2b4,b4,0.0013318787096068263,1.0000000511063263,0.48751800426538766,549,23,428,r3kb1r/pp2pppp/2n2n2/qNpp4/3P1B2/4P3/PPP1NPPP/R2QK2R w KQkq -,MODEL_PREDICTION_NOT_EMPIRICAL
JOB-13,B8,1500,maia3-5m,6,e1f1,Kf1,0.0009097568690776825,1.0000000511063263,0.48751800426538766,488,24,488,r3kb1r/pp2pppp/2n2n2/qNpp4/3P1B2/4P3/PPP1NPPP/R2QK2R w KQkq -,MODEL_PREDICTION_NOT_EMPIRICAL
JOB-13,B8,1700,maia3-5m,1,e2c3,Nec3,0.5126771926879883,1.0000000333529897,0.4703416149806931,660,23,317,r3kb1r/pp2pppp/2n2n2/qNpp4/3P1B2/4P3/PPP1NPPP/R2QK2R w KQkq -,MODEL_PREDICTION_NOT_EMPIRICAL
JOB-13,B8,1700,maia3-5m,2,b5c3,Nbc3,0.4528435170650482,1.0000000333529897,0.4703416149806931,488,29,483,r3kb1r/pp2pppp/2n2n2/qNpp4/3P1B2/4P3/PPP1NPPP/R2QK2R w KQkq -,MODEL_PREDICTION_NOT_EMPIRICAL
JOB-13,B8,1700,maia3-5m,3,c2c3,c3,0.026016905903816223,1.0000000333529897,0.4703416149806931,534,27,439,r3kb1r/pp2pppp/2n2n2/qNpp4/3P1B2/4P3/PPP1NPPP/R2QK2R w KQkq -,MODEL_PREDICTION_NOT_EMPIRICAL
JOB-13,B8,1700,maia3-5m,4,d1d2,Qd2,0.006386719644069672,1.0000000333529897,0.4703416149806931,486,34,480,r3kb1r/pp2pppp/2n2n2/qNpp4/3P1B2/4P3/PPP1NPPP/R2QK2R w KQkq -,MODEL_PREDICTION_NOT_EMPIRICAL
JOB-13,B8,1700,maia3-5m,5,b2b4,b4,0.0011055775685235858,1.0000000333529897,0.4703416149806931,549,24,427,r3kb1r/pp2pppp/2n2n2/qNpp4/3P1B2/4P3/PPP1NPPP/R2QK2R w KQkq -,MODEL_PREDICTION_NOT_EMPIRICAL
JOB-13,B8,1700,maia3-5m,6,e1f1,Kf1,0.0009701204835437238,1.0000000333529897,0.4703416149806931,482,26,492,r3kb1r/pp2pppp/2n2n2/qNpp4/3P1B2/4P3/PPP1NPPP/R2QK2R w KQkq -,MODEL_PREDICTION_NOT_EMPIRICAL
JOB-13,B8,1900,maia3-5m,1,e2c3,Nec3,0.560421884059906,0.9999999669380486,0.4502748007674905,629,27,344,r3kb1r/pp2pppp/2n2n2/qNpp4/3P1B2/4P3/PPP1NPPP/R2QK2R w KQkq -,MODEL_PREDICTION_NOT_EMPIRICAL
JOB-13,B8,1900,maia3-5m,2,b5c3,Nbc3,0.41288962960243225,0.9999999669380486,0.4502748007674905,480,33,487,r3kb1r/pp2pppp/2n2n2/qNpp4/3P1B2/4P3/PPP1NPPP/R2QK2R w KQkq -,MODEL_PREDICTION_NOT_EMPIRICAL
JOB-13,B8,1900,maia3-5m,3,c2c3,c3,0.02014647237956524,0.9999999669380486,0.4502748007674905,523,31,446,r3kb1r/pp2pppp/2n2n2/qNpp4/3P1B2/4P3/PPP1NPPP/R2QK2R w KQkq -,MODEL_PREDICTION_NOT_EMPIRICAL
JOB-13,B8,1900,maia3-5m,4,d1d2,Qd2,0.004494393710047007,0.9999999669380486,0.4502748007674905,464,38,498,r3kb1r/pp2pppp/2n2n2/qNpp4/3P1B2/4P3/PPP1NPPP/R2QK2R w KQkq -,MODEL_PREDICTION_NOT_EMPIRICAL
JOB-13,B8,1900,maia3-5m,5,e1f1,Kf1,0.0011770168785005808,0.9999999669380486,0.4502748007674905,467,29,504,r3kb1r/pp2pppp/2n2n2/qNpp4/3P1B2/4P3/PPP1NPPP/R2QK2R w KQkq -,MODEL_PREDICTION_NOT_EMPIRICAL
JOB-13,B8,1900,maia3-5m,6,b2b4,b4,0.000870570307597518,0.9999999669380486,0.4502748007674905,534,27,439,r3kb1r/pp2pppp/2n2n2/qNpp4/3P1B2/4P3/PPP1NPPP/R2QK2R w KQkq -,MODEL_PREDICTION_NOT_EMPIRICAL
JOB-13,B8,2100,maia3-5m,1,e2c3,Nec3,0.6381292343139648,1.0000000693253241,0.41630400948993723,585,37,378,r3kb1r/pp2pppp/2n2n2/qNpp4/3P1B2/4P3/PPP1NPPP/R2QK2R w KQkq -,MODEL_PREDICTION_NOT_EMPIRICAL
JOB-13,B8,2100,maia3-5m,2,b5c3,Nbc3,0.3423878252506256,1.0000000693253241,0.41630400948993723,469,41,490,r3kb1r/pp2pppp/2n2n2/qNpp4/3P1B2/4P3/PPP1NPPP/R2QK2R w KQkq -,MODEL_PREDICTION_NOT_EMPIRICAL
JOB-13,B8,2100,maia3-5m,3,c2c3,c3,0.0145872812718153,1.0000000693253241,0.41630400948993723,494,38,468,r3kb1r/pp2pppp/2n2n2/qNpp4/3P1B2/4P3/PPP1NPPP/R2QK2R w KQkq -,MODEL_PREDICTION_NOT_EMPIRICAL
JOB-13,B8,2100,maia3-5m,4,d1d2,Qd2,0.0028599908109754324,1.0000000693253241,0.41630400948993723,429,45,526,r3kb1r/pp2pppp/2n2n2/qNpp4/3P1B2/4P3/PPP1NPPP/R2QK2R w KQkq -,MODEL_PREDICTION_NOT_EMPIRICAL
JOB-13,B8,2100,maia3-5m,5,e1f1,Kf1,0.0014181019505485892,1.0000000693253241,0.41630400948993723,434,36,530,r3kb1r/pp2pppp/2n2n2/qNpp4/3P1B2/4P3/PPP1NPPP/R2QK2R w KQkq -,MODEL_PREDICTION_NOT_EMPIRICAL
JOB-13,B8,2100,maia3-5m,6,b2b4,b4,0.0006176357273943722,1.0000000693253241,0.41630400948993723,506,33,461,r3kb1r/pp2pppp/2n2n2/qNpp4/3P1B2/4P3/PPP1NPPP/R2QK2R w KQkq -,MODEL_PREDICTION_NOT_EMPIRICAL
TOR-06,B8,1100,maia3-5m,1,d4e5,dxe5,0.2966824769973755,0.9792071245610714,0.7880776514508568,338,28,634,rnbqkb1r/ppp2ppp/8/3pp1N1/3P4/8/PPPNPPPP/R2QKB1R w KQkq -,MODEL_PREDICTION_NOT_EMPIRICAL
TOR-06,B8,1100,maia3-5m,2,g5f3,Ngf3,0.29620638489723206,0.9792071245610714,0.7880776514508568,465,28,507,rnbqkb1r/ppp2ppp/8/3pp1N1/3P4/8/PPPNPPPP/R2QKB1R w KQkq -,MODEL_PREDICTION_NOT_EMPIRICAL
TOR-06,B8,1100,maia3-5m,3,d2f3,Ndf3,0.10725879669189453,0.9792071245610714,0.7880776514508568,493,24,483,rnbqkb1r/ppp2ppp/8/3pp1N1/3P4/8/PPPNPPPP/R2QKB1R w KQkq -,MODEL_PREDICTION_NOT_EMPIRICAL
TOR-06,B8,1100,maia3-5m,4,e2e3,e3,0.06885109841823578,0.9792071245610714,0.7880776514508568,380,24,596,rnbqkb1r/ppp2ppp/8/3pp1N1/3P4/8/PPPNPPPP/R2QKB1R w KQkq -,MODEL_PREDICTION_NOT_EMPIRICAL
TOR-06,B8,1100,maia3-5m,5,h2h4,h4,0.06120520830154419,0.9792071245610714,0.7880776514508568,499,26,475,rnbqkb1r/ppp2ppp/8/3pp1N1/3P4/8/PPPNPPPP/R2QKB1R w KQkq -,MODEL_PREDICTION_NOT_EMPIRICAL
TOR-06,B8,1100,maia3-5m,6,e2e4,e4,0.05348462611436844,0.9792071245610714,0.7880776514508568,355,23,622,rnbqkb1r/ppp2ppp/8/3pp1N1/3P4/8/PPPNPPPP/R2QKB1R w KQkq -,MODEL_PREDICTION_NOT_EMPIRICAL
TOR-06,B8,1100,maia3-5m,7,g5f7,Nxf7,0.04526255652308464,0.9792071245610714,0.7880776514508568,527,34,439,rnbqkb1r/ppp2ppp/8/3pp1N1/3P4/8/PPPNPPPP/R2QKB1R w KQkq -,MODEL_PREDICTION_NOT_EMPIRICAL
TOR-06,B8,1100,maia3-5m,8,c2c3,c3,0.02500041387975216,0.9792071245610714,0.7880776514508568,353,25,622,rnbqkb1r/ppp2ppp/8/3pp1N1/3P4/8/PPPNPPPP/R2QKB1R w KQkq -,MODEL_PREDICTION_NOT_EMPIRICAL
TOR-06,B8,1100,maia3-5m,9,d2b3,Nb3,0.014573379419744015,0.9792071245610714,0.7880776514508568,325,24,651,rnbqkb1r/ppp2ppp/8/3pp1N1/3P4/8/PPPNPPPP/R2QKB1R w KQkq -,MODEL_PREDICTION_NOT_EMPIRICAL
TOR-06,B8,1100,maia3-5m,10,g5h3,Nh3,0.0106821833178401,0.9792071245610714,0.7880776514508568,439,29,532,rnbqkb1r/ppp2ppp/8/3pp1N1/3P4/8/PPPNPPPP/R2QKB1R w KQkq -,MODEL_PREDICTION_NOT_EMPIRICAL
TOR-06,B8,1300,maia3-5m,1,g5f3,Ngf3,0.38070812821388245,0.9832062916830182,0.7781248563626109,470,28,502,rnbqkb1r/ppp2ppp/8/3pp1N1/3P4/8/PPPNPPPP/R2QKB1R w KQkq -,MODEL_PREDICTION_NOT_EMPIRICAL
TOR-06,B8,1300,maia3-5m,2,d4e5,dxe5,0.21914875507354736,0.9832062916830182,0.7781248563626109,330,24,646,rnbqkb1r/ppp2ppp/8/3pp1N1/3P4/8/PPPNPPPP/R2QKB1R w KQkq -,MODEL_PREDICTION_NOT_EMPIRICAL
TOR-06,B8,1300,maia3-5m,3,d2f3,Ndf3,0.09400532394647598,0.9832062916830182,0.7781248563626109,484,24,492,rnbqkb1r/ppp2ppp/8/3pp1N1/3P4/8/PPPNPPPP/R2QKB1R w KQkq -,MODEL_PREDICTION_NOT_EMPIRICAL
TOR-06,B8,1300,maia3-5m,4,h2h4,h4,0.07523991167545319,0.9832062916830182,0.7781248563626109,494,26,480,rnbqkb1r/ppp2ppp/8/3pp1N1/3P4/8/PPPNPPPP/R2QKB1R w KQkq -,MODEL_PREDICTION_NOT_EMPIRICAL
TOR-06,B8,1300,maia3-5m,5,g5f7,Nxf7,0.06929230690002441,0.9832062916830182,0.7781248563626109,559,31,410,rnbqkb1r/ppp2ppp/8/3pp1N1/3P4/8/PPPNPPPP/R2QKB1R w KQkq -,MODEL_PREDICTION_NOT_EMPIRICAL
TOR-06,B8,1300,maia3-5m,6,e2e3,e3,0.05365382507443428,0.9832062916830182,0.7781248563626109,364,23,613,rnbqkb1r/ppp2ppp/8/3pp1N1/3P4/8/PPPNPPPP/R2QKB1R w KQkq -,MODEL_PREDICTION_NOT_EMPIRICAL
TOR-06,B8,1300,maia3-5m,7,e2e4,e4,0.04352276772260666,0.9832062916830182,0.7781248563626109,351,21,628,rnbqkb1r/ppp2ppp/8/3pp1N1/3P4/8/PPPNPPPP/R2QKB1R w KQkq -,MODEL_PREDICTION_NOT_EMPIRICAL
TOR-06,B8,1300,maia3-5m,8,c2c3,c3,0.02107580006122589,0.9832062916830182,0.7781248563626109,330,24,646,rnbqkb1r/ppp2ppp/8/3pp1N1/3P4/8/PPPNPPPP/R2QKB1R w KQkq -,MODEL_PREDICTION_NOT_EMPIRICAL
TOR-06,B8,1300,maia3-5m,9,d2b3,Nb3,0.013598530553281307,0.9832062916830182,0.7781248563626109,308,22,670,rnbqkb1r/ppp2ppp/8/3pp1N1/3P4/8/PPPNPPPP/R2QKB1R w KQkq -,MODEL_PREDICTION_NOT_EMPIRICAL
TOR-06,B8,1300,maia3-5m,10,g5h3,Nh3,0.012960942462086678,0.9832062916830182,0.7781248563626109,440,28,532,rnbqkb1r/ppp2ppp/8/3pp1N1/3P4/8/PPPNPPPP/R2QKB1R w KQkq -,MODEL_PREDICTION_NOT_EMPIRICAL
TOR-06,B8,1500,maia3-5m,1,g5f3,Ngf3,0.44992420077323914,0.9856217410415411,0.7438128549335571,471,30,499,rnbqkb1r/ppp2ppp/8/3pp1N1/3P4/8/PPPNPPPP/R2QKB1R w KQkq -,MODEL_PREDICTION_NOT_EMPIRICAL
TOR-06,B8,1500,maia3-5m,2,d4e5,dxe5,0.15778349339962006,0.9856217410415411,0.7438128549335571,316,22,662,rnbqkb1r/ppp2ppp/8/3pp1N1/3P4/8/PPPNPPPP/R2QKB1R w KQkq -,MODEL_PREDICTION_NOT_EMPIRICAL
TOR-06,B8,1500,maia3-5m,3,g5f7,Nxf7,0.09563939273357391,0.9856217410415411,0.7438128549335571,566,30,404,rnbqkb1r/ppp2ppp/8/3pp1N1/3P4/8/PPPNPPPP/R2QKB1R w KQkq -,MODEL_PREDICTION_NOT_EMPIRICAL
TOR-06,B8,1500,maia3-5m,4,h2h4,h4,0.08468753099441528,0.9856217410415411,0.7438128549335571,485,26,489,rnbqkb1r/ppp2ppp/8/3pp1N1/3P4/8/PPPNPPPP/R2QKB1R w KQkq -,MODEL_PREDICTION_NOT_EMPIRICAL
TOR-06,B8,1500,maia3-5m,5,d2f3,Ndf3,0.07901021838188171,0.9856217410415411,0.7438128549335571,473,24,503,rnbqkb1r/ppp2ppp/8/3pp1N1/3P4/8/PPPNPPPP/R2QKB1R w KQkq -,MODEL_PREDICTION_NOT_EMPIRICAL
TOR-06,B8,1500,maia3-5m,6,e2e4,e4,0.039161860942840576,0.9856217410415411,0.7438128549335571,349,20,631,rnbqkb1r/ppp2ppp/8/3pp1N1/3P4/8/PPPNPPPP/R2QKB1R w KQkq -,MODEL_PREDICTION_NOT_EMPIRICAL
TOR-06,B8,1500,maia3-5m,7,e2e3,e3,0.03834029287099838,0.9856217410415411,0.7438128549335571,358,23,619,rnbqkb1r/ppp2ppp/8/3pp1N1/3P4/8/PPPNPPPP/R2QKB1R w KQkq -,MODEL_PREDICTION_NOT_EMPIRICAL
TOR-06,B8,1500,maia3-5m,8,c2c3,c3,0.01502891443669796,0.9856217410415411,0.7438128549335571,311,23,666,rnbqkb1r/ppp2ppp/8/3pp1N1/3P4/8/PPPNPPPP/R2QKB1R w KQkq -,MODEL_PREDICTION_NOT_EMPIRICAL
TOR-06,B8,1500,maia3-5m,9,g5h3,Nh3,0.014556664042174816,0.9856217410415411,0.7438128549335571,434,28,538,rnbqkb1r/ppp2ppp/8/3pp1N1/3P4/8/PPPNPPPP/R2QKB1R w KQkq -,MODEL_PREDICTION_NOT_EMPIRICAL
TOR-06,B8,1500,maia3-5m,10,d2b3,Nb3,0.011489172466099262,0.9856217410415411,0.7438128549335571,288,20,692,rnbqkb1r/ppp2ppp/8/3pp1N1/3P4/8/PPPNPPPP/R2QKB1R w KQkq -,MODEL_PREDICTION_NOT_EMPIRICAL
TOR-06,B8,1700,maia3-5m,1,g5f3,Ngf3,0.5063667893409729,0.9876360781490803,0.6934959413683357,479,31,490,rnbqkb1r/ppp2ppp/8/3pp1N1/3P4/8/PPPNPPPP/R2QKB1R w KQkq -,MODEL_PREDICTION_NOT_EMPIRICAL
TOR-06,B8,1700,maia3-5m,2,g5f7,Nxf7,0.11891384422779083,0.9876360781490803,0.6934959413683357,576,31,393,rnbqkb1r/ppp2ppp/8/3pp1N1/3P4/8/PPPNPPPP/R2QKB1R w KQkq -,MODEL_PREDICTION_NOT_EMPIRICAL
TOR-06,B8,1700,maia3-5m,3,d4e5,dxe5,0.1087302640080452,0.9876360781490803,0.6934959413683357,322,22,656,rnbqkb1r/ppp2ppp/8/3pp1N1/3P4/8/PPPNPPPP/R2QKB1R w KQkq -,MODEL_PREDICTION_NOT_EMPIRICAL
TOR-06,B8,1700,maia3-5m,4,h2h4,h4,0.09337873756885529,0.9876360781490803,0.6934959413683357,479,26,495,rnbqkb1r/ppp2ppp/8/3pp1N1/3P4/8/PPPNPPPP/R2QKB1R w KQkq -,MODEL_PREDICTION_NOT_EMPIRICAL
TOR-06,B8,1700,maia3-5m,5,d2f3,Ndf3,0.06906887888908386,0.9876360781490803,0.6934959413683357,465,25,510,rnbqkb1r/ppp2ppp/8/3pp1N1/3P4/8/PPPNPPPP/R2QKB1R w KQkq -,MODEL_PREDICTION_NOT_EMPIRICAL
TOR-06,B8,1700,maia3-5m,6,e2e4,e4,0.03483257815241814,0.9876360781490803,0.6934959413683357,347,20,633,rnbqkb1r/ppp2ppp/8/3pp1N1/3P4/8/PPPNPPPP/R2QKB1R w KQkq -,MODEL_PREDICTION_NOT_EMPIRICAL
TOR-06,B8,1700,maia3-5m,7,e2e3,e3,0.024455247446894646,0.9876360781490803,0.6934959413683357,351,23,626,rnbqkb1r/ppp2ppp/8/3pp1N1/3P4/8/PPPNPPPP/R2QKB1R w KQkq -,MODEL_PREDICTION_NOT_EMPIRICAL
TOR-06,B8,1700,maia3-5m,8,g5h3,Nh3,0.014095366932451725,0.9876360781490803,0.6934959413683357,436,29,535,rnbqkb1r/ppp2ppp/8/3pp1N1/3P4/8/PPPNPPPP/R2QKB1R w KQkq -,MODEL_PREDICTION_NOT_EMPIRICAL
TOR-06,B8,1700,maia3-5m,9,c2c3,c3,0.00922884326428175,0.9876360781490803,0.6934959413683357,307,23,670,rnbqkb1r/ppp2ppp/8/3pp1N1/3P4/8/PPPNPPPP/R2QKB1R w KQkq -,MODEL_PREDICTION_NOT_EMPIRICAL
TOR-06,B8,1700,maia3-5m,10,d2b3,Nb3,0.008565528318285942,0.9876360781490803,0.6934959413683357,281,20,699,rnbqkb1r/ppp2ppp/8/3pp1N1/3P4/8/PPPNPPPP/R2QKB1R w KQkq -,MODEL_PREDICTION_NOT_EMPIRICAL
TOR-06,B8,1900,maia3-5m,1,g5f3,Ngf3,0.5564192533493042,0.9896929254755378,0.6325658281349658,488,35,477,rnbqkb1r/ppp2ppp/8/3pp1N1/3P4/8/PPPNPPPP/R2QKB1R w KQkq -,MODEL_PREDICTION_NOT_EMPIRICAL
TOR-06,B8,1900,maia3-5m,2,g5f7,Nxf7,0.12372273206710815,0.9896929254755378,0.6325658281349658,587,34,379,rnbqkb1r/ppp2ppp/8/3pp1N1/3P4/8/PPPNPPPP/R2QKB1R w KQkq -,MODEL_PREDICTION_NOT_EMPIRICAL
TOR-06,B8,1900,maia3-5m,3,h2h4,h4,0.10902178287506104,0.9896929254755378,0.6325658281349658,470,29,501,rnbqkb1r/ppp2ppp/8/3pp1N1/3P4/8/PPPNPPPP/R2QKB1R w KQkq -,MODEL_PREDICTION_NOT_EMPIRICAL
TOR-06,B8,1900,maia3-5m,4,d4e5,dxe5,0.07098270207643509,0.9896929254755378,0.6325658281349658,342,23,635,rnbqkb1r/ppp2ppp/8/3pp1N1/3P4/8/PPPNPPPP/R2QKB1R w KQkq -,MODEL_PREDICTION_NOT_EMPIRICAL
TOR-06,B8,1900,maia3-5m,5,d2f3,Ndf3,0.06748303025960922,0.9896929254755378,0.6325658281349658,458,28,514,rnbqkb1r/ppp2ppp/8/3pp1N1/3P4/8/PPPNPPPP/R2QKB1R w KQkq -,MODEL_PREDICTION_NOT_EMPIRICAL
TOR-06,B8,1900,maia3-5m,6,e2e4,e4,0.026707611978054047,0.9896929254755378,0.6325658281349658,341,21,638,rnbqkb1r/ppp2ppp/8/3pp1N1/3P4/8/PPPNPPPP/R2QKB1R w KQkq -,MODEL_PREDICTION_NOT_EMPIRICAL
TOR-06,B8,1900,maia3-5m,7,e2e3,e3,0.014503045938909054,0.9896929254755378,0.6325658281349658,346,25,629,rnbqkb1r/ppp2ppp/8/3pp1N1/3P4/8/PPPNPPPP/R2QKB1R w KQkq -,MODEL_PREDICTION_NOT_EMPIRICAL
TOR-06,B8,1900,maia3-5m,8,g5h3,Nh3,0.010479089803993702,0.9896929254755378,0.6325658281349658,441,32,527,rnbqkb1r/ppp2ppp/8/3pp1N1/3P4/8/PPPNPPPP/R2QKB1R w KQkq -,MODEL_PREDICTION_NOT_EMPIRICAL
TOR-06,B8,1900,maia3-5m,9,d2b3,Nb3,0.005477739032357931,0.9896929254755378,0.6325658281349658,280,20,700,rnbqkb1r/ppp2ppp/8/3pp1N1/3P4/8/PPPNPPPP/R2QKB1R w KQkq -,MODEL_PREDICTION_NOT_EMPIRICAL
TOR-06,B8,1900,maia3-5m,10,c2c3,c3,0.004895938094705343,0.9896929254755378,0.6325658281349658,311,24,665,rnbqkb1r/ppp2ppp/8/3pp1N1/3P4/8/PPPNPPPP/R2QKB1R w KQkq -,MODEL_PREDICTION_NOT_EMPIRICAL
TOR-06,B8,2100,maia3-5m,1,g5f3,Ngf3,0.5940335392951965,0.9938966985791922,0.5819167423200715,491,42,467,rnbqkb1r/ppp2ppp/8/3pp1N1/3P4/8/PPPNPPPP/R2QKB1R w KQkq -,MODEL_PREDICTION_NOT_EMPIRICAL
TOR-06,B8,2100,maia3-5m,2,h2h4,h4,0.1390223503112793,0.9938966985791922,0.5819167423200715,459,37,504,rnbqkb1r/ppp2ppp/8/3pp1N1/3P4/8/PPPNPPPP/R2QKB1R w KQkq -,MODEL_PREDICTION_NOT_EMPIRICAL
TOR-06,B8,2100,maia3-5m,3,g5f7,Nxf7,0.10218655318021774,0.9938966985791922,0.5819167423200715,597,44,359,rnbqkb1r/ppp2ppp/8/3pp1N1/3P4/8/PPPNPPPP/R2QKB1R w KQkq -,MODEL_PREDICTION_NOT_EMPIRICAL
TOR-06,B8,2100,maia3-5m,4,d2f3,Ndf3,0.07042005658149719,0.9938966985791922,0.5819167423200715,445,35,520,rnbqkb1r/ppp2ppp/8/3pp1N1/3P4/8/PPPNPPPP/R2QKB1R w KQkq -,MODEL_PREDICTION_NOT_EMPIRICAL
TOR-06,B8,2100,maia3-5m,5,d4e5,dxe5,0.04601553827524185,0.9938966985791922,0.5819167423200715,359,30,611,rnbqkb1r/ppp2ppp/8/3pp1N1/3P4/8/PPPNPPPP/R2QKB1R w KQkq -,MODEL_PREDICTION_NOT_EMPIRICAL
TOR-06,B8,2100,maia3-5m,6,e2e4,e4,0.01776113733649254,0.9938966985791922,0.5819167423200715,333,28,639,rnbqkb1r/ppp2ppp/8/3pp1N1/3P4/8/PPPNPPPP/R2QKB1R w KQkq -,MODEL_PREDICTION_NOT_EMPIRICAL
TOR-06,B8,2100,maia3-5m,7,e2e3,e3,0.009378609247505665,0.9938966985791922,0.5819167423200715,350,32,618,rnbqkb1r/ppp2ppp/8/3pp1N1/3P4/8/PPPNPPPP/R2QKB1R w KQkq -,MODEL_PREDICTION_NOT_EMPIRICAL
TOR-06,B8,2100,maia3-5m,8,g5h3,Nh3,0.006551759317517281,0.9938966985791922,0.5819167423200715,449,39,512,rnbqkb1r/ppp2ppp/8/3pp1N1/3P4/8/PPPNPPPP/R2QKB1R w KQkq -,MODEL_PREDICTION_NOT_EMPIRICAL
TOR-06,B8,2100,maia3-5m,9,f2f4,f4,0.005271675996482372,0.9938966985791922,0.5819167423200715,363,29,608,rnbqkb1r/ppp2ppp/8/3pp1N1/3P4/8/PPPNPPPP/R2QKB1R w KQkq -,MODEL_PREDICTION_NOT_EMPIRICAL
TOR-06,B8,2100,maia3-5m,10,d2b3,Nb3,0.0032554790377616882,0.9938966985791922,0.5819167423200715,286,25,689,rnbqkb1r/ppp2ppp/8/3pp1N1/3P4/8/PPPNPPPP/R2QKB1R w KQkq -,MODEL_PREDICTION_NOT_EMPIRICAL
VER-03,B8,1100,maia3-5m,1,g5f6,Bxf6,0.4310115873813629,0.9939083121716976,0.5633073870586724,422,29,549,rnbqkb1r/pp2pppp/5n2/2P3B1/3p4/2N5/PPP1PPPP/R2QKBNR w KQkq -,MODEL_PREDICTION_NOT_EMPIRICAL
VER-03,B8,1100,maia3-5m,2,c3b5,Nb5,0.38132089376449585,0.9939083121716976,0.5633073870586724,429,17,554,rnbqkb1r/pp2pppp/5n2/2P3B1/3p4/2N5/PPP1PPPP/R2QKBNR w KQkq -,MODEL_PREDICTION_NOT_EMPIRICAL
VER-03,B8,1100,maia3-5m,3,c3a4,Na4,0.08549331873655319,0.9939083121716976,0.5633073870586724,399,18,583,rnbqkb1r/pp2pppp/5n2/2P3B1/3p4/2N5/PPP1PPPP/R2QKBNR w KQkq -,MODEL_PREDICTION_NOT_EMPIRICAL
VER-03,B8,1100,maia3-5m,4,c3b1,Nb1,0.05014995485544205,0.9939083121716976,0.5633073870586724,400,19,581,rnbqkb1r/pp2pppp/5n2/2P3B1/3p4/2N5/PPP1PPPP/R2QKBNR w KQkq -,MODEL_PREDICTION_NOT_EMPIRICAL
VER-03,B8,1100,maia3-5m,5,c3e4,Ne4,0.02412034012377262,0.9939083121716976,0.5633073870586724,376,18,606,rnbqkb1r/pp2pppp/5n2/2P3B1/3p4/2N5/PPP1PPPP/R2QKBNR w KQkq -,MODEL_PREDICTION_NOT_EMPIRICAL
VER-03,B8,1100,maia3-5m,6,e2e3,e3,0.006687572691589594,0.9939083121716976,0.5633073870586724,448,22,530,rnbqkb1r/pp2pppp/5n2/2P3B1/3p4/2N5/PPP1PPPP/R2QKBNR w KQkq -,MODEL_PREDICTION_NOT_EMPIRICAL
VER-03,B8,1100,maia3-5m,7,g1f3,Nf3,0.00585248414427042,0.9939083121716976,0.5633073870586724,420,23,557,rnbqkb1r/pp2pppp/5n2/2P3B1/3p4/2N5/PPP1PPPP/R2QKBNR w KQkq -,MODEL_PREDICTION_NOT_EMPIRICAL
VER-03,B8,1100,maia3-5m,8,d1d4,Qxd4,0.004794782493263483,0.9939083121716976,0.5633073870586724,98,14,888,rnbqkb1r/pp2pppp/5n2/2P3B1/3p4/2N5/PPP1PPPP/R2QKBNR w KQkq -,MODEL_PREDICTION_NOT_EMPIRICAL
VER-03,B8,1100,maia3-5m,9,c3d5,Nd5,0.002335571451112628,0.9939083121716976,0.5633073870586724,311,21,668,rnbqkb1r/pp2pppp/5n2/2P3B1/3p4/2N5/PPP1PPPP/R2QKBNR w KQkq -,MODEL_PREDICTION_NOT_EMPIRICAL
VER-03,B8,1100,maia3-5m,10,e2e4,e4,0.0021418065298348665,0.9939083121716976,0.5633073870586724,403,22,575,rnbqkb1r/pp2pppp/5n2/2P3B1/3p4/2N5/PPP1PPPP/R2QKBNR w KQkq -,MODEL_PREDICTION_NOT_EMPIRICAL
VER-03,B8,1300,maia3-5m,1,g5f6,Bxf6,0.4853588938713074,0.9954412095248699,0.5595369895899585,421,27,552,rnbqkb1r/pp2pppp/5n2/2P3B1/3p4/2N5/PPP1PPPP/R2QKBNR w KQkq -,MODEL_PREDICTION_NOT_EMPIRICAL
VER-03,B8,1300,maia3-5m,2,c3b5,Nb5,0.3134501576423645,0.9954412095248699,0.5595369895899585,405,16,579,rnbqkb1r/pp2pppp/5n2/2P3B1/3p4/2N5/PPP1PPPP/R2QKBNR w KQkq -,MODEL_PREDICTION_NOT_EMPIRICAL
VER-03,B8,1300,maia3-5m,3,c3a4,Na4,0.08893037587404251,0.9954412095248699,0.5595369895899585,382,17,601,rnbqkb1r/pp2pppp/5n2/2P3B1/3p4/2N5/PPP1PPPP/R2QKBNR w KQkq -,MODEL_PREDICTION_NOT_EMPIRICAL
VER-03,B8,1300,maia3-5m,4,c3b1,Nb1,0.07339125126600266,0.9954412095248699,0.5595369895899585,394,19,587,rnbqkb1r/pp2pppp/5n2/2P3B1/3p4/2N5/PPP1PPPP/R2QKBNR w KQkq -,MODEL_PREDICTION_NOT_EMPIRICAL
VER-03,B8,1300,maia3-5m,5,c3e4,Ne4,0.015619343146681786,0.9954412095248699,0.5595369895899585,365,18,617,rnbqkb1r/pp2pppp/5n2/2P3B1/3p4/2N5/PPP1PPPP/R2QKBNR w KQkq -,MODEL_PREDICTION_NOT_EMPIRICAL
VER-03,B8,1300,maia3-5m,6,e2e3,e3,0.006366519723087549,0.9954412095248699,0.5595369895899585,457,22,521,rnbqkb1r/pp2pppp/5n2/2P3B1/3p4/2N5/PPP1PPPP/R2QKBNR w KQkq -,MODEL_PREDICTION_NOT_EMPIRICAL
VER-03,B8,1300,maia3-5m,7,g1f3,Nf3,0.005400022026151419,0.9954412095248699,0.5595369895899585,423,23,554,rnbqkb1r/pp2pppp/5n2/2P3B1/3p4/2N5/PPP1PPPP/R2QKBNR w KQkq -,MODEL_PREDICTION_NOT_EMPIRICAL
VER-03,B8,1300,maia3-5m,8,d1d4,Qxd4,0.0033761905506253242,0.9954412095248699,0.5595369895899585,87,11,902,rnbqkb1r/pp2pppp/5n2/2P3B1/3p4/2N5/PPP1PPPP/R2QKBNR w KQkq -,MODEL_PREDICTION_NOT_EMPIRICAL
VER-03,B8,1300,maia3-5m,9,d1d3,Qd3,0.0020666818600147963,0.9954412095248699,0.5595369895899585,406,20,574,rnbqkb1r/pp2pppp/5n2/2P3B1/3p4/2N5/PPP1PPPP/R2QKBNR w KQkq -,MODEL_PREDICTION_NOT_EMPIRICAL
VER-03,B8,1300,maia3-5m,10,e2e4,e4,0.0014817735645920038,0.9954412095248699,0.5595369895899585,406,21,573,rnbqkb1r/pp2pppp/5n2/2P3B1/3p4/2N5/PPP1PPPP/R2QKBNR w KQkq -,MODEL_PREDICTION_NOT_EMPIRICAL
VER-03,B8,1500,maia3-5m,1,g5f6,Bxf6,0.534197211265564,0.9958579174708575,0.5408976847007224,421,27,552,rnbqkb1r/pp2pppp/5n2/2P3B1/3p4/2N5/PPP1PPPP/R2QKBNR w KQkq -,MODEL_PREDICTION_NOT_EMPIRICAL
VER-03,B8,1500,maia3-5m,2,c3b5,Nb5,0.2675017714500427,0.9958579174708575,0.5408976847007224,391,16,593,rnbqkb1r/pp2pppp/5n2/2P3B1/3p4/2N5/PPP1PPPP/R2QKBNR w KQkq -,MODEL_PREDICTION_NOT_EMPIRICAL
VER-03,B8,1500,maia3-5m,3,c3b1,Nb1,0.08878409117460251,0.9958579174708575,0.5408976847007224,379,21,600,rnbqkb1r/pp2pppp/5n2/2P3B1/3p4/2N5/PPP1PPPP/R2QKBNR w KQkq -,MODEL_PREDICTION_NOT_EMPIRICAL
VER-03,B8,1500,maia3-5m,4,c3a4,Na4,0.0773342177271843,0.9958579174708575,0.5408976847007224,366,17,617,rnbqkb1r/pp2pppp/5n2/2P3B1/3p4/2N5/PPP1PPPP/R2QKBNR w KQkq -,MODEL_PREDICTION_NOT_EMPIRICAL
VER-03,B8,1500,maia3-5m,5,c3e4,Ne4,0.009869208559393883,0.9958579174708575,0.5408976847007224,352,18,630,rnbqkb1r/pp2pppp/5n2/2P3B1/3p4/2N5/PPP1PPPP/R2QKBNR w KQkq -,MODEL_PREDICTION_NOT_EMPIRICAL
VER-03,B8,1500,maia3-5m,6,e2e3,e3,0.006608512718230486,0.9958579174708575,0.5408976847007224,459,22,519,rnbqkb1r/pp2pppp/5n2/2P3B1/3p4/2N5/PPP1PPPP/R2QKBNR w KQkq -,MODEL_PREDICTION_NOT_EMPIRICAL
VER-03,B8,1500,maia3-5m,7,g1f3,Nf3,0.005329144187271595,0.9958579174708575,0.5408976847007224,425,23,552,rnbqkb1r/pp2pppp/5n2/2P3B1/3p4/2N5/PPP1PPPP/R2QKBNR w KQkq -,MODEL_PREDICTION_NOT_EMPIRICAL
VER-03,B8,1500,maia3-5m,8,d1d4,Qxd4,0.0025295151863247156,0.9958579174708575,0.5408976847007224,82,9,909,rnbqkb1r/pp2pppp/5n2/2P3B1/3p4/2N5/PPP1PPPP/R2QKBNR w KQkq -,MODEL_PREDICTION_NOT_EMPIRICAL
VER-03,B8,1500,maia3-5m,9,d1d3,Qd3,0.0024934306275099516,0.9958579174708575,0.5408976847007224,396,20,584,rnbqkb1r/pp2pppp/5n2/2P3B1/3p4/2N5/PPP1PPPP/R2QKBNR w KQkq -,MODEL_PREDICTION_NOT_EMPIRICAL
VER-03,B8,1500,maia3-5m,10,e2e4,e4,0.0012108145747333765,0.9958579174708575,0.5408976847007224,404,22,574,rnbqkb1r/pp2pppp/5n2/2P3B1/3p4/2N5/PPP1PPPP/R2QKBNR w KQkq -,MODEL_PREDICTION_NOT_EMPIRICAL
VER-03,B8,1700,maia3-5m,1,g5f6,Bxf6,0.5984605550765991,0.9960830720374361,0.5020747283467635,425,28,547,rnbqkb1r/pp2pppp/5n2/2P3B1/3p4/2N5/PPP1PPPP/R2QKBNR w KQkq -,MODEL_PREDICTION_NOT_EMPIRICAL
VER-03,B8,1700,maia3-5m,2,c3b5,Nb5,0.2223960906267166,0.9960830720374361,0.5020747283467635,388,17,595,rnbqkb1r/pp2pppp/5n2/2P3B1/3p4/2N5/PPP1PPPP/R2QKBNR w KQkq -,MODEL_PREDICTION_NOT_EMPIRICAL
VER-03,B8,1700,maia3-5m,3,c3b1,Nb1,0.09376195818185806,0.9960830720374361,0.5020747283467635,374,24,602,rnbqkb1r/pp2pppp/5n2/2P3B1/3p4/2N5/PPP1PPPP/R2QKBNR w KQkq -,MODEL_PREDICTION_NOT_EMPIRICAL
VER-03,B8,1700,maia3-5m,4,c3a4,Na4,0.057855479419231415,0.9960830720374361,0.5020747283467635,362,18,620,rnbqkb1r/pp2pppp/5n2/2P3B1/3p4/2N5/PPP1PPPP/R2QKBNR w KQkq -,MODEL_PREDICTION_NOT_EMPIRICAL
VER-03,B8,1700,maia3-5m,5,e2e3,e3,0.00670189643278718,0.9960830720374361,0.5020747283467635,460,24,516,rnbqkb1r/pp2pppp/5n2/2P3B1/3p4/2N5/PPP1PPPP/R2QKBNR w KQkq -,MODEL_PREDICTION_NOT_EMPIRICAL
VER-03,B8,1700,maia3-5m,6,c3e4,Ne4,0.005412634927779436,0.9960830720374361,0.5020747283467635,345,20,635,rnbqkb1r/pp2pppp/5n2/2P3B1/3p4/2N5/PPP1PPPP/R2QKBNR w KQkq -,MODEL_PREDICTION_NOT_EMPIRICAL
VER-03,B8,1700,maia3-5m,7,g1f3,Nf3,0.00506602181121707,0.9960830720374361,0.5020747283467635,431,25,544,rnbqkb1r/pp2pppp/5n2/2P3B1/3p4/2N5/PPP1PPPP/R2QKBNR w KQkq -,MODEL_PREDICTION_NOT_EMPIRICAL
VER-03,B8,1700,maia3-5m,8,d1d3,Qd3,0.0032128645107150078,0.9960830720374361,0.5020747283467635,378,21,601,rnbqkb1r/pp2pppp/5n2/2P3B1/3p4/2N5/PPP1PPPP/R2QKBNR w KQkq -,MODEL_PREDICTION_NOT_EMPIRICAL
VER-03,B8,1700,maia3-5m,9,d1d4,Qxd4,0.001752323703840375,0.9960830720374361,0.5020747283467635,80,8,912,rnbqkb1r/pp2pppp/5n2/2P3B1/3p4/2N5/PPP1PPPP/R2QKBNR w KQkq -,MODEL_PREDICTION_NOT_EMPIRICAL
VER-03,B8,1700,maia3-5m,10,d1d2,Qd2,0.0014632473466917872,0.9960830720374361,0.5020747283467635,322,20,658,rnbqkb1r/pp2pppp/5n2/2P3B1/3p4/2N5/PPP1PPPP/R2QKBNR w KQkq -,MODEL_PREDICTION_NOT_EMPIRICAL
VER-03,B8,1900,maia3-5m,1,g5f6,Bxf6,0.6896515488624573,0.9964245690498501,0.437367606542395,434,33,533,rnbqkb1r/pp2pppp/5n2/2P3B1/3p4/2N5/PPP1PPPP/R2QKBNR w KQkq -,MODEL_PREDICTION_NOT_EMPIRICAL
VER-03,B8,1900,maia3-5m,2,c3b5,Nb5,0.1562502086162567,0.9964245690498501,0.437367606542395,390,21,589,rnbqkb1r/pp2pppp/5n2/2P3B1/3p4/2N5/PPP1PPPP/R2QKBNR w KQkq -,MODEL_PREDICTION_NOT_EMPIRICAL
VER-03,B8,1900,maia3-5m,3,c3b1,Nb1,0.09047657251358032,0.9964245690498501,0.437367606542395,373,28,599,rnbqkb1r/pp2pppp/5n2/2P3B1/3p4/2N5/PPP1PPPP/R2QKBNR w KQkq -,MODEL_PREDICTION_NOT_EMPIRICAL
VER-03,B8,1900,maia3-5m,4,c3a4,Na4,0.03873547166585922,0.9964245690498501,0.437367606542395,361,21,618,rnbqkb1r/pp2pppp/5n2/2P3B1/3p4/2N5/PPP1PPPP/R2QKBNR w KQkq -,MODEL_PREDICTION_NOT_EMPIRICAL
VER-03,B8,1900,maia3-5m,5,e2e3,e3,0.006513511296361685,0.9964245690498501,0.437367606542395,462,28,510,rnbqkb1r/pp2pppp/5n2/2P3B1/3p4/2N5/PPP1PPPP/R2QKBNR w KQkq -,MODEL_PREDICTION_NOT_EMPIRICAL
VER-03,B8,1900,maia3-5m,6,d1d3,Qd3,0.004746709018945694,0.9964245690498501,0.437367606542395,370,24,606,rnbqkb1r/pp2pppp/5n2/2P3B1/3p4/2N5/PPP1PPPP/R2QKBNR w KQkq -,MODEL_PREDICTION_NOT_EMPIRICAL
VER-03,B8,1900,maia3-5m,7,g1f3,Nf3,0.004184779245406389,0.9964245690498501,0.437367606542395,433,28,539,rnbqkb1r/pp2pppp/5n2/2P3B1/3p4/2N5/PPP1PPPP/R2QKBNR w KQkq -,MODEL_PREDICTION_NOT_EMPIRICAL
VER-03,B8,1900,maia3-5m,8,c3e4,Ne4,0.0024158006999641657,0.9964245690498501,0.437367606542395,338,24,638,rnbqkb1r/pp2pppp/5n2/2P3B1/3p4/2N5/PPP1PPPP/R2QKBNR w KQkq -,MODEL_PREDICTION_NOT_EMPIRICAL
VER-03,B8,1900,maia3-5m,9,d1d2,Qd2,0.0022242667619138956,0.9964245690498501,0.437367606542395,312,23,665,rnbqkb1r/pp2pppp/5n2/2P3B1/3p4/2N5/PPP1PPPP/R2QKBNR w KQkq -,MODEL_PREDICTION_NOT_EMPIRICAL
VER-03,B8,1900,maia3-5m,10,e2e4,e4,0.001225700369104743,0.9964245690498501,0.437367606542395,396,26,578,rnbqkb1r/pp2pppp/5n2/2P3B1/3p4/2N5/PPP1PPPP/R2QKBNR w KQkq -,MODEL_PREDICTION_NOT_EMPIRICAL
VER-03,B8,2100,maia3-5m,1,g5f6,Bxf6,0.7942181825637817,0.9977019018842839,0.34762201487703254,433,43,524,rnbqkb1r/pp2pppp/5n2/2P3B1/3p4/2N5/PPP1PPPP/R2QKBNR w KQkq -,MODEL_PREDICTION_NOT_EMPIRICAL
VER-03,B8,2100,maia3-5m,2,c3b1,Nb1,0.0777796283364296,0.9977019018842839,0.34762201487703254,377,39,584,rnbqkb1r/pp2pppp/5n2/2P3B1/3p4/2N5/PPP1PPPP/R2QKBNR w KQkq -,MODEL_PREDICTION_NOT_EMPIRICAL
VER-03,B8,2100,maia3-5m,3,c3b5,Nb5,0.07227229326963425,0.9977019018842839,0.34762201487703254,400,29,571,rnbqkb1r/pp2pppp/5n2/2P3B1/3p4/2N5/PPP1PPPP/R2QKBNR w KQkq -,MODEL_PREDICTION_NOT_EMPIRICAL
VER-03,B8,2100,maia3-5m,4,c3a4,Na4,0.03065546788275242,0.9977019018842839,0.34762201487703254,362,29,609,rnbqkb1r/pp2pppp/5n2/2P3B1/3p4/2N5/PPP1PPPP/R2QKBNR w KQkq -,MODEL_PREDICTION_NOT_EMPIRICAL
VER-03,B8,2100,maia3-5m,5,d1d3,Qd3,0.007853778079152107,0.9977019018842839,0.34762201487703254,364,31,605,rnbqkb1r/pp2pppp/5n2/2P3B1/3p4/2N5/PPP1PPPP/R2QKBNR w KQkq -,MODEL_PREDICTION_NOT_EMPIRICAL
VER-03,B8,2100,maia3-5m,6,e2e3,e3,0.0055964007042348385,0.9977019018842839,0.34762201487703254,472,37,491,rnbqkb1r/pp2pppp/5n2/2P3B1/3p4/2N5/PPP1PPPP/R2QKBNR w KQkq -,MODEL_PREDICTION_NOT_EMPIRICAL
VER-03,B8,2100,maia3-5m,7,d1d2,Qd2,0.004344926681369543,0.9977019018842839,0.34762201487703254,302,29,669,rnbqkb1r/pp2pppp/5n2/2P3B1/3p4/2N5/PPP1PPPP/R2QKBNR w KQkq -,MODEL_PREDICTION_NOT_EMPIRICAL
VER-03,B8,2100,maia3-5m,8,g1f3,Nf3,0.002682520542293787,0.9977019018842839,0.34762201487703254,441,36,523,rnbqkb1r/pp2pppp/5n2/2P3B1/3p4/2N5/PPP1PPPP/R2QKBNR w KQkq -,MODEL_PREDICTION_NOT_EMPIRICAL
VER-03,B8,2100,maia3-5m,9,e2e4,e4,0.0014310036785900593,0.9977019018842839,0.34762201487703254,398,33,569,rnbqkb1r/pp2pppp/5n2/2P3B1/3p4/2N5/PPP1PPPP/R2QKBNR w KQkq -,MODEL_PREDICTION_NOT_EMPIRICAL
VER-03,B8,2100,maia3-5m,10,c3e4,Ne4,0.0008677001460455358,0.9977019018842839,0.34762201487703254,345,32,623,rnbqkb1r/pp2pppp/5n2/2P3B1/3p4/2N5/PPP1PPPP/R2QKBNR w KQkq -,MODEL_PREDICTION_NOT_EMPIRICAL
