line_id,bias_code,elo,model,rank,move_uci,move_san,policy_probability,topk_policy_mass,normalized_response_entropy_topk,wdl_win_permille,wdl_draw_permille,wdl_loss_permille,fen,status,position_role,frequency,source,best_eval_mover_cp,candidate_eval_mover_cp,response_loss_cp,response_quality,nodes
ORD-01,B1,1100,maia3-79m,5,c2c4,c4,0.0151630882173776,0.9878678212407976,0.4256131767466212,513,25,462,r2qkbnr/pp2pppp/2n5/2pp4/3P1Bb1/4PN2/PPP2PPP/RN1QKB1R w KQkq -,MODEL_PREDICTION_NOT_EMPIRICAL,after_key,0.0151630882173776,maia3,31,-40,71,ERROR,100000
ORD-01,B1,1100,maia3-79m,6,g2g3,g3,0.0109514547511935,0.9878678212407976,0.4256131767466212,497,27,476,r2qkbnr/pp2pppp/2n5/2pp4/3P1Bb1/4PN2/PPP2PPP/RN1QKB1R w KQkq -,MODEL_PREDICTION_NOT_EMPIRICAL,after_key,0.0109514547511935,maia3,15,-160,175,SEVERE_ERROR,100000
ORD-01,B1,1100,maia3-79m,7,b2b3,b3,0.0074914833530783,0.9878678212407976,0.4256131767466212,494,27,479,r2qkbnr/pp2pppp/2n5/2pp4/3P1Bb1/4PN2/PPP2PPP/RN1QKB1R w KQkq -,MODEL_PREDICTION_NOT_EMPIRICAL,after_key,0.0074914833530783,maia3,12,-156,168,SEVERE_ERROR,100000
ORD-01,B1,1100,maia3-79m,9,b1c3,Nc3,0.0049415295943617,0.9878678212407976,0.4256131767466212,507,27,466,r2qkbnr/pp2pppp/2n5/2pp4/3P1Bb1/4PN2/PPP2PPP/RN1QKB1R w KQkq -,MODEL_PREDICTION_NOT_EMPIRICAL,after_key,0.0049415295943617,maia3,11,-44,55,ERROR,100000
ORD-01,B1,1300,maia3-79m,4,c2c4,c4,0.0186279136687517,0.9883486481849104,0.4312486267262949,513,25,462,r2qkbnr/pp2pppp/2n5/2pp4/3P1Bb1/4PN2/PPP2PPP/RN1QKB1R w KQkq -,MODEL_PREDICTION_NOT_EMPIRICAL,after_key,0.0186279136687517,maia3,14,-48,62,ERROR,100000
ORD-01,B1,1300,maia3-79m,6,g2g3,g3,0.0113351605832576,0.9883486481849104,0.4312486267262949,500,27,473,r2qkbnr/pp2pppp/2n5/2pp4/3P1Bb1/4PN2/PPP2PPP/RN1QKB1R w KQkq -,MODEL_PREDICTION_NOT_EMPIRICAL,after_key,0.0113351605832576,maia3,13,-152,165,SEVERE_ERROR,100000
ORD-01,B1,1300,maia3-79m,7,b2b3,b3,0.0088089434430003,0.9883486481849104,0.4312486267262949,503,26,471,r2qkbnr/pp2pppp/2n5/2pp4/3P1Bb1/4PN2/PPP2PPP/RN1QKB1R w KQkq -,MODEL_PREDICTION_NOT_EMPIRICAL,after_key,0.0088089434430003,maia3,12,-149,161,SEVERE_ERROR,100000
ORD-01,B1,1300,maia3-79m,10,b1c3,Nc3,0.0035150202456861,0.9883486481849104,0.4312486267262949,513,26,461,r2qkbnr/pp2pppp/2n5/2pp4/3P1Bb1/4PN2/PPP2PPP/RN1QKB1R w KQkq -,MODEL_PREDICTION_NOT_EMPIRICAL,after_key,0.0035150202456861,maia3,16,-52,68,ERROR,100000
ORD-01,B1,1500,maia3-79m,3,c2c4,c4,0.0230318326503038,0.9890689314343036,0.448404635595114,511,27,462,r2qkbnr/pp2pppp/2n5/2pp4/3P1Bb1/4PN2/PPP2PPP/RN1QKB1R w KQkq -,MODEL_PREDICTION_NOT_EMPIRICAL,after_key,0.0230318326503038,maia3,14,-46,60,ERROR,100000
ORD-01,B1,1500,maia3-79m,6,g2g3,g3,0.0118206376209855,0.9890689314343036,0.448404635595114,503,28,469,r2qkbnr/pp2pppp/2n5/2pp4/3P1Bb1/4PN2/PPP2PPP/RN1QKB1R w KQkq -,MODEL_PREDICTION_NOT_EMPIRICAL,after_key,0.0118206376209855,maia3,16,-180,196,SEVERE_ERROR,100000
ORD-01,B1,1500,maia3-79m,7,b2b3,b3,0.0103525295853614,0.9890689314343036,0.448404635595114,505,27,468,r2qkbnr/pp2pppp/2n5/2pp4/3P1Bb1/4PN2/PPP2PPP/RN1QKB1R w KQkq -,MODEL_PREDICTION_NOT_EMPIRICAL,after_key,0.0103525295853614,maia3,10,-152,162,SEVERE_ERROR,100000
ORD-01,B1,1500,maia3-79m,10,b2b4,b4,0.0039066667668521,0.9890689314343036,0.448404635595114,515,24,461,r2qkbnr/pp2pppp/2n5/2pp4/3P1Bb1/4PN2/PPP2PPP/RN1QKB1R w KQkq -,MODEL_PREDICTION_NOT_EMPIRICAL,after_key,0.0039066667668521,maia3,24,-109,133,SEVERE_ERROR,100000
ORD-01,B1,1700,maia3-79m,3,c2c4,c4,0.029208268970251,0.9896683357656002,0.4703368028344805,513,30,457,r2qkbnr/pp2pppp/2n5/2pp4/3P1Bb1/4PN2/PPP2PPP/RN1QKB1R w KQkq -,MODEL_PREDICTION_NOT_EMPIRICAL,after_key,0.029208268970251,maia3,27,-47,74,ERROR,100000
ORD-01,B1,1700,maia3-79m,6,g2g3,g3,0.0117970667779445,0.9896683357656002,0.4703368028344805,508,30,462,r2qkbnr/pp2pppp/2n5/2pp4/3P1Bb1/4PN2/PPP2PPP/RN1QKB1R w KQkq -,MODEL_PREDICTION_NOT_EMPIRICAL,after_key,0.0117970667779445,maia3,15,-148,163,SEVERE_ERROR,100000
ORD-01,B1,1700,maia3-79m,7,b2b3,b3,0.0114017035812139,0.9896683357656002,0.4703368028344805,510,29,461,r2qkbnr/pp2pppp/2n5/2pp4/3P1Bb1/4PN2/PPP2PPP/RN1QKB1R w KQkq -,MODEL_PREDICTION_NOT_EMPIRICAL,after_key,0.0114017035812139,maia3,19,-147,166,SEVERE_ERROR,100000
ORD-01,B1,1700,maia3-79m,9,b2b4,b4,0.0044242879375815,0.9896683357656002,0.4703368028344805,518,27,455,r2qkbnr/pp2pppp/2n5/2pp4/3P1Bb1/4PN2/PPP2PPP/RN1QKB1R w KQkq -,MODEL_PREDICTION_NOT_EMPIRICAL,after_key,0.0044242879375815,maia3,15,-113,128,SEVERE_ERROR,100000
ORD-01,B1,1900,maia3-79m,3,c2c4,c4,0.0372077524662017,0.9897327157668768,0.4932666454104177,512,35,453,r2qkbnr/pp2pppp/2n5/2pp4/3P1Bb1/4PN2/PPP2PPP/RN1QKB1R w KQkq -,MODEL_PREDICTION_NOT_EMPIRICAL,after_key,0.0372077524662017,maia3,11,-48,59,ERROR,100000
ORD-01,B1,1900,maia3-79m,6,b2b3,b3,0.0116183338686823,0.9897327157668768,0.4932666454104177,513,34,453,r2qkbnr/pp2pppp/2n5/2pp4/3P1Bb1/4PN2/PPP2PPP/RN1QKB1R w KQkq -,MODEL_PREDICTION_NOT_EMPIRICAL,after_key,0.0116183338686823,maia3,12,-159,171,SEVERE_ERROR,100000
ORD-01,B1,1900,maia3-79m,7,g2g3,g3,0.0105955358594655,0.9897327157668768,0.4932666454104177,509,35,456,r2qkbnr/pp2pppp/2n5/2pp4/3P1Bb1/4PN2/PPP2PPP/RN1QKB1R w KQkq -,MODEL_PREDICTION_NOT_EMPIRICAL,after_key,0.0105955358594655,maia3,14,-161,175,SEVERE_ERROR,100000
ORD-01,B1,1900,maia3-79m,9,b2b4,b4,0.0044146692380309,0.9897327157668768,0.4932666454104177,517,31,452,r2qkbnr/pp2pppp/2n5/2pp4/3P1Bb1/4PN2/PPP2PPP/RN1QKB1R w KQkq -,MODEL_PREDICTION_NOT_EMPIRICAL,after_key,0.0044146692380309,maia3,8,-107,115,SEVERE_ERROR,100000
ORD-01,B1,2100,maia3-79m,4,c2c4,c4,0.0476539246737957,0.9894236333202572,0.5245369929792545,507,43,450,r2qkbnr/pp2pppp/2n5/2pp4/3P1Bb1/4PN2/PPP2PPP/RN1QKB1R w KQkq -,MODEL_PREDICTION_NOT_EMPIRICAL,after_key,0.0476539246737957,maia3,18,-48,66,ERROR,100000
ORD-01,B1,2100,maia3-79m,6,b2b3,b3,0.0121682006865739,0.9894236333202572,0.5245369929792545,507,42,451,r2qkbnr/pp2pppp/2n5/2pp4/3P1Bb1/4PN2/PPP2PPP/RN1QKB1R w KQkq -,MODEL_PREDICTION_NOT_EMPIRICAL,after_key,0.0121682006865739,maia3,15,-150,165,SEVERE_ERROR,100000
ORD-01,B1,2100,maia3-79m,7,g2g3,g3,0.0087140025570988,0.9894236333202572,0.5245369929792545,505,42,453,r2qkbnr/pp2pppp/2n5/2pp4/3P1Bb1/4PN2/PPP2PPP/RN1QKB1R w KQkq -,MODEL_PREDICTION_NOT_EMPIRICAL,after_key,0.0087140025570988,maia3,15,-153,168,SEVERE_ERROR,100000
ORD-01,B1,2100,maia3-79m,9,b1c3,Nc3,0.004463599063456,0.9894236333202572,0.5245369929792545,521,42,437,r2qkbnr/pp2pppp/2n5/2pp4/3P1Bb1/4PN2/PPP2PPP/RN1QKB1R w KQkq -,MODEL_PREDICTION_NOT_EMPIRICAL,after_key,0.004463599063456,maia3,12,-39,51,ERROR,100000
ORD-02,B1,1100,maia3-79m,6,g2g3,g3,0.0109514547511935,0.9878678212407976,0.4256131767466212,497,27,476,r1b1kb1r/pp2pppp/1qn2n2/2pp4/3P1B2/2P1PN2/PP3PPP/RN1QKB1R w KQkq -,MODEL_PREDICTION_NOT_EMPIRICAL,after_key,0.0109514547511935,maia3,-4,-143,139,SEVERE_ERROR,100000
ORD-02,B1,1100,maia3-79m,7,b2b3,b3,0.0074914833530783,0.9878678212407976,0.4256131767466212,494,27,479,r1b1kb1r/pp2pppp/1qn2n2/2pp4/3P1B2/2P1PN2/PP3PPP/RN1QKB1R w KQkq -,MODEL_PREDICTION_NOT_EMPIRICAL,after_key,0.0074914833530783,maia3,-5,-26,21,OK,100000
ORD-02,B1,1300,maia3-79m,6,g2g3,g3,0.0113351605832576,0.9883486481849104,0.4312486267262949,500,27,473,r1b1kb1r/pp2pppp/1qn2n2/2pp4/3P1B2/2P1PN2/PP3PPP/RN1QKB1R w KQkq -,MODEL_PREDICTION_NOT_EMPIRICAL,after_key,0.0113351605832576,maia3,-2,-151,149,SEVERE_ERROR,100000
ORD-02,B1,1300,maia3-79m,7,b2b3,b3,0.0088089434430003,0.9883486481849104,0.4312486267262949,503,26,471,r1b1kb1r/pp2pppp/1qn2n2/2pp4/3P1B2/2P1PN2/PP3PPP/RN1QKB1R w KQkq -,MODEL_PREDICTION_NOT_EMPIRICAL,after_key,0.0088089434430003,maia3,-7,-22,15,OK,100000
ORD-02,B1,1500,maia3-79m,6,g2g3,g3,0.0118206376209855,0.9890689314343036,0.448404635595114,503,28,469,r1b1kb1r/pp2pppp/1qn2n2/2pp4/3P1B2/2P1PN2/PP3PPP/RN1QKB1R w KQkq -,MODEL_PREDICTION_NOT_EMPIRICAL,after_key,0.0118206376209855,maia3,-6,-153,147,SEVERE_ERROR,100000
ORD-02,B1,1500,maia3-79m,7,b2b3,b3,0.0103525295853614,0.9890689314343036,0.448404635595114,505,27,468,r1b1kb1r/pp2pppp/1qn2n2/2pp4/3P1B2/2P1PN2/PP3PPP/RN1QKB1R w KQkq -,MODEL_PREDICTION_NOT_EMPIRICAL,after_key,0.0103525295853614,maia3,-2,-20,18,OK,100000
ORD-02,B1,1500,maia3-79m,10,b2b4,b4,0.0039066667668521,0.9890689314343036,0.448404635595114,515,24,461,r1b1kb1r/pp2pppp/1qn2n2/2pp4/3P1B2/2P1PN2/PP3PPP/RN1QKB1R w KQkq -,MODEL_PREDICTION_NOT_EMPIRICAL,after_key,0.0039066667668521,maia3,3,-97,100,SEVERE_ERROR,100000
ORD-02,B1,1700,maia3-79m,6,g2g3,g3,0.0117970667779445,0.9896683357656002,0.4703368028344805,508,30,462,r1b1kb1r/pp2pppp/1qn2n2/2pp4/3P1B2/2P1PN2/PP3PPP/RN1QKB1R w KQkq -,MODEL_PREDICTION_NOT_EMPIRICAL,after_key,0.0117970667779445,maia3,-6,-159,153,SEVERE_ERROR,100000
ORD-02,B1,1700,maia3-79m,7,b2b3,b3,0.0114017035812139,0.9896683357656002,0.4703368028344805,510,29,461,r1b1kb1r/pp2pppp/1qn2n2/2pp4/3P1B2/2P1PN2/PP3PPP/RN1QKB1R w KQkq -,MODEL_PREDICTION_NOT_EMPIRICAL,after_key,0.0114017035812139,maia3,-3,-22,19,OK,100000
ORD-02,B1,1700,maia3-79m,9,b2b4,b4,0.0044242879375815,0.9896683357656002,0.4703368028344805,518,27,455,r1b1kb1r/pp2pppp/1qn2n2/2pp4/3P1B2/2P1PN2/PP3PPP/RN1QKB1R w KQkq -,MODEL_PREDICTION_NOT_EMPIRICAL,after_key,0.0044242879375815,maia3,-10,-84,74,ERROR,100000
ORD-02,B1,1900,maia3-79m,6,b2b3,b3,0.0116183338686823,0.9897327157668768,0.4932666454104177,513,34,453,r1b1kb1r/pp2pppp/1qn2n2/2pp4/3P1B2/2P1PN2/PP3PPP/RN1QKB1R w KQkq -,MODEL_PREDICTION_NOT_EMPIRICAL,after_key,0.0116183338686823,maia3,-8,-30,22,OK,100000
ORD-02,B1,1900,maia3-79m,7,g2g3,g3,0.0105955358594655,0.9897327157668768,0.4932666454104177,509,35,456,r1b1kb1r/pp2pppp/1qn2n2/2pp4/3P1B2/2P1PN2/PP3PPP/RN1QKB1R w KQkq -,MODEL_PREDICTION_NOT_EMPIRICAL,after_key,0.0105955358594655,maia3,-4,-169,165,SEVERE_ERROR,100000
ORD-02,B1,1900,maia3-79m,9,b2b4,b4,0.0044146692380309,0.9897327157668768,0.4932666454104177,517,31,452,r1b1kb1r/pp2pppp/1qn2n2/2pp4/3P1B2/2P1PN2/PP3PPP/RN1QKB1R w KQkq -,MODEL_PREDICTION_NOT_EMPIRICAL,after_key,0.0044146692380309,maia3,1,-86,87,ERROR,100000
ORD-02,B1,2100,maia3-79m,6,b2b3,b3,0.0121682006865739,0.9894236333202572,0.5245369929792545,507,42,451,r1b1kb1r/pp2pppp/1qn2n2/2pp4/3P1B2/2P1PN2/PP3PPP/RN1QKB1R w KQkq -,MODEL_PREDICTION_NOT_EMPIRICAL,after_key,0.0121682006865739,maia3,-4,-20,16,OK,100000
ORD-02,B1,2100,maia3-79m,7,g2g3,g3,0.0087140025570988,0.9894236333202572,0.5245369929792545,505,42,453,r1b1kb1r/pp2pppp/1qn2n2/2pp4/3P1B2/2P1PN2/PP3PPP/RN1QKB1R w KQkq -,MODEL_PREDICTION_NOT_EMPIRICAL,after_key,0.0087140025570988,maia3,-2,-152,150,SEVERE_ERROR,100000
COL-01,B1,1100,maia3-79m,5,c2c4,c4,0.0151630882173776,0.9878678212407976,0.4256131767466212,513,25,462,rn1qkb1r/ppp2ppp/4pn2/3p1b2/3P4/3BPN2/PPP2PPP/RNBQK2R w KQkq -,MODEL_PREDICTION_NOT_EMPIRICAL,after_key,0.0151630882173776,maia3,17,2,15,OK,100000
COL-01,B1,1100,maia3-79m,6,g2g3,g3,0.0109514547511935,0.9878678212407976,0.4256131767466212,497,27,476,rn1qkb1r/ppp2ppp/4pn2/3p1b2/3P4/3BPN2/PPP2PPP/RNBQK2R w KQkq -,MODEL_PREDICTION_NOT_EMPIRICAL,after_key,0.0109514547511935,maia3,15,-49,64,ERROR,100000
COL-01,B1,1100,maia3-79m,7,b2b3,b3,0.0074914833530783,0.9878678212407976,0.4256131767466212,494,27,479,rn1qkb1r/ppp2ppp/4pn2/3p1b2/3P4/3BPN2/PPP2PPP/RNBQK2R w KQkq -,MODEL_PREDICTION_NOT_EMPIRICAL,after_key,0.0074914833530783,maia3,21,-1,22,OK,100000
COL-01,B1,1100,maia3-79m,9,b1c3,Nc3,0.0049415295943617,0.9878678212407976,0.4256131767466212,507,27,466,rn1qkb1r/ppp2ppp/4pn2/3p1b2/3P4/3BPN2/PPP2PPP/RNBQK2R w KQkq -,MODEL_PREDICTION_NOT_EMPIRICAL,after_key,0.0049415295943617,maia3,14,-24,38,OK,100000
COL-01,B1,1300,maia3-79m,4,c2c4,c4,0.0186279136687517,0.9883486481849104,0.4312486267262949,513,25,462,rn1qkb1r/ppp2ppp/4pn2/3p1b2/3P4/3BPN2/PPP2PPP/RNBQK2R w KQkq -,MODEL_PREDICTION_NOT_EMPIRICAL,after_key,0.0186279136687517,maia3,4,0,4,OK,100000
COL-01,B1,1300,maia3-79m,6,g2g3,g3,0.0113351605832576,0.9883486481849104,0.4312486267262949,500,27,473,rn1qkb1r/ppp2ppp/4pn2/3p1b2/3P4/3BPN2/PPP2PPP/RNBQK2R w KQkq -,MODEL_PREDICTION_NOT_EMPIRICAL,after_key,0.0113351605832576,maia3,17,-54,71,ERROR,100000
COL-01,B1,1300,maia3-79m,7,b2b3,b3,0.0088089434430003,0.9883486481849104,0.4312486267262949,503,26,471,rn1qkb1r/ppp2ppp/4pn2/3p1b2/3P4/3BPN2/PPP2PPP/RNBQK2R w KQkq -,MODEL_PREDICTION_NOT_EMPIRICAL,after_key,0.0088089434430003,maia3,9,-6,15,OK,100000
COL-01,B1,1300,maia3-79m,10,b1c3,Nc3,0.0035150202456861,0.9883486481849104,0.4312486267262949,513,26,461,rn1qkb1r/ppp2ppp/4pn2/3p1b2/3P4/3BPN2/PPP2PPP/RNBQK2R w KQkq -,MODEL_PREDICTION_NOT_EMPIRICAL,after_key,0.0035150202456861,maia3,5,-19,24,OK,100000
COL-01,B1,1500,maia3-79m,3,c2c4,c4,0.0230318326503038,0.9890689314343036,0.448404635595114,511,27,462,rn1qkb1r/ppp2ppp/4pn2/3p1b2/3P4/3BPN2/PPP2PPP/RNBQK2R w KQkq -,MODEL_PREDICTION_NOT_EMPIRICAL,after_key,0.0230318326503038,maia3,4,-3,7,OK,100000
COL-01,B1,1500,maia3-79m,6,g2g3,g3,0.0118206376209855,0.9890689314343036,0.448404635595114,503,28,469,rn1qkb1r/ppp2ppp/4pn2/3p1b2/3P4/3BPN2/PPP2PPP/RNBQK2R w KQkq -,MODEL_PREDICTION_NOT_EMPIRICAL,after_key,0.0118206376209855,maia3,2,-48,50,ERROR,100000
COL-01,B1,1500,maia3-79m,7,b2b3,b3,0.0103525295853614,0.9890689314343036,0.448404635595114,505,27,468,rn1qkb1r/ppp2ppp/4pn2/3p1b2/3P4/3BPN2/PPP2PPP/RNBQK2R w KQkq -,MODEL_PREDICTION_NOT_EMPIRICAL,after_key,0.0103525295853614,maia3,10,-1,11,OK,100000
COL-01,B1,1500,maia3-79m,10,b2b4,b4,0.0039066667668521,0.9890689314343036,0.448404635595114,515,24,461,rn1qkb1r/ppp2ppp/4pn2/3p1b2/3P4/3BPN2/PPP2PPP/RNBQK2R w KQkq -,MODEL_PREDICTION_NOT_EMPIRICAL,after_key,0.0039066667668521,maia3,7,-122,129,SEVERE_ERROR,100000
COL-01,B1,1700,maia3-79m,3,c2c4,c4,0.029208268970251,0.9896683357656002,0.4703368028344805,513,30,457,rn1qkb1r/ppp2ppp/4pn2/3p1b2/3P4/3BPN2/PPP2PPP/RNBQK2R w KQkq -,MODEL_PREDICTION_NOT_EMPIRICAL,after_key,0.029208268970251,maia3,2,-3,5,OK,100000
COL-01,B1,1700,maia3-79m,6,g2g3,g3,0.0117970667779445,0.9896683357656002,0.4703368028344805,508,30,462,rn1qkb1r/ppp2ppp/4pn2/3p1b2/3P4/3BPN2/PPP2PPP/RNBQK2R w KQkq -,MODEL_PREDICTION_NOT_EMPIRICAL,after_key,0.0117970667779445,maia3,12,-53,65,ERROR,100000
COL-01,B1,1700,maia3-79m,7,b2b3,b3,0.0114017035812139,0.9896683357656002,0.4703368028344805,510,29,461,rn1qkb1r/ppp2ppp/4pn2/3p1b2/3P4/3BPN2/PPP2PPP/RNBQK2R w KQkq -,MODEL_PREDICTION_NOT_EMPIRICAL,after_key,0.0114017035812139,maia3,13,-7,20,OK,100000
COL-01,B1,1700,maia3-79m,9,b2b4,b4,0.0044242879375815,0.9896683357656002,0.4703368028344805,518,27,455,rn1qkb1r/ppp2ppp/4pn2/3p1b2/3P4/3BPN2/PPP2PPP/RNBQK2R w KQkq -,MODEL_PREDICTION_NOT_EMPIRICAL,after_key,0.0044242879375815,maia3,17,-132,149,SEVERE_ERROR,100000
COL-01,B1,1900,maia3-79m,3,c2c4,c4,0.0372077524662017,0.9897327157668768,0.4932666454104177,512,35,453,rn1qkb1r/ppp2ppp/4pn2/3p1b2/3P4/3BPN2/PPP2PPP/RNBQK2R w KQkq -,MODEL_PREDICTION_NOT_EMPIRICAL,after_key,0.0372077524662017,maia3,21,0,21,OK,100000
COL-01,B1,1900,maia3-79m,6,b2b3,b3,0.0116183338686823,0.9897327157668768,0.4932666454104177,513,34,453,rn1qkb1r/ppp2ppp/4pn2/3p1b2/3P4/3BPN2/PPP2PPP/RNBQK2R w KQkq -,MODEL_PREDICTION_NOT_EMPIRICAL,after_key,0.0116183338686823,maia3,20,-14,34,OK,100000
COL-01,B1,1900,maia3-79m,7,g2g3,g3,0.0105955358594655,0.9897327157668768,0.4932666454104177,509,35,456,rn1qkb1r/ppp2ppp/4pn2/3p1b2/3P4/3BPN2/PPP2PPP/RNBQK2R w KQkq -,MODEL_PREDICTION_NOT_EMPIRICAL,after_key,0.0105955358594655,maia3,6,-57,63,ERROR,100000
COL-01,B1,1900,maia3-79m,9,b2b4,b4,0.0044146692380309,0.9897327157668768,0.4932666454104177,517,31,452,rn1qkb1r/ppp2ppp/4pn2/3p1b2/3P4/3BPN2/PPP2PPP/RNBQK2R w KQkq -,MODEL_PREDICTION_NOT_EMPIRICAL,after_key,0.0044146692380309,maia3,2,-124,126,SEVERE_ERROR,100000
COL-01,B1,2100,maia3-79m,4,c2c4,c4,0.0476539246737957,0.9894236333202572,0.5245369929792545,507,43,450,rn1qkb1r/ppp2ppp/4pn2/3p1b2/3P4/3BPN2/PPP2PPP/RNBQK2R w KQkq -,MODEL_PREDICTION_NOT_EMPIRICAL,after_key,0.0476539246737957,maia3,12,0,12,OK,100000
COL-01,B1,2100,maia3-79m,6,b2b3,b3,0.0121682006865739,0.9894236333202572,0.5245369929792545,507,42,451,rn1qkb1r/ppp2ppp/4pn2/3p1b2/3P4/3BPN2/PPP2PPP/RNBQK2R w KQkq -,MODEL_PREDICTION_NOT_EMPIRICAL,after_key,0.0121682006865739,maia3,12,-7,19,OK,100000
COL-01,B1,2100,maia3-79m,7,g2g3,g3,0.0087140025570988,0.9894236333202572,0.5245369929792545,505,42,453,rn1qkb1r/ppp2ppp/4pn2/3p1b2/3P4/3BPN2/PPP2PPP/RNBQK2R w KQkq -,MODEL_PREDICTION_NOT_EMPIRICAL,after_key,0.0087140025570988,maia3,10,-51,61,ERROR,100000
COL-01,B1,2100,maia3-79m,9,b1c3,Nc3,0.004463599063456,0.9894236333202572,0.5245369929792545,521,42,437,rn1qkb1r/ppp2ppp/4pn2/3p1b2/3P4/3BPN2/PPP2PPP/RNBQK2R w KQkq -,MODEL_PREDICTION_NOT_EMPIRICAL,after_key,0.004463599063456,maia3,13,-19,32,OK,100000
COL-10,B1,1100,maia3-79m,5,c2c4,c4,0.0151630882173776,0.9878678212407976,0.4256131767466212,513,25,462,r1bqkb1r/pp3ppp/2n1pn2/2pp4/3P4/1P2PN2/PBP2PPP/RN1QKB1R w KQkq -,MODEL_PREDICTION_NOT_EMPIRICAL,after_key,0.0151630882173776,maia3,15,-33,48,ERROR,100000
COL-10,B1,1100,maia3-79m,6,g2g3,g3,0.0109514547511935,0.9878678212407976,0.4256131767466212,497,27,476,r1bqkb1r/pp3ppp/2n1pn2/2pp4/3P4/1P2PN2/PBP2PPP/RN1QKB1R w KQkq -,MODEL_PREDICTION_NOT_EMPIRICAL,after_key,0.0109514547511935,maia3,18,-7,25,OK,100000
COL-10,B1,1100,maia3-79m,9,b1c3,Nc3,0.0049415295943617,0.9878678212407976,0.4256131767466212,507,27,466,r1bqkb1r/pp3ppp/2n1pn2/2pp4/3P4/1P2PN2/PBP2PPP/RN1QKB1R w KQkq -,MODEL_PREDICTION_NOT_EMPIRICAL,after_key,0.0049415295943617,maia3,23,-24,47,ERROR,100000
COL-10,B1,1300,maia3-79m,4,c2c4,c4,0.0186279136687517,0.9883486481849104,0.4312486267262949,513,25,462,r1bqkb1r/pp3ppp/2n1pn2/2pp4/3P4/1P2PN2/PBP2PPP/RN1QKB1R w KQkq -,MODEL_PREDICTION_NOT_EMPIRICAL,after_key,0.0186279136687517,maia3,28,-44,72,ERROR,100000
COL-10,B1,1300,maia3-79m,6,g2g3,g3,0.0113351605832576,0.9883486481849104,0.4312486267262949,500,27,473,r1bqkb1r/pp3ppp/2n1pn2/2pp4/3P4/1P2PN2/PBP2PPP/RN1QKB1R w KQkq -,MODEL_PREDICTION_NOT_EMPIRICAL,after_key,0.0113351605832576,maia3,19,-26,45,ERROR,100000
COL-10,B1,1300,maia3-79m,10,b1c3,Nc3,0.0035150202456861,0.9883486481849104,0.4312486267262949,513,26,461,r1bqkb1r/pp3ppp/2n1pn2/2pp4/3P4/1P2PN2/PBP2PPP/RN1QKB1R w KQkq -,MODEL_PREDICTION_NOT_EMPIRICAL,after_key,0.0035150202456861,maia3,18,-14,32,OK,100000
COL-10,B1,1500,maia3-79m,3,c2c4,c4,0.0230318326503038,0.9890689314343036,0.448404635595114,511,27,462,r1bqkb1r/pp3ppp/2n1pn2/2pp4/3P4/1P2PN2/PBP2PPP/RN1QKB1R w KQkq -,MODEL_PREDICTION_NOT_EMPIRICAL,after_key,0.0230318326503038,maia3,12,-22,34,OK,100000
COL-10,B1,1500,maia3-79m,6,g2g3,g3,0.0118206376209855,0.9890689314343036,0.448404635595114,503,28,469,r1bqkb1r/pp3ppp/2n1pn2/2pp4/3P4/1P2PN2/PBP2PPP/RN1QKB1R w KQkq -,MODEL_PREDICTION_NOT_EMPIRICAL,after_key,0.0118206376209855,maia3,20,-11,31,OK,100000
COL-10,B1,1700,maia3-79m,3,c2c4,c4,0.029208268970251,0.9896683357656002,0.4703368028344805,513,30,457,r1bqkb1r/pp3ppp/2n1pn2/2pp4/3P4/1P2PN2/PBP2PPP/RN1QKB1R w KQkq -,MODEL_PREDICTION_NOT_EMPIRICAL,after_key,0.029208268970251,maia3,31,-29,60,ERROR,100000
COL-10,B1,1700,maia3-79m,6,g2g3,g3,0.0117970667779445,0.9896683357656002,0.4703368028344805,508,30,462,r1bqkb1r/pp3ppp/2n1pn2/2pp4/3P4/1P2PN2/PBP2PPP/RN1QKB1R w KQkq -,MODEL_PREDICTION_NOT_EMPIRICAL,after_key,0.0117970667779445,maia3,26,-8,34,OK,100000
COL-10,B1,1900,maia3-79m,3,c2c4,c4,0.0372077524662017,0.9897327157668768,0.4932666454104177,512,35,453,r1bqkb1r/pp3ppp/2n1pn2/2pp4/3P4/1P2PN2/PBP2PPP/RN1QKB1R w KQkq -,MODEL_PREDICTION_NOT_EMPIRICAL,after_key,0.0372077524662017,maia3,27,-25,52,ERROR,100000
COL-10,B1,1900,maia3-79m,7,g2g3,g3,0.0105955358594655,0.9897327157668768,0.4932666454104177,509,35,456,r1bqkb1r/pp3ppp/2n1pn2/2pp4/3P4/1P2PN2/PBP2PPP/RN1QKB1R w KQkq -,MODEL_PREDICTION_NOT_EMPIRICAL,after_key,0.0105955358594655,maia3,24,-12,36,OK,100000
COL-10,B1,2100,maia3-79m,4,c2c4,c4,0.0476539246737957,0.9894236333202572,0.5245369929792545,507,43,450,r1bqkb1r/pp3ppp/2n1pn2/2pp4/3P4/1P2PN2/PBP2PPP/RN1QKB1R w KQkq -,MODEL_PREDICTION_NOT_EMPIRICAL,after_key,0.0476539246737957,maia3,23,-21,44,ERROR,100000
COL-10,B1,2100,maia3-79m,7,g2g3,g3,0.0087140025570988,0.9894236333202572,0.5245369929792545,505,42,453,r1bqkb1r/pp3ppp/2n1pn2/2pp4/3P4/1P2PN2/PBP2PPP/RN1QKB1R w KQkq -,MODEL_PREDICTION_NOT_EMPIRICAL,after_key,0.0087140025570988,maia3,22,-6,28,OK,100000
COL-10,B1,2100,maia3-79m,9,b1c3,Nc3,0.004463599063456,0.9894236333202572,0.5245369929792545,521,42,437,r1bqkb1r/pp3ppp/2n1pn2/2pp4/3P4/1P2PN2/PBP2PPP/RN1QKB1R w KQkq -,MODEL_PREDICTION_NOT_EMPIRICAL,after_key,0.004463599063456,maia3,25,-23,48,ERROR,100000
VER-01,B1,1100,maia3-79m,4,g1f3,Nf3,0.0199762973934412,0.9878678212407976,0.4256131767466212,517,27,456,rnbqkb1r/pp3ppp/4pn2/2pp2B1/3P4/2N1P3/PPP2PPP/R2QKBNR w KQkq -,MODEL_PREDICTION_NOT_EMPIRICAL,after_key,0.0199762973934412,maia3,-21,-19,0,OK,100000
VER-01,B1,1100,maia3-79m,6,g2g3,g3,0.0109514547511935,0.9878678212407976,0.4256131767466212,497,27,476,rnbqkb1r/pp3ppp/4pn2/2pp2B1/3P4/2N1P3/PPP2PPP/R2QKBNR w KQkq -,MODEL_PREDICTION_NOT_EMPIRICAL,after_key,0.0109514547511935,maia3,-20,-47,27,OK,100000
VER-01,B1,1100,maia3-79m,7,b2b3,b3,0.0074914833530783,0.9878678212407976,0.4256131767466212,494,27,479,rnbqkb1r/pp3ppp/4pn2/2pp2B1/3P4/2N1P3/PPP2PPP/R2QKBNR w KQkq -,MODEL_PREDICTION_NOT_EMPIRICAL,after_key,0.0074914833530783,maia3,-17,-215,198,SEVERE_ERROR,100000
VER-01,B1,1100,maia3-79m,10,f2f4,f4,0.0035755394492298,0.9878678212407976,0.4256131767466212,500,26,474,rnbqkb1r/pp3ppp/4pn2/2pp2B1/3P4/2N1P3/PPP2PPP/R2QKBNR w KQkq -,MODEL_PREDICTION_NOT_EMPIRICAL,after_key,0.0035755394492298,maia3,-23,-77,54,ERROR,100000
VER-01,B1,1300,maia3-79m,3,g1f3,Nf3,0.0193633176386356,0.9883486481849104,0.4312486267262949,521,27,452,rnbqkb1r/pp3ppp/4pn2/2pp2B1/3P4/2N1P3/PPP2PPP/R2QKBNR w KQkq -,MODEL_PREDICTION_NOT_EMPIRICAL,after_key,0.0193633176386356,maia3,-22,-23,1,OK,100000
VER-01,B1,1300,maia3-79m,6,g2g3,g3,0.0113351605832576,0.9883486481849104,0.4312486267262949,500,27,473,rnbqkb1r/pp3ppp/4pn2/2pp2B1/3P4/2N1P3/PPP2PPP/R2QKBNR w KQkq -,MODEL_PREDICTION_NOT_EMPIRICAL,after_key,0.0113351605832576,maia3,-24,-49,25,OK,100000
VER-01,B1,1300,maia3-79m,7,b2b3,b3,0.0088089434430003,0.9883486481849104,0.4312486267262949,503,26,471,rnbqkb1r/pp3ppp/4pn2/2pp2B1/3P4/2N1P3/PPP2PPP/R2QKBNR w KQkq -,MODEL_PREDICTION_NOT_EMPIRICAL,after_key,0.0088089434430003,maia3,-22,-216,194,SEVERE_ERROR,100000
VER-01,B1,1300,maia3-79m,9,f2f4,f4,0.0041140238754451,0.9883486481849104,0.4312486267262949,506,25,469,rnbqkb1r/pp3ppp/4pn2/2pp2B1/3P4/2N1P3/PPP2PPP/R2QKBNR w KQkq -,MODEL_PREDICTION_NOT_EMPIRICAL,after_key,0.0041140238754451,maia3,-17,-86,69,ERROR,100000
VER-01,B1,1500,maia3-79m,4,g1f3,Nf3,0.0206830464303493,0.9890689314343036,0.448404635595114,525,27,448,rnbqkb1r/pp3ppp/4pn2/2pp2B1/3P4/2N1P3/PPP2PPP/R2QKBNR w KQkq -,MODEL_PREDICTION_NOT_EMPIRICAL,after_key,0.0206830464303493,maia3,-20,-17,0,OK,100000
VER-01,B1,1500,maia3-79m,6,g2g3,g3,0.0118206376209855,0.9890689314343036,0.448404635595114,503,28,469,rnbqkb1r/pp3ppp/4pn2/2pp2B1/3P4/2N1P3/PPP2PPP/R2QKBNR w KQkq -,MODEL_PREDICTION_NOT_EMPIRICAL,after_key,0.0118206376209855,maia3,-16,-53,37,OK,100000
VER-01,B1,1500,maia3-79m,7,b2b3,b3,0.0103525295853614,0.9890689314343036,0.448404635595114,505,27,468,rnbqkb1r/pp3ppp/4pn2/2pp2B1/3P4/2N1P3/PPP2PPP/R2QKBNR w KQkq -,MODEL_PREDICTION_NOT_EMPIRICAL,after_key,0.0103525295853614,maia3,-18,-218,200,SEVERE_ERROR,100000
VER-01,B1,1500,maia3-79m,8,f2f4,f4,0.0058752936311066,0.9890689314343036,0.448404635595114,507,25,468,rnbqkb1r/pp3ppp/4pn2/2pp2B1/3P4/2N1P3/PPP2PPP/R2QKBNR w KQkq -,MODEL_PREDICTION_NOT_EMPIRICAL,after_key,0.0058752936311066,maia3,-18,-80,62,ERROR,100000
VER-01,B1,1500,maia3-79m,10,b2b4,b4,0.0039066667668521,0.9890689314343036,0.448404635595114,515,24,461,rnbqkb1r/pp3ppp/4pn2/2pp2B1/3P4/2N1P3/PPP2PPP/R2QKBNR w KQkq -,MODEL_PREDICTION_NOT_EMPIRICAL,after_key,0.0039066667668521,maia3,-16,-175,159,SEVERE_ERROR,100000
VER-01,B1,1700,maia3-79m,4,g1f3,Nf3,0.0238940399140119,0.9896683357656002,0.4703368028344805,530,30,440,rnbqkb1r/pp3ppp/4pn2/2pp2B1/3P4/2N1P3/PPP2PPP/R2QKBNR w KQkq -,MODEL_PREDICTION_NOT_EMPIRICAL,after_key,0.0238940399140119,maia3,-19,-14,0,OK,100000
VER-01,B1,1700,maia3-79m,6,g2g3,g3,0.0117970667779445,0.9896683357656002,0.4703368028344805,508,30,462,rnbqkb1r/pp3ppp/4pn2/2pp2B1/3P4/2N1P3/PPP2PPP/R2QKBNR w KQkq -,MODEL_PREDICTION_NOT_EMPIRICAL,after_key,0.0117970667779445,maia3,-14,-52,38,OK,100000
VER-01,B1,1700,maia3-79m,7,b2b3,b3,0.0114017035812139,0.9896683357656002,0.4703368028344805,510,29,461,rnbqkb1r/pp3ppp/4pn2/2pp2B1/3P4/2N1P3/PPP2PPP/R2QKBNR w KQkq -,MODEL_PREDICTION_NOT_EMPIRICAL,after_key,0.0114017035812139,maia3,-15,-206,191,SEVERE_ERROR,100000
VER-01,B1,1700,maia3-79m,8,f2f4,f4,0.0088289910927414,0.9896683357656002,0.4703368028344805,507,28,465,rnbqkb1r/pp3ppp/4pn2/2pp2B1/3P4/2N1P3/PPP2PPP/R2QKBNR w KQkq -,MODEL_PREDICTION_NOT_EMPIRICAL,after_key,0.0088289910927414,maia3,-12,-87,75,ERROR,100000
VER-01,B1,1700,maia3-79m,9,b2b4,b4,0.0044242879375815,0.9896683357656002,0.4703368028344805,518,27,455,rnbqkb1r/pp3ppp/4pn2/2pp2B1/3P4/2N1P3/PPP2PPP/R2QKBNR w KQkq -,MODEL_PREDICTION_NOT_EMPIRICAL,after_key,0.0044242879375815,maia3,-13,-181,168,SEVERE_ERROR,100000
VER-01,B1,1900,maia3-79m,4,g1f3,Nf3,0.0307666920125484,0.9897327157668768,0.4932666454104177,527,36,437,rnbqkb1r/pp3ppp/4pn2/2pp2B1/3P4/2N1P3/PPP2PPP/R2QKBNR w KQkq -,MODEL_PREDICTION_NOT_EMPIRICAL,after_key,0.0307666920125484,maia3,-14,-15,1,OK,100000
VER-01,B1,1900,maia3-79m,5,f2f4,f4,0.0122731383889913,0.9897327157668768,0.4932666454104177,504,32,464,rnbqkb1r/pp3ppp/4pn2/2pp2B1/3P4/2N1P3/PPP2PPP/R2QKBNR w KQkq -,MODEL_PREDICTION_NOT_EMPIRICAL,after_key,0.0122731383889913,maia3,-16,-80,64,ERROR,100000
VER-01,B1,1900,maia3-79m,6,b2b3,b3,0.0116183338686823,0.9897327157668768,0.4932666454104177,513,34,453,rnbqkb1r/pp3ppp/4pn2/2pp2B1/3P4/2N1P3/PPP2PPP/R2QKBNR w KQkq -,MODEL_PREDICTION_NOT_EMPIRICAL,after_key,0.0116183338686823,maia3,-18,-209,191,SEVERE_ERROR,100000
VER-01,B1,1900,maia3-79m,7,g2g3,g3,0.0105955358594655,0.9897327157668768,0.4932666454104177,509,35,456,rnbqkb1r/pp3ppp/4pn2/2pp2B1/3P4/2N1P3/PPP2PPP/R2QKBNR w KQkq -,MODEL_PREDICTION_NOT_EMPIRICAL,after_key,0.0105955358594655,maia3,-15,-49,34,OK,100000
VER-01,B1,1900,maia3-79m,9,b2b4,b4,0.0044146692380309,0.9897327157668768,0.4932666454104177,517,31,452,rnbqkb1r/pp3ppp/4pn2/2pp2B1/3P4/2N1P3/PPP2PPP/R2QKBNR w KQkq -,MODEL_PREDICTION_NOT_EMPIRICAL,after_key,0.0044146692380309,maia3,-13,-177,164,SEVERE_ERROR,100000
VER-01,B1,2100,maia3-79m,3,g1f3,Nf3,0.0481594055891037,0.9894236333202572,0.5245369929792545,516,45,439,rnbqkb1r/pp3ppp/4pn2/2pp2B1/3P4/2N1P3/PPP2PPP/R2QKBNR w KQkq -,MODEL_PREDICTION_NOT_EMPIRICAL,after_key,0.0481594055891037,maia3,-16,-14,0,OK,100000
VER-01,B1,2100,maia3-79m,5,f2f4,f4,0.0124846855178475,0.9894236333202572,0.5245369929792545,497,40,463,rnbqkb1r/pp3ppp/4pn2/2pp2B1/3P4/2N1P3/PPP2PPP/R2QKBNR w KQkq -,MODEL_PREDICTION_NOT_EMPIRICAL,after_key,0.0124846855178475,maia3,-18,-81,63,ERROR,100000
VER-01,B1,2100,maia3-79m,6,b2b3,b3,0.0121682006865739,0.9894236333202572,0.5245369929792545,507,42,451,rnbqkb1r/pp3ppp/4pn2/2pp2B1/3P4/2N1P3/PPP2PPP/R2QKBNR w KQkq -,MODEL_PREDICTION_NOT_EMPIRICAL,after_key,0.0121682006865739,maia3,-21,-223,202,SEVERE_ERROR,100000
VER-01,B1,2100,maia3-79m,7,g2g3,g3,0.0087140025570988,0.9894236333202572,0.5245369929792545,505,42,453,rnbqkb1r/pp3ppp/4pn2/2pp2B1/3P4/2N1P3/PPP2PPP/R2QKBNR w KQkq -,MODEL_PREDICTION_NOT_EMPIRICAL,after_key,0.0087140025570988,maia3,-13,-49,36,OK,100000
LON-02,B2,1100,maia3-79m,6,g2g3,g3,0.0109514547511935,0.9878678212407976,0.4256131767466212,497,27,476,r3kb1r/pp2pppp/1qn2n2/3p1b2/2pP1B2/2P1PN2/PPQ2PPP/RN2KB1R w KQkq -,MODEL_PREDICTION_NOT_EMPIRICAL,after_key,0.0109514547511935,maia3,-29,-711,682,SEVERE_ERROR,100000
LON-02,B2,1100,maia3-79m,7,b2b3,b3,0.0074914833530783,0.9878678212407976,0.4256131767466212,494,27,479,r3kb1r/pp2pppp/1qn2n2/3p1b2/2pP1B2/2P1PN2/PPQ2PPP/RN2KB1R w KQkq -,MODEL_PREDICTION_NOT_EMPIRICAL,after_key,0.0074914833530783,maia3,-26,-673,647,SEVERE_ERROR,100000
LON-02,B2,1300,maia3-79m,6,g2g3,g3,0.0113351605832576,0.9883486481849104,0.4312486267262949,500,27,473,r3kb1r/pp2pppp/1qn2n2/3p1b2/2pP1B2/2P1PN2/PPQ2PPP/RN2KB1R w KQkq -,MODEL_PREDICTION_NOT_EMPIRICAL,after_key,0.0113351605832576,maia3,-24,-712,688,SEVERE_ERROR,100000
LON-02,B2,1300,maia3-79m,7,b2b3,b3,0.0088089434430003,0.9883486481849104,0.4312486267262949,503,26,471,r3kb1r/pp2pppp/1qn2n2/3p1b2/2pP1B2/2P1PN2/PPQ2PPP/RN2KB1R w KQkq -,MODEL_PREDICTION_NOT_EMPIRICAL,after_key,0.0088089434430003,maia3,-29,-673,644,SEVERE_ERROR,100000
LON-02,B2,1500,maia3-79m,6,g2g3,g3,0.0118206376209855,0.9890689314343036,0.448404635595114,503,28,469,r3kb1r/pp2pppp/1qn2n2/3p1b2/2pP1B2/2P1PN2/PPQ2PPP/RN2KB1R w KQkq -,MODEL_PREDICTION_NOT_EMPIRICAL,after_key,0.0118206376209855,maia3,-38,-707,669,SEVERE_ERROR,100000
LON-02,B2,1500,maia3-79m,7,b2b3,b3,0.0103525295853614,0.9890689314343036,0.448404635595114,505,27,468,r3kb1r/pp2pppp/1qn2n2/3p1b2/2pP1B2/2P1PN2/PPQ2PPP/RN2KB1R w KQkq -,MODEL_PREDICTION_NOT_EMPIRICAL,after_key,0.0103525295853614,maia3,-28,-680,652,SEVERE_ERROR,100000
LON-02,B2,1500,maia3-79m,10,b2b4,b4,0.0039066667668521,0.9890689314343036,0.448404635595114,515,24,461,r3kb1r/pp2pppp/1qn2n2/3p1b2/2pP1B2/2P1PN2/PPQ2PPP/RN2KB1R w KQkq -,MODEL_PREDICTION_NOT_EMPIRICAL,after_key,0.0039066667668521,maia3,-35,-659,624,SEVERE_ERROR,100000
LON-02,B2,1700,maia3-79m,6,g2g3,g3,0.0117970667779445,0.9896683357656002,0.4703368028344805,508,30,462,r3kb1r/pp2pppp/1qn2n2/3p1b2/2pP1B2/2P1PN2/PPQ2PPP/RN2KB1R w KQkq -,MODEL_PREDICTION_NOT_EMPIRICAL,after_key,0.0117970667779445,maia3,-32,-709,677,SEVERE_ERROR,100000
LON-02,B2,1700,maia3-79m,7,b2b3,b3,0.0114017035812139,0.9896683357656002,0.4703368028344805,510,29,461,r3kb1r/pp2pppp/1qn2n2/3p1b2/2pP1B2/2P1PN2/PPQ2PPP/RN2KB1R w KQkq -,MODEL_PREDICTION_NOT_EMPIRICAL,after_key,0.0114017035812139,maia3,-33,-678,645,SEVERE_ERROR,100000
LON-02,B2,1700,maia3-79m,9,b2b4,b4,0.0044242879375815,0.9896683357656002,0.4703368028344805,518,27,455,r3kb1r/pp2pppp/1qn2n2/3p1b2/2pP1B2/2P1PN2/PPQ2PPP/RN2KB1R w KQkq -,MODEL_PREDICTION_NOT_EMPIRICAL,after_key,0.0044242879375815,maia3,-28,-664,636,SEVERE_ERROR,100000
LON-02,B2,1900,maia3-79m,6,b2b3,b3,0.0116183338686823,0.9897327157668768,0.4932666454104177,513,34,453,r3kb1r/pp2pppp/1qn2n2/3p1b2/2pP1B2/2P1PN2/PPQ2PPP/RN2KB1R w KQkq -,MODEL_PREDICTION_NOT_EMPIRICAL,after_key,0.0116183338686823,maia3,-37,-687,650,SEVERE_ERROR,100000
LON-02,B2,1900,maia3-79m,7,g2g3,g3,0.0105955358594655,0.9897327157668768,0.4932666454104177,509,35,456,r3kb1r/pp2pppp/1qn2n2/3p1b2/2pP1B2/2P1PN2/PPQ2PPP/RN2KB1R w KQkq -,MODEL_PREDICTION_NOT_EMPIRICAL,after_key,0.0105955358594655,maia3,-32,-733,701,SEVERE_ERROR,100000
LON-02,B2,1900,maia3-79m,9,b2b4,b4,0.0044146692380309,0.9897327157668768,0.4932666454104177,517,31,452,r3kb1r/pp2pppp/1qn2n2/3p1b2/2pP1B2/2P1PN2/PPQ2PPP/RN2KB1R w KQkq -,MODEL_PREDICTION_NOT_EMPIRICAL,after_key,0.0044146692380309,maia3,-33,-672,639,SEVERE_ERROR,100000
LON-02,B2,2100,maia3-79m,6,b2b3,b3,0.0121682006865739,0.9894236333202572,0.5245369929792545,507,42,451,r3kb1r/pp2pppp/1qn2n2/3p1b2/2pP1B2/2P1PN2/PPQ2PPP/RN2KB1R w KQkq -,MODEL_PREDICTION_NOT_EMPIRICAL,after_key,0.0121682006865739,maia3,-30,-679,649,SEVERE_ERROR,100000
LON-02,B2,2100,maia3-79m,7,g2g3,g3,0.0087140025570988,0.9894236333202572,0.5245369929792545,505,42,453,r3kb1r/pp2pppp/1qn2n2/3p1b2/2pP1B2/2P1PN2/PPQ2PPP/RN2KB1R w KQkq -,MODEL_PREDICTION_NOT_EMPIRICAL,after_key,0.0087140025570988,maia3,-29,-741,712,SEVERE_ERROR,100000
LON-04,B2,1100,maia3-79m,6,g2g3,g3,0.0109514547511935,0.9878678212407976,0.4256131767466212,497,27,476,r3kb1r/pp2pppp/1qn2n2/3p1b2/3P1B2/2P2N2/PP3PPP/RNQ1KB1R w KQkq -,MODEL_PREDICTION_NOT_EMPIRICAL,after_key,0.0109514547511935,maia3,-28,-88,60,ERROR,100000
LON-04,B2,1100,maia3-79m,7,b2b3,b3,0.0074914833530783,0.9878678212407976,0.4256131767466212,494,27,479,r3kb1r/pp2pppp/1qn2n2/3p1b2/3P1B2/2P2N2/PP3PPP/RNQ1KB1R w KQkq -,MODEL_PREDICTION_NOT_EMPIRICAL,after_key,0.0074914833530783,maia3,-37,-105,68,ERROR,100000
LON-04,B2,1300,maia3-79m,6,g2g3,g3,0.0113351605832576,0.9883486481849104,0.4312486267262949,500,27,473,r3kb1r/pp2pppp/1qn2n2/3p1b2/3P1B2/2P2N2/PP3PPP/RNQ1KB1R w KQkq -,MODEL_PREDICTION_NOT_EMPIRICAL,after_key,0.0113351605832576,maia3,-32,-71,39,OK,100000
LON-04,B2,1300,maia3-79m,7,b2b3,b3,0.0088089434430003,0.9883486481849104,0.4312486267262949,503,26,471,r3kb1r/pp2pppp/1qn2n2/3p1b2/3P1B2/2P2N2/PP3PPP/RNQ1KB1R w KQkq -,MODEL_PREDICTION_NOT_EMPIRICAL,after_key,0.0088089434430003,maia3,-30,-101,71,ERROR,100000
LON-04,B2,1500,maia3-79m,6,g2g3,g3,0.0118206376209855,0.9890689314343036,0.448404635595114,503,28,469,r3kb1r/pp2pppp/1qn2n2/3p1b2/3P1B2/2P2N2/PP3PPP/RNQ1KB1R w KQkq -,MODEL_PREDICTION_NOT_EMPIRICAL,after_key,0.0118206376209855,maia3,-23,-68,45,ERROR,100000
LON-04,B2,1500,maia3-79m,7,b2b3,b3,0.0103525295853614,0.9890689314343036,0.448404635595114,505,27,468,r3kb1r/pp2pppp/1qn2n2/3p1b2/3P1B2/2P2N2/PP3PPP/RNQ1KB1R w KQkq -,MODEL_PREDICTION_NOT_EMPIRICAL,after_key,0.0103525295853614,maia3,-31,-83,52,ERROR,100000
LON-04,B2,1500,maia3-79m,10,b2b4,b4,0.0039066667668521,0.9890689314343036,0.448404635595114,515,24,461,r3kb1r/pp2pppp/1qn2n2/3p1b2/3P1B2/2P2N2/PP3PPP/RNQ1KB1R w KQkq -,MODEL_PREDICTION_NOT_EMPIRICAL,after_key,0.0039066667668521,maia3,-30,-76,46,ERROR,100000
LON-04,B2,1700,maia3-79m,6,g2g3,g3,0.0117970667779445,0.9896683357656002,0.4703368028344805,508,30,462,r3kb1r/pp2pppp/1qn2n2/3p1b2/3P1B2/2P2N2/PP3PPP/RNQ1KB1R w KQkq -,MODEL_PREDICTION_NOT_EMPIRICAL,after_key,0.0117970667779445,maia3,-32,-73,41,ERROR,100000
LON-04,B2,1700,maia3-79m,7,b2b3,b3,0.0114017035812139,0.9896683357656002,0.4703368028344805,510,29,461,r3kb1r/pp2pppp/1qn2n2/3p1b2/3P1B2/2P2N2/PP3PPP/RNQ1KB1R w KQkq -,MODEL_PREDICTION_NOT_EMPIRICAL,after_key,0.0114017035812139,maia3,-29,-79,50,ERROR,100000
LON-04,B2,1700,maia3-79m,9,b2b4,b4,0.0044242879375815,0.9896683357656002,0.4703368028344805,518,27,455,r3kb1r/pp2pppp/1qn2n2/3p1b2/3P1B2/2P2N2/PP3PPP/RNQ1KB1R w KQkq -,MODEL_PREDICTION_NOT_EMPIRICAL,after_key,0.0044242879375815,maia3,-32,-79,47,ERROR,100000
LON-04,B2,1900,maia3-79m,6,b2b3,b3,0.0116183338686823,0.9897327157668768,0.4932666454104177,513,34,453,r3kb1r/pp2pppp/1qn2n2/3p1b2/3P1B2/2P2N2/PP3PPP/RNQ1KB1R w KQkq -,MODEL_PREDICTION_NOT_EMPIRICAL,after_key,0.0116183338686823,maia3,-34,-82,48,ERROR,100000
LON-04,B2,1900,maia3-79m,7,g2g3,g3,0.0105955358594655,0.9897327157668768,0.4932666454104177,509,35,456,r3kb1r/pp2pppp/1qn2n2/3p1b2/3P1B2/2P2N2/PP3PPP/RNQ1KB1R w KQkq -,MODEL_PREDICTION_NOT_EMPIRICAL,after_key,0.0105955358594655,maia3,-33,-66,33,OK,100000
LON-04,B2,1900,maia3-79m,9,b2b4,b4,0.0044146692380309,0.9897327157668768,0.4932666454104177,517,31,452,r3kb1r/pp2pppp/1qn2n2/3p1b2/3P1B2/2P2N2/PP3PPP/RNQ1KB1R w KQkq -,MODEL_PREDICTION_NOT_EMPIRICAL,after_key,0.0044146692380309,maia3,-32,-75,43,ERROR,100000
LON-04,B2,2100,maia3-79m,6,b2b3,b3,0.0121682006865739,0.9894236333202572,0.5245369929792545,507,42,451,r3kb1r/pp2pppp/1qn2n2/3p1b2/3P1B2/2P2N2/PP3PPP/RNQ1KB1R w KQkq -,MODEL_PREDICTION_NOT_EMPIRICAL,after_key,0.0121682006865739,maia3,-35,-85,50,ERROR,100000
LON-04,B2,2100,maia3-79m,7,g2g3,g3,0.0087140025570988,0.9894236333202572,0.5245369929792545,505,42,453,r3kb1r/pp2pppp/1qn2n2/3p1b2/3P1B2/2P2N2/PP3PPP/RNQ1KB1R w KQkq -,MODEL_PREDICTION_NOT_EMPIRICAL,after_key,0.0087140025570988,maia3,-31,-66,35,OK,100000
LON-09,B2,1100,maia3-79m,6,g2g3,g3,0.0109514547511935,0.9878678212407976,0.4256131767466212,497,27,476,r3kb1r/pp2pppp/1qn2n2/2pp4/3P1Bb1/1PP1PN2/P4PPP/RN1QKB1R w KQkq -,MODEL_PREDICTION_NOT_EMPIRICAL,after_key,0.0109514547511935,maia3,-11,-234,223,SEVERE_ERROR,100000
LON-09,B2,1300,maia3-79m,6,g2g3,g3,0.0113351605832576,0.9883486481849104,0.4312486267262949,500,27,473,r3kb1r/pp2pppp/1qn2n2/2pp4/3P1Bb1/1PP1PN2/P4PPP/RN1QKB1R w KQkq -,MODEL_PREDICTION_NOT_EMPIRICAL,after_key,0.0113351605832576,maia3,-6,-266,260,SEVERE_ERROR,100000
LON-09,B2,1500,maia3-79m,6,g2g3,g3,0.0118206376209855,0.9890689314343036,0.448404635595114,503,28,469,r3kb1r/pp2pppp/1qn2n2/2pp4/3P1Bb1/1PP1PN2/P4PPP/RN1QKB1R w KQkq -,MODEL_PREDICTION_NOT_EMPIRICAL,after_key,0.0118206376209855,maia3,-4,-252,248,SEVERE_ERROR,100000
LON-09,B2,1700,maia3-79m,6,g2g3,g3,0.0117970667779445,0.9896683357656002,0.4703368028344805,508,30,462,r3kb1r/pp2pppp/1qn2n2/2pp4/3P1Bb1/1PP1PN2/P4PPP/RN1QKB1R w KQkq -,MODEL_PREDICTION_NOT_EMPIRICAL,after_key,0.0117970667779445,maia3,-2,-252,250,SEVERE_ERROR,100000
LON-09,B2,1900,maia3-79m,7,g2g3,g3,0.0105955358594655,0.9897327157668768,0.4932666454104177,509,35,456,r3kb1r/pp2pppp/1qn2n2/2pp4/3P1Bb1/1PP1PN2/P4PPP/RN1QKB1R w KQkq -,MODEL_PREDICTION_NOT_EMPIRICAL,after_key,0.0105955358594655,maia3,-1,-263,262,SEVERE_ERROR,100000
LON-09,B2,2100,maia3-79m,7,g2g3,g3,0.0087140025570988,0.9894236333202572,0.5245369929792545,505,42,453,r3kb1r/pp2pppp/1qn2n2/2pp4/3P1Bb1/1PP1PN2/P4PPP/RN1QKB1R w KQkq -,MODEL_PREDICTION_NOT_EMPIRICAL,after_key,0.0087140025570988,maia3,-1,-277,276,SEVERE_ERROR,100000
JOB-12,B2,1100,maia3-79m,1,e2e4,e4,0.6771548986434937,0.9878678212407976,0.4256131767466212,513,26,461,rnb1kb1r/pp2pppp/1q3n2/2pp4/3P1B2/8/PPP1PPPP/RN1QKBNR w KQkq -,MODEL_PREDICTION_NOT_EMPIRICAL,after_key,0.6771548986434937,maia3,-157,-204,47,ERROR,100000
JOB-12,B2,1100,maia3-79m,3,e2e3,e3,0.0208527259528636,0.9878678212407976,0.4256131767466212,500,27,473,rnb1kb1r/pp2pppp/1q3n2/2pp4/3P1B2/8/PPP1PPPP/RN1QKBNR w KQkq -,MODEL_PREDICTION_NOT_EMPIRICAL,after_key,0.0208527259528636,maia3,-167,-165,0,OK,100000
JOB-12,B2,1100,maia3-79m,4,g1f3,Nf3,0.0199762973934412,0.9878678212407976,0.4256131767466212,517,27,456,rnb1kb1r/pp2pppp/1q3n2/2pp4/3P1B2/8/PPP1PPPP/RN1QKBNR w KQkq -,MODEL_PREDICTION_NOT_EMPIRICAL,after_key,0.0199762973934412,maia3,-169,-181,12,OK,100000
JOB-12,B2,1100,maia3-79m,5,c2c4,c4,0.0151630882173776,0.9878678212407976,0.4256131767466212,513,25,462,rnb1kb1r/pp2pppp/1q3n2/2pp4/3P1B2/8/PPP1PPPP/RN1QKBNR w KQkq -,MODEL_PREDICTION_NOT_EMPIRICAL,after_key,0.0151630882173776,maia3,-152,-208,56,ERROR,100000
JOB-12,B2,1100,maia3-79m,6,g2g3,g3,0.0109514547511935,0.9878678212407976,0.4256131767466212,497,27,476,rnb1kb1r/pp2pppp/1q3n2/2pp4/3P1B2/8/PPP1PPPP/RN1QKBNR w KQkq -,MODEL_PREDICTION_NOT_EMPIRICAL,after_key,0.0109514547511935,maia3,-152,-215,63,ERROR,100000
JOB-12,B2,1100,maia3-79m,7,b2b3,b3,0.0074914833530783,0.9878678212407976,0.4256131767466212,494,27,479,rnb1kb1r/pp2pppp/1q3n2/2pp4/3P1B2/8/PPP1PPPP/RN1QKBNR w KQkq -,MODEL_PREDICTION_NOT_EMPIRICAL,after_key,0.0074914833530783,maia3,-161,-274,113,SEVERE_ERROR,100000
JOB-12,B2,1100,maia3-79m,9,b1c3,Nc3,0.0049415295943617,0.9878678212407976,0.4256131767466212,507,27,466,rnb1kb1r/pp2pppp/1q3n2/2pp4/3P1B2/8/PPP1PPPP/RN1QKBNR w KQkq -,MODEL_PREDICTION_NOT_EMPIRICAL,after_key,0.0049415295943617,maia3,-170,-366,196,SEVERE_ERROR,100000
JOB-12,B2,1300,maia3-79m,1,e2e4,e4,0.6652060747146606,0.9883486481849104,0.4312486267262949,508,25,467,rnb1kb1r/pp2pppp/1q3n2/2pp4/3P1B2/8/PPP1PPPP/RN1QKBNR w KQkq -,MODEL_PREDICTION_NOT_EMPIRICAL,after_key,0.6652060747146606,maia3,-173,-229,56,ERROR,100000
JOB-12,B2,1300,maia3-79m,3,g1f3,Nf3,0.0193633176386356,0.9883486481849104,0.4312486267262949,521,27,452,rnb1kb1r/pp2pppp/1q3n2/2pp4/3P1B2/8/PPP1PPPP/RN1QKBNR w KQkq -,MODEL_PREDICTION_NOT_EMPIRICAL,after_key,0.0193633176386356,maia3,-168,-191,23,OK,100000
JOB-12,B2,1300,maia3-79m,4,c2c4,c4,0.0186279136687517,0.9883486481849104,0.4312486267262949,513,25,462,rnb1kb1r/pp2pppp/1q3n2/2pp4/3P1B2/8/PPP1PPPP/RN1QKBNR w KQkq -,MODEL_PREDICTION_NOT_EMPIRICAL,after_key,0.0186279136687517,maia3,-172,-217,45,ERROR,100000
JOB-12,B2,1300,maia3-79m,5,e2e3,e3,0.0176263321191072,0.9883486481849104,0.4312486267262949,499,26,475,rnb1kb1r/pp2pppp/1q3n2/2pp4/3P1B2/8/PPP1PPPP/RN1QKBNR w KQkq -,MODEL_PREDICTION_NOT_EMPIRICAL,after_key,0.0176263321191072,maia3,-168,-174,6,OK,100000
JOB-12,B2,1300,maia3-79m,6,g2g3,g3,0.0113351605832576,0.9883486481849104,0.4312486267262949,500,27,473,rnb1kb1r/pp2pppp/1q3n2/2pp4/3P1B2/8/PPP1PPPP/RN1QKBNR w KQkq -,MODEL_PREDICTION_NOT_EMPIRICAL,after_key,0.0113351605832576,maia3,-173,-208,35,OK,100000
JOB-12,B2,1300,maia3-79m,7,b2b3,b3,0.0088089434430003,0.9883486481849104,0.4312486267262949,503,26,471,rnb1kb1r/pp2pppp/1q3n2/2pp4/3P1B2/8/PPP1PPPP/RN1QKBNR w KQkq -,MODEL_PREDICTION_NOT_EMPIRICAL,after_key,0.0088089434430003,maia3,-164,-289,125,SEVERE_ERROR,100000
JOB-12,B2,1300,maia3-79m,10,b1c3,Nc3,0.0035150202456861,0.9883486481849104,0.4312486267262949,513,26,461,rnb1kb1r/pp2pppp/1q3n2/2pp4/3P1B2/8/PPP1PPPP/RN1QKBNR w KQkq -,MODEL_PREDICTION_NOT_EMPIRICAL,after_key,0.0035150202456861,maia3,-173,-376,203,SEVERE_ERROR,100000
JOB-12,B2,1500,maia3-79m,1,e2e4,e4,0.6482347846031189,0.9890689314343036,0.448404635595114,505,27,468,rnb1kb1r/pp2pppp/1q3n2/2pp4/3P1B2/8/PPP1PPPP/RN1QKBNR w KQkq -,MODEL_PREDICTION_NOT_EMPIRICAL,after_key,0.6482347846031189,maia3,-171,-218,47,ERROR,100000
JOB-12,B2,1500,maia3-79m,3,c2c4,c4,0.0230318326503038,0.9890689314343036,0.448404635595114,511,27,462,rnb1kb1r/pp2pppp/1q3n2/2pp4/3P1B2/8/PPP1PPPP/RN1QKBNR w KQkq -,MODEL_PREDICTION_NOT_EMPIRICAL,after_key,0.0230318326503038,maia3,-170,-219,49,ERROR,100000
JOB-12,B2,1500,maia3-79m,4,g1f3,Nf3,0.0206830464303493,0.9890689314343036,0.448404635595114,525,27,448,rnb1kb1r/pp2pppp/1q3n2/2pp4/3P1B2/8/PPP1PPPP/RN1QKBNR w KQkq -,MODEL_PREDICTION_NOT_EMPIRICAL,after_key,0.0206830464303493,maia3,-164,-198,34,OK,100000
JOB-12,B2,1500,maia3-79m,5,e2e3,e3,0.0152594503015279,0.9890689314343036,0.448404635595114,497,27,476,rnb1kb1r/pp2pppp/1q3n2/2pp4/3P1B2/8/PPP1PPPP/RN1QKBNR w KQkq -,MODEL_PREDICTION_NOT_EMPIRICAL,after_key,0.0152594503015279,maia3,-172,-172,0,OK,100000
JOB-12,B2,1500,maia3-79m,6,g2g3,g3,0.0118206376209855,0.9890689314343036,0.448404635595114,503,28,469,rnb1kb1r/pp2pppp/1q3n2/2pp4/3P1B2/8/PPP1PPPP/RN1QKBNR w KQkq -,MODEL_PREDICTION_NOT_EMPIRICAL,after_key,0.0118206376209855,maia3,-178,-216,38,OK,100000
JOB-12,B2,1500,maia3-79m,7,b2b3,b3,0.0103525295853614,0.9890689314343036,0.448404635595114,505,27,468,rnb1kb1r/pp2pppp/1q3n2/2pp4/3P1B2/8/PPP1PPPP/RN1QKBNR w KQkq -,MODEL_PREDICTION_NOT_EMPIRICAL,after_key,0.0103525295853614,maia3,-171,-281,110,SEVERE_ERROR,100000
JOB-12,B2,1500,maia3-79m,10,b2b4,b4,0.0039066667668521,0.9890689314343036,0.448404635595114,515,24,461,rnb1kb1r/pp2pppp/1q3n2/2pp4/3P1B2/8/PPP1PPPP/RN1QKBNR w KQkq -,MODEL_PREDICTION_NOT_EMPIRICAL,after_key,0.0039066667668521,maia3,-183,-257,74,ERROR,100000
JOB-12,B2,1700,maia3-79m,1,e2e4,e4,0.625694990158081,0.9896683357656002,0.4703368028344805,504,29,467,rnb1kb1r/pp2pppp/1q3n2/2pp4/3P1B2/8/PPP1PPPP/RN1QKBNR w KQkq -,MODEL_PREDICTION_NOT_EMPIRICAL,after_key,0.625694990158081,maia3,-179,-222,43,ERROR,100000
JOB-12,B2,1700,maia3-79m,3,c2c4,c4,0.029208268970251,0.9896683357656002,0.4703368028344805,513,30,457,rnb1kb1r/pp2pppp/1q3n2/2pp4/3P1B2/8/PPP1PPPP/RN1QKBNR w KQkq -,MODEL_PREDICTION_NOT_EMPIRICAL,after_key,0.029208268970251,maia3,-177,-218,41,ERROR,100000
JOB-12,B2,1700,maia3-79m,4,g1f3,Nf3,0.0238940399140119,0.9896683357656002,0.4703368028344805,530,30,440,rnb1kb1r/pp2pppp/1q3n2/2pp4/3P1B2/8/PPP1PPPP/RN1QKBNR w KQkq -,MODEL_PREDICTION_NOT_EMPIRICAL,after_key,0.0238940399140119,maia3,-187,-189,2,OK,100000
JOB-12,B2,1700,maia3-79m,5,e2e3,e3,0.0127331614494323,0.9896683357656002,0.4703368028344805,501,29,470,rnb1kb1r/pp2pppp/1q3n2/2pp4/3P1B2/8/PPP1PPPP/RN1QKBNR w KQkq -,MODEL_PREDICTION_NOT_EMPIRICAL,after_key,0.0127331614494323,maia3,-177,-190,13,OK,100000
JOB-12,B2,1700,maia3-79m,6,g2g3,g3,0.0117970667779445,0.9896683357656002,0.4703368028344805,508,30,462,rnb1kb1r/pp2pppp/1q3n2/2pp4/3P1B2/8/PPP1PPPP/RN1QKBNR w KQkq -,MODEL_PREDICTION_NOT_EMPIRICAL,after_key,0.0117970667779445,maia3,-184,-221,37,OK,100000
JOB-12,B2,1700,maia3-79m,7,b2b3,b3,0.0114017035812139,0.9896683357656002,0.4703368028344805,510,29,461,rnb1kb1r/pp2pppp/1q3n2/2pp4/3P1B2/8/PPP1PPPP/RN1QKBNR w KQkq -,MODEL_PREDICTION_NOT_EMPIRICAL,after_key,0.0114017035812139,maia3,-162,-287,125,SEVERE_ERROR,100000
JOB-12,B2,1700,maia3-79m,9,b2b4,b4,0.0044242879375815,0.9896683357656002,0.4703368028344805,518,27,455,rnb1kb1r/pp2pppp/1q3n2/2pp4/3P1B2/8/PPP1PPPP/RN1QKBNR w KQkq -,MODEL_PREDICTION_NOT_EMPIRICAL,after_key,0.0044242879375815,maia3,-175,-266,91,ERROR,100000
JOB-12,B2,1900,maia3-79m,1,e2e4,e4,0.5982585549354553,0.9897327157668768,0.4932666454104177,503,33,464,rnb1kb1r/pp2pppp/1q3n2/2pp4/3P1B2/8/PPP1PPPP/RN1QKBNR w KQkq -,MODEL_PREDICTION_NOT_EMPIRICAL,after_key,0.5982585549354553,maia3,-168,-209,41,ERROR,100000
JOB-12,B2,1900,maia3-79m,3,c2c4,c4,0.0372077524662017,0.9897327157668768,0.4932666454104177,512,35,453,rnb1kb1r/pp2pppp/1q3n2/2pp4/3P1B2/8/PPP1PPPP/RN1QKBNR w KQkq -,MODEL_PREDICTION_NOT_EMPIRICAL,after_key,0.0372077524662017,maia3,-171,-211,40,ERROR,100000
JOB-12,B2,1900,maia3-79m,4,g1f3,Nf3,0.0307666920125484,0.9897327157668768,0.4932666454104177,527,36,437,rnb1kb1r/pp2pppp/1q3n2/2pp4/3P1B2/8/PPP1PPPP/RN1QKBNR w KQkq -,MODEL_PREDICTION_NOT_EMPIRICAL,after_key,0.0307666920125484,maia3,-188,-193,5,OK,100000
JOB-12,B2,1900,maia3-79m,6,b2b3,b3,0.0116183338686823,0.9897327157668768,0.4932666454104177,513,34,453,rnb1kb1r/pp2pppp/1q3n2/2pp4/3P1B2/8/PPP1PPPP/RN1QKBNR w KQkq -,MODEL_PREDICTION_NOT_EMPIRICAL,after_key,0.0116183338686823,maia3,-188,-281,93,ERROR,100000
JOB-12,B2,1900,maia3-79m,7,g2g3,g3,0.0105955358594655,0.9897327157668768,0.4932666454104177,509,35,456,rnb1kb1r/pp2pppp/1q3n2/2pp4/3P1B2/8/PPP1PPPP/RN1QKBNR w KQkq -,MODEL_PREDICTION_NOT_EMPIRICAL,after_key,0.0105955358594655,maia3,-179,-216,37,OK,100000
JOB-12,B2,1900,maia3-79m,8,e2e3,e3,0.0098551996052265,0.9897327157668768,0.4932666454104177,501,34,465,rnb1kb1r/pp2pppp/1q3n2/2pp4/3P1B2/8/PPP1PPPP/RN1QKBNR w KQkq -,MODEL_PREDICTION_NOT_EMPIRICAL,after_key,0.0098551996052265,maia3,-163,-179,16,OK,100000
JOB-12,B2,1900,maia3-79m,9,b2b4,b4,0.0044146692380309,0.9897327157668768,0.4932666454104177,517,31,452,rnb1kb1r/pp2pppp/1q3n2/2pp4/3P1B2/8/PPP1PPPP/RN1QKBNR w KQkq -,MODEL_PREDICTION_NOT_EMPIRICAL,after_key,0.0044146692380309,maia3,-180,-273,93,ERROR,100000
JOB-12,B2,2100,maia3-79m,1,e2e4,e4,0.5516610741615295,0.9894236333202572,0.5245369929792545,498,41,461,rnb1kb1r/pp2pppp/1q3n2/2pp4/3P1B2/8/PPP1PPPP/RN1QKBNR w KQkq -,MODEL_PREDICTION_NOT_EMPIRICAL,after_key,0.5516610741615295,maia3,-185,-218,33,OK,100000
JOB-12,B2,2100,maia3-79m,3,g1f3,Nf3,0.0481594055891037,0.9894236333202572,0.5245369929792545,516,45,439,rnb1kb1r/pp2pppp/1q3n2/2pp4/3P1B2/8/PPP1PPPP/RN1QKBNR w KQkq -,MODEL_PREDICTION_NOT_EMPIRICAL,after_key,0.0481594055891037,maia3,-177,-191,14,OK,100000
JOB-12,B2,2100,maia3-79m,4,c2c4,c4,0.0476539246737957,0.9894236333202572,0.5245369929792545,507,43,450,rnb1kb1r/pp2pppp/1q3n2/2pp4/3P1B2/8/PPP1PPPP/RN1QKBNR w KQkq -,MODEL_PREDICTION_NOT_EMPIRICAL,after_key,0.0476539246737957,maia3,-187,-206,19,OK,100000
JOB-12,B2,2100,maia3-79m,6,b2b3,b3,0.0121682006865739,0.9894236333202572,0.5245369929792545,507,42,451,rnb1kb1r/pp2pppp/1q3n2/2pp4/3P1B2/8/PPP1PPPP/RN1QKBNR w KQkq -,MODEL_PREDICTION_NOT_EMPIRICAL,after_key,0.0121682006865739,maia3,-188,-283,95,ERROR,100000
JOB-12,B2,2100,maia3-79m,7,g2g3,g3,0.0087140025570988,0.9894236333202572,0.5245369929792545,505,42,453,rnb1kb1r/pp2pppp/1q3n2/2pp4/3P1B2/8/PPP1PPPP/RN1QKBNR w KQkq -,MODEL_PREDICTION_NOT_EMPIRICAL,after_key,0.0087140025570988,maia3,-188,-231,43,ERROR,100000
JOB-12,B2,2100,maia3-79m,8,e2e3,e3,0.0068940538913011,0.9894236333202572,0.5245369929792545,497,43,460,rnb1kb1r/pp2pppp/1q3n2/2pp4/3P1B2/8/PPP1PPPP/RN1QKBNR w KQkq -,MODEL_PREDICTION_NOT_EMPIRICAL,after_key,0.0068940538913011,maia3,-178,-178,0,OK,100000
JOB-12,B2,2100,maia3-79m,9,b1c3,Nc3,0.004463599063456,0.9894236333202572,0.5245369929792545,521,42,437,rnb1kb1r/pp2pppp/1q3n2/2pp4/3P1B2/8/PPP1PPPP/RN1QKBNR w KQkq -,MODEL_PREDICTION_NOT_EMPIRICAL,after_key,0.004463599063456,maia3,-180,-372,192,SEVERE_ERROR,100000
TOR-10,B2,1100,maia3-79m,5,c2c4,c4,0.0151630882173776,0.9878678212407976,0.4256131767466212,513,25,462,rnb1kb1r/pp2pppp/1q6/2pp4/3PnB2/4PN2/PPP2PPP/RN1QKB1R w KQkq -,MODEL_PREDICTION_NOT_EMPIRICAL,after_key,0.0151630882173776,maia3,-29,-143,114,SEVERE_ERROR,100000
TOR-10,B2,1100,maia3-79m,6,g2g3,g3,0.0109514547511935,0.9878678212407976,0.4256131767466212,497,27,476,rnb1kb1r/pp2pppp/1q6/2pp4/3PnB2/4PN2/PPP2PPP/RN1QKB1R w KQkq -,MODEL_PREDICTION_NOT_EMPIRICAL,after_key,0.0109514547511935,maia3,-18,-283,265,SEVERE_ERROR,100000
TOR-10,B2,1100,maia3-79m,7,b2b3,b3,0.0074914833530783,0.9878678212407976,0.4256131767466212,494,27,479,rnb1kb1r/pp2pppp/1q6/2pp4/3PnB2/4PN2/PPP2PPP/RN1QKB1R w KQkq -,MODEL_PREDICTION_NOT_EMPIRICAL,after_key,0.0074914833530783,maia3,-26,-53,27,OK,100000
TOR-10,B2,1100,maia3-79m,9,b1c3,Nc3,0.0049415295943617,0.9878678212407976,0.4256131767466212,507,27,466,rnb1kb1r/pp2pppp/1q6/2pp4/3PnB2/4PN2/PPP2PPP/RN1QKB1R w KQkq -,MODEL_PREDICTION_NOT_EMPIRICAL,after_key,0.0049415295943617,maia3,-24,-24,0,OK,100000
TOR-10,B2,1300,maia3-79m,4,c2c4,c4,0.0186279136687517,0.9883486481849104,0.4312486267262949,513,25,462,rnb1kb1r/pp2pppp/1q6/2pp4/3PnB2/4PN2/PPP2PPP/RN1QKB1R w KQkq -,MODEL_PREDICTION_NOT_EMPIRICAL,after_key,0.0186279136687517,maia3,-23,-148,125,SEVERE_ERROR,100000
TOR-10,B2,1300,maia3-79m,6,g2g3,g3,0.0113351605832576,0.9883486481849104,0.4312486267262949,500,27,473,rnb1kb1r/pp2pppp/1q6/2pp4/3PnB2/4PN2/PPP2PPP/RN1QKB1R w KQkq -,MODEL_PREDICTION_NOT_EMPIRICAL,after_key,0.0113351605832576,maia3,-19,-272,253,SEVERE_ERROR,100000
TOR-10,B2,1300,maia3-79m,7,b2b3,b3,0.0088089434430003,0.9883486481849104,0.4312486267262949,503,26,471,rnb1kb1r/pp2pppp/1q6/2pp4/3PnB2/4PN2/PPP2PPP/RN1QKB1R w KQkq -,MODEL_PREDICTION_NOT_EMPIRICAL,after_key,0.0088089434430003,maia3,-24,-63,39,OK,100000
TOR-10,B2,1300,maia3-79m,10,b1c3,Nc3,0.0035150202456861,0.9883486481849104,0.4312486267262949,513,26,461,rnb1kb1r/pp2pppp/1q6/2pp4/3PnB2/4PN2/PPP2PPP/RN1QKB1R w KQkq -,MODEL_PREDICTION_NOT_EMPIRICAL,after_key,0.0035150202456861,maia3,-17,-20,3,OK,100000
TOR-10,B2,1500,maia3-79m,3,c2c4,c4,0.0230318326503038,0.9890689314343036,0.448404635595114,511,27,462,rnb1kb1r/pp2pppp/1q6/2pp4/3PnB2/4PN2/PPP2PPP/RN1QKB1R w KQkq -,MODEL_PREDICTION_NOT_EMPIRICAL,after_key,0.0230318326503038,maia3,-18,-147,129,SEVERE_ERROR,100000
TOR-10,B2,1500,maia3-79m,6,g2g3,g3,0.0118206376209855,0.9890689314343036,0.448404635595114,503,28,469,rnb1kb1r/pp2pppp/1q6/2pp4/3PnB2/4PN2/PPP2PPP/RN1QKB1R w KQkq -,MODEL_PREDICTION_NOT_EMPIRICAL,after_key,0.0118206376209855,maia3,-20,-270,250,SEVERE_ERROR,100000
TOR-10,B2,1500,maia3-79m,7,b2b3,b3,0.0103525295853614,0.9890689314343036,0.448404635595114,505,27,468,rnb1kb1r/pp2pppp/1q6/2pp4/3PnB2/4PN2/PPP2PPP/RN1QKB1R w KQkq -,MODEL_PREDICTION_NOT_EMPIRICAL,after_key,0.0103525295853614,maia3,-21,-61,40,ERROR,100000
TOR-10,B2,1500,maia3-79m,10,b2b4,b4,0.0039066667668521,0.9890689314343036,0.448404635595114,515,24,461,rnb1kb1r/pp2pppp/1q6/2pp4/3PnB2/4PN2/PPP2PPP/RN1QKB1R w KQkq -,MODEL_PREDICTION_NOT_EMPIRICAL,after_key,0.0039066667668521,maia3,-22,-183,161,SEVERE_ERROR,100000
TOR-10,B2,1700,maia3-79m,3,c2c4,c4,0.029208268970251,0.9896683357656002,0.4703368028344805,513,30,457,rnb1kb1r/pp2pppp/1q6/2pp4/3PnB2/4PN2/PPP2PPP/RN1QKB1R w KQkq -,MODEL_PREDICTION_NOT_EMPIRICAL,after_key,0.029208268970251,maia3,-21,-145,124,SEVERE_ERROR,100000
TOR-10,B2,1700,maia3-79m,6,g2g3,g3,0.0117970667779445,0.9896683357656002,0.4703368028344805,508,30,462,rnb1kb1r/pp2pppp/1q6/2pp4/3PnB2/4PN2/PPP2PPP/RN1QKB1R w KQkq -,MODEL_PREDICTION_NOT_EMPIRICAL,after_key,0.0117970667779445,maia3,-23,-267,244,SEVERE_ERROR,100000
TOR-10,B2,1700,maia3-79m,7,b2b3,b3,0.0114017035812139,0.9896683357656002,0.4703368028344805,510,29,461,rnb1kb1r/pp2pppp/1q6/2pp4/3PnB2/4PN2/PPP2PPP/RN1QKB1R w KQkq -,MODEL_PREDICTION_NOT_EMPIRICAL,after_key,0.0114017035812139,maia3,-26,-62,36,OK,100000
TOR-10,B2,1700,maia3-79m,9,b2b4,b4,0.0044242879375815,0.9896683357656002,0.4703368028344805,518,27,455,rnb1kb1r/pp2pppp/1q6/2pp4/3PnB2/4PN2/PPP2PPP/RN1QKB1R w KQkq -,MODEL_PREDICTION_NOT_EMPIRICAL,after_key,0.0044242879375815,maia3,-24,-184,160,SEVERE_ERROR,100000
TOR-10,B2,1900,maia3-79m,3,c2c4,c4,0.0372077524662017,0.9897327157668768,0.4932666454104177,512,35,453,rnb1kb1r/pp2pppp/1q6/2pp4/3PnB2/4PN2/PPP2PPP/RN1QKB1R w KQkq -,MODEL_PREDICTION_NOT_EMPIRICAL,after_key,0.0372077524662017,maia3,-16,-170,154,SEVERE_ERROR,100000
TOR-10,B2,1900,maia3-79m,6,b2b3,b3,0.0116183338686823,0.9897327157668768,0.4932666454104177,513,34,453,rnb1kb1r/pp2pppp/1q6/2pp4/3PnB2/4PN2/PPP2PPP/RN1QKB1R w KQkq -,MODEL_PREDICTION_NOT_EMPIRICAL,after_key,0.0116183338686823,maia3,-15,-63,48,ERROR,100000
TOR-10,B2,1900,maia3-79m,7,g2g3,g3,0.0105955358594655,0.9897327157668768,0.4932666454104177,509,35,456,rnb1kb1r/pp2pppp/1q6/2pp4/3PnB2/4PN2/PPP2PPP/RN1QKB1R w KQkq -,MODEL_PREDICTION_NOT_EMPIRICAL,after_key,0.0105955358594655,maia3,-20,-279,259,SEVERE_ERROR,100000
TOR-10,B2,1900,maia3-79m,9,b2b4,b4,0.0044146692380309,0.9897327157668768,0.4932666454104177,517,31,452,rnb1kb1r/pp2pppp/1q6/2pp4/3PnB2/4PN2/PPP2PPP/RN1QKB1R w KQkq -,MODEL_PREDICTION_NOT_EMPIRICAL,after_key,0.0044146692380309,maia3,-25,-178,153,SEVERE_ERROR,100000
TOR-10,B2,2100,maia3-79m,4,c2c4,c4,0.0476539246737957,0.9894236333202572,0.5245369929792545,507,43,450,rnb1kb1r/pp2pppp/1q6/2pp4/3PnB2/4PN2/PPP2PPP/RN1QKB1R w KQkq -,MODEL_PREDICTION_NOT_EMPIRICAL,after_key,0.0476539246737957,maia3,-16,-164,148,SEVERE_ERROR,100000
TOR-10,B2,2100,maia3-79m,6,b2b3,b3,0.0121682006865739,0.9894236333202572,0.5245369929792545,507,42,451,rnb1kb1r/pp2pppp/1q6/2pp4/3PnB2/4PN2/PPP2PPP/RN1QKB1R w KQkq -,MODEL_PREDICTION_NOT_EMPIRICAL,after_key,0.0121682006865739,maia3,-20,-62,42,ERROR,100000
TOR-10,B2,2100,maia3-79m,7,g2g3,g3,0.0087140025570988,0.9894236333202572,0.5245369929792545,505,42,453,rnb1kb1r/pp2pppp/1q6/2pp4/3PnB2/4PN2/PPP2PPP/RN1QKB1R w KQkq -,MODEL_PREDICTION_NOT_EMPIRICAL,after_key,0.0087140025570988,maia3,-19,-269,250,SEVERE_ERROR,100000
TOR-10,B2,2100,maia3-79m,9,b1c3,Nc3,0.004463599063456,0.9894236333202572,0.5245369929792545,521,42,437,rnb1kb1r/pp2pppp/1q6/2pp4/3PnB2/4PN2/PPP2PPP/RN1QKB1R w KQkq -,MODEL_PREDICTION_NOT_EMPIRICAL,after_key,0.004463599063456,maia3,-16,-13,0,OK,100000
LON-01,B3,1100,maia3-79m,6,g2g3,g3,0.0109514547511935,0.9878678212407976,0.4256131767466212,497,27,476,r1b1kb1r/1p2pppp/1pn2n2/3p4/2pP1B2/2P1PN2/PP3PPP/RN2KB1R w KQkq -,MODEL_PREDICTION_NOT_EMPIRICAL,after_key,0.0109514547511935,maia3,-55,-66,11,OK,100000
LON-01,B3,1100,maia3-79m,7,b2b3,b3,0.0074914833530783,0.9878678212407976,0.4256131767466212,494,27,479,r1b1kb1r/1p2pppp/1pn2n2/3p4/2pP1B2/2P1PN2/PP3PPP/RN2KB1R w KQkq -,MODEL_PREDICTION_NOT_EMPIRICAL,after_key,0.0074914833530783,maia3,-52,-126,74,ERROR,100000
LON-01,B3,1300,maia3-79m,6,g2g3,g3,0.0113351605832576,0.9883486481849104,0.4312486267262949,500,27,473,r1b1kb1r/1p2pppp/1pn2n2/3p4/2pP1B2/2P1PN2/PP3PPP/RN2KB1R w KQkq -,MODEL_PREDICTION_NOT_EMPIRICAL,after_key,0.0113351605832576,maia3,-44,-72,28,OK,100000
LON-01,B3,1300,maia3-79m,7,b2b3,b3,0.0088089434430003,0.9883486481849104,0.4312486267262949,503,26,471,r1b1kb1r/1p2pppp/1pn2n2/3p4/2pP1B2/2P1PN2/PP3PPP/RN2KB1R w KQkq -,MODEL_PREDICTION_NOT_EMPIRICAL,after_key,0.0088089434430003,maia3,-48,-127,79,ERROR,100000
LON-01,B3,1500,maia3-79m,6,g2g3,g3,0.0118206376209855,0.9890689314343036,0.448404635595114,503,28,469,r1b1kb1r/1p2pppp/1pn2n2/3p4/2pP1B2/2P1PN2/PP3PPP/RN2KB1R w KQkq -,MODEL_PREDICTION_NOT_EMPIRICAL,after_key,0.0118206376209855,maia3,-45,-66,21,OK,100000
LON-01,B3,1500,maia3-79m,7,b2b3,b3,0.0103525295853614,0.9890689314343036,0.448404635595114,505,27,468,r1b1kb1r/1p2pppp/1pn2n2/3p4/2pP1B2/2P1PN2/PP3PPP/RN2KB1R w KQkq -,MODEL_PREDICTION_NOT_EMPIRICAL,after_key,0.0103525295853614,maia3,-41,-130,89,ERROR,100000
LON-01,B3,1500,maia3-79m,10,b2b4,b4,0.0039066667668521,0.9890689314343036,0.448404635595114,515,24,461,r1b1kb1r/1p2pppp/1pn2n2/3p4/2pP1B2/2P1PN2/PP3PPP/RN2KB1R w KQkq -,MODEL_PREDICTION_NOT_EMPIRICAL,after_key,0.0039066667668521,maia3,-56,-141,85,ERROR,100000
LON-01,B3,1700,maia3-79m,6,g2g3,g3,0.0117970667779445,0.9896683357656002,0.4703368028344805,508,30,462,r1b1kb1r/1p2pppp/1pn2n2/3p4/2pP1B2/2P1PN2/PP3PPP/RN2KB1R w KQkq -,MODEL_PREDICTION_NOT_EMPIRICAL,after_key,0.0117970667779445,maia3,-47,-68,21,OK,100000
LON-01,B3,1700,maia3-79m,7,b2b3,b3,0.0114017035812139,0.9896683357656002,0.4703368028344805,510,29,461,r1b1kb1r/1p2pppp/1pn2n2/3p4/2pP1B2/2P1PN2/PP3PPP/RN2KB1R w KQkq -,MODEL_PREDICTION_NOT_EMPIRICAL,after_key,0.0114017035812139,maia3,-51,-124,73,ERROR,100000
LON-01,B3,1700,maia3-79m,9,b2b4,b4,0.0044242879375815,0.9896683357656002,0.4703368028344805,518,27,455,r1b1kb1r/1p2pppp/1pn2n2/3p4/2pP1B2/2P1PN2/PP3PPP/RN2KB1R w KQkq -,MODEL_PREDICTION_NOT_EMPIRICAL,after_key,0.0044242879375815,maia3,-45,-133,88,ERROR,100000
LON-01,B3,1900,maia3-79m,6,b2b3,b3,0.0116183338686823,0.9897327157668768,0.4932666454104177,513,34,453,r1b1kb1r/1p2pppp/1pn2n2/3p4/2pP1B2/2P1PN2/PP3PPP/RN2KB1R w KQkq -,MODEL_PREDICTION_NOT_EMPIRICAL,after_key,0.0116183338686823,maia3,-45,-131,86,ERROR,100000
LON-01,B3,1900,maia3-79m,7,g2g3,g3,0.0105955358594655,0.9897327157668768,0.4932666454104177,509,35,456,r1b1kb1r/1p2pppp/1pn2n2/3p4/2pP1B2/2P1PN2/PP3PPP/RN2KB1R w KQkq -,MODEL_PREDICTION_NOT_EMPIRICAL,after_key,0.0105955358594655,maia3,-45,-68,23,OK,100000
LON-01,B3,1900,maia3-79m,9,b2b4,b4,0.0044146692380309,0.9897327157668768,0.4932666454104177,517,31,452,r1b1kb1r/1p2pppp/1pn2n2/3p4/2pP1B2/2P1PN2/PP3PPP/RN2KB1R w KQkq -,MODEL_PREDICTION_NOT_EMPIRICAL,after_key,0.0044146692380309,maia3,-41,-137,96,ERROR,100000
LON-01,B3,2100,maia3-79m,6,b2b3,b3,0.0121682006865739,0.9894236333202572,0.5245369929792545,507,42,451,r1b1kb1r/1p2pppp/1pn2n2/3p4/2pP1B2/2P1PN2/PP3PPP/RN2KB1R w KQkq -,MODEL_PREDICTION_NOT_EMPIRICAL,after_key,0.0121682006865739,maia3,-45,-141,96,ERROR,100000
LON-01,B3,2100,maia3-79m,7,g2g3,g3,0.0087140025570988,0.9894236333202572,0.5245369929792545,505,42,453,r1b1kb1r/1p2pppp/1pn2n2/3p4/2pP1B2/2P1PN2/PP3PPP/RN2KB1R w KQkq -,MODEL_PREDICTION_NOT_EMPIRICAL,after_key,0.0087140025570988,maia3,-40,-65,25,OK,100000
LON-03,B3,1100,maia3-79m,6,g2g3,g3,0.0109514547511935,0.9878678212407976,0.4256131767466212,497,27,476,r1b1kb1r/1p2pppp/2n2n2/1p1p4/2pP1B2/2P1PN2/PP1N1PPP/R3KB1R w KQkq -,MODEL_PREDICTION_NOT_EMPIRICAL,after_key,0.0109514547511935,maia3,-54,-74,20,OK,100000
LON-03,B3,1100,maia3-79m,7,b2b3,b3,0.0074914833530783,0.9878678212407976,0.4256131767466212,494,27,479,r1b1kb1r/1p2pppp/2n2n2/1p1p4/2pP1B2/2P1PN2/PP1N1PPP/R3KB1R w KQkq -,MODEL_PREDICTION_NOT_EMPIRICAL,after_key,0.0074914833530783,maia3,-58,-197,139,SEVERE_ERROR,100000
LON-03,B3,1300,maia3-79m,6,g2g3,g3,0.0113351605832576,0.9883486481849104,0.4312486267262949,500,27,473,r1b1kb1r/1p2pppp/2n2n2/1p1p4/2pP1B2/2P1PN2/PP1N1PPP/R3KB1R w KQkq -,MODEL_PREDICTION_NOT_EMPIRICAL,after_key,0.0113351605832576,maia3,-56,-78,22,OK,100000
LON-03,B3,1300,maia3-79m,7,b2b3,b3,0.0088089434430003,0.9883486481849104,0.4312486267262949,503,26,471,r1b1kb1r/1p2pppp/2n2n2/1p1p4/2pP1B2/2P1PN2/PP1N1PPP/R3KB1R w KQkq -,MODEL_PREDICTION_NOT_EMPIRICAL,after_key,0.0088089434430003,maia3,-60,-184,124,SEVERE_ERROR,100000
LON-03,B3,1500,maia3-79m,6,g2g3,g3,0.0118206376209855,0.9890689314343036,0.448404635595114,503,28,469,r1b1kb1r/1p2pppp/2n2n2/1p1p4/2pP1B2/2P1PN2/PP1N1PPP/R3KB1R w KQkq -,MODEL_PREDICTION_NOT_EMPIRICAL,after_key,0.0118206376209855,maia3,-51,-84,33,OK,100000
LON-03,B3,1500,maia3-79m,7,b2b3,b3,0.0103525295853614,0.9890689314343036,0.448404635595114,505,27,468,r1b1kb1r/1p2pppp/2n2n2/1p1p4/2pP1B2/2P1PN2/PP1N1PPP/R3KB1R w KQkq -,MODEL_PREDICTION_NOT_EMPIRICAL,after_key,0.0103525295853614,maia3,-52,-167,115,SEVERE_ERROR,100000
LON-03,B3,1500,maia3-79m,10,b2b4,b4,0.0039066667668521,0.9890689314343036,0.448404635595114,515,24,461,r1b1kb1r/1p2pppp/2n2n2/1p1p4/2pP1B2/2P1PN2/PP1N1PPP/R3KB1R w KQkq -,MODEL_PREDICTION_NOT_EMPIRICAL,after_key,0.0039066667668521,maia3,-45,-134,89,ERROR,100000
LON-03,B3,1700,maia3-79m,6,g2g3,g3,0.0117970667779445,0.9896683357656002,0.4703368028344805,508,30,462,r1b1kb1r/1p2pppp/2n2n2/1p1p4/2pP1B2/2P1PN2/PP1N1PPP/R3KB1R w KQkq -,MODEL_PREDICTION_NOT_EMPIRICAL,after_key,0.0117970667779445,maia3,-45,-88,43,ERROR,100000
LON-03,B3,1700,maia3-79m,7,b2b3,b3,0.0114017035812139,0.9896683357656002,0.4703368028344805,510,29,461,r1b1kb1r/1p2pppp/2n2n2/1p1p4/2pP1B2/2P1PN2/PP1N1PPP/R3KB1R w KQkq -,MODEL_PREDICTION_NOT_EMPIRICAL,after_key,0.0114017035812139,maia3,-51,-163,112,SEVERE_ERROR,100000
LON-03,B3,1700,maia3-79m,9,b2b4,b4,0.0044242879375815,0.9896683357656002,0.4703368028344805,518,27,455,r1b1kb1r/1p2pppp/2n2n2/1p1p4/2pP1B2/2P1PN2/PP1N1PPP/R3KB1R w KQkq -,MODEL_PREDICTION_NOT_EMPIRICAL,after_key,0.0044242879375815,maia3,-57,-140,83,ERROR,100000
LON-03,B3,1900,maia3-79m,6,b2b3,b3,0.0116183338686823,0.9897327157668768,0.4932666454104177,513,34,453,r1b1kb1r/1p2pppp/2n2n2/1p1p4/2pP1B2/2P1PN2/PP1N1PPP/R3KB1R w KQkq -,MODEL_PREDICTION_NOT_EMPIRICAL,after_key,0.0116183338686823,maia3,-57,-177,120,SEVERE_ERROR,100000
LON-03,B3,1900,maia3-79m,7,g2g3,g3,0.0105955358594655,0.9897327157668768,0.4932666454104177,509,35,456,r1b1kb1r/1p2pppp/2n2n2/1p1p4/2pP1B2/2P1PN2/PP1N1PPP/R3KB1R w KQkq -,MODEL_PREDICTION_NOT_EMPIRICAL,after_key,0.0105955358594655,maia3,-52,-87,35,OK,100000
LON-03,B3,1900,maia3-79m,9,b2b4,b4,0.0044146692380309,0.9897327157668768,0.4932666454104177,517,31,452,r1b1kb1r/1p2pppp/2n2n2/1p1p4/2pP1B2/2P1PN2/PP1N1PPP/R3KB1R w KQkq -,MODEL_PREDICTION_NOT_EMPIRICAL,after_key,0.0044146692380309,maia3,-56,-147,91,ERROR,100000
LON-03,B3,2100,maia3-79m,6,b2b3,b3,0.0121682006865739,0.9894236333202572,0.5245369929792545,507,42,451,r1b1kb1r/1p2pppp/2n2n2/1p1p4/2pP1B2/2P1PN2/PP1N1PPP/R3KB1R w KQkq -,MODEL_PREDICTION_NOT_EMPIRICAL,after_key,0.0121682006865739,maia3,-58,-173,115,SEVERE_ERROR,100000
LON-03,B3,2100,maia3-79m,7,g2g3,g3,0.0087140025570988,0.9894236333202572,0.5245369929792545,505,42,453,r1b1kb1r/1p2pppp/2n2n2/1p1p4/2pP1B2/2P1PN2/PP1N1PPP/R3KB1R w KQkq -,MODEL_PREDICTION_NOT_EMPIRICAL,after_key,0.0087140025570988,maia3,-55,-80,25,OK,100000
LON-05,B3,1100,maia3-79m,6,g2g3,g3,0.0109514547511935,0.9878678212407976,0.4256131767466212,497,27,476,r3kb1r/pp2pppp/1qn2n2/3p1b2/3P1B2/4PN2/PP3PPP/RNQ1KB1R w KQkq -,MODEL_PREDICTION_NOT_EMPIRICAL,after_key,0.0109514547511935,maia3,-10,-193,183,SEVERE_ERROR,100000
LON-05,B3,1100,maia3-79m,7,b2b3,b3,0.0074914833530783,0.9878678212407976,0.4256131767466212,494,27,479,r3kb1r/pp2pppp/1qn2n2/3p1b2/3P1B2/4PN2/PP3PPP/RNQ1KB1R w KQkq -,MODEL_PREDICTION_NOT_EMPIRICAL,after_key,0.0074914833530783,maia3,-7,-273,266,SEVERE_ERROR,100000
LON-05,B3,1100,maia3-79m,9,b1c3,Nc3,0.0049415295943617,0.9878678212407976,0.4256131767466212,507,27,466,r3kb1r/pp2pppp/1qn2n2/3p1b2/3P1B2/4PN2/PP3PPP/RNQ1KB1R w KQkq -,MODEL_PREDICTION_NOT_EMPIRICAL,after_key,0.0049415295943617,maia3,-11,-5,0,OK,100000
LON-05,B3,1300,maia3-79m,6,g2g3,g3,0.0113351605832576,0.9883486481849104,0.4312486267262949,500,27,473,r3kb1r/pp2pppp/1qn2n2/3p1b2/3P1B2/4PN2/PP3PPP/RNQ1KB1R w KQkq -,MODEL_PREDICTION_NOT_EMPIRICAL,after_key,0.0113351605832576,maia3,-4,-195,191,SEVERE_ERROR,100000
LON-05,B3,1300,maia3-79m,7,b2b3,b3,0.0088089434430003,0.9883486481849104,0.4312486267262949,503,26,471,r3kb1r/pp2pppp/1qn2n2/3p1b2/3P1B2/4PN2/PP3PPP/RNQ1KB1R w KQkq -,MODEL_PREDICTION_NOT_EMPIRICAL,after_key,0.0088089434430003,maia3,-2,-251,249,SEVERE_ERROR,100000
LON-05,B3,1300,maia3-79m,10,b1c3,Nc3,0.0035150202456861,0.9883486481849104,0.4312486267262949,513,26,461,r3kb1r/pp2pppp/1qn2n2/3p1b2/3P1B2/4PN2/PP3PPP/RNQ1KB1R w KQkq -,MODEL_PREDICTION_NOT_EMPIRICAL,after_key,0.0035150202456861,maia3,0,5,0,OK,100000
LON-05,B3,1500,maia3-79m,6,g2g3,g3,0.0118206376209855,0.9890689314343036,0.448404635595114,503,28,469,r3kb1r/pp2pppp/1qn2n2/3p1b2/3P1B2/4PN2/PP3PPP/RNQ1KB1R w KQkq -,MODEL_PREDICTION_NOT_EMPIRICAL,after_key,0.0118206376209855,maia3,4,-184,188,SEVERE_ERROR,100000
LON-05,B3,1500,maia3-79m,7,b2b3,b3,0.0103525295853614,0.9890689314343036,0.448404635595114,505,27,468,r3kb1r/pp2pppp/1qn2n2/3p1b2/3P1B2/4PN2/PP3PPP/RNQ1KB1R w KQkq -,MODEL_PREDICTION_NOT_EMPIRICAL,after_key,0.0103525295853614,maia3,6,-255,261,SEVERE_ERROR,100000
LON-05,B3,1500,maia3-79m,10,b2b4,b4,0.0039066667668521,0.9890689314343036,0.448404635595114,515,24,461,r3kb1r/pp2pppp/1qn2n2/3p1b2/3P1B2/4PN2/PP3PPP/RNQ1KB1R w KQkq -,MODEL_PREDICTION_NOT_EMPIRICAL,after_key,0.0039066667668521,maia3,-1,-310,309,SEVERE_ERROR,100000
LON-05,B3,1700,maia3-79m,6,g2g3,g3,0.0117970667779445,0.9896683357656002,0.4703368028344805,508,30,462,r3kb1r/pp2pppp/1qn2n2/3p1b2/3P1B2/4PN2/PP3PPP/RNQ1KB1R w KQkq -,MODEL_PREDICTION_NOT_EMPIRICAL,after_key,0.0117970667779445,maia3,-2,-203,201,SEVERE_ERROR,100000
LON-05,B3,1700,maia3-79m,7,b2b3,b3,0.0114017035812139,0.9896683357656002,0.4703368028344805,510,29,461,r3kb1r/pp2pppp/1qn2n2/3p1b2/3P1B2/4PN2/PP3PPP/RNQ1KB1R w KQkq -,MODEL_PREDICTION_NOT_EMPIRICAL,after_key,0.0114017035812139,maia3,0,-247,247,SEVERE_ERROR,100000
LON-05,B3,1700,maia3-79m,9,b2b4,b4,0.0044242879375815,0.9896683357656002,0.4703368028344805,518,27,455,r3kb1r/pp2pppp/1qn2n2/3p1b2/3P1B2/4PN2/PP3PPP/RNQ1KB1R w KQkq -,MODEL_PREDICTION_NOT_EMPIRICAL,after_key,0.0044242879375815,maia3,4,-277,281,SEVERE_ERROR,100000
LON-05,B3,1900,maia3-79m,6,b2b3,b3,0.0116183338686823,0.9897327157668768,0.4932666454104177,513,34,453,r3kb1r/pp2pppp/1qn2n2/3p1b2/3P1B2/4PN2/PP3PPP/RNQ1KB1R w KQkq -,MODEL_PREDICTION_NOT_EMPIRICAL,after_key,0.0116183338686823,maia3,-4,-259,255,SEVERE_ERROR,100000
LON-05,B3,1900,maia3-79m,7,g2g3,g3,0.0105955358594655,0.9897327157668768,0.4932666454104177,509,35,456,r3kb1r/pp2pppp/1qn2n2/3p1b2/3P1B2/4PN2/PP3PPP/RNQ1KB1R w KQkq -,MODEL_PREDICTION_NOT_EMPIRICAL,after_key,0.0105955358594655,maia3,-14,-221,207,SEVERE_ERROR,100000
LON-05,B3,1900,maia3-79m,9,b2b4,b4,0.0044146692380309,0.9897327157668768,0.4932666454104177,517,31,452,r3kb1r/pp2pppp/1qn2n2/3p1b2/3P1B2/4PN2/PP3PPP/RNQ1KB1R w KQkq -,MODEL_PREDICTION_NOT_EMPIRICAL,after_key,0.0044146692380309,maia3,-12,-256,244,SEVERE_ERROR,100000
LON-05,B3,2100,maia3-79m,6,b2b3,b3,0.0121682006865739,0.9894236333202572,0.5245369929792545,507,42,451,r3kb1r/pp2pppp/1qn2n2/3p1b2/3P1B2/4PN2/PP3PPP/RNQ1KB1R w KQkq -,MODEL_PREDICTION_NOT_EMPIRICAL,after_key,0.0121682006865739,maia3,-14,-267,253,SEVERE_ERROR,100000
LON-05,B3,2100,maia3-79m,7,g2g3,g3,0.0087140025570988,0.9894236333202572,0.5245369929792545,505,42,453,r3kb1r/pp2pppp/1qn2n2/3p1b2/3P1B2/4PN2/PP3PPP/RNQ1KB1R w KQkq -,MODEL_PREDICTION_NOT_EMPIRICAL,after_key,0.0087140025570988,maia3,-9,-224,215,SEVERE_ERROR,100000
LON-05,B3,2100,maia3-79m,9,b1c3,Nc3,0.004463599063456,0.9894236333202572,0.5245369929792545,521,42,437,r3kb1r/pp2pppp/1qn2n2/3p1b2/3P1B2/4PN2/PP3PPP/RNQ1KB1R w KQkq -,MODEL_PREDICTION_NOT_EMPIRICAL,after_key,0.004463599063456,maia3,-16,-7,0,OK,100000
JOB-11,B3,1100,maia3-79m,1,e2e4,e4,0.6771548986434937,0.9878678212407976,0.4256131767466212,513,26,461,1rbqkb1r/pp2pppp/5n2/2pp4/3P4/2N5/PPP1PPPP/R2QKBNR w KQk -,MODEL_PREDICTION_NOT_EMPIRICAL,after_key,0.6771548986434937,maia3,-90,-132,42,ERROR,100000
JOB-11,B3,1100,maia3-79m,3,e2e3,e3,0.0208527259528636,0.9878678212407976,0.4256131767466212,500,27,473,1rbqkb1r/pp2pppp/5n2/2pp4/3P4/2N5/PPP1PPPP/R2QKBNR w KQk -,MODEL_PREDICTION_NOT_EMPIRICAL,after_key,0.0208527259528636,maia3,-88,-92,4,OK,100000
JOB-11,B3,1100,maia3-79m,4,g1f3,Nf3,0.0199762973934412,0.9878678212407976,0.4256131767466212,517,27,456,1rbqkb1r/pp2pppp/5n2/2pp4/3P4/2N5/PPP1PPPP/R2QKBNR w KQk -,MODEL_PREDICTION_NOT_EMPIRICAL,after_key,0.0199762973934412,maia3,-85,-96,11,OK,100000
JOB-11,B3,1100,maia3-79m,6,g2g3,g3,0.0109514547511935,0.9878678212407976,0.4256131767466212,497,27,476,1rbqkb1r/pp2pppp/5n2/2pp4/3P4/2N5/PPP1PPPP/R2QKBNR w KQk -,MODEL_PREDICTION_NOT_EMPIRICAL,after_key,0.0109514547511935,maia3,-84,-193,109,SEVERE_ERROR,100000
JOB-11,B3,1100,maia3-79m,7,b2b3,b3,0.0074914833530783,0.9878678212407976,0.4256131767466212,494,27,479,1rbqkb1r/pp2pppp/5n2/2pp4/3P4/2N5/PPP1PPPP/R2QKBNR w KQk -,MODEL_PREDICTION_NOT_EMPIRICAL,after_key,0.0074914833530783,maia3,-93,-302,209,SEVERE_ERROR,100000
JOB-11,B3,1100,maia3-79m,10,f2f4,f4,0.0035755394492298,0.9878678212407976,0.4256131767466212,500,26,474,1rbqkb1r/pp2pppp/5n2/2pp4/3P4/2N5/PPP1PPPP/R2QKBNR w KQk -,MODEL_PREDICTION_NOT_EMPIRICAL,after_key,0.0035755394492298,maia3,-91,-155,64,ERROR,100000
JOB-11,B3,1300,maia3-79m,1,e2e4,e4,0.6652060747146606,0.9883486481849104,0.4312486267262949,508,25,467,1rbqkb1r/pp2pppp/5n2/2pp4/3P4/2N5/PPP1PPPP/R2QKBNR w KQk -,MODEL_PREDICTION_NOT_EMPIRICAL,after_key,0.6652060747146606,maia3,-80,-125,45,ERROR,100000
JOB-11,B3,1300,maia3-79m,3,g1f3,Nf3,0.0193633176386356,0.9883486481849104,0.4312486267262949,521,27,452,1rbqkb1r/pp2pppp/5n2/2pp4/3P4/2N5/PPP1PPPP/R2QKBNR w KQk -,MODEL_PREDICTION_NOT_EMPIRICAL,after_key,0.0193633176386356,maia3,-82,-95,13,OK,100000
JOB-11,B3,1300,maia3-79m,5,e2e3,e3,0.0176263321191072,0.9883486481849104,0.4312486267262949,499,26,475,1rbqkb1r/pp2pppp/5n2/2pp4/3P4/2N5/PPP1PPPP/R2QKBNR w KQk -,MODEL_PREDICTION_NOT_EMPIRICAL,after_key,0.0176263321191072,maia3,-83,-76,0,OK,100000
JOB-11,B3,1300,maia3-79m,6,g2g3,g3,0.0113351605832576,0.9883486481849104,0.4312486267262949,500,27,473,1rbqkb1r/pp2pppp/5n2/2pp4/3P4/2N5/PPP1PPPP/R2QKBNR w KQk -,MODEL_PREDICTION_NOT_EMPIRICAL,after_key,0.0113351605832576,maia3,-85,-170,85,ERROR,100000
JOB-11,B3,1300,maia3-79m,7,b2b3,b3,0.0088089434430003,0.9883486481849104,0.4312486267262949,503,26,471,1rbqkb1r/pp2pppp/5n2/2pp4/3P4/2N5/PPP1PPPP/R2QKBNR w KQk -,MODEL_PREDICTION_NOT_EMPIRICAL,after_key,0.0088089434430003,maia3,-84,-277,193,SEVERE_ERROR,100000
JOB-11,B3,1300,maia3-79m,9,f2f4,f4,0.0041140238754451,0.9883486481849104,0.4312486267262949,506,25,469,1rbqkb1r/pp2pppp/5n2/2pp4/3P4/2N5/PPP1PPPP/R2QKBNR w KQk -,MODEL_PREDICTION_NOT_EMPIRICAL,after_key,0.0041140238754451,maia3,-85,-169,84,ERROR,100000
JOB-11,B3,1500,maia3-79m,1,e2e4,e4,0.6482347846031189,0.9890689314343036,0.448404635595114,505,27,468,1rbqkb1r/pp2pppp/5n2/2pp4/3P4/2N5/PPP1PPPP/R2QKBNR w KQk -,MODEL_PREDICTION_NOT_EMPIRICAL,after_key,0.6482347846031189,maia3,-89,-115,26,OK,100000
JOB-11,B3,1500,maia3-79m,4,g1f3,Nf3,0.0206830464303493,0.9890689314343036,0.448404635595114,525,27,448,1rbqkb1r/pp2pppp/5n2/2pp4/3P4/2N5/PPP1PPPP/R2QKBNR w KQk -,MODEL_PREDICTION_NOT_EMPIRICAL,after_key,0.0206830464303493,maia3,-85,-106,21,OK,100000
JOB-11,B3,1500,maia3-79m,5,e2e3,e3,0.0152594503015279,0.9890689314343036,0.448404635595114,497,27,476,1rbqkb1r/pp2pppp/5n2/2pp4/3P4/2N5/PPP1PPPP/R2QKBNR w KQk -,MODEL_PREDICTION_NOT_EMPIRICAL,after_key,0.0152594503015279,maia3,-84,-82,0,OK,100000
JOB-11,B3,1500,maia3-79m,6,g2g3,g3,0.0118206376209855,0.9890689314343036,0.448404635595114,503,28,469,1rbqkb1r/pp2pppp/5n2/2pp4/3P4/2N5/PPP1PPPP/R2QKBNR w KQk -,MODEL_PREDICTION_NOT_EMPIRICAL,after_key,0.0118206376209855,maia3,-80,-186,106,SEVERE_ERROR,100000
JOB-11,B3,1500,maia3-79m,7,b2b3,b3,0.0103525295853614,0.9890689314343036,0.448404635595114,505,27,468,1rbqkb1r/pp2pppp/5n2/2pp4/3P4/2N5/PPP1PPPP/R2QKBNR w KQk -,MODEL_PREDICTION_NOT_EMPIRICAL,after_key,0.0103525295853614,maia3,-80,-292,212,SEVERE_ERROR,100000
JOB-11,B3,1500,maia3-79m,8,f2f4,f4,0.0058752936311066,0.9890689314343036,0.448404635595114,507,25,468,1rbqkb1r/pp2pppp/5n2/2pp4/3P4/2N5/PPP1PPPP/R2QKBNR w KQk -,MODEL_PREDICTION_NOT_EMPIRICAL,after_key,0.0058752936311066,maia3,-82,-173,91,ERROR,100000
JOB-11,B3,1500,maia3-79m,10,b2b4,b4,0.0039066667668521,0.9890689314343036,0.448404635595114,515,24,461,1rbqkb1r/pp2pppp/5n2/2pp4/3P4/2N5/PPP1PPPP/R2QKBNR w KQk -,MODEL_PREDICTION_NOT_EMPIRICAL,after_key,0.0039066667668521,maia3,-83,-248,165,SEVERE_ERROR,100000
JOB-11,B3,1700,maia3-79m,1,e2e4,e4,0.625694990158081,0.9896683357656002,0.4703368028344805,504,29,467,1rbqkb1r/pp2pppp/5n2/2pp4/3P4/2N5/PPP1PPPP/R2QKBNR w KQk -,MODEL_PREDICTION_NOT_EMPIRICAL,after_key,0.625694990158081,maia3,-81,-116,35,OK,100000
JOB-11,B3,1700,maia3-79m,4,g1f3,Nf3,0.0238940399140119,0.9896683357656002,0.4703368028344805,530,30,440,1rbqkb1r/pp2pppp/5n2/2pp4/3P4/2N5/PPP1PPPP/R2QKBNR w KQk -,MODEL_PREDICTION_NOT_EMPIRICAL,after_key,0.0238940399140119,maia3,-80,-97,17,OK,100000
JOB-11,B3,1700,maia3-79m,5,e2e3,e3,0.0127331614494323,0.9896683357656002,0.4703368028344805,501,29,470,1rbqkb1r/pp2pppp/5n2/2pp4/3P4/2N5/PPP1PPPP/R2QKBNR w KQk -,MODEL_PREDICTION_NOT_EMPIRICAL,after_key,0.0127331614494323,maia3,-84,-75,0,OK,100000
JOB-11,B3,1700,maia3-79m,6,g2g3,g3,0.0117970667779445,0.9896683357656002,0.4703368028344805,508,30,462,1rbqkb1r/pp2pppp/5n2/2pp4/3P4/2N5/PPP1PPPP/R2QKBNR w KQk -,MODEL_PREDICTION_NOT_EMPIRICAL,after_key,0.0117970667779445,maia3,-80,-180,100,SEVERE_ERROR,100000
JOB-11,B3,1700,maia3-79m,7,b2b3,b3,0.0114017035812139,0.9896683357656002,0.4703368028344805,510,29,461,1rbqkb1r/pp2pppp/5n2/2pp4/3P4/2N5/PPP1PPPP/R2QKBNR w KQk -,MODEL_PREDICTION_NOT_EMPIRICAL,after_key,0.0114017035812139,maia3,-83,-253,170,SEVERE_ERROR,100000
JOB-11,B3,1700,maia3-79m,8,f2f4,f4,0.0088289910927414,0.9896683357656002,0.4703368028344805,507,28,465,1rbqkb1r/pp2pppp/5n2/2pp4/3P4/2N5/PPP1PPPP/R2QKBNR w KQk -,MODEL_PREDICTION_NOT_EMPIRICAL,after_key,0.0088289910927414,maia3,-86,-180,94,ERROR,100000
JOB-11,B3,1700,maia3-79m,9,b2b4,b4,0.0044242879375815,0.9896683357656002,0.4703368028344805,518,27,455,1rbqkb1r/pp2pppp/5n2/2pp4/3P4/2N5/PPP1PPPP/R2QKBNR w KQk -,MODEL_PREDICTION_NOT_EMPIRICAL,after_key,0.0044242879375815,maia3,-89,-251,162,SEVERE_ERROR,100000
JOB-11,B3,1900,maia3-79m,1,e2e4,e4,0.5982585549354553,0.9897327157668768,0.4932666454104177,503,33,464,1rbqkb1r/pp2pppp/5n2/2pp4/3P4/2N5/PPP1PPPP/R2QKBNR w KQk -,MODEL_PREDICTION_NOT_EMPIRICAL,after_key,0.5982585549354553,maia3,-88,-136,48,ERROR,100000
JOB-11,B3,1900,maia3-79m,4,g1f3,Nf3,0.0307666920125484,0.9897327157668768,0.4932666454104177,527,36,437,1rbqkb1r/pp2pppp/5n2/2pp4/3P4/2N5/PPP1PPPP/R2QKBNR w KQk -,MODEL_PREDICTION_NOT_EMPIRICAL,after_key,0.0307666920125484,maia3,-92,-107,15,OK,100000
JOB-11,B3,1900,maia3-79m,5,f2f4,f4,0.0122731383889913,0.9897327157668768,0.4932666454104177,504,32,464,1rbqkb1r/pp2pppp/5n2/2pp4/3P4/2N5/PPP1PPPP/R2QKBNR w KQk -,MODEL_PREDICTION_NOT_EMPIRICAL,after_key,0.0122731383889913,maia3,-97,-175,78,ERROR,100000
JOB-11,B3,1900,maia3-79m,6,b2b3,b3,0.0116183338686823,0.9897327157668768,0.4932666454104177,513,34,453,1rbqkb1r/pp2pppp/5n2/2pp4/3P4/2N5/PPP1PPPP/R2QKBNR w KQk -,MODEL_PREDICTION_NOT_EMPIRICAL,after_key,0.0116183338686823,maia3,-93,-262,169,SEVERE_ERROR,100000
JOB-11,B3,1900,maia3-79m,7,g2g3,g3,0.0105955358594655,0.9897327157668768,0.4932666454104177,509,35,456,1rbqkb1r/pp2pppp/5n2/2pp4/3P4/2N5/PPP1PPPP/R2QKBNR w KQk -,MODEL_PREDICTION_NOT_EMPIRICAL,after_key,0.0105955358594655,maia3,-99,-170,71,ERROR,100000
JOB-11,B3,1900,maia3-79m,8,e2e3,e3,0.0098551996052265,0.9897327157668768,0.4932666454104177,501,34,465,1rbqkb1r/pp2pppp/5n2/2pp4/3P4/2N5/PPP1PPPP/R2QKBNR w KQk -,MODEL_PREDICTION_NOT_EMPIRICAL,after_key,0.0098551996052265,maia3,-89,-94,5,OK,100000
JOB-11,B3,1900,maia3-79m,9,b2b4,b4,0.0044146692380309,0.9897327157668768,0.4932666454104177,517,31,452,1rbqkb1r/pp2pppp/5n2/2pp4/3P4/2N5/PPP1PPPP/R2QKBNR w KQk -,MODEL_PREDICTION_NOT_EMPIRICAL,after_key,0.0044146692380309,maia3,-93,-265,172,SEVERE_ERROR,100000
JOB-11,B3,2100,maia3-79m,1,e2e4,e4,0.5516610741615295,0.9894236333202572,0.5245369929792545,498,41,461,1rbqkb1r/pp2pppp/5n2/2pp4/3P4/2N5/PPP1PPPP/R2QKBNR w KQk -,MODEL_PREDICTION_NOT_EMPIRICAL,after_key,0.5516610741615295,maia3,-100,-134,34,OK,100000
JOB-11,B3,2100,maia3-79m,3,g1f3,Nf3,0.0481594055891037,0.9894236333202572,0.5245369929792545,516,45,439,1rbqkb1r/pp2pppp/5n2/2pp4/3P4/2N5/PPP1PPPP/R2QKBNR w KQk -,MODEL_PREDICTION_NOT_EMPIRICAL,after_key,0.0481594055891037,maia3,-91,-109,18,OK,100000
JOB-11,B3,2100,maia3-79m,5,f2f4,f4,0.0124846855178475,0.9894236333202572,0.5245369929792545,497,40,463,1rbqkb1r/pp2pppp/5n2/2pp4/3P4/2N5/PPP1PPPP/R2QKBNR w KQk -,MODEL_PREDICTION_NOT_EMPIRICAL,after_key,0.0124846855178475,maia3,-106,-170,64,ERROR,100000
JOB-11,B3,2100,maia3-79m,6,b2b3,b3,0.0121682006865739,0.9894236333202572,0.5245369929792545,507,42,451,1rbqkb1r/pp2pppp/5n2/2pp4/3P4/2N5/PPP1PPPP/R2QKBNR w KQk -,MODEL_PREDICTION_NOT_EMPIRICAL,after_key,0.0121682006865739,maia3,-101,-261,160,SEVERE_ERROR,100000
JOB-11,B3,2100,maia3-79m,7,g2g3,g3,0.0087140025570988,0.9894236333202572,0.5245369929792545,505,42,453,1rbqkb1r/pp2pppp/5n2/2pp4/3P4/2N5/PPP1PPPP/R2QKBNR w KQk -,MODEL_PREDICTION_NOT_EMPIRICAL,after_key,0.0087140025570988,maia3,-81,-162,81,ERROR,100000
JOB-11,B3,2100,maia3-79m,8,e2e3,e3,0.0068940538913011,0.9894236333202572,0.5245369929792545,497,43,460,1rbqkb1r/pp2pppp/5n2/2pp4/3P4/2N5/PPP1PPPP/R2QKBNR w KQk -,MODEL_PREDICTION_NOT_EMPIRICAL,after_key,0.0068940538913011,maia3,-77,-95,18,OK,100000
VER-05,B3,1100,maia3-79m,1,e2e4,e4,0.6771548986434937,0.9878678212407976,0.4256131767466212,513,26,461,rnbqkb1r/pp2pp1p/5p2/2pp4/3P4/2N5/PPP1PPPP/R2QKBNR w KQkq -,MODEL_PREDICTION_NOT_EMPIRICAL,after_key,0.6771548986434937,maia3,-10,-33,23,OK,100000
VER-05,B3,1100,maia3-79m,3,e2e3,e3,0.0208527259528636,0.9878678212407976,0.4256131767466212,500,27,473,rnbqkb1r/pp2pp1p/5p2/2pp4/3P4/2N5/PPP1PPPP/R2QKBNR w KQkq -,MODEL_PREDICTION_NOT_EMPIRICAL,after_key,0.0208527259528636,maia3,-16,-10,0,OK,100000
VER-05,B3,1100,maia3-79m,4,g1f3,Nf3,0.0199762973934412,0.9878678212407976,0.4256131767466212,517,27,456,rnbqkb1r/pp2pp1p/5p2/2pp4/3P4/2N5/PPP1PPPP/R2QKBNR w KQkq -,MODEL_PREDICTION_NOT_EMPIRICAL,after_key,0.0199762973934412,maia3,-13,-52,39,OK,100000
VER-05,B3,1100,maia3-79m,6,g2g3,g3,0.0109514547511935,0.9878678212407976,0.4256131767466212,497,27,476,rnbqkb1r/pp2pp1p/5p2/2pp4/3P4/2N5/PPP1PPPP/R2QKBNR w KQkq -,MODEL_PREDICTION_NOT_EMPIRICAL,after_key,0.0109514547511935,maia3,-17,-87,70,ERROR,100000
VER-05,B3,1100,maia3-79m,7,b2b3,b3,0.0074914833530783,0.9878678212407976,0.4256131767466212,494,27,479,rnbqkb1r/pp2pp1p/5p2/2pp4/3P4/2N5/PPP1PPPP/R2QKBNR w KQkq -,MODEL_PREDICTION_NOT_EMPIRICAL,after_key,0.0074914833530783,maia3,-19,-226,207,SEVERE_ERROR,100000
VER-05,B3,1100,maia3-79m,10,f2f4,f4,0.0035755394492298,0.9878678212407976,0.4256131767466212,500,26,474,rnbqkb1r/pp2pp1p/5p2/2pp4/3P4/2N5/PPP1PPPP/R2QKBNR w KQkq -,MODEL_PREDICTION_NOT_EMPIRICAL,after_key,0.0035755394492298,maia3,-20,-72,52,ERROR,100000
VER-05,B3,1300,maia3-79m,1,e2e4,e4,0.6652060747146606,0.9883486481849104,0.4312486267262949,508,25,467,rnbqkb1r/pp2pp1p/5p2/2pp4/3P4/2N5/PPP1PPPP/R2QKBNR w KQkq -,MODEL_PREDICTION_NOT_EMPIRICAL,after_key,0.6652060747146606,maia3,-21,-34,13,OK,100000
VER-05,B3,1300,maia3-79m,3,g1f3,Nf3,0.0193633176386356,0.9883486481849104,0.4312486267262949,521,27,452,rnbqkb1r/pp2pp1p/5p2/2pp4/3P4/2N5/PPP1PPPP/R2QKBNR w KQkq -,MODEL_PREDICTION_NOT_EMPIRICAL,after_key,0.0193633176386356,maia3,-14,-28,14,OK,100000
VER-05,B3,1300,maia3-79m,5,e2e3,e3,0.0176263321191072,0.9883486481849104,0.4312486267262949,499,26,475,rnbqkb1r/pp2pp1p/5p2/2pp4/3P4/2N5/PPP1PPPP/R2QKBNR w KQkq -,MODEL_PREDICTION_NOT_EMPIRICAL,after_key,0.0176263321191072,maia3,-13,-15,2,OK,100000
VER-05,B3,1300,maia3-79m,6,g2g3,g3,0.0113351605832576,0.9883486481849104,0.4312486267262949,500,27,473,rnbqkb1r/pp2pp1p/5p2/2pp4/3P4/2N5/PPP1PPPP/R2QKBNR w KQkq -,MODEL_PREDICTION_NOT_EMPIRICAL,after_key,0.0113351605832576,maia3,-20,-91,71,ERROR,100000
VER-05,B3,1300,maia3-79m,7,b2b3,b3,0.0088089434430003,0.9883486481849104,0.4312486267262949,503,26,471,rnbqkb1r/pp2pp1p/5p2/2pp4/3P4/2N5/PPP1PPPP/R2QKBNR w KQkq -,MODEL_PREDICTION_NOT_EMPIRICAL,after_key,0.0088089434430003,maia3,-12,-245,233,SEVERE_ERROR,100000
VER-05,B3,1300,maia3-79m,9,f2f4,f4,0.0041140238754451,0.9883486481849104,0.4312486267262949,506,25,469,rnbqkb1r/pp2pp1p/5p2/2pp4/3P4/2N5/PPP1PPPP/R2QKBNR w KQkq -,MODEL_PREDICTION_NOT_EMPIRICAL,after_key,0.0041140238754451,maia3,-10,-83,73,ERROR,100000
VER-05,B3,1500,maia3-79m,1,e2e4,e4,0.6482347846031189,0.9890689314343036,0.448404635595114,505,27,468,rnbqkb1r/pp2pp1p/5p2/2pp4/3P4/2N5/PPP1PPPP/R2QKBNR w KQkq -,MODEL_PREDICTION_NOT_EMPIRICAL,after_key,0.6482347846031189,maia3,-9,-45,36,OK,100000
VER-05,B3,1500,maia3-79m,4,g1f3,Nf3,0.0206830464303493,0.9890689314343036,0.448404635595114,525,27,448,rnbqkb1r/pp2pp1p/5p2/2pp4/3P4/2N5/PPP1PPPP/R2QKBNR w KQkq -,MODEL_PREDICTION_NOT_EMPIRICAL,after_key,0.0206830464303493,maia3,-12,-30,18,OK,100000
VER-05,B3,1500,maia3-79m,5,e2e3,e3,0.0152594503015279,0.9890689314343036,0.448404635595114,497,27,476,rnbqkb1r/pp2pp1p/5p2/2pp4/3P4/2N5/PPP1PPPP/R2QKBNR w KQkq -,MODEL_PREDICTION_NOT_EMPIRICAL,after_key,0.0152594503015279,maia3,-9,-10,1,OK,100000
VER-05,B3,1500,maia3-79m,6,g2g3,g3,0.0118206376209855,0.9890689314343036,0.448404635595114,503,28,469,rnbqkb1r/pp2pp1p/5p2/2pp4/3P4/2N5/PPP1PPPP/R2QKBNR w KQkq -,MODEL_PREDICTION_NOT_EMPIRICAL,after_key,0.0118206376209855,maia3,-11,-93,82,ERROR,100000
VER-05,B3,1500,maia3-79m,7,b2b3,b3,0.0103525295853614,0.9890689314343036,0.448404635595114,505,27,468,rnbqkb1r/pp2pp1p/5p2/2pp4/3P4/2N5/PPP1PPPP/R2QKBNR w KQkq -,MODEL_PREDICTION_NOT_EMPIRICAL,after_key,0.0103525295853614,maia3,-9,-248,239,SEVERE_ERROR,100000
VER-05,B3,1500,maia3-79m,8,f2f4,f4,0.0058752936311066,0.9890689314343036,0.448404635595114,507,25,468,rnbqkb1r/pp2pp1p/5p2/2pp4/3P4/2N5/PPP1PPPP/R2QKBNR w KQkq -,MODEL_PREDICTION_NOT_EMPIRICAL,after_key,0.0058752936311066,maia3,-18,-90,72,ERROR,100000
VER-05,B3,1500,maia3-79m,10,b2b4,b4,0.0039066667668521,0.9890689314343036,0.448404635595114,515,24,461,rnbqkb1r/pp2pp1p/5p2/2pp4/3P4/2N5/PPP1PPPP/R2QKBNR w KQkq -,MODEL_PREDICTION_NOT_EMPIRICAL,after_key,0.0039066667668521,maia3,-22,-225,203,SEVERE_ERROR,100000
VER-05,B3,1700,maia3-79m,1,e2e4,e4,0.625694990158081,0.9896683357656002,0.4703368028344805,504,29,467,rnbqkb1r/pp2pp1p/5p2/2pp4/3P4/2N5/PPP1PPPP/R2QKBNR w KQkq -,MODEL_PREDICTION_NOT_EMPIRICAL,after_key,0.625694990158081,maia3,-21,-36,15,OK,100000
VER-05,B3,1700,maia3-79m,4,g1f3,Nf3,0.0238940399140119,0.9896683357656002,0.4703368028344805,530,30,440,rnbqkb1r/pp2pp1p/5p2/2pp4/3P4/2N5/PPP1PPPP/R2QKBNR w KQkq -,MODEL_PREDICTION_NOT_EMPIRICAL,after_key,0.0238940399140119,maia3,-13,-18,5,OK,100000
VER-05,B3,1700,maia3-79m,5,e2e3,e3,0.0127331614494323,0.9896683357656002,0.4703368028344805,501,29,470,rnbqkb1r/pp2pp1p/5p2/2pp4/3P4/2N5/PPP1PPPP/R2QKBNR w KQkq -,MODEL_PREDICTION_NOT_EMPIRICAL,after_key,0.0127331614494323,maia3,-9,-19,10,OK,100000
VER-05,B3,1700,maia3-79m,6,g2g3,g3,0.0117970667779445,0.9896683357656002,0.4703368028344805,508,30,462,rnbqkb1r/pp2pp1p/5p2/2pp4/3P4/2N5/PPP1PPPP/R2QKBNR w KQkq -,MODEL_PREDICTION_NOT_EMPIRICAL,after_key,0.0117970667779445,maia3,-21,-82,61,ERROR,100000
VER-05,B3,1700,maia3-79m,7,b2b3,b3,0.0114017035812139,0.9896683357656002,0.4703368028344805,510,29,461,rnbqkb1r/pp2pp1p/5p2/2pp4/3P4/2N5/PPP1PPPP/R2QKBNR w KQkq -,MODEL_PREDICTION_NOT_EMPIRICAL,after_key,0.0114017035812139,maia3,-15,-250,235,SEVERE_ERROR,100000
VER-05,B3,1700,maia3-79m,8,f2f4,f4,0.0088289910927414,0.9896683357656002,0.4703368028344805,507,28,465,rnbqkb1r/pp2pp1p/5p2/2pp4/3P4/2N5/PPP1PPPP/R2QKBNR w KQkq -,MODEL_PREDICTION_NOT_EMPIRICAL,after_key,0.0088289910927414,maia3,-15,-79,64,ERROR,100000
VER-05,B3,1700,maia3-79m,9,b2b4,b4,0.0044242879375815,0.9896683357656002,0.4703368028344805,518,27,455,rnbqkb1r/pp2pp1p/5p2/2pp4/3P4/2N5/PPP1PPPP/R2QKBNR w KQkq -,MODEL_PREDICTION_NOT_EMPIRICAL,after_key,0.0044242879375815,maia3,-16,-216,200,SEVERE_ERROR,100000
VER-05,B3,1900,maia3-79m,1,e2e4,e4,0.5982585549354553,0.9897327157668768,0.4932666454104177,503,33,464,rnbqkb1r/pp2pp1p/5p2/2pp4/3P4/2N5/PPP1PPPP/R2QKBNR w KQkq -,MODEL_PREDICTION_NOT_EMPIRICAL,after_key,0.5982585549354553,maia3,-14,-38,24,OK,100000
VER-05,B3,1900,maia3-79m,4,g1f3,Nf3,0.0307666920125484,0.9897327157668768,0.4932666454104177,527,36,437,rnbqkb1r/pp2pp1p/5p2/2pp4/3P4/2N5/PPP1PPPP/R2QKBNR w KQkq -,MODEL_PREDICTION_NOT_EMPIRICAL,after_key,0.0307666920125484,maia3,-23,-28,5,OK,100000
VER-05,B3,1900,maia3-79m,5,f2f4,f4,0.0122731383889913,0.9897327157668768,0.4932666454104177,504,32,464,rnbqkb1r/pp2pp1p/5p2/2pp4/3P4/2N5/PPP1PPPP/R2QKBNR w KQkq -,MODEL_PREDICTION_NOT_EMPIRICAL,after_key,0.0122731383889913,maia3,-23,-88,65,ERROR,100000
VER-05,B3,1900,maia3-79m,6,b2b3,b3,0.0116183338686823,0.9897327157668768,0.4932666454104177,513,34,453,rnbqkb1r/pp2pp1p/5p2/2pp4/3P4/2N5/PPP1PPPP/R2QKBNR w KQkq -,MODEL_PREDICTION_NOT_EMPIRICAL,after_key,0.0116183338686823,maia3,-25,-230,205,SEVERE_ERROR,100000
VER-05,B3,1900,maia3-79m,7,g2g3,g3,0.0105955358594655,0.9897327157668768,0.4932666454104177,509,35,456,rnbqkb1r/pp2pp1p/5p2/2pp4/3P4/2N5/PPP1PPPP/R2QKBNR w KQkq -,MODEL_PREDICTION_NOT_EMPIRICAL,after_key,0.0105955358594655,maia3,-26,-93,67,ERROR,100000
VER-05,B3,1900,maia3-79m,8,e2e3,e3,0.0098551996052265,0.9897327157668768,0.4932666454104177,501,34,465,rnbqkb1r/pp2pp1p/5p2/2pp4/3P4/2N5/PPP1PPPP/R2QKBNR w KQkq -,MODEL_PREDICTION_NOT_EMPIRICAL,after_key,0.0098551996052265,maia3,-22,-21,0,OK,100000
VER-05,B3,1900,maia3-79m,9,b2b4,b4,0.0044146692380309,0.9897327157668768,0.4932666454104177,517,31,452,rnbqkb1r/pp2pp1p/5p2/2pp4/3P4/2N5/PPP1PPPP/R2QKBNR w KQkq -,MODEL_PREDICTION_NOT_EMPIRICAL,after_key,0.0044146692380309,maia3,-20,-211,191,SEVERE_ERROR,100000
VER-05,B3,2100,maia3-79m,1,e2e4,e4,0.5516610741615295,0.9894236333202572,0.5245369929792545,498,41,461,rnbqkb1r/pp2pp1p/5p2/2pp4/3P4/2N5/PPP1PPPP/R2QKBNR w KQkq -,MODEL_PREDICTION_NOT_EMPIRICAL,after_key,0.5516610741615295,maia3,-18,-41,23,OK,100000
VER-05,B3,2100,maia3-79m,3,g1f3,Nf3,0.0481594055891037,0.9894236333202572,0.5245369929792545,516,45,439,rnbqkb1r/pp2pp1p/5p2/2pp4/3P4/2N5/PPP1PPPP/R2QKBNR w KQkq -,MODEL_PREDICTION_NOT_EMPIRICAL,after_key,0.0481594055891037,maia3,-26,-25,0,OK,100000
VER-05,B3,2100,maia3-79m,5,f2f4,f4,0.0124846855178475,0.9894236333202572,0.5245369929792545,497,40,463,rnbqkb1r/pp2pp1p/5p2/2pp4/3P4/2N5/PPP1PPPP/R2QKBNR w KQkq -,MODEL_PREDICTION_NOT_EMPIRICAL,after_key,0.0124846855178475,maia3,-23,-86,63,ERROR,100000
VER-05,B3,2100,maia3-79m,6,b2b3,b3,0.0121682006865739,0.9894236333202572,0.5245369929792545,507,42,451,rnbqkb1r/pp2pp1p/5p2/2pp4/3P4/2N5/PPP1PPPP/R2QKBNR w KQkq -,MODEL_PREDICTION_NOT_EMPIRICAL,after_key,0.0121682006865739,maia3,-19,-236,217,SEVERE_ERROR,100000
VER-05,B3,2100,maia3-79m,7,g2g3,g3,0.0087140025570988,0.9894236333202572,0.5245369929792545,505,42,453,rnbqkb1r/pp2pp1p/5p2/2pp4/3P4/2N5/PPP1PPPP/R2QKBNR w KQkq -,MODEL_PREDICTION_NOT_EMPIRICAL,after_key,0.0087140025570988,maia3,-17,-95,78,ERROR,100000
VER-05,B3,2100,maia3-79m,8,e2e3,e3,0.0068940538913011,0.9894236333202572,0.5245369929792545,497,43,460,rnbqkb1r/pp2pp1p/5p2/2pp4/3P4/2N5/PPP1PPPP/R2QKBNR w KQkq -,MODEL_PREDICTION_NOT_EMPIRICAL,after_key,0.0068940538913011,maia3,-16,-12,0,OK,100000
LON-10,B4,1100,maia3-79m,6,g2g3,g3,0.0109514547511935,0.9878678212407976,0.4256131767466212,497,27,476,r1b1kb1r/pp2pppp/2n2n2/2Pp4/5B2/2q1PN2/P2N1PPP/R2QKB1R w KQkq -,MODEL_PREDICTION_NOT_EMPIRICAL,after_key,0.0109514547511935,maia3,-79,-177,98,ERROR,100000
LON-10,B4,1300,maia3-79m,6,g2g3,g3,0.0113351605832576,0.9883486481849104,0.4312486267262949,500,27,473,r1b1kb1r/pp2pppp/2n2n2/2Pp4/5B2/2q1PN2/P2N1PPP/R2QKB1R w KQkq -,MODEL_PREDICTION_NOT_EMPIRICAL,after_key,0.0113351605832576,maia3,-92,-180,88,ERROR,100000
LON-10,B4,1500,maia3-79m,6,g2g3,g3,0.0118206376209855,0.9890689314343036,0.448404635595114,503,28,469,r1b1kb1r/pp2pppp/2n2n2/2Pp4/5B2/2q1PN2/P2N1PPP/R2QKB1R w KQkq -,MODEL_PREDICTION_NOT_EMPIRICAL,after_key,0.0118206376209855,maia3,-86,-182,96,ERROR,100000
LON-10,B4,1700,maia3-79m,6,g2g3,g3,0.0117970667779445,0.9896683357656002,0.4703368028344805,508,30,462,r1b1kb1r/pp2pppp/2n2n2/2Pp4/5B2/2q1PN2/P2N1PPP/R2QKB1R w KQkq -,MODEL_PREDICTION_NOT_EMPIRICAL,after_key,0.0117970667779445,maia3,-98,-172,74,ERROR,100000
LON-10,B4,1900,maia3-79m,7,g2g3,g3,0.0105955358594655,0.9897327157668768,0.4932666454104177,509,35,456,r1b1kb1r/pp2pppp/2n2n2/2Pp4/5B2/2q1PN2/P2N1PPP/R2QKB1R w KQkq -,MODEL_PREDICTION_NOT_EMPIRICAL,after_key,0.0105955358594655,maia3,-95,-172,77,ERROR,100000
LON-10,B4,2100,maia3-79m,7,g2g3,g3,0.0087140025570988,0.9894236333202572,0.5245369929792545,505,42,453,r1b1kb1r/pp2pppp/2n2n2/2Pp4/5B2/2q1PN2/P2N1PPP/R2QKB1R w KQkq -,MODEL_PREDICTION_NOT_EMPIRICAL,after_key,0.0087140025570988,maia3,-96,-180,84,ERROR,100000
LON-11,B4,1100,maia3-79m,6,g2g3,g3,0.0109514547511935,0.9878678212407976,0.4256131767466212,497,27,476,r1b1kb1r/pp2pppp/2n2n2/2pp4/3P1B2/2q1PN2/P2N1PPP/1R1QKB1R w Kkq -,MODEL_PREDICTION_NOT_EMPIRICAL,after_key,0.0109514547511935,maia3,-50,-200,150,SEVERE_ERROR,100000
LON-11,B4,1300,maia3-79m,6,g2g3,g3,0.0113351605832576,0.9883486481849104,0.4312486267262949,500,27,473,r1b1kb1r/pp2pppp/2n2n2/2pp4/3P1B2/2q1PN2/P2N1PPP/1R1QKB1R w Kkq -,MODEL_PREDICTION_NOT_EMPIRICAL,after_key,0.0113351605832576,maia3,-51,-194,143,SEVERE_ERROR,100000
LON-11,B4,1500,maia3-79m,6,g2g3,g3,0.0118206376209855,0.9890689314343036,0.448404635595114,503,28,469,r1b1kb1r/pp2pppp/2n2n2/2pp4/3P1B2/2q1PN2/P2N1PPP/1R1QKB1R w Kkq -,MODEL_PREDICTION_NOT_EMPIRICAL,after_key,0.0118206376209855,maia3,-52,-202,150,SEVERE_ERROR,100000
LON-11,B4,1700,maia3-79m,6,g2g3,g3,0.0117970667779445,0.9896683357656002,0.4703368028344805,508,30,462,r1b1kb1r/pp2pppp/2n2n2/2pp4/3P1B2/2q1PN2/P2N1PPP/1R1QKB1R w Kkq -,MODEL_PREDICTION_NOT_EMPIRICAL,after_key,0.0117970667779445,maia3,-60,-195,135,SEVERE_ERROR,100000
LON-11,B4,1900,maia3-79m,7,g2g3,g3,0.0105955358594655,0.9897327157668768,0.4932666454104177,509,35,456,r1b1kb1r/pp2pppp/2n2n2/2pp4/3P1B2/2q1PN2/P2N1PPP/1R1QKB1R w Kkq -,MODEL_PREDICTION_NOT_EMPIRICAL,after_key,0.0105955358594655,maia3,-58,-191,133,SEVERE_ERROR,100000
LON-11,B4,2100,maia3-79m,7,g2g3,g3,0.0087140025570988,0.9894236333202572,0.5245369929792545,505,42,453,r1b1kb1r/pp2pppp/2n2n2/2pp4/3P1B2/2q1PN2/P2N1PPP/1R1QKB1R w Kkq -,MODEL_PREDICTION_NOT_EMPIRICAL,after_key,0.0087140025570988,maia3,-50,-185,135,SEVERE_ERROR,100000
LON-12,B4,1100,maia3-79m,6,g2g3,g3,0.0109514547511935,0.9878678212407976,0.4256131767466212,497,27,476,r1b1kb1r/pp2pppp/2n2n2/2pp4/3P1B2/2qBPN2/P2N1PPP/R2QK2R w KQkq -,MODEL_PREDICTION_NOT_EMPIRICAL,after_key,0.0109514547511935,maia3,-144,-489,345,SEVERE_ERROR,100000
LON-12,B4,1300,maia3-79m,6,g2g3,g3,0.0113351605832576,0.9883486481849104,0.4312486267262949,500,27,473,r1b1kb1r/pp2pppp/2n2n2/2pp4/3P1B2/2qBPN2/P2N1PPP/R2QK2R w KQkq -,MODEL_PREDICTION_NOT_EMPIRICAL,after_key,0.0113351605832576,maia3,-151,-513,362,SEVERE_ERROR,100000
LON-12,B4,1500,maia3-79m,6,g2g3,g3,0.0118206376209855,0.9890689314343036,0.448404635595114,503,28,469,r1b1kb1r/pp2pppp/2n2n2/2pp4/3P1B2/2qBPN2/P2N1PPP/R2QK2R w KQkq -,MODEL_PREDICTION_NOT_EMPIRICAL,after_key,0.0118206376209855,maia3,-161,-508,347,SEVERE_ERROR,100000
LON-12,B4,1700,maia3-79m,6,g2g3,g3,0.0117970667779445,0.9896683357656002,0.4703368028344805,508,30,462,r1b1kb1r/pp2pppp/2n2n2/2pp4/3P1B2/2qBPN2/P2N1PPP/R2QK2R w KQkq -,MODEL_PREDICTION_NOT_EMPIRICAL,after_key,0.0117970667779445,maia3,-159,-529,370,SEVERE_ERROR,100000
LON-12,B4,1900,maia3-79m,7,g2g3,g3,0.0105955358594655,0.9897327157668768,0.4932666454104177,509,35,456,r1b1kb1r/pp2pppp/2n2n2/2pp4/3P1B2/2qBPN2/P2N1PPP/R2QK2R w KQkq -,MODEL_PREDICTION_NOT_EMPIRICAL,after_key,0.0105955358594655,maia3,-148,-527,379,SEVERE_ERROR,100000
LON-12,B4,2100,maia3-79m,7,g2g3,g3,0.0087140025570988,0.9894236333202572,0.5245369929792545,505,42,453,r1b1kb1r/pp2pppp/2n2n2/2pp4/3P1B2/2qBPN2/P2N1PPP/R2QK2R w KQkq -,MODEL_PREDICTION_NOT_EMPIRICAL,after_key,0.0087140025570988,maia3,-146,-515,369,SEVERE_ERROR,100000
LON-15,B4,1100,maia3-79m,6,g2g3,g3,0.0109514547511935,0.9878678212407976,0.4256131767466212,497,27,476,r1b1kb1r/pp2pppp/2n2n2/2pp4/Q2P1B2/2P1PN2/Pq3PPP/RN2KB1R w KQkq -,MODEL_PREDICTION_NOT_EMPIRICAL,after_key,0.0109514547511935,maia3,-175,-430,255,SEVERE_ERROR,100000
LON-15,B4,1300,maia3-79m,6,g2g3,g3,0.0113351605832576,0.9883486481849104,0.4312486267262949,500,27,473,r1b1kb1r/pp2pppp/2n2n2/2pp4/Q2P1B2/2P1PN2/Pq3PPP/RN2KB1R w KQkq -,MODEL_PREDICTION_NOT_EMPIRICAL,after_key,0.0113351605832576,maia3,-153,-416,263,SEVERE_ERROR,100000
LON-15,B4,1500,maia3-79m,6,g2g3,g3,0.0118206376209855,0.9890689314343036,0.448404635595114,503,28,469,r1b1kb1r/pp2pppp/2n2n2/2pp4/Q2P1B2/2P1PN2/Pq3PPP/RN2KB1R w KQkq -,MODEL_PREDICTION_NOT_EMPIRICAL,after_key,0.0118206376209855,maia3,-174,-404,230,SEVERE_ERROR,100000
LON-15,B4,1700,maia3-79m,6,g2g3,g3,0.0117970667779445,0.9896683357656002,0.4703368028344805,508,30,462,r1b1kb1r/pp2pppp/2n2n2/2pp4/Q2P1B2/2P1PN2/Pq3PPP/RN2KB1R w KQkq -,MODEL_PREDICTION_NOT_EMPIRICAL,after_key,0.0117970667779445,maia3,-178,-409,231,SEVERE_ERROR,100000
LON-15,B4,1900,maia3-79m,7,g2g3,g3,0.0105955358594655,0.9897327157668768,0.4932666454104177,509,35,456,r1b1kb1r/pp2pppp/2n2n2/2pp4/Q2P1B2/2P1PN2/Pq3PPP/RN2KB1R w KQkq -,MODEL_PREDICTION_NOT_EMPIRICAL,after_key,0.0105955358594655,maia3,-183,-401,218,SEVERE_ERROR,100000
LON-15,B4,2100,maia3-79m,7,g2g3,g3,0.0087140025570988,0.9894236333202572,0.5245369929792545,505,42,453,r1b1kb1r/pp2pppp/2n2n2/2pp4/Q2P1B2/2P1PN2/Pq3PPP/RN2KB1R w KQkq -,MODEL_PREDICTION_NOT_EMPIRICAL,after_key,0.0087140025570988,maia3,-192,-462,270,SEVERE_ERROR,100000
PST-04,B4,1100,maia3-79m,1,e2e4,e4,0.6771548986434937,0.9878678212407976,0.4256131767466212,513,26,461,rnbqkbn1/ppp1ppp1/7r/3p4/3P4/8/PPP1PPPP/RN1QKBNR w KQq -,MODEL_PREDICTION_NOT_EMPIRICAL,after_key,0.6771548986434937,maia3,-418,-438,20,OK,100000
PST-04,B4,1100,maia3-79m,3,e2e3,e3,0.0208527259528636,0.9878678212407976,0.4256131767466212,500,27,473,rnbqkbn1/ppp1ppp1/7r/3p4/3P4/8/PPP1PPPP/RN1QKBNR w KQq -,MODEL_PREDICTION_NOT_EMPIRICAL,after_key,0.0208527259528636,maia3,-404,-419,15,OK,100000
PST-04,B4,1100,maia3-79m,4,g1f3,Nf3,0.0199762973934412,0.9878678212407976,0.4256131767466212,517,27,456,rnbqkbn1/ppp1ppp1/7r/3p4/3P4/8/PPP1PPPP/RN1QKBNR w KQq -,MODEL_PREDICTION_NOT_EMPIRICAL,after_key,0.0199762973934412,maia3,-414,-404,0,OK,100000
PST-04,B4,1100,maia3-79m,5,c2c4,c4,0.0151630882173776,0.9878678212407976,0.4256131767466212,513,25,462,rnbqkbn1/ppp1ppp1/7r/3p4/3P4/8/PPP1PPPP/RN1QKBNR w KQq -,MODEL_PREDICTION_NOT_EMPIRICAL,after_key,0.0151630882173776,maia3,-399,-400,1,OK,100000
PST-04,B4,1100,maia3-79m,6,g2g3,g3,0.0109514547511935,0.9878678212407976,0.4256131767466212,497,27,476,rnbqkbn1/ppp1ppp1/7r/3p4/3P4/8/PPP1PPPP/RN1QKBNR w KQq -,MODEL_PREDICTION_NOT_EMPIRICAL,after_key,0.0109514547511935,maia3,-401,-419,18,OK,100000
PST-04,B4,1100,maia3-79m,7,b2b3,b3,0.0074914833530783,0.9878678212407976,0.4256131767466212,494,27,479,rnbqkbn1/ppp1ppp1/7r/3p4/3P4/8/PPP1PPPP/RN1QKBNR w KQq -,MODEL_PREDICTION_NOT_EMPIRICAL,after_key,0.0074914833530783,maia3,-391,-476,85,ERROR,100000
PST-04,B4,1100,maia3-79m,9,b1c3,Nc3,0.0049415295943617,0.9878678212407976,0.4256131767466212,507,27,466,rnbqkbn1/ppp1ppp1/7r/3p4/3P4/8/PPP1PPPP/RN1QKBNR w KQq -,MODEL_PREDICTION_NOT_EMPIRICAL,after_key,0.0049415295943617,maia3,-402,-403,1,OK,100000
PST-04,B4,1100,maia3-79m,10,f2f4,f4,0.0035755394492298,0.9878678212407976,0.4256131767466212,500,26,474,rnbqkbn1/ppp1ppp1/7r/3p4/3P4/8/PPP1PPPP/RN1QKBNR w KQq -,MODEL_PREDICTION_NOT_EMPIRICAL,after_key,0.0035755394492298,maia3,-402,-447,45,ERROR,100000
PST-04,B4,1300,maia3-79m,1,e2e4,e4,0.6652060747146606,0.9883486481849104,0.4312486267262949,508,25,467,rnbqkbn1/ppp1ppp1/7r/3p4/3P4/8/PPP1PPPP/RN1QKBNR w KQq -,MODEL_PREDICTION_NOT_EMPIRICAL,after_key,0.6652060747146606,maia3,-399,-457,58,ERROR,100000
PST-04,B4,1300,maia3-79m,3,g1f3,Nf3,0.0193633176386356,0.9883486481849104,0.4312486267262949,521,27,452,rnbqkbn1/ppp1ppp1/7r/3p4/3P4/8/PPP1PPPP/RN1QKBNR w KQq -,MODEL_PREDICTION_NOT_EMPIRICAL,after_key,0.0193633176386356,maia3,-401,-404,3,OK,100000
PST-04,B4,1300,maia3-79m,4,c2c4,c4,0.0186279136687517,0.9883486481849104,0.4312486267262949,513,25,462,rnbqkbn1/ppp1ppp1/7r/3p4/3P4/8/PPP1PPPP/RN1QKBNR w KQq -,MODEL_PREDICTION_NOT_EMPIRICAL,after_key,0.0186279136687517,maia3,-401,-404,3,OK,100000
PST-04,B4,1300,maia3-79m,5,e2e3,e3,0.0176263321191072,0.9883486481849104,0.4312486267262949,499,26,475,rnbqkbn1/ppp1ppp1/7r/3p4/3P4/8/PPP1PPPP/RN1QKBNR w KQq -,MODEL_PREDICTION_NOT_EMPIRICAL,after_key,0.0176263321191072,maia3,-394,-401,7,OK,100000
PST-04,B4,1300,maia3-79m,6,g2g3,g3,0.0113351605832576,0.9883486481849104,0.4312486267262949,500,27,473,rnbqkbn1/ppp1ppp1/7r/3p4/3P4/8/PPP1PPPP/RN1QKBNR w KQq -,MODEL_PREDICTION_NOT_EMPIRICAL,after_key,0.0113351605832576,maia3,-396,-408,12,OK,100000
PST-04,B4,1300,maia3-79m,7,b2b3,b3,0.0088089434430003,0.9883486481849104,0.4312486267262949,503,26,471,rnbqkbn1/ppp1ppp1/7r/3p4/3P4/8/PPP1PPPP/RN1QKBNR w KQq -,MODEL_PREDICTION_NOT_EMPIRICAL,after_key,0.0088089434430003,maia3,-395,-484,89,ERROR,100000
PST-04,B4,1300,maia3-79m,9,f2f4,f4,0.0041140238754451,0.9883486481849104,0.4312486267262949,506,25,469,rnbqkbn1/ppp1ppp1/7r/3p4/3P4/8/PPP1PPPP/RN1QKBNR w KQq -,MODEL_PREDICTION_NOT_EMPIRICAL,after_key,0.0041140238754451,maia3,-396,-435,39,OK,100000
PST-04,B4,1300,maia3-79m,10,b1c3,Nc3,0.0035150202456861,0.9883486481849104,0.4312486267262949,513,26,461,rnbqkbn1/ppp1ppp1/7r/3p4/3P4/8/PPP1PPPP/RN1QKBNR w KQq -,MODEL_PREDICTION_NOT_EMPIRICAL,after_key,0.0035150202456861,maia3,-398,-395,0,OK,100000
PST-04,B4,1500,maia3-79m,1,e2e4,e4,0.6482347846031189,0.9890689314343036,0.448404635595114,505,27,468,rnbqkbn1/ppp1ppp1/7r/3p4/3P4/8/PPP1PPPP/RN1QKBNR w KQq -,MODEL_PREDICTION_NOT_EMPIRICAL,after_key,0.6482347846031189,maia3,-384,-411,27,OK,100000
PST-04,B4,1500,maia3-79m,3,c2c4,c4,0.0230318326503038,0.9890689314343036,0.448404635595114,511,27,462,rnbqkbn1/ppp1ppp1/7r/3p4/3P4/8/PPP1PPPP/RN1QKBNR w KQq -,MODEL_PREDICTION_NOT_EMPIRICAL,after_key,0.0230318326503038,maia3,-397,-393,0,OK,100000
PST-04,B4,1500,maia3-79m,4,g1f3,Nf3,0.0206830464303493,0.9890689314343036,0.448404635595114,525,27,448,rnbqkbn1/ppp1ppp1/7r/3p4/3P4/8/PPP1PPPP/RN1QKBNR w KQq -,MODEL_PREDICTION_NOT_EMPIRICAL,after_key,0.0206830464303493,maia3,-394,-388,0,OK,100000
PST-04,B4,1500,maia3-79m,5,e2e3,e3,0.0152594503015279,0.9890689314343036,0.448404635595114,497,27,476,rnbqkbn1/ppp1ppp1/7r/3p4/3P4/8/PPP1PPPP/RN1QKBNR w KQq -,MODEL_PREDICTION_NOT_EMPIRICAL,after_key,0.0152594503015279,maia3,-391,-397,6,OK,100000
PST-04,B4,1500,maia3-79m,6,g2g3,g3,0.0118206376209855,0.9890689314343036,0.448404635595114,503,28,469,rnbqkbn1/ppp1ppp1/7r/3p4/3P4/8/PPP1PPPP/RN1QKBNR w KQq -,MODEL_PREDICTION_NOT_EMPIRICAL,after_key,0.0118206376209855,maia3,-395,-411,16,OK,100000
PST-04,B4,1500,maia3-79m,7,b2b3,b3,0.0103525295853614,0.9890689314343036,0.448404635595114,505,27,468,rnbqkbn1/ppp1ppp1/7r/3p4/3P4/8/PPP1PPPP/RN1QKBNR w KQq -,MODEL_PREDICTION_NOT_EMPIRICAL,after_key,0.0103525295853614,maia3,-391,-489,98,ERROR,100000
PST-04,B4,1500,maia3-79m,8,f2f4,f4,0.0058752936311066,0.9890689314343036,0.448404635595114,507,25,468,rnbqkbn1/ppp1ppp1/7r/3p4/3P4/8/PPP1PPPP/RN1QKBNR w KQq -,MODEL_PREDICTION_NOT_EMPIRICAL,after_key,0.0058752936311066,maia3,-394,-439,45,ERROR,100000
PST-04,B4,1500,maia3-79m,10,b2b4,b4,0.0039066667668521,0.9890689314343036,0.448404635595114,515,24,461,rnbqkbn1/ppp1ppp1/7r/3p4/3P4/8/PPP1PPPP/RN1QKBNR w KQq -,MODEL_PREDICTION_NOT_EMPIRICAL,after_key,0.0039066667668521,maia3,-389,-492,103,SEVERE_ERROR,100000
PST-04,B4,1700,maia3-79m,1,e2e4,e4,0.625694990158081,0.9896683357656002,0.4703368028344805,504,29,467,rnbqkbn1/ppp1ppp1/7r/3p4/3P4/8/PPP1PPPP/RN1QKBNR w KQq -,MODEL_PREDICTION_NOT_EMPIRICAL,after_key,0.625694990158081,maia3,-396,-417,21,OK,100000
PST-04,B4,1700,maia3-79m,3,c2c4,c4,0.029208268970251,0.9896683357656002,0.4703368028344805,513,30,457,rnbqkbn1/ppp1ppp1/7r/3p4/3P4/8/PPP1PPPP/RN1QKBNR w KQq -,MODEL_PREDICTION_NOT_EMPIRICAL,after_key,0.029208268970251,maia3,-394,-390,0,OK,100000
PST-04,B4,1700,maia3-79m,4,g1f3,Nf3,0.0238940399140119,0.9896683357656002,0.4703368028344805,530,30,440,rnbqkbn1/ppp1ppp1/7r/3p4/3P4/8/PPP1PPPP/RN1QKBNR w KQq -,MODEL_PREDICTION_NOT_EMPIRICAL,after_key,0.0238940399140119,maia3,-390,-393,3,OK,100000
PST-04,B4,1700,maia3-79m,5,e2e3,e3,0.0127331614494323,0.9896683357656002,0.4703368028344805,501,29,470,rnbqkbn1/ppp1ppp1/7r/3p4/3P4/8/PPP1PPPP/RN1QKBNR w KQq -,MODEL_PREDICTION_NOT_EMPIRICAL,after_key,0.0127331614494323,maia3,-389,-395,6,OK,100000
PST-04,B4,1700,maia3-79m,6,g2g3,g3,0.0117970667779445,0.9896683357656002,0.4703368028344805,508,30,462,rnbqkbn1/ppp1ppp1/7r/3p4/3P4/8/PPP1PPPP/RN1QKBNR w KQq -,MODEL_PREDICTION_NOT_EMPIRICAL,after_key,0.0117970667779445,maia3,-391,-409,18,OK,100000
PST-04,B4,1700,maia3-79m,7,b2b3,b3,0.0114017035812139,0.9896683357656002,0.4703368028344805,510,29,461,rnbqkbn1/ppp1ppp1/7r/3p4/3P4/8/PPP1PPPP/RN1QKBNR w KQq -,MODEL_PREDICTION_NOT_EMPIRICAL,after_key,0.0114017035812139,maia3,-392,-489,97,ERROR,100000
PST-04,B4,1700,maia3-79m,8,f2f4,f4,0.0088289910927414,0.9896683357656002,0.4703368028344805,507,28,465,rnbqkbn1/ppp1ppp1/7r/3p4/3P4/8/PPP1PPPP/RN1QKBNR w KQq -,MODEL_PREDICTION_NOT_EMPIRICAL,after_key,0.0088289910927414,maia3,-390,-445,55,ERROR,100000
PST-04,B4,1700,maia3-79m,9,b2b4,b4,0.0044242879375815,0.9896683357656002,0.4703368028344805,518,27,455,rnbqkbn1/ppp1ppp1/7r/3p4/3P4/8/PPP1PPPP/RN1QKBNR w KQq -,MODEL_PREDICTION_NOT_EMPIRICAL,after_key,0.0044242879375815,maia3,-398,-505,107,SEVERE_ERROR,100000
PST-04,B4,1900,maia3-79m,1,e2e4,e4,0.5982585549354553,0.9897327157668768,0.4932666454104177,503,33,464,rnbqkbn1/ppp1ppp1/7r/3p4/3P4/8/PPP1PPPP/RN1QKBNR w KQq -,MODEL_PREDICTION_NOT_EMPIRICAL,after_key,0.5982585549354553,maia3,-393,-415,22,OK,100000
PST-04,B4,1900,maia3-79m,3,c2c4,c4,0.0372077524662017,0.9897327157668768,0.4932666454104177,512,35,453,rnbqkbn1/ppp1ppp1/7r/3p4/3P4/8/PPP1PPPP/RN1QKBNR w KQq -,MODEL_PREDICTION_NOT_EMPIRICAL,after_key,0.0372077524662017,maia3,-395,-410,15,OK,100000
PST-04,B4,1900,maia3-79m,4,g1f3,Nf3,0.0307666920125484,0.9897327157668768,0.4932666454104177,527,36,437,rnbqkbn1/ppp1ppp1/7r/3p4/3P4/8/PPP1PPPP/RN1QKBNR w KQq -,MODEL_PREDICTION_NOT_EMPIRICAL,after_key,0.0307666920125484,maia3,-396,-395,0,OK,100000
PST-04,B4,1900,maia3-79m,5,f2f4,f4,0.0122731383889913,0.9897327157668768,0.4932666454104177,504,32,464,rnbqkbn1/ppp1ppp1/7r/3p4/3P4/8/PPP1PPPP/RN1QKBNR w KQq -,MODEL_PREDICTION_NOT_EMPIRICAL,after_key,0.0122731383889913,maia3,-388,-439,51,ERROR,100000
PST-04,B4,1900,maia3-79m,6,b2b3,b3,0.0116183338686823,0.9897327157668768,0.4932666454104177,513,34,453,rnbqkbn1/ppp1ppp1/7r/3p4/3P4/8/PPP1PPPP/RN1QKBNR w KQq -,MODEL_PREDICTION_NOT_EMPIRICAL,after_key,0.0116183338686823,maia3,-388,-488,100,SEVERE_ERROR,100000
PST-04,B4,1900,maia3-79m,7,g2g3,g3,0.0105955358594655,0.9897327157668768,0.4932666454104177,509,35,456,rnbqkbn1/ppp1ppp1/7r/3p4/3P4/8/PPP1PPPP/RN1QKBNR w KQq -,MODEL_PREDICTION_NOT_EMPIRICAL,after_key,0.0105955358594655,maia3,-392,-422,30,OK,100000
PST-04,B4,1900,maia3-79m,8,e2e3,e3,0.0098551996052265,0.9897327157668768,0.4932666454104177,501,34,465,rnbqkbn1/ppp1ppp1/7r/3p4/3P4/8/PPP1PPPP/RN1QKBNR w KQq -,MODEL_PREDICTION_NOT_EMPIRICAL,after_key,0.0098551996052265,maia3,-394,-392,0,OK,100000
PST-04,B4,1900,maia3-79m,9,b2b4,b4,0.0044146692380309,0.9897327157668768,0.4932666454104177,517,31,452,rnbqkbn1/ppp1ppp1/7r/3p4/3P4/8/PPP1PPPP/RN1QKBNR w KQq -,MODEL_PREDICTION_NOT_EMPIRICAL,after_key,0.0044146692380309,maia3,-387,-477,90,ERROR,100000
PST-04,B4,2100,maia3-79m,1,e2e4,e4,0.5516610741615295,0.9894236333202572,0.5245369929792545,498,41,461,rnbqkbn1/ppp1ppp1/7r/3p4/3P4/8/PPP1PPPP/RN1QKBNR w KQq -,MODEL_PREDICTION_NOT_EMPIRICAL,after_key,0.5516610741615295,maia3,-392,-410,18,OK,100000
PST-04,B4,2100,maia3-79m,3,g1f3,Nf3,0.0481594055891037,0.9894236333202572,0.5245369929792545,516,45,439,rnbqkbn1/ppp1ppp1/7r/3p4/3P4/8/PPP1PPPP/RN1QKBNR w KQq -,MODEL_PREDICTION_NOT_EMPIRICAL,after_key,0.0481594055891037,maia3,-393,-394,1,OK,100000
PST-04,B4,2100,maia3-79m,4,c2c4,c4,0.0476539246737957,0.9894236333202572,0.5245369929792545,507,43,450,rnbqkbn1/ppp1ppp1/7r/3p4/3P4/8/PPP1PPPP/RN1QKBNR w KQq -,MODEL_PREDICTION_NOT_EMPIRICAL,after_key,0.0476539246737957,maia3,-392,-396,4,OK,100000
PST-04,B4,2100,maia3-79m,5,f2f4,f4,0.0124846855178475,0.9894236333202572,0.5245369929792545,497,40,463,rnbqkbn1/ppp1ppp1/7r/3p4/3P4/8/PPP1PPPP/RN1QKBNR w KQq -,MODEL_PREDICTION_NOT_EMPIRICAL,after_key,0.0124846855178475,maia3,-394,-431,37,OK,100000
PST-04,B4,2100,maia3-79m,6,b2b3,b3,0.0121682006865739,0.9894236333202572,0.5245369929792545,507,42,451,rnbqkbn1/ppp1ppp1/7r/3p4/3P4/8/PPP1PPPP/RN1QKBNR w KQq -,MODEL_PREDICTION_NOT_EMPIRICAL,after_key,0.0121682006865739,maia3,-383,-486,103,SEVERE_ERROR,100000
PST-04,B4,2100,maia3-79m,7,g2g3,g3,0.0087140025570988,0.9894236333202572,0.5245369929792545,505,42,453,rnbqkbn1/ppp1ppp1/7r/3p4/3P4/8/PPP1PPPP/RN1QKBNR w KQq -,MODEL_PREDICTION_NOT_EMPIRICAL,after_key,0.0087140025570988,maia3,-389,-405,16,OK,100000
PST-04,B4,2100,maia3-79m,8,e2e3,e3,0.0068940538913011,0.9894236333202572,0.5245369929792545,497,43,460,rnbqkbn1/ppp1ppp1/7r/3p4/3P4/8/PPP1PPPP/RN1QKBNR w KQq -,MODEL_PREDICTION_NOT_EMPIRICAL,after_key,0.0068940538913011,maia3,-389,-392,3,OK,100000
PST-04,B4,2100,maia3-79m,9,b1c3,Nc3,0.004463599063456,0.9894236333202572,0.5245369929792545,521,42,437,rnbqkbn1/ppp1ppp1/7r/3p4/3P4/8/PPP1PPPP/RN1QKBNR w KQq -,MODEL_PREDICTION_NOT_EMPIRICAL,after_key,0.004463599063456,maia3,-393,-407,14,OK,100000
LON-07,B5,1100,maia3-79m,6,g2g3,g3,0.0109514547511935,0.9878678212407976,0.4256131767466212,497,27,476,r1b1kb1r/pp2pp2/1qn4p/2pp2pn/3P3B/2P1PN2/PPQ2PPP/RN2KB1R w KQkq -,MODEL_PREDICTION_NOT_EMPIRICAL,after_key,0.0109514547511935,maia3,-66,-364,298,SEVERE_ERROR,100000
LON-07,B5,1100,maia3-79m,7,b2b3,b3,0.0074914833530783,0.9878678212407976,0.4256131767466212,494,27,479,r1b1kb1r/pp2pp2/1qn4p/2pp2pn/3P3B/2P1PN2/PPQ2PPP/RN2KB1R w KQkq -,MODEL_PREDICTION_NOT_EMPIRICAL,after_key,0.0074914833530783,maia3,-53,-428,375,SEVERE_ERROR,100000
LON-07,B5,1300,maia3-79m,6,g2g3,g3,0.0113351605832576,0.9883486481849104,0.4312486267262949,500,27,473,r1b1kb1r/pp2pp2/1qn4p/2pp2pn/3P3B/2P1PN2/PPQ2PPP/RN2KB1R w KQkq -,MODEL_PREDICTION_NOT_EMPIRICAL,after_key,0.0113351605832576,maia3,-79,-363,284,SEVERE_ERROR,100000
LON-07,B5,1300,maia3-79m,7,b2b3,b3,0.0088089434430003,0.9883486481849104,0.4312486267262949,503,26,471,r1b1kb1r/pp2pp2/1qn4p/2pp2pn/3P3B/2P1PN2/PPQ2PPP/RN2KB1R w KQkq -,MODEL_PREDICTION_NOT_EMPIRICAL,after_key,0.0088089434430003,maia3,-77,-429,352,SEVERE_ERROR,100000
LON-07,B5,1500,maia3-79m,6,g2g3,g3,0.0118206376209855,0.9890689314343036,0.448404635595114,503,28,469,r1b1kb1r/pp2pp2/1qn4p/2pp2pn/3P3B/2P1PN2/PPQ2PPP/RN2KB1R w KQkq -,MODEL_PREDICTION_NOT_EMPIRICAL,after_key,0.0118206376209855,maia3,-59,-360,301,SEVERE_ERROR,100000
LON-07,B5,1500,maia3-79m,7,b2b3,b3,0.0103525295853614,0.9890689314343036,0.448404635595114,505,27,468,r1b1kb1r/pp2pp2/1qn4p/2pp2pn/3P3B/2P1PN2/PPQ2PPP/RN2KB1R w KQkq -,MODEL_PREDICTION_NOT_EMPIRICAL,after_key,0.0103525295853614,maia3,-77,-420,343,SEVERE_ERROR,100000
LON-07,B5,1500,maia3-79m,10,b2b4,b4,0.0039066667668521,0.9890689314343036,0.448404635595114,515,24,461,r1b1kb1r/pp2pp2/1qn4p/2pp2pn/3P3B/2P1PN2/PPQ2PPP/RN2KB1R w KQkq -,MODEL_PREDICTION_NOT_EMPIRICAL,after_key,0.0039066667668521,maia3,-80,-327,247,SEVERE_ERROR,100000
LON-07,B5,1700,maia3-79m,6,g2g3,g3,0.0117970667779445,0.9896683357656002,0.4703368028344805,508,30,462,r1b1kb1r/pp2pp2/1qn4p/2pp2pn/3P3B/2P1PN2/PPQ2PPP/RN2KB1R w KQkq -,MODEL_PREDICTION_NOT_EMPIRICAL,after_key,0.0117970667779445,maia3,-77,-368,291,SEVERE_ERROR,100000
LON-07,B5,1700,maia3-79m,7,b2b3,b3,0.0114017035812139,0.9896683357656002,0.4703368028344805,510,29,461,r1b1kb1r/pp2pp2/1qn4p/2pp2pn/3P3B/2P1PN2/PPQ2PPP/RN2KB1R w KQkq -,MODEL_PREDICTION_NOT_EMPIRICAL,after_key,0.0114017035812139,maia3,-70,-422,352,SEVERE_ERROR,100000
LON-07,B5,1700,maia3-79m,9,b2b4,b4,0.0044242879375815,0.9896683357656002,0.4703368028344805,518,27,455,r1b1kb1r/pp2pp2/1qn4p/2pp2pn/3P3B/2P1PN2/PPQ2PPP/RN2KB1R w KQkq -,MODEL_PREDICTION_NOT_EMPIRICAL,after_key,0.0044242879375815,maia3,-75,-311,236,SEVERE_ERROR,100000
LON-07,B5,1900,maia3-79m,6,b2b3,b3,0.0116183338686823,0.9897327157668768,0.4932666454104177,513,34,453,r1b1kb1r/pp2pp2/1qn4p/2pp2pn/3P3B/2P1PN2/PPQ2PPP/RN2KB1R w KQkq -,MODEL_PREDICTION_NOT_EMPIRICAL,after_key,0.0116183338686823,maia3,-74,-423,349,SEVERE_ERROR,100000
LON-07,B5,1900,maia3-79m,7,g2g3,g3,0.0105955358594655,0.9897327157668768,0.4932666454104177,509,35,456,r1b1kb1r/pp2pp2/1qn4p/2pp2pn/3P3B/2P1PN2/PPQ2PPP/RN2KB1R w KQkq -,MODEL_PREDICTION_NOT_EMPIRICAL,after_key,0.0105955358594655,maia3,-75,-368,293,SEVERE_ERROR,100000
LON-07,B5,1900,maia3-79m,9,b2b4,b4,0.0044146692380309,0.9897327157668768,0.4932666454104177,517,31,452,r1b1kb1r/pp2pp2/1qn4p/2pp2pn/3P3B/2P1PN2/PPQ2PPP/RN2KB1R w KQkq -,MODEL_PREDICTION_NOT_EMPIRICAL,after_key,0.0044146692380309,maia3,-75,-313,238,SEVERE_ERROR,100000
LON-07,B5,2100,maia3-79m,6,b2b3,b3,0.0121682006865739,0.9894236333202572,0.5245369929792545,507,42,451,r1b1kb1r/pp2pp2/1qn4p/2pp2pn/3P3B/2P1PN2/PPQ2PPP/RN2KB1R w KQkq -,MODEL_PREDICTION_NOT_EMPIRICAL,after_key,0.0121682006865739,maia3,-73,-430,357,SEVERE_ERROR,100000
LON-07,B5,2100,maia3-79m,7,g2g3,g3,0.0087140025570988,0.9894236333202572,0.5245369929792545,505,42,453,r1b1kb1r/pp2pp2/1qn4p/2pp2pn/3P3B/2P1PN2/PPQ2PPP/RN2KB1R w KQkq -,MODEL_PREDICTION_NOT_EMPIRICAL,after_key,0.0087140025570988,maia3,-63,-363,300,SEVERE_ERROR,100000
TOR-02,B5,1100,maia3-79m,3,e2e3,e3,0.0208527259528636,0.9878678212407976,0.4256131767466212,500,27,473,rnbqkb1r/ppp1ppp1/8/3p3p/3Pn2B/5N2/PPP1PPPP/RN1QKB1R w KQkq -,MODEL_PREDICTION_NOT_EMPIRICAL,after_key,0.0208527259528636,maia3,-43,-31,0,OK,100000
TOR-02,B5,1100,maia3-79m,5,c2c4,c4,0.0151630882173776,0.9878678212407976,0.4256131767466212,513,25,462,rnbqkb1r/ppp1ppp1/8/3p3p/3Pn2B/5N2/PPP1PPPP/RN1QKB1R w KQkq -,MODEL_PREDICTION_NOT_EMPIRICAL,after_key,0.0151630882173776,maia3,-22,-98,76,ERROR,100000
TOR-02,B5,1100,maia3-79m,6,g2g3,g3,0.0109514547511935,0.9878678212407976,0.4256131767466212,497,27,476,rnbqkb1r/ppp1ppp1/8/3p3p/3Pn2B/5N2/PPP1PPPP/RN1QKB1R w KQkq -,MODEL_PREDICTION_NOT_EMPIRICAL,after_key,0.0109514547511935,maia3,-19,-202,183,SEVERE_ERROR,100000
TOR-02,B5,1100,maia3-79m,7,b2b3,b3,0.0074914833530783,0.9878678212407976,0.4256131767466212,494,27,479,rnbqkb1r/ppp1ppp1/8/3p3p/3Pn2B/5N2/PPP1PPPP/RN1QKB1R w KQkq -,MODEL_PREDICTION_NOT_EMPIRICAL,after_key,0.0074914833530783,maia3,-20,-212,192,SEVERE_ERROR,100000
TOR-02,B5,1100,maia3-79m,9,b1c3,Nc3,0.0049415295943617,0.9878678212407976,0.4256131767466212,507,27,466,rnbqkb1r/ppp1ppp1/8/3p3p/3Pn2B/5N2/PPP1PPPP/RN1QKB1R w KQkq -,MODEL_PREDICTION_NOT_EMPIRICAL,after_key,0.0049415295943617,maia3,-24,-76,52,ERROR,100000
TOR-02,B5,1300,maia3-79m,4,c2c4,c4,0.0186279136687517,0.9883486481849104,0.4312486267262949,513,25,462,rnbqkb1r/ppp1ppp1/8/3p3p/3Pn2B/5N2/PPP1PPPP/RN1QKB1R w KQkq -,MODEL_PREDICTION_NOT_EMPIRICAL,after_key,0.0186279136687517,maia3,-25,-99,74,ERROR,100000
TOR-02,B5,1300,maia3-79m,5,e2e3,e3,0.0176263321191072,0.9883486481849104,0.4312486267262949,499,26,475,rnbqkb1r/ppp1ppp1/8/3p3p/3Pn2B/5N2/PPP1PPPP/RN1QKB1R w KQkq -,MODEL_PREDICTION_NOT_EMPIRICAL,after_key,0.0176263321191072,maia3,-22,-21,0,OK,100000
TOR-02,B5,1300,maia3-79m,6,g2g3,g3,0.0113351605832576,0.9883486481849104,0.4312486267262949,500,27,473,rnbqkb1r/ppp1ppp1/8/3p3p/3Pn2B/5N2/PPP1PPPP/RN1QKB1R w KQkq -,MODEL_PREDICTION_NOT_EMPIRICAL,after_key,0.0113351605832576,maia3,-21,-201,180,SEVERE_ERROR,100000
TOR-02,B5,1300,maia3-79m,7,b2b3,b3,0.0088089434430003,0.9883486481849104,0.4312486267262949,503,26,471,rnbqkb1r/ppp1ppp1/8/3p3p/3Pn2B/5N2/PPP1PPPP/RN1QKB1R w KQkq -,MODEL_PREDICTION_NOT_EMPIRICAL,after_key,0.0088089434430003,maia3,-14,-215,201,SEVERE_ERROR,100000
TOR-02,B5,1300,maia3-79m,10,b1c3,Nc3,0.0035150202456861,0.9883486481849104,0.4312486267262949,513,26,461,rnbqkb1r/ppp1ppp1/8/3p3p/3Pn2B/5N2/PPP1PPPP/RN1QKB1R w KQkq -,MODEL_PREDICTION_NOT_EMPIRICAL,after_key,0.0035150202456861,maia3,-21,-73,52,ERROR,100000
TOR-02,B5,1500,maia3-79m,3,c2c4,c4,0.0230318326503038,0.9890689314343036,0.448404635595114,511,27,462,rnbqkb1r/ppp1ppp1/8/3p3p/3Pn2B/5N2/PPP1PPPP/RN1QKB1R w KQkq -,MODEL_PREDICTION_NOT_EMPIRICAL,after_key,0.0230318326503038,maia3,-27,-98,71,ERROR,100000
TOR-02,B5,1500,maia3-79m,5,e2e3,e3,0.0152594503015279,0.9890689314343036,0.448404635595114,497,27,476,rnbqkb1r/ppp1ppp1/8/3p3p/3Pn2B/5N2/PPP1PPPP/RN1QKB1R w KQkq -,MODEL_PREDICTION_NOT_EMPIRICAL,after_key,0.0152594503015279,maia3,-20,-21,1,OK,100000
TOR-02,B5,1500,maia3-79m,6,g2g3,g3,0.0118206376209855,0.9890689314343036,0.448404635595114,503,28,469,rnbqkb1r/ppp1ppp1/8/3p3p/3Pn2B/5N2/PPP1PPPP/RN1QKB1R w KQkq -,MODEL_PREDICTION_NOT_EMPIRICAL,after_key,0.0118206376209855,maia3,-21,-205,184,SEVERE_ERROR,100000
TOR-02,B5,1500,maia3-79m,7,b2b3,b3,0.0103525295853614,0.9890689314343036,0.448404635595114,505,27,468,rnbqkb1r/ppp1ppp1/8/3p3p/3Pn2B/5N2/PPP1PPPP/RN1QKB1R w KQkq -,MODEL_PREDICTION_NOT_EMPIRICAL,after_key,0.0103525295853614,maia3,-24,-206,182,SEVERE_ERROR,100000
TOR-02,B5,1500,maia3-79m,10,b2b4,b4,0.0039066667668521,0.9890689314343036,0.448404635595114,515,24,461,rnbqkb1r/ppp1ppp1/8/3p3p/3Pn2B/5N2/PPP1PPPP/RN1QKB1R w KQkq -,MODEL_PREDICTION_NOT_EMPIRICAL,after_key,0.0039066667668521,maia3,-20,-213,193,SEVERE_ERROR,100000
TOR-02,B5,1700,maia3-79m,3,c2c4,c4,0.029208268970251,0.9896683357656002,0.4703368028344805,513,30,457,rnbqkb1r/ppp1ppp1/8/3p3p/3Pn2B/5N2/PPP1PPPP/RN1QKB1R w KQkq -,MODEL_PREDICTION_NOT_EMPIRICAL,after_key,0.029208268970251,maia3,-16,-96,80,ERROR,100000
TOR-02,B5,1700,maia3-79m,5,e2e3,e3,0.0127331614494323,0.9896683357656002,0.4703368028344805,501,29,470,rnbqkb1r/ppp1ppp1/8/3p3p/3Pn2B/5N2/PPP1PPPP/RN1QKB1R w KQkq -,MODEL_PREDICTION_NOT_EMPIRICAL,after_key,0.0127331614494323,maia3,-25,-22,0,OK,100000
TOR-02,B5,1700,maia3-79m,6,g2g3,g3,0.0117970667779445,0.9896683357656002,0.4703368028344805,508,30,462,rnbqkb1r/ppp1ppp1/8/3p3p/3Pn2B/5N2/PPP1PPPP/RN1QKB1R w KQkq -,MODEL_PREDICTION_NOT_EMPIRICAL,after_key,0.0117970667779445,maia3,-21,-193,172,SEVERE_ERROR,100000
TOR-02,B5,1700,maia3-79m,7,b2b3,b3,0.0114017035812139,0.9896683357656002,0.4703368028344805,510,29,461,rnbqkb1r/ppp1ppp1/8/3p3p/3Pn2B/5N2/PPP1PPPP/RN1QKB1R w KQkq -,MODEL_PREDICTION_NOT_EMPIRICAL,after_key,0.0114017035812139,maia3,-25,-220,195,SEVERE_ERROR,100000
TOR-02,B5,1700,maia3-79m,9,b2b4,b4,0.0044242879375815,0.9896683357656002,0.4703368028344805,518,27,455,rnbqkb1r/ppp1ppp1/8/3p3p/3Pn2B/5N2/PPP1PPPP/RN1QKB1R w KQkq -,MODEL_PREDICTION_NOT_EMPIRICAL,after_key,0.0044242879375815,maia3,-18,-218,200,SEVERE_ERROR,100000
TOR-02,B5,1900,maia3-79m,3,c2c4,c4,0.0372077524662017,0.9897327157668768,0.4932666454104177,512,35,453,rnbqkb1r/ppp1ppp1/8/3p3p/3Pn2B/5N2/PPP1PPPP/RN1QKB1R w KQkq -,MODEL_PREDICTION_NOT_EMPIRICAL,after_key,0.0372077524662017,maia3,-17,-99,82,ERROR,100000
TOR-02,B5,1900,maia3-79m,6,b2b3,b3,0.0116183338686823,0.9897327157668768,0.4932666454104177,513,34,453,rnbqkb1r/ppp1ppp1/8/3p3p/3Pn2B/5N2/PPP1PPPP/RN1QKB1R w KQkq -,MODEL_PREDICTION_NOT_EMPIRICAL,after_key,0.0116183338686823,maia3,-25,-201,176,SEVERE_ERROR,100000
TOR-02,B5,1900,maia3-79m,7,g2g3,g3,0.0105955358594655,0.9897327157668768,0.4932666454104177,509,35,456,rnbqkb1r/ppp1ppp1/8/3p3p/3Pn2B/5N2/PPP1PPPP/RN1QKB1R w KQkq -,MODEL_PREDICTION_NOT_EMPIRICAL,after_key,0.0105955358594655,maia3,-24,-201,177,SEVERE_ERROR,100000
TOR-02,B5,1900,maia3-79m,8,e2e3,e3,0.0098551996052265,0.9897327157668768,0.4932666454104177,501,34,465,rnbqkb1r/ppp1ppp1/8/3p3p/3Pn2B/5N2/PPP1PPPP/RN1QKB1R w KQkq -,MODEL_PREDICTION_NOT_EMPIRICAL,after_key,0.0098551996052265,maia3,-26,-26,0,OK,100000
TOR-02,B5,1900,maia3-79m,9,b2b4,b4,0.0044146692380309,0.9897327157668768,0.4932666454104177,517,31,452,rnbqkb1r/ppp1ppp1/8/3p3p/3Pn2B/5N2/PPP1PPPP/RN1QKB1R w KQkq -,MODEL_PREDICTION_NOT_EMPIRICAL,after_key,0.0044146692380309,maia3,-29,-205,176,SEVERE_ERROR,100000
TOR-02,B5,2100,maia3-79m,4,c2c4,c4,0.0476539246737957,0.9894236333202572,0.5245369929792545,507,43,450,rnbqkb1r/ppp1ppp1/8/3p3p/3Pn2B/5N2/PPP1PPPP/RN1QKB1R w KQkq -,MODEL_PREDICTION_NOT_EMPIRICAL,after_key,0.0476539246737957,maia3,-29,-100,71,ERROR,100000
TOR-02,B5,2100,maia3-79m,6,b2b3,b3,0.0121682006865739,0.9894236333202572,0.5245369929792545,507,42,451,rnbqkb1r/ppp1ppp1/8/3p3p/3Pn2B/5N2/PPP1PPPP/RN1QKB1R w KQkq -,MODEL_PREDICTION_NOT_EMPIRICAL,after_key,0.0121682006865739,maia3,-24,-223,199,SEVERE_ERROR,100000
TOR-02,B5,2100,maia3-79m,7,g2g3,g3,0.0087140025570988,0.9894236333202572,0.5245369929792545,505,42,453,rnbqkb1r/ppp1ppp1/8/3p3p/3Pn2B/5N2/PPP1PPPP/RN1QKB1R w KQkq -,MODEL_PREDICTION_NOT_EMPIRICAL,after_key,0.0087140025570988,maia3,-27,-198,171,SEVERE_ERROR,100000
TOR-02,B5,2100,maia3-79m,8,e2e3,e3,0.0068940538913011,0.9894236333202572,0.5245369929792545,497,43,460,rnbqkb1r/ppp1ppp1/8/3p3p/3Pn2B/5N2/PPP1PPPP/RN1QKB1R w KQkq -,MODEL_PREDICTION_NOT_EMPIRICAL,after_key,0.0068940538913011,maia3,-28,-30,2,OK,100000
TOR-02,B5,2100,maia3-79m,9,b1c3,Nc3,0.004463599063456,0.9894236333202572,0.5245369929792545,521,42,437,rnbqkb1r/ppp1ppp1/8/3p3p/3Pn2B/5N2/PPP1PPPP/RN1QKB1R w KQkq -,MODEL_PREDICTION_NOT_EMPIRICAL,after_key,0.004463599063456,maia3,-23,-78,55,ERROR,100000
TOR-05,B5,1100,maia3-79m,3,e2e3,e3,0.0208527259528636,0.9878678212407976,0.4256131767466212,500,27,473,rnbqkb1r/pp2pppp/8/2pp2B1/3Pn2P/5N2/PPP1PPP1/RN1QKB1R w KQkq -,MODEL_PREDICTION_NOT_EMPIRICAL,after_key,0.0208527259528636,maia3,-57,-53,0,OK,100000
TOR-05,B5,1100,maia3-79m,5,c2c4,c4,0.0151630882173776,0.9878678212407976,0.4256131767466212,513,25,462,rnbqkb1r/pp2pppp/8/2pp2B1/3Pn2P/5N2/PPP1PPP1/RN1QKB1R w KQkq -,MODEL_PREDICTION_NOT_EMPIRICAL,after_key,0.0151630882173776,maia3,-45,-54,9,OK,100000
TOR-05,B5,1100,maia3-79m,6,g2g3,g3,0.0109514547511935,0.9878678212407976,0.4256131767466212,497,27,476,rnbqkb1r/pp2pppp/8/2pp2B1/3Pn2P/5N2/PPP1PPP1/RN1QKB1R w KQkq -,MODEL_PREDICTION_NOT_EMPIRICAL,after_key,0.0109514547511935,maia3,-48,-88,40,ERROR,100000
TOR-05,B5,1100,maia3-79m,7,b2b3,b3,0.0074914833530783,0.9878678212407976,0.4256131767466212,494,27,479,rnbqkb1r/pp2pppp/8/2pp2B1/3Pn2P/5N2/PPP1PPP1/RN1QKB1R w KQkq -,MODEL_PREDICTION_NOT_EMPIRICAL,after_key,0.0074914833530783,maia3,-49,-202,153,SEVERE_ERROR,100000
TOR-05,B5,1100,maia3-79m,9,b1c3,Nc3,0.0049415295943617,0.9878678212407976,0.4256131767466212,507,27,466,rnbqkb1r/pp2pppp/8/2pp2B1/3Pn2P/5N2/PPP1PPP1/RN1QKB1R w KQkq -,MODEL_PREDICTION_NOT_EMPIRICAL,after_key,0.0049415295943617,maia3,-49,-72,23,OK,100000
TOR-05,B5,1300,maia3-79m,4,c2c4,c4,0.0186279136687517,0.9883486481849104,0.4312486267262949,513,25,462,rnbqkb1r/pp2pppp/8/2pp2B1/3Pn2P/5N2/PPP1PPP1/RN1QKB1R w KQkq -,MODEL_PREDICTION_NOT_EMPIRICAL,after_key,0.0186279136687517,maia3,-44,-52,8,OK,100000
TOR-05,B5,1300,maia3-79m,5,e2e3,e3,0.0176263321191072,0.9883486481849104,0.4312486267262949,499,26,475,rnbqkb1r/pp2pppp/8/2pp2B1/3Pn2P/5N2/PPP1PPP1/RN1QKB1R w KQkq -,MODEL_PREDICTION_NOT_EMPIRICAL,after_key,0.0176263321191072,maia3,-48,-43,0,OK,100000
TOR-05,B5,1300,maia3-79m,6,g2g3,g3,0.0113351605832576,0.9883486481849104,0.4312486267262949,500,27,473,rnbqkb1r/pp2pppp/8/2pp2B1/3Pn2P/5N2/PPP1PPP1/RN1QKB1R w KQkq -,MODEL_PREDICTION_NOT_EMPIRICAL,after_key,0.0113351605832576,maia3,-48,-89,41,ERROR,100000
TOR-05,B5,1300,maia3-79m,7,b2b3,b3,0.0088089434430003,0.9883486481849104,0.4312486267262949,503,26,471,rnbqkb1r/pp2pppp/8/2pp2B1/3Pn2P/5N2/PPP1PPP1/RN1QKB1R w KQkq -,MODEL_PREDICTION_NOT_EMPIRICAL,after_key,0.0088089434430003,maia3,-46,-196,150,SEVERE_ERROR,100000
TOR-05,B5,1300,maia3-79m,10,b1c3,Nc3,0.0035150202456861,0.9883486481849104,0.4312486267262949,513,26,461,rnbqkb1r/pp2pppp/8/2pp2B1/3Pn2P/5N2/PPP1PPP1/RN1QKB1R w KQkq -,MODEL_PREDICTION_NOT_EMPIRICAL,after_key,0.0035150202456861,maia3,-41,-75,34,OK,100000
TOR-05,B5,1500,maia3-79m,3,c2c4,c4,0.0230318326503038,0.9890689314343036,0.448404635595114,511,27,462,rnbqkb1r/pp2pppp/8/2pp2B1/3Pn2P/5N2/PPP1PPP1/RN1QKB1R w KQkq -,MODEL_PREDICTION_NOT_EMPIRICAL,after_key,0.0230318326503038,maia3,-41,-56,15,OK,100000
TOR-05,B5,1500,maia3-79m,5,e2e3,e3,0.0152594503015279,0.9890689314343036,0.448404635595114,497,27,476,rnbqkb1r/pp2pppp/8/2pp2B1/3Pn2P/5N2/PPP1PPP1/RN1QKB1R w KQkq -,MODEL_PREDICTION_NOT_EMPIRICAL,after_key,0.0152594503015279,maia3,-44,-37,0,OK,100000
TOR-05,B5,1500,maia3-79m,6,g2g3,g3,0.0118206376209855,0.9890689314343036,0.448404635595114,503,28,469,rnbqkb1r/pp2pppp/8/2pp2B1/3Pn2P/5N2/PPP1PPP1/RN1QKB1R w KQkq -,MODEL_PREDICTION_NOT_EMPIRICAL,after_key,0.0118206376209855,maia3,-36,-93,57,ERROR,100000
TOR-05,B5,1500,maia3-79m,7,b2b3,b3,0.0103525295853614,0.9890689314343036,0.448404635595114,505,27,468,rnbqkb1r/pp2pppp/8/2pp2B1/3Pn2P/5N2/PPP1PPP1/RN1QKB1R w KQkq -,MODEL_PREDICTION_NOT_EMPIRICAL,after_key,0.0103525295853614,maia3,-41,-225,184,SEVERE_ERROR,100000
TOR-05,B5,1500,maia3-79m,10,b2b4,b4,0.0039066667668521,0.9890689314343036,0.448404635595114,515,24,461,rnbqkb1r/pp2pppp/8/2pp2B1/3Pn2P/5N2/PPP1PPP1/RN1QKB1R w KQkq -,MODEL_PREDICTION_NOT_EMPIRICAL,after_key,0.0039066667668521,maia3,-42,-218,176,SEVERE_ERROR,100000
TOR-05,B5,1700,maia3-79m,3,c2c4,c4,0.029208268970251,0.9896683357656002,0.4703368028344805,513,30,457,rnbqkb1r/pp2pppp/8/2pp2B1/3Pn2P/5N2/PPP1PPP1/RN1QKB1R w KQkq -,MODEL_PREDICTION_NOT_EMPIRICAL,after_key,0.029208268970251,maia3,-56,-63,7,OK,100000
TOR-05,B5,1700,maia3-79m,5,e2e3,e3,0.0127331614494323,0.9896683357656002,0.4703368028344805,501,29,470,rnbqkb1r/pp2pppp/8/2pp2B1/3Pn2P/5N2/PPP1PPP1/RN1QKB1R w KQkq -,MODEL_PREDICTION_NOT_EMPIRICAL,after_key,0.0127331614494323,maia3,-60,-42,0,OK,100000
TOR-05,B5,1700,maia3-79m,6,g2g3,g3,0.0117970667779445,0.9896683357656002,0.4703368028344805,508,30,462,rnbqkb1r/pp2pppp/8/2pp2B1/3Pn2P/5N2/PPP1PPP1/RN1QKB1R w KQkq -,MODEL_PREDICTION_NOT_EMPIRICAL,after_key,0.0117970667779445,maia3,-43,-94,51,ERROR,100000
TOR-05,B5,1700,maia3-79m,7,b2b3,b3,0.0114017035812139,0.9896683357656002,0.4703368028344805,510,29,461,rnbqkb1r/pp2pppp/8/2pp2B1/3Pn2P/5N2/PPP1PPP1/RN1QKB1R w KQkq -,MODEL_PREDICTION_NOT_EMPIRICAL,after_key,0.0114017035812139,maia3,-39,-217,178,SEVERE_ERROR,100000
TOR-05,B5,1700,maia3-79m,9,b2b4,b4,0.0044242879375815,0.9896683357656002,0.4703368028344805,518,27,455,rnbqkb1r/pp2pppp/8/2pp2B1/3Pn2P/5N2/PPP1PPP1/RN1QKB1R w KQkq -,MODEL_PREDICTION_NOT_EMPIRICAL,after_key,0.0044242879375815,maia3,-44,-220,176,SEVERE_ERROR,100000
TOR-05,B5,1900,maia3-79m,3,c2c4,c4,0.0372077524662017,0.9897327157668768,0.4932666454104177,512,35,453,rnbqkb1r/pp2pppp/8/2pp2B1/3Pn2P/5N2/PPP1PPP1/RN1QKB1R w KQkq -,MODEL_PREDICTION_NOT_EMPIRICAL,after_key,0.0372077524662017,maia3,-43,-63,20,OK,100000
TOR-05,B5,1900,maia3-79m,6,b2b3,b3,0.0116183338686823,0.9897327157668768,0.4932666454104177,513,34,453,rnbqkb1r/pp2pppp/8/2pp2B1/3Pn2P/5N2/PPP1PPP1/RN1QKB1R w KQkq -,MODEL_PREDICTION_NOT_EMPIRICAL,after_key,0.0116183338686823,maia3,-42,-194,152,SEVERE_ERROR,100000
TOR-05,B5,1900,maia3-79m,7,g2g3,g3,0.0105955358594655,0.9897327157668768,0.4932666454104177,509,35,456,rnbqkb1r/pp2pppp/8/2pp2B1/3Pn2P/5N2/PPP1PPP1/RN1QKB1R w KQkq -,MODEL_PREDICTION_NOT_EMPIRICAL,after_key,0.0105955358594655,maia3,-40,-87,47,ERROR,100000
TOR-05,B5,1900,maia3-79m,8,e2e3,e3,0.0098551996052265,0.9897327157668768,0.4932666454104177,501,34,465,rnbqkb1r/pp2pppp/8/2pp2B1/3Pn2P/5N2/PPP1PPP1/RN1QKB1R w KQkq -,MODEL_PREDICTION_NOT_EMPIRICAL,after_key,0.0098551996052265,maia3,-43,-45,2,OK,100000
TOR-05,B5,1900,maia3-79m,9,b2b4,b4,0.0044146692380309,0.9897327157668768,0.4932666454104177,517,31,452,rnbqkb1r/pp2pppp/8/2pp2B1/3Pn2P/5N2/PPP1PPP1/RN1QKB1R w KQkq -,MODEL_PREDICTION_NOT_EMPIRICAL,after_key,0.0044146692380309,maia3,-46,-198,152,SEVERE_ERROR,100000
TOR-05,B5,2100,maia3-79m,4,c2c4,c4,0.0476539246737957,0.9894236333202572,0.5245369929792545,507,43,450,rnbqkb1r/pp2pppp/8/2pp2B1/3Pn2P/5N2/PPP1PPP1/RN1QKB1R w KQkq -,MODEL_PREDICTION_NOT_EMPIRICAL,after_key,0.0476539246737957,maia3,-38,-50,12,OK,100000
TOR-05,B5,2100,maia3-79m,6,b2b3,b3,0.0121682006865739,0.9894236333202572,0.5245369929792545,507,42,451,rnbqkb1r/pp2pppp/8/2pp2B1/3Pn2P/5N2/PPP1PPP1/RN1QKB1R w KQkq -,MODEL_PREDICTION_NOT_EMPIRICAL,after_key,0.0121682006865739,maia3,-38,-195,157,SEVERE_ERROR,100000
TOR-05,B5,2100,maia3-79m,7,g2g3,g3,0.0087140025570988,0.9894236333202572,0.5245369929792545,505,42,453,rnbqkb1r/pp2pppp/8/2pp2B1/3Pn2P/5N2/PPP1PPP1/RN1QKB1R w KQkq -,MODEL_PREDICTION_NOT_EMPIRICAL,after_key,0.0087140025570988,maia3,-37,-83,46,ERROR,100000
TOR-05,B5,2100,maia3-79m,8,e2e3,e3,0.0068940538913011,0.9894236333202572,0.5245369929792545,497,43,460,rnbqkb1r/pp2pppp/8/2pp2B1/3Pn2P/5N2/PPP1PPP1/RN1QKB1R w KQkq -,MODEL_PREDICTION_NOT_EMPIRICAL,after_key,0.0068940538913011,maia3,-37,-39,2,OK,100000
TOR-05,B5,2100,maia3-79m,9,b1c3,Nc3,0.004463599063456,0.9894236333202572,0.5245369929792545,521,42,437,rnbqkb1r/pp2pppp/8/2pp2B1/3Pn2P/5N2/PPP1PPP1/RN1QKB1R w KQkq -,MODEL_PREDICTION_NOT_EMPIRICAL,after_key,0.004463599063456,maia3,-44,-75,31,OK,100000
PST-01,B5,1100,maia3-79m,1,e2e4,e4,0.6771548986434937,0.9878678212407976,0.4256131767466212,513,26,461,rnbqkbnr/pp2ppp1/7p/2pp4/3P3B/8/PPP1PPPP/RN1QKBNR w KQkq -,MODEL_PREDICTION_NOT_EMPIRICAL,after_key,0.6771548986434937,maia3,-13,-139,126,SEVERE_ERROR,100000
PST-01,B5,1100,maia3-79m,3,e2e3,e3,0.0208527259528636,0.9878678212407976,0.4256131767466212,500,27,473,rnbqkbnr/pp2ppp1/7p/2pp4/3P3B/8/PPP1PPPP/RN1QKBNR w KQkq -,MODEL_PREDICTION_NOT_EMPIRICAL,after_key,0.0208527259528636,maia3,-10,-13,3,OK,100000
PST-01,B5,1100,maia3-79m,4,g1f3,Nf3,0.0199762973934412,0.9878678212407976,0.4256131767466212,517,27,456,rnbqkbnr/pp2ppp1/7p/2pp4/3P3B/8/PPP1PPPP/RN1QKBNR w KQkq -,MODEL_PREDICTION_NOT_EMPIRICAL,after_key,0.0199762973934412,maia3,-15,-30,15,OK,100000
PST-01,B5,1100,maia3-79m,5,c2c4,c4,0.0151630882173776,0.9878678212407976,0.4256131767466212,513,25,462,rnbqkbnr/pp2ppp1/7p/2pp4/3P3B/8/PPP1PPPP/RN1QKBNR w KQkq -,MODEL_PREDICTION_NOT_EMPIRICAL,after_key,0.0151630882173776,maia3,-13,-80,67,ERROR,100000
PST-01,B5,1100,maia3-79m,6,g2g3,g3,0.0109514547511935,0.9878678212407976,0.4256131767466212,497,27,476,rnbqkbnr/pp2ppp1/7p/2pp4/3P3B/8/PPP1PPPP/RN1QKBNR w KQkq -,MODEL_PREDICTION_NOT_EMPIRICAL,after_key,0.0109514547511935,maia3,-11,-416,405,SEVERE_ERROR,100000
PST-01,B5,1100,maia3-79m,7,b2b3,b3,0.0074914833530783,0.9878678212407976,0.4256131767466212,494,27,479,rnbqkbnr/pp2ppp1/7p/2pp4/3P3B/8/PPP1PPPP/RN1QKBNR w KQkq -,MODEL_PREDICTION_NOT_EMPIRICAL,after_key,0.0074914833530783,maia3,-13,-188,175,SEVERE_ERROR,100000
PST-01,B5,1100,maia3-79m,9,b1c3,Nc3,0.0049415295943617,0.9878678212407976,0.4256131767466212,507,27,466,rnbqkbnr/pp2ppp1/7p/2pp4/3P3B/8/PPP1PPPP/RN1QKBNR w KQkq -,MODEL_PREDICTION_NOT_EMPIRICAL,after_key,0.0049415295943617,maia3,-15,-43,28,OK,100000
PST-01,B5,1100,maia3-79m,10,f2f4,f4,0.0035755394492298,0.9878678212407976,0.4256131767466212,500,26,474,rnbqkbnr/pp2ppp1/7p/2pp4/3P3B/8/PPP1PPPP/RN1QKBNR w KQkq -,MODEL_PREDICTION_NOT_EMPIRICAL,after_key,0.0035755394492298,maia3,-8,-125,117,SEVERE_ERROR,100000
PST-01,B5,1300,maia3-79m,1,e2e4,e4,0.6652060747146606,0.9883486481849104,0.4312486267262949,508,25,467,rnbqkbnr/pp2ppp1/7p/2pp4/3P3B/8/PPP1PPPP/RN1QKBNR w KQkq -,MODEL_PREDICTION_NOT_EMPIRICAL,after_key,0.6652060747146606,maia3,-14,-139,125,SEVERE_ERROR,100000
PST-01,B5,1300,maia3-79m,3,g1f3,Nf3,0.0193633176386356,0.9883486481849104,0.4312486267262949,521,27,452,rnbqkbnr/pp2ppp1/7p/2pp4/3P3B/8/PPP1PPPP/RN1QKBNR w KQkq -,MODEL_PREDICTION_NOT_EMPIRICAL,after_key,0.0193633176386356,maia3,-16,-29,13,OK,100000
PST-01,B5,1300,maia3-79m,4,c2c4,c4,0.0186279136687517,0.9883486481849104,0.4312486267262949,513,25,462,rnbqkbnr/pp2ppp1/7p/2pp4/3P3B/8/PPP1PPPP/RN1QKBNR w KQkq -,MODEL_PREDICTION_NOT_EMPIRICAL,after_key,0.0186279136687517,maia3,-22,-74,52,ERROR,100000
PST-01,B5,1300,maia3-79m,5,e2e3,e3,0.0176263321191072,0.9883486481849104,0.4312486267262949,499,26,475,rnbqkbnr/pp2ppp1/7p/2pp4/3P3B/8/PPP1PPPP/RN1QKBNR w KQkq -,MODEL_PREDICTION_NOT_EMPIRICAL,after_key,0.0176263321191072,maia3,-22,-16,0,OK,100000
PST-01,B5,1300,maia3-79m,6,g2g3,g3,0.0113351605832576,0.9883486481849104,0.4312486267262949,500,27,473,rnbqkbnr/pp2ppp1/7p/2pp4/3P3B/8/PPP1PPPP/RN1QKBNR w KQkq -,MODEL_PREDICTION_NOT_EMPIRICAL,after_key,0.0113351605832576,maia3,-20,-424,404,SEVERE_ERROR,100000
PST-01,B5,1300,maia3-79m,7,b2b3,b3,0.0088089434430003,0.9883486481849104,0.4312486267262949,503,26,471,rnbqkbnr/pp2ppp1/7p/2pp4/3P3B/8/PPP1PPPP/RN1QKBNR w KQkq -,MODEL_PREDICTION_NOT_EMPIRICAL,after_key,0.0088089434430003,maia3,-21,-172,151,SEVERE_ERROR,100000
PST-01,B5,1300,maia3-79m,9,f2f4,f4,0.0041140238754451,0.9883486481849104,0.4312486267262949,506,25,469,rnbqkbnr/pp2ppp1/7p/2pp4/3P3B/8/PPP1PPPP/RN1QKBNR w KQkq -,MODEL_PREDICTION_NOT_EMPIRICAL,after_key,0.0041140238754451,maia3,-16,-135,119,SEVERE_ERROR,100000
PST-01,B5,1300,maia3-79m,10,b1c3,Nc3,0.0035150202456861,0.9883486481849104,0.4312486267262949,513,26,461,rnbqkbnr/pp2ppp1/7p/2pp4/3P3B/8/PPP1PPPP/RN1QKBNR w KQkq -,MODEL_PREDICTION_NOT_EMPIRICAL,after_key,0.0035150202456861,maia3,-19,-41,22,OK,100000
PST-01,B5,1500,maia3-79m,1,e2e4,e4,0.6482347846031189,0.9890689314343036,0.448404635595114,505,27,468,rnbqkbnr/pp2ppp1/7p/2pp4/3P3B/8/PPP1PPPP/RN1QKBNR w KQkq -,MODEL_PREDICTION_NOT_EMPIRICAL,after_key,0.6482347846031189,maia3,-17,-143,126,SEVERE_ERROR,100000
PST-01,B5,1500,maia3-79m,3,c2c4,c4,0.0230318326503038,0.9890689314343036,0.448404635595114,511,27,462,rnbqkbnr/pp2ppp1/7p/2pp4/3P3B/8/PPP1PPPP/RN1QKBNR w KQkq -,MODEL_PREDICTION_NOT_EMPIRICAL,after_key,0.0230318326503038,maia3,-16,-90,74,ERROR,100000
PST-01,B5,1500,maia3-79m,4,g1f3,Nf3,0.0206830464303493,0.9890689314343036,0.448404635595114,525,27,448,rnbqkbnr/pp2ppp1/7p/2pp4/3P3B/8/PPP1PPPP/RN1QKBNR w KQkq -,MODEL_PREDICTION_NOT_EMPIRICAL,after_key,0.0206830464303493,maia3,-20,-25,5,OK,100000
PST-01,B5,1500,maia3-79m,5,e2e3,e3,0.0152594503015279,0.9890689314343036,0.448404635595114,497,27,476,rnbqkbnr/pp2ppp1/7p/2pp4/3P3B/8/PPP1PPPP/RN1QKBNR w KQkq -,MODEL_PREDICTION_NOT_EMPIRICAL,after_key,0.0152594503015279,maia3,-19,-25,6,OK,100000
PST-01,B5,1500,maia3-79m,6,g2g3,g3,0.0118206376209855,0.9890689314343036,0.448404635595114,503,28,469,rnbqkbnr/pp2ppp1/7p/2pp4/3P3B/8/PPP1PPPP/RN1QKBNR w KQkq -,MODEL_PREDICTION_NOT_EMPIRICAL,after_key,0.0118206376209855,maia3,-22,-427,405,SEVERE_ERROR,100000
PST-01,B5,1500,maia3-79m,7,b2b3,b3,0.0103525295853614,0.9890689314343036,0.448404635595114,505,27,468,rnbqkbnr/pp2ppp1/7p/2pp4/3P3B/8/PPP1PPPP/RN1QKBNR w KQkq -,MODEL_PREDICTION_NOT_EMPIRICAL,after_key,0.0103525295853614,maia3,-23,-175,152,SEVERE_ERROR,100000
PST-01,B5,1500,maia3-79m,8,f2f4,f4,0.0058752936311066,0.9890689314343036,0.448404635595114,507,25,468,rnbqkbnr/pp2ppp1/7p/2pp4/3P3B/8/PPP1PPPP/RN1QKBNR w KQkq -,MODEL_PREDICTION_NOT_EMPIRICAL,after_key,0.0058752936311066,maia3,-26,-130,104,SEVERE_ERROR,100000
PST-01,B5,1500,maia3-79m,10,b2b4,b4,0.0039066667668521,0.9890689314343036,0.448404635595114,515,24,461,rnbqkbnr/pp2ppp1/7p/2pp4/3P3B/8/PPP1PPPP/RN1QKBNR w KQkq -,MODEL_PREDICTION_NOT_EMPIRICAL,after_key,0.0039066667668521,maia3,-21,-160,139,SEVERE_ERROR,100000
PST-01,B5,1700,maia3-79m,1,e2e4,e4,0.625694990158081,0.9896683357656002,0.4703368028344805,504,29,467,rnbqkbnr/pp2ppp1/7p/2pp4/3P3B/8/PPP1PPPP/RN1QKBNR w KQkq -,MODEL_PREDICTION_NOT_EMPIRICAL,after_key,0.625694990158081,maia3,-26,-151,125,SEVERE_ERROR,100000
PST-01,B5,1700,maia3-79m,3,c2c4,c4,0.029208268970251,0.9896683357656002,0.4703368028344805,513,30,457,rnbqkbnr/pp2ppp1/7p/2pp4/3P3B/8/PPP1PPPP/RN1QKBNR w KQkq -,MODEL_PREDICTION_NOT_EMPIRICAL,after_key,0.029208268970251,maia3,-22,-94,72,ERROR,100000
PST-01,B5,1700,maia3-79m,4,g1f3,Nf3,0.0238940399140119,0.9896683357656002,0.4703368028344805,530,30,440,rnbqkbnr/pp2ppp1/7p/2pp4/3P3B/8/PPP1PPPP/RN1QKBNR w KQkq -,MODEL_PREDICTION_NOT_EMPIRICAL,after_key,0.0238940399140119,maia3,-28,-24,0,OK,100000
PST-01,B5,1700,maia3-79m,5,e2e3,e3,0.0127331614494323,0.9896683357656002,0.4703368028344805,501,29,470,rnbqkbnr/pp2ppp1/7p/2pp4/3P3B/8/PPP1PPPP/RN1QKBNR w KQkq -,MODEL_PREDICTION_NOT_EMPIRICAL,after_key,0.0127331614494323,maia3,-31,-25,0,OK,100000
PST-01,B5,1700,maia3-79m,6,g2g3,g3,0.0117970667779445,0.9896683357656002,0.4703368028344805,508,30,462,rnbqkbnr/pp2ppp1/7p/2pp4/3P3B/8/PPP1PPPP/RN1QKBNR w KQkq -,MODEL_PREDICTION_NOT_EMPIRICAL,after_key,0.0117970667779445,maia3,-22,-419,397,SEVERE_ERROR,100000
PST-01,B5,1700,maia3-79m,7,b2b3,b3,0.0114017035812139,0.9896683357656002,0.4703368028344805,510,29,461,rnbqkbnr/pp2ppp1/7p/2pp4/3P3B/8/PPP1PPPP/RN1QKBNR w KQkq -,MODEL_PREDICTION_NOT_EMPIRICAL,after_key,0.0114017035812139,maia3,-17,-163,146,SEVERE_ERROR,100000
PST-01,B5,1700,maia3-79m,8,f2f4,f4,0.0088289910927414,0.9896683357656002,0.4703368028344805,507,28,465,rnbqkbnr/pp2ppp1/7p/2pp4/3P3B/8/PPP1PPPP/RN1QKBNR w KQkq -,MODEL_PREDICTION_NOT_EMPIRICAL,after_key,0.0088289910927414,maia3,-16,-142,126,SEVERE_ERROR,100000
PST-01,B5,1700,maia3-79m,9,b2b4,b4,0.0044242879375815,0.9896683357656002,0.4703368028344805,518,27,455,rnbqkbnr/pp2ppp1/7p/2pp4/3P3B/8/PPP1PPPP/RN1QKBNR w KQkq -,MODEL_PREDICTION_NOT_EMPIRICAL,after_key,0.0044242879375815,maia3,-22,-153,131,SEVERE_ERROR,100000
PST-01,B5,1900,maia3-79m,1,e2e4,e4,0.5982585549354553,0.9897327157668768,0.4932666454104177,503,33,464,rnbqkbnr/pp2ppp1/7p/2pp4/3P3B/8/PPP1PPPP/RN1QKBNR w KQkq -,MODEL_PREDICTION_NOT_EMPIRICAL,after_key,0.5982585549354553,maia3,-18,-142,124,SEVERE_ERROR,100000
PST-01,B5,1900,maia3-79m,3,c2c4,c4,0.0372077524662017,0.9897327157668768,0.4932666454104177,512,35,453,rnbqkbnr/pp2ppp1/7p/2pp4/3P3B/8/PPP1PPPP/RN1QKBNR w KQkq -,MODEL_PREDICTION_NOT_EMPIRICAL,after_key,0.0372077524662017,maia3,-23,-88,65,ERROR,100000
PST-01,B5,1900,maia3-79m,4,g1f3,Nf3,0.0307666920125484,0.9897327157668768,0.4932666454104177,527,36,437,rnbqkbnr/pp2ppp1/7p/2pp4/3P3B/8/PPP1PPPP/RN1QKBNR w KQkq -,MODEL_PREDICTION_NOT_EMPIRICAL,after_key,0.0307666920125484,maia3,-26,-25,0,OK,100000
PST-01,B5,1900,maia3-79m,5,f2f4,f4,0.0122731383889913,0.9897327157668768,0.4932666454104177,504,32,464,rnbqkbnr/pp2ppp1/7p/2pp4/3P3B/8/PPP1PPPP/RN1QKBNR w KQkq -,MODEL_PREDICTION_NOT_EMPIRICAL,after_key,0.0122731383889913,maia3,-22,-139,117,SEVERE_ERROR,100000
PST-01,B5,1900,maia3-79m,6,b2b3,b3,0.0116183338686823,0.9897327157668768,0.4932666454104177,513,34,453,rnbqkbnr/pp2ppp1/7p/2pp4/3P3B/8/PPP1PPPP/RN1QKBNR w KQkq -,MODEL_PREDICTION_NOT_EMPIRICAL,after_key,0.0116183338686823,maia3,-24,-178,154,SEVERE_ERROR,100000
PST-01,B5,1900,maia3-79m,7,g2g3,g3,0.0105955358594655,0.9897327157668768,0.4932666454104177,509,35,456,rnbqkbnr/pp2ppp1/7p/2pp4/3P3B/8/PPP1PPPP/RN1QKBNR w KQkq -,MODEL_PREDICTION_NOT_EMPIRICAL,after_key,0.0105955358594655,maia3,-20,-429,409,SEVERE_ERROR,100000
PST-01,B5,1900,maia3-79m,8,e2e3,e3,0.0098551996052265,0.9897327157668768,0.4932666454104177,501,34,465,rnbqkbnr/pp2ppp1/7p/2pp4/3P3B/8/PPP1PPPP/RN1QKBNR w KQkq -,MODEL_PREDICTION_NOT_EMPIRICAL,after_key,0.0098551996052265,maia3,-19,-18,0,OK,100000
PST-01,B5,1900,maia3-79m,9,b2b4,b4,0.0044146692380309,0.9897327157668768,0.4932666454104177,517,31,452,rnbqkbnr/pp2ppp1/7p/2pp4/3P3B/8/PPP1PPPP/RN1QKBNR w KQkq -,MODEL_PREDICTION_NOT_EMPIRICAL,after_key,0.0044146692380309,maia3,-22,-159,137,SEVERE_ERROR,100000
PST-01,B5,2100,maia3-79m,1,e2e4,e4,0.5516610741615295,0.9894236333202572,0.5245369929792545,498,41,461,rnbqkbnr/pp2ppp1/7p/2pp4/3P3B/8/PPP1PPPP/RN1QKBNR w KQkq -,MODEL_PREDICTION_NOT_EMPIRICAL,after_key,0.5516610741615295,maia3,-20,-152,132,SEVERE_ERROR,100000
PST-01,B5,2100,maia3-79m,3,g1f3,Nf3,0.0481594055891037,0.9894236333202572,0.5245369929792545,516,45,439,rnbqkbnr/pp2ppp1/7p/2pp4/3P3B/8/PPP1PPPP/RN1QKBNR w KQkq -,MODEL_PREDICTION_NOT_EMPIRICAL,after_key,0.0481594055891037,maia3,-21,-20,0,OK,100000
PST-01,B5,2100,maia3-79m,4,c2c4,c4,0.0476539246737957,0.9894236333202572,0.5245369929792545,507,43,450,rnbqkbnr/pp2ppp1/7p/2pp4/3P3B/8/PPP1PPPP/RN1QKBNR w KQkq -,MODEL_PREDICTION_NOT_EMPIRICAL,after_key,0.0476539246737957,maia3,-20,-90,70,ERROR,100000
PST-01,B5,2100,maia3-79m,5,f2f4,f4,0.0124846855178475,0.9894236333202572,0.5245369929792545,497,40,463,rnbqkbnr/pp2ppp1/7p/2pp4/3P3B/8/PPP1PPPP/RN1QKBNR w KQkq -,MODEL_PREDICTION_NOT_EMPIRICAL,after_key,0.0124846855178475,maia3,-23,-131,108,SEVERE_ERROR,100000
PST-01,B5,2100,maia3-79m,6,b2b3,b3,0.0121682006865739,0.9894236333202572,0.5245369929792545,507,42,451,rnbqkbnr/pp2ppp1/7p/2pp4/3P3B/8/PPP1PPPP/RN1QKBNR w KQkq -,MODEL_PREDICTION_NOT_EMPIRICAL,after_key,0.0121682006865739,maia3,-21,-178,157,SEVERE_ERROR,100000
PST-01,B5,2100,maia3-79m,7,g2g3,g3,0.0087140025570988,0.9894236333202572,0.5245369929792545,505,42,453,rnbqkbnr/pp2ppp1/7p/2pp4/3P3B/8/PPP1PPPP/RN1QKBNR w KQkq -,MODEL_PREDICTION_NOT_EMPIRICAL,after_key,0.0087140025570988,maia3,-21,-413,392,SEVERE_ERROR,100000
PST-01,B5,2100,maia3-79m,8,e2e3,e3,0.0068940538913011,0.9894236333202572,0.5245369929792545,497,43,460,rnbqkbnr/pp2ppp1/7p/2pp4/3P3B/8/PPP1PPPP/RN1QKBNR w KQkq -,MODEL_PREDICTION_NOT_EMPIRICAL,after_key,0.0068940538913011,maia3,-18,-12,0,OK,100000
PST-01,B5,2100,maia3-79m,9,b1c3,Nc3,0.004463599063456,0.9894236333202572,0.5245369929792545,521,42,437,rnbqkbnr/pp2ppp1/7p/2pp4/3P3B/8/PPP1PPPP/RN1QKBNR w KQkq -,MODEL_PREDICTION_NOT_EMPIRICAL,after_key,0.004463599063456,maia3,-18,-35,17,OK,100000
ORD-09,B6,1100,maia3-79m,1,e2e4,e4,0.6771548986434937,0.9878678212407976,0.4256131767466212,513,26,461,r1bqkb1r/pp1npppp/5n2/3p4/3N1B1P/8/PPP1PPP1/RN1QKB1R w KQkq -,MODEL_PREDICTION_NOT_EMPIRICAL,after_key,0.6771548986434937,maia3,-118,-357,239,SEVERE_ERROR,100000
ORD-09,B6,1100,maia3-79m,3,e2e3,e3,0.0208527259528636,0.9878678212407976,0.4256131767466212,500,27,473,r1bqkb1r/pp1npppp/5n2/3p4/3N1B1P/8/PPP1PPP1/RN1QKB1R w KQkq -,MODEL_PREDICTION_NOT_EMPIRICAL,after_key,0.0208527259528636,maia3,-126,-384,258,SEVERE_ERROR,100000
ORD-09,B6,1100,maia3-79m,5,c2c4,c4,0.0151630882173776,0.9878678212407976,0.4256131767466212,513,25,462,r1bqkb1r/pp1npppp/5n2/3p4/3N1B1P/8/PPP1PPP1/RN1QKB1R w KQkq -,MODEL_PREDICTION_NOT_EMPIRICAL,after_key,0.0151630882173776,maia3,-128,-385,257,SEVERE_ERROR,100000
ORD-09,B6,1100,maia3-79m,6,g2g3,g3,0.0109514547511935,0.9878678212407976,0.4256131767466212,497,27,476,r1bqkb1r/pp1npppp/5n2/3p4/3N1B1P/8/PPP1PPP1/RN1QKB1R w KQkq -,MODEL_PREDICTION_NOT_EMPIRICAL,after_key,0.0109514547511935,maia3,-129,-399,270,SEVERE_ERROR,100000
ORD-09,B6,1100,maia3-79m,7,b2b3,b3,0.0074914833530783,0.9878678212407976,0.4256131767466212,494,27,479,r1bqkb1r/pp1npppp/5n2/3p4/3N1B1P/8/PPP1PPP1/RN1QKB1R w KQkq -,MODEL_PREDICTION_NOT_EMPIRICAL,after_key,0.0074914833530783,maia3,-127,-478,351,SEVERE_ERROR,100000
ORD-09,B6,1100,maia3-79m,9,b1c3,Nc3,0.0049415295943617,0.9878678212407976,0.4256131767466212,507,27,466,r1bqkb1r/pp1npppp/5n2/3p4/3N1B1P/8/PPP1PPP1/RN1QKB1R w KQkq -,MODEL_PREDICTION_NOT_EMPIRICAL,after_key,0.0049415295943617,maia3,-123,-325,202,SEVERE_ERROR,100000
ORD-09,B6,1300,maia3-79m,1,e2e4,e4,0.6652060747146606,0.9883486481849104,0.4312486267262949,508,25,467,r1bqkb1r/pp1npppp/5n2/3p4/3N1B1P/8/PPP1PPP1/RN1QKB1R w KQkq -,MODEL_PREDICTION_NOT_EMPIRICAL,after_key,0.6652060747146606,maia3,-127,-345,218,SEVERE_ERROR,100000
ORD-09,B6,1300,maia3-79m,4,c2c4,c4,0.0186279136687517,0.9883486481849104,0.4312486267262949,513,25,462,r1bqkb1r/pp1npppp/5n2/3p4/3N1B1P/8/PPP1PPP1/RN1QKB1R w KQkq -,MODEL_PREDICTION_NOT_EMPIRICAL,after_key,0.0186279136687517,maia3,-130,-384,254,SEVERE_ERROR,100000
ORD-09,B6,1300,maia3-79m,5,e2e3,e3,0.0176263321191072,0.9883486481849104,0.4312486267262949,499,26,475,r1bqkb1r/pp1npppp/5n2/3p4/3N1B1P/8/PPP1PPP1/RN1QKB1R w KQkq -,MODEL_PREDICTION_NOT_EMPIRICAL,after_key,0.0176263321191072,maia3,-133,-398,265,SEVERE_ERROR,100000
ORD-09,B6,1300,maia3-79m,6,g2g3,g3,0.0113351605832576,0.9883486481849104,0.4312486267262949,500,27,473,r1bqkb1r/pp1npppp/5n2/3p4/3N1B1P/8/PPP1PPP1/RN1QKB1R w KQkq -,MODEL_PREDICTION_NOT_EMPIRICAL,after_key,0.0113351605832576,maia3,-135,-389,254,SEVERE_ERROR,100000
ORD-09,B6,1300,maia3-79m,7,b2b3,b3,0.0088089434430003,0.9883486481849104,0.4312486267262949,503,26,471,r1bqkb1r/pp1npppp/5n2/3p4/3N1B1P/8/PPP1PPP1/RN1QKB1R w KQkq -,MODEL_PREDICTION_NOT_EMPIRICAL,after_key,0.0088089434430003,maia3,-125,-460,335,SEVERE_ERROR,100000
ORD-09,B6,1300,maia3-79m,10,b1c3,Nc3,0.0035150202456861,0.9883486481849104,0.4312486267262949,513,26,461,r1bqkb1r/pp1npppp/5n2/3p4/3N1B1P/8/PPP1PPP1/RN1QKB1R w KQkq -,MODEL_PREDICTION_NOT_EMPIRICAL,after_key,0.0035150202456861,maia3,-130,-333,203,SEVERE_ERROR,100000
ORD-09,B6,1500,maia3-79m,1,e2e4,e4,0.6482347846031189,0.9890689314343036,0.448404635595114,505,27,468,r1bqkb1r/pp1npppp/5n2/3p4/3N1B1P/8/PPP1PPP1/RN1QKB1R w KQkq -,MODEL_PREDICTION_NOT_EMPIRICAL,after_key,0.6482347846031189,maia3,-127,-366,239,SEVERE_ERROR,100000
ORD-09,B6,1500,maia3-79m,3,c2c4,c4,0.0230318326503038,0.9890689314343036,0.448404635595114,511,27,462,r1bqkb1r/pp1npppp/5n2/3p4/3N1B1P/8/PPP1PPP1/RN1QKB1R w KQkq -,MODEL_PREDICTION_NOT_EMPIRICAL,after_key,0.0230318326503038,maia3,-129,-378,249,SEVERE_ERROR,100000
ORD-09,B6,1500,maia3-79m,5,e2e3,e3,0.0152594503015279,0.9890689314343036,0.448404635595114,497,27,476,r1bqkb1r/pp1npppp/5n2/3p4/3N1B1P/8/PPP1PPP1/RN1QKB1R w KQkq -,MODEL_PREDICTION_NOT_EMPIRICAL,after_key,0.0152594503015279,maia3,-131,-382,251,SEVERE_ERROR,100000
ORD-09,B6,1500,maia3-79m,6,g2g3,g3,0.0118206376209855,0.9890689314343036,0.448404635595114,503,28,469,r1bqkb1r/pp1npppp/5n2/3p4/3N1B1P/8/PPP1PPP1/RN1QKB1R w KQkq -,MODEL_PREDICTION_NOT_EMPIRICAL,after_key,0.0118206376209855,maia3,-130,-395,265,SEVERE_ERROR,100000
ORD-09,B6,1500,maia3-79m,7,b2b3,b3,0.0103525295853614,0.9890689314343036,0.448404635595114,505,27,468,r1bqkb1r/pp1npppp/5n2/3p4/3N1B1P/8/PPP1PPP1/RN1QKB1R w KQkq -,MODEL_PREDICTION_NOT_EMPIRICAL,after_key,0.0103525295853614,maia3,-131,-466,335,SEVERE_ERROR,100000
ORD-09,B6,1500,maia3-79m,10,b2b4,b4,0.0039066667668521,0.9890689314343036,0.448404635595114,515,24,461,r1bqkb1r/pp1npppp/5n2/3p4/3N1B1P/8/PPP1PPP1/RN1QKB1R w KQkq -,MODEL_PREDICTION_NOT_EMPIRICAL,after_key,0.0039066667668521,maia3,-129,-491,362,SEVERE_ERROR,100000
ORD-09,B6,1700,maia3-79m,1,e2e4,e4,0.625694990158081,0.9896683357656002,0.4703368028344805,504,29,467,r1bqkb1r/pp1npppp/5n2/3p4/3N1B1P/8/PPP1PPP1/RN1QKB1R w KQkq -,MODEL_PREDICTION_NOT_EMPIRICAL,after_key,0.625694990158081,maia3,-120,-369,249,SEVERE_ERROR,100000
ORD-09,B6,1700,maia3-79m,3,c2c4,c4,0.029208268970251,0.9896683357656002,0.4703368028344805,513,30,457,r1bqkb1r/pp1npppp/5n2/3p4/3N1B1P/8/PPP1PPP1/RN1QKB1R w KQkq -,MODEL_PREDICTION_NOT_EMPIRICAL,after_key,0.029208268970251,maia3,-135,-389,254,SEVERE_ERROR,100000
ORD-09,B6,1700,maia3-79m,5,e2e3,e3,0.0127331614494323,0.9896683357656002,0.4703368028344805,501,29,470,r1bqkb1r/pp1npppp/5n2/3p4/3N1B1P/8/PPP1PPP1/RN1QKB1R w KQkq -,MODEL_PREDICTION_NOT_EMPIRICAL,after_key,0.0127331614494323,maia3,-127,-383,256,SEVERE_ERROR,100000
ORD-09,B6,1700,maia3-79m,6,g2g3,g3,0.0117970667779445,0.9896683357656002,0.4703368028344805,508,30,462,r1bqkb1r/pp1npppp/5n2/3p4/3N1B1P/8/PPP1PPP1/RN1QKB1R w KQkq -,MODEL_PREDICTION_NOT_EMPIRICAL,after_key,0.0117970667779445,maia3,-127,-397,270,SEVERE_ERROR,100000
ORD-09,B6,1700,maia3-79m,7,b2b3,b3,0.0114017035812139,0.9896683357656002,0.4703368028344805,510,29,461,r1bqkb1r/pp1npppp/5n2/3p4/3N1B1P/8/PPP1PPP1/RN1QKB1R w KQkq -,MODEL_PREDICTION_NOT_EMPIRICAL,after_key,0.0114017035812139,maia3,-128,-461,333,SEVERE_ERROR,100000
ORD-09,B6,1700,maia3-79m,9,b2b4,b4,0.0044242879375815,0.9896683357656002,0.4703368028344805,518,27,455,r1bqkb1r/pp1npppp/5n2/3p4/3N1B1P/8/PPP1PPP1/RN1QKB1R w KQkq -,MODEL_PREDICTION_NOT_EMPIRICAL,after_key,0.0044242879375815,maia3,-124,-494,370,SEVERE_ERROR,100000
ORD-09,B6,1900,maia3-79m,1,e2e4,e4,0.5982585549354553,0.9897327157668768,0.4932666454104177,503,33,464,r1bqkb1r/pp1npppp/5n2/3p4/3N1B1P/8/PPP1PPP1/RN1QKB1R w KQkq -,MODEL_PREDICTION_NOT_EMPIRICAL,after_key,0.5982585549354553,maia3,-131,-375,244,SEVERE_ERROR,100000
ORD-09,B6,1900,maia3-79m,3,c2c4,c4,0.0372077524662017,0.9897327157668768,0.4932666454104177,512,35,453,r1bqkb1r/pp1npppp/5n2/3p4/3N1B1P/8/PPP1PPP1/RN1QKB1R w KQkq -,MODEL_PREDICTION_NOT_EMPIRICAL,after_key,0.0372077524662017,maia3,-127,-395,268,SEVERE_ERROR,100000
ORD-09,B6,1900,maia3-79m,6,b2b3,b3,0.0116183338686823,0.9897327157668768,0.4932666454104177,513,34,453,r1bqkb1r/pp1npppp/5n2/3p4/3N1B1P/8/PPP1PPP1/RN1QKB1R w KQkq -,MODEL_PREDICTION_NOT_EMPIRICAL,after_key,0.0116183338686823,maia3,-123,-461,338,SEVERE_ERROR,100000
ORD-09,B6,1900,maia3-79m,7,g2g3,g3,0.0105955358594655,0.9897327157668768,0.4932666454104177,509,35,456,r1bqkb1r/pp1npppp/5n2/3p4/3N1B1P/8/PPP1PPP1/RN1QKB1R w KQkq -,MODEL_PREDICTION_NOT_EMPIRICAL,after_key,0.0105955358594655,maia3,-128,-395,267,SEVERE_ERROR,100000
ORD-09,B6,1900,maia3-79m,8,e2e3,e3,0.0098551996052265,0.9897327157668768,0.4932666454104177,501,34,465,r1bqkb1r/pp1npppp/5n2/3p4/3N1B1P/8/PPP1PPP1/RN1QKB1R w KQkq -,MODEL_PREDICTION_NOT_EMPIRICAL,after_key,0.0098551996052265,maia3,-123,-383,260,SEVERE_ERROR,100000
ORD-09,B6,1900,maia3-79m,9,b2b4,b4,0.0044146692380309,0.9897327157668768,0.4932666454104177,517,31,452,r1bqkb1r/pp1npppp/5n2/3p4/3N1B1P/8/PPP1PPP1/RN1QKB1R w KQkq -,MODEL_PREDICTION_NOT_EMPIRICAL,after_key,0.0044146692380309,maia3,-120,-476,356,SEVERE_ERROR,100000
ORD-09,B6,2100,maia3-79m,1,e2e4,e4,0.5516610741615295,0.9894236333202572,0.5245369929792545,498,41,461,r1bqkb1r/pp1npppp/5n2/3p4/3N1B1P/8/PPP1PPP1/RN1QKB1R w KQkq -,MODEL_PREDICTION_NOT_EMPIRICAL,after_key,0.5516610741615295,maia3,-121,-375,254,SEVERE_ERROR,100000
ORD-09,B6,2100,maia3-79m,4,c2c4,c4,0.0476539246737957,0.9894236333202572,0.5245369929792545,507,43,450,r1bqkb1r/pp1npppp/5n2/3p4/3N1B1P/8/PPP1PPP1/RN1QKB1R w KQkq -,MODEL_PREDICTION_NOT_EMPIRICAL,after_key,0.0476539246737957,maia3,-123,-394,271,SEVERE_ERROR,100000
ORD-09,B6,2100,maia3-79m,6,b2b3,b3,0.0121682006865739,0.9894236333202572,0.5245369929792545,507,42,451,r1bqkb1r/pp1npppp/5n2/3p4/3N1B1P/8/PPP1PPP1/RN1QKB1R w KQkq -,MODEL_PREDICTION_NOT_EMPIRICAL,after_key,0.0121682006865739,maia3,-119,-464,345,SEVERE_ERROR,100000
ORD-09,B6,2100,maia3-79m,7,g2g3,g3,0.0087140025570988,0.9894236333202572,0.5245369929792545,505,42,453,r1bqkb1r/pp1npppp/5n2/3p4/3N1B1P/8/PPP1PPP1/RN1QKB1R w KQkq -,MODEL_PREDICTION_NOT_EMPIRICAL,after_key,0.0087140025570988,maia3,-124,-397,273,SEVERE_ERROR,100000
ORD-09,B6,2100,maia3-79m,8,e2e3,e3,0.0068940538913011,0.9894236333202572,0.5245369929792545,497,43,460,r1bqkb1r/pp1npppp/5n2/3p4/3N1B1P/8/PPP1PPP1/RN1QKB1R w KQkq -,MODEL_PREDICTION_NOT_EMPIRICAL,after_key,0.0068940538913011,maia3,-130,-390,260,SEVERE_ERROR,100000
ORD-09,B6,2100,maia3-79m,9,b1c3,Nc3,0.004463599063456,0.9894236333202572,0.5245369929792545,521,42,437,r1bqkb1r/pp1npppp/5n2/3p4/3N1B1P/8/PPP1PPP1/RN1QKB1R w KQkq -,MODEL_PREDICTION_NOT_EMPIRICAL,after_key,0.004463599063456,maia3,-122,-324,202,SEVERE_ERROR,100000
TOR-08,B6,1100,maia3-79m,5,c2c4,c4,0.0151630882173776,0.9878678212407976,0.4256131767466212,513,25,462,rnbqkb1r/ppp1p1pp/5p2/3p2B1/3Pn3/4PN2/PPP2PPP/RN1QKB1R w KQkq -,MODEL_PREDICTION_NOT_EMPIRICAL,after_key,0.0151630882173776,maia3,-92,-246,154,SEVERE_ERROR,100000
TOR-08,B6,1100,maia3-79m,6,g2g3,g3,0.0109514547511935,0.9878678212407976,0.4256131767466212,497,27,476,rnbqkb1r/ppp1p1pp/5p2/3p2B1/3Pn3/4PN2/PPP2PPP/RN1QKB1R w KQkq -,MODEL_PREDICTION_NOT_EMPIRICAL,after_key,0.0109514547511935,maia3,-92,-338,246,SEVERE_ERROR,100000
TOR-08,B6,1100,maia3-79m,7,b2b3,b3,0.0074914833530783,0.9878678212407976,0.4256131767466212,494,27,479,rnbqkb1r/ppp1p1pp/5p2/3p2B1/3Pn3/4PN2/PPP2PPP/RN1QKB1R w KQkq -,MODEL_PREDICTION_NOT_EMPIRICAL,after_key,0.0074914833530783,maia3,-112,-384,272,SEVERE_ERROR,100000
TOR-08,B6,1100,maia3-79m,9,b1c3,Nc3,0.0049415295943617,0.9878678212407976,0.4256131767466212,507,27,466,rnbqkb1r/ppp1p1pp/5p2/3p2B1/3Pn3/4PN2/PPP2PPP/RN1QKB1R w KQkq -,MODEL_PREDICTION_NOT_EMPIRICAL,after_key,0.0049415295943617,maia3,-101,-265,164,SEVERE_ERROR,100000
TOR-08,B6,1300,maia3-79m,4,c2c4,c4,0.0186279136687517,0.9883486481849104,0.4312486267262949,513,25,462,rnbqkb1r/ppp1p1pp/5p2/3p2B1/3Pn3/4PN2/PPP2PPP/RN1QKB1R w KQkq -,MODEL_PREDICTION_NOT_EMPIRICAL,after_key,0.0186279136687517,maia3,-104,-262,158,SEVERE_ERROR,100000
TOR-08,B6,1300,maia3-79m,6,g2g3,g3,0.0113351605832576,0.9883486481849104,0.4312486267262949,500,27,473,rnbqkb1r/ppp1p1pp/5p2/3p2B1/3Pn3/4PN2/PPP2PPP/RN1QKB1R w KQkq -,MODEL_PREDICTION_NOT_EMPIRICAL,after_key,0.0113351605832576,maia3,-99,-333,234,SEVERE_ERROR,100000
TOR-08,B6,1300,maia3-79m,7,b2b3,b3,0.0088089434430003,0.9883486481849104,0.4312486267262949,503,26,471,rnbqkb1r/ppp1p1pp/5p2/3p2B1/3Pn3/4PN2/PPP2PPP/RN1QKB1R w KQkq -,MODEL_PREDICTION_NOT_EMPIRICAL,after_key,0.0088089434430003,maia3,-94,-393,299,SEVERE_ERROR,100000
TOR-08,B6,1300,maia3-79m,10,b1c3,Nc3,0.0035150202456861,0.9883486481849104,0.4312486267262949,513,26,461,rnbqkb1r/ppp1p1pp/5p2/3p2B1/3Pn3/4PN2/PPP2PPP/RN1QKB1R w KQkq -,MODEL_PREDICTION_NOT_EMPIRICAL,after_key,0.0035150202456861,maia3,-82,-290,208,SEVERE_ERROR,100000
TOR-08,B6,1500,maia3-79m,3,c2c4,c4,0.0230318326503038,0.9890689314343036,0.448404635595114,511,27,462,rnbqkb1r/ppp1p1pp/5p2/3p2B1/3Pn3/4PN2/PPP2PPP/RN1QKB1R w KQkq -,MODEL_PREDICTION_NOT_EMPIRICAL,after_key,0.0230318326503038,maia3,-92,-278,186,SEVERE_ERROR,100000
TOR-08,B6,1500,maia3-79m,6,g2g3,g3,0.0118206376209855,0.9890689314343036,0.448404635595114,503,28,469,rnbqkb1r/ppp1p1pp/5p2/3p2B1/3Pn3/4PN2/PPP2PPP/RN1QKB1R w KQkq -,MODEL_PREDICTION_NOT_EMPIRICAL,after_key,0.0118206376209855,maia3,-90,-343,253,SEVERE_ERROR,100000
TOR-08,B6,1500,maia3-79m,7,b2b3,b3,0.0103525295853614,0.9890689314343036,0.448404635595114,505,27,468,rnbqkb1r/ppp1p1pp/5p2/3p2B1/3Pn3/4PN2/PPP2PPP/RN1QKB1R w KQkq -,MODEL_PREDICTION_NOT_EMPIRICAL,after_key,0.0103525295853614,maia3,-89,-388,299,SEVERE_ERROR,100000
TOR-08,B6,1500,maia3-79m,10,b2b4,b4,0.0039066667668521,0.9890689314343036,0.448404635595114,515,24,461,rnbqkb1r/ppp1p1pp/5p2/3p2B1/3Pn3/4PN2/PPP2PPP/RN1QKB1R w KQkq -,MODEL_PREDICTION_NOT_EMPIRICAL,after_key,0.0039066667668521,maia3,-87,-399,312,SEVERE_ERROR,100000
TOR-08,B6,1700,maia3-79m,3,c2c4,c4,0.029208268970251,0.9896683357656002,0.4703368028344805,513,30,457,rnbqkb1r/ppp1p1pp/5p2/3p2B1/3Pn3/4PN2/PPP2PPP/RN1QKB1R w KQkq -,MODEL_PREDICTION_NOT_EMPIRICAL,after_key,0.029208268970251,maia3,-79,-272,193,SEVERE_ERROR,100000
TOR-08,B6,1700,maia3-79m,6,g2g3,g3,0.0117970667779445,0.9896683357656002,0.4703368028344805,508,30,462,rnbqkb1r/ppp1p1pp/5p2/3p2B1/3Pn3/4PN2/PPP2PPP/RN1QKB1R w KQkq -,MODEL_PREDICTION_NOT_EMPIRICAL,after_key,0.0117970667779445,maia3,-88,-342,254,SEVERE_ERROR,100000
TOR-08,B6,1700,maia3-79m,7,b2b3,b3,0.0114017035812139,0.9896683357656002,0.4703368028344805,510,29,461,rnbqkb1r/ppp1p1pp/5p2/3p2B1/3Pn3/4PN2/PPP2PPP/RN1QKB1R w KQkq -,MODEL_PREDICTION_NOT_EMPIRICAL,after_key,0.0114017035812139,maia3,-92,-386,294,SEVERE_ERROR,100000
TOR-08,B6,1700,maia3-79m,9,b2b4,b4,0.0044242879375815,0.9896683357656002,0.4703368028344805,518,27,455,rnbqkb1r/ppp1p1pp/5p2/3p2B1/3Pn3/4PN2/PPP2PPP/RN1QKB1R w KQkq -,MODEL_PREDICTION_NOT_EMPIRICAL,after_key,0.0044242879375815,maia3,-89,-368,279,SEVERE_ERROR,100000
TOR-08,B6,1900,maia3-79m,3,c2c4,c4,0.0372077524662017,0.9897327157668768,0.4932666454104177,512,35,453,rnbqkb1r/ppp1p1pp/5p2/3p2B1/3Pn3/4PN2/PPP2PPP/RN1QKB1R w KQkq -,MODEL_PREDICTION_NOT_EMPIRICAL,after_key,0.0372077524662017,maia3,-83,-289,206,SEVERE_ERROR,100000
TOR-08,B6,1900,maia3-79m,6,b2b3,b3,0.0116183338686823,0.9897327157668768,0.4932666454104177,513,34,453,rnbqkb1r/ppp1p1pp/5p2/3p2B1/3Pn3/4PN2/PPP2PPP/RN1QKB1R w KQkq -,MODEL_PREDICTION_NOT_EMPIRICAL,after_key,0.0116183338686823,maia3,-80,-391,311,SEVERE_ERROR,100000
TOR-08,B6,1900,maia3-79m,7,g2g3,g3,0.0105955358594655,0.9897327157668768,0.4932666454104177,509,35,456,rnbqkb1r/ppp1p1pp/5p2/3p2B1/3Pn3/4PN2/PPP2PPP/RN1QKB1R w KQkq -,MODEL_PREDICTION_NOT_EMPIRICAL,after_key,0.0105955358594655,maia3,-75,-339,264,SEVERE_ERROR,100000
TOR-08,B6,1900,maia3-79m,9,b2b4,b4,0.0044146692380309,0.9897327157668768,0.4932666454104177,517,31,452,rnbqkb1r/ppp1p1pp/5p2/3p2B1/3Pn3/4PN2/PPP2PPP/RN1QKB1R w KQkq -,MODEL_PREDICTION_NOT_EMPIRICAL,after_key,0.0044146692380309,maia3,-80,-360,280,SEVERE_ERROR,100000
TOR-08,B6,2100,maia3-79m,4,c2c4,c4,0.0476539246737957,0.9894236333202572,0.5245369929792545,507,43,450,rnbqkb1r/ppp1p1pp/5p2/3p2B1/3Pn3/4PN2/PPP2PPP/RN1QKB1R w KQkq -,MODEL_PREDICTION_NOT_EMPIRICAL,after_key,0.0476539246737957,maia3,-85,-277,192,SEVERE_ERROR,100000
TOR-08,B6,2100,maia3-79m,6,b2b3,b3,0.0121682006865739,0.9894236333202572,0.5245369929792545,507,42,451,rnbqkb1r/ppp1p1pp/5p2/3p2B1/3Pn3/4PN2/PPP2PPP/RN1QKB1R w KQkq -,MODEL_PREDICTION_NOT_EMPIRICAL,after_key,0.0121682006865739,maia3,-84,-388,304,SEVERE_ERROR,100000
TOR-08,B6,2100,maia3-79m,7,g2g3,g3,0.0087140025570988,0.9894236333202572,0.5245369929792545,505,42,453,rnbqkb1r/ppp1p1pp/5p2/3p2B1/3Pn3/4PN2/PPP2PPP/RN1QKB1R w KQkq -,MODEL_PREDICTION_NOT_EMPIRICAL,after_key,0.0087140025570988,maia3,-82,-341,259,SEVERE_ERROR,100000
TOR-08,B6,2100,maia3-79m,9,b1c3,Nc3,0.004463599063456,0.9894236333202572,0.5245369929792545,521,42,437,rnbqkb1r/ppp1p1pp/5p2/3p2B1/3Pn3/4PN2/PPP2PPP/RN1QKB1R w KQkq -,MODEL_PREDICTION_NOT_EMPIRICAL,after_key,0.004463599063456,maia3,-86,-273,187,SEVERE_ERROR,100000
TOR-09,B6,1100,maia3-79m,5,c2c4,c4,0.0151630882173776,0.9878678212407976,0.4256131767466212,513,25,462,rnbqkb1r/ppp1p3/5p2/3p2pp/3P3B/4P3/PPPN1PPP/R2QKB1R w KQkq -,MODEL_PREDICTION_NOT_EMPIRICAL,after_key,0.0151630882173776,maia3,-202,-233,31,OK,100000
TOR-09,B6,1100,maia3-79m,6,g2g3,g3,0.0109514547511935,0.9878678212407976,0.4256131767466212,497,27,476,rnbqkb1r/ppp1p3/5p2/3p2pp/3P3B/4P3/PPPN1PPP/R2QKB1R w KQkq -,MODEL_PREDICTION_NOT_EMPIRICAL,after_key,0.0109514547511935,maia3,-190,-298,108,SEVERE_ERROR,100000
TOR-09,B6,1100,maia3-79m,7,b2b3,b3,0.0074914833530783,0.9878678212407976,0.4256131767466212,494,27,479,rnbqkb1r/ppp1p3/5p2/3p2pp/3P3B/4P3/PPPN1PPP/R2QKB1R w KQkq -,MODEL_PREDICTION_NOT_EMPIRICAL,after_key,0.0074914833530783,maia3,-186,-309,123,SEVERE_ERROR,100000
TOR-09,B6,1100,maia3-79m,10,f2f4,f4,0.0035755394492298,0.9878678212407976,0.4256131767466212,500,26,474,rnbqkb1r/ppp1p3/5p2/3p2pp/3P3B/4P3/PPPN1PPP/R2QKB1R w KQkq -,MODEL_PREDICTION_NOT_EMPIRICAL,after_key,0.0035755394492298,maia3,-204,-297,93,ERROR,100000
TOR-09,B6,1300,maia3-79m,4,c2c4,c4,0.0186279136687517,0.9883486481849104,0.4312486267262949,513,25,462,rnbqkb1r/ppp1p3/5p2/3p2pp/3P3B/4P3/PPPN1PPP/R2QKB1R w KQkq -,MODEL_PREDICTION_NOT_EMPIRICAL,after_key,0.0186279136687517,maia3,-188,-239,51,ERROR,100000
TOR-09,B6,1300,maia3-79m,6,g2g3,g3,0.0113351605832576,0.9883486481849104,0.4312486267262949,500,27,473,rnbqkb1r/ppp1p3/5p2/3p2pp/3P3B/4P3/PPPN1PPP/R2QKB1R w KQkq -,MODEL_PREDICTION_NOT_EMPIRICAL,after_key,0.0113351605832576,maia3,-198,-303,105,SEVERE_ERROR,100000
TOR-09,B6,1300,maia3-79m,7,b2b3,b3,0.0088089434430003,0.9883486481849104,0.4312486267262949,503,26,471,rnbqkb1r/ppp1p3/5p2/3p2pp/3P3B/4P3/PPPN1PPP/R2QKB1R w KQkq -,MODEL_PREDICTION_NOT_EMPIRICAL,after_key,0.0088089434430003,maia3,-196,-318,122,SEVERE_ERROR,100000
TOR-09,B6,1300,maia3-79m,9,f2f4,f4,0.0041140238754451,0.9883486481849104,0.4312486267262949,506,25,469,rnbqkb1r/ppp1p3/5p2/3p2pp/3P3B/4P3/PPPN1PPP/R2QKB1R w KQkq -,MODEL_PREDICTION_NOT_EMPIRICAL,after_key,0.0041140238754451,maia3,-196,-276,80,ERROR,100000
TOR-09,B6,1500,maia3-79m,3,c2c4,c4,0.0230318326503038,0.9890689314343036,0.448404635595114,511,27,462,rnbqkb1r/ppp1p3/5p2/3p2pp/3P3B/4P3/PPPN1PPP/R2QKB1R w KQkq -,MODEL_PREDICTION_NOT_EMPIRICAL,after_key,0.0230318326503038,maia3,-180,-234,54,ERROR,100000
TOR-09,B6,1500,maia3-79m,6,g2g3,g3,0.0118206376209855,0.9890689314343036,0.448404635595114,503,28,469,rnbqkb1r/ppp1p3/5p2/3p2pp/3P3B/4P3/PPPN1PPP/R2QKB1R w KQkq -,MODEL_PREDICTION_NOT_EMPIRICAL,after_key,0.0118206376209855,maia3,-190,-299,109,SEVERE_ERROR,100000
TOR-09,B6,1500,maia3-79m,7,b2b3,b3,0.0103525295853614,0.9890689314343036,0.448404635595114,505,27,468,rnbqkb1r/ppp1p3/5p2/3p2pp/3P3B/4P3/PPPN1PPP/R2QKB1R w KQkq -,MODEL_PREDICTION_NOT_EMPIRICAL,after_key,0.0103525295853614,maia3,-197,-310,113,SEVERE_ERROR,100000
TOR-09,B6,1500,maia3-79m,8,f2f4,f4,0.0058752936311066,0.9890689314343036,0.448404635595114,507,25,468,rnbqkb1r/ppp1p3/5p2/3p2pp/3P3B/4P3/PPPN1PPP/R2QKB1R w KQkq -,MODEL_PREDICTION_NOT_EMPIRICAL,after_key,0.0058752936311066,maia3,-186,-283,97,ERROR,100000
TOR-09,B6,1500,maia3-79m,10,b2b4,b4,0.0039066667668521,0.9890689314343036,0.448404635595114,515,24,461,rnbqkb1r/ppp1p3/5p2/3p2pp/3P3B/4P3/PPPN1PPP/R2QKB1R w KQkq -,MODEL_PREDICTION_NOT_EMPIRICAL,after_key,0.0039066667668521,maia3,-182,-285,103,SEVERE_ERROR,100000
TOR-09,B6,1700,maia3-79m,3,c2c4,c4,0.029208268970251,0.9896683357656002,0.4703368028344805,513,30,457,rnbqkb1r/ppp1p3/5p2/3p2pp/3P3B/4P3/PPPN1PPP/R2QKB1R w KQkq -,MODEL_PREDICTION_NOT_EMPIRICAL,after_key,0.029208268970251,maia3,-190,-241,51,ERROR,100000
TOR-09,B6,1700,maia3-79m,6,g2g3,g3,0.0117970667779445,0.9896683357656002,0.4703368028344805,508,30,462,rnbqkb1r/ppp1p3/5p2/3p2pp/3P3B/4P3/PPPN1PPP/R2QKB1R w KQkq -,MODEL_PREDICTION_NOT_EMPIRICAL,after_key,0.0117970667779445,maia3,-198,-309,111,SEVERE_ERROR,100000
TOR-09,B6,1700,maia3-79m,7,b2b3,b3,0.0114017035812139,0.9896683357656002,0.4703368028344805,510,29,461,rnbqkb1r/ppp1p3/5p2/3p2pp/3P3B/4P3/PPPN1PPP/R2QKB1R w KQkq -,MODEL_PREDICTION_NOT_EMPIRICAL,after_key,0.0114017035812139,maia3,-192,-311,119,SEVERE_ERROR,100000
TOR-09,B6,1700,maia3-79m,8,f2f4,f4,0.0088289910927414,0.9896683357656002,0.4703368028344805,507,28,465,rnbqkb1r/ppp1p3/5p2/3p2pp/3P3B/4P3/PPPN1PPP/R2QKB1R w KQkq -,MODEL_PREDICTION_NOT_EMPIRICAL,after_key,0.0088289910927414,maia3,-185,-281,96,ERROR,100000
TOR-09,B6,1700,maia3-79m,9,b2b4,b4,0.0044242879375815,0.9896683357656002,0.4703368028344805,518,27,455,rnbqkb1r/ppp1p3/5p2/3p2pp/3P3B/4P3/PPPN1PPP/R2QKB1R w KQkq -,MODEL_PREDICTION_NOT_EMPIRICAL,after_key,0.0044242879375815,maia3,-197,-295,98,ERROR,100000
TOR-09,B6,1900,maia3-79m,3,c2c4,c4,0.0372077524662017,0.9897327157668768,0.4932666454104177,512,35,453,rnbqkb1r/ppp1p3/5p2/3p2pp/3P3B/4P3/PPPN1PPP/R2QKB1R w KQkq -,MODEL_PREDICTION_NOT_EMPIRICAL,after_key,0.0372077524662017,maia3,-187,-247,60,ERROR,100000
TOR-09,B6,1900,maia3-79m,5,f2f4,f4,0.0122731383889913,0.9897327157668768,0.4932666454104177,504,32,464,rnbqkb1r/ppp1p3/5p2/3p2pp/3P3B/4P3/PPPN1PPP/R2QKB1R w KQkq -,MODEL_PREDICTION_NOT_EMPIRICAL,after_key,0.0122731383889913,maia3,-193,-276,83,ERROR,100000
TOR-09,B6,1900,maia3-79m,6,b2b3,b3,0.0116183338686823,0.9897327157668768,0.4932666454104177,513,34,453,rnbqkb1r/ppp1p3/5p2/3p2pp/3P3B/4P3/PPPN1PPP/R2QKB1R w KQkq -,MODEL_PREDICTION_NOT_EMPIRICAL,after_key,0.0116183338686823,maia3,-185,-312,127,SEVERE_ERROR,100000
TOR-09,B6,1900,maia3-79m,7,g2g3,g3,0.0105955358594655,0.9897327157668768,0.4932666454104177,509,35,456,rnbqkb1r/ppp1p3/5p2/3p2pp/3P3B/4P3/PPPN1PPP/R2QKB1R w KQkq -,MODEL_PREDICTION_NOT_EMPIRICAL,after_key,0.0105955358594655,maia3,-188,-306,118,SEVERE_ERROR,100000
TOR-09,B6,1900,maia3-79m,9,b2b4,b4,0.0044146692380309,0.9897327157668768,0.4932666454104177,517,31,452,rnbqkb1r/ppp1p3/5p2/3p2pp/3P3B/4P3/PPPN1PPP/R2QKB1R w KQkq -,MODEL_PREDICTION_NOT_EMPIRICAL,after_key,0.0044146692380309,maia3,-186,-287,101,SEVERE_ERROR,100000
TOR-09,B6,2100,maia3-79m,4,c2c4,c4,0.0476539246737957,0.9894236333202572,0.5245369929792545,507,43,450,rnbqkb1r/ppp1p3/5p2/3p2pp/3P3B/4P3/PPPN1PPP/R2QKB1R w KQkq -,MODEL_PREDICTION_NOT_EMPIRICAL,after_key,0.0476539246737957,maia3,-193,-252,59,ERROR,100000
TOR-09,B6,2100,maia3-79m,5,f2f4,f4,0.0124846855178475,0.9894236333202572,0.5245369929792545,497,40,463,rnbqkb1r/ppp1p3/5p2/3p2pp/3P3B/4P3/PPPN1PPP/R2QKB1R w KQkq -,MODEL_PREDICTION_NOT_EMPIRICAL,after_key,0.0124846855178475,maia3,-188,-277,89,ERROR,100000
TOR-09,B6,2100,maia3-79m,6,b2b3,b3,0.0121682006865739,0.9894236333202572,0.5245369929792545,507,42,451,rnbqkb1r/ppp1p3/5p2/3p2pp/3P3B/4P3/PPPN1PPP/R2QKB1R w KQkq -,MODEL_PREDICTION_NOT_EMPIRICAL,after_key,0.0121682006865739,maia3,-198,-307,109,SEVERE_ERROR,100000
TOR-09,B6,2100,maia3-79m,7,g2g3,g3,0.0087140025570988,0.9894236333202572,0.5245369929792545,505,42,453,rnbqkb1r/ppp1p3/5p2/3p2pp/3P3B/4P3/PPPN1PPP/R2QKB1R w KQkq -,MODEL_PREDICTION_NOT_EMPIRICAL,after_key,0.0087140025570988,maia3,-200,-295,95,ERROR,100000
STO-01,B6,1100,maia3-79m,4,g1f3,Nf3,0.0199762973934412,0.9878678212407976,0.4256131767466212,517,27,456,rn1qkb1r/pp2pppp/5n2/3p1b2/2pP1P2/4P3/PPP1B1PP/RNBQK1NR w KQkq -,MODEL_PREDICTION_NOT_EMPIRICAL,after_key,0.0199762973934412,maia3,-43,-54,11,OK,100000
STO-01,B6,1100,maia3-79m,6,g2g3,g3,0.0109514547511935,0.9878678212407976,0.4256131767466212,497,27,476,rn1qkb1r/pp2pppp/5n2/3p1b2/2pP1P2/4P3/PPP1B1PP/RNBQK1NR w KQkq -,MODEL_PREDICTION_NOT_EMPIRICAL,after_key,0.0109514547511935,maia3,-36,-135,99,ERROR,100000
STO-01,B6,1100,maia3-79m,7,b2b3,b3,0.0074914833530783,0.9878678212407976,0.4256131767466212,494,27,479,rn1qkb1r/pp2pppp/5n2/3p1b2/2pP1P2/4P3/PPP1B1PP/RNBQK1NR w KQkq -,MODEL_PREDICTION_NOT_EMPIRICAL,after_key,0.0074914833530783,maia3,-40,-42,2,OK,100000
STO-01,B6,1100,maia3-79m,9,b1c3,Nc3,0.0049415295943617,0.9878678212407976,0.4256131767466212,507,27,466,rn1qkb1r/pp2pppp/5n2/3p1b2/2pP1P2/4P3/PPP1B1PP/RNBQK1NR w KQkq -,MODEL_PREDICTION_NOT_EMPIRICAL,after_key,0.0049415295943617,maia3,-36,-76,40,ERROR,100000
STO-01,B6,1300,maia3-79m,3,g1f3,Nf3,0.0193633176386356,0.9883486481849104,0.4312486267262949,521,27,452,rn1qkb1r/pp2pppp/5n2/3p1b2/2pP1P2/4P3/PPP1B1PP/RNBQK1NR w KQkq -,MODEL_PREDICTION_NOT_EMPIRICAL,after_key,0.0193633176386356,maia3,-38,-64,26,OK,100000
STO-01,B6,1300,maia3-79m,6,g2g3,g3,0.0113351605832576,0.9883486481849104,0.4312486267262949,500,27,473,rn1qkb1r/pp2pppp/5n2/3p1b2/2pP1P2/4P3/PPP1B1PP/RNBQK1NR w KQkq -,MODEL_PREDICTION_NOT_EMPIRICAL,after_key,0.0113351605832576,maia3,-39,-112,73,ERROR,100000
STO-01,B6,1300,maia3-79m,7,b2b3,b3,0.0088089434430003,0.9883486481849104,0.4312486267262949,503,26,471,rn1qkb1r/pp2pppp/5n2/3p1b2/2pP1P2/4P3/PPP1B1PP/RNBQK1NR w KQkq -,MODEL_PREDICTION_NOT_EMPIRICAL,after_key,0.0088089434430003,maia3,-38,-40,2,OK,100000
STO-01,B6,1300,maia3-79m,10,b1c3,Nc3,0.0035150202456861,0.9883486481849104,0.4312486267262949,513,26,461,rn1qkb1r/pp2pppp/5n2/3p1b2/2pP1P2/4P3/PPP1B1PP/RNBQK1NR w KQkq -,MODEL_PREDICTION_NOT_EMPIRICAL,after_key,0.0035150202456861,maia3,-36,-75,39,OK,100000
STO-01,B6,1500,maia3-79m,4,g1f3,Nf3,0.0206830464303493,0.9890689314343036,0.448404635595114,525,27,448,rn1qkb1r/pp2pppp/5n2/3p1b2/2pP1P2/4P3/PPP1B1PP/RNBQK1NR w KQkq -,MODEL_PREDICTION_NOT_EMPIRICAL,after_key,0.0206830464303493,maia3,-46,-53,7,OK,100000
STO-01,B6,1500,maia3-79m,6,g2g3,g3,0.0118206376209855,0.9890689314343036,0.448404635595114,503,28,469,rn1qkb1r/pp2pppp/5n2/3p1b2/2pP1P2/4P3/PPP1B1PP/RNBQK1NR w KQkq -,MODEL_PREDICTION_NOT_EMPIRICAL,after_key,0.0118206376209855,maia3,-52,-122,70,ERROR,100000
STO-01,B6,1500,maia3-79m,7,b2b3,b3,0.0103525295853614,0.9890689314343036,0.448404635595114,505,27,468,rn1qkb1r/pp2pppp/5n2/3p1b2/2pP1P2/4P3/PPP1B1PP/RNBQK1NR w KQkq -,MODEL_PREDICTION_NOT_EMPIRICAL,after_key,0.0103525295853614,maia3,-46,-39,0,OK,100000
STO-01,B6,1500,maia3-79m,10,b2b4,b4,0.0039066667668521,0.9890689314343036,0.448404635595114,515,24,461,rn1qkb1r/pp2pppp/5n2/3p1b2/2pP1P2/4P3/PPP1B1PP/RNBQK1NR w KQkq -,MODEL_PREDICTION_NOT_EMPIRICAL,after_key,0.0039066667668521,maia3,-46,-193,147,SEVERE_ERROR,100000
STO-01,B6,1700,maia3-79m,4,g1f3,Nf3,0.0238940399140119,0.9896683357656002,0.4703368028344805,530,30,440,rn1qkb1r/pp2pppp/5n2/3p1b2/2pP1P2/4P3/PPP1B1PP/RNBQK1NR w KQkq -,MODEL_PREDICTION_NOT_EMPIRICAL,after_key,0.0238940399140119,maia3,-49,-48,0,OK,100000
STO-01,B6,1700,maia3-79m,6,g2g3,g3,0.0117970667779445,0.9896683357656002,0.4703368028344805,508,30,462,rn1qkb1r/pp2pppp/5n2/3p1b2/2pP1P2/4P3/PPP1B1PP/RNBQK1NR w KQkq -,MODEL_PREDICTION_NOT_EMPIRICAL,after_key,0.0117970667779445,maia3,-51,-125,74,ERROR,100000
STO-01,B6,1700,maia3-79m,7,b2b3,b3,0.0114017035812139,0.9896683357656002,0.4703368028344805,510,29,461,rn1qkb1r/pp2pppp/5n2/3p1b2/2pP1P2/4P3/PPP1B1PP/RNBQK1NR w KQkq -,MODEL_PREDICTION_NOT_EMPIRICAL,after_key,0.0114017035812139,maia3,-38,-38,0,OK,100000
STO-01,B6,1700,maia3-79m,9,b2b4,b4,0.0044242879375815,0.9896683357656002,0.4703368028344805,518,27,455,rn1qkb1r/pp2pppp/5n2/3p1b2/2pP1P2/4P3/PPP1B1PP/RNBQK1NR w KQkq -,MODEL_PREDICTION_NOT_EMPIRICAL,after_key,0.0044242879375815,maia3,-32,-182,150,SEVERE_ERROR,100000
STO-01,B6,1900,maia3-79m,4,g1f3,Nf3,0.0307666920125484,0.9897327157668768,0.4932666454104177,527,36,437,rn1qkb1r/pp2pppp/5n2/3p1b2/2pP1P2/4P3/PPP1B1PP/RNBQK1NR w KQkq -,MODEL_PREDICTION_NOT_EMPIRICAL,after_key,0.0307666920125484,maia3,-35,-57,22,OK,100000
STO-01,B6,1900,maia3-79m,6,b2b3,b3,0.0116183338686823,0.9897327157668768,0.4932666454104177,513,34,453,rn1qkb1r/pp2pppp/5n2/3p1b2/2pP1P2/4P3/PPP1B1PP/RNBQK1NR w KQkq -,MODEL_PREDICTION_NOT_EMPIRICAL,after_key,0.0116183338686823,maia3,-39,-37,0,OK,100000
STO-01,B6,1900,maia3-79m,7,g2g3,g3,0.0105955358594655,0.9897327157668768,0.4932666454104177,509,35,456,rn1qkb1r/pp2pppp/5n2/3p1b2/2pP1P2/4P3/PPP1B1PP/RNBQK1NR w KQkq -,MODEL_PREDICTION_NOT_EMPIRICAL,after_key,0.0105955358594655,maia3,-31,-118,87,ERROR,100000
STO-01,B6,1900,maia3-79m,9,b2b4,b4,0.0044146692380309,0.9897327157668768,0.4932666454104177,517,31,452,rn1qkb1r/pp2pppp/5n2/3p1b2/2pP1P2/4P3/PPP1B1PP/RNBQK1NR w KQkq -,MODEL_PREDICTION_NOT_EMPIRICAL,after_key,0.0044146692380309,maia3,-27,-175,148,SEVERE_ERROR,100000
STO-01,B6,2100,maia3-79m,3,g1f3,Nf3,0.0481594055891037,0.9894236333202572,0.5245369929792545,516,45,439,rn1qkb1r/pp2pppp/5n2/3p1b2/2pP1P2/4P3/PPP1B1PP/RNBQK1NR w KQkq -,MODEL_PREDICTION_NOT_EMPIRICAL,after_key,0.0481594055891037,maia3,-28,-51,23,OK,100000
STO-01,B6,2100,maia3-79m,6,b2b3,b3,0.0121682006865739,0.9894236333202572,0.5245369929792545,507,42,451,rn1qkb1r/pp2pppp/5n2/3p1b2/2pP1P2/4P3/PPP1B1PP/RNBQK1NR w KQkq -,MODEL_PREDICTION_NOT_EMPIRICAL,after_key,0.0121682006865739,maia3,-33,-32,0,OK,100000
STO-01,B6,2100,maia3-79m,7,g2g3,g3,0.0087140025570988,0.9894236333202572,0.5245369929792545,505,42,453,rn1qkb1r/pp2pppp/5n2/3p1b2/2pP1P2/4P3/PPP1B1PP/RNBQK1NR w KQkq -,MODEL_PREDICTION_NOT_EMPIRICAL,after_key,0.0087140025570988,maia3,-30,-124,94,ERROR,100000
STO-01,B6,2100,maia3-79m,9,b1c3,Nc3,0.004463599063456,0.9894236333202572,0.5245369929792545,521,42,437,rn1qkb1r/pp2pppp/5n2/3p1b2/2pP1P2/4P3/PPP1B1PP/RNBQK1NR w KQkq -,MODEL_PREDICTION_NOT_EMPIRICAL,after_key,0.004463599063456,maia3,-28,-71,43,ERROR,100000
BDG-01,B6,1100,maia3-79m,6,g2g3,g3,0.0109514547511935,0.9878678212407976,0.4256131767466212,497,27,476,rn1qkb1r/ppp1pppp/5n2/5b2/3P4/2N2N2/PPP3PP/R1BQKB1R w KQkq -,MODEL_PREDICTION_NOT_EMPIRICAL,after_key,0.0109514547511935,maia3,-59,-121,62,ERROR,100000
BDG-01,B6,1100,maia3-79m,7,b2b3,b3,0.0074914833530783,0.9878678212407976,0.4256131767466212,494,27,479,rn1qkb1r/ppp1pppp/5n2/5b2/3P4/2N2N2/PPP3PP/R1BQKB1R w KQkq -,MODEL_PREDICTION_NOT_EMPIRICAL,after_key,0.0074914833530783,maia3,-56,-127,71,ERROR,100000
BDG-01,B6,1300,maia3-79m,6,g2g3,g3,0.0113351605832576,0.9883486481849104,0.4312486267262949,500,27,473,rn1qkb1r/ppp1pppp/5n2/5b2/3P4/2N2N2/PPP3PP/R1BQKB1R w KQkq -,MODEL_PREDICTION_NOT_EMPIRICAL,after_key,0.0113351605832576,maia3,-45,-122,77,ERROR,100000
BDG-01,B6,1300,maia3-79m,7,b2b3,b3,0.0088089434430003,0.9883486481849104,0.4312486267262949,503,26,471,rn1qkb1r/ppp1pppp/5n2/5b2/3P4/2N2N2/PPP3PP/R1BQKB1R w KQkq -,MODEL_PREDICTION_NOT_EMPIRICAL,after_key,0.0088089434430003,maia3,-51,-132,81,ERROR,100000
BDG-01,B6,1500,maia3-79m,6,g2g3,g3,0.0118206376209855,0.9890689314343036,0.448404635595114,503,28,469,rn1qkb1r/ppp1pppp/5n2/5b2/3P4/2N2N2/PPP3PP/R1BQKB1R w KQkq -,MODEL_PREDICTION_NOT_EMPIRICAL,after_key,0.0118206376209855,maia3,-46,-119,73,ERROR,100000
BDG-01,B6,1500,maia3-79m,7,b2b3,b3,0.0103525295853614,0.9890689314343036,0.448404635595114,505,27,468,rn1qkb1r/ppp1pppp/5n2/5b2/3P4/2N2N2/PPP3PP/R1BQKB1R w KQkq -,MODEL_PREDICTION_NOT_EMPIRICAL,after_key,0.0103525295853614,maia3,-41,-138,97,ERROR,100000
BDG-01,B6,1500,maia3-79m,10,b2b4,b4,0.0039066667668521,0.9890689314343036,0.448404635595114,515,24,461,rn1qkb1r/ppp1pppp/5n2/5b2/3P4/2N2N2/PPP3PP/R1BQKB1R w KQkq -,MODEL_PREDICTION_NOT_EMPIRICAL,after_key,0.0039066667668521,maia3,-42,-159,117,SEVERE_ERROR,100000
BDG-01,B6,1700,maia3-79m,6,g2g3,g3,0.0117970667779445,0.9896683357656002,0.4703368028344805,508,30,462,rn1qkb1r/ppp1pppp/5n2/5b2/3P4/2N2N2/PPP3PP/R1BQKB1R w KQkq -,MODEL_PREDICTION_NOT_EMPIRICAL,after_key,0.0117970667779445,maia3,-47,-115,68,ERROR,100000
BDG-01,B6,1700,maia3-79m,7,b2b3,b3,0.0114017035812139,0.9896683357656002,0.4703368028344805,510,29,461,rn1qkb1r/ppp1pppp/5n2/5b2/3P4/2N2N2/PPP3PP/R1BQKB1R w KQkq -,MODEL_PREDICTION_NOT_EMPIRICAL,after_key,0.0114017035812139,maia3,-54,-138,84,ERROR,100000
BDG-01,B6,1700,maia3-79m,9,b2b4,b4,0.0044242879375815,0.9896683357656002,0.4703368028344805,518,27,455,rn1qkb1r/ppp1pppp/5n2/5b2/3P4/2N2N2/PPP3PP/R1BQKB1R w KQkq -,MODEL_PREDICTION_NOT_EMPIRICAL,after_key,0.0044242879375815,maia3,-57,-143,86,ERROR,100000
BDG-01,B6,1900,maia3-79m,6,b2b3,b3,0.0116183338686823,0.9897327157668768,0.4932666454104177,513,34,453,rn1qkb1r/ppp1pppp/5n2/5b2/3P4/2N2N2/PPP3PP/R1BQKB1R w KQkq -,MODEL_PREDICTION_NOT_EMPIRICAL,after_key,0.0116183338686823,maia3,-52,-135,83,ERROR,100000
BDG-01,B6,1900,maia3-79m,7,g2g3,g3,0.0105955358594655,0.9897327157668768,0.4932666454104177,509,35,456,rn1qkb1r/ppp1pppp/5n2/5b2/3P4/2N2N2/PPP3PP/R1BQKB1R w KQkq -,MODEL_PREDICTION_NOT_EMPIRICAL,after_key,0.0105955358594655,maia3,-52,-116,64,ERROR,100000
BDG-01,B6,1900,maia3-79m,9,b2b4,b4,0.0044146692380309,0.9897327157668768,0.4932666454104177,517,31,452,rn1qkb1r/ppp1pppp/5n2/5b2/3P4/2N2N2/PPP3PP/R1BQKB1R w KQkq -,MODEL_PREDICTION_NOT_EMPIRICAL,after_key,0.0044146692380309,maia3,-59,-139,80,ERROR,100000
BDG-01,B6,2100,maia3-79m,6,b2b3,b3,0.0121682006865739,0.9894236333202572,0.5245369929792545,507,42,451,rn1qkb1r/ppp1pppp/5n2/5b2/3P4/2N2N2/PPP3PP/R1BQKB1R w KQkq -,MODEL_PREDICTION_NOT_EMPIRICAL,after_key,0.0121682006865739,maia3,-60,-128,68,ERROR,100000
BDG-01,B6,2100,maia3-79m,7,g2g3,g3,0.0087140025570988,0.9894236333202572,0.5245369929792545,505,42,453,rn1qkb1r/ppp1pppp/5n2/5b2/3P4/2N2N2/PPP3PP/R1BQKB1R w KQkq -,MODEL_PREDICTION_NOT_EMPIRICAL,after_key,0.0087140025570988,maia3,-59,-123,64,ERROR,100000
ORD-10,B7,1100,maia3-79m,1,e2e4,e4,0.6771548986434937,0.9878678212407976,0.4256131767466212,513,26,461,rnb1kb1r/pp2pppp/1q3n2/3p4/3N1B2/7P/PPP1PPP1/RN1QKB1R w KQkq -,MODEL_PREDICTION_NOT_EMPIRICAL,after_key,0.6771548986434937,maia3,-32,-120,88,ERROR,100000
ORD-10,B7,1100,maia3-79m,3,e2e3,e3,0.0208527259528636,0.9878678212407976,0.4256131767466212,500,27,473,rnb1kb1r/pp2pppp/1q3n2/3p4/3N1B2/7P/PPP1PPP1/RN1QKB1R w KQkq -,MODEL_PREDICTION_NOT_EMPIRICAL,after_key,0.0208527259528636,maia3,-30,-25,0,OK,100000
ORD-10,B7,1100,maia3-79m,5,c2c4,c4,0.0151630882173776,0.9878678212407976,0.4256131767466212,513,25,462,rnb1kb1r/pp2pppp/1q3n2/3p4/3N1B2/7P/PPP1PPP1/RN1QKB1R w KQkq -,MODEL_PREDICTION_NOT_EMPIRICAL,after_key,0.0151630882173776,maia3,-24,-214,190,SEVERE_ERROR,100000
ORD-10,B7,1100,maia3-79m,6,g2g3,g3,0.0109514547511935,0.9878678212407976,0.4256131767466212,497,27,476,rnb1kb1r/pp2pppp/1q3n2/3p4/3N1B2/7P/PPP1PPP1/RN1QKB1R w KQkq -,MODEL_PREDICTION_NOT_EMPIRICAL,after_key,0.0109514547511935,maia3,-28,-175,147,SEVERE_ERROR,100000
ORD-10,B7,1100,maia3-79m,7,b2b3,b3,0.0074914833530783,0.9878678212407976,0.4256131767466212,494,27,479,rnb1kb1r/pp2pppp/1q3n2/3p4/3N1B2/7P/PPP1PPP1/RN1QKB1R w KQkq -,MODEL_PREDICTION_NOT_EMPIRICAL,after_key,0.0074914833530783,maia3,-23,-147,124,SEVERE_ERROR,100000
ORD-10,B7,1100,maia3-79m,9,b1c3,Nc3,0.0049415295943617,0.9878678212407976,0.4256131767466212,507,27,466,rnb1kb1r/pp2pppp/1q3n2/3p4/3N1B2/7P/PPP1PPP1/RN1QKB1R w KQkq -,MODEL_PREDICTION_NOT_EMPIRICAL,after_key,0.0049415295943617,maia3,-36,-157,121,SEVERE_ERROR,100000
ORD-10,B7,1300,maia3-79m,1,e2e4,e4,0.6652060747146606,0.9883486481849104,0.4312486267262949,508,25,467,rnb1kb1r/pp2pppp/1q3n2/3p4/3N1B2/7P/PPP1PPP1/RN1QKB1R w KQkq -,MODEL_PREDICTION_NOT_EMPIRICAL,after_key,0.6652060747146606,maia3,-38,-128,90,ERROR,100000
ORD-10,B7,1300,maia3-79m,4,c2c4,c4,0.0186279136687517,0.9883486481849104,0.4312486267262949,513,25,462,rnb1kb1r/pp2pppp/1q3n2/3p4/3N1B2/7P/PPP1PPP1/RN1QKB1R w KQkq -,MODEL_PREDICTION_NOT_EMPIRICAL,after_key,0.0186279136687517,maia3,-33,-236,203,SEVERE_ERROR,100000
ORD-10,B7,1300,maia3-79m,5,e2e3,e3,0.0176263321191072,0.9883486481849104,0.4312486267262949,499,26,475,rnb1kb1r/pp2pppp/1q3n2/3p4/3N1B2/7P/PPP1PPP1/RN1QKB1R w KQkq -,MODEL_PREDICTION_NOT_EMPIRICAL,after_key,0.0176263321191072,maia3,-29,-31,2,OK,100000
ORD-10,B7,1300,maia3-79m,6,g2g3,g3,0.0113351605832576,0.9883486481849104,0.4312486267262949,500,27,473,rnb1kb1r/pp2pppp/1q3n2/3p4/3N1B2/7P/PPP1PPP1/RN1QKB1R w KQkq -,MODEL_PREDICTION_NOT_EMPIRICAL,after_key,0.0113351605832576,maia3,-31,-160,129,SEVERE_ERROR,100000
ORD-10,B7,1300,maia3-79m,7,b2b3,b3,0.0088089434430003,0.9883486481849104,0.4312486267262949,503,26,471,rnb1kb1r/pp2pppp/1q3n2/3p4/3N1B2/7P/PPP1PPP1/RN1QKB1R w KQkq -,MODEL_PREDICTION_NOT_EMPIRICAL,after_key,0.0088089434430003,maia3,-31,-142,111,SEVERE_ERROR,100000
ORD-10,B7,1300,maia3-79m,10,b1c3,Nc3,0.0035150202456861,0.9883486481849104,0.4312486267262949,513,26,461,rnb1kb1r/pp2pppp/1q3n2/3p4/3N1B2/7P/PPP1PPP1/RN1QKB1R w KQkq -,MODEL_PREDICTION_NOT_EMPIRICAL,after_key,0.0035150202456861,maia3,-38,-173,135,SEVERE_ERROR,100000
ORD-10,B7,1500,maia3-79m,1,e2e4,e4,0.6482347846031189,0.9890689314343036,0.448404635595114,505,27,468,rnb1kb1r/pp2pppp/1q3n2/3p4/3N1B2/7P/PPP1PPP1/RN1QKB1R w KQkq -,MODEL_PREDICTION_NOT_EMPIRICAL,after_key,0.6482347846031189,maia3,-38,-132,94,ERROR,100000
ORD-10,B7,1500,maia3-79m,3,c2c4,c4,0.0230318326503038,0.9890689314343036,0.448404635595114,511,27,462,rnb1kb1r/pp2pppp/1q3n2/3p4/3N1B2/7P/PPP1PPP1/RN1QKB1R w KQkq -,MODEL_PREDICTION_NOT_EMPIRICAL,after_key,0.0230318326503038,maia3,-27,-227,200,SEVERE_ERROR,100000
ORD-10,B7,1500,maia3-79m,5,e2e3,e3,0.0152594503015279,0.9890689314343036,0.448404635595114,497,27,476,rnb1kb1r/pp2pppp/1q3n2/3p4/3N1B2/7P/PPP1PPP1/RN1QKB1R w KQkq -,MODEL_PREDICTION_NOT_EMPIRICAL,after_key,0.0152594503015279,maia3,-27,-39,12,OK,100000
ORD-10,B7,1500,maia3-79m,6,g2g3,g3,0.0118206376209855,0.9890689314343036,0.448404635595114,503,28,469,rnb1kb1r/pp2pppp/1q3n2/3p4/3N1B2/7P/PPP1PPP1/RN1QKB1R w KQkq -,MODEL_PREDICTION_NOT_EMPIRICAL,after_key,0.0118206376209855,maia3,-37,-148,111,SEVERE_ERROR,100000
ORD-10,B7,1500,maia3-79m,7,b2b3,b3,0.0103525295853614,0.9890689314343036,0.448404635595114,505,27,468,rnb1kb1r/pp2pppp/1q3n2/3p4/3N1B2/7P/PPP1PPP1/RN1QKB1R w KQkq -,MODEL_PREDICTION_NOT_EMPIRICAL,after_key,0.0103525295853614,maia3,-39,-130,91,ERROR,100000
ORD-10,B7,1500,maia3-79m,10,b2b4,b4,0.0039066667668521,0.9890689314343036,0.448404635595114,515,24,461,rnb1kb1r/pp2pppp/1q3n2/3p4/3N1B2/7P/PPP1PPP1/RN1QKB1R w KQkq -,MODEL_PREDICTION_NOT_EMPIRICAL,after_key,0.0039066667668521,maia3,-34,-228,194,SEVERE_ERROR,100000
ORD-10,B7,1700,maia3-79m,1,e2e4,e4,0.625694990158081,0.9896683357656002,0.4703368028344805,504,29,467,rnb1kb1r/pp2pppp/1q3n2/3p4/3N1B2/7P/PPP1PPP1/RN1QKB1R w KQkq -,MODEL_PREDICTION_NOT_EMPIRICAL,after_key,0.625694990158081,maia3,-35,-125,90,ERROR,100000
ORD-10,B7,1700,maia3-79m,3,c2c4,c4,0.029208268970251,0.9896683357656002,0.4703368028344805,513,30,457,rnb1kb1r/pp2pppp/1q3n2/3p4/3N1B2/7P/PPP1PPP1/RN1QKB1R w KQkq -,MODEL_PREDICTION_NOT_EMPIRICAL,after_key,0.029208268970251,maia3,-35,-255,220,SEVERE_ERROR,100000
ORD-10,B7,1700,maia3-79m,5,e2e3,e3,0.0127331614494323,0.9896683357656002,0.4703368028344805,501,29,470,rnb1kb1r/pp2pppp/1q3n2/3p4/3N1B2/7P/PPP1PPP1/RN1QKB1R w KQkq -,MODEL_PREDICTION_NOT_EMPIRICAL,after_key,0.0127331614494323,maia3,-32,-27,0,OK,100000
ORD-10,B7,1700,maia3-79m,6,g2g3,g3,0.0117970667779445,0.9896683357656002,0.4703368028344805,508,30,462,rnb1kb1r/pp2pppp/1q3n2/3p4/3N1B2/7P/PPP1PPP1/RN1QKB1R w KQkq -,MODEL_PREDICTION_NOT_EMPIRICAL,after_key,0.0117970667779445,maia3,-26,-157,131,SEVERE_ERROR,100000
ORD-10,B7,1700,maia3-79m,7,b2b3,b3,0.0114017035812139,0.9896683357656002,0.4703368028344805,510,29,461,rnb1kb1r/pp2pppp/1q3n2/3p4/3N1B2/7P/PPP1PPP1/RN1QKB1R w KQkq -,MODEL_PREDICTION_NOT_EMPIRICAL,after_key,0.0114017035812139,maia3,-28,-143,115,SEVERE_ERROR,100000
ORD-10,B7,1700,maia3-79m,9,b2b4,b4,0.0044242879375815,0.9896683357656002,0.4703368028344805,518,27,455,rnb1kb1r/pp2pppp/1q3n2/3p4/3N1B2/7P/PPP1PPP1/RN1QKB1R w KQkq -,MODEL_PREDICTION_NOT_EMPIRICAL,after_key,0.0044242879375815,maia3,-26,-193,167,SEVERE_ERROR,100000
ORD-10,B7,1900,maia3-79m,1,e2e4,e4,0.5982585549354553,0.9897327157668768,0.4932666454104177,503,33,464,rnb1kb1r/pp2pppp/1q3n2/3p4/3N1B2/7P/PPP1PPP1/RN1QKB1R w KQkq -,MODEL_PREDICTION_NOT_EMPIRICAL,after_key,0.5982585549354553,maia3,-30,-124,94,ERROR,100000
ORD-10,B7,1900,maia3-79m,3,c2c4,c4,0.0372077524662017,0.9897327157668768,0.4932666454104177,512,35,453,rnb1kb1r/pp2pppp/1q3n2/3p4/3N1B2/7P/PPP1PPP1/RN1QKB1R w KQkq -,MODEL_PREDICTION_NOT_EMPIRICAL,after_key,0.0372077524662017,maia3,-33,-256,223,SEVERE_ERROR,100000
ORD-10,B7,1900,maia3-79m,6,b2b3,b3,0.0116183338686823,0.9897327157668768,0.4932666454104177,513,34,453,rnb1kb1r/pp2pppp/1q3n2/3p4/3N1B2/7P/PPP1PPP1/RN1QKB1R w KQkq -,MODEL_PREDICTION_NOT_EMPIRICAL,after_key,0.0116183338686823,maia3,-35,-156,121,SEVERE_ERROR,100000
ORD-10,B7,1900,maia3-79m,7,g2g3,g3,0.0105955358594655,0.9897327157668768,0.4932666454104177,509,35,456,rnb1kb1r/pp2pppp/1q3n2/3p4/3N1B2/7P/PPP1PPP1/RN1QKB1R w KQkq -,MODEL_PREDICTION_NOT_EMPIRICAL,after_key,0.0105955358594655,maia3,-41,-157,116,SEVERE_ERROR,100000
ORD-10,B7,1900,maia3-79m,8,e2e3,e3,0.0098551996052265,0.9897327157668768,0.4932666454104177,501,34,465,rnb1kb1r/pp2pppp/1q3n2/3p4/3N1B2/7P/PPP1PPP1/RN1QKB1R w KQkq -,MODEL_PREDICTION_NOT_EMPIRICAL,after_key,0.0098551996052265,maia3,-32,-34,2,OK,100000
ORD-10,B7,1900,maia3-79m,9,b2b4,b4,0.0044146692380309,0.9897327157668768,0.4932666454104177,517,31,452,rnb1kb1r/pp2pppp/1q3n2/3p4/3N1B2/7P/PPP1PPP1/RN1QKB1R w KQkq -,MODEL_PREDICTION_NOT_EMPIRICAL,after_key,0.0044146692380309,maia3,-33,-205,172,SEVERE_ERROR,100000
ORD-10,B7,2100,maia3-79m,1,e2e4,e4,0.5516610741615295,0.9894236333202572,0.5245369929792545,498,41,461,rnb1kb1r/pp2pppp/1q3n2/3p4/3N1B2/7P/PPP1PPP1/RN1QKB1R w KQkq -,MODEL_PREDICTION_NOT_EMPIRICAL,after_key,0.5516610741615295,maia3,-31,-128,97,ERROR,100000
ORD-10,B7,2100,maia3-79m,4,c2c4,c4,0.0476539246737957,0.9894236333202572,0.5245369929792545,507,43,450,rnb1kb1r/pp2pppp/1q3n2/3p4/3N1B2/7P/PPP1PPP1/RN1QKB1R w KQkq -,MODEL_PREDICTION_NOT_EMPIRICAL,after_key,0.0476539246737957,maia3,-31,-246,215,SEVERE_ERROR,100000
ORD-10,B7,2100,maia3-79m,6,b2b3,b3,0.0121682006865739,0.9894236333202572,0.5245369929792545,507,42,451,rnb1kb1r/pp2pppp/1q3n2/3p4/3N1B2/7P/PPP1PPP1/RN1QKB1R w KQkq -,MODEL_PREDICTION_NOT_EMPIRICAL,after_key,0.0121682006865739,maia3,-37,-144,107,SEVERE_ERROR,100000
ORD-10,B7,2100,maia3-79m,7,g2g3,g3,0.0087140025570988,0.9894236333202572,0.5245369929792545,505,42,453,rnb1kb1r/pp2pppp/1q3n2/3p4/3N1B2/7P/PPP1PPP1/RN1QKB1R w KQkq -,MODEL_PREDICTION_NOT_EMPIRICAL,after_key,0.0087140025570988,maia3,-39,-166,127,SEVERE_ERROR,100000
ORD-10,B7,2100,maia3-79m,8,e2e3,e3,0.0068940538913011,0.9894236333202572,0.5245369929792545,497,43,460,rnb1kb1r/pp2pppp/1q3n2/3p4/3N1B2/7P/PPP1PPP1/RN1QKB1R w KQkq -,MODEL_PREDICTION_NOT_EMPIRICAL,after_key,0.0068940538913011,maia3,-37,-36,0,OK,100000
ORD-10,B7,2100,maia3-79m,9,b1c3,Nc3,0.004463599063456,0.9894236333202572,0.5245369929792545,521,42,437,rnb1kb1r/pp2pppp/1q3n2/3p4/3N1B2/7P/PPP1PPP1/RN1QKB1R w KQkq -,MODEL_PREDICTION_NOT_EMPIRICAL,after_key,0.004463599063456,maia3,-29,-151,122,SEVERE_ERROR,100000
JOB-06,B7,1100,maia3-79m,1,e2e4,e4,0.6771548986434937,0.9878678212407976,0.4256131767466212,513,26,461,r1bqkb1r/pp2pppp/2n2n2/3p4/3Q1B2/2N2P2/PPP1P1PP/R3KBNR w KQkq -,MODEL_PREDICTION_NOT_EMPIRICAL,after_key,0.6771548986434937,maia3,-228,-545,317,SEVERE_ERROR,100000
JOB-06,B7,1100,maia3-79m,3,e2e3,e3,0.0208527259528636,0.9878678212407976,0.4256131767466212,500,27,473,r1bqkb1r/pp2pppp/2n2n2/3p4/3Q1B2/2N2P2/PPP1P1PP/R3KBNR w KQkq -,MODEL_PREDICTION_NOT_EMPIRICAL,after_key,0.0208527259528636,maia3,-236,-540,304,SEVERE_ERROR,100000
JOB-06,B7,1100,maia3-79m,6,g2g3,g3,0.0109514547511935,0.9878678212407976,0.4256131767466212,497,27,476,r1bqkb1r/pp2pppp/2n2n2/3p4/3Q1B2/2N2P2/PPP1P1PP/R3KBNR w KQkq -,MODEL_PREDICTION_NOT_EMPIRICAL,after_key,0.0109514547511935,maia3,-230,-628,398,SEVERE_ERROR,100000
JOB-06,B7,1100,maia3-79m,7,b2b3,b3,0.0074914833530783,0.9878678212407976,0.4256131767466212,494,27,479,r1bqkb1r/pp2pppp/2n2n2/3p4/3Q1B2/2N2P2/PPP1P1PP/R3KBNR w KQkq -,MODEL_PREDICTION_NOT_EMPIRICAL,after_key,0.0074914833530783,maia3,-242,-711,469,SEVERE_ERROR,100000
JOB-06,B7,1300,maia3-79m,1,e2e4,e4,0.6652060747146606,0.9883486481849104,0.4312486267262949,508,25,467,r1bqkb1r/pp2pppp/2n2n2/3p4/3Q1B2/2N2P2/PPP1P1PP/R3KBNR w KQkq -,MODEL_PREDICTION_NOT_EMPIRICAL,after_key,0.6652060747146606,maia3,-245,-548,303,SEVERE_ERROR,100000
JOB-06,B7,1300,maia3-79m,5,e2e3,e3,0.0176263321191072,0.9883486481849104,0.4312486267262949,499,26,475,r1bqkb1r/pp2pppp/2n2n2/3p4/3Q1B2/2N2P2/PPP1P1PP/R3KBNR w KQkq -,MODEL_PREDICTION_NOT_EMPIRICAL,after_key,0.0176263321191072,maia3,-246,-533,287,SEVERE_ERROR,100000
JOB-06,B7,1300,maia3-79m,6,g2g3,g3,0.0113351605832576,0.9883486481849104,0.4312486267262949,500,27,473,r1bqkb1r/pp2pppp/2n2n2/3p4/3Q1B2/2N2P2/PPP1P1PP/R3KBNR w KQkq -,MODEL_PREDICTION_NOT_EMPIRICAL,after_key,0.0113351605832576,maia3,-245,-605,360,SEVERE_ERROR,100000
JOB-06,B7,1300,maia3-79m,7,b2b3,b3,0.0088089434430003,0.9883486481849104,0.4312486267262949,503,26,471,r1bqkb1r/pp2pppp/2n2n2/3p4/3Q1B2/2N2P2/PPP1P1PP/R3KBNR w KQkq -,MODEL_PREDICTION_NOT_EMPIRICAL,after_key,0.0088089434430003,maia3,-227,-718,491,SEVERE_ERROR,100000
JOB-06,B7,1500,maia3-79m,1,e2e4,e4,0.6482347846031189,0.9890689314343036,0.448404635595114,505,27,468,r1bqkb1r/pp2pppp/2n2n2/3p4/3Q1B2/2N2P2/PPP1P1PP/R3KBNR w KQkq -,MODEL_PREDICTION_NOT_EMPIRICAL,after_key,0.6482347846031189,maia3,-229,-556,327,SEVERE_ERROR,100000
JOB-06,B7,1500,maia3-79m,5,e2e3,e3,0.0152594503015279,0.9890689314343036,0.448404635595114,497,27,476,r1bqkb1r/pp2pppp/2n2n2/3p4/3Q1B2/2N2P2/PPP1P1PP/R3KBNR w KQkq -,MODEL_PREDICTION_NOT_EMPIRICAL,after_key,0.0152594503015279,maia3,-238,-533,295,SEVERE_ERROR,100000
JOB-06,B7,1500,maia3-79m,6,g2g3,g3,0.0118206376209855,0.9890689314343036,0.448404635595114,503,28,469,r1bqkb1r/pp2pppp/2n2n2/3p4/3Q1B2/2N2P2/PPP1P1PP/R3KBNR w KQkq -,MODEL_PREDICTION_NOT_EMPIRICAL,after_key,0.0118206376209855,maia3,-243,-627,384,SEVERE_ERROR,100000
JOB-06,B7,1500,maia3-79m,7,b2b3,b3,0.0103525295853614,0.9890689314343036,0.448404635595114,505,27,468,r1bqkb1r/pp2pppp/2n2n2/3p4/3Q1B2/2N2P2/PPP1P1PP/R3KBNR w KQkq -,MODEL_PREDICTION_NOT_EMPIRICAL,after_key,0.0103525295853614,maia3,-266,-728,462,SEVERE_ERROR,100000
JOB-06,B7,1500,maia3-79m,10,b2b4,b4,0.0039066667668521,0.9890689314343036,0.448404635595114,515,24,461,r1bqkb1r/pp2pppp/2n2n2/3p4/3Q1B2/2N2P2/PPP1P1PP/R3KBNR w KQkq -,MODEL_PREDICTION_NOT_EMPIRICAL,after_key,0.0039066667668521,maia3,-241,-729,488,SEVERE_ERROR,100000
JOB-06,B7,1700,maia3-79m,1,e2e4,e4,0.625694990158081,0.9896683357656002,0.4703368028344805,504,29,467,r1bqkb1r/pp2pppp/2n2n2/3p4/3Q1B2/2N2P2/PPP1P1PP/R3KBNR w KQkq -,MODEL_PREDICTION_NOT_EMPIRICAL,after_key,0.625694990158081,maia3,-242,-549,307,SEVERE_ERROR,100000
JOB-06,B7,1700,maia3-79m,5,e2e3,e3,0.0127331614494323,0.9896683357656002,0.4703368028344805,501,29,470,r1bqkb1r/pp2pppp/2n2n2/3p4/3Q1B2/2N2P2/PPP1P1PP/R3KBNR w KQkq -,MODEL_PREDICTION_NOT_EMPIRICAL,after_key,0.0127331614494323,maia3,-250,-543,293,SEVERE_ERROR,100000
JOB-06,B7,1700,maia3-79m,6,g2g3,g3,0.0117970667779445,0.9896683357656002,0.4703368028344805,508,30,462,r1bqkb1r/pp2pppp/2n2n2/3p4/3Q1B2/2N2P2/PPP1P1PP/R3KBNR w KQkq -,MODEL_PREDICTION_NOT_EMPIRICAL,after_key,0.0117970667779445,maia3,-242,-633,391,SEVERE_ERROR,100000
JOB-06,B7,1700,maia3-79m,7,b2b3,b3,0.0114017035812139,0.9896683357656002,0.4703368028344805,510,29,461,r1bqkb1r/pp2pppp/2n2n2/3p4/3Q1B2/2N2P2/PPP1P1PP/R3KBNR w KQkq -,MODEL_PREDICTION_NOT_EMPIRICAL,after_key,0.0114017035812139,maia3,-241,-728,487,SEVERE_ERROR,100000
JOB-06,B7,1700,maia3-79m,9,b2b4,b4,0.0044242879375815,0.9896683357656002,0.4703368028344805,518,27,455,r1bqkb1r/pp2pppp/2n2n2/3p4/3Q1B2/2N2P2/PPP1P1PP/R3KBNR w KQkq -,MODEL_PREDICTION_NOT_EMPIRICAL,after_key,0.0044242879375815,maia3,-252,-731,479,SEVERE_ERROR,100000
JOB-06,B7,1900,maia3-79m,1,e2e4,e4,0.5982585549354553,0.9897327157668768,0.4932666454104177,503,33,464,r1bqkb1r/pp2pppp/2n2n2/3p4/3Q1B2/2N2P2/PPP1P1PP/R3KBNR w KQkq -,MODEL_PREDICTION_NOT_EMPIRICAL,after_key,0.5982585549354553,maia3,-251,-543,292,SEVERE_ERROR,100000
JOB-06,B7,1900,maia3-79m,6,b2b3,b3,0.0116183338686823,0.9897327157668768,0.4932666454104177,513,34,453,r1bqkb1r/pp2pppp/2n2n2/3p4/3Q1B2/2N2P2/PPP1P1PP/R3KBNR w KQkq -,MODEL_PREDICTION_NOT_EMPIRICAL,after_key,0.0116183338686823,maia3,-245,-735,490,SEVERE_ERROR,100000
JOB-06,B7,1900,maia3-79m,7,g2g3,g3,0.0105955358594655,0.9897327157668768,0.4932666454104177,509,35,456,r1bqkb1r/pp2pppp/2n2n2/3p4/3Q1B2/2N2P2/PPP1P1PP/R3KBNR w KQkq -,MODEL_PREDICTION_NOT_EMPIRICAL,after_key,0.0105955358594655,maia3,-244,-636,392,SEVERE_ERROR,100000
JOB-06,B7,1900,maia3-79m,8,e2e3,e3,0.0098551996052265,0.9897327157668768,0.4932666454104177,501,34,465,r1bqkb1r/pp2pppp/2n2n2/3p4/3Q1B2/2N2P2/PPP1P1PP/R3KBNR w KQkq -,MODEL_PREDICTION_NOT_EMPIRICAL,after_key,0.0098551996052265,maia3,-230,-538,308,SEVERE_ERROR,100000
JOB-06,B7,1900,maia3-79m,9,b2b4,b4,0.0044146692380309,0.9897327157668768,0.4932666454104177,517,31,452,r1bqkb1r/pp2pppp/2n2n2/3p4/3Q1B2/2N2P2/PPP1P1PP/R3KBNR w KQkq -,MODEL_PREDICTION_NOT_EMPIRICAL,after_key,0.0044146692380309,maia3,-222,-741,519,SEVERE_ERROR,100000
JOB-06,B7,2100,maia3-79m,1,e2e4,e4,0.5516610741615295,0.9894236333202572,0.5245369929792545,498,41,461,r1bqkb1r/pp2pppp/2n2n2/3p4/3Q1B2/2N2P2/PPP1P1PP/R3KBNR w KQkq -,MODEL_PREDICTION_NOT_EMPIRICAL,after_key,0.5516610741615295,maia3,-245,-556,311,SEVERE_ERROR,100000
JOB-06,B7,2100,maia3-79m,6,b2b3,b3,0.0121682006865739,0.9894236333202572,0.5245369929792545,507,42,451,r1bqkb1r/pp2pppp/2n2n2/3p4/3Q1B2/2N2P2/PPP1P1PP/R3KBNR w KQkq -,MODEL_PREDICTION_NOT_EMPIRICAL,after_key,0.0121682006865739,maia3,-257,-724,467,SEVERE_ERROR,100000
JOB-06,B7,2100,maia3-79m,7,g2g3,g3,0.0087140025570988,0.9894236333202572,0.5245369929792545,505,42,453,r1bqkb1r/pp2pppp/2n2n2/3p4/3Q1B2/2N2P2/PPP1P1PP/R3KBNR w KQkq -,MODEL_PREDICTION_NOT_EMPIRICAL,after_key,0.0087140025570988,maia3,-250,-644,394,SEVERE_ERROR,100000
JOB-06,B7,2100,maia3-79m,8,e2e3,e3,0.0068940538913011,0.9894236333202572,0.5245369929792545,497,43,460,r1bqkb1r/pp2pppp/2n2n2/3p4/3Q1B2/2N2P2/PPP1P1PP/R3KBNR w KQkq -,MODEL_PREDICTION_NOT_EMPIRICAL,after_key,0.0068940538913011,maia3,-252,-540,288,SEVERE_ERROR,100000
JOB-09,B7,1100,maia3-79m,1,e2e4,e4,0.6771548986434937,0.9878678212407976,0.4256131767466212,513,26,461,r1bqkb1r/pp2pppp/2n2n2/3p4/3Q1B2/P1N5/1PP1PPPP/R3KBNR w KQkq -,MODEL_PREDICTION_NOT_EMPIRICAL,after_key,0.6771548986434937,maia3,-197,-541,344,SEVERE_ERROR,100000
JOB-09,B7,1100,maia3-79m,3,e2e3,e3,0.0208527259528636,0.9878678212407976,0.4256131767466212,500,27,473,r1bqkb1r/pp2pppp/2n2n2/3p4/3Q1B2/P1N5/1PP1PPPP/R3KBNR w KQkq -,MODEL_PREDICTION_NOT_EMPIRICAL,after_key,0.0208527259528636,maia3,-205,-512,307,SEVERE_ERROR,100000
JOB-09,B7,1100,maia3-79m,4,g1f3,Nf3,0.0199762973934412,0.9878678212407976,0.4256131767466212,517,27,456,r1bqkb1r/pp2pppp/2n2n2/3p4/3Q1B2/P1N5/1PP1PPPP/R3KBNR w KQkq -,MODEL_PREDICTION_NOT_EMPIRICAL,after_key,0.0199762973934412,maia3,-202,-508,306,SEVERE_ERROR,100000
JOB-09,B7,1100,maia3-79m,6,g2g3,g3,0.0109514547511935,0.9878678212407976,0.4256131767466212,497,27,476,r1bqkb1r/pp2pppp/2n2n2/3p4/3Q1B2/P1N5/1PP1PPPP/R3KBNR w KQkq -,MODEL_PREDICTION_NOT_EMPIRICAL,after_key,0.0109514547511935,maia3,-183,-579,396,SEVERE_ERROR,100000
JOB-09,B7,1100,maia3-79m,7,b2b3,b3,0.0074914833530783,0.9878678212407976,0.4256131767466212,494,27,479,r1bqkb1r/pp2pppp/2n2n2/3p4/3Q1B2/P1N5/1PP1PPPP/R3KBNR w KQkq -,MODEL_PREDICTION_NOT_EMPIRICAL,after_key,0.0074914833530783,maia3,-201,-701,500,SEVERE_ERROR,100000
JOB-09,B7,1300,maia3-79m,1,e2e4,e4,0.6652060747146606,0.9883486481849104,0.4312486267262949,508,25,467,r1bqkb1r/pp2pppp/2n2n2/3p4/3Q1B2/P1N5/1PP1PPPP/R3KBNR w KQkq -,MODEL_PREDICTION_NOT_EMPIRICAL,after_key,0.6652060747146606,maia3,-189,-546,357,SEVERE_ERROR,100000
JOB-09,B7,1300,maia3-79m,3,g1f3,Nf3,0.0193633176386356,0.9883486481849104,0.4312486267262949,521,27,452,r1bqkb1r/pp2pppp/2n2n2/3p4/3Q1B2/P1N5/1PP1PPPP/R3KBNR w KQkq -,MODEL_PREDICTION_NOT_EMPIRICAL,after_key,0.0193633176386356,maia3,-188,-502,314,SEVERE_ERROR,100000
JOB-09,B7,1300,maia3-79m,5,e2e3,e3,0.0176263321191072,0.9883486481849104,0.4312486267262949,499,26,475,r1bqkb1r/pp2pppp/2n2n2/3p4/3Q1B2/P1N5/1PP1PPPP/R3KBNR w KQkq -,MODEL_PREDICTION_NOT_EMPIRICAL,after_key,0.0176263321191072,maia3,-191,-514,323,SEVERE_ERROR,100000
JOB-09,B7,1300,maia3-79m,6,g2g3,g3,0.0113351605832576,0.9883486481849104,0.4312486267262949,500,27,473,r1bqkb1r/pp2pppp/2n2n2/3p4/3Q1B2/P1N5/1PP1PPPP/R3KBNR w KQkq -,MODEL_PREDICTION_NOT_EMPIRICAL,after_key,0.0113351605832576,maia3,-191,-582,391,SEVERE_ERROR,100000
JOB-09,B7,1300,maia3-79m,7,b2b3,b3,0.0088089434430003,0.9883486481849104,0.4312486267262949,503,26,471,r1bqkb1r/pp2pppp/2n2n2/3p4/3Q1B2/P1N5/1PP1PPPP/R3KBNR w KQkq -,MODEL_PREDICTION_NOT_EMPIRICAL,after_key,0.0088089434430003,maia3,-197,-732,535,SEVERE_ERROR,100000
JOB-09,B7,1500,maia3-79m,1,e2e4,e4,0.6482347846031189,0.9890689314343036,0.448404635595114,505,27,468,r1bqkb1r/pp2pppp/2n2n2/3p4/3Q1B2/P1N5/1PP1PPPP/R3KBNR w KQkq -,MODEL_PREDICTION_NOT_EMPIRICAL,after_key,0.6482347846031189,maia3,-185,-554,369,SEVERE_ERROR,100000
JOB-09,B7,1500,maia3-79m,4,g1f3,Nf3,0.0206830464303493,0.9890689314343036,0.448404635595114,525,27,448,r1bqkb1r/pp2pppp/2n2n2/3p4/3Q1B2/P1N5/1PP1PPPP/R3KBNR w KQkq -,MODEL_PREDICTION_NOT_EMPIRICAL,after_key,0.0206830464303493,maia3,-185,-502,317,SEVERE_ERROR,100000
JOB-09,B7,1500,maia3-79m,5,e2e3,e3,0.0152594503015279,0.9890689314343036,0.448404635595114,497,27,476,r1bqkb1r/pp2pppp/2n2n2/3p4/3Q1B2/P1N5/1PP1PPPP/R3KBNR w KQkq -,MODEL_PREDICTION_NOT_EMPIRICAL,after_key,0.0152594503015279,maia3,-205,-511,306,SEVERE_ERROR,100000
JOB-09,B7,1500,maia3-79m,6,g2g3,g3,0.0118206376209855,0.9890689314343036,0.448404635595114,503,28,469,r1bqkb1r/pp2pppp/2n2n2/3p4/3Q1B2/P1N5/1PP1PPPP/R3KBNR w KQkq -,MODEL_PREDICTION_NOT_EMPIRICAL,after_key,0.0118206376209855,maia3,-202,-585,383,SEVERE_ERROR,100000
JOB-09,B7,1500,maia3-79m,7,b2b3,b3,0.0103525295853614,0.9890689314343036,0.448404635595114,505,27,468,r1bqkb1r/pp2pppp/2n2n2/3p4/3Q1B2/P1N5/1PP1PPPP/R3KBNR w KQkq -,MODEL_PREDICTION_NOT_EMPIRICAL,after_key,0.0103525295853614,maia3,-201,-731,530,SEVERE_ERROR,100000
JOB-09,B7,1500,maia3-79m,10,b2b4,b4,0.0039066667668521,0.9890689314343036,0.448404635595114,515,24,461,r1bqkb1r/pp2pppp/2n2n2/3p4/3Q1B2/P1N5/1PP1PPPP/R3KBNR w KQkq -,MODEL_PREDICTION_NOT_EMPIRICAL,after_key,0.0039066667668521,maia3,-189,-649,460,SEVERE_ERROR,100000
JOB-09,B7,1700,maia3-79m,1,e2e4,e4,0.625694990158081,0.9896683357656002,0.4703368028344805,504,29,467,r1bqkb1r/pp2pppp/2n2n2/3p4/3Q1B2/P1N5/1PP1PPPP/R3KBNR w KQkq -,MODEL_PREDICTION_NOT_EMPIRICAL,after_key,0.625694990158081,maia3,-190,-545,355,SEVERE_ERROR,100000
JOB-09,B7,1700,maia3-79m,4,g1f3,Nf3,0.0238940399140119,0.9896683357656002,0.4703368028344805,530,30,440,r1bqkb1r/pp2pppp/2n2n2/3p4/3Q1B2/P1N5/1PP1PPPP/R3KBNR w KQkq -,MODEL_PREDICTION_NOT_EMPIRICAL,after_key,0.0238940399140119,maia3,-201,-490,289,SEVERE_ERROR,100000
JOB-09,B7,1700,maia3-79m,5,e2e3,e3,0.0127331614494323,0.9896683357656002,0.4703368028344805,501,29,470,r1bqkb1r/pp2pppp/2n2n2/3p4/3Q1B2/P1N5/1PP1PPPP/R3KBNR w KQkq -,MODEL_PREDICTION_NOT_EMPIRICAL,after_key,0.0127331614494323,maia3,-185,-502,317,SEVERE_ERROR,100000
JOB-09,B7,1700,maia3-79m,6,g2g3,g3,0.0117970667779445,0.9896683357656002,0.4703368028344805,508,30,462,r1bqkb1r/pp2pppp/2n2n2/3p4/3Q1B2/P1N5/1PP1PPPP/R3KBNR w KQkq -,MODEL_PREDICTION_NOT_EMPIRICAL,after_key,0.0117970667779445,maia3,-197,-591,394,SEVERE_ERROR,100000
JOB-09,B7,1700,maia3-79m,7,b2b3,b3,0.0114017035812139,0.9896683357656002,0.4703368028344805,510,29,461,r1bqkb1r/pp2pppp/2n2n2/3p4/3Q1B2/P1N5/1PP1PPPP/R3KBNR w KQkq -,MODEL_PREDICTION_NOT_EMPIRICAL,after_key,0.0114017035812139,maia3,-198,-732,534,SEVERE_ERROR,100000
JOB-09,B7,1700,maia3-79m,9,b2b4,b4,0.0044242879375815,0.9896683357656002,0.4703368028344805,518,27,455,r1bqkb1r/pp2pppp/2n2n2/3p4/3Q1B2/P1N5/1PP1PPPP/R3KBNR w KQkq -,MODEL_PREDICTION_NOT_EMPIRICAL,after_key,0.0044242879375815,maia3,-181,-636,455,SEVERE_ERROR,100000
JOB-09,B7,1900,maia3-79m,1,e2e4,e4,0.5982585549354553,0.9897327157668768,0.4932666454104177,503,33,464,r1bqkb1r/pp2pppp/2n2n2/3p4/3Q1B2/P1N5/1PP1PPPP/R3KBNR w KQkq -,MODEL_PREDICTION_NOT_EMPIRICAL,after_key,0.5982585549354553,maia3,-193,-549,356,SEVERE_ERROR,100000
JOB-09,B7,1900,maia3-79m,4,g1f3,Nf3,0.0307666920125484,0.9897327157668768,0.4932666454104177,527,36,437,r1bqkb1r/pp2pppp/2n2n2/3p4/3Q1B2/P1N5/1PP1PPPP/R3KBNR w KQkq -,MODEL_PREDICTION_NOT_EMPIRICAL,after_key,0.0307666920125484,maia3,-198,-505,307,SEVERE_ERROR,100000
JOB-09,B7,1900,maia3-79m,6,b2b3,b3,0.0116183338686823,0.9897327157668768,0.4932666454104177,513,34,453,r1bqkb1r/pp2pppp/2n2n2/3p4/3Q1B2/P1N5/1PP1PPPP/R3KBNR w KQkq -,MODEL_PREDICTION_NOT_EMPIRICAL,after_key,0.0116183338686823,maia3,-193,-732,539,SEVERE_ERROR,100000
JOB-09,B7,1900,maia3-79m,7,g2g3,g3,0.0105955358594655,0.9897327157668768,0.4932666454104177,509,35,456,r1bqkb1r/pp2pppp/2n2n2/3p4/3Q1B2/P1N5/1PP1PPPP/R3KBNR w KQkq -,MODEL_PREDICTION_NOT_EMPIRICAL,after_key,0.0105955358594655,maia3,-194,-605,411,SEVERE_ERROR,100000
JOB-09,B7,1900,maia3-79m,8,e2e3,e3,0.0098551996052265,0.9897327157668768,0.4932666454104177,501,34,465,r1bqkb1r/pp2pppp/2n2n2/3p4/3Q1B2/P1N5/1PP1PPPP/R3KBNR w KQkq -,MODEL_PREDICTION_NOT_EMPIRICAL,after_key,0.0098551996052265,maia3,-197,-497,300,SEVERE_ERROR,100000
JOB-09,B7,1900,maia3-79m,9,b2b4,b4,0.0044146692380309,0.9897327157668768,0.4932666454104177,517,31,452,r1bqkb1r/pp2pppp/2n2n2/3p4/3Q1B2/P1N5/1PP1PPPP/R3KBNR w KQkq -,MODEL_PREDICTION_NOT_EMPIRICAL,after_key,0.0044146692380309,maia3,-176,-642,466,SEVERE_ERROR,100000
JOB-09,B7,2100,maia3-79m,1,e2e4,e4,0.5516610741615295,0.9894236333202572,0.5245369929792545,498,41,461,r1bqkb1r/pp2pppp/2n2n2/3p4/3Q1B2/P1N5/1PP1PPPP/R3KBNR w KQkq -,MODEL_PREDICTION_NOT_EMPIRICAL,after_key,0.5516610741615295,maia3,-189,-555,366,SEVERE_ERROR,100000
JOB-09,B7,2100,maia3-79m,3,g1f3,Nf3,0.0481594055891037,0.9894236333202572,0.5245369929792545,516,45,439,r1bqkb1r/pp2pppp/2n2n2/3p4/3Q1B2/P1N5/1PP1PPPP/R3KBNR w KQkq -,MODEL_PREDICTION_NOT_EMPIRICAL,after_key,0.0481594055891037,maia3,-189,-483,294,SEVERE_ERROR,100000
JOB-09,B7,2100,maia3-79m,6,b2b3,b3,0.0121682006865739,0.9894236333202572,0.5245369929792545,507,42,451,r1bqkb1r/pp2pppp/2n2n2/3p4/3Q1B2/P1N5/1PP1PPPP/R3KBNR w KQkq -,MODEL_PREDICTION_NOT_EMPIRICAL,after_key,0.0121682006865739,maia3,-201,-722,521,SEVERE_ERROR,100000
JOB-09,B7,2100,maia3-79m,7,g2g3,g3,0.0087140025570988,0.9894236333202572,0.5245369929792545,505,42,453,r1bqkb1r/pp2pppp/2n2n2/3p4/3Q1B2/P1N5/1PP1PPPP/R3KBNR w KQkq -,MODEL_PREDICTION_NOT_EMPIRICAL,after_key,0.0087140025570988,maia3,-202,-602,400,SEVERE_ERROR,100000
JOB-09,B7,2100,maia3-79m,8,e2e3,e3,0.0068940538913011,0.9894236333202572,0.5245369929792545,497,43,460,r1bqkb1r/pp2pppp/2n2n2/3p4/3Q1B2/P1N5/1PP1PPPP/R3KBNR w KQkq -,MODEL_PREDICTION_NOT_EMPIRICAL,after_key,0.0068940538913011,maia3,-199,-499,300,SEVERE_ERROR,100000
JOB-10,B7,1100,maia3-79m,1,e2e4,e4,0.6771548986434937,0.9878678212407976,0.4256131767466212,513,26,461,r1bqkb1r/pp2pppp/2n2n2/3p4/3Q1B1P/2N5/PPP1PPP1/R3KBNR w KQkq -,MODEL_PREDICTION_NOT_EMPIRICAL,after_key,0.6771548986434937,maia3,-242,-547,305,SEVERE_ERROR,100000
JOB-10,B7,1100,maia3-79m,3,e2e3,e3,0.0208527259528636,0.9878678212407976,0.4256131767466212,500,27,473,r1bqkb1r/pp2pppp/2n2n2/3p4/3Q1B1P/2N5/PPP1PPP1/R3KBNR w KQkq -,MODEL_PREDICTION_NOT_EMPIRICAL,after_key,0.0208527259528636,maia3,-260,-497,237,SEVERE_ERROR,100000
JOB-10,B7,1100,maia3-79m,4,g1f3,Nf3,0.0199762973934412,0.9878678212407976,0.4256131767466212,517,27,456,r1bqkb1r/pp2pppp/2n2n2/3p4/3Q1B1P/2N5/PPP1PPP1/R3KBNR w KQkq -,MODEL_PREDICTION_NOT_EMPIRICAL,after_key,0.0199762973934412,maia3,-254,-482,228,SEVERE_ERROR,100000
JOB-10,B7,1100,maia3-79m,6,g2g3,g3,0.0109514547511935,0.9878678212407976,0.4256131767466212,497,27,476,r1bqkb1r/pp2pppp/2n2n2/3p4/3Q1B1P/2N5/PPP1PPP1/R3KBNR w KQkq -,MODEL_PREDICTION_NOT_EMPIRICAL,after_key,0.0109514547511935,maia3,-261,-602,341,SEVERE_ERROR,100000
JOB-10,B7,1100,maia3-79m,7,b2b3,b3,0.0074914833530783,0.9878678212407976,0.4256131767466212,494,27,479,r1bqkb1r/pp2pppp/2n2n2/3p4/3Q1B1P/2N5/PPP1PPP1/R3KBNR w KQkq -,MODEL_PREDICTION_NOT_EMPIRICAL,after_key,0.0074914833530783,maia3,-247,-697,450,SEVERE_ERROR,100000
JOB-10,B7,1300,maia3-79m,1,e2e4,e4,0.6652060747146606,0.9883486481849104,0.4312486267262949,508,25,467,r1bqkb1r/pp2pppp/2n2n2/3p4/3Q1B1P/2N5/PPP1PPP1/R3KBNR w KQkq -,MODEL_PREDICTION_NOT_EMPIRICAL,after_key,0.6652060747146606,maia3,-251,-547,296,SEVERE_ERROR,100000
JOB-10,B7,1300,maia3-79m,3,g1f3,Nf3,0.0193633176386356,0.9883486481849104,0.4312486267262949,521,27,452,r1bqkb1r/pp2pppp/2n2n2/3p4/3Q1B1P/2N5/PPP1PPP1/R3KBNR w KQkq -,MODEL_PREDICTION_NOT_EMPIRICAL,after_key,0.0193633176386356,maia3,-271,-490,219,SEVERE_ERROR,100000
JOB-10,B7,1300,maia3-79m,5,e2e3,e3,0.0176263321191072,0.9883486481849104,0.4312486267262949,499,26,475,r1bqkb1r/pp2pppp/2n2n2/3p4/3Q1B1P/2N5/PPP1PPP1/R3KBNR w KQkq -,MODEL_PREDICTION_NOT_EMPIRICAL,after_key,0.0176263321191072,maia3,-262,-489,227,SEVERE_ERROR,100000
JOB-10,B7,1300,maia3-79m,6,g2g3,g3,0.0113351605832576,0.9883486481849104,0.4312486267262949,500,27,473,r1bqkb1r/pp2pppp/2n2n2/3p4/3Q1B1P/2N5/PPP1PPP1/R3KBNR w KQkq -,MODEL_PREDICTION_NOT_EMPIRICAL,after_key,0.0113351605832576,maia3,-262,-601,339,SEVERE_ERROR,100000
JOB-10,B7,1300,maia3-79m,7,b2b3,b3,0.0088089434430003,0.9883486481849104,0.4312486267262949,503,26,471,r1bqkb1r/pp2pppp/2n2n2/3p4/3Q1B1P/2N5/PPP1PPP1/R3KBNR w KQkq -,MODEL_PREDICTION_NOT_EMPIRICAL,after_key,0.0088089434430003,maia3,-253,-733,480,SEVERE_ERROR,100000
JOB-10,B7,1500,maia3-79m,1,e2e4,e4,0.6482347846031189,0.9890689314343036,0.448404635595114,505,27,468,r1bqkb1r/pp2pppp/2n2n2/3p4/3Q1B1P/2N5/PPP1PPP1/R3KBNR w KQkq -,MODEL_PREDICTION_NOT_EMPIRICAL,after_key,0.6482347846031189,maia3,-257,-564,307,SEVERE_ERROR,100000
JOB-10,B7,1500,maia3-79m,4,g1f3,Nf3,0.0206830464303493,0.9890689314343036,0.448404635595114,525,27,448,r1bqkb1r/pp2pppp/2n2n2/3p4/3Q1B1P/2N5/PPP1PPP1/R3KBNR w KQkq -,MODEL_PREDICTION_NOT_EMPIRICAL,after_key,0.0206830464303493,maia3,-260,-489,229,SEVERE_ERROR,100000
JOB-10,B7,1500,maia3-79m,5,e2e3,e3,0.0152594503015279,0.9890689314343036,0.448404635595114,497,27,476,r1bqkb1r/pp2pppp/2n2n2/3p4/3Q1B1P/2N5/PPP1PPP1/R3KBNR w KQkq -,MODEL_PREDICTION_NOT_EMPIRICAL,after_key,0.0152594503015279,maia3,-260,-490,230,SEVERE_ERROR,100000
JOB-10,B7,1500,maia3-79m,6,g2g3,g3,0.0118206376209855,0.9890689314343036,0.448404635595114,503,28,469,r1bqkb1r/pp2pppp/2n2n2/3p4/3Q1B1P/2N5/PPP1PPP1/R3KBNR w KQkq -,MODEL_PREDICTION_NOT_EMPIRICAL,after_key,0.0118206376209855,maia3,-263,-588,325,SEVERE_ERROR,100000
JOB-10,B7,1500,maia3-79m,7,b2b3,b3,0.0103525295853614,0.9890689314343036,0.448404635595114,505,27,468,r1bqkb1r/pp2pppp/2n2n2/3p4/3Q1B1P/2N5/PPP1PPP1/R3KBNR w KQkq -,MODEL_PREDICTION_NOT_EMPIRICAL,after_key,0.0103525295853614,maia3,-273,-730,457,SEVERE_ERROR,100000
JOB-10,B7,1500,maia3-79m,10,b2b4,b4,0.0039066667668521,0.9890689314343036,0.448404635595114,515,24,461,r1bqkb1r/pp2pppp/2n2n2/3p4/3Q1B1P/2N5/PPP1PPP1/R3KBNR w KQkq -,MODEL_PREDICTION_NOT_EMPIRICAL,after_key,0.0039066667668521,maia3,-270,-684,414,SEVERE_ERROR,100000
JOB-10,B7,1700,maia3-79m,1,e2e4,e4,0.625694990158081,0.9896683357656002,0.4703368028344805,504,29,467,r1bqkb1r/pp2pppp/2n2n2/3p4/3Q1B1P/2N5/PPP1PPP1/R3KBNR w KQkq -,MODEL_PREDICTION_NOT_EMPIRICAL,after_key,0.625694990158081,maia3,-269,-544,275,SEVERE_ERROR,100000
JOB-10,B7,1700,maia3-79m,4,g1f3,Nf3,0.0238940399140119,0.9896683357656002,0.4703368028344805,530,30,440,r1bqkb1r/pp2pppp/2n2n2/3p4/3Q1B1P/2N5/PPP1PPP1/R3KBNR w KQkq -,MODEL_PREDICTION_NOT_EMPIRICAL,after_key,0.0238940399140119,maia3,-264,-491,227,SEVERE_ERROR,100000
JOB-10,B7,1700,maia3-79m,5,e2e3,e3,0.0127331614494323,0.9896683357656002,0.4703368028344805,501,29,470,r1bqkb1r/pp2pppp/2n2n2/3p4/3Q1B1P/2N5/PPP1PPP1/R3KBNR w KQkq -,MODEL_PREDICTION_NOT_EMPIRICAL,after_key,0.0127331614494323,maia3,-263,-492,229,SEVERE_ERROR,100000
JOB-10,B7,1700,maia3-79m,6,g2g3,g3,0.0117970667779445,0.9896683357656002,0.4703368028344805,508,30,462,r1bqkb1r/pp2pppp/2n2n2/3p4/3Q1B1P/2N5/PPP1PPP1/R3KBNR w KQkq -,MODEL_PREDICTION_NOT_EMPIRICAL,after_key,0.0117970667779445,maia3,-261,-595,334,SEVERE_ERROR,100000
JOB-10,B7,1700,maia3-79m,7,b2b3,b3,0.0114017035812139,0.9896683357656002,0.4703368028344805,510,29,461,r1bqkb1r/pp2pppp/2n2n2/3p4/3Q1B1P/2N5/PPP1PPP1/R3KBNR w KQkq -,MODEL_PREDICTION_NOT_EMPIRICAL,after_key,0.0114017035812139,maia3,-263,-743,480,SEVERE_ERROR,100000
JOB-10,B7,1700,maia3-79m,9,b2b4,b4,0.0044242879375815,0.9896683357656002,0.4703368028344805,518,27,455,r1bqkb1r/pp2pppp/2n2n2/3p4/3Q1B1P/2N5/PPP1PPP1/R3KBNR w KQkq -,MODEL_PREDICTION_NOT_EMPIRICAL,after_key,0.0044242879375815,maia3,-262,-720,458,SEVERE_ERROR,100000
JOB-10,B7,1900,maia3-79m,1,e2e4,e4,0.5982585549354553,0.9897327157668768,0.4932666454104177,503,33,464,r1bqkb1r/pp2pppp/2n2n2/3p4/3Q1B1P/2N5/PPP1PPP1/R3KBNR w KQkq -,MODEL_PREDICTION_NOT_EMPIRICAL,after_key,0.5982585549354553,maia3,-262,-556,294,SEVERE_ERROR,100000
JOB-10,B7,1900,maia3-79m,4,g1f3,Nf3,0.0307666920125484,0.9897327157668768,0.4932666454104177,527,36,437,r1bqkb1r/pp2pppp/2n2n2/3p4/3Q1B1P/2N5/PPP1PPP1/R3KBNR w KQkq -,MODEL_PREDICTION_NOT_EMPIRICAL,after_key,0.0307666920125484,maia3,-264,-504,240,SEVERE_ERROR,100000
JOB-10,B7,1900,maia3-79m,6,b2b3,b3,0.0116183338686823,0.9897327157668768,0.4932666454104177,513,34,453,r1bqkb1r/pp2pppp/2n2n2/3p4/3Q1B1P/2N5/PPP1PPP1/R3KBNR w KQkq -,MODEL_PREDICTION_NOT_EMPIRICAL,after_key,0.0116183338686823,maia3,-264,-732,468,SEVERE_ERROR,100000
JOB-10,B7,1900,maia3-79m,7,g2g3,g3,0.0105955358594655,0.9897327157668768,0.4932666454104177,509,35,456,r1bqkb1r/pp2pppp/2n2n2/3p4/3Q1B1P/2N5/PPP1PPP1/R3KBNR w KQkq -,MODEL_PREDICTION_NOT_EMPIRICAL,after_key,0.0105955358594655,maia3,-266,-603,337,SEVERE_ERROR,100000
JOB-10,B7,1900,maia3-79m,8,e2e3,e3,0.0098551996052265,0.9897327157668768,0.4932666454104177,501,34,465,r1bqkb1r/pp2pppp/2n2n2/3p4/3Q1B1P/2N5/PPP1PPP1/R3KBNR w KQkq -,MODEL_PREDICTION_NOT_EMPIRICAL,after_key,0.0098551996052265,maia3,-264,-488,224,SEVERE_ERROR,100000
JOB-10,B7,1900,maia3-79m,9,b2b4,b4,0.0044146692380309,0.9897327157668768,0.4932666454104177,517,31,452,r1bqkb1r/pp2pppp/2n2n2/3p4/3Q1B1P/2N5/PPP1PPP1/R3KBNR w KQkq -,MODEL_PREDICTION_NOT_EMPIRICAL,after_key,0.0044146692380309,maia3,-263,-715,452,SEVERE_ERROR,100000
JOB-10,B7,2100,maia3-79m,1,e2e4,e4,0.5516610741615295,0.9894236333202572,0.5245369929792545,498,41,461,r1bqkb1r/pp2pppp/2n2n2/3p4/3Q1B1P/2N5/PPP1PPP1/R3KBNR w KQkq -,MODEL_PREDICTION_NOT_EMPIRICAL,after_key,0.5516610741615295,maia3,-257,-559,302,SEVERE_ERROR,100000
JOB-10,B7,2100,maia3-79m,3,g1f3,Nf3,0.0481594055891037,0.9894236333202572,0.5245369929792545,516,45,439,r1bqkb1r/pp2pppp/2n2n2/3p4/3Q1B1P/2N5/PPP1PPP1/R3KBNR w KQkq -,MODEL_PREDICTION_NOT_EMPIRICAL,after_key,0.0481594055891037,maia3,-255,-484,229,SEVERE_ERROR,100000
JOB-10,B7,2100,maia3-79m,6,b2b3,b3,0.0121682006865739,0.9894236333202572,0.5245369929792545,507,42,451,r1bqkb1r/pp2pppp/2n2n2/3p4/3Q1B1P/2N5/PPP1PPP1/R3KBNR w KQkq -,MODEL_PREDICTION_NOT_EMPIRICAL,after_key,0.0121682006865739,maia3,-265,-731,466,SEVERE_ERROR,100000
JOB-10,B7,2100,maia3-79m,7,g2g3,g3,0.0087140025570988,0.9894236333202572,0.5245369929792545,505,42,453,r1bqkb1r/pp2pppp/2n2n2/3p4/3Q1B1P/2N5/PPP1PPP1/R3KBNR w KQkq -,MODEL_PREDICTION_NOT_EMPIRICAL,after_key,0.0087140025570988,maia3,-269,-587,318,SEVERE_ERROR,100000
JOB-10,B7,2100,maia3-79m,8,e2e3,e3,0.0068940538913011,0.9894236333202572,0.5245369929792545,497,43,460,r1bqkb1r/pp2pppp/2n2n2/3p4/3Q1B1P/2N5/PPP1PPP1/R3KBNR w KQkq -,MODEL_PREDICTION_NOT_EMPIRICAL,after_key,0.0068940538913011,maia3,-263,-500,237,SEVERE_ERROR,100000
VER-08,B7,1100,maia3-79m,1,e2e4,e4,0.6771548986434937,0.9878678212407976,0.4256131767466212,513,26,461,r1bqkb1r/pp2pppp/2n2n2/3p2B1/3Q4/2N2P2/PPP1P1PP/R3KBNR w KQkq -,MODEL_PREDICTION_NOT_EMPIRICAL,after_key,0.6771548986434937,maia3,-154,-544,390,SEVERE_ERROR,100000
VER-08,B7,1100,maia3-79m,3,e2e3,e3,0.0208527259528636,0.9878678212407976,0.4256131767466212,500,27,473,r1bqkb1r/pp2pppp/2n2n2/3p2B1/3Q4/2N2P2/PPP1P1PP/R3KBNR w KQkq -,MODEL_PREDICTION_NOT_EMPIRICAL,after_key,0.0208527259528636,maia3,-158,-566,408,SEVERE_ERROR,100000
VER-08,B7,1100,maia3-79m,6,g2g3,g3,0.0109514547511935,0.9878678212407976,0.4256131767466212,497,27,476,r1bqkb1r/pp2pppp/2n2n2/3p2B1/3Q4/2N2P2/PPP1P1PP/R3KBNR w KQkq -,MODEL_PREDICTION_NOT_EMPIRICAL,after_key,0.0109514547511935,maia3,-157,-619,462,SEVERE_ERROR,100000
VER-08,B7,1100,maia3-79m,7,b2b3,b3,0.0074914833530783,0.9878678212407976,0.4256131767466212,494,27,479,r1bqkb1r/pp2pppp/2n2n2/3p2B1/3Q4/2N2P2/PPP1P1PP/R3KBNR w KQkq -,MODEL_PREDICTION_NOT_EMPIRICAL,after_key,0.0074914833530783,maia3,-158,-725,567,SEVERE_ERROR,100000
VER-08,B7,1300,maia3-79m,1,e2e4,e4,0.6652060747146606,0.9883486481849104,0.4312486267262949,508,25,467,r1bqkb1r/pp2pppp/2n2n2/3p2B1/3Q4/2N2P2/PPP1P1PP/R3KBNR w KQkq -,MODEL_PREDICTION_NOT_EMPIRICAL,after_key,0.6652060747146606,maia3,-165,-562,397,SEVERE_ERROR,100000
VER-08,B7,1300,maia3-79m,5,e2e3,e3,0.0176263321191072,0.9883486481849104,0.4312486267262949,499,26,475,r1bqkb1r/pp2pppp/2n2n2/3p2B1/3Q4/2N2P2/PPP1P1PP/R3KBNR w KQkq -,MODEL_PREDICTION_NOT_EMPIRICAL,after_key,0.0176263321191072,maia3,-152,-558,406,SEVERE_ERROR,100000
VER-08,B7,1300,maia3-79m,6,g2g3,g3,0.0113351605832576,0.9883486481849104,0.4312486267262949,500,27,473,r1bqkb1r/pp2pppp/2n2n2/3p2B1/3Q4/2N2P2/PPP1P1PP/R3KBNR w KQkq -,MODEL_PREDICTION_NOT_EMPIRICAL,after_key,0.0113351605832576,maia3,-160,-607,447,SEVERE_ERROR,100000
VER-08,B7,1300,maia3-79m,7,b2b3,b3,0.0088089434430003,0.9883486481849104,0.4312486267262949,503,26,471,r1bqkb1r/pp2pppp/2n2n2/3p2B1/3Q4/2N2P2/PPP1P1PP/R3KBNR w KQkq -,MODEL_PREDICTION_NOT_EMPIRICAL,after_key,0.0088089434430003,maia3,-170,-726,556,SEVERE_ERROR,100000
VER-08,B7,1500,maia3-79m,1,e2e4,e4,0.6482347846031189,0.9890689314343036,0.448404635595114,505,27,468,r1bqkb1r/pp2pppp/2n2n2/3p2B1/3Q4/2N2P2/PPP1P1PP/R3KBNR w KQkq -,MODEL_PREDICTION_NOT_EMPIRICAL,after_key,0.6482347846031189,maia3,-172,-572,400,SEVERE_ERROR,100000
VER-08,B7,1500,maia3-79m,5,e2e3,e3,0.0152594503015279,0.9890689314343036,0.448404635595114,497,27,476,r1bqkb1r/pp2pppp/2n2n2/3p2B1/3Q4/2N2P2/PPP1P1PP/R3KBNR w KQkq -,MODEL_PREDICTION_NOT_EMPIRICAL,after_key,0.0152594503015279,maia3,-173,-566,393,SEVERE_ERROR,100000
VER-08,B7,1500,maia3-79m,6,g2g3,g3,0.0118206376209855,0.9890689314343036,0.448404635595114,503,28,469,r1bqkb1r/pp2pppp/2n2n2/3p2B1/3Q4/2N2P2/PPP1P1PP/R3KBNR w KQkq -,MODEL_PREDICTION_NOT_EMPIRICAL,after_key,0.0118206376209855,maia3,-158,-616,458,SEVERE_ERROR,100000
VER-08,B7,1500,maia3-79m,7,b2b3,b3,0.0103525295853614,0.9890689314343036,0.448404635595114,505,27,468,r1bqkb1r/pp2pppp/2n2n2/3p2B1/3Q4/2N2P2/PPP1P1PP/R3KBNR w KQkq -,MODEL_PREDICTION_NOT_EMPIRICAL,after_key,0.0103525295853614,maia3,-165,-715,550,SEVERE_ERROR,100000
VER-08,B7,1500,maia3-79m,10,b2b4,b4,0.0039066667668521,0.9890689314343036,0.448404635595114,515,24,461,r1bqkb1r/pp2pppp/2n2n2/3p2B1/3Q4/2N2P2/PPP1P1PP/R3KBNR w KQkq -,MODEL_PREDICTION_NOT_EMPIRICAL,after_key,0.0039066667668521,maia3,-167,-749,582,SEVERE_ERROR,100000
VER-08,B7,1700,maia3-79m,1,e2e4,e4,0.625694990158081,0.9896683357656002,0.4703368028344805,504,29,467,r1bqkb1r/pp2pppp/2n2n2/3p2B1/3Q4/2N2P2/PPP1P1PP/R3KBNR w KQkq -,MODEL_PREDICTION_NOT_EMPIRICAL,after_key,0.625694990158081,maia3,-160,-546,386,SEVERE_ERROR,100000
VER-08,B7,1700,maia3-79m,5,e2e3,e3,0.0127331614494323,0.9896683357656002,0.4703368028344805,501,29,470,r1bqkb1r/pp2pppp/2n2n2/3p2B1/3Q4/2N2P2/PPP1P1PP/R3KBNR w KQkq -,MODEL_PREDICTION_NOT_EMPIRICAL,after_key,0.0127331614494323,maia3,-157,-541,384,SEVERE_ERROR,100000
VER-08,B7,1700,maia3-79m,6,g2g3,g3,0.0117970667779445,0.9896683357656002,0.4703368028344805,508,30,462,r1bqkb1r/pp2pppp/2n2n2/3p2B1/3Q4/2N2P2/PPP1P1PP/R3KBNR w KQkq -,MODEL_PREDICTION_NOT_EMPIRICAL,after_key,0.0117970667779445,maia3,-173,-607,434,SEVERE_ERROR,100000
VER-08,B7,1700,maia3-79m,7,b2b3,b3,0.0114017035812139,0.9896683357656002,0.4703368028344805,510,29,461,r1bqkb1r/pp2pppp/2n2n2/3p2B1/3Q4/2N2P2/PPP1P1PP/R3KBNR w KQkq -,MODEL_PREDICTION_NOT_EMPIRICAL,after_key,0.0114017035812139,maia3,-171,-729,558,SEVERE_ERROR,100000
VER-08,B7,1700,maia3-79m,9,b2b4,b4,0.0044242879375815,0.9896683357656002,0.4703368028344805,518,27,455,r1bqkb1r/pp2pppp/2n2n2/3p2B1/3Q4/2N2P2/PPP1P1PP/R3KBNR w KQkq -,MODEL_PREDICTION_NOT_EMPIRICAL,after_key,0.0044242879375815,maia3,-155,-745,590,SEVERE_ERROR,100000
VER-08,B7,1900,maia3-79m,1,e2e4,e4,0.5982585549354553,0.9897327157668768,0.4932666454104177,503,33,464,r1bqkb1r/pp2pppp/2n2n2/3p2B1/3Q4/2N2P2/PPP1P1PP/R3KBNR w KQkq -,MODEL_PREDICTION_NOT_EMPIRICAL,after_key,0.5982585549354553,maia3,-161,-561,400,SEVERE_ERROR,100000
VER-08,B7,1900,maia3-79m,6,b2b3,b3,0.0116183338686823,0.9897327157668768,0.4932666454104177,513,34,453,r1bqkb1r/pp2pppp/2n2n2/3p2B1/3Q4/2N2P2/PPP1P1PP/R3KBNR w KQkq -,MODEL_PREDICTION_NOT_EMPIRICAL,after_key,0.0116183338686823,maia3,-166,-731,565,SEVERE_ERROR,100000
VER-08,B7,1900,maia3-79m,7,g2g3,g3,0.0105955358594655,0.9897327157668768,0.4932666454104177,509,35,456,r1bqkb1r/pp2pppp/2n2n2/3p2B1/3Q4/2N2P2/PPP1P1PP/R3KBNR w KQkq -,MODEL_PREDICTION_NOT_EMPIRICAL,after_key,0.0105955358594655,maia3,-170,-619,449,SEVERE_ERROR,100000
VER-08,B7,1900,maia3-79m,8,e2e3,e3,0.0098551996052265,0.9897327157668768,0.4932666454104177,501,34,465,r1bqkb1r/pp2pppp/2n2n2/3p2B1/3Q4/2N2P2/PPP1P1PP/R3KBNR w KQkq -,MODEL_PREDICTION_NOT_EMPIRICAL,after_key,0.0098551996052265,maia3,-170,-545,375,SEVERE_ERROR,100000
VER-08,B7,1900,maia3-79m,9,b2b4,b4,0.0044146692380309,0.9897327157668768,0.4932666454104177,517,31,452,r1bqkb1r/pp2pppp/2n2n2/3p2B1/3Q4/2N2P2/PPP1P1PP/R3KBNR w KQkq -,MODEL_PREDICTION_NOT_EMPIRICAL,after_key,0.0044146692380309,maia3,-165,-733,568,SEVERE_ERROR,100000
VER-08,B7,2100,maia3-79m,1,e2e4,e4,0.5516610741615295,0.9894236333202572,0.5245369929792545,498,41,461,r1bqkb1r/pp2pppp/2n2n2/3p2B1/3Q4/2N2P2/PPP1P1PP/R3KBNR w KQkq -,MODEL_PREDICTION_NOT_EMPIRICAL,after_key,0.5516610741615295,maia3,-166,-567,401,SEVERE_ERROR,100000
VER-08,B7,2100,maia3-79m,6,b2b3,b3,0.0121682006865739,0.9894236333202572,0.5245369929792545,507,42,451,r1bqkb1r/pp2pppp/2n2n2/3p2B1/3Q4/2N2P2/PPP1P1PP/R3KBNR w KQkq -,MODEL_PREDICTION_NOT_EMPIRICAL,after_key,0.0121682006865739,maia3,-168,-733,565,SEVERE_ERROR,100000
VER-08,B7,2100,maia3-79m,7,g2g3,g3,0.0087140025570988,0.9894236333202572,0.5245369929792545,505,42,453,r1bqkb1r/pp2pppp/2n2n2/3p2B1/3Q4/2N2P2/PPP1P1PP/R3KBNR w KQkq -,MODEL_PREDICTION_NOT_EMPIRICAL,after_key,0.0087140025570988,maia3,-162,-615,453,SEVERE_ERROR,100000
VER-08,B7,2100,maia3-79m,8,e2e3,e3,0.0068940538913011,0.9894236333202572,0.5245369929792545,497,43,460,r1bqkb1r/pp2pppp/2n2n2/3p2B1/3Q4/2N2P2/PPP1P1PP/R3KBNR w KQkq -,MODEL_PREDICTION_NOT_EMPIRICAL,after_key,0.0068940538913011,maia3,-168,-542,374,SEVERE_ERROR,100000
JOB-03,B8,1100,maia3-79m,1,e2e4,e4,0.6771548986434937,0.9878678212407976,0.4256131767466212,513,26,461,rnbqkb1r/pp2pppp/5n2/2P5/3p1B2/2N5/PPP1PPPP/R2QKBNR w KQkq -,MODEL_PREDICTION_NOT_EMPIRICAL,after_key,0.6771548986434937,maia3,-74,-276,202,SEVERE_ERROR,100000
JOB-03,B8,1100,maia3-79m,3,e2e3,e3,0.0208527259528636,0.9878678212407976,0.4256131767466212,500,27,473,rnbqkb1r/pp2pppp/5n2/2P5/3p1B2/2N5/PPP1PPPP/R2QKBNR w KQkq -,MODEL_PREDICTION_NOT_EMPIRICAL,after_key,0.0208527259528636,maia3,-59,-289,230,SEVERE_ERROR,100000
JOB-03,B8,1100,maia3-79m,4,g1f3,Nf3,0.0199762973934412,0.9878678212407976,0.4256131767466212,517,27,456,rnbqkb1r/pp2pppp/5n2/2P5/3p1B2/2N5/PPP1PPPP/R2QKBNR w KQkq -,MODEL_PREDICTION_NOT_EMPIRICAL,after_key,0.0199762973934412,maia3,-63,-286,223,SEVERE_ERROR,100000
JOB-03,B8,1100,maia3-79m,6,g2g3,g3,0.0109514547511935,0.9878678212407976,0.4256131767466212,497,27,476,rnbqkb1r/pp2pppp/5n2/2P5/3p1B2/2N5/PPP1PPPP/R2QKBNR w KQkq -,MODEL_PREDICTION_NOT_EMPIRICAL,after_key,0.0109514547511935,maia3,-58,-332,274,SEVERE_ERROR,100000
JOB-03,B8,1100,maia3-79m,7,b2b3,b3,0.0074914833530783,0.9878678212407976,0.4256131767466212,494,27,479,rnbqkb1r/pp2pppp/5n2/2P5/3p1B2/2N5/PPP1PPPP/R2QKBNR w KQkq -,MODEL_PREDICTION_NOT_EMPIRICAL,after_key,0.0074914833530783,maia3,-53,-335,282,SEVERE_ERROR,100000
JOB-03,B8,1300,maia3-79m,1,e2e4,e4,0.6652060747146606,0.9883486481849104,0.4312486267262949,508,25,467,rnbqkb1r/pp2pppp/5n2/2P5/3p1B2/2N5/PPP1PPPP/R2QKBNR w KQkq -,MODEL_PREDICTION_NOT_EMPIRICAL,after_key,0.6652060747146606,maia3,-46,-279,233,SEVERE_ERROR,100000
JOB-03,B8,1300,maia3-79m,3,g1f3,Nf3,0.0193633176386356,0.9883486481849104,0.4312486267262949,521,27,452,rnbqkb1r/pp2pppp/5n2/2P5/3p1B2/2N5/PPP1PPPP/R2QKBNR w KQkq -,MODEL_PREDICTION_NOT_EMPIRICAL,after_key,0.0193633176386356,maia3,-48,-281,233,SEVERE_ERROR,100000
JOB-03,B8,1300,maia3-79m,5,e2e3,e3,0.0176263321191072,0.9883486481849104,0.4312486267262949,499,26,475,rnbqkb1r/pp2pppp/5n2/2P5/3p1B2/2N5/PPP1PPPP/R2QKBNR w KQkq -,MODEL_PREDICTION_NOT_EMPIRICAL,after_key,0.0176263321191072,maia3,-47,-274,227,SEVERE_ERROR,100000
JOB-03,B8,1300,maia3-79m,6,g2g3,g3,0.0113351605832576,0.9883486481849104,0.4312486267262949,500,27,473,rnbqkb1r/pp2pppp/5n2/2P5/3p1B2/2N5/PPP1PPPP/R2QKBNR w KQkq -,MODEL_PREDICTION_NOT_EMPIRICAL,after_key,0.0113351605832576,maia3,-44,-339,295,SEVERE_ERROR,100000
JOB-03,B8,1300,maia3-79m,7,b2b3,b3,0.0088089434430003,0.9883486481849104,0.4312486267262949,503,26,471,rnbqkb1r/pp2pppp/5n2/2P5/3p1B2/2N5/PPP1PPPP/R2QKBNR w KQkq -,MODEL_PREDICTION_NOT_EMPIRICAL,after_key,0.0088089434430003,maia3,-49,-340,291,SEVERE_ERROR,100000
JOB-03,B8,1500,maia3-79m,1,e2e4,e4,0.6482347846031189,0.9890689314343036,0.448404635595114,505,27,468,rnbqkb1r/pp2pppp/5n2/2P5/3p1B2/2N5/PPP1PPPP/R2QKBNR w KQkq -,MODEL_PREDICTION_NOT_EMPIRICAL,after_key,0.6482347846031189,maia3,-47,-252,205,SEVERE_ERROR,100000
JOB-03,B8,1500,maia3-79m,4,g1f3,Nf3,0.0206830464303493,0.9890689314343036,0.448404635595114,525,27,448,rnbqkb1r/pp2pppp/5n2/2P5/3p1B2/2N5/PPP1PPPP/R2QKBNR w KQkq -,MODEL_PREDICTION_NOT_EMPIRICAL,after_key,0.0206830464303493,maia3,-54,-277,223,SEVERE_ERROR,100000
JOB-03,B8,1500,maia3-79m,5,e2e3,e3,0.0152594503015279,0.9890689314343036,0.448404635595114,497,27,476,rnbqkb1r/pp2pppp/5n2/2P5/3p1B2/2N5/PPP1PPPP/R2QKBNR w KQkq -,MODEL_PREDICTION_NOT_EMPIRICAL,after_key,0.0152594503015279,maia3,-71,-298,227,SEVERE_ERROR,100000
JOB-03,B8,1500,maia3-79m,6,g2g3,g3,0.0118206376209855,0.9890689314343036,0.448404635595114,503,28,469,rnbqkb1r/pp2pppp/5n2/2P5/3p1B2/2N5/PPP1PPPP/R2QKBNR w KQkq -,MODEL_PREDICTION_NOT_EMPIRICAL,after_key,0.0118206376209855,maia3,-83,-344,261,SEVERE_ERROR,100000
JOB-03,B8,1500,maia3-79m,7,b2b3,b3,0.0103525295853614,0.9890689314343036,0.448404635595114,505,27,468,rnbqkb1r/pp2pppp/5n2/2P5/3p1B2/2N5/PPP1PPPP/R2QKBNR w KQkq -,MODEL_PREDICTION_NOT_EMPIRICAL,after_key,0.0103525295853614,maia3,-78,-348,270,SEVERE_ERROR,100000
JOB-03,B8,1500,maia3-79m,10,b2b4,b4,0.0039066667668521,0.9890689314343036,0.448404635595114,515,24,461,rnbqkb1r/pp2pppp/5n2/2P5/3p1B2/2N5/PPP1PPPP/R2QKBNR w KQkq -,MODEL_PREDICTION_NOT_EMPIRICAL,after_key,0.0039066667668521,maia3,-85,-280,195,SEVERE_ERROR,100000
JOB-03,B8,1700,maia3-79m,1,e2e4,e4,0.625694990158081,0.9896683357656002,0.4703368028344805,504,29,467,rnbqkb1r/pp2pppp/5n2/2P5/3p1B2/2N5/PPP1PPPP/R2QKBNR w KQkq -,MODEL_PREDICTION_NOT_EMPIRICAL,after_key,0.625694990158081,maia3,-80,-276,196,SEVERE_ERROR,100000
JOB-03,B8,1700,maia3-79m,4,g1f3,Nf3,0.0238940399140119,0.9896683357656002,0.4703368028344805,530,30,440,rnbqkb1r/pp2pppp/5n2/2P5/3p1B2/2N5/PPP1PPPP/R2QKBNR w KQkq -,MODEL_PREDICTION_NOT_EMPIRICAL,after_key,0.0238940399140119,maia3,-70,-273,203,SEVERE_ERROR,100000
JOB-03,B8,1700,maia3-79m,5,e2e3,e3,0.0127331614494323,0.9896683357656002,0.4703368028344805,501,29,470,rnbqkb1r/pp2pppp/5n2/2P5/3p1B2/2N5/PPP1PPPP/R2QKBNR w KQkq -,MODEL_PREDICTION_NOT_EMPIRICAL,after_key,0.0127331614494323,maia3,-59,-303,244,SEVERE_ERROR,100000
JOB-03,B8,1700,maia3-79m,6,g2g3,g3,0.0117970667779445,0.9896683357656002,0.4703368028344805,508,30,462,rnbqkb1r/pp2pppp/5n2/2P5/3p1B2/2N5/PPP1PPPP/R2QKBNR w KQkq -,MODEL_PREDICTION_NOT_EMPIRICAL,after_key,0.0117970667779445,maia3,-56,-334,278,SEVERE_ERROR,100000
JOB-03,B8,1700,maia3-79m,7,b2b3,b3,0.0114017035812139,0.9896683357656002,0.4703368028344805,510,29,461,rnbqkb1r/pp2pppp/5n2/2P5/3p1B2/2N5/PPP1PPPP/R2QKBNR w KQkq -,MODEL_PREDICTION_NOT_EMPIRICAL,after_key,0.0114017035812139,maia3,-69,-340,271,SEVERE_ERROR,100000
JOB-03,B8,1700,maia3-79m,9,b2b4,b4,0.0044242879375815,0.9896683357656002,0.4703368028344805,518,27,455,rnbqkb1r/pp2pppp/5n2/2P5/3p1B2/2N5/PPP1PPPP/R2QKBNR w KQkq -,MODEL_PREDICTION_NOT_EMPIRICAL,after_key,0.0044242879375815,maia3,-70,-273,203,SEVERE_ERROR,100000
JOB-03,B8,1900,maia3-79m,1,e2e4,e4,0.5982585549354553,0.9897327157668768,0.4932666454104177,503,33,464,rnbqkb1r/pp2pppp/5n2/2P5/3p1B2/2N5/PPP1PPPP/R2QKBNR w KQkq -,MODEL_PREDICTION_NOT_EMPIRICAL,after_key,0.5982585549354553,maia3,-72,-282,210,SEVERE_ERROR,100000
JOB-03,B8,1900,maia3-79m,4,g1f3,Nf3,0.0307666920125484,0.9897327157668768,0.4932666454104177,527,36,437,rnbqkb1r/pp2pppp/5n2/2P5/3p1B2/2N5/PPP1PPPP/R2QKBNR w KQkq -,MODEL_PREDICTION_NOT_EMPIRICAL,after_key,0.0307666920125484,maia3,-68,-280,212,SEVERE_ERROR,100000
JOB-03,B8,1900,maia3-79m,6,b2b3,b3,0.0116183338686823,0.9897327157668768,0.4932666454104177,513,34,453,rnbqkb1r/pp2pppp/5n2/2P5/3p1B2/2N5/PPP1PPPP/R2QKBNR w KQkq -,MODEL_PREDICTION_NOT_EMPIRICAL,after_key,0.0116183338686823,maia3,-62,-336,274,SEVERE_ERROR,100000
JOB-03,B8,1900,maia3-79m,7,g2g3,g3,0.0105955358594655,0.9897327157668768,0.4932666454104177,509,35,456,rnbqkb1r/pp2pppp/5n2/2P5/3p1B2/2N5/PPP1PPPP/R2QKBNR w KQkq -,MODEL_PREDICTION_NOT_EMPIRICAL,after_key,0.0105955358594655,maia3,-67,-343,276,SEVERE_ERROR,100000
JOB-03,B8,1900,maia3-79m,8,e2e3,e3,0.0098551996052265,0.9897327157668768,0.4932666454104177,501,34,465,rnbqkb1r/pp2pppp/5n2/2P5/3p1B2/2N5/PPP1PPPP/R2QKBNR w KQkq -,MODEL_PREDICTION_NOT_EMPIRICAL,after_key,0.0098551996052265,maia3,-65,-296,231,SEVERE_ERROR,100000
JOB-03,B8,1900,maia3-79m,9,b2b4,b4,0.0044146692380309,0.9897327157668768,0.4932666454104177,517,31,452,rnbqkb1r/pp2pppp/5n2/2P5/3p1B2/2N5/PPP1PPPP/R2QKBNR w KQkq -,MODEL_PREDICTION_NOT_EMPIRICAL,after_key,0.0044146692380309,maia3,-58,-278,220,SEVERE_ERROR,100000
JOB-03,B8,2100,maia3-79m,1,e2e4,e4,0.5516610741615295,0.9894236333202572,0.5245369929792545,498,41,461,rnbqkb1r/pp2pppp/5n2/2P5/3p1B2/2N5/PPP1PPPP/R2QKBNR w KQkq -,MODEL_PREDICTION_NOT_EMPIRICAL,after_key,0.5516610741615295,maia3,-63,-291,228,SEVERE_ERROR,100000
JOB-03,B8,2100,maia3-79m,3,g1f3,Nf3,0.0481594055891037,0.9894236333202572,0.5245369929792545,516,45,439,rnbqkb1r/pp2pppp/5n2/2P5/3p1B2/2N5/PPP1PPPP/R2QKBNR w KQkq -,MODEL_PREDICTION_NOT_EMPIRICAL,after_key,0.0481594055891037,maia3,-60,-296,236,SEVERE_ERROR,100000
JOB-03,B8,2100,maia3-79m,6,b2b3,b3,0.0121682006865739,0.9894236333202572,0.5245369929792545,507,42,451,rnbqkb1r/pp2pppp/5n2/2P5/3p1B2/2N5/PPP1PPPP/R2QKBNR w KQkq -,MODEL_PREDICTION_NOT_EMPIRICAL,after_key,0.0121682006865739,maia3,-66,-333,267,SEVERE_ERROR,100000
JOB-03,B8,2100,maia3-79m,7,g2g3,g3,0.0087140025570988,0.9894236333202572,0.5245369929792545,505,42,453,rnbqkb1r/pp2pppp/5n2/2P5/3p1B2/2N5/PPP1PPPP/R2QKBNR w KQkq -,MODEL_PREDICTION_NOT_EMPIRICAL,after_key,0.0087140025570988,maia3,-54,-351,297,SEVERE_ERROR,100000
JOB-03,B8,2100,maia3-79m,8,e2e3,e3,0.0068940538913011,0.9894236333202572,0.5245369929792545,497,43,460,rnbqkb1r/pp2pppp/5n2/2P5/3p1B2/2N5/PPP1PPPP/R2QKBNR w KQkq -,MODEL_PREDICTION_NOT_EMPIRICAL,after_key,0.0068940538913011,maia3,-61,-286,225,SEVERE_ERROR,100000
JOB-04,B8,1500,maia3-79m,10,b2b4,b4,0.0039066667668521,0.9890689314343036,0.448404635595114,515,24,461,rnb1kb1r/pp2pppp/5n2/qNpp4/3P1B2/8/PPP1PPPP/R2QKBNR w KQkq -,MODEL_PREDICTION_NOT_EMPIRICAL,after_key,0.0039066667668521,maia3,-219,-440,221,SEVERE_ERROR,100000
JOB-04,B8,1700,maia3-79m,9,b2b4,b4,0.0044242879375815,0.9896683357656002,0.4703368028344805,518,27,455,rnb1kb1r/pp2pppp/5n2/qNpp4/3P1B2/8/PPP1PPPP/R2QKBNR w KQkq -,MODEL_PREDICTION_NOT_EMPIRICAL,after_key,0.0044242879375815,maia3,-223,-440,217,SEVERE_ERROR,100000
JOB-04,B8,1900,maia3-79m,9,b2b4,b4,0.0044146692380309,0.9897327157668768,0.4932666454104177,517,31,452,rnb1kb1r/pp2pppp/5n2/qNpp4/3P1B2/8/PPP1PPPP/R2QKBNR w KQkq -,MODEL_PREDICTION_NOT_EMPIRICAL,after_key,0.0044146692380309,maia3,-227,-436,209,SEVERE_ERROR,100000
JOB-13,B8,1500,maia3-79m,10,b2b4,b4,0.0039066667668521,0.9890689314343036,0.448404635595114,515,24,461,r3kb1r/pp2pppp/2n2n2/qNpp4/3P1B2/4P3/PPP1NPPP/R2QK2R w KQkq -,MODEL_PREDICTION_NOT_EMPIRICAL,after_key,0.0039066667668521,maia3,-44,-397,353,SEVERE_ERROR,100000
JOB-13,B8,1700,maia3-79m,9,b2b4,b4,0.0044242879375815,0.9896683357656002,0.4703368028344805,518,27,455,r3kb1r/pp2pppp/2n2n2/qNpp4/3P1B2/4P3/PPP1NPPP/R2QK2R w KQkq -,MODEL_PREDICTION_NOT_EMPIRICAL,after_key,0.0044242879375815,maia3,-53,-367,314,SEVERE_ERROR,100000
JOB-13,B8,1900,maia3-79m,9,b2b4,b4,0.0044146692380309,0.9897327157668768,0.4932666454104177,517,31,452,r3kb1r/pp2pppp/2n2n2/qNpp4/3P1B2/4P3/PPP1NPPP/R2QK2R w KQkq -,MODEL_PREDICTION_NOT_EMPIRICAL,after_key,0.0044146692380309,maia3,-51,-365,314,SEVERE_ERROR,100000
TOR-06,B8,1100,maia3-79m,1,e2e4,e4,0.6771548986434937,0.9878678212407976,0.4256131767466212,513,26,461,rnbqkb1r/ppp2ppp/8/3pp1N1/3P4/8/PPPNPPPP/R2QKB1R w KQkq -,MODEL_PREDICTION_NOT_EMPIRICAL,after_key,0.6771548986434937,maia3,-105,-369,264,SEVERE_ERROR,100000
TOR-06,B8,1100,maia3-79m,3,e2e3,e3,0.0208527259528636,0.9878678212407976,0.4256131767466212,500,27,473,rnbqkb1r/ppp2ppp/8/3pp1N1/3P4/8/PPPNPPPP/R2QKB1R w KQkq -,MODEL_PREDICTION_NOT_EMPIRICAL,after_key,0.0208527259528636,maia3,-105,-424,319,SEVERE_ERROR,100000
TOR-06,B8,1100,maia3-79m,5,c2c4,c4,0.0151630882173776,0.9878678212407976,0.4256131767466212,513,25,462,rnbqkb1r/ppp2ppp/8/3pp1N1/3P4/8/PPPNPPPP/R2QKB1R w KQkq -,MODEL_PREDICTION_NOT_EMPIRICAL,after_key,0.0151630882173776,maia3,-98,-412,314,SEVERE_ERROR,100000
TOR-06,B8,1100,maia3-79m,6,g2g3,g3,0.0109514547511935,0.9878678212407976,0.4256131767466212,497,27,476,rnbqkb1r/ppp2ppp/8/3pp1N1/3P4/8/PPPNPPPP/R2QKB1R w KQkq -,MODEL_PREDICTION_NOT_EMPIRICAL,after_key,0.0109514547511935,maia3,-99,-425,326,SEVERE_ERROR,100000
TOR-06,B8,1100,maia3-79m,7,b2b3,b3,0.0074914833530783,0.9878678212407976,0.4256131767466212,494,27,479,rnbqkb1r/ppp2ppp/8/3pp1N1/3P4/8/PPPNPPPP/R2QKB1R w KQkq -,MODEL_PREDICTION_NOT_EMPIRICAL,after_key,0.0074914833530783,maia3,-102,-507,405,SEVERE_ERROR,100000
TOR-06,B8,1100,maia3-79m,10,f2f4,f4,0.0035755394492298,0.9878678212407976,0.4256131767466212,500,26,474,rnbqkb1r/ppp2ppp/8/3pp1N1/3P4/8/PPPNPPPP/R2QKB1R w KQkq -,MODEL_PREDICTION_NOT_EMPIRICAL,after_key,0.0035755394492298,maia3,-100,-274,174,SEVERE_ERROR,100000
TOR-06,B8,1300,maia3-79m,1,e2e4,e4,0.6652060747146606,0.9883486481849104,0.4312486267262949,508,25,467,rnbqkb1r/ppp2ppp/8/3pp1N1/3P4/8/PPPNPPPP/R2QKB1R w KQkq -,MODEL_PREDICTION_NOT_EMPIRICAL,after_key,0.6652060747146606,maia3,-100,-375,275,SEVERE_ERROR,100000
TOR-06,B8,1300,maia3-79m,4,c2c4,c4,0.0186279136687517,0.9883486481849104,0.4312486267262949,513,25,462,rnbqkb1r/ppp2ppp/8/3pp1N1/3P4/8/PPPNPPPP/R2QKB1R w KQkq -,MODEL_PREDICTION_NOT_EMPIRICAL,after_key,0.0186279136687517,maia3,-110,-444,334,SEVERE_ERROR,100000
TOR-06,B8,1300,maia3-79m,5,e2e3,e3,0.0176263321191072,0.9883486481849104,0.4312486267262949,499,26,475,rnbqkb1r/ppp2ppp/8/3pp1N1/3P4/8/PPPNPPPP/R2QKB1R w KQkq -,MODEL_PREDICTION_NOT_EMPIRICAL,after_key,0.0176263321191072,maia3,-108,-409,301,SEVERE_ERROR,100000
TOR-06,B8,1300,maia3-79m,6,g2g3,g3,0.0113351605832576,0.9883486481849104,0.4312486267262949,500,27,473,rnbqkb1r/ppp2ppp/8/3pp1N1/3P4/8/PPPNPPPP/R2QKB1R w KQkq -,MODEL_PREDICTION_NOT_EMPIRICAL,after_key,0.0113351605832576,maia3,-122,-434,312,SEVERE_ERROR,100000
TOR-06,B8,1300,maia3-79m,7,b2b3,b3,0.0088089434430003,0.9883486481849104,0.4312486267262949,503,26,471,rnbqkb1r/ppp2ppp/8/3pp1N1/3P4/8/PPPNPPPP/R2QKB1R w KQkq -,MODEL_PREDICTION_NOT_EMPIRICAL,after_key,0.0088089434430003,maia3,-115,-497,382,SEVERE_ERROR,100000
TOR-06,B8,1300,maia3-79m,9,f2f4,f4,0.0041140238754451,0.9883486481849104,0.4312486267262949,506,25,469,rnbqkb1r/ppp2ppp/8/3pp1N1/3P4/8/PPPNPPPP/R2QKB1R w KQkq -,MODEL_PREDICTION_NOT_EMPIRICAL,after_key,0.0041140238754451,maia3,-113,-298,185,SEVERE_ERROR,100000
TOR-06,B8,1500,maia3-79m,1,e2e4,e4,0.6482347846031189,0.9890689314343036,0.448404635595114,505,27,468,rnbqkb1r/ppp2ppp/8/3pp1N1/3P4/8/PPPNPPPP/R2QKB1R w KQkq -,MODEL_PREDICTION_NOT_EMPIRICAL,after_key,0.6482347846031189,maia3,-122,-378,256,SEVERE_ERROR,100000
TOR-06,B8,1500,maia3-79m,3,c2c4,c4,0.0230318326503038,0.9890689314343036,0.448404635595114,511,27,462,rnbqkb1r/ppp2ppp/8/3pp1N1/3P4/8/PPPNPPPP/R2QKB1R w KQkq -,MODEL_PREDICTION_NOT_EMPIRICAL,after_key,0.0230318326503038,maia3,-117,-439,322,SEVERE_ERROR,100000
TOR-06,B8,1500,maia3-79m,5,e2e3,e3,0.0152594503015279,0.9890689314343036,0.448404635595114,497,27,476,rnbqkb1r/ppp2ppp/8/3pp1N1/3P4/8/PPPNPPPP/R2QKB1R w KQkq -,MODEL_PREDICTION_NOT_EMPIRICAL,after_key,0.0152594503015279,maia3,-112,-400,288,SEVERE_ERROR,100000
TOR-06,B8,1500,maia3-79m,6,g2g3,g3,0.0118206376209855,0.9890689314343036,0.448404635595114,503,28,469,rnbqkb1r/ppp2ppp/8/3pp1N1/3P4/8/PPPNPPPP/R2QKB1R w KQkq -,MODEL_PREDICTION_NOT_EMPIRICAL,after_key,0.0118206376209855,maia3,-115,-414,299,SEVERE_ERROR,100000
TOR-06,B8,1500,maia3-79m,7,b2b3,b3,0.0103525295853614,0.9890689314343036,0.448404635595114,505,27,468,rnbqkb1r/ppp2ppp/8/3pp1N1/3P4/8/PPPNPPPP/R2QKB1R w KQkq -,MODEL_PREDICTION_NOT_EMPIRICAL,after_key,0.0103525295853614,maia3,-119,-489,370,SEVERE_ERROR,100000
TOR-06,B8,1500,maia3-79m,8,f2f4,f4,0.0058752936311066,0.9890689314343036,0.448404635595114,507,25,468,rnbqkb1r/ppp2ppp/8/3pp1N1/3P4/8/PPPNPPPP/R2QKB1R w KQkq -,MODEL_PREDICTION_NOT_EMPIRICAL,after_key,0.0058752936311066,maia3,-120,-306,186,SEVERE_ERROR,100000
TOR-06,B8,1500,maia3-79m,10,b2b4,b4,0.0039066667668521,0.9890689314343036,0.448404635595114,515,24,461,rnbqkb1r/ppp2ppp/8/3pp1N1/3P4/8/PPPNPPPP/R2QKB1R w KQkq -,MODEL_PREDICTION_NOT_EMPIRICAL,after_key,0.0039066667668521,maia3,-117,-520,403,SEVERE_ERROR,100000
TOR-06,B8,1700,maia3-79m,1,e2e4,e4,0.625694990158081,0.9896683357656002,0.4703368028344805,504,29,467,rnbqkb1r/ppp2ppp/8/3pp1N1/3P4/8/PPPNPPPP/R2QKB1R w KQkq -,MODEL_PREDICTION_NOT_EMPIRICAL,after_key,0.625694990158081,maia3,-116,-384,268,SEVERE_ERROR,100000
TOR-06,B8,1700,maia3-79m,3,c2c4,c4,0.029208268970251,0.9896683357656002,0.4703368028344805,513,30,457,rnbqkb1r/ppp2ppp/8/3pp1N1/3P4/8/PPPNPPPP/R2QKB1R w KQkq -,MODEL_PREDICTION_NOT_EMPIRICAL,after_key,0.029208268970251,maia3,-121,-429,308,SEVERE_ERROR,100000
TOR-06,B8,1700,maia3-79m,5,e2e3,e3,0.0127331614494323,0.9896683357656002,0.4703368028344805,501,29,470,rnbqkb1r/ppp2ppp/8/3pp1N1/3P4/8/PPPNPPPP/R2QKB1R w KQkq -,MODEL_PREDICTION_NOT_EMPIRICAL,after_key,0.0127331614494323,maia3,-115,-410,295,SEVERE_ERROR,100000
TOR-06,B8,1700,maia3-79m,6,g2g3,g3,0.0117970667779445,0.9896683357656002,0.4703368028344805,508,30,462,rnbqkb1r/ppp2ppp/8/3pp1N1/3P4/8/PPPNPPPP/R2QKB1R w KQkq -,MODEL_PREDICTION_NOT_EMPIRICAL,after_key,0.0117970667779445,maia3,-115,-412,297,SEVERE_ERROR,100000
TOR-06,B8,1700,maia3-79m,7,b2b3,b3,0.0114017035812139,0.9896683357656002,0.4703368028344805,510,29,461,rnbqkb1r/ppp2ppp/8/3pp1N1/3P4/8/PPPNPPPP/R2QKB1R w KQkq -,MODEL_PREDICTION_NOT_EMPIRICAL,after_key,0.0114017035812139,maia3,-106,-494,388,SEVERE_ERROR,100000
TOR-06,B8,1700,maia3-79m,8,f2f4,f4,0.0088289910927414,0.9896683357656002,0.4703368028344805,507,28,465,rnbqkb1r/ppp2ppp/8/3pp1N1/3P4/8/PPPNPPPP/R2QKB1R w KQkq -,MODEL_PREDICTION_NOT_EMPIRICAL,after_key,0.0088289910927414,maia3,-112,-300,188,SEVERE_ERROR,100000
TOR-06,B8,1700,maia3-79m,9,b2b4,b4,0.0044242879375815,0.9896683357656002,0.4703368028344805,518,27,455,rnbqkb1r/ppp2ppp/8/3pp1N1/3P4/8/PPPNPPPP/R2QKB1R w KQkq -,MODEL_PREDICTION_NOT_EMPIRICAL,after_key,0.0044242879375815,maia3,-112,-496,384,SEVERE_ERROR,100000
TOR-06,B8,1900,maia3-79m,1,e2e4,e4,0.5982585549354553,0.9897327157668768,0.4932666454104177,503,33,464,rnbqkb1r/ppp2ppp/8/3pp1N1/3P4/8/PPPNPPPP/R2QKB1R w KQkq -,MODEL_PREDICTION_NOT_EMPIRICAL,after_key,0.5982585549354553,maia3,-114,-376,262,SEVERE_ERROR,100000
TOR-06,B8,1900,maia3-79m,3,c2c4,c4,0.0372077524662017,0.9897327157668768,0.4932666454104177,512,35,453,rnbqkb1r/ppp2ppp/8/3pp1N1/3P4/8/PPPNPPPP/R2QKB1R w KQkq -,MODEL_PREDICTION_NOT_EMPIRICAL,after_key,0.0372077524662017,maia3,-122,-439,317,SEVERE_ERROR,100000
TOR-06,B8,1900,maia3-79m,5,f2f4,f4,0.0122731383889913,0.9897327157668768,0.4932666454104177,504,32,464,rnbqkb1r/ppp2ppp/8/3pp1N1/3P4/8/PPPNPPPP/R2QKB1R w KQkq -,MODEL_PREDICTION_NOT_EMPIRICAL,after_key,0.0122731383889913,maia3,-116,-296,180,SEVERE_ERROR,100000
TOR-06,B8,1900,maia3-79m,6,b2b3,b3,0.0116183338686823,0.9897327157668768,0.4932666454104177,513,34,453,rnbqkb1r/ppp2ppp/8/3pp1N1/3P4/8/PPPNPPPP/R2QKB1R w KQkq -,MODEL_PREDICTION_NOT_EMPIRICAL,after_key,0.0116183338686823,maia3,-118,-501,383,SEVERE_ERROR,100000
TOR-06,B8,1900,maia3-79m,7,g2g3,g3,0.0105955358594655,0.9897327157668768,0.4932666454104177,509,35,456,rnbqkb1r/ppp2ppp/8/3pp1N1/3P4/8/PPPNPPPP/R2QKB1R w KQkq -,MODEL_PREDICTION_NOT_EMPIRICAL,after_key,0.0105955358594655,maia3,-123,-418,295,SEVERE_ERROR,100000
TOR-06,B8,1900,maia3-79m,8,e2e3,e3,0.0098551996052265,0.9897327157668768,0.4932666454104177,501,34,465,rnbqkb1r/ppp2ppp/8/3pp1N1/3P4/8/PPPNPPPP/R2QKB1R w KQkq -,MODEL_PREDICTION_NOT_EMPIRICAL,after_key,0.0098551996052265,maia3,-118,-412,294,SEVERE_ERROR,100000
TOR-06,B8,1900,maia3-79m,9,b2b4,b4,0.0044146692380309,0.9897327157668768,0.4932666454104177,517,31,452,rnbqkb1r/ppp2ppp/8/3pp1N1/3P4/8/PPPNPPPP/R2QKB1R w KQkq -,MODEL_PREDICTION_NOT_EMPIRICAL,after_key,0.0044146692380309,maia3,-120,-499,379,SEVERE_ERROR,100000
TOR-06,B8,2100,maia3-79m,1,e2e4,e4,0.5516610741615295,0.9894236333202572,0.5245369929792545,498,41,461,rnbqkb1r/ppp2ppp/8/3pp1N1/3P4/8/PPPNPPPP/R2QKB1R w KQkq -,MODEL_PREDICTION_NOT_EMPIRICAL,after_key,0.5516610741615295,maia3,-111,-386,275,SEVERE_ERROR,100000
TOR-06,B8,2100,maia3-79m,4,c2c4,c4,0.0476539246737957,0.9894236333202572,0.5245369929792545,507,43,450,rnbqkb1r/ppp2ppp/8/3pp1N1/3P4/8/PPPNPPPP/R2QKB1R w KQkq -,MODEL_PREDICTION_NOT_EMPIRICAL,after_key,0.0476539246737957,maia3,-121,-433,312,SEVERE_ERROR,100000
TOR-06,B8,2100,maia3-79m,5,f2f4,f4,0.0124846855178475,0.9894236333202572,0.5245369929792545,497,40,463,rnbqkb1r/ppp2ppp/8/3pp1N1/3P4/8/PPPNPPPP/R2QKB1R w KQkq -,MODEL_PREDICTION_NOT_EMPIRICAL,after_key,0.0124846855178475,maia3,-119,-301,182,SEVERE_ERROR,100000
TOR-06,B8,2100,maia3-79m,6,b2b3,b3,0.0121682006865739,0.9894236333202572,0.5245369929792545,507,42,451,rnbqkb1r/ppp2ppp/8/3pp1N1/3P4/8/PPPNPPPP/R2QKB1R w KQkq -,MODEL_PREDICTION_NOT_EMPIRICAL,after_key,0.0121682006865739,maia3,-124,-488,364,SEVERE_ERROR,100000
TOR-06,B8,2100,maia3-79m,7,g2g3,g3,0.0087140025570988,0.9894236333202572,0.5245369929792545,505,42,453,rnbqkb1r/ppp2ppp/8/3pp1N1/3P4/8/PPPNPPPP/R2QKB1R w KQkq -,MODEL_PREDICTION_NOT_EMPIRICAL,after_key,0.0087140025570988,maia3,-123,-407,284,SEVERE_ERROR,100000
TOR-06,B8,2100,maia3-79m,8,e2e3,e3,0.0068940538913011,0.9894236333202572,0.5245369929792545,497,43,460,rnbqkb1r/ppp2ppp/8/3pp1N1/3P4/8/PPPNPPPP/R2QKB1R w KQkq -,MODEL_PREDICTION_NOT_EMPIRICAL,after_key,0.0068940538913011,maia3,-105,-413,308,SEVERE_ERROR,100000
VER-03,B8,1100,maia3-79m,1,e2e4,e4,0.6771548986434937,0.9878678212407976,0.4256131767466212,513,26,461,rnbqkb1r/pp2pppp/5n2/2P3B1/3p4/2N5/PPP1PPPP/R2QKBNR w KQkq -,MODEL_PREDICTION_NOT_EMPIRICAL,after_key,0.6771548986434937,maia3,-99,-330,231,SEVERE_ERROR,100000
VER-03,B8,1100,maia3-79m,3,e2e3,e3,0.0208527259528636,0.9878678212407976,0.4256131767466212,500,27,473,rnbqkb1r/pp2pppp/5n2/2P3B1/3p4/2N5/PPP1PPPP/R2QKBNR w KQkq -,MODEL_PREDICTION_NOT_EMPIRICAL,after_key,0.0208527259528636,maia3,-99,-336,237,SEVERE_ERROR,100000
VER-03,B8,1100,maia3-79m,4,g1f3,Nf3,0.0199762973934412,0.9878678212407976,0.4256131767466212,517,27,456,rnbqkb1r/pp2pppp/5n2/2P3B1/3p4/2N5/PPP1PPPP/R2QKBNR w KQkq -,MODEL_PREDICTION_NOT_EMPIRICAL,after_key,0.0199762973934412,maia3,-95,-338,243,SEVERE_ERROR,100000
VER-03,B8,1100,maia3-79m,6,g2g3,g3,0.0109514547511935,0.9878678212407976,0.4256131767466212,497,27,476,rnbqkb1r/pp2pppp/5n2/2P3B1/3p4/2N5/PPP1PPPP/R2QKBNR w KQkq -,MODEL_PREDICTION_NOT_EMPIRICAL,after_key,0.0109514547511935,maia3,-86,-368,282,SEVERE_ERROR,100000
VER-03,B8,1100,maia3-79m,7,b2b3,b3,0.0074914833530783,0.9878678212407976,0.4256131767466212,494,27,479,rnbqkb1r/pp2pppp/5n2/2P3B1/3p4/2N5/PPP1PPPP/R2QKBNR w KQkq -,MODEL_PREDICTION_NOT_EMPIRICAL,after_key,0.0074914833530783,maia3,-85,-348,263,SEVERE_ERROR,100000
VER-03,B8,1100,maia3-79m,10,f2f4,f4,0.0035755394492298,0.9878678212407976,0.4256131767466212,500,26,474,rnbqkb1r/pp2pppp/5n2/2P3B1/3p4/2N5/PPP1PPPP/R2QKBNR w KQkq -,MODEL_PREDICTION_NOT_EMPIRICAL,after_key,0.0035755394492298,maia3,-90,-374,284,SEVERE_ERROR,100000
VER-03,B8,1300,maia3-79m,1,e2e4,e4,0.6652060747146606,0.9883486481849104,0.4312486267262949,508,25,467,rnbqkb1r/pp2pppp/5n2/2P3B1/3p4/2N5/PPP1PPPP/R2QKBNR w KQkq -,MODEL_PREDICTION_NOT_EMPIRICAL,after_key,0.6652060747146606,maia3,-93,-319,226,SEVERE_ERROR,100000
VER-03,B8,1300,maia3-79m,3,g1f3,Nf3,0.0193633176386356,0.9883486481849104,0.4312486267262949,521,27,452,rnbqkb1r/pp2pppp/5n2/2P3B1/3p4/2N5/PPP1PPPP/R2QKBNR w KQkq -,MODEL_PREDICTION_NOT_EMPIRICAL,after_key,0.0193633176386356,maia3,-88,-333,245,SEVERE_ERROR,100000
VER-03,B8,1300,maia3-79m,5,e2e3,e3,0.0176263321191072,0.9883486481849104,0.4312486267262949,499,26,475,rnbqkb1r/pp2pppp/5n2/2P3B1/3p4/2N5/PPP1PPPP/R2QKBNR w KQkq -,MODEL_PREDICTION_NOT_EMPIRICAL,after_key,0.0176263321191072,maia3,-88,-342,254,SEVERE_ERROR,100000
VER-03,B8,1300,maia3-79m,6,g2g3,g3,0.0113351605832576,0.9883486481849104,0.4312486267262949,500,27,473,rnbqkb1r/pp2pppp/5n2/2P3B1/3p4/2N5/PPP1PPPP/R2QKBNR w KQkq -,MODEL_PREDICTION_NOT_EMPIRICAL,after_key,0.0113351605832576,maia3,-85,-366,281,SEVERE_ERROR,100000
VER-03,B8,1300,maia3-79m,7,b2b3,b3,0.0088089434430003,0.9883486481849104,0.4312486267262949,503,26,471,rnbqkb1r/pp2pppp/5n2/2P3B1/3p4/2N5/PPP1PPPP/R2QKBNR w KQkq -,MODEL_PREDICTION_NOT_EMPIRICAL,after_key,0.0088089434430003,maia3,-89,-348,259,SEVERE_ERROR,100000
VER-03,B8,1300,maia3-79m,9,f2f4,f4,0.0041140238754451,0.9883486481849104,0.4312486267262949,506,25,469,rnbqkb1r/pp2pppp/5n2/2P3B1/3p4/2N5/PPP1PPPP/R2QKBNR w KQkq -,MODEL_PREDICTION_NOT_EMPIRICAL,after_key,0.0041140238754451,maia3,-93,-396,303,SEVERE_ERROR,100000
VER-03,B8,1500,maia3-79m,1,e2e4,e4,0.6482347846031189,0.9890689314343036,0.448404635595114,505,27,468,rnbqkb1r/pp2pppp/5n2/2P3B1/3p4/2N5/PPP1PPPP/R2QKBNR w KQkq -,MODEL_PREDICTION_NOT_EMPIRICAL,after_key,0.6482347846031189,maia3,-87,-345,258,SEVERE_ERROR,100000
VER-03,B8,1500,maia3-79m,4,g1f3,Nf3,0.0206830464303493,0.9890689314343036,0.448404635595114,525,27,448,rnbqkb1r/pp2pppp/5n2/2P3B1/3p4/2N5/PPP1PPPP/R2QKBNR w KQkq -,MODEL_PREDICTION_NOT_EMPIRICAL,after_key,0.0206830464303493,maia3,-85,-337,252,SEVERE_ERROR,100000
VER-03,B8,1500,maia3-79m,5,e2e3,e3,0.0152594503015279,0.9890689314343036,0.448404635595114,497,27,476,rnbqkb1r/pp2pppp/5n2/2P3B1/3p4/2N5/PPP1PPPP/R2QKBNR w KQkq -,MODEL_PREDICTION_NOT_EMPIRICAL,after_key,0.0152594503015279,maia3,-87,-351,264,SEVERE_ERROR,100000
VER-03,B8,1500,maia3-79m,6,g2g3,g3,0.0118206376209855,0.9890689314343036,0.448404635595114,503,28,469,rnbqkb1r/pp2pppp/5n2/2P3B1/3p4/2N5/PPP1PPPP/R2QKBNR w KQkq -,MODEL_PREDICTION_NOT_EMPIRICAL,after_key,0.0118206376209855,maia3,-85,-359,274,SEVERE_ERROR,100000
VER-03,B8,1500,maia3-79m,7,b2b3,b3,0.0103525295853614,0.9890689314343036,0.448404635595114,505,27,468,rnbqkb1r/pp2pppp/5n2/2P3B1/3p4/2N5/PPP1PPPP/R2QKBNR w KQkq -,MODEL_PREDICTION_NOT_EMPIRICAL,after_key,0.0103525295853614,maia3,-93,-335,242,SEVERE_ERROR,100000
VER-03,B8,1500,maia3-79m,8,f2f4,f4,0.0058752936311066,0.9890689314343036,0.448404635595114,507,25,468,rnbqkb1r/pp2pppp/5n2/2P3B1/3p4/2N5/PPP1PPPP/R2QKBNR w KQkq -,MODEL_PREDICTION_NOT_EMPIRICAL,after_key,0.0058752936311066,maia3,-88,-392,304,SEVERE_ERROR,100000
VER-03,B8,1500,maia3-79m,10,b2b4,b4,0.0039066667668521,0.9890689314343036,0.448404635595114,515,24,461,rnbqkb1r/pp2pppp/5n2/2P3B1/3p4/2N5/PPP1PPPP/R2QKBNR w KQkq -,MODEL_PREDICTION_NOT_EMPIRICAL,after_key,0.0039066667668521,maia3,-87,-341,254,SEVERE_ERROR,100000
VER-03,B8,1700,maia3-79m,1,e2e4,e4,0.625694990158081,0.9896683357656002,0.4703368028344805,504,29,467,rnbqkb1r/pp2pppp/5n2/2P3B1/3p4/2N5/PPP1PPPP/R2QKBNR w KQkq -,MODEL_PREDICTION_NOT_EMPIRICAL,after_key,0.625694990158081,maia3,-84,-334,250,SEVERE_ERROR,100000
VER-03,B8,1700,maia3-79m,4,g1f3,Nf3,0.0238940399140119,0.9896683357656002,0.4703368028344805,530,30,440,rnbqkb1r/pp2pppp/5n2/2P3B1/3p4/2N5/PPP1PPPP/R2QKBNR w KQkq -,MODEL_PREDICTION_NOT_EMPIRICAL,after_key,0.0238940399140119,maia3,-86,-332,246,SEVERE_ERROR,100000
VER-03,B8,1700,maia3-79m,5,e2e3,e3,0.0127331614494323,0.9896683357656002,0.4703368028344805,501,29,470,rnbqkb1r/pp2pppp/5n2/2P3B1/3p4/2N5/PPP1PPPP/R2QKBNR w KQkq -,MODEL_PREDICTION_NOT_EMPIRICAL,after_key,0.0127331614494323,maia3,-86,-352,266,SEVERE_ERROR,100000
VER-03,B8,1700,maia3-79m,6,g2g3,g3,0.0117970667779445,0.9896683357656002,0.4703368028344805,508,30,462,rnbqkb1r/pp2pppp/5n2/2P3B1/3p4/2N5/PPP1PPPP/R2QKBNR w KQkq -,MODEL_PREDICTION_NOT_EMPIRICAL,after_key,0.0117970667779445,maia3,-87,-375,288,SEVERE_ERROR,100000
VER-03,B8,1700,maia3-79m,7,b2b3,b3,0.0114017035812139,0.9896683357656002,0.4703368028344805,510,29,461,rnbqkb1r/pp2pppp/5n2/2P3B1/3p4/2N5/PPP1PPPP/R2QKBNR w KQkq -,MODEL_PREDICTION_NOT_EMPIRICAL,after_key,0.0114017035812139,maia3,-83,-336,253,SEVERE_ERROR,100000
VER-03,B8,1700,maia3-79m,8,f2f4,f4,0.0088289910927414,0.9896683357656002,0.4703368028344805,507,28,465,rnbqkb1r/pp2pppp/5n2/2P3B1/3p4/2N5/PPP1PPPP/R2QKBNR w KQkq -,MODEL_PREDICTION_NOT_EMPIRICAL,after_key,0.0088289910927414,maia3,-88,-401,313,SEVERE_ERROR,100000
VER-03,B8,1700,maia3-79m,9,b2b4,b4,0.0044242879375815,0.9896683357656002,0.4703368028344805,518,27,455,rnbqkb1r/pp2pppp/5n2/2P3B1/3p4/2N5/PPP1PPPP/R2QKBNR w KQkq -,MODEL_PREDICTION_NOT_EMPIRICAL,after_key,0.0044242879375815,maia3,-84,-321,237,SEVERE_ERROR,100000
VER-03,B8,1900,maia3-79m,1,e2e4,e4,0.5982585549354553,0.9897327157668768,0.4932666454104177,503,33,464,rnbqkb1r/pp2pppp/5n2/2P3B1/3p4/2N5/PPP1PPPP/R2QKBNR w KQkq -,MODEL_PREDICTION_NOT_EMPIRICAL,after_key,0.5982585549354553,maia3,-82,-338,256,SEVERE_ERROR,100000
VER-03,B8,1900,maia3-79m,4,g1f3,Nf3,0.0307666920125484,0.9897327157668768,0.4932666454104177,527,36,437,rnbqkb1r/pp2pppp/5n2/2P3B1/3p4/2N5/PPP1PPPP/R2QKBNR w KQkq -,MODEL_PREDICTION_NOT_EMPIRICAL,after_key,0.0307666920125484,maia3,-81,-330,249,SEVERE_ERROR,100000
VER-03,B8,1900,maia3-79m,5,f2f4,f4,0.0122731383889913,0.9897327157668768,0.4932666454104177,504,32,464,rnbqkb1r/pp2pppp/5n2/2P3B1/3p4/2N5/PPP1PPPP/R2QKBNR w KQkq -,MODEL_PREDICTION_NOT_EMPIRICAL,after_key,0.0122731383889913,maia3,-84,-399,315,SEVERE_ERROR,100000
VER-03,B8,1900,maia3-79m,6,b2b3,b3,0.0116183338686823,0.9897327157668768,0.4932666454104177,513,34,453,rnbqkb1r/pp2pppp/5n2/2P3B1/3p4/2N5/PPP1PPPP/R2QKBNR w KQkq -,MODEL_PREDICTION_NOT_EMPIRICAL,after_key,0.0116183338686823,maia3,-85,-345,260,SEVERE_ERROR,100000
VER-03,B8,1900,maia3-79m,7,g2g3,g3,0.0105955358594655,0.9897327157668768,0.4932666454104177,509,35,456,rnbqkb1r/pp2pppp/5n2/2P3B1/3p4/2N5/PPP1PPPP/R2QKBNR w KQkq -,MODEL_PREDICTION_NOT_EMPIRICAL,after_key,0.0105955358594655,maia3,-86,-356,270,SEVERE_ERROR,100000
VER-03,B8,1900,maia3-79m,8,e2e3,e3,0.0098551996052265,0.9897327157668768,0.4932666454104177,501,34,465,rnbqkb1r/pp2pppp/5n2/2P3B1/3p4/2N5/PPP1PPPP/R2QKBNR w KQkq -,MODEL_PREDICTION_NOT_EMPIRICAL,after_key,0.0098551996052265,maia3,-85,-355,270,SEVERE_ERROR,100000
VER-03,B8,1900,maia3-79m,9,b2b4,b4,0.0044146692380309,0.9897327157668768,0.4932666454104177,517,31,452,rnbqkb1r/pp2pppp/5n2/2P3B1/3p4/2N5/PPP1PPPP/R2QKBNR w KQkq -,MODEL_PREDICTION_NOT_EMPIRICAL,after_key,0.0044146692380309,maia3,-93,-316,223,SEVERE_ERROR,100000
VER-03,B8,2100,maia3-79m,1,e2e4,e4,0.5516610741615295,0.9894236333202572,0.5245369929792545,498,41,461,rnbqkb1r/pp2pppp/5n2/2P3B1/3p4/2N5/PPP1PPPP/R2QKBNR w KQkq -,MODEL_PREDICTION_NOT_EMPIRICAL,after_key,0.5516610741615295,maia3,-96,-350,254,SEVERE_ERROR,100000
VER-03,B8,2100,maia3-79m,3,g1f3,Nf3,0.0481594055891037,0.9894236333202572,0.5245369929792545,516,45,439,rnbqkb1r/pp2pppp/5n2/2P3B1/3p4/2N5/PPP1PPPP/R2QKBNR w KQkq -,MODEL_PREDICTION_NOT_EMPIRICAL,after_key,0.0481594055891037,maia3,-90,-332,242,SEVERE_ERROR,100000
VER-03,B8,2100,maia3-79m,5,f2f4,f4,0.0124846855178475,0.9894236333202572,0.5245369929792545,497,40,463,rnbqkb1r/pp2pppp/5n2/2P3B1/3p4/2N5/PPP1PPPP/R2QKBNR w KQkq -,MODEL_PREDICTION_NOT_EMPIRICAL,after_key,0.0124846855178475,maia3,-91,-374,283,SEVERE_ERROR,100000
VER-03,B8,2100,maia3-79m,6,b2b3,b3,0.0121682006865739,0.9894236333202572,0.5245369929792545,507,42,451,rnbqkb1r/pp2pppp/5n2/2P3B1/3p4/2N5/PPP1PPPP/R2QKBNR w KQkq -,MODEL_PREDICTION_NOT_EMPIRICAL,after_key,0.0121682006865739,maia3,-81,-339,258,SEVERE_ERROR,100000
VER-03,B8,2100,maia3-79m,7,g2g3,g3,0.0087140025570988,0.9894236333202572,0.5245369929792545,505,42,453,rnbqkb1r/pp2pppp/5n2/2P3B1/3p4/2N5/PPP1PPPP/R2QKBNR w KQkq -,MODEL_PREDICTION_NOT_EMPIRICAL,after_key,0.0087140025570988,maia3,-100,-362,262,SEVERE_ERROR,100000
VER-03,B8,2100,maia3-79m,8,e2e3,e3,0.0068940538913011,0.9894236333202572,0.5245369929792545,497,43,460,rnbqkb1r/pp2pppp/5n2/2P3B1/3p4/2N5/PPP1PPPP/R2QKBNR w KQkq -,MODEL_PREDICTION_NOT_EMPIRICAL,after_key,0.0068940538913011,maia3,-97,-350,253,SEVERE_ERROR,100000
