line_id,bias_code,elo,model,rank,move_uci,move_san,policy_probability,topk_policy_mass,normalized_response_entropy_topk,wdl_win_permille,wdl_draw_permille,wdl_loss_permille,fen,status
ORD-01,B1,1100,maia3-79m,1,f1e2,Be2,0.2540035843849182,0.9924695214722306,0.8341299516902619,542,25,433,r2qkbnr/pp2pppp/2n5/2pp4/3P1Bb1/4PN2/PPP2PPP/RN1QKB1R w KQkq -,MODEL_PREDICTION_NOT_EMPIRICAL
ORD-01,B1,1100,maia3-79m,2,c2c3,c3,0.1962345838546753,0.9924695214722306,0.8341299516902619,531,25,444,r2qkbnr/pp2pppp/2n5/2pp4/3P1Bb1/4PN2/PPP2PPP/RN1QKB1R w KQkq -,MODEL_PREDICTION_NOT_EMPIRICAL
ORD-01,B1,1100,maia3-79m,3,b1d2,Nbd2,0.18160021305084229,0.9924695214722306,0.8341299516902619,516,23,461,r2qkbnr/pp2pppp/2n5/2pp4/3P1Bb1/4PN2/PPP2PPP/RN1QKB1R w KQkq -,MODEL_PREDICTION_NOT_EMPIRICAL
ORD-01,B1,1100,maia3-79m,4,h2h3,h3,0.14262829720973969,0.9924695214722306,0.8341299516902619,506,26,468,r2qkbnr/pp2pppp/2n5/2pp4/3P1Bb1/4PN2/PPP2PPP/RN1QKB1R w KQkq -,MODEL_PREDICTION_NOT_EMPIRICAL
ORD-01,B1,1100,maia3-79m,5,f1b5,Bb5,0.07372550666332245,0.9924695214722306,0.8341299516902619,528,22,450,r2qkbnr/pp2pppp/2n5/2pp4/3P1Bb1/4PN2/PPP2PPP/RN1QKB1R w KQkq -,MODEL_PREDICTION_NOT_EMPIRICAL
ORD-01,B1,1100,maia3-79m,6,f1d3,Bd3,0.05135504901409149,0.9924695214722306,0.8341299516902619,501,23,476,r2qkbnr/pp2pppp/2n5/2pp4/3P1Bb1/4PN2/PPP2PPP/RN1QKB1R w KQkq -,MODEL_PREDICTION_NOT_EMPIRICAL
ORD-01,B1,1100,maia3-79m,7,c2c4,c4,0.050537265837192535,0.9924695214722306,0.8341299516902619,513,23,464,r2qkbnr/pp2pppp/2n5/2pp4/3P1Bb1/4PN2/PPP2PPP/RN1QKB1R w KQkq -,MODEL_PREDICTION_NOT_EMPIRICAL
ORD-01,B1,1100,maia3-79m,8,d4c5,dxc5,0.022631946951150894,0.9924695214722306,0.8341299516902619,447,21,532,r2qkbnr/pp2pppp/2n5/2pp4/3P1Bb1/4PN2/PPP2PPP/RN1QKB1R w KQkq -,MODEL_PREDICTION_NOT_EMPIRICAL
ORD-01,B1,1100,maia3-79m,9,b1c3,Nc3,0.017686698585748672,0.9924695214722306,0.8341299516902619,517,24,459,r2qkbnr/pp2pppp/2n5/2pp4/3P1Bb1/4PN2/PPP2PPP/RN1QKB1R w KQkq -,MODEL_PREDICTION_NOT_EMPIRICAL
ORD-01,B1,1100,maia3-79m,10,b2b3,b3,0.002066375920549035,0.9924695214722306,0.8341299516902619,498,24,478,r2qkbnr/pp2pppp/2n5/2pp4/3P1Bb1/4PN2/PPP2PPP/RN1QKB1R w KQkq -,MODEL_PREDICTION_NOT_EMPIRICAL
ORD-01,B1,1300,maia3-79m,1,f1e2,Be2,0.27872511744499207,0.9943295890698209,0.7966626605576077,534,25,441,r2qkbnr/pp2pppp/2n5/2pp4/3P1Bb1/4PN2/PPP2PPP/RN1QKB1R w KQkq -,MODEL_PREDICTION_NOT_EMPIRICAL
ORD-01,B1,1300,maia3-79m,2,b1d2,Nbd2,0.21290893852710724,0.9943295890698209,0.7966626605576077,517,24,459,r2qkbnr/pp2pppp/2n5/2pp4/3P1Bb1/4PN2/PPP2PPP/RN1QKB1R w KQkq -,MODEL_PREDICTION_NOT_EMPIRICAL
ORD-01,B1,1300,maia3-79m,3,c2c3,c3,0.19494183361530304,0.9943295890698209,0.7966626605576077,529,25,446,r2qkbnr/pp2pppp/2n5/2pp4/3P1Bb1/4PN2/PPP2PPP/RN1QKB1R w KQkq -,MODEL_PREDICTION_NOT_EMPIRICAL
ORD-01,B1,1300,maia3-79m,4,h2h3,h3,0.13121718168258667,0.9943295890698209,0.7966626605576077,509,26,465,r2qkbnr/pp2pppp/2n5/2pp4/3P1Bb1/4PN2/PPP2PPP/RN1QKB1R w KQkq -,MODEL_PREDICTION_NOT_EMPIRICAL
ORD-01,B1,1300,maia3-79m,5,f1b5,Bb5,0.07021620869636536,0.9943295890698209,0.7966626605576077,524,23,453,r2qkbnr/pp2pppp/2n5/2pp4/3P1Bb1/4PN2/PPP2PPP/RN1QKB1R w KQkq -,MODEL_PREDICTION_NOT_EMPIRICAL
ORD-01,B1,1300,maia3-79m,6,c2c4,c4,0.04855503886938095,0.9943295890698209,0.7966626605576077,512,23,465,r2qkbnr/pp2pppp/2n5/2pp4/3P1Bb1/4PN2/PPP2PPP/RN1QKB1R w KQkq -,MODEL_PREDICTION_NOT_EMPIRICAL
ORD-01,B1,1300,maia3-79m,7,f1d3,Bd3,0.027915647253394127,0.9943295890698209,0.7966626605576077,504,23,473,r2qkbnr/pp2pppp/2n5/2pp4/3P1Bb1/4PN2/PPP2PPP/RN1QKB1R w KQkq -,MODEL_PREDICTION_NOT_EMPIRICAL
ORD-01,B1,1300,maia3-79m,8,d4c5,dxc5,0.015578377060592175,0.9943295890698209,0.7966626605576077,445,21,534,r2qkbnr/pp2pppp/2n5/2pp4/3P1Bb1/4PN2/PPP2PPP/RN1QKB1R w KQkq -,MODEL_PREDICTION_NOT_EMPIRICAL
ORD-01,B1,1300,maia3-79m,9,b1c3,Nc3,0.012694224715232849,0.9943295890698209,0.7966626605576077,517,24,459,r2qkbnr/pp2pppp/2n5/2pp4/3P1Bb1/4PN2/PPP2PPP/RN1QKB1R w KQkq -,MODEL_PREDICTION_NOT_EMPIRICAL
ORD-01,B1,1300,maia3-79m,10,a2a3,a3,0.001577021204866469,0.9943295890698209,0.7966626605576077,518,24,458,r2qkbnr/pp2pppp/2n5/2pp4/3P1Bb1/4PN2/PPP2PPP/RN1QKB1R w KQkq -,MODEL_PREDICTION_NOT_EMPIRICAL
ORD-01,B1,1500,maia3-79m,1,f1e2,Be2,0.311705082654953,0.9956395183689892,0.7662054154369621,527,27,446,r2qkbnr/pp2pppp/2n5/2pp4/3P1Bb1/4PN2/PPP2PPP/RN1QKB1R w KQkq -,MODEL_PREDICTION_NOT_EMPIRICAL
ORD-01,B1,1500,maia3-79m,2,b1d2,Nbd2,0.21950525045394897,0.9956395183689892,0.7662054154369621,517,25,458,r2qkbnr/pp2pppp/2n5/2pp4/3P1Bb1/4PN2/PPP2PPP/RN1QKB1R w KQkq -,MODEL_PREDICTION_NOT_EMPIRICAL
ORD-01,B1,1500,maia3-79m,3,c2c3,c3,0.19371308386325836,0.9956395183689892,0.7662054154369621,529,27,444,r2qkbnr/pp2pppp/2n5/2pp4/3P1Bb1/4PN2/PPP2PPP/RN1QKB1R w KQkq -,MODEL_PREDICTION_NOT_EMPIRICAL
ORD-01,B1,1500,maia3-79m,4,h2h3,h3,0.12234167009592056,0.9956395183689892,0.7662054154369621,509,27,464,r2qkbnr/pp2pppp/2n5/2pp4/3P1Bb1/4PN2/PPP2PPP/RN1QKB1R w KQkq -,MODEL_PREDICTION_NOT_EMPIRICAL
ORD-01,B1,1500,maia3-79m,5,f1b5,Bb5,0.06316906213760376,0.9956395183689892,0.7662054154369621,517,24,459,r2qkbnr/pp2pppp/2n5/2pp4/3P1Bb1/4PN2/PPP2PPP/RN1QKB1R w KQkq -,MODEL_PREDICTION_NOT_EMPIRICAL
ORD-01,B1,1500,maia3-79m,6,c2c4,c4,0.04485367238521576,0.9956395183689892,0.7662054154369621,514,24,462,r2qkbnr/pp2pppp/2n5/2pp4/3P1Bb1/4PN2/PPP2PPP/RN1QKB1R w KQkq -,MODEL_PREDICTION_NOT_EMPIRICAL
ORD-01,B1,1500,maia3-79m,7,f1d3,Bd3,0.015079679898917675,0.9956395183689892,0.7662054154369621,505,24,471,r2qkbnr/pp2pppp/2n5/2pp4/3P1Bb1/4PN2/PPP2PPP/RN1QKB1R w KQkq -,MODEL_PREDICTION_NOT_EMPIRICAL
ORD-01,B1,1500,maia3-79m,8,d4c5,dxc5,0.0126122385263443,0.9956395183689892,0.7662054154369621,441,22,537,r2qkbnr/pp2pppp/2n5/2pp4/3P1Bb1/4PN2/PPP2PPP/RN1QKB1R w KQkq -,MODEL_PREDICTION_NOT_EMPIRICAL
ORD-01,B1,1500,maia3-79m,9,b1c3,Nc3,0.010596956126391888,0.9956395183689892,0.7662054154369621,516,26,458,r2qkbnr/pp2pppp/2n5/2pp4/3P1Bb1/4PN2/PPP2PPP/RN1QKB1R w KQkq -,MODEL_PREDICTION_NOT_EMPIRICAL
ORD-01,B1,1500,maia3-79m,10,a2a3,a3,0.002062822226434946,0.9956395183689892,0.7662054154369621,515,26,459,r2qkbnr/pp2pppp/2n5/2pp4/3P1Bb1/4PN2/PPP2PPP/RN1QKB1R w KQkq -,MODEL_PREDICTION_NOT_EMPIRICAL
ORD-01,B1,1700,maia3-79m,1,f1e2,Be2,0.3513652980327606,0.9963465242180973,0.7378709433164665,522,30,448,r2qkbnr/pp2pppp/2n5/2pp4/3P1Bb1/4PN2/PPP2PPP/RN1QKB1R w KQkq -,MODEL_PREDICTION_NOT_EMPIRICAL
ORD-01,B1,1700,maia3-79m,2,b1d2,Nbd2,0.2084563821554184,0.9963465242180973,0.7378709433164665,522,29,449,r2qkbnr/pp2pppp/2n5/2pp4/3P1Bb1/4PN2/PPP2PPP/RN1QKB1R w KQkq -,MODEL_PREDICTION_NOT_EMPIRICAL
ORD-01,B1,1700,maia3-79m,3,c2c3,c3,0.20538628101348877,0.9963465242180973,0.7378709433164665,531,31,438,r2qkbnr/pp2pppp/2n5/2pp4/3P1Bb1/4PN2/PPP2PPP/RN1QKB1R w KQkq -,MODEL_PREDICTION_NOT_EMPIRICAL
ORD-01,B1,1700,maia3-79m,4,h2h3,h3,0.10177097469568253,0.9963465242180973,0.7378709433164665,508,31,461,r2qkbnr/pp2pppp/2n5/2pp4/3P1Bb1/4PN2/PPP2PPP/RN1QKB1R w KQkq -,MODEL_PREDICTION_NOT_EMPIRICAL
ORD-01,B1,1700,maia3-79m,5,f1b5,Bb5,0.05607157200574875,0.9963465242180973,0.7378709433164665,511,27,462,r2qkbnr/pp2pppp/2n5/2pp4/3P1Bb1/4PN2/PPP2PPP/RN1QKB1R w KQkq -,MODEL_PREDICTION_NOT_EMPIRICAL
ORD-01,B1,1700,maia3-79m,6,c2c4,c4,0.039011817425489426,0.9963465242180973,0.7378709433164665,519,27,454,r2qkbnr/pp2pppp/2n5/2pp4/3P1Bb1/4PN2/PPP2PPP/RN1QKB1R w KQkq -,MODEL_PREDICTION_NOT_EMPIRICAL
ORD-01,B1,1700,maia3-79m,7,d4c5,dxc5,0.012490586377680302,0.9963465242180973,0.7378709433164665,431,24,545,r2qkbnr/pp2pppp/2n5/2pp4/3P1Bb1/4PN2/PPP2PPP/RN1QKB1R w KQkq -,MODEL_PREDICTION_NOT_EMPIRICAL
ORD-01,B1,1700,maia3-79m,8,b1c3,Nc3,0.0106495451182127,0.9963465242180973,0.7378709433164665,522,29,449,r2qkbnr/pp2pppp/2n5/2pp4/3P1Bb1/4PN2/PPP2PPP/RN1QKB1R w KQkq -,MODEL_PREDICTION_NOT_EMPIRICAL
ORD-01,B1,1700,maia3-79m,9,f1d3,Bd3,0.008850025944411755,0.9963465242180973,0.7378709433164665,505,27,468,r2qkbnr/pp2pppp/2n5/2pp4/3P1Bb1/4PN2/PPP2PPP/RN1QKB1R w KQkq -,MODEL_PREDICTION_NOT_EMPIRICAL
ORD-01,B1,1700,maia3-79m,10,a2a3,a3,0.0022940414492040873,0.9963465242180973,0.7378709433164665,514,29,457,r2qkbnr/pp2pppp/2n5/2pp4/3P1Bb1/4PN2/PPP2PPP/RN1QKB1R w KQkq -,MODEL_PREDICTION_NOT_EMPIRICAL
ORD-01,B1,1900,maia3-79m,1,f1e2,Be2,0.3721885085105896,0.9969533528201282,0.7095299435021231,521,35,444,r2qkbnr/pp2pppp/2n5/2pp4/3P1Bb1/4PN2/PPP2PPP/RN1QKB1R w KQkq -,MODEL_PREDICTION_NOT_EMPIRICAL
ORD-01,B1,1900,maia3-79m,2,c2c3,c3,0.24607712030410767,0.9969533528201282,0.7095299435021231,530,36,434,r2qkbnr/pp2pppp/2n5/2pp4/3P1Bb1/4PN2/PPP2PPP/RN1QKB1R w KQkq -,MODEL_PREDICTION_NOT_EMPIRICAL
ORD-01,B1,1900,maia3-79m,3,b1d2,Nbd2,0.1943480670452118,0.9969533528201282,0.7095299435021231,525,34,441,r2qkbnr/pp2pppp/2n5/2pp4/3P1Bb1/4PN2/PPP2PPP/RN1QKB1R w KQkq -,MODEL_PREDICTION_NOT_EMPIRICAL
ORD-01,B1,1900,maia3-79m,4,h2h3,h3,0.06517945975065231,0.9969533528201282,0.7095299435021231,507,36,457,r2qkbnr/pp2pppp/2n5/2pp4/3P1Bb1/4PN2/PPP2PPP/RN1QKB1R w KQkq -,MODEL_PREDICTION_NOT_EMPIRICAL
ORD-01,B1,1900,maia3-79m,5,f1b5,Bb5,0.0519966259598732,0.9969533528201282,0.7095299435021231,509,31,460,r2qkbnr/pp2pppp/2n5/2pp4/3P1Bb1/4PN2/PPP2PPP/RN1QKB1R w KQkq -,MODEL_PREDICTION_NOT_EMPIRICAL
ORD-01,B1,1900,maia3-79m,6,c2c4,c4,0.030693665146827698,0.9969533528201282,0.7095299435021231,524,32,444,r2qkbnr/pp2pppp/2n5/2pp4/3P1Bb1/4PN2/PPP2PPP/RN1QKB1R w KQkq -,MODEL_PREDICTION_NOT_EMPIRICAL
ORD-01,B1,1900,maia3-79m,7,b1c3,Nc3,0.015414887107908726,0.9969533528201282,0.7095299435021231,530,33,437,r2qkbnr/pp2pppp/2n5/2pp4/3P1Bb1/4PN2/PPP2PPP/RN1QKB1R w KQkq -,MODEL_PREDICTION_NOT_EMPIRICAL
ORD-01,B1,1900,maia3-79m,8,d4c5,dxc5,0.013352691195905209,0.9969533528201282,0.7095299435021231,418,27,555,r2qkbnr/pp2pppp/2n5/2pp4/3P1Bb1/4PN2/PPP2PPP/RN1QKB1R w KQkq -,MODEL_PREDICTION_NOT_EMPIRICAL
ORD-01,B1,1900,maia3-79m,9,f1d3,Bd3,0.005674174055457115,0.9969533528201282,0.7095299435021231,505,32,463,r2qkbnr/pp2pppp/2n5/2pp4/3P1Bb1/4PN2/PPP2PPP/RN1QKB1R w KQkq -,MODEL_PREDICTION_NOT_EMPIRICAL
ORD-01,B1,1900,maia3-79m,10,a2a3,a3,0.002028153743594885,0.9969533528201282,0.7095299435021231,513,33,454,r2qkbnr/pp2pppp/2n5/2pp4/3P1Bb1/4PN2/PPP2PPP/RN1QKB1R w KQkq -,MODEL_PREDICTION_NOT_EMPIRICAL
ORD-01,B1,2100,maia3-79m,1,c2c3,c3,0.32580482959747314,0.9976175827905536,0.6930503876503702,519,46,435,r2qkbnr/pp2pppp/2n5/2pp4/3P1Bb1/4PN2/PPP2PPP/RN1QKB1R w KQkq -,MODEL_PREDICTION_NOT_EMPIRICAL
ORD-01,B1,2100,maia3-79m,2,f1e2,Be2,0.3221663534641266,0.9976175827905536,0.6930503876503702,515,45,440,r2qkbnr/pp2pppp/2n5/2pp4/3P1Bb1/4PN2/PPP2PPP/RN1QKB1R w KQkq -,MODEL_PREDICTION_NOT_EMPIRICAL
ORD-01,B1,2100,maia3-79m,3,b1d2,Nbd2,0.19195355474948883,0.9976175827905536,0.6930503876503702,526,43,431,r2qkbnr/pp2pppp/2n5/2pp4/3P1Bb1/4PN2/PPP2PPP/RN1QKB1R w KQkq -,MODEL_PREDICTION_NOT_EMPIRICAL
ORD-01,B1,2100,maia3-79m,4,f1b5,Bb5,0.05213180184364319,0.9976175827905536,0.6930503876503702,501,39,460,r2qkbnr/pp2pppp/2n5/2pp4/3P1Bb1/4PN2/PPP2PPP/RN1QKB1R w KQkq -,MODEL_PREDICTION_NOT_EMPIRICAL
ORD-01,B1,2100,maia3-79m,5,b1c3,Nc3,0.03201844543218613,0.9976175827905536,0.6930503876503702,533,41,426,r2qkbnr/pp2pppp/2n5/2pp4/3P1Bb1/4PN2/PPP2PPP/RN1QKB1R w KQkq -,MODEL_PREDICTION_NOT_EMPIRICAL
ORD-01,B1,2100,maia3-79m,6,h2h3,h3,0.02990316040813923,0.9976175827905536,0.6930503876503702,499,44,457,r2qkbnr/pp2pppp/2n5/2pp4/3P1Bb1/4PN2/PPP2PPP/RN1QKB1R w KQkq -,MODEL_PREDICTION_NOT_EMPIRICAL
ORD-01,B1,2100,maia3-79m,7,c2c4,c4,0.024541575461626053,0.9976175827905536,0.6930503876503702,524,40,436,r2qkbnr/pp2pppp/2n5/2pp4/3P1Bb1/4PN2/PPP2PPP/RN1QKB1R w KQkq -,MODEL_PREDICTION_NOT_EMPIRICAL
ORD-01,B1,2100,maia3-79m,8,d4c5,dxc5,0.01471205335110426,0.9976175827905536,0.6930503876503702,419,32,549,r2qkbnr/pp2pppp/2n5/2pp4/3P1Bb1/4PN2/PPP2PPP/RN1QKB1R w KQkq -,MODEL_PREDICTION_NOT_EMPIRICAL
ORD-01,B1,2100,maia3-79m,9,f1d3,Bd3,0.003057790920138359,0.9976175827905536,0.6930503876503702,497,40,463,r2qkbnr/pp2pppp/2n5/2pp4/3P1Bb1/4PN2/PPP2PPP/RN1QKB1R w KQkq -,MODEL_PREDICTION_NOT_EMPIRICAL
ORD-01,B1,2100,maia3-79m,10,a2a3,a3,0.0013280175626277924,0.9976175827905536,0.6930503876503702,504,42,454,r2qkbnr/pp2pppp/2n5/2pp4/3P1Bb1/4PN2/PPP2PPP/RN1QKB1R w KQkq -,MODEL_PREDICTION_NOT_EMPIRICAL
ORD-02,B1,1100,maia3-79m,1,d1c2,Qc2,0.31799447536468506,0.9632458807900548,0.769676659507179,524,20,456,r1b1kb1r/pp2pppp/1qn2n2/2pp4/3P1B2/2P1PN2/PP3PPP/RN1QKB1R w KQkq -,MODEL_PREDICTION_NOT_EMPIRICAL
ORD-02,B1,1100,maia3-79m,2,b2b3,b3,0.24096280336380005,0.9632458807900548,0.769676659507179,527,19,454,r1b1kb1r/pp2pppp/1qn2n2/2pp4/3P1B2/2P1PN2/PP3PPP/RN1QKB1R w KQkq -,MODEL_PREDICTION_NOT_EMPIRICAL
ORD-02,B1,1100,maia3-79m,3,d1b3,Qb3,0.15289324522018433,0.9632458807900548,0.769676659507179,545,31,424,r1b1kb1r/pp2pppp/1qn2n2/2pp4/3P1B2/2P1PN2/PP3PPP/RN1QKB1R w KQkq -,MODEL_PREDICTION_NOT_EMPIRICAL
ORD-02,B1,1100,maia3-79m,4,b1d2,Nbd2,0.07635390758514404,0.9632458807900548,0.769676659507179,478,20,502,r1b1kb1r/pp2pppp/1qn2n2/2pp4/3P1B2/2P1PN2/PP3PPP/RN1QKB1R w KQkq -,MODEL_PREDICTION_NOT_EMPIRICAL
ORD-02,B1,1100,maia3-79m,5,f1d3,Bd3,0.07163242995738983,0.9632458807900548,0.769676659507179,460,17,523,r1b1kb1r/pp2pppp/1qn2n2/2pp4/3P1B2/2P1PN2/PP3PPP/RN1QKB1R w KQkq -,MODEL_PREDICTION_NOT_EMPIRICAL
ORD-02,B1,1100,maia3-79m,6,d1d2,Qd2,0.03158237040042877,0.9632458807900548,0.769676659507179,461,21,518,r1b1kb1r/pp2pppp/1qn2n2/2pp4/3P1B2/2P1PN2/PP3PPP/RN1QKB1R w KQkq -,MODEL_PREDICTION_NOT_EMPIRICAL
ORD-02,B1,1100,maia3-79m,7,b1a3,Na3,0.02654971368610859,0.9632458807900548,0.769676659507179,420,18,562,r1b1kb1r/pp2pppp/1qn2n2/2pp4/3P1B2/2P1PN2/PP3PPP/RN1QKB1R w KQkq -,MODEL_PREDICTION_NOT_EMPIRICAL
ORD-02,B1,1100,maia3-79m,8,f3e5,Ne5,0.020635215565562248,0.9632458807900548,0.769676659507179,422,19,559,r1b1kb1r/pp2pppp/1qn2n2/2pp4/3P1B2/2P1PN2/PP3PPP/RN1QKB1R w KQkq -,MODEL_PREDICTION_NOT_EMPIRICAL
ORD-02,B1,1100,maia3-79m,9,d1c1,Qc1,0.01624152809381485,0.9632458807900548,0.769676659507179,511,20,469,r1b1kb1r/pp2pppp/1qn2n2/2pp4/3P1B2/2P1PN2/PP3PPP/RN1QKB1R w KQkq -,MODEL_PREDICTION_NOT_EMPIRICAL
ORD-02,B1,1100,maia3-79m,10,d4c5,dxc5,0.00840019155293703,0.9632458807900548,0.769676659507179,420,17,563,r1b1kb1r/pp2pppp/1qn2n2/2pp4/3P1B2/2P1PN2/PP3PPP/RN1QKB1R w KQkq -,MODEL_PREDICTION_NOT_EMPIRICAL
ORD-02,B1,1300,maia3-79m,1,d1c2,Qc2,0.42107275128364563,0.9810997624881566,0.6784099008038565,497,22,481,r1b1kb1r/pp2pppp/1qn2n2/2pp4/3P1B2/2P1PN2/PP3PPP/RN1QKB1R w KQkq -,MODEL_PREDICTION_NOT_EMPIRICAL
ORD-02,B1,1300,maia3-79m,2,d1b3,Qb3,0.21589763462543488,0.9810997624881566,0.6784099008038565,528,33,439,r1b1kb1r/pp2pppp/1qn2n2/2pp4/3P1B2/2P1PN2/PP3PPP/RN1QKB1R w KQkq -,MODEL_PREDICTION_NOT_EMPIRICAL
ORD-02,B1,1300,maia3-79m,3,b2b3,b3,0.19771979749202728,0.9810997624881566,0.6784099008038565,511,20,469,r1b1kb1r/pp2pppp/1qn2n2/2pp4/3P1B2/2P1PN2/PP3PPP/RN1QKB1R w KQkq -,MODEL_PREDICTION_NOT_EMPIRICAL
ORD-02,B1,1300,maia3-79m,4,b1d2,Nbd2,0.036577485501766205,0.9810997624881566,0.6784099008038565,463,20,517,r1b1kb1r/pp2pppp/1qn2n2/2pp4/3P1B2/2P1PN2/PP3PPP/RN1QKB1R w KQkq -,MODEL_PREDICTION_NOT_EMPIRICAL
ORD-02,B1,1300,maia3-79m,5,f1d3,Bd3,0.02921433560550213,0.9810997624881566,0.6784099008038565,463,18,519,r1b1kb1r/pp2pppp/1qn2n2/2pp4/3P1B2/2P1PN2/PP3PPP/RN1QKB1R w KQkq -,MODEL_PREDICTION_NOT_EMPIRICAL
ORD-02,B1,1300,maia3-79m,6,d1c1,Qc1,0.026789719238877296,0.9810997624881566,0.6784099008038565,495,21,484,r1b1kb1r/pp2pppp/1qn2n2/2pp4/3P1B2/2P1PN2/PP3PPP/RN1QKB1R w KQkq -,MODEL_PREDICTION_NOT_EMPIRICAL
ORD-02,B1,1300,maia3-79m,7,b1a3,Na3,0.020667757838964462,0.9810997624881566,0.6784099008038565,401,18,581,r1b1kb1r/pp2pppp/1qn2n2/2pp4/3P1B2/2P1PN2/PP3PPP/RN1QKB1R w KQkq -,MODEL_PREDICTION_NOT_EMPIRICAL
ORD-02,B1,1300,maia3-79m,8,d1d2,Qd2,0.019310416653752327,0.9810997624881566,0.6784099008038565,448,22,530,r1b1kb1r/pp2pppp/1qn2n2/2pp4/3P1B2/2P1PN2/PP3PPP/RN1QKB1R w KQkq -,MODEL_PREDICTION_NOT_EMPIRICAL
ORD-02,B1,1300,maia3-79m,9,d4c5,dxc5,0.007287490647286177,0.9810997624881566,0.6784099008038565,401,18,581,r1b1kb1r/pp2pppp/1qn2n2/2pp4/3P1B2/2P1PN2/PP3PPP/RN1QKB1R w KQkq -,MODEL_PREDICTION_NOT_EMPIRICAL
ORD-02,B1,1300,maia3-79m,10,f3e5,Ne5,0.006562373600900173,0.9810997624881566,0.6784099008038565,408,20,572,r1b1kb1r/pp2pppp/1qn2n2/2pp4/3P1B2/2P1PN2/PP3PPP/RN1QKB1R w KQkq -,MODEL_PREDICTION_NOT_EMPIRICAL
ORD-02,B1,1500,maia3-79m,1,d1c2,Qc2,0.4408378303050995,0.9907001766841859,0.6386499314303185,477,24,499,r1b1kb1r/pp2pppp/1qn2n2/2pp4/3P1B2/2P1PN2/PP3PPP/RN1QKB1R w KQkq -,MODEL_PREDICTION_NOT_EMPIRICAL
ORD-02,B1,1500,maia3-79m,2,d1b3,Qb3,0.26791462302207947,0.9907001766841859,0.6386499314303185,506,35,459,r1b1kb1r/pp2pppp/1qn2n2/2pp4/3P1B2/2P1PN2/PP3PPP/RN1QKB1R w KQkq -,MODEL_PREDICTION_NOT_EMPIRICAL
ORD-02,B1,1500,maia3-79m,3,b2b3,b3,0.1608235090970993,0.9907001766841859,0.6386499314303185,497,23,480,r1b1kb1r/pp2pppp/1qn2n2/2pp4/3P1B2/2P1PN2/PP3PPP/RN1QKB1R w KQkq -,MODEL_PREDICTION_NOT_EMPIRICAL
ORD-02,B1,1500,maia3-79m,4,d1c1,Qc1,0.04442222788929939,0.9907001766841859,0.6386499314303185,484,24,492,r1b1kb1r/pp2pppp/1qn2n2/2pp4/3P1B2/2P1PN2/PP3PPP/RN1QKB1R w KQkq -,MODEL_PREDICTION_NOT_EMPIRICAL
ORD-02,B1,1500,maia3-79m,5,b1d2,Nbd2,0.021085841581225395,0.9907001766841859,0.6386499314303185,454,22,524,r1b1kb1r/pp2pppp/1qn2n2/2pp4/3P1B2/2P1PN2/PP3PPP/RN1QKB1R w KQkq -,MODEL_PREDICTION_NOT_EMPIRICAL
ORD-02,B1,1500,maia3-79m,6,b1a3,Na3,0.019654277712106705,0.9907001766841859,0.6386499314303185,409,20,571,r1b1kb1r/pp2pppp/1qn2n2/2pp4/3P1B2/2P1PN2/PP3PPP/RN1QKB1R w KQkq -,MODEL_PREDICTION_NOT_EMPIRICAL
ORD-02,B1,1500,maia3-79m,7,f1d3,Bd3,0.013525809161365032,0.9907001766841859,0.6386499314303185,459,21,520,r1b1kb1r/pp2pppp/1qn2n2/2pp4/3P1B2/2P1PN2/PP3PPP/RN1QKB1R w KQkq -,MODEL_PREDICTION_NOT_EMPIRICAL
ORD-02,B1,1500,maia3-79m,8,d1d2,Qd2,0.011665092781186104,0.9907001766841859,0.6386499314303185,449,24,527,r1b1kb1r/pp2pppp/1qn2n2/2pp4/3P1B2/2P1PN2/PP3PPP/RN1QKB1R w KQkq -,MODEL_PREDICTION_NOT_EMPIRICAL
ORD-02,B1,1500,maia3-79m,9,d4c5,dxc5,0.007207533810287714,0.9907001766841859,0.6386499314303185,390,20,590,r1b1kb1r/pp2pppp/1qn2n2/2pp4/3P1B2/2P1PN2/PP3PPP/RN1QKB1R w KQkq -,MODEL_PREDICTION_NOT_EMPIRICAL
ORD-02,B1,1500,maia3-79m,10,f1e2,Be2,0.0035634313244372606,0.9907001766841859,0.6386499314303185,446,21,533,r1b1kb1r/pp2pppp/1qn2n2/2pp4/3P1B2/2P1PN2/PP3PPP/RN1QKB1R w KQkq -,MODEL_PREDICTION_NOT_EMPIRICAL
ORD-02,B1,1700,maia3-79m,1,d1c2,Qc2,0.3801339864730835,0.9942872126121074,0.6481864338324232,475,27,498,r1b1kb1r/pp2pppp/1qn2n2/2pp4/3P1B2/2P1PN2/PP3PPP/RN1QKB1R w KQkq -,MODEL_PREDICTION_NOT_EMPIRICAL
ORD-02,B1,1700,maia3-79m,2,d1b3,Qb3,0.3257044553756714,0.9942872126121074,0.6481864338324232,493,39,468,r1b1kb1r/pp2pppp/1qn2n2/2pp4/3P1B2/2P1PN2/PP3PPP/RN1QKB1R w KQkq -,MODEL_PREDICTION_NOT_EMPIRICAL
ORD-02,B1,1700,maia3-79m,3,b2b3,b3,0.15000583231449127,0.9942872126121074,0.6481864338324232,491,26,483,r1b1kb1r/pp2pppp/1qn2n2/2pp4/3P1B2/2P1PN2/PP3PPP/RN1QKB1R w KQkq -,MODEL_PREDICTION_NOT_EMPIRICAL
ORD-02,B1,1700,maia3-79m,4,d1c1,Qc1,0.07367617636919022,0.9942872126121074,0.6481864338324232,480,29,491,r1b1kb1r/pp2pppp/1qn2n2/2pp4/3P1B2/2P1PN2/PP3PPP/RN1QKB1R w KQkq -,MODEL_PREDICTION_NOT_EMPIRICAL
ORD-02,B1,1700,maia3-79m,5,b1a3,Na3,0.022222841158509254,0.9942872126121074,0.6481864338324232,446,23,531,r1b1kb1r/pp2pppp/1qn2n2/2pp4/3P1B2/2P1PN2/PP3PPP/RN1QKB1R w KQkq -,MODEL_PREDICTION_NOT_EMPIRICAL
ORD-02,B1,1700,maia3-79m,6,b1d2,Nbd2,0.014531821012496948,0.9942872126121074,0.6481864338324232,458,25,517,r1b1kb1r/pp2pppp/1qn2n2/2pp4/3P1B2/2P1PN2/PP3PPP/RN1QKB1R w KQkq -,MODEL_PREDICTION_NOT_EMPIRICAL
ORD-02,B1,1700,maia3-79m,7,d4c5,dxc5,0.008618181571364403,0.9942872126121074,0.6481864338324232,393,24,583,r1b1kb1r/pp2pppp/1qn2n2/2pp4/3P1B2/2P1PN2/PP3PPP/RN1QKB1R w KQkq -,MODEL_PREDICTION_NOT_EMPIRICAL
ORD-02,B1,1700,maia3-79m,8,d1d2,Qd2,0.008608193136751652,0.9942872126121074,0.6481864338324232,457,27,516,r1b1kb1r/pp2pppp/1qn2n2/2pp4/3P1B2/2P1PN2/PP3PPP/RN1QKB1R w KQkq -,MODEL_PREDICTION_NOT_EMPIRICAL
ORD-02,B1,1700,maia3-79m,9,f1d3,Bd3,0.008238282985985279,0.9942872126121074,0.6481864338324232,458,24,518,r1b1kb1r/pp2pppp/1qn2n2/2pp4/3P1B2/2P1PN2/PP3PPP/RN1QKB1R w KQkq -,MODEL_PREDICTION_NOT_EMPIRICAL
ORD-02,B1,1700,maia3-79m,10,f1e2,Be2,0.002547442214563489,0.9942872126121074,0.6481864338324232,439,25,536,r1b1kb1r/pp2pppp/1qn2n2/2pp4/3P1B2/2P1PN2/PP3PPP/RN1QKB1R w KQkq -,MODEL_PREDICTION_NOT_EMPIRICAL
ORD-02,B1,1900,maia3-79m,1,d1b3,Qb3,0.4087735414505005,0.9960922405589372,0.6587017957421027,488,45,467,r1b1kb1r/pp2pppp/1qn2n2/2pp4/3P1B2/2P1PN2/PP3PPP/RN1QKB1R w KQkq -,MODEL_PREDICTION_NOT_EMPIRICAL
ORD-02,B1,1900,maia3-79m,2,d1c2,Qc2,0.25905534625053406,0.9960922405589372,0.6587017957421027,483,33,484,r1b1kb1r/pp2pppp/1qn2n2/2pp4/3P1B2/2P1PN2/PP3PPP/RN1QKB1R w KQkq -,MODEL_PREDICTION_NOT_EMPIRICAL
ORD-02,B1,1900,maia3-79m,3,b2b3,b3,0.16038118302822113,0.9960922405589372,0.6587017957421027,483,32,485,r1b1kb1r/pp2pppp/1qn2n2/2pp4/3P1B2/2P1PN2/PP3PPP/RN1QKB1R w KQkq -,MODEL_PREDICTION_NOT_EMPIRICAL
ORD-02,B1,1900,maia3-79m,4,d1c1,Qc1,0.10551551729440689,0.9960922405589372,0.6587017957421027,477,35,488,r1b1kb1r/pp2pppp/1qn2n2/2pp4/3P1B2/2P1PN2/PP3PPP/RN1QKB1R w KQkq -,MODEL_PREDICTION_NOT_EMPIRICAL
ORD-02,B1,1900,maia3-79m,5,b1a3,Na3,0.02525883913040161,0.9960922405589372,0.6587017957421027,501,27,472,r1b1kb1r/pp2pppp/1qn2n2/2pp4/3P1B2/2P1PN2/PP3PPP/RN1QKB1R w KQkq -,MODEL_PREDICTION_NOT_EMPIRICAL
ORD-02,B1,1900,maia3-79m,6,b1d2,Nbd2,0.0118770282715559,0.9960922405589372,0.6587017957421027,473,31,496,r1b1kb1r/pp2pppp/1qn2n2/2pp4/3P1B2/2P1PN2/PP3PPP/RN1QKB1R w KQkq -,MODEL_PREDICTION_NOT_EMPIRICAL
ORD-02,B1,1900,maia3-79m,7,d4c5,dxc5,0.010214315727353096,0.9960922405589372,0.6587017957421027,401,28,571,r1b1kb1r/pp2pppp/1qn2n2/2pp4/3P1B2/2P1PN2/PP3PPP/RN1QKB1R w KQkq -,MODEL_PREDICTION_NOT_EMPIRICAL
ORD-02,B1,1900,maia3-79m,8,d1d2,Qd2,0.006717647425830364,0.9960922405589372,0.6587017957421027,464,33,503,r1b1kb1r/pp2pppp/1qn2n2/2pp4/3P1B2/2P1PN2/PP3PPP/RN1QKB1R w KQkq -,MODEL_PREDICTION_NOT_EMPIRICAL
ORD-02,B1,1900,maia3-79m,9,f1d3,Bd3,0.0063419947400689125,0.9960922405589372,0.6587017957421027,467,29,504,r1b1kb1r/pp2pppp/1qn2n2/2pp4/3P1B2/2P1PN2/PP3PPP/RN1QKB1R w KQkq -,MODEL_PREDICTION_NOT_EMPIRICAL
ORD-02,B1,1900,maia3-79m,10,f1e2,Be2,0.00195682724006474,0.9960922405589372,0.6587017957421027,449,30,521,r1b1kb1r/pp2pppp/1qn2n2/2pp4/3P1B2/2P1PN2/PP3PPP/RN1QKB1R w KQkq -,MODEL_PREDICTION_NOT_EMPIRICAL
ORD-02,B1,2100,maia3-79m,1,d1b3,Qb3,0.500754714012146,0.9974099085666239,0.6201793474825907,484,53,463,r1b1kb1r/pp2pppp/1qn2n2/2pp4/3P1B2/2P1PN2/PP3PPP/RN1QKB1R w KQkq -,MODEL_PREDICTION_NOT_EMPIRICAL
ORD-02,B1,2100,maia3-79m,2,d1c2,Qc2,0.164556622505188,0.9974099085666239,0.6201793474825907,495,44,461,r1b1kb1r/pp2pppp/1qn2n2/2pp4/3P1B2/2P1PN2/PP3PPP/RN1QKB1R w KQkq -,MODEL_PREDICTION_NOT_EMPIRICAL
ORD-02,B1,2100,maia3-79m,3,b2b3,b3,0.16160297393798828,0.9974099085666239,0.6201793474825907,472,42,486,r1b1kb1r/pp2pppp/1qn2n2/2pp4/3P1B2/2P1PN2/PP3PPP/RN1QKB1R w KQkq -,MODEL_PREDICTION_NOT_EMPIRICAL
ORD-02,B1,2100,maia3-79m,4,d1c1,Qc1,0.1151936799287796,0.9974099085666239,0.6201793474825907,479,45,476,r1b1kb1r/pp2pppp/1qn2n2/2pp4/3P1B2/2P1PN2/PP3PPP/RN1QKB1R w KQkq -,MODEL_PREDICTION_NOT_EMPIRICAL
ORD-02,B1,2100,maia3-79m,5,b1a3,Na3,0.025278259068727493,0.9974099085666239,0.6201793474825907,548,34,418,r1b1kb1r/pp2pppp/1qn2n2/2pp4/3P1B2/2P1PN2/PP3PPP/RN1QKB1R w KQkq -,MODEL_PREDICTION_NOT_EMPIRICAL
ORD-02,B1,2100,maia3-79m,6,b1d2,Nbd2,0.010247447527945042,0.9974099085666239,0.6201793474825907,489,41,470,r1b1kb1r/pp2pppp/1qn2n2/2pp4/3P1B2/2P1PN2/PP3PPP/RN1QKB1R w KQkq -,MODEL_PREDICTION_NOT_EMPIRICAL
ORD-02,B1,2100,maia3-79m,7,d4c5,dxc5,0.009514815174043179,0.9974099085666239,0.6201793474825907,420,36,544,r1b1kb1r/pp2pppp/1qn2n2/2pp4/3P1B2/2P1PN2/PP3PPP/RN1QKB1R w KQkq -,MODEL_PREDICTION_NOT_EMPIRICAL
ORD-02,B1,2100,maia3-79m,8,d1d2,Qd2,0.004544485826045275,0.9974099085666239,0.6201793474825907,465,43,492,r1b1kb1r/pp2pppp/1qn2n2/2pp4/3P1B2/2P1PN2/PP3PPP/RN1QKB1R w KQkq -,MODEL_PREDICTION_NOT_EMPIRICAL
ORD-02,B1,2100,maia3-79m,9,f1d3,Bd3,0.004463971592485905,0.9974099085666239,0.6201793474825907,479,37,484,r1b1kb1r/pp2pppp/1qn2n2/2pp4/3P1B2/2P1PN2/PP3PPP/RN1QKB1R w KQkq -,MODEL_PREDICTION_NOT_EMPIRICAL
ORD-02,B1,2100,maia3-79m,10,f1e2,Be2,0.0012529389932751656,0.9974099085666239,0.6201793474825907,469,40,491,r1b1kb1r/pp2pppp/1qn2n2/2pp4/3P1B2/2P1PN2/PP3PPP/RN1QKB1R w KQkq -,MODEL_PREDICTION_NOT_EMPIRICAL
COL-01,B1,1100,maia3-79m,1,d3f5,Bxf5,0.4447374641895294,0.9767240257933736,0.734330305757848,521,33,446,rn1qkb1r/ppp2ppp/4pn2/3p1b2/3P4/3BPN2/PPP2PPP/RNBQK2R w KQkq -,MODEL_PREDICTION_NOT_EMPIRICAL
COL-01,B1,1100,maia3-79m,2,e1g1,O-O,0.1715780347585678,0.9767240257933736,0.734330305757848,511,29,460,rn1qkb1r/ppp2ppp/4pn2/3p1b2/3P4/3BPN2/PPP2PPP/RNBQK2R w KQkq -,MODEL_PREDICTION_NOT_EMPIRICAL
COL-01,B1,1100,maia3-79m,3,b1d2,Nbd2,0.09314827620983124,0.9767240257933736,0.734330305757848,494,31,475,rn1qkb1r/ppp2ppp/4pn2/3p1b2/3P4/3BPN2/PPP2PPP/RNBQK2R w KQkq -,MODEL_PREDICTION_NOT_EMPIRICAL
COL-01,B1,1100,maia3-79m,4,d1e2,Qe2,0.07849977910518646,0.9767240257933736,0.734330305757848,507,28,465,rn1qkb1r/ppp2ppp/4pn2/3p1b2/3P4/3BPN2/PPP2PPP/RNBQK2R w KQkq -,MODEL_PREDICTION_NOT_EMPIRICAL
COL-01,B1,1100,maia3-79m,5,c2c3,c3,0.07621676474809647,0.9767240257933736,0.734330305757848,509,31,460,rn1qkb1r/ppp2ppp/4pn2/3p1b2/3P4/3BPN2/PPP2PPP/RNBQK2R w KQkq -,MODEL_PREDICTION_NOT_EMPIRICAL
COL-01,B1,1100,maia3-79m,6,b1c3,Nc3,0.04052121192216873,0.9767240257933736,0.734330305757848,505,31,464,rn1qkb1r/ppp2ppp/4pn2/3p1b2/3P4/3BPN2/PPP2PPP/RNBQK2R w KQkq -,MODEL_PREDICTION_NOT_EMPIRICAL
COL-01,B1,1100,maia3-79m,7,f3e5,Ne5,0.03071475774049759,0.9767240257933736,0.734330305757848,510,28,462,rn1qkb1r/ppp2ppp/4pn2/3p1b2/3P4/3BPN2/PPP2PPP/RNBQK2R w KQkq -,MODEL_PREDICTION_NOT_EMPIRICAL
COL-01,B1,1100,maia3-79m,8,b2b3,b3,0.02126733399927616,0.9767240257933736,0.734330305757848,496,31,473,rn1qkb1r/ppp2ppp/4pn2/3p1b2/3P4/3BPN2/PPP2PPP/RNBQK2R w KQkq -,MODEL_PREDICTION_NOT_EMPIRICAL
COL-01,B1,1100,maia3-79m,9,c2c4,c4,0.010418266989290714,0.9767240257933736,0.734330305757848,508,29,463,rn1qkb1r/ppp2ppp/4pn2/3p1b2/3P4/3BPN2/PPP2PPP/RNBQK2R w KQkq -,MODEL_PREDICTION_NOT_EMPIRICAL
COL-01,B1,1100,maia3-79m,10,h2h3,h3,0.009622136130928993,0.9767240257933736,0.734330305757848,511,29,460,rn1qkb1r/ppp2ppp/4pn2/3p1b2/3P4/3BPN2/PPP2PPP/RNBQK2R w KQkq -,MODEL_PREDICTION_NOT_EMPIRICAL
COL-01,B1,1300,maia3-79m,1,d3f5,Bxf5,0.5230507850646973,0.9794785706326365,0.6675020633667366,517,34,449,rn1qkb1r/ppp2ppp/4pn2/3p1b2/3P4/3BPN2/PPP2PPP/RNBQK2R w KQkq -,MODEL_PREDICTION_NOT_EMPIRICAL
COL-01,B1,1300,maia3-79m,2,e1g1,O-O,0.1489529311656952,0.9794785706326365,0.6675020633667366,512,29,459,rn1qkb1r/ppp2ppp/4pn2/3p1b2/3P4/3BPN2/PPP2PPP/RNBQK2R w KQkq -,MODEL_PREDICTION_NOT_EMPIRICAL
COL-01,B1,1300,maia3-79m,3,d1e2,Qe2,0.0797903761267662,0.9794785706326365,0.6675020633667366,509,27,464,rn1qkb1r/ppp2ppp/4pn2/3p1b2/3P4/3BPN2/PPP2PPP/RNBQK2R w KQkq -,MODEL_PREDICTION_NOT_EMPIRICAL
COL-01,B1,1300,maia3-79m,4,b1d2,Nbd2,0.07152580469846725,0.9794785706326365,0.6675020633667366,494,31,475,rn1qkb1r/ppp2ppp/4pn2/3p1b2/3P4/3BPN2/PPP2PPP/RNBQK2R w KQkq -,MODEL_PREDICTION_NOT_EMPIRICAL
COL-01,B1,1300,maia3-79m,5,c2c3,c3,0.07098273187875748,0.9794785706326365,0.6675020633667366,508,31,461,rn1qkb1r/ppp2ppp/4pn2/3p1b2/3P4/3BPN2/PPP2PPP/RNBQK2R w KQkq -,MODEL_PREDICTION_NOT_EMPIRICAL
COL-01,B1,1300,maia3-79m,6,b1c3,Nc3,0.03106226958334446,0.9794785706326365,0.6675020633667366,505,31,464,rn1qkb1r/ppp2ppp/4pn2/3p1b2/3P4/3BPN2/PPP2PPP/RNBQK2R w KQkq -,MODEL_PREDICTION_NOT_EMPIRICAL
COL-01,B1,1300,maia3-79m,7,b2b3,b3,0.02100760117173195,0.9794785706326365,0.6675020633667366,498,30,472,rn1qkb1r/ppp2ppp/4pn2/3p1b2/3P4/3BPN2/PPP2PPP/RNBQK2R w KQkq -,MODEL_PREDICTION_NOT_EMPIRICAL
COL-01,B1,1300,maia3-79m,8,f3e5,Ne5,0.016403168439865112,0.9794785706326365,0.6675020633667366,514,29,457,rn1qkb1r/ppp2ppp/4pn2/3p1b2/3P4/3BPN2/PPP2PPP/RNBQK2R w KQkq -,MODEL_PREDICTION_NOT_EMPIRICAL
COL-01,B1,1300,maia3-79m,9,c2c4,c4,0.009415955282747746,0.9794785706326365,0.6675020633667366,508,29,463,rn1qkb1r/ppp2ppp/4pn2/3p1b2/3P4/3BPN2/PPP2PPP/RNBQK2R w KQkq -,MODEL_PREDICTION_NOT_EMPIRICAL
COL-01,B1,1300,maia3-79m,10,h2h3,h3,0.0072869472205638885,0.9794785706326365,0.6675020633667366,509,29,462,rn1qkb1r/ppp2ppp/4pn2/3p1b2/3P4/3BPN2/PPP2PPP/RNBQK2R w KQkq -,MODEL_PREDICTION_NOT_EMPIRICAL
COL-01,B1,1500,maia3-79m,1,d3f5,Bxf5,0.5528113842010498,0.9823164502158761,0.6418675881788171,512,36,452,rn1qkb1r/ppp2ppp/4pn2/3p1b2/3P4/3BPN2/PPP2PPP/RNBQK2R w KQkq -,MODEL_PREDICTION_NOT_EMPIRICAL
COL-01,B1,1500,maia3-79m,2,e1g1,O-O,0.14422570168972015,0.9823164502158761,0.6418675881788171,507,32,461,rn1qkb1r/ppp2ppp/4pn2/3p1b2/3P4/3BPN2/PPP2PPP/RNBQK2R w KQkq -,MODEL_PREDICTION_NOT_EMPIRICAL
COL-01,B1,1500,maia3-79m,3,d1e2,Qe2,0.07316980510950089,0.9823164502158761,0.6418675881788171,508,29,463,rn1qkb1r/ppp2ppp/4pn2/3p1b2/3P4/3BPN2/PPP2PPP/RNBQK2R w KQkq -,MODEL_PREDICTION_NOT_EMPIRICAL
COL-01,B1,1500,maia3-79m,4,c2c3,c3,0.0680907592177391,0.9823164502158761,0.6418675881788171,504,34,462,rn1qkb1r/ppp2ppp/4pn2/3p1b2/3P4/3BPN2/PPP2PPP/RNBQK2R w KQkq -,MODEL_PREDICTION_NOT_EMPIRICAL
COL-01,B1,1500,maia3-79m,5,b1d2,Nbd2,0.06460145115852356,0.9823164502158761,0.6418675881788171,490,34,476,rn1qkb1r/ppp2ppp/4pn2/3p1b2/3P4/3BPN2/PPP2PPP/RNBQK2R w KQkq -,MODEL_PREDICTION_NOT_EMPIRICAL
COL-01,B1,1500,maia3-79m,6,b1c3,Nc3,0.026509499177336693,0.9823164502158761,0.6418675881788171,502,32,466,rn1qkb1r/ppp2ppp/4pn2/3p1b2/3P4/3BPN2/PPP2PPP/RNBQK2R w KQkq -,MODEL_PREDICTION_NOT_EMPIRICAL
COL-01,B1,1500,maia3-79m,7,b2b3,b3,0.024044448509812355,0.9823164502158761,0.6418675881788171,499,32,469,rn1qkb1r/ppp2ppp/4pn2/3p1b2/3P4/3BPN2/PPP2PPP/RNBQK2R w KQkq -,MODEL_PREDICTION_NOT_EMPIRICAL
COL-01,B1,1500,maia3-79m,8,f3e5,Ne5,0.01047385111451149,0.9823164502158761,0.6418675881788171,511,32,457,rn1qkb1r/ppp2ppp/4pn2/3p1b2/3P4/3BPN2/PPP2PPP/RNBQK2R w KQkq -,MODEL_PREDICTION_NOT_EMPIRICAL
COL-01,B1,1500,maia3-79m,9,c2c4,c4,0.010203610174357891,0.9823164502158761,0.6418675881788171,506,31,463,rn1qkb1r/ppp2ppp/4pn2/3p1b2/3P4/3BPN2/PPP2PPP/RNBQK2R w KQkq -,MODEL_PREDICTION_NOT_EMPIRICAL
COL-01,B1,1500,maia3-79m,10,a2a3,a3,0.008185939863324165,0.9823164502158761,0.6418675881788171,508,33,459,rn1qkb1r/ppp2ppp/4pn2/3p1b2/3P4/3BPN2/PPP2PPP/RNBQK2R w KQkq -,MODEL_PREDICTION_NOT_EMPIRICAL
COL-01,B1,1700,maia3-79m,1,d3f5,Bxf5,0.5493029952049255,0.9846450965851545,0.6425993311334788,506,39,455,rn1qkb1r/ppp2ppp/4pn2/3p1b2/3P4/3BPN2/PPP2PPP/RNBQK2R w KQkq -,MODEL_PREDICTION_NOT_EMPIRICAL
COL-01,B1,1700,maia3-79m,2,e1g1,O-O,0.1647816300392151,0.9846450965851545,0.6425993311334788,501,38,461,rn1qkb1r/ppp2ppp/4pn2/3p1b2/3P4/3BPN2/PPP2PPP/RNBQK2R w KQkq -,MODEL_PREDICTION_NOT_EMPIRICAL
COL-01,B1,1700,maia3-79m,3,c2c3,c3,0.0635496973991394,0.9846450965851545,0.6425993311334788,499,38,463,rn1qkb1r/ppp2ppp/4pn2/3p1b2/3P4/3BPN2/PPP2PPP/RNBQK2R w KQkq -,MODEL_PREDICTION_NOT_EMPIRICAL
COL-01,B1,1700,maia3-79m,4,b1d2,Nbd2,0.06257471442222595,0.9846450965851545,0.6425993311334788,490,38,472,rn1qkb1r/ppp2ppp/4pn2/3p1b2/3P4/3BPN2/PPP2PPP/RNBQK2R w KQkq -,MODEL_PREDICTION_NOT_EMPIRICAL
COL-01,B1,1700,maia3-79m,5,d1e2,Qe2,0.05920049920678139,0.9846450965851545,0.6425993311334788,505,34,461,rn1qkb1r/ppp2ppp/4pn2/3p1b2/3P4/3BPN2/PPP2PPP/RNBQK2R w KQkq -,MODEL_PREDICTION_NOT_EMPIRICAL
COL-01,B1,1700,maia3-79m,6,b2b3,b3,0.030391493812203407,0.9846450965851545,0.6425993311334788,496,37,467,rn1qkb1r/ppp2ppp/4pn2/3p1b2/3P4/3BPN2/PPP2PPP/RNBQK2R w KQkq -,MODEL_PREDICTION_NOT_EMPIRICAL
COL-01,B1,1700,maia3-79m,7,b1c3,Nc3,0.022751716896891594,0.9846450965851545,0.6425993311334788,497,37,466,rn1qkb1r/ppp2ppp/4pn2/3p1b2/3P4/3BPN2/PPP2PPP/RNBQK2R w KQkq -,MODEL_PREDICTION_NOT_EMPIRICAL
COL-01,B1,1700,maia3-79m,8,c2c4,c4,0.012899630703032017,0.9846450965851545,0.6425993311334788,509,35,456,rn1qkb1r/ppp2ppp/4pn2/3p1b2/3P4/3BPN2/PPP2PPP/RNBQK2R w KQkq -,MODEL_PREDICTION_NOT_EMPIRICAL
COL-01,B1,1700,maia3-79m,9,f3e5,Ne5,0.0100981704890728,0.9846450965851545,0.6425993311334788,506,37,457,rn1qkb1r/ppp2ppp/4pn2/3p1b2/3P4/3BPN2/PPP2PPP/RNBQK2R w KQkq -,MODEL_PREDICTION_NOT_EMPIRICAL
COL-01,B1,1700,maia3-79m,10,a2a3,a3,0.009094548411667347,0.9846450965851545,0.6425993311334788,503,37,460,rn1qkb1r/ppp2ppp/4pn2/3p1b2/3P4/3BPN2/PPP2PPP/RNBQK2R w KQkq -,MODEL_PREDICTION_NOT_EMPIRICAL
COL-01,B1,1900,maia3-79m,1,d3f5,Bxf5,0.5202398896217346,0.986421222332865,0.649451686524954,504,43,453,rn1qkb1r/ppp2ppp/4pn2/3p1b2/3P4/3BPN2/PPP2PPP/RNBQK2R w KQkq -,MODEL_PREDICTION_NOT_EMPIRICAL
COL-01,B1,1900,maia3-79m,2,e1g1,O-O,0.21546395123004913,0.986421222332865,0.649451686524954,497,46,457,rn1qkb1r/ppp2ppp/4pn2/3p1b2/3P4/3BPN2/PPP2PPP/RNBQK2R w KQkq -,MODEL_PREDICTION_NOT_EMPIRICAL
COL-01,B1,1900,maia3-79m,3,b1d2,Nbd2,0.05992045998573303,0.986421222332865,0.649451686524954,491,46,463,rn1qkb1r/ppp2ppp/4pn2/3p1b2/3P4/3BPN2/PPP2PPP/RNBQK2R w KQkq -,MODEL_PREDICTION_NOT_EMPIRICAL
COL-01,B1,1900,maia3-79m,4,c2c3,c3,0.05042306333780289,0.986421222332865,0.649451686524954,491,47,462,rn1qkb1r/ppp2ppp/4pn2/3p1b2/3P4/3BPN2/PPP2PPP/RNBQK2R w KQkq -,MODEL_PREDICTION_NOT_EMPIRICAL
COL-01,B1,1900,maia3-79m,5,d1e2,Qe2,0.04343267157673836,0.986421222332865,0.649451686524954,503,41,456,rn1qkb1r/ppp2ppp/4pn2/3p1b2/3P4/3BPN2/PPP2PPP/RNBQK2R w KQkq -,MODEL_PREDICTION_NOT_EMPIRICAL
COL-01,B1,1900,maia3-79m,6,b2b3,b3,0.03913896158337593,0.986421222332865,0.649451686524954,492,44,464,rn1qkb1r/ppp2ppp/4pn2/3p1b2/3P4/3BPN2/PPP2PPP/RNBQK2R w KQkq -,MODEL_PREDICTION_NOT_EMPIRICAL
COL-01,B1,1900,maia3-79m,7,c2c4,c4,0.01783020794391632,0.986421222332865,0.649451686524954,508,42,450,rn1qkb1r/ppp2ppp/4pn2/3p1b2/3P4/3BPN2/PPP2PPP/RNBQK2R w KQkq -,MODEL_PREDICTION_NOT_EMPIRICAL
COL-01,B1,1900,maia3-79m,8,b1c3,Nc3,0.016393782570958138,0.986421222332865,0.649451686524954,496,43,461,rn1qkb1r/ppp2ppp/4pn2/3p1b2/3P4/3BPN2/PPP2PPP/RNBQK2R w KQkq -,MODEL_PREDICTION_NOT_EMPIRICAL
COL-01,B1,1900,maia3-79m,9,f3e5,Ne5,0.015970919281244278,0.986421222332865,0.649451686524954,503,44,453,rn1qkb1r/ppp2ppp/4pn2/3p1b2/3P4/3BPN2/PPP2PPP/RNBQK2R w KQkq -,MODEL_PREDICTION_NOT_EMPIRICAL
COL-01,B1,1900,maia3-79m,10,a2a3,a3,0.0076073152013123035,0.986421222332865,0.649451686524954,496,45,459,rn1qkb1r/ppp2ppp/4pn2/3p1b2/3P4/3BPN2/PPP2PPP/RNBQK2R w KQkq -,MODEL_PREDICTION_NOT_EMPIRICAL
COL-01,B1,2100,maia3-79m,1,d3f5,Bxf5,0.46688392758369446,0.9920293684117496,0.6454234919224675,503,50,447,rn1qkb1r/ppp2ppp/4pn2/3p1b2/3P4/3BPN2/PPP2PPP/RNBQK2R w KQkq -,MODEL_PREDICTION_NOT_EMPIRICAL
COL-01,B1,2100,maia3-79m,2,e1g1,O-O,0.2998213469982147,0.9920293684117496,0.6454234919224675,488,57,455,rn1qkb1r/ppp2ppp/4pn2/3p1b2/3P4/3BPN2/PPP2PPP/RNBQK2R w KQkq -,MODEL_PREDICTION_NOT_EMPIRICAL
COL-01,B1,2100,maia3-79m,3,b1d2,Nbd2,0.052918680012226105,0.9920293684117496,0.6454234919224675,486,56,458,rn1qkb1r/ppp2ppp/4pn2/3p1b2/3P4/3BPN2/PPP2PPP/RNBQK2R w KQkq -,MODEL_PREDICTION_NOT_EMPIRICAL
COL-01,B1,2100,maia3-79m,4,b2b3,b3,0.04628193750977516,0.9920293684117496,0.6454234919224675,479,56,465,rn1qkb1r/ppp2ppp/4pn2/3p1b2/3P4/3BPN2/PPP2PPP/RNBQK2R w KQkq -,MODEL_PREDICTION_NOT_EMPIRICAL
COL-01,B1,2100,maia3-79m,5,f3e5,Ne5,0.030665794387459755,0.9920293684117496,0.6454234919224675,496,55,449,rn1qkb1r/ppp2ppp/4pn2/3p1b2/3P4/3BPN2/PPP2PPP/RNBQK2R w KQkq -,MODEL_PREDICTION_NOT_EMPIRICAL
COL-01,B1,2100,maia3-79m,6,d1e2,Qe2,0.029033459722995758,0.9920293684117496,0.6454234919224675,494,51,455,rn1qkb1r/ppp2ppp/4pn2/3p1b2/3P4/3BPN2/PPP2PPP/RNBQK2R w KQkq -,MODEL_PREDICTION_NOT_EMPIRICAL
COL-01,B1,2100,maia3-79m,7,c2c3,c3,0.026368441060185432,0.9920293684117496,0.6454234919224675,479,58,463,rn1qkb1r/ppp2ppp/4pn2/3p1b2/3P4/3BPN2/PPP2PPP/RNBQK2R w KQkq -,MODEL_PREDICTION_NOT_EMPIRICAL
COL-01,B1,2100,maia3-79m,8,c2c4,c4,0.02466520480811596,0.9920293684117496,0.6454234919224675,503,51,446,rn1qkb1r/ppp2ppp/4pn2/3p1b2/3P4/3BPN2/PPP2PPP/RNBQK2R w KQkq -,MODEL_PREDICTION_NOT_EMPIRICAL
COL-01,B1,2100,maia3-79m,9,b1c3,Nc3,0.008517452515661716,0.9920293684117496,0.6454234919224675,488,53,459,rn1qkb1r/ppp2ppp/4pn2/3p1b2/3P4/3BPN2/PPP2PPP/RNBQK2R w KQkq -,MODEL_PREDICTION_NOT_EMPIRICAL
COL-01,B1,2100,maia3-79m,10,h2h3,h3,0.006873123813420534,0.9920293684117496,0.6454234919224675,481,55,464,rn1qkb1r/ppp2ppp/4pn2/3p1b2/3P4/3BPN2/PPP2PPP/RNBQK2R w KQkq -,MODEL_PREDICTION_NOT_EMPIRICAL
COL-10,B1,1100,maia3-79m,1,b1d2,Nbd2,0.2247326374053955,0.9780841656029224,0.8902278180039641,532,25,443,r1bqkb1r/pp3ppp/2n1pn2/2pp4/3P4/1P2PN2/PBP2PPP/RN1QKB1R w KQkq -,MODEL_PREDICTION_NOT_EMPIRICAL
COL-10,B1,1100,maia3-79m,2,f1d3,Bd3,0.204361230134964,0.9780841656029224,0.8902278180039641,530,24,446,r1bqkb1r/pp3ppp/2n1pn2/2pp4/3P4/1P2PN2/PBP2PPP/RN1QKB1R w KQkq -,MODEL_PREDICTION_NOT_EMPIRICAL
COL-10,B1,1100,maia3-79m,3,f1b5,Bb5,0.14257356524467468,0.9780841656029224,0.8902278180039641,500,24,476,r1bqkb1r/pp3ppp/2n1pn2/2pp4/3P4/1P2PN2/PBP2PPP/RN1QKB1R w KQkq -,MODEL_PREDICTION_NOT_EMPIRICAL
COL-10,B1,1100,maia3-79m,4,a2a3,a3,0.11179974675178528,0.9780841656029224,0.8902278180039641,527,25,448,r1bqkb1r/pp3ppp/2n1pn2/2pp4/3P4/1P2PN2/PBP2PPP/RN1QKB1R w KQkq -,MODEL_PREDICTION_NOT_EMPIRICAL
COL-10,B1,1100,maia3-79m,5,d4c5,dxc5,0.07338231801986694,0.9780841656029224,0.8902278180039641,467,25,508,r1bqkb1r/pp3ppp/2n1pn2/2pp4/3P4/1P2PN2/PBP2PPP/RN1QKB1R w KQkq -,MODEL_PREDICTION_NOT_EMPIRICAL
COL-10,B1,1100,maia3-79m,6,c2c4,c4,0.07202696800231934,0.9780841656029224,0.8902278180039641,522,25,453,r1bqkb1r/pp3ppp/2n1pn2/2pp4/3P4/1P2PN2/PBP2PPP/RN1QKB1R w KQkq -,MODEL_PREDICTION_NOT_EMPIRICAL
COL-10,B1,1100,maia3-79m,7,c2c3,c3,0.053973905742168427,0.9780841656029224,0.8902278180039641,534,25,441,r1bqkb1r/pp3ppp/2n1pn2/2pp4/3P4/1P2PN2/PBP2PPP/RN1QKB1R w KQkq -,MODEL_PREDICTION_NOT_EMPIRICAL
COL-10,B1,1100,maia3-79m,8,b1c3,Nc3,0.03392774239182472,0.9780841656029224,0.8902278180039641,512,26,462,r1bqkb1r/pp3ppp/2n1pn2/2pp4/3P4/1P2PN2/PBP2PPP/RN1QKB1R w KQkq -,MODEL_PREDICTION_NOT_EMPIRICAL
COL-10,B1,1100,maia3-79m,9,f1e2,Be2,0.03133006766438484,0.9780841656029224,0.8902278180039641,528,25,447,r1bqkb1r/pp3ppp/2n1pn2/2pp4/3P4/1P2PN2/PBP2PPP/RN1QKB1R w KQkq -,MODEL_PREDICTION_NOT_EMPIRICAL
COL-10,B1,1100,maia3-79m,10,f3e5,Ne5,0.02997598424553871,0.9780841656029224,0.8902278180039641,508,26,466,r1bqkb1r/pp3ppp/2n1pn2/2pp4/3P4/1P2PN2/PBP2PPP/RN1QKB1R w KQkq -,MODEL_PREDICTION_NOT_EMPIRICAL
COL-10,B1,1300,maia3-79m,1,b1d2,Nbd2,0.2510354816913605,0.986993994563818,0.8567735273159757,531,25,444,r1bqkb1r/pp3ppp/2n1pn2/2pp4/3P4/1P2PN2/PBP2PPP/RN1QKB1R w KQkq -,MODEL_PREDICTION_NOT_EMPIRICAL
COL-10,B1,1300,maia3-79m,2,f1d3,Bd3,0.22167541086673737,0.986993994563818,0.8567735273159757,534,24,442,r1bqkb1r/pp3ppp/2n1pn2/2pp4/3P4/1P2PN2/PBP2PPP/RN1QKB1R w KQkq -,MODEL_PREDICTION_NOT_EMPIRICAL
COL-10,B1,1300,maia3-79m,3,a2a3,a3,0.15295319259166718,0.986993994563818,0.8567735273159757,525,25,450,r1bqkb1r/pp3ppp/2n1pn2/2pp4/3P4/1P2PN2/PBP2PPP/RN1QKB1R w KQkq -,MODEL_PREDICTION_NOT_EMPIRICAL
COL-10,B1,1300,maia3-79m,4,f1b5,Bb5,0.12462453544139862,0.986993994563818,0.8567735273159757,499,25,476,r1bqkb1r/pp3ppp/2n1pn2/2pp4/3P4/1P2PN2/PBP2PPP/RN1QKB1R w KQkq -,MODEL_PREDICTION_NOT_EMPIRICAL
COL-10,B1,1300,maia3-79m,5,c2c4,c4,0.0638241320848465,0.986993994563818,0.8567735273159757,517,25,458,r1bqkb1r/pp3ppp/2n1pn2/2pp4/3P4/1P2PN2/PBP2PPP/RN1QKB1R w KQkq -,MODEL_PREDICTION_NOT_EMPIRICAL
COL-10,B1,1300,maia3-79m,6,d4c5,dxc5,0.05179629474878311,0.986993994563818,0.8567735273159757,472,25,503,r1bqkb1r/pp3ppp/2n1pn2/2pp4/3P4/1P2PN2/PBP2PPP/RN1QKB1R w KQkq -,MODEL_PREDICTION_NOT_EMPIRICAL
COL-10,B1,1300,maia3-79m,7,c2c3,c3,0.04770979285240173,0.986993994563818,0.8567735273159757,533,25,442,r1bqkb1r/pp3ppp/2n1pn2/2pp4/3P4/1P2PN2/PBP2PPP/RN1QKB1R w KQkq -,MODEL_PREDICTION_NOT_EMPIRICAL
COL-10,B1,1300,maia3-79m,8,f1e2,Be2,0.030943555757403374,0.986993994563818,0.8567735273159757,529,25,446,r1bqkb1r/pp3ppp/2n1pn2/2pp4/3P4/1P2PN2/PBP2PPP/RN1QKB1R w KQkq -,MODEL_PREDICTION_NOT_EMPIRICAL
COL-10,B1,1300,maia3-79m,9,f3e5,Ne5,0.021725714206695557,0.986993994563818,0.8567735273159757,507,26,467,r1bqkb1r/pp3ppp/2n1pn2/2pp4/3P4/1P2PN2/PBP2PPP/RN1QKB1R w KQkq -,MODEL_PREDICTION_NOT_EMPIRICAL
COL-10,B1,1300,maia3-79m,10,b1c3,Nc3,0.02070588432252407,0.986993994563818,0.8567735273159757,510,26,464,r1bqkb1r/pp3ppp/2n1pn2/2pp4/3P4/1P2PN2/PBP2PPP/RN1QKB1R w KQkq -,MODEL_PREDICTION_NOT_EMPIRICAL
COL-10,B1,1500,maia3-79m,1,b1d2,Nbd2,0.28660231828689575,0.9907677583396435,0.8187689225664542,537,27,436,r1bqkb1r/pp3ppp/2n1pn2/2pp4/3P4/1P2PN2/PBP2PPP/RN1QKB1R w KQkq -,MODEL_PREDICTION_NOT_EMPIRICAL
COL-10,B1,1500,maia3-79m,2,f1d3,Bd3,0.22771918773651123,0.9907677583396435,0.8187689225664542,541,26,433,r1bqkb1r/pp3ppp/2n1pn2/2pp4/3P4/1P2PN2/PBP2PPP/RN1QKB1R w KQkq -,MODEL_PREDICTION_NOT_EMPIRICAL
COL-10,B1,1500,maia3-79m,3,a2a3,a3,0.184135302901268,0.9907677583396435,0.8187689225664542,527,27,446,r1bqkb1r/pp3ppp/2n1pn2/2pp4/3P4/1P2PN2/PBP2PPP/RN1QKB1R w KQkq -,MODEL_PREDICTION_NOT_EMPIRICAL
COL-10,B1,1500,maia3-79m,4,f1b5,Bb5,0.09162596613168716,0.9907677583396435,0.8187689225664542,507,27,466,r1bqkb1r/pp3ppp/2n1pn2/2pp4/3P4/1P2PN2/PBP2PPP/RN1QKB1R w KQkq -,MODEL_PREDICTION_NOT_EMPIRICAL
COL-10,B1,1500,maia3-79m,5,c2c4,c4,0.05365781486034393,0.9907677583396435,0.8187689225664542,519,28,453,r1bqkb1r/pp3ppp/2n1pn2/2pp4/3P4/1P2PN2/PBP2PPP/RN1QKB1R w KQkq -,MODEL_PREDICTION_NOT_EMPIRICAL
COL-10,B1,1500,maia3-79m,6,d4c5,dxc5,0.04312826320528984,0.9907677583396435,0.8187689225664542,478,28,494,r1bqkb1r/pp3ppp/2n1pn2/2pp4/3P4/1P2PN2/PBP2PPP/RN1QKB1R w KQkq -,MODEL_PREDICTION_NOT_EMPIRICAL
COL-10,B1,1500,maia3-79m,7,c2c3,c3,0.04215741157531738,0.9907677583396435,0.8187689225664542,537,27,436,r1bqkb1r/pp3ppp/2n1pn2/2pp4/3P4/1P2PN2/PBP2PPP/RN1QKB1R w KQkq -,MODEL_PREDICTION_NOT_EMPIRICAL
COL-10,B1,1500,maia3-79m,8,f1e2,Be2,0.033999230712652206,0.9907677583396435,0.8187689225664542,536,27,437,r1bqkb1r/pp3ppp/2n1pn2/2pp4/3P4/1P2PN2/PBP2PPP/RN1QKB1R w KQkq -,MODEL_PREDICTION_NOT_EMPIRICAL
COL-10,B1,1500,maia3-79m,9,f3e5,Ne5,0.014604155905544758,0.9907677583396435,0.8187689225664542,511,28,461,r1bqkb1r/pp3ppp/2n1pn2/2pp4/3P4/1P2PN2/PBP2PPP/RN1QKB1R w KQkq -,MODEL_PREDICTION_NOT_EMPIRICAL
COL-10,B1,1500,maia3-79m,10,b1c3,Nc3,0.013138107024133205,0.9907677583396435,0.8187689225664542,513,27,460,r1bqkb1r/pp3ppp/2n1pn2/2pp4/3P4/1P2PN2/PBP2PPP/RN1QKB1R w KQkq -,MODEL_PREDICTION_NOT_EMPIRICAL
COL-10,B1,1700,maia3-79m,1,b1d2,Nbd2,0.3244263231754303,0.992704420350492,0.7727023790586272,544,31,425,r1bqkb1r/pp3ppp/2n1pn2/2pp4/3P4/1P2PN2/PBP2PPP/RN1QKB1R w KQkq -,MODEL_PREDICTION_NOT_EMPIRICAL
COL-10,B1,1700,maia3-79m,2,f1d3,Bd3,0.24070721864700317,0.992704420350492,0.7727023790586272,550,29,421,r1bqkb1r/pp3ppp/2n1pn2/2pp4/3P4/1P2PN2/PBP2PPP/RN1QKB1R w KQkq -,MODEL_PREDICTION_NOT_EMPIRICAL
COL-10,B1,1700,maia3-79m,3,a2a3,a3,0.19680041074752808,0.992704420350492,0.7727023790586272,535,31,434,r1bqkb1r/pp3ppp/2n1pn2/2pp4/3P4/1P2PN2/PBP2PPP/RN1QKB1R w KQkq -,MODEL_PREDICTION_NOT_EMPIRICAL
COL-10,B1,1700,maia3-79m,4,f1b5,Bb5,0.06061726063489914,0.992704420350492,0.7727023790586272,520,31,449,r1bqkb1r/pp3ppp/2n1pn2/2pp4/3P4/1P2PN2/PBP2PPP/RN1QKB1R w KQkq -,MODEL_PREDICTION_NOT_EMPIRICAL
COL-10,B1,1700,maia3-79m,5,f1e2,Be2,0.041072290390729904,0.992704420350492,0.7727023790586272,543,31,426,r1bqkb1r/pp3ppp/2n1pn2/2pp4/3P4/1P2PN2/PBP2PPP/RN1QKB1R w KQkq -,MODEL_PREDICTION_NOT_EMPIRICAL
COL-10,B1,1700,maia3-79m,6,c2c4,c4,0.03966401889920235,0.992704420350492,0.7727023790586272,525,32,443,r1bqkb1r/pp3ppp/2n1pn2/2pp4/3P4/1P2PN2/PBP2PPP/RN1QKB1R w KQkq -,MODEL_PREDICTION_NOT_EMPIRICAL
COL-10,B1,1700,maia3-79m,7,d4c5,dxc5,0.03625405207276344,0.992704420350492,0.7727023790586272,484,32,484,r1bqkb1r/pp3ppp/2n1pn2/2pp4/3P4/1P2PN2/PBP2PPP/RN1QKB1R w KQkq -,MODEL_PREDICTION_NOT_EMPIRICAL
COL-10,B1,1700,maia3-79m,8,c2c3,c3,0.035451531410217285,0.992704420350492,0.7727023790586272,542,31,427,r1bqkb1r/pp3ppp/2n1pn2/2pp4/3P4/1P2PN2/PBP2PPP/RN1QKB1R w KQkq -,MODEL_PREDICTION_NOT_EMPIRICAL
COL-10,B1,1700,maia3-79m,9,f3e5,Ne5,0.009944576770067215,0.992704420350492,0.7727023790586272,517,32,451,r1bqkb1r/pp3ppp/2n1pn2/2pp4/3P4/1P2PN2/PBP2PPP/RN1QKB1R w KQkq -,MODEL_PREDICTION_NOT_EMPIRICAL
COL-10,B1,1700,maia3-79m,10,b1c3,Nc3,0.007766737602651119,0.992704420350492,0.7727023790586272,522,31,447,r1bqkb1r/pp3ppp/2n1pn2/2pp4/3P4/1P2PN2/PBP2PPP/RN1QKB1R w KQkq -,MODEL_PREDICTION_NOT_EMPIRICAL
COL-10,B1,1900,maia3-79m,1,b1d2,Nbd2,0.37904784083366394,0.9943720763549209,0.709210730733935,549,38,413,r1bqkb1r/pp3ppp/2n1pn2/2pp4/3P4/1P2PN2/PBP2PPP/RN1QKB1R w KQkq -,MODEL_PREDICTION_NOT_EMPIRICAL
COL-10,B1,1900,maia3-79m,2,f1d3,Bd3,0.2668333947658539,0.9943720763549209,0.709210730733935,552,35,413,r1bqkb1r/pp3ppp/2n1pn2/2pp4/3P4/1P2PN2/PBP2PPP/RN1QKB1R w KQkq -,MODEL_PREDICTION_NOT_EMPIRICAL
COL-10,B1,1900,maia3-79m,3,a2a3,a3,0.17433664202690125,0.9943720763549209,0.709210730733935,537,37,426,r1bqkb1r/pp3ppp/2n1pn2/2pp4/3P4/1P2PN2/PBP2PPP/RN1QKB1R w KQkq -,MODEL_PREDICTION_NOT_EMPIRICAL
COL-10,B1,1900,maia3-79m,4,f1e2,Be2,0.04961651936173439,0.9943720763549209,0.709210730733935,545,37,418,r1bqkb1r/pp3ppp/2n1pn2/2pp4/3P4/1P2PN2/PBP2PPP/RN1QKB1R w KQkq -,MODEL_PREDICTION_NOT_EMPIRICAL
COL-10,B1,1900,maia3-79m,5,f1b5,Bb5,0.039350345730781555,0.9943720763549209,0.709210730733935,528,38,434,r1bqkb1r/pp3ppp/2n1pn2/2pp4/3P4/1P2PN2/PBP2PPP/RN1QKB1R w KQkq -,MODEL_PREDICTION_NOT_EMPIRICAL
COL-10,B1,1900,maia3-79m,6,c2c4,c4,0.02524081990122795,0.9943720763549209,0.709210730733935,527,39,434,r1bqkb1r/pp3ppp/2n1pn2/2pp4/3P4/1P2PN2/PBP2PPP/RN1QKB1R w KQkq -,MODEL_PREDICTION_NOT_EMPIRICAL
COL-10,B1,1900,maia3-79m,7,d4c5,dxc5,0.025226043537259102,0.9943720763549209,0.709210730733935,489,39,472,r1bqkb1r/pp3ppp/2n1pn2/2pp4/3P4/1P2PN2/PBP2PPP/RN1QKB1R w KQkq -,MODEL_PREDICTION_NOT_EMPIRICAL
COL-10,B1,1900,maia3-79m,8,c2c3,c3,0.02311827428638935,0.9943720763549209,0.709210730733935,542,38,420,r1bqkb1r/pp3ppp/2n1pn2/2pp4/3P4/1P2PN2/PBP2PPP/RN1QKB1R w KQkq -,MODEL_PREDICTION_NOT_EMPIRICAL
COL-10,B1,1900,maia3-79m,9,f3e5,Ne5,0.007655873894691467,0.9943720763549209,0.709210730733935,522,39,439,r1bqkb1r/pp3ppp/2n1pn2/2pp4/3P4/1P2PN2/PBP2PPP/RN1QKB1R w KQkq -,MODEL_PREDICTION_NOT_EMPIRICAL
COL-10,B1,1900,maia3-79m,10,g2g3,g3,0.00394632201641798,0.9943720763549209,0.709210730733935,534,38,428,r1bqkb1r/pp3ppp/2n1pn2/2pp4/3P4/1P2PN2/PBP2PPP/RN1QKB1R w KQkq -,MODEL_PREDICTION_NOT_EMPIRICAL
COL-10,B1,2100,maia3-79m,1,b1d2,Nbd2,0.44204992055892944,0.9973988910205662,0.6363129112172397,546,47,407,r1bqkb1r/pp3ppp/2n1pn2/2pp4/3P4/1P2PN2/PBP2PPP/RN1QKB1R w KQkq -,MODEL_PREDICTION_NOT_EMPIRICAL
COL-10,B1,2100,maia3-79m,2,f1d3,Bd3,0.2941364347934723,0.9973988910205662,0.6363129112172397,545,45,410,r1bqkb1r/pp3ppp/2n1pn2/2pp4/3P4/1P2PN2/PBP2PPP/RN1QKB1R w KQkq -,MODEL_PREDICTION_NOT_EMPIRICAL
COL-10,B1,2100,maia3-79m,3,a2a3,a3,0.13047072291374207,0.9973988910205662,0.6363129112172397,532,46,422,r1bqkb1r/pp3ppp/2n1pn2/2pp4/3P4/1P2PN2/PBP2PPP/RN1QKB1R w KQkq -,MODEL_PREDICTION_NOT_EMPIRICAL
COL-10,B1,2100,maia3-79m,4,f1e2,Be2,0.054330743849277496,0.9973988910205662,0.6363129112172397,537,48,415,r1bqkb1r/pp3ppp/2n1pn2/2pp4/3P4/1P2PN2/PBP2PPP/RN1QKB1R w KQkq -,MODEL_PREDICTION_NOT_EMPIRICAL
COL-10,B1,2100,maia3-79m,5,f1b5,Bb5,0.026578472927212715,0.9973988910205662,0.6363129112172397,523,47,430,r1bqkb1r/pp3ppp/2n1pn2/2pp4/3P4/1P2PN2/PBP2PPP/RN1QKB1R w KQkq -,MODEL_PREDICTION_NOT_EMPIRICAL
COL-10,B1,2100,maia3-79m,6,d4c5,dxc5,0.014977291226387024,0.9973988910205662,0.6363129112172397,493,48,459,r1bqkb1r/pp3ppp/2n1pn2/2pp4/3P4/1P2PN2/PBP2PPP/RN1QKB1R w KQkq -,MODEL_PREDICTION_NOT_EMPIRICAL
COL-10,B1,2100,maia3-79m,7,c2c4,c4,0.014683317393064499,0.9973988910205662,0.6363129112172397,517,50,433,r1bqkb1r/pp3ppp/2n1pn2/2pp4/3P4/1P2PN2/PBP2PPP/RN1QKB1R w KQkq -,MODEL_PREDICTION_NOT_EMPIRICAL
COL-10,B1,2100,maia3-79m,8,c2c3,c3,0.009966718032956123,0.9973988910205662,0.6363129112172397,534,48,418,r1bqkb1r/pp3ppp/2n1pn2/2pp4/3P4/1P2PN2/PBP2PPP/RN1QKB1R w KQkq -,MODEL_PREDICTION_NOT_EMPIRICAL
COL-10,B1,2100,maia3-79m,9,f3e5,Ne5,0.006986655294895172,0.9973988910205662,0.6363129112172397,522,49,429,r1bqkb1r/pp3ppp/2n1pn2/2pp4/3P4/1P2PN2/PBP2PPP/RN1QKB1R w KQkq -,MODEL_PREDICTION_NOT_EMPIRICAL
COL-10,B1,2100,maia3-79m,10,g2g3,g3,0.0032186140306293964,0.9973988910205662,0.6363129112172397,531,49,420,r1bqkb1r/pp3ppp/2n1pn2/2pp4/3P4/1P2PN2/PBP2PPP/RN1QKB1R w KQkq -,MODEL_PREDICTION_NOT_EMPIRICAL
VER-01,B1,1100,maia3-79m,1,f1b5,Bb5+,0.3302895426750183,0.9122176039963961,0.7056642428760328,504,27,469,rnbqkb1r/pp3ppp/4pn2/2pp2B1/3P4/2N1P3/PPP2PPP/R2QKBNR w KQkq -,MODEL_PREDICTION_NOT_EMPIRICAL
VER-01,B1,1100,maia3-79m,2,g1f3,Nf3,0.2844120264053345,0.9122176039963961,0.7056642428760328,527,24,449,rnbqkb1r/pp3ppp/4pn2/2pp2B1/3P4/2N1P3/PPP2PPP/R2QKBNR w KQkq -,MODEL_PREDICTION_NOT_EMPIRICAL
VER-01,B1,1100,maia3-79m,3,g5f6,Bxf6,0.08949267864227295,0.9122176039963961,0.7056642428760328,496,27,477,rnbqkb1r/pp3ppp/4pn2/2pp2B1/3P4/2N1P3/PPP2PPP/R2QKBNR w KQkq -,MODEL_PREDICTION_NOT_EMPIRICAL
VER-01,B1,1100,maia3-79m,4,d4c5,dxc5,0.06869380921125412,0.9122176039963961,0.7056642428760328,479,23,498,rnbqkb1r/pp3ppp/4pn2/2pp2B1/3P4/2N1P3/PPP2PPP/R2QKBNR w KQkq -,MODEL_PREDICTION_NOT_EMPIRICAL
VER-01,B1,1100,maia3-79m,5,d1f3,Qf3,0.044636525213718414,0.9122176039963961,0.7056642428760328,508,21,471,rnbqkb1r/pp3ppp/4pn2/2pp2B1/3P4/2N1P3/PPP2PPP/R2QKBNR w KQkq -,MODEL_PREDICTION_NOT_EMPIRICAL
VER-01,B1,1100,maia3-79m,6,f1d3,Bd3,0.040215443819761276,0.9122176039963961,0.7056642428760328,501,23,476,rnbqkb1r/pp3ppp/4pn2/2pp2B1/3P4/2N1P3/PPP2PPP/R2QKBNR w KQkq -,MODEL_PREDICTION_NOT_EMPIRICAL
VER-01,B1,1100,maia3-79m,7,g5f4,Bf4,0.015841111540794373,0.9122176039963961,0.7056642428760328,505,24,471,rnbqkb1r/pp3ppp/4pn2/2pp2B1/3P4/2N1P3/PPP2PPP/R2QKBNR w KQkq -,MODEL_PREDICTION_NOT_EMPIRICAL
VER-01,B1,1100,maia3-79m,8,e3e4,e4,0.015391056425869465,0.9122176039963961,0.7056642428760328,539,21,440,rnbqkb1r/pp3ppp/4pn2/2pp2B1/3P4/2N1P3/PPP2PPP/R2QKBNR w KQkq -,MODEL_PREDICTION_NOT_EMPIRICAL
VER-01,B1,1100,maia3-79m,9,a2a3,a3,0.01259691547602415,0.9122176039963961,0.7056642428760328,517,24,459,rnbqkb1r/pp3ppp/4pn2/2pp2B1/3P4/2N1P3/PPP2PPP/R2QKBNR w KQkq -,MODEL_PREDICTION_NOT_EMPIRICAL
VER-01,B1,1100,maia3-79m,10,f2f4,f4,0.010648494586348534,0.9122176039963961,0.7056642428760328,506,24,470,rnbqkb1r/pp3ppp/4pn2/2pp2B1/3P4/2N1P3/PPP2PPP/R2QKBNR w KQkq -,MODEL_PREDICTION_NOT_EMPIRICAL
VER-01,B1,1300,maia3-79m,1,g1f3,Nf3,0.35057753324508667,0.9151118621230125,0.6878781268798038,521,25,454,rnbqkb1r/pp3ppp/4pn2/2pp2B1/3P4/2N1P3/PPP2PPP/R2QKBNR w KQkq -,MODEL_PREDICTION_NOT_EMPIRICAL
VER-01,B1,1300,maia3-79m,2,f1b5,Bb5+,0.30423054099082947,0.9151118621230125,0.6878781268798038,500,27,473,rnbqkb1r/pp3ppp/4pn2/2pp2B1/3P4/2N1P3/PPP2PPP/R2QKBNR w KQkq -,MODEL_PREDICTION_NOT_EMPIRICAL
VER-01,B1,1300,maia3-79m,3,g5f6,Bxf6,0.05537080019712448,0.9151118621230125,0.6878781268798038,502,27,471,rnbqkb1r/pp3ppp/4pn2/2pp2B1/3P4/2N1P3/PPP2PPP/R2QKBNR w KQkq -,MODEL_PREDICTION_NOT_EMPIRICAL
VER-01,B1,1300,maia3-79m,4,d4c5,dxc5,0.049690328538417816,0.9151118621230125,0.6878781268798038,479,23,498,rnbqkb1r/pp3ppp/4pn2/2pp2B1/3P4/2N1P3/PPP2PPP/R2QKBNR w KQkq -,MODEL_PREDICTION_NOT_EMPIRICAL
VER-01,B1,1300,maia3-79m,5,d1f3,Qf3,0.04605695232748985,0.9151118621230125,0.6878781268798038,493,22,485,rnbqkb1r/pp3ppp/4pn2/2pp2B1/3P4/2N1P3/PPP2PPP/R2QKBNR w KQkq -,MODEL_PREDICTION_NOT_EMPIRICAL
VER-01,B1,1300,maia3-79m,6,f1d3,Bd3,0.04470187425613403,0.9151118621230125,0.6878781268798038,499,23,478,rnbqkb1r/pp3ppp/4pn2/2pp2B1/3P4/2N1P3/PPP2PPP/R2QKBNR w KQkq -,MODEL_PREDICTION_NOT_EMPIRICAL
VER-01,B1,1300,maia3-79m,7,a2a3,a3,0.022523734718561172,0.9151118621230125,0.6878781268798038,515,25,460,rnbqkb1r/pp3ppp/4pn2/2pp2B1/3P4/2N1P3/PPP2PPP/R2QKBNR w KQkq -,MODEL_PREDICTION_NOT_EMPIRICAL
VER-01,B1,1300,maia3-79m,8,g5f4,Bf4,0.01568554900586605,0.9151118621230125,0.6878781268798038,503,24,473,rnbqkb1r/pp3ppp/4pn2/2pp2B1/3P4/2N1P3/PPP2PPP/R2QKBNR w KQkq -,MODEL_PREDICTION_NOT_EMPIRICAL
VER-01,B1,1300,maia3-79m,9,e3e4,e4,0.014319605194032192,0.9151118621230125,0.6878781268798038,530,21,449,rnbqkb1r/pp3ppp/4pn2/2pp2B1/3P4/2N1P3/PPP2PPP/R2QKBNR w KQkq -,MODEL_PREDICTION_NOT_EMPIRICAL
VER-01,B1,1300,maia3-79m,10,d1d2,Qd2,0.011954943649470806,0.9151118621230125,0.6878781268798038,494,22,484,rnbqkb1r/pp3ppp/4pn2/2pp2B1/3P4/2N1P3/PPP2PPP/R2QKBNR w KQkq -,MODEL_PREDICTION_NOT_EMPIRICAL
VER-01,B1,1500,maia3-79m,1,g1f3,Nf3,0.39264053106307983,0.9169125650078058,0.6788432419031178,517,27,456,rnbqkb1r/pp3ppp/4pn2/2pp2B1/3P4/2N1P3/PPP2PPP/R2QKBNR w KQkq -,MODEL_PREDICTION_NOT_EMPIRICAL
VER-01,B1,1500,maia3-79m,2,f1b5,Bb5+,0.2739546597003937,0.9169125650078058,0.6788432419031178,506,29,465,rnbqkb1r/pp3ppp/4pn2/2pp2B1/3P4/2N1P3/PPP2PPP/R2QKBNR w KQkq -,MODEL_PREDICTION_NOT_EMPIRICAL
VER-01,B1,1500,maia3-79m,3,d4c5,dxc5,0.04866648092865944,0.9169125650078058,0.6788432419031178,478,26,496,rnbqkb1r/pp3ppp/4pn2/2pp2B1/3P4/2N1P3/PPP2PPP/R2QKBNR w KQkq -,MODEL_PREDICTION_NOT_EMPIRICAL
VER-01,B1,1500,maia3-79m,4,f1d3,Bd3,0.04311463236808777,0.9169125650078058,0.6788432419031178,505,25,470,rnbqkb1r/pp3ppp/4pn2/2pp2B1/3P4/2N1P3/PPP2PPP/R2QKBNR w KQkq -,MODEL_PREDICTION_NOT_EMPIRICAL
VER-01,B1,1500,maia3-79m,5,d1f3,Qf3,0.0408075787127018,0.9169125650078058,0.6788432419031178,487,24,489,rnbqkb1r/pp3ppp/4pn2/2pp2B1/3P4/2N1P3/PPP2PPP/R2QKBNR w KQkq -,MODEL_PREDICTION_NOT_EMPIRICAL
VER-01,B1,1500,maia3-79m,6,g5f6,Bxf6,0.03945780172944069,0.9169125650078058,0.6788432419031178,504,29,467,rnbqkb1r/pp3ppp/4pn2/2pp2B1/3P4/2N1P3/PPP2PPP/R2QKBNR w KQkq -,MODEL_PREDICTION_NOT_EMPIRICAL
VER-01,B1,1500,maia3-79m,7,a2a3,a3,0.03511625528335571,0.9169125650078058,0.6788432419031178,516,26,458,rnbqkb1r/pp3ppp/4pn2/2pp2B1/3P4/2N1P3/PPP2PPP/R2QKBNR w KQkq -,MODEL_PREDICTION_NOT_EMPIRICAL
VER-01,B1,1500,maia3-79m,8,f1e2,Be2,0.015215501189231873,0.9169125650078058,0.6788432419031178,497,26,477,rnbqkb1r/pp3ppp/4pn2/2pp2B1/3P4/2N1P3/PPP2PPP/R2QKBNR w KQkq -,MODEL_PREDICTION_NOT_EMPIRICAL
VER-01,B1,1500,maia3-79m,9,d1d2,Qd2,0.014737331308424473,0.9169125650078058,0.6788432419031178,497,24,479,rnbqkb1r/pp3ppp/4pn2/2pp2B1/3P4/2N1P3/PPP2PPP/R2QKBNR w KQkq -,MODEL_PREDICTION_NOT_EMPIRICAL
VER-01,B1,1500,maia3-79m,10,g5f4,Bf4,0.013201792724430561,0.9169125650078058,0.6788432419031178,505,26,469,rnbqkb1r/pp3ppp/4pn2/2pp2B1/3P4/2N1P3/PPP2PPP/R2QKBNR w KQkq -,MODEL_PREDICTION_NOT_EMPIRICAL
VER-01,B1,1700,maia3-79m,1,g1f3,Nf3,0.42826786637306213,0.921748623251915,0.673765640308802,514,32,454,rnbqkb1r/pp3ppp/4pn2/2pp2B1/3P4/2N1P3/PPP2PPP/R2QKBNR w KQkq -,MODEL_PREDICTION_NOT_EMPIRICAL
VER-01,B1,1700,maia3-79m,2,f1b5,Bb5+,0.24130560457706451,0.921748623251915,0.673765640308802,509,33,458,rnbqkb1r/pp3ppp/4pn2/2pp2B1/3P4/2N1P3/PPP2PPP/R2QKBNR w KQkq -,MODEL_PREDICTION_NOT_EMPIRICAL
VER-01,B1,1700,maia3-79m,3,d4c5,dxc5,0.057416096329689026,0.921748623251915,0.673765640308802,480,29,491,rnbqkb1r/pp3ppp/4pn2/2pp2B1/3P4/2N1P3/PPP2PPP/R2QKBNR w KQkq -,MODEL_PREDICTION_NOT_EMPIRICAL
VER-01,B1,1700,maia3-79m,4,a2a3,a3,0.0438634492456913,0.921748623251915,0.673765640308802,514,30,456,rnbqkb1r/pp3ppp/4pn2/2pp2B1/3P4/2N1P3/PPP2PPP/R2QKBNR w KQkq -,MODEL_PREDICTION_NOT_EMPIRICAL
VER-01,B1,1700,maia3-79m,5,f1d3,Bd3,0.03860723599791527,0.921748623251915,0.673765640308802,517,28,455,rnbqkb1r/pp3ppp/4pn2/2pp2B1/3P4/2N1P3/PPP2PPP/R2QKBNR w KQkq -,MODEL_PREDICTION_NOT_EMPIRICAL
VER-01,B1,1700,maia3-79m,6,g5f6,Bxf6,0.0343727171421051,0.921748623251915,0.673765640308802,506,33,461,rnbqkb1r/pp3ppp/4pn2/2pp2B1/3P4/2N1P3/PPP2PPP/R2QKBNR w KQkq -,MODEL_PREDICTION_NOT_EMPIRICAL
VER-01,B1,1700,maia3-79m,7,d1f3,Qf3,0.02979099750518799,0.921748623251915,0.673765640308802,486,27,487,rnbqkb1r/pp3ppp/4pn2/2pp2B1/3P4/2N1P3/PPP2PPP/R2QKBNR w KQkq -,MODEL_PREDICTION_NOT_EMPIRICAL
VER-01,B1,1700,maia3-79m,8,d1d2,Qd2,0.019637014716863632,0.921748623251915,0.673765640308802,503,28,469,rnbqkb1r/pp3ppp/4pn2/2pp2B1/3P4/2N1P3/PPP2PPP/R2QKBNR w KQkq -,MODEL_PREDICTION_NOT_EMPIRICAL
VER-01,B1,1700,maia3-79m,9,f1e2,Be2,0.016907447949051857,0.921748623251915,0.673765640308802,504,30,466,rnbqkb1r/pp3ppp/4pn2/2pp2B1/3P4/2N1P3/PPP2PPP/R2QKBNR w KQkq -,MODEL_PREDICTION_NOT_EMPIRICAL
VER-01,B1,1700,maia3-79m,10,h2h3,h3,0.011580193415284157,0.921748623251915,0.673765640308802,508,30,462,rnbqkb1r/pp3ppp/4pn2/2pp2B1/3P4/2N1P3/PPP2PPP/R2QKBNR w KQkq -,MODEL_PREDICTION_NOT_EMPIRICAL
VER-01,B1,1900,maia3-79m,1,g1f3,Nf3,0.47690558433532715,0.9350381791591644,0.6657345331200332,509,38,453,rnbqkb1r/pp3ppp/4pn2/2pp2B1/3P4/2N1P3/PPP2PPP/R2QKBNR w KQkq -,MODEL_PREDICTION_NOT_EMPIRICAL
VER-01,B1,1900,maia3-79m,2,f1b5,Bb5+,0.20344574749469757,0.9350381791591644,0.6657345331200332,511,40,449,rnbqkb1r/pp3ppp/4pn2/2pp2B1/3P4/2N1P3/PPP2PPP/R2QKBNR w KQkq -,MODEL_PREDICTION_NOT_EMPIRICAL
VER-01,B1,1900,maia3-79m,3,d4c5,dxc5,0.059462305158376694,0.9350381791591644,0.6657345331200332,482,35,483,rnbqkb1r/pp3ppp/4pn2/2pp2B1/3P4/2N1P3/PPP2PPP/R2QKBNR w KQkq -,MODEL_PREDICTION_NOT_EMPIRICAL
VER-01,B1,1900,maia3-79m,4,a2a3,a3,0.042709581553936005,0.9350381791591644,0.6657345331200332,509,36,455,rnbqkb1r/pp3ppp/4pn2/2pp2B1/3P4/2N1P3/PPP2PPP/R2QKBNR w KQkq -,MODEL_PREDICTION_NOT_EMPIRICAL
VER-01,B1,1900,maia3-79m,5,g5f6,Bxf6,0.03539654612541199,0.9350381791591644,0.6657345331200332,510,38,452,rnbqkb1r/pp3ppp/4pn2/2pp2B1/3P4/2N1P3/PPP2PPP/R2QKBNR w KQkq -,MODEL_PREDICTION_NOT_EMPIRICAL
VER-01,B1,1900,maia3-79m,6,f1d3,Bd3,0.03410590812563896,0.9350381791591644,0.6657345331200332,521,34,445,rnbqkb1r/pp3ppp/4pn2/2pp2B1/3P4/2N1P3/PPP2PPP/R2QKBNR w KQkq -,MODEL_PREDICTION_NOT_EMPIRICAL
VER-01,B1,1900,maia3-79m,7,d1d2,Qd2,0.027983304113149643,0.9350381791591644,0.6657345331200332,504,33,463,rnbqkb1r/pp3ppp/4pn2/2pp2B1/3P4/2N1P3/PPP2PPP/R2QKBNR w KQkq -,MODEL_PREDICTION_NOT_EMPIRICAL
VER-01,B1,1900,maia3-79m,8,f2f4,f4,0.0205784123390913,0.9350381791591644,0.6657345331200332,501,33,466,rnbqkb1r/pp3ppp/4pn2/2pp2B1/3P4/2N1P3/PPP2PPP/R2QKBNR w KQkq -,MODEL_PREDICTION_NOT_EMPIRICAL
VER-01,B1,1900,maia3-79m,9,d1f3,Qf3,0.018253348767757416,0.9350381791591644,0.6657345331200332,487,31,482,rnbqkb1r/pp3ppp/4pn2/2pp2B1/3P4/2N1P3/PPP2PPP/R2QKBNR w KQkq -,MODEL_PREDICTION_NOT_EMPIRICAL
VER-01,B1,1900,maia3-79m,10,f2f3,f3,0.016197441145777702,0.9350381791591644,0.6657345331200332,491,34,475,rnbqkb1r/pp3ppp/4pn2/2pp2B1/3P4/2N1P3/PPP2PPP/R2QKBNR w KQkq -,MODEL_PREDICTION_NOT_EMPIRICAL
VER-01,B1,2100,maia3-79m,1,g1f3,Nf3,0.5484567284584045,0.9544307896867394,0.6426456118699394,496,47,457,rnbqkb1r/pp3ppp/4pn2/2pp2B1/3P4/2N1P3/PPP2PPP/R2QKBNR w KQkq -,MODEL_PREDICTION_NOT_EMPIRICAL
VER-01,B1,2100,maia3-79m,2,f1b5,Bb5+,0.14975881576538086,0.9544307896867394,0.6426456118699394,507,49,444,rnbqkb1r/pp3ppp/4pn2/2pp2B1/3P4/2N1P3/PPP2PPP/R2QKBNR w KQkq -,MODEL_PREDICTION_NOT_EMPIRICAL
VER-01,B1,2100,maia3-79m,3,d4c5,dxc5,0.04786834493279457,0.9544307896867394,0.6426456118699394,483,45,472,rnbqkb1r/pp3ppp/4pn2/2pp2B1/3P4/2N1P3/PPP2PPP/R2QKBNR w KQkq -,MODEL_PREDICTION_NOT_EMPIRICAL
VER-01,B1,2100,maia3-79m,4,d1d2,Qd2,0.0472184382379055,0.9544307896867394,0.6426456118699394,499,41,460,rnbqkb1r/pp3ppp/4pn2/2pp2B1/3P4/2N1P3/PPP2PPP/R2QKBNR w KQkq -,MODEL_PREDICTION_NOT_EMPIRICAL
VER-01,B1,2100,maia3-79m,5,f2f4,f4,0.03650832921266556,0.9544307896867394,0.6426456118699394,491,41,468,rnbqkb1r/pp3ppp/4pn2/2pp2B1/3P4/2N1P3/PPP2PPP/R2QKBNR w KQkq -,MODEL_PREDICTION_NOT_EMPIRICAL
VER-01,B1,2100,maia3-79m,6,g5f6,Bxf6,0.032908689230680466,0.9544307896867394,0.6426456118699394,513,45,442,rnbqkb1r/pp3ppp/4pn2/2pp2B1/3P4/2N1P3/PPP2PPP/R2QKBNR w KQkq -,MODEL_PREDICTION_NOT_EMPIRICAL
VER-01,B1,2100,maia3-79m,7,a2a3,a3,0.029689496383070946,0.9544307896867394,0.6426456118699394,498,45,457,rnbqkb1r/pp3ppp/4pn2/2pp2B1/3P4/2N1P3/PPP2PPP/R2QKBNR w KQkq -,MODEL_PREDICTION_NOT_EMPIRICAL
VER-01,B1,2100,maia3-79m,8,f1d3,Bd3,0.02710818313062191,0.9544307896867394,0.6426456118699394,513,42,445,rnbqkb1r/pp3ppp/4pn2/2pp2B1/3P4/2N1P3/PPP2PPP/R2QKBNR w KQkq -,MODEL_PREDICTION_NOT_EMPIRICAL
VER-01,B1,2100,maia3-79m,9,f2f3,f3,0.020193561911582947,0.9544307896867394,0.6426456118699394,480,42,478,rnbqkb1r/pp3ppp/4pn2/2pp2B1/3P4/2N1P3/PPP2PPP/R2QKBNR w KQkq -,MODEL_PREDICTION_NOT_EMPIRICAL
VER-01,B1,2100,maia3-79m,10,d1f3,Qf3,0.014720202423632145,0.9544307896867394,0.6426456118699394,478,38,484,rnbqkb1r/pp3ppp/4pn2/2pp2B1/3P4/2N1P3/PPP2PPP/R2QKBNR w KQkq -,MODEL_PREDICTION_NOT_EMPIRICAL
LON-02,B2,1100,maia3-79m,1,c2f5,Qxf5,0.39537176489830017,0.9921846452634782,0.6363992980147265,418,19,563,r3kb1r/pp2pppp/1qn2n2/3p1b2/2pP1B2/2P1PN2/PPQ2PPP/RN2KB1R w KQkq -,MODEL_PREDICTION_NOT_EMPIRICAL
LON-02,B2,1100,maia3-79m,2,c2d2,Qd2,0.2728852331638336,0.9921846452634782,0.6363992980147265,348,24,628,r3kb1r/pp2pppp/1qn2n2/3p1b2/2pP1B2/2P1PN2/PPQ2PPP/RN2KB1R w KQkq -,MODEL_PREDICTION_NOT_EMPIRICAL
LON-02,B2,1100,maia3-79m,3,c2c1,Qc1,0.22245369851589203,0.9921846452634782,0.6363992980147265,473,21,506,r3kb1r/pp2pppp/1qn2n2/3p1b2/2pP1B2/2P1PN2/PPQ2PPP/RN2KB1R w KQkq -,MODEL_PREDICTION_NOT_EMPIRICAL
LON-02,B2,1100,maia3-79m,4,c2e2,Qe2,0.0332532599568367,0.9921846452634782,0.6363992980147265,346,23,631,r3kb1r/pp2pppp/1qn2n2/3p1b2/2pP1B2/2P1PN2/PPQ2PPP/RN2KB1R w KQkq -,MODEL_PREDICTION_NOT_EMPIRICAL
LON-02,B2,1100,maia3-79m,5,c2d1,Qd1,0.016994213685393333,0.9921846452634782,0.6363992980147265,245,15,740,r3kb1r/pp2pppp/1qn2n2/3p1b2/2pP1B2/2P1PN2/PPQ2PPP/RN2KB1R w KQkq -,MODEL_PREDICTION_NOT_EMPIRICAL
LON-02,B2,1100,maia3-79m,6,f1d3,Bd3,0.016497673466801643,0.9921846452634782,0.6363992980147265,140,12,848,r3kb1r/pp2pppp/1qn2n2/3p1b2/2pP1B2/2P1PN2/PPQ2PPP/RN2KB1R w KQkq -,MODEL_PREDICTION_NOT_EMPIRICAL
LON-02,B2,1100,maia3-79m,7,c2a4,Qa4,0.014139092527329922,0.9921846452634782,0.6363992980147265,276,14,710,r3kb1r/pp2pppp/1qn2n2/3p1b2/2pP1B2/2P1PN2/PPQ2PPP/RN2KB1R w KQkq -,MODEL_PREDICTION_NOT_EMPIRICAL
LON-02,B2,1100,maia3-79m,8,e3e4,e4,0.011787432245910168,0.9921846452634782,0.6363992980147265,238,14,748,r3kb1r/pp2pppp/1qn2n2/3p1b2/2pP1B2/2P1PN2/PPQ2PPP/RN2KB1R w KQkq -,MODEL_PREDICTION_NOT_EMPIRICAL
LON-02,B2,1100,maia3-79m,9,b1d2,Nbd2,0.006171447690576315,0.9921846452634782,0.6363992980147265,36,4,960,r3kb1r/pp2pppp/1qn2n2/3p1b2/2pP1B2/2P1PN2/PPQ2PPP/RN2KB1R w KQkq -,MODEL_PREDICTION_NOT_EMPIRICAL
LON-02,B2,1100,maia3-79m,10,f3e5,Ne5,0.0026308291126042604,0.9921846452634782,0.6363992980147265,22,3,975,r3kb1r/pp2pppp/1qn2n2/3p1b2/2pP1B2/2P1PN2/PPQ2PPP/RN2KB1R w KQkq -,MODEL_PREDICTION_NOT_EMPIRICAL
LON-02,B2,1300,maia3-79m,1,c2c1,Qc1,0.3170020878314972,0.9959251777036116,0.6023796568368135,466,24,510,r3kb1r/pp2pppp/1qn2n2/3p1b2/2pP1B2/2P1PN2/PPQ2PPP/RN2KB1R w KQkq -,MODEL_PREDICTION_NOT_EMPIRICAL
LON-02,B2,1300,maia3-79m,2,c2d2,Qd2,0.3150431215763092,0.9959251777036116,0.6023796568368135,307,26,667,r3kb1r/pp2pppp/1qn2n2/3p1b2/2pP1B2/2P1PN2/PPQ2PPP/RN2KB1R w KQkq -,MODEL_PREDICTION_NOT_EMPIRICAL
LON-02,B2,1300,maia3-79m,3,c2f5,Qxf5,0.2948450744152069,0.9959251777036116,0.6023796568368135,403,20,577,r3kb1r/pp2pppp/1qn2n2/3p1b2/2pP1B2/2P1PN2/PPQ2PPP/RN2KB1R w KQkq -,MODEL_PREDICTION_NOT_EMPIRICAL
LON-02,B2,1300,maia3-79m,4,c2e2,Qe2,0.025248445570468903,0.9959251777036116,0.6023796568368135,305,27,668,r3kb1r/pp2pppp/1qn2n2/3p1b2/2pP1B2/2P1PN2/PPQ2PPP/RN2KB1R w KQkq -,MODEL_PREDICTION_NOT_EMPIRICAL
LON-02,B2,1300,maia3-79m,5,c2d1,Qd1,0.016477618366479874,0.9959251777036116,0.6023796568368135,214,15,771,r3kb1r/pp2pppp/1qn2n2/3p1b2/2pP1B2/2P1PN2/PPQ2PPP/RN2KB1R w KQkq -,MODEL_PREDICTION_NOT_EMPIRICAL
LON-02,B2,1300,maia3-79m,6,c2a4,Qa4,0.010228668339550495,0.9959251777036116,0.6023796568368135,233,13,754,r3kb1r/pp2pppp/1qn2n2/3p1b2/2pP1B2/2P1PN2/PPQ2PPP/RN2KB1R w KQkq -,MODEL_PREDICTION_NOT_EMPIRICAL
LON-02,B2,1300,maia3-79m,7,f1d3,Bd3,0.005895988084375858,0.9959251777036116,0.6023796568368135,119,10,871,r3kb1r/pp2pppp/1qn2n2/3p1b2/2pP1B2/2P1PN2/PPQ2PPP/RN2KB1R w KQkq -,MODEL_PREDICTION_NOT_EMPIRICAL
LON-02,B2,1300,maia3-79m,8,e3e4,e4,0.005465861409902573,0.9959251777036116,0.6023796568368135,209,13,778,r3kb1r/pp2pppp/1qn2n2/3p1b2/2pP1B2/2P1PN2/PPQ2PPP/RN2KB1R w KQkq -,MODEL_PREDICTION_NOT_EMPIRICAL
LON-02,B2,1300,maia3-79m,9,b1d2,Nbd2,0.0043264999985694885,0.9959251777036116,0.6023796568368135,24,3,973,r3kb1r/pp2pppp/1qn2n2/3p1b2/2pP1B2/2P1PN2/PPQ2PPP/RN2KB1R w KQkq -,MODEL_PREDICTION_NOT_EMPIRICAL
LON-02,B2,1300,maia3-79m,10,b2b3,b3,0.0013918121112510562,0.9959251777036116,0.6023796568368135,27,3,970,r3kb1r/pp2pppp/1qn2n2/3p1b2/2pP1B2/2P1PN2/PPQ2PPP/RN2KB1R w KQkq -,MODEL_PREDICTION_NOT_EMPIRICAL
LON-02,B2,1500,maia3-79m,1,c2c1,Qc1,0.4356054663658142,0.9975940230069682,0.5519420627100263,462,28,510,r3kb1r/pp2pppp/1qn2n2/3p1b2/2pP1B2/2P1PN2/PPQ2PPP/RN2KB1R w KQkq -,MODEL_PREDICTION_NOT_EMPIRICAL
LON-02,B2,1500,maia3-79m,2,c2d2,Qd2,0.28344741463661194,0.9975940230069682,0.5519420627100263,297,27,676,r3kb1r/pp2pppp/1qn2n2/3p1b2/2pP1B2/2P1PN2/PPQ2PPP/RN2KB1R w KQkq -,MODEL_PREDICTION_NOT_EMPIRICAL
LON-02,B2,1500,maia3-79m,3,c2f5,Qxf5,0.2332669049501419,0.9975940230069682,0.5519420627100263,387,20,593,r3kb1r/pp2pppp/1qn2n2/3p1b2/2pP1B2/2P1PN2/PPQ2PPP/RN2KB1R w KQkq -,MODEL_PREDICTION_NOT_EMPIRICAL
LON-02,B2,1500,maia3-79m,4,c2e2,Qe2,0.01718207634985447,0.9975940230069682,0.5519420627100263,288,30,682,r3kb1r/pp2pppp/1qn2n2/3p1b2/2pP1B2/2P1PN2/PPQ2PPP/RN2KB1R w KQkq -,MODEL_PREDICTION_NOT_EMPIRICAL
LON-02,B2,1500,maia3-79m,5,c2d1,Qd1,0.012156039476394653,0.9975940230069682,0.5519420627100263,199,16,785,r3kb1r/pp2pppp/1qn2n2/3p1b2/2pP1B2/2P1PN2/PPQ2PPP/RN2KB1R w KQkq -,MODEL_PREDICTION_NOT_EMPIRICAL
LON-02,B2,1500,maia3-79m,6,c2a4,Qa4,0.006796171888709068,0.9975940230069682,0.5519420627100263,209,14,777,r3kb1r/pp2pppp/1qn2n2/3p1b2/2pP1B2/2P1PN2/PPQ2PPP/RN2KB1R w KQkq -,MODEL_PREDICTION_NOT_EMPIRICAL
LON-02,B2,1500,maia3-79m,7,b1d2,Nbd2,0.0033494431991130114,0.9975940230069682,0.5519420627100263,19,3,978,r3kb1r/pp2pppp/1qn2n2/3p1b2/2pP1B2/2P1PN2/PPQ2PPP/RN2KB1R w KQkq -,MODEL_PREDICTION_NOT_EMPIRICAL
LON-02,B2,1500,maia3-79m,8,e3e4,e4,0.002861675573512912,0.9975940230069682,0.5519420627100263,196,13,791,r3kb1r/pp2pppp/1qn2n2/3p1b2/2pP1B2/2P1PN2/PPQ2PPP/RN2KB1R w KQkq -,MODEL_PREDICTION_NOT_EMPIRICAL
LON-02,B2,1500,maia3-79m,9,f1d3,Bd3,0.002122975420206785,0.9975940230069682,0.5519420627100263,100,9,891,r3kb1r/pp2pppp/1qn2n2/3p1b2/2pP1B2/2P1PN2/PPQ2PPP/RN2KB1R w KQkq -,MODEL_PREDICTION_NOT_EMPIRICAL
LON-02,B2,1500,maia3-79m,10,b2b3,b3,0.0008058551466092467,0.9975940230069682,0.5519420627100263,20,2,978,r3kb1r/pp2pppp/1qn2n2/3p1b2/2pP1B2/2P1PN2/PPQ2PPP/RN2KB1R w KQkq -,MODEL_PREDICTION_NOT_EMPIRICAL
LON-02,B2,1700,maia3-79m,1,c2c1,Qc1,0.5865032076835632,0.9984201484185178,0.46995921168558435,468,32,500,r3kb1r/pp2pppp/1qn2n2/3p1b2/2pP1B2/2P1PN2/PPQ2PPP/RN2KB1R w KQkq -,MODEL_PREDICTION_NOT_EMPIRICAL
LON-02,B2,1700,maia3-79m,2,c2d2,Qd2,0.1966894268989563,0.9984201484185178,0.46995921168558435,307,31,662,r3kb1r/pp2pppp/1qn2n2/3p1b2/2pP1B2/2P1PN2/PPQ2PPP/RN2KB1R w KQkq -,MODEL_PREDICTION_NOT_EMPIRICAL
LON-02,B2,1700,maia3-79m,3,c2f5,Qxf5,0.18969090282917023,0.9984201484185178,0.46995921168558435,390,21,589,r3kb1r/pp2pppp/1qn2n2/3p1b2/2pP1B2/2P1PN2/PPQ2PPP/RN2KB1R w KQkq -,MODEL_PREDICTION_NOT_EMPIRICAL
LON-02,B2,1700,maia3-79m,4,c2e2,Qe2,0.009627961553633213,0.9984201484185178,0.46995921168558435,287,31,682,r3kb1r/pp2pppp/1qn2n2/3p1b2/2pP1B2/2P1PN2/PPQ2PPP/RN2KB1R w KQkq -,MODEL_PREDICTION_NOT_EMPIRICAL
LON-02,B2,1700,maia3-79m,5,c2d1,Qd1,0.006957800593227148,0.9984201484185178,0.46995921168558435,197,18,785,r3kb1r/pp2pppp/1qn2n2/3p1b2/2pP1B2/2P1PN2/PPQ2PPP/RN2KB1R w KQkq -,MODEL_PREDICTION_NOT_EMPIRICAL
LON-02,B2,1700,maia3-79m,6,c2a4,Qa4,0.0037194150499999523,0.9984201484185178,0.46995921168558435,208,16,776,r3kb1r/pp2pppp/1qn2n2/3p1b2/2pP1B2/2P1PN2/PPQ2PPP/RN2KB1R w KQkq -,MODEL_PREDICTION_NOT_EMPIRICAL
LON-02,B2,1700,maia3-79m,7,b1d2,Nbd2,0.0022940475028008223,0.9984201484185178,0.46995921168558435,16,3,981,r3kb1r/pp2pppp/1qn2n2/3p1b2/2pP1B2/2P1PN2/PPQ2PPP/RN2KB1R w KQkq -,MODEL_PREDICTION_NOT_EMPIRICAL
LON-02,B2,1700,maia3-79m,8,e3e4,e4,0.001639972673729062,0.9984201484185178,0.46995921168558435,192,14,794,r3kb1r/pp2pppp/1qn2n2/3p1b2/2pP1B2/2P1PN2/PPQ2PPP/RN2KB1R w KQkq -,MODEL_PREDICTION_NOT_EMPIRICAL
LON-02,B2,1700,maia3-79m,9,f1d3,Bd3,0.0008437582873739302,0.9984201484185178,0.46995921168558435,79,8,913,r3kb1r/pp2pppp/1qn2n2/3p1b2/2pP1B2/2P1PN2/PPQ2PPP/RN2KB1R w KQkq -,MODEL_PREDICTION_NOT_EMPIRICAL
LON-02,B2,1700,maia3-79m,10,f1e2,Be2,0.000453655346063897,0.9984201484185178,0.46995921168558435,13,2,985,r3kb1r/pp2pppp/1qn2n2/3p1b2/2pP1B2/2P1PN2/PPQ2PPP/RN2KB1R w KQkq -,MODEL_PREDICTION_NOT_EMPIRICAL
LON-02,B2,1900,maia3-79m,1,c2c1,Qc1,0.756840169429779,0.9990414760832209,0.33515346615324454,472,39,489,r3kb1r/pp2pppp/1qn2n2/3p1b2/2pP1B2/2P1PN2/PPQ2PPP/RN2KB1R w KQkq -,MODEL_PREDICTION_NOT_EMPIRICAL
LON-02,B2,1900,maia3-79m,2,c2f5,Qxf5,0.14417709410190582,0.9990414760832209,0.33515346615324454,409,25,566,r3kb1r/pp2pppp/1qn2n2/3p1b2/2pP1B2/2P1PN2/PPQ2PPP/RN2KB1R w KQkq -,MODEL_PREDICTION_NOT_EMPIRICAL
LON-02,B2,1900,maia3-79m,3,c2d2,Qd2,0.0865083634853363,0.9990414760832209,0.33515346615324454,327,37,636,r3kb1r/pp2pppp/1qn2n2/3p1b2/2pP1B2/2P1PN2/PPQ2PPP/RN2KB1R w KQkq -,MODEL_PREDICTION_NOT_EMPIRICAL
LON-02,B2,1900,maia3-79m,4,c2e2,Qe2,0.004306267015635967,0.9990414760832209,0.33515346615324454,298,34,668,r3kb1r/pp2pppp/1qn2n2/3p1b2/2pP1B2/2P1PN2/PPQ2PPP/RN2KB1R w KQkq -,MODEL_PREDICTION_NOT_EMPIRICAL
LON-02,B2,1900,maia3-79m,5,c2d1,Qd1,0.003055890090763569,0.9990414760832209,0.33515346615324454,209,22,769,r3kb1r/pp2pppp/1qn2n2/3p1b2/2pP1B2/2P1PN2/PPQ2PPP/RN2KB1R w KQkq -,MODEL_PREDICTION_NOT_EMPIRICAL
LON-02,B2,1900,maia3-79m,6,c2a4,Qa4,0.0014625982148572803,0.9990414760832209,0.33515346615324454,220,19,761,r3kb1r/pp2pppp/1qn2n2/3p1b2/2pP1B2/2P1PN2/PPQ2PPP/RN2KB1R w KQkq -,MODEL_PREDICTION_NOT_EMPIRICAL
LON-02,B2,1900,maia3-79m,7,b1d2,Nbd2,0.0012837398098781705,0.9990414760832209,0.33515346615324454,13,3,984,r3kb1r/pp2pppp/1qn2n2/3p1b2/2pP1B2/2P1PN2/PPQ2PPP/RN2KB1R w KQkq -,MODEL_PREDICTION_NOT_EMPIRICAL
LON-02,B2,1900,maia3-79m,8,e3e4,e4,0.0007591753965243697,0.9990414760832209,0.33515346615324454,199,16,785,r3kb1r/pp2pppp/1qn2n2/3p1b2/2pP1B2/2P1PN2/PPQ2PPP/RN2KB1R w KQkq -,MODEL_PREDICTION_NOT_EMPIRICAL
LON-02,B2,1900,maia3-79m,9,f1d3,Bd3,0.00037827680353075266,0.9990414760832209,0.33515346615324454,59,7,934,r3kb1r/pp2pppp/1qn2n2/3p1b2/2pP1B2/2P1PN2/PPQ2PPP/RN2KB1R w KQkq -,MODEL_PREDICTION_NOT_EMPIRICAL
LON-02,B2,1900,maia3-79m,10,f1e2,Be2,0.00026990173500962555,0.9990414760832209,0.33515346615324454,12,3,985,r3kb1r/pp2pppp/1qn2n2/3p1b2/2pP1B2/2P1PN2/PPQ2PPP/RN2KB1R w KQkq -,MODEL_PREDICTION_NOT_EMPIRICAL
LON-02,B2,2100,maia3-79m,1,c2c1,Qc1,0.8815571069717407,0.9994953506975435,0.19020732306214144,476,48,476,r3kb1r/pp2pppp/1qn2n2/3p1b2/2pP1B2/2P1PN2/PPQ2PPP/RN2KB1R w KQkq -,MODEL_PREDICTION_NOT_EMPIRICAL
LON-02,B2,2100,maia3-79m,2,c2f5,Qxf5,0.09524231404066086,0.9994953506975435,0.19020732306214144,438,33,529,r3kb1r/pp2pppp/1qn2n2/3p1b2/2pP1B2/2P1PN2/PPQ2PPP/RN2KB1R w KQkq -,MODEL_PREDICTION_NOT_EMPIRICAL
LON-02,B2,2100,maia3-79m,3,c2d2,Qd2,0.018740590661764145,0.9994953506975435,0.19020732306214144,363,46,591,r3kb1r/pp2pppp/1qn2n2/3p1b2/2pP1B2/2P1PN2/PPQ2PPP/RN2KB1R w KQkq -,MODEL_PREDICTION_NOT_EMPIRICAL
LON-02,B2,2100,maia3-79m,4,c2e2,Qe2,0.0013693706132471561,0.9994953506975435,0.19020732306214144,324,42,634,r3kb1r/pp2pppp/1qn2n2/3p1b2/2pP1B2/2P1PN2/PPQ2PPP/RN2KB1R w KQkq -,MODEL_PREDICTION_NOT_EMPIRICAL
LON-02,B2,2100,maia3-79m,5,c2d1,Qd1,0.0010621714172884822,0.9994953506975435,0.19020732306214144,221,28,751,r3kb1r/pp2pppp/1qn2n2/3p1b2/2pP1B2/2P1PN2/PPQ2PPP/RN2KB1R w KQkq -,MODEL_PREDICTION_NOT_EMPIRICAL
LON-02,B2,2100,maia3-79m,6,b1d2,Nbd2,0.000682296697050333,0.9994953506975435,0.19020732306214144,11,2,987,r3kb1r/pp2pppp/1qn2n2/3p1b2/2pP1B2/2P1PN2/PPQ2PPP/RN2KB1R w KQkq -,MODEL_PREDICTION_NOT_EMPIRICAL
LON-02,B2,2100,maia3-79m,7,e3e4,e4,0.0002883152337744832,0.9994953506975435,0.19020732306214144,212,20,768,r3kb1r/pp2pppp/1qn2n2/3p1b2/2pP1B2/2P1PN2/PPQ2PPP/RN2KB1R w KQkq -,MODEL_PREDICTION_NOT_EMPIRICAL
LON-02,B2,2100,maia3-79m,8,c2a4,Qa4,0.000265165523160249,0.9994953506975435,0.19020732306214144,231,23,746,r3kb1r/pp2pppp/1qn2n2/3p1b2/2pP1B2/2P1PN2/PPQ2PPP/RN2KB1R w KQkq -,MODEL_PREDICTION_NOT_EMPIRICAL
LON-02,B2,2100,maia3-79m,9,f1d3,Bd3,0.00015933018585201353,0.9994953506975435,0.19020732306214144,46,7,947,r3kb1r/pp2pppp/1qn2n2/3p1b2/2pP1B2/2P1PN2/PPQ2PPP/RN2KB1R w KQkq -,MODEL_PREDICTION_NOT_EMPIRICAL
LON-02,B2,2100,maia3-79m,10,f1e2,Be2,0.00012868935300502926,0.9994953506975435,0.19020732306214144,11,3,986,r3kb1r/pp2pppp/1qn2n2/3p1b2/2pP1B2/2P1PN2/PPQ2PPP/RN2KB1R w KQkq -,MODEL_PREDICTION_NOT_EMPIRICAL
LON-04,B2,1100,maia3-79m,1,b1d2,Nbd2,0.605571448802948,0.9674093197099864,0.563124963835004,480,22,498,r3kb1r/pp2pppp/1qn2n2/3p1b2/3P1B2/2P2N2/PP3PPP/RNQ1KB1R w KQkq -,MODEL_PREDICTION_NOT_EMPIRICAL
LON-04,B2,1100,maia3-79m,2,f1e2,Be2,0.14641335606575012,0.9674093197099864,0.563124963835004,501,22,477,r3kb1r/pp2pppp/1qn2n2/3p1b2/3P1B2/2P2N2/PP3PPP/RNQ1KB1R w KQkq -,MODEL_PREDICTION_NOT_EMPIRICAL
LON-04,B2,1100,maia3-79m,3,f3e5,Ne5,0.06371898949146271,0.9674093197099864,0.563124963835004,443,22,535,r3kb1r/pp2pppp/1qn2n2/3p1b2/3P1B2/2P2N2/PP3PPP/RNQ1KB1R w KQkq -,MODEL_PREDICTION_NOT_EMPIRICAL
LON-04,B2,1100,maia3-79m,4,b1a3,Na3,0.06068974360823631,0.9674093197099864,0.563124963835004,449,21,530,r3kb1r/pp2pppp/1qn2n2/3p1b2/3P1B2/2P2N2/PP3PPP/RNQ1KB1R w KQkq -,MODEL_PREDICTION_NOT_EMPIRICAL
LON-04,B2,1100,maia3-79m,5,f3h4,Nh4,0.02978002093732357,0.9674093197099864,0.563124963835004,491,21,488,r3kb1r/pp2pppp/1qn2n2/3p1b2/3P1B2/2P2N2/PP3PPP/RNQ1KB1R w KQkq -,MODEL_PREDICTION_NOT_EMPIRICAL
LON-04,B2,1100,maia3-79m,6,h2h3,h3,0.020030537620186806,0.9674093197099864,0.563124963835004,477,21,502,r3kb1r/pp2pppp/1qn2n2/3p1b2/3P1B2/2P2N2/PP3PPP/RNQ1KB1R w KQkq -,MODEL_PREDICTION_NOT_EMPIRICAL
LON-04,B2,1100,maia3-79m,7,c1d2,Qd2,0.019822983071208,0.9674093197099864,0.563124963835004,403,20,577,r3kb1r/pp2pppp/1qn2n2/3p1b2/3P1B2/2P2N2/PP3PPP/RNQ1KB1R w KQkq -,MODEL_PREDICTION_NOT_EMPIRICAL
LON-04,B2,1100,maia3-79m,8,a2a4,a4,0.008250660263001919,0.9674093197099864,0.563124963835004,499,20,481,r3kb1r/pp2pppp/1qn2n2/3p1b2/3P1B2/2P2N2/PP3PPP/RNQ1KB1R w KQkq -,MODEL_PREDICTION_NOT_EMPIRICAL
LON-04,B2,1100,maia3-79m,9,f1d3,Bd3,0.007630715146660805,0.9674093197099864,0.563124963835004,245,15,740,r3kb1r/pp2pppp/1qn2n2/3p1b2/3P1B2/2P2N2/PP3PPP/RNQ1KB1R w KQkq -,MODEL_PREDICTION_NOT_EMPIRICAL
LON-04,B2,1100,maia3-79m,10,f4e3,Be3,0.005500864703208208,0.9674093197099864,0.563124963835004,478,21,501,r3kb1r/pp2pppp/1qn2n2/3p1b2/3P1B2/2P2N2/PP3PPP/RNQ1KB1R w KQkq -,MODEL_PREDICTION_NOT_EMPIRICAL
LON-04,B2,1300,maia3-79m,1,b1d2,Nbd2,0.6365174651145935,0.980892120860517,0.5219175020237592,471,24,505,r3kb1r/pp2pppp/1qn2n2/3p1b2/3P1B2/2P2N2/PP3PPP/RNQ1KB1R w KQkq -,MODEL_PREDICTION_NOT_EMPIRICAL
LON-04,B2,1300,maia3-79m,2,f1e2,Be2,0.17395015060901642,0.980892120860517,0.5219175020237592,495,24,481,r3kb1r/pp2pppp/1qn2n2/3p1b2/3P1B2/2P2N2/PP3PPP/RNQ1KB1R w KQkq -,MODEL_PREDICTION_NOT_EMPIRICAL
LON-04,B2,1300,maia3-79m,3,b1a3,Na3,0.047863807529211044,0.980892120860517,0.5219175020237592,431,22,547,r3kb1r/pp2pppp/1qn2n2/3p1b2/3P1B2/2P2N2/PP3PPP/RNQ1KB1R w KQkq -,MODEL_PREDICTION_NOT_EMPIRICAL
LON-04,B2,1300,maia3-79m,4,f3e5,Ne5,0.04112305864691734,0.980892120860517,0.5219175020237592,439,23,538,r3kb1r/pp2pppp/1qn2n2/3p1b2/3P1B2/2P2N2/PP3PPP/RNQ1KB1R w KQkq -,MODEL_PREDICTION_NOT_EMPIRICAL
LON-04,B2,1300,maia3-79m,5,f3h4,Nh4,0.030158091336488724,0.980892120860517,0.5219175020237592,489,22,489,r3kb1r/pp2pppp/1qn2n2/3p1b2/3P1B2/2P2N2/PP3PPP/RNQ1KB1R w KQkq -,MODEL_PREDICTION_NOT_EMPIRICAL
LON-04,B2,1300,maia3-79m,6,h2h3,h3,0.018671302124857903,0.980892120860517,0.5219175020237592,468,22,510,r3kb1r/pp2pppp/1qn2n2/3p1b2/3P1B2/2P2N2/PP3PPP/RNQ1KB1R w KQkq -,MODEL_PREDICTION_NOT_EMPIRICAL
LON-04,B2,1300,maia3-79m,7,c1d2,Qd2,0.013927754014730453,0.980892120860517,0.5219175020237592,384,20,596,r3kb1r/pp2pppp/1qn2n2/3p1b2/3P1B2/2P2N2/PP3PPP/RNQ1KB1R w KQkq -,MODEL_PREDICTION_NOT_EMPIRICAL
LON-04,B2,1300,maia3-79m,8,a2a4,a4,0.00910918228328228,0.980892120860517,0.5219175020237592,504,20,476,r3kb1r/pp2pppp/1qn2n2/3p1b2/3P1B2/2P2N2/PP3PPP/RNQ1KB1R w KQkq -,MODEL_PREDICTION_NOT_EMPIRICAL
LON-04,B2,1300,maia3-79m,9,f1d3,Bd3,0.005484952125698328,0.980892120860517,0.5219175020237592,222,14,764,r3kb1r/pp2pppp/1qn2n2/3p1b2/3P1B2/2P2N2/PP3PPP/RNQ1KB1R w KQkq -,MODEL_PREDICTION_NOT_EMPIRICAL
LON-04,B2,1300,maia3-79m,10,f4e3,Be3,0.0040863570757210255,0.980892120860517,0.5219175020237592,466,23,511,r3kb1r/pp2pppp/1qn2n2/3p1b2/3P1B2/2P2N2/PP3PPP/RNQ1KB1R w KQkq -,MODEL_PREDICTION_NOT_EMPIRICAL
LON-04,B2,1500,maia3-79m,1,b1d2,Nbd2,0.6668781042098999,0.9889659583568573,0.47502666386635556,464,26,510,r3kb1r/pp2pppp/1qn2n2/3p1b2/3P1B2/2P2N2/PP3PPP/RNQ1KB1R w KQkq -,MODEL_PREDICTION_NOT_EMPIRICAL
LON-04,B2,1500,maia3-79m,2,f1e2,Be2,0.18976321816444397,0.9889659583568573,0.47502666386635556,486,26,488,r3kb1r/pp2pppp/1qn2n2/3p1b2/3P1B2/2P2N2/PP3PPP/RNQ1KB1R w KQkq -,MODEL_PREDICTION_NOT_EMPIRICAL
LON-04,B2,1500,maia3-79m,3,b1a3,Na3,0.03728130832314491,0.9889659583568573,0.47502666386635556,422,24,554,r3kb1r/pp2pppp/1qn2n2/3p1b2/3P1B2/2P2N2/PP3PPP/RNQ1KB1R w KQkq -,MODEL_PREDICTION_NOT_EMPIRICAL
LON-04,B2,1500,maia3-79m,4,f3h4,Nh4,0.027657123282551765,0.9889659583568573,0.47502666386635556,484,24,492,r3kb1r/pp2pppp/1qn2n2/3p1b2/3P1B2/2P2N2/PP3PPP/RNQ1KB1R w KQkq -,MODEL_PREDICTION_NOT_EMPIRICAL
LON-04,B2,1500,maia3-79m,5,f3e5,Ne5,0.024943700060248375,0.9889659583568573,0.47502666386635556,435,25,540,r3kb1r/pp2pppp/1qn2n2/3p1b2/3P1B2/2P2N2/PP3PPP/RNQ1KB1R w KQkq -,MODEL_PREDICTION_NOT_EMPIRICAL
LON-04,B2,1500,maia3-79m,6,h2h3,h3,0.018457520753145218,0.9889659583568573,0.47502666386635556,459,25,516,r3kb1r/pp2pppp/1qn2n2/3p1b2/3P1B2/2P2N2/PP3PPP/RNQ1KB1R w KQkq -,MODEL_PREDICTION_NOT_EMPIRICAL
LON-04,B2,1500,maia3-79m,7,c1d2,Qd2,0.00853447150439024,0.9889659583568573,0.47502666386635556,378,23,599,r3kb1r/pp2pppp/1qn2n2/3p1b2/3P1B2/2P2N2/PP3PPP/RNQ1KB1R w KQkq -,MODEL_PREDICTION_NOT_EMPIRICAL
LON-04,B2,1500,maia3-79m,8,a2a4,a4,0.008227614685893059,0.9889659583568573,0.47502666386635556,505,22,473,r3kb1r/pp2pppp/1qn2n2/3p1b2/3P1B2/2P2N2/PP3PPP/RNQ1KB1R w KQkq -,MODEL_PREDICTION_NOT_EMPIRICAL
LON-04,B2,1500,maia3-79m,9,f1d3,Bd3,0.004375007469207048,0.9889659583568573,0.47502666386635556,204,14,782,r3kb1r/pp2pppp/1qn2n2/3p1b2/3P1B2/2P2N2/PP3PPP/RNQ1KB1R w KQkq -,MODEL_PREDICTION_NOT_EMPIRICAL
LON-04,B2,1500,maia3-79m,10,f4e3,Be3,0.00284788990393281,0.9889659583568573,0.47502666386635556,459,25,516,r3kb1r/pp2pppp/1qn2n2/3p1b2/3P1B2/2P2N2/PP3PPP/RNQ1KB1R w KQkq -,MODEL_PREDICTION_NOT_EMPIRICAL
LON-04,B2,1700,maia3-79m,1,b1d2,Nbd2,0.6888619661331177,0.993147297995165,0.4399581527131118,456,30,514,r3kb1r/pp2pppp/1qn2n2/3p1b2/3P1B2/2P2N2/PP3PPP/RNQ1KB1R w KQkq -,MODEL_PREDICTION_NOT_EMPIRICAL
LON-04,B2,1700,maia3-79m,2,f1e2,Be2,0.19483089447021484,0.993147297995165,0.4399581527131118,473,31,496,r3kb1r/pp2pppp/1qn2n2/3p1b2/3P1B2/2P2N2/PP3PPP/RNQ1KB1R w KQkq -,MODEL_PREDICTION_NOT_EMPIRICAL
LON-04,B2,1700,maia3-79m,3,b1a3,Na3,0.030565716326236725,0.993147297995165,0.4399581527131118,417,26,557,r3kb1r/pp2pppp/1qn2n2/3p1b2/3P1B2/2P2N2/PP3PPP/RNQ1KB1R w KQkq -,MODEL_PREDICTION_NOT_EMPIRICAL
LON-04,B2,1700,maia3-79m,4,f3h4,Nh4,0.02529747039079666,0.993147297995165,0.4399581527131118,481,27,492,r3kb1r/pp2pppp/1qn2n2/3p1b2/3P1B2/2P2N2/PP3PPP/RNQ1KB1R w KQkq -,MODEL_PREDICTION_NOT_EMPIRICAL
LON-04,B2,1700,maia3-79m,5,h2h3,h3,0.02087727002799511,0.993147297995165,0.4399581527131118,449,30,521,r3kb1r/pp2pppp/1qn2n2/3p1b2/3P1B2/2P2N2/PP3PPP/RNQ1KB1R w KQkq -,MODEL_PREDICTION_NOT_EMPIRICAL
LON-04,B2,1700,maia3-79m,6,f3e5,Ne5,0.015188610181212425,0.993147297995165,0.4399581527131118,427,30,543,r3kb1r/pp2pppp/1qn2n2/3p1b2/3P1B2/2P2N2/PP3PPP/RNQ1KB1R w KQkq -,MODEL_PREDICTION_NOT_EMPIRICAL
LON-04,B2,1700,maia3-79m,7,a2a4,a4,0.006664712447673082,0.993147297995165,0.4399581527131118,498,25,477,r3kb1r/pp2pppp/1qn2n2/3p1b2/3P1B2/2P2N2/PP3PPP/RNQ1KB1R w KQkq -,MODEL_PREDICTION_NOT_EMPIRICAL
LON-04,B2,1700,maia3-79m,8,c1d2,Qd2,0.005319382529705763,0.993147297995165,0.4399581527131118,386,27,587,r3kb1r/pp2pppp/1qn2n2/3p1b2/3P1B2/2P2N2/PP3PPP/RNQ1KB1R w KQkq -,MODEL_PREDICTION_NOT_EMPIRICAL
LON-04,B2,1700,maia3-79m,9,f1d3,Bd3,0.003617040114477277,0.993147297995165,0.4399581527131118,183,15,802,r3kb1r/pp2pppp/1qn2n2/3p1b2/3P1B2/2P2N2/PP3PPP/RNQ1KB1R w KQkq -,MODEL_PREDICTION_NOT_EMPIRICAL
LON-04,B2,1700,maia3-79m,10,f4e3,Be3,0.0019242353737354279,0.993147297995165,0.4399581527131118,448,29,523,r3kb1r/pp2pppp/1qn2n2/3p1b2/3P1B2/2P2N2/PP3PPP/RNQ1KB1R w KQkq -,MODEL_PREDICTION_NOT_EMPIRICAL
LON-04,B2,1900,maia3-79m,1,b1d2,Nbd2,0.7015723586082458,0.9952254487434402,0.4194718833393223,443,37,520,r3kb1r/pp2pppp/1qn2n2/3p1b2/3P1B2/2P2N2/PP3PPP/RNQ1KB1R w KQkq -,MODEL_PREDICTION_NOT_EMPIRICAL
LON-04,B2,1900,maia3-79m,2,f1e2,Be2,0.1952958106994629,0.9952254487434402,0.4194718833393223,458,38,504,r3kb1r/pp2pppp/1qn2n2/3p1b2/3P1B2/2P2N2/PP3PPP/RNQ1KB1R w KQkq -,MODEL_PREDICTION_NOT_EMPIRICAL
LON-04,B2,1900,maia3-79m,3,b1a3,Na3,0.027330903336405754,0.9952254487434402,0.4194718833393223,416,31,553,r3kb1r/pp2pppp/1qn2n2/3p1b2/3P1B2/2P2N2/PP3PPP/RNQ1KB1R w KQkq -,MODEL_PREDICTION_NOT_EMPIRICAL
LON-04,B2,1900,maia3-79m,4,f3h4,Nh4,0.024007447063922882,0.9952254487434402,0.4194718833393223,474,33,493,r3kb1r/pp2pppp/1qn2n2/3p1b2/3P1B2/2P2N2/PP3PPP/RNQ1KB1R w KQkq -,MODEL_PREDICTION_NOT_EMPIRICAL
LON-04,B2,1900,maia3-79m,5,h2h3,h3,0.023038599640130997,0.9952254487434402,0.4194718833393223,435,37,528,r3kb1r/pp2pppp/1qn2n2/3p1b2/3P1B2/2P2N2/PP3PPP/RNQ1KB1R w KQkq -,MODEL_PREDICTION_NOT_EMPIRICAL
LON-04,B2,1900,maia3-79m,6,f3e5,Ne5,0.010196598246693611,0.9952254487434402,0.4194718833393223,420,36,544,r3kb1r/pp2pppp/1qn2n2/3p1b2/3P1B2/2P2N2/PP3PPP/RNQ1KB1R w KQkq -,MODEL_PREDICTION_NOT_EMPIRICAL
LON-04,B2,1900,maia3-79m,7,a2a4,a4,0.0056371791288256645,0.9952254487434402,0.4194718833393223,490,31,479,r3kb1r/pp2pppp/1qn2n2/3p1b2/3P1B2/2P2N2/PP3PPP/RNQ1KB1R w KQkq -,MODEL_PREDICTION_NOT_EMPIRICAL
LON-04,B2,1900,maia3-79m,8,c1d2,Qd2,0.0037578181363642216,0.9952254487434402,0.4194718833393223,398,33,569,r3kb1r/pp2pppp/1qn2n2/3p1b2/3P1B2/2P2N2/PP3PPP/RNQ1KB1R w KQkq -,MODEL_PREDICTION_NOT_EMPIRICAL
LON-04,B2,1900,maia3-79m,9,f1d3,Bd3,0.0030481202993541956,0.9952254487434402,0.4194718833393223,160,15,825,r3kb1r/pp2pppp/1qn2n2/3p1b2/3P1B2/2P2N2/PP3PPP/RNQ1KB1R w KQkq -,MODEL_PREDICTION_NOT_EMPIRICAL
LON-04,B2,1900,maia3-79m,10,b2b3,b3,0.0013406135840341449,0.9952254487434402,0.4194718833393223,411,34,555,r3kb1r/pp2pppp/1qn2n2/3p1b2/3P1B2/2P2N2/PP3PPP/RNQ1KB1R w KQkq -,MODEL_PREDICTION_NOT_EMPIRICAL
LON-04,B2,2100,maia3-79m,1,b1d2,Nbd2,0.7063276171684265,0.996599247213453,0.4158271923467112,433,48,519,r3kb1r/pp2pppp/1qn2n2/3p1b2/3P1B2/2P2N2/PP3PPP/RNQ1KB1R w KQkq -,MODEL_PREDICTION_NOT_EMPIRICAL
LON-04,B2,2100,maia3-79m,2,f1e2,Be2,0.19001995027065277,0.996599247213453,0.4158271923467112,445,50,505,r3kb1r/pp2pppp/1qn2n2/3p1b2/3P1B2/2P2N2/PP3PPP/RNQ1KB1R w KQkq -,MODEL_PREDICTION_NOT_EMPIRICAL
LON-04,B2,2100,maia3-79m,3,b1a3,Na3,0.03110925294458866,0.996599247213453,0.4158271923467112,428,39,533,r3kb1r/pp2pppp/1qn2n2/3p1b2/3P1B2/2P2N2/PP3PPP/RNQ1KB1R w KQkq -,MODEL_PREDICTION_NOT_EMPIRICAL
LON-04,B2,2100,maia3-79m,4,f3h4,Nh4,0.028285831212997437,0.996599247213453,0.4158271923467112,471,43,486,r3kb1r/pp2pppp/1qn2n2/3p1b2/3P1B2/2P2N2/PP3PPP/RNQ1KB1R w KQkq -,MODEL_PREDICTION_NOT_EMPIRICAL
LON-04,B2,2100,maia3-79m,5,h2h3,h3,0.020595718175172806,0.996599247213453,0.4158271923467112,423,48,529,r3kb1r/pp2pppp/1qn2n2/3p1b2/3P1B2/2P2N2/PP3PPP/RNQ1KB1R w KQkq -,MODEL_PREDICTION_NOT_EMPIRICAL
LON-04,B2,2100,maia3-79m,6,f3e5,Ne5,0.008244232274591923,0.996599247213453,0.4158271923467112,414,47,539,r3kb1r/pp2pppp/1qn2n2/3p1b2/3P1B2/2P2N2/PP3PPP/RNQ1KB1R w KQkq -,MODEL_PREDICTION_NOT_EMPIRICAL
LON-04,B2,2100,maia3-79m,7,a2a4,a4,0.005616397596895695,0.996599247213453,0.4158271923467112,495,41,464,r3kb1r/pp2pppp/1qn2n2/3p1b2/3P1B2/2P2N2/PP3PPP/RNQ1KB1R w KQkq -,MODEL_PREDICTION_NOT_EMPIRICAL
LON-04,B2,2100,maia3-79m,8,c1d2,Qd2,0.003108684904873371,0.996599247213453,0.4158271923467112,410,43,547,r3kb1r/pp2pppp/1qn2n2/3p1b2/3P1B2/2P2N2/PP3PPP/RNQ1KB1R w KQkq -,MODEL_PREDICTION_NOT_EMPIRICAL
LON-04,B2,2100,maia3-79m,9,f1d3,Bd3,0.002103886567056179,0.996599247213453,0.4158271923467112,130,15,855,r3kb1r/pp2pppp/1qn2n2/3p1b2/3P1B2/2P2N2/PP3PPP/RNQ1KB1R w KQkq -,MODEL_PREDICTION_NOT_EMPIRICAL
LON-04,B2,2100,maia3-79m,10,a2a3,a3,0.0011876760981976986,0.996599247213453,0.4158271923467112,415,45,540,r3kb1r/pp2pppp/1qn2n2/3p1b2/3P1B2/2P2N2/PP3PPP/RNQ1KB1R w KQkq -,MODEL_PREDICTION_NOT_EMPIRICAL
LON-09,B2,1100,maia3-79m,1,f1e2,Be2,0.35009148716926575,0.9944992632372305,0.6474008042481714,525,22,453,r3kb1r/pp2pppp/1qn2n2/2pp4/3P1Bb1/1PP1PN2/P4PPP/RN1QKB1R w KQkq -,MODEL_PREDICTION_NOT_EMPIRICAL
LON-09,B2,1100,maia3-79m,2,b1d2,Nbd2,0.2902449071407318,0.9944992632372305,0.6474008042481714,496,21,483,r3kb1r/pp2pppp/1qn2n2/2pp4/3P1Bb1/1PP1PN2/P4PPP/RN1QKB1R w KQkq -,MODEL_PREDICTION_NOT_EMPIRICAL
LON-09,B2,1100,maia3-79m,3,h2h3,h3,0.1767701953649521,0.9944992632372305,0.6474008042481714,467,23,510,r3kb1r/pp2pppp/1qn2n2/2pp4/3P1Bb1/1PP1PN2/P4PPP/RN1QKB1R w KQkq -,MODEL_PREDICTION_NOT_EMPIRICAL
LON-09,B2,1100,maia3-79m,4,f1d3,Bd3,0.14060889184474945,0.9944992632372305,0.6474008042481714,494,20,486,r3kb1r/pp2pppp/1qn2n2/2pp4/3P1Bb1/1PP1PN2/P4PPP/RN1QKB1R w KQkq -,MODEL_PREDICTION_NOT_EMPIRICAL
LON-09,B2,1100,maia3-79m,5,c3c4,c4,0.010448980145156384,0.9944992632372305,0.6474008042481714,403,18,579,r3kb1r/pp2pppp/1qn2n2/2pp4/3P1Bb1/1PP1PN2/P4PPP/RN1QKB1R w KQkq -,MODEL_PREDICTION_NOT_EMPIRICAL
LON-09,B2,1100,maia3-79m,6,a2a4,a4,0.008665483444929123,0.9944992632372305,0.6474008042481714,511,19,470,r3kb1r/pp2pppp/1qn2n2/2pp4/3P1Bb1/1PP1PN2/P4PPP/RN1QKB1R w KQkq -,MODEL_PREDICTION_NOT_EMPIRICAL
LON-09,B2,1100,maia3-79m,7,b1a3,Na3,0.007250342983752489,0.9944992632372305,0.6474008042481714,443,19,538,r3kb1r/pp2pppp/1qn2n2/2pp4/3P1Bb1/1PP1PN2/P4PPP/RN1QKB1R w KQkq -,MODEL_PREDICTION_NOT_EMPIRICAL
LON-09,B2,1100,maia3-79m,8,d4c5,dxc5,0.006119017023593187,0.9944992632372305,0.6474008042481714,460,19,521,r3kb1r/pp2pppp/1qn2n2/2pp4/3P1Bb1/1PP1PN2/P4PPP/RN1QKB1R w KQkq -,MODEL_PREDICTION_NOT_EMPIRICAL
LON-09,B2,1100,maia3-79m,9,f3e5,Ne5,0.0025672053452581167,0.9944992632372305,0.6474008042481714,120,8,872,r3kb1r/pp2pppp/1qn2n2/2pp4/3P1Bb1/1PP1PN2/P4PPP/RN1QKB1R w KQkq -,MODEL_PREDICTION_NOT_EMPIRICAL
LON-09,B2,1100,maia3-79m,10,d1c2,Qc2,0.0017327527748420835,0.9944992632372305,0.6474008042481714,477,20,503,r3kb1r/pp2pppp/1qn2n2/2pp4/3P1Bb1/1PP1PN2/P4PPP/RN1QKB1R w KQkq -,MODEL_PREDICTION_NOT_EMPIRICAL
LON-09,B2,1300,maia3-79m,1,f1e2,Be2,0.382308691740036,0.9970203971024603,0.6023324267671407,514,23,463,r3kb1r/pp2pppp/1qn2n2/2pp4/3P1Bb1/1PP1PN2/P4PPP/RN1QKB1R w KQkq -,MODEL_PREDICTION_NOT_EMPIRICAL
LON-09,B2,1300,maia3-79m,2,b1d2,Nbd2,0.3382883667945862,0.9970203971024603,0.6023324267671407,490,23,487,r3kb1r/pp2pppp/1qn2n2/2pp4/3P1Bb1/1PP1PN2/P4PPP/RN1QKB1R w KQkq -,MODEL_PREDICTION_NOT_EMPIRICAL
LON-09,B2,1300,maia3-79m,3,h2h3,h3,0.1426062285900116,0.9970203971024603,0.6023324267671407,465,24,511,r3kb1r/pp2pppp/1qn2n2/2pp4/3P1Bb1/1PP1PN2/P4PPP/RN1QKB1R w KQkq -,MODEL_PREDICTION_NOT_EMPIRICAL
LON-09,B2,1300,maia3-79m,4,f1d3,Bd3,0.10901804268360138,0.9970203971024603,0.6023324267671407,491,22,487,r3kb1r/pp2pppp/1qn2n2/2pp4/3P1Bb1/1PP1PN2/P4PPP/RN1QKB1R w KQkq -,MODEL_PREDICTION_NOT_EMPIRICAL
LON-09,B2,1300,maia3-79m,5,a2a4,a4,0.006791220512241125,0.9970203971024603,0.6023324267671407,503,20,477,r3kb1r/pp2pppp/1qn2n2/2pp4/3P1Bb1/1PP1PN2/P4PPP/RN1QKB1R w KQkq -,MODEL_PREDICTION_NOT_EMPIRICAL
LON-09,B2,1300,maia3-79m,6,d4c5,dxc5,0.005226232577115297,0.9970203971024603,0.6023324267671407,457,19,524,r3kb1r/pp2pppp/1qn2n2/2pp4/3P1Bb1/1PP1PN2/P4PPP/RN1QKB1R w KQkq -,MODEL_PREDICTION_NOT_EMPIRICAL
LON-09,B2,1300,maia3-79m,7,c3c4,c4,0.004766296595335007,0.9970203971024603,0.6023324267671407,388,19,593,r3kb1r/pp2pppp/1qn2n2/2pp4/3P1Bb1/1PP1PN2/P4PPP/RN1QKB1R w KQkq -,MODEL_PREDICTION_NOT_EMPIRICAL
LON-09,B2,1300,maia3-79m,8,b1a3,Na3,0.0045373570173978806,0.9970203971024603,0.6023324267671407,422,20,558,r3kb1r/pp2pppp/1qn2n2/2pp4/3P1Bb1/1PP1PN2/P4PPP/RN1QKB1R w KQkq -,MODEL_PREDICTION_NOT_EMPIRICAL
LON-09,B2,1300,maia3-79m,9,d1c2,Qc2,0.002191266044974327,0.9970203971024603,0.6023324267671407,466,21,513,r3kb1r/pp2pppp/1qn2n2/2pp4/3P1Bb1/1PP1PN2/P4PPP/RN1QKB1R w KQkq -,MODEL_PREDICTION_NOT_EMPIRICAL
LON-09,B2,1300,maia3-79m,10,f3e5,Ne5,0.00128669454716146,0.9970203971024603,0.6023324267671407,92,7,901,r3kb1r/pp2pppp/1qn2n2/2pp4/3P1Bb1/1PP1PN2/P4PPP/RN1QKB1R w KQkq -,MODEL_PREDICTION_NOT_EMPIRICAL
LON-09,B2,1500,maia3-79m,1,f1e2,Be2,0.42548668384552,0.9981501712463796,0.5644902212476351,503,26,471,r3kb1r/pp2pppp/1qn2n2/2pp4/3P1Bb1/1PP1PN2/P4PPP/RN1QKB1R w KQkq -,MODEL_PREDICTION_NOT_EMPIRICAL
LON-09,B2,1500,maia3-79m,2,b1d2,Nbd2,0.3498983383178711,0.9981501712463796,0.5644902212476351,490,25,485,r3kb1r/pp2pppp/1qn2n2/2pp4/3P1Bb1/1PP1PN2/P4PPP/RN1QKB1R w KQkq -,MODEL_PREDICTION_NOT_EMPIRICAL
LON-09,B2,1500,maia3-79m,3,h2h3,h3,0.11218716949224472,0.9981501712463796,0.5644902212476351,469,26,505,r3kb1r/pp2pppp/1qn2n2/2pp4/3P1Bb1/1PP1PN2/P4PPP/RN1QKB1R w KQkq -,MODEL_PREDICTION_NOT_EMPIRICAL
LON-09,B2,1500,maia3-79m,4,f1d3,Bd3,0.09232455492019653,0.9981501712463796,0.5644902212476351,488,24,488,r3kb1r/pp2pppp/1qn2n2/2pp4/3P1Bb1/1PP1PN2/P4PPP/RN1QKB1R w KQkq -,MODEL_PREDICTION_NOT_EMPIRICAL
LON-09,B2,1500,maia3-79m,5,d4c5,dxc5,0.005344341043382883,0.9981501712463796,0.5644902212476351,457,22,521,r3kb1r/pp2pppp/1qn2n2/2pp4/3P1Bb1/1PP1PN2/P4PPP/RN1QKB1R w KQkq -,MODEL_PREDICTION_NOT_EMPIRICAL
LON-09,B2,1500,maia3-79m,6,a2a4,a4,0.004259393084794283,0.9981501712463796,0.5644902212476351,501,22,477,r3kb1r/pp2pppp/1qn2n2/2pp4/3P1Bb1/1PP1PN2/P4PPP/RN1QKB1R w KQkq -,MODEL_PREDICTION_NOT_EMPIRICAL
LON-09,B2,1500,maia3-79m,7,d1c2,Qc2,0.003224358195438981,0.9981501712463796,0.5644902212476351,463,23,514,r3kb1r/pp2pppp/1qn2n2/2pp4/3P1Bb1/1PP1PN2/P4PPP/RN1QKB1R w KQkq -,MODEL_PREDICTION_NOT_EMPIRICAL
LON-09,B2,1500,maia3-79m,8,b1a3,Na3,0.0026734285056591034,0.9981501712463796,0.5644902212476351,412,22,566,r3kb1r/pp2pppp/1qn2n2/2pp4/3P1Bb1/1PP1PN2/P4PPP/RN1QKB1R w KQkq -,MODEL_PREDICTION_NOT_EMPIRICAL
LON-09,B2,1500,maia3-79m,9,c3c4,c4,0.0019954582676291466,0.9981501712463796,0.5644902212476351,383,20,597,r3kb1r/pp2pppp/1qn2n2/2pp4/3P1Bb1/1PP1PN2/P4PPP/RN1QKB1R w KQkq -,MODEL_PREDICTION_NOT_EMPIRICAL
LON-09,B2,1500,maia3-79m,10,f3e5,Ne5,0.0007564455736428499,0.9981501712463796,0.5644902212476351,77,6,917,r3kb1r/pp2pppp/1qn2n2/2pp4/3P1Bb1/1PP1PN2/P4PPP/RN1QKB1R w KQkq -,MODEL_PREDICTION_NOT_EMPIRICAL
LON-09,B2,1700,maia3-79m,1,f1e2,Be2,0.48382455110549927,0.9986006080871448,0.5314126226511715,494,31,475,r3kb1r/pp2pppp/1qn2n2/2pp4/3P1Bb1/1PP1PN2/P4PPP/RN1QKB1R w KQkq -,MODEL_PREDICTION_NOT_EMPIRICAL
LON-09,B2,1700,maia3-79m,2,b1d2,Nbd2,0.3304693400859833,0.9986006080871448,0.5314126226511715,487,29,484,r3kb1r/pp2pppp/1qn2n2/2pp4/3P1Bb1/1PP1PN2/P4PPP/RN1QKB1R w KQkq -,MODEL_PREDICTION_NOT_EMPIRICAL
LON-09,B2,1700,maia3-79m,3,f1d3,Bd3,0.08654069900512695,0.9986006080871448,0.5314126226511715,482,29,489,r3kb1r/pp2pppp/1qn2n2/2pp4/3P1Bb1/1PP1PN2/P4PPP/RN1QKB1R w KQkq -,MODEL_PREDICTION_NOT_EMPIRICAL
LON-09,B2,1700,maia3-79m,4,h2h3,h3,0.08173093944787979,0.9986006080871448,0.5314126226511715,469,30,501,r3kb1r/pp2pppp/1qn2n2/2pp4/3P1Bb1/1PP1PN2/P4PPP/RN1QKB1R w KQkq -,MODEL_PREDICTION_NOT_EMPIRICAL
LON-09,B2,1700,maia3-79m,5,d4c5,dxc5,0.006455994211137295,0.9986006080871448,0.5314126226511715,454,25,521,r3kb1r/pp2pppp/1qn2n2/2pp4/3P1Bb1/1PP1PN2/P4PPP/RN1QKB1R w KQkq -,MODEL_PREDICTION_NOT_EMPIRICAL
LON-09,B2,1700,maia3-79m,6,d1c2,Qc2,0.004463517107069492,0.9986006080871448,0.5314126226511715,458,27,515,r3kb1r/pp2pppp/1qn2n2/2pp4/3P1Bb1/1PP1PN2/P4PPP/RN1QKB1R w KQkq -,MODEL_PREDICTION_NOT_EMPIRICAL
LON-09,B2,1700,maia3-79m,7,a2a4,a4,0.0023607828188687563,0.9986006080871448,0.5314126226511715,499,26,475,r3kb1r/pp2pppp/1qn2n2/2pp4/3P1Bb1/1PP1PN2/P4PPP/RN1QKB1R w KQkq -,MODEL_PREDICTION_NOT_EMPIRICAL
LON-09,B2,1700,maia3-79m,8,b1a3,Na3,0.0014954061480239034,0.9986006080871448,0.5314126226511715,412,25,563,r3kb1r/pp2pppp/1qn2n2/2pp4/3P1Bb1/1PP1PN2/P4PPP/RN1QKB1R w KQkq -,MODEL_PREDICTION_NOT_EMPIRICAL
LON-09,B2,1700,maia3-79m,9,c3c4,c4,0.0007377080619335175,0.9986006080871448,0.5314126226511715,381,24,595,r3kb1r/pp2pppp/1qn2n2/2pp4/3P1Bb1/1PP1PN2/P4PPP/RN1QKB1R w KQkq -,MODEL_PREDICTION_NOT_EMPIRICAL
LON-09,B2,1700,maia3-79m,10,f3e5,Ne5,0.0005216700956225395,0.9986006080871448,0.5314126226511715,65,6,929,r3kb1r/pp2pppp/1qn2n2/2pp4/3P1Bb1/1PP1PN2/P4PPP/RN1QKB1R w KQkq -,MODEL_PREDICTION_NOT_EMPIRICAL
LON-09,B2,1900,maia3-79m,1,f1e2,Be2,0.5339305400848389,0.9988433336984599,0.4992655774962401,485,39,476,r3kb1r/pp2pppp/1qn2n2/2pp4/3P1Bb1/1PP1PN2/P4PPP/RN1QKB1R w KQkq -,MODEL_PREDICTION_NOT_EMPIRICAL
LON-09,B2,1900,maia3-79m,2,b1d2,Nbd2,0.3054163157939911,0.9988433336984599,0.4992655774962401,481,36,483,r3kb1r/pp2pppp/1qn2n2/2pp4/3P1Bb1/1PP1PN2/P4PPP/RN1QKB1R w KQkq -,MODEL_PREDICTION_NOT_EMPIRICAL
LON-09,B2,1900,maia3-79m,3,f1d3,Bd3,0.09230274707078934,0.9988433336984599,0.4992655774962401,475,35,490,r3kb1r/pp2pppp/1qn2n2/2pp4/3P1Bb1/1PP1PN2/P4PPP/RN1QKB1R w KQkq -,MODEL_PREDICTION_NOT_EMPIRICAL
LON-09,B2,1900,maia3-79m,4,h2h3,h3,0.053523436188697815,0.9988433336984599,0.4992655774962401,468,36,496,r3kb1r/pp2pppp/1qn2n2/2pp4/3P1Bb1/1PP1PN2/P4PPP/RN1QKB1R w KQkq -,MODEL_PREDICTION_NOT_EMPIRICAL
LON-09,B2,1900,maia3-79m,5,d4c5,dxc5,0.006689629051834345,0.9988433336984599,0.4992655774962401,443,31,526,r3kb1r/pp2pppp/1qn2n2/2pp4/3P1Bb1/1PP1PN2/P4PPP/RN1QKB1R w KQkq -,MODEL_PREDICTION_NOT_EMPIRICAL
LON-09,B2,1900,maia3-79m,6,d1c2,Qc2,0.004475785885006189,0.9988433336984599,0.4992655774962401,453,33,514,r3kb1r/pp2pppp/1qn2n2/2pp4/3P1Bb1/1PP1PN2/P4PPP/RN1QKB1R w KQkq -,MODEL_PREDICTION_NOT_EMPIRICAL
LON-09,B2,1900,maia3-79m,7,a2a4,a4,0.0012645922834053636,0.9988433336984599,0.4992655774962401,501,31,468,r3kb1r/pp2pppp/1qn2n2/2pp4/3P1Bb1/1PP1PN2/P4PPP/RN1QKB1R w KQkq -,MODEL_PREDICTION_NOT_EMPIRICAL
LON-09,B2,1900,maia3-79m,8,b1a3,Na3,0.0006484704208560288,0.9988433336984599,0.4992655774962401,415,29,556,r3kb1r/pp2pppp/1qn2n2/2pp4/3P1Bb1/1PP1PN2/P4PPP/RN1QKB1R w KQkq -,MODEL_PREDICTION_NOT_EMPIRICAL
LON-09,B2,1900,maia3-79m,9,f3e5,Ne5,0.00037506219814531505,0.9988433336984599,0.4992655774962401,55,6,939,r3kb1r/pp2pppp/1qn2n2/2pp4/3P1Bb1/1PP1PN2/P4PPP/RN1QKB1R w KQkq -,MODEL_PREDICTION_NOT_EMPIRICAL
LON-09,B2,1900,maia3-79m,10,e1e2,Ke2,0.00021675472089555115,0.9988433336984599,0.4992655774962401,351,30,619,r3kb1r/pp2pppp/1qn2n2/2pp4/3P1Bb1/1PP1PN2/P4PPP/RN1QKB1R w KQkq -,MODEL_PREDICTION_NOT_EMPIRICAL
LON-09,B2,2100,maia3-79m,1,f1e2,Be2,0.554578959941864,0.9992325453495141,0.4753327226050006,476,50,474,r3kb1r/pp2pppp/1qn2n2/2pp4/3P1Bb1/1PP1PN2/P4PPP/RN1QKB1R w KQkq -,MODEL_PREDICTION_NOT_EMPIRICAL
LON-09,B2,2100,maia3-79m,2,b1d2,Nbd2,0.2961869537830353,0.9992325453495141,0.4753327226050006,476,46,478,r3kb1r/pp2pppp/1qn2n2/2pp4/3P1Bb1/1PP1PN2/P4PPP/RN1QKB1R w KQkq -,MODEL_PREDICTION_NOT_EMPIRICAL
LON-09,B2,2100,maia3-79m,3,f1d3,Bd3,0.10446318984031677,0.9992325453495141,0.4753327226050006,465,45,490,r3kb1r/pp2pppp/1qn2n2/2pp4/3P1Bb1/1PP1PN2/P4PPP/RN1QKB1R w KQkq -,MODEL_PREDICTION_NOT_EMPIRICAL
LON-09,B2,2100,maia3-79m,4,h2h3,h3,0.034739214926958084,0.9992325453495141,0.4753327226050006,464,45,491,r3kb1r/pp2pppp/1qn2n2/2pp4/3P1Bb1/1PP1PN2/P4PPP/RN1QKB1R w KQkq -,MODEL_PREDICTION_NOT_EMPIRICAL
LON-09,B2,2100,maia3-79m,5,d4c5,dxc5,0.0051145534962415695,0.9992325453495141,0.4753327226050006,439,39,522,r3kb1r/pp2pppp/1qn2n2/2pp4/3P1Bb1/1PP1PN2/P4PPP/RN1QKB1R w KQkq -,MODEL_PREDICTION_NOT_EMPIRICAL
LON-09,B2,2100,maia3-79m,6,d1c2,Qc2,0.0025709106121212244,0.9992325453495141,0.4753327226050006,449,42,509,r3kb1r/pp2pppp/1qn2n2/2pp4/3P1Bb1/1PP1PN2/P4PPP/RN1QKB1R w KQkq -,MODEL_PREDICTION_NOT_EMPIRICAL
LON-09,B2,2100,maia3-79m,7,a2a4,a4,0.0007830350659787655,0.9992325453495141,0.4753327226050006,507,40,453,r3kb1r/pp2pppp/1qn2n2/2pp4/3P1Bb1/1PP1PN2/P4PPP/RN1QKB1R w KQkq -,MODEL_PREDICTION_NOT_EMPIRICAL
LON-09,B2,2100,maia3-79m,8,b1a3,Na3,0.00031251803738996387,0.9992325453495141,0.4753327226050006,416,36,548,r3kb1r/pp2pppp/1qn2n2/2pp4/3P1Bb1/1PP1PN2/P4PPP/RN1QKB1R w KQkq -,MODEL_PREDICTION_NOT_EMPIRICAL
LON-09,B2,2100,maia3-79m,9,f3e5,Ne5,0.00025530977291055024,0.9992325453495141,0.4753327226050006,44,5,951,r3kb1r/pp2pppp/1qn2n2/2pp4/3P1Bb1/1PP1PN2/P4PPP/RN1QKB1R w KQkq -,MODEL_PREDICTION_NOT_EMPIRICAL
LON-09,B2,2100,maia3-79m,10,e1e2,Ke2,0.0002278998726978898,0.9992325453495141,0.4753327226050006,349,37,614,r3kb1r/pp2pppp/1qn2n2/2pp4/3P1Bb1/1PP1PN2/P4PPP/RN1QKB1R w KQkq -,MODEL_PREDICTION_NOT_EMPIRICAL
JOB-12,B2,1100,maia3-79m,1,b2b3,b3,0.370088666677475,0.9440226461738348,0.7672277971905239,350,17,633,rnb1kb1r/pp2pppp/1q3n2/2pp4/3P1B2/8/PPP1PPPP/RN1QKBNR w KQkq -,MODEL_PREDICTION_NOT_EMPIRICAL
JOB-12,B2,1100,maia3-79m,2,c2c3,c3,0.18840117752552032,0.9440226461738348,0.7672277971905239,300,17,683,rnb1kb1r/pp2pppp/1q3n2/2pp4/3P1B2/8/PPP1PPPP/RN1QKBNR w KQkq -,MODEL_PREDICTION_NOT_EMPIRICAL
JOB-12,B2,1100,maia3-79m,3,d4c5,dxc5,0.120601125061512,0.9440226461738348,0.7672277971905239,365,18,617,rnb1kb1r/pp2pppp/1q3n2/2pp4/3P1B2/8/PPP1PPPP/RN1QKBNR w KQkq -,MODEL_PREDICTION_NOT_EMPIRICAL
JOB-12,B2,1100,maia3-79m,4,e2e3,e3,0.08594120293855667,0.9440226461738348,0.7672277971905239,358,18,624,rnb1kb1r/pp2pppp/1q3n2/2pp4/3P1B2/8/PPP1PPPP/RN1QKBNR w KQkq -,MODEL_PREDICTION_NOT_EMPIRICAL
JOB-12,B2,1100,maia3-79m,5,b1c3,Nc3,0.04466239735484123,0.9440226461738348,0.7672277971905239,352,18,630,rnb1kb1r/pp2pppp/1q3n2/2pp4/3P1B2/8/PPP1PPPP/RN1QKBNR w KQkq -,MODEL_PREDICTION_NOT_EMPIRICAL
JOB-12,B2,1100,maia3-79m,6,g1f3,Nf3,0.03562026470899582,0.9440226461738348,0.7672277971905239,347,17,636,rnb1kb1r/pp2pppp/1q3n2/2pp4/3P1B2/8/PPP1PPPP/RN1QKBNR w KQkq -,MODEL_PREDICTION_NOT_EMPIRICAL
JOB-12,B2,1100,maia3-79m,7,f4c1,Bc1,0.034409299492836,0.9440226461738348,0.7672277971905239,356,19,625,rnb1kb1r/pp2pppp/1q3n2/2pp4/3P1B2/8/PPP1PPPP/RN1QKBNR w KQkq -,MODEL_PREDICTION_NOT_EMPIRICAL
JOB-12,B2,1100,maia3-79m,8,d1c1,Qc1,0.026094861328601837,0.9440226461738348,0.7672277971905239,373,18,609,rnb1kb1r/pp2pppp/1q3n2/2pp4/3P1B2/8/PPP1PPPP/RN1QKBNR w KQkq -,MODEL_PREDICTION_NOT_EMPIRICAL
JOB-12,B2,1100,maia3-79m,9,b1a3,Na3,0.0247080959379673,0.9440226461738348,0.7672277971905239,309,16,675,rnb1kb1r/pp2pppp/1q3n2/2pp4/3P1B2/8/PPP1PPPP/RN1QKBNR w KQkq -,MODEL_PREDICTION_NOT_EMPIRICAL
JOB-12,B2,1100,maia3-79m,10,b1d2,Nd2,0.013495555147528648,0.9440226461738348,0.7672277971905239,393,19,588,rnb1kb1r/pp2pppp/1q3n2/2pp4/3P1B2/8/PPP1PPPP/RN1QKBNR w KQkq -,MODEL_PREDICTION_NOT_EMPIRICAL
JOB-12,B2,1300,maia3-79m,1,b2b3,b3,0.42492032051086426,0.9582602120935917,0.7416132518911825,332,17,651,rnb1kb1r/pp2pppp/1q3n2/2pp4/3P1B2/8/PPP1PPPP/RN1QKBNR w KQkq -,MODEL_PREDICTION_NOT_EMPIRICAL
JOB-12,B2,1300,maia3-79m,2,d4c5,dxc5,0.15608437359333038,0.9582602120935917,0.7416132518911825,338,17,645,rnb1kb1r/pp2pppp/1q3n2/2pp4/3P1B2/8/PPP1PPPP/RN1QKBNR w KQkq -,MODEL_PREDICTION_NOT_EMPIRICAL
JOB-12,B2,1300,maia3-79m,3,c2c3,c3,0.13290441036224365,0.9582602120935917,0.7416132518911825,294,17,689,rnb1kb1r/pp2pppp/1q3n2/2pp4/3P1B2/8/PPP1PPPP/RN1QKBNR w KQkq -,MODEL_PREDICTION_NOT_EMPIRICAL
JOB-12,B2,1300,maia3-79m,4,e2e3,e3,0.06671353429555893,0.9582602120935917,0.7416132518911825,349,18,633,rnb1kb1r/pp2pppp/1q3n2/2pp4/3P1B2/8/PPP1PPPP/RN1QKBNR w KQkq -,MODEL_PREDICTION_NOT_EMPIRICAL
JOB-12,B2,1300,maia3-79m,5,f4c1,Bc1,0.04929065331816673,0.9582602120935917,0.7416132518911825,350,19,631,rnb1kb1r/pp2pppp/1q3n2/2pp4/3P1B2/8/PPP1PPPP/RN1QKBNR w KQkq -,MODEL_PREDICTION_NOT_EMPIRICAL
JOB-12,B2,1300,maia3-79m,6,d1c1,Qc1,0.04362472519278526,0.9582602120935917,0.7416132518911825,359,18,623,rnb1kb1r/pp2pppp/1q3n2/2pp4/3P1B2/8/PPP1PPPP/RN1QKBNR w KQkq -,MODEL_PREDICTION_NOT_EMPIRICAL
JOB-12,B2,1300,maia3-79m,7,g1f3,Nf3,0.03309608995914459,0.9582602120935917,0.7416132518911825,342,18,640,rnb1kb1r/pp2pppp/1q3n2/2pp4/3P1B2/8/PPP1PPPP/RN1QKBNR w KQkq -,MODEL_PREDICTION_NOT_EMPIRICAL
JOB-12,B2,1300,maia3-79m,8,b1c3,Nc3,0.024573124945163727,0.9582602120935917,0.7416132518911825,336,18,646,rnb1kb1r/pp2pppp/1q3n2/2pp4/3P1B2/8/PPP1PPPP/RN1QKBNR w KQkq -,MODEL_PREDICTION_NOT_EMPIRICAL
JOB-12,B2,1300,maia3-79m,9,b1d2,Nd2,0.014501753263175488,0.9582602120935917,0.7416132518911825,387,19,594,rnb1kb1r/pp2pppp/1q3n2/2pp4/3P1B2/8/PPP1PPPP/RN1QKBNR w KQkq -,MODEL_PREDICTION_NOT_EMPIRICAL
JOB-12,B2,1300,maia3-79m,10,b1a3,Na3,0.012551226653158665,0.9582602120935917,0.7416132518911825,279,16,705,rnb1kb1r/pp2pppp/1q3n2/2pp4/3P1B2/8/PPP1PPPP/RN1QKBNR w KQkq -,MODEL_PREDICTION_NOT_EMPIRICAL
JOB-12,B2,1500,maia3-79m,1,b2b3,b3,0.38577279448509216,0.9691103920340538,0.764545515145391,324,19,657,rnb1kb1r/pp2pppp/1q3n2/2pp4/3P1B2/8/PPP1PPPP/RN1QKBNR w KQkq -,MODEL_PREDICTION_NOT_EMPIRICAL
JOB-12,B2,1500,maia3-79m,2,d4c5,dxc5,0.21741501986980438,0.9691103920340538,0.764545515145391,320,18,662,rnb1kb1r/pp2pppp/1q3n2/2pp4/3P1B2/8/PPP1PPPP/RN1QKBNR w KQkq -,MODEL_PREDICTION_NOT_EMPIRICAL
JOB-12,B2,1500,maia3-79m,3,c2c3,c3,0.10074296593666077,0.9691103920340538,0.764545515145391,301,20,679,rnb1kb1r/pp2pppp/1q3n2/2pp4/3P1B2/8/PPP1PPPP/RN1QKBNR w KQkq -,MODEL_PREDICTION_NOT_EMPIRICAL
JOB-12,B2,1500,maia3-79m,4,d1c1,Qc1,0.06292860954999924,0.9691103920340538,0.764545515145391,354,19,627,rnb1kb1r/pp2pppp/1q3n2/2pp4/3P1B2/8/PPP1PPPP/RN1QKBNR w KQkq -,MODEL_PREDICTION_NOT_EMPIRICAL
JOB-12,B2,1500,maia3-79m,5,e2e3,e3,0.05950170382857323,0.9691103920340538,0.764545515145391,350,20,630,rnb1kb1r/pp2pppp/1q3n2/2pp4/3P1B2/8/PPP1PPPP/RN1QKBNR w KQkq -,MODEL_PREDICTION_NOT_EMPIRICAL
JOB-12,B2,1500,maia3-79m,6,f4c1,Bc1,0.057498589158058167,0.9691103920340538,0.764545515145391,347,20,633,rnb1kb1r/pp2pppp/1q3n2/2pp4/3P1B2/8/PPP1PPPP/RN1QKBNR w KQkq -,MODEL_PREDICTION_NOT_EMPIRICAL
JOB-12,B2,1500,maia3-79m,7,g1f3,Nf3,0.03280554339289665,0.9691103920340538,0.764545515145391,345,19,636,rnb1kb1r/pp2pppp/1q3n2/2pp4/3P1B2/8/PPP1PPPP/RN1QKBNR w KQkq -,MODEL_PREDICTION_NOT_EMPIRICAL
JOB-12,B2,1500,maia3-79m,8,b1d2,Nd2,0.019213128834962845,0.9691103920340538,0.764545515145391,386,20,594,rnb1kb1r/pp2pppp/1q3n2/2pp4/3P1B2/8/PPP1PPPP/RN1QKBNR w KQkq -,MODEL_PREDICTION_NOT_EMPIRICAL
JOB-12,B2,1500,maia3-79m,9,b1c3,Nc3,0.019080234691500664,0.9691103920340538,0.764545515145391,332,19,649,rnb1kb1r/pp2pppp/1q3n2/2pp4/3P1B2/8/PPP1PPPP/RN1QKBNR w KQkq -,MODEL_PREDICTION_NOT_EMPIRICAL
JOB-12,B2,1500,maia3-79m,10,f4b8,Bxb8,0.0141518022865057,0.9691103920340538,0.764545515145391,292,20,688,rnb1kb1r/pp2pppp/1q3n2/2pp4/3P1B2/8/PPP1PPPP/RN1QKBNR w KQkq -,MODEL_PREDICTION_NOT_EMPIRICAL
JOB-12,B2,1700,maia3-79m,1,b2b3,b3,0.31901589035987854,0.9767039474099874,0.7755459542464603,318,21,661,rnb1kb1r/pp2pppp/1q3n2/2pp4/3P1B2/8/PPP1PPPP/RN1QKBNR w KQkq -,MODEL_PREDICTION_NOT_EMPIRICAL
JOB-12,B2,1700,maia3-79m,2,d4c5,dxc5,0.2994842827320099,0.9767039474099874,0.7755459542464603,315,20,665,rnb1kb1r/pp2pppp/1q3n2/2pp4/3P1B2/8/PPP1PPPP/RN1QKBNR w KQkq -,MODEL_PREDICTION_NOT_EMPIRICAL
JOB-12,B2,1700,maia3-79m,3,c2c3,c3,0.08036255091428757,0.9767039474099874,0.7755459542464603,314,23,663,rnb1kb1r/pp2pppp/1q3n2/2pp4/3P1B2/8/PPP1PPPP/RN1QKBNR w KQkq -,MODEL_PREDICTION_NOT_EMPIRICAL
JOB-12,B2,1700,maia3-79m,4,d1c1,Qc1,0.06610506027936935,0.9767039474099874,0.7755459542464603,352,21,627,rnb1kb1r/pp2pppp/1q3n2/2pp4/3P1B2/8/PPP1PPPP/RN1QKBNR w KQkq -,MODEL_PREDICTION_NOT_EMPIRICAL
JOB-12,B2,1700,maia3-79m,5,e2e3,e3,0.06321422755718231,0.9767039474099874,0.7755459542464603,360,24,616,rnb1kb1r/pp2pppp/1q3n2/2pp4/3P1B2/8/PPP1PPPP/RN1QKBNR w KQkq -,MODEL_PREDICTION_NOT_EMPIRICAL
JOB-12,B2,1700,maia3-79m,6,f4c1,Bc1,0.0574568510055542,0.9767039474099874,0.7755459542464603,344,22,634,rnb1kb1r/pp2pppp/1q3n2/2pp4/3P1B2/8/PPP1PPPP/RN1QKBNR w KQkq -,MODEL_PREDICTION_NOT_EMPIRICAL
JOB-12,B2,1700,maia3-79m,7,g1f3,Nf3,0.035562653094530106,0.9767039474099874,0.7755459542464603,351,23,626,rnb1kb1r/pp2pppp/1q3n2/2pp4/3P1B2/8/PPP1PPPP/RN1QKBNR w KQkq -,MODEL_PREDICTION_NOT_EMPIRICAL
JOB-12,B2,1700,maia3-79m,8,b1d2,Nd2,0.022745557129383087,0.9767039474099874,0.7755459542464603,389,23,588,rnb1kb1r/pp2pppp/1q3n2/2pp4/3P1B2/8/PPP1PPPP/RN1QKBNR w KQkq -,MODEL_PREDICTION_NOT_EMPIRICAL
JOB-12,B2,1700,maia3-79m,9,b1c3,Nc3,0.017497031018137932,0.9767039474099874,0.7755459542464603,346,20,634,rnb1kb1r/pp2pppp/1q3n2/2pp4/3P1B2/8/PPP1PPPP/RN1QKBNR w KQkq -,MODEL_PREDICTION_NOT_EMPIRICAL
JOB-12,B2,1700,maia3-79m,10,f4b8,Bxb8,0.015259843319654465,0.9767039474099874,0.7755459542464603,282,23,695,rnb1kb1r/pp2pppp/1q3n2/2pp4/3P1B2/8/PPP1PPPP/RN1QKBNR w KQkq -,MODEL_PREDICTION_NOT_EMPIRICAL
JOB-12,B2,1900,maia3-79m,1,d4c5,dxc5,0.3991409242153168,0.9837722294032574,0.7567401025713013,320,24,656,rnb1kb1r/pp2pppp/1q3n2/2pp4/3P1B2/8/PPP1PPPP/RN1QKBNR w KQkq -,MODEL_PREDICTION_NOT_EMPIRICAL
JOB-12,B2,1900,maia3-79m,2,b2b3,b3,0.2423790544271469,0.9837722294032574,0.7567401025713013,302,24,674,rnb1kb1r/pp2pppp/1q3n2/2pp4/3P1B2/8/PPP1PPPP/RN1QKBNR w KQkq -,MODEL_PREDICTION_NOT_EMPIRICAL
JOB-12,B2,1900,maia3-79m,3,e2e3,e3,0.08020959049463272,0.9837722294032574,0.7567401025713013,374,29,597,rnb1kb1r/pp2pppp/1q3n2/2pp4/3P1B2/8/PPP1PPPP/RN1QKBNR w KQkq -,MODEL_PREDICTION_NOT_EMPIRICAL
JOB-12,B2,1900,maia3-79m,4,c2c3,c3,0.06423594057559967,0.9837722294032574,0.7567401025713013,326,28,646,rnb1kb1r/pp2pppp/1q3n2/2pp4/3P1B2/8/PPP1PPPP/RN1QKBNR w KQkq -,MODEL_PREDICTION_NOT_EMPIRICAL
JOB-12,B2,1900,maia3-79m,5,f4c1,Bc1,0.052037712186574936,0.9837722294032574,0.7567401025713013,333,26,641,rnb1kb1r/pp2pppp/1q3n2/2pp4/3P1B2/8/PPP1PPPP/RN1QKBNR w KQkq -,MODEL_PREDICTION_NOT_EMPIRICAL
JOB-12,B2,1900,maia3-79m,6,d1c1,Qc1,0.048449184745550156,0.9837722294032574,0.7567401025713013,349,25,626,rnb1kb1r/pp2pppp/1q3n2/2pp4/3P1B2/8/PPP1PPPP/RN1QKBNR w KQkq -,MODEL_PREDICTION_NOT_EMPIRICAL
JOB-12,B2,1900,maia3-79m,7,g1f3,Nf3,0.04248368740081787,0.9837722294032574,0.7567401025713013,358,28,614,rnb1kb1r/pp2pppp/1q3n2/2pp4/3P1B2/8/PPP1PPPP/RN1QKBNR w KQkq -,MODEL_PREDICTION_NOT_EMPIRICAL
JOB-12,B2,1900,maia3-79m,8,b1d2,Nd2,0.02176220901310444,0.9837722294032574,0.7567401025713013,390,27,583,rnb1kb1r/pp2pppp/1q3n2/2pp4/3P1B2/8/PPP1PPPP/RN1QKBNR w KQkq -,MODEL_PREDICTION_NOT_EMPIRICAL
JOB-12,B2,1900,maia3-79m,9,b1c3,Nc3,0.016578787937760353,0.9837722294032574,0.7567401025713013,365,22,613,rnb1kb1r/pp2pppp/1q3n2/2pp4/3P1B2/8/PPP1PPPP/RN1QKBNR w KQkq -,MODEL_PREDICTION_NOT_EMPIRICAL
JOB-12,B2,1900,maia3-79m,10,f4b8,Bxb8,0.01649513840675354,0.9837722294032574,0.7567401025713013,278,29,693,rnb1kb1r/pp2pppp/1q3n2/2pp4/3P1B2/8/PPP1PPPP/RN1QKBNR w KQkq -,MODEL_PREDICTION_NOT_EMPIRICAL
JOB-12,B2,2100,maia3-79m,1,d4c5,dxc5,0.48925352096557617,0.9873252548277378,0.7112060153315602,334,32,634,rnb1kb1r/pp2pppp/1q3n2/2pp4/3P1B2/8/PPP1PPPP/RN1QKBNR w KQkq -,MODEL_PREDICTION_NOT_EMPIRICAL
JOB-12,B2,2100,maia3-79m,2,b2b3,b3,0.1640682965517044,0.9873252548277378,0.7112060153315602,285,29,686,rnb1kb1r/pp2pppp/1q3n2/2pp4/3P1B2/8/PPP1PPPP/RN1QKBNR w KQkq -,MODEL_PREDICTION_NOT_EMPIRICAL
JOB-12,B2,2100,maia3-79m,3,e2e3,e3,0.11189404129981995,0.9873252548277378,0.7112060153315602,396,38,566,rnb1kb1r/pp2pppp/1q3n2/2pp4/3P1B2/8/PPP1PPPP/RN1QKBNR w KQkq -,MODEL_PREDICTION_NOT_EMPIRICAL
JOB-12,B2,2100,maia3-79m,4,g1f3,Nf3,0.0507337860763073,0.9873252548277378,0.7112060153315602,371,36,593,rnb1kb1r/pp2pppp/1q3n2/2pp4/3P1B2/8/PPP1PPPP/RN1QKBNR w KQkq -,MODEL_PREDICTION_NOT_EMPIRICAL
JOB-12,B2,2100,maia3-79m,5,c2c3,c3,0.04644763842225075,0.9873252548277378,0.7112060153315602,342,36,622,rnb1kb1r/pp2pppp/1q3n2/2pp4/3P1B2/8/PPP1PPPP/RN1QKBNR w KQkq -,MODEL_PREDICTION_NOT_EMPIRICAL
JOB-12,B2,2100,maia3-79m,6,f4c1,Bc1,0.042552486062049866,0.9873252548277378,0.7112060153315602,316,31,653,rnb1kb1r/pp2pppp/1q3n2/2pp4/3P1B2/8/PPP1PPPP/RN1QKBNR w KQkq -,MODEL_PREDICTION_NOT_EMPIRICAL
JOB-12,B2,2100,maia3-79m,7,d1c1,Qc1,0.027264462783932686,0.9873252548277378,0.7112060153315602,348,32,620,rnb1kb1r/pp2pppp/1q3n2/2pp4/3P1B2/8/PPP1PPPP/RN1QKBNR w KQkq -,MODEL_PREDICTION_NOT_EMPIRICAL
JOB-12,B2,2100,maia3-79m,8,b1d2,Nd2,0.02095840498805046,0.9873252548277378,0.7112060153315602,389,35,576,rnb1kb1r/pp2pppp/1q3n2/2pp4/3P1B2/8/PPP1PPPP/RN1QKBNR w KQkq -,MODEL_PREDICTION_NOT_EMPIRICAL
JOB-12,B2,2100,maia3-79m,9,b1c3,Nc3,0.018609140068292618,0.9873252548277378,0.7112060153315602,380,28,592,rnb1kb1r/pp2pppp/1q3n2/2pp4/3P1B2/8/PPP1PPPP/RN1QKBNR w KQkq -,MODEL_PREDICTION_NOT_EMPIRICAL
JOB-12,B2,2100,maia3-79m,10,f4b8,Bxb8,0.015543477609753609,0.9873252548277378,0.7112060153315602,288,38,674,rnb1kb1r/pp2pppp/1q3n2/2pp4/3P1B2/8/PPP1PPPP/RN1QKBNR w KQkq -,MODEL_PREDICTION_NOT_EMPIRICAL
TOR-10,B2,1100,maia3-79m,1,b2b3,b3,0.5388883352279663,0.9708002666011453,0.6731177291096698,459,19,522,rnb1kb1r/pp2pppp/1q6/2pp4/3PnB2/4PN2/PPP2PPP/RN1QKB1R w KQkq -,MODEL_PREDICTION_NOT_EMPIRICAL
TOR-10,B2,1100,maia3-79m,2,b1c3,Nc3,0.12607337534427643,0.9708002666011453,0.6731177291096698,439,19,542,rnb1kb1r/pp2pppp/1q6/2pp4/3PnB2/4PN2/PPP2PPP/RN1QKB1R w KQkq -,MODEL_PREDICTION_NOT_EMPIRICAL
TOR-10,B2,1100,maia3-79m,3,c2c3,c3,0.06690816581249237,0.9708002666011453,0.6731177291096698,323,16,661,rnb1kb1r/pp2pppp/1q6/2pp4/3PnB2/4PN2/PPP2PPP/RN1QKB1R w KQkq -,MODEL_PREDICTION_NOT_EMPIRICAL
TOR-10,B2,1100,maia3-79m,4,f1d3,Bd3,0.060218870639801025,0.9708002666011453,0.6731177291096698,434,19,547,rnb1kb1r/pp2pppp/1q6/2pp4/3PnB2/4PN2/PPP2PPP/RN1QKB1R w KQkq -,MODEL_PREDICTION_NOT_EMPIRICAL
TOR-10,B2,1100,maia3-79m,5,d1c1,Qc1,0.04722488299012184,0.9708002666011453,0.6731177291096698,489,18,493,rnb1kb1r/pp2pppp/1q6/2pp4/3PnB2/4PN2/PPP2PPP/RN1QKB1R w KQkq -,MODEL_PREDICTION_NOT_EMPIRICAL
TOR-10,B2,1100,maia3-79m,6,b1d2,Nbd2,0.045014362782239914,0.9708002666011453,0.6731177291096698,488,20,492,rnb1kb1r/pp2pppp/1q6/2pp4/3PnB2/4PN2/PPP2PPP/RN1QKB1R w KQkq -,MODEL_PREDICTION_NOT_EMPIRICAL
TOR-10,B2,1100,maia3-79m,7,d4c5,dxc5,0.039315883070230484,0.9708002666011453,0.6731177291096698,442,18,540,rnb1kb1r/pp2pppp/1q6/2pp4/3PnB2/4PN2/PPP2PPP/RN1QKB1R w KQkq -,MODEL_PREDICTION_NOT_EMPIRICAL
TOR-10,B2,1100,maia3-79m,8,c2c4,c4,0.018823781982064247,0.9708002666011453,0.6731177291096698,343,15,642,rnb1kb1r/pp2pppp/1q6/2pp4/3PnB2/4PN2/PPP2PPP/RN1QKB1R w KQkq -,MODEL_PREDICTION_NOT_EMPIRICAL
TOR-10,B2,1100,maia3-79m,9,b1a3,Na3,0.017635680735111237,0.9708002666011453,0.6731177291096698,398,17,585,rnb1kb1r/pp2pppp/1q6/2pp4/3PnB2/4PN2/PPP2PPP/RN1QKB1R w KQkq -,MODEL_PREDICTION_NOT_EMPIRICAL
TOR-10,B2,1100,maia3-79m,10,f3e5,Ne5,0.010696928016841412,0.9708002666011453,0.6731177291096698,369,16,615,rnb1kb1r/pp2pppp/1q6/2pp4/3PnB2/4PN2/PPP2PPP/RN1QKB1R w KQkq -,MODEL_PREDICTION_NOT_EMPIRICAL
TOR-10,B2,1300,maia3-79m,1,b2b3,b3,0.60960853099823,0.9830485652200878,0.5972612827967719,442,20,538,rnb1kb1r/pp2pppp/1q6/2pp4/3PnB2/4PN2/PPP2PPP/RN1QKB1R w KQkq -,MODEL_PREDICTION_NOT_EMPIRICAL
TOR-10,B2,1300,maia3-79m,2,d1c1,Qc1,0.10237016528844833,0.9830485652200878,0.5972612827967719,478,19,503,rnb1kb1r/pp2pppp/1q6/2pp4/3PnB2/4PN2/PPP2PPP/RN1QKB1R w KQkq -,MODEL_PREDICTION_NOT_EMPIRICAL
TOR-10,B2,1300,maia3-79m,3,b1c3,Nc3,0.0884741023182869,0.9830485652200878,0.5972612827967719,441,19,540,rnb1kb1r/pp2pppp/1q6/2pp4/3PnB2/4PN2/PPP2PPP/RN1QKB1R w KQkq -,MODEL_PREDICTION_NOT_EMPIRICAL
TOR-10,B2,1300,maia3-79m,4,b1d2,Nbd2,0.049061473459005356,0.9830485652200878,0.5972612827967719,484,20,496,rnb1kb1r/pp2pppp/1q6/2pp4/3PnB2/4PN2/PPP2PPP/RN1QKB1R w KQkq -,MODEL_PREDICTION_NOT_EMPIRICAL
TOR-10,B2,1300,maia3-79m,5,c2c3,c3,0.04118911549448967,0.9830485652200878,0.5972612827967719,316,17,667,rnb1kb1r/pp2pppp/1q6/2pp4/3PnB2/4PN2/PPP2PPP/RN1QKB1R w KQkq -,MODEL_PREDICTION_NOT_EMPIRICAL
TOR-10,B2,1300,maia3-79m,6,d4c5,dxc5,0.03699810057878494,0.9830485652200878,0.5972612827967719,426,18,556,rnb1kb1r/pp2pppp/1q6/2pp4/3PnB2/4PN2/PPP2PPP/RN1QKB1R w KQkq -,MODEL_PREDICTION_NOT_EMPIRICAL
TOR-10,B2,1300,maia3-79m,7,f1d3,Bd3,0.03076331503689289,0.9830485652200878,0.5972612827967719,442,19,539,rnb1kb1r/pp2pppp/1q6/2pp4/3PnB2/4PN2/PPP2PPP/RN1QKB1R w KQkq -,MODEL_PREDICTION_NOT_EMPIRICAL
TOR-10,B2,1300,maia3-79m,8,b1a3,Na3,0.009663411416113377,0.9830485652200878,0.5972612827967719,371,16,613,rnb1kb1r/pp2pppp/1q6/2pp4/3PnB2/4PN2/PPP2PPP/RN1QKB1R w KQkq -,MODEL_PREDICTION_NOT_EMPIRICAL
TOR-10,B2,1300,maia3-79m,9,c2c4,c4,0.009596040472388268,0.9830485652200878,0.5972612827967719,339,15,646,rnb1kb1r/pp2pppp/1q6/2pp4/3PnB2/4PN2/PPP2PPP/RN1QKB1R w KQkq -,MODEL_PREDICTION_NOT_EMPIRICAL
TOR-10,B2,1300,maia3-79m,10,f4b8,Bxb8,0.005324310157448053,0.9830485652200878,0.5972612827967719,397,19,584,rnb1kb1r/pp2pppp/1q6/2pp4/3PnB2/4PN2/PPP2PPP/RN1QKB1R w KQkq -,MODEL_PREDICTION_NOT_EMPIRICAL
TOR-10,B2,1500,maia3-79m,1,b2b3,b3,0.5735231041908264,0.9900064091198146,0.5943063683343808,442,22,536,rnb1kb1r/pp2pppp/1q6/2pp4/3PnB2/4PN2/PPP2PPP/RN1QKB1R w KQkq -,MODEL_PREDICTION_NOT_EMPIRICAL
TOR-10,B2,1500,maia3-79m,2,d1c1,Qc1,0.18621878325939178,0.9900064091198146,0.5943063683343808,475,21,504,rnb1kb1r/pp2pppp/1q6/2pp4/3PnB2/4PN2/PPP2PPP/RN1QKB1R w KQkq -,MODEL_PREDICTION_NOT_EMPIRICAL
TOR-10,B2,1500,maia3-79m,3,b1c3,Nc3,0.07395201176404953,0.9900064091198146,0.5943063683343808,458,21,521,rnb1kb1r/pp2pppp/1q6/2pp4/3PnB2/4PN2/PPP2PPP/RN1QKB1R w KQkq -,MODEL_PREDICTION_NOT_EMPIRICAL
TOR-10,B2,1500,maia3-79m,4,b1d2,Nbd2,0.05567718669772148,0.9900064091198146,0.5943063683343808,485,22,493,rnb1kb1r/pp2pppp/1q6/2pp4/3PnB2/4PN2/PPP2PPP/RN1QKB1R w KQkq -,MODEL_PREDICTION_NOT_EMPIRICAL
TOR-10,B2,1500,maia3-79m,5,d4c5,dxc5,0.037929240614175797,0.9900064091198146,0.5943063683343808,415,19,566,rnb1kb1r/pp2pppp/1q6/2pp4/3PnB2/4PN2/PPP2PPP/RN1QKB1R w KQkq -,MODEL_PREDICTION_NOT_EMPIRICAL
TOR-10,B2,1500,maia3-79m,6,c2c3,c3,0.027872851118445396,0.9900064091198146,0.5943063683343808,320,19,661,rnb1kb1r/pp2pppp/1q6/2pp4/3PnB2/4PN2/PPP2PPP/RN1QKB1R w KQkq -,MODEL_PREDICTION_NOT_EMPIRICAL
TOR-10,B2,1500,maia3-79m,7,f1d3,Bd3,0.01807318441569805,0.9900064091198146,0.5943063683343808,446,21,533,rnb1kb1r/pp2pppp/1q6/2pp4/3PnB2/4PN2/PPP2PPP/RN1QKB1R w KQkq -,MODEL_PREDICTION_NOT_EMPIRICAL
TOR-10,B2,1500,maia3-79m,8,b1a3,Na3,0.0063726515509188175,0.9900064091198146,0.5943063683343808,369,17,614,rnb1kb1r/pp2pppp/1q6/2pp4/3PnB2/4PN2/PPP2PPP/RN1QKB1R w KQkq -,MODEL_PREDICTION_NOT_EMPIRICAL
TOR-10,B2,1500,maia3-79m,9,c2c4,c4,0.005928679835051298,0.9900064091198146,0.5943063683343808,347,18,635,rnb1kb1r/pp2pppp/1q6/2pp4/3PnB2/4PN2/PPP2PPP/RN1QKB1R w KQkq -,MODEL_PREDICTION_NOT_EMPIRICAL
TOR-10,B2,1500,maia3-79m,10,f4b8,Bxb8,0.004458715673536062,0.9900064091198146,0.5943063683343808,383,21,596,rnb1kb1r/pp2pppp/1q6/2pp4/3PnB2/4PN2/PPP2PPP/RN1QKB1R w KQkq -,MODEL_PREDICTION_NOT_EMPIRICAL
TOR-10,B2,1700,maia3-79m,1,b2b3,b3,0.5127859711647034,0.9937098247464746,0.6008000931901517,446,26,528,rnb1kb1r/pp2pppp/1q6/2pp4/3PnB2/4PN2/PPP2PPP/RN1QKB1R w KQkq -,MODEL_PREDICTION_NOT_EMPIRICAL
TOR-10,B2,1700,maia3-79m,2,d1c1,Qc1,0.2648370862007141,0.9937098247464746,0.6008000931901517,479,25,496,rnb1kb1r/pp2pppp/1q6/2pp4/3PnB2/4PN2/PPP2PPP/RN1QKB1R w KQkq -,MODEL_PREDICTION_NOT_EMPIRICAL
TOR-10,B2,1700,maia3-79m,3,b1c3,Nc3,0.0672655776143074,0.9937098247464746,0.6008000931901517,501,24,475,rnb1kb1r/pp2pppp/1q6/2pp4/3PnB2/4PN2/PPP2PPP/RN1QKB1R w KQkq -,MODEL_PREDICTION_NOT_EMPIRICAL
TOR-10,B2,1700,maia3-79m,4,b1d2,Nbd2,0.06185494363307953,0.9937098247464746,0.6008000931901517,486,26,488,rnb1kb1r/pp2pppp/1q6/2pp4/3PnB2/4PN2/PPP2PPP/RN1QKB1R w KQkq -,MODEL_PREDICTION_NOT_EMPIRICAL
TOR-10,B2,1700,maia3-79m,5,d4c5,dxc5,0.04098191112279892,0.9937098247464746,0.6008000931901517,414,22,564,rnb1kb1r/pp2pppp/1q6/2pp4/3PnB2/4PN2/PPP2PPP/RN1QKB1R w KQkq -,MODEL_PREDICTION_NOT_EMPIRICAL
TOR-10,B2,1700,maia3-79m,6,c2c3,c3,0.020421965047717094,0.9937098247464746,0.6008000931901517,334,22,644,rnb1kb1r/pp2pppp/1q6/2pp4/3PnB2/4PN2/PPP2PPP/RN1QKB1R w KQkq -,MODEL_PREDICTION_NOT_EMPIRICAL
TOR-10,B2,1700,maia3-79m,7,f1d3,Bd3,0.013224727474153042,0.9937098247464746,0.6008000931901517,448,24,528,rnb1kb1r/pp2pppp/1q6/2pp4/3PnB2/4PN2/PPP2PPP/RN1QKB1R w KQkq -,MODEL_PREDICTION_NOT_EMPIRICAL
TOR-10,B2,1700,maia3-79m,8,b1a3,Na3,0.004547960124909878,0.9937098247464746,0.6008000931901517,393,18,589,rnb1kb1r/pp2pppp/1q6/2pp4/3PnB2/4PN2/PPP2PPP/RN1QKB1R w KQkq -,MODEL_PREDICTION_NOT_EMPIRICAL
TOR-10,B2,1700,maia3-79m,9,f4b8,Bxb8,0.0040000188164412975,0.9937098247464746,0.6008000931901517,374,26,600,rnb1kb1r/pp2pppp/1q6/2pp4/3PnB2/4PN2/PPP2PPP/RN1QKB1R w KQkq -,MODEL_PREDICTION_NOT_EMPIRICAL
TOR-10,B2,1700,maia3-79m,10,c2c4,c4,0.0037896635476499796,0.9937098247464746,0.6008000931901517,371,21,608,rnb1kb1r/pp2pppp/1q6/2pp4/3PnB2/4PN2/PPP2PPP/RN1QKB1R w KQkq -,MODEL_PREDICTION_NOT_EMPIRICAL
TOR-10,B2,1900,maia3-79m,1,b2b3,b3,0.44874292612075806,0.9955456622410566,0.6002000101988979,450,31,519,rnb1kb1r/pp2pppp/1q6/2pp4/3PnB2/4PN2/PPP2PPP/RN1QKB1R w KQkq -,MODEL_PREDICTION_NOT_EMPIRICAL
TOR-10,B2,1900,maia3-79m,2,d1c1,Qc1,0.3357648551464081,0.9955456622410566,0.6002000101988979,489,31,480,rnb1kb1r/pp2pppp/1q6/2pp4/3PnB2/4PN2/PPP2PPP/RN1QKB1R w KQkq -,MODEL_PREDICTION_NOT_EMPIRICAL
TOR-10,B2,1900,maia3-79m,3,b1c3,Nc3,0.07073110342025757,0.9955456622410566,0.6002000101988979,568,29,403,rnb1kb1r/pp2pppp/1q6/2pp4/3PnB2/4PN2/PPP2PPP/RN1QKB1R w KQkq -,MODEL_PREDICTION_NOT_EMPIRICAL
TOR-10,B2,1900,maia3-79m,4,b1d2,Nbd2,0.06863030046224594,0.9955456622410566,0.6002000101988979,493,32,475,rnb1kb1r/pp2pppp/1q6/2pp4/3PnB2/4PN2/PPP2PPP/RN1QKB1R w KQkq -,MODEL_PREDICTION_NOT_EMPIRICAL
TOR-10,B2,1900,maia3-79m,5,d4c5,dxc5,0.038246192038059235,0.9955456622410566,0.6002000101988979,426,28,546,rnb1kb1r/pp2pppp/1q6/2pp4/3PnB2/4PN2/PPP2PPP/RN1QKB1R w KQkq -,MODEL_PREDICTION_NOT_EMPIRICAL
TOR-10,B2,1900,maia3-79m,6,c2c3,c3,0.013635748066008091,0.9955456622410566,0.6002000101988979,357,28,615,rnb1kb1r/pp2pppp/1q6/2pp4/3PnB2/4PN2/PPP2PPP/RN1QKB1R w KQkq -,MODEL_PREDICTION_NOT_EMPIRICAL
TOR-10,B2,1900,maia3-79m,7,f1d3,Bd3,0.010482344776391983,0.9955456622410566,0.6002000101988979,463,30,507,rnb1kb1r/pp2pppp/1q6/2pp4/3PnB2/4PN2/PPP2PPP/RN1QKB1R w KQkq -,MODEL_PREDICTION_NOT_EMPIRICAL
TOR-10,B2,1900,maia3-79m,8,b1a3,Na3,0.003662948263809085,0.9955456622410566,0.6002000101988979,447,22,531,rnb1kb1r/pp2pppp/1q6/2pp4/3PnB2/4PN2/PPP2PPP/RN1QKB1R w KQkq -,MODEL_PREDICTION_NOT_EMPIRICAL
TOR-10,B2,1900,maia3-79m,9,f4b8,Bxb8,0.0033488061744719744,0.9955456622410566,0.6002000101988979,384,33,583,rnb1kb1r/pp2pppp/1q6/2pp4/3PnB2/4PN2/PPP2PPP/RN1QKB1R w KQkq -,MODEL_PREDICTION_NOT_EMPIRICAL
TOR-10,B2,1900,maia3-79m,10,c2c4,c4,0.0023004377726465464,0.9955456622410566,0.6002000101988979,405,26,569,rnb1kb1r/pp2pppp/1q6/2pp4/3PnB2/4PN2/PPP2PPP/RN1QKB1R w KQkq -,MODEL_PREDICTION_NOT_EMPIRICAL
TOR-10,B2,2100,maia3-79m,1,d1c1,Qc1,0.3924597501754761,0.9966376771917567,0.6099262858497008,496,40,464,rnb1kb1r/pp2pppp/1q6/2pp4/3PnB2/4PN2/PPP2PPP/RN1QKB1R w KQkq -,MODEL_PREDICTION_NOT_EMPIRICAL
TOR-10,B2,2100,maia3-79m,2,b2b3,b3,0.35966286063194275,0.9966376771917567,0.6099262858497008,454,39,507,rnb1kb1r/pp2pppp/1q6/2pp4/3PnB2/4PN2/PPP2PPP/RN1QKB1R w KQkq -,MODEL_PREDICTION_NOT_EMPIRICAL
TOR-10,B2,2100,maia3-79m,3,b1c3,Nc3,0.11210817098617554,0.9966376771917567,0.6099262858497008,613,38,349,rnb1kb1r/pp2pppp/1q6/2pp4/3PnB2/4PN2/PPP2PPP/RN1QKB1R w KQkq -,MODEL_PREDICTION_NOT_EMPIRICAL
TOR-10,B2,2100,maia3-79m,4,b1d2,Nbd2,0.0820244699716568,0.9966376771917567,0.6099262858497008,511,42,447,rnb1kb1r/pp2pppp/1q6/2pp4/3PnB2/4PN2/PPP2PPP/RN1QKB1R w KQkq -,MODEL_PREDICTION_NOT_EMPIRICAL
TOR-10,B2,2100,maia3-79m,5,d4c5,dxc5,0.02716165967285633,0.9966376771917567,0.6099262858497008,464,38,498,rnb1kb1r/pp2pppp/1q6/2pp4/3PnB2/4PN2/PPP2PPP/RN1QKB1R w KQkq -,MODEL_PREDICTION_NOT_EMPIRICAL
TOR-10,B2,2100,maia3-79m,6,f1d3,Bd3,0.00830125156790018,0.9966376771917567,0.6099262858497008,492,39,469,rnb1kb1r/pp2pppp/1q6/2pp4/3PnB2/4PN2/PPP2PPP/RN1QKB1R w KQkq -,MODEL_PREDICTION_NOT_EMPIRICAL
TOR-10,B2,2100,maia3-79m,7,c2c3,c3,0.006424800027161837,0.9966376771917567,0.6099262858497008,390,36,574,rnb1kb1r/pp2pppp/1q6/2pp4/3PnB2/4PN2/PPP2PPP/RN1QKB1R w KQkq -,MODEL_PREDICTION_NOT_EMPIRICAL
TOR-10,B2,2100,maia3-79m,8,b1a3,Na3,0.00470519345253706,0.9966376771917567,0.6099262858497008,503,28,469,rnb1kb1r/pp2pppp/1q6/2pp4/3PnB2/4PN2/PPP2PPP/RN1QKB1R w KQkq -,MODEL_PREDICTION_NOT_EMPIRICAL
TOR-10,B2,2100,maia3-79m,9,f4b8,Bxb8,0.002094282303005457,0.9966376771917567,0.6099262858497008,413,46,541,rnb1kb1r/pp2pppp/1q6/2pp4/3PnB2/4PN2/PPP2PPP/RN1QKB1R w KQkq -,MODEL_PREDICTION_NOT_EMPIRICAL
TOR-10,B2,2100,maia3-79m,10,c2c4,c4,0.001695238403044641,0.9966376771917567,0.6099262858497008,443,33,524,rnb1kb1r/pp2pppp/1q6/2pp4/3PnB2/4PN2/PPP2PPP/RN1QKB1R w KQkq -,MODEL_PREDICTION_NOT_EMPIRICAL
LON-01,B3,1100,maia3-79m,1,b1d2,Nbd2,0.44734448194503784,0.9857394611462951,0.7164474257190675,489,41,470,r1b1kb1r/1p2pppp/1pn2n2/3p4/2pP1B2/2P1PN2/PP3PPP/RN2KB1R w KQkq -,MODEL_PREDICTION_NOT_EMPIRICAL
LON-01,B3,1100,maia3-79m,2,f1e2,Be2,0.16262146830558777,0.9857394611462951,0.7164474257190675,497,42,461,r1b1kb1r/1p2pppp/1pn2n2/3p4/2pP1B2/2P1PN2/PP3PPP/RN2KB1R w KQkq -,MODEL_PREDICTION_NOT_EMPIRICAL
LON-01,B3,1100,maia3-79m,3,f3e5,Ne5,0.1177898421883583,0.9857394611462951,0.7164474257190675,480,46,474,r1b1kb1r/1p2pppp/1pn2n2/3p4/2pP1B2/2P1PN2/PP3PPP/RN2KB1R w KQkq -,MODEL_PREDICTION_NOT_EMPIRICAL
LON-01,B3,1100,maia3-79m,4,b1a3,Na3,0.10022716224193573,0.9857394611462951,0.7164474257190675,522,39,439,r1b1kb1r/1p2pppp/1pn2n2/3p4/2pP1B2/2P1PN2/PP3PPP/RN2KB1R w KQkq -,MODEL_PREDICTION_NOT_EMPIRICAL
LON-01,B3,1100,maia3-79m,5,b2b3,b3,0.08132155239582062,0.9857394611462951,0.7164474257190675,368,40,592,r1b1kb1r/1p2pppp/1pn2n2/3p4/2pP1B2/2P1PN2/PP3PPP/RN2KB1R w KQkq -,MODEL_PREDICTION_NOT_EMPIRICAL
LON-01,B3,1100,maia3-79m,6,a2a3,a3,0.03252360597252846,0.9857394611462951,0.7164474257190675,473,45,482,r1b1kb1r/1p2pppp/1pn2n2/3p4/2pP1B2/2P1PN2/PP3PPP/RN2KB1R w KQkq -,MODEL_PREDICTION_NOT_EMPIRICAL
LON-01,B3,1100,maia3-79m,7,f4c7,Bc7,0.014605144970119,0.9857394611462951,0.7164474257190675,499,40,461,r1b1kb1r/1p2pppp/1pn2n2/3p4/2pP1B2/2P1PN2/PP3PPP/RN2KB1R w KQkq -,MODEL_PREDICTION_NOT_EMPIRICAL
LON-01,B3,1100,maia3-79m,8,a2a4,a4,0.013226775452494621,0.9857394611462951,0.7164474257190675,457,45,498,r1b1kb1r/1p2pppp/1pn2n2/3p4/2pP1B2/2P1PN2/PP3PPP/RN2KB1R w KQkq -,MODEL_PREDICTION_NOT_EMPIRICAL
LON-01,B3,1100,maia3-79m,9,g2g3,g3,0.008412390016019344,0.9857394611462951,0.7164474257190675,482,43,475,r1b1kb1r/1p2pppp/1pn2n2/3p4/2pP1B2/2P1PN2/PP3PPP/RN2KB1R w KQkq -,MODEL_PREDICTION_NOT_EMPIRICAL
LON-01,B3,1100,maia3-79m,10,b2b4,b4,0.007667037658393383,0.9857394611462951,0.7164474257190675,448,39,513,r1b1kb1r/1p2pppp/1pn2n2/3p4/2pP1B2/2P1PN2/PP3PPP/RN2KB1R w KQkq -,MODEL_PREDICTION_NOT_EMPIRICAL
LON-01,B3,1300,maia3-79m,1,b1d2,Nbd2,0.47323718667030334,0.9905146677047014,0.6923511337668247,466,41,493,r1b1kb1r/1p2pppp/1pn2n2/3p4/2pP1B2/2P1PN2/PP3PPP/RN2KB1R w KQkq -,MODEL_PREDICTION_NOT_EMPIRICAL
LON-01,B3,1300,maia3-79m,2,f1e2,Be2,0.2010473608970642,0.9905146677047014,0.6923511337668247,477,42,481,r1b1kb1r/1p2pppp/1pn2n2/3p4/2pP1B2/2P1PN2/PP3PPP/RN2KB1R w KQkq -,MODEL_PREDICTION_NOT_EMPIRICAL
LON-01,B3,1300,maia3-79m,3,f3e5,Ne5,0.08671895414590836,0.9905146677047014,0.6923511337668247,457,46,497,r1b1kb1r/1p2pppp/1pn2n2/3p4/2pP1B2/2P1PN2/PP3PPP/RN2KB1R w KQkq -,MODEL_PREDICTION_NOT_EMPIRICAL
LON-01,B3,1300,maia3-79m,4,b1a3,Na3,0.08631515502929688,0.9905146677047014,0.6923511337668247,510,38,452,r1b1kb1r/1p2pppp/1pn2n2/3p4/2pP1B2/2P1PN2/PP3PPP/RN2KB1R w KQkq -,MODEL_PREDICTION_NOT_EMPIRICAL
LON-01,B3,1300,maia3-79m,5,b2b3,b3,0.058571092784404755,0.9905146677047014,0.6923511337668247,342,37,621,r1b1kb1r/1p2pppp/1pn2n2/3p4/2pP1B2/2P1PN2/PP3PPP/RN2KB1R w KQkq -,MODEL_PREDICTION_NOT_EMPIRICAL
LON-01,B3,1300,maia3-79m,6,a2a3,a3,0.03907499834895134,0.9905146677047014,0.6923511337668247,451,44,505,r1b1kb1r/1p2pppp/1pn2n2/3p4/2pP1B2/2P1PN2/PP3PPP/RN2KB1R w KQkq -,MODEL_PREDICTION_NOT_EMPIRICAL
LON-01,B3,1300,maia3-79m,7,f4c7,Bc7,0.01574105955660343,0.9905146677047014,0.6923511337668247,463,40,497,r1b1kb1r/1p2pppp/1pn2n2/3p4/2pP1B2/2P1PN2/PP3PPP/RN2KB1R w KQkq -,MODEL_PREDICTION_NOT_EMPIRICAL
LON-01,B3,1300,maia3-79m,8,a2a4,a4,0.014556268230080605,0.9905146677047014,0.6923511337668247,435,44,521,r1b1kb1r/1p2pppp/1pn2n2/3p4/2pP1B2/2P1PN2/PP3PPP/RN2KB1R w KQkq -,MODEL_PREDICTION_NOT_EMPIRICAL
LON-01,B3,1300,maia3-79m,9,h2h3,h3,0.00822921097278595,0.9905146677047014,0.6923511337668247,463,42,495,r1b1kb1r/1p2pppp/1pn2n2/3p4/2pP1B2/2P1PN2/PP3PPP/RN2KB1R w KQkq -,MODEL_PREDICTION_NOT_EMPIRICAL
LON-01,B3,1300,maia3-79m,10,g2g3,g3,0.007023381069302559,0.9905146677047014,0.6923511337668247,467,42,491,r1b1kb1r/1p2pppp/1pn2n2/3p4/2pP1B2/2P1PN2/PP3PPP/RN2KB1R w KQkq -,MODEL_PREDICTION_NOT_EMPIRICAL
LON-01,B3,1500,maia3-79m,1,b1d2,Nbd2,0.49765682220458984,0.9934776611626148,0.6666588026857744,449,43,508,r1b1kb1r/1p2pppp/1pn2n2/3p4/2pP1B2/2P1PN2/PP3PPP/RN2KB1R w KQkq -,MODEL_PREDICTION_NOT_EMPIRICAL
LON-01,B3,1500,maia3-79m,2,f1e2,Be2,0.21879126131534576,0.9934776611626148,0.6666588026857744,458,44,498,r1b1kb1r/1p2pppp/1pn2n2/3p4/2pP1B2/2P1PN2/PP3PPP/RN2KB1R w KQkq -,MODEL_PREDICTION_NOT_EMPIRICAL
LON-01,B3,1500,maia3-79m,3,b1a3,Na3,0.07301048189401627,0.9934776611626148,0.6666588026857744,506,38,456,r1b1kb1r/1p2pppp/1pn2n2/3p4/2pP1B2/2P1PN2/PP3PPP/RN2KB1R w KQkq -,MODEL_PREDICTION_NOT_EMPIRICAL
LON-01,B3,1500,maia3-79m,4,f3e5,Ne5,0.06306418031454086,0.9934776611626148,0.6666588026857744,436,48,516,r1b1kb1r/1p2pppp/1pn2n2/3p4/2pP1B2/2P1PN2/PP3PPP/RN2KB1R w KQkq -,MODEL_PREDICTION_NOT_EMPIRICAL
LON-01,B3,1500,maia3-79m,5,a2a3,a3,0.05631577596068382,0.9934776611626148,0.6666588026857744,434,47,519,r1b1kb1r/1p2pppp/1pn2n2/3p4/2pP1B2/2P1PN2/PP3PPP/RN2KB1R w KQkq -,MODEL_PREDICTION_NOT_EMPIRICAL
LON-01,B3,1500,maia3-79m,6,b2b3,b3,0.038087137043476105,0.9934776611626148,0.6666588026857744,327,38,635,r1b1kb1r/1p2pppp/1pn2n2/3p4/2pP1B2/2P1PN2/PP3PPP/RN2KB1R w KQkq -,MODEL_PREDICTION_NOT_EMPIRICAL
LON-01,B3,1500,maia3-79m,7,a2a4,a4,0.016405245289206505,0.9934776611626148,0.6666588026857744,409,45,546,r1b1kb1r/1p2pppp/1pn2n2/3p4/2pP1B2/2P1PN2/PP3PPP/RN2KB1R w KQkq -,MODEL_PREDICTION_NOT_EMPIRICAL
LON-01,B3,1500,maia3-79m,8,f4c7,Bc7,0.015418504364788532,0.9934776611626148,0.6666588026857744,434,42,524,r1b1kb1r/1p2pppp/1pn2n2/3p4/2pP1B2/2P1PN2/PP3PPP/RN2KB1R w KQkq -,MODEL_PREDICTION_NOT_EMPIRICAL
LON-01,B3,1500,maia3-79m,9,h2h3,h3,0.009547782130539417,0.9934776611626148,0.6666588026857744,443,45,512,r1b1kb1r/1p2pppp/1pn2n2/3p4/2pP1B2/2P1PN2/PP3PPP/RN2KB1R w KQkq -,MODEL_PREDICTION_NOT_EMPIRICAL
LON-01,B3,1500,maia3-79m,10,g2g3,g3,0.005180470645427704,0.9934776611626148,0.6666588026857744,445,44,511,r1b1kb1r/1p2pppp/1pn2n2/3p4/2pP1B2/2P1PN2/PP3PPP/RN2KB1R w KQkq -,MODEL_PREDICTION_NOT_EMPIRICAL
LON-01,B3,1700,maia3-79m,1,b1d2,Nbd2,0.5205904245376587,0.9953767301049083,0.6419406554605672,430,48,522,r1b1kb1r/1p2pppp/1pn2n2/3p4/2pP1B2/2P1PN2/PP3PPP/RN2KB1R w KQkq -,MODEL_PREDICTION_NOT_EMPIRICAL
LON-01,B3,1700,maia3-79m,2,f1e2,Be2,0.21056394279003143,0.9953767301049083,0.6419406554605672,445,49,506,r1b1kb1r/1p2pppp/1pn2n2/3p4/2pP1B2/2P1PN2/PP3PPP/RN2KB1R w KQkq -,MODEL_PREDICTION_NOT_EMPIRICAL
LON-01,B3,1700,maia3-79m,3,a2a3,a3,0.08628038316965103,0.9953767301049083,0.6419406554605672,429,52,519,r1b1kb1r/1p2pppp/1pn2n2/3p4/2pP1B2/2P1PN2/PP3PPP/RN2KB1R w KQkq -,MODEL_PREDICTION_NOT_EMPIRICAL
LON-01,B3,1700,maia3-79m,4,b1a3,Na3,0.06618009507656097,0.9953767301049083,0.6419406554605672,504,43,453,r1b1kb1r/1p2pppp/1pn2n2/3p4/2pP1B2/2P1PN2/PP3PPP/RN2KB1R w KQkq -,MODEL_PREDICTION_NOT_EMPIRICAL
LON-01,B3,1700,maia3-79m,5,f3e5,Ne5,0.044923581182956696,0.9953767301049083,0.6419406554605672,423,52,525,r1b1kb1r/1p2pppp/1pn2n2/3p4/2pP1B2/2P1PN2/PP3PPP/RN2KB1R w KQkq -,MODEL_PREDICTION_NOT_EMPIRICAL
LON-01,B3,1700,maia3-79m,6,b2b3,b3,0.023249037563800812,0.9953767301049083,0.6419406554605672,302,41,657,r1b1kb1r/1p2pppp/1pn2n2/3p4/2pP1B2/2P1PN2/PP3PPP/RN2KB1R w KQkq -,MODEL_PREDICTION_NOT_EMPIRICAL
LON-01,B3,1700,maia3-79m,7,a2a4,a4,0.014676975086331367,0.9953767301049083,0.6419406554605672,383,48,569,r1b1kb1r/1p2pppp/1pn2n2/3p4/2pP1B2/2P1PN2/PP3PPP/RN2KB1R w KQkq -,MODEL_PREDICTION_NOT_EMPIRICAL
LON-01,B3,1700,maia3-79m,8,f4c7,Bc7,0.014501861296594143,0.9953767301049083,0.6419406554605672,410,43,547,r1b1kb1r/1p2pppp/1pn2n2/3p4/2pP1B2/2P1PN2/PP3PPP/RN2KB1R w KQkq -,MODEL_PREDICTION_NOT_EMPIRICAL
LON-01,B3,1700,maia3-79m,9,h2h3,h3,0.01103712897747755,0.9953767301049083,0.6419406554605672,429,51,520,r1b1kb1r/1p2pppp/1pn2n2/3p4/2pP1B2/2P1PN2/PP3PPP/RN2KB1R w KQkq -,MODEL_PREDICTION_NOT_EMPIRICAL
LON-01,B3,1700,maia3-79m,10,g2g3,g3,0.0033733004238456488,0.9953767301049083,0.6419406554605672,424,50,526,r1b1kb1r/1p2pppp/1pn2n2/3p4/2pP1B2/2P1PN2/PP3PPP/RN2KB1R w KQkq -,MODEL_PREDICTION_NOT_EMPIRICAL
LON-01,B3,1900,maia3-79m,1,b1d2,Nbd2,0.5481173992156982,0.9967026093509048,0.6116084139507987,417,54,529,r1b1kb1r/1p2pppp/1pn2n2/3p4/2pP1B2/2P1PN2/PP3PPP/RN2KB1R w KQkq -,MODEL_PREDICTION_NOT_EMPIRICAL
LON-01,B3,1900,maia3-79m,2,f1e2,Be2,0.18044231832027435,0.9967026093509048,0.6116084139507987,439,54,507,r1b1kb1r/1p2pppp/1pn2n2/3p4/2pP1B2/2P1PN2/PP3PPP/RN2KB1R w KQkq -,MODEL_PREDICTION_NOT_EMPIRICAL
LON-01,B3,1900,maia3-79m,3,a2a3,a3,0.11225052922964096,0.9967026093509048,0.6116084139507987,429,57,514,r1b1kb1r/1p2pppp/1pn2n2/3p4/2pP1B2/2P1PN2/PP3PPP/RN2KB1R w KQkq -,MODEL_PREDICTION_NOT_EMPIRICAL
LON-01,B3,1900,maia3-79m,4,b1a3,Na3,0.07445234805345535,0.9967026093509048,0.6116084139507987,501,47,452,r1b1kb1r/1p2pppp/1pn2n2/3p4/2pP1B2/2P1PN2/PP3PPP/RN2KB1R w KQkq -,MODEL_PREDICTION_NOT_EMPIRICAL
LON-01,B3,1900,maia3-79m,5,f3e5,Ne5,0.03366838023066521,0.9967026093509048,0.6116084139507987,419,58,523,r1b1kb1r/1p2pppp/1pn2n2/3p4/2pP1B2/2P1PN2/PP3PPP/RN2KB1R w KQkq -,MODEL_PREDICTION_NOT_EMPIRICAL
LON-01,B3,1900,maia3-79m,6,h2h3,h3,0.01304305624216795,0.9967026093509048,0.6116084139507987,424,56,520,r1b1kb1r/1p2pppp/1pn2n2/3p4/2pP1B2/2P1PN2/PP3PPP/RN2KB1R w KQkq -,MODEL_PREDICTION_NOT_EMPIRICAL
LON-01,B3,1900,maia3-79m,7,b2b3,b3,0.012381063774228096,0.9967026093509048,0.6116084139507987,275,41,684,r1b1kb1r/1p2pppp/1pn2n2/3p4/2pP1B2/2P1PN2/PP3PPP/RN2KB1R w KQkq -,MODEL_PREDICTION_NOT_EMPIRICAL
LON-01,B3,1900,maia3-79m,8,f4c7,Bc7,0.011689133942127228,0.9967026093509048,0.6116084139507987,398,45,557,r1b1kb1r/1p2pppp/1pn2n2/3p4/2pP1B2/2P1PN2/PP3PPP/RN2KB1R w KQkq -,MODEL_PREDICTION_NOT_EMPIRICAL
LON-01,B3,1900,maia3-79m,9,a2a4,a4,0.008560520596802235,0.9967026093509048,0.6116084139507987,363,50,587,r1b1kb1r/1p2pppp/1pn2n2/3p4/2pP1B2/2P1PN2/PP3PPP/RN2KB1R w KQkq -,MODEL_PREDICTION_NOT_EMPIRICAL
LON-01,B3,1900,maia3-79m,10,g2g3,g3,0.0020978597458451986,0.9967026093509048,0.6116084139507987,416,54,530,r1b1kb1r/1p2pppp/1pn2n2/3p4/2pP1B2/2P1PN2/PP3PPP/RN2KB1R w KQkq -,MODEL_PREDICTION_NOT_EMPIRICAL
LON-01,B3,2100,maia3-79m,1,b1d2,Nbd2,0.5569808483123779,0.9974078964442015,0.5892372592703212,416,63,521,r1b1kb1r/1p2pppp/1pn2n2/3p4/2pP1B2/2P1PN2/PP3PPP/RN2KB1R w KQkq -,MODEL_PREDICTION_NOT_EMPIRICAL
LON-01,B3,2100,maia3-79m,2,f1e2,Be2,0.1456495076417923,0.9974078964442015,0.5892372592703212,435,64,501,r1b1kb1r/1p2pppp/1pn2n2/3p4/2pP1B2/2P1PN2/PP3PPP/RN2KB1R w KQkq -,MODEL_PREDICTION_NOT_EMPIRICAL
LON-01,B3,2100,maia3-79m,3,b1a3,Na3,0.12326809763908386,0.9974078964442015,0.5892372592703212,495,55,450,r1b1kb1r/1p2pppp/1pn2n2/3p4/2pP1B2/2P1PN2/PP3PPP/RN2KB1R w KQkq -,MODEL_PREDICTION_NOT_EMPIRICAL
LON-01,B3,2100,maia3-79m,4,a2a3,a3,0.1140909269452095,0.9974078964442015,0.5892372592703212,433,67,500,r1b1kb1r/1p2pppp/1pn2n2/3p4/2pP1B2/2P1PN2/PP3PPP/RN2KB1R w KQkq -,MODEL_PREDICTION_NOT_EMPIRICAL
LON-01,B3,2100,maia3-79m,5,f3e5,Ne5,0.02744828350841999,0.9974078964442015,0.5892372592703212,423,67,510,r1b1kb1r/1p2pppp/1pn2n2/3p4/2pP1B2/2P1PN2/PP3PPP/RN2KB1R w KQkq -,MODEL_PREDICTION_NOT_EMPIRICAL
LON-01,B3,2100,maia3-79m,6,h2h3,h3,0.01426613423973322,0.9974078964442015,0.5892372592703212,422,65,513,r1b1kb1r/1p2pppp/1pn2n2/3p4/2pP1B2/2P1PN2/PP3PPP/RN2KB1R w KQkq -,MODEL_PREDICTION_NOT_EMPIRICAL
LON-01,B3,2100,maia3-79m,7,b2b3,b3,0.005833051633089781,0.9974078964442015,0.5892372592703212,243,42,715,r1b1kb1r/1p2pppp/1pn2n2/3p4/2pP1B2/2P1PN2/PP3PPP/RN2KB1R w KQkq -,MODEL_PREDICTION_NOT_EMPIRICAL
LON-01,B3,2100,maia3-79m,8,f4c7,Bc7,0.0052086468786001205,0.9974078964442015,0.5892372592703212,395,50,555,r1b1kb1r/1p2pppp/1pn2n2/3p4/2pP1B2/2P1PN2/PP3PPP/RN2KB1R w KQkq -,MODEL_PREDICTION_NOT_EMPIRICAL
LON-01,B3,2100,maia3-79m,9,a2a4,a4,0.0033632570412009954,0.9974078964442015,0.5892372592703212,360,59,581,r1b1kb1r/1p2pppp/1pn2n2/3p4/2pP1B2/2P1PN2/PP3PPP/RN2KB1R w KQkq -,MODEL_PREDICTION_NOT_EMPIRICAL
LON-01,B3,2100,maia3-79m,10,g2g3,g3,0.0012991426046937704,0.9974078964442015,0.5892372592703212,416,63,521,r1b1kb1r/1p2pppp/1pn2n2/3p4/2pP1B2/2P1PN2/PP3PPP/RN2KB1R w KQkq -,MODEL_PREDICTION_NOT_EMPIRICAL
LON-03,B3,1100,maia3-79m,1,f1e2,Be2,0.355378657579422,0.9722360158339143,0.7597790860231557,462,44,494,r1b1kb1r/1p2pppp/2n2n2/1p1p4/2pP1B2/2P1PN2/PP1N1PPP/R3KB1R w KQkq -,MODEL_PREDICTION_NOT_EMPIRICAL
LON-03,B3,1100,maia3-79m,2,b2b3,b3,0.2088748961687088,0.9722360158339143,0.7597790860231557,421,44,535,r1b1kb1r/1p2pppp/2n2n2/1p1p4/2pP1B2/2P1PN2/PP1N1PPP/R3KB1R w KQkq -,MODEL_PREDICTION_NOT_EMPIRICAL
LON-03,B3,1100,maia3-79m,3,f3e5,Ne5,0.16798685491085052,0.9722360158339143,0.7597790860231557,459,48,493,r1b1kb1r/1p2pppp/2n2n2/1p1p4/2pP1B2/2P1PN2/PP1N1PPP/R3KB1R w KQkq -,MODEL_PREDICTION_NOT_EMPIRICAL
LON-03,B3,1100,maia3-79m,4,e1c1,O-O-O,0.0721890851855278,0.9722360158339143,0.7597790860231557,326,35,639,r1b1kb1r/1p2pppp/2n2n2/1p1p4/2pP1B2/2P1PN2/PP1N1PPP/R3KB1R w KQkq -,MODEL_PREDICTION_NOT_EMPIRICAL
LON-03,B3,1100,maia3-79m,5,a2a3,a3,0.056128665804862976,0.9722360158339143,0.7597790860231557,449,47,504,r1b1kb1r/1p2pppp/2n2n2/1p1p4/2pP1B2/2P1PN2/PP1N1PPP/R3KB1R w KQkq -,MODEL_PREDICTION_NOT_EMPIRICAL
LON-03,B3,1100,maia3-79m,6,b2b4,b4,0.04122211039066315,0.9722360158339143,0.7597790860231557,407,43,550,r1b1kb1r/1p2pppp/2n2n2/1p1p4/2pP1B2/2P1PN2/PP1N1PPP/R3KB1R w KQkq -,MODEL_PREDICTION_NOT_EMPIRICAL
LON-03,B3,1100,maia3-79m,7,g2g3,g3,0.0333205945789814,0.9722360158339143,0.7597790860231557,446,44,510,r1b1kb1r/1p2pppp/2n2n2/1p1p4/2pP1B2/2P1PN2/PP1N1PPP/R3KB1R w KQkq -,MODEL_PREDICTION_NOT_EMPIRICAL
LON-03,B3,1100,maia3-79m,8,h2h3,h3,0.020338384434580803,0.9722360158339143,0.7597790860231557,448,44,508,r1b1kb1r/1p2pppp/2n2n2/1p1p4/2pP1B2/2P1PN2/PP1N1PPP/R3KB1R w KQkq -,MODEL_PREDICTION_NOT_EMPIRICAL
LON-03,B3,1100,maia3-79m,9,e3e4,e4,0.010769090615212917,0.9722360158339143,0.7597790860231557,423,43,534,r1b1kb1r/1p2pppp/2n2n2/1p1p4/2pP1B2/2P1PN2/PP1N1PPP/R3KB1R w KQkq -,MODEL_PREDICTION_NOT_EMPIRICAL
LON-03,B3,1100,maia3-79m,10,a2a4,a4,0.006027676165103912,0.9722360158339143,0.7597790860231557,385,45,570,r1b1kb1r/1p2pppp/2n2n2/1p1p4/2pP1B2/2P1PN2/PP1N1PPP/R3KB1R w KQkq -,MODEL_PREDICTION_NOT_EMPIRICAL
LON-03,B3,1300,maia3-79m,1,f1e2,Be2,0.45068466663360596,0.9770577545277774,0.6856820174407714,443,45,512,r1b1kb1r/1p2pppp/2n2n2/1p1p4/2pP1B2/2P1PN2/PP1N1PPP/R3KB1R w KQkq -,MODEL_PREDICTION_NOT_EMPIRICAL
LON-03,B3,1300,maia3-79m,2,b2b3,b3,0.18856512010097504,0.9770577545277774,0.6856820174407714,391,44,565,r1b1kb1r/1p2pppp/2n2n2/1p1p4/2pP1B2/2P1PN2/PP1N1PPP/R3KB1R w KQkq -,MODEL_PREDICTION_NOT_EMPIRICAL
LON-03,B3,1300,maia3-79m,3,f3e5,Ne5,0.16162116825580597,0.9770577545277774,0.6856820174407714,436,49,515,r1b1kb1r/1p2pppp/2n2n2/1p1p4/2pP1B2/2P1PN2/PP1N1PPP/R3KB1R w KQkq -,MODEL_PREDICTION_NOT_EMPIRICAL
LON-03,B3,1300,maia3-79m,4,a2a3,a3,0.05985638126730919,0.9770577545277774,0.6856820174407714,424,47,529,r1b1kb1r/1p2pppp/2n2n2/1p1p4/2pP1B2/2P1PN2/PP1N1PPP/R3KB1R w KQkq -,MODEL_PREDICTION_NOT_EMPIRICAL
LON-03,B3,1300,maia3-79m,5,g2g3,g3,0.03195337578654289,0.9770577545277774,0.6856820174407714,428,44,528,r1b1kb1r/1p2pppp/2n2n2/1p1p4/2pP1B2/2P1PN2/PP1N1PPP/R3KB1R w KQkq -,MODEL_PREDICTION_NOT_EMPIRICAL
LON-03,B3,1300,maia3-79m,6,b2b4,b4,0.026376234367489815,0.9770577545277774,0.6856820174407714,381,42,577,r1b1kb1r/1p2pppp/2n2n2/1p1p4/2pP1B2/2P1PN2/PP1N1PPP/R3KB1R w KQkq -,MODEL_PREDICTION_NOT_EMPIRICAL
LON-03,B3,1300,maia3-79m,7,e1c1,O-O-O,0.02330102026462555,0.9770577545277774,0.6856820174407714,283,33,684,r1b1kb1r/1p2pppp/2n2n2/1p1p4/2pP1B2/2P1PN2/PP1N1PPP/R3KB1R w KQkq -,MODEL_PREDICTION_NOT_EMPIRICAL
LON-03,B3,1300,maia3-79m,8,h2h3,h3,0.021463532000780106,0.9770577545277774,0.6856820174407714,426,44,530,r1b1kb1r/1p2pppp/2n2n2/1p1p4/2pP1B2/2P1PN2/PP1N1PPP/R3KB1R w KQkq -,MODEL_PREDICTION_NOT_EMPIRICAL
LON-03,B3,1300,maia3-79m,9,e3e4,e4,0.008261224254965782,0.9770577545277774,0.6856820174407714,407,43,550,r1b1kb1r/1p2pppp/2n2n2/1p1p4/2pP1B2/2P1PN2/PP1N1PPP/R3KB1R w KQkq -,MODEL_PREDICTION_NOT_EMPIRICAL
LON-03,B3,1300,maia3-79m,10,a2a4,a4,0.004975031595677137,0.9770577545277774,0.6856820174407714,360,46,594,r1b1kb1r/1p2pppp/2n2n2/1p1p4/2pP1B2/2P1PN2/PP1N1PPP/R3KB1R w KQkq -,MODEL_PREDICTION_NOT_EMPIRICAL
LON-03,B3,1500,maia3-79m,1,f1e2,Be2,0.5122439861297607,0.9812782043591142,0.6389750337128436,420,47,533,r1b1kb1r/1p2pppp/2n2n2/1p1p4/2pP1B2/2P1PN2/PP1N1PPP/R3KB1R w KQkq -,MODEL_PREDICTION_NOT_EMPIRICAL
LON-03,B3,1500,maia3-79m,2,b2b3,b3,0.15825386345386505,0.9812782043591142,0.6389750337128436,371,45,584,r1b1kb1r/1p2pppp/2n2n2/1p1p4/2pP1B2/2P1PN2/PP1N1PPP/R3KB1R w KQkq -,MODEL_PREDICTION_NOT_EMPIRICAL
LON-03,B3,1500,maia3-79m,3,f3e5,Ne5,0.14591574668884277,0.9812782043591142,0.6389750337128436,420,52,528,r1b1kb1r/1p2pppp/2n2n2/1p1p4/2pP1B2/2P1PN2/PP1N1PPP/R3KB1R w KQkq -,MODEL_PREDICTION_NOT_EMPIRICAL
LON-03,B3,1500,maia3-79m,4,a2a3,a3,0.07449179887771606,0.9812782043591142,0.6389750337128436,399,49,552,r1b1kb1r/1p2pppp/2n2n2/1p1p4/2pP1B2/2P1PN2/PP1N1PPP/R3KB1R w KQkq -,MODEL_PREDICTION_NOT_EMPIRICAL
LON-03,B3,1500,maia3-79m,5,g2g3,g3,0.02879423461854458,0.9812782043591142,0.6389750337128436,408,47,545,r1b1kb1r/1p2pppp/2n2n2/1p1p4/2pP1B2/2P1PN2/PP1N1PPP/R3KB1R w KQkq -,MODEL_PREDICTION_NOT_EMPIRICAL
LON-03,B3,1500,maia3-79m,6,h2h3,h3,0.02334721013903618,0.9812782043591142,0.6389750337128436,405,47,548,r1b1kb1r/1p2pppp/2n2n2/1p1p4/2pP1B2/2P1PN2/PP1N1PPP/R3KB1R w KQkq -,MODEL_PREDICTION_NOT_EMPIRICAL
LON-03,B3,1500,maia3-79m,7,b2b4,b4,0.01827816851437092,0.9812782043591142,0.6389750337128436,365,43,592,r1b1kb1r/1p2pppp/2n2n2/1p1p4/2pP1B2/2P1PN2/PP1N1PPP/R3KB1R w KQkq -,MODEL_PREDICTION_NOT_EMPIRICAL
LON-03,B3,1500,maia3-79m,8,e3e4,e4,0.008037506602704525,0.9812782043591142,0.6389750337128436,399,45,556,r1b1kb1r/1p2pppp/2n2n2/1p1p4/2pP1B2/2P1PN2/PP1N1PPP/R3KB1R w KQkq -,MODEL_PREDICTION_NOT_EMPIRICAL
LON-03,B3,1500,maia3-79m,9,e1c1,O-O-O,0.00721569312736392,0.9812782043591142,0.6389750337128436,249,32,719,r1b1kb1r/1p2pppp/2n2n2/1p1p4/2pP1B2/2P1PN2/PP1N1PPP/R3KB1R w KQkq -,MODEL_PREDICTION_NOT_EMPIRICAL
LON-03,B3,1500,maia3-79m,10,a2a4,a4,0.004699996206909418,0.9812782043591142,0.6389750337128436,342,48,610,r1b1kb1r/1p2pppp/2n2n2/1p1p4/2pP1B2/2P1PN2/PP1N1PPP/R3KB1R w KQkq -,MODEL_PREDICTION_NOT_EMPIRICAL
LON-03,B3,1700,maia3-79m,1,f1e2,Be2,0.5485168695449829,0.9856971518602222,0.615968942065324,400,52,548,r1b1kb1r/1p2pppp/2n2n2/1p1p4/2pP1B2/2P1PN2/PP1N1PPP/R3KB1R w KQkq -,MODEL_PREDICTION_NOT_EMPIRICAL
LON-03,B3,1700,maia3-79m,2,f3e5,Ne5,0.1298544853925705,0.9856971518602222,0.615968942065324,405,55,540,r1b1kb1r/1p2pppp/2n2n2/1p1p4/2pP1B2/2P1PN2/PP1N1PPP/R3KB1R w KQkq -,MODEL_PREDICTION_NOT_EMPIRICAL
LON-03,B3,1700,maia3-79m,3,b2b3,b3,0.11609882116317749,0.9856971518602222,0.615968942065324,356,49,595,r1b1kb1r/1p2pppp/2n2n2/1p1p4/2pP1B2/2P1PN2/PP1N1PPP/R3KB1R w KQkq -,MODEL_PREDICTION_NOT_EMPIRICAL
LON-03,B3,1700,maia3-79m,4,a2a3,a3,0.11048220843076706,0.9856971518602222,0.615968942065324,369,53,578,r1b1kb1r/1p2pppp/2n2n2/1p1p4/2pP1B2/2P1PN2/PP1N1PPP/R3KB1R w KQkq -,MODEL_PREDICTION_NOT_EMPIRICAL
LON-03,B3,1700,maia3-79m,5,h2h3,h3,0.025675132870674133,0.9856971518602222,0.615968942065324,388,51,561,r1b1kb1r/1p2pppp/2n2n2/1p1p4/2pP1B2/2P1PN2/PP1N1PPP/R3KB1R w KQkq -,MODEL_PREDICTION_NOT_EMPIRICAL
LON-03,B3,1700,maia3-79m,6,g2g3,g3,0.022830534726381302,0.9856971518602222,0.615968942065324,384,52,564,r1b1kb1r/1p2pppp/2n2n2/1p1p4/2pP1B2/2P1PN2/PP1N1PPP/R3KB1R w KQkq -,MODEL_PREDICTION_NOT_EMPIRICAL
LON-03,B3,1700,maia3-79m,7,b2b4,b4,0.015139100141823292,0.9856971518602222,0.615968942065324,350,46,604,r1b1kb1r/1p2pppp/2n2n2/1p1p4/2pP1B2/2P1PN2/PP1N1PPP/R3KB1R w KQkq -,MODEL_PREDICTION_NOT_EMPIRICAL
LON-03,B3,1700,maia3-79m,8,e3e4,e4,0.009317790158092976,0.9856971518602222,0.615968942065324,390,49,561,r1b1kb1r/1p2pppp/2n2n2/1p1p4/2pP1B2/2P1PN2/PP1N1PPP/R3KB1R w KQkq -,MODEL_PREDICTION_NOT_EMPIRICAL
LON-03,B3,1700,maia3-79m,9,a2a4,a4,0.004340110346674919,0.9856971518602222,0.615968942065324,329,50,621,r1b1kb1r/1p2pppp/2n2n2/1p1p4/2pP1B2/2P1PN2/PP1N1PPP/R3KB1R w KQkq -,MODEL_PREDICTION_NOT_EMPIRICAL
LON-03,B3,1700,maia3-79m,10,e1e2,Ke2,0.0034420990850776434,0.9856971518602222,0.615968942065324,338,47,615,r1b1kb1r/1p2pppp/2n2n2/1p1p4/2pP1B2/2P1PN2/PP1N1PPP/R3KB1R w KQkq -,MODEL_PREDICTION_NOT_EMPIRICAL
LON-03,B3,1900,maia3-79m,1,f1e2,Be2,0.5426620841026306,0.9887915116269141,0.6043743171897366,389,57,554,r1b1kb1r/1p2pppp/2n2n2/1p1p4/2pP1B2/2P1PN2/PP1N1PPP/R3KB1R w KQkq -,MODEL_PREDICTION_NOT_EMPIRICAL
LON-03,B3,1900,maia3-79m,2,a2a3,a3,0.17766574025154114,0.9887915116269141,0.6043743171897366,344,57,599,r1b1kb1r/1p2pppp/2n2n2/1p1p4/2pP1B2/2P1PN2/PP1N1PPP/R3KB1R w KQkq -,MODEL_PREDICTION_NOT_EMPIRICAL
LON-03,B3,1900,maia3-79m,3,f3e5,Ne5,0.12575004994869232,0.9887915116269141,0.6043743171897366,392,58,550,r1b1kb1r/1p2pppp/2n2n2/1p1p4/2pP1B2/2P1PN2/PP1N1PPP/R3KB1R w KQkq -,MODEL_PREDICTION_NOT_EMPIRICAL
LON-03,B3,1900,maia3-79m,4,b2b3,b3,0.06838280707597733,0.9887915116269141,0.6043743171897366,342,52,606,r1b1kb1r/1p2pppp/2n2n2/1p1p4/2pP1B2/2P1PN2/PP1N1PPP/R3KB1R w KQkq -,MODEL_PREDICTION_NOT_EMPIRICAL
LON-03,B3,1900,maia3-79m,5,h2h3,h3,0.02770598791539669,0.9887915116269141,0.6043743171897366,373,56,571,r1b1kb1r/1p2pppp/2n2n2/1p1p4/2pP1B2/2P1PN2/PP1N1PPP/R3KB1R w KQkq -,MODEL_PREDICTION_NOT_EMPIRICAL
LON-03,B3,1900,maia3-79m,6,g2g3,g3,0.015347406268119812,0.9887915116269141,0.6043743171897366,369,56,575,r1b1kb1r/1p2pppp/2n2n2/1p1p4/2pP1B2/2P1PN2/PP1N1PPP/R3KB1R w KQkq -,MODEL_PREDICTION_NOT_EMPIRICAL
LON-03,B3,1900,maia3-79m,7,b2b4,b4,0.014043228700757027,0.9887915116269141,0.6043743171897366,339,49,612,r1b1kb1r/1p2pppp/2n2n2/1p1p4/2pP1B2/2P1PN2/PP1N1PPP/R3KB1R w KQkq -,MODEL_PREDICTION_NOT_EMPIRICAL
LON-03,B3,1900,maia3-79m,8,e3e4,e4,0.011122338473796844,0.9887915116269141,0.6043743171897366,378,52,570,r1b1kb1r/1p2pppp/2n2n2/1p1p4/2pP1B2/2P1PN2/PP1N1PPP/R3KB1R w KQkq -,MODEL_PREDICTION_NOT_EMPIRICAL
LON-03,B3,1900,maia3-79m,9,a2a4,a4,0.0034235776402056217,0.9887915116269141,0.6043743171897366,316,54,630,r1b1kb1r/1p2pppp/2n2n2/1p1p4/2pP1B2/2P1PN2/PP1N1PPP/R3KB1R w KQkq -,MODEL_PREDICTION_NOT_EMPIRICAL
LON-03,B3,1900,maia3-79m,10,e1e2,Ke2,0.002688291249796748,0.9887915116269141,0.6043743171897366,322,50,628,r1b1kb1r/1p2pppp/2n2n2/1p1p4/2pP1B2/2P1PN2/PP1N1PPP/R3KB1R w KQkq -,MODEL_PREDICTION_NOT_EMPIRICAL
LON-03,B3,2100,maia3-79m,1,f1e2,Be2,0.4716196358203888,0.9891190687194467,0.6145240120897606,386,67,547,r1b1kb1r/1p2pppp/2n2n2/1p1p4/2pP1B2/2P1PN2/PP1N1PPP/R3KB1R w KQkq -,MODEL_PREDICTION_NOT_EMPIRICAL
LON-03,B3,2100,maia3-79m,2,a2a3,a3,0.2527790069580078,0.9891190687194467,0.6145240120897606,331,64,605,r1b1kb1r/1p2pppp/2n2n2/1p1p4/2pP1B2/2P1PN2/PP1N1PPP/R3KB1R w KQkq -,MODEL_PREDICTION_NOT_EMPIRICAL
LON-03,B3,2100,maia3-79m,3,f3e5,Ne5,0.15344253182411194,0.9891190687194467,0.6145240120897606,389,67,544,r1b1kb1r/1p2pppp/2n2n2/1p1p4/2pP1B2/2P1PN2/PP1N1PPP/R3KB1R w KQkq -,MODEL_PREDICTION_NOT_EMPIRICAL
LON-03,B3,2100,maia3-79m,4,b2b3,b3,0.03905308246612549,0.9891190687194467,0.6145240120897606,332,58,610,r1b1kb1r/1p2pppp/2n2n2/1p1p4/2pP1B2/2P1PN2/PP1N1PPP/R3KB1R w KQkq -,MODEL_PREDICTION_NOT_EMPIRICAL
LON-03,B3,2100,maia3-79m,5,h2h3,h3,0.02849956601858139,0.9891190687194467,0.6145240120897606,367,66,567,r1b1kb1r/1p2pppp/2n2n2/1p1p4/2pP1B2/2P1PN2/PP1N1PPP/R3KB1R w KQkq -,MODEL_PREDICTION_NOT_EMPIRICAL
LON-03,B3,2100,maia3-79m,6,b2b4,b4,0.01535610482096672,0.9891190687194467,0.6145240120897606,331,57,612,r1b1kb1r/1p2pppp/2n2n2/1p1p4/2pP1B2/2P1PN2/PP1N1PPP/R3KB1R w KQkq -,MODEL_PREDICTION_NOT_EMPIRICAL
LON-03,B3,2100,maia3-79m,7,e3e4,e4,0.014748398214578629,0.9891190687194467,0.6145240120897606,364,58,578,r1b1kb1r/1p2pppp/2n2n2/1p1p4/2pP1B2/2P1PN2/PP1N1PPP/R3KB1R w KQkq -,MODEL_PREDICTION_NOT_EMPIRICAL
LON-03,B3,2100,maia3-79m,8,g2g3,g3,0.008623100817203522,0.9891190687194467,0.6145240120897606,370,65,565,r1b1kb1r/1p2pppp/2n2n2/1p1p4/2pP1B2/2P1PN2/PP1N1PPP/R3KB1R w KQkq -,MODEL_PREDICTION_NOT_EMPIRICAL
LON-03,B3,2100,maia3-79m,9,f4g5,Bg5,0.00265228608623147,0.9891190687194467,0.6145240120897606,363,63,574,r1b1kb1r/1p2pppp/2n2n2/1p1p4/2pP1B2/2P1PN2/PP1N1PPP/R3KB1R w KQkq -,MODEL_PREDICTION_NOT_EMPIRICAL
LON-03,B3,2100,maia3-79m,10,a2a4,a4,0.0023453556932508945,0.9891190687194467,0.6145240120897606,313,62,625,r1b1kb1r/1p2pppp/2n2n2/1p1p4/2pP1B2/2P1PN2/PP1N1PPP/R3KB1R w KQkq -,MODEL_PREDICTION_NOT_EMPIRICAL
LON-05,B3,1100,maia3-79m,1,b1c3,Nc3,0.42637521028518677,0.967418304644525,0.6735042795050161,458,22,520,r3kb1r/pp2pppp/1qn2n2/3p1b2/3P1B2/4PN2/PP3PPP/RNQ1KB1R w KQkq -,MODEL_PREDICTION_NOT_EMPIRICAL
LON-05,B3,1100,maia3-79m,2,b1d2,Nbd2,0.2737846374511719,0.967418304644525,0.6735042795050161,413,22,565,r3kb1r/pp2pppp/1qn2n2/3p1b2/3P1B2/4PN2/PP3PPP/RNQ1KB1R w KQkq -,MODEL_PREDICTION_NOT_EMPIRICAL
LON-05,B3,1100,maia3-79m,3,f1e2,Be2,0.09805553406476974,0.967418304644525,0.6735042795050161,473,24,503,r3kb1r/pp2pppp/1qn2n2/3p1b2/3P1B2/4PN2/PP3PPP/RNQ1KB1R w KQkq -,MODEL_PREDICTION_NOT_EMPIRICAL
LON-05,B3,1100,maia3-79m,4,f3e5,Ne5,0.04338691011071205,0.967418304644525,0.6735042795050161,412,22,566,r3kb1r/pp2pppp/1qn2n2/3p1b2/3P1B2/4PN2/PP3PPP/RNQ1KB1R w KQkq -,MODEL_PREDICTION_NOT_EMPIRICAL
LON-05,B3,1100,maia3-79m,5,a2a3,a3,0.042463574558496475,0.967418304644525,0.6735042795050161,457,22,521,r3kb1r/pp2pppp/1qn2n2/3p1b2/3P1B2/4PN2/PP3PPP/RNQ1KB1R w KQkq -,MODEL_PREDICTION_NOT_EMPIRICAL
LON-05,B3,1100,maia3-79m,6,b1a3,Na3,0.027146173641085625,0.967418304644525,0.6735042795050161,394,22,584,r3kb1r/pp2pppp/1qn2n2/3p1b2/3P1B2/4PN2/PP3PPP/RNQ1KB1R w KQkq -,MODEL_PREDICTION_NOT_EMPIRICAL
LON-05,B3,1100,maia3-79m,7,b2b3,b3,0.021496767178177834,0.967418304644525,0.6735042795050161,400,22,578,r3kb1r/pp2pppp/1qn2n2/3p1b2/3P1B2/4PN2/PP3PPP/RNQ1KB1R w KQkq -,MODEL_PREDICTION_NOT_EMPIRICAL
LON-05,B3,1100,maia3-79m,8,f3h4,Nh4,0.013669258914887905,0.967418304644525,0.6735042795050161,476,21,503,r3kb1r/pp2pppp/1qn2n2/3p1b2/3P1B2/4PN2/PP3PPP/RNQ1KB1R w KQkq -,MODEL_PREDICTION_NOT_EMPIRICAL
LON-05,B3,1100,maia3-79m,9,c1d2,Qd2,0.012159569188952446,0.967418304644525,0.6735042795050161,334,19,647,r3kb1r/pp2pppp/1qn2n2/3p1b2/3P1B2/4PN2/PP3PPP/RNQ1KB1R w KQkq -,MODEL_PREDICTION_NOT_EMPIRICAL
LON-05,B3,1100,maia3-79m,10,h2h3,h3,0.008880669251084328,0.967418304644525,0.6735042795050161,421,22,557,r3kb1r/pp2pppp/1qn2n2/3p1b2/3P1B2/4PN2/PP3PPP/RNQ1KB1R w KQkq -,MODEL_PREDICTION_NOT_EMPIRICAL
LON-05,B3,1300,maia3-79m,1,b1c3,Nc3,0.4453781843185425,0.9791671796701849,0.6509460732194596,451,23,526,r3kb1r/pp2pppp/1qn2n2/3p1b2/3P1B2/4PN2/PP3PPP/RNQ1KB1R w KQkq -,MODEL_PREDICTION_NOT_EMPIRICAL
LON-05,B3,1300,maia3-79m,2,b1d2,Nbd2,0.2642631530761719,0.9791671796701849,0.6509460732194596,388,22,590,r3kb1r/pp2pppp/1qn2n2/3p1b2/3P1B2/4PN2/PP3PPP/RNQ1KB1R w KQkq -,MODEL_PREDICTION_NOT_EMPIRICAL
LON-05,B3,1300,maia3-79m,3,f1e2,Be2,0.11615259945392609,0.9791671796701849,0.6509460732194596,462,24,514,r3kb1r/pp2pppp/1qn2n2/3p1b2/3P1B2/4PN2/PP3PPP/RNQ1KB1R w KQkq -,MODEL_PREDICTION_NOT_EMPIRICAL
LON-05,B3,1300,maia3-79m,4,a2a3,a3,0.06905705481767654,0.9791671796701849,0.6509460732194596,453,24,523,r3kb1r/pp2pppp/1qn2n2/3p1b2/3P1B2/4PN2/PP3PPP/RNQ1KB1R w KQkq -,MODEL_PREDICTION_NOT_EMPIRICAL
LON-05,B3,1300,maia3-79m,5,f3e5,Ne5,0.02322569116950035,0.9791671796701849,0.6509460732194596,392,22,586,r3kb1r/pp2pppp/1qn2n2/3p1b2/3P1B2/4PN2/PP3PPP/RNQ1KB1R w KQkq -,MODEL_PREDICTION_NOT_EMPIRICAL
LON-05,B3,1300,maia3-79m,6,b1a3,Na3,0.017454396933317184,0.9791671796701849,0.6509460732194596,370,22,608,r3kb1r/pp2pppp/1qn2n2/3p1b2/3P1B2/4PN2/PP3PPP/RNQ1KB1R w KQkq -,MODEL_PREDICTION_NOT_EMPIRICAL
LON-05,B3,1300,maia3-79m,7,b2b3,b3,0.017421601340174675,0.9791671796701849,0.6509460732194596,372,22,606,r3kb1r/pp2pppp/1qn2n2/3p1b2/3P1B2/4PN2/PP3PPP/RNQ1KB1R w KQkq -,MODEL_PREDICTION_NOT_EMPIRICAL
LON-05,B3,1300,maia3-79m,8,f3h4,Nh4,0.0110618956387043,0.9791671796701849,0.6509460732194596,474,22,504,r3kb1r/pp2pppp/1qn2n2/3p1b2/3P1B2/4PN2/PP3PPP/RNQ1KB1R w KQkq -,MODEL_PREDICTION_NOT_EMPIRICAL
LON-05,B3,1300,maia3-79m,9,c1d2,Qd2,0.008497544564306736,0.9791671796701849,0.6509460732194596,322,20,658,r3kb1r/pp2pppp/1qn2n2/3p1b2/3P1B2/4PN2/PP3PPP/RNQ1KB1R w KQkq -,MODEL_PREDICTION_NOT_EMPIRICAL
LON-05,B3,1300,maia3-79m,10,a2a4,a4,0.006655058357864618,0.9791671796701849,0.6509460732194596,433,21,546,r3kb1r/pp2pppp/1qn2n2/3p1b2/3P1B2/4PN2/PP3PPP/RNQ1KB1R w KQkq -,MODEL_PREDICTION_NOT_EMPIRICAL
LON-05,B3,1500,maia3-79m,1,b1c3,Nc3,0.4521036148071289,0.9870153330266476,0.6322225682710287,449,25,526,r3kb1r/pp2pppp/1qn2n2/3p1b2/3P1B2/4PN2/PP3PPP/RNQ1KB1R w KQkq -,MODEL_PREDICTION_NOT_EMPIRICAL
LON-05,B3,1500,maia3-79m,2,b1d2,Nbd2,0.2525138854980469,0.9870153330266476,0.6322225682710287,375,24,601,r3kb1r/pp2pppp/1qn2n2/3p1b2/3P1B2/4PN2/PP3PPP/RNQ1KB1R w KQkq -,MODEL_PREDICTION_NOT_EMPIRICAL
LON-05,B3,1500,maia3-79m,3,f1e2,Be2,0.1234811469912529,0.9870153330266476,0.6322225682710287,444,27,529,r3kb1r/pp2pppp/1qn2n2/3p1b2/3P1B2/4PN2/PP3PPP/RNQ1KB1R w KQkq -,MODEL_PREDICTION_NOT_EMPIRICAL
LON-05,B3,1500,maia3-79m,4,a2a3,a3,0.1035943329334259,0.9870153330266476,0.6322225682710287,450,27,523,r3kb1r/pp2pppp/1qn2n2/3p1b2/3P1B2/4PN2/PP3PPP/RNQ1KB1R w KQkq -,MODEL_PREDICTION_NOT_EMPIRICAL
LON-05,B3,1500,maia3-79m,5,b2b3,b3,0.01313178800046444,0.9870153330266476,0.6322225682710287,348,24,628,r3kb1r/pp2pppp/1qn2n2/3p1b2/3P1B2/4PN2/PP3PPP/RNQ1KB1R w KQkq -,MODEL_PREDICTION_NOT_EMPIRICAL
LON-05,B3,1500,maia3-79m,6,f3e5,Ne5,0.011610000394284725,0.9870153330266476,0.6322225682710287,378,24,598,r3kb1r/pp2pppp/1qn2n2/3p1b2/3P1B2/4PN2/PP3PPP/RNQ1KB1R w KQkq -,MODEL_PREDICTION_NOT_EMPIRICAL
LON-05,B3,1500,maia3-79m,7,b1a3,Na3,0.011373613961040974,0.9870153330266476,0.6322225682710287,352,23,625,r3kb1r/pp2pppp/1qn2n2/3p1b2/3P1B2/4PN2/PP3PPP/RNQ1KB1R w KQkq -,MODEL_PREDICTION_NOT_EMPIRICAL
LON-05,B3,1500,maia3-79m,8,f3h4,Nh4,0.008243659511208534,0.9870153330266476,0.6322225682710287,465,24,511,r3kb1r/pp2pppp/1qn2n2/3p1b2/3P1B2/4PN2/PP3PPP/RNQ1KB1R w KQkq -,MODEL_PREDICTION_NOT_EMPIRICAL
LON-05,B3,1500,maia3-79m,9,c1d2,Qd2,0.005817944183945656,0.9870153330266476,0.6322225682710287,323,22,655,r3kb1r/pp2pppp/1qn2n2/3p1b2/3P1B2/4PN2/PP3PPP/RNQ1KB1R w KQkq -,MODEL_PREDICTION_NOT_EMPIRICAL
LON-05,B3,1500,maia3-79m,10,h2h3,h3,0.005145346745848656,0.9870153330266476,0.6322225682710287,395,25,580,r3kb1r/pp2pppp/1qn2n2/3p1b2/3P1B2/4PN2/PP3PPP/RNQ1KB1R w KQkq -,MODEL_PREDICTION_NOT_EMPIRICAL
LON-05,B3,1700,maia3-79m,1,b1c3,Nc3,0.4534640908241272,0.9925642851740122,0.6205064595659724,444,29,527,r3kb1r/pp2pppp/1qn2n2/3p1b2/3P1B2/4PN2/PP3PPP/RNQ1KB1R w KQkq -,MODEL_PREDICTION_NOT_EMPIRICAL
LON-05,B3,1700,maia3-79m,2,b1d2,Nbd2,0.22781477868556976,0.9925642851740122,0.6205064595659724,366,28,606,r3kb1r/pp2pppp/1qn2n2/3p1b2/3P1B2/4PN2/PP3PPP/RNQ1KB1R w KQkq -,MODEL_PREDICTION_NOT_EMPIRICAL
LON-05,B3,1700,maia3-79m,3,a2a3,a3,0.15580397844314575,0.9925642851740122,0.6205064595659724,442,31,527,r3kb1r/pp2pppp/1qn2n2/3p1b2/3P1B2/4PN2/PP3PPP/RNQ1KB1R w KQkq -,MODEL_PREDICTION_NOT_EMPIRICAL
LON-05,B3,1700,maia3-79m,4,f1e2,Be2,0.11701228469610214,0.9925642851740122,0.6205064595659724,425,31,544,r3kb1r/pp2pppp/1qn2n2/3p1b2/3P1B2/4PN2/PP3PPP/RNQ1KB1R w KQkq -,MODEL_PREDICTION_NOT_EMPIRICAL
LON-05,B3,1700,maia3-79m,5,b2b3,b3,0.009090838953852654,0.9925642851740122,0.6205064595659724,328,26,646,r3kb1r/pp2pppp/1qn2n2/3p1b2/3P1B2/4PN2/PP3PPP/RNQ1KB1R w KQkq -,MODEL_PREDICTION_NOT_EMPIRICAL
LON-05,B3,1700,maia3-79m,6,b1a3,Na3,0.008885383605957031,0.9925642851740122,0.6205064595659724,338,25,637,r3kb1r/pp2pppp/1qn2n2/3p1b2/3P1B2/4PN2/PP3PPP/RNQ1KB1R w KQkq -,MODEL_PREDICTION_NOT_EMPIRICAL
LON-05,B3,1700,maia3-79m,7,f3h4,Nh4,0.006398375611752272,0.9925642851740122,0.6205064595659724,455,27,518,r3kb1r/pp2pppp/1qn2n2/3p1b2/3P1B2/4PN2/PP3PPP/RNQ1KB1R w KQkq -,MODEL_PREDICTION_NOT_EMPIRICAL
LON-05,B3,1700,maia3-79m,8,f3e5,Ne5,0.005518185906112194,0.9925642851740122,0.6205064595659724,365,27,608,r3kb1r/pp2pppp/1qn2n2/3p1b2/3P1B2/4PN2/PP3PPP/RNQ1KB1R w KQkq -,MODEL_PREDICTION_NOT_EMPIRICAL
LON-05,B3,1700,maia3-79m,9,c1d2,Qd2,0.00459036510437727,0.9925642851740122,0.6205064595659724,329,26,645,r3kb1r/pp2pppp/1qn2n2/3p1b2/3P1B2/4PN2/PP3PPP/RNQ1KB1R w KQkq -,MODEL_PREDICTION_NOT_EMPIRICAL
LON-05,B3,1700,maia3-79m,10,h2h3,h3,0.003986003343015909,0.9925642851740122,0.6205064595659724,383,28,589,r3kb1r/pp2pppp/1qn2n2/3p1b2/3P1B2/4PN2/PP3PPP/RNQ1KB1R w KQkq -,MODEL_PREDICTION_NOT_EMPIRICAL
LON-05,B3,1900,maia3-79m,1,b1c3,Nc3,0.4770883321762085,0.9961006005760282,0.5933917582442039,441,35,524,r3kb1r/pp2pppp/1qn2n2/3p1b2/3P1B2/4PN2/PP3PPP/RNQ1KB1R w KQkq -,MODEL_PREDICTION_NOT_EMPIRICAL
LON-05,B3,1900,maia3-79m,2,a2a3,a3,0.22042159736156464,0.9961006005760282,0.5933917582442039,431,37,532,r3kb1r/pp2pppp/1qn2n2/3p1b2/3P1B2/4PN2/PP3PPP/RNQ1KB1R w KQkq -,MODEL_PREDICTION_NOT_EMPIRICAL
LON-05,B3,1900,maia3-79m,3,b1d2,Nbd2,0.17400935292243958,0.9961006005760282,0.5933917582442039,356,32,612,r3kb1r/pp2pppp/1qn2n2/3p1b2/3P1B2/4PN2/PP3PPP/RNQ1KB1R w KQkq -,MODEL_PREDICTION_NOT_EMPIRICAL
LON-05,B3,1900,maia3-79m,4,f1e2,Be2,0.09564543515443802,0.9961006005760282,0.5933917582442039,412,38,550,r3kb1r/pp2pppp/1qn2n2/3p1b2/3P1B2/4PN2/PP3PPP/RNQ1KB1R w KQkq -,MODEL_PREDICTION_NOT_EMPIRICAL
LON-05,B3,1900,maia3-79m,5,b1a3,Na3,0.009311912581324577,0.9961006005760282,0.5933917582442039,327,28,645,r3kb1r/pp2pppp/1qn2n2/3p1b2/3P1B2/4PN2/PP3PPP/RNQ1KB1R w KQkq -,MODEL_PREDICTION_NOT_EMPIRICAL
LON-05,B3,1900,maia3-79m,6,f3h4,Nh4,0.005860059522092342,0.9961006005760282,0.5933917582442039,445,32,523,r3kb1r/pp2pppp/1qn2n2/3p1b2/3P1B2/4PN2/PP3PPP/RNQ1KB1R w KQkq -,MODEL_PREDICTION_NOT_EMPIRICAL
LON-05,B3,1900,maia3-79m,7,b2b3,b3,0.004990710411220789,0.9961006005760282,0.5933917582442039,304,29,667,r3kb1r/pp2pppp/1qn2n2/3p1b2/3P1B2/4PN2/PP3PPP/RNQ1KB1R w KQkq -,MODEL_PREDICTION_NOT_EMPIRICAL
LON-05,B3,1900,maia3-79m,8,c1d2,Qd2,0.0036595575511455536,0.9961006005760282,0.5933917582442039,333,32,635,r3kb1r/pp2pppp/1qn2n2/3p1b2/3P1B2/4PN2/PP3PPP/RNQ1KB1R w KQkq -,MODEL_PREDICTION_NOT_EMPIRICAL
LON-05,B3,1900,maia3-79m,9,f3e5,Ne5,0.0026440375950187445,0.9961006005760282,0.5933917582442039,359,32,609,r3kb1r/pp2pppp/1qn2n2/3p1b2/3P1B2/4PN2/PP3PPP/RNQ1KB1R w KQkq -,MODEL_PREDICTION_NOT_EMPIRICAL
LON-05,B3,1900,maia3-79m,10,h2h3,h3,0.0024696053005754948,0.9961006005760282,0.5933917582442039,375,35,590,r3kb1r/pp2pppp/1qn2n2/3p1b2/3P1B2/4PN2/PP3PPP/RNQ1KB1R w KQkq -,MODEL_PREDICTION_NOT_EMPIRICAL
LON-05,B3,2100,maia3-79m,1,b1c3,Nc3,0.5573242902755737,0.9979694243520498,0.5293264228685765,438,44,518,r3kb1r/pp2pppp/1qn2n2/3p1b2/3P1B2/4PN2/PP3PPP/RNQ1KB1R w KQkq -,MODEL_PREDICTION_NOT_EMPIRICAL
LON-05,B3,2100,maia3-79m,2,a2a3,a3,0.24597088992595673,0.9979694243520498,0.5293264228685765,429,48,523,r3kb1r/pp2pppp/1qn2n2/3p1b2/3P1B2/4PN2/PP3PPP/RNQ1KB1R w KQkq -,MODEL_PREDICTION_NOT_EMPIRICAL
LON-05,B3,2100,maia3-79m,3,b1d2,Nbd2,0.09853807836771011,0.9979694243520498,0.5293264228685765,343,40,617,r3kb1r/pp2pppp/1qn2n2/3p1b2/3P1B2/4PN2/PP3PPP/RNQ1KB1R w KQkq -,MODEL_PREDICTION_NOT_EMPIRICAL
LON-05,B3,2100,maia3-79m,4,f1e2,Be2,0.0700354129076004,0.9979694243520498,0.5293264228685765,413,49,538,r3kb1r/pp2pppp/1qn2n2/3p1b2/3P1B2/4PN2/PP3PPP/RNQ1KB1R w KQkq -,MODEL_PREDICTION_NOT_EMPIRICAL
LON-05,B3,2100,maia3-79m,5,b1a3,Na3,0.010688962414860725,0.9979694243520498,0.5293264228685765,314,33,653,r3kb1r/pp2pppp/1qn2n2/3p1b2/3P1B2/4PN2/PP3PPP/RNQ1KB1R w KQkq -,MODEL_PREDICTION_NOT_EMPIRICAL
LON-05,B3,2100,maia3-79m,6,f3h4,Nh4,0.007998977787792683,0.9979694243520498,0.5293264228685765,442,41,517,r3kb1r/pp2pppp/1qn2n2/3p1b2/3P1B2/4PN2/PP3PPP/RNQ1KB1R w KQkq -,MODEL_PREDICTION_NOT_EMPIRICAL
LON-05,B3,2100,maia3-79m,7,c1d2,Qd2,0.0026021881494671106,0.9979694243520498,0.5293264228685765,336,41,623,r3kb1r/pp2pppp/1qn2n2/3p1b2/3P1B2/4PN2/PP3PPP/RNQ1KB1R w KQkq -,MODEL_PREDICTION_NOT_EMPIRICAL
LON-05,B3,2100,maia3-79m,8,b2b3,b3,0.001947230426594615,0.9979694243520498,0.5293264228685765,287,35,678,r3kb1r/pp2pppp/1qn2n2/3p1b2/3P1B2/4PN2/PP3PPP/RNQ1KB1R w KQkq -,MODEL_PREDICTION_NOT_EMPIRICAL
LON-05,B3,2100,maia3-79m,9,f3e5,Ne5,0.001721513457596302,0.9979694243520498,0.5293264228685765,363,42,595,r3kb1r/pp2pppp/1qn2n2/3p1b2/3P1B2/4PN2/PP3PPP/RNQ1KB1R w KQkq -,MODEL_PREDICTION_NOT_EMPIRICAL
LON-05,B3,2100,maia3-79m,10,h2h3,h3,0.001141880638897419,0.9979694243520498,0.5293264228685765,374,46,580,r3kb1r/pp2pppp/1qn2n2/3p1b2/3P1B2/4PN2/PP3PPP/RNQ1KB1R w KQkq -,MODEL_PREDICTION_NOT_EMPIRICAL
JOB-11,B3,1100,maia3-79m,1,d4c5,dxc5,0.6784879565238953,0.9928978187963367,0.469081253520708,403,26,571,1rbqkb1r/pp2pppp/5n2/2pp4/3P4/2N5/PPP1PPPP/R2QKBNR w KQk -,MODEL_PREDICTION_NOT_EMPIRICAL
JOB-11,B3,1100,maia3-79m,2,e2e3,e3,0.1666141152381897,0.9928978187963367,0.469081253520708,468,27,505,1rbqkb1r/pp2pppp/5n2/2pp4/3P4/2N5/PPP1PPPP/R2QKBNR w KQk -,MODEL_PREDICTION_NOT_EMPIRICAL
JOB-11,B3,1100,maia3-79m,3,g1f3,Nf3,0.06640598922967911,0.9928978187963367,0.469081253520708,461,27,512,1rbqkb1r/pp2pppp/5n2/2pp4/3P4/2N5/PPP1PPPP/R2QKBNR w KQk -,MODEL_PREDICTION_NOT_EMPIRICAL
JOB-11,B3,1100,maia3-79m,4,c3b5,Nb5,0.03183460608124733,0.9928978187963367,0.469081253520708,353,23,624,1rbqkb1r/pp2pppp/5n2/2pp4/3P4/2N5/PPP1PPPP/R2QKBNR w KQk -,MODEL_PREDICTION_NOT_EMPIRICAL
JOB-11,B3,1100,maia3-79m,5,d1d3,Qd3,0.015948262065649033,0.9928978187963367,0.469081253520708,395,23,582,1rbqkb1r/pp2pppp/5n2/2pp4/3P4/2N5/PPP1PPPP/R2QKBNR w KQk -,MODEL_PREDICTION_NOT_EMPIRICAL
JOB-11,B3,1100,maia3-79m,6,d1d2,Qd2,0.010592814534902573,0.9928978187963367,0.469081253520708,407,24,569,1rbqkb1r/pp2pppp/5n2/2pp4/3P4/2N5/PPP1PPPP/R2QKBNR w KQk -,MODEL_PREDICTION_NOT_EMPIRICAL
JOB-11,B3,1100,maia3-79m,7,e2e4,e4,0.010288608260452747,0.9928978187963367,0.469081253520708,402,27,571,1rbqkb1r/pp2pppp/5n2/2pp4/3P4/2N5/PPP1PPPP/R2QKBNR w KQk -,MODEL_PREDICTION_NOT_EMPIRICAL
JOB-11,B3,1100,maia3-79m,8,f2f3,f3,0.007750903256237507,0.9928978187963367,0.469081253520708,405,26,569,1rbqkb1r/pp2pppp/5n2/2pp4/3P4/2N5/PPP1PPPP/R2QKBNR w KQk -,MODEL_PREDICTION_NOT_EMPIRICAL
JOB-11,B3,1100,maia3-79m,9,g2g3,g3,0.0032748947851359844,0.9928978187963367,0.469081253520708,423,26,551,1rbqkb1r/pp2pppp/5n2/2pp4/3P4/2N5/PPP1PPPP/R2QKBNR w KQk -,MODEL_PREDICTION_NOT_EMPIRICAL
JOB-11,B3,1100,maia3-79m,10,c3a4,Na4,0.0016996688209474087,0.9928978187963367,0.469081253520708,358,24,618,1rbqkb1r/pp2pppp/5n2/2pp4/3P4/2N5/PPP1PPPP/R2QKBNR w KQk -,MODEL_PREDICTION_NOT_EMPIRICAL
JOB-11,B3,1300,maia3-79m,1,d4c5,dxc5,0.6345943808555603,0.9933408237993717,0.4928099663646948,402,26,572,1rbqkb1r/pp2pppp/5n2/2pp4/3P4/2N5/PPP1PPPP/R2QKBNR w KQk -,MODEL_PREDICTION_NOT_EMPIRICAL
JOB-11,B3,1300,maia3-79m,2,e2e3,e3,0.20852312445640564,0.9933408237993717,0.4928099663646948,466,27,507,1rbqkb1r/pp2pppp/5n2/2pp4/3P4/2N5/PPP1PPPP/R2QKBNR w KQk -,MODEL_PREDICTION_NOT_EMPIRICAL
JOB-11,B3,1300,maia3-79m,3,g1f3,Nf3,0.07485222071409225,0.9933408237993717,0.4928099663646948,463,27,510,1rbqkb1r/pp2pppp/5n2/2pp4/3P4/2N5/PPP1PPPP/R2QKBNR w KQk -,MODEL_PREDICTION_NOT_EMPIRICAL
JOB-11,B3,1300,maia3-79m,4,c3b5,Nb5,0.02483987621963024,0.9933408237993717,0.4928099663646948,343,22,635,1rbqkb1r/pp2pppp/5n2/2pp4/3P4/2N5/PPP1PPPP/R2QKBNR w KQk -,MODEL_PREDICTION_NOT_EMPIRICAL
JOB-11,B3,1300,maia3-79m,5,d1d3,Qd3,0.015537135303020477,0.9933408237993717,0.4928099663646948,401,22,577,1rbqkb1r/pp2pppp/5n2/2pp4/3P4/2N5/PPP1PPPP/R2QKBNR w KQk -,MODEL_PREDICTION_NOT_EMPIRICAL
JOB-11,B3,1300,maia3-79m,6,d1d2,Qd2,0.011997560039162636,0.9933408237993717,0.4928099663646948,411,24,565,1rbqkb1r/pp2pppp/5n2/2pp4/3P4/2N5/PPP1PPPP/R2QKBNR w KQk -,MODEL_PREDICTION_NOT_EMPIRICAL
JOB-11,B3,1300,maia3-79m,7,e2e4,e4,0.00924958847463131,0.9933408237993717,0.4928099663646948,405,26,569,1rbqkb1r/pp2pppp/5n2/2pp4/3P4/2N5/PPP1PPPP/R2QKBNR w KQk -,MODEL_PREDICTION_NOT_EMPIRICAL
JOB-11,B3,1300,maia3-79m,8,f2f3,f3,0.007881981320679188,0.9933408237993717,0.4928099663646948,400,26,574,1rbqkb1r/pp2pppp/5n2/2pp4/3P4/2N5/PPP1PPPP/R2QKBNR w KQk -,MODEL_PREDICTION_NOT_EMPIRICAL
JOB-11,B3,1300,maia3-79m,9,g2g3,g3,0.0033204653300344944,0.9933408237993717,0.4928099663646948,426,25,549,1rbqkb1r/pp2pppp/5n2/2pp4/3P4/2N5/PPP1PPPP/R2QKBNR w KQk -,MODEL_PREDICTION_NOT_EMPIRICAL
JOB-11,B3,1300,maia3-79m,10,a2a3,a3,0.002544491086155176,0.9933408237993717,0.4928099663646948,417,26,557,1rbqkb1r/pp2pppp/5n2/2pp4/3P4/2N5/PPP1PPPP/R2QKBNR w KQk -,MODEL_PREDICTION_NOT_EMPIRICAL
JOB-11,B3,1500,maia3-79m,1,d4c5,dxc5,0.578158438205719,0.9937477468047291,0.5259258565483145,405,27,568,1rbqkb1r/pp2pppp/5n2/2pp4/3P4/2N5/PPP1PPPP/R2QKBNR w KQk -,MODEL_PREDICTION_NOT_EMPIRICAL
JOB-11,B3,1500,maia3-79m,2,e2e3,e3,0.253711462020874,0.9937477468047291,0.5259258565483145,468,29,503,1rbqkb1r/pp2pppp/5n2/2pp4/3P4/2N5/PPP1PPPP/R2QKBNR w KQk -,MODEL_PREDICTION_NOT_EMPIRICAL
JOB-11,B3,1500,maia3-79m,3,g1f3,Nf3,0.08483126759529114,0.9937477468047291,0.5259258565483145,463,29,508,1rbqkb1r/pp2pppp/5n2/2pp4/3P4/2N5/PPP1PPPP/R2QKBNR w KQk -,MODEL_PREDICTION_NOT_EMPIRICAL
JOB-11,B3,1500,maia3-79m,4,c3b5,Nb5,0.018325937911868095,0.9937477468047291,0.5259258565483145,347,22,631,1rbqkb1r/pp2pppp/5n2/2pp4/3P4/2N5/PPP1PPPP/R2QKBNR w KQk -,MODEL_PREDICTION_NOT_EMPIRICAL
JOB-11,B3,1500,maia3-79m,5,d1d3,Qd3,0.01707523688673973,0.9937477468047291,0.5259258565483145,404,24,572,1rbqkb1r/pp2pppp/5n2/2pp4/3P4/2N5/PPP1PPPP/R2QKBNR w KQk -,MODEL_PREDICTION_NOT_EMPIRICAL
JOB-11,B3,1500,maia3-79m,6,d1d2,Qd2,0.014608762226998806,0.9937477468047291,0.5259258565483145,415,26,559,1rbqkb1r/pp2pppp/5n2/2pp4/3P4/2N5/PPP1PPPP/R2QKBNR w KQk -,MODEL_PREDICTION_NOT_EMPIRICAL
JOB-11,B3,1500,maia3-79m,7,e2e4,e4,0.010672271251678467,0.9937477468047291,0.5259258565483145,409,27,564,1rbqkb1r/pp2pppp/5n2/2pp4/3P4/2N5/PPP1PPPP/R2QKBNR w KQk -,MODEL_PREDICTION_NOT_EMPIRICAL
JOB-11,B3,1500,maia3-79m,8,f2f3,f3,0.008652747608721256,0.9937477468047291,0.5259258565483145,401,27,572,1rbqkb1r/pp2pppp/5n2/2pp4/3P4/2N5/PPP1PPPP/R2QKBNR w KQk -,MODEL_PREDICTION_NOT_EMPIRICAL
JOB-11,B3,1500,maia3-79m,9,g2g3,g3,0.0038870247080922127,0.9937477468047291,0.5259258565483145,430,27,543,1rbqkb1r/pp2pppp/5n2/2pp4/3P4/2N5/PPP1PPPP/R2QKBNR w KQk -,MODEL_PREDICTION_NOT_EMPIRICAL
JOB-11,B3,1500,maia3-79m,10,a2a3,a3,0.003824598388746381,0.9937477468047291,0.5259258565483145,418,27,555,1rbqkb1r/pp2pppp/5n2/2pp4/3P4/2N5/PPP1PPPP/R2QKBNR w KQk -,MODEL_PREDICTION_NOT_EMPIRICAL
JOB-11,B3,1700,maia3-79m,1,d4c5,dxc5,0.5333583354949951,0.9948955778963864,0.5405437286230274,415,30,555,1rbqkb1r/pp2pppp/5n2/2pp4/3P4/2N5/PPP1PPPP/R2QKBNR w KQk -,MODEL_PREDICTION_NOT_EMPIRICAL
JOB-11,B3,1700,maia3-79m,2,e2e3,e3,0.29706934094429016,0.9948955778963864,0.5405437286230274,472,33,495,1rbqkb1r/pp2pppp/5n2/2pp4/3P4/2N5/PPP1PPPP/R2QKBNR w KQk -,MODEL_PREDICTION_NOT_EMPIRICAL
JOB-11,B3,1700,maia3-79m,3,g1f3,Nf3,0.08908450603485107,0.9948955778963864,0.5405437286230274,462,33,505,1rbqkb1r/pp2pppp/5n2/2pp4/3P4/2N5/PPP1PPPP/R2QKBNR w KQk -,MODEL_PREDICTION_NOT_EMPIRICAL
JOB-11,B3,1700,maia3-79m,4,d1d3,Qd3,0.016875430941581726,0.9948955778963864,0.5405437286230274,411,27,562,1rbqkb1r/pp2pppp/5n2/2pp4/3P4/2N5/PPP1PPPP/R2QKBNR w KQk -,MODEL_PREDICTION_NOT_EMPIRICAL
JOB-11,B3,1700,maia3-79m,5,d1d2,Qd2,0.015276913531124592,0.9948955778963864,0.5405437286230274,422,29,549,1rbqkb1r/pp2pppp/5n2/2pp4/3P4/2N5/PPP1PPPP/R2QKBNR w KQk -,MODEL_PREDICTION_NOT_EMPIRICAL
JOB-11,B3,1700,maia3-79m,6,e2e4,e4,0.013783836737275124,0.9948955778963864,0.5405437286230274,411,29,560,1rbqkb1r/pp2pppp/5n2/2pp4/3P4/2N5/PPP1PPPP/R2QKBNR w KQk -,MODEL_PREDICTION_NOT_EMPIRICAL
JOB-11,B3,1700,maia3-79m,7,c3b5,Nb5,0.011285866610705853,0.9948955778963864,0.5405437286230274,350,25,625,1rbqkb1r/pp2pppp/5n2/2pp4/3P4/2N5/PPP1PPPP/R2QKBNR w KQk -,MODEL_PREDICTION_NOT_EMPIRICAL
JOB-11,B3,1700,maia3-79m,8,f2f3,f3,0.009968199767172337,0.9948955778963864,0.5405437286230274,406,30,564,1rbqkb1r/pp2pppp/5n2/2pp4/3P4/2N5/PPP1PPPP/R2QKBNR w KQk -,MODEL_PREDICTION_NOT_EMPIRICAL
JOB-11,B3,1700,maia3-79m,9,a2a3,a3,0.004254464991390705,0.9948955778963864,0.5405437286230274,418,31,551,1rbqkb1r/pp2pppp/5n2/2pp4/3P4/2N5/PPP1PPPP/R2QKBNR w KQk -,MODEL_PREDICTION_NOT_EMPIRICAL
JOB-11,B3,1700,maia3-79m,10,g2g3,g3,0.003938682842999697,0.9948955778963864,0.5405437286230274,436,31,533,1rbqkb1r/pp2pppp/5n2/2pp4/3P4/2N5/PPP1PPPP/R2QKBNR w KQk -,MODEL_PREDICTION_NOT_EMPIRICAL
JOB-11,B3,1900,maia3-79m,1,d4c5,dxc5,0.47008585929870605,0.9965394700411707,0.5466374668403237,425,35,540,1rbqkb1r/pp2pppp/5n2/2pp4/3P4/2N5/PPP1PPPP/R2QKBNR w KQk -,MODEL_PREDICTION_NOT_EMPIRICAL
JOB-11,B3,1900,maia3-79m,2,e2e3,e3,0.36517569422721863,0.9965394700411707,0.5466374668403237,474,39,487,1rbqkb1r/pp2pppp/5n2/2pp4/3P4/2N5/PPP1PPPP/R2QKBNR w KQk -,MODEL_PREDICTION_NOT_EMPIRICAL
JOB-11,B3,1900,maia3-79m,3,g1f3,Nf3,0.08796152472496033,0.9965394700411707,0.5466374668403237,462,38,500,1rbqkb1r/pp2pppp/5n2/2pp4/3P4/2N5/PPP1PPPP/R2QKBNR w KQk -,MODEL_PREDICTION_NOT_EMPIRICAL
JOB-11,B3,1900,maia3-79m,4,e2e4,e4,0.02059115655720234,0.9965394700411707,0.5466374668403237,410,33,557,1rbqkb1r/pp2pppp/5n2/2pp4/3P4/2N5/PPP1PPPP/R2QKBNR w KQk -,MODEL_PREDICTION_NOT_EMPIRICAL
JOB-11,B3,1900,maia3-79m,5,d1d2,Qd2,0.01438931841403246,0.9965394700411707,0.5466374668403237,430,34,536,1rbqkb1r/pp2pppp/5n2/2pp4/3P4/2N5/PPP1PPPP/R2QKBNR w KQk -,MODEL_PREDICTION_NOT_EMPIRICAL
JOB-11,B3,1900,maia3-79m,6,d1d3,Qd3,0.013594227842986584,0.9965394700411707,0.5466374668403237,418,31,551,1rbqkb1r/pp2pppp/5n2/2pp4/3P4/2N5/PPP1PPPP/R2QKBNR w KQk -,MODEL_PREDICTION_NOT_EMPIRICAL
JOB-11,B3,1900,maia3-79m,7,f2f3,f3,0.011259009130299091,0.9965394700411707,0.5466374668403237,406,33,561,1rbqkb1r/pp2pppp/5n2/2pp4/3P4/2N5/PPP1PPPP/R2QKBNR w KQk -,MODEL_PREDICTION_NOT_EMPIRICAL
JOB-11,B3,1900,maia3-79m,8,c3b5,Nb5,0.006517122033983469,0.9965394700411707,0.5466374668403237,348,29,623,1rbqkb1r/pp2pppp/5n2/2pp4/3P4/2N5/PPP1PPPP/R2QKBNR w KQk -,MODEL_PREDICTION_NOT_EMPIRICAL
JOB-11,B3,1900,maia3-79m,9,a2a3,a3,0.00361617561429739,0.9965394700411707,0.5466374668403237,418,36,546,1rbqkb1r/pp2pppp/5n2/2pp4/3P4/2N5/PPP1PPPP/R2QKBNR w KQk -,MODEL_PREDICTION_NOT_EMPIRICAL
JOB-11,B3,1900,maia3-79m,10,g2g3,g3,0.003349382197484374,0.9965394700411707,0.5466374668403237,441,36,523,1rbqkb1r/pp2pppp/5n2/2pp4/3P4/2N5/PPP1PPPP/R2QKBNR w KQk -,MODEL_PREDICTION_NOT_EMPIRICAL
JOB-11,B3,2100,maia3-79m,1,e2e3,e3,0.4571473300457001,0.998355322284624,0.5403826533581344,469,48,483,1rbqkb1r/pp2pppp/5n2/2pp4/3P4/2N5/PPP1PPPP/R2QKBNR w KQk -,MODEL_PREDICTION_NOT_EMPIRICAL
JOB-11,B3,2100,maia3-79m,2,d4c5,dxc5,0.37747490406036377,0.998355322284624,0.5403826533581344,433,41,526,1rbqkb1r/pp2pppp/5n2/2pp4/3P4/2N5/PPP1PPPP/R2QKBNR w KQk -,MODEL_PREDICTION_NOT_EMPIRICAL
JOB-11,B3,2100,maia3-79m,3,g1f3,Nf3,0.08607272803783417,0.998355322284624,0.5403826533581344,457,47,496,1rbqkb1r/pp2pppp/5n2/2pp4/3P4/2N5/PPP1PPPP/R2QKBNR w KQk -,MODEL_PREDICTION_NOT_EMPIRICAL
JOB-11,B3,2100,maia3-79m,4,e2e4,e4,0.04274258017539978,0.998355322284624,0.5403826533581344,413,41,546,1rbqkb1r/pp2pppp/5n2/2pp4/3P4/2N5/PPP1PPPP/R2QKBNR w KQk -,MODEL_PREDICTION_NOT_EMPIRICAL
JOB-11,B3,2100,maia3-79m,5,d1d2,Qd2,0.012235774658620358,0.998355322284624,0.5403826533581344,423,40,537,1rbqkb1r/pp2pppp/5n2/2pp4/3P4/2N5/PPP1PPPP/R2QKBNR w KQk -,MODEL_PREDICTION_NOT_EMPIRICAL
JOB-11,B3,2100,maia3-79m,6,d1d3,Qd3,0.0075957863591611385,0.998355322284624,0.5403826533581344,416,37,547,1rbqkb1r/pp2pppp/5n2/2pp4/3P4/2N5/PPP1PPPP/R2QKBNR w KQk -,MODEL_PREDICTION_NOT_EMPIRICAL
JOB-11,B3,2100,maia3-79m,7,f2f3,f3,0.007548400200903416,0.998355322284624,0.5403826533581344,391,38,571,1rbqkb1r/pp2pppp/5n2/2pp4/3P4/2N5/PPP1PPPP/R2QKBNR w KQk -,MODEL_PREDICTION_NOT_EMPIRICAL
JOB-11,B3,2100,maia3-79m,8,c3b5,Nb5,0.003052954562008381,0.998355322284624,0.5403826533581344,323,34,643,1rbqkb1r/pp2pppp/5n2/2pp4/3P4/2N5/PPP1PPPP/R2QKBNR w KQk -,MODEL_PREDICTION_NOT_EMPIRICAL
JOB-11,B3,2100,maia3-79m,9,g2g3,g3,0.0025010290555655956,0.998355322284624,0.5403826533581344,434,43,523,1rbqkb1r/pp2pppp/5n2/2pp4/3P4/2N5/PPP1PPPP/R2QKBNR w KQk -,MODEL_PREDICTION_NOT_EMPIRICAL
JOB-11,B3,2100,maia3-79m,10,a2a3,a3,0.0019838351290673018,0.998355322284624,0.5403826533581344,415,42,543,1rbqkb1r/pp2pppp/5n2/2pp4/3P4/2N5/PPP1PPPP/R2QKBNR w KQk -,MODEL_PREDICTION_NOT_EMPIRICAL
VER-05,B3,1100,maia3-79m,1,d4c5,dxc5,0.6067022681236267,0.9949887485709041,0.5328606171952868,495,26,479,rnbqkb1r/pp2pp1p/5p2/2pp4/3P4/2N5/PPP1PPPP/R2QKBNR w KQkq -,MODEL_PREDICTION_NOT_EMPIRICAL
VER-05,B3,1100,maia3-79m,2,e2e3,e3,0.13708771765232086,0.9949887485709041,0.5328606171952868,524,26,450,rnbqkb1r/pp2pp1p/5p2/2pp4/3P4/2N5/PPP1PPPP/R2QKBNR w KQkq -,MODEL_PREDICTION_NOT_EMPIRICAL
VER-05,B3,1100,maia3-79m,3,e2e4,e4,0.1294419765472412,0.9949887485709041,0.5328606171952868,523,26,451,rnbqkb1r/pp2pp1p/5p2/2pp4/3P4/2N5/PPP1PPPP/R2QKBNR w KQkq -,MODEL_PREDICTION_NOT_EMPIRICAL
VER-05,B3,1100,maia3-79m,4,g1f3,Nf3,0.08709587901830673,0.9949887485709041,0.5328606171952868,510,26,464,rnbqkb1r/pp2pp1p/5p2/2pp4/3P4/2N5/PPP1PPPP/R2QKBNR w KQkq -,MODEL_PREDICTION_NOT_EMPIRICAL
VER-05,B3,1100,maia3-79m,5,d1d3,Qd3,0.010523551143705845,0.9949887485709041,0.5328606171952868,475,22,503,rnbqkb1r/pp2pp1p/5p2/2pp4/3P4/2N5/PPP1PPPP/R2QKBNR w KQkq -,MODEL_PREDICTION_NOT_EMPIRICAL
VER-05,B3,1100,maia3-79m,6,c3d5,Nxd5,0.00845041312277317,0.9949887485709041,0.5328606171952868,316,26,658,rnbqkb1r/pp2pp1p/5p2/2pp4/3P4/2N5/PPP1PPPP/R2QKBNR w KQkq -,MODEL_PREDICTION_NOT_EMPIRICAL
VER-05,B3,1100,maia3-79m,7,g2g3,g3,0.005501904990524054,0.9949887485709041,0.5328606171952868,493,25,482,rnbqkb1r/pp2pp1p/5p2/2pp4/3P4/2N5/PPP1PPPP/R2QKBNR w KQkq -,MODEL_PREDICTION_NOT_EMPIRICAL
VER-05,B3,1100,maia3-79m,8,d1d2,Qd2,0.00497068976983428,0.9949887485709041,0.5328606171952868,487,23,490,rnbqkb1r/pp2pp1p/5p2/2pp4/3P4/2N5/PPP1PPPP/R2QKBNR w KQkq -,MODEL_PREDICTION_NOT_EMPIRICAL
VER-05,B3,1100,maia3-79m,9,f2f3,f3,0.00320239644497633,0.9949887485709041,0.5328606171952868,455,27,518,rnbqkb1r/pp2pp1p/5p2/2pp4/3P4/2N5/PPP1PPPP/R2QKBNR w KQkq -,MODEL_PREDICTION_NOT_EMPIRICAL
VER-05,B3,1100,maia3-79m,10,c3b5,Nb5,0.002011951757594943,0.9949887485709041,0.5328606171952868,421,24,555,rnbqkb1r/pp2pp1p/5p2/2pp4/3P4/2N5/PPP1PPPP/R2QKBNR w KQkq -,MODEL_PREDICTION_NOT_EMPIRICAL
VER-05,B3,1300,maia3-79m,1,d4c5,dxc5,0.5749005675315857,0.9953337738988921,0.5479285770151814,506,25,469,rnbqkb1r/pp2pp1p/5p2/2pp4/3P4/2N5/PPP1PPPP/R2QKBNR w KQkq -,MODEL_PREDICTION_NOT_EMPIRICAL
VER-05,B3,1300,maia3-79m,2,e2e3,e3,0.16456638276576996,0.9953337738988921,0.5479285770151814,519,25,456,rnbqkb1r/pp2pp1p/5p2/2pp4/3P4/2N5/PPP1PPPP/R2QKBNR w KQkq -,MODEL_PREDICTION_NOT_EMPIRICAL
VER-05,B3,1300,maia3-79m,3,e2e4,e4,0.12707926332950592,0.9953337738988921,0.5479285770151814,519,24,457,rnbqkb1r/pp2pp1p/5p2/2pp4/3P4/2N5/PPP1PPPP/R2QKBNR w KQkq -,MODEL_PREDICTION_NOT_EMPIRICAL
VER-05,B3,1300,maia3-79m,4,g1f3,Nf3,0.09847233444452286,0.9953337738988921,0.5479285770151814,506,25,469,rnbqkb1r/pp2pp1p/5p2/2pp4/3P4/2N5/PPP1PPPP/R2QKBNR w KQkq -,MODEL_PREDICTION_NOT_EMPIRICAL
VER-05,B3,1300,maia3-79m,5,d1d3,Qd3,0.010294858366250992,0.9953337738988921,0.5479285770151814,478,21,501,rnbqkb1r/pp2pp1p/5p2/2pp4/3P4/2N5/PPP1PPPP/R2QKBNR w KQkq -,MODEL_PREDICTION_NOT_EMPIRICAL
VER-05,B3,1300,maia3-79m,6,d1d2,Qd2,0.005513121373951435,0.9953337738988921,0.5479285770151814,486,22,492,rnbqkb1r/pp2pp1p/5p2/2pp4/3P4/2N5/PPP1PPPP/R2QKBNR w KQkq -,MODEL_PREDICTION_NOT_EMPIRICAL
VER-05,B3,1300,maia3-79m,7,c3d5,Nxd5,0.005193739198148251,0.9953337738988921,0.5479285770151814,296,21,683,rnbqkb1r/pp2pp1p/5p2/2pp4/3P4/2N5/PPP1PPPP/R2QKBNR w KQkq -,MODEL_PREDICTION_NOT_EMPIRICAL
VER-05,B3,1300,maia3-79m,8,g2g3,g3,0.004955541342496872,0.9953337738988921,0.5479285770151814,489,24,487,rnbqkb1r/pp2pp1p/5p2/2pp4/3P4/2N5/PPP1PPPP/R2QKBNR w KQkq -,MODEL_PREDICTION_NOT_EMPIRICAL
VER-05,B3,1300,maia3-79m,9,f2f3,f3,0.0025570853613317013,0.9953337738988921,0.5479285770151814,445,25,530,rnbqkb1r/pp2pp1p/5p2/2pp4/3P4/2N5/PPP1PPPP/R2QKBNR w KQkq -,MODEL_PREDICTION_NOT_EMPIRICAL
VER-05,B3,1300,maia3-79m,10,h2h3,h3,0.001800880185328424,0.9953337738988921,0.5479285770151814,465,24,511,rnbqkb1r/pp2pp1p/5p2/2pp4/3P4/2N5/PPP1PPPP/R2QKBNR w KQkq -,MODEL_PREDICTION_NOT_EMPIRICAL
VER-05,B3,1500,maia3-79m,1,d4c5,dxc5,0.5593538880348206,0.9958130223676562,0.552706095425703,509,26,465,rnbqkb1r/pp2pp1p/5p2/2pp4/3P4/2N5/PPP1PPPP/R2QKBNR w KQkq -,MODEL_PREDICTION_NOT_EMPIRICAL
VER-05,B3,1500,maia3-79m,2,e2e3,e3,0.17847700417041779,0.9958130223676562,0.552706095425703,513,26,461,rnbqkb1r/pp2pp1p/5p2/2pp4/3P4/2N5/PPP1PPPP/R2QKBNR w KQkq -,MODEL_PREDICTION_NOT_EMPIRICAL
VER-05,B3,1500,maia3-79m,3,e2e4,e4,0.1295480579137802,0.9958130223676562,0.552706095425703,518,25,457,rnbqkb1r/pp2pp1p/5p2/2pp4/3P4/2N5/PPP1PPPP/R2QKBNR w KQkq -,MODEL_PREDICTION_NOT_EMPIRICAL
VER-05,B3,1500,maia3-79m,4,g1f3,Nf3,0.10116132348775864,0.9958130223676562,0.552706095425703,500,25,475,rnbqkb1r/pp2pp1p/5p2/2pp4/3P4/2N5/PPP1PPPP/R2QKBNR w KQkq -,MODEL_PREDICTION_NOT_EMPIRICAL
VER-05,B3,1500,maia3-79m,5,d1d3,Qd3,0.008919247426092625,0.9958130223676562,0.552706095425703,474,22,504,rnbqkb1r/pp2pp1p/5p2/2pp4/3P4/2N5/PPP1PPPP/R2QKBNR w KQkq -,MODEL_PREDICTION_NOT_EMPIRICAL
VER-05,B3,1500,maia3-79m,6,d1d2,Qd2,0.0059080044738948345,0.9958130223676562,0.552706095425703,484,23,493,rnbqkb1r/pp2pp1p/5p2/2pp4/3P4/2N5/PPP1PPPP/R2QKBNR w KQkq -,MODEL_PREDICTION_NOT_EMPIRICAL
VER-05,B3,1500,maia3-79m,7,g2g3,g3,0.004810875281691551,0.9958130223676562,0.552706095425703,486,25,489,rnbqkb1r/pp2pp1p/5p2/2pp4/3P4/2N5/PPP1PPPP/R2QKBNR w KQkq -,MODEL_PREDICTION_NOT_EMPIRICAL
VER-05,B3,1500,maia3-79m,8,c3d5,Nxd5,0.0031394236721098423,0.9958130223676562,0.552706095425703,266,18,716,rnbqkb1r/pp2pp1p/5p2/2pp4/3P4/2N5/PPP1PPPP/R2QKBNR w KQkq -,MODEL_PREDICTION_NOT_EMPIRICAL
VER-05,B3,1500,maia3-79m,9,h2h3,h3,0.0022517498582601547,0.9958130223676562,0.552706095425703,462,25,513,rnbqkb1r/pp2pp1p/5p2/2pp4/3P4/2N5/PPP1PPPP/R2QKBNR w KQkq -,MODEL_PREDICTION_NOT_EMPIRICAL
VER-05,B3,1500,maia3-79m,10,f2f3,f3,0.0022434480488300323,0.9958130223676562,0.552706095425703,439,26,535,rnbqkb1r/pp2pp1p/5p2/2pp4/3P4/2N5/PPP1PPPP/R2QKBNR w KQkq -,MODEL_PREDICTION_NOT_EMPIRICAL
VER-05,B3,1700,maia3-79m,1,d4c5,dxc5,0.5488434433937073,0.9965550472261384,0.5501672862374353,512,29,459,rnbqkb1r/pp2pp1p/5p2/2pp4/3P4/2N5/PPP1PPPP/R2QKBNR w KQkq -,MODEL_PREDICTION_NOT_EMPIRICAL
VER-05,B3,1700,maia3-79m,2,e2e3,e3,0.18882514536380768,0.9965550472261384,0.5501672862374353,510,29,461,rnbqkb1r/pp2pp1p/5p2/2pp4/3P4/2N5/PPP1PPPP/R2QKBNR w KQkq -,MODEL_PREDICTION_NOT_EMPIRICAL
VER-05,B3,1700,maia3-79m,3,e2e4,e4,0.1411755532026291,0.9965550472261384,0.5501672862374353,524,28,448,rnbqkb1r/pp2pp1p/5p2/2pp4/3P4/2N5/PPP1PPPP/R2QKBNR w KQkq -,MODEL_PREDICTION_NOT_EMPIRICAL
VER-05,B3,1700,maia3-79m,4,g1f3,Nf3,0.09538760036230087,0.9965550472261384,0.5501672862374353,499,28,473,rnbqkb1r/pp2pp1p/5p2/2pp4/3P4/2N5/PPP1PPPP/R2QKBNR w KQkq -,MODEL_PREDICTION_NOT_EMPIRICAL
VER-05,B3,1700,maia3-79m,5,d1d3,Qd3,0.0060286992229521275,0.9965550472261384,0.5501672862374353,470,24,506,rnbqkb1r/pp2pp1p/5p2/2pp4/3P4/2N5/PPP1PPPP/R2QKBNR w KQkq -,MODEL_PREDICTION_NOT_EMPIRICAL
VER-05,B3,1700,maia3-79m,6,d1d2,Qd2,0.005471172742545605,0.9965550472261384,0.5501672862374353,485,25,490,rnbqkb1r/pp2pp1p/5p2/2pp4/3P4/2N5/PPP1PPPP/R2QKBNR w KQkq -,MODEL_PREDICTION_NOT_EMPIRICAL
VER-05,B3,1700,maia3-79m,7,g2g3,g3,0.0048972237855196,0.9965550472261384,0.5501672862374353,487,28,485,rnbqkb1r/pp2pp1p/5p2/2pp4/3P4/2N5/PPP1PPPP/R2QKBNR w KQkq -,MODEL_PREDICTION_NOT_EMPIRICAL
VER-05,B3,1700,maia3-79m,8,f2f3,f3,0.0021712116431444883,0.9965550472261384,0.5501672862374353,441,28,531,rnbqkb1r/pp2pp1p/5p2/2pp4/3P4/2N5/PPP1PPPP/R2QKBNR w KQkq -,MODEL_PREDICTION_NOT_EMPIRICAL
VER-05,B3,1700,maia3-79m,9,a2a3,a3,0.001930045778863132,0.9965550472261384,0.5501672862374353,465,28,507,rnbqkb1r/pp2pp1p/5p2/2pp4/3P4/2N5/PPP1PPPP/R2QKBNR w KQkq -,MODEL_PREDICTION_NOT_EMPIRICAL
VER-05,B3,1700,maia3-79m,10,h2h3,h3,0.0018249517306685448,0.9965550472261384,0.5501672862374353,463,28,509,rnbqkb1r/pp2pp1p/5p2/2pp4/3P4/2N5/PPP1PPPP/R2QKBNR w KQkq -,MODEL_PREDICTION_NOT_EMPIRICAL
VER-05,B3,1900,maia3-79m,1,d4c5,dxc5,0.45677465200424194,0.9980827945983037,0.5777390184426038,511,33,456,rnbqkb1r/pp2pp1p/5p2/2pp4/3P4/2N5/PPP1PPPP/R2QKBNR w KQkq -,MODEL_PREDICTION_NOT_EMPIRICAL
VER-05,B3,1900,maia3-79m,2,e2e3,e3,0.2175353318452835,0.9980827945983037,0.5777390184426038,518,34,448,rnbqkb1r/pp2pp1p/5p2/2pp4/3P4/2N5/PPP1PPPP/R2QKBNR w KQkq -,MODEL_PREDICTION_NOT_EMPIRICAL
VER-05,B3,1900,maia3-79m,3,e2e4,e4,0.21690721809864044,0.9980827945983037,0.5777390184426038,540,32,428,rnbqkb1r/pp2pp1p/5p2/2pp4/3P4/2N5/PPP1PPPP/R2QKBNR w KQkq -,MODEL_PREDICTION_NOT_EMPIRICAL
VER-05,B3,1900,maia3-79m,4,g1f3,Nf3,0.0912640169262886,0.9980827945983037,0.5777390184426038,507,33,460,rnbqkb1r/pp2pp1p/5p2/2pp4/3P4/2N5/PPP1PPPP/R2QKBNR w KQkq -,MODEL_PREDICTION_NOT_EMPIRICAL
VER-05,B3,1900,maia3-79m,5,g2g3,g3,0.004968802444636822,0.9980827945983037,0.5777390184426038,494,33,473,rnbqkb1r/pp2pp1p/5p2/2pp4/3P4/2N5/PPP1PPPP/R2QKBNR w KQkq -,MODEL_PREDICTION_NOT_EMPIRICAL
VER-05,B3,1900,maia3-79m,6,d1d2,Qd2,0.003777002217248082,0.9980827945983037,0.5777390184426038,493,30,477,rnbqkb1r/pp2pp1p/5p2/2pp4/3P4/2N5/PPP1PPPP/R2QKBNR w KQkq -,MODEL_PREDICTION_NOT_EMPIRICAL
VER-05,B3,1900,maia3-79m,7,d1d3,Qd3,0.002655056770890951,0.9980827945983037,0.5777390184426038,473,28,499,rnbqkb1r/pp2pp1p/5p2/2pp4/3P4/2N5/PPP1PPPP/R2QKBNR w KQkq -,MODEL_PREDICTION_NOT_EMPIRICAL
VER-05,B3,1900,maia3-79m,8,f2f3,f3,0.0019055077573284507,0.9980827945983037,0.5777390184426038,444,32,524,rnbqkb1r/pp2pp1p/5p2/2pp4/3P4/2N5/PPP1PPPP/R2QKBNR w KQkq -,MODEL_PREDICTION_NOT_EMPIRICAL
VER-05,B3,1900,maia3-79m,9,a2a3,a3,0.0014452800387516618,0.9980827945983037,0.5777390184426038,472,32,496,rnbqkb1r/pp2pp1p/5p2/2pp4/3P4/2N5/PPP1PPPP/R2QKBNR w KQkq -,MODEL_PREDICTION_NOT_EMPIRICAL
VER-05,B3,1900,maia3-79m,10,h2h3,h3,0.0008499264949932694,0.9980827945983037,0.5777390184426038,471,32,497,rnbqkb1r/pp2pp1p/5p2/2pp4/3P4/2N5/PPP1PPPP/R2QKBNR w KQkq -,MODEL_PREDICTION_NOT_EMPIRICAL
VER-05,B3,2100,maia3-79m,1,e2e4,e4,0.4276760220527649,0.9992923597455956,0.5630139996734711,547,40,413,rnbqkb1r/pp2pp1p/5p2/2pp4/3P4/2N5/PPP1PPPP/R2QKBNR w KQkq -,MODEL_PREDICTION_NOT_EMPIRICAL
VER-05,B3,2100,maia3-79m,2,d4c5,dxc5,0.26795563101768494,0.9992923597455956,0.5630139996734711,510,41,449,rnbqkb1r/pp2pp1p/5p2/2pp4/3P4/2N5/PPP1PPPP/R2QKBNR w KQkq -,MODEL_PREDICTION_NOT_EMPIRICAL
VER-05,B3,2100,maia3-79m,3,e2e3,e3,0.22157765924930573,0.9992923597455956,0.5630139996734711,516,42,442,rnbqkb1r/pp2pp1p/5p2/2pp4/3P4/2N5/PPP1PPPP/R2QKBNR w KQkq -,MODEL_PREDICTION_NOT_EMPIRICAL
VER-05,B3,2100,maia3-79m,4,g1f3,Nf3,0.07311693578958511,0.9992923597455956,0.5630139996734711,503,42,455,rnbqkb1r/pp2pp1p/5p2/2pp4/3P4/2N5/PPP1PPPP/R2QKBNR w KQkq -,MODEL_PREDICTION_NOT_EMPIRICAL
VER-05,B3,2100,maia3-79m,5,g2g3,g3,0.004590713884681463,0.9992923597455956,0.5630139996734711,494,41,465,rnbqkb1r/pp2pp1p/5p2/2pp4/3P4/2N5/PPP1PPPP/R2QKBNR w KQkq -,MODEL_PREDICTION_NOT_EMPIRICAL
VER-05,B3,2100,maia3-79m,6,d1d2,Qd2,0.0015705976402387023,0.9992923597455956,0.5630139996734711,489,36,475,rnbqkb1r/pp2pp1p/5p2/2pp4/3P4/2N5/PPP1PPPP/R2QKBNR w KQkq -,MODEL_PREDICTION_NOT_EMPIRICAL
VER-05,B3,2100,maia3-79m,7,f2f3,f3,0.000940469151828438,0.9992923597455956,0.5630139996734711,442,38,520,rnbqkb1r/pp2pp1p/5p2/2pp4/3P4/2N5/PPP1PPPP/R2QKBNR w KQkq -,MODEL_PREDICTION_NOT_EMPIRICAL
VER-05,B3,2100,maia3-79m,8,d1d3,Qd3,0.0009047241765074432,0.9992923597455956,0.5630139996734711,471,34,495,rnbqkb1r/pp2pp1p/5p2/2pp4/3P4/2N5/PPP1PPPP/R2QKBNR w KQkq -,MODEL_PREDICTION_NOT_EMPIRICAL
VER-05,B3,2100,maia3-79m,9,a2a3,a3,0.0005241857143118978,0.9992923597455956,0.5630139996734711,473,40,487,rnbqkb1r/pp2pp1p/5p2/2pp4/3P4/2N5/PPP1PPPP/R2QKBNR w KQkq -,MODEL_PREDICTION_NOT_EMPIRICAL
VER-05,B3,2100,maia3-79m,10,c3d5,Nxd5,0.00043542106868699193,0.9992923597455956,0.5630139996734711,225,22,753,rnbqkb1r/pp2pp1p/5p2/2pp4/3P4/2N5/PPP1PPPP/R2QKBNR w KQkq -,MODEL_PREDICTION_NOT_EMPIRICAL
LON-10,B4,1100,maia3-79m,1,a1c1,Rc1,0.4852091372013092,0.9665836482308805,0.6460910914428057,479,19,502,r1b1kb1r/pp2pppp/2n2n2/2Pp4/5B2/2q1PN2/P2N1PPP/R2QKB1R w KQkq -,MODEL_PREDICTION_NOT_EMPIRICAL
LON-10,B4,1100,maia3-79m,2,f1b5,Bb5,0.22002388536930084,0.9665836482308805,0.6460910914428057,462,22,516,r1b1kb1r/pp2pppp/2n2n2/2Pp4/5B2/2q1PN2/P2N1PPP/R2QKB1R w KQkq -,MODEL_PREDICTION_NOT_EMPIRICAL
LON-10,B4,1100,maia3-79m,3,f1e2,Be2,0.10600241273641586,0.9665836482308805,0.6460910914428057,455,22,523,r1b1kb1r/pp2pppp/2n2n2/2Pp4/5B2/2q1PN2/P2N1PPP/R2QKB1R w KQkq -,MODEL_PREDICTION_NOT_EMPIRICAL
LON-10,B4,1100,maia3-79m,4,f4e5,Be5,0.039701350033283234,0.9665836482308805,0.6460910914428057,325,19,656,r1b1kb1r/pp2pppp/2n2n2/2Pp4/5B2/2q1PN2/P2N1PPP/R2QKB1R w KQkq -,MODEL_PREDICTION_NOT_EMPIRICAL
LON-10,B4,1100,maia3-79m,5,f3e5,Ne5,0.03800908476114273,0.9665836482308805,0.6460910914428057,326,20,654,r1b1kb1r/pp2pppp/2n2n2/2Pp4/5B2/2q1PN2/P2N1PPP/R2QKB1R w KQkq -,MODEL_PREDICTION_NOT_EMPIRICAL
LON-10,B4,1100,maia3-79m,6,d1c1,Qc1,0.03067508153617382,0.9665836482308805,0.6460910914428057,406,31,563,r1b1kb1r/pp2pppp/2n2n2/2Pp4/5B2/2q1PN2/P2N1PPP/R2QKB1R w KQkq -,MODEL_PREDICTION_NOT_EMPIRICAL
LON-10,B4,1100,maia3-79m,7,f3d4,Nd4,0.017299633473157883,0.9665836482308805,0.6460910914428057,370,20,610,r1b1kb1r/pp2pppp/2n2n2/2Pp4/5B2/2q1PN2/P2N1PPP/R2QKB1R w KQkq -,MODEL_PREDICTION_NOT_EMPIRICAL
LON-10,B4,1100,maia3-79m,8,d1a4,Qa4,0.011482089757919312,0.9665836482308805,0.6460910914428057,249,15,736,r1b1kb1r/pp2pppp/2n2n2/2Pp4/5B2/2q1PN2/P2N1PPP/R2QKB1R w KQkq -,MODEL_PREDICTION_NOT_EMPIRICAL
LON-10,B4,1100,maia3-79m,9,d1b3,Qb3,0.0110555374994874,0.9665836482308805,0.6460910914428057,275,23,702,r1b1kb1r/pp2pppp/2n2n2/2Pp4/5B2/2q1PN2/P2N1PPP/R2QKB1R w KQkq -,MODEL_PREDICTION_NOT_EMPIRICAL
LON-10,B4,1100,maia3-79m,10,a1b1,Rb1,0.00712543586269021,0.9665836482308805,0.6460910914428057,450,21,529,r1b1kb1r/pp2pppp/2n2n2/2Pp4/5B2/2q1PN2/P2N1PPP/R2QKB1R w KQkq -,MODEL_PREDICTION_NOT_EMPIRICAL
LON-10,B4,1300,maia3-79m,1,a1c1,Rc1,0.5045971274375916,0.9797186274081469,0.6101847189576798,460,19,521,r1b1kb1r/pp2pppp/2n2n2/2Pp4/5B2/2q1PN2/P2N1PPP/R2QKB1R w KQkq -,MODEL_PREDICTION_NOT_EMPIRICAL
LON-10,B4,1300,maia3-79m,2,f1b5,Bb5,0.22549080848693848,0.9797186274081469,0.6101847189576798,464,22,514,r1b1kb1r/pp2pppp/2n2n2/2Pp4/5B2/2q1PN2/P2N1PPP/R2QKB1R w KQkq -,MODEL_PREDICTION_NOT_EMPIRICAL
LON-10,B4,1300,maia3-79m,3,f1e2,Be2,0.13584700226783752,0.9797186274081469,0.6101847189576798,452,21,527,r1b1kb1r/pp2pppp/2n2n2/2Pp4/5B2/2q1PN2/P2N1PPP/R2QKB1R w KQkq -,MODEL_PREDICTION_NOT_EMPIRICAL
LON-10,B4,1300,maia3-79m,4,f4e5,Be5,0.029468432068824768,0.9797186274081469,0.6101847189576798,289,17,694,r1b1kb1r/pp2pppp/2n2n2/2Pp4/5B2/2q1PN2/P2N1PPP/R2QKB1R w KQkq -,MODEL_PREDICTION_NOT_EMPIRICAL
LON-10,B4,1300,maia3-79m,5,f3e5,Ne5,0.02369038574397564,0.9797186274081469,0.6101847189576798,314,20,666,r1b1kb1r/pp2pppp/2n2n2/2Pp4/5B2/2q1PN2/P2N1PPP/R2QKB1R w KQkq -,MODEL_PREDICTION_NOT_EMPIRICAL
LON-10,B4,1300,maia3-79m,6,d1c1,Qc1,0.022353244945406914,0.9797186274081469,0.6101847189576798,385,31,584,r1b1kb1r/pp2pppp/2n2n2/2Pp4/5B2/2q1PN2/P2N1PPP/R2QKB1R w KQkq -,MODEL_PREDICTION_NOT_EMPIRICAL
LON-10,B4,1300,maia3-79m,7,f3d4,Nd4,0.01596098206937313,0.9797186274081469,0.6101847189576798,366,19,615,r1b1kb1r/pp2pppp/2n2n2/2Pp4/5B2/2q1PN2/P2N1PPP/R2QKB1R w KQkq -,MODEL_PREDICTION_NOT_EMPIRICAL
LON-10,B4,1300,maia3-79m,8,d1b3,Qb3,0.008216400630772114,0.9797186274081469,0.6101847189576798,257,20,723,r1b1kb1r/pp2pppp/2n2n2/2Pp4/5B2/2q1PN2/P2N1PPP/R2QKB1R w KQkq -,MODEL_PREDICTION_NOT_EMPIRICAL
LON-10,B4,1300,maia3-79m,9,d1a4,Qa4,0.007103029638528824,0.9797186274081469,0.6101847189576798,225,13,762,r1b1kb1r/pp2pppp/2n2n2/2Pp4/5B2/2q1PN2/P2N1PPP/R2QKB1R w KQkq -,MODEL_PREDICTION_NOT_EMPIRICAL
LON-10,B4,1300,maia3-79m,10,a1b1,Rb1,0.006991214118897915,0.9797186274081469,0.6101847189576798,444,21,535,r1b1kb1r/pp2pppp/2n2n2/2Pp4/5B2/2q1PN2/P2N1PPP/R2QKB1R w KQkq -,MODEL_PREDICTION_NOT_EMPIRICAL
LON-10,B4,1500,maia3-79m,1,a1c1,Rc1,0.5314466953277588,0.9871701970696449,0.5679280151653948,449,19,532,r1b1kb1r/pp2pppp/2n2n2/2Pp4/5B2/2q1PN2/P2N1PPP/R2QKB1R w KQkq -,MODEL_PREDICTION_NOT_EMPIRICAL
LON-10,B4,1500,maia3-79m,2,f1b5,Bb5,0.22141827642917633,0.9871701970696449,0.5679280151653948,468,23,509,r1b1kb1r/pp2pppp/2n2n2/2Pp4/5B2/2q1PN2/P2N1PPP/R2QKB1R w KQkq -,MODEL_PREDICTION_NOT_EMPIRICAL
LON-10,B4,1500,maia3-79m,3,f1e2,Be2,0.15396107733249664,0.9871701970696449,0.5679280151653948,447,22,531,r1b1kb1r/pp2pppp/2n2n2/2Pp4/5B2/2q1PN2/P2N1PPP/R2QKB1R w KQkq -,MODEL_PREDICTION_NOT_EMPIRICAL
LON-10,B4,1500,maia3-79m,4,f4e5,Be5,0.018933914601802826,0.9871701970696449,0.5679280151653948,265,16,719,r1b1kb1r/pp2pppp/2n2n2/2Pp4/5B2/2q1PN2/P2N1PPP/R2QKB1R w KQkq -,MODEL_PREDICTION_NOT_EMPIRICAL
LON-10,B4,1500,maia3-79m,5,d1c1,Qc1,0.017067398875951767,0.9871701970696449,0.5679280151653948,372,32,596,r1b1kb1r/pp2pppp/2n2n2/2Pp4/5B2/2q1PN2/P2N1PPP/R2QKB1R w KQkq -,MODEL_PREDICTION_NOT_EMPIRICAL
LON-10,B4,1500,maia3-79m,6,f3d4,Nd4,0.013946753926575184,0.9871701970696449,0.5679280151653948,366,19,615,r1b1kb1r/pp2pppp/2n2n2/2Pp4/5B2/2q1PN2/P2N1PPP/R2QKB1R w KQkq -,MODEL_PREDICTION_NOT_EMPIRICAL
LON-10,B4,1500,maia3-79m,7,f3e5,Ne5,0.01301486324518919,0.9871701970696449,0.5679280151653948,305,20,675,r1b1kb1r/pp2pppp/2n2n2/2Pp4/5B2/2q1PN2/P2N1PPP/R2QKB1R w KQkq -,MODEL_PREDICTION_NOT_EMPIRICAL
LON-10,B4,1500,maia3-79m,8,d1b3,Qb3,0.006751649081707001,0.9871701970696449,0.5679280151653948,244,20,736,r1b1kb1r/pp2pppp/2n2n2/2Pp4/5B2/2q1PN2/P2N1PPP/R2QKB1R w KQkq -,MODEL_PREDICTION_NOT_EMPIRICAL
LON-10,B4,1500,maia3-79m,9,a1b1,Rb1,0.006450681947171688,0.9871701970696449,0.5679280151653948,443,22,535,r1b1kb1r/pp2pppp/2n2n2/2Pp4/5B2/2q1PN2/P2N1PPP/R2QKB1R w KQkq -,MODEL_PREDICTION_NOT_EMPIRICAL
LON-10,B4,1500,maia3-79m,10,d1a4,Qa4,0.00417888630181551,0.9871701970696449,0.5679280151653948,208,13,779,r1b1kb1r/pp2pppp/2n2n2/2Pp4/5B2/2q1PN2/P2N1PPP/R2QKB1R w KQkq -,MODEL_PREDICTION_NOT_EMPIRICAL
LON-10,B4,1700,maia3-79m,1,a1c1,Rc1,0.5818820595741272,0.9924100453499705,0.5084048825586385,440,21,539,r1b1kb1r/pp2pppp/2n2n2/2Pp4/5B2/2q1PN2/P2N1PPP/R2QKB1R w KQkq -,MODEL_PREDICTION_NOT_EMPIRICAL
LON-10,B4,1700,maia3-79m,2,f1b5,Bb5,0.2092493176460266,0.9924100453499705,0.5084048825586385,469,25,506,r1b1kb1r/pp2pppp/2n2n2/2Pp4/5B2/2q1PN2/P2N1PPP/R2QKB1R w KQkq -,MODEL_PREDICTION_NOT_EMPIRICAL
LON-10,B4,1700,maia3-79m,3,f1e2,Be2,0.1510104238986969,0.9924100453499705,0.5084048825586385,442,24,534,r1b1kb1r/pp2pppp/2n2n2/2Pp4/5B2/2q1PN2/P2N1PPP/R2QKB1R w KQkq -,MODEL_PREDICTION_NOT_EMPIRICAL
LON-10,B4,1700,maia3-79m,4,d1c1,Qc1,0.011603258550167084,0.9924100453499705,0.5084048825586385,367,36,597,r1b1kb1r/pp2pppp/2n2n2/2Pp4/5B2/2q1PN2/P2N1PPP/R2QKB1R w KQkq -,MODEL_PREDICTION_NOT_EMPIRICAL
LON-10,B4,1700,maia3-79m,5,f4e5,Be5,0.010226606391370296,0.9924100453499705,0.5084048825586385,243,17,740,r1b1kb1r/pp2pppp/2n2n2/2Pp4/5B2/2q1PN2/P2N1PPP/R2QKB1R w KQkq -,MODEL_PREDICTION_NOT_EMPIRICAL
LON-10,B4,1700,maia3-79m,6,f3d4,Nd4,0.0100602637976408,0.9924100453499705,0.5084048825586385,374,21,605,r1b1kb1r/pp2pppp/2n2n2/2Pp4/5B2/2q1PN2/P2N1PPP/R2QKB1R w KQkq -,MODEL_PREDICTION_NOT_EMPIRICAL
LON-10,B4,1700,maia3-79m,7,f3e5,Ne5,0.005887258797883987,0.9924100453499705,0.5084048825586385,301,22,677,r1b1kb1r/pp2pppp/2n2n2/2Pp4/5B2/2q1PN2/P2N1PPP/R2QKB1R w KQkq -,MODEL_PREDICTION_NOT_EMPIRICAL
LON-10,B4,1700,maia3-79m,8,d1b3,Qb3,0.00529602961614728,0.9924100453499705,0.5084048825586385,235,21,744,r1b1kb1r/pp2pppp/2n2n2/2Pp4/5B2/2q1PN2/P2N1PPP/R2QKB1R w KQkq -,MODEL_PREDICTION_NOT_EMPIRICAL
LON-10,B4,1700,maia3-79m,9,a1b1,Rb1,0.004974904004484415,0.9924100453499705,0.5084048825586385,443,24,533,r1b1kb1r/pp2pppp/2n2n2/2Pp4/5B2/2q1PN2/P2N1PPP/R2QKB1R w KQkq -,MODEL_PREDICTION_NOT_EMPIRICAL
LON-10,B4,1700,maia3-79m,10,d1a4,Qa4,0.002219923073425889,0.9924100453499705,0.5084048825586385,190,13,797,r1b1kb1r/pp2pppp/2n2n2/2Pp4/5B2/2q1PN2/P2N1PPP/R2QKB1R w KQkq -,MODEL_PREDICTION_NOT_EMPIRICAL
LON-10,B4,1900,maia3-79m,1,a1c1,Rc1,0.6636651754379272,0.99597843142692,0.427990005243807,439,25,536,r1b1kb1r/pp2pppp/2n2n2/2Pp4/5B2/2q1PN2/P2N1PPP/R2QKB1R w KQkq -,MODEL_PREDICTION_NOT_EMPIRICAL
LON-10,B4,1900,maia3-79m,2,f1b5,Bb5,0.18713073432445526,0.99597843142692,0.427990005243807,468,28,504,r1b1kb1r/pp2pppp/2n2n2/2Pp4/5B2/2q1PN2/P2N1PPP/R2QKB1R w KQkq -,MODEL_PREDICTION_NOT_EMPIRICAL
LON-10,B4,1900,maia3-79m,3,f1e2,Be2,0.11809416115283966,0.99597843142692,0.427990005243807,433,27,540,r1b1kb1r/pp2pppp/2n2n2/2Pp4/5B2/2q1PN2/P2N1PPP/R2QKB1R w KQkq -,MODEL_PREDICTION_NOT_EMPIRICAL
LON-10,B4,1900,maia3-79m,4,d1c1,Qc1,0.006771324202418327,0.99597843142692,0.427990005243807,369,41,590,r1b1kb1r/pp2pppp/2n2n2/2Pp4/5B2/2q1PN2/P2N1PPP/R2QKB1R w KQkq -,MODEL_PREDICTION_NOT_EMPIRICAL
LON-10,B4,1900,maia3-79m,5,f3d4,Nd4,0.005212332587689161,0.99597843142692,0.427990005243807,372,23,605,r1b1kb1r/pp2pppp/2n2n2/2Pp4/5B2/2q1PN2/P2N1PPP/R2QKB1R w KQkq -,MODEL_PREDICTION_NOT_EMPIRICAL
LON-10,B4,1900,maia3-79m,6,f4e5,Be5,0.004678342025727034,0.99597843142692,0.427990005243807,233,17,750,r1b1kb1r/pp2pppp/2n2n2/2Pp4/5B2/2q1PN2/P2N1PPP/R2QKB1R w KQkq -,MODEL_PREDICTION_NOT_EMPIRICAL
LON-10,B4,1900,maia3-79m,7,a1b1,Rb1,0.0038528672885149717,0.99597843142692,0.427990005243807,446,28,526,r1b1kb1r/pp2pppp/2n2n2/2Pp4/5B2/2q1PN2/P2N1PPP/R2QKB1R w KQkq -,MODEL_PREDICTION_NOT_EMPIRICAL
LON-10,B4,1900,maia3-79m,8,d1b3,Qb3,0.003171419957652688,0.99597843142692,0.427990005243807,227,22,751,r1b1kb1r/pp2pppp/2n2n2/2Pp4/5B2/2q1PN2/P2N1PPP/R2QKB1R w KQkq -,MODEL_PREDICTION_NOT_EMPIRICAL
LON-10,B4,1900,maia3-79m,9,f3e5,Ne5,0.002259419998154044,0.99597843142692,0.427990005243807,297,23,680,r1b1kb1r/pp2pppp/2n2n2/2Pp4/5B2/2q1PN2/P2N1PPP/R2QKB1R w KQkq -,MODEL_PREDICTION_NOT_EMPIRICAL
LON-10,B4,1900,maia3-79m,10,d1a4,Qa4,0.0011426544515416026,0.99597843142692,0.427990005243807,162,13,825,r1b1kb1r/pp2pppp/2n2n2/2Pp4/5B2/2q1PN2/P2N1PPP/R2QKB1R w KQkq -,MODEL_PREDICTION_NOT_EMPIRICAL
LON-10,B4,2100,maia3-79m,1,a1c1,Rc1,0.7482882142066956,0.9981562591856346,0.339963019709467,457,32,511,r1b1kb1r/pp2pppp/2n2n2/2Pp4/5B2/2q1PN2/P2N1PPP/R2QKB1R w KQkq -,MODEL_PREDICTION_NOT_EMPIRICAL
LON-10,B4,2100,maia3-79m,2,f1b5,Bb5,0.16922889649868011,0.9981562591856346,0.339963019709467,472,36,492,r1b1kb1r/pp2pppp/2n2n2/2Pp4/5B2/2q1PN2/P2N1PPP/R2QKB1R w KQkq -,MODEL_PREDICTION_NOT_EMPIRICAL
LON-10,B4,2100,maia3-79m,3,f1e2,Be2,0.06666640192270279,0.9981562591856346,0.339963019709467,422,34,544,r1b1kb1r/pp2pppp/2n2n2/2Pp4/5B2/2q1PN2/P2N1PPP/R2QKB1R w KQkq -,MODEL_PREDICTION_NOT_EMPIRICAL
LON-10,B4,2100,maia3-79m,4,d1c1,Qc1,0.0038452104199677706,0.9981562591856346,0.339963019709467,376,50,574,r1b1kb1r/pp2pppp/2n2n2/2Pp4/5B2/2q1PN2/P2N1PPP/R2QKB1R w KQkq -,MODEL_PREDICTION_NOT_EMPIRICAL
LON-10,B4,2100,maia3-79m,5,a1b1,Rb1,0.003235757118090987,0.9981562591856346,0.339963019709467,441,36,523,r1b1kb1r/pp2pppp/2n2n2/2Pp4/5B2/2q1PN2/P2N1PPP/R2QKB1R w KQkq -,MODEL_PREDICTION_NOT_EMPIRICAL
LON-10,B4,2100,maia3-79m,6,f3d4,Nd4,0.0022121593356132507,0.9981562591856346,0.339963019709467,375,28,597,r1b1kb1r/pp2pppp/2n2n2/2Pp4/5B2/2q1PN2/P2N1PPP/R2QKB1R w KQkq -,MODEL_PREDICTION_NOT_EMPIRICAL
LON-10,B4,2100,maia3-79m,7,f4e5,Be5,0.0017378247575834394,0.9981562591856346,0.339963019709467,238,20,742,r1b1kb1r/pp2pppp/2n2n2/2Pp4/5B2/2q1PN2/P2N1PPP/R2QKB1R w KQkq -,MODEL_PREDICTION_NOT_EMPIRICAL
LON-10,B4,2100,maia3-79m,8,d1b3,Qb3,0.0015150175895541906,0.9981562591856346,0.339963019709467,214,24,762,r1b1kb1r/pp2pppp/2n2n2/2Pp4/5B2/2q1PN2/P2N1PPP/R2QKB1R w KQkq -,MODEL_PREDICTION_NOT_EMPIRICAL
LON-10,B4,2100,maia3-79m,9,f3e5,Ne5,0.0008698537712916732,0.9981562591856346,0.339963019709467,285,26,689,r1b1kb1r/pp2pppp/2n2n2/2Pp4/5B2/2q1PN2/P2N1PPP/R2QKB1R w KQkq -,MODEL_PREDICTION_NOT_EMPIRICAL
LON-10,B4,2100,maia3-79m,10,d1a4,Qa4,0.0005569235654547811,0.9981562591856346,0.339963019709467,134,14,852,r1b1kb1r/pp2pppp/2n2n2/2Pp4/5B2/2q1PN2/P2N1PPP/R2QKB1R w KQkq -,MODEL_PREDICTION_NOT_EMPIRICAL
LON-11,B4,1100,maia3-79m,1,f1b5,Bb5,0.2929671108722687,0.9562093792483211,0.8071551510013169,566,19,415,r1b1kb1r/pp2pppp/2n2n2/2pp4/3P1B2/2q1PN2/P2N1PPP/1R1QKB1R w Kkq -,MODEL_PREDICTION_NOT_EMPIRICAL
LON-11,B4,1100,maia3-79m,2,b1b3,Rb3,0.19155548512935638,0.9562093792483211,0.8071551510013169,447,29,524,r1b1kb1r/pp2pppp/2n2n2/2pp4/3P1B2/2q1PN2/P2N1PPP/1R1QKB1R w Kkq -,MODEL_PREDICTION_NOT_EMPIRICAL
LON-11,B4,1100,maia3-79m,3,b1c1,Rc1,0.1409820020198822,0.9562093792483211,0.8071551510013169,466,25,509,r1b1kb1r/pp2pppp/2n2n2/2pp4/3P1B2/2q1PN2/P2N1PPP/1R1QKB1R w Kkq -,MODEL_PREDICTION_NOT_EMPIRICAL
LON-11,B4,1100,maia3-79m,4,f1e2,Be2,0.10091222077608109,0.9562093792483211,0.8071551510013169,490,19,491,r1b1kb1r/pp2pppp/2n2n2/2pp4/3P1B2/2q1PN2/P2N1PPP/1R1QKB1R w Kkq -,MODEL_PREDICTION_NOT_EMPIRICAL
LON-11,B4,1100,maia3-79m,5,f3e5,Ne5,0.08941145986318588,0.9562093792483211,0.8071551510013169,483,20,497,r1b1kb1r/pp2pppp/2n2n2/2pp4/3P1B2/2q1PN2/P2N1PPP/1R1QKB1R w Kkq -,MODEL_PREDICTION_NOT_EMPIRICAL
LON-11,B4,1100,maia3-79m,6,d4c5,dxc5,0.07253727316856384,0.9562093792483211,0.8071551510013169,464,20,516,r1b1kb1r/pp2pppp/2n2n2/2pp4/3P1B2/2q1PN2/P2N1PPP/1R1QKB1R w Kkq -,MODEL_PREDICTION_NOT_EMPIRICAL
LON-11,B4,1100,maia3-79m,7,d1a4,Qa4,0.029435941949486732,0.9562093792483211,0.8071551510013169,509,17,474,r1b1kb1r/pp2pppp/2n2n2/2pp4/3P1B2/2q1PN2/P2N1PPP/1R1QKB1R w Kkq -,MODEL_PREDICTION_NOT_EMPIRICAL
LON-11,B4,1100,maia3-79m,8,d1b3,Qb3,0.019801294431090355,0.9562093792483211,0.8071551510013169,422,34,544,r1b1kb1r/pp2pppp/2n2n2/2pp4/3P1B2/2q1PN2/P2N1PPP/1R1QKB1R w Kkq -,MODEL_PREDICTION_NOT_EMPIRICAL
LON-11,B4,1100,maia3-79m,9,d1c1,Qc1,0.00938757136464119,0.9562093792483211,0.8071551510013169,396,32,572,r1b1kb1r/pp2pppp/2n2n2/2pp4/3P1B2/2q1PN2/P2N1PPP/1R1QKB1R w Kkq -,MODEL_PREDICTION_NOT_EMPIRICAL
LON-11,B4,1100,maia3-79m,10,f1d3,Bd3,0.009219019673764706,0.9562093792483211,0.8071551510013169,301,16,683,r1b1kb1r/pp2pppp/2n2n2/2pp4/3P1B2/2q1PN2/P2N1PPP/1R1QKB1R w Kkq -,MODEL_PREDICTION_NOT_EMPIRICAL
LON-11,B4,1300,maia3-79m,1,f1b5,Bb5,0.33921363949775696,0.9684611205011606,0.7843661436823942,556,20,424,r1b1kb1r/pp2pppp/2n2n2/2pp4/3P1B2/2q1PN2/P2N1PPP/1R1QKB1R w Kkq -,MODEL_PREDICTION_NOT_EMPIRICAL
LON-11,B4,1300,maia3-79m,2,b1b3,Rb3,0.16340503096580505,0.9684611205011606,0.7843661436823942,432,27,541,r1b1kb1r/pp2pppp/2n2n2/2pp4/3P1B2/2q1PN2/P2N1PPP/1R1QKB1R w Kkq -,MODEL_PREDICTION_NOT_EMPIRICAL
LON-11,B4,1300,maia3-79m,3,f1e2,Be2,0.12907972931861877,0.9684611205011606,0.7843661436823942,478,19,503,r1b1kb1r/pp2pppp/2n2n2/2pp4/3P1B2/2q1PN2/P2N1PPP/1R1QKB1R w Kkq -,MODEL_PREDICTION_NOT_EMPIRICAL
LON-11,B4,1300,maia3-79m,4,b1c1,Rc1,0.12138344347476959,0.9684611205011606,0.7843661436823942,460,23,517,r1b1kb1r/pp2pppp/2n2n2/2pp4/3P1B2/2q1PN2/P2N1PPP/1R1QKB1R w Kkq -,MODEL_PREDICTION_NOT_EMPIRICAL
LON-11,B4,1300,maia3-79m,5,d4c5,dxc5,0.08464495837688446,0.9684611205011606,0.7843661436823942,459,20,521,r1b1kb1r/pp2pppp/2n2n2/2pp4/3P1B2/2q1PN2/P2N1PPP/1R1QKB1R w Kkq -,MODEL_PREDICTION_NOT_EMPIRICAL
LON-11,B4,1300,maia3-79m,6,f3e5,Ne5,0.07935219258069992,0.9684611205011606,0.7843661436823942,464,20,516,r1b1kb1r/pp2pppp/2n2n2/2pp4/3P1B2/2q1PN2/P2N1PPP/1R1QKB1R w Kkq -,MODEL_PREDICTION_NOT_EMPIRICAL
LON-11,B4,1300,maia3-79m,7,d1a4,Qa4,0.026805656030774117,0.9684611205011606,0.7843661436823942,500,17,483,r1b1kb1r/pp2pppp/2n2n2/2pp4/3P1B2/2q1PN2/P2N1PPP/1R1QKB1R w Kkq -,MODEL_PREDICTION_NOT_EMPIRICAL
LON-11,B4,1300,maia3-79m,8,d1b3,Qb3,0.013050907291471958,0.9684611205011606,0.7843661436823942,399,32,569,r1b1kb1r/pp2pppp/2n2n2/2pp4/3P1B2/2q1PN2/P2N1PPP/1R1QKB1R w Kkq -,MODEL_PREDICTION_NOT_EMPIRICAL
LON-11,B4,1300,maia3-79m,9,f1d3,Bd3,0.006379859521985054,0.9684611205011606,0.7843661436823942,288,14,698,r1b1kb1r/pp2pppp/2n2n2/2pp4/3P1B2/2q1PN2/P2N1PPP/1R1QKB1R w Kkq -,MODEL_PREDICTION_NOT_EMPIRICAL
LON-11,B4,1300,maia3-79m,10,f4c7,Bc7,0.005145703442394733,0.9684611205011606,0.7843661436823942,457,20,523,r1b1kb1r/pp2pppp/2n2n2/2pp4/3P1B2/2q1PN2/P2N1PPP/1R1QKB1R w Kkq -,MODEL_PREDICTION_NOT_EMPIRICAL
LON-11,B4,1500,maia3-79m,1,f1b5,Bb5,0.3587538003921509,0.9781542886048555,0.7720476455951928,552,21,427,r1b1kb1r/pp2pppp/2n2n2/2pp4/3P1B2/2q1PN2/P2N1PPP/1R1QKB1R w Kkq -,MODEL_PREDICTION_NOT_EMPIRICAL
LON-11,B4,1500,maia3-79m,2,f1e2,Be2,0.1493869125843048,0.9781542886048555,0.7720476455951928,473,20,507,r1b1kb1r/pp2pppp/2n2n2/2pp4/3P1B2/2q1PN2/P2N1PPP/1R1QKB1R w Kkq -,MODEL_PREDICTION_NOT_EMPIRICAL
LON-11,B4,1500,maia3-79m,3,b1b3,Rb3,0.14243510365486145,0.9781542886048555,0.7720476455951928,424,27,549,r1b1kb1r/pp2pppp/2n2n2/2pp4/3P1B2/2q1PN2/P2N1PPP/1R1QKB1R w Kkq -,MODEL_PREDICTION_NOT_EMPIRICAL
LON-11,B4,1500,maia3-79m,4,b1c1,Rc1,0.11082959175109863,0.9781542886048555,0.7720476455951928,463,24,513,r1b1kb1r/pp2pppp/2n2n2/2pp4/3P1B2/2q1PN2/P2N1PPP/1R1QKB1R w Kkq -,MODEL_PREDICTION_NOT_EMPIRICAL
LON-11,B4,1500,maia3-79m,5,d4c5,dxc5,0.10908928513526917,0.9781542886048555,0.7720476455951928,457,21,522,r1b1kb1r/pp2pppp/2n2n2/2pp4/3P1B2/2q1PN2/P2N1PPP/1R1QKB1R w Kkq -,MODEL_PREDICTION_NOT_EMPIRICAL
LON-11,B4,1500,maia3-79m,6,f3e5,Ne5,0.06484676152467728,0.9781542886048555,0.7720476455951928,460,21,519,r1b1kb1r/pp2pppp/2n2n2/2pp4/3P1B2/2q1PN2/P2N1PPP/1R1QKB1R w Kkq -,MODEL_PREDICTION_NOT_EMPIRICAL
LON-11,B4,1500,maia3-79m,7,d1a4,Qa4,0.022772863507270813,0.9781542886048555,0.7720476455951928,494,18,488,r1b1kb1r/pp2pppp/2n2n2/2pp4/3P1B2/2q1PN2/P2N1PPP/1R1QKB1R w Kkq -,MODEL_PREDICTION_NOT_EMPIRICAL
LON-11,B4,1500,maia3-79m,8,d1b3,Qb3,0.009821106679737568,0.9781542886048555,0.7720476455951928,382,32,586,r1b1kb1r/pp2pppp/2n2n2/2pp4/3P1B2/2q1PN2/P2N1PPP/1R1QKB1R w Kkq -,MODEL_PREDICTION_NOT_EMPIRICAL
LON-11,B4,1500,maia3-79m,9,f4c7,Bc7,0.00543390354141593,0.9781542886048555,0.7720476455951928,440,20,540,r1b1kb1r/pp2pppp/2n2n2/2pp4/3P1B2/2q1PN2/P2N1PPP/1R1QKB1R w Kkq -,MODEL_PREDICTION_NOT_EMPIRICAL
LON-11,B4,1500,maia3-79m,10,f1d3,Bd3,0.004784959834069014,0.9781542886048555,0.7720476455951928,276,14,710,r1b1kb1r/pp2pppp/2n2n2/2pp4/3P1B2/2q1PN2/P2N1PPP/1R1QKB1R w Kkq -,MODEL_PREDICTION_NOT_EMPIRICAL
LON-11,B4,1700,maia3-79m,1,f1b5,Bb5,0.36082881689071655,0.9857321148738265,0.7583281049080868,548,22,430,r1b1kb1r/pp2pppp/2n2n2/2pp4/3P1B2/2q1PN2/P2N1PPP/1R1QKB1R w Kkq -,MODEL_PREDICTION_NOT_EMPIRICAL
LON-11,B4,1700,maia3-79m,2,f1e2,Be2,0.1511538028717041,0.9857321148738265,0.7583281049080868,473,21,506,r1b1kb1r/pp2pppp/2n2n2/2pp4/3P1B2/2q1PN2/P2N1PPP/1R1QKB1R w Kkq -,MODEL_PREDICTION_NOT_EMPIRICAL
LON-11,B4,1700,maia3-79m,3,d4c5,dxc5,0.14753803610801697,0.9857321148738265,0.7583281049080868,460,23,517,r1b1kb1r/pp2pppp/2n2n2/2pp4/3P1B2/2q1PN2/P2N1PPP/1R1QKB1R w Kkq -,MODEL_PREDICTION_NOT_EMPIRICAL
LON-11,B4,1700,maia3-79m,4,b1b3,Rb3,0.13007080554962158,0.9857321148738265,0.7583281049080868,425,28,547,r1b1kb1r/pp2pppp/2n2n2/2pp4/3P1B2/2q1PN2/P2N1PPP/1R1QKB1R w Kkq -,MODEL_PREDICTION_NOT_EMPIRICAL
LON-11,B4,1700,maia3-79m,5,b1c1,Rc1,0.11671420186758041,0.9857321148738265,0.7583281049080868,477,26,497,r1b1kb1r/pp2pppp/2n2n2/2pp4/3P1B2/2q1PN2/P2N1PPP/1R1QKB1R w Kkq -,MODEL_PREDICTION_NOT_EMPIRICAL
LON-11,B4,1700,maia3-79m,6,f3e5,Ne5,0.045899614691734314,0.9857321148738265,0.7583281049080868,453,23,524,r1b1kb1r/pp2pppp/2n2n2/2pp4/3P1B2/2q1PN2/P2N1PPP/1R1QKB1R w Kkq -,MODEL_PREDICTION_NOT_EMPIRICAL
LON-11,B4,1700,maia3-79m,7,d1a4,Qa4,0.01847955211997032,0.9857321148738265,0.7583281049080868,483,21,496,r1b1kb1r/pp2pppp/2n2n2/2pp4/3P1B2/2q1PN2/P2N1PPP/1R1QKB1R w Kkq -,MODEL_PREDICTION_NOT_EMPIRICAL
LON-11,B4,1700,maia3-79m,8,d1b3,Qb3,0.006504923105239868,0.9857321148738265,0.7583281049080868,372,34,594,r1b1kb1r/pp2pppp/2n2n2/2pp4/3P1B2/2q1PN2/P2N1PPP/1R1QKB1R w Kkq -,MODEL_PREDICTION_NOT_EMPIRICAL
LON-11,B4,1700,maia3-79m,9,f4c7,Bc7,0.005157456733286381,0.9857321148738265,0.7583281049080868,431,20,549,r1b1kb1r/pp2pppp/2n2n2/2pp4/3P1B2/2q1PN2/P2N1PPP/1R1QKB1R w Kkq -,MODEL_PREDICTION_NOT_EMPIRICAL
LON-11,B4,1700,maia3-79m,10,f1d3,Bd3,0.0033849049359560013,0.9857321148738265,0.7583281049080868,258,14,728,r1b1kb1r/pp2pppp/2n2n2/2pp4/3P1B2/2q1PN2/P2N1PPP/1R1QKB1R w Kkq -,MODEL_PREDICTION_NOT_EMPIRICAL
LON-11,B4,1900,maia3-79m,1,f1b5,Bb5,0.35751503705978394,0.9920643953373656,0.7379651849954919,536,26,438,r1b1kb1r/pp2pppp/2n2n2/2pp4/3P1B2/2q1PN2/P2N1PPP/1R1QKB1R w Kkq -,MODEL_PREDICTION_NOT_EMPIRICAL
LON-11,B4,1900,maia3-79m,2,d4c5,dxc5,0.177385613322258,0.9920643953373656,0.7379651849954919,461,27,512,r1b1kb1r/pp2pppp/2n2n2/2pp4/3P1B2/2q1PN2/P2N1PPP/1R1QKB1R w Kkq -,MODEL_PREDICTION_NOT_EMPIRICAL
LON-11,B4,1900,maia3-79m,3,b1c1,Rc1,0.15314596891403198,0.9920643953373656,0.7379651849954919,488,32,480,r1b1kb1r/pp2pppp/2n2n2/2pp4/3P1B2/2q1PN2/P2N1PPP/1R1QKB1R w Kkq -,MODEL_PREDICTION_NOT_EMPIRICAL
LON-11,B4,1900,maia3-79m,4,b1b3,Rb3,0.13259898126125336,0.9920643953373656,0.7379651849954919,426,33,541,r1b1kb1r/pp2pppp/2n2n2/2pp4/3P1B2/2q1PN2/P2N1PPP/1R1QKB1R w Kkq -,MODEL_PREDICTION_NOT_EMPIRICAL
LON-11,B4,1900,maia3-79m,5,f1e2,Be2,0.12033020704984665,0.9920643953373656,0.7379651849954919,469,24,507,r1b1kb1r/pp2pppp/2n2n2/2pp4/3P1B2/2q1PN2/P2N1PPP/1R1QKB1R w Kkq -,MODEL_PREDICTION_NOT_EMPIRICAL
LON-11,B4,1900,maia3-79m,6,f3e5,Ne5,0.02564559318125248,0.9920643953373656,0.7379651849954919,430,26,544,r1b1kb1r/pp2pppp/2n2n2/2pp4/3P1B2/2q1PN2/P2N1PPP/1R1QKB1R w Kkq -,MODEL_PREDICTION_NOT_EMPIRICAL
LON-11,B4,1900,maia3-79m,7,d1a4,Qa4,0.015310646034777164,0.9920643953373656,0.7379651849954919,466,26,508,r1b1kb1r/pp2pppp/2n2n2/2pp4/3P1B2/2q1PN2/P2N1PPP/1R1QKB1R w Kkq -,MODEL_PREDICTION_NOT_EMPIRICAL
LON-11,B4,1900,maia3-79m,8,f4c7,Bc7,0.005355886649340391,0.9920643953373656,0.7379651849954919,424,23,553,r1b1kb1r/pp2pppp/2n2n2/2pp4/3P1B2/2q1PN2/P2N1PPP/1R1QKB1R w Kkq -,MODEL_PREDICTION_NOT_EMPIRICAL
LON-11,B4,1900,maia3-79m,9,d1b3,Qb3,0.002935948083177209,0.9920643953373656,0.7379651849954919,363,38,599,r1b1kb1r/pp2pppp/2n2n2/2pp4/3P1B2/2q1PN2/P2N1PPP/1R1QKB1R w Kkq -,MODEL_PREDICTION_NOT_EMPIRICAL
LON-11,B4,1900,maia3-79m,10,f1d3,Bd3,0.001840513781644404,0.9920643953373656,0.7379651849954919,223,15,762,r1b1kb1r/pp2pppp/2n2n2/2pp4/3P1B2/2q1PN2/P2N1PPP/1R1QKB1R w Kkq -,MODEL_PREDICTION_NOT_EMPIRICAL
LON-11,B4,2100,maia3-79m,1,f1b5,Bb5,0.3470022678375244,0.9962193522369489,0.7000236929628164,517,35,448,r1b1kb1r/pp2pppp/2n2n2/2pp4/3P1B2/2q1PN2/P2N1PPP/1R1QKB1R w Kkq -,MODEL_PREDICTION_NOT_EMPIRICAL
LON-11,B4,2100,maia3-79m,2,b1c1,Rc1,0.257831335067749,0.9962193522369489,0.7000236929628164,494,41,465,r1b1kb1r/pp2pppp/2n2n2/2pp4/3P1B2/2q1PN2/P2N1PPP/1R1QKB1R w Kkq -,MODEL_PREDICTION_NOT_EMPIRICAL
LON-11,B4,2100,maia3-79m,3,b1b3,Rb3,0.15322865545749664,0.9962193522369489,0.7000236929628164,429,45,526,r1b1kb1r/pp2pppp/2n2n2/2pp4/3P1B2/2q1PN2/P2N1PPP/1R1QKB1R w Kkq -,MODEL_PREDICTION_NOT_EMPIRICAL
LON-11,B4,2100,maia3-79m,4,d4c5,dxc5,0.14119775593280792,0.9962193522369489,0.7000236929628164,447,34,519,r1b1kb1r/pp2pppp/2n2n2/2pp4/3P1B2/2q1PN2/P2N1PPP/1R1QKB1R w Kkq -,MODEL_PREDICTION_NOT_EMPIRICAL
LON-11,B4,2100,maia3-79m,5,f1e2,Be2,0.06278041005134583,0.9962193522369489,0.7000236929628164,454,31,515,r1b1kb1r/pp2pppp/2n2n2/2pp4/3P1B2/2q1PN2/P2N1PPP/1R1QKB1R w Kkq -,MODEL_PREDICTION_NOT_EMPIRICAL
LON-11,B4,2100,maia3-79m,6,d1a4,Qa4,0.013708416372537613,0.9962193522369489,0.7000236929628164,456,36,508,r1b1kb1r/pp2pppp/2n2n2/2pp4/3P1B2/2q1PN2/P2N1PPP/1R1QKB1R w Kkq -,MODEL_PREDICTION_NOT_EMPIRICAL
LON-11,B4,2100,maia3-79m,7,f3e5,Ne5,0.011644505895674229,0.9962193522369489,0.7000236929628164,405,32,563,r1b1kb1r/pp2pppp/2n2n2/2pp4/3P1B2/2q1PN2/P2N1PPP/1R1QKB1R w Kkq -,MODEL_PREDICTION_NOT_EMPIRICAL
LON-11,B4,2100,maia3-79m,8,f4c7,Bc7,0.007316204719245434,0.9962193522369489,0.7000236929628164,407,29,564,r1b1kb1r/pp2pppp/2n2n2/2pp4/3P1B2/2q1PN2/P2N1PPP/1R1QKB1R w Kkq -,MODEL_PREDICTION_NOT_EMPIRICAL
LON-11,B4,2100,maia3-79m,9,d1b3,Qb3,0.0007574748597107828,0.9962193522369489,0.7000236929628164,351,44,605,r1b1kb1r/pp2pppp/2n2n2/2pp4/3P1B2/2q1PN2/P2N1PPP/1R1QKB1R w Kkq -,MODEL_PREDICTION_NOT_EMPIRICAL
LON-11,B4,2100,maia3-79m,10,b1b2,Rb2,0.0007523260428570211,0.9962193522369489,0.7000236929628164,77,9,914,r1b1kb1r/pp2pppp/2n2n2/2pp4/3P1B2/2q1PN2/P2N1PPP/1R1QKB1R w Kkq -,MODEL_PREDICTION_NOT_EMPIRICAL
LON-12,B4,1100,maia3-79m,1,e1g1,O-O,0.24152272939682007,0.9375817757099867,0.873468879871603,328,15,657,r1b1kb1r/pp2pppp/2n2n2/2pp4/3P1B2/2qBPN2/P2N1PPP/R2QK2R w KQkq -,MODEL_PREDICTION_NOT_EMPIRICAL
LON-12,B4,1100,maia3-79m,2,a1c1,Rc1,0.17211900651454926,0.9375817757099867,0.873468879871603,293,15,692,r1b1kb1r/pp2pppp/2n2n2/2pp4/3P1B2/2qBPN2/P2N1PPP/R2QK2R w KQkq -,MODEL_PREDICTION_NOT_EMPIRICAL
LON-12,B4,1100,maia3-79m,3,d3b5,Bb5,0.14247219264507294,0.9375817757099867,0.873468879871603,504,20,476,r1b1kb1r/pp2pppp/2n2n2/2pp4/3P1B2/2qBPN2/P2N1PPP/R2QK2R w KQkq -,MODEL_PREDICTION_NOT_EMPIRICAL
LON-12,B4,1100,maia3-79m,4,d3e2,Be2,0.07571029663085938,0.9375817757099867,0.873468879871603,439,19,542,r1b1kb1r/pp2pppp/2n2n2/2pp4/3P1B2/2qBPN2/P2N1PPP/R2QK2R w KQkq -,MODEL_PREDICTION_NOT_EMPIRICAL
LON-12,B4,1100,maia3-79m,5,d3c2,Bc2,0.07502646744251251,0.9375817757099867,0.873468879871603,421,18,561,r1b1kb1r/pp2pppp/2n2n2/2pp4/3P1B2/2qBPN2/P2N1PPP/R2QK2R w KQkq -,MODEL_PREDICTION_NOT_EMPIRICAL
LON-12,B4,1100,maia3-79m,6,f3e5,Ne5,0.06977953016757965,0.9375817757099867,0.873468879871603,402,18,580,r1b1kb1r/pp2pppp/2n2n2/2pp4/3P1B2/2qBPN2/P2N1PPP/R2QK2R w KQkq -,MODEL_PREDICTION_NOT_EMPIRICAL
LON-12,B4,1100,maia3-79m,7,d1e2,Qe2,0.05317048728466034,0.9375817757099867,0.873468879871603,221,13,766,r1b1kb1r/pp2pppp/2n2n2/2pp4/3P1B2/2qBPN2/P2N1PPP/R2QK2R w KQkq -,MODEL_PREDICTION_NOT_EMPIRICAL
LON-12,B4,1100,maia3-79m,8,d4c5,dxc5,0.041489459574222565,0.9375817757099867,0.873468879871603,274,16,710,r1b1kb1r/pp2pppp/2n2n2/2pp4/3P1B2/2qBPN2/P2N1PPP/R2QK2R w KQkq -,MODEL_PREDICTION_NOT_EMPIRICAL
LON-12,B4,1100,maia3-79m,9,d1c2,Qc2,0.040788691490888596,0.9375817757099867,0.873468879871603,236,20,744,r1b1kb1r/pp2pppp/2n2n2/2pp4/3P1B2/2qBPN2/P2N1PPP/R2QK2R w KQkq -,MODEL_PREDICTION_NOT_EMPIRICAL
LON-12,B4,1100,maia3-79m,10,d1b1,Qb1,0.025502914562821388,0.9375817757099867,0.873468879871603,426,17,557,r1b1kb1r/pp2pppp/2n2n2/2pp4/3P1B2/2qBPN2/P2N1PPP/R2QK2R w KQkq -,MODEL_PREDICTION_NOT_EMPIRICAL
LON-12,B4,1300,maia3-79m,1,e1g1,O-O,0.2547928988933563,0.954885988496244,0.8641760320943487,312,14,674,r1b1kb1r/pp2pppp/2n2n2/2pp4/3P1B2/2qBPN2/P2N1PPP/R2QK2R w KQkq -,MODEL_PREDICTION_NOT_EMPIRICAL
LON-12,B4,1300,maia3-79m,2,a1c1,Rc1,0.1664610505104065,0.954885988496244,0.8641760320943487,271,14,715,r1b1kb1r/pp2pppp/2n2n2/2pp4/3P1B2/2qBPN2/P2N1PPP/R2QK2R w KQkq -,MODEL_PREDICTION_NOT_EMPIRICAL
LON-12,B4,1300,maia3-79m,3,d3b5,Bb5,0.14678877592086792,0.954885988496244,0.8641760320943487,496,20,484,r1b1kb1r/pp2pppp/2n2n2/2pp4/3P1B2/2qBPN2/P2N1PPP/R2QK2R w KQkq -,MODEL_PREDICTION_NOT_EMPIRICAL
LON-12,B4,1300,maia3-79m,4,d3e2,Be2,0.11033400148153305,0.954885988496244,0.8641760320943487,426,19,555,r1b1kb1r/pp2pppp/2n2n2/2pp4/3P1B2/2qBPN2/P2N1PPP/R2QK2R w KQkq -,MODEL_PREDICTION_NOT_EMPIRICAL
LON-12,B4,1300,maia3-79m,5,d3c2,Bc2,0.09119626134634018,0.954885988496244,0.8641760320943487,411,18,571,r1b1kb1r/pp2pppp/2n2n2/2pp4/3P1B2/2qBPN2/P2N1PPP/R2QK2R w KQkq -,MODEL_PREDICTION_NOT_EMPIRICAL
LON-12,B4,1300,maia3-79m,6,f3e5,Ne5,0.04858162999153137,0.954885988496244,0.8641760320943487,383,18,599,r1b1kb1r/pp2pppp/2n2n2/2pp4/3P1B2/2qBPN2/P2N1PPP/R2QK2R w KQkq -,MODEL_PREDICTION_NOT_EMPIRICAL
LON-12,B4,1300,maia3-79m,7,d4c5,dxc5,0.04400031641125679,0.954885988496244,0.8641760320943487,249,16,735,r1b1kb1r/pp2pppp/2n2n2/2pp4/3P1B2/2qBPN2/P2N1PPP/R2QK2R w KQkq -,MODEL_PREDICTION_NOT_EMPIRICAL
LON-12,B4,1300,maia3-79m,8,d1e2,Qe2,0.04135742038488388,0.954885988496244,0.8641760320943487,206,12,782,r1b1kb1r/pp2pppp/2n2n2/2pp4/3P1B2/2qBPN2/P2N1PPP/R2QK2R w KQkq -,MODEL_PREDICTION_NOT_EMPIRICAL
LON-12,B4,1300,maia3-79m,9,d1c2,Qc2,0.0362636037170887,0.954885988496244,0.8641760320943487,208,18,774,r1b1kb1r/pp2pppp/2n2n2/2pp4/3P1B2/2qBPN2/P2N1PPP/R2QK2R w KQkq -,MODEL_PREDICTION_NOT_EMPIRICAL
LON-12,B4,1300,maia3-79m,10,d1b1,Qb1,0.015110029838979244,0.954885988496244,0.8641760320943487,407,16,577,r1b1kb1r/pp2pppp/2n2n2/2pp4/3P1B2/2qBPN2/P2N1PPP/R2QK2R w KQkq -,MODEL_PREDICTION_NOT_EMPIRICAL
LON-12,B4,1500,maia3-79m,1,e1g1,O-O,0.24980413913726807,0.9662687880918384,0.8595637302684925,292,14,694,r1b1kb1r/pp2pppp/2n2n2/2pp4/3P1B2/2qBPN2/P2N1PPP/R2QK2R w KQkq -,MODEL_PREDICTION_NOT_EMPIRICAL
LON-12,B4,1500,maia3-79m,2,a1c1,Rc1,0.16066637635231018,0.9662687880918384,0.8595637302684925,252,14,734,r1b1kb1r/pp2pppp/2n2n2/2pp4/3P1B2/2qBPN2/P2N1PPP/R2QK2R w KQkq -,MODEL_PREDICTION_NOT_EMPIRICAL
LON-12,B4,1500,maia3-79m,3,d3b5,Bb5,0.15129640698432922,0.9662687880918384,0.8595637302684925,489,20,491,r1b1kb1r/pp2pppp/2n2n2/2pp4/3P1B2/2qBPN2/P2N1PPP/R2QK2R w KQkq -,MODEL_PREDICTION_NOT_EMPIRICAL
LON-12,B4,1500,maia3-79m,4,d3e2,Be2,0.1397462785243988,0.9662687880918384,0.8595637302684925,416,19,565,r1b1kb1r/pp2pppp/2n2n2/2pp4/3P1B2/2qBPN2/P2N1PPP/R2QK2R w KQkq -,MODEL_PREDICTION_NOT_EMPIRICAL
LON-12,B4,1500,maia3-79m,5,d3c2,Bc2,0.10054628551006317,0.9662687880918384,0.8595637302684925,402,18,580,r1b1kb1r/pp2pppp/2n2n2/2pp4/3P1B2/2qBPN2/P2N1PPP/R2QK2R w KQkq -,MODEL_PREDICTION_NOT_EMPIRICAL
LON-12,B4,1500,maia3-79m,6,d4c5,dxc5,0.049408912658691406,0.9662687880918384,0.8595637302684925,224,16,760,r1b1kb1r/pp2pppp/2n2n2/2pp4/3P1B2/2qBPN2/P2N1PPP/R2QK2R w KQkq -,MODEL_PREDICTION_NOT_EMPIRICAL
LON-12,B4,1500,maia3-79m,7,d1c2,Qc2,0.03618144243955612,0.9662687880918384,0.8595637302684925,196,18,786,r1b1kb1r/pp2pppp/2n2n2/2pp4/3P1B2/2qBPN2/P2N1PPP/R2QK2R w KQkq -,MODEL_PREDICTION_NOT_EMPIRICAL
LON-12,B4,1500,maia3-79m,8,d1e2,Qe2,0.03499729186296463,0.9662687880918384,0.8595637302684925,201,12,787,r1b1kb1r/pp2pppp/2n2n2/2pp4/3P1B2/2qBPN2/P2N1PPP/R2QK2R w KQkq -,MODEL_PREDICTION_NOT_EMPIRICAL
LON-12,B4,1500,maia3-79m,9,f3e5,Ne5,0.032658789306879044,0.9662687880918384,0.8595637302684925,354,18,628,r1b1kb1r/pp2pppp/2n2n2/2pp4/3P1B2/2qBPN2/P2N1PPP/R2QK2R w KQkq -,MODEL_PREDICTION_NOT_EMPIRICAL
LON-12,B4,1500,maia3-79m,10,d1b1,Qb1,0.010962865315377712,0.9662687880918384,0.8595637302684925,400,17,583,r1b1kb1r/pp2pppp/2n2n2/2pp4/3P1B2/2qBPN2/P2N1PPP/R2QK2R w KQkq -,MODEL_PREDICTION_NOT_EMPIRICAL
LON-12,B4,1700,maia3-79m,1,e1g1,O-O,0.21038663387298584,0.9750730823725462,0.8595185100126317,267,14,719,r1b1kb1r/pp2pppp/2n2n2/2pp4/3P1B2/2qBPN2/P2N1PPP/R2QK2R w KQkq -,MODEL_PREDICTION_NOT_EMPIRICAL
LON-12,B4,1700,maia3-79m,2,d3b5,Bb5,0.18182770907878876,0.9750730823725462,0.8595185100126317,484,23,493,r1b1kb1r/pp2pppp/2n2n2/2pp4/3P1B2/2qBPN2/P2N1PPP/R2QK2R w KQkq -,MODEL_PREDICTION_NOT_EMPIRICAL
LON-12,B4,1700,maia3-79m,3,d3e2,Be2,0.17430323362350464,0.9750730823725462,0.8595185100126317,410,21,569,r1b1kb1r/pp2pppp/2n2n2/2pp4/3P1B2/2qBPN2/P2N1PPP/R2QK2R w KQkq -,MODEL_PREDICTION_NOT_EMPIRICAL
LON-12,B4,1700,maia3-79m,4,a1c1,Rc1,0.14789369702339172,0.9750730823725462,0.8595185100126317,231,14,755,r1b1kb1r/pp2pppp/2n2n2/2pp4/3P1B2/2qBPN2/P2N1PPP/R2QK2R w KQkq -,MODEL_PREDICTION_NOT_EMPIRICAL
LON-12,B4,1700,maia3-79m,5,d3c2,Bc2,0.1069285199046135,0.9750730823725462,0.8595185100126317,396,19,585,r1b1kb1r/pp2pppp/2n2n2/2pp4/3P1B2/2qBPN2/P2N1PPP/R2QK2R w KQkq -,MODEL_PREDICTION_NOT_EMPIRICAL
LON-12,B4,1700,maia3-79m,6,d4c5,dxc5,0.05526847392320633,0.9750730823725462,0.8595185100126317,206,16,778,r1b1kb1r/pp2pppp/2n2n2/2pp4/3P1B2/2qBPN2/P2N1PPP/R2QK2R w KQkq -,MODEL_PREDICTION_NOT_EMPIRICAL
LON-12,B4,1700,maia3-79m,7,d1c2,Qc2,0.035661350935697556,0.9750730823725462,0.8595185100126317,203,20,777,r1b1kb1r/pp2pppp/2n2n2/2pp4/3P1B2/2qBPN2/P2N1PPP/R2QK2R w KQkq -,MODEL_PREDICTION_NOT_EMPIRICAL
LON-12,B4,1700,maia3-79m,8,d1e2,Qe2,0.03329860419034958,0.9750730823725462,0.8595185100126317,204,12,784,r1b1kb1r/pp2pppp/2n2n2/2pp4/3P1B2/2qBPN2/P2N1PPP/R2QK2R w KQkq -,MODEL_PREDICTION_NOT_EMPIRICAL
LON-12,B4,1700,maia3-79m,9,f3e5,Ne5,0.019597167149186134,0.9750730823725462,0.8595185100126317,334,19,647,r1b1kb1r/pp2pppp/2n2n2/2pp4/3P1B2/2qBPN2/P2N1PPP/R2QK2R w KQkq -,MODEL_PREDICTION_NOT_EMPIRICAL
LON-12,B4,1700,maia3-79m,10,d1b1,Qb1,0.009907692670822144,0.9750730823725462,0.8595185100126317,403,18,579,r1b1kb1r/pp2pppp/2n2n2/2pp4/3P1B2/2qBPN2/P2N1PPP/R2QK2R w KQkq -,MODEL_PREDICTION_NOT_EMPIRICAL
LON-12,B4,1900,maia3-79m,1,d3b5,Bb5,0.2637755870819092,0.9794166097417474,0.8358303643225101,472,27,501,r1b1kb1r/pp2pppp/2n2n2/2pp4/3P1B2/2qBPN2/P2N1PPP/R2QK2R w KQkq -,MODEL_PREDICTION_NOT_EMPIRICAL
LON-12,B4,1900,maia3-79m,2,d3e2,Be2,0.2108323872089386,0.9794166097417474,0.8358303643225101,403,23,574,r1b1kb1r/pp2pppp/2n2n2/2pp4/3P1B2/2qBPN2/P2N1PPP/R2QK2R w KQkq -,MODEL_PREDICTION_NOT_EMPIRICAL
LON-12,B4,1900,maia3-79m,3,e1g1,O-O,0.13641680777072906,0.9794166097417474,0.8358303643225101,235,15,750,r1b1kb1r/pp2pppp/2n2n2/2pp4/3P1B2/2qBPN2/P2N1PPP/R2QK2R w KQkq -,MODEL_PREDICTION_NOT_EMPIRICAL
LON-12,B4,1900,maia3-79m,4,a1c1,Rc1,0.12171614915132523,0.9794166097417474,0.8358303643225101,203,14,783,r1b1kb1r/pp2pppp/2n2n2/2pp4/3P1B2/2qBPN2/P2N1PPP/R2QK2R w KQkq -,MODEL_PREDICTION_NOT_EMPIRICAL
LON-12,B4,1900,maia3-79m,5,d3c2,Bc2,0.1074514240026474,0.9794166097417474,0.8358303643225101,394,21,585,r1b1kb1r/pp2pppp/2n2n2/2pp4/3P1B2/2qBPN2/P2N1PPP/R2QK2R w KQkq -,MODEL_PREDICTION_NOT_EMPIRICAL
LON-12,B4,1900,maia3-79m,6,d4c5,dxc5,0.052233967930078506,0.9794166097417474,0.8358303643225101,181,16,803,r1b1kb1r/pp2pppp/2n2n2/2pp4/3P1B2/2qBPN2/P2N1PPP/R2QK2R w KQkq -,MODEL_PREDICTION_NOT_EMPIRICAL
LON-12,B4,1900,maia3-79m,7,d1e2,Qe2,0.033592406660318375,0.9794166097417474,0.8358303643225101,194,12,794,r1b1kb1r/pp2pppp/2n2n2/2pp4/3P1B2/2qBPN2/P2N1PPP/R2QK2R w KQkq -,MODEL_PREDICTION_NOT_EMPIRICAL
LON-12,B4,1900,maia3-79m,8,d1c2,Qc2,0.030377978459000587,0.9794166097417474,0.8358303643225101,213,23,764,r1b1kb1r/pp2pppp/2n2n2/2pp4/3P1B2/2qBPN2/P2N1PPP/R2QK2R w KQkq -,MODEL_PREDICTION_NOT_EMPIRICAL
LON-12,B4,1900,maia3-79m,9,d1b1,Qb1,0.01220070943236351,0.9794166097417474,0.8358303643225101,399,21,580,r1b1kb1r/pp2pppp/2n2n2/2pp4/3P1B2/2qBPN2/P2N1PPP/R2QK2R w KQkq -,MODEL_PREDICTION_NOT_EMPIRICAL
LON-12,B4,1900,maia3-79m,10,f3e5,Ne5,0.010819192044436932,0.9794166097417474,0.8358303643225101,308,20,672,r1b1kb1r/pp2pppp/2n2n2/2pp4/3P1B2/2qBPN2/P2N1PPP/R2QK2R w KQkq -,MODEL_PREDICTION_NOT_EMPIRICAL
LON-12,B4,2100,maia3-79m,1,d3b5,Bb5,0.40762460231781006,0.9822705453261733,0.7478074836425302,458,34,508,r1b1kb1r/pp2pppp/2n2n2/2pp4/3P1B2/2qBPN2/P2N1PPP/R2QK2R w KQkq -,MODEL_PREDICTION_NOT_EMPIRICAL
LON-12,B4,2100,maia3-79m,2,d3e2,Be2,0.22383025288581848,0.9822705453261733,0.7478074836425302,382,28,590,r1b1kb1r/pp2pppp/2n2n2/2pp4/3P1B2/2qBPN2/P2N1PPP/R2QK2R w KQkq -,MODEL_PREDICTION_NOT_EMPIRICAL
LON-12,B4,2100,maia3-79m,3,d3c2,Bc2,0.08996488898992538,0.9822705453261733,0.7478074836425302,383,26,591,r1b1kb1r/pp2pppp/2n2n2/2pp4/3P1B2/2qBPN2/P2N1PPP/R2QK2R w KQkq -,MODEL_PREDICTION_NOT_EMPIRICAL
LON-12,B4,2100,maia3-79m,4,a1c1,Rc1,0.07679665088653564,0.9822705453261733,0.7478074836425302,182,14,804,r1b1kb1r/pp2pppp/2n2n2/2pp4/3P1B2/2qBPN2/P2N1PPP/R2QK2R w KQkq -,MODEL_PREDICTION_NOT_EMPIRICAL
LON-12,B4,2100,maia3-79m,5,e1g1,O-O,0.07181154191493988,0.9822705453261733,0.7478074836425302,197,15,788,r1b1kb1r/pp2pppp/2n2n2/2pp4/3P1B2/2qBPN2/P2N1PPP/R2QK2R w KQkq -,MODEL_PREDICTION_NOT_EMPIRICAL
LON-12,B4,2100,maia3-79m,6,d4c5,dxc5,0.03340986743569374,0.9822705453261733,0.7478074836425302,143,16,841,r1b1kb1r/pp2pppp/2n2n2/2pp4/3P1B2/2qBPN2/P2N1PPP/R2QK2R w KQkq -,MODEL_PREDICTION_NOT_EMPIRICAL
LON-12,B4,2100,maia3-79m,7,d1e2,Qe2,0.029169799759984016,0.9822705453261733,0.7478074836425302,159,12,829,r1b1kb1r/pp2pppp/2n2n2/2pp4/3P1B2/2qBPN2/P2N1PPP/R2QK2R w KQkq -,MODEL_PREDICTION_NOT_EMPIRICAL
LON-12,B4,2100,maia3-79m,8,d1c2,Qc2,0.02012387104332447,0.9822705453261733,0.7478074836425302,208,26,766,r1b1kb1r/pp2pppp/2n2n2/2pp4/3P1B2/2qBPN2/P2N1PPP/R2QK2R w KQkq -,MODEL_PREDICTION_NOT_EMPIRICAL
LON-12,B4,2100,maia3-79m,9,d1b1,Qb1,0.019640086218714714,0.9822705453261733,0.7478074836425302,386,26,588,r1b1kb1r/pp2pppp/2n2n2/2pp4/3P1B2/2qBPN2/P2N1PPP/R2QK2R w KQkq -,MODEL_PREDICTION_NOT_EMPIRICAL
LON-12,B4,2100,maia3-79m,10,e1e2,Ke2,0.009898983873426914,0.9822705453261733,0.7478074836425302,284,23,693,r1b1kb1r/pp2pppp/2n2n2/2pp4/3P1B2/2qBPN2/P2N1PPP/R2QK2R w KQkq -,MODEL_PREDICTION_NOT_EMPIRICAL
LON-15,B4,1100,maia3-79m,1,f1b5,Bb5,0.45217740535736084,0.9405373921617866,0.6971793343775081,386,20,594,r1b1kb1r/pp2pppp/2n2n2/2pp4/Q2P1B2/2P1PN2/Pq3PPP/RN2KB1R w KQkq -,MODEL_PREDICTION_NOT_EMPIRICAL
LON-15,B4,1100,maia3-79m,2,f3e5,Ne5,0.1961221992969513,0.9405373921617866,0.6971793343775081,360,21,619,r1b1kb1r/pp2pppp/2n2n2/2pp4/Q2P1B2/2P1PN2/Pq3PPP/RN2KB1R w KQkq -,MODEL_PREDICTION_NOT_EMPIRICAL
LON-15,B4,1100,maia3-79m,3,f1d3,Bd3,0.06650524586439133,0.9405373921617866,0.6971793343775081,427,16,557,r1b1kb1r/pp2pppp/2n2n2/2pp4/Q2P1B2/2P1PN2/Pq3PPP/RN2KB1R w KQkq -,MODEL_PREDICTION_NOT_EMPIRICAL
LON-15,B4,1100,maia3-79m,4,b1d2,Nbd2,0.0634746327996254,0.9405373921617866,0.6971793343775081,225,12,763,r1b1kb1r/pp2pppp/2n2n2/2pp4/Q2P1B2/2P1PN2/Pq3PPP/RN2KB1R w KQkq -,MODEL_PREDICTION_NOT_EMPIRICAL
LON-15,B4,1100,maia3-79m,5,a4b3,Qb3,0.048473238945007324,0.9405373921617866,0.6971793343775081,320,33,647,r1b1kb1r/pp2pppp/2n2n2/2pp4/Q2P1B2/2P1PN2/Pq3PPP/RN2KB1R w KQkq -,MODEL_PREDICTION_NOT_EMPIRICAL
LON-15,B4,1100,maia3-79m,6,d4c5,dxc5,0.03234468773007393,0.9405373921617866,0.6971793343775081,272,16,712,r1b1kb1r/pp2pppp/2n2n2/2pp4/Q2P1B2/2P1PN2/Pq3PPP/RN2KB1R w KQkq -,MODEL_PREDICTION_NOT_EMPIRICAL
LON-15,B4,1100,maia3-79m,7,f3d2,Nfd2,0.026597287505865097,0.9405373921617866,0.6971793343775081,336,17,647,r1b1kb1r/pp2pppp/2n2n2/2pp4/Q2P1B2/2P1PN2/Pq3PPP/RN2KB1R w KQkq -,MODEL_PREDICTION_NOT_EMPIRICAL
LON-15,B4,1100,maia3-79m,8,a4d1,Qd1,0.02533114328980446,0.9405373921617866,0.6971793343775081,228,17,755,r1b1kb1r/pp2pppp/2n2n2/2pp4/Q2P1B2/2P1PN2/Pq3PPP/RN2KB1R w KQkq -,MODEL_PREDICTION_NOT_EMPIRICAL
LON-15,B4,1100,maia3-79m,9,f1a6,Ba6,0.01537246908992529,0.9405373921617866,0.6971793343775081,405,19,576,r1b1kb1r/pp2pppp/2n2n2/2pp4/Q2P1B2/2P1PN2/Pq3PPP/RN2KB1R w KQkq -,MODEL_PREDICTION_NOT_EMPIRICAL
LON-15,B4,1100,maia3-79m,10,b1a3,Na3,0.014139082282781601,0.9405373921617866,0.6971793343775081,194,12,794,r1b1kb1r/pp2pppp/2n2n2/2pp4/Q2P1B2/2P1PN2/Pq3PPP/RN2KB1R w KQkq -,MODEL_PREDICTION_NOT_EMPIRICAL
LON-15,B4,1300,maia3-79m,1,f1b5,Bb5,0.4829901158809662,0.9537474289536476,0.6684789889060953,372,20,608,r1b1kb1r/pp2pppp/2n2n2/2pp4/Q2P1B2/2P1PN2/Pq3PPP/RN2KB1R w KQkq -,MODEL_PREDICTION_NOT_EMPIRICAL
LON-15,B4,1300,maia3-79m,2,f3e5,Ne5,0.20191672444343567,0.9537474289536476,0.6684789889060953,329,21,650,r1b1kb1r/pp2pppp/2n2n2/2pp4/Q2P1B2/2P1PN2/Pq3PPP/RN2KB1R w KQkq -,MODEL_PREDICTION_NOT_EMPIRICAL
LON-15,B4,1300,maia3-79m,3,b1d2,Nbd2,0.060704149305820465,0.9537474289536476,0.6684789889060953,192,10,798,r1b1kb1r/pp2pppp/2n2n2/2pp4/Q2P1B2/2P1PN2/Pq3PPP/RN2KB1R w KQkq -,MODEL_PREDICTION_NOT_EMPIRICAL
LON-15,B4,1300,maia3-79m,4,f1d3,Bd3,0.059855081140995026,0.9537474289536476,0.6684789889060953,404,16,580,r1b1kb1r/pp2pppp/2n2n2/2pp4/Q2P1B2/2P1PN2/Pq3PPP/RN2KB1R w KQkq -,MODEL_PREDICTION_NOT_EMPIRICAL
LON-15,B4,1300,maia3-79m,5,a4b3,Qb3,0.054324936121702194,0.9537474289536476,0.6684789889060953,295,31,674,r1b1kb1r/pp2pppp/2n2n2/2pp4/Q2P1B2/2P1PN2/Pq3PPP/RN2KB1R w KQkq -,MODEL_PREDICTION_NOT_EMPIRICAL
LON-15,B4,1300,maia3-79m,6,f3d2,Nfd2,0.02931041084229946,0.9537474289536476,0.6684789889060953,312,17,671,r1b1kb1r/pp2pppp/2n2n2/2pp4/Q2P1B2/2P1PN2/Pq3PPP/RN2KB1R w KQkq -,MODEL_PREDICTION_NOT_EMPIRICAL
LON-15,B4,1300,maia3-79m,7,d4c5,dxc5,0.021780941635370255,0.9537474289536476,0.6684789889060953,243,15,742,r1b1kb1r/pp2pppp/2n2n2/2pp4/Q2P1B2/2P1PN2/Pq3PPP/RN2KB1R w KQkq -,MODEL_PREDICTION_NOT_EMPIRICAL
LON-15,B4,1300,maia3-79m,8,a4d1,Qd1,0.01737174019217491,0.9537474289536476,0.6684789889060953,204,16,780,r1b1kb1r/pp2pppp/2n2n2/2pp4/Q2P1B2/2P1PN2/Pq3PPP/RN2KB1R w KQkq -,MODEL_PREDICTION_NOT_EMPIRICAL
LON-15,B4,1300,maia3-79m,9,f1e2,Be2,0.015507431700825691,0.9537474289536476,0.6684789889060953,338,16,646,r1b1kb1r/pp2pppp/2n2n2/2pp4/Q2P1B2/2P1PN2/Pq3PPP/RN2KB1R w KQkq -,MODEL_PREDICTION_NOT_EMPIRICAL
LON-15,B4,1300,maia3-79m,10,b1a3,Na3,0.009985897690057755,0.9537474289536476,0.6684789889060953,158,10,832,r1b1kb1r/pp2pppp/2n2n2/2pp4/Q2P1B2/2P1PN2/Pq3PPP/RN2KB1R w KQkq -,MODEL_PREDICTION_NOT_EMPIRICAL
LON-15,B4,1500,maia3-79m,1,f1b5,Bb5,0.49072936177253723,0.9624393312260509,0.6693903348917725,372,21,607,r1b1kb1r/pp2pppp/2n2n2/2pp4/Q2P1B2/2P1PN2/Pq3PPP/RN2KB1R w KQkq -,MODEL_PREDICTION_NOT_EMPIRICAL
LON-15,B4,1500,maia3-79m,2,f3e5,Ne5,0.19484378397464752,0.9624393312260509,0.6693903348917725,307,23,670,r1b1kb1r/pp2pppp/2n2n2/2pp4/Q2P1B2/2P1PN2/Pq3PPP/RN2KB1R w KQkq -,MODEL_PREDICTION_NOT_EMPIRICAL
LON-15,B4,1500,maia3-79m,3,a4b3,Qb3,0.06482135504484177,0.9624393312260509,0.6693903348917725,272,30,698,r1b1kb1r/pp2pppp/2n2n2/2pp4/Q2P1B2/2P1PN2/Pq3PPP/RN2KB1R w KQkq -,MODEL_PREDICTION_NOT_EMPIRICAL
LON-15,B4,1500,maia3-79m,4,b1d2,Nbd2,0.060526032000780106,0.9624393312260509,0.6693903348917725,167,9,824,r1b1kb1r/pp2pppp/2n2n2/2pp4/Q2P1B2/2P1PN2/Pq3PPP/RN2KB1R w KQkq -,MODEL_PREDICTION_NOT_EMPIRICAL
LON-15,B4,1500,maia3-79m,5,f1d3,Bd3,0.05825474485754967,0.9624393312260509,0.6693903348917725,402,16,582,r1b1kb1r/pp2pppp/2n2n2/2pp4/Q2P1B2/2P1PN2/Pq3PPP/RN2KB1R w KQkq -,MODEL_PREDICTION_NOT_EMPIRICAL
LON-15,B4,1500,maia3-79m,6,f3d2,Nfd2,0.035067953169345856,0.9624393312260509,0.6693903348917725,298,17,685,r1b1kb1r/pp2pppp/2n2n2/2pp4/Q2P1B2/2P1PN2/Pq3PPP/RN2KB1R w KQkq -,MODEL_PREDICTION_NOT_EMPIRICAL
LON-15,B4,1500,maia3-79m,7,f1e2,Be2,0.019695930182933807,0.9624393312260509,0.6693903348917725,328,16,656,r1b1kb1r/pp2pppp/2n2n2/2pp4/Q2P1B2/2P1PN2/Pq3PPP/RN2KB1R w KQkq -,MODEL_PREDICTION_NOT_EMPIRICAL
LON-15,B4,1500,maia3-79m,8,d4c5,dxc5,0.017392141744494438,0.9624393312260509,0.6693903348917725,230,15,755,r1b1kb1r/pp2pppp/2n2n2/2pp4/Q2P1B2/2P1PN2/Pq3PPP/RN2KB1R w KQkq -,MODEL_PREDICTION_NOT_EMPIRICAL
LON-15,B4,1500,maia3-79m,9,a4d1,Qd1,0.013430841267108917,0.9624393312260509,0.6693903348917725,184,16,800,r1b1kb1r/pp2pppp/2n2n2/2pp4/Q2P1B2/2P1PN2/Pq3PPP/RN2KB1R w KQkq -,MODEL_PREDICTION_NOT_EMPIRICAL
LON-15,B4,1500,maia3-79m,10,b1a3,Na3,0.0076771872118115425,0.9624393312260509,0.6693903348917725,141,9,850,r1b1kb1r/pp2pppp/2n2n2/2pp4/Q2P1B2/2P1PN2/Pq3PPP/RN2KB1R w KQkq -,MODEL_PREDICTION_NOT_EMPIRICAL
LON-15,B4,1700,maia3-79m,1,f1b5,Bb5,0.5034275650978088,0.9686322035267949,0.6701482087435108,380,23,597,r1b1kb1r/pp2pppp/2n2n2/2pp4/Q2P1B2/2P1PN2/Pq3PPP/RN2KB1R w KQkq -,MODEL_PREDICTION_NOT_EMPIRICAL
LON-15,B4,1700,maia3-79m,2,f3e5,Ne5,0.17712092399597168,0.9686322035267949,0.6701482087435108,291,25,684,r1b1kb1r/pp2pppp/2n2n2/2pp4/Q2P1B2/2P1PN2/Pq3PPP/RN2KB1R w KQkq -,MODEL_PREDICTION_NOT_EMPIRICAL
LON-15,B4,1700,maia3-79m,3,a4b3,Qb3,0.0704488605260849,0.9686322035267949,0.6701482087435108,262,30,708,r1b1kb1r/pp2pppp/2n2n2/2pp4/Q2P1B2/2P1PN2/Pq3PPP/RN2KB1R w KQkq -,MODEL_PREDICTION_NOT_EMPIRICAL
LON-15,B4,1700,maia3-79m,4,f1d3,Bd3,0.05901747941970825,0.9686322035267949,0.6701482087435108,404,17,579,r1b1kb1r/pp2pppp/2n2n2/2pp4/Q2P1B2/2P1PN2/Pq3PPP/RN2KB1R w KQkq -,MODEL_PREDICTION_NOT_EMPIRICAL
LON-15,B4,1700,maia3-79m,5,b1d2,Nbd2,0.05893378704786301,0.9686322035267949,0.6701482087435108,147,9,844,r1b1kb1r/pp2pppp/2n2n2/2pp4/Q2P1B2/2P1PN2/Pq3PPP/RN2KB1R w KQkq -,MODEL_PREDICTION_NOT_EMPIRICAL
LON-15,B4,1700,maia3-79m,6,f3d2,Nfd2,0.04366733878850937,0.9686322035267949,0.6701482087435108,298,18,684,r1b1kb1r/pp2pppp/2n2n2/2pp4/Q2P1B2/2P1PN2/Pq3PPP/RN2KB1R w KQkq -,MODEL_PREDICTION_NOT_EMPIRICAL
LON-15,B4,1700,maia3-79m,7,f1e2,Be2,0.02306590974330902,0.9686322035267949,0.6701482087435108,320,16,664,r1b1kb1r/pp2pppp/2n2n2/2pp4/Q2P1B2/2P1PN2/Pq3PPP/RN2KB1R w KQkq -,MODEL_PREDICTION_NOT_EMPIRICAL
LON-15,B4,1700,maia3-79m,8,d4c5,dxc5,0.016232702881097794,0.9686322035267949,0.6701482087435108,220,16,764,r1b1kb1r/pp2pppp/2n2n2/2pp4/Q2P1B2/2P1PN2/Pq3PPP/RN2KB1R w KQkq -,MODEL_PREDICTION_NOT_EMPIRICAL
LON-15,B4,1700,maia3-79m,9,a4d1,Qd1,0.010029866360127926,0.9686322035267949,0.6701482087435108,176,16,808,r1b1kb1r/pp2pppp/2n2n2/2pp4/Q2P1B2/2P1PN2/Pq3PPP/RN2KB1R w KQkq -,MODEL_PREDICTION_NOT_EMPIRICAL
LON-15,B4,1700,maia3-79m,10,a4a3,Qa3,0.006687769666314125,0.9686322035267949,0.6701482087435108,200,19,781,r1b1kb1r/pp2pppp/2n2n2/2pp4/Q2P1B2/2P1PN2/Pq3PPP/RN2KB1R w KQkq -,MODEL_PREDICTION_NOT_EMPIRICAL
LON-15,B4,1900,maia3-79m,1,f1b5,Bb5,0.5354253649711609,0.9755390956997871,0.6603534831589667,383,27,590,r1b1kb1r/pp2pppp/2n2n2/2pp4/Q2P1B2/2P1PN2/Pq3PPP/RN2KB1R w KQkq -,MODEL_PREDICTION_NOT_EMPIRICAL
LON-15,B4,1900,maia3-79m,2,f3e5,Ne5,0.14335963129997253,0.9755390956997871,0.6603534831589667,283,30,687,r1b1kb1r/pp2pppp/2n2n2/2pp4/Q2P1B2/2P1PN2/Pq3PPP/RN2KB1R w KQkq -,MODEL_PREDICTION_NOT_EMPIRICAL
LON-15,B4,1900,maia3-79m,3,a4b3,Qb3,0.07191765308380127,0.9755390956997871,0.6603534831589667,263,31,706,r1b1kb1r/pp2pppp/2n2n2/2pp4/Q2P1B2/2P1PN2/Pq3PPP/RN2KB1R w KQkq -,MODEL_PREDICTION_NOT_EMPIRICAL
LON-15,B4,1900,maia3-79m,4,f1d3,Bd3,0.06127191707491875,0.9755390956997871,0.6603534831589667,398,20,582,r1b1kb1r/pp2pppp/2n2n2/2pp4/Q2P1B2/2P1PN2/Pq3PPP/RN2KB1R w KQkq -,MODEL_PREDICTION_NOT_EMPIRICAL
LON-15,B4,1900,maia3-79m,5,f3d2,Nfd2,0.05454524978995323,0.9755390956997871,0.6603534831589667,294,20,686,r1b1kb1r/pp2pppp/2n2n2/2pp4/Q2P1B2/2P1PN2/Pq3PPP/RN2KB1R w KQkq -,MODEL_PREDICTION_NOT_EMPIRICAL
LON-15,B4,1900,maia3-79m,6,b1d2,Nbd2,0.05212244391441345,0.9755390956997871,0.6603534831589667,133,9,858,r1b1kb1r/pp2pppp/2n2n2/2pp4/Q2P1B2/2P1PN2/Pq3PPP/RN2KB1R w KQkq -,MODEL_PREDICTION_NOT_EMPIRICAL
LON-15,B4,1900,maia3-79m,7,f1e2,Be2,0.025361493229866028,0.9755390956997871,0.6603534831589667,312,18,670,r1b1kb1r/pp2pppp/2n2n2/2pp4/Q2P1B2/2P1PN2/Pq3PPP/RN2KB1R w KQkq -,MODEL_PREDICTION_NOT_EMPIRICAL
LON-15,B4,1900,maia3-79m,8,d4c5,dxc5,0.016242504119873047,0.9755390956997871,0.6603534831589667,206,17,777,r1b1kb1r/pp2pppp/2n2n2/2pp4/Q2P1B2/2P1PN2/Pq3PPP/RN2KB1R w KQkq -,MODEL_PREDICTION_NOT_EMPIRICAL
LON-15,B4,1900,maia3-79m,9,a4a3,Qa3,0.008510231971740723,0.9755390956997871,0.6603534831589667,209,21,770,r1b1kb1r/pp2pppp/2n2n2/2pp4/Q2P1B2/2P1PN2/Pq3PPP/RN2KB1R w KQkq -,MODEL_PREDICTION_NOT_EMPIRICAL
LON-15,B4,1900,maia3-79m,10,a4d1,Qd1,0.006782606244087219,0.9755390956997871,0.6603534831589667,176,17,807,r1b1kb1r/pp2pppp/2n2n2/2pp4/Q2P1B2/2P1PN2/Pq3PPP/RN2KB1R w KQkq -,MODEL_PREDICTION_NOT_EMPIRICAL
LON-15,B4,2100,maia3-79m,1,f1b5,Bb5,0.5891987085342407,0.9834425458684564,0.6290050429684692,378,34,588,r1b1kb1r/pp2pppp/2n2n2/2pp4/Q2P1B2/2P1PN2/Pq3PPP/RN2KB1R w KQkq -,MODEL_PREDICTION_NOT_EMPIRICAL
LON-15,B4,2100,maia3-79m,2,f3e5,Ne5,0.09239473193883896,0.9834425458684564,0.6290050429684692,279,38,683,r1b1kb1r/pp2pppp/2n2n2/2pp4/Q2P1B2/2P1PN2/Pq3PPP/RN2KB1R w KQkq -,MODEL_PREDICTION_NOT_EMPIRICAL
LON-15,B4,2100,maia3-79m,3,a4b3,Qb3,0.07710715383291245,0.9834425458684564,0.6290050429684692,269,34,697,r1b1kb1r/pp2pppp/2n2n2/2pp4/Q2P1B2/2P1PN2/Pq3PPP/RN2KB1R w KQkq -,MODEL_PREDICTION_NOT_EMPIRICAL
LON-15,B4,2100,maia3-79m,4,f1d3,Bd3,0.06487057358026505,0.9834425458684564,0.6290050429684692,378,25,597,r1b1kb1r/pp2pppp/2n2n2/2pp4/Q2P1B2/2P1PN2/Pq3PPP/RN2KB1R w KQkq -,MODEL_PREDICTION_NOT_EMPIRICAL
LON-15,B4,2100,maia3-79m,5,f3d2,Nfd2,0.061738982796669006,0.9834425458684564,0.6290050429684692,278,23,699,r1b1kb1r/pp2pppp/2n2n2/2pp4/Q2P1B2/2P1PN2/Pq3PPP/RN2KB1R w KQkq -,MODEL_PREDICTION_NOT_EMPIRICAL
LON-15,B4,2100,maia3-79m,6,b1d2,Nbd2,0.03668653219938278,0.9834425458684564,0.6290050429684692,120,10,870,r1b1kb1r/pp2pppp/2n2n2/2pp4/Q2P1B2/2P1PN2/Pq3PPP/RN2KB1R w KQkq -,MODEL_PREDICTION_NOT_EMPIRICAL
LON-15,B4,2100,maia3-79m,7,f1e2,Be2,0.02683296613395214,0.9834425458684564,0.6290050429684692,307,22,671,r1b1kb1r/pp2pppp/2n2n2/2pp4/Q2P1B2/2P1PN2/Pq3PPP/RN2KB1R w KQkq -,MODEL_PREDICTION_NOT_EMPIRICAL
LON-15,B4,2100,maia3-79m,8,d4c5,dxc5,0.016350997611880302,0.9834425458684564,0.6290050429684692,194,20,786,r1b1kb1r/pp2pppp/2n2n2/2pp4/Q2P1B2/2P1PN2/Pq3PPP/RN2KB1R w KQkq -,MODEL_PREDICTION_NOT_EMPIRICAL
LON-15,B4,2100,maia3-79m,9,a4a3,Qa3,0.013045118190348148,0.9834425458684564,0.6290050429684692,217,24,759,r1b1kb1r/pp2pppp/2n2n2/2pp4/Q2P1B2/2P1PN2/Pq3PPP/RN2KB1R w KQkq -,MODEL_PREDICTION_NOT_EMPIRICAL
LON-15,B4,2100,maia3-79m,10,e3e4,e4,0.005216781049966812,0.9834425458684564,0.6290050429684692,232,17,751,r1b1kb1r/pp2pppp/2n2n2/2pp4/Q2P1B2/2P1PN2/Pq3PPP/RN2KB1R w KQkq -,MODEL_PREDICTION_NOT_EMPIRICAL
PST-04,B4,1100,maia3-79m,1,g1f3,Nf3,0.17850928008556366,0.8919449914246798,0.8713878795484268,290,30,680,rnbqkbn1/ppp1ppp1/7r/3p4/3P4/8/PPP1PPPP/RN1QKBNR w KQq -,MODEL_PREDICTION_NOT_EMPIRICAL
PST-04,B4,1100,maia3-79m,2,d1d2,Qd2,0.1296701282262802,0.8919449914246798,0.8713878795484268,219,30,751,rnbqkbn1/ppp1ppp1/7r/3p4/3P4/8/PPP1PPPP/RN1QKBNR w KQq -,MODEL_PREDICTION_NOT_EMPIRICAL
PST-04,B4,1100,maia3-79m,3,e2e3,e3,0.11665398627519608,0.8919449914246798,0.8713878795484268,284,30,686,rnbqkbn1/ppp1ppp1/7r/3p4/3P4/8/PPP1PPPP/RN1QKBNR w KQq -,MODEL_PREDICTION_NOT_EMPIRICAL
PST-04,B4,1100,maia3-79m,4,b1c3,Nc3,0.11591165512800217,0.8919449914246798,0.8713878795484268,266,30,704,rnbqkbn1/ppp1ppp1/7r/3p4/3P4/8/PPP1PPPP/RN1QKBNR w KQq -,MODEL_PREDICTION_NOT_EMPIRICAL
PST-04,B4,1100,maia3-79m,5,e2e4,e4,0.09693540632724762,0.8919449914246798,0.8713878795484268,228,28,744,rnbqkbn1/ppp1ppp1/7r/3p4/3P4/8/PPP1PPPP/RN1QKBNR w KQq -,MODEL_PREDICTION_NOT_EMPIRICAL
PST-04,B4,1100,maia3-79m,6,d1d3,Qd3,0.09331117570400238,0.8919449914246798,0.8713878795484268,225,27,748,rnbqkbn1/ppp1ppp1/7r/3p4/3P4/8/PPP1PPPP/RN1QKBNR w KQq -,MODEL_PREDICTION_NOT_EMPIRICAL
PST-04,B4,1100,maia3-79m,7,h2h4,h4,0.08055057376623154,0.8919449914246798,0.8713878795484268,220,31,749,rnbqkbn1/ppp1ppp1/7r/3p4/3P4/8/PPP1PPPP/RN1QKBNR w KQq -,MODEL_PREDICTION_NOT_EMPIRICAL
PST-04,B4,1100,maia3-79m,8,g2g4,g4,0.044169820845127106,0.8919449914246798,0.8713878795484268,187,31,782,rnbqkbn1/ppp1ppp1/7r/3p4/3P4/8/PPP1PPPP/RN1QKBNR w KQq -,MODEL_PREDICTION_NOT_EMPIRICAL
PST-04,B4,1100,maia3-79m,9,f2f4,f4,0.01848030835390091,0.8919449914246798,0.8713878795484268,203,33,764,rnbqkbn1/ppp1ppp1/7r/3p4/3P4/8/PPP1PPPP/RN1QKBNR w KQq -,MODEL_PREDICTION_NOT_EMPIRICAL
PST-04,B4,1100,maia3-79m,10,c2c4,c4,0.01775265671312809,0.8919449914246798,0.8713878795484268,247,29,724,rnbqkbn1/ppp1ppp1/7r/3p4/3P4/8/PPP1PPPP/RN1QKBNR w KQq -,MODEL_PREDICTION_NOT_EMPIRICAL
PST-04,B4,1300,maia3-79m,1,g1f3,Nf3,0.21268369257450104,0.9025280280038714,0.8547453512895637,281,27,692,rnbqkbn1/ppp1ppp1/7r/3p4/3P4/8/PPP1PPPP/RN1QKBNR w KQq -,MODEL_PREDICTION_NOT_EMPIRICAL
PST-04,B4,1300,maia3-79m,2,e2e3,e3,0.14331676065921783,0.9025280280038714,0.8547453512895637,279,28,693,rnbqkbn1/ppp1ppp1/7r/3p4/3P4/8/PPP1PPPP/RN1QKBNR w KQq -,MODEL_PREDICTION_NOT_EMPIRICAL
PST-04,B4,1300,maia3-79m,3,b1c3,Nc3,0.12565281987190247,0.9025280280038714,0.8547453512895637,265,27,708,rnbqkbn1/ppp1ppp1/7r/3p4/3P4/8/PPP1PPPP/RN1QKBNR w KQq -,MODEL_PREDICTION_NOT_EMPIRICAL
PST-04,B4,1300,maia3-79m,4,d1d2,Qd2,0.12104421108961105,0.9025280280038714,0.8547453512895637,221,26,753,rnbqkbn1/ppp1ppp1/7r/3p4/3P4/8/PPP1PPPP/RN1QKBNR w KQq -,MODEL_PREDICTION_NOT_EMPIRICAL
PST-04,B4,1300,maia3-79m,5,e2e4,e4,0.08797869086265564,0.9025280280038714,0.8547453512895637,232,24,744,rnbqkbn1/ppp1ppp1/7r/3p4/3P4/8/PPP1PPPP/RN1QKBNR w KQq -,MODEL_PREDICTION_NOT_EMPIRICAL
PST-04,B4,1300,maia3-79m,6,d1d3,Qd3,0.07904715836048126,0.9025280280038714,0.8547453512895637,218,24,758,rnbqkbn1/ppp1ppp1/7r/3p4/3P4/8/PPP1PPPP/RN1QKBNR w KQq -,MODEL_PREDICTION_NOT_EMPIRICAL
PST-04,B4,1300,maia3-79m,7,h2h4,h4,0.06504300981760025,0.9025280280038714,0.8547453512895637,217,28,755,rnbqkbn1/ppp1ppp1/7r/3p4/3P4/8/PPP1PPPP/RN1QKBNR w KQq -,MODEL_PREDICTION_NOT_EMPIRICAL
PST-04,B4,1300,maia3-79m,8,g2g4,g4,0.03480685129761696,0.9025280280038714,0.8547453512895637,175,26,799,rnbqkbn1/ppp1ppp1/7r/3p4/3P4/8/PPP1PPPP/RN1QKBNR w KQq -,MODEL_PREDICTION_NOT_EMPIRICAL
PST-04,B4,1300,maia3-79m,9,c2c4,c4,0.01790391281247139,0.9025280280038714,0.8547453512895637,259,25,716,rnbqkbn1/ppp1ppp1/7r/3p4/3P4/8/PPP1PPPP/RN1QKBNR w KQq -,MODEL_PREDICTION_NOT_EMPIRICAL
PST-04,B4,1300,maia3-79m,10,h2h3,h3,0.015050920657813549,0.9025280280038714,0.8547453512895637,261,30,709,rnbqkbn1/ppp1ppp1/7r/3p4/3P4/8/PPP1PPPP/RN1QKBNR w KQq -,MODEL_PREDICTION_NOT_EMPIRICAL
PST-04,B4,1500,maia3-79m,1,g1f3,Nf3,0.24090392887592316,0.9078325405716896,0.8398520356265957,269,26,705,rnbqkbn1/ppp1ppp1/7r/3p4/3P4/8/PPP1PPPP/RN1QKBNR w KQq -,MODEL_PREDICTION_NOT_EMPIRICAL
PST-04,B4,1500,maia3-79m,2,e2e3,e3,0.157210111618042,0.9078325405716896,0.8398520356265957,269,26,705,rnbqkbn1/ppp1ppp1/7r/3p4/3P4/8/PPP1PPPP/RN1QKBNR w KQq -,MODEL_PREDICTION_NOT_EMPIRICAL
PST-04,B4,1500,maia3-79m,3,b1c3,Nc3,0.13517867028713226,0.9078325405716896,0.8398520356265957,255,25,720,rnbqkbn1/ppp1ppp1/7r/3p4/3P4/8/PPP1PPPP/RN1QKBNR w KQq -,MODEL_PREDICTION_NOT_EMPIRICAL
PST-04,B4,1500,maia3-79m,4,d1d2,Qd2,0.10577965527772903,0.9078325405716896,0.8398520356265957,217,24,759,rnbqkbn1/ppp1ppp1/7r/3p4/3P4/8/PPP1PPPP/RN1QKBNR w KQq -,MODEL_PREDICTION_NOT_EMPIRICAL
PST-04,B4,1500,maia3-79m,5,e2e4,e4,0.08157820254564285,0.9078325405716896,0.8398520356265957,221,22,757,rnbqkbn1/ppp1ppp1/7r/3p4/3P4/8/PPP1PPPP/RN1QKBNR w KQq -,MODEL_PREDICTION_NOT_EMPIRICAL
PST-04,B4,1500,maia3-79m,6,d1d3,Qd3,0.06758363544940948,0.9078325405716896,0.8398520356265957,209,23,768,rnbqkbn1/ppp1ppp1/7r/3p4/3P4/8/PPP1PPPP/RN1QKBNR w KQq -,MODEL_PREDICTION_NOT_EMPIRICAL
PST-04,B4,1500,maia3-79m,7,h2h4,h4,0.055086348205804825,0.9078325405716896,0.8398520356265957,202,27,771,rnbqkbn1/ppp1ppp1/7r/3p4/3P4/8/PPP1PPPP/RN1QKBNR w KQq -,MODEL_PREDICTION_NOT_EMPIRICAL
PST-04,B4,1500,maia3-79m,8,g2g4,g4,0.028664564713835716,0.9078325405716896,0.8398520356265957,155,25,820,rnbqkbn1/ppp1ppp1/7r/3p4/3P4/8/PPP1PPPP/RN1QKBNR w KQq -,MODEL_PREDICTION_NOT_EMPIRICAL
PST-04,B4,1500,maia3-79m,9,c2c4,c4,0.0201736968010664,0.9078325405716896,0.8398520356265957,257,24,719,rnbqkbn1/ppp1ppp1/7r/3p4/3P4/8/PPP1PPPP/RN1QKBNR w KQq -,MODEL_PREDICTION_NOT_EMPIRICAL
PST-04,B4,1500,maia3-79m,10,h2h3,h3,0.015673726797103882,0.9078325405716896,0.8398520356265957,246,28,726,rnbqkbn1/ppp1ppp1/7r/3p4/3P4/8/PPP1PPPP/RN1QKBNR w KQq -,MODEL_PREDICTION_NOT_EMPIRICAL
PST-04,B4,1700,maia3-79m,1,g1f3,Nf3,0.27201634645462036,0.9123310577124357,0.8145596491334283,256,25,719,rnbqkbn1/ppp1ppp1/7r/3p4/3P4/8/PPP1PPPP/RN1QKBNR w KQq -,MODEL_PREDICTION_NOT_EMPIRICAL
PST-04,B4,1700,maia3-79m,2,e2e3,e3,0.1816372573375702,0.9123310577124357,0.8145596491334283,255,26,719,rnbqkbn1/ppp1ppp1/7r/3p4/3P4/8/PPP1PPPP/RN1QKBNR w KQq -,MODEL_PREDICTION_NOT_EMPIRICAL
PST-04,B4,1700,maia3-79m,3,b1c3,Nc3,0.1382904350757599,0.9123310577124357,0.8145596491334283,243,25,732,rnbqkbn1/ppp1ppp1/7r/3p4/3P4/8/PPP1PPPP/RN1QKBNR w KQq -,MODEL_PREDICTION_NOT_EMPIRICAL
PST-04,B4,1700,maia3-79m,4,d1d2,Qd2,0.08313295245170593,0.9123310577124357,0.8145596491334283,214,23,763,rnbqkbn1/ppp1ppp1/7r/3p4/3P4/8/PPP1PPPP/RN1QKBNR w KQq -,MODEL_PREDICTION_NOT_EMPIRICAL
PST-04,B4,1700,maia3-79m,5,e2e4,e4,0.07775403559207916,0.9123310577124357,0.8145596491334283,202,21,777,rnbqkbn1/ppp1ppp1/7r/3p4/3P4/8/PPP1PPPP/RN1QKBNR w KQq -,MODEL_PREDICTION_NOT_EMPIRICAL
PST-04,B4,1700,maia3-79m,6,d1d3,Qd3,0.053796738386154175,0.9123310577124357,0.8145596491334283,202,22,776,rnbqkbn1/ppp1ppp1/7r/3p4/3P4/8/PPP1PPPP/RN1QKBNR w KQq -,MODEL_PREDICTION_NOT_EMPIRICAL
PST-04,B4,1700,maia3-79m,7,h2h4,h4,0.04507703706622124,0.9123310577124357,0.8145596491334283,196,26,778,rnbqkbn1/ppp1ppp1/7r/3p4/3P4/8/PPP1PPPP/RN1QKBNR w KQq -,MODEL_PREDICTION_NOT_EMPIRICAL
PST-04,B4,1700,maia3-79m,8,c2c4,c4,0.023870019242167473,0.9123310577124357,0.8145596491334283,252,24,724,rnbqkbn1/ppp1ppp1/7r/3p4/3P4/8/PPP1PPPP/RN1QKBNR w KQq -,MODEL_PREDICTION_NOT_EMPIRICAL
PST-04,B4,1700,maia3-79m,9,g2g4,g4,0.020847337320446968,0.9123310577124357,0.8145596491334283,141,23,836,rnbqkbn1/ppp1ppp1/7r/3p4/3P4/8/PPP1PPPP/RN1QKBNR w KQq -,MODEL_PREDICTION_NOT_EMPIRICAL
PST-04,B4,1700,maia3-79m,10,h2h3,h3,0.015908898785710335,0.9123310577124357,0.8145596491334283,238,28,734,rnbqkbn1/ppp1ppp1/7r/3p4/3P4/8/PPP1PPPP/RN1QKBNR w KQq -,MODEL_PREDICTION_NOT_EMPIRICAL
PST-04,B4,1900,maia3-79m,1,g1f3,Nf3,0.3083784878253937,0.9231540244072676,0.7905769139266061,236,26,738,rnbqkbn1/ppp1ppp1/7r/3p4/3P4/8/PPP1PPPP/RN1QKBNR w KQq -,MODEL_PREDICTION_NOT_EMPIRICAL
PST-04,B4,1900,maia3-79m,2,e2e3,e3,0.2030070722103119,0.9231540244072676,0.7905769139266061,234,27,739,rnbqkbn1/ppp1ppp1/7r/3p4/3P4/8/PPP1PPPP/RN1QKBNR w KQq -,MODEL_PREDICTION_NOT_EMPIRICAL
PST-04,B4,1900,maia3-79m,3,b1c3,Nc3,0.13414929807186127,0.9231540244072676,0.7905769139266061,229,25,746,rnbqkbn1/ppp1ppp1/7r/3p4/3P4/8/PPP1PPPP/RN1QKBNR w KQq -,MODEL_PREDICTION_NOT_EMPIRICAL
PST-04,B4,1900,maia3-79m,4,e2e4,e4,0.07634635269641876,0.9231540244072676,0.7905769139266061,176,21,803,rnbqkbn1/ppp1ppp1/7r/3p4/3P4/8/PPP1PPPP/RN1QKBNR w KQq -,MODEL_PREDICTION_NOT_EMPIRICAL
PST-04,B4,1900,maia3-79m,5,d1d2,Qd2,0.05670485273003578,0.9231540244072676,0.7905769139266061,206,24,770,rnbqkbn1/ppp1ppp1/7r/3p4/3P4/8/PPP1PPPP/RN1QKBNR w KQq -,MODEL_PREDICTION_NOT_EMPIRICAL
PST-04,B4,1900,maia3-79m,6,d1d3,Qd3,0.040791746228933334,0.9231540244072676,0.7905769139266061,192,23,785,rnbqkbn1/ppp1ppp1/7r/3p4/3P4/8/PPP1PPPP/RN1QKBNR w KQq -,MODEL_PREDICTION_NOT_EMPIRICAL
PST-04,B4,1900,maia3-79m,7,h2h4,h4,0.036083418875932693,0.9231540244072676,0.7905769139266061,192,26,782,rnbqkbn1/ppp1ppp1/7r/3p4/3P4/8/PPP1PPPP/RN1QKBNR w KQq -,MODEL_PREDICTION_NOT_EMPIRICAL
PST-04,B4,1900,maia3-79m,8,c2c4,c4,0.02898554503917694,0.9231540244072676,0.7905769139266061,241,25,734,rnbqkbn1/ppp1ppp1/7r/3p4/3P4/8/PPP1PPPP/RN1QKBNR w KQq -,MODEL_PREDICTION_NOT_EMPIRICAL
PST-04,B4,1900,maia3-79m,9,c2c3,c3,0.02223196066915989,0.9231540244072676,0.7905769139266061,212,27,761,rnbqkbn1/ppp1ppp1/7r/3p4/3P4/8/PPP1PPPP/RN1QKBNR w KQq -,MODEL_PREDICTION_NOT_EMPIRICAL
PST-04,B4,1900,maia3-79m,10,b1d2,Nd2,0.016475290060043335,0.9231540244072676,0.7905769139266061,208,26,766,rnbqkbn1/ppp1ppp1/7r/3p4/3P4/8/PPP1PPPP/RN1QKBNR w KQq -,MODEL_PREDICTION_NOT_EMPIRICAL
PST-04,B4,2100,maia3-79m,1,g1f3,Nf3,0.343787282705307,0.9295790940523148,0.7843841112782143,204,27,769,rnbqkbn1/ppp1ppp1/7r/3p4/3P4/8/PPP1PPPP/RN1QKBNR w KQq -,MODEL_PREDICTION_NOT_EMPIRICAL
PST-04,B4,2100,maia3-79m,2,e2e3,e3,0.1780397593975067,0.9295790940523148,0.7843841112782143,200,29,771,rnbqkbn1/ppp1ppp1/7r/3p4/3P4/8/PPP1PPPP/RN1QKBNR w KQq -,MODEL_PREDICTION_NOT_EMPIRICAL
PST-04,B4,2100,maia3-79m,3,b1c3,Nc3,0.1333245187997818,0.9295790940523148,0.7843841112782143,206,27,767,rnbqkbn1/ppp1ppp1/7r/3p4/3P4/8/PPP1PPPP/RN1QKBNR w KQq -,MODEL_PREDICTION_NOT_EMPIRICAL
PST-04,B4,2100,maia3-79m,4,e2e4,e4,0.08003541082143784,0.9295790940523148,0.7843841112782143,140,20,840,rnbqkbn1/ppp1ppp1/7r/3p4/3P4/8/PPP1PPPP/RN1QKBNR w KQq -,MODEL_PREDICTION_NOT_EMPIRICAL
PST-04,B4,2100,maia3-79m,5,d1d2,Qd2,0.03986440971493721,0.9295790940523148,0.7843841112782143,187,26,787,rnbqkbn1/ppp1ppp1/7r/3p4/3P4/8/PPP1PPPP/RN1QKBNR w KQq -,MODEL_PREDICTION_NOT_EMPIRICAL
PST-04,B4,2100,maia3-79m,6,d1d3,Qd3,0.03699605539441109,0.9295790940523148,0.7843841112782143,175,24,801,rnbqkbn1/ppp1ppp1/7r/3p4/3P4/8/PPP1PPPP/RN1QKBNR w KQq -,MODEL_PREDICTION_NOT_EMPIRICAL
PST-04,B4,2100,maia3-79m,7,c2c4,c4,0.036405887454748154,0.9295790940523148,0.7843841112782143,209,26,765,rnbqkbn1/ppp1ppp1/7r/3p4/3P4/8/PPP1PPPP/RN1QKBNR w KQq -,MODEL_PREDICTION_NOT_EMPIRICAL
PST-04,B4,2100,maia3-79m,8,h2h4,h4,0.03459617868065834,0.9295790940523148,0.7843841112782143,178,27,795,rnbqkbn1/ppp1ppp1/7r/3p4/3P4/8/PPP1PPPP/RN1QKBNR w KQq -,MODEL_PREDICTION_NOT_EMPIRICAL
PST-04,B4,2100,maia3-79m,9,c2c3,c3,0.028908999636769295,0.9295790940523148,0.7843841112782143,187,29,784,rnbqkbn1/ppp1ppp1/7r/3p4/3P4/8/PPP1PPPP/RN1QKBNR w KQq -,MODEL_PREDICTION_NOT_EMPIRICAL
PST-04,B4,2100,maia3-79m,10,b1d2,Nd2,0.017620591446757317,0.9295790940523148,0.7843841112782143,187,27,786,rnbqkbn1/ppp1ppp1/7r/3p4/3P4/8/PPP1PPPP/RN1QKBNR w KQq -,MODEL_PREDICTION_NOT_EMPIRICAL
LON-06,B5,1100,maia3-79m,1,g7g6,g6,0.31153568625450134,0.9631842207163572,0.8491225142891635,453,24,523,r1b1kb1r/pp2pppp/1qn5/2pp4/3P4/2P1PNP1/PPQ2PP1/RN2KB1R b KQkq -,MODEL_PREDICTION_NOT_EMPIRICAL
LON-06,B5,1100,maia3-79m,2,c8g4,Bg4,0.15142779052257538,0.9631842207163572,0.8491225142891635,396,22,582,r1b1kb1r/pp2pppp/1qn5/2pp4/3P4/2P1PNP1/PPQ2PP1/RN2KB1R b KQkq -,MODEL_PREDICTION_NOT_EMPIRICAL
LON-06,B5,1100,maia3-79m,3,e7e6,e6,0.13856808841228485,0.9631842207163572,0.8491225142891635,393,23,584,r1b1kb1r/pp2pppp/1qn5/2pp4/3P4/2P1PNP1/PPQ2PP1/RN2KB1R b KQkq -,MODEL_PREDICTION_NOT_EMPIRICAL
LON-06,B5,1100,maia3-79m,4,c5d4,cxd4,0.09631358832120895,0.9631842207163572,0.8491225142891635,414,22,564,r1b1kb1r/pp2pppp/1qn5/2pp4/3P4/2P1PNP1/PPQ2PP1/RN2KB1R b KQkq -,MODEL_PREDICTION_NOT_EMPIRICAL
LON-06,B5,1100,maia3-79m,5,c8f5,Bf5,0.06514181941747665,0.9631842207163572,0.8491225142891635,397,21,582,r1b1kb1r/pp2pppp/1qn5/2pp4/3P4/2P1PNP1/PPQ2PP1/RN2KB1R b KQkq -,MODEL_PREDICTION_NOT_EMPIRICAL
LON-06,B5,1100,maia3-79m,6,b6c7,Qc7,0.05077703669667244,0.9631842207163572,0.8491225142891635,348,21,631,r1b1kb1r/pp2pppp/1qn5/2pp4/3P4/2P1PNP1/PPQ2PP1/RN2KB1R b KQkq -,MODEL_PREDICTION_NOT_EMPIRICAL
LON-06,B5,1100,maia3-79m,7,h7h6,h6,0.04827301576733589,0.9631842207163572,0.8491225142891635,429,23,548,r1b1kb1r/pp2pppp/1qn5/2pp4/3P4/2P1PNP1/PPQ2PP1/RN2KB1R b KQkq -,MODEL_PREDICTION_NOT_EMPIRICAL
LON-06,B5,1100,maia3-79m,8,f7f6,f6,0.04561331495642662,0.9631842207163572,0.8491225142891635,393,24,583,r1b1kb1r/pp2pppp/1qn5/2pp4/3P4/2P1PNP1/PPQ2PP1/RN2KB1R b KQkq -,MODEL_PREDICTION_NOT_EMPIRICAL
LON-06,B5,1100,maia3-79m,9,e7e5,e5,0.042857345193624496,0.9631842207163572,0.8491225142891635,441,24,535,r1b1kb1r/pp2pppp/1qn5/2pp4/3P4/2P1PNP1/PPQ2PP1/RN2KB1R b KQkq -,MODEL_PREDICTION_NOT_EMPIRICAL
LON-06,B5,1100,maia3-79m,10,c8d7,Bd7,0.012676535174250603,0.9631842207163572,0.8491225142891635,406,22,572,r1b1kb1r/pp2pppp/1qn5/2pp4/3P4/2P1PNP1/PPQ2PP1/RN2KB1R b KQkq -,MODEL_PREDICTION_NOT_EMPIRICAL
LON-06,B5,1300,maia3-79m,1,g7g6,g6,0.32138291001319885,0.9702503625303507,0.8422276976955969,461,25,514,r1b1kb1r/pp2pppp/1qn5/2pp4/3P4/2P1PNP1/PPQ2PP1/RN2KB1R b KQkq -,MODEL_PREDICTION_NOT_EMPIRICAL
LON-06,B5,1300,maia3-79m,2,c8g4,Bg4,0.16399267315864563,0.9702503625303507,0.8422276976955969,400,24,576,r1b1kb1r/pp2pppp/1qn5/2pp4/3P4/2P1PNP1/PPQ2PP1/RN2KB1R b KQkq -,MODEL_PREDICTION_NOT_EMPIRICAL
LON-06,B5,1300,maia3-79m,3,e7e6,e6,0.12162774056196213,0.9702503625303507,0.8422276976955969,406,24,570,r1b1kb1r/pp2pppp/1qn5/2pp4/3P4/2P1PNP1/PPQ2PP1/RN2KB1R b KQkq -,MODEL_PREDICTION_NOT_EMPIRICAL
LON-06,B5,1300,maia3-79m,4,c5d4,cxd4,0.09683312475681305,0.9702503625303507,0.8422276976955969,420,24,556,r1b1kb1r/pp2pppp/1qn5/2pp4/3P4/2P1PNP1/PPQ2PP1/RN2KB1R b KQkq -,MODEL_PREDICTION_NOT_EMPIRICAL
LON-06,B5,1300,maia3-79m,5,c8f5,Bf5,0.07734344154596329,0.9702503625303507,0.8422276976955969,414,23,563,r1b1kb1r/pp2pppp/1qn5/2pp4/3P4/2P1PNP1/PPQ2PP1/RN2KB1R b KQkq -,MODEL_PREDICTION_NOT_EMPIRICAL
LON-06,B5,1300,maia3-79m,6,h7h6,h6,0.07192815840244293,0.9702503625303507,0.8422276976955969,441,24,535,r1b1kb1r/pp2pppp/1qn5/2pp4/3P4/2P1PNP1/PPQ2PP1/RN2KB1R b KQkq -,MODEL_PREDICTION_NOT_EMPIRICAL
LON-06,B5,1300,maia3-79m,7,b6c7,Qc7,0.04040110111236572,0.9702503625303507,0.8422276976955969,360,22,618,r1b1kb1r/pp2pppp/1qn5/2pp4/3P4/2P1PNP1/PPQ2PP1/RN2KB1R b KQkq -,MODEL_PREDICTION_NOT_EMPIRICAL
LON-06,B5,1300,maia3-79m,8,e7e5,e5,0.03156166151165962,0.9702503625303507,0.8422276976955969,444,24,532,r1b1kb1r/pp2pppp/1qn5/2pp4/3P4/2P1PNP1/PPQ2PP1/RN2KB1R b KQkq -,MODEL_PREDICTION_NOT_EMPIRICAL
LON-06,B5,1300,maia3-79m,9,f7f6,f6,0.028492817655205727,0.9702503625303507,0.8422276976955969,393,24,583,r1b1kb1r/pp2pppp/1qn5/2pp4/3P4/2P1PNP1/PPQ2PP1/RN2KB1R b KQkq -,MODEL_PREDICTION_NOT_EMPIRICAL
LON-06,B5,1300,maia3-79m,10,c8d7,Bd7,0.016686733812093735,0.9702503625303507,0.8422276976955969,423,23,554,r1b1kb1r/pp2pppp/1qn5/2pp4/3P4/2P1PNP1/PPQ2PP1/RN2KB1R b KQkq -,MODEL_PREDICTION_NOT_EMPIRICAL
LON-06,B5,1500,maia3-79m,1,g7g6,g6,0.3389045298099518,0.9734141658991575,0.8261678656999758,471,27,502,r1b1kb1r/pp2pppp/1qn5/2pp4/3P4/2P1PNP1/PPQ2PP1/RN2KB1R b KQkq -,MODEL_PREDICTION_NOT_EMPIRICAL
LON-06,B5,1500,maia3-79m,2,c8g4,Bg4,0.14888331294059753,0.9734141658991575,0.8261678656999758,406,27,567,r1b1kb1r/pp2pppp/1qn5/2pp4/3P4/2P1PNP1/PPQ2PP1/RN2KB1R b KQkq -,MODEL_PREDICTION_NOT_EMPIRICAL
LON-06,B5,1500,maia3-79m,3,h7h6,h6,0.1099628359079361,0.9734141658991575,0.8261678656999758,450,26,524,r1b1kb1r/pp2pppp/1qn5/2pp4/3P4/2P1PNP1/PPQ2PP1/RN2KB1R b KQkq -,MODEL_PREDICTION_NOT_EMPIRICAL
LON-06,B5,1500,maia3-79m,4,e7e6,e6,0.10050898790359497,0.9734141658991575,0.8261678656999758,416,27,557,r1b1kb1r/pp2pppp/1qn5/2pp4/3P4/2P1PNP1/PPQ2PP1/RN2KB1R b KQkq -,MODEL_PREDICTION_NOT_EMPIRICAL
LON-06,B5,1500,maia3-79m,5,c5d4,cxd4,0.09701447188854218,0.9734141658991575,0.8261678656999758,425,27,548,r1b1kb1r/pp2pppp/1qn5/2pp4/3P4/2P1PNP1/PPQ2PP1/RN2KB1R b KQkq -,MODEL_PREDICTION_NOT_EMPIRICAL
LON-06,B5,1500,maia3-79m,6,c8f5,Bf5,0.0897192656993866,0.9734141658991575,0.8261678656999758,444,25,531,r1b1kb1r/pp2pppp/1qn5/2pp4/3P4/2P1PNP1/PPQ2PP1/RN2KB1R b KQkq -,MODEL_PREDICTION_NOT_EMPIRICAL
LON-06,B5,1500,maia3-79m,7,b6c7,Qc7,0.028643202036619186,0.9734141658991575,0.8261678656999758,373,25,602,r1b1kb1r/pp2pppp/1qn5/2pp4/3P4/2P1PNP1/PPQ2PP1/RN2KB1R b KQkq -,MODEL_PREDICTION_NOT_EMPIRICAL
LON-06,B5,1500,maia3-79m,8,e7e5,e5,0.021593617275357246,0.9734141658991575,0.8261678656999758,434,27,539,r1b1kb1r/pp2pppp/1qn5/2pp4/3P4/2P1PNP1/PPQ2PP1/RN2KB1R b KQkq -,MODEL_PREDICTION_NOT_EMPIRICAL
LON-06,B5,1500,maia3-79m,9,f7f6,f6,0.019264865666627884,0.9734141658991575,0.8261678656999758,393,26,581,r1b1kb1r/pp2pppp/1qn5/2pp4/3P4/2P1PNP1/PPQ2PP1/RN2KB1R b KQkq -,MODEL_PREDICTION_NOT_EMPIRICAL
LON-06,B5,1500,maia3-79m,10,c8d7,Bd7,0.018919076770544052,0.9734141658991575,0.8261678656999758,432,25,543,r1b1kb1r/pp2pppp/1qn5/2pp4/3P4/2P1PNP1/PPQ2PP1/RN2KB1R b KQkq -,MODEL_PREDICTION_NOT_EMPIRICAL
LON-06,B5,1700,maia3-79m,1,g7g6,g6,0.375475138425827,0.9762946078553796,0.7876886541080328,487,30,483,r1b1kb1r/pp2pppp/1qn5/2pp4/3P4/2P1PNP1/PPQ2PP1/RN2KB1R b KQkq -,MODEL_PREDICTION_NOT_EMPIRICAL
LON-06,B5,1700,maia3-79m,2,h7h6,h6,0.1587797999382019,0.9762946078553796,0.7876886541080328,460,29,511,r1b1kb1r/pp2pppp/1qn5/2pp4/3P4/2P1PNP1/PPQ2PP1/RN2KB1R b KQkq -,MODEL_PREDICTION_NOT_EMPIRICAL
LON-06,B5,1700,maia3-79m,3,c8g4,Bg4,0.11084744334220886,0.9762946078553796,0.7876886541080328,415,30,555,r1b1kb1r/pp2pppp/1qn5/2pp4/3P4/2P1PNP1/PPQ2PP1/RN2KB1R b KQkq -,MODEL_PREDICTION_NOT_EMPIRICAL
LON-06,B5,1700,maia3-79m,4,c8f5,Bf5,0.10617461055517197,0.9762946078553796,0.7876886541080328,476,29,495,r1b1kb1r/pp2pppp/1qn5/2pp4/3P4/2P1PNP1/PPQ2PP1/RN2KB1R b KQkq -,MODEL_PREDICTION_NOT_EMPIRICAL
LON-06,B5,1700,maia3-79m,5,c5d4,cxd4,0.08560334146022797,0.9762946078553796,0.7876886541080328,432,31,537,r1b1kb1r/pp2pppp/1qn5/2pp4/3P4/2P1PNP1/PPQ2PP1/RN2KB1R b KQkq -,MODEL_PREDICTION_NOT_EMPIRICAL
LON-06,B5,1700,maia3-79m,6,e7e6,e6,0.07404791563749313,0.9762946078553796,0.7876886541080328,427,31,542,r1b1kb1r/pp2pppp/1qn5/2pp4/3P4/2P1PNP1/PPQ2PP1/RN2KB1R b KQkq -,MODEL_PREDICTION_NOT_EMPIRICAL
LON-06,B5,1700,maia3-79m,7,c8d7,Bd7,0.018047677353024483,0.9762946078553796,0.7876886541080328,439,29,532,r1b1kb1r/pp2pppp/1qn5/2pp4/3P4/2P1PNP1/PPQ2PP1/RN2KB1R b KQkq -,MODEL_PREDICTION_NOT_EMPIRICAL
LON-06,B5,1700,maia3-79m,8,b6c7,Qc7,0.017722180113196373,0.9762946078553796,0.7876886541080328,382,28,590,r1b1kb1r/pp2pppp/1qn5/2pp4/3P4/2P1PNP1/PPQ2PP1/RN2KB1R b KQkq -,MODEL_PREDICTION_NOT_EMPIRICAL
LON-06,B5,1700,maia3-79m,9,f7f6,f6,0.01489692460745573,0.9762946078553796,0.7876886541080328,385,28,587,r1b1kb1r/pp2pppp/1qn5/2pp4/3P4/2P1PNP1/PPQ2PP1/RN2KB1R b KQkq -,MODEL_PREDICTION_NOT_EMPIRICAL
LON-06,B5,1700,maia3-79m,10,e7e5,e5,0.014699576422572136,0.9762946078553796,0.7876886541080328,419,30,551,r1b1kb1r/pp2pppp/1qn5/2pp4/3P4/2P1PNP1/PPQ2PP1/RN2KB1R b KQkq -,MODEL_PREDICTION_NOT_EMPIRICAL
LON-06,B5,1900,maia3-79m,1,g7g6,g6,0.44599848985671997,0.9825390046462417,0.7140988437201088,501,36,463,r1b1kb1r/pp2pppp/1qn5/2pp4/3P4/2P1PNP1/PPQ2PP1/RN2KB1R b KQkq -,MODEL_PREDICTION_NOT_EMPIRICAL
LON-06,B5,1900,maia3-79m,2,h7h6,h6,0.18392245471477509,0.9825390046462417,0.7140988437201088,467,35,498,r1b1kb1r/pp2pppp/1qn5/2pp4/3P4/2P1PNP1/PPQ2PP1/RN2KB1R b KQkq -,MODEL_PREDICTION_NOT_EMPIRICAL
LON-06,B5,1900,maia3-79m,3,c8f5,Bf5,0.1227264553308487,0.9825390046462417,0.7140988437201088,498,36,466,r1b1kb1r/pp2pppp/1qn5/2pp4/3P4/2P1PNP1/PPQ2PP1/RN2KB1R b KQkq -,MODEL_PREDICTION_NOT_EMPIRICAL
LON-06,B5,1900,maia3-79m,4,c8g4,Bg4,0.0751192569732666,0.9825390046462417,0.7140988437201088,425,34,541,r1b1kb1r/pp2pppp/1qn5/2pp4/3P4/2P1PNP1/PPQ2PP1/RN2KB1R b KQkq -,MODEL_PREDICTION_NOT_EMPIRICAL
LON-06,B5,1900,maia3-79m,5,c5d4,cxd4,0.06142421066761017,0.9825390046462417,0.7140988437201088,434,38,528,r1b1kb1r/pp2pppp/1qn5/2pp4/3P4/2P1PNP1/PPQ2PP1/RN2KB1R b KQkq -,MODEL_PREDICTION_NOT_EMPIRICAL
LON-06,B5,1900,maia3-79m,6,e7e6,e6,0.047334130853414536,0.9825390046462417,0.7140988437201088,435,36,529,r1b1kb1r/pp2pppp/1qn5/2pp4/3P4/2P1PNP1/PPQ2PP1/RN2KB1R b KQkq -,MODEL_PREDICTION_NOT_EMPIRICAL
LON-06,B5,1900,maia3-79m,7,c8d7,Bd7,0.014146888628602028,0.9825390046462417,0.7140988437201088,442,33,525,r1b1kb1r/pp2pppp/1qn5/2pp4/3P4/2P1PNP1/PPQ2PP1/RN2KB1R b KQkq -,MODEL_PREDICTION_NOT_EMPIRICAL
LON-06,B5,1900,maia3-79m,8,f7f6,f6,0.010900884866714478,0.9825390046462417,0.7140988437201088,366,32,602,r1b1kb1r/pp2pppp/1qn5/2pp4/3P4/2P1PNP1/PPQ2PP1/RN2KB1R b KQkq -,MODEL_PREDICTION_NOT_EMPIRICAL
LON-06,B5,1900,maia3-79m,9,e7e5,e5,0.010852050967514515,0.9825390046462417,0.7140988437201088,404,35,561,r1b1kb1r/pp2pppp/1qn5/2pp4/3P4/2P1PNP1/PPQ2PP1/RN2KB1R b KQkq -,MODEL_PREDICTION_NOT_EMPIRICAL
LON-06,B5,1900,maia3-79m,10,c5c4,c4,0.010114181786775589,0.9825390046462417,0.7140988437201088,424,34,542,r1b1kb1r/pp2pppp/1qn5/2pp4/3P4/2P1PNP1/PPQ2PP1/RN2KB1R b KQkq -,MODEL_PREDICTION_NOT_EMPIRICAL
LON-06,B5,2100,maia3-79m,1,g7g6,g6,0.5735131502151489,0.9906000634655356,0.6022733181190514,506,46,448,r1b1kb1r/pp2pppp/1qn5/2pp4/3P4/2P1PNP1/PPQ2PP1/RN2KB1R b KQkq -,MODEL_PREDICTION_NOT_EMPIRICAL
LON-06,B5,2100,maia3-79m,2,h7h6,h6,0.14500129222869873,0.9906000634655356,0.6022733181190514,464,44,492,r1b1kb1r/pp2pppp/1qn5/2pp4/3P4/2P1PNP1/PPQ2PP1/RN2KB1R b KQkq -,MODEL_PREDICTION_NOT_EMPIRICAL
LON-06,B5,2100,maia3-79m,3,c8f5,Bf5,0.12236585468053818,0.9906000634655356,0.6022733181190514,495,46,459,r1b1kb1r/pp2pppp/1qn5/2pp4/3P4/2P1PNP1/PPQ2PP1/RN2KB1R b KQkq -,MODEL_PREDICTION_NOT_EMPIRICAL
LON-06,B5,2100,maia3-79m,4,c8g4,Bg4,0.05249786376953125,0.9906000634655356,0.6022733181190514,434,41,525,r1b1kb1r/pp2pppp/1qn5/2pp4/3P4/2P1PNP1/PPQ2PP1/RN2KB1R b KQkq -,MODEL_PREDICTION_NOT_EMPIRICAL
LON-06,B5,2100,maia3-79m,5,c5d4,cxd4,0.03675105422735214,0.9906000634655356,0.6022733181190514,431,46,523,r1b1kb1r/pp2pppp/1qn5/2pp4/3P4/2P1PNP1/PPQ2PP1/RN2KB1R b KQkq -,MODEL_PREDICTION_NOT_EMPIRICAL
LON-06,B5,2100,maia3-79m,6,e7e6,e6,0.028858451172709465,0.9906000634655356,0.6022733181190514,439,44,517,r1b1kb1r/pp2pppp/1qn5/2pp4/3P4/2P1PNP1/PPQ2PP1/RN2KB1R b KQkq -,MODEL_PREDICTION_NOT_EMPIRICAL
LON-06,B5,2100,maia3-79m,7,e7e5,e5,0.00966911856085062,0.9906000634655356,0.6022733181190514,397,42,561,r1b1kb1r/pp2pppp/1qn5/2pp4/3P4/2P1PNP1/PPQ2PP1/RN2KB1R b KQkq -,MODEL_PREDICTION_NOT_EMPIRICAL
LON-06,B5,2100,maia3-79m,8,c8d7,Bd7,0.009075867012143135,0.9906000634655356,0.6022733181190514,444,41,515,r1b1kb1r/pp2pppp/1qn5/2pp4/3P4/2P1PNP1/PPQ2PP1/RN2KB1R b KQkq -,MODEL_PREDICTION_NOT_EMPIRICAL
LON-06,B5,2100,maia3-79m,9,c5c4,c4,0.006843405310064554,0.9906000634655356,0.6022733181190514,421,41,538,r1b1kb1r/pp2pppp/1qn5/2pp4/3P4/2P1PNP1/PPQ2PP1/RN2KB1R b KQkq -,MODEL_PREDICTION_NOT_EMPIRICAL
LON-06,B5,2100,maia3-79m,10,f7f6,f6,0.00602400628849864,0.9906000634655356,0.6022733181190514,351,37,612,r1b1kb1r/pp2pppp/1qn5/2pp4/3P4/2P1PNP1/PPQ2PP1/RN2KB1R b KQkq -,MODEL_PREDICTION_NOT_EMPIRICAL
LON-07,B5,1100,maia3-79m,1,h4g3,Bg3,0.903509795665741,0.998130411200691,0.19695365191506423,511,21,468,r1b1kb1r/pp2pp2/1qn4p/2pp2pn/3P3B/2P1PN2/PPQ2PPP/RN2KB1R w KQkq -,MODEL_PREDICTION_NOT_EMPIRICAL
LON-07,B5,1100,maia3-79m,2,f3g5,Nxg5,0.0453268326818943,0.998130411200691,0.19695365191506423,382,18,600,r1b1kb1r/pp2pp2/1qn4p/2pp2pn/3P3B/2P1PN2/PPQ2PPP/RN2KB1R w KQkq -,MODEL_PREDICTION_NOT_EMPIRICAL
LON-07,B5,1100,maia3-79m,3,h4g5,Bxg5,0.025245992466807365,0.998130411200691,0.19695365191506423,377,19,604,r1b1kb1r/pp2pp2/1qn4p/2pp2pn/3P3B/2P1PN2/PPQ2PPP/RN2KB1R w KQkq -,MODEL_PREDICTION_NOT_EMPIRICAL
LON-07,B5,1100,maia3-79m,4,g2g4,g4,0.009520393796265125,0.998130411200691,0.19695365191506423,413,24,563,r1b1kb1r/pp2pp2/1qn4p/2pp2pn/3P3B/2P1PN2/PPQ2PPP/RN2KB1R w KQkq -,MODEL_PREDICTION_NOT_EMPIRICAL
LON-07,B5,1100,maia3-79m,5,f1e2,Be2,0.005974494852125645,0.998130411200691,0.19695365191506423,419,18,563,r1b1kb1r/pp2pp2/1qn4p/2pp2pn/3P3B/2P1PN2/PPQ2PPP/RN2KB1R w KQkq -,MODEL_PREDICTION_NOT_EMPIRICAL
LON-07,B5,1100,maia3-79m,6,c2f5,Qf5,0.002900318242609501,0.998130411200691,0.19695365191506423,81,7,912,r1b1kb1r/pp2pp2/1qn4p/2pp2pn/3P3B/2P1PN2/PPQ2PPP/RN2KB1R w KQkq -,MODEL_PREDICTION_NOT_EMPIRICAL
LON-07,B5,1100,maia3-79m,7,d4c5,dxc5,0.0020670886151492596,0.998130411200691,0.19695365191506423,436,19,545,r1b1kb1r/pp2pp2/1qn4p/2pp2pn/3P3B/2P1PN2/PPQ2PPP/RN2KB1R w KQkq -,MODEL_PREDICTION_NOT_EMPIRICAL
LON-07,B5,1100,maia3-79m,8,f3e5,Ne5,0.0014063180424273014,0.998130411200691,0.19695365191506423,334,18,648,r1b1kb1r/pp2pp2/1qn4p/2pp2pn/3P3B/2P1PN2/PPQ2PPP/RN2KB1R w KQkq -,MODEL_PREDICTION_NOT_EMPIRICAL
LON-07,B5,1100,maia3-79m,9,g2g3,g3,0.0012349141761660576,0.998130411200691,0.19695365191506423,325,18,657,r1b1kb1r/pp2pp2/1qn4p/2pp2pn/3P3B/2P1PN2/PPQ2PPP/RN2KB1R w KQkq -,MODEL_PREDICTION_NOT_EMPIRICAL
LON-07,B5,1100,maia3-79m,10,f1d3,Bd3,0.0009442626615054905,0.998130411200691,0.19695365191506423,398,17,585,r1b1kb1r/pp2pp2/1qn4p/2pp2pn/3P3B/2P1PN2/PPQ2PPP/RN2KB1R w KQkq -,MODEL_PREDICTION_NOT_EMPIRICAL
LON-07,B5,1300,maia3-79m,1,h4g3,Bg3,0.9132253527641296,0.9987688086694106,0.17824851543625309,509,21,470,r1b1kb1r/pp2pp2/1qn4p/2pp2pn/3P3B/2P1PN2/PPQ2PPP/RN2KB1R w KQkq -,MODEL_PREDICTION_NOT_EMPIRICAL
LON-07,B5,1300,maia3-79m,2,f3g5,Nxg5,0.045944713056087494,0.9987688086694106,0.17824851543625309,354,16,630,r1b1kb1r/pp2pp2/1qn4p/2pp2pn/3P3B/2P1PN2/PPQ2PPP/RN2KB1R w KQkq -,MODEL_PREDICTION_NOT_EMPIRICAL
LON-07,B5,1300,maia3-79m,3,h4g5,Bxg5,0.02004149928689003,0.9987688086694106,0.17824851543625309,361,17,622,r1b1kb1r/pp2pp2/1qn4p/2pp2pn/3P3B/2P1PN2/PPQ2PPP/RN2KB1R w KQkq -,MODEL_PREDICTION_NOT_EMPIRICAL
LON-07,B5,1300,maia3-79m,4,f1e2,Be2,0.007179433014243841,0.9987688086694106,0.17824851543625309,397,17,586,r1b1kb1r/pp2pp2/1qn4p/2pp2pn/3P3B/2P1PN2/PPQ2PPP/RN2KB1R w KQkq -,MODEL_PREDICTION_NOT_EMPIRICAL
LON-07,B5,1300,maia3-79m,5,g2g4,g4,0.006036574486643076,0.9987688086694106,0.17824851543625309,406,22,572,r1b1kb1r/pp2pp2/1qn4p/2pp2pn/3P3B/2P1PN2/PPQ2PPP/RN2KB1R w KQkq -,MODEL_PREDICTION_NOT_EMPIRICAL
LON-07,B5,1300,maia3-79m,6,c2f5,Qf5,0.0022586844861507416,0.9987688086694106,0.17824851543625309,55,5,940,r1b1kb1r/pp2pp2/1qn4p/2pp2pn/3P3B/2P1PN2/PPQ2PPP/RN2KB1R w KQkq -,MODEL_PREDICTION_NOT_EMPIRICAL
LON-07,B5,1300,maia3-79m,7,d4c5,dxc5,0.001863129553385079,0.9987688086694106,0.17824851543625309,420,18,562,r1b1kb1r/pp2pp2/1qn4p/2pp2pn/3P3B/2P1PN2/PPQ2PPP/RN2KB1R w KQkq -,MODEL_PREDICTION_NOT_EMPIRICAL
LON-07,B5,1300,maia3-79m,8,g2g3,g3,0.0010626306757330894,0.9987688086694106,0.17824851543625309,294,17,689,r1b1kb1r/pp2pp2/1qn4p/2pp2pn/3P3B/2P1PN2/PPQ2PPP/RN2KB1R w KQkq -,MODEL_PREDICTION_NOT_EMPIRICAL
LON-07,B5,1300,maia3-79m,9,f3e5,Ne5,0.0006532906554639339,0.9987688086694106,0.17824851543625309,297,16,687,r1b1kb1r/pp2pp2/1qn4p/2pp2pn/3P3B/2P1PN2/PPQ2PPP/RN2KB1R w KQkq -,MODEL_PREDICTION_NOT_EMPIRICAL
LON-07,B5,1300,maia3-79m,10,f1d3,Bd3,0.0005035006906837225,0.9987688086694106,0.17824851543625309,377,16,607,r1b1kb1r/pp2pp2/1qn4p/2pp2pn/3P3B/2P1PN2/PPQ2PPP/RN2KB1R w KQkq -,MODEL_PREDICTION_NOT_EMPIRICAL
LON-07,B5,1500,maia3-79m,1,h4g3,Bg3,0.9220190644264221,0.9990397778165061,0.16365770212529565,509,23,468,r1b1kb1r/pp2pp2/1qn4p/2pp2pn/3P3B/2P1PN2/PPQ2PPP/RN2KB1R w KQkq -,MODEL_PREDICTION_NOT_EMPIRICAL
LON-07,B5,1500,maia3-79m,2,f3g5,Nxg5,0.042340654879808426,0.9990397778165061,0.16365770212529565,333,16,651,r1b1kb1r/pp2pp2/1qn4p/2pp2pn/3P3B/2P1PN2/PPQ2PPP/RN2KB1R w KQkq -,MODEL_PREDICTION_NOT_EMPIRICAL
LON-07,B5,1500,maia3-79m,3,h4g5,Bxg5,0.017067963257431984,0.9990397778165061,0.16365770212529565,352,17,631,r1b1kb1r/pp2pp2/1qn4p/2pp2pn/3P3B/2P1PN2/PPQ2PPP/RN2KB1R w KQkq -,MODEL_PREDICTION_NOT_EMPIRICAL
LON-07,B5,1500,maia3-79m,4,f1e2,Be2,0.006926108617335558,0.9990397778165061,0.16365770212529565,375,18,607,r1b1kb1r/pp2pp2/1qn4p/2pp2pn/3P3B/2P1PN2/PPQ2PPP/RN2KB1R w KQkq -,MODEL_PREDICTION_NOT_EMPIRICAL
LON-07,B5,1500,maia3-79m,5,g2g4,g4,0.004514570347964764,0.9990397778165061,0.16365770212529565,392,22,586,r1b1kb1r/pp2pp2/1qn4p/2pp2pn/3P3B/2P1PN2/PPQ2PPP/RN2KB1R w KQkq -,MODEL_PREDICTION_NOT_EMPIRICAL
LON-07,B5,1500,maia3-79m,6,d4c5,dxc5,0.002552477177232504,0.9990397778165061,0.16365770212529565,414,19,567,r1b1kb1r/pp2pp2/1qn4p/2pp2pn/3P3B/2P1PN2/PPQ2PPP/RN2KB1R w KQkq -,MODEL_PREDICTION_NOT_EMPIRICAL
LON-07,B5,1500,maia3-79m,7,c2f5,Qf5,0.0019317502155900002,0.9990397778165061,0.16365770212529565,41,4,955,r1b1kb1r/pp2pp2/1qn4p/2pp2pn/3P3B/2P1PN2/PPQ2PPP/RN2KB1R w KQkq -,MODEL_PREDICTION_NOT_EMPIRICAL
LON-07,B5,1500,maia3-79m,8,g2g3,g3,0.0008878270164132118,0.9990397778165061,0.16365770212529565,269,16,715,r1b1kb1r/pp2pp2/1qn4p/2pp2pn/3P3B/2P1PN2/PPQ2PPP/RN2KB1R w KQkq -,MODEL_PREDICTION_NOT_EMPIRICAL
LON-07,B5,1500,maia3-79m,9,f3e5,Ne5,0.0004483525699470192,0.9990397778165061,0.16365770212529565,267,15,718,r1b1kb1r/pp2pp2/1qn4p/2pp2pn/3P3B/2P1PN2/PPQ2PPP/RN2KB1R w KQkq -,MODEL_PREDICTION_NOT_EMPIRICAL
LON-07,B5,1500,maia3-79m,10,f1d3,Bd3,0.000351009308360517,0.9990397778165061,0.16365770212529565,356,16,628,r1b1kb1r/pp2pp2/1qn4p/2pp2pn/3P3B/2P1PN2/PPQ2PPP/RN2KB1R w KQkq -,MODEL_PREDICTION_NOT_EMPIRICAL
LON-07,B5,1700,maia3-79m,1,h4g3,Bg3,0.9450200200080872,0.9992624394362792,0.12708438245515877,506,26,468,r1b1kb1r/pp2pp2/1qn4p/2pp2pn/3P3B/2P1PN2/PPQ2PPP/RN2KB1R w KQkq -,MODEL_PREDICTION_NOT_EMPIRICAL
LON-07,B5,1700,maia3-79m,2,f3g5,Nxg5,0.026016678661108017,0.9992624394362792,0.12708438245515877,307,17,676,r1b1kb1r/pp2pp2/1qn4p/2pp2pn/3P3B/2P1PN2/PPQ2PPP/RN2KB1R w KQkq -,MODEL_PREDICTION_NOT_EMPIRICAL
LON-07,B5,1700,maia3-79m,3,h4g5,Bxg5,0.012927650474011898,0.9992624394362792,0.12708438245515877,341,18,641,r1b1kb1r/pp2pp2/1qn4p/2pp2pn/3P3B/2P1PN2/PPQ2PPP/RN2KB1R w KQkq -,MODEL_PREDICTION_NOT_EMPIRICAL
LON-07,B5,1700,maia3-79m,4,f1e2,Be2,0.004947182256728411,0.9992624394362792,0.12708438245515877,353,19,628,r1b1kb1r/pp2pp2/1qn4p/2pp2pn/3P3B/2P1PN2/PPQ2PPP/RN2KB1R w KQkq -,MODEL_PREDICTION_NOT_EMPIRICAL
LON-07,B5,1700,maia3-79m,5,d4c5,dxc5,0.004459290765225887,0.9992624394362792,0.12708438245515877,415,20,565,r1b1kb1r/pp2pp2/1qn4p/2pp2pn/3P3B/2P1PN2/PPQ2PPP/RN2KB1R w KQkq -,MODEL_PREDICTION_NOT_EMPIRICAL
LON-07,B5,1700,maia3-79m,6,g2g4,g4,0.003133764723315835,0.9992624394362792,0.12708438245515877,372,23,605,r1b1kb1r/pp2pp2/1qn4p/2pp2pn/3P3B/2P1PN2/PPQ2PPP/RN2KB1R w KQkq -,MODEL_PREDICTION_NOT_EMPIRICAL
LON-07,B5,1700,maia3-79m,7,c2f5,Qf5,0.0014050928875803947,0.9992624394362792,0.12708438245515877,29,3,968,r1b1kb1r/pp2pp2/1qn4p/2pp2pn/3P3B/2P1PN2/PPQ2PPP/RN2KB1R w KQkq -,MODEL_PREDICTION_NOT_EMPIRICAL
LON-07,B5,1700,maia3-79m,8,g2g3,g3,0.0006831040955148637,0.9992624394362792,0.12708438245515877,255,17,728,r1b1kb1r/pp2pp2/1qn4p/2pp2pn/3P3B/2P1PN2/PPQ2PPP/RN2KB1R w KQkq -,MODEL_PREDICTION_NOT_EMPIRICAL
LON-07,B5,1700,maia3-79m,9,f3e5,Ne5,0.0003614214947447181,0.9992624394362792,0.12708438245515877,240,15,745,r1b1kb1r/pp2pp2/1qn4p/2pp2pn/3P3B/2P1PN2/PPQ2PPP/RN2KB1R w KQkq -,MODEL_PREDICTION_NOT_EMPIRICAL
LON-07,B5,1700,maia3-79m,10,f1d3,Bd3,0.0003082340699620545,0.9992624394362792,0.12708438245515877,338,16,646,r1b1kb1r/pp2pp2/1qn4p/2pp2pn/3P3B/2P1PN2/PPQ2PPP/RN2KB1R w KQkq -,MODEL_PREDICTION_NOT_EMPIRICAL
LON-07,B5,1900,maia3-79m,1,h4g3,Bg3,0.969407320022583,0.9993848466547206,0.08031200804864035,500,31,469,r1b1kb1r/pp2pp2/1qn4p/2pp2pn/3P3B/2P1PN2/PPQ2PPP/RN2KB1R w KQkq -,MODEL_PREDICTION_NOT_EMPIRICAL
LON-07,B5,1900,maia3-79m,2,f3g5,Nxg5,0.009115401655435562,0.9993848466547206,0.08031200804864035,274,17,709,r1b1kb1r/pp2pp2/1qn4p/2pp2pn/3P3B/2P1PN2/PPQ2PPP/RN2KB1R w KQkq -,MODEL_PREDICTION_NOT_EMPIRICAL
LON-07,B5,1900,maia3-79m,3,d4c5,dxc5,0.008204913698136806,0.9993848466547206,0.08031200804864035,415,23,562,r1b1kb1r/pp2pp2/1qn4p/2pp2pn/3P3B/2P1PN2/PPQ2PPP/RN2KB1R w KQkq -,MODEL_PREDICTION_NOT_EMPIRICAL
LON-07,B5,1900,maia3-79m,4,h4g5,Bxg5,0.007066483609378338,0.9993848466547206,0.08031200804864035,308,20,672,r1b1kb1r/pp2pp2/1qn4p/2pp2pn/3P3B/2P1PN2/PPQ2PPP/RN2KB1R w KQkq -,MODEL_PREDICTION_NOT_EMPIRICAL
LON-07,B5,1900,maia3-79m,5,f1e2,Be2,0.0022088175173848867,0.9993848466547206,0.08031200804864035,332,21,647,r1b1kb1r/pp2pp2/1qn4p/2pp2pn/3P3B/2P1PN2/PPQ2PPP/RN2KB1R w KQkq -,MODEL_PREDICTION_NOT_EMPIRICAL
LON-07,B5,1900,maia3-79m,6,g2g4,g4,0.0015183398500084877,0.9993848466547206,0.08031200804864035,344,25,631,r1b1kb1r/pp2pp2/1qn4p/2pp2pn/3P3B/2P1PN2/PPQ2PPP/RN2KB1R w KQkq -,MODEL_PREDICTION_NOT_EMPIRICAL
LON-07,B5,1900,maia3-79m,7,c2f5,Qf5,0.000696522940415889,0.9993848466547206,0.08031200804864035,16,2,982,r1b1kb1r/pp2pp2/1qn4p/2pp2pn/3P3B/2P1PN2/PPQ2PPP/RN2KB1R w KQkq -,MODEL_PREDICTION_NOT_EMPIRICAL
LON-07,B5,1900,maia3-79m,8,g2g3,g3,0.00046170270070433617,0.9993848466547206,0.08031200804864035,245,19,736,r1b1kb1r/pp2pp2/1qn4p/2pp2pn/3P3B/2P1PN2/PPQ2PPP/RN2KB1R w KQkq -,MODEL_PREDICTION_NOT_EMPIRICAL
LON-07,B5,1900,maia3-79m,9,f3e5,Ne5,0.00035434222081676126,0.9993848466547206,0.08031200804864035,213,16,771,r1b1kb1r/pp2pp2/1qn4p/2pp2pn/3P3B/2P1PN2/PPQ2PPP/RN2KB1R w KQkq -,MODEL_PREDICTION_NOT_EMPIRICAL
LON-07,B5,1900,maia3-79m,10,f1d3,Bd3,0.00035100243985652924,0.9993848466547206,0.08031200804864035,313,18,669,r1b1kb1r/pp2pp2/1qn4p/2pp2pn/3P3B/2P1PN2/PPQ2PPP/RN2KB1R w KQkq -,MODEL_PREDICTION_NOT_EMPIRICAL
LON-07,B5,2100,maia3-79m,1,h4g3,Bg3,0.9791918396949768,0.9994161349895876,0.05371133348669105,487,41,472,r1b1kb1r/pp2pp2/1qn4p/2pp2pn/3P3B/2P1PN2/PPQ2PPP/RN2KB1R w KQkq -,MODEL_PREDICTION_NOT_EMPIRICAL
LON-07,B5,2100,maia3-79m,2,d4c5,dxc5,0.013727841898798943,0.9994161349895876,0.05371133348669105,415,30,555,r1b1kb1r/pp2pp2/1qn4p/2pp2pn/3P3B/2P1PN2/PPQ2PPP/RN2KB1R w KQkq -,MODEL_PREDICTION_NOT_EMPIRICAL
LON-07,B5,2100,maia3-79m,3,h4g5,Bxg5,0.0021881272550672293,0.9994161349895876,0.05371133348669105,261,21,718,r1b1kb1r/pp2pp2/1qn4p/2pp2pn/3P3B/2P1PN2/PPQ2PPP/RN2KB1R w KQkq -,MODEL_PREDICTION_NOT_EMPIRICAL
LON-07,B5,2100,maia3-79m,4,f3g5,Nxg5,0.0016129284631460905,0.9994161349895876,0.05371133348669105,238,19,743,r1b1kb1r/pp2pp2/1qn4p/2pp2pn/3P3B/2P1PN2/PPQ2PPP/RN2KB1R w KQkq -,MODEL_PREDICTION_NOT_EMPIRICAL
LON-07,B5,2100,maia3-79m,5,f1e2,Be2,0.0009536428842693567,0.9994161349895876,0.05371133348669105,304,25,671,r1b1kb1r/pp2pp2/1qn4p/2pp2pn/3P3B/2P1PN2/PPQ2PPP/RN2KB1R w KQkq -,MODEL_PREDICTION_NOT_EMPIRICAL
LON-07,B5,2100,maia3-79m,6,g2g4,g4,0.0005092851351946592,0.9994161349895876,0.05371133348669105,308,28,664,r1b1kb1r/pp2pp2/1qn4p/2pp2pn/3P3B/2P1PN2/PPQ2PPP/RN2KB1R w KQkq -,MODEL_PREDICTION_NOT_EMPIRICAL
LON-07,B5,2100,maia3-79m,7,f1d3,Bd3,0.0003747988084796816,0.9994161349895876,0.05371133348669105,276,21,703,r1b1kb1r/pp2pp2/1qn4p/2pp2pn/3P3B/2P1PN2/PPQ2PPP/RN2KB1R w KQkq -,MODEL_PREDICTION_NOT_EMPIRICAL
LON-07,B5,2100,maia3-79m,8,f3e5,Ne5,0.00032572931377217174,0.9994161349895876,0.05371133348669105,174,17,809,r1b1kb1r/pp2pp2/1qn4p/2pp2pn/3P3B/2P1PN2/PPQ2PPP/RN2KB1R w KQkq -,MODEL_PREDICTION_NOT_EMPIRICAL
LON-07,B5,2100,maia3-79m,9,b1d2,Nbd2,0.0002930371556431055,0.9994161349895876,0.05371133348669105,284,22,694,r1b1kb1r/pp2pp2/1qn4p/2pp2pn/3P3B/2P1PN2/PPQ2PPP/RN2KB1R w KQkq -,MODEL_PREDICTION_NOT_EMPIRICAL
LON-07,B5,2100,maia3-79m,10,g2g3,g3,0.0002389043802395463,0.9994161349895876,0.05371133348669105,235,23,742,r1b1kb1r/pp2pp2/1qn4p/2pp2pn/3P3B/2P1PN2/PPQ2PPP/RN2KB1R w KQkq -,MODEL_PREDICTION_NOT_EMPIRICAL
TOR-02,B5,1100,maia3-79m,1,e2e3,e3,0.4050721228122711,0.9651540098711848,0.7583141719712653,487,24,489,rnbqkb1r/ppp1ppp1/8/3p3p/3Pn2B/5N2/PPP1PPPP/RN1QKB1R w KQkq -,MODEL_PREDICTION_NOT_EMPIRICAL
TOR-02,B5,1100,maia3-79m,2,b1d2,Nbd2,0.18123756349086761,0.9651540098711848,0.7583141719712653,518,25,457,rnbqkb1r/ppp1ppp1/8/3p3p/3Pn2B/5N2/PPP1PPPP/RN1QKB1R w KQkq -,MODEL_PREDICTION_NOT_EMPIRICAL
TOR-02,B5,1100,maia3-79m,3,b1c3,Nc3,0.1229790672659874,0.9651540098711848,0.7583141719712653,517,27,456,rnbqkb1r/ppp1ppp1/8/3p3p/3Pn2B/5N2/PPP1PPPP/RN1QKB1R w KQkq -,MODEL_PREDICTION_NOT_EMPIRICAL
TOR-02,B5,1100,maia3-79m,4,h2h3,h3,0.07287672907114029,0.9651540098711848,0.7583141719712653,487,26,487,rnbqkb1r/ppp1ppp1/8/3p3p/3Pn2B/5N2/PPP1PPPP/RN1QKB1R w KQkq -,MODEL_PREDICTION_NOT_EMPIRICAL
TOR-02,B5,1100,maia3-79m,5,f3g5,Ng5,0.044125817716121674,0.9651540098711848,0.7583141719712653,487,26,487,rnbqkb1r/ppp1ppp1/8/3p3p/3Pn2B/5N2/PPP1PPPP/RN1QKB1R w KQkq -,MODEL_PREDICTION_NOT_EMPIRICAL
TOR-02,B5,1100,maia3-79m,6,f3e5,Ne5,0.043065764009952545,0.9651540098711848,0.7583141719712653,419,21,560,rnbqkb1r/ppp1ppp1/8/3p3p/3Pn2B/5N2/PPP1PPPP/RN1QKB1R w KQkq -,MODEL_PREDICTION_NOT_EMPIRICAL
TOR-02,B5,1100,maia3-79m,7,d1d3,Qd3,0.04228123277425766,0.9651540098711848,0.7583141719712653,449,24,527,rnbqkb1r/ppp1ppp1/8/3p3p/3Pn2B/5N2/PPP1PPPP/RN1QKB1R w KQkq -,MODEL_PREDICTION_NOT_EMPIRICAL
TOR-02,B5,1100,maia3-79m,8,h4g3,Bg3,0.02071392349898815,0.9651540098711848,0.7583141719712653,449,28,523,rnbqkb1r/ppp1ppp1/8/3p3p/3Pn2B/5N2/PPP1PPPP/RN1QKB1R w KQkq -,MODEL_PREDICTION_NOT_EMPIRICAL
TOR-02,B5,1100,maia3-79m,9,f3d2,Nfd2,0.017978832125663757,0.9651540098711848,0.7583141719712653,433,24,543,rnbqkb1r/ppp1ppp1/8/3p3p/3Pn2B/5N2/PPP1PPPP/RN1QKB1R w KQkq -,MODEL_PREDICTION_NOT_EMPIRICAL
TOR-02,B5,1100,maia3-79m,10,c2c4,c4,0.01482295710593462,0.9651540098711848,0.7583141719712653,490,23,487,rnbqkb1r/ppp1ppp1/8/3p3p/3Pn2B/5N2/PPP1PPPP/RN1QKB1R w KQkq -,MODEL_PREDICTION_NOT_EMPIRICAL
TOR-02,B5,1300,maia3-79m,1,e2e3,e3,0.3665742874145508,0.9774562064558268,0.7435248304784796,478,22,500,rnbqkb1r/ppp1ppp1/8/3p3p/3Pn2B/5N2/PPP1PPPP/RN1QKB1R w KQkq -,MODEL_PREDICTION_NOT_EMPIRICAL
TOR-02,B5,1300,maia3-79m,2,b1d2,Nbd2,0.25831353664398193,0.9774562064558268,0.7435248304784796,514,23,463,rnbqkb1r/ppp1ppp1/8/3p3p/3Pn2B/5N2/PPP1PPPP/RN1QKB1R w KQkq -,MODEL_PREDICTION_NOT_EMPIRICAL
TOR-02,B5,1300,maia3-79m,3,h2h3,h3,0.1321401447057724,0.9774562064558268,0.7435248304784796,478,24,498,rnbqkb1r/ppp1ppp1/8/3p3p/3Pn2B/5N2/PPP1PPPP/RN1QKB1R w KQkq -,MODEL_PREDICTION_NOT_EMPIRICAL
TOR-02,B5,1300,maia3-79m,4,b1c3,Nc3,0.07797912508249283,0.9774562064558268,0.7435248304784796,506,24,470,rnbqkb1r/ppp1ppp1/8/3p3p/3Pn2B/5N2/PPP1PPPP/RN1QKB1R w KQkq -,MODEL_PREDICTION_NOT_EMPIRICAL
TOR-02,B5,1300,maia3-79m,5,f3g5,Ng5,0.03344615921378136,0.9774562064558268,0.7435248304784796,476,24,500,rnbqkb1r/ppp1ppp1/8/3p3p/3Pn2B/5N2/PPP1PPPP/RN1QKB1R w KQkq -,MODEL_PREDICTION_NOT_EMPIRICAL
TOR-02,B5,1300,maia3-79m,6,h4g3,Bg3,0.0302707739174366,0.9774562064558268,0.7435248304784796,447,25,528,rnbqkb1r/ppp1ppp1/8/3p3p/3Pn2B/5N2/PPP1PPPP/RN1QKB1R w KQkq -,MODEL_PREDICTION_NOT_EMPIRICAL
TOR-02,B5,1300,maia3-79m,7,d1d3,Qd3,0.023774079978466034,0.9774562064558268,0.7435248304784796,434,21,545,rnbqkb1r/ppp1ppp1/8/3p3p/3Pn2B/5N2/PPP1PPPP/RN1QKB1R w KQkq -,MODEL_PREDICTION_NOT_EMPIRICAL
TOR-02,B5,1300,maia3-79m,8,f3d2,Nfd2,0.019547484815120697,0.9774562064558268,0.7435248304784796,417,21,562,rnbqkb1r/ppp1ppp1/8/3p3p/3Pn2B/5N2/PPP1PPPP/RN1QKB1R w KQkq -,MODEL_PREDICTION_NOT_EMPIRICAL
TOR-02,B5,1300,maia3-79m,9,f3e5,Ne5,0.01870364136993885,0.9774562064558268,0.7435248304784796,394,19,587,rnbqkb1r/ppp1ppp1/8/3p3p/3Pn2B/5N2/PPP1PPPP/RN1QKB1R w KQkq -,MODEL_PREDICTION_NOT_EMPIRICAL
TOR-02,B5,1300,maia3-79m,10,c2c4,c4,0.01670697331428528,0.9774562064558268,0.7435248304784796,486,21,493,rnbqkb1r/ppp1ppp1/8/3p3p/3Pn2B/5N2/PPP1PPPP/RN1QKB1R w KQkq -,MODEL_PREDICTION_NOT_EMPIRICAL
TOR-02,B5,1500,maia3-79m,1,e2e3,e3,0.31545954942703247,0.9855159986764193,0.7191024976110931,479,22,499,rnbqkb1r/ppp1ppp1/8/3p3p/3Pn2B/5N2/PPP1PPPP/RN1QKB1R w KQkq -,MODEL_PREDICTION_NOT_EMPIRICAL
TOR-02,B5,1500,maia3-79m,2,b1d2,Nbd2,0.31123000383377075,0.9855159986764193,0.7191024976110931,517,22,461,rnbqkb1r/ppp1ppp1/8/3p3p/3Pn2B/5N2/PPP1PPPP/RN1QKB1R w KQkq -,MODEL_PREDICTION_NOT_EMPIRICAL
TOR-02,B5,1500,maia3-79m,3,h2h3,h3,0.18639130890369415,0.9855159986764193,0.7191024976110931,483,24,493,rnbqkb1r/ppp1ppp1/8/3p3p/3Pn2B/5N2/PPP1PPPP/RN1QKB1R w KQkq -,MODEL_PREDICTION_NOT_EMPIRICAL
TOR-02,B5,1500,maia3-79m,4,b1c3,Nc3,0.05327808856964111,0.9855159986764193,0.7191024976110931,508,24,468,rnbqkb1r/ppp1ppp1/8/3p3p/3Pn2B/5N2/PPP1PPPP/RN1QKB1R w KQkq -,MODEL_PREDICTION_NOT_EMPIRICAL
TOR-02,B5,1500,maia3-79m,5,h4g3,Bg3,0.034956954419612885,0.9855159986764193,0.7191024976110931,442,26,532,rnbqkb1r/ppp1ppp1/8/3p3p/3Pn2B/5N2/PPP1PPPP/RN1QKB1R w KQkq -,MODEL_PREDICTION_NOT_EMPIRICAL
TOR-02,B5,1500,maia3-79m,6,f3g5,Ng5,0.023821253329515457,0.9855159986764193,0.7191024976110931,477,24,499,rnbqkb1r/ppp1ppp1/8/3p3p/3Pn2B/5N2/PPP1PPPP/RN1QKB1R w KQkq -,MODEL_PREDICTION_NOT_EMPIRICAL
TOR-02,B5,1500,maia3-79m,7,f3d2,Nfd2,0.016971858218312263,0.9855159986764193,0.7191024976110931,419,20,561,rnbqkb1r/ppp1ppp1/8/3p3p/3Pn2B/5N2/PPP1PPPP/RN1QKB1R w KQkq -,MODEL_PREDICTION_NOT_EMPIRICAL
TOR-02,B5,1500,maia3-79m,8,c2c4,c4,0.01562647335231304,0.9855159986764193,0.7191024976110931,489,21,490,rnbqkb1r/ppp1ppp1/8/3p3p/3Pn2B/5N2/PPP1PPPP/RN1QKB1R w KQkq -,MODEL_PREDICTION_NOT_EMPIRICAL
TOR-02,B5,1500,maia3-79m,9,d1d3,Qd3,0.014216210693120956,0.9855159986764193,0.7191024976110931,438,20,542,rnbqkb1r/ppp1ppp1/8/3p3p/3Pn2B/5N2/PPP1PPPP/RN1QKB1R w KQkq -,MODEL_PREDICTION_NOT_EMPIRICAL
TOR-02,B5,1500,maia3-79m,10,c2c3,c3,0.013564297929406166,0.9855159986764193,0.7191024976110931,467,23,510,rnbqkb1r/ppp1ppp1/8/3p3p/3Pn2B/5N2/PPP1PPPP/RN1QKB1R w KQkq -,MODEL_PREDICTION_NOT_EMPIRICAL
TOR-02,B5,1700,maia3-79m,1,b1d2,Nbd2,0.33156684041023254,0.9909694734960794,0.6985084250386356,524,24,452,rnbqkb1r/ppp1ppp1/8/3p3p/3Pn2B/5N2/PPP1PPPP/RN1QKB1R w KQkq -,MODEL_PREDICTION_NOT_EMPIRICAL
TOR-02,B5,1700,maia3-79m,2,e2e3,e3,0.28743141889572144,0.9909694734960794,0.6985084250386356,480,23,497,rnbqkb1r/ppp1ppp1/8/3p3p/3Pn2B/5N2/PPP1PPPP/RN1QKB1R w KQkq -,MODEL_PREDICTION_NOT_EMPIRICAL
TOR-02,B5,1700,maia3-79m,3,h2h3,h3,0.22552704811096191,0.9909694734960794,0.6985084250386356,489,26,485,rnbqkb1r/ppp1ppp1/8/3p3p/3Pn2B/5N2/PPP1PPPP/RN1QKB1R w KQkq -,MODEL_PREDICTION_NOT_EMPIRICAL
TOR-02,B5,1700,maia3-79m,4,h4g3,Bg3,0.03833036497235298,0.9909694734960794,0.6985084250386356,446,27,527,rnbqkb1r/ppp1ppp1/8/3p3p/3Pn2B/5N2/PPP1PPPP/RN1QKB1R w KQkq -,MODEL_PREDICTION_NOT_EMPIRICAL
TOR-02,B5,1700,maia3-79m,5,b1c3,Nc3,0.036322589963674545,0.9909694734960794,0.6985084250386356,511,25,464,rnbqkb1r/ppp1ppp1/8/3p3p/3Pn2B/5N2/PPP1PPPP/RN1QKB1R w KQkq -,MODEL_PREDICTION_NOT_EMPIRICAL
TOR-02,B5,1700,maia3-79m,6,c2c3,c3,0.01896589621901512,0.9909694734960794,0.6985084250386356,476,23,501,rnbqkb1r/ppp1ppp1/8/3p3p/3Pn2B/5N2/PPP1PPPP/RN1QKB1R w KQkq -,MODEL_PREDICTION_NOT_EMPIRICAL
TOR-02,B5,1700,maia3-79m,7,f3g5,Ng5,0.016165034845471382,0.9909694734960794,0.6985084250386356,485,26,489,rnbqkb1r/ppp1ppp1/8/3p3p/3Pn2B/5N2/PPP1PPPP/RN1QKB1R w KQkq -,MODEL_PREDICTION_NOT_EMPIRICAL
TOR-02,B5,1700,maia3-79m,8,c2c4,c4,0.014200952835381031,0.9909694734960794,0.6985084250386356,494,22,484,rnbqkb1r/ppp1ppp1/8/3p3p/3Pn2B/5N2/PPP1PPPP/RN1QKB1R w KQkq -,MODEL_PREDICTION_NOT_EMPIRICAL
TOR-02,B5,1700,maia3-79m,9,f3d2,Nfd2,0.013471633195877075,0.9909694734960794,0.6985084250386356,428,21,551,rnbqkb1r/ppp1ppp1/8/3p3p/3Pn2B/5N2/PPP1PPPP/RN1QKB1R w KQkq -,MODEL_PREDICTION_NOT_EMPIRICAL
TOR-02,B5,1700,maia3-79m,10,d1d3,Qd3,0.008987694047391415,0.9909694734960794,0.6985084250386356,449,21,530,rnbqkb1r/ppp1ppp1/8/3p3p/3Pn2B/5N2/PPP1PPPP/RN1QKB1R w KQkq -,MODEL_PREDICTION_NOT_EMPIRICAL
TOR-02,B5,1900,maia3-79m,1,b1d2,Nbd2,0.3356141448020935,0.9930695565417409,0.6836991085027024,528,27,445,rnbqkb1r/ppp1ppp1/8/3p3p/3Pn2B/5N2/PPP1PPPP/RN1QKB1R w KQkq -,MODEL_PREDICTION_NOT_EMPIRICAL
TOR-02,B5,1900,maia3-79m,2,e2e3,e3,0.2856399416923523,0.9930695565417409,0.6836991085027024,485,25,490,rnbqkb1r/ppp1ppp1/8/3p3p/3Pn2B/5N2/PPP1PPPP/RN1QKB1R w KQkq -,MODEL_PREDICTION_NOT_EMPIRICAL
TOR-02,B5,1900,maia3-79m,3,h2h3,h3,0.23867157101631165,0.9930695565417409,0.6836991085027024,492,29,479,rnbqkb1r/ppp1ppp1/8/3p3p/3Pn2B/5N2/PPP1PPPP/RN1QKB1R w KQkq -,MODEL_PREDICTION_NOT_EMPIRICAL
TOR-02,B5,1900,maia3-79m,4,h4g3,Bg3,0.03700792044401169,0.9930695565417409,0.6836991085027024,443,30,527,rnbqkb1r/ppp1ppp1/8/3p3p/3Pn2B/5N2/PPP1PPPP/RN1QKB1R w KQkq -,MODEL_PREDICTION_NOT_EMPIRICAL
TOR-02,B5,1900,maia3-79m,5,c2c3,c3,0.028628338128328323,0.9930695565417409,0.6836991085027024,487,25,488,rnbqkb1r/ppp1ppp1/8/3p3p/3Pn2B/5N2/PPP1PPPP/RN1QKB1R w KQkq -,MODEL_PREDICTION_NOT_EMPIRICAL
TOR-02,B5,1900,maia3-79m,6,b1c3,Nc3,0.023702919483184814,0.9930695565417409,0.6836991085027024,513,28,459,rnbqkb1r/ppp1ppp1/8/3p3p/3Pn2B/5N2/PPP1PPPP/RN1QKB1R w KQkq -,MODEL_PREDICTION_NOT_EMPIRICAL
TOR-02,B5,1900,maia3-79m,7,c2c4,c4,0.013824894092977047,0.9930695565417409,0.6836991085027024,492,24,484,rnbqkb1r/ppp1ppp1/8/3p3p/3Pn2B/5N2/PPP1PPPP/RN1QKB1R w KQkq -,MODEL_PREDICTION_NOT_EMPIRICAL
TOR-02,B5,1900,maia3-79m,8,f3g5,Ng5,0.012565495446324348,0.9930695565417409,0.6836991085027024,496,28,476,rnbqkb1r/ppp1ppp1/8/3p3p/3Pn2B/5N2/PPP1PPPP/RN1QKB1R w KQkq -,MODEL_PREDICTION_NOT_EMPIRICAL
TOR-02,B5,1900,maia3-79m,9,f3d2,Nfd2,0.011922463774681091,0.9930695565417409,0.6836991085027024,430,23,547,rnbqkb1r/ppp1ppp1/8/3p3p/3Pn2B/5N2/PPP1PPPP/RN1QKB1R w KQkq -,MODEL_PREDICTION_NOT_EMPIRICAL
TOR-02,B5,1900,maia3-79m,10,d1d3,Qd3,0.005491867661476135,0.9930695565417409,0.6836991085027024,460,22,518,rnbqkb1r/ppp1ppp1/8/3p3p/3Pn2B/5N2/PPP1PPPP/RN1QKB1R w KQkq -,MODEL_PREDICTION_NOT_EMPIRICAL
TOR-02,B5,2100,maia3-79m,1,b1d2,Nbd2,0.3498857617378235,0.993597072083503,0.6857972669352997,525,33,442,rnbqkb1r/ppp1ppp1/8/3p3p/3Pn2B/5N2/PPP1PPPP/RN1QKB1R w KQkq -,MODEL_PREDICTION_NOT_EMPIRICAL
TOR-02,B5,2100,maia3-79m,2,e2e3,e3,0.27516958117485046,0.993597072083503,0.6857972669352997,488,30,482,rnbqkb1r/ppp1ppp1/8/3p3p/3Pn2B/5N2/PPP1PPPP/RN1QKB1R w KQkq -,MODEL_PREDICTION_NOT_EMPIRICAL
TOR-02,B5,2100,maia3-79m,3,h2h3,h3,0.2329261749982834,0.993597072083503,0.6857972669352997,483,36,481,rnbqkb1r/ppp1ppp1/8/3p3p/3Pn2B/5N2/PPP1PPPP/RN1QKB1R w KQkq -,MODEL_PREDICTION_NOT_EMPIRICAL
TOR-02,B5,2100,maia3-79m,4,c2c3,c3,0.034104008227586746,0.993597072083503,0.6857972669352997,493,31,476,rnbqkb1r/ppp1ppp1/8/3p3p/3Pn2B/5N2/PPP1PPPP/RN1QKB1R w KQkq -,MODEL_PREDICTION_NOT_EMPIRICAL
TOR-02,B5,2100,maia3-79m,5,h4g3,Bg3,0.030978050082921982,0.993597072083503,0.6857972669352997,443,36,521,rnbqkb1r/ppp1ppp1/8/3p3p/3Pn2B/5N2/PPP1PPPP/RN1QKB1R w KQkq -,MODEL_PREDICTION_NOT_EMPIRICAL
TOR-02,B5,2100,maia3-79m,6,f3d2,Nfd2,0.019178584218025208,0.993597072083503,0.6857972669352997,435,29,536,rnbqkb1r/ppp1ppp1/8/3p3p/3Pn2B/5N2/PPP1PPPP/RN1QKB1R w KQkq -,MODEL_PREDICTION_NOT_EMPIRICAL
TOR-02,B5,2100,maia3-79m,7,b1c3,Nc3,0.016432592645287514,0.993597072083503,0.6857972669352997,508,34,458,rnbqkb1r/ppp1ppp1/8/3p3p/3Pn2B/5N2/PPP1PPPP/RN1QKB1R w KQkq -,MODEL_PREDICTION_NOT_EMPIRICAL
TOR-02,B5,2100,maia3-79m,8,c2c4,c4,0.016028741374611855,0.993597072083503,0.6857972669352997,501,29,470,rnbqkb1r/ppp1ppp1/8/3p3p/3Pn2B/5N2/PPP1PPPP/RN1QKB1R w KQkq -,MODEL_PREDICTION_NOT_EMPIRICAL
TOR-02,B5,2100,maia3-79m,9,f3g5,Ng5,0.01486450806260109,0.993597072083503,0.6857972669352997,499,37,464,rnbqkb1r/ppp1ppp1/8/3p3p/3Pn2B/5N2/PPP1PPPP/RN1QKB1R w KQkq -,MODEL_PREDICTION_NOT_EMPIRICAL
TOR-02,B5,2100,maia3-79m,10,f3e5,Ne5,0.004029069561511278,0.993597072083503,0.6857972669352997,360,23,617,rnbqkb1r/ppp1ppp1/8/3p3p/3Pn2B/5N2/PPP1PPPP/RN1QKB1R w KQkq -,MODEL_PREDICTION_NOT_EMPIRICAL
TOR-05,B5,1100,maia3-79m,1,d4c5,dxc5,0.32669609785079956,0.9647233532741666,0.7821566078922076,514,21,465,rnbqkb1r/pp2pppp/8/2pp2B1/3Pn2P/5N2/PPP1PPP1/RN1QKB1R w KQkq -,MODEL_PREDICTION_NOT_EMPIRICAL
TOR-05,B5,1100,maia3-79m,2,e2e3,e3,0.2146349549293518,0.9647233532741666,0.7821566078922076,537,20,443,rnbqkb1r/pp2pppp/8/2pp2B1/3Pn2P/5N2/PPP1PPP1/RN1QKB1R w KQkq -,MODEL_PREDICTION_NOT_EMPIRICAL
TOR-05,B5,1100,maia3-79m,3,c2c3,c3,0.12362225353717804,0.9647233532741666,0.7821566078922076,535,21,444,rnbqkb1r/pp2pppp/8/2pp2B1/3Pn2P/5N2/PPP1PPP1/RN1QKB1R w KQkq -,MODEL_PREDICTION_NOT_EMPIRICAL
TOR-05,B5,1100,maia3-79m,4,b1c3,Nc3,0.11208159476518631,0.9647233532741666,0.7821566078922076,540,22,438,rnbqkb1r/pp2pppp/8/2pp2B1/3Pn2P/5N2/PPP1PPP1/RN1QKB1R w KQkq -,MODEL_PREDICTION_NOT_EMPIRICAL
TOR-05,B5,1100,maia3-79m,5,b1d2,Nbd2,0.0754089429974556,0.9647233532741666,0.7821566078922076,540,21,439,rnbqkb1r/pp2pppp/8/2pp2B1/3Pn2P/5N2/PPP1PPP1/RN1QKB1R w KQkq -,MODEL_PREDICTION_NOT_EMPIRICAL
TOR-05,B5,1100,maia3-79m,6,f3e5,Ne5,0.049004532396793365,0.9647233532741666,0.7821566078922076,465,19,516,rnbqkb1r/pp2pppp/8/2pp2B1/3Pn2P/5N2/PPP1PPP1/RN1QKB1R w KQkq -,MODEL_PREDICTION_NOT_EMPIRICAL
TOR-05,B5,1100,maia3-79m,7,d1d3,Qd3,0.02497541718184948,0.9647233532741666,0.7821566078922076,486,19,495,rnbqkb1r/pp2pppp/8/2pp2B1/3Pn2P/5N2/PPP1PPP1/RN1QKB1R w KQkq -,MODEL_PREDICTION_NOT_EMPIRICAL
TOR-05,B5,1100,maia3-79m,8,c2c4,c4,0.015347572043538094,0.9647233532741666,0.7821566078922076,497,20,483,rnbqkb1r/pp2pppp/8/2pp2B1/3Pn2P/5N2/PPP1PPP1/RN1QKB1R w KQkq -,MODEL_PREDICTION_NOT_EMPIRICAL
TOR-05,B5,1100,maia3-79m,9,g2g3,g3,0.011961961165070534,0.9647233532741666,0.7821566078922076,475,21,504,rnbqkb1r/pp2pppp/8/2pp2B1/3Pn2P/5N2/PPP1PPP1/RN1QKB1R w KQkq -,MODEL_PREDICTION_NOT_EMPIRICAL
TOR-05,B5,1100,maia3-79m,10,g5e3,Be3,0.010990026406943798,0.9647233532741666,0.7821566078922076,499,21,480,rnbqkb1r/pp2pppp/8/2pp2B1/3Pn2P/5N2/PPP1PPP1/RN1QKB1R w KQkq -,MODEL_PREDICTION_NOT_EMPIRICAL
TOR-05,B5,1300,maia3-79m,1,d4c5,dxc5,0.2769968807697296,0.9701453736051917,0.7810088194209014,512,20,468,rnbqkb1r/pp2pppp/8/2pp2B1/3Pn2P/5N2/PPP1PPP1/RN1QKB1R w KQkq -,MODEL_PREDICTION_NOT_EMPIRICAL
TOR-05,B5,1300,maia3-79m,2,e2e3,e3,0.24955563247203827,0.9701453736051917,0.7810088194209014,525,19,456,rnbqkb1r/pp2pppp/8/2pp2B1/3Pn2P/5N2/PPP1PPP1/RN1QKB1R w KQkq -,MODEL_PREDICTION_NOT_EMPIRICAL
TOR-05,B5,1300,maia3-79m,3,c2c3,c3,0.13621443510055542,0.9701453736051917,0.7810088194209014,523,20,457,rnbqkb1r/pp2pppp/8/2pp2B1/3Pn2P/5N2/PPP1PPP1/RN1QKB1R w KQkq -,MODEL_PREDICTION_NOT_EMPIRICAL
TOR-05,B5,1300,maia3-79m,4,b1d2,Nbd2,0.12527401745319366,0.9701453736051917,0.7810088194209014,532,21,447,rnbqkb1r/pp2pppp/8/2pp2B1/3Pn2P/5N2/PPP1PPP1/RN1QKB1R w KQkq -,MODEL_PREDICTION_NOT_EMPIRICAL
TOR-05,B5,1300,maia3-79m,5,b1c3,Nc3,0.0991063341498375,0.9701453736051917,0.7810088194209014,532,21,447,rnbqkb1r/pp2pppp/8/2pp2B1/3Pn2P/5N2/PPP1PPP1/RN1QKB1R w KQkq -,MODEL_PREDICTION_NOT_EMPIRICAL
TOR-05,B5,1300,maia3-79m,6,f3e5,Ne5,0.026564285159111023,0.9701453736051917,0.7810088194209014,444,17,539,rnbqkb1r/pp2pppp/8/2pp2B1/3Pn2P/5N2/PPP1PPP1/RN1QKB1R w KQkq -,MODEL_PREDICTION_NOT_EMPIRICAL
TOR-05,B5,1300,maia3-79m,7,d1d3,Qd3,0.018832050263881683,0.9701453736051917,0.7810088194209014,482,19,499,rnbqkb1r/pp2pppp/8/2pp2B1/3Pn2P/5N2/PPP1PPP1/RN1QKB1R w KQkq -,MODEL_PREDICTION_NOT_EMPIRICAL
TOR-05,B5,1300,maia3-79m,8,c2c4,c4,0.015052011236548424,0.9701453736051917,0.7810088194209014,501,20,479,rnbqkb1r/pp2pppp/8/2pp2B1/3Pn2P/5N2/PPP1PPP1/RN1QKB1R w KQkq -,MODEL_PREDICTION_NOT_EMPIRICAL
TOR-05,B5,1300,maia3-79m,9,g5f4,Bf4,0.01153483521193266,0.9701453736051917,0.7810088194209014,489,20,491,rnbqkb1r/pp2pppp/8/2pp2B1/3Pn2P/5N2/PPP1PPP1/RN1QKB1R w KQkq -,MODEL_PREDICTION_NOT_EMPIRICAL
TOR-05,B5,1300,maia3-79m,10,g5e3,Be3,0.011014891788363457,0.9701453736051917,0.7810088194209014,489,20,491,rnbqkb1r/pp2pppp/8/2pp2B1/3Pn2P/5N2/PPP1PPP1/RN1QKB1R w KQkq -,MODEL_PREDICTION_NOT_EMPIRICAL
TOR-05,B5,1500,maia3-79m,1,e2e3,e3,0.27700331807136536,0.9786117784678936,0.7586111639167586,514,20,466,rnbqkb1r/pp2pppp/8/2pp2B1/3Pn2P/5N2/PPP1PPP1/RN1QKB1R w KQkq -,MODEL_PREDICTION_NOT_EMPIRICAL
TOR-05,B5,1500,maia3-79m,2,d4c5,dxc5,0.25604990124702454,0.9786117784678936,0.7586111639167586,509,22,469,rnbqkb1r/pp2pppp/8/2pp2B1/3Pn2P/5N2/PPP1PPP1/RN1QKB1R w KQkq -,MODEL_PREDICTION_NOT_EMPIRICAL
TOR-05,B5,1500,maia3-79m,3,c2c3,c3,0.15417055785655975,0.9786117784678936,0.7586111639167586,513,21,466,rnbqkb1r/pp2pppp/8/2pp2B1/3Pn2P/5N2/PPP1PPP1/RN1QKB1R w KQkq -,MODEL_PREDICTION_NOT_EMPIRICAL
TOR-05,B5,1500,maia3-79m,4,b1d2,Nbd2,0.15305690467357635,0.9786117784678936,0.7586111639167586,528,22,450,rnbqkb1r/pp2pppp/8/2pp2B1/3Pn2P/5N2/PPP1PPP1/RN1QKB1R w KQkq -,MODEL_PREDICTION_NOT_EMPIRICAL
TOR-05,B5,1500,maia3-79m,5,b1c3,Nc3,0.0769464299082756,0.9786117784678936,0.7586111639167586,531,22,447,rnbqkb1r/pp2pppp/8/2pp2B1/3Pn2P/5N2/PPP1PPP1/RN1QKB1R w KQkq -,MODEL_PREDICTION_NOT_EMPIRICAL
TOR-05,B5,1500,maia3-79m,6,d1d3,Qd3,0.013720604591071606,0.9786117784678936,0.7586111639167586,474,19,507,rnbqkb1r/pp2pppp/8/2pp2B1/3Pn2P/5N2/PPP1PPP1/RN1QKB1R w KQkq -,MODEL_PREDICTION_NOT_EMPIRICAL
TOR-05,B5,1500,maia3-79m,7,c2c4,c4,0.013586903922259808,0.9786117784678936,0.7586111639167586,508,20,472,rnbqkb1r/pp2pppp/8/2pp2B1/3Pn2P/5N2/PPP1PPP1/RN1QKB1R w KQkq -,MODEL_PREDICTION_NOT_EMPIRICAL
TOR-05,B5,1500,maia3-79m,8,g5f4,Bf4,0.012903213500976562,0.9786117784678936,0.7586111639167586,483,21,496,rnbqkb1r/pp2pppp/8/2pp2B1/3Pn2P/5N2/PPP1PPP1/RN1QKB1R w KQkq -,MODEL_PREDICTION_NOT_EMPIRICAL
TOR-05,B5,1500,maia3-79m,9,f3e5,Ne5,0.012127275578677654,0.9786117784678936,0.7586111639167586,428,18,554,rnbqkb1r/pp2pppp/8/2pp2B1/3Pn2P/5N2/PPP1PPP1/RN1QKB1R w KQkq -,MODEL_PREDICTION_NOT_EMPIRICAL
TOR-05,B5,1500,maia3-79m,10,g5e3,Be3,0.009046669118106365,0.9786117784678936,0.7586111639167586,484,21,495,rnbqkb1r/pp2pppp/8/2pp2B1/3Pn2P/5N2/PPP1PPP1/RN1QKB1R w KQkq -,MODEL_PREDICTION_NOT_EMPIRICAL
TOR-05,B5,1700,maia3-79m,1,e2e3,e3,0.313387006521225,0.9856419106945395,0.7233946595528705,499,23,478,rnbqkb1r/pp2pppp/8/2pp2B1/3Pn2P/5N2/PPP1PPP1/RN1QKB1R w KQkq -,MODEL_PREDICTION_NOT_EMPIRICAL
TOR-05,B5,1700,maia3-79m,2,d4c5,dxc5,0.24443641304969788,0.9856419106945395,0.7233946595528705,508,25,467,rnbqkb1r/pp2pppp/8/2pp2B1/3Pn2P/5N2/PPP1PPP1/RN1QKB1R w KQkq -,MODEL_PREDICTION_NOT_EMPIRICAL
TOR-05,B5,1700,maia3-79m,3,c2c3,c3,0.1857333779335022,0.9856419106945395,0.7233946595528705,503,24,473,rnbqkb1r/pp2pppp/8/2pp2B1/3Pn2P/5N2/PPP1PPP1/RN1QKB1R w KQkq -,MODEL_PREDICTION_NOT_EMPIRICAL
TOR-05,B5,1700,maia3-79m,4,b1d2,Nbd2,0.14226800203323364,0.9856419106945395,0.7233946595528705,523,25,452,rnbqkb1r/pp2pppp/8/2pp2B1/3Pn2P/5N2/PPP1PPP1/RN1QKB1R w KQkq -,MODEL_PREDICTION_NOT_EMPIRICAL
TOR-05,B5,1700,maia3-79m,5,b1c3,Nc3,0.05536918714642525,0.9856419106945395,0.7233946595528705,528,25,447,rnbqkb1r/pp2pppp/8/2pp2B1/3Pn2P/5N2/PPP1PPP1/RN1QKB1R w KQkq -,MODEL_PREDICTION_NOT_EMPIRICAL
TOR-05,B5,1700,maia3-79m,6,g5f4,Bf4,0.012314939871430397,0.9856419106945395,0.7233946595528705,477,24,499,rnbqkb1r/pp2pppp/8/2pp2B1/3Pn2P/5N2/PPP1PPP1/RN1QKB1R w KQkq -,MODEL_PREDICTION_NOT_EMPIRICAL
TOR-05,B5,1700,maia3-79m,7,c2c4,c4,0.01209292933344841,0.9856419106945395,0.7233946595528705,511,23,466,rnbqkb1r/pp2pppp/8/2pp2B1/3Pn2P/5N2/PPP1PPP1/RN1QKB1R w KQkq -,MODEL_PREDICTION_NOT_EMPIRICAL
TOR-05,B5,1700,maia3-79m,8,d1d3,Qd3,0.008438892662525177,0.9856419106945395,0.7233946595528705,459,22,519,rnbqkb1r/pp2pppp/8/2pp2B1/3Pn2P/5N2/PPP1PPP1/RN1QKB1R w KQkq -,MODEL_PREDICTION_NOT_EMPIRICAL
TOR-05,B5,1700,maia3-79m,9,g5e3,Be3,0.0069131432101130486,0.9856419106945395,0.7233946595528705,478,25,497,rnbqkb1r/pp2pppp/8/2pp2B1/3Pn2P/5N2/PPP1PPP1/RN1QKB1R w KQkq -,MODEL_PREDICTION_NOT_EMPIRICAL
TOR-05,B5,1700,maia3-79m,10,f3e5,Ne5,0.004688018932938576,0.9856419106945395,0.7233946595528705,416,20,564,rnbqkb1r/pp2pppp/8/2pp2B1/3Pn2P/5N2/PPP1PPP1/RN1QKB1R w KQkq -,MODEL_PREDICTION_NOT_EMPIRICAL
TOR-05,B5,1900,maia3-79m,1,e2e3,e3,0.3624348044395447,0.9919870877638459,0.6831549149547607,479,29,492,rnbqkb1r/pp2pppp/8/2pp2B1/3Pn2P/5N2/PPP1PPP1/RN1QKB1R w KQkq -,MODEL_PREDICTION_NOT_EMPIRICAL
TOR-05,B5,1900,maia3-79m,2,c2c3,c3,0.2283298671245575,0.9919870877638459,0.6831549149547607,486,30,484,rnbqkb1r/pp2pppp/8/2pp2B1/3Pn2P/5N2/PPP1PPP1/RN1QKB1R w KQkq -,MODEL_PREDICTION_NOT_EMPIRICAL
TOR-05,B5,1900,maia3-79m,3,d4c5,dxc5,0.2145901620388031,0.9919870877638459,0.6831549149547607,506,31,463,rnbqkb1r/pp2pppp/8/2pp2B1/3Pn2P/5N2/PPP1PPP1/RN1QKB1R w KQkq -,MODEL_PREDICTION_NOT_EMPIRICAL
TOR-05,B5,1900,maia3-79m,4,b1d2,Nbd2,0.11263720691204071,0.9919870877638459,0.6831549149547607,513,31,456,rnbqkb1r/pp2pppp/8/2pp2B1/3Pn2P/5N2/PPP1PPP1/RN1QKB1R w KQkq -,MODEL_PREDICTION_NOT_EMPIRICAL
TOR-05,B5,1900,maia3-79m,5,b1c3,Nc3,0.04122375324368477,0.9919870877638459,0.6831549149547607,521,30,449,rnbqkb1r/pp2pppp/8/2pp2B1/3Pn2P/5N2/PPP1PPP1/RN1QKB1R w KQkq -,MODEL_PREDICTION_NOT_EMPIRICAL
TOR-05,B5,1900,maia3-79m,6,c2c4,c4,0.010749797336757183,0.9919870877638459,0.6831549149547607,511,28,461,rnbqkb1r/pp2pppp/8/2pp2B1/3Pn2P/5N2/PPP1PPP1/RN1QKB1R w KQkq -,MODEL_PREDICTION_NOT_EMPIRICAL
TOR-05,B5,1900,maia3-79m,7,g5f4,Bf4,0.010587397962808609,0.9919870877638459,0.6831549149547607,467,31,502,rnbqkb1r/pp2pppp/8/2pp2B1/3Pn2P/5N2/PPP1PPP1/RN1QKB1R w KQkq -,MODEL_PREDICTION_NOT_EMPIRICAL
TOR-05,B5,1900,maia3-79m,8,g5e3,Be3,0.004986121319234371,0.9919870877638459,0.6831549149547607,467,30,503,rnbqkb1r/pp2pppp/8/2pp2B1/3Pn2P/5N2/PPP1PPP1/RN1QKB1R w KQkq -,MODEL_PREDICTION_NOT_EMPIRICAL
TOR-05,B5,1900,maia3-79m,9,d1d3,Qd3,0.0034812854137271643,0.9919870877638459,0.6831549149547607,434,26,540,rnbqkb1r/pp2pppp/8/2pp2B1/3Pn2P/5N2/PPP1PPP1/RN1QKB1R w KQkq -,MODEL_PREDICTION_NOT_EMPIRICAL
TOR-05,B5,1900,maia3-79m,10,h4h5,h5,0.0029666919726878405,0.9919870877638459,0.6831549149547607,434,27,539,rnbqkb1r/pp2pppp/8/2pp2B1/3Pn2P/5N2/PPP1PPP1/RN1QKB1R w KQkq -,MODEL_PREDICTION_NOT_EMPIRICAL
TOR-05,B5,2100,maia3-79m,1,e2e3,e3,0.4073493182659149,0.995958891522605,0.6459296300062748,454,38,508,rnbqkb1r/pp2pppp/8/2pp2B1/3Pn2P/5N2/PPP1PPP1/RN1QKB1R w KQkq -,MODEL_PREDICTION_NOT_EMPIRICAL
TOR-05,B5,2100,maia3-79m,2,c2c3,c3,0.26397594809532166,0.995958891522605,0.6459296300062748,459,41,500,rnbqkb1r/pp2pppp/8/2pp2B1/3Pn2P/5N2/PPP1PPP1/RN1QKB1R w KQkq -,MODEL_PREDICTION_NOT_EMPIRICAL
TOR-05,B5,2100,maia3-79m,3,d4c5,dxc5,0.16890689730644226,0.995958891522605,0.6459296300062748,505,41,454,rnbqkb1r/pp2pppp/8/2pp2B1/3Pn2P/5N2/PPP1PPP1/RN1QKB1R w KQkq -,MODEL_PREDICTION_NOT_EMPIRICAL
TOR-05,B5,2100,maia3-79m,4,b1d2,Nbd2,0.0938505008816719,0.995958891522605,0.6459296300062748,492,42,466,rnbqkb1r/pp2pppp/8/2pp2B1/3Pn2P/5N2/PPP1PPP1/RN1QKB1R w KQkq -,MODEL_PREDICTION_NOT_EMPIRICAL
TOR-05,B5,2100,maia3-79m,5,b1c3,Nc3,0.03694023936986923,0.995958891522605,0.6459296300062748,504,40,456,rnbqkb1r/pp2pppp/8/2pp2B1/3Pn2P/5N2/PPP1PPP1/RN1QKB1R w KQkq -,MODEL_PREDICTION_NOT_EMPIRICAL
TOR-05,B5,2100,maia3-79m,6,c2c4,c4,0.009657707996666431,0.995958891522605,0.6459296300062748,505,38,457,rnbqkb1r/pp2pppp/8/2pp2B1/3Pn2P/5N2/PPP1PPP1/RN1QKB1R w KQkq -,MODEL_PREDICTION_NOT_EMPIRICAL
TOR-05,B5,2100,maia3-79m,7,g5f4,Bf4,0.008553562685847282,0.995958891522605,0.6459296300062748,452,41,507,rnbqkb1r/pp2pppp/8/2pp2B1/3Pn2P/5N2/PPP1PPP1/RN1QKB1R w KQkq -,MODEL_PREDICTION_NOT_EMPIRICAL
TOR-05,B5,2100,maia3-79m,8,g5e3,Be3,0.0037489822134375572,0.995958891522605,0.6459296300062748,449,40,511,rnbqkb1r/pp2pppp/8/2pp2B1/3Pn2P/5N2/PPP1PPP1/RN1QKB1R w KQkq -,MODEL_PREDICTION_NOT_EMPIRICAL
TOR-05,B5,2100,maia3-79m,9,h4h5,h5,0.002095896750688553,0.995958891522605,0.6459296300062748,412,33,555,rnbqkb1r/pp2pppp/8/2pp2B1/3Pn2P/5N2/PPP1PPP1/RN1QKB1R w KQkq -,MODEL_PREDICTION_NOT_EMPIRICAL
TOR-05,B5,2100,maia3-79m,10,a2a3,a3,0.0008798379567451775,0.995958891522605,0.6459296300062748,445,38,517,rnbqkb1r/pp2pppp/8/2pp2B1/3Pn2P/5N2/PPP1PPP1/RN1QKB1R w KQkq -,MODEL_PREDICTION_NOT_EMPIRICAL
PST-01,B5,1100,maia3-79m,1,d4c5,dxc5,0.3391035497188568,0.9852988496422768,0.6839799640509124,524,23,453,rnbqkbnr/pp2ppp1/7p/2pp4/3P3B/8/PPP1PPPP/RN1QKBNR w KQkq -,MODEL_PREDICTION_NOT_EMPIRICAL
PST-01,B5,1100,maia3-79m,2,e2e3,e3,0.3156701624393463,0.9852988496422768,0.6839799640509124,543,22,435,rnbqkbnr/pp2ppp1/7p/2pp4/3P3B/8/PPP1PPPP/RN1QKBNR w KQkq -,MODEL_PREDICTION_NOT_EMPIRICAL
PST-01,B5,1100,maia3-79m,3,c2c3,c3,0.1347806304693222,0.9852988496422768,0.6839799640509124,526,24,450,rnbqkbnr/pp2ppp1/7p/2pp4/3P3B/8/PPP1PPPP/RN1QKBNR w KQkq -,MODEL_PREDICTION_NOT_EMPIRICAL
PST-01,B5,1100,maia3-79m,4,g1f3,Nf3,0.11378408968448639,0.9852988496422768,0.6839799640509124,539,22,439,rnbqkbnr/pp2ppp1/7p/2pp4/3P3B/8/PPP1PPPP/RN1QKBNR w KQkq -,MODEL_PREDICTION_NOT_EMPIRICAL
PST-01,B5,1100,maia3-79m,5,b1c3,Nc3,0.0352289043366909,0.9852988496422768,0.6839799640509124,528,22,450,rnbqkbnr/pp2ppp1/7p/2pp4/3P3B/8/PPP1PPPP/RN1QKBNR w KQkq -,MODEL_PREDICTION_NOT_EMPIRICAL
PST-01,B5,1100,maia3-79m,6,c2c4,c4,0.02116367593407631,0.9852988496422768,0.6839799640509124,491,24,485,rnbqkbnr/pp2ppp1/7p/2pp4/3P3B/8/PPP1PPPP/RN1QKBNR w KQkq -,MODEL_PREDICTION_NOT_EMPIRICAL
PST-01,B5,1100,maia3-79m,7,h2h3,h3,0.009074007160961628,0.9852988496422768,0.6839799640509124,490,23,487,rnbqkbnr/pp2ppp1/7p/2pp4/3P3B/8/PPP1PPPP/RN1QKBNR w KQkq -,MODEL_PREDICTION_NOT_EMPIRICAL
PST-01,B5,1100,maia3-79m,8,e2e4,e4,0.008355732075870037,0.9852988496422768,0.6839799640509124,493,21,486,rnbqkbnr/pp2ppp1/7p/2pp4/3P3B/8/PPP1PPPP/RN1QKBNR w KQkq -,MODEL_PREDICTION_NOT_EMPIRICAL
PST-01,B5,1100,maia3-79m,9,h4g3,Bg3,0.0047624241560697556,0.9852988496422768,0.6839799640509124,502,24,474,rnbqkbnr/pp2ppp1/7p/2pp4/3P3B/8/PPP1PPPP/RN1QKBNR w KQkq -,MODEL_PREDICTION_NOT_EMPIRICAL
PST-01,B5,1100,maia3-79m,10,d1d3,Qd3,0.0033756736665964127,0.9852988496422768,0.6839799640509124,467,20,513,rnbqkbnr/pp2ppp1/7p/2pp4/3P3B/8/PPP1PPPP/RN1QKBNR w KQkq -,MODEL_PREDICTION_NOT_EMPIRICAL
PST-01,B5,1300,maia3-79m,1,e2e3,e3,0.337978333234787,0.9910857488866895,0.6862510230680356,547,22,431,rnbqkbnr/pp2ppp1/7p/2pp4/3P3B/8/PPP1PPPP/RN1QKBNR w KQkq -,MODEL_PREDICTION_NOT_EMPIRICAL
PST-01,B5,1300,maia3-79m,2,d4c5,dxc5,0.27837634086608887,0.9910857488866895,0.6862510230680356,521,23,456,rnbqkbnr/pp2ppp1/7p/2pp4/3P3B/8/PPP1PPPP/RN1QKBNR w KQkq -,MODEL_PREDICTION_NOT_EMPIRICAL
PST-01,B5,1300,maia3-79m,3,c2c3,c3,0.1987190544605255,0.9910857488866895,0.6862510230680356,523,23,454,rnbqkbnr/pp2ppp1/7p/2pp4/3P3B/8/PPP1PPPP/RN1QKBNR w KQkq -,MODEL_PREDICTION_NOT_EMPIRICAL
PST-01,B5,1300,maia3-79m,4,g1f3,Nf3,0.10102777928113937,0.9910857488866895,0.6862510230680356,542,22,436,rnbqkbnr/pp2ppp1/7p/2pp4/3P3B/8/PPP1PPPP/RN1QKBNR w KQkq -,MODEL_PREDICTION_NOT_EMPIRICAL
PST-01,B5,1300,maia3-79m,5,b1c3,Nc3,0.027300909161567688,0.9910857488866895,0.6862510230680356,527,22,451,rnbqkbnr/pp2ppp1/7p/2pp4/3P3B/8/PPP1PPPP/RN1QKBNR w KQkq -,MODEL_PREDICTION_NOT_EMPIRICAL
PST-01,B5,1300,maia3-79m,6,c2c4,c4,0.025011757388710976,0.9910857488866895,0.6862510230680356,496,22,482,rnbqkbnr/pp2ppp1/7p/2pp4/3P3B/8/PPP1PPPP/RN1QKBNR w KQkq -,MODEL_PREDICTION_NOT_EMPIRICAL
PST-01,B5,1300,maia3-79m,7,h2h3,h3,0.010037927888333797,0.9910857488866895,0.6862510230680356,491,22,487,rnbqkbnr/pp2ppp1/7p/2pp4/3P3B/8/PPP1PPPP/RN1QKBNR w KQkq -,MODEL_PREDICTION_NOT_EMPIRICAL
PST-01,B5,1300,maia3-79m,8,e2e4,e4,0.006481517106294632,0.9910857488866895,0.6862510230680356,501,20,479,rnbqkbnr/pp2ppp1/7p/2pp4/3P3B/8/PPP1PPPP/RN1QKBNR w KQkq -,MODEL_PREDICTION_NOT_EMPIRICAL
PST-01,B5,1300,maia3-79m,9,h4g3,Bg3,0.0037470166571438313,0.9910857488866895,0.6862510230680356,509,23,468,rnbqkbnr/pp2ppp1/7p/2pp4/3P3B/8/PPP1PPPP/RN1QKBNR w KQkq -,MODEL_PREDICTION_NOT_EMPIRICAL
PST-01,B5,1300,maia3-79m,10,a2a3,a3,0.0024051128420978785,0.9910857488866895,0.6862510230680356,502,21,477,rnbqkbnr/pp2ppp1/7p/2pp4/3P3B/8/PPP1PPPP/RN1QKBNR w KQkq -,MODEL_PREDICTION_NOT_EMPIRICAL
PST-01,B5,1500,maia3-79m,1,e2e3,e3,0.34659746289253235,0.9936446384526789,0.6720791901744686,548,24,428,rnbqkbnr/pp2ppp1/7p/2pp4/3P3B/8/PPP1PPPP/RN1QKBNR w KQkq -,MODEL_PREDICTION_NOT_EMPIRICAL
PST-01,B5,1500,maia3-79m,2,d4c5,dxc5,0.2561388313770294,0.9936446384526789,0.6720791901744686,521,24,455,rnbqkbnr/pp2ppp1/7p/2pp4/3P3B/8/PPP1PPPP/RN1QKBNR w KQkq -,MODEL_PREDICTION_NOT_EMPIRICAL
PST-01,B5,1500,maia3-79m,3,c2c3,c3,0.2386593073606491,0.9936446384526789,0.6720791901744686,527,25,448,rnbqkbnr/pp2ppp1/7p/2pp4/3P3B/8/PPP1PPPP/RN1QKBNR w KQkq -,MODEL_PREDICTION_NOT_EMPIRICAL
PST-01,B5,1500,maia3-79m,4,g1f3,Nf3,0.08607719093561172,0.9936446384526789,0.6720791901744686,543,23,434,rnbqkbnr/pp2ppp1/7p/2pp4/3P3B/8/PPP1PPPP/RN1QKBNR w KQkq -,MODEL_PREDICTION_NOT_EMPIRICAL
PST-01,B5,1500,maia3-79m,5,c2c4,c4,0.023281915113329887,0.9936446384526789,0.6720791901744686,506,23,471,rnbqkbnr/pp2ppp1/7p/2pp4/3P3B/8/PPP1PPPP/RN1QKBNR w KQkq -,MODEL_PREDICTION_NOT_EMPIRICAL
PST-01,B5,1500,maia3-79m,6,b1c3,Nc3,0.02255648374557495,0.9936446384526789,0.6720791901744686,529,22,449,rnbqkbnr/pp2ppp1/7p/2pp4/3P3B/8/PPP1PPPP/RN1QKBNR w KQkq -,MODEL_PREDICTION_NOT_EMPIRICAL
PST-01,B5,1500,maia3-79m,7,h2h3,h3,0.008386870846152306,0.9936446384526789,0.6720791901744686,494,23,483,rnbqkbnr/pp2ppp1/7p/2pp4/3P3B/8/PPP1PPPP/RN1QKBNR w KQkq -,MODEL_PREDICTION_NOT_EMPIRICAL
PST-01,B5,1500,maia3-79m,8,e2e4,e4,0.006137100979685783,0.9936446384526789,0.6720791901744686,513,21,466,rnbqkbnr/pp2ppp1/7p/2pp4/3P3B/8/PPP1PPPP/RN1QKBNR w KQkq -,MODEL_PREDICTION_NOT_EMPIRICAL
PST-01,B5,1500,maia3-79m,9,h4g3,Bg3,0.0029756149742752314,0.9936446384526789,0.6720791901744686,514,24,462,rnbqkbnr/pp2ppp1/7p/2pp4/3P3B/8/PPP1PPPP/RN1QKBNR w KQkq -,MODEL_PREDICTION_NOT_EMPIRICAL
PST-01,B5,1500,maia3-79m,10,a2a3,a3,0.0028338602278381586,0.9936446384526789,0.6720791901744686,504,22,474,rnbqkbnr/pp2ppp1/7p/2pp4/3P3B/8/PPP1PPPP/RN1QKBNR w KQkq -,MODEL_PREDICTION_NOT_EMPIRICAL
PST-01,B5,1700,maia3-79m,1,e2e3,e3,0.3609778881072998,0.9944462538696826,0.6497030800506293,551,26,423,rnbqkbnr/pp2ppp1/7p/2pp4/3P3B/8/PPP1PPPP/RN1QKBNR w KQkq -,MODEL_PREDICTION_NOT_EMPIRICAL
PST-01,B5,1700,maia3-79m,2,c2c3,c3,0.2615989148616791,0.9944462538696826,0.6497030800506293,536,28,436,rnbqkbnr/pp2ppp1/7p/2pp4/3P3B/8/PPP1PPPP/RN1QKBNR w KQkq -,MODEL_PREDICTION_NOT_EMPIRICAL
PST-01,B5,1700,maia3-79m,3,d4c5,dxc5,0.24338626861572266,0.9944462538696826,0.6497030800506293,519,27,454,rnbqkbnr/pp2ppp1/7p/2pp4/3P3B/8/PPP1PPPP/RN1QKBNR w KQkq -,MODEL_PREDICTION_NOT_EMPIRICAL
PST-01,B5,1700,maia3-79m,4,g1f3,Nf3,0.07373600453138351,0.9944462538696826,0.6497030800506293,543,26,431,rnbqkbnr/pp2ppp1/7p/2pp4/3P3B/8/PPP1PPPP/RN1QKBNR w KQkq -,MODEL_PREDICTION_NOT_EMPIRICAL
PST-01,B5,1700,maia3-79m,5,b1c3,Nc3,0.020396776497364044,0.9944462538696826,0.6497030800506293,535,24,441,rnbqkbnr/pp2ppp1/7p/2pp4/3P3B/8/PPP1PPPP/RN1QKBNR w KQkq -,MODEL_PREDICTION_NOT_EMPIRICAL
PST-01,B5,1700,maia3-79m,6,c2c4,c4,0.017026355490088463,0.9944462538696826,0.6497030800506293,517,26,457,rnbqkbnr/pp2ppp1/7p/2pp4/3P3B/8/PPP1PPPP/RN1QKBNR w KQkq -,MODEL_PREDICTION_NOT_EMPIRICAL
PST-01,B5,1700,maia3-79m,7,e2e4,e4,0.007061304524540901,0.9944462538696826,0.6497030800506293,523,23,454,rnbqkbnr/pp2ppp1/7p/2pp4/3P3B/8/PPP1PPPP/RN1QKBNR w KQkq -,MODEL_PREDICTION_NOT_EMPIRICAL
PST-01,B5,1700,maia3-79m,8,h2h3,h3,0.005356773268431425,0.9944462538696826,0.6497030800506293,500,26,474,rnbqkbnr/pp2ppp1/7p/2pp4/3P3B/8/PPP1PPPP/RN1QKBNR w KQkq -,MODEL_PREDICTION_NOT_EMPIRICAL
PST-01,B5,1700,maia3-79m,9,a2a3,a3,0.0025236946530640125,0.9944462538696826,0.6497030800506293,510,25,465,rnbqkbnr/pp2ppp1/7p/2pp4/3P3B/8/PPP1PPPP/RN1QKBNR w KQkq -,MODEL_PREDICTION_NOT_EMPIRICAL
PST-01,B5,1700,maia3-79m,10,h4g3,Bg3,0.002382273320108652,0.9944462538696826,0.6497030800506293,519,27,454,rnbqkbnr/pp2ppp1/7p/2pp4/3P3B/8/PPP1PPPP/RN1QKBNR w KQkq -,MODEL_PREDICTION_NOT_EMPIRICAL
PST-01,B5,1900,maia3-79m,1,e2e3,e3,0.37346163392066956,0.9955874338047579,0.6317874422350332,546,31,423,rnbqkbnr/pp2ppp1/7p/2pp4/3P3B/8/PPP1PPPP/RN1QKBNR w KQkq -,MODEL_PREDICTION_NOT_EMPIRICAL
PST-01,B5,1900,maia3-79m,2,c2c3,c3,0.2664980888366699,0.9955874338047579,0.6317874422350332,534,33,433,rnbqkbnr/pp2ppp1/7p/2pp4/3P3B/8/PPP1PPPP/RN1QKBNR w KQkq -,MODEL_PREDICTION_NOT_EMPIRICAL
PST-01,B5,1900,maia3-79m,3,d4c5,dxc5,0.24464105069637299,0.9955874338047579,0.6317874422350332,517,31,452,rnbqkbnr/pp2ppp1/7p/2pp4/3P3B/8/PPP1PPPP/RN1QKBNR w KQkq -,MODEL_PREDICTION_NOT_EMPIRICAL
PST-01,B5,1900,maia3-79m,4,g1f3,Nf3,0.060910724103450775,0.9955874338047579,0.6317874422350332,538,31,431,rnbqkbnr/pp2ppp1/7p/2pp4/3P3B/8/PPP1PPPP/RN1QKBNR w KQkq -,MODEL_PREDICTION_NOT_EMPIRICAL
PST-01,B5,1900,maia3-79m,5,b1c3,Nc3,0.02350710518658161,0.9955874338047579,0.6317874422350332,540,28,432,rnbqkbnr/pp2ppp1/7p/2pp4/3P3B/8/PPP1PPPP/RN1QKBNR w KQkq -,MODEL_PREDICTION_NOT_EMPIRICAL
PST-01,B5,1900,maia3-79m,6,c2c4,c4,0.010915318503975868,0.9955874338047579,0.6317874422350332,528,30,442,rnbqkbnr/pp2ppp1/7p/2pp4/3P3B/8/PPP1PPPP/RN1QKBNR w KQkq -,MODEL_PREDICTION_NOT_EMPIRICAL
PST-01,B5,1900,maia3-79m,7,e2e4,e4,0.00959863979369402,0.9955874338047579,0.6317874422350332,528,26,446,rnbqkbnr/pp2ppp1/7p/2pp4/3P3B/8/PPP1PPPP/RN1QKBNR w KQkq -,MODEL_PREDICTION_NOT_EMPIRICAL
PST-01,B5,1900,maia3-79m,8,f2f3,f3,0.0023419649805873632,0.9955874338047579,0.6317874422350332,506,29,465,rnbqkbnr/pp2ppp1/7p/2pp4/3P3B/8/PPP1PPPP/RN1QKBNR w KQkq -,MODEL_PREDICTION_NOT_EMPIRICAL
PST-01,B5,1900,maia3-79m,9,h2h3,h3,0.0019709663465619087,0.9955874338047579,0.6317874422350332,496,30,474,rnbqkbnr/pp2ppp1/7p/2pp4/3P3B/8/PPP1PPPP/RN1QKBNR w KQkq -,MODEL_PREDICTION_NOT_EMPIRICAL
PST-01,B5,1900,maia3-79m,10,b1d2,Nd2,0.0017419414361938834,0.9955874338047579,0.6317874422350332,505,29,466,rnbqkbnr/pp2ppp1/7p/2pp4/3P3B/8/PPP1PPPP/RN1QKBNR w KQkq -,MODEL_PREDICTION_NOT_EMPIRICAL
PST-01,B5,2100,maia3-79m,1,d4c5,dxc5,0.35639116168022156,0.9979244662681594,0.6234483177258142,513,39,448,rnbqkbnr/pp2ppp1/7p/2pp4/3P3B/8/PPP1PPPP/RN1QKBNR w KQkq -,MODEL_PREDICTION_NOT_EMPIRICAL
PST-01,B5,2100,maia3-79m,2,e2e3,e3,0.35149815678596497,0.9979244662681594,0.6234483177258142,523,40,437,rnbqkbnr/pp2ppp1/7p/2pp4/3P3B/8/PPP1PPPP/RN1QKBNR w KQkq -,MODEL_PREDICTION_NOT_EMPIRICAL
PST-01,B5,2100,maia3-79m,3,c2c3,c3,0.1830395609140396,0.9979244662681594,0.6234483177258142,516,42,442,rnbqkbnr/pp2ppp1/7p/2pp4/3P3B/8/PPP1PPPP/RN1QKBNR w KQkq -,MODEL_PREDICTION_NOT_EMPIRICAL
PST-01,B5,2100,maia3-79m,4,g1f3,Nf3,0.04113152250647545,0.9979244662681594,0.6234483177258142,520,40,440,rnbqkbnr/pp2ppp1/7p/2pp4/3P3B/8/PPP1PPPP/RN1QKBNR w KQkq -,MODEL_PREDICTION_NOT_EMPIRICAL
PST-01,B5,2100,maia3-79m,5,b1c3,Nc3,0.03497544676065445,0.9979244662681594,0.6234483177258142,540,35,425,rnbqkbnr/pp2ppp1/7p/2pp4/3P3B/8/PPP1PPPP/RN1QKBNR w KQkq -,MODEL_PREDICTION_NOT_EMPIRICAL
PST-01,B5,2100,maia3-79m,6,e2e4,e4,0.01816735975444317,0.9979244662681594,0.6234483177258142,523,33,444,rnbqkbnr/pp2ppp1/7p/2pp4/3P3B/8/PPP1PPPP/RN1QKBNR w KQkq -,MODEL_PREDICTION_NOT_EMPIRICAL
PST-01,B5,2100,maia3-79m,7,c2c4,c4,0.008313293568789959,0.9979244662681594,0.6234483177258142,525,38,437,rnbqkbnr/pp2ppp1/7p/2pp4/3P3B/8/PPP1PPPP/RN1QKBNR w KQkq -,MODEL_PREDICTION_NOT_EMPIRICAL
PST-01,B5,2100,maia3-79m,8,b1d2,Nd2,0.0020440719090402126,0.9979244662681594,0.6234483177258142,494,37,469,rnbqkbnr/pp2ppp1/7p/2pp4/3P3B/8/PPP1PPPP/RN1QKBNR w KQkq -,MODEL_PREDICTION_NOT_EMPIRICAL
PST-01,B5,2100,maia3-79m,9,f2f3,f3,0.0016961211804300547,0.9979244662681594,0.6234483177258142,486,37,477,rnbqkbnr/pp2ppp1/7p/2pp4/3P3B/8/PPP1PPPP/RN1QKBNR w KQkq -,MODEL_PREDICTION_NOT_EMPIRICAL
PST-01,B5,2100,maia3-79m,10,h4g3,Bg3,0.0006677712081000209,0.9979244662681594,0.6234483177258142,512,41,447,rnbqkbnr/pp2ppp1/7p/2pp4/3P3B/8/PPP1PPPP/RN1QKBNR w KQkq -,MODEL_PREDICTION_NOT_EMPIRICAL
ORD-09,B6,1100,maia3-79m,1,e2e3,e3,0.3005922734737396,0.8724059201776981,0.8059708361250384,361,25,614,r1bqkb1r/pp1npppp/5n2/3p4/3N1B1P/8/PPP1PPP1/RN1QKB1R w KQkq -,MODEL_PREDICTION_NOT_EMPIRICAL
ORD-09,B6,1100,maia3-79m,2,d4b5,Nb5,0.1136733889579773,0.8724059201776981,0.8059708361250384,490,20,490,r1bqkb1r/pp1npppp/5n2/3p4/3N1B1P/8/PPP1PPP1/RN1QKB1R w KQkq -,MODEL_PREDICTION_NOT_EMPIRICAL
ORD-09,B6,1100,maia3-79m,3,b1c3,Nc3,0.1116117537021637,0.8724059201776981,0.8059708361250384,333,24,643,r1bqkb1r/pp1npppp/5n2/3p4/3N1B1P/8/PPP1PPP1/RN1QKB1R w KQkq -,MODEL_PREDICTION_NOT_EMPIRICAL
ORD-09,B6,1100,maia3-79m,4,d4f3,Nf3,0.10464376211166382,0.8724059201776981,0.8059708361250384,485,25,490,r1bqkb1r/pp1npppp/5n2/3p4/3N1B1P/8/PPP1PPP1/RN1QKB1R w KQkq -,MODEL_PREDICTION_NOT_EMPIRICAL
ORD-09,B6,1100,maia3-79m,5,f4h2,Bh2,0.06444394588470459,0.8724059201776981,0.8059708361250384,416,23,561,r1bqkb1r/pp1npppp/5n2/3p4/3N1B1P/8/PPP1PPP1/RN1QKB1R w KQkq -,MODEL_PREDICTION_NOT_EMPIRICAL
ORD-09,B6,1100,maia3-79m,6,h4h5,h5,0.04448458552360535,0.8724059201776981,0.8059708361250384,359,24,617,r1bqkb1r/pp1npppp/5n2/3p4/3N1B1P/8/PPP1PPP1/RN1QKB1R w KQkq -,MODEL_PREDICTION_NOT_EMPIRICAL
ORD-09,B6,1100,maia3-79m,7,c2c3,c3,0.04140546917915344,0.8724059201776981,0.8059708361250384,330,26,644,r1bqkb1r/pp1npppp/5n2/3p4/3N1B1P/8/PPP1PPP1/RN1QKB1R w KQkq -,MODEL_PREDICTION_NOT_EMPIRICAL
ORD-09,B6,1100,maia3-79m,8,g2g3,g3,0.0317087322473526,0.8724059201776981,0.8059708361250384,311,25,664,r1bqkb1r/pp1npppp/5n2/3p4/3N1B1P/8/PPP1PPP1/RN1QKB1R w KQkq -,MODEL_PREDICTION_NOT_EMPIRICAL
ORD-09,B6,1100,maia3-79m,9,f2f3,f3,0.031143328174948692,0.8724059201776981,0.8059708361250384,306,26,668,r1bqkb1r/pp1npppp/5n2/3p4/3N1B1P/8/PPP1PPP1/RN1QKB1R w KQkq -,MODEL_PREDICTION_NOT_EMPIRICAL
ORD-09,B6,1100,maia3-79m,10,f4g5,Bg5,0.02869868092238903,0.8724059201776981,0.8059708361250384,428,25,547,r1bqkb1r/pp1npppp/5n2/3p4/3N1B1P/8/PPP1PPP1/RN1QKB1R w KQkq -,MODEL_PREDICTION_NOT_EMPIRICAL
ORD-09,B6,1300,maia3-79m,1,e2e3,e3,0.2857774496078491,0.8916039168834686,0.8131756613992034,351,24,625,r1bqkb1r/pp1npppp/5n2/3p4/3N1B1P/8/PPP1PPP1/RN1QKB1R w KQkq -,MODEL_PREDICTION_NOT_EMPIRICAL
ORD-09,B6,1300,maia3-79m,2,d4f3,Nf3,0.15588805079460144,0.8916039168834686,0.8131756613992034,487,23,490,r1bqkb1r/pp1npppp/5n2/3p4/3N1B1P/8/PPP1PPP1/RN1QKB1R w KQkq -,MODEL_PREDICTION_NOT_EMPIRICAL
ORD-09,B6,1300,maia3-79m,3,d4b5,Nb5,0.11198379844427109,0.8916039168834686,0.8131756613992034,448,18,534,r1bqkb1r/pp1npppp/5n2/3p4/3N1B1P/8/PPP1PPP1/RN1QKB1R w KQkq -,MODEL_PREDICTION_NOT_EMPIRICAL
ORD-09,B6,1300,maia3-79m,4,b1c3,Nc3,0.10063141584396362,0.8916039168834686,0.8131756613992034,313,24,663,r1bqkb1r/pp1npppp/5n2/3p4/3N1B1P/8/PPP1PPP1/RN1QKB1R w KQkq -,MODEL_PREDICTION_NOT_EMPIRICAL
ORD-09,B6,1300,maia3-79m,5,f4h2,Bh2,0.07087370753288269,0.8916039168834686,0.8131756613992034,404,21,575,r1bqkb1r/pp1npppp/5n2/3p4/3N1B1P/8/PPP1PPP1/RN1QKB1R w KQkq -,MODEL_PREDICTION_NOT_EMPIRICAL
ORD-09,B6,1300,maia3-79m,6,h4h5,h5,0.04080996289849281,0.8916039168834686,0.8131756613992034,333,23,644,r1bqkb1r/pp1npppp/5n2/3p4/3N1B1P/8/PPP1PPP1/RN1QKB1R w KQkq -,MODEL_PREDICTION_NOT_EMPIRICAL
ORD-09,B6,1300,maia3-79m,7,c2c3,c3,0.03992943465709686,0.8916039168834686,0.8131756613992034,312,25,663,r1bqkb1r/pp1npppp/5n2/3p4/3N1B1P/8/PPP1PPP1/RN1QKB1R w KQkq -,MODEL_PREDICTION_NOT_EMPIRICAL
ORD-09,B6,1300,maia3-79m,8,f4g3,Bg3,0.0370967797935009,0.8916039168834686,0.8131756613992034,403,21,576,r1bqkb1r/pp1npppp/5n2/3p4/3N1B1P/8/PPP1PPP1/RN1QKB1R w KQkq -,MODEL_PREDICTION_NOT_EMPIRICAL
ORD-09,B6,1300,maia3-79m,9,f4g5,Bg5,0.029619714245200157,0.8916039168834686,0.8131756613992034,416,23,561,r1bqkb1r/pp1npppp/5n2/3p4/3N1B1P/8/PPP1PPP1/RN1QKB1R w KQkq -,MODEL_PREDICTION_NOT_EMPIRICAL
ORD-09,B6,1300,maia3-79m,10,f2f3,f3,0.018993603065609932,0.8916039168834686,0.8131756613992034,282,25,693,r1bqkb1r/pp1npppp/5n2/3p4/3N1B1P/8/PPP1PPP1/RN1QKB1R w KQkq -,MODEL_PREDICTION_NOT_EMPIRICAL
ORD-09,B6,1500,maia3-79m,1,e2e3,e3,0.27595949172973633,0.9090324770659208,0.8199656461344119,337,24,639,r1bqkb1r/pp1npppp/5n2/3p4/3N1B1P/8/PPP1PPP1/RN1QKB1R w KQkq -,MODEL_PREDICTION_NOT_EMPIRICAL
ORD-09,B6,1500,maia3-79m,2,d4f3,Nf3,0.19745345413684845,0.9090324770659208,0.8199656461344119,489,23,488,r1bqkb1r/pp1npppp/5n2/3p4/3N1B1P/8/PPP1PPP1/RN1QKB1R w KQkq -,MODEL_PREDICTION_NOT_EMPIRICAL
ORD-09,B6,1500,maia3-79m,3,d4b5,Nb5,0.10457353293895721,0.9090324770659208,0.8199656461344119,418,18,564,r1bqkb1r/pp1npppp/5n2/3p4/3N1B1P/8/PPP1PPP1/RN1QKB1R w KQkq -,MODEL_PREDICTION_NOT_EMPIRICAL
ORD-09,B6,1500,maia3-79m,4,b1c3,Nc3,0.08843593299388885,0.9090324770659208,0.8199656461344119,298,23,679,r1bqkb1r/pp1npppp/5n2/3p4/3N1B1P/8/PPP1PPP1/RN1QKB1R w KQkq -,MODEL_PREDICTION_NOT_EMPIRICAL
ORD-09,B6,1500,maia3-79m,5,f4h2,Bh2,0.069234199821949,0.9090324770659208,0.8199656461344119,403,21,576,r1bqkb1r/pp1npppp/5n2/3p4/3N1B1P/8/PPP1PPP1/RN1QKB1R w KQkq -,MODEL_PREDICTION_NOT_EMPIRICAL
ORD-09,B6,1500,maia3-79m,6,f4g3,Bg3,0.04551102593541145,0.9090324770659208,0.8199656461344119,402,21,577,r1bqkb1r/pp1npppp/5n2/3p4/3N1B1P/8/PPP1PPP1/RN1QKB1R w KQkq -,MODEL_PREDICTION_NOT_EMPIRICAL
ORD-09,B6,1500,maia3-79m,7,c2c3,c3,0.038784828037023544,0.9090324770659208,0.8199656461344119,294,25,681,r1bqkb1r/pp1npppp/5n2/3p4/3N1B1P/8/PPP1PPP1/RN1QKB1R w KQkq -,MODEL_PREDICTION_NOT_EMPIRICAL
ORD-09,B6,1500,maia3-79m,8,h4h5,h5,0.037968412041664124,0.9090324770659208,0.8199656461344119,308,23,669,r1bqkb1r/pp1npppp/5n2/3p4/3N1B1P/8/PPP1PPP1/RN1QKB1R w KQkq -,MODEL_PREDICTION_NOT_EMPIRICAL
ORD-09,B6,1500,maia3-79m,9,f4g5,Bg5,0.031377293169498444,0.9090324770659208,0.8199656461344119,408,23,569,r1bqkb1r/pp1npppp/5n2/3p4/3N1B1P/8/PPP1PPP1/RN1QKB1R w KQkq -,MODEL_PREDICTION_NOT_EMPIRICAL
ORD-09,B6,1500,maia3-79m,10,d4b3,Nb3,0.019734306260943413,0.9090324770659208,0.8199656461344119,381,20,599,r1bqkb1r/pp1npppp/5n2/3p4/3N1B1P/8/PPP1PPP1/RN1QKB1R w KQkq -,MODEL_PREDICTION_NOT_EMPIRICAL
ORD-09,B6,1700,maia3-79m,1,e2e3,e3,0.2565489113330841,0.9252385310828686,0.8270211565337464,319,25,656,r1bqkb1r/pp1npppp/5n2/3p4/3N1B1P/8/PPP1PPP1/RN1QKB1R w KQkq -,MODEL_PREDICTION_NOT_EMPIRICAL
ORD-09,B6,1700,maia3-79m,2,d4f3,Nf3,0.24495622515678406,0.9252385310828686,0.8270211565337464,487,25,488,r1bqkb1r/pp1npppp/5n2/3p4/3N1B1P/8/PPP1PPP1/RN1QKB1R w KQkq -,MODEL_PREDICTION_NOT_EMPIRICAL
ORD-09,B6,1700,maia3-79m,3,d4b5,Nb5,0.09590592980384827,0.9252385310828686,0.8270211565337464,396,18,586,r1bqkb1r/pp1npppp/5n2/3p4/3N1B1P/8/PPP1PPP1/RN1QKB1R w KQkq -,MODEL_PREDICTION_NOT_EMPIRICAL
ORD-09,B6,1700,maia3-79m,4,b1c3,Nc3,0.07240767776966095,0.9252385310828686,0.8270211565337464,295,23,682,r1bqkb1r/pp1npppp/5n2/3p4/3N1B1P/8/PPP1PPP1/RN1QKB1R w KQkq -,MODEL_PREDICTION_NOT_EMPIRICAL
ORD-09,B6,1700,maia3-79m,5,f4h2,Bh2,0.06280900537967682,0.9252385310828686,0.8270211565337464,401,23,576,r1bqkb1r/pp1npppp/5n2/3p4/3N1B1P/8/PPP1PPP1/RN1QKB1R w KQkq -,MODEL_PREDICTION_NOT_EMPIRICAL
ORD-09,B6,1700,maia3-79m,6,f4g3,Bg3,0.05520644411444664,0.9252385310828686,0.8270211565337464,399,23,578,r1bqkb1r/pp1npppp/5n2/3p4/3N1B1P/8/PPP1PPP1/RN1QKB1R w KQkq -,MODEL_PREDICTION_NOT_EMPIRICAL
ORD-09,B6,1700,maia3-79m,7,c2c3,c3,0.038929734379053116,0.9252385310828686,0.8270211565337464,279,24,697,r1bqkb1r/pp1npppp/5n2/3p4/3N1B1P/8/PPP1PPP1/RN1QKB1R w KQkq -,MODEL_PREDICTION_NOT_EMPIRICAL
ORD-09,B6,1700,maia3-79m,8,h4h5,h5,0.03741423413157463,0.9252385310828686,0.8270211565337464,284,23,693,r1bqkb1r/pp1npppp/5n2/3p4/3N1B1P/8/PPP1PPP1/RN1QKB1R w KQkq -,MODEL_PREDICTION_NOT_EMPIRICAL
ORD-09,B6,1700,maia3-79m,9,f4g5,Bg5,0.033737242221832275,0.9252385310828686,0.8270211565337464,400,24,576,r1bqkb1r/pp1npppp/5n2/3p4/3N1B1P/8/PPP1PPP1/RN1QKB1R w KQkq -,MODEL_PREDICTION_NOT_EMPIRICAL
ORD-09,B6,1700,maia3-79m,10,d4b3,Nb3,0.027323126792907715,0.9252385310828686,0.8270211565337464,367,21,612,r1bqkb1r/pp1npppp/5n2/3p4/3N1B1P/8/PPP1PPP1/RN1QKB1R w KQkq -,MODEL_PREDICTION_NOT_EMPIRICAL
ORD-09,B6,1900,maia3-79m,1,d4f3,Nf3,0.301505446434021,0.9409899413585663,0.8285408548564072,477,28,495,r1bqkb1r/pp1npppp/5n2/3p4/3N1B1P/8/PPP1PPP1/RN1QKB1R w KQkq -,MODEL_PREDICTION_NOT_EMPIRICAL
ORD-09,B6,1900,maia3-79m,2,e2e3,e3,0.22044730186462402,0.9409899413585663,0.8285408548564072,301,25,674,r1bqkb1r/pp1npppp/5n2/3p4/3N1B1P/8/PPP1PPP1/RN1QKB1R w KQkq -,MODEL_PREDICTION_NOT_EMPIRICAL
ORD-09,B6,1900,maia3-79m,3,d4b5,Nb5,0.08585548400878906,0.9409899413585663,0.8285408548564072,378,20,602,r1bqkb1r/pp1npppp/5n2/3p4/3N1B1P/8/PPP1PPP1/RN1QKB1R w KQkq -,MODEL_PREDICTION_NOT_EMPIRICAL
ORD-09,B6,1900,maia3-79m,4,f4g3,Bg3,0.07284765690565109,0.9409899413585663,0.8285408548564072,392,25,583,r1bqkb1r/pp1npppp/5n2/3p4/3N1B1P/8/PPP1PPP1/RN1QKB1R w KQkq -,MODEL_PREDICTION_NOT_EMPIRICAL
ORD-09,B6,1900,maia3-79m,5,f4h2,Bh2,0.05804654210805893,0.9409899413585663,0.8285408548564072,394,25,581,r1bqkb1r/pp1npppp/5n2/3p4/3N1B1P/8/PPP1PPP1/RN1QKB1R w KQkq -,MODEL_PREDICTION_NOT_EMPIRICAL
ORD-09,B6,1900,maia3-79m,6,b1c3,Nc3,0.054057978093624115,0.9409899413585663,0.8285408548564072,305,23,672,r1bqkb1r/pp1npppp/5n2/3p4/3N1B1P/8/PPP1PPP1/RN1QKB1R w KQkq -,MODEL_PREDICTION_NOT_EMPIRICAL
ORD-09,B6,1900,maia3-79m,7,d4b3,Nb3,0.03870503604412079,0.9409899413585663,0.8285408548564072,343,22,635,r1bqkb1r/pp1npppp/5n2/3p4/3N1B1P/8/PPP1PPP1/RN1QKB1R w KQkq -,MODEL_PREDICTION_NOT_EMPIRICAL
ORD-09,B6,1900,maia3-79m,8,f4g5,Bg5,0.03702450543642044,0.9409899413585663,0.8285408548564072,387,26,587,r1bqkb1r/pp1npppp/5n2/3p4/3N1B1P/8/PPP1PPP1/RN1QKB1R w KQkq -,MODEL_PREDICTION_NOT_EMPIRICAL
ORD-09,B6,1900,maia3-79m,9,c2c3,c3,0.03671494498848915,0.9409899413585663,0.8285408548564072,262,24,714,r1bqkb1r/pp1npppp/5n2/3p4/3N1B1P/8/PPP1PPP1/RN1QKB1R w KQkq -,MODEL_PREDICTION_NOT_EMPIRICAL
ORD-09,B6,1900,maia3-79m,10,h4h5,h5,0.035785045474767685,0.9409899413585663,0.8285408548564072,261,22,717,r1bqkb1r/pp1npppp/5n2/3p4/3N1B1P/8/PPP1PPP1/RN1QKB1R w KQkq -,MODEL_PREDICTION_NOT_EMPIRICAL
ORD-09,B6,2100,maia3-79m,1,d4f3,Nf3,0.3692949116230011,0.9547851458191872,0.806057962599201,459,35,506,r1bqkb1r/pp1npppp/5n2/3p4/3N1B1P/8/PPP1PPP1/RN1QKB1R w KQkq -,MODEL_PREDICTION_NOT_EMPIRICAL
ORD-09,B6,2100,maia3-79m,2,e2e3,e3,0.1744818240404129,0.9547851458191872,0.806057962599201,294,27,679,r1bqkb1r/pp1npppp/5n2/3p4/3N1B1P/8/PPP1PPP1/RN1QKB1R w KQkq -,MODEL_PREDICTION_NOT_EMPIRICAL
ORD-09,B6,2100,maia3-79m,3,f4g3,Bg3,0.10102394968271255,0.9547851458191872,0.806057962599201,388,30,582,r1bqkb1r/pp1npppp/5n2/3p4/3N1B1P/8/PPP1PPP1/RN1QKB1R w KQkq -,MODEL_PREDICTION_NOT_EMPIRICAL
ORD-09,B6,2100,maia3-79m,4,d4b5,Nb5,0.06455587595701218,0.9547851458191872,0.806057962599201,376,24,600,r1bqkb1r/pp1npppp/5n2/3p4/3N1B1P/8/PPP1PPP1/RN1QKB1R w KQkq -,MODEL_PREDICTION_NOT_EMPIRICAL
ORD-09,B6,2100,maia3-79m,5,f4h2,Bh2,0.05907461419701576,0.9547851458191872,0.806057962599201,393,30,577,r1bqkb1r/pp1npppp/5n2/3p4/3N1B1P/8/PPP1PPP1/RN1QKB1R w KQkq -,MODEL_PREDICTION_NOT_EMPIRICAL
ORD-09,B6,2100,maia3-79m,6,d4b3,Nb3,0.054211053997278214,0.9547851458191872,0.806057962599201,332,26,642,r1bqkb1r/pp1npppp/5n2/3p4/3N1B1P/8/PPP1PPP1/RN1QKB1R w KQkq -,MODEL_PREDICTION_NOT_EMPIRICAL
ORD-09,B6,2100,maia3-79m,7,f4g5,Bg5,0.03765425086021423,0.9547851458191872,0.806057962599201,375,31,594,r1bqkb1r/pp1npppp/5n2/3p4/3N1B1P/8/PPP1PPP1/RN1QKB1R w KQkq -,MODEL_PREDICTION_NOT_EMPIRICAL
ORD-09,B6,2100,maia3-79m,8,b1c3,Nc3,0.03515269234776497,0.9547851458191872,0.806057962599201,315,24,661,r1bqkb1r/pp1npppp/5n2/3p4/3N1B1P/8/PPP1PPP1/RN1QKB1R w KQkq -,MODEL_PREDICTION_NOT_EMPIRICAL
ORD-09,B6,2100,maia3-79m,9,h4h5,h5,0.030316175892949104,0.9547851458191872,0.806057962599201,237,22,741,r1bqkb1r/pp1npppp/5n2/3p4/3N1B1P/8/PPP1PPP1/RN1QKB1R w KQkq -,MODEL_PREDICTION_NOT_EMPIRICAL
ORD-09,B6,2100,maia3-79m,10,c2c3,c3,0.02901979722082615,0.9547851458191872,0.806057962599201,248,25,727,r1bqkb1r/pp1npppp/5n2/3p4/3N1B1P/8/PPP1PPP1/RN1QKB1R w KQkq -,MODEL_PREDICTION_NOT_EMPIRICAL
TOR-08,B6,1100,maia3-79m,1,g5f4,Bf4,0.506884753704071,0.9955519019858912,0.42667627666100444,523,25,452,rnbqkb1r/ppp1p1pp/5p2/3p2B1/3Pn3/4PN2/PPP2PPP/RN1QKB1R w KQkq -,MODEL_PREDICTION_NOT_EMPIRICAL
TOR-08,B6,1100,maia3-79m,2,g5h4,Bh4,0.42325156927108765,0.9955519019858912,0.42667627666100444,501,24,475,rnbqkb1r/ppp1p1pp/5p2/3p2B1/3Pn3/4PN2/PPP2PPP/RN1QKB1R w KQkq -,MODEL_PREDICTION_NOT_EMPIRICAL
TOR-08,B6,1100,maia3-79m,3,f1d3,Bd3,0.03263205289840698,0.9955519019858912,0.42667627666100444,353,26,621,rnbqkb1r/ppp1p1pp/5p2/3p2B1/3Pn3/4PN2/PPP2PPP/RN1QKB1R w KQkq -,MODEL_PREDICTION_NOT_EMPIRICAL
TOR-08,B6,1100,maia3-79m,4,f1b5,Bb5+,0.016072962433099747,0.9955519019858912,0.42667627666100444,386,26,588,rnbqkb1r/ppp1p1pp/5p2/3p2B1/3Pn3/4PN2/PPP2PPP/RN1QKB1R w KQkq -,MODEL_PREDICTION_NOT_EMPIRICAL
TOR-08,B6,1100,maia3-79m,5,b1c3,Nc3,0.0047262851148843765,0.9955519019858912,0.42667627666100444,370,26,604,rnbqkb1r/ppp1p1pp/5p2/3p2B1/3Pn3/4PN2/PPP2PPP/RN1QKB1R w KQkq -,MODEL_PREDICTION_NOT_EMPIRICAL
TOR-08,B6,1100,maia3-79m,6,b1d2,Nbd2,0.004678587429225445,0.9955519019858912,0.42667627666100444,352,25,623,rnbqkb1r/ppp1p1pp/5p2/3p2B1/3Pn3/4PN2/PPP2PPP/RN1QKB1R w KQkq -,MODEL_PREDICTION_NOT_EMPIRICAL
TOR-08,B6,1100,maia3-79m,7,g5f6,Bxf6,0.0027226009406149387,0.9955519019858912,0.42667627666100444,422,27,551,rnbqkb1r/ppp1p1pp/5p2/3p2B1/3Pn3/4PN2/PPP2PPP/RN1QKB1R w KQkq -,MODEL_PREDICTION_NOT_EMPIRICAL
TOR-08,B6,1100,maia3-79m,8,c2c4,c4,0.002065966371446848,0.9955519019858912,0.42667627666100444,346,23,631,rnbqkb1r/ppp1p1pp/5p2/3p2B1/3Pn3/4PN2/PPP2PPP/RN1QKB1R w KQkq -,MODEL_PREDICTION_NOT_EMPIRICAL
TOR-08,B6,1100,maia3-79m,9,h2h4,h4,0.001323829754255712,0.9955519019858912,0.42667627666100444,406,25,569,rnbqkb1r/ppp1p1pp/5p2/3p2B1/3Pn3/4PN2/PPP2PPP/RN1QKB1R w KQkq -,MODEL_PREDICTION_NOT_EMPIRICAL
TOR-08,B6,1100,maia3-79m,10,c2c3,c3,0.0011932940687984228,0.9955519019858912,0.42667627666100444,320,24,656,rnbqkb1r/ppp1p1pp/5p2/3p2B1/3Pn3/4PN2/PPP2PPP/RN1QKB1R w KQkq -,MODEL_PREDICTION_NOT_EMPIRICAL
TOR-08,B6,1300,maia3-79m,1,g5h4,Bh4,0.5084503293037415,0.9971779262414202,0.37514070412909645,501,23,476,rnbqkb1r/ppp1p1pp/5p2/3p2B1/3Pn3/4PN2/PPP2PPP/RN1QKB1R w KQkq -,MODEL_PREDICTION_NOT_EMPIRICAL
TOR-08,B6,1300,maia3-79m,2,g5f4,Bf4,0.45609283447265625,0.9971779262414202,0.37514070412909645,523,23,454,rnbqkb1r/ppp1p1pp/5p2/3p2B1/3Pn3/4PN2/PPP2PPP/RN1QKB1R w KQkq -,MODEL_PREDICTION_NOT_EMPIRICAL
TOR-08,B6,1300,maia3-79m,3,f1d3,Bd3,0.016314862295985222,0.9971779262414202,0.37514070412909645,347,22,631,rnbqkb1r/ppp1p1pp/5p2/3p2B1/3Pn3/4PN2/PPP2PPP/RN1QKB1R w KQkq -,MODEL_PREDICTION_NOT_EMPIRICAL
TOR-08,B6,1300,maia3-79m,4,f1b5,Bb5+,0.005873837973922491,0.9971779262414202,0.37514070412909645,386,25,589,rnbqkb1r/ppp1p1pp/5p2/3p2B1/3Pn3/4PN2/PPP2PPP/RN1QKB1R w KQkq -,MODEL_PREDICTION_NOT_EMPIRICAL
TOR-08,B6,1300,maia3-79m,5,b1d2,Nbd2,0.004065120592713356,0.9971779262414202,0.37514070412909645,347,22,631,rnbqkb1r/ppp1p1pp/5p2/3p2B1/3Pn3/4PN2/PPP2PPP/RN1QKB1R w KQkq -,MODEL_PREDICTION_NOT_EMPIRICAL
TOR-08,B6,1300,maia3-79m,6,b1c3,Nc3,0.0019999672658741474,0.9971779262414202,0.37514070412909645,352,22,626,rnbqkb1r/ppp1p1pp/5p2/3p2B1/3Pn3/4PN2/PPP2PPP/RN1QKB1R w KQkq -,MODEL_PREDICTION_NOT_EMPIRICAL
TOR-08,B6,1300,maia3-79m,7,g5f6,Bxf6,0.0014943878632038832,0.9971779262414202,0.37514070412909645,417,25,558,rnbqkb1r/ppp1p1pp/5p2/3p2B1/3Pn3/4PN2/PPP2PPP/RN1QKB1R w KQkq -,MODEL_PREDICTION_NOT_EMPIRICAL
TOR-08,B6,1300,maia3-79m,8,c2c4,c4,0.0012853576336055994,0.9971779262414202,0.37514070412909645,334,20,646,rnbqkb1r/ppp1p1pp/5p2/3p2B1/3Pn3/4PN2/PPP2PPP/RN1QKB1R w KQkq -,MODEL_PREDICTION_NOT_EMPIRICAL
TOR-08,B6,1300,maia3-79m,9,h2h4,h4,0.0008461751276627183,0.9971779262414202,0.37514070412909645,388,22,590,rnbqkb1r/ppp1p1pp/5p2/3p2B1/3Pn3/4PN2/PPP2PPP/RN1QKB1R w KQkq -,MODEL_PREDICTION_NOT_EMPIRICAL
TOR-08,B6,1300,maia3-79m,10,f3h4,Nh4,0.0007550537120550871,0.9971779262414202,0.37514070412909645,310,20,670,rnbqkb1r/ppp1p1pp/5p2/3p2B1/3Pn3/4PN2/PPP2PPP/RN1QKB1R w KQkq -,MODEL_PREDICTION_NOT_EMPIRICAL
TOR-08,B6,1500,maia3-79m,1,g5h4,Bh4,0.5802220106124878,0.998025965760462,0.3426114098922139,511,23,466,rnbqkb1r/ppp1p1pp/5p2/3p2B1/3Pn3/4PN2/PPP2PPP/RN1QKB1R w KQkq -,MODEL_PREDICTION_NOT_EMPIRICAL
TOR-08,B6,1500,maia3-79m,2,g5f4,Bf4,0.39860546588897705,0.998025965760462,0.3426114098922139,528,24,448,rnbqkb1r/ppp1p1pp/5p2/3p2B1/3Pn3/4PN2/PPP2PPP/RN1QKB1R w KQkq -,MODEL_PREDICTION_NOT_EMPIRICAL
TOR-08,B6,1500,maia3-79m,3,f1d3,Bd3,0.009288089349865913,0.998025965760462,0.3426114098922139,338,21,641,rnbqkb1r/ppp1p1pp/5p2/3p2B1/3Pn3/4PN2/PPP2PPP/RN1QKB1R w KQkq -,MODEL_PREDICTION_NOT_EMPIRICAL
TOR-08,B6,1500,maia3-79m,4,b1d2,Nbd2,0.0033024726435542107,0.998025965760462,0.3426114098922139,333,21,646,rnbqkb1r/ppp1p1pp/5p2/3p2B1/3Pn3/4PN2/PPP2PPP/RN1QKB1R w KQkq -,MODEL_PREDICTION_NOT_EMPIRICAL
TOR-08,B6,1500,maia3-79m,5,f1b5,Bb5+,0.002515543717890978,0.998025965760462,0.3426114098922139,385,23,592,rnbqkb1r/ppp1p1pp/5p2/3p2B1/3Pn3/4PN2/PPP2PPP/RN1QKB1R w KQkq -,MODEL_PREDICTION_NOT_EMPIRICAL
TOR-08,B6,1500,maia3-79m,6,c2c4,c4,0.000958335935138166,0.998025965760462,0.3426114098922139,324,19,657,rnbqkb1r/ppp1p1pp/5p2/3p2B1/3Pn3/4PN2/PPP2PPP/RN1QKB1R w KQkq -,MODEL_PREDICTION_NOT_EMPIRICAL
TOR-08,B6,1500,maia3-79m,7,f3h4,Nh4,0.0008996999240480363,0.998025965760462,0.3426114098922139,401,18,581,rnbqkb1r/ppp1p1pp/5p2/3p2B1/3Pn3/4PN2/PPP2PPP/RN1QKB1R w KQkq -,MODEL_PREDICTION_NOT_EMPIRICAL
TOR-08,B6,1500,maia3-79m,8,b1c3,Nc3,0.0008864460396580398,0.998025965760462,0.3426114098922139,326,20,654,rnbqkb1r/ppp1p1pp/5p2/3p2B1/3Pn3/4PN2/PPP2PPP/RN1QKB1R w KQkq -,MODEL_PREDICTION_NOT_EMPIRICAL
TOR-08,B6,1500,maia3-79m,9,g5f6,Bxf6,0.0007363277254626155,0.998025965760462,0.3426114098922139,409,26,565,rnbqkb1r/ppp1p1pp/5p2/3p2B1/3Pn3/4PN2/PPP2PPP/RN1QKB1R w KQkq -,MODEL_PREDICTION_NOT_EMPIRICAL
TOR-08,B6,1500,maia3-79m,10,h2h4,h4,0.0006115739233791828,0.998025965760462,0.3426114098922139,374,21,605,rnbqkb1r/ppp1p1pp/5p2/3p2B1/3Pn3/4PN2/PPP2PPP/RN1QKB1R w KQkq -,MODEL_PREDICTION_NOT_EMPIRICAL
TOR-08,B6,1700,maia3-79m,1,g5h4,Bh4,0.6345823407173157,0.9987075433600694,0.3159536202616167,525,26,449,rnbqkb1r/ppp1p1pp/5p2/3p2B1/3Pn3/4PN2/PPP2PPP/RN1QKB1R w KQkq -,MODEL_PREDICTION_NOT_EMPIRICAL
TOR-08,B6,1700,maia3-79m,2,g5f4,Bf4,0.3523370027542114,0.9987075433600694,0.3159536202616167,539,26,435,rnbqkb1r/ppp1p1pp/5p2/3p2B1/3Pn3/4PN2/PPP2PPP/RN1QKB1R w KQkq -,MODEL_PREDICTION_NOT_EMPIRICAL
TOR-08,B6,1700,maia3-79m,3,f1d3,Bd3,0.005602674558758736,0.9987075433600694,0.3159536202616167,324,21,655,rnbqkb1r/ppp1p1pp/5p2/3p2B1/3Pn3/4PN2/PPP2PPP/RN1QKB1R w KQkq -,MODEL_PREDICTION_NOT_EMPIRICAL
TOR-08,B6,1700,maia3-79m,4,b1d2,Nbd2,0.002295752754434943,0.9987075433600694,0.3159536202616167,313,20,667,rnbqkb1r/ppp1p1pp/5p2/3p2B1/3Pn3/4PN2/PPP2PPP/RN1QKB1R w KQkq -,MODEL_PREDICTION_NOT_EMPIRICAL
TOR-08,B6,1700,maia3-79m,5,f1b5,Bb5+,0.0009054900147020817,0.9987075433600694,0.3159536202616167,389,23,588,rnbqkb1r/ppp1p1pp/5p2/3p2B1/3Pn3/4PN2/PPP2PPP/RN1QKB1R w KQkq -,MODEL_PREDICTION_NOT_EMPIRICAL
TOR-08,B6,1700,maia3-79m,6,f3h4,Nh4,0.0008940304978750646,0.9987075433600694,0.3159536202616167,378,19,603,rnbqkb1r/ppp1p1pp/5p2/3p2B1/3Pn3/4PN2/PPP2PPP/RN1QKB1R w KQkq -,MODEL_PREDICTION_NOT_EMPIRICAL
TOR-08,B6,1700,maia3-79m,7,c2c4,c4,0.0007133803446777165,0.9987075433600694,0.3159536202616167,311,19,670,rnbqkb1r/ppp1p1pp/5p2/3p2B1/3Pn3/4PN2/PPP2PPP/RN1QKB1R w KQkq -,MODEL_PREDICTION_NOT_EMPIRICAL
TOR-08,B6,1700,maia3-79m,8,h2h4,h4,0.0005273005226626992,0.9987075433600694,0.3159536202616167,366,22,612,rnbqkb1r/ppp1p1pp/5p2/3p2B1/3Pn3/4PN2/PPP2PPP/RN1QKB1R w KQkq -,MODEL_PREDICTION_NOT_EMPIRICAL
TOR-08,B6,1700,maia3-79m,9,f3e5,Ne5,0.00042686378583312035,0.9987075433600694,0.3159536202616167,450,21,529,rnbqkb1r/ppp1p1pp/5p2/3p2B1/3Pn3/4PN2/PPP2PPP/RN1QKB1R w KQkq -,MODEL_PREDICTION_NOT_EMPIRICAL
TOR-08,B6,1700,maia3-79m,10,c2c3,c3,0.0004227074095979333,0.9987075433600694,0.3159536202616167,273,19,708,rnbqkb1r/ppp1p1pp/5p2/3p2B1/3Pn3/4PN2/PPP2PPP/RN1QKB1R w KQkq -,MODEL_PREDICTION_NOT_EMPIRICAL
TOR-08,B6,1900,maia3-79m,1,g5h4,Bh4,0.6603506803512573,0.9993336187035311,0.2992783647478894,535,30,435,rnbqkb1r/ppp1p1pp/5p2/3p2B1/3Pn3/4PN2/PPP2PPP/RN1QKB1R w KQkq -,MODEL_PREDICTION_NOT_EMPIRICAL
TOR-08,B6,1900,maia3-79m,2,g5f4,Bf4,0.3314415514469147,0.9993336187035311,0.2992783647478894,544,31,425,rnbqkb1r/ppp1p1pp/5p2/3p2B1/3Pn3/4PN2/PPP2PPP/RN1QKB1R w KQkq -,MODEL_PREDICTION_NOT_EMPIRICAL
TOR-08,B6,1900,maia3-79m,3,f1d3,Bd3,0.003474726341664791,0.9993336187035311,0.2992783647478894,305,21,674,rnbqkb1r/ppp1p1pp/5p2/3p2B1/3Pn3/4PN2/PPP2PPP/RN1QKB1R w KQkq -,MODEL_PREDICTION_NOT_EMPIRICAL
TOR-08,B6,1900,maia3-79m,4,b1d2,Nbd2,0.001603258540853858,0.9993336187035311,0.2992783647478894,292,21,687,rnbqkb1r/ppp1p1pp/5p2/3p2B1/3Pn3/4PN2/PPP2PPP/RN1QKB1R w KQkq -,MODEL_PREDICTION_NOT_EMPIRICAL
TOR-08,B6,1900,maia3-79m,5,f3h4,Nh4,0.0005895870854146779,0.9993336187035311,0.2992783647478894,300,20,680,rnbqkb1r/ppp1p1pp/5p2/3p2B1/3Pn3/4PN2/PPP2PPP/RN1QKB1R w KQkq -,MODEL_PREDICTION_NOT_EMPIRICAL
TOR-08,B6,1900,maia3-79m,6,h2h4,h4,0.0005407621501944959,0.9993336187035311,0.2992783647478894,365,23,612,rnbqkb1r/ppp1p1pp/5p2/3p2B1/3Pn3/4PN2/PPP2PPP/RN1QKB1R w KQkq -,MODEL_PREDICTION_NOT_EMPIRICAL
TOR-08,B6,1900,maia3-79m,7,c2c4,c4,0.0004976690979674459,0.9993336187035311,0.2992783647478894,290,19,691,rnbqkb1r/ppp1p1pp/5p2/3p2B1/3Pn3/4PN2/PPP2PPP/RN1QKB1R w KQkq -,MODEL_PREDICTION_NOT_EMPIRICAL
TOR-08,B6,1900,maia3-79m,8,f3e5,Ne5,0.0003064217744395137,0.9993336187035311,0.2992783647478894,395,26,579,rnbqkb1r/ppp1p1pp/5p2/3p2B1/3Pn3/4PN2/PPP2PPP/RN1QKB1R w KQkq -,MODEL_PREDICTION_NOT_EMPIRICAL
TOR-08,B6,1900,maia3-79m,9,f1b5,Bb5+,0.00026477756910026073,0.9993336187035311,0.2992783647478894,393,26,581,rnbqkb1r/ppp1p1pp/5p2/3p2B1/3Pn3/4PN2/PPP2PPP/RN1QKB1R w KQkq -,MODEL_PREDICTION_NOT_EMPIRICAL
TOR-08,B6,1900,maia3-79m,10,c2c3,c3,0.00026418434572406113,0.9993336187035311,0.2992783647478894,248,19,733,rnbqkb1r/ppp1p1pp/5p2/3p2B1/3Pn3/4PN2/PPP2PPP/RN1QKB1R w KQkq -,MODEL_PREDICTION_NOT_EMPIRICAL
TOR-08,B6,2100,maia3-79m,1,g5h4,Bh4,0.6335292458534241,0.999649386794772,0.2996517392935235,536,39,425,rnbqkb1r/ppp1p1pp/5p2/3p2B1/3Pn3/4PN2/PPP2PPP/RN1QKB1R w KQkq -,MODEL_PREDICTION_NOT_EMPIRICAL
TOR-08,B6,2100,maia3-79m,2,g5f4,Bf4,0.36138468980789185,0.999649386794772,0.2996517392935235,545,38,417,rnbqkb1r/ppp1p1pp/5p2/3p2B1/3Pn3/4PN2/PPP2PPP/RN1QKB1R w KQkq -,MODEL_PREDICTION_NOT_EMPIRICAL
TOR-08,B6,2100,maia3-79m,3,f1d3,Bd3,0.0020153236109763384,0.999649386794772,0.2996517392935235,273,22,705,rnbqkb1r/ppp1p1pp/5p2/3p2B1/3Pn3/4PN2/PPP2PPP/RN1QKB1R w KQkq -,MODEL_PREDICTION_NOT_EMPIRICAL
TOR-08,B6,2100,maia3-79m,4,b1d2,Nbd2,0.00113327254075557,0.999649386794772,0.2996517392935235,262,23,715,rnbqkb1r/ppp1p1pp/5p2/3p2B1/3Pn3/4PN2/PPP2PPP/RN1QKB1R w KQkq -,MODEL_PREDICTION_NOT_EMPIRICAL
TOR-08,B6,2100,maia3-79m,5,h2h4,h4,0.0005758304614573717,0.999649386794772,0.2996517392935235,372,28,600,rnbqkb1r/ppp1p1pp/5p2/3p2B1/3Pn3/4PN2/PPP2PPP/RN1QKB1R w KQkq -,MODEL_PREDICTION_NOT_EMPIRICAL
TOR-08,B6,2100,maia3-79m,6,c2c4,c4,0.0003370694175828248,0.999649386794772,0.2996517392935235,257,21,722,rnbqkb1r/ppp1p1pp/5p2/3p2B1/3Pn3/4PN2/PPP2PPP/RN1QKB1R w KQkq -,MODEL_PREDICTION_NOT_EMPIRICAL
TOR-08,B6,2100,maia3-79m,7,f3h4,Nh4,0.0002929875918198377,0.999649386794772,0.2996517392935235,277,21,702,rnbqkb1r/ppp1p1pp/5p2/3p2B1/3Pn3/4PN2/PPP2PPP/RN1QKB1R w KQkq -,MODEL_PREDICTION_NOT_EMPIRICAL
TOR-08,B6,2100,maia3-79m,8,f3e5,Ne5,0.0001678388362051919,0.999649386794772,0.2996517392935235,320,29,651,rnbqkb1r/ppp1p1pp/5p2/3p2B1/3Pn3/4PN2/PPP2PPP/RN1QKB1R w KQkq -,MODEL_PREDICTION_NOT_EMPIRICAL
TOR-08,B6,2100,maia3-79m,9,c2c3,c3,0.00010917930194409564,0.999649386794772,0.2996517392935235,209,20,771,rnbqkb1r/ppp1p1pp/5p2/3p2B1/3Pn3/4PN2/PPP2PPP/RN1QKB1R w KQkq -,MODEL_PREDICTION_NOT_EMPIRICAL
TOR-08,B6,2100,maia3-79m,10,f1e2,Be2,0.00010394937271485105,0.999649386794772,0.2996517392935235,229,21,750,rnbqkb1r/ppp1p1pp/5p2/3p2B1/3Pn3/4PN2/PPP2PPP/RN1QKB1R w KQkq -,MODEL_PREDICTION_NOT_EMPIRICAL
TOR-09,B6,1100,maia3-79m,1,h4g3,Bg3,0.7512713670730591,0.9846685065422207,0.40487144186177726,369,29,602,rnbqkb1r/ppp1p3/5p2/3p2pp/3P3B/4P3/PPPN1PPP/R2QKB1R w KQkq -,MODEL_PREDICTION_NOT_EMPIRICAL
TOR-09,B6,1100,maia3-79m,2,h4g5,Bxg5,0.09821135550737381,0.9846685065422207,0.40487144186177726,468,32,500,rnbqkb1r/ppp1p3/5p2/3p2pp/3P3B/4P3/PPPN1PPP/R2QKB1R w KQkq -,MODEL_PREDICTION_NOT_EMPIRICAL
TOR-09,B6,1100,maia3-79m,3,f1e2,Be2,0.04506300017237663,0.9846685065422207,0.40487144186177726,443,28,529,rnbqkb1r/ppp1p3/5p2/3p2pp/3P3B/4P3/PPPN1PPP/R2QKB1R w KQkq -,MODEL_PREDICTION_NOT_EMPIRICAL
TOR-09,B6,1100,maia3-79m,4,f1b5,Bb5+,0.04176964983344078,0.9846685065422207,0.40487144186177726,403,30,567,rnbqkb1r/ppp1p3/5p2/3p2pp/3P3B/4P3/PPPN1PPP/R2QKB1R w KQkq -,MODEL_PREDICTION_NOT_EMPIRICAL
TOR-09,B6,1100,maia3-79m,5,f1d3,Bd3,0.02222706377506256,0.9846685065422207,0.40487144186177726,520,21,459,rnbqkb1r/ppp1p3/5p2/3p2pp/3P3B/4P3/PPPN1PPP/R2QKB1R w KQkq -,MODEL_PREDICTION_NOT_EMPIRICAL
TOR-09,B6,1100,maia3-79m,6,d2f3,Nf3,0.011852715164422989,0.9846685065422207,0.40487144186177726,370,30,600,rnbqkb1r/ppp1p3/5p2/3p2pp/3P3B/4P3/PPPN1PPP/R2QKB1R w KQkq -,MODEL_PREDICTION_NOT_EMPIRICAL
TOR-09,B6,1100,maia3-79m,7,g2g4,g4,0.0049539548344910145,0.9846685065422207,0.40487144186177726,338,31,631,rnbqkb1r/ppp1p3/5p2/3p2pp/3P3B/4P3/PPPN1PPP/R2QKB1R w KQkq -,MODEL_PREDICTION_NOT_EMPIRICAL
TOR-09,B6,1100,maia3-79m,8,c2c4,c4,0.003683914663270116,0.9846685065422207,0.40487144186177726,369,27,604,rnbqkb1r/ppp1p3/5p2/3p2pp/3P3B/4P3/PPPN1PPP/R2QKB1R w KQkq -,MODEL_PREDICTION_NOT_EMPIRICAL
TOR-09,B6,1100,maia3-79m,9,f2f4,f4,0.00316994427703321,0.9846685065422207,0.40487144186177726,331,31,638,rnbqkb1r/ppp1p3/5p2/3p2pp/3P3B/4P3/PPPN1PPP/R2QKB1R w KQkq -,MODEL_PREDICTION_NOT_EMPIRICAL
TOR-09,B6,1100,maia3-79m,10,c2c3,c3,0.0024655412416905165,0.9846685065422207,0.40487144186177726,360,28,612,rnbqkb1r/ppp1p3/5p2/3p2pp/3P3B/4P3/PPPN1PPP/R2QKB1R w KQkq -,MODEL_PREDICTION_NOT_EMPIRICAL
TOR-09,B6,1300,maia3-79m,1,h4g3,Bg3,0.7089595794677734,0.9880622155033052,0.4461191477377672,336,25,639,rnbqkb1r/ppp1p3/5p2/3p2pp/3P3B/4P3/PPPN1PPP/R2QKB1R w KQkq -,MODEL_PREDICTION_NOT_EMPIRICAL
TOR-09,B6,1300,maia3-79m,2,h4g5,Bxg5,0.12166913598775864,0.9880622155033052,0.4461191477377672,471,27,502,rnbqkb1r/ppp1p3/5p2/3p2pp/3P3B/4P3/PPPN1PPP/R2QKB1R w KQkq -,MODEL_PREDICTION_NOT_EMPIRICAL
TOR-09,B6,1300,maia3-79m,3,f1e2,Be2,0.06728531420230865,0.9880622155033052,0.4461191477377672,458,25,517,rnbqkb1r/ppp1p3/5p2/3p2pp/3P3B/4P3/PPPN1PPP/R2QKB1R w KQkq -,MODEL_PREDICTION_NOT_EMPIRICAL
TOR-09,B6,1300,maia3-79m,4,f1d3,Bd3,0.037964288145303726,0.9880622155033052,0.4461191477377672,519,19,462,rnbqkb1r/ppp1p3/5p2/3p2pp/3P3B/4P3/PPPN1PPP/R2QKB1R w KQkq -,MODEL_PREDICTION_NOT_EMPIRICAL
TOR-09,B6,1300,maia3-79m,5,f1b5,Bb5+,0.02943938411772251,0.9880622155033052,0.4461191477377672,397,27,576,rnbqkb1r/ppp1p3/5p2/3p2pp/3P3B/4P3/PPPN1PPP/R2QKB1R w KQkq -,MODEL_PREDICTION_NOT_EMPIRICAL
TOR-09,B6,1300,maia3-79m,6,d2f3,Nf3,0.011320813558995724,0.9880622155033052,0.4461191477377672,371,26,603,rnbqkb1r/ppp1p3/5p2/3p2pp/3P3B/4P3/PPPN1PPP/R2QKB1R w KQkq -,MODEL_PREDICTION_NOT_EMPIRICAL
TOR-09,B6,1300,maia3-79m,7,c2c4,c4,0.0033322100061923265,0.9880622155033052,0.4461191477377672,368,23,609,rnbqkb1r/ppp1p3/5p2/3p2pp/3P3B/4P3/PPPN1PPP/R2QKB1R w KQkq -,MODEL_PREDICTION_NOT_EMPIRICAL
TOR-09,B6,1300,maia3-79m,8,g2g4,g4,0.0031554989982396364,0.9880622155033052,0.4461191477377672,327,26,647,rnbqkb1r/ppp1p3/5p2/3p2pp/3P3B/4P3/PPPN1PPP/R2QKB1R w KQkq -,MODEL_PREDICTION_NOT_EMPIRICAL
TOR-09,B6,1300,maia3-79m,9,f2f4,f4,0.0027009982150048018,0.9880622155033052,0.4461191477377672,318,25,657,rnbqkb1r/ppp1p3/5p2/3p2pp/3P3B/4P3/PPPN1PPP/R2QKB1R w KQkq -,MODEL_PREDICTION_NOT_EMPIRICAL
TOR-09,B6,1300,maia3-79m,10,c2c3,c3,0.002234992804005742,0.9880622155033052,0.4461191477377672,354,24,622,rnbqkb1r/ppp1p3/5p2/3p2pp/3P3B/4P3/PPPN1PPP/R2QKB1R w KQkq -,MODEL_PREDICTION_NOT_EMPIRICAL
TOR-09,B6,1500,maia3-79m,1,h4g3,Bg3,0.6741600036621094,0.9905334766954184,0.4775931849008129,325,23,652,rnbqkb1r/ppp1p3/5p2/3p2pp/3P3B/4P3/PPPN1PPP/R2QKB1R w KQkq -,MODEL_PREDICTION_NOT_EMPIRICAL
TOR-09,B6,1500,maia3-79m,2,h4g5,Bxg5,0.1289130598306656,0.9905334766954184,0.4775931849008129,467,25,508,rnbqkb1r/ppp1p3/5p2/3p2pp/3P3B/4P3/PPPN1PPP/R2QKB1R w KQkq -,MODEL_PREDICTION_NOT_EMPIRICAL
TOR-09,B6,1500,maia3-79m,3,f1e2,Be2,0.08661071211099625,0.9905334766954184,0.4775931849008129,488,23,489,rnbqkb1r/ppp1p3/5p2/3p2pp/3P3B/4P3/PPPN1PPP/R2QKB1R w KQkq -,MODEL_PREDICTION_NOT_EMPIRICAL
TOR-09,B6,1500,maia3-79m,4,f1d3,Bd3,0.05795369669795036,0.9905334766954184,0.4775931849008129,521,19,460,rnbqkb1r/ppp1p3/5p2/3p2pp/3P3B/4P3/PPPN1PPP/R2QKB1R w KQkq -,MODEL_PREDICTION_NOT_EMPIRICAL
TOR-09,B6,1500,maia3-79m,5,f1b5,Bb5+,0.021620964631438255,0.9905334766954184,0.4775931849008129,393,27,580,rnbqkb1r/ppp1p3/5p2/3p2pp/3P3B/4P3/PPPN1PPP/R2QKB1R w KQkq -,MODEL_PREDICTION_NOT_EMPIRICAL
TOR-09,B6,1500,maia3-79m,6,d2f3,Nf3,0.011432063765823841,0.9905334766954184,0.4775931849008129,378,24,598,rnbqkb1r/ppp1p3/5p2/3p2pp/3P3B/4P3/PPPN1PPP/R2QKB1R w KQkq -,MODEL_PREDICTION_NOT_EMPIRICAL
TOR-09,B6,1500,maia3-79m,7,c2c4,c4,0.0035263290628790855,0.9905334766954184,0.4775931849008129,369,21,610,rnbqkb1r/ppp1p3/5p2/3p2pp/3P3B/4P3/PPPN1PPP/R2QKB1R w KQkq -,MODEL_PREDICTION_NOT_EMPIRICAL
TOR-09,B6,1500,maia3-79m,8,f2f4,f4,0.002186473924666643,0.9905334766954184,0.4775931849008129,308,23,669,rnbqkb1r/ppp1p3/5p2/3p2pp/3P3B/4P3/PPPN1PPP/R2QKB1R w KQkq -,MODEL_PREDICTION_NOT_EMPIRICAL
TOR-09,B6,1500,maia3-79m,9,c2c3,c3,0.0021164906211197376,0.9905334766954184,0.4775931849008129,348,22,630,rnbqkb1r/ppp1p3/5p2/3p2pp/3P3B/4P3/PPPN1PPP/R2QKB1R w KQkq -,MODEL_PREDICTION_NOT_EMPIRICAL
TOR-09,B6,1500,maia3-79m,10,g2g4,g4,0.0020136823877692223,0.9905334766954184,0.4775931849008129,317,23,660,rnbqkb1r/ppp1p3/5p2/3p2pp/3P3B/4P3/PPPN1PPP/R2QKB1R w KQkq -,MODEL_PREDICTION_NOT_EMPIRICAL
TOR-09,B6,1700,maia3-79m,1,h4g3,Bg3,0.6446711421012878,0.9932860472472385,0.5019114084918338,316,23,661,rnbqkb1r/ppp1p3/5p2/3p2pp/3P3B/4P3/PPPN1PPP/R2QKB1R w KQkq -,MODEL_PREDICTION_NOT_EMPIRICAL
TOR-09,B6,1700,maia3-79m,2,f1e2,Be2,0.11362204700708389,0.9932860472472385,0.5019114084918338,508,24,468,rnbqkb1r/ppp1p3/5p2/3p2pp/3P3B/4P3/PPPN1PPP/R2QKB1R w KQkq -,MODEL_PREDICTION_NOT_EMPIRICAL
TOR-09,B6,1700,maia3-79m,3,h4g5,Bxg5,0.10867710411548615,0.9932860472472385,0.5019114084918338,462,24,514,rnbqkb1r/ppp1p3/5p2/3p2pp/3P3B/4P3/PPPN1PPP/R2QKB1R w KQkq -,MODEL_PREDICTION_NOT_EMPIRICAL
TOR-09,B6,1700,maia3-79m,4,f1d3,Bd3,0.09199218451976776,0.9932860472472385,0.5019114084918338,516,21,463,rnbqkb1r/ppp1p3/5p2/3p2pp/3P3B/4P3/PPPN1PPP/R2QKB1R w KQkq -,MODEL_PREDICTION_NOT_EMPIRICAL
TOR-09,B6,1700,maia3-79m,5,f1b5,Bb5+,0.014100194908678532,0.9932860472472385,0.5019114084918338,392,27,581,rnbqkb1r/ppp1p3/5p2/3p2pp/3P3B/4P3/PPPN1PPP/R2QKB1R w KQkq -,MODEL_PREDICTION_NOT_EMPIRICAL
TOR-09,B6,1700,maia3-79m,6,d2f3,Nf3,0.01096353679895401,0.9932860472472385,0.5019114084918338,389,24,587,rnbqkb1r/ppp1p3/5p2/3p2pp/3P3B/4P3/PPPN1PPP/R2QKB1R w KQkq -,MODEL_PREDICTION_NOT_EMPIRICAL
TOR-09,B6,1700,maia3-79m,7,c2c4,c4,0.004174326546490192,0.9932860472472385,0.5019114084918338,362,20,618,rnbqkb1r/ppp1p3/5p2/3p2pp/3P3B/4P3/PPPN1PPP/R2QKB1R w KQkq -,MODEL_PREDICTION_NOT_EMPIRICAL
TOR-09,B6,1700,maia3-79m,8,c2c3,c3,0.0018981930334120989,0.9932860472472385,0.5019114084918338,339,21,640,rnbqkb1r/ppp1p3/5p2/3p2pp/3P3B/4P3/PPPN1PPP/R2QKB1R w KQkq -,MODEL_PREDICTION_NOT_EMPIRICAL
TOR-09,B6,1700,maia3-79m,9,f2f4,f4,0.0016340475995093584,0.9932860472472385,0.5019114084918338,289,21,690,rnbqkb1r/ppp1p3/5p2/3p2pp/3P3B/4P3/PPPN1PPP/R2QKB1R w KQkq -,MODEL_PREDICTION_NOT_EMPIRICAL
TOR-09,B6,1700,maia3-79m,10,f2f3,f3,0.001553270616568625,0.9932860472472385,0.5019114084918338,317,20,663,rnbqkb1r/ppp1p3/5p2/3p2pp/3P3B/4P3/PPPN1PPP/R2QKB1R w KQkq -,MODEL_PREDICTION_NOT_EMPIRICAL
TOR-09,B6,1900,maia3-79m,1,h4g3,Bg3,0.6025921106338501,0.9961435765726492,0.5108250913643629,298,24,678,rnbqkb1r/ppp1p3/5p2/3p2pp/3P3B/4P3/PPPN1PPP/R2QKB1R w KQkq -,MODEL_PREDICTION_NOT_EMPIRICAL
TOR-09,B6,1900,maia3-79m,2,f1e2,Be2,0.1597602814435959,0.9961435765726492,0.5108250913643629,533,27,440,rnbqkb1r/ppp1p3/5p2/3p2pp/3P3B/4P3/PPPN1PPP/R2QKB1R w KQkq -,MODEL_PREDICTION_NOT_EMPIRICAL
TOR-09,B6,1900,maia3-79m,3,f1d3,Bd3,0.15058238804340363,0.9961435765726492,0.5108250913643629,518,23,459,rnbqkb1r/ppp1p3/5p2/3p2pp/3P3B/4P3/PPPN1PPP/R2QKB1R w KQkq -,MODEL_PREDICTION_NOT_EMPIRICAL
TOR-09,B6,1900,maia3-79m,4,h4g5,Bxg5,0.059404321014881134,0.9961435765726492,0.5108250913643629,438,24,538,rnbqkb1r/ppp1p3/5p2/3p2pp/3P3B/4P3/PPPN1PPP/R2QKB1R w KQkq -,MODEL_PREDICTION_NOT_EMPIRICAL
TOR-09,B6,1900,maia3-79m,5,d2f3,Nf3,0.008156483992934227,0.9961435765726492,0.5108250913643629,397,24,579,rnbqkb1r/ppp1p3/5p2/3p2pp/3P3B/4P3/PPPN1PPP/R2QKB1R w KQkq -,MODEL_PREDICTION_NOT_EMPIRICAL
TOR-09,B6,1900,maia3-79m,6,f1b5,Bb5+,0.007091006264090538,0.9961435765726492,0.5108250913643629,400,30,570,rnbqkb1r/ppp1p3/5p2/3p2pp/3P3B/4P3/PPPN1PPP/R2QKB1R w KQkq -,MODEL_PREDICTION_NOT_EMPIRICAL
TOR-09,B6,1900,maia3-79m,7,c2c4,c4,0.004701673518866301,0.9961435765726492,0.5108250913643629,349,20,631,rnbqkb1r/ppp1p3/5p2/3p2pp/3P3B/4P3/PPPN1PPP/R2QKB1R w KQkq -,MODEL_PREDICTION_NOT_EMPIRICAL
TOR-09,B6,1900,maia3-79m,8,f2f3,f3,0.0014007578138262033,0.9961435765726492,0.5108250913643629,302,20,678,rnbqkb1r/ppp1p3/5p2/3p2pp/3P3B/4P3/PPPN1PPP/R2QKB1R w KQkq -,MODEL_PREDICTION_NOT_EMPIRICAL
TOR-09,B6,1900,maia3-79m,9,c2c3,c3,0.0012709340080618858,0.9961435765726492,0.5108250913643629,318,21,661,rnbqkb1r/ppp1p3/5p2/3p2pp/3P3B/4P3/PPPN1PPP/R2QKB1R w KQkq -,MODEL_PREDICTION_NOT_EMPIRICAL
TOR-09,B6,1900,maia3-79m,10,f2f4,f4,0.0011836198391392827,0.9961435765726492,0.5108250913643629,271,20,709,rnbqkb1r/ppp1p3/5p2/3p2pp/3P3B/4P3/PPPN1PPP/R2QKB1R w KQkq -,MODEL_PREDICTION_NOT_EMPIRICAL
TOR-09,B6,2100,maia3-79m,1,h4g3,Bg3,0.44628050923347473,0.9977871873998083,0.5369670505315335,282,26,692,rnbqkb1r/ppp1p3/5p2/3p2pp/3P3B/4P3/PPPN1PPP/R2QKB1R w KQkq -,MODEL_PREDICTION_NOT_EMPIRICAL
TOR-09,B6,2100,maia3-79m,2,f1d3,Bd3,0.2566579282283783,0.9977871873998083,0.5369670505315335,527,29,444,rnbqkb1r/ppp1p3/5p2/3p2pp/3P3B/4P3/PPPN1PPP/R2QKB1R w KQkq -,MODEL_PREDICTION_NOT_EMPIRICAL
TOR-09,B6,2100,maia3-79m,3,f1e2,Be2,0.2538226246833801,0.9977871873998083,0.5369670505315335,557,33,410,rnbqkb1r/ppp1p3/5p2/3p2pp/3P3B/4P3/PPPN1PPP/R2QKB1R w KQkq -,MODEL_PREDICTION_NOT_EMPIRICAL
TOR-09,B6,2100,maia3-79m,4,h4g5,Bxg5,0.027275051921606064,0.9977871873998083,0.5369670505315335,384,27,589,rnbqkb1r/ppp1p3/5p2/3p2pp/3P3B/4P3/PPPN1PPP/R2QKB1R w KQkq -,MODEL_PREDICTION_NOT_EMPIRICAL
TOR-09,B6,2100,maia3-79m,5,d2f3,Nf3,0.0044540842063724995,0.9977871873998083,0.5369670505315335,401,29,570,rnbqkb1r/ppp1p3/5p2/3p2pp/3P3B/4P3/PPPN1PPP/R2QKB1R w KQkq -,MODEL_PREDICTION_NOT_EMPIRICAL
TOR-09,B6,2100,maia3-79m,6,c2c4,c4,0.0037189084105193615,0.9977871873998083,0.5369670505315335,338,22,640,rnbqkb1r/ppp1p3/5p2/3p2pp/3P3B/4P3/PPPN1PPP/R2QKB1R w KQkq -,MODEL_PREDICTION_NOT_EMPIRICAL
TOR-09,B6,2100,maia3-79m,7,f1b5,Bb5+,0.0023199827410280704,0.9977871873998083,0.5369670505315335,424,37,539,rnbqkb1r/ppp1p3/5p2/3p2pp/3P3B/4P3/PPPN1PPP/R2QKB1R w KQkq -,MODEL_PREDICTION_NOT_EMPIRICAL
TOR-09,B6,2100,maia3-79m,8,f2f3,f3,0.0013942356454208493,0.9977871873998083,0.5369670505315335,284,21,695,rnbqkb1r/ppp1p3/5p2/3p2pp/3P3B/4P3/PPPN1PPP/R2QKB1R w KQkq -,MODEL_PREDICTION_NOT_EMPIRICAL
TOR-09,B6,2100,maia3-79m,9,f2f4,f4,0.0012814250076189637,0.9977871873998083,0.5369670505315335,254,20,726,rnbqkb1r/ppp1p3/5p2/3p2pp/3P3B/4P3/PPPN1PPP/R2QKB1R w KQkq -,MODEL_PREDICTION_NOT_EMPIRICAL
TOR-09,B6,2100,maia3-79m,10,c2c3,c3,0.0005824373220093548,0.9977871873998083,0.5369670505315335,299,23,678,rnbqkb1r/ppp1p3/5p2/3p2pp/3P3B/4P3/PPPN1PPP/R2QKB1R w KQkq -,MODEL_PREDICTION_NOT_EMPIRICAL
STO-01,B6,1100,maia3-79m,1,g1f3,Nf3,0.4332951009273529,0.9895839812234044,0.7111039799462907,477,24,499,rn1qkb1r/pp2pppp/5n2/3p1b2/2pP1P2/4P3/PPP1B1PP/RNBQK1NR w KQkq -,MODEL_PREDICTION_NOT_EMPIRICAL
STO-01,B6,1100,maia3-79m,2,c2c3,c3,0.22456127405166626,0.9895839812234044,0.7111039799462907,438,24,538,rn1qkb1r/pp2pppp/5n2/3p1b2/2pP1P2/4P3/PPP1B1PP/RNBQK1NR w KQkq -,MODEL_PREDICTION_NOT_EMPIRICAL
STO-01,B6,1100,maia3-79m,3,b2b3,b3,0.11302358657121658,0.9895839812234044,0.7111039799462907,437,23,540,rn1qkb1r/pp2pppp/5n2/3p1b2/2pP1P2/4P3/PPP1B1PP/RNBQK1NR w KQkq -,MODEL_PREDICTION_NOT_EMPIRICAL
STO-01,B6,1100,maia3-79m,4,b1c3,Nc3,0.07199813425540924,0.9895839812234044,0.7111039799462907,428,23,549,rn1qkb1r/pp2pppp/5n2/3p1b2/2pP1P2/4P3/PPP1B1PP/RNBQK1NR w KQkq -,MODEL_PREDICTION_NOT_EMPIRICAL
STO-01,B6,1100,maia3-79m,5,b1d2,Nd2,0.06436218321323395,0.9895839812234044,0.7111039799462907,419,23,558,rn1qkb1r/pp2pppp/5n2/3p1b2/2pP1P2/4P3/PPP1B1PP/RNBQK1NR w KQkq -,MODEL_PREDICTION_NOT_EMPIRICAL
STO-01,B6,1100,maia3-79m,6,g2g4,g4,0.0282148327678442,0.9895839812234044,0.7111039799462907,421,24,555,rn1qkb1r/pp2pppp/5n2/3p1b2/2pP1P2/4P3/PPP1B1PP/RNBQK1NR w KQkq -,MODEL_PREDICTION_NOT_EMPIRICAL
STO-01,B6,1100,maia3-79m,7,e2f3,Bf3,0.021748198196291924,0.9895839812234044,0.7111039799462907,422,24,554,rn1qkb1r/pp2pppp/5n2/3p1b2/2pP1P2/4P3/PPP1B1PP/RNBQK1NR w KQkq -,MODEL_PREDICTION_NOT_EMPIRICAL
STO-01,B6,1100,maia3-79m,8,h2h3,h3,0.017684804275631905,0.9895839812234044,0.7111039799462907,433,23,544,rn1qkb1r/pp2pppp/5n2/3p1b2/2pP1P2/4P3/PPP1B1PP/RNBQK1NR w KQkq -,MODEL_PREDICTION_NOT_EMPIRICAL
STO-01,B6,1100,maia3-79m,9,c1d2,Bd2,0.008836934342980385,0.9895839812234044,0.7111039799462907,407,23,570,rn1qkb1r/pp2pppp/5n2/3p1b2/2pP1P2/4P3/PPP1B1PP/RNBQK1NR w KQkq -,MODEL_PREDICTION_NOT_EMPIRICAL
STO-01,B6,1100,maia3-79m,10,b1a3,Na3,0.005858932621777058,0.9895839812234044,0.7111039799462907,388,22,590,rn1qkb1r/pp2pppp/5n2/3p1b2/2pP1P2/4P3/PPP1B1PP/RNBQK1NR w KQkq -,MODEL_PREDICTION_NOT_EMPIRICAL
STO-01,B6,1300,maia3-79m,1,g1f3,Nf3,0.4180767238140106,0.9930609224829823,0.6597175595040486,485,25,490,rn1qkb1r/pp2pppp/5n2/3p1b2/2pP1P2/4P3/PPP1B1PP/RNBQK1NR w KQkq -,MODEL_PREDICTION_NOT_EMPIRICAL
STO-01,B6,1300,maia3-79m,2,c2c3,c3,0.30621060729026794,0.9930609224829823,0.6597175595040486,443,25,532,rn1qkb1r/pp2pppp/5n2/3p1b2/2pP1P2/4P3/PPP1B1PP/RNBQK1NR w KQkq -,MODEL_PREDICTION_NOT_EMPIRICAL
STO-01,B6,1300,maia3-79m,3,b2b3,b3,0.10475398600101471,0.9930609224829823,0.6597175595040486,434,24,542,rn1qkb1r/pp2pppp/5n2/3p1b2/2pP1P2/4P3/PPP1B1PP/RNBQK1NR w KQkq -,MODEL_PREDICTION_NOT_EMPIRICAL
STO-01,B6,1300,maia3-79m,4,b1d2,Nd2,0.06244787201285362,0.9930609224829823,0.6597175595040486,420,23,557,rn1qkb1r/pp2pppp/5n2/3p1b2/2pP1P2/4P3/PPP1B1PP/RNBQK1NR w KQkq -,MODEL_PREDICTION_NOT_EMPIRICAL
STO-01,B6,1300,maia3-79m,5,b1c3,Nc3,0.043443985283374786,0.9930609224829823,0.6597175595040486,433,24,543,rn1qkb1r/pp2pppp/5n2/3p1b2/2pP1P2/4P3/PPP1B1PP/RNBQK1NR w KQkq -,MODEL_PREDICTION_NOT_EMPIRICAL
STO-01,B6,1300,maia3-79m,6,g2g4,g4,0.020702842622995377,0.9930609224829823,0.6597175595040486,403,22,575,rn1qkb1r/pp2pppp/5n2/3p1b2/2pP1P2/4P3/PPP1B1PP/RNBQK1NR w KQkq -,MODEL_PREDICTION_NOT_EMPIRICAL
STO-01,B6,1300,maia3-79m,7,e2f3,Bf3,0.01862805336713791,0.9930609224829823,0.6597175595040486,425,24,551,rn1qkb1r/pp2pppp/5n2/3p1b2/2pP1P2/4P3/PPP1B1PP/RNBQK1NR w KQkq -,MODEL_PREDICTION_NOT_EMPIRICAL
STO-01,B6,1300,maia3-79m,8,h2h3,h3,0.010831010527908802,0.9930609224829823,0.6597175595040486,436,23,541,rn1qkb1r/pp2pppp/5n2/3p1b2/2pP1P2/4P3/PPP1B1PP/RNBQK1NR w KQkq -,MODEL_PREDICTION_NOT_EMPIRICAL
STO-01,B6,1300,maia3-79m,9,c1d2,Bd2,0.0061369542963802814,0.9930609224829823,0.6597175595040486,413,23,564,rn1qkb1r/pp2pppp/5n2/3p1b2/2pP1P2/4P3/PPP1B1PP/RNBQK1NR w KQkq -,MODEL_PREDICTION_NOT_EMPIRICAL
STO-01,B6,1300,maia3-79m,10,b1a3,Na3,0.0018288872670382261,0.9930609224829823,0.6597175595040486,376,22,602,rn1qkb1r/pp2pppp/5n2/3p1b2/2pP1P2/4P3/PPP1B1PP/RNBQK1NR w KQkq -,MODEL_PREDICTION_NOT_EMPIRICAL
STO-01,B6,1500,maia3-79m,1,g1f3,Nf3,0.3928893804550171,0.9955314705148339,0.614867305940921,494,27,479,rn1qkb1r/pp2pppp/5n2/3p1b2/2pP1P2/4P3/PPP1B1PP/RNBQK1NR w KQkq -,MODEL_PREDICTION_NOT_EMPIRICAL
STO-01,B6,1500,maia3-79m,2,c2c3,c3,0.38605156540870667,0.9955314705148339,0.614867305940921,459,26,515,rn1qkb1r/pp2pppp/5n2/3p1b2/2pP1P2/4P3/PPP1B1PP/RNBQK1NR w KQkq -,MODEL_PREDICTION_NOT_EMPIRICAL
STO-01,B6,1500,maia3-79m,3,b2b3,b3,0.08623789250850677,0.9955314705148339,0.614867305940921,440,25,535,rn1qkb1r/pp2pppp/5n2/3p1b2/2pP1P2/4P3/PPP1B1PP/RNBQK1NR w KQkq -,MODEL_PREDICTION_NOT_EMPIRICAL
STO-01,B6,1500,maia3-79m,4,b1d2,Nd2,0.05840146914124489,0.9955314705148339,0.614867305940921,434,25,541,rn1qkb1r/pp2pppp/5n2/3p1b2/2pP1P2/4P3/PPP1B1PP/RNBQK1NR w KQkq -,MODEL_PREDICTION_NOT_EMPIRICAL
STO-01,B6,1500,maia3-79m,5,b1c3,Nc3,0.02406424656510353,0.9955314705148339,0.614867305940921,450,25,525,rn1qkb1r/pp2pppp/5n2/3p1b2/2pP1P2/4P3/PPP1B1PP/RNBQK1NR w KQkq -,MODEL_PREDICTION_NOT_EMPIRICAL
STO-01,B6,1500,maia3-79m,6,e2f3,Bf3,0.017412284389138222,0.9955314705148339,0.614867305940921,438,26,536,rn1qkb1r/pp2pppp/5n2/3p1b2/2pP1P2/4P3/PPP1B1PP/RNBQK1NR w KQkq -,MODEL_PREDICTION_NOT_EMPIRICAL
STO-01,B6,1500,maia3-79m,7,g2g4,g4,0.015457149595022202,0.9955314705148339,0.614867305940921,407,23,570,rn1qkb1r/pp2pppp/5n2/3p1b2/2pP1P2/4P3/PPP1B1PP/RNBQK1NR w KQkq -,MODEL_PREDICTION_NOT_EMPIRICAL
STO-01,B6,1500,maia3-79m,8,h2h3,h3,0.005981536116451025,0.9955314705148339,0.614867305940921,451,25,524,rn1qkb1r/pp2pppp/5n2/3p1b2/2pP1P2/4P3/PPP1B1PP/RNBQK1NR w KQkq -,MODEL_PREDICTION_NOT_EMPIRICAL
STO-01,B6,1500,maia3-79m,9,a2a4,a4,0.004668449517339468,0.9955314705148339,0.614867305940921,431,24,545,rn1qkb1r/pp2pppp/5n2/3p1b2/2pP1P2/4P3/PPP1B1PP/RNBQK1NR w KQkq -,MODEL_PREDICTION_NOT_EMPIRICAL
STO-01,B6,1500,maia3-79m,10,c1d2,Bd2,0.004367496818304062,0.9955314705148339,0.614867305940921,431,25,544,rn1qkb1r/pp2pppp/5n2/3p1b2/2pP1P2/4P3/PPP1B1PP/RNBQK1NR w KQkq -,MODEL_PREDICTION_NOT_EMPIRICAL
STO-01,B6,1700,maia3-79m,1,c2c3,c3,0.432186484336853,0.9968229583464563,0.5803515582686524,479,30,491,rn1qkb1r/pp2pppp/5n2/3p1b2/2pP1P2/4P3/PPP1B1PP/RNBQK1NR w KQkq -,MODEL_PREDICTION_NOT_EMPIRICAL
STO-01,B6,1700,maia3-79m,2,g1f3,Nf3,0.38107818365097046,0.9968229583464563,0.5803515582686524,503,29,468,rn1qkb1r/pp2pppp/5n2/3p1b2/2pP1P2/4P3/PPP1B1PP/RNBQK1NR w KQkq -,MODEL_PREDICTION_NOT_EMPIRICAL
STO-01,B6,1700,maia3-79m,3,b2b3,b3,0.06368188560009003,0.9968229583464563,0.5803515582686524,457,28,515,rn1qkb1r/pp2pppp/5n2/3p1b2/2pP1P2/4P3/PPP1B1PP/RNBQK1NR w KQkq -,MODEL_PREDICTION_NOT_EMPIRICAL
STO-01,B6,1700,maia3-79m,4,b1d2,Nd2,0.06231880560517311,0.9968229583464563,0.5803515582686524,460,28,512,rn1qkb1r/pp2pppp/5n2/3p1b2/2pP1P2/4P3/PPP1B1PP/RNBQK1NR w KQkq -,MODEL_PREDICTION_NOT_EMPIRICAL
STO-01,B6,1700,maia3-79m,5,e2f3,Bf3,0.01810038462281227,0.9968229583464563,0.5803515582686524,456,30,514,rn1qkb1r/pp2pppp/5n2/3p1b2/2pP1P2/4P3/PPP1B1PP/RNBQK1NR w KQkq -,MODEL_PREDICTION_NOT_EMPIRICAL
STO-01,B6,1700,maia3-79m,6,b1c3,Nc3,0.01317070797085762,0.9968229583464563,0.5803515582686524,476,28,496,rn1qkb1r/pp2pppp/5n2/3p1b2/2pP1P2/4P3/PPP1B1PP/RNBQK1NR w KQkq -,MODEL_PREDICTION_NOT_EMPIRICAL
STO-01,B6,1700,maia3-79m,7,g2g4,g4,0.01091148890554905,0.9968229583464563,0.5803515582686524,420,25,555,rn1qkb1r/pp2pppp/5n2/3p1b2/2pP1P2/4P3/PPP1B1PP/RNBQK1NR w KQkq -,MODEL_PREDICTION_NOT_EMPIRICAL
STO-01,B6,1700,maia3-79m,8,a2a4,a4,0.009192093275487423,0.9968229583464563,0.5803515582686524,455,28,517,rn1qkb1r/pp2pppp/5n2/3p1b2/2pP1P2/4P3/PPP1B1PP/RNBQK1NR w KQkq -,MODEL_PREDICTION_NOT_EMPIRICAL
STO-01,B6,1700,maia3-79m,9,c1d2,Bd2,0.0032614280935376883,0.9968229583464563,0.5803515582686524,457,29,514,rn1qkb1r/pp2pppp/5n2/3p1b2/2pP1P2/4P3/PPP1B1PP/RNBQK1NR w KQkq -,MODEL_PREDICTION_NOT_EMPIRICAL
STO-01,B6,1700,maia3-79m,10,h2h3,h3,0.002921496285125613,0.9968229583464563,0.5803515582686524,468,27,505,rn1qkb1r/pp2pppp/5n2/3p1b2/2pP1P2/4P3/PPP1B1PP/RNBQK1NR w KQkq -,MODEL_PREDICTION_NOT_EMPIRICAL
STO-01,B6,1900,maia3-79m,1,c2c3,c3,0.41167008876800537,0.997971702949144,0.5698845446850568,489,35,476,rn1qkb1r/pp2pppp/5n2/3p1b2/2pP1P2/4P3/PPP1B1PP/RNBQK1NR w KQkq -,MODEL_PREDICTION_NOT_EMPIRICAL
STO-01,B6,1900,maia3-79m,2,g1f3,Nf3,0.40813469886779785,0.997971702949144,0.5698845446850568,509,35,456,rn1qkb1r/pp2pppp/5n2/3p1b2/2pP1P2/4P3/PPP1B1PP/RNBQK1NR w KQkq -,MODEL_PREDICTION_NOT_EMPIRICAL
STO-01,B6,1900,maia3-79m,3,b1d2,Nd2,0.0716765746474266,0.997971702949144,0.5698845446850568,481,33,486,rn1qkb1r/pp2pppp/5n2/3p1b2/2pP1P2/4P3/PPP1B1PP/RNBQK1NR w KQkq -,MODEL_PREDICTION_NOT_EMPIRICAL
STO-01,B6,1900,maia3-79m,4,b2b3,b3,0.05289072543382645,0.997971702949144,0.5698845446850568,472,32,496,rn1qkb1r/pp2pppp/5n2/3p1b2/2pP1P2/4P3/PPP1B1PP/RNBQK1NR w KQkq -,MODEL_PREDICTION_NOT_EMPIRICAL
STO-01,B6,1900,maia3-79m,5,e2f3,Bf3,0.022636910900473595,0.997971702949144,0.5698845446850568,466,35,499,rn1qkb1r/pp2pppp/5n2/3p1b2/2pP1P2/4P3/PPP1B1PP/RNBQK1NR w KQkq -,MODEL_PREDICTION_NOT_EMPIRICAL
STO-01,B6,1900,maia3-79m,6,a2a4,a4,0.011341053061187267,0.997971702949144,0.5698845446850568,470,32,498,rn1qkb1r/pp2pppp/5n2/3p1b2/2pP1P2/4P3/PPP1B1PP/RNBQK1NR w KQkq -,MODEL_PREDICTION_NOT_EMPIRICAL
STO-01,B6,1900,maia3-79m,7,g2g4,g4,0.008491545915603638,0.997971702949144,0.5698845446850568,432,28,540,rn1qkb1r/pp2pppp/5n2/3p1b2/2pP1P2/4P3/PPP1B1PP/RNBQK1NR w KQkq -,MODEL_PREDICTION_NOT_EMPIRICAL
STO-01,B6,1900,maia3-79m,8,b1c3,Nc3,0.007390469778329134,0.997971702949144,0.5698845446850568,495,33,472,rn1qkb1r/pp2pppp/5n2/3p1b2/2pP1P2/4P3/PPP1B1PP/RNBQK1NR w KQkq -,MODEL_PREDICTION_NOT_EMPIRICAL
STO-01,B6,1900,maia3-79m,9,c1d2,Bd2,0.0023166027385741472,0.997971702949144,0.5698845446850568,473,34,493,rn1qkb1r/pp2pppp/5n2/3p1b2/2pP1P2/4P3/PPP1B1PP/RNBQK1NR w KQkq -,MODEL_PREDICTION_NOT_EMPIRICAL
STO-01,B6,1900,maia3-79m,10,h2h3,h3,0.0014230328379198909,0.997971702949144,0.5698845446850568,474,31,495,rn1qkb1r/pp2pppp/5n2/3p1b2/2pP1P2/4P3/PPP1B1PP/RNBQK1NR w KQkq -,MODEL_PREDICTION_NOT_EMPIRICAL
STO-01,B6,2100,maia3-79m,1,g1f3,Nf3,0.47473010420799255,0.9986626919126138,0.5722348100554189,507,44,449,rn1qkb1r/pp2pppp/5n2/3p1b2/2pP1P2/4P3/PPP1B1PP/RNBQK1NR w KQkq -,MODEL_PREDICTION_NOT_EMPIRICAL
STO-01,B6,2100,maia3-79m,2,c2c3,c3,0.3301084637641907,0.9986626919126138,0.5722348100554189,488,43,469,rn1qkb1r/pp2pppp/5n2/3p1b2/2pP1P2/4P3/PPP1B1PP/RNBQK1NR w KQkq -,MODEL_PREDICTION_NOT_EMPIRICAL
STO-01,B6,2100,maia3-79m,3,b2b3,b3,0.07108931988477707,0.9986626919126138,0.5722348100554189,484,39,477,rn1qkb1r/pp2pppp/5n2/3p1b2/2pP1P2/4P3/PPP1B1PP/RNBQK1NR w KQkq -,MODEL_PREDICTION_NOT_EMPIRICAL
STO-01,B6,2100,maia3-79m,4,b1d2,Nd2,0.06953636556863785,0.9986626919126138,0.5722348100554189,485,40,475,rn1qkb1r/pp2pppp/5n2/3p1b2/2pP1P2/4P3/PPP1B1PP/RNBQK1NR w KQkq -,MODEL_PREDICTION_NOT_EMPIRICAL
STO-01,B6,2100,maia3-79m,5,e2f3,Bf3,0.028884582221508026,0.9986626919126138,0.5722348100554189,469,43,488,rn1qkb1r/pp2pppp/5n2/3p1b2/2pP1P2/4P3/PPP1B1PP/RNBQK1NR w KQkq -,MODEL_PREDICTION_NOT_EMPIRICAL
STO-01,B6,2100,maia3-79m,6,a2a4,a4,0.009031219407916069,0.9986626919126138,0.5722348100554189,476,41,483,rn1qkb1r/pp2pppp/5n2/3p1b2/2pP1P2/4P3/PPP1B1PP/RNBQK1NR w KQkq -,MODEL_PREDICTION_NOT_EMPIRICAL
STO-01,B6,2100,maia3-79m,7,g2g4,g4,0.008799627423286438,0.9986626919126138,0.5722348100554189,445,34,521,rn1qkb1r/pp2pppp/5n2/3p1b2/2pP1P2/4P3/PPP1B1PP/RNBQK1NR w KQkq -,MODEL_PREDICTION_NOT_EMPIRICAL
STO-01,B6,2100,maia3-79m,8,b1c3,Nc3,0.00426851212978363,0.9986626919126138,0.5722348100554189,502,40,458,rn1qkb1r/pp2pppp/5n2/3p1b2/2pP1P2/4P3/PPP1B1PP/RNBQK1NR w KQkq -,MODEL_PREDICTION_NOT_EMPIRICAL
STO-01,B6,2100,maia3-79m,9,c1d2,Bd2,0.0015178958419710398,0.9986626919126138,0.5722348100554189,475,42,483,rn1qkb1r/pp2pppp/5n2/3p1b2/2pP1P2/4P3/PPP1B1PP/RNBQK1NR w KQkq -,MODEL_PREDICTION_NOT_EMPIRICAL
STO-01,B6,2100,maia3-79m,10,h2h3,h3,0.0006966014625504613,0.9986626919126138,0.5722348100554189,472,39,489,rn1qkb1r/pp2pppp/5n2/3p1b2/2pP1P2/4P3/PPP1B1PP/RNBQK1NR w KQkq -,MODEL_PREDICTION_NOT_EMPIRICAL
BDG-01,B6,1100,maia3-79m,1,f1c4,Bc4,0.25870785117149353,0.9395371004939079,0.8323949299508487,522,22,456,rn1qkb1r/ppp1pppp/5n2/5b2/3P4/2N2N2/PPP3PP/R1BQKB1R w KQkq -,MODEL_PREDICTION_NOT_EMPIRICAL
BDG-01,B6,1100,maia3-79m,2,f1d3,Bd3,0.2413967102766037,0.9395371004939079,0.8323949299508487,516,30,454,rn1qkb1r/ppp1pppp/5n2/5b2/3P4/2N2N2/PPP3PP/R1BQKB1R w KQkq -,MODEL_PREDICTION_NOT_EMPIRICAL
BDG-01,B6,1100,maia3-79m,3,c1f4,Bf4,0.08376999199390411,0.9395371004939079,0.8323949299508487,534,23,443,rn1qkb1r/ppp1pppp/5n2/5b2/3P4/2N2N2/PPP3PP/R1BQKB1R w KQkq -,MODEL_PREDICTION_NOT_EMPIRICAL
BDG-01,B6,1100,maia3-79m,4,c1g5,Bg5,0.07838797569274902,0.9395371004939079,0.8323949299508487,492,26,482,rn1qkb1r/ppp1pppp/5n2/5b2/3P4/2N2N2/PPP3PP/R1BQKB1R w KQkq -,MODEL_PREDICTION_NOT_EMPIRICAL
BDG-01,B6,1100,maia3-79m,5,f3e5,Ne5,0.0768859013915062,0.9395371004939079,0.8323949299508487,504,22,474,rn1qkb1r/ppp1pppp/5n2/5b2/3P4/2N2N2/PPP3PP/R1BQKB1R w KQkq -,MODEL_PREDICTION_NOT_EMPIRICAL
BDG-01,B6,1100,maia3-79m,6,c1e3,Be3,0.07418539375066757,0.9395371004939079,0.8323949299508487,467,25,508,rn1qkb1r/ppp1pppp/5n2/5b2/3P4/2N2N2/PPP3PP/R1BQKB1R w KQkq -,MODEL_PREDICTION_NOT_EMPIRICAL
BDG-01,B6,1100,maia3-79m,7,f1b5,Bb5+,0.054143570363521576,0.9395371004939079,0.8323949299508487,487,28,485,rn1qkb1r/ppp1pppp/5n2/5b2/3P4/2N2N2/PPP3PP/R1BQKB1R w KQkq -,MODEL_PREDICTION_NOT_EMPIRICAL
BDG-01,B6,1100,maia3-79m,8,h2h3,h3,0.027154723182320595,0.9395371004939079,0.8323949299508487,484,27,489,rn1qkb1r/ppp1pppp/5n2/5b2/3P4/2N2N2/PPP3PP/R1BQKB1R w KQkq -,MODEL_PREDICTION_NOT_EMPIRICAL
BDG-01,B6,1100,maia3-79m,9,f3h4,Nh4,0.023380231112241745,0.9395371004939079,0.8323949299508487,482,25,493,rn1qkb1r/ppp1pppp/5n2/5b2/3P4/2N2N2/PPP3PP/R1BQKB1R w KQkq -,MODEL_PREDICTION_NOT_EMPIRICAL
BDG-01,B6,1100,maia3-79m,10,d4d5,d5,0.02152475155889988,0.9395371004939079,0.8323949299508487,530,26,444,rn1qkb1r/ppp1pppp/5n2/5b2/3P4/2N2N2/PPP3PP/R1BQKB1R w KQkq -,MODEL_PREDICTION_NOT_EMPIRICAL
BDG-01,B6,1300,maia3-79m,1,f1c4,Bc4,0.316545695066452,0.9585035052150488,0.8189262344995349,526,21,453,rn1qkb1r/ppp1pppp/5n2/5b2/3P4/2N2N2/PPP3PP/R1BQKB1R w KQkq -,MODEL_PREDICTION_NOT_EMPIRICAL
BDG-01,B6,1300,maia3-79m,2,f1d3,Bd3,0.22454287111759186,0.9585035052150488,0.8189262344995349,523,29,448,rn1qkb1r/ppp1pppp/5n2/5b2/3P4/2N2N2/PPP3PP/R1BQKB1R w KQkq -,MODEL_PREDICTION_NOT_EMPIRICAL
BDG-01,B6,1300,maia3-79m,3,c1e3,Be3,0.09449168294668198,0.9585035052150488,0.8189262344995349,474,24,502,rn1qkb1r/ppp1pppp/5n2/5b2/3P4/2N2N2/PPP3PP/R1BQKB1R w KQkq -,MODEL_PREDICTION_NOT_EMPIRICAL
BDG-01,B6,1300,maia3-79m,4,c1g5,Bg5,0.07397720962762833,0.9585035052150488,0.8189262344995349,491,25,484,rn1qkb1r/ppp1pppp/5n2/5b2/3P4/2N2N2/PPP3PP/R1BQKB1R w KQkq -,MODEL_PREDICTION_NOT_EMPIRICAL
BDG-01,B6,1300,maia3-79m,5,f3e5,Ne5,0.06796692311763763,0.9585035052150488,0.8189262344995349,508,21,471,rn1qkb1r/ppp1pppp/5n2/5b2/3P4/2N2N2/PPP3PP/R1BQKB1R w KQkq -,MODEL_PREDICTION_NOT_EMPIRICAL
BDG-01,B6,1300,maia3-79m,6,c1f4,Bf4,0.05815925821661949,0.9585035052150488,0.8189262344995349,539,22,439,rn1qkb1r/ppp1pppp/5n2/5b2/3P4/2N2N2/PPP3PP/R1BQKB1R w KQkq -,MODEL_PREDICTION_NOT_EMPIRICAL
BDG-01,B6,1300,maia3-79m,7,f1b5,Bb5+,0.046094540506601334,0.9585035052150488,0.8189262344995349,492,27,481,rn1qkb1r/ppp1pppp/5n2/5b2/3P4/2N2N2/PPP3PP/R1BQKB1R w KQkq -,MODEL_PREDICTION_NOT_EMPIRICAL
BDG-01,B6,1300,maia3-79m,8,h2h3,h3,0.030616575852036476,0.9585035052150488,0.8189262344995349,478,25,497,rn1qkb1r/ppp1pppp/5n2/5b2/3P4/2N2N2/PPP3PP/R1BQKB1R w KQkq -,MODEL_PREDICTION_NOT_EMPIRICAL
BDG-01,B6,1300,maia3-79m,9,f1e2,Be2,0.023619970306754112,0.9585035052150488,0.8189262344995349,486,25,489,rn1qkb1r/ppp1pppp/5n2/5b2/3P4/2N2N2/PPP3PP/R1BQKB1R w KQkq -,MODEL_PREDICTION_NOT_EMPIRICAL
BDG-01,B6,1300,maia3-79m,10,f3h4,Nh4,0.022488778457045555,0.9585035052150488,0.8189262344995349,490,23,487,rn1qkb1r/ppp1pppp/5n2/5b2/3P4/2N2N2/PPP3PP/R1BQKB1R w KQkq -,MODEL_PREDICTION_NOT_EMPIRICAL
BDG-01,B6,1500,maia3-79m,1,f1c4,Bc4,0.3845885694026947,0.9725034367293119,0.7839821217081342,528,22,450,rn1qkb1r/ppp1pppp/5n2/5b2/3P4/2N2N2/PPP3PP/R1BQKB1R w KQkq -,MODEL_PREDICTION_NOT_EMPIRICAL
BDG-01,B6,1500,maia3-79m,2,f1d3,Bd3,0.2088651955127716,0.9725034367293119,0.7839821217081342,532,29,439,rn1qkb1r/ppp1pppp/5n2/5b2/3P4/2N2N2/PPP3PP/R1BQKB1R w KQkq -,MODEL_PREDICTION_NOT_EMPIRICAL
BDG-01,B6,1500,maia3-79m,3,c1e3,Be3,0.09290176630020142,0.9725034367293119,0.7839821217081342,483,24,493,rn1qkb1r/ppp1pppp/5n2/5b2/3P4/2N2N2/PPP3PP/R1BQKB1R w KQkq -,MODEL_PREDICTION_NOT_EMPIRICAL
BDG-01,B6,1500,maia3-79m,4,c1g5,Bg5,0.0667991042137146,0.9725034367293119,0.7839821217081342,494,25,481,rn1qkb1r/ppp1pppp/5n2/5b2/3P4/2N2N2/PPP3PP/R1BQKB1R w KQkq -,MODEL_PREDICTION_NOT_EMPIRICAL
BDG-01,B6,1500,maia3-79m,5,f3e5,Ne5,0.0644187182188034,0.9725034367293119,0.7839821217081342,508,22,470,rn1qkb1r/ppp1pppp/5n2/5b2/3P4/2N2N2/PPP3PP/R1BQKB1R w KQkq -,MODEL_PREDICTION_NOT_EMPIRICAL
BDG-01,B6,1500,maia3-79m,6,c1f4,Bf4,0.040761806070804596,0.9725034367293119,0.7839821217081342,540,22,438,rn1qkb1r/ppp1pppp/5n2/5b2/3P4/2N2N2/PPP3PP/R1BQKB1R w KQkq -,MODEL_PREDICTION_NOT_EMPIRICAL
BDG-01,B6,1500,maia3-79m,7,f1b5,Bb5+,0.039365608245134354,0.9725034367293119,0.7839821217081342,498,27,475,rn1qkb1r/ppp1pppp/5n2/5b2/3P4/2N2N2/PPP3PP/R1BQKB1R w KQkq -,MODEL_PREDICTION_NOT_EMPIRICAL
BDG-01,B6,1500,maia3-79m,8,h2h3,h3,0.030984878540039062,0.9725034367293119,0.7839821217081342,480,25,495,rn1qkb1r/ppp1pppp/5n2/5b2/3P4/2N2N2/PPP3PP/R1BQKB1R w KQkq -,MODEL_PREDICTION_NOT_EMPIRICAL
BDG-01,B6,1500,maia3-79m,9,f1e2,Be2,0.02502354420721531,0.9725034367293119,0.7839821217081342,497,25,478,rn1qkb1r/ppp1pppp/5n2/5b2/3P4/2N2N2/PPP3PP/R1BQKB1R w KQkq -,MODEL_PREDICTION_NOT_EMPIRICAL
BDG-01,B6,1500,maia3-79m,10,f3h4,Nh4,0.018794246017932892,0.9725034367293119,0.7839821217081342,494,24,482,rn1qkb1r/ppp1pppp/5n2/5b2/3P4/2N2N2/PPP3PP/R1BQKB1R w KQkq -,MODEL_PREDICTION_NOT_EMPIRICAL
BDG-01,B6,1700,maia3-79m,1,f1c4,Bc4,0.46472862362861633,0.9817840922623873,0.7280854909779894,533,23,444,rn1qkb1r/ppp1pppp/5n2/5b2/3P4/2N2N2/PPP3PP/R1BQKB1R w KQkq -,MODEL_PREDICTION_NOT_EMPIRICAL
BDG-01,B6,1700,maia3-79m,2,f1d3,Bd3,0.18770217895507812,0.9817840922623873,0.7280854909779894,539,31,430,rn1qkb1r/ppp1pppp/5n2/5b2/3P4/2N2N2/PPP3PP/R1BQKB1R w KQkq -,MODEL_PREDICTION_NOT_EMPIRICAL
BDG-01,B6,1700,maia3-79m,3,c1e3,Be3,0.07327510416507721,0.9817840922623873,0.7280854909779894,493,26,481,rn1qkb1r/ppp1pppp/5n2/5b2/3P4/2N2N2/PPP3PP/R1BQKB1R w KQkq -,MODEL_PREDICTION_NOT_EMPIRICAL
BDG-01,B6,1700,maia3-79m,4,f3e5,Ne5,0.07062648236751556,0.9817840922623873,0.7280854909779894,512,23,465,rn1qkb1r/ppp1pppp/5n2/5b2/3P4/2N2N2/PPP3PP/R1BQKB1R w KQkq -,MODEL_PREDICTION_NOT_EMPIRICAL
BDG-01,B6,1700,maia3-79m,5,c1g5,Bg5,0.05911506339907646,0.9817840922623873,0.7280854909779894,502,26,472,rn1qkb1r/ppp1pppp/5n2/5b2/3P4/2N2N2/PPP3PP/R1BQKB1R w KQkq -,MODEL_PREDICTION_NOT_EMPIRICAL
BDG-01,B6,1700,maia3-79m,6,f1b5,Bb5+,0.031130481511354446,0.9817840922623873,0.7280854909779894,502,30,468,rn1qkb1r/ppp1pppp/5n2/5b2/3P4/2N2N2/PPP3PP/R1BQKB1R w KQkq -,MODEL_PREDICTION_NOT_EMPIRICAL
BDG-01,B6,1700,maia3-79m,7,h2h3,h3,0.030119165778160095,0.9817840922623873,0.7280854909779894,487,27,486,rn1qkb1r/ppp1pppp/5n2/5b2/3P4/2N2N2/PPP3PP/R1BQKB1R w KQkq -,MODEL_PREDICTION_NOT_EMPIRICAL
BDG-01,B6,1700,maia3-79m,8,c1f4,Bf4,0.029938576743006706,0.9817840922623873,0.7280854909779894,543,24,433,rn1qkb1r/ppp1pppp/5n2/5b2/3P4/2N2N2/PPP3PP/R1BQKB1R w KQkq -,MODEL_PREDICTION_NOT_EMPIRICAL
BDG-01,B6,1700,maia3-79m,9,f1e2,Be2,0.01907787285745144,0.9817840922623873,0.7280854909779894,508,27,465,rn1qkb1r/ppp1pppp/5n2/5b2/3P4/2N2N2/PPP3PP/R1BQKB1R w KQkq -,MODEL_PREDICTION_NOT_EMPIRICAL
BDG-01,B6,1700,maia3-79m,10,f3h4,Nh4,0.016070542857050896,0.9817840922623873,0.7280854909779894,502,25,473,rn1qkb1r/ppp1pppp/5n2/5b2/3P4/2N2N2/PPP3PP/R1BQKB1R w KQkq -,MODEL_PREDICTION_NOT_EMPIRICAL
BDG-01,B6,1900,maia3-79m,1,f1c4,Bc4,0.5455112457275391,0.9879870573058724,0.65550707142997,540,26,434,rn1qkb1r/ppp1pppp/5n2/5b2/3P4/2N2N2/PPP3PP/R1BQKB1R w KQkq -,MODEL_PREDICTION_NOT_EMPIRICAL
BDG-01,B6,1900,maia3-79m,2,f1d3,Bd3,0.15162059664726257,0.9879870573058724,0.65550707142997,544,35,421,rn1qkb1r/ppp1pppp/5n2/5b2/3P4/2N2N2/PPP3PP/R1BQKB1R w KQkq -,MODEL_PREDICTION_NOT_EMPIRICAL
BDG-01,B6,1900,maia3-79m,3,f3e5,Ne5,0.10082439333200455,0.9879870573058724,0.65550707142997,521,26,453,rn1qkb1r/ppp1pppp/5n2/5b2/3P4/2N2N2/PPP3PP/R1BQKB1R w KQkq -,MODEL_PREDICTION_NOT_EMPIRICAL
BDG-01,B6,1900,maia3-79m,4,c1g5,Bg5,0.04981089010834694,0.9879870573058724,0.65550707142997,512,29,459,rn1qkb1r/ppp1pppp/5n2/5b2/3P4/2N2N2/PPP3PP/R1BQKB1R w KQkq -,MODEL_PREDICTION_NOT_EMPIRICAL
BDG-01,B6,1900,maia3-79m,5,c1e3,Be3,0.044099874794483185,0.9879870573058724,0.65550707142997,498,29,473,rn1qkb1r/ppp1pppp/5n2/5b2/3P4/2N2N2/PPP3PP/R1BQKB1R w KQkq -,MODEL_PREDICTION_NOT_EMPIRICAL
BDG-01,B6,1900,maia3-79m,6,h2h3,h3,0.027461057528853416,0.9879870573058724,0.65550707142997,492,29,479,rn1qkb1r/ppp1pppp/5n2/5b2/3P4/2N2N2/PPP3PP/R1BQKB1R w KQkq -,MODEL_PREDICTION_NOT_EMPIRICAL
BDG-01,B6,1900,maia3-79m,7,f1b5,Bb5+,0.022459834814071655,0.9879870573058724,0.65550707142997,502,34,464,rn1qkb1r/ppp1pppp/5n2/5b2/3P4/2N2N2/PPP3PP/R1BQKB1R w KQkq -,MODEL_PREDICTION_NOT_EMPIRICAL
BDG-01,B6,1900,maia3-79m,8,c1f4,Bf4,0.02223486639559269,0.9879870573058724,0.65550707142997,547,26,427,rn1qkb1r/ppp1pppp/5n2/5b2/3P4/2N2N2/PPP3PP/R1BQKB1R w KQkq -,MODEL_PREDICTION_NOT_EMPIRICAL
BDG-01,B6,1900,maia3-79m,9,f3h4,Nh4,0.013779345899820328,0.9879870573058724,0.65550707142997,507,28,465,rn1qkb1r/ppp1pppp/5n2/5b2/3P4/2N2N2/PPP3PP/R1BQKB1R w KQkq -,MODEL_PREDICTION_NOT_EMPIRICAL
BDG-01,B6,1900,maia3-79m,10,f1e2,Be2,0.010184952057898045,0.9879870573058724,0.65550707142997,518,30,452,rn1qkb1r/ppp1pppp/5n2/5b2/3P4/2N2N2/PPP3PP/R1BQKB1R w KQkq -,MODEL_PREDICTION_NOT_EMPIRICAL
BDG-01,B6,2100,maia3-79m,1,f1c4,Bc4,0.5727971792221069,0.9914801730774343,0.5964730281673396,536,31,433,rn1qkb1r/ppp1pppp/5n2/5b2/3P4/2N2N2/PPP3PP/R1BQKB1R w KQkq -,MODEL_PREDICTION_NOT_EMPIRICAL
BDG-01,B6,2100,maia3-79m,2,f3e5,Ne5,0.17663420736789703,0.9914801730774343,0.5964730281673396,523,32,445,rn1qkb1r/ppp1pppp/5n2/5b2/3P4/2N2N2/PPP3PP/R1BQKB1R w KQkq -,MODEL_PREDICTION_NOT_EMPIRICAL
BDG-01,B6,2100,maia3-79m,3,f1d3,Bd3,0.10832913219928741,0.9914801730774343,0.5964730281673396,543,42,415,rn1qkb1r/ppp1pppp/5n2/5b2/3P4/2N2N2/PPP3PP/R1BQKB1R w KQkq -,MODEL_PREDICTION_NOT_EMPIRICAL
BDG-01,B6,2100,maia3-79m,4,c1g5,Bg5,0.04169407859444618,0.9914801730774343,0.5964730281673396,512,34,454,rn1qkb1r/ppp1pppp/5n2/5b2/3P4/2N2N2/PPP3PP/R1BQKB1R w KQkq -,MODEL_PREDICTION_NOT_EMPIRICAL
BDG-01,B6,2100,maia3-79m,5,h2h3,h3,0.02466229721903801,0.9914801730774343,0.5964730281673396,485,35,480,rn1qkb1r/ppp1pppp/5n2/5b2/3P4/2N2N2/PPP3PP/R1BQKB1R w KQkq -,MODEL_PREDICTION_NOT_EMPIRICAL
BDG-01,B6,2100,maia3-79m,6,c1e3,Be3,0.01993841491639614,0.9914801730774343,0.5964730281673396,490,34,476,rn1qkb1r/ppp1pppp/5n2/5b2/3P4/2N2N2/PPP3PP/R1BQKB1R w KQkq -,MODEL_PREDICTION_NOT_EMPIRICAL
BDG-01,B6,2100,maia3-79m,7,c1f4,Bf4,0.017658527940511703,0.9914801730774343,0.5964730281673396,541,31,428,rn1qkb1r/ppp1pppp/5n2/5b2/3P4/2N2N2/PPP3PP/R1BQKB1R w KQkq -,MODEL_PREDICTION_NOT_EMPIRICAL
BDG-01,B6,2100,maia3-79m,8,f1b5,Bb5+,0.015073688700795174,0.9914801730774343,0.5964730281673396,494,40,466,rn1qkb1r/ppp1pppp/5n2/5b2/3P4/2N2N2/PPP3PP/R1BQKB1R w KQkq -,MODEL_PREDICTION_NOT_EMPIRICAL
BDG-01,B6,2100,maia3-79m,9,f3h4,Nh4,0.01038740947842598,0.9914801730774343,0.5964730281673396,513,33,454,rn1qkb1r/ppp1pppp/5n2/5b2/3P4/2N2N2/PPP3PP/R1BQKB1R w KQkq -,MODEL_PREDICTION_NOT_EMPIRICAL
BDG-01,B6,2100,maia3-79m,10,f1e2,Be2,0.00430523743852973,0.9914801730774343,0.5964730281673396,513,36,451,rn1qkb1r/ppp1pppp/5n2/5b2/3P4/2N2N2/PPP3PP/R1BQKB1R w KQkq -,MODEL_PREDICTION_NOT_EMPIRICAL
ORD-10,B7,1100,maia3-79m,1,b2b3,b3,0.42985713481903076,0.9579141279682517,0.7198687057456986,394,20,586,rnb1kb1r/pp2pppp/1q3n2/3p4/3N1B2/7P/PPP1PPP1/RN1QKB1R w KQkq -,MODEL_PREDICTION_NOT_EMPIRICAL
ORD-10,B7,1100,maia3-79m,2,e2e3,e3,0.2113732397556305,0.9579141279682517,0.7198687057456986,455,19,526,rnb1kb1r/pp2pppp/1q3n2/3p4/3N1B2/7P/PPP1PPP1/RN1QKB1R w KQkq -,MODEL_PREDICTION_NOT_EMPIRICAL
ORD-10,B7,1100,maia3-79m,3,d4b3,Nb3,0.10201767832040787,0.9579141279682517,0.7198687057456986,453,20,527,rnb1kb1r/pp2pppp/1q3n2/3p4/3N1B2/7P/PPP1PPP1/RN1QKB1R w KQkq -,MODEL_PREDICTION_NOT_EMPIRICAL
ORD-10,B7,1100,maia3-79m,4,b1c3,Nc3,0.04517044872045517,0.9579141279682517,0.7198687057456986,446,20,534,rnb1kb1r/pp2pppp/1q3n2/3p4/3N1B2/7P/PPP1PPP1/RN1QKB1R w KQkq -,MODEL_PREDICTION_NOT_EMPIRICAL
ORD-10,B7,1100,maia3-79m,5,c2c3,c3,0.04493551328778267,0.9579141279682517,0.7198687057456986,401,20,579,rnb1kb1r/pp2pppp/1q3n2/3p4/3N1B2/7P/PPP1PPP1/RN1QKB1R w KQkq -,MODEL_PREDICTION_NOT_EMPIRICAL
ORD-10,B7,1100,maia3-79m,6,f4e3,Be3,0.03767608851194382,0.9579141279682517,0.7198687057456986,388,19,593,rnb1kb1r/pp2pppp/1q3n2/3p4/3N1B2/7P/PPP1PPP1/RN1QKB1R w KQkq -,MODEL_PREDICTION_NOT_EMPIRICAL
ORD-10,B7,1100,maia3-79m,7,d1c1,Qc1,0.026291918009519577,0.9579141279682517,0.7198687057456986,257,16,727,rnb1kb1r/pp2pppp/1q3n2/3p4/3N1B2/7P/PPP1PPP1/RN1QKB1R w KQkq -,MODEL_PREDICTION_NOT_EMPIRICAL
ORD-10,B7,1100,maia3-79m,8,f4c1,Bc1,0.02385437674820423,0.9579141279682517,0.7198687057456986,369,20,611,rnb1kb1r/pp2pppp/1q3n2/3p4/3N1B2/7P/PPP1PPP1/RN1QKB1R w KQkq -,MODEL_PREDICTION_NOT_EMPIRICAL
ORD-10,B7,1100,maia3-79m,9,d4f3,Nf3,0.023058975115418434,0.9579141279682517,0.7198687057456986,373,20,607,rnb1kb1r/pp2pppp/1q3n2/3p4/3N1B2/7P/PPP1PPP1/RN1QKB1R w KQkq -,MODEL_PREDICTION_NOT_EMPIRICAL
ORD-10,B7,1100,maia3-79m,10,f4h2,Bh2,0.013678754679858685,0.9579141279682517,0.7198687057456986,347,19,634,rnb1kb1r/pp2pppp/1q3n2/3p4/3N1B2/7P/PPP1PPP1/RN1QKB1R w KQkq -,MODEL_PREDICTION_NOT_EMPIRICAL
ORD-10,B7,1300,maia3-79m,1,b2b3,b3,0.45248302817344666,0.9614727757871151,0.6914451994484517,377,19,604,rnb1kb1r/pp2pppp/1q3n2/3p4/3N1B2/7P/PPP1PPP1/RN1QKB1R w KQkq -,MODEL_PREDICTION_NOT_EMPIRICAL
ORD-10,B7,1300,maia3-79m,2,d4b3,Nb3,0.20408938825130463,0.9614727757871151,0.6914451994484517,452,20,528,rnb1kb1r/pp2pppp/1q3n2/3p4/3N1B2/7P/PPP1PPP1/RN1QKB1R w KQkq -,MODEL_PREDICTION_NOT_EMPIRICAL
ORD-10,B7,1300,maia3-79m,3,e2e3,e3,0.12591198086738586,0.9614727757871151,0.6914451994484517,452,20,528,rnb1kb1r/pp2pppp/1q3n2/3p4/3N1B2/7P/PPP1PPP1/RN1QKB1R w KQkq -,MODEL_PREDICTION_NOT_EMPIRICAL
ORD-10,B7,1300,maia3-79m,4,f4c1,Bc1,0.03408094495534897,0.9614727757871151,0.6914451994484517,352,19,629,rnb1kb1r/pp2pppp/1q3n2/3p4/3N1B2/7P/PPP1PPP1/RN1QKB1R w KQkq -,MODEL_PREDICTION_NOT_EMPIRICAL
ORD-10,B7,1300,maia3-79m,5,b1c3,Nc3,0.030911842361092567,0.9614727757871151,0.6914451994484517,431,19,550,rnb1kb1r/pp2pppp/1q3n2/3p4/3N1B2/7P/PPP1PPP1/RN1QKB1R w KQkq -,MODEL_PREDICTION_NOT_EMPIRICAL
ORD-10,B7,1300,maia3-79m,6,d1c1,Qc1,0.03037107177078724,0.9614727757871151,0.6914451994484517,222,14,764,rnb1kb1r/pp2pppp/1q3n2/3p4/3N1B2/7P/PPP1PPP1/RN1QKB1R w KQkq -,MODEL_PREDICTION_NOT_EMPIRICAL
ORD-10,B7,1300,maia3-79m,7,f4e3,Be3,0.029268305748701096,0.9614727757871151,0.6914451994484517,374,18,608,rnb1kb1r/pp2pppp/1q3n2/3p4/3N1B2/7P/PPP1PPP1/RN1QKB1R w KQkq -,MODEL_PREDICTION_NOT_EMPIRICAL
ORD-10,B7,1300,maia3-79m,8,c2c3,c3,0.023767657577991486,0.9614727757871151,0.6914451994484517,402,19,579,rnb1kb1r/pp2pppp/1q3n2/3p4/3N1B2/7P/PPP1PPP1/RN1QKB1R w KQkq -,MODEL_PREDICTION_NOT_EMPIRICAL
ORD-10,B7,1300,maia3-79m,9,d4f3,Nf3,0.018803846091032028,0.9614727757871151,0.6914451994484517,366,19,615,rnb1kb1r/pp2pppp/1q3n2/3p4/3N1B2/7P/PPP1PPP1/RN1QKB1R w KQkq -,MODEL_PREDICTION_NOT_EMPIRICAL
ORD-10,B7,1300,maia3-79m,10,f4h2,Bh2,0.011784709990024567,0.9614727757871151,0.6914451994484517,338,18,644,rnb1kb1r/pp2pppp/1q3n2/3p4/3N1B2/7P/PPP1PPP1/RN1QKB1R w KQkq -,MODEL_PREDICTION_NOT_EMPIRICAL
ORD-10,B7,1500,maia3-79m,1,b2b3,b3,0.4223322570323944,0.9647526303306222,0.6598198953674359,374,20,606,rnb1kb1r/pp2pppp/1q3n2/3p4/3N1B2/7P/PPP1PPP1/RN1QKB1R w KQkq -,MODEL_PREDICTION_NOT_EMPIRICAL
ORD-10,B7,1500,maia3-79m,2,d4b3,Nb3,0.29780375957489014,0.9647526303306222,0.6598198953674359,451,23,526,rnb1kb1r/pp2pppp/1q3n2/3p4/3N1B2/7P/PPP1PPP1/RN1QKB1R w KQkq -,MODEL_PREDICTION_NOT_EMPIRICAL
ORD-10,B7,1500,maia3-79m,3,e2e3,e3,0.08830440044403076,0.9647526303306222,0.6598198953674359,456,21,523,rnb1kb1r/pp2pppp/1q3n2/3p4/3N1B2/7P/PPP1PPP1/RN1QKB1R w KQkq -,MODEL_PREDICTION_NOT_EMPIRICAL
ORD-10,B7,1500,maia3-79m,4,f4c1,Bc1,0.04293683543801308,0.9647526303306222,0.6598198953674359,341,20,639,rnb1kb1r/pp2pppp/1q3n2/3p4/3N1B2/7P/PPP1PPP1/RN1QKB1R w KQkq -,MODEL_PREDICTION_NOT_EMPIRICAL
ORD-10,B7,1500,maia3-79m,5,d1c1,Qc1,0.02735265903174877,0.9647526303306222,0.6598198953674359,207,14,779,rnb1kb1r/pp2pppp/1q3n2/3p4/3N1B2/7P/PPP1PPP1/RN1QKB1R w KQkq -,MODEL_PREDICTION_NOT_EMPIRICAL
ORD-10,B7,1500,maia3-79m,6,b1c3,Nc3,0.024919230490922928,0.9647526303306222,0.6598198953674359,442,19,539,rnb1kb1r/pp2pppp/1q3n2/3p4/3N1B2/7P/PPP1PPP1/RN1QKB1R w KQkq -,MODEL_PREDICTION_NOT_EMPIRICAL
ORD-10,B7,1500,maia3-79m,7,f4e3,Be3,0.018953068181872368,0.9647526303306222,0.6598198953674359,366,19,615,rnb1kb1r/pp2pppp/1q3n2/3p4/3N1B2/7P/PPP1PPP1/RN1QKB1R w KQkq -,MODEL_PREDICTION_NOT_EMPIRICAL
ORD-10,B7,1500,maia3-79m,8,d4f3,Nf3,0.015575387515127659,0.9647526303306222,0.6598198953674359,361,21,618,rnb1kb1r/pp2pppp/1q3n2/3p4/3N1B2/7P/PPP1PPP1/RN1QKB1R w KQkq -,MODEL_PREDICTION_NOT_EMPIRICAL
ORD-10,B7,1500,maia3-79m,9,c2c3,c3,0.01499820128083229,0.9647526303306222,0.6598198953674359,405,20,575,rnb1kb1r/pp2pppp/1q3n2/3p4/3N1B2/7P/PPP1PPP1/RN1QKB1R w KQkq -,MODEL_PREDICTION_NOT_EMPIRICAL
ORD-10,B7,1500,maia3-79m,10,f4b8,Bxb8,0.011576831340789795,0.9647526303306222,0.6598198953674359,317,20,663,rnb1kb1r/pp2pppp/1q3n2/3p4/3N1B2/7P/PPP1PPP1/RN1QKB1R w KQkq -,MODEL_PREDICTION_NOT_EMPIRICAL
ORD-10,B7,1700,maia3-79m,1,b2b3,b3,0.3862626850605011,0.9714396325871348,0.6200948968694806,377,23,600,rnb1kb1r/pp2pppp/1q3n2/3p4/3N1B2/7P/PPP1PPP1/RN1QKB1R w KQkq -,MODEL_PREDICTION_NOT_EMPIRICAL
ORD-10,B7,1700,maia3-79m,2,d4b3,Nb3,0.3817764222621918,0.9714396325871348,0.6200948968694806,446,26,528,rnb1kb1r/pp2pppp/1q3n2/3p4/3N1B2/7P/PPP1PPP1/RN1QKB1R w KQkq -,MODEL_PREDICTION_NOT_EMPIRICAL
ORD-10,B7,1700,maia3-79m,3,e2e3,e3,0.06901928037405014,0.9714396325871348,0.6200948968694806,463,25,512,rnb1kb1r/pp2pppp/1q3n2/3p4/3N1B2/7P/PPP1PPP1/RN1QKB1R w KQkq -,MODEL_PREDICTION_NOT_EMPIRICAL
ORD-10,B7,1700,maia3-79m,4,f4c1,Bc1,0.04802797734737396,0.9714396325871348,0.6200948968694806,336,22,642,rnb1kb1r/pp2pppp/1q3n2/3p4/3N1B2/7P/PPP1PPP1/RN1QKB1R w KQkq -,MODEL_PREDICTION_NOT_EMPIRICAL
ORD-10,B7,1700,maia3-79m,5,b1c3,Nc3,0.021750299260020256,0.9714396325871348,0.6200948968694806,471,21,508,rnb1kb1r/pp2pppp/1q3n2/3p4/3N1B2/7P/PPP1PPP1/RN1QKB1R w KQkq -,MODEL_PREDICTION_NOT_EMPIRICAL
ORD-10,B7,1700,maia3-79m,6,d1c1,Qc1,0.019064823165535927,0.9714396325871348,0.6200948968694806,195,14,791,rnb1kb1r/pp2pppp/1q3n2/3p4/3N1B2/7P/PPP1PPP1/RN1QKB1R w KQkq -,MODEL_PREDICTION_NOT_EMPIRICAL
ORD-10,B7,1700,maia3-79m,7,f4b8,Bxb8,0.012235279195010662,0.9714396325871348,0.6200948968694806,311,23,666,rnb1kb1r/pp2pppp/1q3n2/3p4/3N1B2/7P/PPP1PPP1/RN1QKB1R w KQkq -,MODEL_PREDICTION_NOT_EMPIRICAL
ORD-10,B7,1700,maia3-79m,8,d4f3,Nf3,0.011711382307112217,0.9714396325871348,0.6200948968694806,360,23,617,rnb1kb1r/pp2pppp/1q3n2/3p4/3N1B2/7P/PPP1PPP1/RN1QKB1R w KQkq -,MODEL_PREDICTION_NOT_EMPIRICAL
ORD-10,B7,1700,maia3-79m,9,c2c3,c3,0.011525175534188747,0.9714396325871348,0.6200948968694806,406,23,571,rnb1kb1r/pp2pppp/1q3n2/3p4/3N1B2/7P/PPP1PPP1/RN1QKB1R w KQkq -,MODEL_PREDICTION_NOT_EMPIRICAL
ORD-10,B7,1700,maia3-79m,10,b1d2,Nd2,0.010066308081150055,0.9714396325871348,0.6200948968694806,287,18,695,rnb1kb1r/pp2pppp/1q3n2/3p4/3N1B2/7P/PPP1PPP1/RN1QKB1R w KQkq -,MODEL_PREDICTION_NOT_EMPIRICAL
ORD-10,B7,1900,maia3-79m,1,d4b3,Nb3,0.4737693667411804,0.9849991071969271,0.5742925202799197,428,32,540,rnb1kb1r/pp2pppp/1q3n2/3p4/3N1B2/7P/PPP1PPP1/RN1QKB1R w KQkq -,MODEL_PREDICTION_NOT_EMPIRICAL
ORD-10,B7,1900,maia3-79m,2,b2b3,b3,0.34051185846328735,0.9849991071969271,0.5742925202799197,379,28,593,rnb1kb1r/pp2pppp/1q3n2/3p4/3N1B2/7P/PPP1PPP1/RN1QKB1R w KQkq -,MODEL_PREDICTION_NOT_EMPIRICAL
ORD-10,B7,1900,maia3-79m,3,e2e3,e3,0.05492967739701271,0.9849991071969271,0.5742925202799197,474,30,496,rnb1kb1r/pp2pppp/1q3n2/3p4/3N1B2/7P/PPP1PPP1/RN1QKB1R w KQkq -,MODEL_PREDICTION_NOT_EMPIRICAL
ORD-10,B7,1900,maia3-79m,4,f4c1,Bc1,0.04947729408740997,0.9849991071969271,0.5742925202799197,339,26,635,rnb1kb1r/pp2pppp/1q3n2/3p4/3N1B2/7P/PPP1PPP1/RN1QKB1R w KQkq -,MODEL_PREDICTION_NOT_EMPIRICAL
ORD-10,B7,1900,maia3-79m,5,b1c3,Nc3,0.020683983340859413,0.9849991071969271,0.5742925202799197,508,24,468,rnb1kb1r/pp2pppp/1q3n2/3p4/3N1B2/7P/PPP1PPP1/RN1QKB1R w KQkq -,MODEL_PREDICTION_NOT_EMPIRICAL
ORD-10,B7,1900,maia3-79m,6,f4b8,Bxb8,0.011213451623916626,0.9849991071969271,0.5742925202799197,311,27,662,rnb1kb1r/pp2pppp/1q3n2/3p4/3N1B2/7P/PPP1PPP1/RN1QKB1R w KQkq -,MODEL_PREDICTION_NOT_EMPIRICAL
ORD-10,B7,1900,maia3-79m,7,d1c1,Qc1,0.011082853190600872,0.9849991071969271,0.5742925202799197,186,16,798,rnb1kb1r/pp2pppp/1q3n2/3p4/3N1B2/7P/PPP1PPP1/RN1QKB1R w KQkq -,MODEL_PREDICTION_NOT_EMPIRICAL
ORD-10,B7,1900,maia3-79m,8,c2c3,c3,0.009552176110446453,0.9849991071969271,0.5742925202799197,410,28,562,rnb1kb1r/pp2pppp/1q3n2/3p4/3N1B2/7P/PPP1PPP1/RN1QKB1R w KQkq -,MODEL_PREDICTION_NOT_EMPIRICAL
ORD-10,B7,1900,maia3-79m,9,b1d2,Nd2,0.007248542737215757,0.9849991071969271,0.5742925202799197,279,20,701,rnb1kb1r/pp2pppp/1q3n2/3p4/3N1B2/7P/PPP1PPP1/RN1QKB1R w KQkq -,MODEL_PREDICTION_NOT_EMPIRICAL
ORD-10,B7,1900,maia3-79m,10,d4f3,Nf3,0.006529903504997492,0.9849991071969271,0.5742925202799197,360,27,613,rnb1kb1r/pp2pppp/1q3n2/3p4/3N1B2/7P/PPP1PPP1/RN1QKB1R w KQkq -,MODEL_PREDICTION_NOT_EMPIRICAL
ORD-10,B7,2100,maia3-79m,1,d4b3,Nb3,0.5738005638122559,0.9920462013687938,0.5219145443755517,415,42,543,rnb1kb1r/pp2pppp/1q3n2/3p4/3N1B2/7P/PPP1PPP1/RN1QKB1R w KQkq -,MODEL_PREDICTION_NOT_EMPIRICAL
ORD-10,B7,2100,maia3-79m,2,b2b3,b3,0.26924028992652893,0.9920462013687938,0.5219145443755517,374,36,590,rnb1kb1r/pp2pppp/1q3n2/3p4/3N1B2/7P/PPP1PPP1/RN1QKB1R w KQkq -,MODEL_PREDICTION_NOT_EMPIRICAL
ORD-10,B7,2100,maia3-79m,3,f4c1,Bc1,0.047705553472042084,0.9920462013687938,0.5219145443755517,340,33,627,rnb1kb1r/pp2pppp/1q3n2/3p4/3N1B2/7P/PPP1PPP1/RN1QKB1R w KQkq -,MODEL_PREDICTION_NOT_EMPIRICAL
ORD-10,B7,2100,maia3-79m,4,e2e3,e3,0.046423736959695816,0.9920462013687938,0.5219145443755517,497,39,464,rnb1kb1r/pp2pppp/1q3n2/3p4/3N1B2/7P/PPP1PPP1/RN1QKB1R w KQkq -,MODEL_PREDICTION_NOT_EMPIRICAL
ORD-10,B7,2100,maia3-79m,5,b1c3,Nc3,0.025895437225699425,0.9920462013687938,0.5219145443755517,546,30,424,rnb1kb1r/pp2pppp/1q3n2/3p4/3N1B2/7P/PPP1PPP1/RN1QKB1R w KQkq -,MODEL_PREDICTION_NOT_EMPIRICAL
ORD-10,B7,2100,maia3-79m,6,f4b8,Bxb8,0.008288511075079441,0.9920462013687938,0.5219145443755517,314,35,651,rnb1kb1r/pp2pppp/1q3n2/3p4/3N1B2/7P/PPP1PPP1/RN1QKB1R w KQkq -,MODEL_PREDICTION_NOT_EMPIRICAL
ORD-10,B7,2100,maia3-79m,7,c2c3,c3,0.0074888598173856735,0.9920462013687938,0.5219145443755517,422,38,540,rnb1kb1r/pp2pppp/1q3n2/3p4/3N1B2/7P/PPP1PPP1/RN1QKB1R w KQkq -,MODEL_PREDICTION_NOT_EMPIRICAL
ORD-10,B7,2100,maia3-79m,8,d1c1,Qc1,0.005995952524244785,0.9920462013687938,0.5219145443755517,176,18,806,rnb1kb1r/pp2pppp/1q3n2/3p4/3N1B2/7P/PPP1PPP1/RN1QKB1R w KQkq -,MODEL_PREDICTION_NOT_EMPIRICAL
ORD-10,B7,2100,maia3-79m,9,b1d2,Nd2,0.004344731569290161,0.9920462013687938,0.5219145443755517,269,24,707,rnb1kb1r/pp2pppp/1q3n2/3p4/3N1B2/7P/PPP1PPP1/RN1QKB1R w KQkq -,MODEL_PREDICTION_NOT_EMPIRICAL
ORD-10,B7,2100,maia3-79m,10,d4f3,Nf3,0.0028625649865716696,0.9920462013687938,0.5219145443755517,364,36,600,rnb1kb1r/pp2pppp/1q3n2/3p4/3N1B2/7P/PPP1PPP1/RN1QKB1R w KQkq -,MODEL_PREDICTION_NOT_EMPIRICAL
JOB-06,B7,1100,maia3-79m,1,d4a4,Qa4,0.31058070063591003,0.9819036331027746,0.7871642814637425,414,20,566,r1bqkb1r/pp2pppp/2n2n2/3p4/3Q1B2/2N2P2/PPP1P1PP/R3KBNR w KQkq -,MODEL_PREDICTION_NOT_EMPIRICAL
JOB-06,B7,1100,maia3-79m,2,d4d2,Qd2,0.23833541572093964,0.9819036331027746,0.7871642814637425,380,21,599,r1bqkb1r/pp2pppp/2n2n2/3p4/3Q1B2/2N2P2/PPP1P1PP/R3KBNR w KQkq -,MODEL_PREDICTION_NOT_EMPIRICAL
JOB-06,B7,1100,maia3-79m,3,d4d1,Qd1,0.1629931926727295,0.9819036331027746,0.7871642814637425,352,22,626,r1bqkb1r/pp2pppp/2n2n2/3p4/3Q1B2/2N2P2/PPP1P1PP/R3KBNR w KQkq -,MODEL_PREDICTION_NOT_EMPIRICAL
JOB-06,B7,1100,maia3-79m,4,d4d3,Qd3,0.08978704363107681,0.9819036331027746,0.7871642814637425,359,19,622,r1bqkb1r/pp2pppp/2n2n2/3p4/3Q1B2/2N2P2/PPP1P1PP/R3KBNR w KQkq -,MODEL_PREDICTION_NOT_EMPIRICAL
JOB-06,B7,1100,maia3-79m,5,d4c5,Qc5,0.0684347003698349,0.9819036331027746,0.7871642814637425,228,15,757,r1bqkb1r/pp2pppp/2n2n2/3p4/3Q1B2/2N2P2/PPP1P1PP/R3KBNR w KQkq -,MODEL_PREDICTION_NOT_EMPIRICAL
JOB-06,B7,1100,maia3-79m,6,d4f2,Qf2,0.037911564111709595,0.9819036331027746,0.7871642814637425,368,19,613,r1bqkb1r/pp2pppp/2n2n2/3p4/3Q1B2/2N2P2/PPP1P1PP/R3KBNR w KQkq -,MODEL_PREDICTION_NOT_EMPIRICAL
JOB-06,B7,1100,maia3-79m,7,d4e3,Qe3,0.02829545922577381,0.9819036331027746,0.7871642814637425,325,18,657,r1bqkb1r/pp2pppp/2n2n2/3p4/3Q1B2/2N2P2/PPP1P1PP/R3KBNR w KQkq -,MODEL_PREDICTION_NOT_EMPIRICAL
JOB-06,B7,1100,maia3-79m,8,c3b5,Nb5,0.023204153403639793,0.9819036331027746,0.7871642814637425,244,15,741,r1bqkb1r/pp2pppp/2n2n2/3p4/3Q1B2/2N2P2/PPP1P1PP/R3KBNR w KQkq -,MODEL_PREDICTION_NOT_EMPIRICAL
JOB-06,B7,1100,maia3-79m,9,e2e4,e4,0.014189150184392929,0.9819036331027746,0.7871642814637425,77,9,914,r1bqkb1r/pp2pppp/2n2n2/3p4/3Q1B2/2N2P2/PPP1P1PP/R3KBNR w KQkq -,MODEL_PREDICTION_NOT_EMPIRICAL
JOB-06,B7,1100,maia3-79m,10,e1c1,O-O-O,0.008172253146767616,0.9819036331027746,0.7871642814637425,111,9,880,r1bqkb1r/pp2pppp/2n2n2/3p4/3Q1B2/2N2P2/PPP1P1PP/R3KBNR w KQkq -,MODEL_PREDICTION_NOT_EMPIRICAL
JOB-06,B7,1300,maia3-79m,1,d4d2,Qd2,0.32805299758911133,0.9884519684128463,0.7240291224502744,369,21,610,r1bqkb1r/pp2pppp/2n2n2/3p4/3Q1B2/2N2P2/PPP1P1PP/R3KBNR w KQkq -,MODEL_PREDICTION_NOT_EMPIRICAL
JOB-06,B7,1300,maia3-79m,2,d4a4,Qa4,0.2789289355278015,0.9884519684128463,0.7240291224502744,405,19,576,r1bqkb1r/pp2pppp/2n2n2/3p4/3Q1B2/2N2P2/PPP1P1PP/R3KBNR w KQkq -,MODEL_PREDICTION_NOT_EMPIRICAL
JOB-06,B7,1300,maia3-79m,3,d4d1,Qd1,0.196426659822464,0.9884519684128463,0.7240291224502744,339,21,640,r1bqkb1r/pp2pppp/2n2n2/3p4/3Q1B2/2N2P2/PPP1P1PP/R3KBNR w KQkq -,MODEL_PREDICTION_NOT_EMPIRICAL
JOB-06,B7,1300,maia3-79m,4,d4d3,Qd3,0.06045437976717949,0.9884519684128463,0.7240291224502744,355,19,626,r1bqkb1r/pp2pppp/2n2n2/3p4/3Q1B2/2N2P2/PPP1P1PP/R3KBNR w KQkq -,MODEL_PREDICTION_NOT_EMPIRICAL
JOB-06,B7,1300,maia3-79m,5,d4f2,Qf2,0.04671410098671913,0.9884519684128463,0.7240291224502744,359,19,622,r1bqkb1r/pp2pppp/2n2n2/3p4/3Q1B2/2N2P2/PPP1P1PP/R3KBNR w KQkq -,MODEL_PREDICTION_NOT_EMPIRICAL
JOB-06,B7,1300,maia3-79m,6,d4c5,Qc5,0.027698788791894913,0.9884519684128463,0.7240291224502744,194,13,793,r1bqkb1r/pp2pppp/2n2n2/3p4/3Q1B2/2N2P2/PPP1P1PP/R3KBNR w KQkq -,MODEL_PREDICTION_NOT_EMPIRICAL
JOB-06,B7,1300,maia3-79m,7,d4e3,Qe3,0.01914789341390133,0.9884519684128463,0.7240291224502744,299,17,684,r1bqkb1r/pp2pppp/2n2n2/3p4/3Q1B2/2N2P2/PPP1P1PP/R3KBNR w KQkq -,MODEL_PREDICTION_NOT_EMPIRICAL
JOB-06,B7,1300,maia3-79m,8,c3b5,Nb5,0.018024083226919174,0.9884519684128463,0.7240291224502744,210,12,778,r1bqkb1r/pp2pppp/2n2n2/3p4/3Q1B2/2N2P2/PPP1P1PP/R3KBNR w KQkq -,MODEL_PREDICTION_NOT_EMPIRICAL
JOB-06,B7,1300,maia3-79m,9,e1c1,O-O-O,0.00675743306055665,0.9884519684128463,0.7240291224502744,101,7,892,r1bqkb1r/pp2pppp/2n2n2/3p4/3Q1B2/2N2P2/PPP1P1PP/R3KBNR w KQkq -,MODEL_PREDICTION_NOT_EMPIRICAL
JOB-06,B7,1300,maia3-79m,10,e2e4,e4,0.006246696226298809,0.9884519684128463,0.7240291224502744,62,6,932,r1bqkb1r/pp2pppp/2n2n2/3p4/3Q1B2/2N2P2/PPP1P1PP/R3KBNR w KQkq -,MODEL_PREDICTION_NOT_EMPIRICAL
JOB-06,B7,1500,maia3-79m,1,d4d2,Qd2,0.4055761992931366,0.9915071956347674,0.6641624411256344,355,21,624,r1bqkb1r/pp2pppp/2n2n2/3p4/3Q1B2/2N2P2/PPP1P1PP/R3KBNR w KQkq -,MODEL_PREDICTION_NOT_EMPIRICAL
JOB-06,B7,1500,maia3-79m,2,d4a4,Qa4,0.23286506533622742,0.9915071956347674,0.6641624411256344,399,20,581,r1bqkb1r/pp2pppp/2n2n2/3p4/3Q1B2/2N2P2/PPP1P1PP/R3KBNR w KQkq -,MODEL_PREDICTION_NOT_EMPIRICAL
JOB-06,B7,1500,maia3-79m,3,d4d1,Qd1,0.21227693557739258,0.9915071956347674,0.6641624411256344,324,22,654,r1bqkb1r/pp2pppp/2n2n2/3p4/3Q1B2/2N2P2/PPP1P1PP/R3KBNR w KQkq -,MODEL_PREDICTION_NOT_EMPIRICAL
JOB-06,B7,1500,maia3-79m,4,d4f2,Qf2,0.05770810693502426,0.9915071956347674,0.6641624411256344,350,20,630,r1bqkb1r/pp2pppp/2n2n2/3p4/3Q1B2/2N2P2/PPP1P1PP/R3KBNR w KQkq -,MODEL_PREDICTION_NOT_EMPIRICAL
JOB-06,B7,1500,maia3-79m,5,d4d3,Qd3,0.039228882640600204,0.9915071956347674,0.6641624411256344,345,19,636,r1bqkb1r/pp2pppp/2n2n2/3p4/3Q1B2/2N2P2/PPP1P1PP/R3KBNR w KQkq -,MODEL_PREDICTION_NOT_EMPIRICAL
JOB-06,B7,1500,maia3-79m,6,d4c5,Qc5,0.012527832761406898,0.9915071956347674,0.6641624411256344,167,12,821,r1bqkb1r/pp2pppp/2n2n2/3p4/3Q1B2/2N2P2/PPP1P1PP/R3KBNR w KQkq -,MODEL_PREDICTION_NOT_EMPIRICAL
JOB-06,B7,1500,maia3-79m,7,d4e3,Qe3,0.012270066887140274,0.9915071956347674,0.6641624411256344,264,16,720,r1bqkb1r/pp2pppp/2n2n2/3p4/3Q1B2/2N2P2/PPP1P1PP/R3KBNR w KQkq -,MODEL_PREDICTION_NOT_EMPIRICAL
JOB-06,B7,1500,maia3-79m,8,c3b5,Nb5,0.010378769598901272,0.9915071956347674,0.6641624411256344,184,11,805,r1bqkb1r/pp2pppp/2n2n2/3p4/3Q1B2/2N2P2/PPP1P1PP/R3KBNR w KQkq -,MODEL_PREDICTION_NOT_EMPIRICAL
JOB-06,B7,1500,maia3-79m,9,e1c1,O-O-O,0.005235602613538504,0.9915071956347674,0.6641624411256344,92,7,901,r1bqkb1r/pp2pppp/2n2n2/3p4/3Q1B2/2N2P2/PPP1P1PP/R3KBNR w KQkq -,MODEL_PREDICTION_NOT_EMPIRICAL
JOB-06,B7,1500,maia3-79m,10,e2e4,e4,0.0034397339913994074,0.9915071956347674,0.6641624411256344,49,5,946,r1bqkb1r/pp2pppp/2n2n2/3p4/3Q1B2/2N2P2/PPP1P1PP/R3KBNR w KQkq -,MODEL_PREDICTION_NOT_EMPIRICAL
JOB-06,B7,1700,maia3-79m,1,d4d2,Qd2,0.4605082869529724,0.993945142487064,0.6154777979528957,338,22,640,r1bqkb1r/pp2pppp/2n2n2/3p4/3Q1B2/2N2P2/PPP1P1PP/R3KBNR w KQkq -,MODEL_PREDICTION_NOT_EMPIRICAL
JOB-06,B7,1700,maia3-79m,2,d4d1,Qd1,0.21317651867866516,0.993945142487064,0.6154777979528957,307,22,671,r1bqkb1r/pp2pppp/2n2n2/3p4/3Q1B2/2N2P2/PPP1P1PP/R3KBNR w KQkq -,MODEL_PREDICTION_NOT_EMPIRICAL
JOB-06,B7,1700,maia3-79m,3,d4a4,Qa4,0.1990881711244583,0.993945142487064,0.6154777979528957,399,22,579,r1bqkb1r/pp2pppp/2n2n2/3p4/3Q1B2/2N2P2/PPP1P1PP/R3KBNR w KQkq -,MODEL_PREDICTION_NOT_EMPIRICAL
JOB-06,B7,1700,maia3-79m,4,d4f2,Qf2,0.07032377272844315,0.993945142487064,0.6154777979528957,336,21,643,r1bqkb1r/pp2pppp/2n2n2/3p4/3Q1B2/2N2P2/PPP1P1PP/R3KBNR w KQkq -,MODEL_PREDICTION_NOT_EMPIRICAL
JOB-06,B7,1700,maia3-79m,5,d4d3,Qd3,0.027129041031003,0.993945142487064,0.6154777979528957,328,20,652,r1bqkb1r/pp2pppp/2n2n2/3p4/3Q1B2/2N2P2/PPP1P1PP/R3KBNR w KQkq -,MODEL_PREDICTION_NOT_EMPIRICAL
JOB-06,B7,1700,maia3-79m,6,d4e3,Qe3,0.006943355314433575,0.993945142487064,0.6154777979528957,222,15,763,r1bqkb1r/pp2pppp/2n2n2/3p4/3Q1B2/2N2P2/PPP1P1PP/R3KBNR w KQkq -,MODEL_PREDICTION_NOT_EMPIRICAL
JOB-06,B7,1700,maia3-79m,7,d4c5,Qc5,0.006932755466550589,0.993945142487064,0.6154777979528957,144,12,844,r1bqkb1r/pp2pppp/2n2n2/3p4/3Q1B2/2N2P2/PPP1P1PP/R3KBNR w KQkq -,MODEL_PREDICTION_NOT_EMPIRICAL
JOB-06,B7,1700,maia3-79m,8,c3b5,Nb5,0.004440637305378914,0.993945142487064,0.6154777979528957,174,10,816,r1bqkb1r/pp2pppp/2n2n2/3p4/3Q1B2/2N2P2/PPP1P1PP/R3KBNR w KQkq -,MODEL_PREDICTION_NOT_EMPIRICAL
JOB-06,B7,1700,maia3-79m,9,e1c1,O-O-O,0.0035097794607281685,0.993945142487064,0.6154777979528957,85,7,908,r1bqkb1r/pp2pppp/2n2n2/3p4/3Q1B2/2N2P2/PPP1P1PP/R3KBNR w KQkq -,MODEL_PREDICTION_NOT_EMPIRICAL
JOB-06,B7,1700,maia3-79m,10,e2e4,e4,0.001892824424430728,0.993945142487064,0.6154777979528957,39,4,957,r1bqkb1r/pp2pppp/2n2n2/3p4/3Q1B2/2N2P2/PPP1P1PP/R3KBNR w KQkq -,MODEL_PREDICTION_NOT_EMPIRICAL
JOB-06,B7,1900,maia3-79m,1,d4d2,Qd2,0.5111282467842102,0.9961008502868935,0.5751405771107927,326,24,650,r1bqkb1r/pp2pppp/2n2n2/3p4/3Q1B2/2N2P2/PPP1P1PP/R3KBNR w KQkq -,MODEL_PREDICTION_NOT_EMPIRICAL
JOB-06,B7,1900,maia3-79m,2,d4a4,Qa4,0.19046391546726227,0.9961008502868935,0.5751405771107927,406,25,569,r1bqkb1r/pp2pppp/2n2n2/3p4/3Q1B2/2N2P2/PPP1P1PP/R3KBNR w KQkq -,MODEL_PREDICTION_NOT_EMPIRICAL
JOB-06,B7,1900,maia3-79m,3,d4d1,Qd1,0.17992529273033142,0.9961008502868935,0.5751405771107927,285,22,693,r1bqkb1r/pp2pppp/2n2n2/3p4/3Q1B2/2N2P2/PPP1P1PP/R3KBNR w KQkq -,MODEL_PREDICTION_NOT_EMPIRICAL
JOB-06,B7,1900,maia3-79m,4,d4f2,Qf2,0.0825316533446312,0.9961008502868935,0.5751405771107927,320,22,658,r1bqkb1r/pp2pppp/2n2n2/3p4/3Q1B2/2N2P2/PPP1P1PP/R3KBNR w KQkq -,MODEL_PREDICTION_NOT_EMPIRICAL
JOB-06,B7,1900,maia3-79m,5,d4d3,Qd3,0.01914212666451931,0.9961008502868935,0.5751405771107927,316,21,663,r1bqkb1r/pp2pppp/2n2n2/3p4/3Q1B2/2N2P2/PPP1P1PP/R3KBNR w KQkq -,MODEL_PREDICTION_NOT_EMPIRICAL
JOB-06,B7,1900,maia3-79m,6,d4c5,Qc5,0.00496869720518589,0.9961008502868935,0.5751405771107927,130,12,858,r1bqkb1r/pp2pppp/2n2n2/3p4/3Q1B2/2N2P2/PPP1P1PP/R3KBNR w KQkq -,MODEL_PREDICTION_NOT_EMPIRICAL
JOB-06,B7,1900,maia3-79m,7,d4e3,Qe3,0.00316555704921484,0.9961008502868935,0.5751405771107927,184,14,802,r1bqkb1r/pp2pppp/2n2n2/3p4/3Q1B2/2N2P2/PPP1P1PP/R3KBNR w KQkq -,MODEL_PREDICTION_NOT_EMPIRICAL
JOB-06,B7,1900,maia3-79m,8,e1c1,O-O-O,0.0020186009351164103,0.9961008502868935,0.5751405771107927,75,7,918,r1bqkb1r/pp2pppp/2n2n2/3p4/3Q1B2/2N2P2/PPP1P1PP/R3KBNR w KQkq -,MODEL_PREDICTION_NOT_EMPIRICAL
JOB-06,B7,1900,maia3-79m,9,c3b5,Nb5,0.0016307219630107284,0.9961008502868935,0.5751405771107927,165,11,824,r1bqkb1r/pp2pppp/2n2n2/3p4/3Q1B2/2N2P2/PPP1P1PP/R3KBNR w KQkq -,MODEL_PREDICTION_NOT_EMPIRICAL
JOB-06,B7,1900,maia3-79m,10,e2e4,e4,0.0011260381434112787,0.9961008502868935,0.5751405771107927,33,4,963,r1bqkb1r/pp2pppp/2n2n2/3p4/3Q1B2/2N2P2/PPP1P1PP/R3KBNR w KQkq -,MODEL_PREDICTION_NOT_EMPIRICAL
JOB-06,B7,2100,maia3-79m,1,d4d2,Qd2,0.5495180487632751,0.9973641341784969,0.5342654885028448,334,29,637,r1bqkb1r/pp2pppp/2n2n2/3p4/3Q1B2/2N2P2/PPP1P1PP/R3KBNR w KQkq -,MODEL_PREDICTION_NOT_EMPIRICAL
JOB-06,B7,2100,maia3-79m,2,d4a4,Qa4,0.23054200410842896,0.9973641341784969,0.5342654885028448,430,31,539,r1bqkb1r/pp2pppp/2n2n2/3p4/3Q1B2/2N2P2/PPP1P1PP/R3KBNR w KQkq -,MODEL_PREDICTION_NOT_EMPIRICAL
JOB-06,B7,2100,maia3-79m,3,d4d1,Qd1,0.10710244625806808,0.9973641341784969,0.5342654885028448,268,24,708,r1bqkb1r/pp2pppp/2n2n2/3p4/3Q1B2/2N2P2/PPP1P1PP/R3KBNR w KQkq -,MODEL_PREDICTION_NOT_EMPIRICAL
JOB-06,B7,2100,maia3-79m,4,d4f2,Qf2,0.08828948438167572,0.9973641341784969,0.5342654885028448,320,25,655,r1bqkb1r/pp2pppp/2n2n2/3p4/3Q1B2/2N2P2/PPP1P1PP/R3KBNR w KQkq -,MODEL_PREDICTION_NOT_EMPIRICAL
JOB-06,B7,2100,maia3-79m,5,d4d3,Qd3,0.013920669443905354,0.9973641341784969,0.5342654885028448,318,25,657,r1bqkb1r/pp2pppp/2n2n2/3p4/3Q1B2/2N2P2/PPP1P1PP/R3KBNR w KQkq -,MODEL_PREDICTION_NOT_EMPIRICAL
JOB-06,B7,2100,maia3-79m,6,d4c5,Qc5,0.003824962070211768,0.9973641341784969,0.5342654885028448,127,12,861,r1bqkb1r/pp2pppp/2n2n2/3p4/3Q1B2/2N2P2/PPP1P1PP/R3KBNR w KQkq -,MODEL_PREDICTION_NOT_EMPIRICAL
JOB-06,B7,2100,maia3-79m,7,e1c1,O-O-O,0.0011710530379787087,0.9973641341784969,0.5342654885028448,57,7,936,r1bqkb1r/pp2pppp/2n2n2/3p4/3Q1B2/2N2P2/PPP1P1PP/R3KBNR w KQkq -,MODEL_PREDICTION_NOT_EMPIRICAL
JOB-06,B7,2100,maia3-79m,8,d4e3,Qe3,0.0011450628517195582,0.9973641341784969,0.5342654885028448,150,14,836,r1bqkb1r/pp2pppp/2n2n2/3p4/3Q1B2/2N2P2/PPP1P1PP/R3KBNR w KQkq -,MODEL_PREDICTION_NOT_EMPIRICAL
JOB-06,B7,2100,maia3-79m,9,c3b5,Nb5,0.001072459388524294,0.9973641341784969,0.5342654885028448,149,12,839,r1bqkb1r/pp2pppp/2n2n2/3p4/3Q1B2/2N2P2/PPP1P1PP/R3KBNR w KQkq -,MODEL_PREDICTION_NOT_EMPIRICAL
JOB-06,B7,2100,maia3-79m,10,e2e4,e4,0.0007779438747093081,0.9973641341784969,0.5342654885028448,29,4,967,r1bqkb1r/pp2pppp/2n2n2/3p4/3Q1B2/2N2P2/PPP1P1PP/R3KBNR w KQkq -,MODEL_PREDICTION_NOT_EMPIRICAL
JOB-09,B7,1100,maia3-79m,1,d4d1,Qd1,0.2862616777420044,0.9904990635113791,0.7493575998658482,368,22,610,r1bqkb1r/pp2pppp/2n2n2/3p4/3Q1B2/P1N5/1PP1PPPP/R3KBNR w KQkq -,MODEL_PREDICTION_NOT_EMPIRICAL
JOB-09,B7,1100,maia3-79m,2,d4d2,Qd2,0.22944895923137665,0.9904990635113791,0.7493575998658482,383,21,596,r1bqkb1r/pp2pppp/2n2n2/3p4/3Q1B2/P1N5/1PP1PPPP/R3KBNR w KQkq -,MODEL_PREDICTION_NOT_EMPIRICAL
JOB-09,B7,1100,maia3-79m,3,d4a4,Qa4,0.22675935924053192,0.9904990635113791,0.7493575998658482,424,20,556,r1bqkb1r/pp2pppp/2n2n2/3p4/3Q1B2/P1N5/1PP1PPPP/R3KBNR w KQkq -,MODEL_PREDICTION_NOT_EMPIRICAL
JOB-09,B7,1100,maia3-79m,4,d4d3,Qd3,0.10877833515405655,0.9904990635113791,0.7493575998658482,382,20,598,r1bqkb1r/pp2pppp/2n2n2/3p4/3Q1B2/P1N5/1PP1PPPP/R3KBNR w KQkq -,MODEL_PREDICTION_NOT_EMPIRICAL
JOB-09,B7,1100,maia3-79m,5,d4e3,Qe3,0.050640400499105453,0.9904990635113791,0.7493575998658482,331,19,650,r1bqkb1r/pp2pppp/2n2n2/3p4/3Q1B2/P1N5/1PP1PPPP/R3KBNR w KQkq -,MODEL_PREDICTION_NOT_EMPIRICAL
JOB-09,B7,1100,maia3-79m,6,d4c5,Qc5,0.049479011446237564,0.9904990635113791,0.7493575998658482,231,15,754,r1bqkb1r/pp2pppp/2n2n2/3p4/3Q1B2/P1N5/1PP1PPPP/R3KBNR w KQkq -,MODEL_PREDICTION_NOT_EMPIRICAL
JOB-09,B7,1100,maia3-79m,7,c3b5,Nb5,0.032345376908779144,0.9904990635113791,0.7493575998658482,243,14,743,r1bqkb1r/pp2pppp/2n2n2/3p4/3Q1B2/P1N5/1PP1PPPP/R3KBNR w KQkq -,MODEL_PREDICTION_NOT_EMPIRICAL
JOB-09,B7,1100,maia3-79m,8,e2e3,e3,0.0028781460132449865,0.9904990635113791,0.7493575998658482,131,11,858,r1bqkb1r/pp2pppp/2n2n2/3p4/3Q1B2/P1N5/1PP1PPPP/R3KBNR w KQkq -,MODEL_PREDICTION_NOT_EMPIRICAL
JOB-09,B7,1100,maia3-79m,9,e1c1,O-O-O,0.0025453721173107624,0.9904990635113791,0.7493575998658482,113,9,878,r1bqkb1r/pp2pppp/2n2n2/3p4/3Q1B2/P1N5/1PP1PPPP/R3KBNR w KQkq -,MODEL_PREDICTION_NOT_EMPIRICAL
JOB-09,B7,1100,maia3-79m,10,d4e5,Qe5,0.0013624251587316394,0.9904990635113791,0.7493575998658482,103,10,887,r1bqkb1r/pp2pppp/2n2n2/3p4/3Q1B2/P1N5/1PP1PPPP/R3KBNR w KQkq -,MODEL_PREDICTION_NOT_EMPIRICAL
JOB-09,B7,1300,maia3-79m,1,d4d1,Qd1,0.3493408262729645,0.9943922439124435,0.6838995503957319,357,21,622,r1bqkb1r/pp2pppp/2n2n2/3p4/3Q1B2/P1N5/1PP1PPPP/R3KBNR w KQkq -,MODEL_PREDICTION_NOT_EMPIRICAL
JOB-09,B7,1300,maia3-79m,2,d4d2,Qd2,0.2664547562599182,0.9943922439124435,0.6838995503957319,375,21,604,r1bqkb1r/pp2pppp/2n2n2/3p4/3Q1B2/P1N5/1PP1PPPP/R3KBNR w KQkq -,MODEL_PREDICTION_NOT_EMPIRICAL
JOB-09,B7,1300,maia3-79m,3,d4a4,Qa4,0.2073414921760559,0.9943922439124435,0.6838995503957319,416,20,564,r1bqkb1r/pp2pppp/2n2n2/3p4/3Q1B2/P1N5/1PP1PPPP/R3KBNR w KQkq -,MODEL_PREDICTION_NOT_EMPIRICAL
JOB-09,B7,1300,maia3-79m,4,d4d3,Qd3,0.08531851321458817,0.9943922439124435,0.6838995503957319,377,19,604,r1bqkb1r/pp2pppp/2n2n2/3p4/3Q1B2/P1N5/1PP1PPPP/R3KBNR w KQkq -,MODEL_PREDICTION_NOT_EMPIRICAL
JOB-09,B7,1300,maia3-79m,5,d4e3,Qe3,0.03947547450661659,0.9943922439124435,0.6838995503957319,305,17,678,r1bqkb1r/pp2pppp/2n2n2/3p4/3Q1B2/P1N5/1PP1PPPP/R3KBNR w KQkq -,MODEL_PREDICTION_NOT_EMPIRICAL
JOB-09,B7,1300,maia3-79m,6,d4c5,Qc5,0.021465104073286057,0.9943922439124435,0.6838995503957319,196,13,791,r1bqkb1r/pp2pppp/2n2n2/3p4/3Q1B2/P1N5/1PP1PPPP/R3KBNR w KQkq -,MODEL_PREDICTION_NOT_EMPIRICAL
JOB-09,B7,1300,maia3-79m,7,c3b5,Nb5,0.020472850650548935,0.9943922439124435,0.6838995503957319,211,11,778,r1bqkb1r/pp2pppp/2n2n2/3p4/3Q1B2/P1N5/1PP1PPPP/R3KBNR w KQkq -,MODEL_PREDICTION_NOT_EMPIRICAL
JOB-09,B7,1300,maia3-79m,8,e2e3,e3,0.0021911219228059053,0.9943922439124435,0.6838995503957319,108,8,884,r1bqkb1r/pp2pppp/2n2n2/3p4/3Q1B2/P1N5/1PP1PPPP/R3KBNR w KQkq -,MODEL_PREDICTION_NOT_EMPIRICAL
JOB-09,B7,1300,maia3-79m,9,e1c1,O-O-O,0.0015342326369136572,0.9943922439124435,0.6838995503957319,100,8,892,r1bqkb1r/pp2pppp/2n2n2/3p4/3Q1B2/P1N5/1PP1PPPP/R3KBNR w KQkq -,MODEL_PREDICTION_NOT_EMPIRICAL
JOB-09,B7,1300,maia3-79m,10,d4d5,Qxd5,0.0007978721987456083,0.9943922439124435,0.6838995503957319,71,9,920,r1bqkb1r/pp2pppp/2n2n2/3p4/3Q1B2/P1N5/1PP1PPPP/R3KBNR w KQkq -,MODEL_PREDICTION_NOT_EMPIRICAL
JOB-09,B7,1500,maia3-79m,1,d4d1,Qd1,0.401656836271286,0.9959045529249124,0.6242789896509966,343,22,635,r1bqkb1r/pp2pppp/2n2n2/3p4/3Q1B2/P1N5/1PP1PPPP/R3KBNR w KQkq -,MODEL_PREDICTION_NOT_EMPIRICAL
JOB-09,B7,1500,maia3-79m,2,d4d2,Qd2,0.2982441484928131,0.9959045529249124,0.6242789896509966,362,21,617,r1bqkb1r/pp2pppp/2n2n2/3p4/3Q1B2/P1N5/1PP1PPPP/R3KBNR w KQkq -,MODEL_PREDICTION_NOT_EMPIRICAL
JOB-09,B7,1500,maia3-79m,3,d4a4,Qa4,0.17736834287643433,0.9959045529249124,0.6242789896509966,410,20,570,r1bqkb1r/pp2pppp/2n2n2/3p4/3Q1B2/P1N5/1PP1PPPP/R3KBNR w KQkq -,MODEL_PREDICTION_NOT_EMPIRICAL
JOB-09,B7,1500,maia3-79m,4,d4d3,Qd3,0.06179647520184517,0.9959045529249124,0.6242789896509966,365,20,615,r1bqkb1r/pp2pppp/2n2n2/3p4/3Q1B2/P1N5/1PP1PPPP/R3KBNR w KQkq -,MODEL_PREDICTION_NOT_EMPIRICAL
JOB-09,B7,1500,maia3-79m,5,d4e3,Qe3,0.0313752219080925,0.9959045529249124,0.6242789896509966,269,16,715,r1bqkb1r/pp2pppp/2n2n2/3p4/3Q1B2/P1N5/1PP1PPPP/R3KBNR w KQkq -,MODEL_PREDICTION_NOT_EMPIRICAL
JOB-09,B7,1500,maia3-79m,6,d4c5,Qc5,0.011090978048741817,0.9959045529249124,0.6242789896509966,170,12,818,r1bqkb1r/pp2pppp/2n2n2/3p4/3Q1B2/P1N5/1PP1PPPP/R3KBNR w KQkq -,MODEL_PREDICTION_NOT_EMPIRICAL
JOB-09,B7,1500,maia3-79m,7,c3b5,Nb5,0.010654499754309654,0.9959045529249124,0.6242789896509966,187,10,803,r1bqkb1r/pp2pppp/2n2n2/3p4/3Q1B2/P1N5/1PP1PPPP/R3KBNR w KQkq -,MODEL_PREDICTION_NOT_EMPIRICAL
JOB-09,B7,1500,maia3-79m,8,e2e3,e3,0.0019628391601145267,0.9959045529249124,0.6242789896509966,92,7,901,r1bqkb1r/pp2pppp/2n2n2/3p4/3Q1B2/P1N5/1PP1PPPP/R3KBNR w KQkq -,MODEL_PREDICTION_NOT_EMPIRICAL
JOB-09,B7,1500,maia3-79m,9,e1c1,O-O-O,0.0011159778805449605,0.9959045529249124,0.6242789896509966,91,7,902,r1bqkb1r/pp2pppp/2n2n2/3p4/3Q1B2/P1N5/1PP1PPPP/R3KBNR w KQkq -,MODEL_PREDICTION_NOT_EMPIRICAL
JOB-09,B7,1500,maia3-79m,10,d4d5,Qxd5,0.0006392333307303488,0.9959045529249124,0.6242789896509966,69,8,923,r1bqkb1r/pp2pppp/2n2n2/3p4/3Q1B2/P1N5/1PP1PPPP/R3KBNR w KQkq -,MODEL_PREDICTION_NOT_EMPIRICAL
JOB-09,B7,1700,maia3-79m,1,d4d1,Qd1,0.428676038980484,0.9967487308895215,0.5768543388933279,328,23,649,r1bqkb1r/pp2pppp/2n2n2/3p4/3Q1B2/P1N5/1PP1PPPP/R3KBNR w KQkq -,MODEL_PREDICTION_NOT_EMPIRICAL
JOB-09,B7,1700,maia3-79m,2,d4d2,Qd2,0.3303459584712982,0.9967487308895215,0.5768543388933279,347,23,630,r1bqkb1r/pp2pppp/2n2n2/3p4/3Q1B2/P1N5/1PP1PPPP/R3KBNR w KQkq -,MODEL_PREDICTION_NOT_EMPIRICAL
JOB-09,B7,1700,maia3-79m,3,d4a4,Qa4,0.15237875282764435,0.9967487308895215,0.5768543388933279,413,22,565,r1bqkb1r/pp2pppp/2n2n2/3p4/3Q1B2/P1N5/1PP1PPPP/R3KBNR w KQkq -,MODEL_PREDICTION_NOT_EMPIRICAL
JOB-09,B7,1700,maia3-79m,4,d4d3,Qd3,0.04812392219901085,0.9967487308895215,0.5768543388933279,341,21,638,r1bqkb1r/pp2pppp/2n2n2/3p4/3Q1B2/P1N5/1PP1PPPP/R3KBNR w KQkq -,MODEL_PREDICTION_NOT_EMPIRICAL
JOB-09,B7,1700,maia3-79m,5,d4e3,Qe3,0.022307423874735832,0.9967487308895215,0.5768543388933279,234,15,751,r1bqkb1r/pp2pppp/2n2n2/3p4/3Q1B2/P1N5/1PP1PPPP/R3KBNR w KQkq -,MODEL_PREDICTION_NOT_EMPIRICAL
JOB-09,B7,1700,maia3-79m,6,d4c5,Qc5,0.00691306171938777,0.9967487308895215,0.5768543388933279,148,12,840,r1bqkb1r/pp2pppp/2n2n2/3p4/3Q1B2/P1N5/1PP1PPPP/R3KBNR w KQkq -,MODEL_PREDICTION_NOT_EMPIRICAL
JOB-09,B7,1700,maia3-79m,7,c3b5,Nb5,0.004682288970798254,0.9967487308895215,0.5768543388933279,171,10,819,r1bqkb1r/pp2pppp/2n2n2/3p4/3Q1B2/P1N5/1PP1PPPP/R3KBNR w KQkq -,MODEL_PREDICTION_NOT_EMPIRICAL
JOB-09,B7,1700,maia3-79m,8,e2e3,e3,0.0018115901621058583,0.9967487308895215,0.5768543388933279,84,7,909,r1bqkb1r/pp2pppp/2n2n2/3p4/3Q1B2/P1N5/1PP1PPPP/R3KBNR w KQkq -,MODEL_PREDICTION_NOT_EMPIRICAL
JOB-09,B7,1700,maia3-79m,9,e1c1,O-O-O,0.0009787551825866103,0.9967487308895215,0.5768543388933279,83,7,910,r1bqkb1r/pp2pppp/2n2n2/3p4/3Q1B2/P1N5/1PP1PPPP/R3KBNR w KQkq -,MODEL_PREDICTION_NOT_EMPIRICAL
JOB-09,B7,1700,maia3-79m,10,d4d5,Qxd5,0.0005309385014697909,0.9967487308895215,0.5768543388933279,64,9,927,r1bqkb1r/pp2pppp/2n2n2/3p4/3Q1B2/P1N5/1PP1PPPP/R3KBNR w KQkq -,MODEL_PREDICTION_NOT_EMPIRICAL
JOB-09,B7,1900,maia3-79m,1,d4d1,Qd1,0.4034547507762909,0.9976252380583901,0.5480126747361923,316,24,660,r1bqkb1r/pp2pppp/2n2n2/3p4/3Q1B2/P1N5/1PP1PPPP/R3KBNR w KQkq -,MODEL_PREDICTION_NOT_EMPIRICAL
JOB-09,B7,1900,maia3-79m,2,d4d2,Qd2,0.3804585039615631,0.9976252380583901,0.5480126747361923,344,25,631,r1bqkb1r/pp2pppp/2n2n2/3p4/3Q1B2/P1N5/1PP1PPPP/R3KBNR w KQkq -,MODEL_PREDICTION_NOT_EMPIRICAL
JOB-09,B7,1900,maia3-79m,3,d4a4,Qa4,0.14987553656101227,0.9976252380583901,0.5480126747361923,426,25,549,r1bqkb1r/pp2pppp/2n2n2/3p4/3Q1B2/P1N5/1PP1PPPP/R3KBNR w KQkq -,MODEL_PREDICTION_NOT_EMPIRICAL
JOB-09,B7,1900,maia3-79m,4,d4d3,Qd3,0.041516657918691635,0.9976252380583901,0.5480126747361923,327,22,651,r1bqkb1r/pp2pppp/2n2n2/3p4/3Q1B2/P1N5/1PP1PPPP/R3KBNR w KQkq -,MODEL_PREDICTION_NOT_EMPIRICAL
JOB-09,B7,1900,maia3-79m,5,d4e3,Qe3,0.013113950379192829,0.9976252380583901,0.5480126747361923,202,14,784,r1bqkb1r/pp2pppp/2n2n2/3p4/3Q1B2/P1N5/1PP1PPPP/R3KBNR w KQkq -,MODEL_PREDICTION_NOT_EMPIRICAL
JOB-09,B7,1900,maia3-79m,6,d4c5,Qc5,0.005150534678250551,0.9976252380583901,0.5480126747361923,137,12,851,r1bqkb1r/pp2pppp/2n2n2/3p4/3Q1B2/P1N5/1PP1PPPP/R3KBNR w KQkq -,MODEL_PREDICTION_NOT_EMPIRICAL
JOB-09,B7,1900,maia3-79m,7,c3b5,Nb5,0.0015906719490885735,0.9976252380583901,0.5480126747361923,168,12,820,r1bqkb1r/pp2pppp/2n2n2/3p4/3Q1B2/P1N5/1PP1PPPP/R3KBNR w KQkq -,MODEL_PREDICTION_NOT_EMPIRICAL
JOB-09,B7,1900,maia3-79m,8,e2e3,e3,0.0013772646198049188,0.9976252380583901,0.5480126747361923,75,7,918,r1bqkb1r/pp2pppp/2n2n2/3p4/3Q1B2/P1N5/1PP1PPPP/R3KBNR w KQkq -,MODEL_PREDICTION_NOT_EMPIRICAL
JOB-09,B7,1900,maia3-79m,9,e1c1,O-O-O,0.0007091565639711916,0.9976252380583901,0.5480126747361923,77,7,916,r1bqkb1r/pp2pppp/2n2n2/3p4/3Q1B2/P1N5/1PP1PPPP/R3KBNR w KQkq -,MODEL_PREDICTION_NOT_EMPIRICAL
JOB-09,B7,1900,maia3-79m,10,d4d5,Qxd5,0.0003782106505241245,0.9976252380583901,0.5480126747361923,59,9,932,r1bqkb1r/pp2pppp/2n2n2/3p4/3Q1B2/P1N5/1PP1PPPP/R3KBNR w KQkq -,MODEL_PREDICTION_NOT_EMPIRICAL
JOB-09,B7,2100,maia3-79m,1,d4d2,Qd2,0.43537676334381104,0.9982889153179713,0.5495159491665087,360,30,610,r1bqkb1r/pp2pppp/2n2n2/3p4/3Q1B2/P1N5/1PP1PPPP/R3KBNR w KQkq -,MODEL_PREDICTION_NOT_EMPIRICAL
JOB-09,B7,2100,maia3-79m,2,d4d1,Qd1,0.2978063225746155,0.9982889153179713,0.5495159491665087,310,28,662,r1bqkb1r/pp2pppp/2n2n2/3p4/3Q1B2/P1N5/1PP1PPPP/R3KBNR w KQkq -,MODEL_PREDICTION_NOT_EMPIRICAL
JOB-09,B7,2100,maia3-79m,3,d4a4,Qa4,0.2048763483762741,0.9982889153179713,0.5495159491665087,461,32,507,r1bqkb1r/pp2pppp/2n2n2/3p4/3Q1B2/P1N5/1PP1PPPP/R3KBNR w KQkq -,MODEL_PREDICTION_NOT_EMPIRICAL
JOB-09,B7,2100,maia3-79m,4,d4d3,Qd3,0.04716845229268074,0.9982889153179713,0.5495159491665087,337,27,636,r1bqkb1r/pp2pppp/2n2n2/3p4/3Q1B2/P1N5/1PP1PPPP/R3KBNR w KQkq -,MODEL_PREDICTION_NOT_EMPIRICAL
JOB-09,B7,2100,maia3-79m,5,d4e3,Qe3,0.005716509651392698,0.9982889153179713,0.5495159491665087,181,15,804,r1bqkb1r/pp2pppp/2n2n2/3p4/3Q1B2/P1N5/1PP1PPPP/R3KBNR w KQkq -,MODEL_PREDICTION_NOT_EMPIRICAL
JOB-09,B7,2100,maia3-79m,6,d4c5,Qc5,0.004771396517753601,0.9982889153179713,0.5495159491665087,140,13,847,r1bqkb1r/pp2pppp/2n2n2/3p4/3Q1B2/P1N5/1PP1PPPP/R3KBNR w KQkq -,MODEL_PREDICTION_NOT_EMPIRICAL
JOB-09,B7,2100,maia3-79m,7,e2e3,e3,0.001021629897877574,0.9982889153179713,0.5495159491665087,64,7,929,r1bqkb1r/pp2pppp/2n2n2/3p4/3Q1B2/P1N5/1PP1PPPP/R3KBNR w KQkq -,MODEL_PREDICTION_NOT_EMPIRICAL
JOB-09,B7,2100,maia3-79m,8,c3b5,Nb5,0.000779810652602464,0.9982889153179713,0.5495159491665087,151,12,837,r1bqkb1r/pp2pppp/2n2n2/3p4/3Q1B2/P1N5/1PP1PPPP/R3KBNR w KQkq -,MODEL_PREDICTION_NOT_EMPIRICAL
JOB-09,B7,2100,maia3-79m,9,e1c1,O-O-O,0.00048470828915014863,0.9982889153179713,0.5495159491665087,60,7,933,r1bqkb1r/pp2pppp/2n2n2/3p4/3Q1B2/P1N5/1PP1PPPP/R3KBNR w KQkq -,MODEL_PREDICTION_NOT_EMPIRICAL
JOB-09,B7,2100,maia3-79m,10,d4d5,Qxd5,0.0002869737218134105,0.9982889153179713,0.5495159491665087,51,8,941,r1bqkb1r/pp2pppp/2n2n2/3p4/3Q1B2/P1N5/1PP1PPPP/R3KBNR w KQkq -,MODEL_PREDICTION_NOT_EMPIRICAL
JOB-10,B7,1100,maia3-79m,1,d4a4,Qa4,0.28016161918640137,0.982785435160622,0.7609694372309519,423,20,557,r1bqkb1r/pp2pppp/2n2n2/3p4/3Q1B1P/2N5/PPP1PPP1/R3KBNR w KQkq -,MODEL_PREDICTION_NOT_EMPIRICAL
JOB-10,B7,1100,maia3-79m,2,d4d2,Qd2,0.22229371964931488,0.982785435160622,0.7609694372309519,378,21,601,r1bqkb1r/pp2pppp/2n2n2/3p4/3Q1B1P/2N5/PPP1PPP1/R3KBNR w KQkq -,MODEL_PREDICTION_NOT_EMPIRICAL
JOB-10,B7,1100,maia3-79m,3,d4d1,Qd1,0.21739210188388824,0.982785435160622,0.7609694372309519,362,21,617,r1bqkb1r/pp2pppp/2n2n2/3p4/3Q1B1P/2N5/PPP1PPP1/R3KBNR w KQkq -,MODEL_PREDICTION_NOT_EMPIRICAL
JOB-10,B7,1100,maia3-79m,4,d4d3,Qd3,0.10066628456115723,0.982785435160622,0.7609694372309519,370,19,611,r1bqkb1r/pp2pppp/2n2n2/3p4/3Q1B1P/2N5/PPP1PPP1/R3KBNR w KQkq -,MODEL_PREDICTION_NOT_EMPIRICAL
JOB-10,B7,1100,maia3-79m,5,d4e3,Qe3,0.06772466748952866,0.982785435160622,0.7609694372309519,329,18,653,r1bqkb1r/pp2pppp/2n2n2/3p4/3Q1B1P/2N5/PPP1PPP1/R3KBNR w KQkq -,MODEL_PREDICTION_NOT_EMPIRICAL
JOB-10,B7,1100,maia3-79m,6,d4c5,Qc5,0.06080186739563942,0.982785435160622,0.7609694372309519,230,14,756,r1bqkb1r/pp2pppp/2n2n2/3p4/3Q1B1P/2N5/PPP1PPP1/R3KBNR w KQkq -,MODEL_PREDICTION_NOT_EMPIRICAL
JOB-10,B7,1100,maia3-79m,7,c3b5,Nb5,0.02359115146100521,0.982785435160622,0.7609694372309519,253,14,733,r1bqkb1r/pp2pppp/2n2n2/3p4/3Q1B1P/2N5/PPP1PPP1/R3KBNR w KQkq -,MODEL_PREDICTION_NOT_EMPIRICAL
JOB-10,B7,1100,maia3-79m,8,e1c1,O-O-O,0.004098768811672926,0.982785435160622,0.7609694372309519,112,9,879,r1bqkb1r/pp2pppp/2n2n2/3p4/3Q1B1P/2N5/PPP1PPP1/R3KBNR w KQkq -,MODEL_PREDICTION_NOT_EMPIRICAL
JOB-10,B7,1100,maia3-79m,9,e2e3,e3,0.0034626335836946964,0.982785435160622,0.7609694372309519,129,10,861,r1bqkb1r/pp2pppp/2n2n2/3p4/3Q1B1P/2N5/PPP1PPP1/R3KBNR w KQkq -,MODEL_PREDICTION_NOT_EMPIRICAL
JOB-10,B7,1100,maia3-79m,10,h4h5,h5,0.002592621138319373,0.982785435160622,0.7609694372309519,87,9,904,r1bqkb1r/pp2pppp/2n2n2/3p4/3Q1B1P/2N5/PPP1PPP1/R3KBNR w KQkq -,MODEL_PREDICTION_NOT_EMPIRICAL
JOB-10,B7,1300,maia3-79m,1,d4d2,Qd2,0.2964044511318207,0.989551228005439,0.7011648732130887,370,20,610,r1bqkb1r/pp2pppp/2n2n2/3p4/3Q1B1P/2N5/PPP1PPP1/R3KBNR w KQkq -,MODEL_PREDICTION_NOT_EMPIRICAL
JOB-10,B7,1300,maia3-79m,2,d4a4,Qa4,0.262691468000412,0.989551228005439,0.7011648732130887,419,19,562,r1bqkb1r/pp2pppp/2n2n2/3p4/3Q1B1P/2N5/PPP1PPP1/R3KBNR w KQkq -,MODEL_PREDICTION_NOT_EMPIRICAL
JOB-10,B7,1300,maia3-79m,3,d4d1,Qd1,0.25170156359672546,0.989551228005439,0.7011648732130887,350,21,629,r1bqkb1r/pp2pppp/2n2n2/3p4/3Q1B1P/2N5/PPP1PPP1/R3KBNR w KQkq -,MODEL_PREDICTION_NOT_EMPIRICAL
JOB-10,B7,1300,maia3-79m,4,d4d3,Qd3,0.07791419327259064,0.989551228005439,0.7011648732130887,367,18,615,r1bqkb1r/pp2pppp/2n2n2/3p4/3Q1B1P/2N5/PPP1PPP1/R3KBNR w KQkq -,MODEL_PREDICTION_NOT_EMPIRICAL
JOB-10,B7,1300,maia3-79m,5,d4e3,Qe3,0.054090358316898346,0.989551228005439,0.7011648732130887,311,17,672,r1bqkb1r/pp2pppp/2n2n2/3p4/3Q1B1P/2N5/PPP1PPP1/R3KBNR w KQkq -,MODEL_PREDICTION_NOT_EMPIRICAL
JOB-10,B7,1300,maia3-79m,6,d4c5,Qc5,0.024535125121474266,0.989551228005439,0.7011648732130887,199,13,788,r1bqkb1r/pp2pppp/2n2n2/3p4/3Q1B1P/2N5/PPP1PPP1/R3KBNR w KQkq -,MODEL_PREDICTION_NOT_EMPIRICAL
JOB-10,B7,1300,maia3-79m,7,c3b5,Nb5,0.013947653584182262,0.989551228005439,0.7011648732130887,218,12,770,r1bqkb1r/pp2pppp/2n2n2/3p4/3Q1B1P/2N5/PPP1PPP1/R3KBNR w KQkq -,MODEL_PREDICTION_NOT_EMPIRICAL
JOB-10,B7,1300,maia3-79m,8,e1c1,O-O-O,0.0034556000027805567,0.989551228005439,0.7011648732130887,108,8,884,r1bqkb1r/pp2pppp/2n2n2/3p4/3Q1B1P/2N5/PPP1PPP1/R3KBNR w KQkq -,MODEL_PREDICTION_NOT_EMPIRICAL
JOB-10,B7,1300,maia3-79m,9,e2e3,e3,0.0029361883644014597,0.989551228005439,0.7011648732130887,107,8,885,r1bqkb1r/pp2pppp/2n2n2/3p4/3Q1B1P/2N5/PPP1PPP1/R3KBNR w KQkq -,MODEL_PREDICTION_NOT_EMPIRICAL
JOB-10,B7,1300,maia3-79m,10,h4h5,h5,0.0018746266141533852,0.989551228005439,0.7011648732130887,73,6,921,r1bqkb1r/pp2pppp/2n2n2/3p4/3Q1B1P/2N5/PPP1PPP1/R3KBNR w KQkq -,MODEL_PREDICTION_NOT_EMPIRICAL
JOB-10,B7,1500,maia3-79m,1,d4d2,Qd2,0.3501512110233307,0.9924480422632769,0.6522984349500278,360,20,620,r1bqkb1r/pp2pppp/2n2n2/3p4/3Q1B1P/2N5/PPP1PPP1/R3KBNR w KQkq -,MODEL_PREDICTION_NOT_EMPIRICAL
JOB-10,B7,1500,maia3-79m,2,d4d1,Qd1,0.2764551043510437,0.9924480422632769,0.6522984349500278,338,21,641,r1bqkb1r/pp2pppp/2n2n2/3p4/3Q1B1P/2N5/PPP1PPP1/R3KBNR w KQkq -,MODEL_PREDICTION_NOT_EMPIRICAL
JOB-10,B7,1500,maia3-79m,3,d4a4,Qa4,0.23547036945819855,0.9924480422632769,0.6522984349500278,417,20,563,r1bqkb1r/pp2pppp/2n2n2/3p4/3Q1B1P/2N5/PPP1PPP1/R3KBNR w KQkq -,MODEL_PREDICTION_NOT_EMPIRICAL
JOB-10,B7,1500,maia3-79m,4,d4d3,Qd3,0.05958201363682747,0.9924480422632769,0.6522984349500278,357,18,625,r1bqkb1r/pp2pppp/2n2n2/3p4/3Q1B1P/2N5/PPP1PPP1/R3KBNR w KQkq -,MODEL_PREDICTION_NOT_EMPIRICAL
JOB-10,B7,1500,maia3-79m,5,d4e3,Qe3,0.04407133162021637,0.9924480422632769,0.6522984349500278,280,16,704,r1bqkb1r/pp2pppp/2n2n2/3p4/3Q1B1P/2N5/PPP1PPP1/R3KBNR w KQkq -,MODEL_PREDICTION_NOT_EMPIRICAL
JOB-10,B7,1500,maia3-79m,6,d4c5,Qc5,0.012399183586239815,0.9924480422632769,0.6522984349500278,173,12,815,r1bqkb1r/pp2pppp/2n2n2/3p4/3Q1B1P/2N5/PPP1PPP1/R3KBNR w KQkq -,MODEL_PREDICTION_NOT_EMPIRICAL
JOB-10,B7,1500,maia3-79m,7,c3b5,Nb5,0.007046956103295088,0.9924480422632769,0.6522984349500278,191,11,798,r1bqkb1r/pp2pppp/2n2n2/3p4/3Q1B1P/2N5/PPP1PPP1/R3KBNR w KQkq -,MODEL_PREDICTION_NOT_EMPIRICAL
JOB-10,B7,1500,maia3-79m,8,e1c1,O-O-O,0.003001987701281905,0.9924480422632769,0.6522984349500278,103,7,890,r1bqkb1r/pp2pppp/2n2n2/3p4/3Q1B1P/2N5/PPP1PPP1/R3KBNR w KQkq -,MODEL_PREDICTION_NOT_EMPIRICAL
JOB-10,B7,1500,maia3-79m,9,e2e3,e3,0.0026452408637851477,0.9924480422632769,0.6522984349500278,93,7,900,r1bqkb1r/pp2pppp/2n2n2/3p4/3Q1B1P/2N5/PPP1PPP1/R3KBNR w KQkq -,MODEL_PREDICTION_NOT_EMPIRICAL
JOB-10,B7,1500,maia3-79m,10,h4h5,h5,0.001624643919058144,0.9924480422632769,0.6522984349500278,59,5,936,r1bqkb1r/pp2pppp/2n2n2/3p4/3Q1B1P/2N5/PPP1PPP1/R3KBNR w KQkq -,MODEL_PREDICTION_NOT_EMPIRICAL
JOB-10,B7,1700,maia3-79m,1,d4d2,Qd2,0.38603079319000244,0.9943982895929366,0.6084460835808849,345,21,634,r1bqkb1r/pp2pppp/2n2n2/3p4/3Q1B1P/2N5/PPP1PPP1/R3KBNR w KQkq -,MODEL_PREDICTION_NOT_EMPIRICAL
JOB-10,B7,1700,maia3-79m,2,d4d1,Qd1,0.29739704728126526,0.9943982895929366,0.6084460835808849,321,21,658,r1bqkb1r/pp2pppp/2n2n2/3p4/3Q1B1P/2N5/PPP1PPP1/R3KBNR w KQkq -,MODEL_PREDICTION_NOT_EMPIRICAL
JOB-10,B7,1700,maia3-79m,3,d4a4,Qa4,0.2176932543516159,0.9943982895929366,0.6084460835808849,421,21,558,r1bqkb1r/pp2pppp/2n2n2/3p4/3Q1B1P/2N5/PPP1PPP1/R3KBNR w KQkq -,MODEL_PREDICTION_NOT_EMPIRICAL
JOB-10,B7,1700,maia3-79m,4,d4d3,Qd3,0.043534908443689346,0.9943982895929366,0.6084460835808849,337,19,644,r1bqkb1r/pp2pppp/2n2n2/3p4/3Q1B1P/2N5/PPP1PPP1/R3KBNR w KQkq -,MODEL_PREDICTION_NOT_EMPIRICAL
JOB-10,B7,1700,maia3-79m,5,d4e3,Qe3,0.03294207528233528,0.9943982895929366,0.6084460835808849,247,15,738,r1bqkb1r/pp2pppp/2n2n2/3p4/3Q1B1P/2N5/PPP1PPP1/R3KBNR w KQkq -,MODEL_PREDICTION_NOT_EMPIRICAL
JOB-10,B7,1700,maia3-79m,6,d4c5,Qc5,0.007889512926340103,0.9943982895929366,0.6084460835808849,151,12,837,r1bqkb1r/pp2pppp/2n2n2/3p4/3Q1B1P/2N5/PPP1PPP1/R3KBNR w KQkq -,MODEL_PREDICTION_NOT_EMPIRICAL
JOB-10,B7,1700,maia3-79m,7,c3b5,Nb5,0.003191575175151229,0.9943982895929366,0.6084460835808849,186,11,803,r1bqkb1r/pp2pppp/2n2n2/3p4/3Q1B1P/2N5/PPP1PPP1/R3KBNR w KQkq -,MODEL_PREDICTION_NOT_EMPIRICAL
JOB-10,B7,1700,maia3-79m,8,e1c1,O-O-O,0.0024349046871066093,0.9943982895929366,0.6084460835808849,97,7,896,r1bqkb1r/pp2pppp/2n2n2/3p4/3Q1B1P/2N5/PPP1PPP1/R3KBNR w KQkq -,MODEL_PREDICTION_NOT_EMPIRICAL
JOB-10,B7,1700,maia3-79m,9,e2e3,e3,0.0021076765842735767,0.9943982895929366,0.6084460835808849,84,7,909,r1bqkb1r/pp2pppp/2n2n2/3p4/3Q1B1P/2N5/PPP1PPP1/R3KBNR w KQkq -,MODEL_PREDICTION_NOT_EMPIRICAL
JOB-10,B7,1700,maia3-79m,10,h4h5,h5,0.0011765416711568832,0.9943982895929366,0.6084460835808849,47,5,948,r1bqkb1r/pp2pppp/2n2n2/3p4/3Q1B1P/2N5/PPP1PPP1/R3KBNR w KQkq -,MODEL_PREDICTION_NOT_EMPIRICAL
JOB-10,B7,1900,maia3-79m,1,d4d2,Qd2,0.4098299741744995,0.9961047357064672,0.5735085263393933,331,22,647,r1bqkb1r/pp2pppp/2n2n2/3p4/3Q1B1P/2N5/PPP1PPP1/R3KBNR w KQkq -,MODEL_PREDICTION_NOT_EMPIRICAL
JOB-10,B7,1900,maia3-79m,2,d4d1,Qd1,0.28752759099006653,0.9961047357064672,0.5735085263393933,294,21,685,r1bqkb1r/pp2pppp/2n2n2/3p4/3Q1B1P/2N5/PPP1PPP1/R3KBNR w KQkq -,MODEL_PREDICTION_NOT_EMPIRICAL
JOB-10,B7,1900,maia3-79m,3,d4a4,Qa4,0.234239861369133,0.9961047357064672,0.5735085263393933,431,24,545,r1bqkb1r/pp2pppp/2n2n2/3p4/3Q1B1P/2N5/PPP1PPP1/R3KBNR w KQkq -,MODEL_PREDICTION_NOT_EMPIRICAL
JOB-10,B7,1900,maia3-79m,4,d4d3,Qd3,0.03178161755204201,0.9961047357064672,0.5735085263393933,319,20,661,r1bqkb1r/pp2pppp/2n2n2/3p4/3Q1B1P/2N5/PPP1PPP1/R3KBNR w KQkq -,MODEL_PREDICTION_NOT_EMPIRICAL
JOB-10,B7,1900,maia3-79m,5,d4e3,Qe3,0.021851833909749985,0.9961047357064672,0.5735085263393933,210,14,776,r1bqkb1r/pp2pppp/2n2n2/3p4/3Q1B1P/2N5/PPP1PPP1/R3KBNR w KQkq -,MODEL_PREDICTION_NOT_EMPIRICAL
JOB-10,B7,1900,maia3-79m,6,d4c5,Qc5,0.005823041778057814,0.9961047357064672,0.5735085263393933,136,11,853,r1bqkb1r/pp2pppp/2n2n2/3p4/3Q1B1P/2N5/PPP1PPP1/R3KBNR w KQkq -,MODEL_PREDICTION_NOT_EMPIRICAL
JOB-10,B7,1900,maia3-79m,7,e1c1,O-O-O,0.0015612519346177578,0.9961047357064672,0.5735085263393933,87,7,906,r1bqkb1r/pp2pppp/2n2n2/3p4/3Q1B1P/2N5/PPP1PPP1/R3KBNR w KQkq -,MODEL_PREDICTION_NOT_EMPIRICAL
JOB-10,B7,1900,maia3-79m,8,e2e3,e3,0.0014780987985432148,0.9961047357064672,0.5735085263393933,79,7,914,r1bqkb1r/pp2pppp/2n2n2/3p4/3Q1B1P/2N5/PPP1PPP1/R3KBNR w KQkq -,MODEL_PREDICTION_NOT_EMPIRICAL
JOB-10,B7,1900,maia3-79m,9,c3b5,Nb5,0.0013424106873571873,0.9961047357064672,0.5735085263393933,179,12,809,r1bqkb1r/pp2pppp/2n2n2/3p4/3Q1B1P/2N5/PPP1PPP1/R3KBNR w KQkq -,MODEL_PREDICTION_NOT_EMPIRICAL
JOB-10,B7,1900,maia3-79m,10,h4h5,h5,0.0006690545124001801,0.9961047357064672,0.5735085263393933,38,4,958,r1bqkb1r/pp2pppp/2n2n2/3p4/3Q1B1P/2N5/PPP1PPP1/R3KBNR w KQkq -,MODEL_PREDICTION_NOT_EMPIRICAL
JOB-10,B7,2100,maia3-79m,1,d4d2,Qd2,0.40543678402900696,0.9972496400587261,0.5437585294431397,333,26,641,r1bqkb1r/pp2pppp/2n2n2/3p4/3Q1B1P/2N5/PPP1PPP1/R3KBNR w KQkq -,MODEL_PREDICTION_NOT_EMPIRICAL
JOB-10,B7,2100,maia3-79m,2,d4a4,Qa4,0.3264979422092438,0.9972496400587261,0.5437585294431397,454,30,516,r1bqkb1r/pp2pppp/2n2n2/3p4/3Q1B1P/2N5/PPP1PPP1/R3KBNR w KQkq -,MODEL_PREDICTION_NOT_EMPIRICAL
JOB-10,B7,2100,maia3-79m,3,d4d1,Qd1,0.22211526334285736,0.9972496400587261,0.5437585294431397,269,23,708,r1bqkb1r/pp2pppp/2n2n2/3p4/3Q1B1P/2N5/PPP1PPP1/R3KBNR w KQkq -,MODEL_PREDICTION_NOT_EMPIRICAL
JOB-10,B7,2100,maia3-79m,4,d4d3,Qd3,0.025555593892931938,0.9972496400587261,0.5437585294431397,308,23,669,r1bqkb1r/pp2pppp/2n2n2/3p4/3Q1B1P/2N5/PPP1PPP1/R3KBNR w KQkq -,MODEL_PREDICTION_NOT_EMPIRICAL
JOB-10,B7,2100,maia3-79m,5,d4e3,Qe3,0.010241212323307991,0.9972496400587261,0.5437585294431397,180,15,805,r1bqkb1r/pp2pppp/2n2n2/3p4/3Q1B1P/2N5/PPP1PPP1/R3KBNR w KQkq -,MODEL_PREDICTION_NOT_EMPIRICAL
JOB-10,B7,2100,maia3-79m,6,d4c5,Qc5,0.004188867751508951,0.9972496400587261,0.5437585294431397,133,12,855,r1bqkb1r/pp2pppp/2n2n2/3p4/3Q1B1P/2N5/PPP1PPP1/R3KBNR w KQkq -,MODEL_PREDICTION_NOT_EMPIRICAL
JOB-10,B7,2100,maia3-79m,7,e2e3,e3,0.0010783282341435552,0.9972496400587261,0.5437585294431397,67,7,926,r1bqkb1r/pp2pppp/2n2n2/3p4/3Q1B1P/2N5/PPP1PPP1/R3KBNR w KQkq -,MODEL_PREDICTION_NOT_EMPIRICAL
JOB-10,B7,2100,maia3-79m,8,e1c1,O-O-O,0.0008722771890461445,0.9972496400587261,0.5437585294431397,65,7,928,r1bqkb1r/pp2pppp/2n2n2/3p4/3Q1B1P/2N5/PPP1PPP1/R3KBNR w KQkq -,MODEL_PREDICTION_NOT_EMPIRICAL
JOB-10,B7,2100,maia3-79m,9,c3b5,Nb5,0.0006696258787997067,0.9972496400587261,0.5437585294431397,163,12,825,r1bqkb1r/pp2pppp/2n2n2/3p4/3Q1B1P/2N5/PPP1PPP1/R3KBNR w KQkq -,MODEL_PREDICTION_NOT_EMPIRICAL
JOB-10,B7,2100,maia3-79m,10,d4b4,Qb4,0.0005937452078796923,0.9972496400587261,0.5437585294431397,43,5,952,r1bqkb1r/pp2pppp/2n2n2/3p4/3Q1B1P/2N5/PPP1PPP1/R3KBNR w KQkq -,MODEL_PREDICTION_NOT_EMPIRICAL
VER-08,B7,1100,maia3-79m,1,d4a4,Qa4,0.34140095114707947,0.963243892416358,0.8027608929792863,441,22,537,r1bqkb1r/pp2pppp/2n2n2/3p2B1/3Q4/2N2P2/PPP1P1PP/R3KBNR w KQkq -,MODEL_PREDICTION_NOT_EMPIRICAL
VER-08,B7,1100,maia3-79m,2,d4d2,Qd2,0.17282459139823914,0.963243892416358,0.8027608929792863,441,23,536,r1bqkb1r/pp2pppp/2n2n2/3p2B1/3Q4/2N2P2/PPP1P1PP/R3KBNR w KQkq -,MODEL_PREDICTION_NOT_EMPIRICAL
VER-08,B7,1100,maia3-79m,3,d4d1,Qd1,0.1442539095878601,0.963243892416358,0.8027608929792863,413,24,563,r1bqkb1r/pp2pppp/2n2n2/3p2B1/3Q4/2N2P2/PPP1P1PP/R3KBNR w KQkq -,MODEL_PREDICTION_NOT_EMPIRICAL
VER-08,B7,1100,maia3-79m,4,d4d3,Qd3,0.10283830761909485,0.963243892416358,0.8027608929792863,435,22,543,r1bqkb1r/pp2pppp/2n2n2/3p2B1/3Q4/2N2P2/PPP1P1PP/R3KBNR w KQkq -,MODEL_PREDICTION_NOT_EMPIRICAL
VER-08,B7,1100,maia3-79m,5,d4c5,Qc5,0.06380250304937363,0.963243892416358,0.8027608929792863,312,19,669,r1bqkb1r/pp2pppp/2n2n2/3p2B1/3Q4/2N2P2/PPP1P1PP/R3KBNR w KQkq -,MODEL_PREDICTION_NOT_EMPIRICAL
VER-08,B7,1100,maia3-79m,6,g5f6,Bxf6,0.04386558011174202,0.963243892416358,0.8027608929792863,184,16,800,r1bqkb1r/pp2pppp/2n2n2/3p2B1/3Q4/2N2P2/PPP1P1PP/R3KBNR w KQkq -,MODEL_PREDICTION_NOT_EMPIRICAL
VER-08,B7,1100,maia3-79m,7,d4f4,Qf4,0.028656963258981705,0.963243892416358,0.8027608929792863,408,20,572,r1bqkb1r/pp2pppp/2n2n2/3p2B1/3Q4/2N2P2/PPP1P1PP/R3KBNR w KQkq -,MODEL_PREDICTION_NOT_EMPIRICAL
VER-08,B7,1100,maia3-79m,8,d4h4,Qh4,0.025185370817780495,0.963243892416358,0.8027608929792863,463,22,515,r1bqkb1r/pp2pppp/2n2n2/3p2B1/3Q4/2N2P2/PPP1P1PP/R3KBNR w KQkq -,MODEL_PREDICTION_NOT_EMPIRICAL
VER-08,B7,1100,maia3-79m,9,d4e3,Qe3,0.02094505913555622,0.963243892416358,0.8027608929792863,350,19,631,r1bqkb1r/pp2pppp/2n2n2/3p2B1/3Q4/2N2P2/PPP1P1PP/R3KBNR w KQkq -,MODEL_PREDICTION_NOT_EMPIRICAL
VER-08,B7,1100,maia3-79m,10,d4f2,Qf2,0.019470656290650368,0.963243892416358,0.8027608929792863,430,21,549,r1bqkb1r/pp2pppp/2n2n2/3p2B1/3Q4/2N2P2/PPP1P1PP/R3KBNR w KQkq -,MODEL_PREDICTION_NOT_EMPIRICAL
VER-08,B7,1300,maia3-79m,1,d4a4,Qa4,0.334076851606369,0.9786803787574172,0.773477818587237,434,21,545,r1bqkb1r/pp2pppp/2n2n2/3p2B1/3Q4/2N2P2/PPP1P1PP/R3KBNR w KQkq -,MODEL_PREDICTION_NOT_EMPIRICAL
VER-08,B7,1300,maia3-79m,2,d4d2,Qd2,0.2191096544265747,0.9786803787574172,0.773477818587237,437,22,541,r1bqkb1r/pp2pppp/2n2n2/3p2B1/3Q4/2N2P2/PPP1P1PP/R3KBNR w KQkq -,MODEL_PREDICTION_NOT_EMPIRICAL
VER-08,B7,1300,maia3-79m,3,d4d1,Qd1,0.18480892479419708,0.9786803787574172,0.773477818587237,403,23,574,r1bqkb1r/pp2pppp/2n2n2/3p2B1/3Q4/2N2P2/PPP1P1PP/R3KBNR w KQkq -,MODEL_PREDICTION_NOT_EMPIRICAL
VER-08,B7,1300,maia3-79m,4,d4d3,Qd3,0.08601169288158417,0.9786803787574172,0.773477818587237,432,21,547,r1bqkb1r/pp2pppp/2n2n2/3p2B1/3Q4/2N2P2/PPP1P1PP/R3KBNR w KQkq -,MODEL_PREDICTION_NOT_EMPIRICAL
VER-08,B7,1300,maia3-79m,5,d4h4,Qh4,0.03462912514805794,0.9786803787574172,0.773477818587237,460,21,519,r1bqkb1r/pp2pppp/2n2n2/3p2B1/3Q4/2N2P2/PPP1P1PP/R3KBNR w KQkq -,MODEL_PREDICTION_NOT_EMPIRICAL
VER-08,B7,1300,maia3-79m,6,g5f6,Bxf6,0.03259856998920441,0.9786803787574172,0.773477818587237,172,13,815,r1bqkb1r/pp2pppp/2n2n2/3p2B1/3Q4/2N2P2/PPP1P1PP/R3KBNR w KQkq -,MODEL_PREDICTION_NOT_EMPIRICAL
VER-08,B7,1300,maia3-79m,7,d4c5,Qc5,0.02933637611567974,0.9786803787574172,0.773477818587237,311,18,671,r1bqkb1r/pp2pppp/2n2n2/3p2B1/3Q4/2N2P2/PPP1P1PP/R3KBNR w KQkq -,MODEL_PREDICTION_NOT_EMPIRICAL
VER-08,B7,1300,maia3-79m,8,d4f2,Qf2,0.026026107370853424,0.9786803787574172,0.773477818587237,423,20,557,r1bqkb1r/pp2pppp/2n2n2/3p2B1/3Q4/2N2P2/PPP1P1PP/R3KBNR w KQkq -,MODEL_PREDICTION_NOT_EMPIRICAL
VER-08,B7,1300,maia3-79m,9,d4f4,Qf4,0.0173490010201931,0.9786803787574172,0.773477818587237,399,19,582,r1bqkb1r/pp2pppp/2n2n2/3p2B1/3Q4/2N2P2/PPP1P1PP/R3KBNR w KQkq -,MODEL_PREDICTION_NOT_EMPIRICAL
VER-08,B7,1300,maia3-79m,10,d4e3,Qe3,0.014734075404703617,0.9786803787574172,0.773477818587237,321,17,662,r1bqkb1r/pp2pppp/2n2n2/3p2B1/3Q4/2N2P2/PPP1P1PP/R3KBNR w KQkq -,MODEL_PREDICTION_NOT_EMPIRICAL
VER-08,B7,1500,maia3-79m,1,d4a4,Qa4,0.295176237821579,0.9870210895314813,0.7531573854689506,434,22,544,r1bqkb1r/pp2pppp/2n2n2/3p2B1/3Q4/2N2P2/PPP1P1PP/R3KBNR w KQkq -,MODEL_PREDICTION_NOT_EMPIRICAL
VER-08,B7,1500,maia3-79m,2,d4d2,Qd2,0.2651509940624237,0.9870210895314813,0.7531573854689506,430,23,547,r1bqkb1r/pp2pppp/2n2n2/3p2B1/3Q4/2N2P2/PPP1P1PP/R3KBNR w KQkq -,MODEL_PREDICTION_NOT_EMPIRICAL
VER-08,B7,1500,maia3-79m,3,d4d1,Qd1,0.21510747075080872,0.9870210895314813,0.7531573854689506,390,24,586,r1bqkb1r/pp2pppp/2n2n2/3p2B1/3Q4/2N2P2/PPP1P1PP/R3KBNR w KQkq -,MODEL_PREDICTION_NOT_EMPIRICAL
VER-08,B7,1500,maia3-79m,4,d4d3,Qd3,0.06479142606258392,0.9870210895314813,0.7531573854689506,427,21,552,r1bqkb1r/pp2pppp/2n2n2/3p2B1/3Q4/2N2P2/PPP1P1PP/R3KBNR w KQkq -,MODEL_PREDICTION_NOT_EMPIRICAL
VER-08,B7,1500,maia3-79m,5,d4h4,Qh4,0.05608941987156868,0.9870210895314813,0.7531573854689506,455,22,523,r1bqkb1r/pp2pppp/2n2n2/3p2B1/3Q4/2N2P2/PPP1P1PP/R3KBNR w KQkq -,MODEL_PREDICTION_NOT_EMPIRICAL
VER-08,B7,1500,maia3-79m,6,d4f2,Qf2,0.03537123650312424,0.9870210895314813,0.7531573854689506,420,21,559,r1bqkb1r/pp2pppp/2n2n2/3p2B1/3Q4/2N2P2/PPP1P1PP/R3KBNR w KQkq -,MODEL_PREDICTION_NOT_EMPIRICAL
VER-08,B7,1500,maia3-79m,7,g5f6,Bxf6,0.020330363884568214,0.9870210895314813,0.7531573854689506,159,12,829,r1bqkb1r/pp2pppp/2n2n2/3p2B1/3Q4/2N2P2/PPP1P1PP/R3KBNR w KQkq -,MODEL_PREDICTION_NOT_EMPIRICAL
VER-08,B7,1500,maia3-79m,8,d4c5,Qc5,0.014532006345689297,0.9870210895314813,0.7531573854689506,301,18,681,r1bqkb1r/pp2pppp/2n2n2/3p2B1/3Q4/2N2P2/PPP1P1PP/R3KBNR w KQkq -,MODEL_PREDICTION_NOT_EMPIRICAL
VER-08,B7,1500,maia3-79m,9,d4f4,Qf4,0.01101541705429554,0.9870210895314813,0.7531573854689506,383,19,598,r1bqkb1r/pp2pppp/2n2n2/3p2B1/3Q4/2N2P2/PPP1P1PP/R3KBNR w KQkq -,MODEL_PREDICTION_NOT_EMPIRICAL
VER-08,B7,1500,maia3-79m,10,d4e3,Qe3,0.009456517174839973,0.9870210895314813,0.7531573854689506,286,16,698,r1bqkb1r/pp2pppp/2n2n2/3p2B1/3Q4/2N2P2/PPP1P1PP/R3KBNR w KQkq -,MODEL_PREDICTION_NOT_EMPIRICAL
VER-08,B7,1700,maia3-79m,1,d4d2,Qd2,0.30267074704170227,0.9915654733777046,0.7405994544608999,425,25,550,r1bqkb1r/pp2pppp/2n2n2/3p2B1/3Q4/2N2P2/PPP1P1PP/R3KBNR w KQkq -,MODEL_PREDICTION_NOT_EMPIRICAL
VER-08,B7,1700,maia3-79m,2,d4a4,Qa4,0.24930517375469208,0.9915654733777046,0.7405994544608999,437,24,539,r1bqkb1r/pp2pppp/2n2n2/3p2B1/3Q4/2N2P2/PPP1P1PP/R3KBNR w KQkq -,MODEL_PREDICTION_NOT_EMPIRICAL
VER-08,B7,1700,maia3-79m,3,d4d1,Qd1,0.21634367108345032,0.9915654733777046,0.7405994544608999,380,25,595,r1bqkb1r/pp2pppp/2n2n2/3p2B1/3Q4/2N2P2/PPP1P1PP/R3KBNR w KQkq -,MODEL_PREDICTION_NOT_EMPIRICAL
VER-08,B7,1700,maia3-79m,4,d4h4,Qh4,0.09929469972848892,0.9915654733777046,0.7405994544608999,451,23,526,r1bqkb1r/pp2pppp/2n2n2/3p2B1/3Q4/2N2P2/PPP1P1PP/R3KBNR w KQkq -,MODEL_PREDICTION_NOT_EMPIRICAL
VER-08,B7,1700,maia3-79m,5,d4f2,Qf2,0.04759407043457031,0.9915654733777046,0.7405994544608999,420,22,558,r1bqkb1r/pp2pppp/2n2n2/3p2B1/3Q4/2N2P2/PPP1P1PP/R3KBNR w KQkq -,MODEL_PREDICTION_NOT_EMPIRICAL
VER-08,B7,1700,maia3-79m,6,d4d3,Qd3,0.043998852372169495,0.9915654733777046,0.7405994544608999,422,23,555,r1bqkb1r/pp2pppp/2n2n2/3p2B1/3Q4/2N2P2/PPP1P1PP/R3KBNR w KQkq -,MODEL_PREDICTION_NOT_EMPIRICAL
VER-08,B7,1700,maia3-79m,7,g5f6,Bxf6,0.01209180522710085,0.9915654733777046,0.7405994544608999,148,12,840,r1bqkb1r/pp2pppp/2n2n2/3p2B1/3Q4/2N2P2/PPP1P1PP/R3KBNR w KQkq -,MODEL_PREDICTION_NOT_EMPIRICAL
VER-08,B7,1700,maia3-79m,8,d4c5,Qc5,0.007617934141308069,0.9915654733777046,0.7405994544608999,289,18,693,r1bqkb1r/pp2pppp/2n2n2/3p2B1/3Q4/2N2P2/PPP1P1PP/R3KBNR w KQkq -,MODEL_PREDICTION_NOT_EMPIRICAL
VER-08,B7,1700,maia3-79m,9,d4f4,Qf4,0.0074951667338609695,0.9915654733777046,0.7405994544608999,363,20,617,r1bqkb1r/pp2pppp/2n2n2/3p2B1/3Q4/2N2P2/PPP1P1PP/R3KBNR w KQkq -,MODEL_PREDICTION_NOT_EMPIRICAL
VER-08,B7,1700,maia3-79m,10,d4e3,Qe3,0.005153352860361338,0.9915654733777046,0.7405994544608999,245,16,739,r1bqkb1r/pp2pppp/2n2n2/3p2B1/3Q4/2N2P2/PPP1P1PP/R3KBNR w KQkq -,MODEL_PREDICTION_NOT_EMPIRICAL
VER-08,B7,1900,maia3-79m,1,d4d2,Qd2,0.31604620814323425,0.994304631720297,0.7219065161592771,421,28,551,r1bqkb1r/pp2pppp/2n2n2/3p2B1/3Q4/2N2P2/PPP1P1PP/R3KBNR w KQkq -,MODEL_PREDICTION_NOT_EMPIRICAL
VER-08,B7,1900,maia3-79m,2,d4a4,Qa4,0.22355830669403076,0.994304631720297,0.7219065161592771,440,27,533,r1bqkb1r/pp2pppp/2n2n2/3p2B1/3Q4/2N2P2/PPP1P1PP/R3KBNR w KQkq -,MODEL_PREDICTION_NOT_EMPIRICAL
VER-08,B7,1900,maia3-79m,3,d4h4,Qh4,0.1954728662967682,0.994304631720297,0.7219065161592771,445,26,529,r1bqkb1r/pp2pppp/2n2n2/3p2B1/3Q4/2N2P2/PPP1P1PP/R3KBNR w KQkq -,MODEL_PREDICTION_NOT_EMPIRICAL
VER-08,B7,1900,maia3-79m,4,d4d1,Qd1,0.16130980849266052,0.994304631720297,0.7219065161592771,364,27,609,r1bqkb1r/pp2pppp/2n2n2/3p2B1/3Q4/2N2P2/PPP1P1PP/R3KBNR w KQkq -,MODEL_PREDICTION_NOT_EMPIRICAL
VER-08,B7,1900,maia3-79m,5,d4f2,Qf2,0.05197169631719589,0.994304631720297,0.7219065161592771,412,25,563,r1bqkb1r/pp2pppp/2n2n2/3p2B1/3Q4/2N2P2/PPP1P1PP/R3KBNR w KQkq -,MODEL_PREDICTION_NOT_EMPIRICAL
VER-08,B7,1900,maia3-79m,6,d4d3,Qd3,0.027435366064310074,0.994304631720297,0.7219065161592771,418,26,556,r1bqkb1r/pp2pppp/2n2n2/3p2B1/3Q4/2N2P2/PPP1P1PP/R3KBNR w KQkq -,MODEL_PREDICTION_NOT_EMPIRICAL
VER-08,B7,1900,maia3-79m,7,g5f6,Bxf6,0.007597643882036209,0.994304631720297,0.7219065161592771,131,12,857,r1bqkb1r/pp2pppp/2n2n2/3p2B1/3Q4/2N2P2/PPP1P1PP/R3KBNR w KQkq -,MODEL_PREDICTION_NOT_EMPIRICAL
VER-08,B7,1900,maia3-79m,8,d4f4,Qf4,0.0048466953448951244,0.994304631720297,0.7219065161592771,344,22,634,r1bqkb1r/pp2pppp/2n2n2/3p2B1/3Q4/2N2P2/PPP1P1PP/R3KBNR w KQkq -,MODEL_PREDICTION_NOT_EMPIRICAL
VER-08,B7,1900,maia3-79m,9,d4c5,Qc5,0.004238868597894907,0.994304631720297,0.7219065161592771,279,19,702,r1bqkb1r/pp2pppp/2n2n2/3p2B1/3Q4/2N2P2/PPP1P1PP/R3KBNR w KQkq -,MODEL_PREDICTION_NOT_EMPIRICAL
VER-08,B7,1900,maia3-79m,10,d4e3,Qe3,0.0018271718872711062,0.994304631720297,0.7219065161592771,218,16,766,r1bqkb1r/pp2pppp/2n2n2/3p2B1/3Q4/2N2P2/PPP1P1PP/R3KBNR w KQkq -,MODEL_PREDICTION_NOT_EMPIRICAL
VER-08,B7,2100,maia3-79m,1,d4h4,Qh4,0.365693062543869,0.9967243109131232,0.6503789604930464,438,31,531,r1bqkb1r/pp2pppp/2n2n2/3p2B1/3Q4/2N2P2/PPP1P1PP/R3KBNR w KQkq -,MODEL_PREDICTION_NOT_EMPIRICAL
VER-08,B7,2100,maia3-79m,2,d4d2,Qd2,0.2695104479789734,0.9967243109131232,0.6503789604930464,419,35,546,r1bqkb1r/pp2pppp/2n2n2/3p2B1/3Q4/2N2P2/PPP1P1PP/R3KBNR w KQkq -,MODEL_PREDICTION_NOT_EMPIRICAL
VER-08,B7,2100,maia3-79m,3,d4a4,Qa4,0.22738513350486755,0.9967243109131232,0.6503789604930464,454,33,513,r1bqkb1r/pp2pppp/2n2n2/3p2B1/3Q4/2N2P2/PPP1P1PP/R3KBNR w KQkq -,MODEL_PREDICTION_NOT_EMPIRICAL
VER-08,B7,2100,maia3-79m,4,d4d1,Qd1,0.06594881415367126,0.9967243109131232,0.6503789604930464,347,32,621,r1bqkb1r/pp2pppp/2n2n2/3p2B1/3Q4/2N2P2/PPP1P1PP/R3KBNR w KQkq -,MODEL_PREDICTION_NOT_EMPIRICAL
VER-08,B7,2100,maia3-79m,5,d4f2,Qf2,0.04109368845820427,0.9967243109131232,0.6503789604930464,403,30,567,r1bqkb1r/pp2pppp/2n2n2/3p2B1/3Q4/2N2P2/PPP1P1PP/R3KBNR w KQkq -,MODEL_PREDICTION_NOT_EMPIRICAL
VER-08,B7,2100,maia3-79m,6,d4d3,Qd3,0.016383927315473557,0.9967243109131232,0.6503789604930464,407,32,561,r1bqkb1r/pp2pppp/2n2n2/3p2B1/3Q4/2N2P2/PPP1P1PP/R3KBNR w KQkq -,MODEL_PREDICTION_NOT_EMPIRICAL
VER-08,B7,2100,maia3-79m,7,g5f6,Bxf6,0.0051131946966052055,0.9967243109131232,0.6503789604930464,103,12,885,r1bqkb1r/pp2pppp/2n2n2/3p2B1/3Q4/2N2P2/PPP1P1PP/R3KBNR w KQkq -,MODEL_PREDICTION_NOT_EMPIRICAL
VER-08,B7,2100,maia3-79m,8,d4f4,Qf4,0.0026144401635974646,0.9967243109131232,0.6503789604930464,336,26,638,r1bqkb1r/pp2pppp/2n2n2/3p2B1/3Q4/2N2P2/PPP1P1PP/R3KBNR w KQkq -,MODEL_PREDICTION_NOT_EMPIRICAL
VER-08,B7,2100,maia3-79m,9,d4c5,Qc5,0.0020756633020937443,0.9967243109131232,0.6503789604930464,275,23,702,r1bqkb1r/pp2pppp/2n2n2/3p2B1/3Q4/2N2P2/PPP1P1PP/R3KBNR w KQkq -,MODEL_PREDICTION_NOT_EMPIRICAL
VER-08,B7,2100,maia3-79m,10,e1c1,O-O-O,0.0009059387957677245,0.9967243109131232,0.6503789604930464,62,7,931,r1bqkb1r/pp2pppp/2n2n2/3p2B1/3Q4/2N2P2/PPP1P1PP/R3KBNR w KQkq -,MODEL_PREDICTION_NOT_EMPIRICAL
JOB-03,B8,1100,maia3-79m,1,c3b5,Nb5,0.8050331473350525,0.996323513914831,0.32654205751021886,533,18,449,rnbqkb1r/pp2pppp/5n2/2P5/3p1B2/2N5/PPP1PPPP/R2QKBNR w KQkq -,MODEL_PREDICTION_NOT_EMPIRICAL
JOB-03,B8,1100,maia3-79m,2,c3a4,Na4,0.1021902784705162,0.996323513914831,0.32654205751021886,423,19,558,rnbqkb1r/pp2pppp/5n2/2P5/3p1B2/2N5/PPP1PPPP/R2QKBNR w KQkq -,MODEL_PREDICTION_NOT_EMPIRICAL
JOB-03,B8,1100,maia3-79m,3,c3b1,Nb1,0.04365498200058937,0.996323513914831,0.32654205751021886,422,22,556,rnbqkb1r/pp2pppp/5n2/2P5/3p1B2/2N5/PPP1PPPP/R2QKBNR w KQkq -,MODEL_PREDICTION_NOT_EMPIRICAL
JOB-03,B8,1100,maia3-79m,4,c3e4,Ne4,0.020270420238375664,0.996323513914831,0.32654205751021886,302,18,680,rnbqkb1r/pp2pppp/5n2/2P5/3p1B2/2N5/PPP1PPPP/R2QKBNR w KQkq -,MODEL_PREDICTION_NOT_EMPIRICAL
JOB-03,B8,1100,maia3-79m,5,f4b8,Bxb8,0.013313738629221916,0.996323513914831,0.32654205751021886,458,26,516,rnbqkb1r/pp2pppp/5n2/2P5/3p1B2/2N5/PPP1PPPP/R2QKBNR w KQkq -,MODEL_PREDICTION_NOT_EMPIRICAL
JOB-03,B8,1100,maia3-79m,6,e2e3,e3,0.0038899502251297235,0.996323513914831,0.32654205751021886,416,26,558,rnbqkb1r/pp2pppp/5n2/2P5/3p1B2/2N5/PPP1PPPP/R2QKBNR w KQkq -,MODEL_PREDICTION_NOT_EMPIRICAL
JOB-03,B8,1100,maia3-79m,7,d1d4,Qxd4,0.0027024263981729746,0.996323513914831,0.32654205751021886,173,15,812,rnbqkb1r/pp2pppp/5n2/2P5/3p1B2/2N5/PPP1PPPP/R2QKBNR w KQkq -,MODEL_PREDICTION_NOT_EMPIRICAL
JOB-03,B8,1100,maia3-79m,8,g1f3,Nf3,0.0019180038943886757,0.996323513914831,0.32654205751021886,407,26,567,rnbqkb1r/pp2pppp/5n2/2P5/3p1B2/2N5/PPP1PPPP/R2QKBNR w KQkq -,MODEL_PREDICTION_NOT_EMPIRICAL
JOB-03,B8,1100,maia3-79m,9,c3d5,Nd5,0.00168980669695884,0.996323513914831,0.32654205751021886,284,18,698,rnbqkb1r/pp2pppp/5n2/2P5/3p1B2/2N5/PPP1PPPP/R2QKBNR w KQkq -,MODEL_PREDICTION_NOT_EMPIRICAL
JOB-03,B8,1100,maia3-79m,10,f4e5,Be5,0.0016607600264251232,0.996323513914831,0.32654205751021886,365,27,608,rnbqkb1r/pp2pppp/5n2/2P5/3p1B2/2N5/PPP1PPPP/R2QKBNR w KQkq -,MODEL_PREDICTION_NOT_EMPIRICAL
JOB-03,B8,1300,maia3-79m,1,c3b5,Nb5,0.7821502685546875,0.9964716309914365,0.3503803215344548,472,17,511,rnbqkb1r/pp2pppp/5n2/2P5/3p1B2/2N5/PPP1PPPP/R2QKBNR w KQkq -,MODEL_PREDICTION_NOT_EMPIRICAL
JOB-03,B8,1300,maia3-79m,2,c3a4,Na4,0.09841374307870865,0.9964716309914365,0.3503803215344548,406,18,576,rnbqkb1r/pp2pppp/5n2/2P5/3p1B2/2N5/PPP1PPPP/R2QKBNR w KQkq -,MODEL_PREDICTION_NOT_EMPIRICAL
JOB-03,B8,1300,maia3-79m,3,c3b1,Nb1,0.07462258636951447,0.9964716309914365,0.3503803215344548,410,20,570,rnbqkb1r/pp2pppp/5n2/2P5/3p1B2/2N5/PPP1PPPP/R2QKBNR w KQkq -,MODEL_PREDICTION_NOT_EMPIRICAL
JOB-03,B8,1300,maia3-79m,4,c3e4,Ne4,0.01588836871087551,0.9964716309914365,0.3503803215344548,276,16,708,rnbqkb1r/pp2pppp/5n2/2P5/3p1B2/2N5/PPP1PPPP/R2QKBNR w KQkq -,MODEL_PREDICTION_NOT_EMPIRICAL
JOB-03,B8,1300,maia3-79m,5,f4b8,Bxb8,0.01399383693933487,0.9964716309914365,0.3503803215344548,463,25,512,rnbqkb1r/pp2pppp/5n2/2P5/3p1B2/2N5/PPP1PPPP/R2QKBNR w KQkq -,MODEL_PREDICTION_NOT_EMPIRICAL
JOB-03,B8,1300,maia3-79m,6,e2e3,e3,0.005043650511652231,0.9964716309914365,0.3503803215344548,398,24,578,rnbqkb1r/pp2pppp/5n2/2P5/3p1B2/2N5/PPP1PPPP/R2QKBNR w KQkq -,MODEL_PREDICTION_NOT_EMPIRICAL
JOB-03,B8,1300,maia3-79m,7,g1f3,Nf3,0.0025067373644560575,0.9964716309914365,0.3503803215344548,394,25,581,rnbqkb1r/pp2pppp/5n2/2P5/3p1B2/2N5/PPP1PPPP/R2QKBNR w KQkq -,MODEL_PREDICTION_NOT_EMPIRICAL
JOB-03,B8,1300,maia3-79m,8,f4e5,Be5,0.0016479407204315066,0.9964716309914365,0.3503803215344548,360,25,615,rnbqkb1r/pp2pppp/5n2/2P5/3p1B2/2N5/PPP1PPPP/R2QKBNR w KQkq -,MODEL_PREDICTION_NOT_EMPIRICAL
JOB-03,B8,1300,maia3-79m,9,d1d4,Qxd4,0.0013746703043580055,0.9964716309914365,0.3503803215344548,165,14,821,rnbqkb1r/pp2pppp/5n2/2P5/3p1B2/2N5/PPP1PPPP/R2QKBNR w KQkq -,MODEL_PREDICTION_NOT_EMPIRICAL
JOB-03,B8,1300,maia3-79m,10,d1d3,Qd3,0.0008298284374177456,0.9964716309914365,0.3503803215344548,354,21,625,rnbqkb1r/pp2pppp/5n2/2P5/3p1B2/2N5/PPP1PPPP/R2QKBNR w KQkq -,MODEL_PREDICTION_NOT_EMPIRICAL
JOB-03,B8,1500,maia3-79m,1,c3b5,Nb5,0.7243555188179016,0.9959749249392189,0.4060522103831861,426,16,558,rnbqkb1r/pp2pppp/5n2/2P5/3p1B2/2N5/PPP1PPPP/R2QKBNR w KQkq -,MODEL_PREDICTION_NOT_EMPIRICAL
JOB-03,B8,1500,maia3-79m,2,c3b1,Nb1,0.12761855125427246,0.9959749249392189,0.4060522103831861,405,21,574,rnbqkb1r/pp2pppp/5n2/2P5/3p1B2/2N5/PPP1PPPP/R2QKBNR w KQkq -,MODEL_PREDICTION_NOT_EMPIRICAL
JOB-03,B8,1500,maia3-79m,3,c3a4,Na4,0.09790640324354172,0.9959749249392189,0.4060522103831861,401,18,581,rnbqkb1r/pp2pppp/5n2/2P5/3p1B2/2N5/PPP1PPPP/R2QKBNR w KQkq -,MODEL_PREDICTION_NOT_EMPIRICAL
JOB-03,B8,1500,maia3-79m,4,f4b8,Bxb8,0.018131187185645103,0.9959749249392189,0.4060522103831861,455,26,519,rnbqkb1r/pp2pppp/5n2/2P5/3p1B2/2N5/PPP1PPPP/R2QKBNR w KQkq -,MODEL_PREDICTION_NOT_EMPIRICAL
JOB-03,B8,1500,maia3-79m,5,c3e4,Ne4,0.01360231451690197,0.9959749249392189,0.4060522103831861,256,15,729,rnbqkb1r/pp2pppp/5n2/2P5/3p1B2/2N5/PPP1PPPP/R2QKBNR w KQkq -,MODEL_PREDICTION_NOT_EMPIRICAL
JOB-03,B8,1500,maia3-79m,6,e2e3,e3,0.007064518053084612,0.9959749249392189,0.4060522103831861,381,24,595,rnbqkb1r/pp2pppp/5n2/2P5/3p1B2/2N5/PPP1PPPP/R2QKBNR w KQkq -,MODEL_PREDICTION_NOT_EMPIRICAL
JOB-03,B8,1500,maia3-79m,7,g1f3,Nf3,0.003316679270938039,0.9959749249392189,0.4060522103831861,384,25,591,rnbqkb1r/pp2pppp/5n2/2P5/3p1B2/2N5/PPP1PPPP/R2QKBNR w KQkq -,MODEL_PREDICTION_NOT_EMPIRICAL
JOB-03,B8,1500,maia3-79m,8,f4e5,Be5,0.0020883253309875727,0.9959749249392189,0.4060522103831861,348,25,627,rnbqkb1r/pp2pppp/5n2/2P5/3p1B2/2N5/PPP1PPPP/R2QKBNR w KQkq -,MODEL_PREDICTION_NOT_EMPIRICAL
JOB-03,B8,1500,maia3-79m,9,d1d3,Qd3,0.0009507241193205118,0.9959749249392189,0.4060522103831861,337,21,642,rnbqkb1r/pp2pppp/5n2/2P5/3p1B2/2N5/PPP1PPPP/R2QKBNR w KQkq -,MODEL_PREDICTION_NOT_EMPIRICAL
JOB-03,B8,1500,maia3-79m,10,e2e4,e4,0.0009407031466253102,0.9959749249392189,0.4060522103831861,374,22,604,rnbqkb1r/pp2pppp/5n2/2P5/3p1B2/2N5/PPP1PPPP/R2QKBNR w KQkq -,MODEL_PREDICTION_NOT_EMPIRICAL
JOB-03,B8,1700,maia3-79m,1,c3b5,Nb5,0.5776899456977844,0.9945596529869363,0.511786605765211,408,17,575,rnbqkb1r/pp2pppp/5n2/2P5/3p1B2/2N5/PPP1PPPP/R2QKBNR w KQkq -,MODEL_PREDICTION_NOT_EMPIRICAL
JOB-03,B8,1700,maia3-79m,2,c3b1,Nb1,0.23886731266975403,0.9945596529869363,0.511786605765211,407,23,570,rnbqkb1r/pp2pppp/5n2/2P5/3p1B2/2N5/PPP1PPPP/R2QKBNR w KQkq -,MODEL_PREDICTION_NOT_EMPIRICAL
JOB-03,B8,1700,maia3-79m,3,c3a4,Na4,0.11346590518951416,0.9945596529869363,0.511786605765211,401,20,579,rnbqkb1r/pp2pppp/5n2/2P5/3p1B2/2N5/PPP1PPPP/R2QKBNR w KQkq -,MODEL_PREDICTION_NOT_EMPIRICAL
JOB-03,B8,1700,maia3-79m,4,f4b8,Bxb8,0.02940431796014309,0.9945596529869363,0.511786605765211,452,28,520,rnbqkb1r/pp2pppp/5n2/2P5/3p1B2/2N5/PPP1PPPP/R2QKBNR w KQkq -,MODEL_PREDICTION_NOT_EMPIRICAL
JOB-03,B8,1700,maia3-79m,5,c3e4,Ne4,0.014836551621556282,0.9945596529869363,0.511786605765211,236,15,749,rnbqkb1r/pp2pppp/5n2/2P5/3p1B2/2N5/PPP1PPPP/R2QKBNR w KQkq -,MODEL_PREDICTION_NOT_EMPIRICAL
JOB-03,B8,1700,maia3-79m,6,e2e3,e3,0.009822385385632515,0.9945596529869363,0.511786605765211,367,25,608,rnbqkb1r/pp2pppp/5n2/2P5/3p1B2/2N5/PPP1PPPP/R2QKBNR w KQkq -,MODEL_PREDICTION_NOT_EMPIRICAL
JOB-03,B8,1700,maia3-79m,7,g1f3,Nf3,0.004671227186918259,0.9945596529869363,0.511786605765211,375,26,599,rnbqkb1r/pp2pppp/5n2/2P5/3p1B2/2N5/PPP1PPPP/R2QKBNR w KQkq -,MODEL_PREDICTION_NOT_EMPIRICAL
JOB-03,B8,1700,maia3-79m,8,f4e5,Be5,0.0029208550695329905,0.9945596529869363,0.511786605765211,332,25,643,rnbqkb1r/pp2pppp/5n2/2P5/3p1B2/2N5/PPP1PPPP/R2QKBNR w KQkq -,MODEL_PREDICTION_NOT_EMPIRICAL
JOB-03,B8,1700,maia3-79m,9,e2e4,e4,0.0017119658878073096,0.9945596529869363,0.511786605765211,365,22,613,rnbqkb1r/pp2pppp/5n2/2P5/3p1B2/2N5/PPP1PPPP/R2QKBNR w KQkq -,MODEL_PREDICTION_NOT_EMPIRICAL
JOB-03,B8,1700,maia3-79m,10,d1d3,Qd3,0.0011691863182932138,0.9945596529869363,0.511786605765211,326,22,652,rnbqkb1r/pp2pppp/5n2/2P5/3p1B2/2N5/PPP1PPPP/R2QKBNR w KQkq -,MODEL_PREDICTION_NOT_EMPIRICAL
JOB-03,B8,1900,maia3-79m,1,c3b1,Nb1,0.4224950969219208,0.992375256260857,0.5958236460346282,413,27,560,rnbqkb1r/pp2pppp/5n2/2P5/3p1B2/2N5/PPP1PPPP/R2QKBNR w KQkq -,MODEL_PREDICTION_NOT_EMPIRICAL
JOB-03,B8,1900,maia3-79m,2,c3b5,Nb5,0.3249307870864868,0.992375256260857,0.5958236460346282,419,21,560,rnbqkb1r/pp2pppp/5n2/2P5/3p1B2/2N5/PPP1PPPP/R2QKBNR w KQkq -,MODEL_PREDICTION_NOT_EMPIRICAL
JOB-03,B8,1900,maia3-79m,3,c3a4,Na4,0.15127988159656525,0.992375256260857,0.5958236460346282,400,23,577,rnbqkb1r/pp2pppp/5n2/2P5/3p1B2/2N5/PPP1PPPP/R2QKBNR w KQkq -,MODEL_PREDICTION_NOT_EMPIRICAL
JOB-03,B8,1900,maia3-79m,4,f4b8,Bxb8,0.04742949828505516,0.992375256260857,0.5958236460346282,456,32,512,rnbqkb1r/pp2pppp/5n2/2P5/3p1B2/2N5/PPP1PPPP/R2QKBNR w KQkq -,MODEL_PREDICTION_NOT_EMPIRICAL
JOB-03,B8,1900,maia3-79m,5,c3e4,Ne4,0.01729443296790123,0.992375256260857,0.5958236460346282,220,16,764,rnbqkb1r/pp2pppp/5n2/2P5/3p1B2/2N5/PPP1PPPP/R2QKBNR w KQkq -,MODEL_PREDICTION_NOT_EMPIRICAL
JOB-03,B8,1900,maia3-79m,6,e2e3,e3,0.014051240868866444,0.992375256260857,0.5958236460346282,349,26,625,rnbqkb1r/pp2pppp/5n2/2P5/3p1B2/2N5/PPP1PPPP/R2QKBNR w KQkq -,MODEL_PREDICTION_NOT_EMPIRICAL
JOB-03,B8,1900,maia3-79m,7,g1f3,Nf3,0.005953914951533079,0.992375256260857,0.5958236460346282,373,28,599,rnbqkb1r/pp2pppp/5n2/2P5/3p1B2/2N5/PPP1PPPP/R2QKBNR w KQkq -,MODEL_PREDICTION_NOT_EMPIRICAL
JOB-03,B8,1900,maia3-79m,8,f4e5,Be5,0.003691768506541848,0.992375256260857,0.5958236460346282,316,26,658,rnbqkb1r/pp2pppp/5n2/2P5/3p1B2/2N5/PPP1PPPP/R2QKBNR w KQkq -,MODEL_PREDICTION_NOT_EMPIRICAL
JOB-03,B8,1900,maia3-79m,9,e2e4,e4,0.003192260628566146,0.992375256260857,0.5958236460346282,357,23,620,rnbqkb1r/pp2pppp/5n2/2P5/3p1B2/2N5/PPP1PPPP/R2QKBNR w KQkq -,MODEL_PREDICTION_NOT_EMPIRICAL
JOB-03,B8,1900,maia3-79m,10,b2b4,b4,0.0020563744474202394,0.992375256260857,0.5958236460346282,249,21,730,rnbqkb1r/pp2pppp/5n2/2P5/3p1B2/2N5/PPP1PPPP/R2QKBNR w KQkq -,MODEL_PREDICTION_NOT_EMPIRICAL
JOB-03,B8,2100,maia3-79m,1,c3b1,Nb1,0.47350308299064636,0.9906648641917855,0.5970652998801098,414,34,552,rnbqkb1r/pp2pppp/5n2/2P5/3p1B2/2N5/PPP1PPPP/R2QKBNR w KQkq -,MODEL_PREDICTION_NOT_EMPIRICAL
JOB-03,B8,2100,maia3-79m,2,c3a4,Na4,0.24974855780601501,0.9906648641917855,0.5970652998801098,403,28,569,rnbqkb1r/pp2pppp/5n2/2P5/3p1B2/2N5/PPP1PPPP/R2QKBNR w KQkq -,MODEL_PREDICTION_NOT_EMPIRICAL
JOB-03,B8,2100,maia3-79m,3,c3b5,Nb5,0.17112582921981812,0.9906648641917855,0.5970652998801098,427,27,546,rnbqkb1r/pp2pppp/5n2/2P5/3p1B2/2N5/PPP1PPPP/R2QKBNR w KQkq -,MODEL_PREDICTION_NOT_EMPIRICAL
JOB-03,B8,2100,maia3-79m,4,f4b8,Bxb8,0.045047976076602936,0.9906648641917855,0.5970652998801098,470,40,490,rnbqkb1r/pp2pppp/5n2/2P5/3p1B2/2N5/PPP1PPPP/R2QKBNR w KQkq -,MODEL_PREDICTION_NOT_EMPIRICAL
JOB-03,B8,2100,maia3-79m,5,e2e3,e3,0.017685985192656517,0.9906648641917855,0.5970652998801098,331,29,640,rnbqkb1r/pp2pppp/5n2/2P5/3p1B2/2N5/PPP1PPPP/R2QKBNR w KQkq -,MODEL_PREDICTION_NOT_EMPIRICAL
JOB-03,B8,2100,maia3-79m,6,c3e4,Ne4,0.015524337999522686,0.9906648641917855,0.5970652998801098,198,17,785,rnbqkb1r/pp2pppp/5n2/2P5/3p1B2/2N5/PPP1PPPP/R2QKBNR w KQkq -,MODEL_PREDICTION_NOT_EMPIRICAL
JOB-03,B8,2100,maia3-79m,7,g1f3,Nf3,0.006869451142847538,0.9906648641917855,0.5970652998801098,364,30,606,rnbqkb1r/pp2pppp/5n2/2P5/3p1B2/2N5/PPP1PPPP/R2QKBNR w KQkq -,MODEL_PREDICTION_NOT_EMPIRICAL
JOB-03,B8,2100,maia3-79m,8,e2e4,e4,0.0043562776409089565,0.9906648641917855,0.5970652998801098,337,26,637,rnbqkb1r/pp2pppp/5n2/2P5/3p1B2/2N5/PPP1PPPP/R2QKBNR w KQkq -,MODEL_PREDICTION_NOT_EMPIRICAL
JOB-03,B8,2100,maia3-79m,9,d1d2,Qd2,0.003582303412258625,0.9906648641917855,0.5970652998801098,231,23,746,rnbqkb1r/pp2pppp/5n2/2P5/3p1B2/2N5/PPP1PPPP/R2QKBNR w KQkq -,MODEL_PREDICTION_NOT_EMPIRICAL
JOB-03,B8,2100,maia3-79m,10,f4e5,Be5,0.003221062710508704,0.9906648641917855,0.5970652998801098,300,28,672,rnbqkb1r/pp2pppp/5n2/2P5/3p1B2/2N5/PPP1PPPP/R2QKBNR w KQkq -,MODEL_PREDICTION_NOT_EMPIRICAL
JOB-04,B8,1100,maia3-79m,1,b5c3,Nc3,0.8024957180023193,0.999999993480742,0.4353183495697,468,21,511,rnb1kb1r/pp2pppp/5n2/qNpp4/3P1B2/8/PPP1PPPP/R2QKBNR w KQkq -,MODEL_PREDICTION_NOT_EMPIRICAL
JOB-04,B8,1100,maia3-79m,2,c2c3,c3,0.11915641278028488,0.999999993480742,0.4353183495697,365,18,617,rnb1kb1r/pp2pppp/5n2/qNpp4/3P1B2/8/PPP1PPPP/R2QKBNR w KQkq -,MODEL_PREDICTION_NOT_EMPIRICAL
JOB-04,B8,1100,maia3-79m,3,d1d2,Qd2,0.04927169904112816,0.999999993480742,0.4353183495697,335,22,643,rnb1kb1r/pp2pppp/5n2/qNpp4/3P1B2/8/PPP1PPPP/R2QKBNR w KQkq -,MODEL_PREDICTION_NOT_EMPIRICAL
JOB-04,B8,1100,maia3-79m,4,f4d2,Bd2,0.017904110252857208,0.999999993480742,0.4353183495697,293,16,691,rnb1kb1r/pp2pppp/5n2/qNpp4/3P1B2/8/PPP1PPPP/R2QKBNR w KQkq -,MODEL_PREDICTION_NOT_EMPIRICAL
JOB-04,B8,1100,maia3-79m,5,b2b4,b4,0.011172053404152393,0.999999993480742,0.4353183495697,389,19,592,rnb1kb1r/pp2pppp/5n2/qNpp4/3P1B2/8/PPP1PPPP/R2QKBNR w KQkq -,MODEL_PREDICTION_NOT_EMPIRICAL
JOB-04,B8,1300,maia3-79m,1,b5c3,Nc3,0.9040999412536621,1.0000000321306288,0.25274764988188,456,21,523,rnb1kb1r/pp2pppp/5n2/qNpp4/3P1B2/8/PPP1PPPP/R2QKBNR w KQkq -,MODEL_PREDICTION_NOT_EMPIRICAL
JOB-04,B8,1300,maia3-79m,2,c2c3,c3,0.06415722519159317,1.0000000321306288,0.25274764988188,322,16,662,rnb1kb1r/pp2pppp/5n2/qNpp4/3P1B2/8/PPP1PPPP/R2QKBNR w KQkq -,MODEL_PREDICTION_NOT_EMPIRICAL
JOB-04,B8,1300,maia3-79m,3,d1d2,Qd2,0.01912992261350155,1.0000000321306288,0.25274764988188,284,18,698,rnb1kb1r/pp2pppp/5n2/qNpp4/3P1B2/8/PPP1PPPP/R2QKBNR w KQkq -,MODEL_PREDICTION_NOT_EMPIRICAL
JOB-04,B8,1300,maia3-79m,4,f4d2,Bd2,0.007293475791811943,1.0000000321306288,0.25274764988188,271,14,715,rnb1kb1r/pp2pppp/5n2/qNpp4/3P1B2/8/PPP1PPPP/R2QKBNR w KQkq -,MODEL_PREDICTION_NOT_EMPIRICAL
JOB-04,B8,1300,maia3-79m,5,b2b4,b4,0.005319467280060053,1.0000000321306288,0.25274764988188,398,17,585,rnb1kb1r/pp2pppp/5n2/qNpp4/3P1B2/8/PPP1PPPP/R2QKBNR w KQkq -,MODEL_PREDICTION_NOT_EMPIRICAL
JOB-04,B8,1500,maia3-79m,1,b5c3,Nc3,0.9355508089065552,0.9999999133870006,0.1806044923983387,455,22,523,rnb1kb1r/pp2pppp/5n2/qNpp4/3P1B2/8/PPP1PPPP/R2QKBNR w KQkq -,MODEL_PREDICTION_NOT_EMPIRICAL
JOB-04,B8,1500,maia3-79m,2,c2c3,c3,0.04865110293030739,0.9999999133870006,0.1806044923983387,284,15,701,rnb1kb1r/pp2pppp/5n2/qNpp4/3P1B2/8/PPP1PPPP/R2QKBNR w KQkq -,MODEL_PREDICTION_NOT_EMPIRICAL
JOB-04,B8,1500,maia3-79m,3,d1d2,Qd2,0.008745384402573109,0.9999999133870006,0.1806044923983387,250,15,735,rnb1kb1r/pp2pppp/5n2/qNpp4/3P1B2/8/PPP1PPPP/R2QKBNR w KQkq -,MODEL_PREDICTION_NOT_EMPIRICAL
JOB-04,B8,1500,maia3-79m,4,f4d2,Bd2,0.003681015921756625,0.9999999133870006,0.1806044923983387,249,13,738,rnb1kb1r/pp2pppp/5n2/qNpp4/3P1B2/8/PPP1PPPP/R2QKBNR w KQkq -,MODEL_PREDICTION_NOT_EMPIRICAL
JOB-04,B8,1500,maia3-79m,5,b2b4,b4,0.003371601225808263,0.9999999133870006,0.1806044923983387,378,16,606,rnb1kb1r/pp2pppp/5n2/qNpp4/3P1B2/8/PPP1PPPP/R2QKBNR w KQkq -,MODEL_PREDICTION_NOT_EMPIRICAL
JOB-04,B8,1700,maia3-79m,1,b5c3,Nc3,0.9403157830238342,1.0000000107102096,0.16307863008426599,454,25,521,rnb1kb1r/pp2pppp/5n2/qNpp4/3P1B2/8/PPP1PPPP/R2QKBNR w KQkq -,MODEL_PREDICTION_NOT_EMPIRICAL
JOB-04,B8,1700,maia3-79m,2,c2c3,c3,0.05006212741136551,1.0000000107102096,0.16307863008426599,263,15,722,rnb1kb1r/pp2pppp/5n2/qNpp4/3P1B2/8/PPP1PPPP/R2QKBNR w KQkq -,MODEL_PREDICTION_NOT_EMPIRICAL
JOB-04,B8,1700,maia3-79m,3,d1d2,Qd2,0.004769561812281609,1.0000000107102096,0.16307863008426599,232,15,753,rnb1kb1r/pp2pppp/5n2/qNpp4/3P1B2/8/PPP1PPPP/R2QKBNR w KQkq -,MODEL_PREDICTION_NOT_EMPIRICAL
JOB-04,B8,1700,maia3-79m,4,b2b4,b4,0.0026819398626685143,1.0000000107102096,0.16307863008426599,344,17,639,rnb1kb1r/pp2pppp/5n2/qNpp4/3P1B2/8/PPP1PPPP/R2QKBNR w KQkq -,MODEL_PREDICTION_NOT_EMPIRICAL
JOB-04,B8,1700,maia3-79m,5,f4d2,Bd2,0.0021705986000597477,1.0000000107102096,0.16307863008426599,240,13,747,rnb1kb1r/pp2pppp/5n2/qNpp4/3P1B2/8/PPP1PPPP/R2QKBNR w KQkq -,MODEL_PREDICTION_NOT_EMPIRICAL
JOB-04,B8,1900,maia3-79m,1,b5c3,Nc3,0.9233087301254272,0.999999996391125,0.1880594479415784,451,29,520,rnb1kb1r/pp2pppp/5n2/qNpp4/3P1B2/8/PPP1PPPP/R2QKBNR w KQkq -,MODEL_PREDICTION_NOT_EMPIRICAL
JOB-04,B8,1900,maia3-79m,2,c2c3,c3,0.06930655241012573,0.999999996391125,0.1880594479415784,250,16,734,rnb1kb1r/pp2pppp/5n2/qNpp4/3P1B2/8/PPP1PPPP/R2QKBNR w KQkq -,MODEL_PREDICTION_NOT_EMPIRICAL
JOB-04,B8,1900,maia3-79m,3,d1d2,Qd2,0.003304444719105959,0.999999996391125,0.1880594479415784,225,16,759,rnb1kb1r/pp2pppp/5n2/qNpp4/3P1B2/8/PPP1PPPP/R2QKBNR w KQkq -,MODEL_PREDICTION_NOT_EMPIRICAL
JOB-04,B8,1900,maia3-79m,4,b2b4,b4,0.0025885263457894325,0.999999996391125,0.1880594479415784,320,20,660,rnb1kb1r/pp2pppp/5n2/qNpp4/3P1B2/8/PPP1PPPP/R2QKBNR w KQkq -,MODEL_PREDICTION_NOT_EMPIRICAL
JOB-04,B8,1900,maia3-79m,5,f4d2,Bd2,0.0014917427906766534,0.999999996391125,0.1880594479415784,240,13,747,rnb1kb1r/pp2pppp/5n2/qNpp4/3P1B2/8/PPP1PPPP/R2QKBNR w KQkq -,MODEL_PREDICTION_NOT_EMPIRICAL
JOB-04,B8,2100,maia3-79m,1,b5c3,Nc3,0.859402596950531,0.999999997089617,0.27389459872572824,438,35,527,rnb1kb1r/pp2pppp/5n2/qNpp4/3P1B2/8/PPP1PPPP/R2QKBNR w KQkq -,MODEL_PREDICTION_NOT_EMPIRICAL
JOB-04,B8,2100,maia3-79m,2,c2c3,c3,0.1336999237537384,0.999999997089617,0.27389459872572824,247,19,734,rnb1kb1r/pp2pppp/5n2/qNpp4/3P1B2/8/PPP1PPPP/R2QKBNR w KQkq -,MODEL_PREDICTION_NOT_EMPIRICAL
JOB-04,B8,2100,maia3-79m,3,d1d2,Qd2,0.0030099586583673954,0.999999997089617,0.27389459872572824,221,20,759,rnb1kb1r/pp2pppp/5n2/qNpp4/3P1B2/8/PPP1PPPP/R2QKBNR w KQkq -,MODEL_PREDICTION_NOT_EMPIRICAL
JOB-04,B8,2100,maia3-79m,4,b2b4,b4,0.0025132144801318645,0.999999997089617,0.27389459872572824,330,25,645,rnb1kb1r/pp2pppp/5n2/qNpp4/3P1B2/8/PPP1PPPP/R2QKBNR w KQkq -,MODEL_PREDICTION_NOT_EMPIRICAL
JOB-04,B8,2100,maia3-79m,5,f4d2,Bd2,0.0013743032468482852,0.999999997089617,0.27389459872572824,243,15,742,rnb1kb1r/pp2pppp/5n2/qNpp4/3P1B2/8/PPP1PPPP/R2QKBNR w KQkq -,MODEL_PREDICTION_NOT_EMPIRICAL
JOB-13,B8,1100,maia3-79m,1,e2c3,Nec3,0.5121688842773438,0.9999999813735485,0.5219514979483489,705,18,277,r3kb1r/pp2pppp/2n2n2/qNpp4/3P1B2/4P3/PPP1NPPP/R2QK2R w KQkq -,MODEL_PREDICTION_NOT_EMPIRICAL
JOB-13,B8,1100,maia3-79m,2,b5c3,Nbc3,0.4197113811969757,0.9999999813735485,0.5219514979483489,553,24,423,r3kb1r/pp2pppp/2n2n2/qNpp4/3P1B2/4P3/PPP1NPPP/R2QK2R w KQkq -,MODEL_PREDICTION_NOT_EMPIRICAL
JOB-13,B8,1100,maia3-79m,3,c2c3,c3,0.053630705922842026,0.9999999813735485,0.5219514979483489,374,21,605,r3kb1r/pp2pppp/2n2n2/qNpp4/3P1B2/4P3/PPP1NPPP/R2QK2R w KQkq -,MODEL_PREDICTION_NOT_EMPIRICAL
JOB-13,B8,1100,maia3-79m,4,d1d2,Qd2,0.01081843487918377,0.9999999813735485,0.5219514979483489,316,26,658,r3kb1r/pp2pppp/2n2n2/qNpp4/3P1B2/4P3/PPP1NPPP/R2QK2R w KQkq -,MODEL_PREDICTION_NOT_EMPIRICAL
JOB-13,B8,1100,maia3-79m,5,b2b4,b4,0.0030457754619419575,0.9999999813735485,0.5219514979483489,458,24,518,r3kb1r/pp2pppp/2n2n2/qNpp4/3P1B2/4P3/PPP1NPPP/R2QK2R w KQkq -,MODEL_PREDICTION_NOT_EMPIRICAL
JOB-13,B8,1100,maia3-79m,6,e1f1,Kf1,0.0006247996352612972,0.9999999813735485,0.5219514979483489,327,20,653,r3kb1r/pp2pppp/2n2n2/qNpp4/3P1B2/4P3/PPP1NPPP/R2QK2R w KQkq -,MODEL_PREDICTION_NOT_EMPIRICAL
JOB-13,B8,1300,maia3-79m,1,e2c3,Nec3,0.48819467425346375,1.0000000009022187,0.4677751096697951,677,19,304,r3kb1r/pp2pppp/2n2n2/qNpp4/3P1B2/4P3/PPP1NPPP/R2QK2R w KQkq -,MODEL_PREDICTION_NOT_EMPIRICAL
JOB-13,B8,1300,maia3-79m,2,b5c3,Nbc3,0.4781069755554199,1.0000000009022187,0.4677751096697951,546,24,430,r3kb1r/pp2pppp/2n2n2/qNpp4/3P1B2/4P3/PPP1NPPP/R2QK2R w KQkq -,MODEL_PREDICTION_NOT_EMPIRICAL
JOB-13,B8,1300,maia3-79m,3,c2c3,c3,0.02743682824075222,1.0000000009022187,0.4677751096697951,327,19,654,r3kb1r/pp2pppp/2n2n2/qNpp4/3P1B2/4P3/PPP1NPPP/R2QK2R w KQkq -,MODEL_PREDICTION_NOT_EMPIRICAL
JOB-13,B8,1300,maia3-79m,4,d1d2,Qd2,0.004195921588689089,1.0000000009022187,0.4677751096697951,264,22,714,r3kb1r/pp2pppp/2n2n2/qNpp4/3P1B2/4P3/PPP1NPPP/R2QK2R w KQkq -,MODEL_PREDICTION_NOT_EMPIRICAL
JOB-13,B8,1300,maia3-79m,5,b2b4,b4,0.0017498426605015993,1.0000000009022187,0.4677751096697951,430,22,548,r3kb1r/pp2pppp/2n2n2/qNpp4/3P1B2/4P3/PPP1NPPP/R2QK2R w KQkq -,MODEL_PREDICTION_NOT_EMPIRICAL
JOB-13,B8,1300,maia3-79m,6,e1f1,Kf1,0.0003157586033921689,1.0000000009022187,0.4677751096697951,284,17,699,r3kb1r/pp2pppp/2n2n2/qNpp4/3P1B2/4P3/PPP1NPPP/R2QK2R w KQkq -,MODEL_PREDICTION_NOT_EMPIRICAL
JOB-13,B8,1500,maia3-79m,1,e2c3,Nec3,0.5079376697540283,1.0000000114378054,0.44209557374343667,649,21,330,r3kb1r/pp2pppp/2n2n2/qNpp4/3P1B2/4P3/PPP1NPPP/R2QK2R w KQkq -,MODEL_PREDICTION_NOT_EMPIRICAL
JOB-13,B8,1500,maia3-79m,2,b5c3,Nbc3,0.4710063636302948,1.0000000114378054,0.44209557374343667,538,26,436,r3kb1r/pp2pppp/2n2n2/qNpp4/3P1B2/4P3/PPP1NPPP/R2QK2R w KQkq -,MODEL_PREDICTION_NOT_EMPIRICAL
JOB-13,B8,1500,maia3-79m,3,c2c3,c3,0.01770249381661415,1.0000000114378054,0.44209557374343667,287,17,696,r3kb1r/pp2pppp/2n2n2/qNpp4/3P1B2/4P3/PPP1NPPP/R2QK2R w KQkq -,MODEL_PREDICTION_NOT_EMPIRICAL
JOB-13,B8,1500,maia3-79m,4,d1d2,Qd2,0.0018374189967289567,1.0000000114378054,0.44209557374343667,226,20,754,r3kb1r/pp2pppp/2n2n2/qNpp4/3P1B2/4P3/PPP1NPPP/R2QK2R w KQkq -,MODEL_PREDICTION_NOT_EMPIRICAL
JOB-13,B8,1500,maia3-79m,5,b2b4,b4,0.0013051088899374008,1.0000000114378054,0.44209557374343667,393,21,586,r3kb1r/pp2pppp/2n2n2/qNpp4/3P1B2/4P3/PPP1NPPP/R2QK2R w KQkq -,MODEL_PREDICTION_NOT_EMPIRICAL
JOB-13,B8,1500,maia3-79m,6,e1f1,Kf1,0.00021095635020174086,1.0000000114378054,0.44209557374343667,243,15,742,r3kb1r/pp2pppp/2n2n2/qNpp4/3P1B2/4P3/PPP1NPPP/R2QK2R w KQkq -,MODEL_PREDICTION_NOT_EMPIRICAL
JOB-13,B8,1700,maia3-79m,1,e2c3,Nec3,0.5878524780273438,1.000000062296749,0.421127482851912,627,23,350,r3kb1r/pp2pppp/2n2n2/qNpp4/3P1B2/4P3/PPP1NPPP/R2QK2R w KQkq -,MODEL_PREDICTION_NOT_EMPIRICAL
JOB-13,B8,1700,maia3-79m,2,b5c3,Nbc3,0.3959465026855469,1.000000062296749,0.421127482851912,531,29,440,r3kb1r/pp2pppp/2n2n2/qNpp4/3P1B2/4P3/PPP1NPPP/R2QK2R w KQkq -,MODEL_PREDICTION_NOT_EMPIRICAL
JOB-13,B8,1700,maia3-79m,3,c2c3,c3,0.013948178850114346,1.000000062296749,0.421127482851912,260,16,724,r3kb1r/pp2pppp/2n2n2/qNpp4/3P1B2/4P3/PPP1NPPP/R2QK2R w KQkq -,MODEL_PREDICTION_NOT_EMPIRICAL
JOB-13,B8,1700,maia3-79m,4,b2b4,b4,0.0010847836965695024,1.000000062296749,0.421127482851912,360,22,618,r3kb1r/pp2pppp/2n2n2/qNpp4/3P1B2/4P3/PPP1NPPP/R2QK2R w KQkq -,MODEL_PREDICTION_NOT_EMPIRICAL
JOB-13,B8,1700,maia3-79m,5,d1d2,Qd2,0.0009740319801494479,1.000000062296749,0.421127482851912,205,18,777,r3kb1r/pp2pppp/2n2n2/qNpp4/3P1B2/4P3/PPP1NPPP/R2QK2R w KQkq -,MODEL_PREDICTION_NOT_EMPIRICAL
JOB-13,B8,1700,maia3-79m,6,e1f1,Kf1,0.00019408705702517182,1.000000062296749,0.421127482851912,214,14,772,r3kb1r/pp2pppp/2n2n2/qNpp4/3P1B2/4P3/PPP1NPPP/R2QK2R w KQkq -,MODEL_PREDICTION_NOT_EMPIRICAL
JOB-13,B8,1900,maia3-79m,1,e2c3,Nec3,0.7110282182693481,0.9999999466963345,0.37031520232511894,593,27,380,r3kb1r/pp2pppp/2n2n2/qNpp4/3P1B2/4P3/PPP1NPPP/R2QK2R w KQkq -,MODEL_PREDICTION_NOT_EMPIRICAL
JOB-13,B8,1900,maia3-79m,2,b5c3,Nbc3,0.2752291262149811,0.9999999466963345,0.37031520232511894,520,34,446,r3kb1r/pp2pppp/2n2n2/qNpp4/3P1B2/4P3/PPP1NPPP/R2QK2R w KQkq -,MODEL_PREDICTION_NOT_EMPIRICAL
JOB-13,B8,1900,maia3-79m,3,c2c3,c3,0.011959844268858433,0.9999999466963345,0.37031520232511894,235,16,749,r3kb1r/pp2pppp/2n2n2/qNpp4/3P1B2/4P3/PPP1NPPP/R2QK2R w KQkq -,MODEL_PREDICTION_NOT_EMPIRICAL
JOB-13,B8,1900,maia3-79m,4,b2b4,b4,0.0009322062251158059,0.9999999466963345,0.37031520232511894,323,24,653,r3kb1r/pp2pppp/2n2n2/qNpp4/3P1B2/4P3/PPP1NPPP/R2QK2R w KQkq -,MODEL_PREDICTION_NOT_EMPIRICAL
JOB-13,B8,1900,maia3-79m,5,d1d2,Qd2,0.0006339633837342262,0.9999999466963345,0.37031520232511894,188,19,793,r3kb1r/pp2pppp/2n2n2/qNpp4/3P1B2/4P3/PPP1NPPP/R2QK2R w KQkq -,MODEL_PREDICTION_NOT_EMPIRICAL
JOB-13,B8,1900,maia3-79m,6,e1f1,Kf1,0.00021658833429683,0.9999999466963345,0.37031520232511894,182,14,804,r3kb1r/pp2pppp/2n2n2/qNpp4/3P1B2/4P3/PPP1NPPP/R2QK2R w KQkq -,MODEL_PREDICTION_NOT_EMPIRICAL
JOB-13,B8,2100,maia3-79m,1,e2c3,Nec3,0.8254490494728088,0.9999998943821993,0.28433662991210684,561,35,404,r3kb1r/pp2pppp/2n2n2/qNpp4/3P1B2/4P3/PPP1NPPP/R2QK2R w KQkq -,MODEL_PREDICTION_NOT_EMPIRICAL
JOB-13,B8,2100,maia3-79m,2,b5c3,Nbc3,0.16349761188030243,0.9999998943821993,0.28433662991210684,511,44,445,r3kb1r/pp2pppp/2n2n2/qNpp4/3P1B2/4P3/PPP1NPPP/R2QK2R w KQkq -,MODEL_PREDICTION_NOT_EMPIRICAL
JOB-13,B8,2100,maia3-79m,3,c2c3,c3,0.009782902896404266,0.9999998943821993,0.28433662991210684,194,17,789,r3kb1r/pp2pppp/2n2n2/qNpp4/3P1B2/4P3/PPP1NPPP/R2QK2R w KQkq -,MODEL_PREDICTION_NOT_EMPIRICAL
JOB-13,B8,2100,maia3-79m,4,b2b4,b4,0.0006234515458345413,0.9999998943821993,0.28433662991210684,283,26,691,r3kb1r/pp2pppp/2n2n2/qNpp4/3P1B2/4P3/PPP1NPPP/R2QK2R w KQkq -,MODEL_PREDICTION_NOT_EMPIRICAL
JOB-13,B8,2100,maia3-79m,5,d1d2,Qd2,0.00042859866516664624,0.9999998943821993,0.28433662991210684,156,19,825,r3kb1r/pp2pppp/2n2n2/qNpp4/3P1B2/4P3/PPP1NPPP/R2QK2R w KQkq -,MODEL_PREDICTION_NOT_EMPIRICAL
JOB-13,B8,2100,maia3-79m,6,e1f1,Kf1,0.0002182799216825515,0.9999998943821993,0.28433662991210684,142,14,844,r3kb1r/pp2pppp/2n2n2/qNpp4/3P1B2/4P3/PPP1NPPP/R2QK2R w KQkq -,MODEL_PREDICTION_NOT_EMPIRICAL
TOR-06,B8,1100,maia3-79m,1,d4e5,dxe5,0.3720543682575226,0.9883810980245471,0.7518061672403932,288,24,688,rnbqkb1r/ppp2ppp/8/3pp1N1/3P4/8/PPPNPPPP/R2QKB1R w KQkq -,MODEL_PREDICTION_NOT_EMPIRICAL
TOR-06,B8,1100,maia3-79m,2,g5f3,Ngf3,0.25177001953125,0.9883810980245471,0.7518061672403932,466,26,508,rnbqkb1r/ppp2ppp/8/3pp1N1/3P4/8/PPPNPPPP/R2QKB1R w KQkq -,MODEL_PREDICTION_NOT_EMPIRICAL
TOR-06,B8,1100,maia3-79m,3,e2e3,e3,0.10911320149898529,0.9883810980245471,0.7518061672403932,288,20,692,rnbqkb1r/ppp2ppp/8/3pp1N1/3P4/8/PPPNPPPP/R2QKB1R w KQkq -,MODEL_PREDICTION_NOT_EMPIRICAL
TOR-06,B8,1100,maia3-79m,4,d2f3,Ndf3,0.10016229003667831,0.9883810980245471,0.7518061672403932,448,25,527,rnbqkb1r/ppp2ppp/8/3pp1N1/3P4/8/PPPNPPPP/R2QKB1R w KQkq -,MODEL_PREDICTION_NOT_EMPIRICAL
TOR-06,B8,1100,maia3-79m,5,e2e4,e4,0.046007800847291946,0.9883810980245471,0.7518061672403932,305,21,674,rnbqkb1r/ppp2ppp/8/3pp1N1/3P4/8/PPPNPPPP/R2QKB1R w KQkq -,MODEL_PREDICTION_NOT_EMPIRICAL
TOR-06,B8,1100,maia3-79m,6,h2h4,h4,0.04461253434419632,0.9883810980245471,0.7518061672403932,493,24,483,rnbqkb1r/ppp2ppp/8/3pp1N1/3P4/8/PPPNPPPP/R2QKB1R w KQkq -,MODEL_PREDICTION_NOT_EMPIRICAL
TOR-06,B8,1100,maia3-79m,7,c2c3,c3,0.02176627330482006,0.9883810980245471,0.7518061672403932,269,20,711,rnbqkb1r/ppp2ppp/8/3pp1N1/3P4/8/PPPNPPPP/R2QKB1R w KQkq -,MODEL_PREDICTION_NOT_EMPIRICAL
TOR-06,B8,1100,maia3-79m,8,g5f7,Nxf7,0.020104994997382164,0.9883810980245471,0.7518061672403932,478,28,494,rnbqkb1r/ppp2ppp/8/3pp1N1/3P4/8/PPPNPPPP/R2QKB1R w KQkq -,MODEL_PREDICTION_NOT_EMPIRICAL
TOR-06,B8,1100,maia3-79m,9,d2b3,Nb3,0.013581681996583939,0.9883810980245471,0.7518061672403932,285,20,695,rnbqkb1r/ppp2ppp/8/3pp1N1/3P4/8/PPPNPPPP/R2QKB1R w KQkq -,MODEL_PREDICTION_NOT_EMPIRICAL
TOR-06,B8,1100,maia3-79m,10,g5h3,Nh3,0.009207933209836483,0.9883810980245471,0.7518061672403932,421,27,552,rnbqkb1r/ppp2ppp/8/3pp1N1/3P4/8/PPPNPPPP/R2QKB1R w KQkq -,MODEL_PREDICTION_NOT_EMPIRICAL
TOR-06,B8,1300,maia3-79m,1,g5f3,Ngf3,0.36371341347694397,0.9910110142081976,0.7437177487299884,453,24,523,rnbqkb1r/ppp2ppp/8/3pp1N1/3P4/8/PPPNPPPP/R2QKB1R w KQkq -,MODEL_PREDICTION_NOT_EMPIRICAL
TOR-06,B8,1300,maia3-79m,2,d4e5,dxe5,0.2933000922203064,0.9910110142081976,0.7437177487299884,258,19,723,rnbqkb1r/ppp2ppp/8/3pp1N1/3P4/8/PPPNPPPP/R2QKB1R w KQkq -,MODEL_PREDICTION_NOT_EMPIRICAL
TOR-06,B8,1300,maia3-79m,3,d2f3,Ndf3,0.08473490178585052,0.9910110142081976,0.7437177487299884,400,22,578,rnbqkb1r/ppp2ppp/8/3pp1N1/3P4/8/PPPNPPPP/R2QKB1R w KQkq -,MODEL_PREDICTION_NOT_EMPIRICAL
TOR-06,B8,1300,maia3-79m,4,e2e3,e3,0.0834629088640213,0.9910110142081976,0.7437177487299884,235,16,749,rnbqkb1r/ppp2ppp/8/3pp1N1/3P4/8/PPPNPPPP/R2QKB1R w KQkq -,MODEL_PREDICTION_NOT_EMPIRICAL
TOR-06,B8,1300,maia3-79m,5,h2h4,h4,0.05504317209124565,0.9910110142081976,0.7437177487299884,489,22,489,rnbqkb1r/ppp2ppp/8/3pp1N1/3P4/8/PPPNPPPP/R2QKB1R w KQkq -,MODEL_PREDICTION_NOT_EMPIRICAL
TOR-06,B8,1300,maia3-79m,6,g5f7,Nxf7,0.039771001785993576,0.9910110142081976,0.7437177487299884,490,25,485,rnbqkb1r/ppp2ppp/8/3pp1N1/3P4/8/PPPNPPPP/R2QKB1R w KQkq -,MODEL_PREDICTION_NOT_EMPIRICAL
TOR-06,B8,1300,maia3-79m,7,e2e4,e4,0.02876264601945877,0.9910110142081976,0.7437177487299884,254,16,730,rnbqkb1r/ppp2ppp/8/3pp1N1/3P4/8/PPPNPPPP/R2QKB1R w KQkq -,MODEL_PREDICTION_NOT_EMPIRICAL
TOR-06,B8,1300,maia3-79m,8,g5h3,Nh3,0.017589028924703598,0.9910110142081976,0.7437177487299884,415,25,560,rnbqkb1r/ppp2ppp/8/3pp1N1/3P4/8/PPPNPPPP/R2QKB1R w KQkq -,MODEL_PREDICTION_NOT_EMPIRICAL
TOR-06,B8,1300,maia3-79m,9,c2c3,c3,0.015522086061537266,0.9910110142081976,0.7437177487299884,222,16,762,rnbqkb1r/ppp2ppp/8/3pp1N1/3P4/8/PPPNPPPP/R2QKB1R w KQkq -,MODEL_PREDICTION_NOT_EMPIRICAL
TOR-06,B8,1300,maia3-79m,10,d2b3,Nb3,0.00911176297813654,0.9910110142081976,0.7437177487299884,253,16,731,rnbqkb1r/ppp2ppp/8/3pp1N1/3P4/8/PPPNPPPP/R2QKB1R w KQkq -,MODEL_PREDICTION_NOT_EMPIRICAL
TOR-06,B8,1500,maia3-79m,1,g5f3,Ngf3,0.4689249098300934,0.9926904742605984,0.7009353908002404,446,24,530,rnbqkb1r/ppp2ppp/8/3pp1N1/3P4/8/PPPNPPPP/R2QKB1R w KQkq -,MODEL_PREDICTION_NOT_EMPIRICAL
TOR-06,B8,1500,maia3-79m,2,d4e5,dxe5,0.2169390320777893,0.9926904742605984,0.7009353908002404,219,17,764,rnbqkb1r/ppp2ppp/8/3pp1N1/3P4/8/PPPNPPPP/R2QKB1R w KQkq -,MODEL_PREDICTION_NOT_EMPIRICAL
TOR-06,B8,1500,maia3-79m,3,d2f3,Ndf3,0.06919756531715393,0.9926904742605984,0.7009353908002404,354,19,627,rnbqkb1r/ppp2ppp/8/3pp1N1/3P4/8/PPPNPPPP/R2QKB1R w KQkq -,MODEL_PREDICTION_NOT_EMPIRICAL
TOR-06,B8,1500,maia3-79m,4,h2h4,h4,0.06624145805835724,0.9926904742605984,0.7009353908002404,483,22,495,rnbqkb1r/ppp2ppp/8/3pp1N1/3P4/8/PPPNPPPP/R2QKB1R w KQkq -,MODEL_PREDICTION_NOT_EMPIRICAL
TOR-06,B8,1500,maia3-79m,5,e2e3,e3,0.05759330466389656,0.9926904742605984,0.7009353908002404,197,14,789,rnbqkb1r/ppp2ppp/8/3pp1N1/3P4/8/PPPNPPPP/R2QKB1R w KQkq -,MODEL_PREDICTION_NOT_EMPIRICAL
TOR-06,B8,1500,maia3-79m,6,g5f7,Nxf7,0.055744949728250504,0.9926904742605984,0.7009353908002404,493,25,482,rnbqkb1r/ppp2ppp/8/3pp1N1/3P4/8/PPPNPPPP/R2QKB1R w KQkq -,MODEL_PREDICTION_NOT_EMPIRICAL
TOR-06,B8,1500,maia3-79m,7,g5h3,Nh3,0.02489119954407215,0.9926904742605984,0.7009353908002404,412,25,563,rnbqkb1r/ppp2ppp/8/3pp1N1/3P4/8/PPPNPPPP/R2QKB1R w KQkq -,MODEL_PREDICTION_NOT_EMPIRICAL
TOR-06,B8,1500,maia3-79m,8,e2e4,e4,0.018103742972016335,0.9926904742605984,0.7009353908002404,213,14,773,rnbqkb1r/ppp2ppp/8/3pp1N1/3P4/8/PPPNPPPP/R2QKB1R w KQkq -,MODEL_PREDICTION_NOT_EMPIRICAL
TOR-06,B8,1500,maia3-79m,9,c2c3,c3,0.009925691410899162,0.9926904742605984,0.7009353908002404,188,14,798,rnbqkb1r/ppp2ppp/8/3pp1N1/3P4/8/PPPNPPPP/R2QKB1R w KQkq -,MODEL_PREDICTION_NOT_EMPIRICAL
TOR-06,B8,1500,maia3-79m,10,d2b3,Nb3,0.005128620658069849,0.9926904742605984,0.7009353908002404,219,14,767,rnbqkb1r/ppp2ppp/8/3pp1N1/3P4/8/PPPNPPPP/R2QKB1R w KQkq -,MODEL_PREDICTION_NOT_EMPIRICAL
TOR-06,B8,1700,maia3-79m,1,g5f3,Ngf3,0.5642613172531128,0.9946476726327091,0.6385470764849347,444,25,531,rnbqkb1r/ppp2ppp/8/3pp1N1/3P4/8/PPPNPPPP/R2QKB1R w KQkq -,MODEL_PREDICTION_NOT_EMPIRICAL
TOR-06,B8,1700,maia3-79m,2,d4e5,dxe5,0.14205774664878845,0.9946476726327091,0.6385470764849347,186,15,799,rnbqkb1r/ppp2ppp/8/3pp1N1/3P4/8/PPPNPPPP/R2QKB1R w KQkq -,MODEL_PREDICTION_NOT_EMPIRICAL
TOR-06,B8,1700,maia3-79m,3,h2h4,h4,0.07978754490613937,0.9946476726327091,0.6385470764849347,475,23,502,rnbqkb1r/ppp2ppp/8/3pp1N1/3P4/8/PPPNPPPP/R2QKB1R w KQkq -,MODEL_PREDICTION_NOT_EMPIRICAL
TOR-06,B8,1700,maia3-79m,4,g5f7,Nxf7,0.06913074851036072,0.9946476726327091,0.6385470764849347,486,24,490,rnbqkb1r/ppp2ppp/8/3pp1N1/3P4/8/PPPNPPPP/R2QKB1R w KQkq -,MODEL_PREDICTION_NOT_EMPIRICAL
TOR-06,B8,1700,maia3-79m,5,d2f3,Ndf3,0.05093562230467796,0.9946476726327091,0.6385470764849347,336,18,646,rnbqkb1r/ppp2ppp/8/3pp1N1/3P4/8/PPPNPPPP/R2QKB1R w KQkq -,MODEL_PREDICTION_NOT_EMPIRICAL
TOR-06,B8,1700,maia3-79m,6,e2e3,e3,0.037320636212825775,0.9946476726327091,0.6385470764849347,163,12,825,rnbqkb1r/ppp2ppp/8/3pp1N1/3P4/8/PPPNPPPP/R2QKB1R w KQkq -,MODEL_PREDICTION_NOT_EMPIRICAL
TOR-06,B8,1700,maia3-79m,7,g5h3,Nh3,0.028486862778663635,0.9946476726327091,0.6385470764849347,410,27,563,rnbqkb1r/ppp2ppp/8/3pp1N1/3P4/8/PPPNPPPP/R2QKB1R w KQkq -,MODEL_PREDICTION_NOT_EMPIRICAL
TOR-06,B8,1700,maia3-79m,8,e2e4,e4,0.012659209780395031,0.9946476726327091,0.6385470764849347,184,12,804,rnbqkb1r/ppp2ppp/8/3pp1N1/3P4/8/PPPNPPPP/R2QKB1R w KQkq -,MODEL_PREDICTION_NOT_EMPIRICAL
TOR-06,B8,1700,maia3-79m,9,c2c3,c3,0.006231886800378561,0.9946476726327091,0.6385470764849347,161,13,826,rnbqkb1r/ppp2ppp/8/3pp1N1/3P4/8/PPPNPPPP/R2QKB1R w KQkq -,MODEL_PREDICTION_NOT_EMPIRICAL
TOR-06,B8,1700,maia3-79m,10,f2f4,f4,0.0037760974373668432,0.9946476726327091,0.6385470764849347,364,19,617,rnbqkb1r/ppp2ppp/8/3pp1N1/3P4/8/PPPNPPPP/R2QKB1R w KQkq -,MODEL_PREDICTION_NOT_EMPIRICAL
TOR-06,B8,1900,maia3-79m,1,g5f3,Ngf3,0.6313144564628601,0.9967833203263581,0.5756044627027086,441,28,531,rnbqkb1r/ppp2ppp/8/3pp1N1/3P4/8/PPPNPPPP/R2QKB1R w KQkq -,MODEL_PREDICTION_NOT_EMPIRICAL
TOR-06,B8,1900,maia3-79m,2,h2h4,h4,0.09647529572248459,0.9967833203263581,0.5756044627027086,463,27,510,rnbqkb1r/ppp2ppp/8/3pp1N1/3P4/8/PPPNPPPP/R2QKB1R w KQkq -,MODEL_PREDICTION_NOT_EMPIRICAL
TOR-06,B8,1900,maia3-79m,3,g5f7,Nxf7,0.08445452153682709,0.9967833203263581,0.5756044627027086,459,25,516,rnbqkb1r/ppp2ppp/8/3pp1N1/3P4/8/PPPNPPPP/R2QKB1R w KQkq -,MODEL_PREDICTION_NOT_EMPIRICAL
TOR-06,B8,1900,maia3-79m,4,d4e5,dxe5,0.07973772287368774,0.9967833203263581,0.5756044627027086,155,14,831,rnbqkb1r/ppp2ppp/8/3pp1N1/3P4/8/PPPNPPPP/R2QKB1R w KQkq -,MODEL_PREDICTION_NOT_EMPIRICAL
TOR-06,B8,1900,maia3-79m,5,d2f3,Ndf3,0.03422922268509865,0.9967833203263581,0.5756044627027086,311,18,671,rnbqkb1r/ppp2ppp/8/3pp1N1/3P4/8/PPPNPPPP/R2QKB1R w KQkq -,MODEL_PREDICTION_NOT_EMPIRICAL
TOR-06,B8,1900,maia3-79m,6,g5h3,Nh3,0.027189120650291443,0.9967833203263581,0.5756044627027086,407,30,563,rnbqkb1r/ppp2ppp/8/3pp1N1/3P4/8/PPPNPPPP/R2QKB1R w KQkq -,MODEL_PREDICTION_NOT_EMPIRICAL
TOR-06,B8,1900,maia3-79m,7,e2e3,e3,0.02433733269572258,0.9967833203263581,0.5756044627027086,124,11,865,rnbqkb1r/ppp2ppp/8/3pp1N1/3P4/8/PPPNPPPP/R2QKB1R w KQkq -,MODEL_PREDICTION_NOT_EMPIRICAL
TOR-06,B8,1900,maia3-79m,8,e2e4,e4,0.00969554204493761,0.9967833203263581,0.5756044627027086,154,12,834,rnbqkb1r/ppp2ppp/8/3pp1N1/3P4/8/PPPNPPPP/R2QKB1R w KQkq -,MODEL_PREDICTION_NOT_EMPIRICAL
TOR-06,B8,1900,maia3-79m,9,f2f4,f4,0.005234264302998781,0.9967833203263581,0.5756044627027086,348,20,632,rnbqkb1r/ppp2ppp/8/3pp1N1/3P4/8/PPPNPPPP/R2QKB1R w KQkq -,MODEL_PREDICTION_NOT_EMPIRICAL
TOR-06,B8,1900,maia3-79m,10,c2c3,c3,0.00411584135144949,0.9967833203263581,0.5756044627027086,131,12,857,rnbqkb1r/ppp2ppp/8/3pp1N1/3P4/8/PPPNPPPP/R2QKB1R w KQkq -,MODEL_PREDICTION_NOT_EMPIRICAL
TOR-06,B8,2100,maia3-79m,1,g5f3,Ngf3,0.6641233563423157,0.9979910750407726,0.5189034642114141,433,35,532,rnbqkb1r/ppp2ppp/8/3pp1N1/3P4/8/PPPNPPPP/R2QKB1R w KQkq -,MODEL_PREDICTION_NOT_EMPIRICAL
TOR-06,B8,2100,maia3-79m,2,h2h4,h4,0.12537531554698944,0.9979910750407726,0.5189034642114141,448,34,518,rnbqkb1r/ppp2ppp/8/3pp1N1/3P4/8/PPPNPPPP/R2QKB1R w KQkq -,MODEL_PREDICTION_NOT_EMPIRICAL
TOR-06,B8,2100,maia3-79m,3,g5f7,Nxf7,0.09389352798461914,0.9979910750407726,0.5189034642114141,426,30,544,rnbqkb1r/ppp2ppp/8/3pp1N1/3P4/8/PPPNPPPP/R2QKB1R w KQkq -,MODEL_PREDICTION_NOT_EMPIRICAL
TOR-06,B8,2100,maia3-79m,4,d4e5,dxe5,0.04018847271800041,0.9979910750407726,0.5189034642114141,135,15,850,rnbqkb1r/ppp2ppp/8/3pp1N1/3P4/8/PPPNPPPP/R2QKB1R w KQkq -,MODEL_PREDICTION_NOT_EMPIRICAL
TOR-06,B8,2100,maia3-79m,5,d2f3,Ndf3,0.02293182909488678,0.9979910750407726,0.5189034642114141,278,20,702,rnbqkb1r/ppp2ppp/8/3pp1N1/3P4/8/PPPNPPPP/R2QKB1R w KQkq -,MODEL_PREDICTION_NOT_EMPIRICAL
TOR-06,B8,2100,maia3-79m,6,g5h3,Nh3,0.02066788636147976,0.9979910750407726,0.5189034642114141,396,35,569,rnbqkb1r/ppp2ppp/8/3pp1N1/3P4/8/PPPNPPPP/R2QKB1R w KQkq -,MODEL_PREDICTION_NOT_EMPIRICAL
TOR-06,B8,2100,maia3-79m,7,e2e3,e3,0.014580446295440197,0.9979910750407726,0.5189034642114141,90,10,900,rnbqkb1r/ppp2ppp/8/3pp1N1/3P4/8/PPPNPPPP/R2QKB1R w KQkq -,MODEL_PREDICTION_NOT_EMPIRICAL
TOR-06,B8,2100,maia3-79m,8,e2e4,e4,0.007378687150776386,0.9979910750407726,0.5189034642114141,133,13,854,rnbqkb1r/ppp2ppp/8/3pp1N1/3P4/8/PPPNPPPP/R2QKB1R w KQkq -,MODEL_PREDICTION_NOT_EMPIRICAL
TOR-06,B8,2100,maia3-79m,9,f2f4,f4,0.0066900853998959064,0.9979910750407726,0.5189034642114141,321,23,656,rnbqkb1r/ppp2ppp/8/3pp1N1/3P4/8/PPPNPPPP/R2QKB1R w KQkq -,MODEL_PREDICTION_NOT_EMPIRICAL
TOR-06,B8,2100,maia3-79m,10,c2c3,c3,0.002161468146368861,0.9979910750407726,0.5189034642114141,105,11,884,rnbqkb1r/ppp2ppp/8/3pp1N1/3P4/8/PPPNPPPP/R2QKB1R w KQkq -,MODEL_PREDICTION_NOT_EMPIRICAL
VER-03,B8,1100,maia3-79m,1,c3b5,Nb5,0.3972620666027069,0.9971987421740778,0.5923679720096293,427,20,553,rnbqkb1r/pp2pppp/5n2/2P3B1/3p4/2N5/PPP1PPPP/R2QKBNR w KQkq -,MODEL_PREDICTION_NOT_EMPIRICAL
VER-03,B8,1100,maia3-79m,2,g5f6,Bxf6,0.34202200174331665,0.9971987421740778,0.5923679720096293,469,28,503,rnbqkb1r/pp2pppp/5n2/2P3B1/3p4/2N5/PPP1PPPP/R2QKBNR w KQkq -,MODEL_PREDICTION_NOT_EMPIRICAL
VER-03,B8,1100,maia3-79m,3,c3a4,Na4,0.14879834651947021,0.9971987421740778,0.5923679720096293,427,21,552,rnbqkb1r/pp2pppp/5n2/2P3B1/3p4/2N5/PPP1PPPP/R2QKBNR w KQkq -,MODEL_PREDICTION_NOT_EMPIRICAL
VER-03,B8,1100,maia3-79m,4,c3b1,Nb1,0.06875692307949066,0.9971987421740778,0.5923679720096293,415,23,562,rnbqkb1r/pp2pppp/5n2/2P3B1/3p4/2N5/PPP1PPPP/R2QKBNR w KQkq -,MODEL_PREDICTION_NOT_EMPIRICAL
VER-03,B8,1100,maia3-79m,5,c3e4,Ne4,0.03201417624950409,0.9971987421740778,0.5923679720096293,285,18,697,rnbqkb1r/pp2pppp/5n2/2P3B1/3p4/2N5/PPP1PPPP/R2QKBNR w KQkq -,MODEL_PREDICTION_NOT_EMPIRICAL
VER-03,B8,1100,maia3-79m,6,d1d4,Qxd4,0.002787881065160036,0.9971987421740778,0.5923679720096293,137,15,848,rnbqkb1r/pp2pppp/5n2/2P3B1/3p4/2N5/PPP1PPPP/R2QKBNR w KQkq -,MODEL_PREDICTION_NOT_EMPIRICAL
VER-03,B8,1100,maia3-79m,7,c3d5,Nd5,0.00217794394120574,0.9971987421740778,0.5923679720096293,257,19,724,rnbqkb1r/pp2pppp/5n2/2P3B1/3p4/2N5/PPP1PPPP/R2QKBNR w KQkq -,MODEL_PREDICTION_NOT_EMPIRICAL
VER-03,B8,1100,maia3-79m,8,e2e3,e3,0.0014458344085142016,0.9971987421740778,0.5923679720096293,385,29,586,rnbqkb1r/pp2pppp/5n2/2P3B1/3p4/2N5/PPP1PPPP/R2QKBNR w KQkq -,MODEL_PREDICTION_NOT_EMPIRICAL
VER-03,B8,1100,maia3-79m,9,g1f3,Nf3,0.0012278363574296236,0.9971987421740778,0.5923679720096293,387,27,586,rnbqkb1r/pp2pppp/5n2/2P3B1/3p4/2N5/PPP1PPPP/R2QKBNR w KQkq -,MODEL_PREDICTION_NOT_EMPIRICAL
VER-03,B8,1100,maia3-79m,10,d1d3,Qd3,0.0007057322072796524,0.9971987421740778,0.5923679720096293,369,24,607,rnbqkb1r/pp2pppp/5n2/2P3B1/3p4/2N5/PPP1PPPP/R2QKBNR w KQkq -,MODEL_PREDICTION_NOT_EMPIRICAL
VER-03,B8,1300,maia3-79m,1,g5f6,Bxf6,0.4327763617038727,0.9979314593947493,0.5665843975493382,483,28,489,rnbqkb1r/pp2pppp/5n2/2P3B1/3p4/2N5/PPP1PPPP/R2QKBNR w KQkq -,MODEL_PREDICTION_NOT_EMPIRICAL
VER-03,B8,1300,maia3-79m,2,c3b5,Nb5,0.337322473526001,0.9979314593947493,0.5665843975493382,386,18,596,rnbqkb1r/pp2pppp/5n2/2P3B1/3p4/2N5/PPP1PPPP/R2QKBNR w KQkq -,MODEL_PREDICTION_NOT_EMPIRICAL
VER-03,B8,1300,maia3-79m,3,c3a4,Na4,0.11441761255264282,0.9979314593947493,0.5665843975493382,411,19,570,rnbqkb1r/pp2pppp/5n2/2P3B1/3p4/2N5/PPP1PPPP/R2QKBNR w KQkq -,MODEL_PREDICTION_NOT_EMPIRICAL
VER-03,B8,1300,maia3-79m,4,c3b1,Nb1,0.0888027772307396,0.9979314593947493,0.5665843975493382,407,21,572,rnbqkb1r/pp2pppp/5n2/2P3B1/3p4/2N5/PPP1PPPP/R2QKBNR w KQkq -,MODEL_PREDICTION_NOT_EMPIRICAL
VER-03,B8,1300,maia3-79m,5,c3e4,Ne4,0.019234787672758102,0.9979314593947493,0.5665843975493382,252,15,733,rnbqkb1r/pp2pppp/5n2/2P3B1/3p4/2N5/PPP1PPPP/R2QKBNR w KQkq -,MODEL_PREDICTION_NOT_EMPIRICAL
VER-03,B8,1300,maia3-79m,6,e2e3,e3,0.001495483797043562,0.9979314593947493,0.5665843975493382,381,26,593,rnbqkb1r/pp2pppp/5n2/2P3B1/3p4/2N5/PPP1PPPP/R2QKBNR w KQkq -,MODEL_PREDICTION_NOT_EMPIRICAL
VER-03,B8,1300,maia3-79m,7,d1d4,Qxd4,0.0012386508751660585,0.9979314593947493,0.5665843975493382,136,14,850,rnbqkb1r/pp2pppp/5n2/2P3B1/3p4/2N5/PPP1PPPP/R2QKBNR w KQkq -,MODEL_PREDICTION_NOT_EMPIRICAL
VER-03,B8,1300,maia3-79m,8,g1f3,Nf3,0.0012298687361180782,0.9979314593947493,0.5665843975493382,378,25,597,rnbqkb1r/pp2pppp/5n2/2P3B1/3p4/2N5/PPP1PPPP/R2QKBNR w KQkq -,MODEL_PREDICTION_NOT_EMPIRICAL
VER-03,B8,1300,maia3-79m,9,c3d5,Nd5,0.0007905350648798048,0.9979314593947493,0.5665843975493382,241,16,743,rnbqkb1r/pp2pppp/5n2/2P3B1/3p4/2N5/PPP1PPPP/R2QKBNR w KQkq -,MODEL_PREDICTION_NOT_EMPIRICAL
VER-03,B8,1300,maia3-79m,10,d1d3,Qd3,0.000622908235527575,0.9979314593947493,0.5665843975493382,350,22,628,rnbqkb1r/pp2pppp/5n2/2P3B1/3p4/2N5/PPP1PPPP/R2QKBNR w KQkq -,MODEL_PREDICTION_NOT_EMPIRICAL
VER-03,B8,1500,maia3-79m,1,g5f6,Bxf6,0.5315410494804382,0.9981433252687566,0.5186270997685851,492,29,479,rnbqkb1r/pp2pppp/5n2/2P3B1/3p4/2N5/PPP1PPPP/R2QKBNR w KQkq -,MODEL_PREDICTION_NOT_EMPIRICAL
VER-03,B8,1500,maia3-79m,2,c3b5,Nb5,0.2835599184036255,0.9981433252687566,0.5186270997685851,358,17,625,rnbqkb1r/pp2pppp/5n2/2P3B1/3p4/2N5/PPP1PPPP/R2QKBNR w KQkq -,MODEL_PREDICTION_NOT_EMPIRICAL
VER-03,B8,1500,maia3-79m,3,c3b1,Nb1,0.09299802035093307,0.9981433252687566,0.5186270997685851,405,22,573,rnbqkb1r/pp2pppp/5n2/2P3B1/3p4/2N5/PPP1PPPP/R2QKBNR w KQkq -,MODEL_PREDICTION_NOT_EMPIRICAL
VER-03,B8,1500,maia3-79m,4,c3a4,Na4,0.07221519201993942,0.9981433252687566,0.5186270997685851,406,18,576,rnbqkb1r/pp2pppp/5n2/2P3B1/3p4/2N5/PPP1PPPP/R2QKBNR w KQkq -,MODEL_PREDICTION_NOT_EMPIRICAL
VER-03,B8,1500,maia3-79m,5,c3e4,Ne4,0.012639826163649559,0.9981433252687566,0.5186270997685851,227,13,760,rnbqkb1r/pp2pppp/5n2/2P3B1/3p4/2N5/PPP1PPPP/R2QKBNR w KQkq -,MODEL_PREDICTION_NOT_EMPIRICAL
VER-03,B8,1500,maia3-79m,6,e2e3,e3,0.0019423826597630978,0.9981433252687566,0.5186270997685851,367,25,608,rnbqkb1r/pp2pppp/5n2/2P3B1/3p4/2N5/PPP1PPPP/R2QKBNR w KQkq -,MODEL_PREDICTION_NOT_EMPIRICAL
VER-03,B8,1500,maia3-79m,7,g1f3,Nf3,0.001409936579875648,0.9981433252687566,0.5186270997685851,369,25,606,rnbqkb1r/pp2pppp/5n2/2P3B1/3p4/2N5/PPP1PPPP/R2QKBNR w KQkq -,MODEL_PREDICTION_NOT_EMPIRICAL
VER-03,B8,1500,maia3-79m,8,d1d4,Qxd4,0.000704561301972717,0.9981433252687566,0.5186270997685851,132,13,855,rnbqkb1r/pp2pppp/5n2/2P3B1/3p4/2N5/PPP1PPPP/R2QKBNR w KQkq -,MODEL_PREDICTION_NOT_EMPIRICAL
VER-03,B8,1500,maia3-79m,9,d1d3,Qd3,0.0006129600806161761,0.9981433252687566,0.5186270997685851,337,22,641,rnbqkb1r/pp2pppp/5n2/2P3B1/3p4/2N5/PPP1PPPP/R2QKBNR w KQkq -,MODEL_PREDICTION_NOT_EMPIRICAL
VER-03,B8,1500,maia3-79m,10,e2e4,e4,0.000519478227943182,0.9981433252687566,0.5186270997685851,354,23,623,rnbqkb1r/pp2pppp/5n2/2P3B1/3p4/2N5/PPP1PPPP/R2QKBNR w KQkq -,MODEL_PREDICTION_NOT_EMPIRICAL
VER-03,B8,1700,maia3-79m,1,g5f6,Bxf6,0.6742797493934631,0.9981692635919899,0.4343629801967247,503,32,465,rnbqkb1r/pp2pppp/5n2/2P3B1/3p4/2N5/PPP1PPPP/R2QKBNR w KQkq -,MODEL_PREDICTION_NOT_EMPIRICAL
VER-03,B8,1700,maia3-79m,2,c3b5,Nb5,0.1845731884241104,0.9981692635919899,0.4343629801967247,351,18,631,rnbqkb1r/pp2pppp/5n2/2P3B1/3p4/2N5/PPP1PPPP/R2QKBNR w KQkq -,MODEL_PREDICTION_NOT_EMPIRICAL
VER-03,B8,1700,maia3-79m,3,c3b1,Nb1,0.08163777738809586,0.9981692635919899,0.4343629801967247,409,23,568,rnbqkb1r/pp2pppp/5n2/2P3B1/3p4/2N5/PPP1PPPP/R2QKBNR w KQkq -,MODEL_PREDICTION_NOT_EMPIRICAL
VER-03,B8,1700,maia3-79m,4,c3a4,Na4,0.04117654263973236,0.9981692635919899,0.4343629801967247,408,20,572,rnbqkb1r/pp2pppp/5n2/2P3B1/3p4/2N5/PPP1PPPP/R2QKBNR w KQkq -,MODEL_PREDICTION_NOT_EMPIRICAL
VER-03,B8,1700,maia3-79m,5,c3e4,Ne4,0.010718866251409054,0.9981692635919899,0.4343629801967247,212,13,775,rnbqkb1r/pp2pppp/5n2/2P3B1/3p4/2N5/PPP1PPPP/R2QKBNR w KQkq -,MODEL_PREDICTION_NOT_EMPIRICAL
VER-03,B8,1700,maia3-79m,6,e2e3,e3,0.002430418273434043,0.9981692635919899,0.4343629801967247,351,26,623,rnbqkb1r/pp2pppp/5n2/2P3B1/3p4/2N5/PPP1PPPP/R2QKBNR w KQkq -,MODEL_PREDICTION_NOT_EMPIRICAL
VER-03,B8,1700,maia3-79m,7,g1f3,Nf3,0.0015316341305151582,0.9981692635919899,0.4343629801967247,361,26,613,rnbqkb1r/pp2pppp/5n2/2P3B1/3p4/2N5/PPP1PPPP/R2QKBNR w KQkq -,MODEL_PREDICTION_NOT_EMPIRICAL
VER-03,B8,1700,maia3-79m,8,e2e4,e4,0.0006946225184947252,0.9981692635919899,0.4343629801967247,338,23,639,rnbqkb1r/pp2pppp/5n2/2P3B1/3p4/2N5/PPP1PPPP/R2QKBNR w KQkq -,MODEL_PREDICTION_NOT_EMPIRICAL
VER-03,B8,1700,maia3-79m,9,d1d3,Qd3,0.0005949501064606011,0.9981692635919899,0.4343629801967247,329,22,649,rnbqkb1r/pp2pppp/5n2/2P3B1/3p4/2N5/PPP1PPPP/R2QKBNR w KQkq -,MODEL_PREDICTION_NOT_EMPIRICAL
VER-03,B8,1700,maia3-79m,10,b2b4,b4,0.0005315144662745297,0.9981692635919899,0.4343629801967247,251,21,728,rnbqkb1r/pp2pppp/5n2/2P3B1/3p4/2N5/PPP1PPPP/R2QKBNR w KQkq -,MODEL_PREDICTION_NOT_EMPIRICAL
VER-03,B8,1900,maia3-79m,1,g5f6,Bxf6,0.830649197101593,0.9985120911733247,0.2950006862265889,514,38,448,rnbqkb1r/pp2pppp/5n2/2P3B1/3p4/2N5/PPP1PPPP/R2QKBNR w KQkq -,MODEL_PREDICTION_NOT_EMPIRICAL
VER-03,B8,1900,maia3-79m,2,c3b5,Nb5,0.0715823695063591,0.9985120911733247,0.2950006862265889,354,20,626,rnbqkb1r/pp2pppp/5n2/2P3B1/3p4/2N5/PPP1PPPP/R2QKBNR w KQkq -,MODEL_PREDICTION_NOT_EMPIRICAL
VER-03,B8,1900,maia3-79m,3,c3b1,Nb1,0.05589725077152252,0.9985120911733247,0.2950006862265889,414,27,559,rnbqkb1r/pp2pppp/5n2/2P3B1/3p4/2N5/PPP1PPPP/R2QKBNR w KQkq -,MODEL_PREDICTION_NOT_EMPIRICAL
VER-03,B8,1900,maia3-79m,4,c3a4,Na4,0.0244176983833313,0.9985120911733247,0.2950006862265889,418,23,559,rnbqkb1r/pp2pppp/5n2/2P3B1/3p4/2N5/PPP1PPPP/R2QKBNR w KQkq -,MODEL_PREDICTION_NOT_EMPIRICAL
VER-03,B8,1900,maia3-79m,5,c3e4,Ne4,0.010356985963881016,0.9985120911733247,0.2950006862265889,198,14,788,rnbqkb1r/pp2pppp/5n2/2P3B1/3p4/2N5/PPP1PPPP/R2QKBNR w KQkq -,MODEL_PREDICTION_NOT_EMPIRICAL
VER-03,B8,1900,maia3-79m,6,e2e3,e3,0.0023882323876023293,0.9985120911733247,0.2950006862265889,338,28,634,rnbqkb1r/pp2pppp/5n2/2P3B1/3p4/2N5/PPP1PPPP/R2QKBNR w KQkq -,MODEL_PREDICTION_NOT_EMPIRICAL
VER-03,B8,1900,maia3-79m,7,g1f3,Nf3,0.0011294225696474314,0.9985120911733247,0.2950006862265889,354,29,617,rnbqkb1r/pp2pppp/5n2/2P3B1/3p4/2N5/PPP1PPPP/R2QKBNR w KQkq -,MODEL_PREDICTION_NOT_EMPIRICAL
VER-03,B8,1900,maia3-79m,8,e2e4,e4,0.0010026321979239583,0.9985120911733247,0.2950006862265889,320,24,656,rnbqkb1r/pp2pppp/5n2/2P3B1/3p4/2N5/PPP1PPPP/R2QKBNR w KQkq -,MODEL_PREDICTION_NOT_EMPIRICAL
VER-03,B8,1900,maia3-79m,9,b2b4,b4,0.0005995315732434392,0.9985120911733247,0.2950006862265889,240,22,738,rnbqkb1r/pp2pppp/5n2/2P3B1/3p4/2N5/PPP1PPPP/R2QKBNR w KQkq -,MODEL_PREDICTION_NOT_EMPIRICAL
VER-03,B8,1900,maia3-79m,10,d1d3,Qd3,0.0004887707182206213,0.9985120911733247,0.2950006862265889,311,24,665,rnbqkb1r/pp2pppp/5n2/2P3B1/3p4/2N5/PPP1PPPP/R2QKBNR w KQkq -,MODEL_PREDICTION_NOT_EMPIRICAL
VER-03,B8,2100,maia3-79m,1,g5f6,Bxf6,0.9083144068717957,0.9986741247121245,0.1916101386623345,515,47,438,rnbqkb1r/pp2pppp/5n2/2P3B1/3p4/2N5/PPP1PPPP/R2QKBNR w KQkq -,MODEL_PREDICTION_NOT_EMPIRICAL
VER-03,B8,2100,maia3-79m,2,c3b1,Nb1,0.02952459827065468,0.9986741247121245,0.1916101386623345,419,34,547,rnbqkb1r/pp2pppp/5n2/2P3B1/3p4/2N5/PPP1PPPP/R2QKBNR w KQkq -,MODEL_PREDICTION_NOT_EMPIRICAL
VER-03,B8,2100,maia3-79m,3,c3a4,Na4,0.02700388804078102,0.9986741247121245,0.1916101386623345,431,30,539,rnbqkb1r/pp2pppp/5n2/2P3B1/3p4/2N5/PPP1PPPP/R2QKBNR w KQkq -,MODEL_PREDICTION_NOT_EMPIRICAL
VER-03,B8,2100,maia3-79m,4,c3b5,Nb5,0.021151896566152573,0.9986741247121245,0.1916101386623345,354,25,621,rnbqkb1r/pp2pppp/5n2/2P3B1/3p4/2N5/PPP1PPPP/R2QKBNR w KQkq -,MODEL_PREDICTION_NOT_EMPIRICAL
VER-03,B8,2100,maia3-79m,5,c3e4,Ne4,0.007714787032455206,0.9986741247121245,0.1916101386623345,170,15,815,rnbqkb1r/pp2pppp/5n2/2P3B1/3p4/2N5/PPP1PPPP/R2QKBNR w KQkq -,MODEL_PREDICTION_NOT_EMPIRICAL
VER-03,B8,2100,maia3-79m,6,e2e3,e3,0.002150865737348795,0.9986741247121245,0.1916101386623345,324,31,645,rnbqkb1r/pp2pppp/5n2/2P3B1/3p4/2N5/PPP1PPPP/R2QKBNR w KQkq -,MODEL_PREDICTION_NOT_EMPIRICAL
VER-03,B8,2100,maia3-79m,7,e2e4,e4,0.001390771009027958,0.9986741247121245,0.1916101386623345,295,26,679,rnbqkb1r/pp2pppp/5n2/2P3B1/3p4/2N5/PPP1PPPP/R2QKBNR w KQkq -,MODEL_PREDICTION_NOT_EMPIRICAL
VER-03,B8,2100,maia3-79m,8,g1f3,Nf3,0.0005913775530643761,0.9986741247121245,0.1916101386623345,341,33,626,rnbqkb1r/pp2pppp/5n2/2P3B1/3p4/2N5/PPP1PPPP/R2QKBNR w KQkq -,MODEL_PREDICTION_NOT_EMPIRICAL
VER-03,B8,2100,maia3-79m,9,b2b4,b4,0.0004474611778277904,0.9986741247121245,0.1916101386623345,237,25,738,rnbqkb1r/pp2pppp/5n2/2P3B1/3p4/2N5/PPP1PPPP/R2QKBNR w KQkq -,MODEL_PREDICTION_NOT_EMPIRICAL
VER-03,B8,2100,maia3-79m,10,d1d3,Qd3,0.00038407245301641524,0.9986741247121245,0.1916101386623345,284,26,690,rnbqkb1r/pp2pppp/5n2/2P3B1/3p4/2N5/PPP1PPPP/R2QKBNR w KQkq -,MODEL_PREDICTION_NOT_EMPIRICAL
